host_time_s,seq,device_time_s,roll,pitch,yaw,gyro_x,gyro_y,gyro_z,accel_x,accel_y,accel_z,belt_length,belt_velocity,belt_acceleration,motor_belt_length,motor_pos,motor_vel,motor_iq_meas,motor_iq_set,acc_mag,gyro_mag,acc_residual,threshold,heel_strike,hs_count,torque_cmd_nm
3.0772789160000684,3,4691.86,-12.6,3.7,-108.6,0.54,0.13,0.18,0.05,-0.21,0.97,-81.5,-0.2,-2.0,-2.3,-2.3,0.01,0.14,0.0,0.9937303457175894,0.5838664230798,0.0,0.28,0,0,0.0
3.0886915750006665,4,4691.87,-12.6,3.7,-108.6,0.65,0.07,0.21,0.05,-0.22,0.97,-81.5,-0.1,5.0,-2.3,-2.3,-0.02,-0.01,0.0,0.9958915603618699,0.6866585760041157,0.002117990351394816,0.28,0,0,0.0
3.0988710999999967,5,4691.88,-12.5,3.7,-108.6,0.72,0.01,0.27,0.04,-0.22,0.98,-81.5,0.1,-2.0,-2.3,-2.3,0.0,-0.03,0.0,1.005186549850325,0.7690253571892152,0.011184720243052948,0.28,0,0,0.0
3.107452234000448,6,4691.89,-12.4,3.7,-108.6,0.78,-0.01,0.32,0.03,-0.21,0.97,-81.5,0.0,2.0,-2.3,-2.3,-0.01,-0.01,0.0,0.9929249719893241,0.8431488599292536,0.0010553204655889825,0.28,0,0,0.0
3.1182752290005737,7,4691.9,-12.3,3.6,-108.7,0.79,-0.01,0.35,0.04,-0.19,0.98,-81.5,0.1,-3.0,-2.3,-2.3,0.01,-0.03,0.0,0.9990495483208027,0.8641180474911978,0.0049678707485718565,0.28,0,0,0.0
3.1275545010003043,8,4691.91,-12.3,3.6,-108.7,0.79,-0.01,0.35,0.04,-0.19,0.98,-81.5,0.3,1.0,-2.3,-2.3,-0.02,0.2,0.0,0.9990495483208027,0.8641180474911978,0.004868513333600388,0.28,0,0,0.0
3.1387994810002056,9,4691.92,-12.2,3.6,-108.7,0.75,0.0,0.36,0.04,-0.18,0.99,-81.5,0.3,0.0,-2.3,-2.3,0.0,-0.08,0.0,1.0070253224224304,0.8319254774317228,0.012587401686523503,0.28,0,0,0.0
3.147686100000101,10,4691.93,-12.0,3.6,-108.8,0.58,-0.01,0.4,0.03,-0.18,0.98,-81.5,0.0,-4.0,-2.3,-2.3,0.0,-0.09,0.0,0.9968450230602548,0.7046275611981127,0.0023589602778609775,0.28,0,0,0.0
3.158828843000265,11,4691.94,-12.0,3.6,-108.8,0.58,-0.01,0.4,0.03,-0.18,0.98,-81.5,0.4,2.0,-2.3,-2.3,-0.01,0.0,0.0,0.9968450230602548,0.7046275611981127,0.002311781072303787,0.28,0,0,0.0
3.167475188000026,12,4691.95,-11.9,3.5,-108.9,0.55,-0.02,0.45,0.04,-0.2,0.98,-81.5,0.1,-2.0,-2.3,-2.3,0.0,-0.09,0.0,1.000999500499376,0.7109149034870489,0.006336933341196449,0.28,0,0,0.0
3.1789255260000573,13,4691.96,-11.8,3.5,-108.9,0.62,-0.04,0.43,0.05,-0.21,0.97,-81.5,0.0,0.0,-2.3,-2.3,0.0,0.0,0.0,0.9937303457175894,0.7555792479945436,0.0009135770117781883,0.28,0,0,0.0
3.1876531460002298,14,4691.97,-11.8,3.5,-108.9,0.62,-0.04,0.43,0.05,-0.21,0.97,-81.5,0.3,3.0,-2.3,-2.3,0.0,-0.04,0.0,0.9937303457175894,0.7555792479945436,0.0008953054715425957,0.28,0,0,0.0
3.19879245500033,15,4691.98,-11.7,3.5,-109.0,0.77,-0.07,0.38,0.05,-0.21,0.97,-81.5,-0.1,0.0,-2.3,-2.3,0.0,0.11,0.0,0.9937303457175894,0.8615103017375938,0.0008773993621117304,0.28,0,0,0.0
3.2076855440000145,16,4691.99,-11.7,3.5,-109.0,0.77,-0.07,0.38,0.05,-0.21,0.97,-81.5,0.3,4.0,-2.3,-2.3,-0.02,-0.15,0.0,0.9937303457175894,0.8615103017375938,0.0008598513748695469,0.28,0,0,0.0
3.2188444840003285,17,4692.0,-11.6,3.5,-109.1,0.73,-0.05,0.27,0.05,-0.18,0.96,-81.5,0.0,-3.0,-2.3,-2.3,0.0,0.03,0.0,0.9780081799248921,0.7799358948016175,0.016250376824215595,0.28,0,0,0.0
3.227619715000401,18,4692.01,-11.5,3.5,-109.1,0.65,-0.05,0.21,0.04,-0.18,0.97,-81.5,0.2,6.0,-2.3,-2.3,-0.02,-0.02,0.0,0.9873702446397704,0.6849087530467106,0.006750545867150515,0.28,0,0,0.0
3.238784781000504,19,4692.02,-11.4,3.5,-109.1,0.57,-0.11,0.18,0.04,-0.18,0.97,-81.5,0.4,-1.0,-2.3,-2.3,0.0,-0.15,0.0,0.9873702446397704,0.6077828559609098,0.006615534949807489,0.28,0,0,0.0
3.2476582040007997,20,4692.03,-11.4,3.5,-109.2,0.52,-0.2,0.2,0.04,-0.17,0.98,-81.5,-0.3,-2.0,-2.3,-2.3,0.0,-0.07,0.0,0.9954396013822234,0.5919459434779497,0.0014247453567926005,0.28,0,0,0.0
3.25881203300014,21,4692.04,-11.3,3.5,-109.2,0.48,-0.26,0.21,0.04,-0.18,0.98,-81.5,0.2,3.0,-2.3,-2.3,0.0,0.03,0.0,0.9971960689854328,0.5848931526355903,0.003117588700801921,0.28,0,0,0.0
3.2676719480004977,22,4692.05,-11.2,3.5,-109.2,0.44,-0.28,0.26,0.04,-0.19,0.98,-81.5,0.0,0.0,-2.3,-2.3,-0.01,0.12,0.0,0.9990495483208027,0.5827520913733386,0.004871646675448482,0.28,0,0,0.0
3.2788578510007937,23,4692.06,-11.2,3.5,-109.2,0.44,-0.28,0.26,0.04,-0.19,0.98,-81.5,0.4,2.0,-2.3,-2.3,-0.01,0.12,0.0,0.9990495483208027,0.5827520913733386,0.004774213741939537,0.28,0,0,0.0
3.287535215000389,24,4692.07,-11.2,3.5,-109.2,0.44,-0.28,0.31,0.05,-0.19,0.98,-81.5,0.0,0.0,-2.3,-2.3,0.0,0.01,0.0,0.9994998749374608,0.6067124524847005,0.005120049551425643,0.28,0,0,0.0
3.298872102000132,25,4692.08,-11.2,3.6,-109.3,0.52,-0.29,0.34,0.06,-0.19,0.98,-81.5,0.0,1.0,-2.3,-2.3,0.0,0.01,0.0,1.0000499987500624,0.685638388656878,0.005556769896746694,0.28,0,0,0.0
3.307731421000426,26,4692.09,-11.1,3.6,-109.3,0.58,-0.28,0.36,0.06,-0.19,0.97,-81.5,0.1,0.0,-2.3,-2.3,-0.01,-0.09,0.0,0.9902524930541705,0.7378346698278687,0.004155921083162317,0.28,0,0,0.0
3.3188538399999743,27,4692.1,-11.0,3.6,-109.4,0.61,-0.21,0.37,0.07,-0.18,0.96,-81.4,0.1,0.0,-2.3,-2.3,0.0,0.12,0.0,0.9792343948207701,0.743706931526122,0.014870538930231492,0.28,0,0,0.0
3.327478942000198,28,4692.11,-11.0,3.6,-109.4,0.67,-0.15,0.36,0.08,-0.18,0.97,-81.4,0.0,1.0,-2.3,-2.3,0.0,-0.16,0.0,0.9897979591815695,0.7752418977325723,0.004220835078043383,0.28,0,0,0.0
3.3388109430006807,29,4692.12,-10.9,3.6,-109.4,0.68,-0.11,0.36,0.08,-0.17,0.98,-81.4,0.2,5.0,-2.3,-2.3,-0.03,0.06,0.0,0.9978476837674174,0.7772387020729218,0.003752311717648338,0.28,0,0,0.0
3.347594040000331,30,4692.13,-10.8,3.7,-109.5,0.61,-0.06,0.38,0.09,-0.16,0.98,-81.4,0.2,-4.0,-2.3,-2.3,0.0,0.0,0.0,0.9970456358662826,0.7211795892841116,0.002891258540183239,0.28,0,0,0.0
3.3587313220004944,31,4692.14,-10.8,3.7,-109.5,0.57,0.0,0.4,0.08,-0.16,0.97,-81.4,0.1,3.0,-2.3,-2.3,-0.01,0.08,0.0,0.9863569333664158,0.6963476143421473,0.007641495080489835,0.28,0,0,0.0
3.367696256000272,32,4692.15,-10.7,3.7,-109.6,0.57,0.04,0.4,0.07,-0.16,0.96,-81.4,0.1,-1.0,-2.3,-2.3,0.0,-0.06,0.0,0.9757561170702441,0.6974955196988724,0.017877465149128358,0.28,0,0,0.0
3.37886955400063,33,4692.16,-10.6,3.7,-109.6,0.52,0.09,0.37,0.07,-0.16,0.97,-81.4,0.0,0.0,-2.3,-2.3,0.0,0.01,0.0,0.9855962662266938,0.6445153217728807,0.007876569672825129,0.28,0,0,0.0
3.3875590000006923,34,4692.17,-10.6,3.6,-109.6,0.45,0.1,0.35,0.06,-0.15,0.97,-81.4,0.4,3.0,-2.3,-2.3,-0.01,-0.06,0.0,0.9833615815151617,0.5787918451395113,0.009909029296670036,0.28,0,0,0.0
3.3987540990001435,35,4692.18,-10.5,3.6,-109.7,0.39,0.07,0.33,0.05,-0.16,0.97,-81.4,0.0,-2.0,-2.3,-2.3,0.0,0.0,0.0,0.984377976185977,0.5156549233741495,0.008714781933337634,0.28,0,0,0.0
3.4075839510005608,36,4692.19,-10.5,3.6,-109.7,0.4,0.04,0.3,0.04,-0.17,0.96,-81.4,0.1,-1.0,-2.3,-2.3,0.0,-0.08,0.0,0.9757561170702441,0.5015974481593781,0.0169899082280891,0.28,0,0,0.0
3.4185554650002814,37,4692.2,-10.4,3.6,-109.7,0.45,-0.01,0.28,0.04,-0.17,0.97,-81.4,0.0,0.0,-2.3,-2.3,-0.01,-0.13,0.0,0.9855962662266938,0.5300943312279429,0.007006763890206602,0.28,0,0,0.0
3.427497699000014,38,4692.21,-10.4,3.6,-109.8,0.46,-0.05,0.27,0.04,-0.17,0.98,-81.4,0.0,0.0,-2.3,-2.3,-0.01,-0.06,0.0,0.9954396013822234,0.535723809439155,0.002779839840016507,0.28,0,0,0.0
3.4388461590006045,39,4692.22,-10.3,3.6,-109.8,0.44,-0.09,0.27,0.04,-0.17,0.98,-81.4,0.0,-2.0,-2.3,-2.3,0.01,0.09,0.0,0.9954396013822234,0.5240229002629561,0.002724243043216168,0.28,0,0,0.0
3.4476152040006127,40,4692.23,-10.3,3.6,-109.8,0.43,-0.12,0.27,0.04,-0.17,0.98,-81.4,0.0,0.0,-2.3,-2.3,0.0,-0.06,0.0,0.9954396013822234,0.5217278984298233,0.0026697581823518224,0.28,0,0,0.0
3.458614604000104,41,4692.24,-10.3,3.6,-109.8,0.42,-0.16,0.29,0.05,-0.17,0.98,-81.4,0.1,-1.0,-2.3,-2.3,0.0,0.05,0.0,0.9958915603618699,0.5348831648126532,0.0030592828187583354,0.28,0,0,0.0
3.4676423910004814,42,4692.25,-10.2,3.6,-109.9,0.44,-0.17,0.3,0.05,-0.17,0.98,-81.4,0.0,1.0,-2.3,-2.3,-0.01,0.09,0.0,0.9958915603618699,0.5590169943749475,0.0029980971623831953,0.28,0,0,0.0
3.4786226720007107,43,4692.26,-10.2,3.6,-109.9,0.47,-0.18,0.31,0.05,-0.17,0.98,-81.4,0.0,-1.0,-2.3,-2.3,0.0,0.07,0.0,0.9958915603618699,0.591100668245266,0.0029381352191355514,0.28,0,0,0.0
3.487576703000741,44,4692.27,-10.1,3.6,-109.9,0.51,-0.17,0.33,0.06,-0.17,0.97,-81.4,0.0,-1.0,-2.3,-2.3,0.0,0.0,0.0,0.986610358753647,0.6307931515164064,0.006216205061305602,0.28,0,0,0.0
3.4986460730006,45,4692.28,-10.1,3.6,-110.0,0.54,-0.12,0.36,0.06,-0.16,0.97,-81.4,0.0,-2.0,-2.3,-2.3,0.01,0.2,0.0,0.9849365461794988,0.66,0.007732217282744758,0.28,0,0,0.0
3.5073670620004123,46,4692.29,-10.0,3.6,-110.0,0.52,-0.07,0.39,0.06,-0.16,0.97,-81.4,0.3,2.0,-2.3,-2.3,-0.01,-0.08,0.0,0.9849365461794988,0.6537583651472462,0.007577572937089827,0.28,0,0,0.0
3.518669123000109,47,4692.3,-10.0,3.6,-110.1,0.52,0.0,0.41,0.07,-0.16,0.97,-81.4,0.0,2.0,-2.3,-2.3,-0.01,-0.08,0.0,0.9855962662266938,0.6621933252457322,0.006779495832096916,0.28,0,0,0.0
3.5276476140006707,48,4692.31,-9.9,3.6,-110.1,0.6,0.11,0.46,0.08,-0.16,0.97,-81.4,0.1,0.0,-2.3,-2.3,0.0,-0.15,0.0,0.9863569333664158,0.7640026177965623,0.005898452118527464,0.28,0,0,0.0
3.5388441929999317,49,4692.32,-9.8,3.6,-110.1,0.64,0.17,0.51,0.08,-0.15,0.98,-81.4,0.1,0.0,-2.3,-2.3,0.0,-0.14,0.0,0.9946356116689167,0.8358229477586745,0.00233262166029391,0.28,0,0,0.0
3.5474688510003034,50,4692.33,-9.8,3.6,-110.2,0.58,0.17,0.52,0.08,-0.14,0.98,-81.4,0.0,0.0,-2.3,-2.3,0.0,0.23,0.0,0.9931767214348108,0.7973079706111058,0.0008562567976643232,0.28,0,0,0.0
3.55886033600018,51,4692.34,-9.7,3.5,-110.2,0.47,0.21,0.51,0.07,-0.14,0.96,-81.4,0.1,0.0,-2.31,-2.31,0.0,0.05,0.0,0.9726767191621274,0.7246378405796925,0.019250870565518774,0.28,0,0,0.0
3.5677249950003898,52,4692.35,-9.6,3.5,-110.3,0.43,0.28,0.47,0.06,-0.16,0.97,-81.4,0.0,0.0,-2.31,-2.31,0.0,0.05,0.0,0.9849365461794988,0.6958448102845921,0.00685122267718441,0.28,0,0,0.0
3.5788834060003865,53,4692.36,-9.6,3.5,-110.3,0.44,0.25,0.43,0.05,-0.17,0.99,-81.4,0.1,2.0,-2.31,-2.31,0.0,0.07,0.0,1.0057335631269348,0.6640783086353597,0.013666878384846592,0.28,0,0,0.0
3.5876591129999724,54,4692.37,-9.6,3.4,-110.4,0.44,0.18,0.37,0.03,-0.17,0.99,-81.4,0.1,0.0,-2.31,-2.31,0.0,0.0,0.0,1.004937809021036,0.6024118192731613,0.012613701793368737,0.28,0,0,0.0
3.5987711150000905,55,4692.38,-9.5,3.4,-110.4,0.43,0.08,0.3,0.01,-0.17,0.99,-81.4,0.0,0.0,-2.31,-2.31,0.0,-0.03,0.0,1.0045396955820112,0.5303772242470447,0.011971276587257162,0.28,0,0,0.0
3.607673685000009,56,4692.39,-9.5,3.4,-110.4,0.39,-0.02,0.22,0.0,-0.16,1.0,-81.4,0.1,-1.0,-2.31,-2.31,0.01,-0.01,0.0,1.012719112093773,0.44821869662029945,0.019747679237038684,0.28,0,0,0.0
3.6189050630000565,57,4692.4,-9.5,3.3,-110.4,0.28,-0.12,0.17,0.0,-0.16,1.0,-81.4,0.0,1.0,-2.31,-2.31,-0.01,0.11,0.0,1.012719112093773,0.3488552708502482,0.019352725652297953,0.28,0,0,0.0
3.62759139300033,58,4692.41,-9.4,3.3,-110.5,0.24,-0.22,0.11,0.0,-0.17,1.0,-81.4,0.0,0.0,-2.31,-2.31,0.0,-0.14,0.0,1.014347080638575,0.34365680554879163,0.020561080313157953,0.28,0,0,0.0
3.6390179370000624,59,4692.42,-9.4,3.3,-110.5,0.21,-0.29,0.07,0.01,-0.17,1.0,-81.4,0.2,1.0,-2.31,-2.31,0.0,0.2,0.0,1.0143963722332607,0.36482872693909396,0.020198164469686808,0.28,0,0,0.0
3.647604835000493,60,4692.43,-9.4,3.3,-110.5,0.18,-0.32,0.07,0.02,-0.17,1.0,-81.4,0.0,-1.0,-2.31,-2.31,0.0,-0.05,0.0,1.0145442326483356,0.37376463182061515,0.019939104387066475,0.28,0,0,0.0
3.658888128000399,61,4692.44,-9.4,3.3,-110.5,0.17,-0.36,0.06,0.03,-0.18,1.0,-81.4,0.2,0.0,-2.31,-2.31,0.0,0.0,0.0,1.0165136496870075,0.4026164427839479,0.02147035099722361,0.28,0,0,0.0
3.667471366999962,62,4692.45,-9.4,3.4,-110.5,0.21,-0.4,0.06,0.04,-0.17,0.99,-81.4,0.0,1.0,-2.31,-2.31,0.0,0.0,0.0,1.0052860289489753,0.4557411546042337,0.0100378756540076,0.28,0,0,0.0
3.6789169130006485,63,4692.46,-9.4,3.4,-110.5,0.26,-0.38,0.1,0.06,-0.17,0.98,-81.4,0.0,-3.0,-2.31,-2.31,0.01,-0.05,0.0,0.9964436762808021,0.4711687595755899,0.001171612526117638,0.28,0,0,0.0
3.6876442230004614,64,4692.47,-9.3,3.4,-110.5,0.3,-0.33,0.14,0.07,-0.16,0.97,-81.4,0.0,2.0,-2.31,-2.31,0.0,-0.05,0.0,0.9855962662266938,0.46743983570080977,0.009482281577430807,0.28,0,0,0.0
3.6987700650006445,65,4692.48,-9.3,3.5,-110.6,0.29,-0.3,0.18,0.08,-0.16,0.97,-81.4,-0.1,-3.0,-2.31,-2.31,0.01,-0.05,0.0,0.9863569333664158,0.4544227107000705,0.008547182148954668,0.28,0,0,0.0
3.7076071850005974,66,4692.49,-9.3,3.5,-110.6,0.24,-0.28,0.2,0.08,-0.16,0.98,-81.4,0.3,5.0,-2.31,-2.31,-0.02,-0.05,0.0,0.9961927524329817,0.41952353926806063,0.0012628641792589157,0.28,0,0,0.0
3.718550385000526,67,4692.5,-9.3,3.6,-110.6,0.19,-0.25,0.22,0.08,-0.15,0.97,-81.4,0.0,-1.0,-2.31,-2.31,0.0,0.13,0.0,0.9847842403288144,0.38340579025361626,0.009942734966410183,0.28,0,0,0.0
3.727537917000518,68,4692.51,-9.3,3.6,-110.6,0.11,-0.22,0.25,0.08,-0.15,0.97,-81.4,0.0,1.0,-2.31,-2.31,0.0,0.0,0.0,0.9847842403288144,0.3507135583350036,0.00974388026708195,0.28,0,0,0.0
3.739017700000659,69,4692.52,-9.2,3.6,-110.7,0.08,-0.18,0.31,0.08,-0.15,0.97,-81.4,0.0,0.0,-2.31,-2.31,0.0,-0.01,0.0,0.9847842403288144,0.3672873534441392,0.009549002661740302,0.28,0,0,0.0
3.7476437010000154,70,4692.53,-9.2,3.6,-110.7,0.01,-0.11,0.36,0.08,-0.14,0.97,-81.4,0.0,0.0,-2.31,-2.31,0.0,-0.17,0.0,0.9833107342035884,0.3765634076752546,0.010802058611226961,0.28,0,0,0.0
3.7587565339999855,71,4692.54,-9.2,3.6,-110.7,-0.01,-0.03,0.39,0.08,-0.15,0.97,-81.4,0.0,1.0,-2.31,-2.31,0.0,0.13,0.0,0.9847842403288144,0.39127995093027707,0.009141981436280977,0.28,0,0,0.0
3.7677078090000578,72,4692.55,-9.2,3.7,-110.8,-0.04,0.0,0.4,0.08,-0.15,0.98,-81.4,0.0,0.0,-2.31,-2.31,0.0,0.0,0.0,0.9946356116689167,0.4019950248448356,0.0006952021057449187,0.28,0,0,0.0
3.778785608000362,73,4692.56,-9.2,3.6,-110.8,-0.04,0.04,0.41,0.07,-0.15,0.99,-81.4,0.0,-5.0,-2.31,-2.31,0.02,0.0,0.0,1.0037429949942367,0.4138840417314975,0.009606533722443689,0.28,0,0,0.0
3.787570367000626,74,4692.57,-9.2,3.6,-110.9,0.0,0.05,0.42,0.07,-0.15,0.99,-81.4,0.1,2.0,-2.31,-2.31,0.0,0.11,0.0,1.0037429949942367,0.422965719651132,0.00941440304799479,0.28,0,0,0.0
3.7988103130001036,75,4692.58,-9.2,3.6,-110.9,0.0,0.07,0.45,0.06,-0.15,0.99,-81.4,0.0,1.0,-2.31,-2.31,0.0,0.0,0.0,1.0030952098380292,0.455411901469428,0.00859128553395161,0.28,0,0,0.0
3.8075953740008117,76,4692.59,-9.2,3.6,-111.0,-0.02,0.07,0.48,0.05,-0.15,0.99,-81.4,0.0,1.0,-2.31,-2.31,0.0,0.0,0.0,1.002546757014355,0.4854894437575342,0.007881976056071771,0.28,0,0,0.0
3.81868129600025,77,4692.6,-9.2,3.6,-111.0,-0.03,0.05,0.54,0.05,-0.14,0.99,-81.4,0.0,0.0,-2.31,-2.31,0.0,-0.1,0.0,1.0010993956645864,0.5431390245600108,0.006305922412177201,0.28,0,0,0.0
3.827604517000509,78,4692.61,-9.2,3.6,-111.1,-0.05,0.0,0.58,0.05,-0.14,0.99,-81.4,0.0,0.0,-2.31,-2.31,0.0,-0.01,0.0,1.0010993956645864,0.5821511831131154,0.006179803963933694,0.28,0,0,0.0
3.839006559000154,79,4692.62,-9.2,3.6,-111.1,-0.08,-0.04,0.62,0.05,-0.14,0.99,-81.4,0.2,0.0,-2.31,-2.31,0.0,-0.05,0.0,1.0010993956645864,0.626418390534633,0.006056207884654996,0.28,0,0,0.0
3.8475028290004047,80,4692.63,-9.2,3.6,-111.2,-0.12,-0.08,0.63,0.05,-0.14,0.98,-81.4,-0.1,-5.0,-2.31,-2.31,0.03,0.07,0.0,0.9912113800799505,0.646297145282261,0.003755171545981262,0.28,0,0,0.0
3.8588539200000014,81,4692.64,-9.2,3.6,-111.2,-0.17,-0.06,0.64,0.06,-0.14,0.98,-81.4,0.0,2.0,-2.31,-2.31,0.0,-0.08,0.0,0.991766101457395,0.6649060083951717,0.003136441165165982,0.28,0,0,0.0
3.8675939670001753,82,4692.65,-9.3,3.5,-111.3,-0.23,-0.02,0.62,0.06,-0.15,0.99,-81.4,-0.1,0.0,-2.31,-2.31,0.0,0.04,0.0,1.0030952098380292,0.6615889962809237,0.008028813871158946,0.28,0,0,0.0
3.878696312000102,83,4692.66,-9.3,3.5,-111.4,-0.28,0.0,0.57,0.07,-0.16,0.98,-81.4,0.2,5.0,-2.31,-2.31,-0.02,0.23,0.0,0.9954396013822234,0.6350590523722971,0.00036574130704603025,0.28,0,0,0.0
3.8875365120002243,84,4692.67,-9.3,3.5,-111.4,-0.32,0.03,0.49,0.07,-0.16,0.98,-81.4,0.0,-5.0,-2.31,-2.31,0.01,-0.05,0.0,0.9954396013822234,0.5860034129593444,0.0003584264809051163,0.28,0,0,0.0
3.8987970850002966,85,4692.68,-9.4,3.5,-111.5,-0.33,0.05,0.43,0.07,-0.17,0.99,-81.4,0.0,0.0,-2.31,-2.31,0.0,-0.08,0.0,1.0069260151570223,0.5443344560102732,0.011607943450589908,0.28,0,0,0.0
3.9075823070006663,86,4692.69,-9.4,3.5,-111.5,-0.31,0.06,0.4,0.07,-0.17,0.99,-81.4,0.0,0.0,-2.31,-2.31,0.0,-0.08,0.0,1.0069260151570223,0.5096076922496363,0.011375784581578063,0.28,0,0,0.0
3.91876283900001,87,4692.7,-9.4,3.5,-111.5,-0.28,0.08,0.36,0.06,-0.17,0.98,-81.4,-0.2,-5.0,-2.31,-2.31,0.02,-0.05,0.0,0.9964436762808021,0.463033476111609,0.0008755767912507206,0.28,0,0,0.0
3.9274498120003045,88,4692.71,-9.5,3.5,-111.6,-0.25,0.11,0.32,0.06,-0.18,0.98,-81.4,0.0,0.0,-2.31,-2.31,0.0,-0.08,0.0,0.9981983770774224,0.4207136793592526,0.0025776720361135874,0.28,0,0,0.0
3.938813900000241,89,4692.72,-9.5,3.5,-111.6,-0.19,0.14,0.28,0.06,-0.18,0.99,-81.4,0.0,0.0,-2.31,-2.31,0.0,-0.06,0.0,1.0080178569846865,0.3661966684720111,0.0121492089045101,0.28,0,0,0.0
3.9475427430006675,90,4692.73,-9.5,3.5,-111.6,-0.17,0.14,0.23,0.06,-0.18,0.99,-81.4,0.0,0.0,-2.31,-2.31,0.0,0.04,0.0,1.0080178569846865,0.31843366656181316,0.01190622472641989,0.28,0,0,0.0
3.9587490849999085,91,4692.74,-9.6,3.5,-111.6,-0.16,0.14,0.17,0.06,-0.18,0.98,-81.4,0.0,0.0,-2.31,-2.31,0.0,0.03,0.0,0.9981983770774224,0.272213151776324,0.002045009922772678,0.28,0,0,0.0
3.967588438000348,92,4692.75,-9.6,3.4,-111.7,-0.15,0.14,0.11,0.06,-0.18,0.98,-81.4,0.0,2.0,-2.31,-2.31,-0.01,0.04,0.0,0.9981983770774224,0.23280893453645632,0.0020041097243171935,0.28,0,0,0.0
3.978705518999959,93,4692.76,-9.6,3.4,-111.7,-0.15,0.16,0.03,0.06,-0.18,0.97,-81.4,0.2,-1.0,-2.31,-2.31,0.0,0.1,0.0,0.9883825170448939,0.22135943621178655,0.007655515302047111,0.28,0,0,0.0
3.987591618000806,94,4692.77,-9.6,3.4,-111.7,-0.12,0.17,-0.02,0.06,-0.18,0.97,-81.4,-0.1,4.0,-2.31,-2.31,-0.01,0.0,0.0,0.9883825170448939,0.20904544960366872,0.0075024049960061845,0.28,0,0,0.0
3.9987786550000237,95,4692.78,-9.7,3.4,-111.7,-0.07,0.18,-0.13,0.05,-0.17,0.97,-81.4,0.0,-2.0,-2.31,-2.31,0.0,0.07,0.0,0.9860527369263775,0.23280893453645632,0.009635541412232107,0.28,0,0,0.0
4.007425069000419,96,4692.79,-9.7,3.4,-111.6,-0.02,0.18,-0.19,0.04,-0.18,0.97,-81.4,0.1,2.0,-2.31,-2.31,0.0,-0.01,0.0,0.9873702446397704,0.26248809496813374,0.008151673024862416,0.28,0,0,0.0
4.018818941000063,97,4692.8,-9.7,3.3,-111.6,0.0,0.14,-0.25,0.04,-0.18,0.99,-81.4,-0.1,-1.0,-2.31,-2.31,0.0,-0.02,0.0,1.0070253224224304,0.2865309756378881,0.011273336662641631,0.28,0,0,0.0
4.027518966000571,98,4692.81,-9.7,3.3,-111.6,-0.02,0.08,-0.3,0.03,-0.17,0.99,-81.4,0.1,0.0,-2.31,-2.31,0.0,0.19,0.0,1.004937809021036,0.3111269837220809,0.009002106796022202,0.28,0,0,0.0
4.038806644000033,99,4692.82,-9.7,3.3,-111.5,-0.03,0.06,-0.36,0.03,-0.17,0.98,-81.4,-0.2,0.0,-2.31,-2.31,0.0,0.02,0.0,0.9950879358127099,0.3661966684720111,0.0008308110840576921,0.28,0,0,0.0
4.047526128000754,100,4692.83,-9.7,3.3,-111.5,-0.05,0.01,-0.43,0.03,-0.16,0.99,-81.4,0.0,1.0,-2.31,-2.31,0.0,-0.06,0.0,1.0032945728947207,0.4330127018922193,0.007228309477994022,0.28,0,0,0.0
4.058781349000128,101,4692.84,-9.7,3.3,-111.5,-0.06,-0.05,-0.5,0.03,-0.16,0.99,-81.4,0.1,0.0,-2.31,-2.31,0.0,0.07,0.0,1.0032945728947207,0.5060632371551999,0.007083743288434086,0.28,0,0,0.0
4.0675768420005625,102,4692.85,-9.7,3.3,-111.4,-0.06,-0.12,-0.57,0.03,-0.17,0.99,-81.4,0.0,5.0,-2.31,-2.31,-0.02,-0.08,0.0,1.004937809021036,0.585576638878294,0.008552439826454372,0.28,0,0,0.0
4.078823435000231,103,4692.86,-9.7,3.3,-111.3,-0.01,-0.15,-0.64,0.02,-0.17,0.99,-81.4,0.0,-8.0,-2.31,-2.31,0.03,-0.04,0.0,1.0046890066085128,0.6574191965557441,0.00813756466565263,0.28,0,0,0.0
4.087551567999981,104,4692.87,-9.7,3.3,-111.3,-0.01,-0.16,-0.68,0.03,-0.17,0.99,-81.4,0.2,4.0,-2.31,-2.31,0.0,-0.08,0.0,1.004937809021036,0.6986415389883428,0.008218639736612188,0.28,0,0,0.0
4.098756930000491,105,4692.88,-9.7,3.3,-111.2,-0.05,-0.17,-0.73,0.04,-0.17,0.99,-81.4,-0.1,0.0,-2.31,-2.31,0.0,-0.08,0.0,1.0052860289489753,0.7511990415329348,0.00839552247126063,0.28,0,0,0.0
4.107399123000505,106,4692.89,-9.7,3.4,-111.1,-0.01,-0.19,-0.76,0.05,-0.18,0.98,-81.4,0.0,2.0,-2.31,-2.31,0.0,0.02,0.0,0.9976472322419383,0.7834538914320357,0.000741591248939133,0.28,0,0,0.0
4.118710178000583,107,4692.9,-9.7,3.4,-111.1,0.08,-0.18,-0.79,0.06,-0.17,0.97,-81.4,0.0,-1.0,-2.31,-2.31,0.0,-0.06,0.0,0.986610358753647,0.8141867107733951,0.010089376594565103,0.28,0,0,0.0
4.127425210000183,108,4692.91,-9.7,3.4,-111.0,0.07,-0.2,-0.79,0.08,-0.16,0.98,-81.4,0.0,2.0,-2.31,-2.31,0.0,0.0,0.0,0.9961927524329817,0.8179242018671413,0.000496843256925783,0.28,0,0,0.0
4.138892121000026,109,4692.92,-9.7,3.5,-110.9,0.06,-0.18,-0.76,0.09,-0.15,0.97,-81.4,0.0,4.0,-2.31,-2.31,-0.02,0.06,0.0,0.9856469956328178,0.7833262411026456,0.010821748055947933,0.28,0,0,0.0
4.147640027000307,110,4692.93,-9.7,3.5,-110.9,0.06,-0.11,-0.7,0.1,-0.14,0.95,-81.4,0.0,0.0,-2.31,-2.31,0.0,0.06,0.0,0.9654532614269838,0.7111258679024409,0.03039517261654623,0.28,0,0,0.0
4.158590036000533,111,4692.94,-9.7,3.6,-110.8,-0.01,-0.03,-0.63,0.1,-0.13,0.95,-81.4,0.1,0.0,-2.31,-2.31,0.0,0.01,0.0,0.9640539403996023,0.6307931515164064,0.031158603771049176,0.28,0,0,0.0
4.167600276000485,112,4692.95,-9.6,3.6,-110.7,-0.04,0.04,-0.57,0.1,-0.13,0.95,-81.4,-0.1,0.0,-2.31,-2.31,0.0,-0.11,0.0,0.9640539403996023,0.5728001396647874,0.030535431695628223,0.28,0,0,0.0
4.1788147090001075,113,4692.96,-9.6,3.6,-110.7,-0.16,0.12,-0.52,0.09,-0.14,0.96,-81.4,0.1,-1.0,-2.31,-2.31,0.0,-0.03,0.0,0.9743202758846805,0.5571355310873648,0.01986371428633904,0.28,0,0,0.0
4.187531544000194,114,4692.97,-9.6,3.6,-110.6,-0.24,0.14,-0.49,0.08,-0.15,0.97,-81.4,-0.1,0.0,-2.31,-2.31,0.0,-0.01,0.0,0.9847842403288144,0.5632938842203065,0.009211754845361075,0.28,0,0,0.0
4.198798564000754,115,4692.98,-9.7,3.6,-110.6,-0.24,0.15,-0.46,0.07,-0.15,0.97,-81.4,0.1,-1.0,-2.31,-2.31,0.0,0.06,0.0,0.9840223574695851,0.540092584655631,0.009774164950498543,0.28,0,0,0.0
4.2074421670004085,116,4692.99,-9.7,3.6,-110.5,-0.24,0.15,-0.4,0.06,-0.16,0.97,-81.4,-0.1,-1.0,-2.31,-2.31,0.0,-0.06,0.0,0.9849365461794988,0.49000000000000005,0.008682776715773222,0.28,0,0,0.0
4.218656978000581,117,4693.0,-9.7,3.6,-110.5,-0.21,0.15,-0.36,0.06,-0.17,0.97,-81.4,0.0,1.0,-2.31,-2.31,0.01,-0.06,0.0,0.986610358753647,0.442944691807002,0.006868784858792498,0.28,0,0,0.0
4.227417654999954,118,4693.01,-9.7,3.6,-110.4,-0.13,0.15,-0.33,0.05,-0.18,0.97,-81.4,0.0,2.0,-2.31,-2.31,0.0,-0.02,0.0,0.9878258955909184,0.38509739027939416,0.00554018306109072,0.28,0,0,0.0
4.238944521000121,119,4693.02,-9.7,3.6,-110.4,-0.04,0.12,-0.29,0.04,-0.18,0.97,-81.4,0.0,0.0,-2.31,-2.31,0.0,-0.12,0.0,0.9873702446397704,0.3163858403911275,0.005875917331993885,0.28,0,0,0.0
4.2474906800007375,120,4693.03,-9.7,3.6,-110.4,0.02,0.06,-0.29,0.04,-0.18,0.97,-81.4,0.0,0.0,-2.31,-2.31,0.0,-0.03,0.0,0.9873702446397704,0.2968164415931166,0.0057583989853540185,0.28,0,0,0.0
4.258793370000603,121,4693.04,-9.7,3.6,-110.4,0.07,-0.03,-0.3,0.03,-0.17,0.97,-81.4,0.0,-2.0,-2.31,-2.31,0.0,-0.03,0.0,0.9852410872471773,0.3095157508108432,0.007729805250388244,0.28,0,0,0.0
4.267436518000068,122,4693.05,-9.7,3.6,-110.3,0.12,-0.13,-0.31,0.02,-0.17,0.98,-81.4,0.0,-1.0,-2.31,-2.31,0.0,-0.06,0.0,0.994836670011716,0.35693136595149494,0.0018284619638675448,0.28,0,0,0.0
4.278675728000053,123,4693.06,-9.7,3.6,-110.3,0.16,-0.19,-0.31,0.03,-0.16,0.97,-81.4,0.0,0.0,-2.31,-2.31,0.0,-0.04,0.0,0.9835649444749441,0.39724048132082407,0.009254398301446254,0.28,0,0,0.0
4.287463611000021,124,4693.07,-9.7,3.6,-110.3,0.17,-0.26,-0.3,0.04,-0.16,0.98,-81.4,0.0,0.0,-2.31,-2.31,0.0,-0.11,0.0,0.9937806599043875,0.43185645763378366,0.0009420907854371663,0.28,0,0,0.0
4.2986939450001955,125,4693.08,-9.7,3.6,-110.2,0.19,-0.33,-0.31,0.04,-0.17,0.99,-81.4,0.0,-1.0,-2.31,-2.31,0.0,-0.05,0.0,1.0052860289489753,0.49101934788763674,0.012198510633424586,0.28,0,0,0.0
4.307400174000577,126,4693.09,-9.7,3.7,-110.2,0.23,-0.35,-0.32,0.06,-0.18,0.99,-81.4,0.0,1.0,-2.31,-2.31,0.0,0.08,0.0,1.0080178569846865,0.5270673581241775,0.014631731895753064,0.28,0,0,0.0
4.318703106000612,127,4693.1,-9.6,3.7,-110.2,0.16,-0.37,-0.29,0.07,-0.17,1.0,-81.4,-0.1,1.0,-2.31,-2.31,0.0,-0.02,0.0,1.0167595585978033,0.4965883607174054,0.02290596483869245,0.28,0,0,0.0
4.327424623000297,128,4693.11,-9.6,3.7,-110.2,0.25,-0.35,-0.26,0.08,-0.2,1.0,-81.4,0.0,0.0,-2.31,-2.31,0.0,-0.08,0.0,1.0229369482035537,0.5025932749251625,0.02850168735555403,0.28,0,0,0.0
4.3388342719999855,129,4693.12,-9.6,3.8,-110.2,0.29,-0.29,-0.19,0.09,-0.19,1.0,-81.4,0.0,0.0,-2.31,-2.31,0.0,-0.05,0.0,1.0218610473053564,0.4519955751995809,0.026877270728209557,0.28,0,0,0.0
4.3475353850008105,130,4693.13,-9.6,3.8,-110.1,0.42,-0.24,-0.14,0.09,-0.19,0.98,-81.4,0.0,-1.0,-2.31,-2.31,0.0,-0.08,0.0,1.002297361066066,0.5035871324805669,0.007167312799140624,0.28,0,0,0.0
4.3588199940004415,131,4693.14,-9.6,3.9,-110.1,0.46,-0.18,-0.09,0.09,-0.17,0.98,-81.4,0.1,1.0,-2.31,-2.31,0.0,-0.02,0.0,0.9986991538997116,0.5020956084253276,0.003497723520130558,0.28,0,0,0.0
4.367519972000082,132,4693.15,-9.5,3.9,-110.1,0.48,-0.16,-0.07,0.09,-0.16,0.97,-81.4,0.0,0.0,-2.31,-2.31,0.0,0.13,0.0,0.9872183142547548,0.5107837115648853,0.007823453802329738,0.28,0,0,0.0
4.378735563000191,133,4693.16,-9.5,3.9,-110.1,0.42,-0.13,-0.04,0.09,-0.15,0.97,-81.4,0.0,0.0,-2.31,-2.31,0.0,-0.06,0.0,0.9856469956328178,0.4414748010928823,0.009206876975781486,0.28,0,0,0.0
4.387538081999992,134,4693.17,-9.4,4.0,-110.1,0.27,-0.11,-0.03,0.08,-0.14,0.97,-81.4,0.0,2.0,-2.31,-2.31,0.0,0.04,0.0,0.9833107342035884,0.2930870177950569,0.011312275636910618,0.28,0,0,0.0
4.398856348000663,135,4693.18,-9.4,4.0,-110.1,0.11,-0.1,-0.05,0.08,-0.14,0.96,-81.4,0.0,0.0,-2.31,-2.31,0.0,0.15,0.0,0.9734474818910366,0.15684387141358122,0.020752017390473165,0.28,0,0,0.0
4.407545908000429,136,4693.19,-9.4,4.0,-110.1,-0.02,-0.09,-0.07,0.08,-0.14,0.95,-81.4,0.0,1.0,-2.31,-2.31,0.0,-0.08,0.0,0.9635870484808313,0.11575836902790225,0.030000201784664893,0.28,0,0,0.0
4.418711559000258,137,4693.2,-9.4,4.0,-110.1,-0.08,-0.09,-0.08,0.08,-0.15,0.96,-81.4,0.0,1.0,-2.31,-2.31,0.0,0.16,0.0,0.9749358953285082,0.1445683229480096,0.01827832783824823,0.28,0,0,0.0
4.427503122999951,138,4693.21,-9.4,4.1,-110.1,-0.1,-0.12,-0.07,0.08,-0.16,0.96,-81.4,-0.1,-1.0,-2.31,-2.31,0.0,-0.02,0.0,0.9765244492586962,0.17117242768623692,0.016355978429899,0.28,0,0,0.0
4.438753450000149,139,4693.22,-9.4,4.1,-110.1,-0.11,-0.12,-0.08,0.08,-0.17,0.96,-81.4,0.1,0.0,-2.31,-2.31,0.0,0.15,0.0,0.9782126558167197,0.18138357147217055,0.014374416434438042,0.28,0,0,0.0
4.447392851000586,140,4693.23,-9.4,4.1,-110.1,-0.12,-0.11,-0.11,0.08,-0.18,0.97,-81.4,0.0,0.0,-2.31,-2.31,0.0,0.0,0.0,0.9897979591815695,0.196468827043885,0.002733330808196377,0.28,0,0,0.0
4.458868151000388,141,4693.24,-9.5,4.1,-110.1,-0.09,-0.11,-0.16,0.07,-0.19,0.97,-81.4,-0.1,1.0,-2.31,-2.31,0.0,-0.02,0.0,0.9909086738948246,0.21400934559032697,0.0015901637730424412,0.28,0,0,0.0
4.4675176190003185,142,4693.25,-9.5,4.1,-110.1,0.0,-0.14,-0.23,0.07,-0.2,0.98,-81.4,0.0,2.0,-2.31,-2.31,0.0,0.0,0.0,1.002646498024104,0.26925824035672524,0.00994470714911233,0.28,0,0,0.0
4.478821286000311,143,4693.26,-9.5,4.1,-110.0,0.1,-0.18,-0.31,0.06,-0.2,0.98,-81.4,0.0,1.0,-2.31,-2.31,0.0,-0.08,0.0,1.0019980039900278,0.3721558813185679,0.009110288852735349,0.28,0,0,0.0
4.487486901000011,144,4693.27,-9.5,4.2,-110.0,0.18,-0.21,-0.4,0.06,-0.2,0.98,-81.4,0.2,0.0,-2.31,-2.31,0.0,-0.05,0.0,1.0019980039900278,0.48631265663151313,0.008928083075680604,0.28,0,0,0.0
4.498800273000597,145,4693.28,-9.5,4.2,-110.0,0.22,-0.22,-0.49,0.06,-0.19,0.98,-81.4,0.0,1.0,-2.31,-2.31,0.0,-0.07,0.0,1.0000499987500624,0.580430874437258,0.006840476279000862,0.28,0,0,0.0
4.507407194000734,146,4693.29,-9.5,4.2,-109.9,0.25,-0.2,-0.56,0.07,-0.19,0.98,-81.4,-0.2,-1.0,-2.31,-2.31,0.0,0.0,0.0,1.00069975517135,0.6450581369148055,0.007340428046282654,0.28,0,0,0.0
4.518681121000554,147,4693.3,-9.5,4.3,-109.9,0.29,-0.15,-0.6,0.08,-0.18,0.99,-81.4,0.0,-2.0,-2.31,-2.31,0.0,0.0,0.0,1.0094057657849989,0.6830812543175226,0.015725509886732936,0.28,0,0,0.0
4.527458438999929,148,4693.31,-9.4,4.3,-109.8,0.34,-0.12,-0.63,0.09,-0.17,0.98,-81.4,0.2,3.0,-2.31,-2.31,0.0,0.04,0.0,0.9986991538997116,0.7258787777583803,0.004918520041416796,0.28,0,0,0.0
4.538550938000299,149,4693.32,-9.4,4.3,-109.8,0.31,-0.06,-0.66,0.09,-0.16,0.98,-81.4,-0.2,0.0,-2.31,-2.31,0.0,0.0,0.0,0.9970456358662826,0.7316419889536139,0.003199701967827928,0.28,0,0,0.0
4.551070602000436,150,4693.33,-9.4,4.3,-109.7,0.23,-0.01,-0.68,0.09,-0.15,0.98,-81.4,0.0,0.0,-2.31,-2.31,0.0,-0.15,0.0,0.9954898291795853,0.7179136438319027,0.0016110173755080615,0.28,0,0,0.0
4.559587882999949,151,4693.34,-9.3,4.4,-109.6,0.15,0.07,-0.71,0.09,-0.14,0.98,-81.4,0.0,1.0,-2.31,-2.31,0.0,0.03,0.0,0.9940321926376429,0.7290404652692469,0.00015031321689429333,0.28,0,0,0.0
4.567540420000114,152,4693.35,-9.3,4.4,-109.5,0.09,0.16,-0.72,0.08,-0.15,0.98,-81.4,0.0,-2.0,-2.31,-2.31,0.0,-0.08,0.0,0.9946356116689167,0.7430343195303969,0.0007386576032047953,0.28,0,0,0.0
4.5788502960003825,153,4693.36,-9.3,4.4,-109.5,0.1,0.21,-0.74,0.06,-0.16,0.99,-81.4,0.0,0.0,-2.31,-2.31,0.0,-0.11,0.0,1.0046392387319938,0.7756932383358772,0.010527438972956271,0.28,0,0,0.0
4.5876306410000325,154,4693.37,-9.3,4.3,-109.4,0.17,0.21,-0.77,0.05,-0.16,0.99,-81.4,0.0,-4.0,-2.31,-2.31,0.01,-0.11,0.0,1.0040916292848974,0.8160269603389338,0.009780232935342692,0.28,0,0,0.0
4.598878464000336,155,4693.38,-9.2,4.3,-109.3,0.2,0.17,-0.8,0.04,-0.16,0.99,-81.4,0.0,-1.0,-2.31,-2.31,0.0,-0.02,0.0,1.0036433629531956,0.841961994391671,0.009145327271568027,0.28,0,0,0.0
4.607504768000581,156,4693.39,-9.2,4.3,-109.2,0.21,0.09,-0.84,0.02,-0.16,0.99,-81.4,0.0,2.0,-2.31,-2.31,0.0,-0.05,0.0,1.0030453628824572,0.8705170877128144,0.00837638065681301,0.28,0,0,0.0
4.618897725000352,157,4693.4,-9.2,4.3,-109.1,0.26,-0.03,-0.88,0.01,-0.15,0.98,-81.4,0.0,0.0,-2.31,-2.31,0.0,0.1,0.0,0.9914635646356349,0.9180958555619342,0.0031413092382091,0.28,0,0,0.0
4.627521128000808,158,4693.41,-9.1,4.3,-109.0,0.3,-0.14,-0.89,0.01,-0.14,0.98,-81.4,0.1,3.0,-2.31,-2.31,0.0,-0.01,0.0,0.99,0.9495788540189803,0.0045127763963671574,0.28,0,0,0.0
4.638797407000311,159,4693.42,-9.1,4.3,-109.0,0.24,-0.26,-0.9,0.01,-0.14,0.98,-81.4,0.0,-4.0,-2.31,-2.31,0.01,-0.01,0.0,0.99,0.9670573922989266,0.004422520868439861,0.28,0,0,0.0
4.64753652500076,160,4693.43,-9.1,4.3,-108.9,0.19,-0.38,-0.93,0.02,-0.14,0.98,-81.4,0.0,2.0,-2.31,-2.31,0.0,0.13,0.0,0.990151503558925,1.0224480426897007,0.004185596963324545,0.28,0,0,0.0
4.658732802000486,161,4693.44,-9.0,4.3,-108.8,0.22,-0.48,-0.95,0.04,-0.15,0.98,-81.4,-0.1,2.0,-2.31,-2.31,-0.02,0.07,0.0,0.9922197337283712,1.086876257906115,0.002075019458000704,0.28,0,0,0.0
4.6675891530003355,162,4693.45,-9.0,4.4,-108.6,0.18,-0.56,-0.99,0.09,-0.13,0.98,-81.4,0.0,-1.0,-2.31,-2.31,0.0,-0.01,0.0,0.9926731586982696,1.1515641536623134,0.001589162598340299,0.28,0,0,0.0
4.678860370000621,163,4693.46,-9.0,4.4,-108.6,0.18,-0.56,-0.99,0.09,-0.13,0.98,-81.4,0.1,1.0,-2.31,-2.31,0.0,-0.02,0.0,0.9926731586982696,1.1515641536623134,0.0015573793463734553,0.28,0,0,0.0
4.687522473000172,164,4693.47,-8.9,4.5,-108.5,0.12,-0.54,-0.97,0.1,-0.13,0.98,-81.4,-0.2,-4.0,-2.31,-2.31,0.01,0.13,0.0,0.9936297097007516,1.1166467659918244,0.0005888117770135315,0.28,0,0,0.0
4.698881344000256,165,4693.48,-8.9,4.7,-108.3,-0.04,-0.44,-0.95,0.11,-0.12,0.98,-81.4,0.0,1.0,-2.31,-2.31,0.0,-0.07,0.0,0.9934284070832683,1.0477117924314874,0.0007743121066069447,0.28,0,0,0.0
4.707502270000077,166,4693.49,-8.9,4.7,-108.3,-0.04,-0.44,-0.95,0.11,-0.12,0.98,-81.4,0.0,-1.0,-2.31,-2.31,0.01,-0.07,0.0,0.9934284070832683,1.0477117924314874,0.0007588258644748436,0.28,0,0,0.0
4.718815398000515,167,4693.5,-8.9,4.8,-108.3,-0.1,-0.39,-0.91,0.1,-0.13,0.98,-81.4,0.1,1.0,-2.31,-2.31,0.0,-0.07,0.0,0.9936297097007516,0.99508793581271,0.0005463727820517184,0.28,0,0,0.0
4.727505030999964,168,4693.51,-8.9,4.8,-108.2,-0.09,-0.35,-0.87,0.11,-0.14,0.98,-81.4,-0.1,1.0,-2.31,-2.31,0.0,0.04,0.0,0.9960421677820673,0.9420721840708386,0.0018287635932787705,0.28,0,0,0.0
4.738838976000807,169,4693.52,-8.9,4.9,-108.0,-0.08,-0.27,-0.74,0.1,-0.15,0.99,-81.4,0.0,-1.0,-2.31,-2.31,0.0,-0.14,0.0,1.0062802790475425,0.7917701686727027,0.011825537361578875,0.28,0,0,0.0
4.747532178000256,170,4693.53,-8.9,4.9,-108.0,-0.08,-0.27,-0.74,0.1,-0.15,0.99,-81.4,-0.2,-3.0,-2.31,-2.31,0.01,-0.1,0.0,1.0062802790475425,0.7917701686727027,0.011589026614347242,0.28,0,0,0.0
4.758728422000786,171,4693.54,-8.9,5.0,-108.0,-0.03,-0.27,-0.69,0.11,-0.15,0.98,-81.4,0.1,0.0,-2.31,-2.31,0.0,0.05,0.0,0.9974968671630001,0.7415524256584964,0.0027495024352087727,0.28,0,0,0.0
4.767590542000107,172,4693.55,-8.9,5.0,-107.9,-0.1,-0.23,-0.62,0.11,-0.16,0.99,-81.4,0.0,0.0,-2.31,-2.31,0.0,0.14,0.0,1.0088607436113273,0.6688049042882386,0.013831111305865229,0.28,0,0,0.0
4.778851349000433,173,4693.56,-8.9,5.1,-107.8,-0.1,-0.19,-0.55,0.11,-0.16,0.97,-81.4,-0.1,1.0,-2.31,-2.31,0.0,-0.01,0.0,0.9892421341612982,0.5904235767650204,0.005671748181280467,0.28,0,0,0.0
4.787629295000443,174,4693.57,-8.9,5.1,-107.8,-0.05,-0.15,-0.46,0.12,-0.16,0.99,-81.4,0.0,0.0,-2.31,-2.31,0.0,0.01,0.0,1.01,0.4864154602806124,0.01478439530427289,0.28,0,0,0.0
4.7988848920003875,175,4693.58,-8.9,5.2,-107.8,0.0,-0.12,-0.35,0.12,-0.15,0.98,-81.4,0.1,-3.0,-2.31,-2.31,0.01,-0.01,0.0,0.9986490875177326,0.37,0.0033648131655653613,0.28,0,0,0.0
4.811606904000655,176,4693.59,-8.9,5.2,-107.7,0.11,-0.06,-0.16,0.13,-0.14,0.98,-81.4,0.0,0.0,-2.31,-2.31,0.0,0.11,0.0,0.9984487968844471,0.20322401432901577,0.0031012320816342642,0.28,0,0,0.0
4.819576056000187,177,4693.6,-8.9,5.2,-107.7,0.11,-0.06,-0.16,0.13,-0.14,0.98,-81.4,0.0,-1.0,-2.31,-2.31,0.0,-0.02,0.0,0.9984487968844471,0.20322401432901577,0.0030392074400016345,0.28,0,0,0.0
4.827499526000793,178,4693.61,-8.8,5.3,-107.7,0.0,0.01,-0.09,0.12,-0.13,0.99,-81.4,0.0,-3.0,-2.31,-2.31,0.0,0.05,0.0,1.0056838469419702,0.09055385138137416,0.010068772347574306,0.28,0,0,0.0
4.83879948699996,179,4693.62,-8.8,5.3,-107.7,-0.1,0.08,-0.05,0.12,-0.14,0.99,-81.4,0.1,0.0,-2.31,-2.31,0.0,0.04,0.0,1.0070253224224304,0.1374772708486752,0.01118204287147373,0.28,0,0,0.0
4.847475141000359,180,4693.63,-8.9,5.3,-107.7,-0.13,0.11,-0.03,0.12,-0.14,0.98,-81.4,-0.1,1.0,-2.31,-2.31,0.0,0.05,0.0,0.9971960689854328,0.17291616465790582,0.0013257336457865865,0.28,0,0,0.0
4.858729905000473,181,4693.64,-8.9,5.3,-107.7,-0.12,0.12,-0.01,0.11,-0.14,0.98,-81.4,0.0,-2.0,-2.31,-2.31,0.0,-0.07,0.0,0.9960421677820673,0.16999999999999998,0.00016839579357275092,0.28,0,0,0.0
4.867507988000398,182,4693.65,-8.9,5.3,-107.7,-0.15,0.11,-0.01,0.09,-0.14,0.98,-81.4,0.0,4.0,-2.31,-2.31,-0.02,0.01,0.0,0.9940321926376429,0.18627936010197158,0.0018047477638346576,0.28,0,0,0.0
4.878803889000665,183,4693.66,-8.9,5.3,-107.7,-0.15,0.11,-0.01,0.09,-0.14,0.98,-81.4,0.0,0.0,-2.31,-2.31,0.0,-0.01,0.0,0.9940321926376429,0.18627936010197158,0.00176865280855798,0.28,0,0,0.0
4.887561199000629,184,4693.67,-8.9,5.3,-107.7,-0.24,0.07,0.0,0.08,-0.15,0.98,-81.4,0.0,-2.0,-2.31,-2.31,0.0,0.11,0.0,0.9946356116689167,0.25,0.0011419291017384925,0.28,0,0,0.0
4.898857901000156,185,4693.68,-9.0,5.2,-107.7,-0.26,-0.02,0.04,0.07,-0.16,0.98,-81.4,0.1,3.0,-2.31,-2.31,0.0,-0.13,0.0,0.9954396013822234,0.2638181191654584,0.0003311806006630613,0.28,0,0,0.0
4.907418112999949,186,4693.69,-9.0,5.2,-107.7,-0.26,-0.02,0.04,0.07,-0.16,0.98,-81.4,-0.2,-1.0,-2.31,-2.31,0.0,0.17,0.0,0.9954396013822234,0.2638181191654584,0.000324556988649749,0.28,0,0,0.0
4.918740834000346,187,4693.7,-9.0,5.2,-107.7,-0.24,-0.16,0.03,0.06,-0.17,0.98,-81.4,0.0,0.0,-2.31,-2.31,0.0,-0.01,0.0,0.9964436762808021,0.29,0.0006659275517303387,0.28,0,0,0.0
4.927416786000322,188,4693.71,-9.0,5.3,-107.7,-0.17,-0.29,0.03,0.07,-0.17,0.97,-81.4,-0.1,0.0,-2.31,-2.31,0.0,-0.07,0.0,0.98726896031426,0.3374907406137241,0.008338612646515475,0.28,0,0,0.0
4.938615406000281,189,4693.72,-9.0,5.3,-107.7,-0.1,-0.37,0.03,0.08,-0.17,0.96,-81.4,-0.1,-1.0,-2.31,-2.31,0.0,0.05,0.0,0.9782126558167197,0.38444765573482176,0.017047018801174763,0.28,0,0,0.0
4.947507591000431,190,4693.73,-9.1,5.3,-107.7,-0.07,-0.34,0.04,0.1,-0.17,0.96,-81.4,0.1,0.0,-2.31,-2.31,0.01,-0.04,0.0,0.9800510190801294,0.349428104193123,0.014904482427009813,0.28,0,0,0.0
4.958730912000647,191,4693.74,-9.1,5.4,-107.7,0.05,-0.16,0.07,0.1,-0.17,0.98,-81.4,0.0,-1.0,-2.31,-2.31,0.0,-0.07,0.0,0.9996499387285531,0.1816590212458495,0.004600548476985655,0.28,0,0,0.0
4.967535858000701,192,4693.75,-9.1,5.4,-107.7,0.05,-0.16,0.07,0.1,-0.17,0.98,-81.4,0.1,1.0,-2.31,-2.31,0.0,-0.02,0.0,0.9996499387285531,0.1816590212458495,0.004508537507445953,0.28,0,0,0.0
4.978736046999984,193,4693.76,-9.1,5.4,-107.7,0.19,-0.11,0.0,0.07,-0.16,0.98,-81.4,-0.1,-1.0,-2.31,-2.31,0.0,-0.07,0.0,0.9954396013822234,0.21954498400100148,0.00029223615789397694,0.28,0,0,0.0
4.987645550000707,194,4693.77,-9.1,5.4,-107.7,0.19,-0.11,0.0,0.07,-0.16,0.98,-81.4,0.3,2.0,-2.31,-2.31,0.0,0.16,0.0,0.9954396013822234,0.21954498400100148,0.0002863914347360774,0.28,0,0,0.0
4.998821799000325,195,4693.78,-9.1,5.4,-107.7,0.26,-0.13,0.0,0.06,-0.15,0.99,-81.4,-0.5,0.0,-2.31,-2.31,0.0,-0.1,0.0,1.0030952098380292,0.2906888370749727,0.00778315989273104,0.28,0,0,0.0
5.00746633900053,196,4693.79,-9.0,5.4,-107.7,0.32,-0.19,0.0,0.06,-0.14,0.99,-81.4,0.0,0.0,-2.31,-2.31,0.0,0.1,0.0,1.0016486409914407,0.3721558813185679,0.0062098592252196605,0.28,0,0,0.0
5.0188998910007285,197,4693.8,-9.0,5.4,-107.7,0.35,-0.22,0.0,0.07,-0.13,0.98,-81.4,0.0,0.0,-2.31,-2.31,0.0,0.11,0.0,0.9910600385445879,0.41340053217188777,0.004291168357200448,0.28,0,0,0.0
5.027424760000031,198,4693.81,-8.9,5.4,-107.7,0.3,-0.27,0.01,0.08,-0.13,0.98,-81.4,0.1,1.0,-2.31,-2.31,0.0,-0.07,0.0,0.9918165152889923,0.403732584763727,0.0034639977805401845,0.28,0,0,0.0
5.038597158000812,199,4693.82,-8.9,5.4,-107.8,0.29,-0.3,0.05,0.09,-0.13,0.98,-81.4,0.0,1.0,-2.31,-2.31,0.0,0.02,0.0,0.9926731586982696,0.42023802778901387,0.002555207283837624,0.28,0,0,0.0
5.047529609000776,200,4693.83,-8.9,5.5,-107.8,0.32,-0.36,0.1,0.1,-0.13,0.96,-81.4,0.0,-2.0,-2.31,-2.31,0.02,-0.07,0.0,0.973909646733207,0.4919349550499537,0.020892344863922108,0.28,0,0,0.0
5.0588332080005785,201,4693.84,-8.8,5.5,-107.8,0.29,-0.36,0.13,0.11,-0.13,0.95,-81.4,0.0,2.0,-2.31,-2.31,0.0,-0.01,0.0,0.9651424765287248,0.4802082881417188,0.0290663247670363,0.28,0,0,0.0
5.067438183999911,202,4693.85,-8.8,5.6,-107.8,0.23,-0.35,0.14,0.11,-0.14,0.95,-81.4,-0.2,1.0,-2.31,-2.31,-0.01,-0.01,0.0,0.9665402216152207,0.44158804331639234,0.027115208086929576,0.28,0,0,0.0
5.078735519000475,203,4693.86,-8.8,5.6,-107.8,0.16,-0.32,0.13,0.12,-0.14,0.95,-81.4,-0.1,0.0,-2.31,-2.31,0.0,0.01,0.0,0.9677293009927931,0.38065732621348564,0.025407606135170013,0.28,0,0,0.0
5.087582817000111,204,4693.87,-8.8,5.7,-107.9,0.02,-0.2,0.07,0.13,-0.16,0.95,-81.4,-0.1,3.0,-2.31,-2.31,0.0,0.01,0.0,0.972111104761179,0.21283796653792764,0.020605286319448357,0.28,0,0,0.0
5.098766508000153,205,4693.88,-8.8,5.7,-107.9,0.02,-0.2,0.07,0.13,-0.16,0.95,-81.4,0.0,-2.0,-2.31,-2.31,0.0,-0.01,0.0,0.972111104761179,0.21283796653792764,0.020193180593059412,0.28,0,0,0.0
5.107272286000807,206,4693.89,-8.8,5.7,-107.9,0.11,-0.16,0.02,0.13,-0.17,0.96,-81.4,0.0,2.0,-2.31,-2.31,0.0,-0.1,0.0,0.9835649444749441,0.19519221295943134,0.008564554061708418,0.28,0,0,0.0
5.11875114600025,207,4693.9,-8.8,5.8,-107.9,0.24,-0.13,0.0,0.13,-0.17,0.96,-81.4,0.0,0.0,-2.31,-2.31,0.0,-0.1,0.0,0.9835649444749441,0.2729468812791236,0.00839326298047427,0.28,0,0,0.0
5.127294482000252,208,4693.91,-8.7,5.8,-107.9,0.32,-0.11,-0.02,0.13,-0.16,0.97,-81.4,-0.1,0.0,-2.31,-2.31,0.0,-0.07,0.0,0.9916652661054535,0.33896902513356586,0.0002870825229656093,0.28,0,0,0.0
5.138532399000724,209,4693.92,-8.7,5.8,-107.9,0.31,-0.11,-0.04,0.13,-0.15,0.97,-81.4,0.1,2.0,-2.31,-2.31,-0.01,0.14,0.0,0.990101004948485,0.3313608305156178,0.0018143168063354809,0.28,0,0,0.0
5.146984669000631,210,4693.93,-8.7,5.9,-107.9,0.27,-0.1,-0.02,0.13,-0.14,0.97,-81.4,0.0,-1.0,-2.31,-2.31,0.0,0.1,0.0,0.9886354231970448,0.28861739379323625,0.0032143005866202,0.28,0,0,0.0
5.158847071000309,211,4693.94,-8.6,5.9,-107.9,0.17,-0.02,0.08,0.12,-0.13,0.97,-81.4,-0.2,-3.0,-2.31,-2.31,0.01,-0.01,0.0,0.9860020283954795,0.18894443627691188,0.005730741480421853,0.28,0,0,0.0
5.167574455000249,212,4693.95,-8.6,5.9,-107.9,0.17,-0.02,0.08,0.12,-0.13,0.97,-81.4,0.0,2.0,-2.31,-2.31,0.0,0.14,0.0,0.9860020283954795,0.18894443627691188,0.005616126650813458,0.28,0,0,0.0
5.179055628000242,213,4693.96,-8.6,5.9,-107.9,0.17,0.02,0.16,0.11,-0.15,0.98,-81.4,0.1,0.0,-2.31,-2.31,0.0,-0.14,0.0,0.9974968671630001,0.23430749027719963,0.005761137874373046,0.28,0,0,0.0
5.187656869999955,214,4693.97,-8.6,5.9,-107.9,0.17,0.02,0.16,0.11,-0.15,0.98,-81.4,0.0,0.0,-2.31,-2.31,0.0,0.07,0.0,0.9974968671630001,0.23430749027719963,0.005645915116885614,0.28,0,0,0.0
5.199658830000772,215,4693.98,-8.6,5.9,-107.9,0.23,0.0,0.16,0.09,-0.16,0.99,-81.4,0.0,-2.0,-2.31,-2.31,0.0,0.11,0.0,1.0068763578513502,0.28017851452243797,0.014724897689130989,0.28,0,0,0.0
5.207692367000163,216,4693.99,-8.6,5.9,-107.9,0.29,-0.02,0.16,0.09,-0.15,0.98,-81.4,0.0,2.0,-2.31,-2.31,0.0,-0.04,0.0,0.9954898291795853,0.33181320046074114,0.003271601637018784,0.28,0,0,0.0
5.2186893510006485,217,4694.0,-8.5,5.9,-107.9,0.32,-0.05,0.12,0.08,-0.15,0.98,-81.4,0.0,-3.0,-2.31,-2.31,0.01,0.05,0.0,0.9946356116689167,0.3453983207834109,0.002369036443823136,0.28,0,0,0.0
5.227619820000655,218,4694.01,-8.5,5.9,-108.0,0.33,-0.08,0.06,0.07,-0.15,0.98,-81.4,0.0,-1.0,-2.31,-2.31,0.0,-0.05,0.0,0.9938812806366764,0.3448187929913334,0.0015824113033511278,0.28,0,0,0.0
5.238897890000771,219,4694.02,-8.5,5.9,-108.0,0.32,-0.1,0.02,0.07,-0.15,0.98,-81.4,0.0,-5.0,-2.31,-2.31,0.03,0.17,0.0,0.9938812806366764,0.3358571124749333,0.0015507630772840786,0.28,0,0,0.0
5.247550099000364,220,4694.03,-8.5,5.9,-108.0,0.31,-0.13,-0.01,0.07,-0.15,0.98,-81.4,0.0,3.0,-2.31,-2.31,0.0,0.05,0.0,0.9938812806366764,0.33630343441600474,0.0015197478157383815,0.28,0,0,0.0
5.259729400000651,221,4694.04,-8.4,5.9,-108.0,0.32,-0.16,-0.03,0.07,-0.15,0.98,-81.4,0.0,0.0,-2.31,-2.31,0.0,-0.07,0.0,0.9938812806366764,0.35902646142032485,0.0014893528594236427,0.28,0,0,0.0
5.267636926000705,222,4694.05,-8.4,5.9,-108.0,0.33,-0.2,-0.04,0.07,-0.14,0.98,-81.4,0.0,0.0,-2.31,-2.31,0.0,-0.01,0.0,0.9924212815130478,0.3879432948254165,2.8766661079093758e-05,0.28,0,0,0.0
5.279022155000348,223,4694.06,-8.4,5.9,-108.0,0.34,-0.25,-0.05,0.07,-0.14,0.98,-81.4,0.1,5.0,-2.31,-2.31,-0.01,0.04,0.0,0.9924212815130478,0.4249705872175156,2.8191327857474135e-05,0.28,0,0,0.0
5.287718709000728,224,4694.07,-8.3,5.9,-108.0,0.32,-0.27,-0.06,0.07,-0.14,0.97,-81.4,-0.2,-1.0,-2.31,-2.31,0.0,0.08,0.0,0.98254770876533,0.422965719651132,0.009648473791463053,0.28,0,0,0.0
5.298882267999943,225,4694.08,-8.3,5.9,-108.0,0.32,-0.3,-0.08,0.07,-0.14,0.98,-81.4,0.3,2.0,-2.31,-2.31,0.0,-0.1,0.0,0.9924212815130478,0.4458699361921591,0.0002205969771296168,0.28,0,0,0.0
5.307735201000469,226,4694.09,-8.3,6.0,-108.0,0.37,-0.34,-0.12,0.07,-0.15,0.98,-81.4,0.0,3.0,-2.31,-2.31,-0.01,0.07,0.0,0.9938812806366764,0.5166236541235796,0.0016469841787430939,0.28,0,0,0.0
5.318709664999915,227,4694.1,-8.2,6.0,-107.9,0.42,-0.38,-0.15,0.07,-0.14,0.98,-81.4,-0.3,0.0,-2.31,-2.31,0.0,0.01,0.0,0.9924212815130478,0.5859180830116101,0.0001832453540122625,0.28,0,0,0.0
5.32759799500036,228,4694.11,-8.2,6.0,-107.9,0.44,-0.43,-0.16,0.07,-0.14,0.98,-81.4,0.4,0.0,-2.31,-2.31,0.0,0.1,0.0,0.9924212815130478,0.6356886030125127,0.00017958044693200392,0.28,0,0,0.0
5.338938488000167,229,4694.12,-8.1,6.0,-107.9,0.42,-0.47,-0.15,0.08,-0.13,0.98,-81.4,-0.2,2.0,-2.31,-2.31,-0.01,0.01,0.0,0.9918165152889923,0.6479197481170025,0.0004166820615809641,0.28,0,0,0.0
5.347397573000308,230,4694.13,-8.1,6.1,-107.9,0.36,-0.51,-0.14,0.09,-0.12,0.98,-81.4,0.0,-1.0,-2.31,-2.31,0.0,0.17,0.0,0.9914131328563284,0.6397655820689325,0.0008036632043599834,0.28,0,0,0.0
5.358999828000378,231,4694.14,-8.0,6.1,-107.9,0.3,-0.52,-0.12,0.1,-0.12,0.98,-81.4,0.0,3.0,-2.31,-2.31,-0.01,-0.03,0.0,0.9923708984044222,0.6122091146005587,0.00015102029685909457,0.28,0,0,0.0
5.367700026000421,232,4694.15,-8.0,6.2,-107.9,0.26,-0.51,-0.09,0.12,-0.13,0.98,-81.4,0.3,0.0,-2.31,-2.31,0.0,0.11,0.0,0.9958413528268446,0.5794825277780168,0.0035490452248958526,0.28,0,0,0.0
5.379022479000014,233,4694.16,-8.0,6.2,-107.9,0.26,-0.45,-0.04,0.13,-0.12,0.98,-81.4,0.0,0.0,-2.31,-2.31,0.0,-0.01,0.0,0.9958413528268446,0.5212485011968859,0.003478064320397989,0.28,0,0,0.0
5.387531133000266,234,4694.17,-7.9,6.3,-107.9,0.24,-0.37,0.01,0.14,-0.11,0.98,-81.4,-0.1,1.0,-2.31,-2.31,0.0,-0.1,0.0,0.9960421677820673,0.4411349000022555,0.003605301690108309,0.28,0,0,0.0
5.398997389000215,235,4694.18,-7.9,6.4,-107.9,0.15,-0.27,0.05,0.15,-0.1,0.98,-81.4,0.0,0.0,-2.31,-2.31,0.0,0.01,0.0,0.9964436762808021,0.31288975694324034,0.003926673985066187,0.28,0,0,0.0
5.407640293999975,236,4694.19,-7.9,6.4,-107.9,0.01,-0.16,0.1,0.15,-0.09,0.98,-81.4,0.1,4.0,-2.31,-2.31,-0.01,0.13,0.0,0.9954898291795853,0.18894443627691185,0.0029133703461723393,0.28,0,0,0.0
5.418932610000411,237,4694.2,-7.9,6.4,-107.9,-0.07,-0.05,0.15,0.15,-0.09,0.98,-81.4,0.0,-1.0,-2.31,-2.31,0.0,-0.04,0.0,0.9954898291795853,0.17291616465790582,0.0028551029392488436,0.28,0,0,0.0
5.427538143000675,238,4694.21,-7.8,6.5,-108.0,-0.14,0.05,0.2,0.15,-0.09,0.99,-81.4,0.0,0.0,-2.31,-2.31,0.0,0.04,0.0,1.0053357648069623,0.24919871588754228,0.012447017795293336,0.28,0,0,0.0
5.438762993000637,239,4694.22,-7.8,6.5,-108.0,-0.21,0.11,0.24,0.14,-0.09,1.0,-81.4,-0.2,0.0,-2.31,-2.31,0.0,-0.07,0.0,1.013755394560246,0.33734255586865997,0.02044931459760546,0.28,0,0,0.0
5.447451677000572,240,4694.23,-7.8,6.5,-108.0,-0.31,0.17,0.29,0.12,-0.1,1.0,-81.4,0.2,-1.0,-2.31,-2.31,0.0,-0.04,0.0,1.0121264743103997,0.45727453460694706,0.01844398646080403,0.28,0,0,0.0
5.458954005000123,241,4694.24,-7.9,6.4,-108.0,-0.33,0.19,0.31,0.11,-0.11,1.0,-81.4,-0.1,2.0,-2.31,-2.31,-0.01,0.07,0.0,1.01202766760598,0.49101934788763674,0.01797827616125669,0.28,0,0,0.0
5.467647364000186,242,4694.25,-7.9,6.4,-108.0,-0.32,0.2,0.31,0.09,-0.12,1.02,-81.4,0.0,-2.0,-2.31,-2.31,0.0,0.2,0.0,1.030970416646375,0.48836461788299124,0.03618260469761847,0.28,0,0,0.0
5.478939051999987,243,4694.26,-7.9,6.4,-108.1,-0.37,0.17,0.29,0.08,-0.12,1.02,-81.4,0.0,0.0,-2.31,-2.31,0.0,-0.01,0.0,1.030145620774073,0.4998999899979995,0.034650652648810176,0.28,0,0,0.0
5.487634515000536,244,4694.27,-8.0,6.3,-108.1,-0.46,0.09,0.23,0.08,-0.12,1.03,-81.4,0.0,2.0,-2.31,-2.31,0.0,-0.02,0.0,1.0400480758118829,0.5221110992882645,0.04366204553288777,0.28,0,0,0.0
5.498965820000194,245,4694.28,-8.0,6.3,-108.1,-0.56,0.1,0.16,0.08,-0.13,1.0,-81.4,0.0,1.0,-2.31,-2.31,0.0,-0.16,0.0,1.011582918005242,0.5909314681077663,0.01489294997172197,0.28,0,0,0.0
5.5073791009999695,246,4694.29,-8.1,6.3,-108.1,-0.49,0.09,0.11,0.08,-0.14,1.0,-81.4,0.1,1.0,-2.31,-2.31,0.0,0.11,0.0,1.012916580968048,0.5101960407529639,0.015902080675837427,0.28,0,0,0.0
5.519108466000034,247,4694.3,-8.1,6.3,-108.1,-0.34,0.16,0.07,0.09,-0.13,1.0,-81.4,-0.3,-6.0,-2.31,-2.31,0.02,-0.03,0.0,1.0124228365658292,0.38223029707232786,0.015100169548146192,0.28,0,0,0.0
5.527627018000203,248,4694.31,-8.1,6.2,-108.1,-0.37,0.18,0.03,0.09,-0.12,1.0,-81.4,0.2,3.0,-2.31,-2.31,0.0,-0.07,0.0,1.0111874208078342,0.4125530268947254,0.013587458714348188,0.28,0,0,0.0
5.538862773000801,249,4694.32,-8.2,6.2,-108.1,-0.49,0.16,-0.01,0.09,-0.12,1.0,-81.4,0.0,0.0,-2.31,-2.31,0.0,0.1,0.0,1.0111874208078342,0.5155579501860096,0.013315709540061227,0.28,0,0,0.0
5.5475665010008015,250,4694.33,-8.2,6.2,-108.1,-0.56,0.09,-0.07,0.08,-0.13,1.01,-81.4,0.0,0.0,-2.31,-2.31,0.0,-0.01,0.0,1.0214695296483396,0.571489282489182,0.0231258620129553,0.28,0,0,0.0
5.5588662440004555,251,4694.34,-8.2,6.2,-108.1,-0.51,0.04,-0.09,0.08,-0.12,1.02,-81.4,-0.1,1.0,-2.31,-2.31,0.0,0.01,0.0,1.030145620774073,0.5194227565288221,0.031165914075914847,0.28,0,0,0.0
5.56742094800029,252,4694.35,-8.3,6.2,-108.1,-0.49,-0.03,-0.03,0.11,-0.12,1.0,-81.4,0.0,-2.0,-2.31,-2.31,0.0,0.14,0.0,1.01316336293808,0.4918333050943175,0.013899983115123526,0.28,0,0,0.0
5.579016786000466,253,4694.36,-8.3,6.2,-108.1,-0.65,0.07,0.02,0.12,-0.11,1.01,-81.4,0.0,2.0,-2.31,-2.31,0.0,0.17,0.0,1.0230347012687302,0.6540642170307134,0.023295895016858137,0.28,0,0,0.0
5.587684298000568,254,4694.37,-8.4,6.2,-108.1,-0.81,0.16,0.02,0.14,-0.11,1.02,-81.4,-0.1,3.0,-2.31,-2.31,-0.02,0.1,0.0,1.0354226190305098,0.8258934555982388,0.03497013652306502,0.28,0,0,0.0
5.598976206000771,255,4694.38,-8.4,6.2,-108.1,-0.97,0.29,0.04,0.16,-0.1,1.02,-81.4,0.0,0.0,-2.31,-2.31,0.0,0.08,0.0,1.0373041983911953,1.0132127121192271,0.03611468156607556,0.28,0,0,0.0
5.607609093000065,256,4694.39,-8.5,6.2,-108.1,-1.11,0.45,0.05,0.17,-0.09,1.01,-81.4,0.2,0.0,-2.31,-2.31,0.0,-0.02,0.0,1.028153685010174,1.198791057691039,0.0264248848213533,0.28,0,0,0.0
5.61905040000056,257,4694.4,-8.6,6.1,-108.1,-1.23,0.61,0.06,0.18,-0.08,1.01,-81.4,-0.2,1.0,-2.31,-2.31,0.0,0.17,0.0,1.0290286682109493,1.3742634390829147,0.026753870661686108,0.28,0,0,0.0
5.627611087000332,258,4694.41,-8.7,6.1,-108.1,-1.38,0.73,0.04,0.17,-0.08,1.01,-81.4,-0.1,0.0,-2.31,-2.31,0.0,-0.01,0.0,1.0273266277090263,1.561697794069006,0.024550793556567863,0.28,0,0,0.0
5.639685135000036,259,4694.42,-8.8,6.1,-108.1,-1.58,0.85,0.0,0.16,-0.08,1.0,-81.4,0.0,-1.0,-2.31,-2.31,0.0,-0.1,0.0,1.0158740079360236,1.7941293152947477,0.012836210307893836,0.28,0,0,0.0
5.651655502000722,260,4694.43,-8.9,6.0,-108.0,-1.73,0.93,-0.05,0.13,-0.09,1.0,-81.4,0.0,0.0,-2.31,-2.31,0.0,0.05,0.0,1.0124228365658292,1.9647646169452462,0.009197338158945412,0.28,0,0,0.0
5.659428797000146,261,4694.44,-9.1,5.9,-108.0,-1.81,0.93,-0.1,0.1,-0.09,1.02,-81.4,-0.2,2.0,-2.31,-2.31,0.0,0.14,0.0,1.0288342918079665,2.0374003043093913,0.02509661753306114,0.28,0,0,0.0
5.6675199900000734,262,4694.45,-9.2,5.8,-108.0,-1.95,0.81,-0.13,0.08,-0.09,1.03,-81.4,0.0,2.0,-2.31,-2.31,0.0,-0.01,0.0,1.0370149468546728,2.1155377566945006,0.03261172712817206,0.28,0,0,0.0
5.67880687700017,263,4694.46,-9.4,5.7,-108.0,-2.16,0.68,-0.12,0.06,-0.09,1.02,-81.4,0.1,6.0,-2.31,-2.31,-0.03,0.11,0.0,1.0257192598367255,2.267686045289339,0.020889719308020416,0.28,0,0,0.0
5.6874492659999305,264,4694.47,-9.6,5.6,-107.9,-2.38,0.57,-0.11,0.05,-0.09,1.01,-81.4,-0.1,3.0,-2.31,-2.31,-0.02,-0.1,0.0,1.0152339631828715,2.449775499918309,0.010196334201083124,0.28,0,0,0.0
5.698930911000389,265,4694.48,-9.8,5.6,-107.9,-2.54,0.45,-0.13,0.06,-0.1,1.02,-81.4,0.0,-2.0,-2.31,-2.31,0.0,0.13,0.0,1.0266450214168479,2.5828279075463003,0.02117524458635822,0.28,0,0,0.0
5.707548491000125,266,4694.49,-10.0,5.5,-107.9,-2.76,0.36,-0.15,0.07,-0.1,1.02,-81.4,0.0,3.0,-2.31,-2.31,0.0,-0.07,0.0,1.027277956543408,2.7874181602335875,0.02137201611865991,0.28,0,0,0.0
5.718789763000132,267,4694.5,-10.3,5.5,-107.9,-3.01,0.29,-0.18,0.1,-0.12,1.02,-81.4,0.0,0.0,-2.31,-2.31,0.0,0.01,0.0,1.0318914671611545,3.0292903459391276,0.025465816201678315,0.28,0,0,0.0
5.727483694000512,268,4694.51,-10.5,5.5,-107.8,-3.15,0.2,-0.24,0.12,-0.13,1.01,-81.4,-0.2,0.0,-2.31,-2.31,0.0,0.04,0.0,1.0253779790886872,3.165454153830063,0.018573281566626854,0.28,0,0,0.0
5.738899336000031,269,4694.52,-10.8,5.5,-107.8,-3.32,0.15,-0.24,0.13,-0.14,0.98,-81.4,0.1,1.0,-2.31,-2.31,0.0,-0.01,0.0,0.9984487968844471,3.3320414163092273,0.008188782624861002,0.28,0,0,0.0
5.7515303140007745,270,4694.53,-11.2,5.5,-107.8,-3.41,0.15,-0.23,0.13,-0.17,0.97,-81.4,0.0,0.0,-2.31,-2.31,0.0,-0.05,0.0,0.993327740476425,3.421037854219097,0.01304364225222543,0.28,0,0,0.0
5.759656353000537,271,4694.54,-11.5,5.5,-107.7,-3.45,0.19,-0.21,0.13,-0.19,0.98,-81.4,-0.1,0.0,-2.31,-2.31,0.0,0.01,0.0,1.006677704133751,3.4616036745993903,0.0003001949769985135,0.28,0,0,0.0
5.767524622000565,272,4694.55,-11.8,5.5,-107.7,-3.56,0.37,-0.19,0.15,-0.22,0.96,-81.4,0.1,0.0,-2.31,-2.31,0.0,0.13,0.0,0.9962429422585637,3.584215395313178,0.009931875560224901,0.28,0,0,0.0
5.778778589000467,273,4694.56,-12.2,5.5,-107.7,-3.56,0.54,-0.19,0.16,-0.23,0.97,-81.4,0.2,0.0,-2.31,-2.31,0.0,-0.05,0.0,1.0096534058774822,3.6057315485210486,0.0034090162975197735,0.28,0,0,0.0
5.7874572139999145,274,4694.57,-12.6,5.5,-107.7,-3.52,0.7,-0.16,0.18,-0.22,0.96,-81.4,0.0,2.0,-2.31,-2.31,0.0,-0.08,0.0,1.0011992808627062,3.592492171181449,0.004944206542911056,0.28,0,0,0.0
5.798928303000139,275,4694.58,-12.9,5.5,-107.6,-3.49,0.86,-0.14,0.17,-0.21,0.96,-81.4,0.0,1.0,-2.31,-2.31,0.0,0.07,0.0,0.9972963451251589,3.5971238510788033,0.008670199434849257,0.28,0,0,0.0
5.81161734700072,276,4694.59,-13.2,5.4,-107.6,-3.52,0.99,-0.1,0.16,-0.18,0.93,-81.4,0.0,-3.0,-2.31,-2.31,0.01,0.09,0.0,0.9606768447297979,3.657936576814858,0.044383905833606074,0.28,0,0,0.0
5.8195851090004,277,4694.6,-13.6,5.3,-107.6,-3.64,1.1,-0.02,0.15,-0.17,0.92,-81.4,0.0,5.0,-2.31,-2.31,-0.01,-0.05,0.0,0.9475230867899737,3.802630668366309,0.05638691049796163,0.28,0,0,0.0
5.82765039700007,278,4694.61,-13.9,5.3,-107.5,-3.77,1.16,0.06,0.13,-0.16,0.93,-81.4,-0.1,0.0,-2.31,-2.31,0.0,-0.05,0.0,0.9525754563287887,3.9448827612490587,0.05030785013996364,0.28,0,0,0.0
5.8388505980001355,279,4694.62,-14.3,5.2,-107.5,-3.99,1.21,0.18,0.12,-0.16,0.93,-81.4,0.0,0.0,-2.31,-2.31,0.0,-0.02,0.0,0.9512623192369181,4.173320021278023,0.05058856748719753,0.28,0,0,0.0
5.851512981000269,280,4694.63,-14.6,5.1,-107.5,-4.17,1.22,0.33,0.11,-0.18,0.94,-81.4,0.1,0.0,-2.31,-2.31,0.0,-0.01,0.0,0.9633794683301071,4.35731568743877,0.037701990026128396,0.28,0,0,0.0
5.859529893000399,281,4694.64,-15.0,4.9,-107.5,-4.25,1.24,0.45,0.09,-0.21,0.95,-81.4,0.1,0.0,-2.31,-2.31,0.0,-0.11,0.0,0.9770875088752287,4.450011235940871,0.023514070491386763,0.28,0,0,0.0
5.867571278000469,282,4694.65,-15.4,4.8,-107.5,-4.4,1.27,0.54,0.07,-0.22,0.95,-81.4,0.0,0.0,-2.31,-2.31,0.0,-0.04,0.0,0.9776502442080194,4.611344706265191,0.02249230845542416,0.28,0,0,0.0
5.878926622000108,283,4694.66,-15.9,4.7,-107.5,-4.56,1.26,0.6,0.06,-0.25,0.97,-81.4,0.0,0.0,-2.31,-2.31,0.01,-0.05,0.0,1.003493896344168,4.768773427203268,0.0032843168071099438,0.28,0,0,0.0
5.887546406000183,284,4694.67,-16.3,4.5,-107.6,-4.64,1.19,0.61,0.05,-0.27,0.97,-81.4,-0.1,-1.0,-2.31,-2.31,0.01,0.13,0.0,1.0081170566953026,4.828850794961467,0.0077493276150797374,0.28,0,0,0.0
5.898851652000303,285,4694.68,-16.8,4.4,-107.6,-4.71,1.15,0.57,0.03,-0.28,0.97,-81.4,0.1,1.0,-2.31,-2.31,0.0,-0.02,0.0,1.0100495037373167,4.881751734777179,0.00948813916395208,0.28,0,0,0.0
5.907487174999915,286,4694.69,-17.3,4.2,-107.6,-4.8,1.1,0.54,0.02,-0.3,0.98,-81.4,0.0,0.0,-2.31,-2.31,0.0,0.0,0.0,1.02508536229916,4.953947920598278,0.024033517771279378,0.28,0,0,0.0
5.91896163399997,287,4694.7,-17.8,4.1,-107.6,-4.83,1.07,0.49,0.0,-0.32,0.99,-81.4,0.0,1.0,-2.31,-2.31,0.0,0.0,0.0,1.0404326023342405,4.97130767504889,0.038593142650232615,0.28,0,0,0.0
5.9274335430000065,288,4694.71,-18.2,3.9,-107.6,-4.79,0.98,0.42,0.0,-0.34,0.99,-81.4,0.1,2.0,-2.31,-2.31,0.0,-0.08,0.0,1.0467568963231146,4.9072293608511925,0.044019087906324694,0.28,0,0,0.0
5.938844084000266,289,4694.72,-18.7,3.8,-107.6,-4.71,0.95,0.36,0.0,-0.35,0.98,-81.4,-0.1,0.0,-2.31,-2.31,0.0,-0.08,0.0,1.0406248123122954,4.8183192090188465,0.03712926381759529,0.28,0,0,0.0
5.947533700000349,290,4694.73,-19.2,3.6,-107.6,-4.73,0.98,0.31,0.0,-0.35,0.98,-81.4,0.2,0.0,-2.31,-2.31,0.0,0.03,0.0,1.0406248123122954,4.840392546064834,0.036386678541243445,0.28,0,0,0.0
5.9587976790007815,291,4694.74,-19.7,3.5,-107.6,-4.77,0.96,0.26,0.01,-0.35,0.97,-81.4,0.3,1.0,-2.31,-2.31,-0.01,0.18,0.0,1.0312613635737546,4.872586582093744,0.026482765206648606,0.28,0,0,0.0
5.967579422000199,292,4694.75,-20.2,3.4,-107.6,-4.8,0.94,0.21,0.02,-0.35,0.96,-81.4,0.0,-2.0,-2.31,-2.31,0.0,0.06,0.0,1.0220078277586724,4.895681770703647,0.01688464480373497,0.28,0,0,0.0
5.978942893000749,293,4694.76,-20.7,3.3,-107.6,-4.82,0.93,0.2,0.03,-0.35,0.95,-81.4,0.1,-2.0,-2.31,-2.31,0.0,0.0,0.0,1.0128672173587216,4.912972623575262,0.007589153715708452,0.28,0,0,0.0
5.987540824000462,294,4694.77,-21.1,3.2,-107.6,-4.91,0.96,0.19,0.03,-0.35,0.94,-81.4,0.2,2.0,-2.31,-2.31,0.0,-0.05,0.0,1.003493896344168,5.006575676048451,0.0017484839528683072,0.28,0,0,0.0
5.998693208000077,295,4694.78,-21.6,3.1,-107.6,-5.01,0.98,0.16,0.03,-0.36,0.93,-81.4,0.3,0.0,-2.31,-2.31,0.0,0.18,0.0,0.9976973488989535,5.107455335095942,0.007394130770121188,0.28,0,0,0.0
6.007428378000441,296,4694.79,-22.1,2.9,-107.6,-5.15,1.04,0.12,0.03,-0.36,0.91,-81.4,0.4,2.0,-2.31,-2.31,-0.02,0.0,0.0,0.9790812019439451,5.25533062708713,0.025490072170626932,0.28,0,0,0.0
6.018901612000263,297,4694.8,-22.7,2.8,-107.5,-5.32,1.12,0.06,0.03,-0.38,0.9,-81.4,0.5,-2.0,-2.31,-2.31,0.0,-0.07,0.0,0.9773944955850734,5.436947673097471,0.026633242958908565,0.28,0,0,0.0
6.0272279900000285,298,4694.81,-23.2,2.7,-107.5,-5.39,1.2,0.0,0.03,-0.4,0.9,-81.4,0.2,-1.0,-2.31,-2.31,0.0,0.12,0.0,0.9853425800197615,5.521965229879666,0.018311455353736017,0.28,0,0,0.0
6.0388443410001855,299,4694.82,-23.7,2.6,-107.4,-5.42,1.24,-0.11,0.04,-0.42,0.89,-81.4,0.0,0.0,-2.31,-2.31,0.0,0.0,0.0,0.9849365461794988,5.561123987109081,0.01834313941011878,0.28,0,0,0.0
6.047395184999914,300,4694.83,-24.3,2.5,-107.4,-5.33,1.24,-0.21,0.04,-0.43,0.88,-81.4,0.2,1.0,-2.31,-2.31,0.0,0.14,0.0,0.9802550688468793,5.476367409149974,0.022564124407883468,0.28,0,0,0.0
6.058980310000152,301,4694.84,-24.8,2.4,-107.3,-5.29,1.3,-0.28,0.04,-0.43,0.86,-81.4,0.3,-2.0,-2.31,-2.31,0.0,0.0,0.0,0.9623408959407264,5.4545852271277235,0.039668731367755616,0.28,0,0,0.0
6.06756521600073,302,4694.85,-25.4,2.3,-107.2,-5.25,1.39,-0.31,0.04,-0.43,0.85,-81.4,0.3,2.0,-2.31,-2.31,-0.01,-0.1,0.0,0.9534149149242421,5.439733449352091,0.047622818136555,0.28,0,0,0.0
6.0788247140008025,303,4694.86,-25.9,2.2,-107.1,-5.26,1.42,-0.32,0.03,-0.43,0.87,-81.4,0.0,0.0,-2.31,-2.31,0.0,-0.1,0.0,0.9709273917240155,5.457691819808077,0.029508134510045858,0.28,0,0,0.0
6.087478495000141,304,4694.87,-26.5,2.0,-107.0,-5.38,1.39,-0.37,0.01,-0.44,0.87,-81.4,0.1,0.0,-2.31,-2.31,0.0,0.08,0.0,0.9749871794028884,5.568967588341667,0.02493937989454953,0.28,0,0,0.0
6.098599292000472,305,4694.88,-27.0,1.9,-106.9,-5.46,1.28,-0.41,0.0,-0.45,0.86,-81.4,-0.2,0.0,-2.31,-2.31,0.0,0.08,0.0,0.9706183596038146,5.6229974213047615,0.028722035699750847,0.28,0,0,0.0
6.107490328000495,306,4694.89,-27.6,1.8,-106.8,-5.49,1.14,-0.43,0.0,-0.46,0.87,-81.4,0.0,-1.0,-2.31,-2.31,0.0,-0.04,0.0,0.9841239759298622,5.6235753751505815,0.014912090986229143,0.28,0,0,0.0
6.118880865999927,307,4694.9,-28.1,1.7,-106.7,-5.58,1.02,-0.44,-0.01,-0.46,0.87,-81.4,0.1,-3.0,-2.31,-2.31,0.01,0.09,0.0,0.9841747812253675,5.6894990992177865,0.01456405997690935,0.28,0,0,0.0
6.127437299000121,308,4694.91,-28.7,1.6,-106.7,-5.73,0.95,-0.45,-0.01,-0.47,0.88,-81.4,-0.3,0.0,-2.31,-2.31,0.0,0.14,0.0,0.9976973488989535,5.8256244300503965,0.00102066245725696,0.28,0,0,0.0
6.138896968000154,309,4694.92,-29.2,1.6,-106.6,-5.89,0.92,-0.5,0.0,-0.49,0.87,-81.4,-1.0,-4.0,-2.31,-2.31,0.03,-0.02,0.0,0.9984988733093293,5.9823490369586425,0.00021475528594350202,0.28,0,0,0.0
6.14739316000032,310,4694.93,-29.8,1.5,-106.5,-5.94,0.91,-0.54,0.01,-0.52,0.86,-81.4,-0.2,6.0,-2.31,-2.31,0.0,0.12,0.0,1.0050373127401788,6.03351473023809,0.0061972104620079405,0.28,0,0,0.0
6.1589296810007,311,4694.94,-30.4,1.4,-106.4,-5.9,0.91,-0.57,0.01,-0.52,0.85,-81.4,0.0,-3.0,-2.31,-2.31,0.03,0.06,0.0,0.9964938534682489,5.996915874013909,0.0022993238337235544,0.28,0,0,0.0
6.167442104000656,312,4694.95,-31.0,1.4,-106.3,-5.87,0.93,-0.56,0.02,-0.53,0.84,-81.4,-2.5,-17.0,-2.31,-2.31,0.09,0.01,0.0,0.9934284070832683,5.969539345711694,0.005257474814330143,0.28,0,0,0.0
6.179130694000378,313,4694.96,-31.6,1.3,-106.2,-5.82,0.95,-0.54,0.03,-0.53,0.84,-81.4,-4.9,-25.0,-2.3,-2.3,0.18,0.06,0.0,0.9936800289831732,5.921697391795702,0.004905735856136739,0.28,0,0,0.0
6.187379868000789,314,4694.97,-32.2,1.3,-106.1,-5.79,0.94,-0.5,0.03,-0.54,0.82,-81.5,-7.3,-21.0,-2.3,-2.3,0.22,0.06,0.0,0.9822932352408825,5.887079072001666,0.015966679006458873,0.28,0,0,0.0
6.199144916000478,315,4694.98,-32.8,1.2,-106.0,-5.84,1.02,-0.52,0.02,-0.52,0.83,-81.6,-11.2,-46.0,-2.3,-2.3,0.4,0.12,0.0,0.9796427920420789,5.951167952595523,0.018244779761157237,0.28,0,0,0.0
6.211652318000233,316,4694.99,-33.4,1.2,-105.9,-6.02,1.01,-0.51,0.02,-0.52,0.81,-81.8,-20.9,-83.0,-2.29,-2.29,0.69,-0.05,0.0,0.9627564593395362,6.125406108985754,0.034428490214425955,0.28,0,0,0.0
6.219405695000205,317,4695.0,-34.0,1.1,-105.8,-6.23,1.0,-0.49,0.01,-0.53,0.79,-82.0,-28.4,-130.0,-2.28,-2.28,1.02,0.11,0.0,0.9513674369033239,6.328743951211805,0.04490116239762554,0.28,0,0,0.0
6.227363339000476,318,4695.01,-34.6,1.1,-105.7,-6.36,0.96,-0.5,0.01,-0.54,0.8,-82.5,-45.6,-146.0,-2.27,-2.27,1.42,0.17,0.0,0.9652460826131335,6.451449449542328,0.03040206635405962,0.28,0,0,0.0
6.239070223999988,319,4695.02,-35.3,1.0,-105.6,-6.53,0.91,-0.49,0.0,-0.55,0.79,-83.0,-60.7,-155.0,-2.25,-2.25,1.86,-0.1,0.0,0.9626006440887104,6.611285805348306,0.032386554780913124,0.28,0,0,0.0
6.24736456500068,320,4695.03,-35.9,0.9,-105.5,-6.67,0.83,-0.46,-0.01,-0.57,0.77,-83.8,-78.5,-175.0,-2.23,-2.23,2.36,-0.16,0.0,0.958070978581441,6.737165576115819,0.03617789588241893,0.28,0,0,0.0
6.259007317000396,321,4695.04,-36.6,0.9,-105.4,-6.71,0.76,-0.42,-0.03,-0.58,0.78,-84.7,-97.7,-186.0,-2.2,-2.2,2.88,0.12,0.0,0.9724710792614863,6.7659515221438,0.021342239298326127,0.28,0,0,0.0
6.2674768000006225,322,4695.05,-37.3,0.8,-105.4,-6.8,0.62,-0.36,-0.04,-0.59,0.77,-85.8,-115.1,-171.0,-2.17,-2.17,3.33,-0.03,0.0,0.9708758932015976,6.837689668301714,0.02247867685105054,0.28,0,0,0.0
6.278907189000165,323,4695.06,-38.0,0.8,-105.3,-6.86,0.44,-0.32,-0.05,-0.61,0.76,-87.0,-130.7,-157.0,-2.14,-2.14,3.73,-0.04,0.0,0.9758073580374356,6.881540525202189,0.017196267774908347,0.28,0,0,0.0
6.287421751000693,324,4695.07,-38.7,0.7,-105.3,-6.84,0.25,-0.28,-0.05,-0.62,0.76,-88.4,-143.2,-121.0,-2.1,-2.1,4.0,0.0,0.0,0.982089608946149,6.85029196458078,0.010695736528871014,0.28,0,0,0.0
6.2990611459999855,325,4695.08,-39.4,0.7,-105.2,-6.79,0.03,-0.24,-0.04,-0.62,0.74,-89.9,-150.5,-85.0,-2.06,-2.06,4.17,0.1,0.0,0.966229786334493,6.794306439953971,0.026024447957716523,0.28,0,0,0.0
6.307488895000461,326,4695.09,-40.1,0.7,-105.2,-6.83,-0.11,-0.17,-0.03,-0.63,0.71,-91.5,-154.6,-47.0,-2.01,-2.01,4.24,-0.11,0.0,0.9496841580230767,6.8330008049172655,0.04171867474375013,0.28,0,0,0.0
6.318970869000623,327,4695.1,-40.8,0.7,-105.2,-6.88,-0.19,-0.12,-0.02,-0.63,0.71,-93.0,-156.6,-24.0,-1.97,-1.97,4.25,-0.02,0.0,0.9494208761134337,6.883669079785866,0.04114231752032527,0.28,0,0,0.0
6.327448277000258,328,4695.11,-41.5,0.7,-105.2,-6.91,-0.26,-0.1,0.0,-0.64,0.7,-94.6,-156.9,-10.0,-1.93,-1.93,4.27,-0.14,0.0,0.94847245611035,6.915612771114358,0.04124892277294079,0.28,0,0,0.0
6.339112753000336,329,4695.12,-42.2,0.7,-105.2,-7.01,-0.3,-0.12,0.0,-0.65,0.67,-96.2,-156.3,9.0,-1.89,-1.89,4.21,-0.1,0.0,0.9334880824091972,7.017442554093336,0.05510863054461168,0.28,0,0,0.0
6.347382892000496,330,4695.13,-42.9,0.7,-105.3,-7.11,-0.35,-0.16,0.01,-0.66,0.67,-97.7,-153.7,23.0,-1.84,-1.84,4.13,-0.11,0.0,0.9405317644821998,7.120407291721451,0.047103649502176936,0.28,0,0,0.0
6.358974953000143,331,4695.14,-43.6,0.8,-105.3,-7.2,-0.38,-0.14,0.02,-0.65,0.65,-99.2,-149.1,48.0,-1.8,-1.8,3.95,0.22,0.0,0.9194563611178076,7.21137989569264,0.06681547180923775,0.28,0,0,0.0
6.367448587000581,332,4695.15,-44.4,0.8,-105.3,-7.29,-0.3,-0.07,0.02,-0.67,0.63,-100.7,-141.5,69.0,-1.76,-1.76,3.74,-0.15,0.0,0.9198912979260104,7.296506013154516,0.06505292430101417,0.28,0,0,0.0
6.378936608000004,333,4695.16,-45.1,0.8,-105.3,-7.34,-0.22,0.01,0.02,-0.68,0.62,-102.0,-132.2,88.0,-1.73,-1.73,3.47,-0.17,0.0,0.9204346799203081,7.3433030715067185,0.06321935146058211,0.28,0,0,0.0
6.387455417000638,334,4695.17,-45.9,0.8,-105.3,-7.42,-0.19,0.1,0.03,-0.71,0.61,-103.3,-123.0,85.0,-1.7,-1.7,3.25,-0.23,0.0,0.9365361712181757,7.423105818995173,0.04617550295946027,0.28,0,0,0.0
6.399217561000114,335,4695.18,-46.7,0.9,-105.3,-7.37,-0.11,0.18,0.04,-0.72,0.61,-104.4,-114.1,81.0,-1.67,-1.67,3.02,-0.11,0.0,0.9445104552094699,7.37301837784228,0.03743719458880279,0.28,0,0,0.0
6.407473207000294,336,4695.19,-47.4,0.9,-105.4,-7.36,-0.05,0.28,0.05,-0.75,0.6,-105.5,-107.2,68.0,-1.64,-1.64,2.85,-0.21,0.0,0.9617692030835672,7.365493873461576,0.019774877780411315,0.28,0,0,0.0
6.419102687000304,337,4695.2,-48.2,0.9,-105.4,-7.38,0.05,0.35,0.06,-0.77,0.57,-106.6,-101.1,65.0,-1.61,-1.61,2.67,0.21,0.0,0.9598958276813166,7.388463981099184,0.021215288119008635,0.28,0,0,0.0
6.42761711500043,338,4695.21,-48.9,0.8,-105.4,-7.18,0.2,0.4,0.07,-0.77,0.55,-107.5,-95.8,45.0,-1.58,-1.58,2.58,0.15,0.0,0.948841398759561,7.193914094566322,0.03162432269994908,0.28,0,0,0.0
6.438980392000303,339,4695.22,-49.7,0.8,-105.4,-7.18,0.39,0.48,0.07,-0.78,0.55,-108.5,-95.1,13.0,-1.56,-1.56,2.59,0.12,0.0,0.9569743988216196,7.206587264440777,0.023021496185132606,0.28,0,0,0.0
6.44736636900052,340,4695.23,-50.4,0.7,-105.4,-7.18,0.58,0.52,0.07,-0.79,0.53,-109.4,-96.6,-11.0,-1.53,-1.53,2.66,0.08,0.0,0.9538867857350788,7.222132649017186,0.025586927086239997,0.28,0,0,0.0
6.458984524000698,341,4695.24,-51.1,0.6,-105.4,-7.22,0.74,0.54,0.05,-0.78,0.53,-110.4,-99.2,-22.0,-1.5,-1.5,2.73,0.02,0.0,0.944351629426243,7.277884307956537,0.034419641727174266,0.28,0,0,0.0
6.467532264000511,342,4695.25,-51.9,0.6,-105.4,-7.29,0.81,0.56,0.04,-0.78,0.51,-111.5,-104.1,-41.0,-1.48,-1.48,2.88,-0.1,0.0,0.9327915093953204,7.356208262413457,0.045060166522934875,0.28,0,0,0.0
6.478787427000498,343,4695.26,-52.7,0.5,-105.3,-7.4,0.85,0.52,0.03,-0.8,0.51,-112.5,-110.0,-64.0,-1.45,-1.45,3.09,-0.08,0.0,0.9492101980067429,7.466786457372408,0.028068648353282155,0.28,0,0,0.0
6.487528637000651,344,4695.27,-53.4,0.4,-105.3,-7.52,0.84,0.46,0.02,-0.82,0.51,-113.7,-118.7,-81.0,-1.41,-1.41,3.33,0.03,0.0,0.9658674857349738,7.580738750280212,0.011183133412550172,0.28,0,0,0.0
6.498701720000099,345,4695.28,-54.2,0.3,-105.2,-7.58,0.78,0.39,0.0,-0.84,0.52,-114.9,-125.7,-66.0,-1.38,-1.38,3.49,0.11,0.0,0.9879271228182775,7.63,0.010658973597338472,0.28,0,0,0.0
6.50740143800067,346,4695.29,-55.0,0.2,-105.2,-7.56,0.7,0.37,-0.01,-0.85,0.5,-116.2,-131.9,-62.0,-1.34,-1.34,3.65,-0.07,0.0,0.9862048468751307,7.601348564564053,0.008757963701107707,0.28,0,0,0.0
6.519007320000128,347,4695.3,-55.8,0.2,-105.2,-7.5,0.58,0.34,-0.02,-0.85,0.49,-117.6,-136.4,-49.0,-1.3,-1.3,3.76,-0.14,0.0,0.9813256340277675,7.530073040814411,0.0038011758366697235,0.28,0,0,0.0
6.5275217660000635,348,4695.31,-56.6,0.1,-105.2,-7.42,0.48,0.35,-0.01,-0.85,0.46,-119.0,-140.8,-41.0,-1.27,-1.27,3.86,0.08,0.0,0.9665402216152207,7.443742338367174,0.010764551844359538,0.28,0,0,0.0
6.53905061200021,349,4695.32,-57.4,0.0,-105.1,-7.49,0.38,0.39,-0.01,-0.85,0.45,-120.4,-142.5,-23.0,-1.23,-1.23,3.89,-0.08,0.0,0.9618211892030659,7.5097669737482535,0.015173912571384007,0.28,0,0,0.0
6.547559937000187,350,4695.33,-58.2,0.0,-105.1,-7.53,0.3,0.35,0.0,-0.86,0.41,-121.8,-145.3,-25.0,-1.19,-1.19,3.98,-0.07,0.0,0.952732911156112,7.544097030128921,0.02377694680597109,0.28,0,0,0.0
6.558863440000096,351,4695.34,-59.0,0.0,-105.1,-7.65,0.27,0.33,0.0,-0.86,0.41,-123.3,-147.4,-18.0,-1.15,-1.15,4.02,0.1,0.0,0.952732911156112,7.661873139122052,0.023301407869851687,0.28,0,0,0.0
6.567617462000271,352,4695.35,-59.9,0.0,-105.1,-7.77,0.29,0.34,0.01,-0.88,0.39,-124.8,-148.2,-5.0,-1.11,-1.11,4.01,0.12,0.0,0.9626006440887104,7.78284009857584,0.013165001438508295,0.28,0,0,0.0
6.57917654800076,353,4695.36,-60.7,-0.1,-105.1,-7.84,0.35,0.36,0.03,-0.89,0.38,-126.3,-146.6,7.0,-1.07,-1.07,3.97,0.03,0.0,0.9681941953967707,7.856061354139236,0.007420021127839016,0.28,0,0,0.0
6.587654678000035,354,4695.37,-61.5,-0.1,-105.1,-7.87,0.4,0.35,0.03,-0.92,0.37,-127.7,-146.0,11.0,-1.03,-1.03,3.93,-0.1,0.0,0.9920685460188726,7.887927484453695,0.016125242904377668,0.28,0,0,0.0
6.599002523000308,355,4695.38,-62.3,-0.2,-105.1,-7.76,0.44,0.29,0.04,-0.93,0.36,-129.2,-142.4,26.0,-0.99,-0.99,3.83,-0.01,0.0,0.998048095033501,7.777872459741159,0.021662696080625876,0.28,0,0,0.0
6.607648660999985,356,4695.39,-63.0,-0.2,-105.0,-7.63,0.54,0.27,0.04,-0.93,0.33,-130.6,-138.0,43.0,-0.95,-0.95,3.68,0.05,0.0,0.9876234100101112,7.653848705063355,0.011013250836091393,0.28,0,0,0.0
6.619099189000735,357,4695.4,-63.8,-0.3,-105.0,-7.52,0.67,0.29,0.03,-0.92,0.32,-131.9,-133.5,43.0,-0.92,-0.92,3.57,-0.02,0.0,0.9745255255764212,7.555355716311443,0.002042940925646608,0.28,0,0,0.0
6.627548031000515,358,4695.41,-64.5,-0.3,-104.9,-7.41,0.81,0.28,0.04,-0.92,0.31,-133.2,-126.9,60.0,-0.88,-0.88,3.37,0.01,0.0,0.9716480844420988,7.459396758451719,0.004821974418769637,0.28,0,0,0.0
6.638902749000408,359,4695.42,-65.3,-0.4,-104.9,-7.43,0.89,0.28,0.03,-0.92,0.3,-134.4,-123.1,33.0,-0.85,-0.85,3.34,-0.04,0.0,0.9681425514871248,7.488350953314087,0.00816095722626875,0.28,0,0,0.0
6.647542147000422,360,4695.43,-66.0,-0.5,-104.8,-7.52,0.98,0.28,0.04,-0.92,0.31,-135.7,-121.5,17.0,-0.82,-0.82,3.3,0.02,0.0,0.9716480844420988,7.588754838575298,0.0045623157858688534,0.28,0,0,0.0
6.659049640000376,361,4695.44,-66.8,-0.5,-104.7,-7.6,1.04,0.25,0.04,-0.94,0.29,-136.9,-121.1,7.0,-0.78,-0.78,3.29,0.02,0.0,0.9845303448853163,7.674900650822784,0.008153545764201686,0.28,0,0,0.0
6.6676649650007676,362,4695.45,-67.5,-0.6,-104.6,-7.64,1.14,0.22,0.03,-0.94,0.27,-138.1,-120.2,12.0,-0.75,-0.75,3.25,0.06,0.0,0.9784681905918046,7.727716350902122,0.0020495636412761753,0.28,0,0,0.0
6.679047072000685,363,4695.46,-68.3,-0.6,-104.5,-7.64,1.16,0.23,0.02,-0.96,0.27,-139.3,-120.2,0.0,-0.72,-0.72,3.27,0.19,0.0,0.9974467404327911,7.73098311988844,0.02060755121261748,0.28,0,0,0.0
6.687634949000312,364,4695.47,-69.1,-0.7,-104.4,-7.5,1.26,0.25,0.02,-0.96,0.24,-140.5,-121.9,-8.0,-0.68,-0.68,3.31,-0.02,0.0,0.9897474425326898,7.609211522884615,0.01265008824626579,0.28,0,0,0.0
6.69906365099996,365,4695.48,-69.9,-0.8,-104.3,-7.4,1.28,0.28,0.01,-0.97,0.25,-141.7,-123.0,-12.0,-0.65,-0.65,3.35,1.25,0.0,1.0017484714238398,7.515104789688564,0.024158094794667573,0.28,0,0,0.0
6.707754863000446,366,4695.49,-70.7,-0.8,-104.2,-7.33,1.28,0.3,0.01,-0.97,0.24,-143.0,-125.6,-26.0,-0.62,-0.62,3.45,0.25,0.0,0.9992997548283498,7.44696582508608,0.021275190635194008,0.28,0,0,0.0
6.718949774000066,367,4695.5,-71.5,-0.9,-104.1,-7.27,1.29,0.29,0.01,-0.96,0.22,-144.2,-127.4,-18.0,-0.58,-0.58,3.49,0.11,0.0,0.9849365461794988,7.389255713534347,0.006773742346616207,0.28,0,0,0.0
6.727600472000631,368,4695.51,-72.2,-0.9,-104.0,-7.22,1.33,0.33,0.0,-0.96,0.21,-145.5,-129.3,-12.0,-0.55,-0.55,3.5,-0.29,0.0,0.982700361249552,7.348891072808196,0.004446806268336045,0.28,0,0,0.0
6.738888184000643,369,4695.52,-73.0,-1.0,-103.8,-7.17,1.38,0.32,0.0,-0.97,0.19,-146.8,-129.6,-7.0,-0.51,-0.51,3.54,-0.07,0.0,0.9884331034521254,7.30860451796374,0.009975957501491273,0.28,0,0,0.0
6.747549136000089,370,4695.53,-73.8,-1.0,-103.7,-7.07,1.42,0.31,0.0,-0.97,0.19,-148.1,-130.3,-4.0,-0.48,-0.48,3.54,0.07,0.0,0.9884331034521254,7.2178528663308175,0.00977643835146147,0.28,0,0,0.0
6.759013259000312,371,4695.54,-74.5,-1.1,-103.6,-7.0,1.39,0.29,0.0,-0.99,0.2,-149.4,-129.9,3.0,-0.44,-0.44,3.5,0.1,0.0,1.01,7.1425625653542575,0.030716468201349323,0.28,0,0,0.0
6.7676359690003665,372,4695.55,-75.3,-1.1,-103.5,-6.87,1.32,0.15,0.0,-0.99,0.18,-150.7,-129.9,2.0,-0.4,-0.4,3.5,-0.06,0.0,1.0062305898749053,6.997270896571034,0.02640811691472955,0.28,0,0,0.0
6.7789724120002575,373,4695.56,-76.0,-1.2,-103.3,-6.82,1.22,0.09,0.0,-0.97,0.18,-152.0,-128.6,11.0,-0.37,-0.37,3.46,-0.1,0.0,0.9865596788841514,6.928845502679361,0.006602461805496174,0.28,0,0,0.0
6.787405665000733,374,4695.57,-76.7,-1.2,-103.2,-6.78,1.13,0.06,0.0,-0.98,0.17,-153.3,-127.2,8.0,-0.34,-0.34,3.44,0.05,0.0,0.9946356116689167,6.873783528741649,0.014384826698456199,0.28,0,0,0.0
6.79905586500081,375,4695.58,-77.4,-1.2,-103.1,-6.65,1.1,0.07,0.0,-0.99,0.17,-154.5,-125.2,19.0,-0.3,-0.3,3.37,-0.08,0.0,1.0044899203078146,6.740726963762885,0.02375435263060699,0.28,0,0,0.0
6.807637658000203,376,4695.59,-78.1,-1.2,-103.0,-6.48,1.04,0.03,0.0,-0.99,0.16,-155.8,-124.4,5.0,-0.27,-0.27,3.38,0.0,0.0,1.0028459502834919,6.562994743255552,0.021668174954158625,0.28,0,0,0.0
6.819065762000719,377,4695.6,-78.8,-1.3,-102.9,-6.36,0.99,0.04,0.0,-0.98,0.15,-157.0,-123.0,17.0,-0.23,-0.23,3.31,-0.04,0.0,0.9914131328563284,6.436715000681637,0.01003065037645523,0.28,0,0,0.0
6.827453364000576,378,4695.61,-79.4,-1.3,-102.8,-6.27,0.99,0.03,0.0,-0.99,0.12,-158.2,-119.5,26.0,-0.2,-0.2,3.21,-0.05,0.0,0.9972462083156797,6.3477476320345305,0.015546451319090382,0.28,0,0,0.0
6.838956732000042,379,4695.62,-80.1,-1.3,-102.7,-6.25,1.04,0.01,0.0,-1.01,0.12,-159.4,-114.1,49.0,-0.17,-0.17,3.03,-0.03,0.0,1.0171037311896953,6.335945075519516,0.034695894709243946,0.28,0,0,0.0
6.847287166000569,380,4695.63,-80.7,-1.3,-102.6,-6.07,1.03,0.0,0.0,-1.0,0.14,-160.5,-109.1,45.0,-0.14,-0.14,2.92,0.18,0.0,1.009752444909147,6.15676863297623,0.02679771626012173,0.28,0,0,0.0
6.859128455000246,381,4695.64,-81.3,-1.3,-102.5,-5.83,0.97,0.0,0.01,-1.0,0.13,-161.6,-104.5,50.0,-0.11,-0.11,2.77,-0.02,0.0,1.0084641788382966,5.910143822277086,0.0249992611854859,0.28,0,0,0.0
6.867592391000471,382,4695.65,-81.9,-1.3,-102.4,-5.53,0.99,0.07,0.02,-0.99,0.11,-162.6,-99.5,45.0,-0.09,-0.09,2.66,-0.25,0.0,0.9962931295557548,5.61835385144083,0.012571647664885166,0.28,0,0,0.0
6.878947223000068,383,4695.66,-82.5,-1.3,-102.3,-5.3,1.04,0.14,0.02,-0.99,0.07,-163.5,-97.1,28.0,-0.06,-0.06,2.6,-0.12,0.0,0.9926731586982696,5.40288811655396,0.008772643271251934,0.28,0,0,0.0
6.887591876999977,384,4695.67,-83.0,-1.3,-102.2,-5.15,1.16,0.16,0.03,-0.99,0.07,-164.5,-93.6,29.0,-0.03,-0.03,2.52,0.05,0.0,0.9929249719893241,5.281448664902463,0.008843967431060307,0.28,0,0,0.0
6.899053628000729,385,4695.68,-83.6,-1.3,-102.1,-5.03,1.16,0.23,0.03,-0.98,0.07,-165.4,-91.1,33.0,-0.01,-0.01,2.42,0.9,0.0,0.9829547293746543,5.167146214304372,0.0011037496799372049,0.28,0,0,0.0
6.907625338000798,386,4695.69,-84.1,-1.3,-102.0,-4.85,1.27,0.3,0.02,-0.99,0.05,-166.3,-88.9,27.0,0.0,0.0,2.37,0.07,0.0,0.9914635646356349,5.022489422587169,0.007256983869422529,0.28,0,0,0.0
6.919046469000023,387,4695.7,-84.6,-1.3,-101.8,-4.67,1.38,0.39,0.03,-0.99,0.05,-167.2,-85.0,32.0,0.03,0.03,2.28,-0.02,0.0,0.9917156850630123,4.885222615193703,0.007358922210863983,0.28,0,0,0.0
6.927602689000196,388,4695.71,-85.1,-1.3,-101.7,-4.53,1.52,0.41,0.03,-1.01,0.06,-168.0,-80.8,47.0,0.05,0.05,2.12,0.03,0.0,1.0122252713699653,4.795768968580535,0.027311138347460684,0.28,0,0,0.0
6.938896511000166,389,4695.72,-85.5,-1.3,-101.5,-4.42,1.6,0.39,0.03,-1.03,0.07,-168.8,-76.3,38.0,0.07,0.07,2.04,-0.04,0.0,1.032811696293182,4.716831563666441,0.04693961200526375,0.28,0,0,0.0
6.947454746000403,390,4695.73,-86.0,-1.4,-101.4,-4.34,1.67,0.35,0.04,-1.03,0.07,-169.5,-71.5,53.0,0.09,0.09,1.86,-0.04,0.0,1.0331505214633538,4.663367881692372,0.046332868431926966,0.28,0,0,0.0
6.959025497000766,391,4695.74,-86.4,-1.4,-101.2,-4.19,1.74,0.32,0.03,-1.03,0.06,-170.2,-64.2,68.0,0.11,0.11,1.65,-0.1,0.0,1.0321821544669332,4.548197445142416,0.04445721140679615,0.28,0,0,0.0
6.967701852000573,392,4695.75,-86.8,-1.4,-101.0,-4.03,1.83,0.3,0.03,-1.01,0.05,-170.8,-58.2,61.0,0.12,0.12,1.49,0.15,0.0,1.0116817681464858,4.43619206076563,0.023477688584621847,0.28,0,0,0.0
6.978968035000435,393,4695.76,-87.2,-1.4,-100.9,-3.94,1.91,0.33,0.03,-0.99,0.05,-171.3,-55.0,29.0,0.14,0.14,1.49,-0.12,0.0,0.9917156850630123,4.39096800261628,0.0034413733911253797,0.28,0,0,0.0
6.987673241000266,394,4695.77,-87.6,-1.4,-100.7,-4.04,1.96,0.39,0.02,-0.99,0.04,-171.9,-54.6,17.0,0.15,0.15,1.46,0.0,0.0,0.9910095862301231,4.5072497157357505,0.002680569067071481,0.28,0,0,0.0
6.999065416000121,395,4695.78,-88.0,-1.4,-100.5,-4.08,2.06,0.39,0.02,-0.99,0.0,-172.4,-54.6,0.0,0.17,0.17,1.5,-0.11,0.0,0.9902019995940222,4.587166881638383,0.0018355227823511067,0.28,0,0,0.0
7.00769665200005,396,4695.79,-88.5,-1.4,-100.3,-4.05,2.19,0.37,0.02,-1.0,-0.02,-173.0,-55.4,-4.0,0.18,0.18,1.52,-0.02,0.0,1.000399920031984,4.619036696108832,0.011792774355906643,0.28,0,0,0.0
7.019069988999945,397,4695.8,-88.9,-1.4,-100.0,-3.93,2.38,0.35,0.02,-1.01,-0.06,-173.5,-56.2,-10.0,0.2,0.2,1.54,0.16,0.0,1.0119782606360672,4.607797738616573,0.022903692660790065,0.28,0,0,0.0
7.027604720000454,398,4695.81,-89.4,-1.4,-99.8,-3.94,2.64,0.33,0.03,-1.04,-0.05,-174.1,-57.4,-12.0,0.21,0.21,1.58,0.02,0.0,1.041633332799983,4.754166593631317,0.05150758952821166,0.28,0,0,0.0
7.038839356000608,399,4695.82,-89.8,-1.4,-99.5,-3.96,2.83,0.27,0.04,-1.05,-0.03,-174.7,-58.4,-6.0,0.23,0.23,1.58,-0.22,0.0,1.0511898020814319,4.8747717895302545,0.05984277763346735,0.28,0,0,0.0
7.0475477170002705,400,4695.83,-90.2,-1.4,-99.2,-3.88,2.94,0.12,0.04,-1.09,0.0,-175.3,-59.7,-15.0,0.24,0.24,1.65,0.14,0.0,1.0907336980216575,4.869537965762254,0.09739894010221917,0.28,0,0,0.0
7.05894984600036,401,4695.84,-90.6,-1.4,-98.9,-3.78,3.0,-0.01,0.03,-1.1,0.0,-175.9,-61.8,-22.0,0.26,0.26,1.71,-0.01,0.0,1.100409014866745,4.825815993176698,0.10493277180836036,0.28,0,0,0.0
7.067580464000457,402,4695.85,-91.0,-1.3,-98.6,-3.6,3.05,-0.15,0.02,-1.09,-0.01,-176.5,-65.8,-39.0,0.28,0.28,1.86,0.12,0.0,1.0902293336725077,4.720699100768869,0.09285802880184069,0.28,0,0,0.0
7.079043394000109,403,4695.86,-91.3,-1.3,-98.3,-3.38,3.08,-0.26,0.0,-1.07,-0.03,-177.2,-70.4,-32.0,0.3,0.3,1.93,0.17,0.0,1.0704204781299729,4.580218335407166,0.07158818979411974,0.28,0,0,0.0
7.087576238000111,404,4695.87,-91.7,-1.2,-98.0,-3.14,3.04,-0.37,-0.01,-1.06,-0.02,-177.9,-72.1,-28.0,0.32,0.32,2.01,0.05,0.0,1.0602358228243376,4.386125853187526,0.06017546379871486,0.28,0,0,0.0
7.098900328000127,405,4695.88,-92.0,-1.2,-97.7,-2.92,2.9,-0.45,-0.03,-1.05,-0.03,-178.7,-74.7,-20.0,0.34,0.34,2.04,-0.22,0.0,1.0508567932882196,4.139915458073993,0.049780505577344814,0.28,0,0,0.0
7.10760714800017,406,4695.89,-92.3,-1.1,-97.4,-2.71,2.85,-0.48,-0.04,-1.03,-0.04,-179.4,-76.6,-14.0,0.36,0.36,2.06,-0.1,0.0,1.0315522284402279,3.961943967296862,0.02986642191476596,0.28,0,0,0.0
7.118850558000304,407,4695.9,-92.5,-1.1,-97.1,-2.57,2.82,-0.45,-0.05,-1.01,-0.03,-180.2,-74.7,21.0,0.38,0.38,1.96,-0.02,0.0,1.0116817681464858,3.8418485134112195,0.009796042388603432,0.28,0,0,0.0
7.127572148000581,408,4695.91,-92.8,-1.1,-96.8,-2.43,2.81,-0.36,-0.05,-1.0,-0.04,-180.9,-70.2,32.0,0.4,0.4,1.86,0.13,0.0,1.0020479030465559,3.7323719000121094,0.00015893374289999151,0.28,0,0,0.0
7.138918682000622,409,4695.92,-93.0,-1.0,-96.6,-2.33,2.83,-0.28,-0.03,-1.0,-0.02,-181.6,-67.9,21.0,0.42,0.42,1.83,-0.01,0.0,1.000649788887201,3.6764384939775616,0.0012143968081257395,0.28,0,0,0.0
7.147231895000004,410,4695.93,-93.2,-1.0,-96.3,-2.25,2.74,-0.22,-0.01,-1.01,-0.01,-182.3,-66.0,23.0,0.43,0.43,1.76,0.09,0.0,1.010099005048515,3.5522528063188297,0.008070122966124416,0.28,0,0,0.0
7.159049606000735,411,4695.94,-93.4,-0.9,-96.0,-2.08,2.66,-0.32,0.0,-1.02,-0.04,-182.9,-62.2,33.0,0.45,0.45,1.64,-0.18,0.0,1.0207840124139875,3.391813674127752,0.018380027724965053,0.28,0,0,0.0
7.171551567000279,412,4695.95,-93.6,-0.9,-95.8,-1.96,2.72,-0.4,0.01,-1.0,-0.04,-183.5,-59.2,28.0,0.47,0.47,1.57,-0.07,0.0,1.0008496390567367,3.3763886032268267,0.001523258719640097,0.28,0,0,0.0
7.183663582000008,413,4695.96,-93.8,-0.8,-95.5,-1.77,2.75,-0.44,0.0,-0.98,-0.06,-184.1,-57.1,22.0,0.48,0.48,1.53,0.19,0.0,0.9818350166906862,3.2998484813700157,0.020127123463976826,0.28,0,0,0.0
7.19143239999994,414,4695.97,-94.0,-0.7,-95.2,-1.62,2.79,-0.45,0.0,-0.96,-0.06,-184.6,-56.6,7.0,0.5,0.5,1.54,-0.03,0.0,0.9618731725128838,3.2574529927536946,0.03928718828894351,0.28,0,0,0.0
7.1996510460003265,415,4695.98,-94.1,-0.7,-94.9,-1.53,2.8,-0.46,0.0,-0.95,-0.04,-185.2,-55.3,18.0,0.51,0.51,1.47,-0.03,0.0,0.9508417323613851,3.223740063962974,0.04931225587163346,0.28,0,0,0.0
7.211499120000553,416,4695.99,-94.3,-0.6,-94.7,-1.58,2.72,-0.5,-0.01,-0.94,-0.03,-185.7,-53.3,18.0,0.53,0.53,1.42,0.06,0.0,0.9405317644821997,3.18509026559688,0.05842977927580251,0.28,0,0,0.0
7.21957407500031,417,4696.0,-94.6,-0.4,-94.1,-1.6,2.53,-0.64,-0.03,-0.95,-0.03,-186.1,-52.8,7.0,0.54,0.54,1.44,-0.08,0.0,0.950946896519464,3.0611272433533365,0.047054354293767475,0.28,0,0,0.0
7.2275001370007885,418,4696.01,-94.7,-0.4,-93.9,-1.56,2.39,-0.68,-0.04,-0.96,-0.04,-186.9,-52.6,4.0,0.56,0.56,1.43,-0.13,0.0,0.9616652224137047,2.9339563732271143,0.03560930783153626,0.28,0,0,0.0
7.239029413000026,419,4696.02,-94.8,-0.3,-93.7,-1.71,2.29,-0.69,-0.04,-0.96,-0.05,-187.4,-51.9,0.0,0.57,0.57,1.43,0.03,0.0,0.9621330469326994,2.9401190452088843,0.03443865364629073,0.28,0,0,0.0
7.247549731000618,420,4696.03,-95.0,-0.2,-93.5,-1.8,2.26,-0.65,-0.04,-0.97,-0.06,-187.9,-52.0,4.0,0.59,0.59,1.4,0.17,0.0,0.9726767191621274,2.9614354627443764,0.02341708178852553,0.28,0,0,0.0
7.2589702700006455,421,4696.04,-95.2,-0.2,-93.2,-1.79,2.28,-0.52,-0.02,-0.97,-0.06,-188.4,-51.4,-2.0,0.6,0.6,1.41,-0.13,0.0,0.97205966895042,2.9449787775126666,0.023553449360228296,0.28,0,0,0.0
7.2675315160004175,422,4696.05,-95.4,-0.1,-93.0,-1.81,2.4,-0.37,-0.01,-0.99,-0.07,-188.9,-52.4,-13.0,0.61,0.61,1.47,-0.08,0.0,0.9925220400575495,3.0286960890785988,0.0030292566880367744,0.28,0,0,0.0
7.278899819000799,423,4696.06,-95.4,-0.1,-93.0,-1.81,2.4,-0.37,-0.01,-0.99,-0.07,-189.4,-54.0,-12.0,0.63,0.63,1.49,-0.22,0.0,0.9925220400575495,3.0286960890785988,0.002968671554276048,0.28,0,0,0.0
7.287528613000177,424,4696.07,-95.5,-0.1,-92.8,-1.89,2.51,-0.15,0.0,-0.99,-0.1,-189.9,-54.7,-4.0,0.64,0.64,1.46,-0.05,0.0,0.9950376877284598,3.145584206471033,0.000443963405698411,0.28,0,0,0.0
7.299038064000342,425,4696.08,-95.7,0.0,-92.5,-1.88,2.71,0.04,0.02,-1.03,-0.12,-190.4,-53.4,5.0,0.66,0.66,1.43,0.03,0.0,1.0371595827065379,3.298499658935862,0.04084437294093202,0.28,0,0,0.0
7.307617921000201,426,4696.09,-95.9,0.0,-92.2,-1.55,2.96,0.14,0.03,-1.04,-0.1,-191.0,-52.0,10.0,0.67,0.67,1.4,-0.04,0.0,1.0452272480183435,3.3442039411495226,0.047933797487683005,0.28,0,0,0.0
7.318804115000603,427,4696.1,-96.0,0.0,-91.9,-1.24,3.14,0.22,0.02,-1.02,-0.08,-191.5,-52.7,-8.0,0.69,0.69,1.46,0.05,0.0,1.0233279044372825,3.3831346411279584,0.02551376482848955,0.28,0,0,0.0
7.327503545000582,428,4696.11,-96.2,0.0,-91.6,-1.26,3.27,0.26,0.02,-1.0,-0.08,-192.1,-55.0,-24.0,0.7,0.7,1.55,0.17,0.0,1.0033942395688744,3.5139863403263254,0.005468497960879781,0.28,0,0,0.0
7.338958582000487,429,4696.12,-96.3,0.0,-91.3,-1.27,3.39,0.27,0.02,-0.98,-0.07,-192.7,-58.3,-23.0,0.72,0.72,1.59,0.2,0.0,0.982700361249552,3.630137738433626,0.01492087275127385,0.28,0,0,0.0
7.347395059000519,430,4696.13,-96.4,0.0,-90.9,-1.31,3.52,0.29,0.01,-0.97,-0.08,-193.2,-58.6,-6.0,0.73,0.73,1.59,0.05,0.0,0.973344748791506,3.7670412793066124,0.023790955505133438,0.28,0,0,0.0
7.358929140000328,431,4696.14,-96.5,0.0,-90.5,-1.3,3.67,0.26,0.0,-0.97,-0.08,-193.8,-58.9,-6.0,0.75,0.75,1.61,-0.04,0.0,0.9732933781753578,3.902114811227368,0.023365479598856043,0.28,0,0,0.0
7.367680975999974,432,4696.15,-96.6,0.0,-90.2,-1.28,3.74,0.24,-0.02,-0.96,-0.07,-194.4,-59.6,-8.0,0.76,0.76,1.63,0.18,0.0,0.9627564593395361,3.9602525172013974,0.033224350465984154,0.28,0,0,0.0
7.378976941000474,433,4696.16,-96.7,0.0,-89.8,-1.25,3.81,0.2,-0.03,-0.97,-0.07,-195.0,-61.7,-20.0,0.78,0.78,1.72,0.02,0.0,0.9729850975220535,4.014797628772838,0.022535798037797372,0.28,0,0,0.0
7.387669931000346,434,4696.17,-96.8,0.0,-89.4,-1.3,3.81,0.14,-0.05,-0.95,-0.05,-195.7,-61.0,15.0,0.8,0.8,1.59,0.12,0.0,0.9526279441628824,4.028113702466702,0.04203509236902914,0.28,0,0,0.0
7.3990556440003274,435,4696.18,-96.9,0.0,-89.0,-1.32,3.81,0.16,-0.06,-0.96,-0.05,-196.2,-57.6,28.0,0.81,0.81,1.51,0.06,0.0,0.96317184344228,4.035356242018789,0.030861369227838886,0.28,0,0,0.0
7.407624532000227,436,4696.19,-97.0,0.0,-88.7,-1.27,3.79,0.16,-0.08,-0.96,-0.05,-196.8,-54.2,38.0,0.83,0.83,1.4,0.05,0.0,0.9646242791885346,4.000324986797947,0.028820754811952676,0.28,0,0,0.0
7.419055061000108,437,4696.2,-97.2,0.1,-88.3,-1.31,3.76,0.25,-0.08,-0.95,-0.04,-197.3,-48.4,52.0,0.84,0.84,1.25,0.11,0.0,0.95420123663722,3.9895112482608694,0.03845892141600182,0.28,0,0,0.0
7.427604642000006,438,4696.21,-97.3,0.1,-87.9,-1.25,3.7,0.27,-0.09,-0.97,-0.04,-197.8,-42.6,57.0,0.85,0.85,1.07,0.01,0.0,0.9749871794028884,3.914766915155997,0.01731951907732676,0.28,0,0,0.0
7.4388686410002265,439,4696.22,-97.4,0.1,-87.5,-1.13,3.69,0.28,-0.09,-0.98,-0.04,-198.1,-34.2,76.0,0.86,0.86,0.83,-0.17,0.0,0.9849365461794988,3.8692893404344937,0.00722274925470201,0.28,0,0,0.0
7.447557733000394,440,4696.23,-97.5,0.1,-87.2,-1.19,3.64,0.25,-0.08,-0.99,-0.05,-198.4,-24.9,92.0,0.87,0.87,0.54,0.18,0.0,0.9944847912361455,3.8377337062386183,0.0022789858859058043,0.28,0,0,0.0
7.459025250000195,441,4696.24,-97.6,0.1,-86.8,-1.15,3.58,0.2,-0.09,-1.0,-0.04,-198.6,-14.4,91.0,0.87,0.87,0.29,0.0,0.0,1.0048382954485762,3.765488016180638,0.012379840296369737,0.28,0,0,0.0
7.4677119410007435,442,4696.25,-97.7,0.2,-86.4,-0.97,3.52,0.19,-0.1,-1.01,-0.07,-198.7,-6.6,87.0,0.87,0.87,0.06,-0.24,0.0,1.0173494974687902,3.656145511327469,0.024393221470252135,0.28,0,0,0.0
7.478991158000099,443,4696.26,-97.8,0.2,-86.1,-0.77,3.48,0.14,-0.11,-1.04,-0.07,-198.7,1.0,67.0,0.87,0.87,-0.07,0.03,0.0,1.0481412118603104,3.566917436667129,0.05408123714453683,0.28,0,0,0.0
7.48768191399995,444,4696.27,-97.9,0.2,-85.8,-0.54,3.46,0.13,-0.1,-1.04,-0.08,-198.7,-0.2,4.0,0.87,0.87,0.03,0.23,0.0,1.047854951794379,3.5042973618116373,0.05271907753703331,0.28,0,0,0.0
7.49887356399995,445,4696.28,-97.9,0.3,-85.4,-0.34,3.4,0.15,-0.09,-1.04,-0.07,-198.7,0.0,10.0,0.87,0.87,-0.01,-0.19,0.0,1.0462313319720453,3.4202485289814835,0.05007354856040569,0.28,0,0,0.0
7.507618251000167,446,4696.29,-98.0,0.3,-85.1,-0.21,3.32,0.27,-0.08,-1.04,-0.06,-198.7,0.1,3.0,0.87,0.87,0.0,0.04,0.0,1.0447966309287182,3.337573969217761,0.047666070566736995,0.28,0,0,0.0
7.518908326000201,447,4696.3,-98.0,0.3,-84.7,-0.01,3.2,0.42,-0.08,-1.05,-0.06,-198.7,0.0,-1.0,0.87,0.87,0.01,0.13,0.0,1.0547511554864493,3.227460301847259,0.05646818322197866,0.28,0,0,0.0
7.527624676000414,448,4696.31,-98.0,0.3,-84.4,0.19,3.18,0.57,-0.07,-1.04,-0.07,-198.7,0.1,-1.0,0.87,0.87,0.01,0.0,0.0,1.04470091413763,3.236263277299917,0.04548958303569617,0.28,0,0,0.0
7.539004641000247,449,4696.32,-97.9,0.2,-84.1,0.43,3.17,0.69,-0.06,-1.02,-0.08,-198.7,-0.2,2.0,0.87,0.87,0.0,-0.05,0.0,1.0248902380255165,3.272598356046767,0.02516532878511102,0.28,0,0,0.0
7.547670030000518,450,4696.33,-97.8,0.2,-83.8,0.58,3.18,0.73,-0.06,-1.01,-0.09,-198.7,0.0,0.0,0.87,0.87,0.0,0.0,0.0,1.0157755657624374,3.313864813175094,0.01572964339159144,0.28,0,0,0.0
7.558917930999996,451,4696.34,-97.7,0.1,-83.4,0.52,3.17,0.74,-0.06,-1.0,-0.1,-198.7,0.0,0.0,0.87,0.87,0.0,-0.01,0.0,1.0067770358922576,3.296498141968231,0.006596491250983494,0.28,0,0,0.0
7.567544774000453,452,4696.35,-97.7,0.0,-83.1,0.28,3.12,0.74,-0.06,-0.99,-0.11,-198.7,0.0,4.0,0.87,0.87,-0.01,0.0,0.0,0.9978977903573091,3.2187575242630504,0.0022370991982857413,0.28,0,0,0.0
7.579043147000448,453,4696.36,-97.6,0.0,-82.8,0.03,3.07,0.76,-0.06,-1.01,-0.11,-198.7,0.0,0.0,0.87,0.87,0.0,0.17,0.0,1.017742600071354,3.162815201683462,0.017255556305444175,0.28,0,0,0.0
7.5876195740002,454,4696.37,-97.6,0.0,-82.5,-0.03,3.05,0.8,-0.06,-1.03,-0.12,-198.7,0.1,-8.0,0.87,0.87,0.03,0.03,0.0,1.0387011119662866,3.153315715243242,0.037449786836369015,0.28,0,0,0.0
7.599106399999982,455,4696.38,-97.6,-0.1,-82.2,0.05,3.05,0.83,-0.06,-1.04,-0.13,-198.7,-0.7,5.0,0.87,0.87,-0.02,-0.1,0.0,1.0498095065296371,3.1613130183517097,0.04758701777172525,0.28,0,0,0.0
7.607743896000102,456,4696.39,-97.6,-0.2,-81.9,0.22,3.05,0.84,-0.06,-1.04,-0.13,-198.7,0.1,0.0,0.87,0.87,0.0,0.13,0.0,1.0498095065296371,3.1711985116040906,0.04663527741629081,0.28,0,0,0.0
7.619100838000122,457,4696.4,-97.6,-0.2,-81.6,0.32,3.05,0.86,-0.07,-1.03,-0.13,-198.7,-0.3,-3.0,0.87,0.87,0.01,-0.01,0.0,1.0405287117614774,3.1850431708220217,0.036607392995168464,0.28,0,0,0.0
7.627512220999961,458,4696.41,-97.6,-0.3,-81.2,0.3,3.06,0.87,-0.08,-1.01,-0.12,-198.7,-0.5,-1.0,0.87,0.87,0.02,-0.06,0.0,1.0202450685987166,3.195387300469225,0.015997274835759523,0.28,0,0,0.0
7.639090178000515,459,4696.42,-97.5,-0.4,-80.9,0.28,3.03,0.87,-0.09,-1.0,-0.11,-198.7,-0.9,-6.0,0.87,0.87,0.04,-0.14,0.0,1.0100495037373167,3.1648380685273616,0.005685675774872445,0.28,0,0,0.0
7.647685466999974,460,4696.43,-97.5,-0.5,-80.6,0.26,2.95,0.85,-0.1,-0.98,-0.1,-198.7,-2.1,-6.0,0.87,0.87,0.05,-0.01,0.0,0.990151503558925,3.0810063291074234,0.013928077915448922,0.28,0,0,0.0
7.658847011000034,461,4696.44,-97.4,-0.6,-80.3,0.22,2.87,0.79,-0.1,-0.97,-0.1,-198.7,-2.1,0.0,0.87,0.87,0.05,0.22,0.0,0.9802550688468793,2.984861805846294,0.02334802237494482,0.28,0,0,0.0
7.667627326000002,462,4696.45,-97.4,-0.7,-80.0,0.11,2.76,0.75,-0.12,-0.96,-0.1,-198.8,-2.7,-13.0,0.88,0.88,0.11,0.04,0.0,0.9726253132630263,2.8622019495486337,0.030358222399621937,0.28,0,0,0.0
7.679047026000262,463,4696.46,-97.4,-0.7,-79.8,0.0,2.62,0.76,-0.13,-0.96,-0.1,-198.8,-6.0,-28.0,0.88,0.88,0.2,0.13,0.0,0.973909646733207,2.7280029325497437,0.028492411150852326,0.28,0,0,0.0
7.687606589000097,464,4696.47,-97.4,-0.8,-79.5,-0.09,2.52,0.8,-0.13,-0.96,-0.1,-198.9,-7.7,-8.0,0.88,0.88,0.19,-0.25,0.0,0.973909646733207,2.645467822522134,0.027922562927835348,0.28,0,0,0.0
7.69911138200041,465,4696.48,-97.4,-0.8,-79.2,-0.17,2.43,0.84,-0.14,-0.97,-0.09,-199.0,-6.5,3.0,0.88,0.88,0.16,-0.15,0.0,0.9841747812253675,2.5767033201360223,0.01730427986696126,0.28,0,0,0.0
7.707707579000271,466,4696.49,-97.5,-0.9,-79.0,-0.11,2.33,0.84,-0.14,-0.98,-0.09,-199.0,-9.4,-34.0,0.88,0.88,0.33,0.15,0.0,0.9940321926376429,2.4792337525937325,0.00729793108559218,0.28,0,0,0.0
7.719056083999931,467,4696.5,-97.5,-0.9,-78.8,0.0,2.21,0.77,-0.13,-0.97,-0.09,-199.2,-13.3,-22.0,0.89,0.89,0.36,0.05,0.0,0.9828021163998376,2.3402991261802413,0.018157447176929575,0.28,0,0,0.0
7.727524113000072,468,4696.51,-97.5,-1.0,-78.5,0.03,2.0,0.65,-0.14,-0.95,-0.08,-199.3,-13.8,-3.0,0.89,0.89,0.35,-0.1,0.0,0.9635870484808313,2.103188056261256,0.03662506479401717,0.28,0,0,0.0
7.738961400000335,469,4696.52,-97.5,-1.0,-78.3,-0.04,1.75,0.52,-0.15,-0.94,-0.08,-199.4,-9.4,29.0,0.89,0.89,0.21,0.0,0.0,0.9552486587271399,1.826061335223984,0.04406418545675439,0.28,0,0,0.0
7.747688589000063,470,4696.53,-97.5,-1.0,-78.2,-0.17,1.5,0.39,-0.15,-0.93,-0.09,-199.5,-9.1,-5.0,0.9,0.9,0.28,-0.01,0.0,0.9463086177352503,1.559166443969341,0.051944141919671116,0.28,0,0,0.0
7.759073511000679,471,4696.54,-97.5,-1.1,-78.0,-0.36,1.28,0.25,-0.16,-0.94,-0.09,-199.6,-11.8,-14.0,0.9,0.9,0.34,-0.01,0.0,0.9577577981932592,1.352959718543017,0.03968506223242896,0.28,0,0,0.0
7.767698921000374,472,4696.55,-97.6,-1.1,-77.9,-0.6,1.01,0.08,-0.16,-0.97,-0.09,-199.7,-12.5,1.0,0.9,0.9,0.31,0.08,0.0,0.9872183142547548,1.177497346069196,0.010020055247514703,0.28,0,0,0.0
7.778880817000754,473,4696.56,-97.6,-1.0,-77.8,-0.68,0.78,-0.04,-0.15,-0.99,-0.1,-199.8,-7.4,39.0,0.9,0.9,0.13,-0.08,0.0,1.0062802790475425,1.0355674772799695,0.008861071354367533,0.28,0,0,0.0
7.7875593180006035,474,4696.57,-97.7,-1.0,-77.8,-0.52,0.51,-0.12,-0.15,-0.99,-0.1,-199.9,-3.2,26.0,0.91,0.91,0.08,0.18,0.0,1.0062802790475425,0.738173421358423,0.008683849927280218,0.28,0,0,0.0
7.7990659020006206,475,4696.58,-97.8,-1.0,-77.7,-0.31,0.27,-0.12,-0.14,-0.99,-0.1,-199.9,-3.9,-2.0,0.91,0.91,0.13,-0.04,0.0,1.004838295448576,0.4282522621072771,0.007097029001747468,0.28,0,0,0.0
7.807721270000002,476,4696.59,-97.8,-1.0,-77.7,-0.15,0.06,-0.15,-0.13,-0.99,-0.11,-199.9,-5.0,-3.0,0.91,0.91,0.13,-0.12,0.0,1.0045396955820114,0.220454076850486,0.00666246055247921,0.28,0,0,0.0
7.818989402000625,477,4696.6,-97.8,-1.0,-77.7,-0.13,-0.09,-0.23,-0.12,-0.99,-0.12,-200.0,-4.5,11.0,0.91,0.91,0.09,-0.17,0.0,1.0044401425669924,0.27910571473905726,0.006431649386711036,0.28,0,0,0.0
7.8275903220001055,478,4696.61,-97.8,-1.1,-77.7,-0.2,-0.17,-0.35,-0.11,-0.99,-0.13,-200.0,0.0,33.0,0.91,0.91,-0.04,0.01,0.0,1.0045396955820112,0.43749285708454716,0.00640057835369523,0.28,0,0,0.0
7.839000241000576,479,4696.62,-97.8,-1.1,-77.8,-0.21,-0.19,-0.47,-0.09,-0.98,-0.14,-200.0,-0.2,0.0,0.91,0.91,0.01,0.1,0.0,0.9940321926376429,0.5487257967327579,0.00402478609885959,0.28,0,0,0.0
7.847671785000784,480,4696.63,-97.8,-1.1,-77.8,-0.2,-0.18,-0.56,-0.08,-0.98,-0.14,-200.0,0.4,10.0,0.91,0.91,-0.03,0.34,0.0,0.9931767214348108,0.6212889826803627,0.004782652155657763,0.28,0,0,0.0
7.858980242000143,481,4696.64,-97.9,-1.0,-77.8,-0.18,-0.17,-0.64,-0.07,-0.98,-0.15,-200.0,-0.2,-2.0,0.91,0.91,0.0,0.19,0.0,0.9938812806366764,0.6862215385719105,0.003996531094716427,0.28,0,0,0.0
7.867603683000198,482,4696.65,-97.9,-1.0,-77.8,-0.18,-0.11,-0.71,-0.06,-0.98,-0.15,-200.0,0.1,3.0,0.91,0.91,0.0,-0.02,0.0,0.9932270636667125,0.7406753674856482,0.004557733103386585,0.28,0,0,0.0
7.878975866000474,483,4696.66,-97.9,-0.9,-77.9,-0.23,-0.05,-0.74,-0.04,-0.97,-0.15,-200.0,0.0,-3.0,0.91,0.91,0.0,-0.18,0.0,0.982344135219425,0.776530746332687,0.015131848319660635,0.28,0,0,0.0
7.8877052300003925,484,4696.67,-98.0,-0.9,-77.9,-0.26,0.02,-0.76,-0.04,-0.98,-0.16,-200.0,0.1,0.0,0.91,0.91,0.0,0.01,0.0,0.9937806599043875,0.8034923770640267,0.003621417162004148,0.28,0,0,0.0
7.89906337299999,485,4696.68,-98.0,-0.8,-77.9,-0.26,0.1,-0.72,-0.05,-1.0,-0.15,-200.0,0.0,1.0,0.91,0.91,0.0,-0.07,0.0,1.0124228365658292,0.7720103626247513,0.014720344309448796,0.28,0,0,0.0
7.907446908000566,486,4696.69,-98.0,-0.8,-77.9,-0.28,0.13,-0.66,-0.06,-1.0,-0.14,-200.0,-0.2,-2.0,0.91,0.91,0.0,-0.02,0.0,1.0115334893121435,0.7286288492778749,0.013554377114647798,0.28,0,0,0.0
7.919041923000805,487,4696.7,-98.1,-0.8,-77.9,-0.3,0.11,-0.58,-0.06,-1.02,-0.13,-200.0,0.3,-1.0,0.91,0.91,0.0,-0.03,0.0,1.03,0.6621933252457322,0.03138047004645428,0.28,0,0,0.0
7.927573073000531,488,4696.71,-98.1,-0.7,-77.9,-0.28,0.08,-0.51,-0.07,-1.03,-0.14,-200.0,-0.2,4.0,0.91,0.91,-0.01,0.07,0.0,1.0418253212511202,0.587281874401041,0.04234167547162293,0.28,0,0,0.0
7.939039247999972,489,4696.72,-98.1,-0.7,-77.9,-0.25,0.09,-0.42,-0.08,-1.02,-0.14,-200.0,-0.2,-5.0,0.91,0.91,0.01,0.01,0.0,1.032666451474047,0.49699094559156703,0.03251914958065871,0.28,0,0,0.0
7.947632227000213,490,4696.73,-98.1,-0.7,-77.9,-0.14,0.04,-0.34,-0.09,-1.01,-0.14,-200.0,0.0,0.0,0.91,0.91,0.0,-0.03,0.0,1.0236210236215355,0.36986484017813864,0.0230042472935843,0.28,0,0,0.0
7.958864396000536,491,4696.74,-98.1,-0.7,-77.9,-0.01,-0.01,-0.29,-0.09,-0.99,-0.14,-200.0,-0.4,-2.0,0.91,0.91,0.01,-0.02,0.0,1.0038924245156948,0.2903446228191595,0.0032101352239888303,0.28,0,0,0.0
7.967460509000375,492,4696.75,-98.1,-0.8,-77.9,-0.05,-0.04,-0.28,-0.09,-0.98,-0.15,-200.0,-0.1,-1.0,0.91,0.91,0.01,-0.14,0.0,0.9954898291795853,0.2872281323269015,0.005088610909878222,0.28,0,0,0.0
7.979047376999915,493,4696.76,-98.2,-0.8,-77.9,-0.18,-0.12,-0.28,-0.09,-0.96,-0.15,-200.0,-1.2,-7.0,0.91,0.91,0.05,0.11,0.0,0.9758073580374356,0.3538361202590827,0.024275660410987276,0.28,0,0,0.0
7.98768902700067,494,4696.77,-98.2,-0.8,-77.9,-0.22,-0.28,-0.31,-0.09,-0.96,-0.15,-200.0,-2.4,-13.0,0.91,0.91,0.09,0.17,0.0,0.9758073580374356,0.4721228653645151,0.02379014720276751,0.28,0,0,0.0
7.999054530000649,495,4696.78,-98.2,-0.8,-78.0,-0.22,-0.51,-0.37,-0.1,-0.95,-0.15,-200.1,-4.4,-19.0,0.91,0.91,0.15,-0.2,0.0,0.9669539802906858,0.6673829485385434,0.031990654450526956,0.28,0,0,0.0
8.00763391000055,496,4696.79,-98.3,-0.8,-78.0,-0.31,-0.77,-0.46,-0.13,-0.94,-0.15,-200.1,-7.3,-24.0,0.91,0.91,0.22,-0.13,0.0,0.960728889958036,0.9489994731294639,0.037451429887513266,0.28,0,0,0.0
8.019084936000581,497,4696.8,-98.3,-0.8,-78.1,-0.46,-1.08,-0.52,-0.15,-0.95,-0.16,-200.2,-8.0,-7.0,0.92,0.92,0.22,0.1,0.0,0.9749871794028883,1.2839003076563227,0.02272927763380772,0.28,0,0,0.0
8.027542971000003,498,4696.81,-98.3,-0.8,-78.3,-0.61,-1.41,-0.55,-0.16,-0.94,-0.16,-200.3,-8.3,-16.0,0.92,0.92,0.27,-0.07,0.0,0.9668505572217455,1.6317781711985242,0.03024858181865142,0.28,0,0,0.0
8.03896481800075,499,4696.82,-98.4,-0.7,-78.4,-0.75,-1.75,-0.52,-0.17,-0.95,-0.15,-200.4,-13.7,-41.0,0.92,0.92,0.43,0.15,0.0,0.9766780431646859,1.9736767719158068,0.020012673958196836,0.28,0,0,0.0
8.04766491800001,500,4696.83,-98.5,-0.7,-78.6,-0.92,-2.13,-0.5,-0.17,-0.96,-0.16,-200.6,-17.4,-35.0,0.93,0.93,0.51,-0.11,0.0,0.9879777325425912,2.3734573937612615,0.008538724888685678,0.28,0,0,0.0
8.058703237000373,501,4696.84,-98.6,-0.7,-78.9,-1.05,-2.43,-0.46,-0.15,-0.97,-0.18,-200.8,-18.4,-20.0,0.93,0.93,0.53,-0.03,0.0,0.9978977903573091,2.6868196813333047,0.001353706267511523,0.28,0,0,0.0
8.06707975000063,502,4696.85,-98.7,-0.7,-79.1,-1.16,-2.61,-0.41,-0.13,-0.98,-0.2,-201.0,-19.1,-5.0,0.94,0.94,0.52,-0.07,0.0,1.008612908900139,2.885446239318972,0.011827448314134625,0.28,0,0,0.0
8.078722957000537,503,4696.86,-98.8,-0.7,-79.4,-1.2,-2.68,-0.32,-0.11,-0.98,-0.2,-201.2,-21.3,-33.0,0.94,0.94,0.66,0.21,0.0,1.0062305898749053,2.9537772427859212,0.009256226703122983,0.28,0,0,0.0
8.087037971999962,504,4696.87,-99.0,-0.7,-79.7,-1.2,-2.68,-0.17,-0.07,-0.99,-0.2,-201.4,-27.6,-44.0,0.95,0.95,0.79,-0.03,0.0,1.0124228365658292,2.9413092322977534,0.01513950392616592,0.28,0,0,0.0
8.099019529000543,505,4696.88,-99.1,-0.8,-79.9,-1.21,-2.6,0.01,-0.03,-1.0,-0.2,-201.7,-31.2,-39.0,0.96,0.96,0.88,0.0,0.0,1.0202450685987166,2.867786602939626,0.022502501239872186,0.28,0,0,0.0
8.1075000310002,506,4696.89,-99.2,-0.9,-80.2,-1.09,-2.46,0.2,-0.01,-1.02,-0.2,-202.1,-33.9,-29.0,0.97,0.97,0.96,-0.07,0.0,1.0394710193170371,2.6980919183749097,0.040893882919028846,0.28,0,0,0.0
8.118944534000548,507,4696.9,-99.3,-0.9,-80.4,-0.84,-2.27,0.35,0.0,-1.03,-0.2,-202.4,-36.6,-21.0,0.98,0.98,1.0,0.29,0.0,1.049237818609299,2.445608308785362,0.04964746856706492,0.28,0,0,0.0
8.127520944000025,508,4696.91,-99.4,-1.0,-80.6,-0.66,-2.08,0.46,0.0,-1.02,-0.21,-202.8,-39.7,-33.0,0.99,0.99,1.12,-0.01,0.0,1.0413932974625868,2.230156945149825,0.04096688847194563,0.28,0,0,0.0
8.139041992000784,509,4696.92,-99.5,-1.1,-80.8,-0.56,-1.91,0.51,0.0,-1.01,-0.21,-203.2,-41.7,-7.0,1.0,1.0,1.09,-0.09,0.0,1.0316006979447039,2.0547019248543084,0.03055080317498149,0.28,0,0,0.0
8.14765612300016,510,4696.93,-99.6,-1.1,-81.0,-0.47,-1.78,0.52,-0.02,-0.98,-0.2,-203.6,-37.4,29.0,1.01,1.01,0.96,0.08,0.0,1.000399920031984,1.9130342391081243,0.0006369752429835618,0.28,0,0,0.0
8.15906174400061,511,4696.94,-99.7,-1.2,-81.1,-0.46,-1.7,0.54,-0.04,-0.96,-0.19,-203.9,-31.9,49.0,1.02,1.02,0.78,0.21,0.0,0.979438614717635,1.8420640596895645,0.021166314946185816,0.28,0,0,0.0
8.167651739000576,512,4696.95,-99.7,-1.3,-81.3,-0.42,-1.69,0.52,-0.05,-0.95,-0.18,-204.2,-25.3,54.0,1.03,1.03,0.63,-0.13,0.0,0.9681941953967705,1.81738823590338,0.03176251958170928,0.28,0,0,0.0
8.179046000000199,513,4696.96,-99.8,-1.4,-81.4,-0.39,-1.68,0.52,-0.06,-0.94,-0.18,-204.4,-19.5,65.0,1.03,1.03,0.44,-0.02,0.0,0.9589577675789481,1.8013605968822566,0.04017896845154101,0.28,0,0,0.0
8.187579887000538,514,4696.97,-99.8,-1.5,-81.6,-0.35,-1.7,0.44,-0.08,-0.95,-0.17,-204.6,-10.6,88.0,1.03,1.03,0.14,-0.04,0.0,0.9684007434941384,1.79055857206627,0.0301212726856237,0.28,0,0,0.0
8.199047726000572,515,4696.98,-99.8,-1.6,-81.8,-0.31,-1.73,0.33,-0.08,-0.96,-0.18,-204.6,-0.7,86.0,1.03,1.03,-0.06,-0.04,0.0,0.98,1.788267317824715,0.01815157585616689,0.28,0,0,0.0
8.207569642000635,516,4696.99,-99.9,-1.7,-81.9,-0.26,-1.76,0.16,-0.08,-0.98,-0.18,-204.6,1.2,14.0,1.03,1.03,0.02,-0.09,0.0,0.9995999199679839,1.7862810529141264,0.0014193772295807427,0.28,0,0,0.0
8.219023847000244,517,4697.0,-99.9,-1.8,-82.1,-0.16,-1.83,0.0,-0.07,-0.99,-0.17,-204.6,-0.3,7.0,1.03,1.03,0.0,-0.12,0.0,1.0069260151570223,1.83698121928342,0.00857056297024672,0.28,0,0,0.0
8.22732909000024,518,4697.01,-99.9,-1.8,-82.3,-0.05,-1.91,-0.09,-0.07,-0.98,-0.16,-204.6,0.2,2.0,1.03,1.03,0.0,0.05,0.0,0.9954396013822234,1.912772856352787,0.0028575337884610974,0.28,0,0,0.0
8.238751795000098,519,4697.02,-99.9,-1.9,-82.5,0.0,-2.04,-0.14,-0.06,-0.98,-0.15,-204.6,0.0,0.0,1.03,1.03,0.0,0.04,0.0,0.9932270636667125,2.044798278559526,0.004968670073892567,0.28,0,0,0.0
8.246873052999945,520,4697.03,-99.9,-1.9,-82.7,0.1,-2.13,-0.15,-0.06,-0.97,-0.14,-204.6,0.0,-1.0,1.03,1.03,0.01,0.03,0.0,0.9818859404228171,2.1376154939558236,0.015983597451432296,0.28,0,0,0.0
8.258660183000757,521,4697.04,-99.8,-2.0,-82.9,0.13,-2.2,-0.15,-0.05,-0.97,-0.13,-204.6,0.0,2.0,1.03,1.03,-0.01,0.03,0.0,0.9799489782636644,2.2089363956438404,0.017562148418373225,0.28,0,0,0.0
8.267279186999986,522,4697.05,-99.8,-2.0,-83.1,0.16,-2.24,-0.16,-0.03,-0.97,-0.14,-204.6,0.0,0.0,1.03,1.03,0.0,-0.03,0.0,0.9805100713404222,2.2513995647152463,0.016661034234783156,0.28,0,0,0.0
8.278668414000094,523,4697.06,-99.7,-2.0,-83.4,0.15,-2.27,-0.2,-0.02,-0.97,-0.15,-204.6,0.0,-2.0,1.03,1.03,0.0,-0.04,0.0,0.9817331613019904,2.28372502723073,0.015129185387750654,0.28,0,0,0.0
8.287086459999955,524,4697.07,-99.7,-2.0,-83.6,0.15,-2.31,-0.21,-0.01,-0.96,-0.17,-204.6,0.0,3.0,1.03,1.03,0.0,-0.03,0.0,0.9749871794028884,2.3243708826260927,0.02143766394111568,0.28,0,0,0.0
8.298649925000063,525,4697.08,-99.7,-2.0,-83.8,0.16,-2.27,-0.17,0.0,-0.96,-0.19,-204.6,0.0,-1.0,1.03,1.03,0.0,-0.03,0.0,0.9786214794290998,2.2819728306883937,0.017447296636606158,0.28,0,0,0.0
8.306940125000438,526,4697.09,-99.7,-2.0,-84.1,0.13,-2.19,-0.12,0.02,-0.97,-0.2,-204.6,-0.3,0.0,1.03,1.03,0.0,-0.04,0.0,0.9906058752097122,2.1971344974762013,0.005353642838873851,0.28,0,0,0.0
8.318803902000582,527,4697.1,-99.7,-2.0,-84.3,0.1,-2.08,-0.05,0.02,-0.97,-0.2,-204.6,0.0,-3.0,1.03,1.03,0.01,-0.02,0.0,0.9906058752097122,2.083002640420794,0.005246569982096383,0.28,0,0,0.0
8.327345131000584,528,4697.11,-99.7,-2.0,-84.5,0.09,-2.02,0.02,0.02,-0.98,-0.2,-204.6,-0.1,0.0,1.03,1.03,0.0,0.04,0.0,1.000399920031984,2.0221028658305196,0.00445652534337182,0.28,0,0,0.0
8.338804480000363,529,4697.12,-99.7,-2.0,-84.7,0.12,-1.94,0.08,0.02,-0.99,-0.2,-204.6,-0.3,-2.0,1.03,1.03,0.0,0.02,0.0,1.010198000393982,1.9453534383242548,0.013969513591262528,0.28,0,0,0.0
8.351257954000175,530,4697.13,-99.7,-2.0,-84.8,0.06,-1.83,0.16,0.0,-0.99,-0.18,-204.6,-0.7,-4.0,1.03,1.03,0.03,-0.11,0.0,1.0062305898749053,1.837960826568401,0.009802061010741991,0.28,0,0,0.0
8.359260985000219,531,4697.14,-99.7,-2.0,-85.0,0.07,-1.8,0.22,0.0,-0.99,-0.17,-204.6,-1.3,-5.0,1.03,1.03,0.03,0.02,0.0,1.0044899203078146,1.8147451611727747,0.007900163614778188,0.28,0,0,0.0
8.367291627000668,532,4697.15,-99.7,-2.1,-85.2,0.1,-1.8,0.28,-0.02,-0.98,-0.17,-204.6,-1.8,-7.0,1.04,1.04,0.06,-0.03,0.0,0.994836670011716,1.8243903091169937,0.001718024947693908,0.28,0,0,0.0
8.37862941200001,533,4697.16,-99.7,-2.2,-85.5,-0.07,-1.91,0.38,-0.04,-0.98,-0.17,-204.7,-4.0,-24.0,1.04,1.04,0.18,0.05,0.0,0.9954396013822235,1.9486918689213029,0.0010927917056426928,0.28,0,0,0.0
8.390908051000224,534,4697.17,-99.7,-2.2,-85.5,-0.07,-1.91,0.38,-0.04,-0.98,-0.17,-204.7,-8.3,-28.0,1.04,1.04,0.25,-0.02,0.0,0.9954396013822235,1.9486918689213029,0.0010709358715298434,0.28,0,0,0.0
8.39889162000054,535,4697.18,-99.7,-2.3,-85.7,-0.04,-1.99,0.36,-0.04,-0.98,-0.16,-204.8,-8.8,-9.0,1.04,1.04,0.24,0.0,0.0,0.9937806599043875,2.022696220394946,0.002675279802378583,0.28,0,0,0.0
8.407350376000068,536,4697.19,-99.7,-2.3,-85.9,0.04,-2.08,0.28,-0.04,-0.98,-0.16,-204.9,-9.4,-12.0,1.04,1.04,0.28,-0.07,0.0,0.9937806599043875,2.099142682144308,0.002621774206331029,0.28,0,0,0.0
8.418763301000581,537,4697.2,-99.7,-2.4,-86.1,0.05,-2.17,0.26,-0.04,-0.96,-0.17,-205.0,-10.3,-2.0,1.05,1.05,0.27,-0.01,0.0,0.9757561170702441,2.1860924042684013,0.0202333906996649,0.28,0,0,0.0
8.426910786000008,538,4697.21,-99.6,-2.5,-86.3,0.0,-2.24,0.29,-0.03,-0.96,-0.16,-205.1,-11.4,-22.0,1.05,1.05,0.37,0.19,0.0,0.9737042672187485,2.2586943130932973,0.021839535740137306,0.28,0,0,0.0
8.438810282000304,539,4697.22,-99.6,-2.5,-86.6,-0.09,-2.33,0.33,-0.03,-0.97,-0.16,-205.3,-14.4,-13.0,1.05,1.05,0.38,0.29,0.0,0.9835649444749441,2.3549734605723267,0.011739281314262828,0.28,0,0,0.0
8.446980919999987,540,4697.23,-99.6,-2.6,-86.8,-0.15,-2.46,0.35,-0.03,-0.98,-0.14,-205.4,-13.9,9.0,1.06,1.06,0.32,0.03,0.0,0.9904039579888602,2.4892970895415436,0.0048022624443399,0.28,0,0,0.0
8.45864408000034,541,4697.24,-99.6,-2.7,-87.0,-0.13,-2.57,0.35,-0.03,-0.99,-0.14,-205.5,-10.6,14.0,1.06,1.06,0.28,0.04,0.0,1.000299955013495,2.5969790141624167,0.004991859888688999,0.28,0,0,0.0
8.466871083000115,542,4697.25,-99.6,-2.7,-87.3,0.0,-2.67,0.33,-0.03,-0.98,-0.15,-205.6,-11.9,-8.0,1.06,1.06,0.35,0.12,0.0,0.9918669265581951,2.690315966573443,0.0033723451952787364,0.28,0,0,0.0
8.478607912999905,543,4697.26,-99.6,-2.8,-87.6,0.09,-2.74,0.39,-0.03,-0.97,-0.15,-205.8,-14.1,-14.0,1.07,1.07,0.39,-0.04,0.0,0.9819877799646999,2.7690792693601245,0.012986461952998463,0.28,0,0,0.0
8.486934760000622,544,4697.27,-99.6,-2.9,-87.8,0.08,-2.77,0.44,-0.03,-0.96,-0.15,-205.9,-11.3,31.0,1.07,1.07,0.22,0.03,0.0,0.972111104761179,2.8058688493940696,0.022405874413388926,0.28,0,0,0.0
8.498748058000274,545,4697.28,-99.5,-3.0,-88.1,0.08,-2.8,0.49,-0.02,-0.95,-0.15,-206.0,-7.8,15.0,1.07,1.07,0.22,-0.02,0.0,0.961977130705299,2.8436771968702774,0.031889051499883525,0.28,0,0,0.0
8.507241577000059,546,4697.29,-99.5,-3.1,-88.4,0.09,-2.83,0.52,-0.02,-0.95,-0.15,-206.1,-9.0,3.0,1.08,1.08,0.23,-0.11,0.0,0.961977130705299,2.8787844657077057,0.03125127046988585,0.28,0,0,0.0
8.518740618000265,547,4697.3,-99.5,-3.1,-88.6,0.09,-2.84,0.52,-0.01,-0.96,-0.16,-206.2,-8.3,-1.0,1.08,1.08,0.24,0.05,0.0,0.9732933781753578,2.888615585362649,0.01953632253983051,0.28,0,0,0.0
8.527353389999917,548,4697.31,-99.5,-3.2,-88.9,0.12,-2.82,0.5,-0.01,-0.96,-0.16,-206.2,-9.3,-3.0,1.08,1.08,0.25,0.01,0.0,0.9732933781753578,2.866496118957777,0.01914559608903388,0.28,0,0,0.0
8.538922846000787,549,4697.32,-99.4,-3.3,-89.2,0.11,-2.76,0.52,0.0,-0.97,-0.16,-206.3,-8.0,13.0,1.08,1.08,0.19,0.02,0.0,0.9831073186585481,2.8107116536564187,0.009145022493726729,0.28,0,0,0.0
8.547622190000766,550,4697.33,-99.4,-3.3,-89.4,0.13,-2.67,0.51,0.01,-0.99,-0.15,-206.4,-8.9,-20.0,1.08,1.08,0.31,0.11,0.0,1.0013490899781154,2.721378327245221,0.0089148138493238,0.28,0,0,0.0
8.55908605500008,551,4697.34,-99.4,-3.4,-89.7,0.15,-2.6,0.43,0.02,-1.01,-0.16,-206.5,-13.5,-32.0,1.09,1.09,0.41,-0.02,0.0,1.0227903010881556,2.6395833004472506,0.02974890446017664,0.28,0,0,0.0
8.567728433999946,552,4697.35,-99.3,-3.4,-89.9,0.17,-2.48,0.37,0.02,-1.0,-0.15,-206.7,-16.7,-29.0,1.09,1.09,0.48,-0.03,0.0,1.0113851887386922,2.51320512493509,0.017976916268498955,0.28,0,0,0.0
8.578857154000616,553,4697.36,-99.3,-3.5,-90.2,0.27,-2.39,0.35,0.01,-0.99,-0.14,-206.9,-20.0,-45.0,1.1,1.1,0.62,0.0,0.0,0.9998999949994999,2.4305349205473266,0.006361888078720512,0.28,0,0,0.0
8.58757841500028,554,4697.37,-99.2,-3.5,-90.4,0.37,-2.31,0.35,0.0,-0.97,-0.14,-207.1,-24.5,-35.0,1.11,1.11,0.69,-0.04,0.0,0.9800510190801293,2.365480923617859,0.013217346083837067,0.28,0,0,0.0
8.59918673500033,555,4697.38,-99.2,-3.5,-90.6,0.37,-2.3,0.35,0.0,-0.96,-0.13,-207.4,-28.7,-44.0,1.11,1.11,0.83,0.09,0.0,0.9687620966986683,2.3557164515280693,0.024016143095992093,0.28,0,0,0.0
8.60754451899993,556,4697.39,-99.1,-3.6,-90.8,0.29,-2.33,0.32,-0.01,-0.96,-0.12,-207.7,-31.7,-29.0,1.12,1.12,0.9,0.24,0.0,0.9675226095549395,2.369683523173506,0.024750517634926417,0.28,0,0,0.0
8.619031834999987,557,4697.4,-99.1,-3.6,-91.1,0.22,-2.42,0.32,-0.03,-0.94,-0.11,-208.0,-33.8,-23.0,1.13,1.13,0.93,0.04,0.0,0.9468896451012652,2.450958995985041,0.044475812446828744,0.28,0,0,0.0
8.627595006000774,558,4697.41,-99.0,-3.7,-91.3,0.12,-2.54,0.33,-0.03,-0.94,-0.11,-208.4,-37.3,-27.0,1.14,1.14,1.02,-0.02,0.0,0.9468896451012652,2.564156781478075,0.043586296197892116,0.28,0,0,0.0
8.63899534400025,559,4697.42,-98.9,-3.7,-91.6,0.17,-2.69,0.35,-0.04,-0.94,-0.12,-208.8,-37.6,-14.0,1.15,1.15,1.05,0.09,0.0,0.94847245611035,2.7179955849853767,0.04116341548503111,0.28,0,0,0.0
8.647411972000555,560,4697.43,-98.9,-3.8,-91.8,0.23,-2.77,0.42,-0.04,-0.94,-0.13,-209.2,-39.0,-18.0,1.16,1.16,1.09,-0.27,0.0,0.9497894503520241,2.811085199704911,0.039049492818489906,0.28,0,0,0.0
8.65904535000027,561,4697.44,-98.9,-3.9,-92.1,0.13,-2.84,0.49,-0.04,-0.93,-0.14,-209.6,-40.1,-12.0,1.17,1.17,1.11,0.02,0.0,0.9413288479590967,2.8848916790756634,0.046559893307189015,0.28,0,0,0.0
8.667668594000133,562,4697.45,-98.8,-4.0,-92.4,-0.11,-2.91,0.56,-0.03,-0.97,-0.14,-210.0,-41.4,-8.0,1.19,1.19,1.12,0.06,0.0,0.9805100713404222,2.965434200922354,0.007231096527346215,0.28,0,0,0.0
8.678981207000106,563,4697.46,-98.8,-4.0,-92.7,-0.19,-3.02,0.55,-0.02,-0.99,-0.13,-210.4,-40.6,-1.0,1.2,1.2,1.11,0.08,0.0,0.9986991538997116,3.075548731527433,0.010738826311304295,0.28,0,0,0.0
8.687718025000322,564,4697.47,-98.8,-4.1,-93.0,-0.24,-3.13,0.48,-0.02,-1.02,-0.12,-210.8,-39.4,17.0,1.21,1.21,1.02,-0.01,0.0,1.0272292830717005,3.1756731569857752,0.038483576373627315,0.28,0,0,0.0
8.69904631100053,565,4697.48,-98.8,-4.2,-93.3,-0.27,-3.18,0.42,-0.02,-1.03,-0.14,-211.1,-34.3,46.0,1.22,1.22,0.85,-0.05,0.0,1.0396634070698074,3.2189594592041697,0.0498993463642996,0.28,0,0,0.0
8.707666742000583,566,4697.49,-98.8,-4.2,-93.6,-0.3,-3.15,0.37,-0.03,-1.05,-0.15,-211.4,-28.0,55.0,1.22,1.22,0.68,0.01,0.0,1.0610843510296435,3.185812298300074,0.069893884517653,0.28,0,0,0.0
8.718956774000617,567,4697.5,-98.8,-4.3,-93.9,-0.22,-3.1,0.29,-0.03,-1.07,-0.14,-211.7,-20.7,59.0,1.23,1.23,0.52,-0.01,0.0,1.0795369377654476,3.1212978070027217,0.0865795418283879,0.28,0,0,0.0
8.727494162000767,568,4697.51,-98.8,-4.3,-94.2,-0.13,-3.07,0.18,-0.03,-1.08,-0.15,-211.9,-20.6,-3.0,1.23,1.23,0.63,-0.04,0.0,1.0907795377618705,3.078018843347129,0.09586569898831465,0.28,0,0,0.0
8.738923539000098,569,4697.52,-98.8,-4.4,-94.5,0.0,-2.96,0.08,-0.04,-1.07,-0.15,-212.1,-25.0,-19.0,1.24,1.24,0.7,0.0,0.0,1.0812030336620408,2.9610808837314795,0.0845634109907153,0.28,0,0,0.0
8.747689897000782,570,4697.53,-98.7,-4.4,-94.8,0.17,-2.85,0.04,-0.04,-1.07,-0.13,-212.4,-24.3,10.0,1.25,1.25,0.61,-0.04,0.0,1.0786102168995062,2.855345863463829,0.08033118234361702,0.28,0,0,0.0
8.759047733000443,571,4697.54,-98.7,-4.4,-95.1,0.16,-2.72,-0.06,-0.03,-1.1,-0.11,-212.6,-19.5,28.0,1.25,1.25,0.5,-0.02,0.0,1.1058933040759402,2.7253623612283193,0.10546198412965002,0.28,0,0,0.0
8.767742179000379,572,4697.55,-98.6,-4.4,-95.3,0.19,-2.62,-0.27,-0.03,-1.11,-0.11,-212.8,-18.1,15.0,1.26,1.26,0.48,0.13,0.0,1.11584049039278,2.64071959889724,0.11310098703756011,0.28,0,0,0.0
8.778853707000053,573,4697.56,-98.5,-4.4,-95.6,0.33,-2.57,-0.39,-0.04,-1.08,-0.1,-212.9,-17.4,6.0,1.26,1.26,0.48,0.03,0.0,1.0853570840972109,2.620286243905425,0.08096522912715098,0.28,0,0,0.0
8.787752301000182,574,4697.57,-98.4,-4.4,-95.9,0.51,-2.57,-0.4,-0.04,-1.07,-0.11,-213.1,-19.7,-8.0,1.27,1.27,0.54,-0.06,0.0,1.0763828315241748,2.650471656139714,0.0705511570230326,0.28,0,0,0.0
8.798974074000398,575,4697.58,-98.3,-4.3,-96.1,0.93,-2.53,-0.4,-0.03,-1.03,-0.12,-213.3,-19.7,-7.0,1.27,1.27,0.56,0.25,0.0,1.0374005976477938,2.7250321099025605,0.030937544683718565,0.28,0,0,0.0
8.807601830000749,576,4697.59,-98.2,-4.3,-96.4,1.02,-2.47,-0.42,0.0,-1.02,-0.12,-213.5,-23.7,-32.0,1.28,1.28,0.68,0.0,0.0,1.0270345661174214,2.7051247660690256,0.020160082890279263,0.28,0,0,0.0
8.819694005000201,577,4697.6,-98.0,-4.3,-96.6,0.95,-2.45,-0.5,0.0,-1.02,-0.1,-213.8,-25.0,-6.0,1.29,1.29,0.66,-0.05,0.0,1.0248902380255165,2.6748831750190516,0.017655439702406905,0.28,0,0,0.0
8.827677514000243,578,4697.61,-97.9,-4.2,-96.9,0.93,-2.41,-0.58,0.0,-1.02,-0.11,-214.0,-24.2,3.0,1.29,1.29,0.64,-0.11,0.0,1.0259142264341596,2.6475271481138773,0.01830583954882914,0.28,0,0,0.0
8.838986968999961,579,4697.62,-97.8,-4.1,-97.1,0.99,-2.3,-0.73,0.0,-1.02,-0.12,-214.3,-22.9,5.0,1.3,1.3,0.62,0.11,0.0,1.0270345661174214,2.608256122392891,0.01903765564744897,0.28,0,0,0.0
8.847739565000666,580,4697.63,-97.7,-4.0,-97.4,1.09,-2.14,-0.83,0.0,-0.98,-0.13,-214.5,-24.8,-12.0,1.31,1.31,0.69,-0.2,0.0,0.9885848471426213,2.5409840613431642,0.019023822060804108,0.28,0,0,0.0
8.858977249000418,581,4697.64,-97.5,-3.9,-97.6,1.01,-1.95,-0.86,0.01,-0.96,-0.14,-214.7,-21.8,17.0,1.31,1.31,0.57,-0.04,0.0,0.9702061636580134,2.358431682283801,0.03665445543450374,0.28,0,0,0.0
8.867607329000748,582,4697.65,-97.4,-3.8,-97.8,0.76,-1.79,-0.87,0.01,-0.94,-0.13,-215.0,-22.9,-11.0,1.32,1.32,0.65,0.03,0.0,0.9489994731294639,2.130399023657305,0.056703923043792126,0.28,0,0,0.0
8.879033908000565,583,4697.66,-97.4,-3.7,-97.9,0.55,-1.63,-0.86,0.02,-0.95,-0.13,-215.2,-22.6,6.0,1.32,1.32,0.6,0.01,0.0,0.9590620417887468,1.9232784509789527,0.04570852729681896,0.28,0,0,0.0
8.887537330000669,584,4697.67,-97.3,-3.6,-98.1,0.5,-1.46,-0.81,0.02,-0.95,-0.13,-215.4,-20.7,19.0,1.33,1.33,0.52,-0.16,0.0,0.9590620417887468,1.7428998823799375,0.044794356750882613,0.28,0,0,0.0
8.89894559000004,585,4697.68,-97.3,-3.5,-98.3,0.51,-1.25,-0.78,0.03,-0.96,-0.14,-215.6,-14.4,57.0,1.33,1.33,0.29,-0.22,0.0,0.9706183596038146,1.559166443969341,0.03257327815709854,0.28,0,0,0.0
8.90767221600072,586,4697.69,-97.2,-3.3,-98.4,0.52,-0.99,-0.8,0.03,-0.97,-0.14,-215.7,-10.6,31.0,1.34,1.34,0.26,-0.07,0.0,0.9805100713404222,1.3749545447032059,0.022227935092081097,0.28,0,0,0.0
8.919045942000594,587,4697.7,-97.2,-3.2,-98.5,0.47,-0.75,-0.86,0.02,-0.98,-0.13,-215.8,-6.8,43.0,1.34,1.34,0.12,-0.12,0.0,0.9887871358386495,1.2340988615179904,0.013671853181976834,0.28,0,0,0.0
8.9275107630001,588,4697.71,-97.1,-3.1,-98.5,0.45,-0.58,-0.92,0.02,-0.97,-0.13,-215.8,-3.0,33.0,1.34,1.34,0.05,0.0,0.0,0.9788769074812216,1.1769876804792818,0.02311043990861661,0.28,0,0,0.0
8.938992076000432,589,4697.72,-97.1,-3.0,-98.6,0.51,-0.48,-0.92,0.01,-0.97,-0.13,-215.8,-0.5,20.0,1.34,1.34,0.01,-0.12,0.0,0.9787236586493656,1.1562439189029277,0.02279841496566315,0.28,0,0,0.0
8.947804827000255,590,4697.73,-97.0,-2.8,-98.7,0.52,-0.39,-0.9,0.0,-0.97,-0.11,-215.8,0.0,9.0,1.34,1.34,0.0,-0.06,0.0,0.9762171889492625,1.110180165558726,0.02479878697245097,0.28,0,0,0.0
8.95899787899998,591,4697.74,-97.0,-2.7,-98.7,0.47,-0.34,-0.82,-0.01,-0.98,-0.11,-215.8,0.3,0.0,1.34,1.34,0.0,0.29,0.0,0.9862048468751307,1.0044401425669924,0.014514906465651012,0.28,0,0,0.0
8.96751780500017,592,4697.75,-96.9,-2.6,-98.8,0.43,-0.37,-0.84,-0.02,-0.99,-0.1,-215.8,-0.1,-2.0,1.34,1.34,0.01,-0.09,0.0,0.995238664843765,1.0136074190730846,0.005371466727076335,0.28,0,0,0.0
8.979039579000528,593,4697.76,-96.9,-2.6,-98.8,0.38,-0.43,-0.81,-0.04,-0.98,-0.09,-215.8,0.2,5.0,1.34,1.34,0.0,0.29,0.0,0.9849365461794988,0.9926731586982697,0.015360113683515753,0.28,0,0,0.0
8.987613450000026,594,4697.77,-96.8,-2.5,-98.9,0.29,-0.52,-0.75,-0.05,-0.97,-0.1,-215.8,-0.1,-3.0,1.34,1.34,0.0,-0.06,0.0,0.9764220398987314,0.957601169589929,0.023397127564997455,0.28,0,0,0.0
8.999173521000557,595,4697.78,-96.8,-2.4,-98.9,0.27,-0.6,-0.69,-0.05,-0.97,-0.1,-215.8,0.2,-1.0,1.34,1.34,0.0,-0.27,0.0,0.9764220398987314,0.9534149149242421,0.02292918501369756,0.28,0,0,0.0
9.007662841000638,596,4697.79,-96.7,-2.4,-99.0,0.39,-0.65,-0.61,-0.05,-0.97,-0.11,-215.8,0.0,4.0,1.34,1.34,-0.01,0.23,0.0,0.9774968030638258,0.9729850975220535,0.0214173334116311,0.28,0,0,0.0
9.019261407000158,597,4697.8,-96.7,-2.3,-99.1,0.44,-0.7,-0.57,-0.05,-0.98,-0.1,-215.8,0.3,0.0,1.34,1.34,0.0,0.05,0.0,0.9863569333664157,1.0042410069301093,0.01230605904686033,0.28,0,0,0.0
9.027472089000184,598,4697.81,-96.6,-2.3,-99.2,0.45,-0.72,-0.52,-0.04,-0.99,-0.1,-215.8,0.0,-4.0,1.34,1.34,0.01,0.02,0.0,0.9958413528268446,0.9956404973684025,0.0027652067947028236,0.28,0,0,0.0
9.039321881999967,599,4697.82,-96.6,-2.2,-99.2,0.48,-0.7,-0.54,-0.04,-0.99,-0.11,-215.8,0.0,4.0,1.34,1.34,-0.01,0.11,0.0,0.9968951800465282,1.0059821071967434,0.0016771519835188098,0.28,0,0,0.0
9.047622254000089,600,4697.83,-96.5,-2.2,-99.3,0.42,-0.66,-0.54,-0.04,-1.0,-0.11,-215.8,0.0,-4.0,1.34,1.34,0.01,-0.03,0.0,1.0068266980965492,0.9505787710652915,0.00808927874517218,0.28,0,0,0.0
9.059357944000112,601,4697.84,-96.5,-2.2,-99.4,0.34,-0.66,-0.6,-0.04,-1.03,-0.09,-215.8,0.0,4.0,1.34,1.34,-0.01,-0.06,0.0,1.0346980235798269,0.9545679651025379,0.03524139214388078,0.28,0,0,0.0
9.067609428000651,602,4697.85,-96.4,-2.1,-99.5,0.3,-0.67,-0.68,-0.04,-1.04,-0.07,-215.8,0.0,-5.0,1.34,1.34,0.01,-0.03,0.0,1.0431203190428227,1.000649788887201,0.04279041385473903,0.28,0,0,0.0
9.079082185000516,603,4697.86,-96.4,-2.0,-99.5,0.39,-0.73,-0.75,-0.03,-1.04,-0.06,-215.8,-0.2,1.0,1.34,1.34,0.0,-0.03,0.0,1.0421612159354234,1.116915395184434,0.040994684532392967,0.28,0,0,0.0
9.08760499500022,604,4697.87,-96.3,-2.0,-99.6,0.61,-0.76,-0.76,-0.02,-1.02,-0.06,-215.8,0.4,-1.0,1.34,1.34,0.0,-0.16,0.0,1.0219589032832974,1.2358397954427587,0.020376524442661692,0.28,0,0,0.0
9.099146776999987,605,4697.88,-96.2,-1.9,-99.7,0.83,-0.78,-0.71,-0.02,-0.99,-0.07,-215.8,-0.4,0.0,1.34,1.34,0.0,-0.03,0.0,0.9926731586982696,1.3421624342828256,0.008731035739518944,0.28,0,0,0.0
9.1076281630003,606,4697.89,-96.1,-1.8,-99.8,0.81,-0.78,-0.67,-0.02,-0.98,-0.07,-215.8,0.0,-3.0,1.34,1.34,0.01,0.14,0.0,0.982700361249552,1.3089690599857584,0.018329756524471774,0.28,0,0,0.0
9.11940177300039,607,4697.9,-96.0,-1.8,-99.9,0.63,-0.78,-0.64,-0.02,-0.98,-0.06,-215.8,-0.2,3.0,1.34,1.34,0.0,-0.19,0.0,0.9820386957752734,1.1894956914591999,0.018611593558775397,0.28,0,0,0.0
9.127562643000601,608,4697.91,-95.9,-1.7,-100.0,0.52,-0.84,-0.64,-0.02,-0.97,-0.05,-215.8,-0.5,-11.0,1.34,1.34,0.06,0.06,0.0,0.9714936952960631,1.1771151175649728,0.028573462157226004,0.28,0,0,0.0
9.139088075000473,609,4697.92,-95.8,-1.7,-100.1,0.55,-0.89,-0.61,-0.01,-0.97,-0.06,-215.8,-2.6,-15.0,1.34,1.34,0.09,-0.19,0.0,0.9719053451854249,1.2110739036078682,0.027598576022506927,0.28,0,0,0.0
9.147632439000517,610,4697.93,-95.7,-1.6,-100.2,0.73,-0.87,-0.55,-0.01,-0.96,-0.08,-215.9,-6.5,-39.0,1.34,1.34,0.25,-0.12,0.0,0.9633794683301071,1.2618637010390623,0.03540196382026828,0.28,0,0,0.0
9.159086375000697,611,4697.94,-95.7,-1.5,-100.2,0.91,-0.79,-0.48,-0.01,-0.96,-0.09,-216.0,-10.4,-29.0,1.35,1.35,0.3,-0.02,0.0,0.9642613753542137,1.29715072370176,0.033829655660238434,0.28,0,0,0.0
9.167159449000792,612,4697.95,-95.6,-1.5,-100.3,0.93,-0.67,-0.47,0.0,-0.97,-0.09,-216.1,-14.9,-48.0,1.35,1.35,0.47,0.0,0.0,0.9741663102366043,1.2388300932734884,0.02344622636229099,0.28,0,0,0.0
9.178835542000343,613,4697.96,-95.5,-1.4,-100.4,0.8,-0.58,-0.54,0.0,-0.98,-0.09,-216.3,-17.4,-22.0,1.35,1.35,0.48,-0.03,0.0,0.9841239759298621,1.1260550608207398,0.013218789455652469,0.28,0,0,0.0
9.18718459000047,614,4697.97,-95.4,-1.4,-100.4,0.73,-0.49,-0.64,0.0,-0.98,-0.09,-216.5,-19.1,-30.0,1.36,1.36,0.58,0.03,0.0,0.9841239759298621,1.0874741376235115,0.012954413666539377,0.28,0,0,0.0
9.199168185000417,615,4697.98,-95.3,-1.3,-100.5,0.71,-0.4,-0.65,0.0,-0.98,-0.09,-216.7,-22.9,-26.0,1.37,1.37,0.64,-0.14,0.0,0.9841239759298621,1.042401074443038,0.012695325393208612,0.28,0,0,0.0
9.207693979000396,616,4697.99,-95.3,-1.2,-100.5,0.75,-0.3,-0.6,0.0,-0.98,-0.1,-216.9,-24.9,-22.0,1.37,1.37,0.7,-0.01,0.0,0.9850888284819801,1.0062305898749053,0.011495863384268779,0.28,0,0,0.0
9.219065523000609,617,4698.0,-95.2,-1.1,-100.6,0.82,-0.18,-0.49,0.01,-0.97,-0.12,-217.1,-26.4,-29.0,1.38,1.38,0.77,0.02,0.0,0.977445650662992,0.9720596689504198,0.018756260379191647,0.28,0,0,0.0
9.227610007000294,618,4698.01,-95.1,-1.1,-100.6,0.87,-0.02,-0.4,0.02,-0.97,-0.14,-217.5,-30.5,-43.0,1.39,1.39,0.9,-0.07,0.0,0.9802550688468792,0.9577577981932593,0.015627905351398463,0.28,0,0,0.0
9.238983157000803,619,4698.02,-95.1,-1.0,-100.6,0.65,0.16,-0.3,0.03,-0.97,-0.15,-217.8,-33.7,-24.0,1.4,1.4,0.93,0.06,0.0,0.9819877799646999,0.7335529974037323,0.013617290348906241,0.28,0,0,0.0
9.247470680000333,620,4698.03,-95.1,-1.0,-100.5,0.2,0.33,-0.29,0.02,-1.0,-0.14,-218.2,-37.4,-32.0,1.41,1.41,1.04,-0.03,0.0,1.0099504938362078,0.4827007354458868,0.014058515052149723,0.28,0,0,0.0
9.25911486700079,621,4698.04,-95.1,-0.9,-100.5,0.14,0.45,-0.27,0.0,-1.0,-0.14,-218.6,-39.6,-20.0,1.42,1.42,1.08,0.22,0.0,1.009752444909147,0.5431390245600108,0.013583256802587207,0.28,0,0,0.0
9.267584779000572,622,4698.05,-95.1,-0.9,-100.5,0.43,0.58,-0.18,-0.01,-0.99,-0.13,-219.0,-40.2,-4.0,1.43,1.43,1.06,0.06,0.0,0.9985489472229191,0.7441102068914255,0.0023321639340320166,0.28,0,0,0.0
9.279124338000656,623,4698.06,-95.1,-0.9,-100.4,0.69,0.77,-0.01,-0.01,-0.98,-0.13,-219.4,-36.0,40.0,1.44,1.44,0.89,0.01,0.0,0.9886354231970448,1.0339729203417274,0.00742973289000548,0.28,0,0,0.0
9.287664887000574,624,4698.07,-95.0,-0.8,-100.3,0.66,0.97,0.08,0.0,-0.99,-0.12,-219.7,-31.6,28.0,1.45,1.45,0.83,0.04,0.0,0.9972462083156797,1.175967686630887,0.0011574311840568674,0.28,0,0,0.0
9.299265042000115,625,4698.08,-95.0,-0.8,-100.2,0.38,1.12,0.08,-0.02,-1.0,-0.1,-220.0,-27.3,45.0,1.46,1.46,0.68,0.01,0.0,1.005186549850325,1.1854113210189956,0.008915817264328108,0.28,0,0,0.0
9.30768569600059,626,4698.09,-95.0,-0.8,-100.1,0.3,1.14,0.05,-0.03,-1.0,-0.08,-220.2,-24.4,28.0,1.46,1.46,0.64,-0.13,0.0,1.0036433629531956,1.179872874508097,0.007225177759854762,0.28,0,0,0.0
9.319309739000346,627,4698.1,-94.9,-0.9,-100.0,0.48,1.12,0.05,-0.05,-1.01,-0.08,-220.4,-20.4,47.0,1.47,1.47,0.48,-0.04,0.0,1.0143963722332607,1.2195490970026586,0.01761862329912156,0.28,0,0,0.0
9.327675022000221,628,4698.11,-94.9,-0.9,-99.9,0.71,1.16,0.05,-0.05,-1.01,-0.09,-220.6,-16.6,31.0,1.47,1.47,0.42,0.0,0.0,1.0152339631828715,1.3609555466656507,0.01808708996375774,0.28,0,0,0.0
9.339029141000537,629,4698.12,-94.8,-0.9,-99.7,0.83,1.23,0.07,-0.06,-1.01,-0.08,-220.8,-13.0,39.0,1.47,1.47,0.29,0.14,0.0,1.0149384217774002,1.4854965499791644,0.017435717587120703,0.28,0,0,0.0
9.347782572000142,630,4698.13,-94.7,-0.9,-99.6,0.89,1.24,0.05,-0.05,-1.01,-0.07,-220.8,-6.2,65.0,1.48,1.48,0.06,-0.02,0.0,1.0136567466356645,1.5271542161811948,0.015830961596477233,0.28,0,0,0.0
9.358892806000767,631,4698.14,-94.6,-0.9,-99.5,1.0,1.21,0.07,-0.03,-1.0,-0.05,-220.9,0.7,50.0,1.48,1.48,-0.03,0.08,0.0,1.0016985574512922,1.5713051899615174,0.003795316963862816,0.28,0,0,0.0
9.367722017000233,632,4698.15,-94.5,-0.9,-99.4,1.13,1.2,0.08,-0.02,-0.98,-0.06,-220.9,0.2,4.0,1.48,1.48,0.02,-0.11,0.0,0.9820386957752734,1.650242406436097,0.015547253817912887,0.28,0,0,0.0
9.379108359000384,633,4698.16,-94.3,-0.9,-99.2,1.11,1.2,0.06,-0.02,-0.97,-0.05,-220.9,0.0,7.0,1.48,1.48,0.0,0.15,0.0,0.9714936952960631,1.6357567056258704,0.0255704092111807,0.28,0,0,0.0
9.387728448000416,634,4698.17,-94.2,-0.9,-99.1,1.04,1.16,0.04,-0.01,-0.96,-0.05,-220.9,0.0,1.0,1.48,1.48,0.0,0.1,0.0,0.9613532129243653,1.5584607791022524,0.03499667375122095,0.28,0,0,0.0
9.399040857000728,635,4698.18,-94.1,-0.9,-99.0,0.94,1.1,-0.01,-0.01,-0.97,-0.05,-220.9,0.0,-2.0,1.48,1.48,0.0,-0.2,0.0,0.9713392816107047,1.446962335377117,0.024510392963583927,0.28,0,0,0.0
9.407703876000596,636,4698.19,-94.0,-0.9,-98.9,0.93,1.0,-0.11,-0.01,-0.98,-0.05,-220.9,0.1,0.0,1.48,1.48,0.0,-0.02,0.0,0.9813256340277675,1.3700364958642526,0.014233559735590706,0.28,0,0,0.0
9.419312435999927,637,4698.2,-93.9,-0.9,-98.8,0.9,0.87,-0.16,-0.02,-0.99,-0.05,-220.9,-0.1,1.0,1.48,1.48,0.0,-0.11,0.0,0.9914635646356349,1.2619429464123963,0.0040137165451687995,0.28,0,0,0.0
9.427584297000067,638,4698.21,-93.8,-0.9,-98.7,0.95,0.73,-0.16,-0.02,-1.01,-0.05,-220.8,0.5,-4.0,1.48,1.48,0.02,-0.02,0.0,1.0114346246792225,1.2087183294713455,0.01563819662845045,0.28,0,0,0.0
9.438985986000262,639,4698.22,-93.7,-0.9,-98.7,1.04,0.6,-0.14,-0.03,-1.03,-0.04,-220.8,0.0,3.0,1.48,1.48,-0.02,0.0,0.0,1.031212878119741,1.2088010589009262,0.03470812106758947,0.28,0,0,0.0
9.447771664000356,640,4698.23,-93.6,-0.9,-98.6,1.04,0.45,-0.13,-0.03,-1.04,-0.03,-220.8,2.0,12.0,1.48,1.48,-0.06,-0.16,0.0,1.0408650248711404,1.1406138698087096,0.04347306246260918,0.28,0,0,0.0
9.458981988000232,641,4698.24,-93.5,-0.9,-98.6,1.15,0.32,-0.21,-0.04,-1.07,-0.04,-220.8,2.1,3.0,1.47,1.47,-0.06,-0.1,0.0,1.0714942836991712,1.212023102090055,0.07262027486482714,0.28,0,0,0.0
9.467674115000591,642,4698.25,-93.3,-0.8,-98.6,1.36,0.2,-0.35,-0.04,-1.07,-0.05,-220.8,1.1,-6.0,1.47,1.47,-0.01,-0.1,0.0,1.0719141756689292,1.4184851074297538,0.0715793634978934,0.28,0,0,0.0
9.479358082000545,643,4698.26,-93.2,-0.8,-98.5,1.5,0.08,-0.48,-0.05,-1.05,-0.05,-220.8,1.6,10.0,1.47,1.47,-0.07,-0.17,0.0,1.0523782589924593,1.5769590990257167,0.05100257788499496,0.28,0,0,0.0
9.487666589000582,644,4698.27,-93.0,-0.8,-98.6,1.64,-0.09,-0.54,-0.06,-1.03,-0.05,-220.8,3.2,12.0,1.47,1.47,-0.1,0.14,0.0,1.0329569206893383,1.7289592245047307,0.03094961479023639,0.28,0,0,0.0
9.499136149000151,645,4698.28,-92.9,-0.8,-98.6,1.69,-0.3,-0.62,-0.07,-1.03,-0.03,-220.7,5.5,22.0,1.47,1.47,-0.18,-0.08,0.0,1.032811696293182,1.8249657531033285,0.030188302586198423,0.28,0,0,0.0
9.507707356000537,646,4698.29,-92.7,-0.7,-98.6,1.77,-0.42,-0.61,-0.06,-1.01,-0.04,-220.6,9.8,41.0,1.47,1.47,-0.32,0.01,0.0,1.0125709851659783,1.9186974748511034,0.009748639629814981,0.28,0,0,0.0
9.519149358000504,647,4698.3,-92.5,-0.7,-98.7,1.82,-0.58,-0.57,-0.05,-1.0,-0.04,-220.5,14.7,48.0,1.46,1.46,-0.48,-0.06,0.0,1.0020479030465559,1.993414156666898,0.000758953639815374,0.28,0,0,0.0
9.527675662000547,648,4698.31,-92.3,-0.7,-98.7,1.79,-0.7,-0.57,-0.03,-0.99,-0.04,-220.3,23.0,76.0,1.46,1.46,-0.73,0.04,0.0,0.9912618221237011,2.0047443727318455,0.011314133871416887,0.28,0,0,0.0
9.5391013440003,649,4698.32,-92.1,-0.6,-98.8,1.78,-0.85,-0.55,-0.03,-0.97,-0.03,-220.0,30.1,69.0,1.45,1.45,-0.9,0.04,0.0,0.9709273917240155,2.0477792849816603,0.03101559298568035,0.28,0,0,0.0
9.547688005000055,650,4698.33,-92.0,-0.6,-98.9,1.7,-0.9,-0.48,-0.02,-0.96,-0.04,-219.6,38.6,84.0,1.44,1.44,-1.16,-0.08,0.0,0.9610411021387171,1.9825236442474021,0.0400838449195593,0.28,0,0,0.0
9.559055203000753,651,4698.34,-91.8,-0.6,-99.0,1.63,-0.92,-0.38,-0.02,-0.94,-0.05,-219.2,49.8,109.0,1.42,1.42,-1.51,-0.04,0.0,0.9415412895885129,1.9098952850876405,0.058391984320368184,0.28,0,0,0.0
9.567613132000588,652,4698.35,-91.7,-0.5,-99.1,1.59,-0.91,-0.27,-0.01,-0.92,-0.04,-218.6,62.4,113.0,1.41,1.41,-1.82,0.19,0.0,0.9209234495874237,1.8517829246431667,0.07742962783502827,0.28,0,0,0.0
9.579368966000402,653,4698.36,-91.5,-0.5,-99.2,1.5,-0.91,-0.15,-0.01,-0.9,-0.04,-217.9,73.3,113.0,1.39,1.39,-2.13,-0.01,0.0,0.9009439494219382,1.7608520664723655,0.09546094544050343,0.28,0,0,0.0
9.587647651000225,654,4698.37,-91.4,-0.5,-99.3,1.3,-0.9,-0.01,0.0,-0.89,-0.05,-217.1,84.7,118.0,1.36,1.36,-2.45,-0.06,0.0,0.891403387922662,1.58117045254457,0.10290147680098405,0.28,0,0,0.0
9.599223100000017,655,4698.38,-91.3,-0.5,-99.4,1.13,-0.89,0.11,0.0,-0.88,-0.05,-216.2,97.5,125.0,1.34,1.34,-2.8,0.02,0.0,0.8814193099768123,1.442601816164114,0.11062784365189715,0.28,0,0,0.0
9.6077156500005,656,4698.39,-91.2,-0.5,-99.5,0.97,-0.82,0.25,0.0,-0.88,-0.07,-215.1,109.7,121.0,1.31,1.31,-3.13,0.05,0.0,0.8827797007181349,1.294526940623485,0.10708210385236305,0.28,0,0,0.0
9.619085506000374,657,4698.4,-91.2,-0.6,-99.5,0.81,-0.66,0.4,0.01,-0.89,-0.08,-213.9,122.1,124.0,1.27,1.27,-3.47,-0.05,0.0,0.8936442245099556,1.1187939935484101,0.09429322845933152,0.28,0,0,0.0
9.627604704000078,658,4698.41,-91.1,-0.6,-99.6,0.65,-0.47,0.54,0.02,-0.89,-0.08,-212.6,134.2,121.0,1.23,1.23,-3.8,-0.03,0.0,0.8938120607823549,0.9669539802906858,0.09224288434319361,0.28,0,0,0.0
9.63916459200027,659,4698.42,-91.1,-0.6,-99.6,0.42,-0.27,0.67,0.02,-0.9,-0.09,-211.2,146.6,125.0,1.19,1.19,-4.15,-0.07,0.0,0.9047098982546836,0.8355836283700154,0.07971814593344762,0.28,0,0,0.0
9.647644119000688,660,4698.43,-91.1,-0.7,-99.6,0.26,-0.03,0.77,0.03,-0.93,-0.1,-209.6,158.2,116.0,1.15,1.15,-4.44,-0.2,0.0,0.9358418669839473,0.8132650244538984,0.0476144536601002,0.28,0,0,0.0
9.659131051000259,661,4698.44,-91.2,-0.7,-99.6,0.16,0.21,0.8,0.04,-0.94,-0.09,-208.0,169.2,104.0,1.1,1.1,-4.7,0.03,0.0,0.9451454914456292,0.842436941260294,0.03754461261444997,0.28,0,0,0.0
9.667663590000302,662,4698.45,-91.2,-0.8,-99.6,-0.08,0.43,0.79,0.04,-0.98,-0.07,-206.2,174.5,60.0,1.06,1.06,-4.78,-0.06,0.0,0.9833107342035884,0.9029950165975448,0.000608217540639,0.28,0,0,0.0
9.679110146000312,663,4698.46,-91.3,-0.8,-99.5,-0.36,0.61,0.67,0.03,-1.02,-0.07,-204.5,175.5,15.0,1.01,1.01,-4.74,0.09,0.0,1.022839185796086,0.9749871794028884,0.039333935750473836,0.28,0,0,0.0
9.68763538300027,664,4698.47,-91.3,-0.9,-99.5,-0.5,0.76,0.49,0.0,-1.04,-0.05,-202.7,171.7,-37.0,0.96,0.96,-4.55,0.1,0.0,1.0412012293500235,1.0332956982393762,0.05654205971832316,0.28,0,0,0.0
9.699227413000699,665,4698.48,-91.4,-0.9,-99.4,-0.48,0.87,0.37,-0.03,-1.04,-0.03,-201.1,157.5,-142.0,0.92,0.92,-3.99,0.2,0.0,1.0408650248711404,1.0602829810951415,0.05508173813465134,0.28,0,0,0.0
9.70774967700072,666,4698.49,-91.4,-0.9,-99.3,-0.39,0.87,0.28,-0.07,-1.04,0.0,-199.7,128.4,-277.0,0.89,0.89,-3.02,0.26,0.0,1.0423531071570709,0.9936800289831733,0.05543842401217014,0.28,0,0,0.0
9.718925083000613,667,4698.5,-91.4,-1.0,-99.2,-0.25,0.74,0.22,-0.09,-1.04,0.01,-198.7,84.9,-404.0,0.87,0.87,-1.71,0.24,0.0,1.0439348638684312,0.811480129146734,0.05587977710905978,0.28,0,0,0.0
9.72760018900044,668,4698.51,-91.4,-1.1,-99.1,-0.15,0.56,0.16,-0.09,-1.05,0.02,-198.2,37.6,-438.0,0.86,0.86,-0.47,0.24,0.0,1.0540398474441086,0.6014149981501958,0.06466506547104245,0.28,0,0,0.0
9.739163380000718,669,4698.52,-91.4,-1.1,-99.1,-0.19,0.39,0.06,-0.1,-1.06,0.04,-198.1,-2.2,-355.0,0.86,0.86,0.32,0.12,0.0,1.0654576481493763,0.43794976880916375,0.07456120885278394,0.28,0,0,0.0
9.747635645000628,670,4698.53,-91.4,-1.1,-99.1,-0.27,0.1,-0.1,-0.09,-1.06,0.05,-198.2,-10.7,-112.0,0.86,0.86,0.23,0.14,0.0,1.0649882628461218,0.3047950130825634,0.07260998707853894,0.28,0,0,0.0
9.75911181200081,671,4698.54,-91.4,-1.2,-99.1,-0.15,-0.18,-0.21,-0.09,-1.03,0.04,-198.3,-6.8,-21.0,0.86,0.86,0.16,-0.02,0.0,1.0346980235798269,0.31464265445104544,0.04147335285599918,0.28,0,0,0.0
9.767687090000436,672,4698.55,-91.4,-1.2,-99.1,0.01,-0.45,-0.24,-0.08,-1.01,0.05,-198.4,-6.7,-13.0,0.87,0.87,0.19,-0.15,0.0,1.0143963722332607,0.510098029794274,0.02074826747924441,0.28,0,0,0.0
9.779073305000566,673,4698.56,-91.3,-1.2,-99.2,0.15,-0.76,-0.25,-0.07,-0.99,0.06,-198.4,-7.1,-9.0,0.87,0.87,0.2,0.07,0.0,0.9942836617384397,0.8140024569987488,0.0006228458447349317,0.28,0,0,0.0
9.78768959000081,674,4698.57,-91.2,-1.2,-99.3,0.06,-1.12,-0.3,-0.05,-0.98,0.06,-198.5,-9.9,-28.0,0.87,0.87,0.32,0.05,0.0,0.9831073186585481,1.1610340218959996,0.010342427290453649,0.28,0,0,0.0
9.79923062600028,675,4698.58,-91.2,-1.2,-99.4,-0.19,-1.38,-0.37,-0.04,-0.99,0.03,-198.7,-13.3,-27.0,0.87,0.87,0.38,0.03,0.0,0.9912618221237011,1.4413188405068462,0.00214416534879458,0.28,0,0,0.0
9.807552579000003,676,4698.59,-91.2,-1.1,-99.5,-0.42,-1.51,-0.45,-0.04,-1.01,0.0,-198.8,-15.7,-26.0,0.88,0.88,0.45,-0.27,0.0,1.0107917688624102,1.6306440445419106,0.017038065762116195,0.28,0,0,0.0
9.819062099000803,677,4698.6,-91.2,-1.1,-99.7,-0.37,-1.56,-0.47,-0.02,-0.99,-0.01,-199.0,-16.4,-19.0,0.88,0.88,0.49,-0.05,0.0,0.9902524930541705,1.670748335327616,0.003431185845200968,0.28,0,0,0.0
9.827631218000533,678,4698.61,-91.3,-1.0,-99.9,-0.15,-1.53,-0.43,0.0,-0.99,-0.03,-199.2,-19.1,-16.0,0.89,0.89,0.53,0.03,0.0,0.9904544411531506,1.5963395628750168,0.003164652991296424,0.28,0,0,0.0
9.83907041800012,679,4698.62,-91.3,-1.0,-100.0,-0.11,-1.48,-0.41,0.02,-0.98,-0.05,-199.4,-16.9,23.0,0.89,0.89,0.4,0.0,0.0,0.9814784765851974,1.5396752904427606,0.011897805208064716,0.28,0,0,0.0
9.847662590000255,680,4698.63,-91.3,-0.9,-100.2,-0.24,-1.37,-0.42,0.05,-0.99,-0.07,-199.5,-13.4,16.0,0.9,0.9,0.35,-0.11,0.0,0.9937303457175894,1.4528936643815336,0.00034698264584076544,0.28,0,0,0.0
9.85920130300019,681,4698.64,-91.4,-0.8,-100.3,-0.33,-1.23,-0.45,0.06,-1.0,-0.08,-199.6,-10.7,35.0,0.9,0.9,0.22,-0.01,0.0,1.004987562112089,1.3506665021388515,0.011372115059533505,0.28,0,0,0.0
9.867664590000459,682,4698.65,-91.5,-0.7,-100.4,-0.44,-1.08,-0.48,0.07,-1.02,-0.08,-199.7,-5.1,55.0,0.9,0.9,0.05,0.13,0.0,1.0255242561733973,1.2611106216347556,0.031270632938425025,0.28,0,0,0.0
9.879274093000276,683,4698.66,-91.5,-0.6,-100.5,-0.67,-0.9,-0.6,0.07,-1.05,-0.08,-199.7,1.2,45.0,0.9,0.9,-0.05,0.0,0.0,1.0553672346628922,1.2723600119463045,0.059891339199361515,0.28,0,0,0.0
9.8876172650007,684,4698.67,-91.6,-0.5,-100.6,-0.78,-0.7,-0.72,0.06,-1.05,-0.08,-199.7,1.9,16.0,0.9,0.9,-0.05,-0.13,0.0,1.0547511554864493,1.2715345060201866,0.05808975482246026,0.28,0,0,0.0
9.899261189000754,685,4698.68,-91.8,-0.4,-100.6,-0.83,-0.58,-0.79,0.04,-1.05,-0.06,-199.6,1.9,7.0,0.9,0.9,-0.06,0.13,0.0,1.0524732775705044,1.284289686947614,0.05469563936838506,0.28,0,0,0.0
9.907697720000215,686,4698.69,-91.8,-0.3,-100.7,-0.7,-0.57,-0.87,0.02,-1.04,-0.06,-199.6,3.6,20.0,0.9,0.9,-0.14,0.0,0.0,1.0419213022104885,1.2537144810522052,0.04326079072820188,0.28,0,0,0.0
9.91921367500072,687,4698.7,-91.9,-0.2,-100.8,-0.65,-0.6,-0.93,0.01,-1.03,-0.06,-199.6,7.0,31.0,0.9,0.9,-0.24,0.01,0.0,1.0317945531936095,1.2835108102388544,0.032471360877096345,0.28,0,0,0.0
9.927702456000588,688,4698.71,-92.0,-0.1,-100.8,-0.6,-0.62,-0.95,0.0,-1.02,-0.07,-199.5,10.2,34.0,0.89,0.89,-0.33,0.0,0.0,1.022399139279763,1.2833160171991933,0.022614428023984723,0.28,0,0,0.0
9.939237598000545,689,4698.72,-92.1,0.0,-100.9,-0.54,-0.6,-0.93,0.0,-1.0,-0.08,-199.3,17.8,79.0,0.89,0.89,-0.61,0.03,0.0,1.0031948963187562,1.2314625451064276,0.0033419813617184824,0.28,0,0,0.0
9.947708505000264,690,4698.73,-92.2,0.0,-101.0,-0.43,-0.58,-0.88,0.0,-0.99,-0.08,-199.1,24.9,58.0,0.88,0.88,-0.73,0.17,0.0,0.9932270636667125,1.1382881884654694,0.006493334264518702,0.28,0,0,0.0
9.959099459000754,691,4698.74,-92.2,0.0,-101.0,-0.38,-0.52,-0.81,0.0,-0.97,-0.09,-198.8,30.8,67.0,0.87,0.87,-0.93,-0.11,0.0,0.9741663102366043,1.034842983258813,0.025043005940734386,0.28,0,0,0.0
9.967673662999914,692,4698.75,-92.3,0.1,-101.1,-0.34,-0.47,-0.7,0.01,-0.95,-0.11,-198.5,37.7,71.0,0.86,0.86,-1.13,-0.13,0.0,0.9563994981178106,0.9091204540653565,0.041953621698337495,0.28,0,0,0.0
9.979212245000781,693,4698.76,-92.4,0.2,-101.1,-0.31,-0.37,-0.55,0.03,-0.93,-0.12,-198.0,44.6,65.0,0.85,0.85,-1.28,-0.04,0.0,0.9381897462667134,0.7317786550590282,0.05896010607844604,0.28,0,0,0.0
9.987584518999938,694,4698.77,-92.5,0.3,-101.1,-0.28,-0.24,-0.33,0.05,-0.91,-0.13,-197.5,51.5,65.0,0.83,0.83,-1.48,-0.11,0.0,0.9205976319760985,0.4948737212663449,0.07502117596167979,0.28,0,0,0.0
9.99972194700058,695,4698.78,-92.5,0.3,-101.2,-0.27,-0.06,-0.08,0.07,-0.92,-0.13,-197.0,57.6,62.0,0.82,0.82,-1.64,-0.04,0.0,0.9317725044236925,0.2879236009777594,0.06256937744380398,0.28,0,0,0.0
10.007618080000611,696,4698.79,-92.5,0.3,-101.2,-0.2,0.15,0.13,0.09,-0.92,-0.14,-196.3,62.4,43.0,0.8,0.8,-1.73,0.12,0.0,0.9349331526906082,0.28178005607210743,0.058220554593350515,0.28,0,0,0.0
10.019243571000516,697,4698.8,-92.5,0.3,-101.1,-0.1,0.39,0.32,0.1,-0.92,-0.15,-195.7,64.9,34.0,0.78,0.78,-1.79,-0.02,0.0,0.9374966666607407,0.5142956348249517,0.05454389981075358,0.28,0,0,0.0
10.027631818999907,698,4698.81,-92.5,0.2,-101.1,-0.02,0.66,0.5,0.11,-0.91,-0.15,-195.0,66.6,6.0,0.77,0.77,-1.77,-0.12,0.0,0.9288164511893617,0.8282511696339463,0.061959632976489876,0.28,0,0,0.0
10.039145265000116,699,4698.82,-92.5,0.2,-101.0,-0.03,0.99,0.69,0.11,-0.89,-0.15,-194.4,64.5,-15.0,0.75,0.75,-1.7,0.03,0.0,0.9092304438369846,1.2071039723238424,0.07991472752228967,0.28,0,0,0.0
10.047729823000736,700,4698.83,-92.5,0.1,-100.9,-0.08,1.33,0.92,0.1,-0.86,-0.16,-193.8,61.1,-32.0,0.73,0.73,-1.6,-0.09,0.0,0.8804544281222054,1.6191664522216362,0.10651692837232751,0.28,0,0,0.0
10.05916553499992,701,4698.84,-92.5,0.0,-100.7,-0.18,1.68,1.16,0.08,-0.85,-0.14,-193.2,56.9,-25.0,0.72,0.72,-1.54,0.07,0.0,0.8651589449343975,2.0494877408757532,0.11937616332893275,0.28,0,0,0.0
10.06768855700011,702,4698.85,-92.6,0.0,-100.5,-0.38,1.96,1.37,0.06,-0.86,-0.11,-192.6,54.4,-40.0,0.7,0.7,-1.38,0.11,0.0,0.8690799733051038,2.4213426027722718,0.11314603225906195,0.28,0,0,0.0
10.079259785000431,703,4698.86,-92.7,-0.1,-100.3,-0.78,2.15,1.44,0.0,-0.92,-0.06,-192.1,43.4,-112.0,0.69,0.69,-0.95,0.16,0.0,0.9219544457292888,2.702683851285607,0.059066128638179394,0.28,0,0,0.0
10.08739463100028,704,4698.87,-92.8,-0.3,-100.1,-1.25,2.09,1.43,-0.04,-1.0,0.0,-191.8,28.0,-112.0,0.68,0.68,-0.67,-0.01,0.0,1.0007996802557444,2.8240927746800386,0.01938352377051067,0.28,0,0,0.0
10.09912560400062,705,4698.88,-92.9,-0.4,-99.9,-1.38,1.93,1.39,-0.13,-1.1,0.04,-191.6,23.9,-45.0,0.68,0.68,-0.66,0.02,0.0,1.1083771921146701,2.7497999927267434,0.12442181491684767,0.28,0,0,0.0
10.107790914000361,706,4698.89,-93.0,-0.6,-99.7,-1.16,1.69,1.36,-0.2,-1.13,0.02,-191.3,27.9,8.0,0.67,0.67,-0.77,0.09,0.0,1.147736903649961,2.4599390236345293,0.16050589592309572,0.28,0,0,0.0
10.119089370999973,707,4698.9,-93.1,-0.7,-99.5,-0.66,1.63,1.27,-0.25,-1.14,0.01,-191.0,25.4,-26.0,0.66,0.66,-0.64,0.03,0.0,1.1671332400373147,2.1691933984778764,0.1763041876642405,0.28,0,0,0.0
10.127505011000721,708,4698.91,-93.1,-0.8,-99.3,0.18,1.42,1.32,-0.25,-1.07,0.06,-190.8,22.4,-17.0,0.66,0.66,-0.59,0.02,0.0,1.100454451578983,1.9471004082994796,0.10743289122179056,0.28,0,0,0.0
10.13915692699993,709,4698.92,-93.1,-0.9,-99.2,0.6,0.93,1.39,-0.23,-1.07,0.09,-190.6,21.1,-18.0,0.65,0.65,-0.54,0.08,0.0,1.098134782255803,1.7767948671695335,0.10301095746063837,0.28,0,0,0.0
10.147681163000016,710,4698.93,-93.0,-1.1,-99.2,0.58,0.33,1.16,-0.2,-1.11,0.12,-190.4,15.7,-56.0,0.65,0.65,-0.33,-0.02,0.0,1.1342398335449166,1.3382451195502265,0.13633368857475703,0.28,0,0,0.0
10.15921025300031,711,4698.94,-93.0,-1.1,-99.1,0.4,-0.2,0.76,-0.18,-1.16,0.11,-190.3,6.8,-83.0,0.65,0.65,-0.06,0.08,0.0,1.1790250209389113,0.8818163074019442,0.17749649844937654,0.28,0,0,0.0
10.167721657000584,712,4698.95,-92.9,-1.2,-99.2,0.54,-0.75,0.38,-0.17,-1.18,0.14,-190.3,-2.3,-76.0,0.65,0.65,0.12,0.17,0.0,1.2003749414245533,0.9992497185388646,0.1948694905563182,0.28,0,0,0.0
10.179281305000586,713,4698.96,-92.8,-1.2,-99.3,1.08,-1.27,0.13,-0.16,-1.17,0.14,-190.4,-2.7,-3.0,0.65,0.65,0.0,0.07,0.0,1.1891593669479292,1.6721842003798506,0.17998083775810025,0.28,0,0,0.0
10.187661027000104,714,4698.97,-92.7,-1.2,-99.5,1.7,-1.69,0.0,-0.13,-1.11,0.1,-190.3,1.7,13.0,0.65,0.65,-0.03,-0.05,0.0,1.122051692213866,2.3971024175032656,0.11061569976355612,0.28,0,0,0.0
10.199268379999921,715,4698.98,-92.5,-1.3,-99.6,1.96,-2.0,0.0,-0.09,-1.04,0.06,-190.3,-0.5,-14.0,0.65,0.65,0.03,0.02,0.0,1.045609869884557,2.800285699709942,0.03349039988556224,0.28,0,0,0.0
10.20776170299996,716,4698.99,-92.3,-1.3,-99.9,1.9,-2.19,0.0,-0.05,-1.0,0.03,-190.3,0.0,12.0,0.65,0.65,-0.03,0.06,0.0,1.0016985574512922,2.8993275082335903,0.010212494296748531,0.28,0,0,0.0
10.219247650999932,717,4699.0,-92.1,-1.3,-100.1,1.78,-2.28,-0.01,0.0,-0.97,0.0,-190.3,1.1,6.0,0.65,0.65,-0.03,0.12,0.0,0.97,2.89255942030583,0.04107283071307988,0.28,0,0,0.0
10.227562627000225,718,4699.01,-91.9,-1.3,-100.3,1.7,-2.25,0.0,0.04,-0.96,-0.02,-190.3,0.2,-2.0,0.65,0.65,0.0,0.07,0.0,0.9610411021387171,2.8200177304407146,0.04903109400287553,0.28,0,0,0.0
10.239030319999983,719,4699.02,-91.7,-1.2,-100.5,1.74,-2.08,0.05,0.06,-0.95,-0.04,-190.3,0.3,3.0,0.65,0.65,-0.02,0.07,0.0,0.952732911156112,2.7122868579853425,0.05619249928577097,0.28,0,0,0.0
10.247742209000535,720,4699.03,-91.5,-1.2,-100.7,1.73,-1.88,0.1,0.07,-0.95,-0.03,-190.3,0.2,-2.0,0.65,0.65,0.0,-0.1,0.0,0.9530477427705287,2.556814424239663,0.054760114317927155,0.28,0,0,0.0
10.259207296000568,721,4699.04,-91.3,-1.2,-100.9,1.52,-1.7,0.09,0.06,-0.97,-0.03,-190.3,0.5,4.0,0.65,0.65,-0.03,0.03,0.0,0.9723168207945392,2.282213837483245,0.03478121556803826,0.28,0,0,0.0
10.267661688000771,722,4699.05,-91.2,-1.1,-101.1,1.19,-1.51,0.03,0.03,-0.99,-0.01,-190.3,2.2,16.0,0.65,0.65,-0.09,0.11,0.0,0.9905049217444606,1.9227844392963036,0.016261252325754594,0.28,0,0,0.0
10.279270480000378,723,4699.06,-91.1,-1.1,-101.2,1.03,-1.36,-0.01,0.0,-1.0,0.0,-190.3,5.2,33.0,0.64,0.64,-0.2,-0.01,0.0,1.0,1.7060480649735519,0.006630850588810855,0.28,0,0,0.0
10.287798125000336,724,4699.07,-91.0,-1.1,-101.3,1.1,-1.21,-0.01,-0.04,-0.99,0.0,-190.2,14.4,93.0,0.64,0.64,-0.57,0.06,0.0,0.9908077512817509,1.6352981379552782,0.015506637320918837,0.28,0,0,0.0
10.29913904300065,725,4699.08,-90.9,-1.1,-101.4,1.28,-1.11,0.02,-0.06,-0.97,0.0,-189.9,25.3,84.0,0.63,0.63,-0.77,0.02,0.0,0.9718538984847466,1.6943730403898665,0.033771280315564645,0.28,0,0,0.0
10.307418979999966,726,4699.09,-90.7,-1.2,-101.6,1.34,-1.02,0.07,-0.07,-0.96,-0.01,-189.6,31.9,77.0,0.62,0.62,-0.96,-0.11,0.0,0.9626006440887104,1.6854969593564981,0.04216404401736884,0.28,0,0,0.0
10.319454543000575,727,4699.1,-90.6,-1.2,-101.6,1.34,-0.98,0.13,-0.07,-0.94,-0.01,-189.3,40.3,91.0,0.61,0.61,-1.23,0.0,0.0,0.9426558226627574,1.6652026903653503,0.06086668813445539,0.28,0,0,0.0
10.327740185000039,728,4699.11,-90.4,-1.3,-101.7,1.25,-0.86,0.22,-0.07,-0.94,-0.01,-188.8,48.3,74.0,0.6,0.6,-1.39,-0.24,0.0,0.9426558226627574,1.5331340450201998,0.05964935437176633,0.28,0,0,0.0
10.339473381000062,729,4699.12,-90.3,-1.3,-101.8,1.27,-0.77,0.3,-0.06,-0.95,-0.01,-188.3,54.0,59.0,0.58,0.58,-1.52,-0.16,0.0,0.951945376584182,1.5151897570931503,0.049352604441334935,0.28,0,0,0.0
10.34769312500066,730,4699.13,-90.2,-1.4,-101.9,1.3,-0.71,0.35,-0.05,-0.97,0.0,-187.7,59.1,56.0,0.57,0.57,-1.67,-0.04,0.0,0.9712878049270462,1.5220381072758988,0.029409972576501242,0.28,0,0,0.0
10.359122141000626,731,4699.14,-90.1,-1.4,-102.0,1.26,-0.67,0.39,-0.04,-0.99,0.0,-187.1,63.0,36.0,0.55,0.55,-1.73,-0.06,0.0,0.9908077512817509,1.479391766909631,0.009692225697360723,0.28,0,0,0.0
10.367730765000488,732,4699.15,-89.9,-1.5,-102.0,1.2,-0.61,0.39,-0.04,-1.01,0.0,-186.4,64.3,17.0,0.53,0.53,-1.75,0.01,0.0,1.0107917688624102,1.4014991972883895,0.01008595604563256,0.28,0,0,0.0
10.379148419000558,733,4699.16,-89.8,-1.5,-102.1,1.1,-0.52,0.34,-0.05,-1.03,0.02,-185.8,62.6,-15.0,0.52,0.52,-1.65,-0.21,0.0,1.031406806260265,1.2633289357883006,0.030086973574617648,0.28,0,0,0.0
10.387685985000644,734,4699.17,-89.7,-1.6,-102.1,1.1,-0.5,0.25,-0.06,-1.04,0.04,-185.2,60.4,-15.0,0.5,0.5,-1.62,0.06,0.0,1.042497002393772,1.2338962679253067,0.04035362631396211,0.28,0,0,0.0
10.39918523400047,735,4699.18,-89.5,-1.6,-102.2,1.14,-0.54,0.15,-0.07,-1.03,0.04,-184.6,58.4,-25.0,0.48,0.48,-1.54,-0.1,0.0,1.0331505214633538,1.2703149215844076,0.030387002475873004,0.28,0,0,0.0
10.40760181800033,736,4699.19,-89.4,-1.7,-102.2,1.16,-0.52,0.09,-0.07,-1.02,0.04,-184.0,53.5,-37.0,0.47,0.47,-1.41,0.02,0.0,1.0231813133555558,1.2744018204632321,0.02000943848071346,0.28,0,0,0.0
10.419152587000099,737,4699.2,-89.3,-1.7,-102.3,1.16,-0.49,0.02,-0.06,-1.02,0.05,-183.5,48.8,-43.0,0.46,0.46,-1.28,-0.01,0.0,1.022985825903761,1.2594046212397347,0.019417672008340103,0.28,0,0,0.0
10.427597319000597,738,4699.21,-89.1,-1.7,-102.3,1.17,-0.46,-0.05,-0.07,-1.01,0.06,-183.1,44.6,-37.0,0.44,0.44,-1.17,-0.21,0.0,1.0141991914806479,1.2581732790041282,0.010418416833522404,0.28,0,0,0.0
10.43914402900009,739,4699.22,-89.0,-1.7,-102.4,1.17,-0.43,-0.06,-0.06,-0.98,0.06,-182.7,41.4,-27.0,0.43,0.43,-1.12,0.07,0.0,0.983666610188635,1.2479583326377528,0.019711881169320544,0.28,0,0,0.0
10.447583383000165,740,4699.23,-88.8,-1.7,-102.4,1.23,-0.41,-0.04,-0.05,-0.98,0.06,-182.3,39.2,-30.0,0.42,0.42,-1.02,0.15,0.0,0.9831073186585481,1.29715072370176,0.019865749245419395,0.28,0,0,0.0
10.459224797000388,741,4699.24,-88.6,-1.8,-102.5,1.3,-0.38,-0.03,-0.05,-0.97,0.07,-181.9,34.7,-43.0,0.41,0.41,-0.88,0.13,0.0,0.9738069623903908,1.3547324459095236,0.028582783403305112,0.28,0,0,0.0
10.467645649000588,742,4699.25,-88.5,-1.8,-102.5,1.31,-0.38,0.0,-0.06,-0.96,0.07,-181.6,29.9,-48.0,0.4,0.4,-0.74,0.17,0.0,0.9644169222903547,1.3640014662748718,0.03721336703327438,0.28,0,0,0.0
10.479288967000684,743,4699.26,-88.3,-1.8,-102.6,1.34,-0.39,0.05,-0.08,-0.95,0.08,-181.3,26.8,-34.0,0.4,0.4,-0.68,0.14,0.0,0.9567131231461183,1.3964956140282003,0.044018822853960415,0.28,0,0,0.0
10.487703655000587,744,4699.27,-88.2,-1.8,-102.6,1.36,-0.42,0.09,-0.09,-0.94,0.07,-181.1,23.4,-24.0,0.39,0.39,-0.64,0.01,0.0,0.9468896451012652,1.4262187770464951,0.05276545488083728,0.28,0,0,0.0
10.499289989000317,745,4699.28,-88.0,-1.9,-102.6,1.34,-0.44,0.13,-0.09,-0.94,0.07,-180.8,24.7,-1.0,0.38,0.38,-0.67,0.07,0.0,0.9468896451012652,1.4163685960935453,0.05171014578322053,0.28,0,0,0.0
10.507823079000445,746,4699.29,-87.8,-1.9,-102.7,1.24,-0.45,0.17,-0.09,-0.93,0.07,-180.6,23.0,-10.0,0.38,0.38,-0.62,-0.05,0.0,0.9369631796394137,1.3300375934536588,0.06040387902017064,0.28,0,0,0.0
10.519057893000536,747,4699.3,-87.7,-2.0,-102.7,1.09,-0.45,0.22,-0.09,-0.92,0.06,-180.4,23.3,-2.0,0.37,0.37,-0.63,-0.12,0.0,0.9263368717696603,1.1995832609702421,0.06960958315212551,0.28,0,0,0.0
10.527438005000477,748,4699.31,-87.6,-2.1,-102.8,0.99,-0.48,0.29,-0.08,-0.91,0.06,-180.1,22.2,-7.0,0.37,0.37,-0.6,0.08,0.0,0.9154780172128657,1.1378049041905207,0.0788590689547417,0.28,0,0,0.0
10.539187216000755,749,4699.32,-87.5,-2.1,-102.8,0.91,-0.5,0.39,-0.06,-0.91,0.04,-179.9,21.1,-8.0,0.36,0.36,-0.57,0.12,0.0,0.9128526715741156,1.1091438139393828,0.07985472630162194,0.28,0,0,0.0
10.547757554000782,750,4699.33,-87.4,-2.2,-102.9,0.76,-0.48,0.52,-0.03,-0.91,0.03,-179.7,18.4,-31.0,0.36,0.36,-0.44,-0.01,0.0,0.9109884741312593,1.0384603988597736,0.08008454526958875,0.28,0,0,0.0
10.559228994000478,751,4699.34,-87.3,-2.2,-102.9,0.58,-0.35,0.63,-0.02,-0.92,0.01,-179.5,16.2,-16.0,0.35,0.35,-0.43,0.12,0.0,0.9202716990106781,0.9250945897582582,0.06938529398236659,0.28,0,0,0.0
10.567763915000796,752,4699.35,-87.3,-2.3,-103.0,0.46,-0.21,0.74,-0.02,-0.94,0.01,-179.4,15.9,-13.0,0.35,0.35,-0.39,0.0,0.0,0.9402659198333203,0.8962700485902672,0.048403251696529814,0.28,0,0,0.0
10.57923449700047,753,4699.36,-87.3,-2.3,-103.0,0.41,-0.06,0.75,-0.02,-0.97,0.01,-179.2,12.9,-19.0,0.34,0.34,-0.34,-0.09,0.0,0.9702576977277737,0.8568547134724765,0.01804324432603488,0.28,0,0,0.0
10.587650357000712,754,4699.37,-87.2,-2.4,-103.0,0.4,0.06,0.75,-0.03,-0.98,0.01,-179.1,13.8,4.0,0.34,0.34,-0.39,0.16,0.0,0.9805100713404222,0.8521150157109074,0.0076350532991186215,0.28,0,0,0.0
10.59928290300013,755,4699.38,-87.2,-2.5,-103.0,0.33,0.17,0.72,-0.04,-1.0,0.02,-179.0,15.3,17.0,0.34,0.34,-0.45,0.29,0.0,1.000999500499376,0.8100617260431454,0.012597288342638402,0.28,0,0,0.0
10.607740946999911,756,4699.39,-87.2,-2.6,-103.0,0.27,0.24,0.7,-0.05,-1.0,0.02,-178.8,18.4,38.0,0.33,0.33,-0.59,0.18,0.0,1.0014489502715553,0.7877182237323191,0.012785803352521441,0.28,0,0,0.0
10.619206511000812,757,4699.4,-87.2,-2.6,-102.9,0.19,0.28,0.63,-0.06,-1.01,0.04,-178.6,23.9,41.0,0.32,0.32,-0.69,0.12,0.0,1.0125709851659783,0.715122367151245,0.023429681482005527,0.28,0,0,0.0
10.62758734900035,758,4699.41,-87.2,-2.7,-102.9,0.15,0.29,0.56,-0.06,-1.02,0.04,-178.3,26.9,36.0,0.32,0.32,-0.78,-0.04,0.0,1.0225458424931373,0.6482283548256741,0.03273644803298126,0.28,0,0,0.0
10.63924150999992,759,4699.42,-87.2,-2.8,-102.9,0.13,0.27,0.5,-0.08,-1.01,0.05,-178.0,28.8,21.0,0.31,0.31,-0.8,-0.05,0.0,1.0143963722332607,0.5829236656715868,0.02409523821764259,0.28,0,0,0.0
10.647810249000031,760,4699.43,-87.1,-2.8,-102.9,0.13,0.26,0.46,-0.09,-1.0,0.06,-177.7,32.9,34.0,0.3,0.3,-0.93,0.07,0.0,1.005832988124768,0.5441507144165116,0.015221217026966882,0.28,0,0,0.0
10.659345316000326,761,4699.44,-87.1,-2.9,-102.8,0.13,0.24,0.41,-0.09,-1.0,0.07,-177.4,35.9,41.0,0.29,0.29,-1.04,-0.06,0.0,1.0064790112068904,0.49254441424099005,0.015549895306907424,0.28,0,0,0.0
10.667748593999931,762,4699.45,-87.1,-3.0,-102.8,0.1,0.21,0.37,-0.09,-1.01,0.07,-177.0,40.2,32.0,0.28,0.28,-1.11,-0.12,0.0,1.0164152694642086,0.43703546766824314,0.02497643049294107,0.28,0,0,0.0
10.679388260999986,763,4699.46,-87.1,-3.0,-102.8,0.11,0.15,0.33,-0.09,-1.01,0.07,-176.6,39.2,-7.0,0.27,0.27,-1.02,-0.08,0.0,1.0164152694642086,0.37881393849751627,0.02447690188308227,0.28,0,0,0.0
10.687686672000382,764,4699.47,-87.0,-3.1,-102.8,0.19,0.07,0.28,-0.09,-1.02,0.07,-176.2,36.2,-26.0,0.26,0.26,-0.93,-0.01,0.0,1.026352765865616,0.3455430508634199,0.03372611031879991,0.28,0,0,0.0
10.699444387000767,765,4699.48,-87.0,-3.1,-102.8,0.28,-0.01,0.25,-0.09,-1.01,0.07,-175.9,31.7,-41.0,0.25,0.25,-0.8,0.02,0.0,1.0164152694642086,0.37549966711037175,0.02331284163904468,0.28,0,0,0.0
10.707573763000255,766,4699.49,-87.0,-3.2,-102.8,0.33,-0.06,0.23,-0.08,-1.0,0.06,-175.6,26.9,-47.0,0.24,0.24,-0.65,-0.05,0.0,1.004987562112089,0.40669398815325514,0.011647431601186531,0.28,0,0,0.0
10.719232108000142,767,4699.5,-86.9,-3.2,-102.8,0.33,-0.08,0.23,-0.07,-0.98,0.05,-175.4,20.4,-61.0,0.24,0.24,-0.48,-0.12,0.0,0.9837682653958705,0.4101219330881976,0.009380427812731296,0.28,0,0,0.0
10.727726933000667,768,4699.51,-86.9,-3.2,-102.8,0.29,-0.06,0.22,-0.07,-0.97,0.04,-175.2,16.1,-49.0,0.23,0.23,-0.36,0.19,0.0,0.973344748791506,0.36891733491393436,0.019407865528753843,0.28,0,0,0.0
10.739210300000195,769,4699.52,-86.9,-3.3,-102.8,0.21,-0.05,0.22,-0.06,-0.96,0.03,-175.1,9.3,-58.0,0.23,0.23,-0.19,-0.86,0.0,0.9623408959407265,0.3082207001484488,0.02980348401194266,0.28,0,0,0.0
10.751772363000782,770,4699.53,-86.9,-3.3,-102.8,0.09,0.02,0.2,-0.05,-0.96,0.02,-175.0,5.3,-42.0,0.23,0.23,-0.1,0.23,0.0,0.9615092303249095,0.22022715545545243,0.03002244663520437,0.28,0,0,0.0
10.759474340999986,771,4699.54,-86.9,-3.3,-102.8,-0.01,0.14,0.2,-0.04,-0.96,0.02,-175.0,2.0,-42.0,0.23,0.23,0.0,-0.21,0.0,0.9610411021387171,0.24433583445741233,0.029880763324968918,0.28,0,0,0.0
10.76759899300032,772,4699.55,-86.9,-3.3,-102.8,-0.11,0.25,0.21,-0.03,-0.97,0.02,-175.0,-0.2,-13.0,0.23,0.23,-0.01,0.06,0.0,0.9706698717895801,0.3445286635390443,0.019846953800623734,0.28,0,0,0.0
10.779085146999932,773,4699.56,-86.9,-3.3,-102.8,-0.15,0.38,0.21,-0.03,-0.98,0.02,-175.0,0.0,-1.0,0.23,0.23,-0.01,0.06,0.0,0.9806630410084801,0.4593473631142341,0.009656708890089183,0.28,0,0,0.0
10.787562685000012,774,4699.57,-87.0,-3.3,-102.7,-0.19,0.5,0.2,-0.03,-0.99,0.02,-175.0,0.0,-1.0,0.23,0.23,0.0,0.1,0.0,0.9906563480844404,0.5710516614107695,0.0003298662221535853,0.28,0,0,0.0
10.799166792000506,775,4699.58,-87.0,-3.3,-102.7,-0.21,0.61,0.2,-0.03,-0.99,0.02,-175.0,-0.1,0.0,0.23,0.23,0.02,0.01,0.0,0.9906563480844404,0.6754257916307312,0.0003232688977105047,0.28,0,0,0.0
10.807578938000006,776,4699.59,-87.1,-3.4,-102.6,-0.24,0.71,0.17,-0.04,-1.0,0.03,-175.0,0.5,1.0,0.23,0.23,0.0,0.01,0.0,1.0012492197250393,0.768505042273634,0.010697817727543302,0.28,0,0,0.0
10.81975831300042,777,4699.6,-87.1,-3.4,-102.5,-0.23,0.77,0.13,-0.04,-1.01,0.04,-175.0,0.0,-2.0,0.23,0.23,0.0,0.01,0.0,1.011582918005242,0.8140638795573722,0.020610885687591063,0.28,0,0,0.0
10.827695130999928,778,4699.61,-87.1,-3.4,-102.4,-0.19,0.79,0.08,-0.05,-1.01,0.04,-175.0,0.0,-1.0,0.23,0.23,0.01,-0.17,0.0,1.01202766760598,0.8164557550780079,0.020634522582562487,0.28,0,0,0.0
10.839254651000374,779,4699.62,-87.1,-3.4,-102.4,-0.17,0.79,0.04,-0.07,-1.01,0.05,-175.0,0.0,0.0,0.23,0.23,0.0,-0.22,0.0,1.0136567466356645,0.8090735442467515,0.02181832958000196,0.28,0,0,0.0
10.847756875999949,780,4699.63,-87.2,-3.4,-102.3,-0.16,0.78,0.03,-0.08,-1.0,0.06,-175.0,0.0,0.0,0.23,0.23,0.0,0.1,0.0,1.004987562112089,0.7968061244744545,0.012886162155297809,0.28,0,0,0.0
10.859176740000294,781,4699.64,-87.2,-3.4,-102.2,-0.18,0.75,0.03,-0.08,-1.0,0.06,-175.0,0.0,-2.0,0.23,0.23,0.0,-0.3,0.0,1.004987562112089,0.7718808198161164,0.012628438912191897,0.28,0,0,0.0
10.867697878999934,782,4699.65,-87.2,-3.5,-102.1,-0.16,0.63,0.04,-0.1,-0.99,0.08,-175.0,0.2,-1.0,0.23,0.23,0.0,-0.17,0.0,0.9982484660644363,0.6512296062065975,0.005771556007248435,0.28,0,0,0.0
10.879210957000396,783,4699.66,-87.2,-3.5,-102.1,-0.14,0.5,0.06,-0.11,-0.99,0.08,-175.0,0.0,2.0,0.23,0.23,0.0,0.02,0.0,0.9992997548283498,0.5226853738148792,0.00668638787573872,0.28,0,0,0.0
10.887758269000187,784,4699.67,-87.2,-3.5,-102.0,-0.08,0.33,0.05,-0.11,-1.0,0.08,-175.0,-0.1,1.0,0.23,0.23,0.0,-0.08,0.0,1.0092076099594176,0.3432200460346103,0.01626235814667043,0.28,0,0,0.0
10.899175249000109,785,4699.68,-87.2,-3.6,-102.0,-0.03,0.14,0.05,-0.11,-1.0,0.08,-175.0,0.4,-3.0,0.23,0.23,0.02,0.09,0.0,1.0092076099594176,0.15165750888103102,0.01593711098373707,0.28,0,0,0.0
10.907706128999962,786,4699.69,-87.1,-3.6,-102.0,0.06,0.0,0.04,-0.1,-1.01,0.07,-175.0,-0.3,0.0,0.23,0.23,0.0,0.06,0.0,1.0173494974687902,0.07211102550927978,0.023597418523247482,0.28,0,0,0.0
10.919251920000534,787,4699.7,-87.1,-3.6,-102.0,0.16,-0.12,0.04,-0.09,-1.0,0.06,-175.0,0.0,0.0,0.23,0.23,0.0,0.0,0.0,1.005832988124768,0.2039607805437114,0.01183929099564085,0.28,0,0,0.0
10.927583940000659,788,4699.71,-87.1,-3.6,-102.0,0.24,-0.22,0.09,-0.08,-0.99,0.04,-175.0,0.2,0.0,0.23,0.23,0.0,0.1,0.0,0.9940321926376429,0.3377869150810907,3.772559834536171e-05,0.28,0,0,0.0
10.93914328900064,789,4699.72,-87.1,-3.7,-102.1,0.38,-0.27,0.11,-0.07,-0.99,0.04,-175.0,0.1,0.0,0.23,0.23,0.0,-0.17,0.0,0.9932774033471213,0.47895720059312186,0.0007027224183326908,0.28,0,0,0.0
10.947710576000645,790,4699.73,-87.0,-3.7,-102.1,0.42,-0.28,0.12,-0.07,-0.98,0.05,-175.0,0.0,2.0,0.23,0.23,-0.01,0.0,0.0,0.9837682653958705,0.5188448708429139,0.010007623162191837,0.28,0,0,0.0
10.959146846000294,791,4699.74,-87.0,-3.7,-102.1,0.32,-0.33,0.13,-0.08,-1.0,0.07,-175.0,-0.1,0.0,0.23,0.23,0.0,0.0,0.0,1.0056341282991543,0.47770283649984746,0.011621074946270182,0.28,0,0,0.0
10.967718292000427,792,4699.75,-86.9,-3.7,-102.2,0.29,-0.43,0.11,-0.09,-1.01,0.08,-175.0,0.0,0.0,0.23,0.23,0.0,0.1,0.0,1.017152889196113,0.5301886456724625,0.022677039126364318,0.28,0,0,0.0
10.979233772000043,793,4699.76,-86.9,-3.7,-102.2,0.36,-0.52,0.09,-0.09,-1.02,0.08,-175.0,0.1,0.0,0.23,0.23,0.0,-0.17,0.0,1.0270832488167645,0.6388270501473775,0.031955250772075505,0.28,0,0,0.0
10.987748348000423,794,4699.77,-86.8,-3.8,-102.3,0.48,-0.58,0.09,-0.09,-1.0,0.08,-175.0,-0.1,0.0,0.23,0.23,0.0,-0.02,0.0,1.0072239075796403,0.7582216034906946,0.011853991344252246,0.28,0,0,0.0
10.999170113000218,795,4699.78,-86.7,-3.8,-102.3,0.51,-0.66,0.1,-0.08,-0.99,0.07,-175.0,0.1,2.0,0.23,0.23,-0.01,0.04,0.0,0.9956907150315303,0.8400595217006948,0.00031438282021933883,0.28,0,0,0.0
11.007747141999971,796,4699.79,-86.7,-3.8,-102.4,0.47,-0.67,0.1,-0.07,-0.97,0.06,-175.0,-0.2,-2.0,0.23,0.23,0.0,0.01,0.0,0.9743715923609432,0.8244998483929515,0.02058464505336044,0.28,0,0,0.0
11.019360034000783,797,4699.8,-86.6,-3.8,-102.5,0.44,-0.64,0.11,-0.06,-0.97,0.06,-175.0,0.1,-1.0,0.23,0.23,0.01,0.06,0.0,0.9737042672187486,0.7844106067615353,0.020826930791643883,0.28,0,0,0.0
11.027604097000221,798,4699.81,-86.6,-3.8,-102.5,0.45,-0.63,0.12,-0.04,-0.98,0.05,-175.0,0.0,-1.0,0.23,0.23,0.0,-0.17,0.0,0.982089608946149,0.7834538914320357,0.012192757282958544,0.28,0,0,0.0
11.03919785800008,799,4699.82,-86.5,-3.8,-102.6,0.5,-0.6,0.12,-0.03,-0.98,0.04,-175.0,0.0,3.0,0.23,0.23,-0.01,-0.2,0.0,0.9812746812182611,0.7901898506055364,0.012747531310629556,0.28,0,0,0.0
11.04774032700061,800,4699.83,-86.5,-3.8,-102.7,0.49,-0.52,0.11,-0.04,-0.99,0.04,-175.0,0.0,1.0,0.23,0.23,0.0,-0.02,0.0,0.9916148445843276,0.7229107828771126,0.0023592205856718396,0.28,0,0,0.0
11.059566584000095,801,4699.84,-86.4,-3.8,-102.7,0.47,-0.47,0.08,-0.04,-1.0,0.04,-175.0,0.0,0.0,0.23,0.23,0.0,-0.3,0.0,1.001598722043913,0.6694774081326419,0.007472163736435444,0.28,0,0,0.0
11.067766044000564,802,4699.85,-86.4,-3.8,-102.8,0.45,-0.4,0.05,-0.05,-1.0,0.04,-175.0,0.0,-1.0,0.23,0.23,0.0,-0.24,0.0,1.0020479030465559,0.6041522986797286,0.007762917844296724,0.28,0,0,0.0
11.079188636000254,803,4699.86,-86.3,-3.8,-102.8,0.42,-0.36,0.0,-0.06,-1.0,0.04,-175.0,0.0,0.0,0.23,0.23,0.0,-0.11,0.0,1.0025966287595427,0.5531726674375732,0.008145410686137833,0.28,0,0,0.0
11.087580290000005,804,4699.87,-86.3,-3.8,-102.8,0.34,-0.33,-0.04,-0.06,-0.99,0.04,-175.0,0.0,-2.0,0.23,0.23,0.0,0.06,0.0,0.992622788374315,0.47549973711874965,0.0017918611051080946,0.28,0,0,0.0
11.099227223000526,805,4699.88,-86.3,-3.8,-102.9,0.25,-0.29,-0.04,-0.06,-0.98,0.04,-175.0,0.3,0.0,0.23,0.23,0.0,-0.24,0.0,0.9826494797230597,0.38496753109840315,0.011529866361236096,0.28,0,0,0.0
11.107635047000258,806,4699.89,-86.3,-3.7,-102.9,0.09,-0.15,-0.02,-0.05,-0.99,0.03,-175.0,0.2,-4.0,0.23,0.23,0.01,0.13,0.0,0.9917156850630123,0.17606816861659008,0.002414387800857787,0.28,0,0,0.0
11.13534658900062,808,4699.91,-86.3,-3.7,-102.9,-0.07,-0.04,-0.11,-0.04,-1.01,0.03,-174.9,-0.3,2.0,0.23,0.23,0.0,0.04,0.0,1.011236866416568,0.13638181696985854,0.016764657681644035,0.28,0,0,0.0
11.143650230000276,809,4699.92,-86.3,-3.7,-102.9,-0.11,0.02,-0.17,-0.05,-1.01,0.03,-174.9,0.1,-3.0,0.23,0.23,0.0,-0.03,0.0,1.0116817681464858,0.20346989949375807,0.016865368223330512,0.28,0,0,0.0
11.151628017000803,810,4699.93,-86.4,-3.7,-102.9,-0.08,0.09,-0.2,-0.06,-1.01,0.04,-174.9,0.1,0.0,0.23,0.23,0.0,-0.29,0.0,1.0125709851659783,0.23345235059857505,0.01739949353796655,0.28,0,0,0.0
11.163725377999981,811,4699.94,-86.4,-3.6,-102.9,-0.04,0.14,-0.23,-0.06,-1.0,0.05,-174.9,-0.3,-8.0,0.23,0.23,0.02,-0.2,0.0,1.0030453628824572,0.272213151776324,0.007716393829356516,0.28,0,0,0.0
11.17174399400028,812,4699.95,-86.4,-3.6,-102.9,-0.06,0.15,-0.27,-0.06,-0.99,0.05,-175.0,0.0,0.0,0.23,0.23,0.0,0.01,0.0,0.9930760293149764,0.31464265445104544,0.002207880943361773,0.28,0,0,0.0
11.179473645000144,813,4699.96,-86.4,-3.6,-102.9,-0.17,0.12,-0.31,-0.07,-0.98,0.06,-174.9,0.1,0.0,0.23,0.23,0.0,0.1,0.0,0.9843271813782245,0.37336309405188944,0.010737594302511422,0.28,0,0,0.0
11.187460083000587,814,4699.97,-86.4,-3.6,-102.8,-0.26,0.08,-0.34,-0.07,-0.98,0.06,-175.0,-0.1,0.0,0.23,0.23,0.0,0.0,0.0,0.9843271813782245,0.43543082114154485,0.010522842416461176,0.28,0,0,0.0
11.199015383000187,815,4699.98,-86.5,-3.6,-102.8,-0.33,0.02,-0.34,-0.07,-0.97,0.06,-175.0,0.0,-3.0,0.23,0.23,0.01,-0.02,0.0,0.9743715923609432,0.4742362280551751,0.0200688628050677,0.28,0,0,0.0
11.20745855000041,816,4699.99,-86.5,-3.5,-102.8,-0.36,-0.02,-0.29,-0.07,-0.96,0.05,-175.0,-0.1,0.0,0.23,0.23,0.0,-0.2,0.0,0.9638464608017192,0.46270941205037097,0.029982114477005828,0.28,0,0,0.0
11.219520367000769,817,4700.0,-86.5,-3.5,-102.8,-0.38,-0.02,-0.25,-0.07,-0.96,0.04,-175.0,-0.3,0.0,0.23,0.23,0.0,0.17,0.0,0.9633794683301072,0.45530209751328843,0.029840124809645485,0.28,0,0,0.0
11.231648784000754,818,4700.01,-86.6,-3.5,-102.8,-0.43,0.0,-0.22,-0.07,-0.97,0.04,-175.0,0.0,-4.0,0.23,0.23,0.03,0.19,0.0,0.973344748791506,0.4830113870293329,0.019477347461281824,0.28,0,0,0.0
11.239603902000454,819,4700.02,-86.6,-3.5,-102.8,-0.49,-0.01,-0.22,-0.07,-0.98,0.05,-175.0,-1.4,-7.0,0.23,0.23,0.04,-0.26,0.0,0.9837682653958705,0.5372150407425317,0.008872754239778957,0.28,0,0,0.0
11.247483378000652,820,4700.03,-86.7,-3.5,-102.8,-0.48,-0.05,-0.24,-0.07,-0.99,0.05,-175.0,-1.2,3.0,0.23,0.23,0.01,-0.3,0.0,0.9937303457175894,0.5389805191284746,0.001067539560301256,0.28,0,0,0.0
11.259638002000429,821,4700.04,-86.7,-3.5,-102.8,-0.42,-0.06,-0.25,-0.07,-0.99,0.05,-175.0,-0.5,2.0,0.23,0.23,0.01,0.06,0.0,0.9937303457175894,0.4924428900898052,0.0010461887690952354,0.28,0,0,0.0
11.267640601000494,822,4700.05,-86.8,-3.4,-102.8,-0.43,-0.08,-0.25,-0.08,-0.98,0.05,-175.0,-0.5,0.0,0.23,0.23,0.02,-0.21,0.0,0.9845303448853163,0.5037856687123999,0.007990735821914341,0.28,0,0,0.0
11.279458418000104,823,4700.06,-86.8,-3.4,-102.9,-0.5,-0.08,-0.24,-0.08,-0.97,0.05,-175.0,0.0,-1.0,0.23,0.23,0.02,-0.21,0.0,0.9745768312452333,0.5603570290448759,0.01758536447275738,0.28,0,0,0.0
11.287800410000273,824,4700.07,-86.9,-3.4,-102.9,-0.57,-0.08,-0.24,-0.08,-0.97,0.05,-175.0,-0.3,3.0,0.23,0.23,0.0,-0.07,0.0,0.9745768312452333,0.6236184731067546,0.017233657183302276,0.28,0,0,0.0
11.299204097000256,825,4700.08,-86.9,-3.4,-102.9,-0.6,-0.09,-0.19,-0.07,-0.96,0.05,-175.0,0.0,-4.0,0.23,0.23,0.02,-0.07,0.0,0.9638464608017192,0.6357672530100933,0.02740474707428009,0.28,0,0,0.0
11.307603930000369,826,4700.09,-87.0,-3.4,-102.9,-0.61,-0.09,-0.13,-0.06,-0.97,0.05,-175.0,-1.2,-3.0,0.23,0.23,0.03,-0.02,0.0,0.973139250056229,0.630158710167526,0.017749718663374825,0.28,0,0,0.0
11.319279649000237,827,4700.1,-87.1,-3.4,-102.9,-0.64,-0.08,-0.09,-0.06,-0.97,0.04,-175.0,-1.5,-9.0,0.23,0.23,0.06,0.02,0.0,0.9726767191621274,0.6512296062065975,0.017848004566326958,0.28,0,0,0.0
11.327723017000608,828,4700.11,-87.1,-3.4,-102.9,-0.69,-0.04,-0.05,-0.05,-0.97,0.04,-175.0,-2.7,-10.0,0.23,0.23,0.08,0.0,0.0,0.972111104761179,0.6929646455628165,0.018045346587929778,0.28,0,0,0.0
11.339236677000372,829,4700.12,-87.2,-3.4,-102.9,-0.74,-0.02,-0.04,-0.06,-0.97,0.04,-175.1,-4.5,-15.0,0.23,0.23,0.14,0.05,0.0,0.9726767191621274,0.7413501197140255,0.017130137543241775,0.28,0,0,0.0
11.34776519100069,830,4700.13,-87.3,-3.4,-102.9,-0.77,-0.01,-0.02,-0.06,-0.97,0.04,-175.2,-7.4,-26.0,0.23,0.23,0.24,0.11,0.0,0.9726767191621274,0.7703246069028302,0.016787534792376935,0.28,0,0,0.0
11.359307781000098,831,4700.14,-87.3,-3.4,-102.9,-0.79,-0.01,0.0,-0.06,-0.97,0.03,-175.2,-7.6,3.0,0.24,0.24,0.16,0.03,0.0,0.9723168207945392,0.7900632886041472,0.01680448449676586,0.28,0,0,0.0
11.367693697000504,832,4700.15,-87.4,-3.4,-102.9,-0.8,0.0,0.03,-0.06,-0.96,0.03,-175.3,-4.9,17.0,0.24,0.24,0.09,0.13,0.0,0.9623408959407265,0.8005623023850175,0.026244801163566978,0.28,0,0,0.0
11.379345012000158,833,4700.16,-87.4,-3.4,-102.9,-0.8,0.0,0.03,-0.06,-0.96,0.03,-175.3,-3.7,3.0,0.24,0.24,0.12,-0.09,0.0,0.9623408959407265,0.8005623023850175,0.02571990514029565,0.28,0,0,0.0
11.387728935000268,834,4700.17,-87.5,-3.4,-102.9,-0.81,0.05,0.09,-0.06,-0.97,0.03,-175.4,-7.3,-27.0,0.24,0.24,0.25,0.03,0.0,0.9723168207945392,0.8165169930871005,0.015429100680753316,0.28,0,0,0.0
11.399344392000785,835,4700.18,-87.6,-3.4,-102.9,-0.84,0.09,0.14,-0.07,-0.98,0.03,-175.5,-8.7,-4.0,0.24,0.24,0.22,-0.02,0.0,0.9829547293746543,0.8563293758829016,0.0046953682586253764,0.28,0,0,0.0
11.411664402000497,836,4700.19,-87.7,-3.4,-102.9,-0.84,0.12,0.15,-0.07,-0.99,0.03,-175.5,-6.7,9.0,0.24,0.24,0.16,0.01,0.0,0.9929249719893241,0.8616843969807042,0.005169376868923492,0.28,0,0,0.0
11.419662074999906,837,4700.2,-87.8,-3.5,-102.9,-0.82,0.14,0.17,-0.07,-0.98,0.03,-175.6,-6.2,6.0,0.25,0.25,0.16,-0.03,0.0,0.9829547293746543,0.8490583018850942,0.004704848430831299,0.28,0,0,0.0
11.427795417000198,838,4700.21,-87.9,-3.5,-102.8,-0.78,0.15,0.19,-0.08,-0.98,0.04,-175.7,-3.7,26.0,0.25,0.25,0.04,0.02,0.0,0.9840731680114034,0.8167006795638168,0.003514681598200564,0.28,0,0,0.0
11.439521478000643,839,4700.22,-87.9,-3.5,-102.8,-0.79,0.13,0.21,-0.08,-0.98,0.04,-175.7,-1.0,18.0,0.25,0.25,0.02,-0.12,0.0,0.9840731680114034,0.8277076778670113,0.003444387966236584,0.28,0,0,0.0
11.45168720500078,840,4700.23,-88.0,-3.6,-102.8,-0.8,0.12,0.23,-0.08,-0.98,0.04,-175.7,-0.3,8.0,0.25,0.25,0.0,0.02,0.0,0.9840731680114034,0.841011296000238,0.0033755002069117968,0.28,0,0,0.0
11.459679429000062,841,4700.24,-88.1,-3.6,-102.8,-0.8,0.09,0.26,-0.08,-0.99,0.04,-175.7,-0.3,2.0,0.25,0.25,0.01,0.03,0.0,0.9940321926376429,0.8459905436823748,0.006451853930941054,0.28,0,0,0.0
11.467825594000715,842,4700.25,-88.2,-3.6,-102.8,-0.81,0.07,0.3,-0.08,-0.99,0.04,-175.7,-0.5,-3.0,0.25,0.25,0.03,0.03,0.0,0.9940321926376429,0.8666025617317319,0.006322816852322277,0.28,0,0,0.0
11.47927022300064,843,4700.26,-88.2,-3.7,-102.8,-0.8,0.06,0.34,-0.08,-1.0,0.04,-175.7,-1.2,-1.0,0.25,0.25,0.03,0.03,0.0,1.0039920318408906,0.8713208364316787,0.015957002934458564,0.28,0,0,0.0
11.487650978000602,844,4700.27,-88.3,-3.7,-102.8,-0.76,0.04,0.35,-0.08,-1.01,0.04,-175.7,-1.5,-5.0,0.25,0.25,0.05,0.02,0.0,1.0139526616169021,0.8376753547765388,0.025399280056260687,0.28,0,0,0.0
11.499465210999915,845,4700.28,-88.4,-3.8,-102.8,-0.7,0.01,0.35,-0.08,-1.01,0.04,-175.7,-2.6,-11.0,0.25,0.25,0.09,-0.11,0.0,1.0139526616169021,0.7826876771739797,0.024891294455135493,0.28,0,0,0.0
11.507760120000057,846,4700.29,-88.4,-3.8,-102.8,-0.64,0.0,0.33,-0.08,-1.01,0.04,-175.8,-5.0,-25.0,0.25,0.25,0.19,-0.06,0.0,1.0139526616169021,0.7200694410957877,0.02439346856603275,0.28,0,0,0.0
11.519367195000086,847,4700.3,-88.5,-3.8,-102.8,-0.6,-0.02,0.31,-0.08,-1.01,0.05,-175.9,-10.2,-39.0,0.25,0.25,0.31,-0.06,0.0,1.0143963722332607,0.6756478372643547,0.02434043559874355,0.28,0,0,0.0
11.53173313500065,848,4700.31,-88.5,-3.9,-102.8,-0.56,-0.04,0.28,-0.08,-1.01,0.04,-176.0,-10.7,-10.0,0.26,0.26,0.29,-0.08,0.0,1.0139526616169021,0.6273754856543249,0.023418790482737206,0.28,0,0,0.0
11.539669916000094,849,4700.32,-88.6,-3.9,-102.8,-0.51,-0.06,0.26,-0.07,-1.01,0.04,-176.1,-12.0,-8.0,0.26,0.26,0.31,0.0,0.0,1.0132127121192271,0.5755866572463264,0.02222526416536097,0.28,0,0,0.0
11.547732711000208,850,4700.33,-88.6,-3.9,-102.8,-0.44,-0.06,0.23,-0.07,-1.0,0.04,-176.2,-10.7,0.0,0.26,0.26,0.3,0.1,0.0,1.0032447358446492,0.5000999900019995,0.012012142132967418,0.28,0,0,0.0
11.55934293700011,851,4700.34,-88.6,-4.0,-102.8,-0.4,-0.06,0.2,-0.06,-1.0,0.04,-176.3,-12.4,-5.0,0.27,0.27,0.32,0.15,0.0,1.0025966287595427,0.45122056690713913,0.011136754346903643,0.28,0,0,0.0
11.567819102000612,852,4700.35,-88.7,-4.0,-102.8,-0.36,-0.07,0.17,-0.06,-1.01,0.04,-176.4,-9.0,25.0,0.27,0.27,0.2,-0.27,0.0,1.0125709851659783,0.40422765862815474,0.020688888538272443,0.28,0,0,0.0
11.57932293400063,853,4700.36,-88.7,-4.0,-102.9,-0.33,-0.1,0.13,-0.06,-1.01,0.04,-176.5,-7.1,16.0,0.27,0.27,0.18,-0.04,0.0,1.0125709851659783,0.36851051545376556,0.020275110767506987,0.28,0,0,0.0
11.587733988000764,854,4700.37,-88.7,-4.0,-102.9,-0.29,-0.17,0.08,-0.07,-1.0,0.04,-176.6,-5.5,17.0,0.27,0.27,0.12,-0.03,0.0,1.0032447358446492,0.3455430508634199,0.010729884217254293,0.28,0,0,0.0
11.599378484000226,855,4700.38,-88.7,-4.0,-102.9,-0.28,-0.21,0.06,-0.07,-1.0,0.04,-176.6,-3.6,16.0,0.27,0.27,0.08,0.17,0.0,1.0032447358446492,0.35510561809129404,0.01051528653290923,0.28,0,0,0.0
11.607560368000122,856,4700.39,-88.7,-4.0,-102.9,-0.2,-0.29,0.03,-0.07,-1.01,0.03,-176.6,-2.8,7.0,0.27,0.27,0.08,0.04,0.0,1.0128672173587216,0.3535533905932738,0.019735012686042053,0.28,0,0,0.0
11.619297730000653,857,4700.4,-88.7,-4.0,-102.9,-0.08,-0.36,0.01,-0.07,-1.02,0.03,-176.7,-3.2,-4.0,0.27,0.27,0.1,0.11,0.0,1.022839185796086,0.3689173349139343,0.02911284150093818,0.28,0,0,0.0
11.627679873000488,858,4700.41,-88.7,-4.0,-103.0,0.05,-0.44,0.0,-0.06,-1.02,0.04,-176.7,-4.5,-7.0,0.28,0.28,0.13,-0.15,0.0,1.0225458424931373,0.44283179650969057,0.028243108234029757,0.28,0,0,0.0
11.639131570000245,859,4700.42,-88.7,-4.0,-103.0,0.18,-0.52,-0.02,-0.06,-1.02,0.03,-176.7,-4.1,9.0,0.28,0.28,0.07,-0.04,0.0,1.0222035022440492,0.5506359959174482,0.027342752625242883,0.28,0,0,0.0
11.64773600100034,860,4700.43,-88.7,-4.0,-103.1,0.2,-0.58,-0.04,-0.06,-1.01,0.03,-176.8,-0.1,32.0,0.28,0.28,-0.05,0.28,0.0,1.0122252713699653,0.6148170459575759,0.01701723131613586,0.28,0,0,0.0
11.659438823000528,861,4700.44,-88.6,-4.0,-103.2,0.21,-0.65,-0.04,-0.06,-1.01,0.03,-176.7,0.6,-2.0,0.28,0.28,0.02,0.0,0.0,1.0122252713699653,0.6842514157822401,0.016676886689813153,0.28,0,0,0.0
11.667842904000281,862,4700.45,-88.6,-4.0,-103.2,0.19,-0.74,-0.08,-0.06,-1.01,0.04,-176.8,-1.0,1.0,0.28,0.28,0.0,0.0,0.0,1.0125709851659783,0.7681796664843453,0.016682148476109604,0.28,0,0,0.0
11.679337766000572,863,4700.46,-88.6,-4.0,-103.3,0.18,-0.84,-0.13,-0.07,-1.01,0.02,-176.8,0.8,7.0,0.28,0.28,-0.02,0.04,0.0,1.0126203632161461,0.8688498144098322,0.016396895995751892,0.28,0,0,0.0
11.6876248210001,864,4700.47,-88.5,-4.0,-103.4,0.25,-0.91,-0.2,-0.07,-1.02,0.01,-176.7,0.1,-6.0,0.28,0.28,0.01,0.14,0.0,1.0224480426897007,0.9646761114488117,0.025700083959920295,0.28,0,0,0.0
11.699145660000795,865,4700.48,-88.5,-3.9,-103.5,0.33,-0.96,-0.28,-0.06,-1.01,0.01,-176.8,-0.8,1.0,0.28,0.28,0.0,0.0,0.0,1.011830025251277,1.0530432089900206,0.014780425191066704,0.28,0,0,0.0
11.707631665000008,866,4700.49,-88.5,-3.9,-103.6,0.33,-0.99,-0.35,-0.05,-1.01,0.01,-176.8,0.7,5.0,0.28,0.28,-0.03,0.05,0.0,1.0112863096077194,1.1006816070054046,0.013951975356558788,0.28,0,0,0.0
11.719491529000152,867,4700.5,-88.4,-3.8,-103.7,0.29,-1.03,-0.41,-0.04,-1.0,0.01,-176.7,-0.3,-8.0,0.28,0.28,0.02,-0.14,0.0,1.0008496390567367,1.1459057552870566,0.003444998709464686,0.28,0,0,0.0
11.727632643000106,868,4700.51,-88.4,-3.8,-103.8,0.25,-1.07,-0.48,-0.03,-1.01,0.0,-176.8,0.1,9.0,0.28,0.28,-0.03,0.04,0.0,1.0104454463255301,1.1990829829498875,0.012779989858692886,0.28,0,0,0.0
11.73927860599997,869,4700.52,-88.4,-3.7,-103.9,0.17,-1.1,-0.55,-0.03,-1.02,0.01,-176.7,0.3,-5.0,0.28,0.28,0.02,0.14,0.0,1.0204900783447137,1.2415313125330347,0.022368129440318962,0.28,0,0,0.0
11.747738926000238,870,4700.53,-88.4,-3.6,-104.0,0.1,-1.15,-0.63,-0.03,-1.03,0.0,-176.8,-0.7,-4.0,0.28,0.28,0.01,-0.04,0.0,1.0304368005850721,1.315066538240556,0.03166855464706386,0.28,0,0,0.0
11.759179866000522,871,4700.54,-88.4,-3.5,-104.1,0.02,-1.19,-0.72,-0.03,-1.03,0.0,-176.7,0.7,7.0,0.28,0.28,-0.02,-0.05,0.0,1.0304368005850721,1.391006829602213,0.031035183554122603,0.28,0,0,0.0
11.767702683000607,872,4700.55,-88.4,-3.4,-104.2,0.0,-1.22,-0.82,-0.03,-1.03,0.0,-176.7,0.1,-7.0,0.28,0.28,0.01,-0.18,0.0,1.0304368005850721,1.4699659860010368,0.030414479883040135,0.28,0,0,0.0
11.779070110000248,873,4700.56,-88.4,-3.3,-104.4,-0.07,-1.24,-0.92,-0.02,-1.03,0.0,-176.7,-0.5,1.0,0.28,0.28,0.0,0.09,0.0,1.030194156457898,1.5456066770042112,0.029568399040748705,0.28,0,0,0.0
11.787759157999972,874,4700.57,-88.4,-3.2,-104.5,-0.11,-1.25,-1.01,-0.02,-1.03,0.0,-176.7,0.3,0.0,0.28,0.28,0.0,-0.04,0.0,1.030194156457898,1.6108072510390559,0.028977031059933767,0.28,0,0,0.0
11.799265913000454,875,4700.58,-88.4,-3.1,-104.6,-0.19,-1.24,-1.08,-0.02,-1.03,0.0,-176.7,0.0,0.0,0.28,0.28,0.0,0.0,0.0,1.030194156457898,1.6553247415537533,0.028397490438735185,0.28,0,0,0.0
11.807742230000258,876,4700.59,-88.5,-2.9,-104.7,-0.31,-1.25,-1.16,-0.03,-1.03,0.01,-176.7,0.4,-2.0,0.28,0.28,0.01,-0.09,0.0,1.0304853225543777,1.7332628190785146,0.028114883404510627,0.28,0,0,0.0
11.819332412000222,877,4700.6,-88.5,-2.8,-104.9,-0.44,-1.29,-1.23,-0.04,-1.02,0.01,-176.7,-0.4,-3.0,0.28,0.28,0.01,-0.14,0.0,1.0208329931972222,1.8359193882085345,0.018093302966407876,0.28,0,0,0.0
11.827438891000384,878,4700.61,-88.5,-2.7,-105.0,-0.6,-1.39,-1.33,-0.05,-1.05,0.03,-176.7,0.3,5.0,0.28,0.28,-0.02,0.0,0.0,1.051617801294748,2.015192298516447,0.04790054884265493,0.28,0,0,0.0
11.839288867000505,879,4700.62,-88.6,-2.6,-105.1,-0.7,-1.58,-1.48,-0.07,-1.08,0.05,-176.7,0.7,1.0,0.28,0.28,-0.02,0.0,0.0,1.0834205093129814,2.275258227103025,0.0781091917236707,0.28,0,0,0.0
11.847757076000562,880,4700.63,-88.6,-2.4,-105.3,-0.69,-1.85,-1.62,-0.1,-1.09,0.07,-176.7,0.9,4.0,0.28,0.28,-0.03,-0.04,0.0,1.096813566655701,2.55401644473954,0.0896722040850626,0.28,0,0,0.0
11.859392861000742,881,4700.64,-88.7,-2.3,-105.5,-0.57,-2.08,-1.71,-0.11,-1.1,0.06,-176.7,1.3,4.0,0.28,0.28,-0.04,-0.19,0.0,1.1071133636624573,2.75234445518725,0.09797256106998242,0.28,0,0,0.0
11.867773749000662,882,4700.65,-88.7,-2.1,-105.7,-0.37,-2.27,-1.79,-0.1,-1.09,0.06,-176.7,2.0,6.0,0.28,0.28,-0.06,0.13,0.0,1.0962207806824318,2.914429618295834,0.08533837852815784,0.28,0,0,0.0
11.87953649300016,883,4700.66,-88.7,-2.0,-105.9,-0.2,-2.45,-1.87,-0.07,-1.07,0.05,-176.7,2.9,10.0,0.27,0.27,-0.09,0.17,0.0,1.0734523743510933,3.0885919121826375,0.06131857275288288,0.28,0,0,0.0
11.887758314000166,884,4700.67,-88.7,-1.8,-106.2,-0.03,-2.57,-1.91,-0.04,-1.04,0.04,-176.6,4.0,11.0,0.27,0.27,-0.12,-0.02,0.0,1.041537325303323,3.2021711384621527,0.028815453231010535,0.28,0,0,0.0
11.899293819999912,885,4700.68,-88.7,-1.6,-106.5,0.15,-2.65,-1.92,-0.01,-1.0,0.03,-176.6,8.4,47.0,0.27,0.27,-0.32,0.04,0.0,1.000499875062461,3.275881560740559,0.011977557069654532,0.28,0,0,0.0
11.907771103999949,886,4700.69,-88.6,-1.4,-106.7,0.23,-2.66,-1.84,0.0,-0.96,0.02,-176.4,15.8,64.0,0.27,0.27,-0.52,0.07,0.0,0.9602083107326242,3.2425452965224713,0.05122373897150134,0.28,0,0,0.0
11.919376148000083,887,4700.7,-88.6,-1.2,-107.0,0.18,-2.6,-1.71,0.03,-0.94,0.0,-176.2,22.0,46.0,0.26,0.26,-0.62,0.09,0.0,0.9404786015641184,3.117130090323469,0.06953437917720695,0.28,0,0,0.0
11.927565610000784,888,4700.71,-88.6,-0.9,-107.2,0.14,-2.47,-1.62,0.05,-0.93,0.0,-176.0,24.8,29.0,0.25,0.25,-0.68,-0.02,0.0,0.9313431161500041,2.957177708559295,0.07709646729949493,0.28,0,0,0.0
11.939347764000559,889,4700.72,-88.6,-0.7,-107.5,0.03,-2.33,-1.51,0.06,-0.93,-0.01,-175.7,25.9,26.0,0.25,0.25,-0.76,-0.02,0.0,0.9319871243745806,2.7766706682644235,0.07492340989342006,0.28,0,0,0.0
11.94761740300055,890,4700.73,-88.6,-0.5,-107.7,-0.07,-2.16,-1.44,0.07,-0.94,-0.03,-175.5,28.8,17.0,0.24,0.24,-0.77,-0.09,0.0,0.9430800602281866,2.5969405075973535,0.06255386455901779,0.28,0,0,0.0
11.959258973000033,891,4700.74,-88.7,-0.4,-107.9,-0.11,-1.91,-1.39,0.07,-0.94,-0.03,-175.2,27.2,-18.0,0.23,0.23,-0.66,0.06,0.0,0.9430800602281866,2.364804431660259,0.06130278726783733,0.28,0,0,0.0
11.967635571000756,892,4700.75,-88.7,-0.2,-108.1,-0.09,-1.68,-1.34,0.08,-0.94,-0.03,-175.0,18.7,-80.0,0.23,0.23,-0.35,0.07,0.0,0.9438749917229505,2.150837046361253,0.05929769865761192,0.28,0,0,0.0
11.979405061000762,893,4700.76,-88.7,-0.1,-108.2,-0.07,-1.4,-1.24,0.1,-0.92,-0.04,-174.8,8.0,-82.0,0.22,0.22,-0.14,0.17,0.0,0.9262828941527529,1.87149672722129,0.0753520003032534,0.28,0,0,0.0
11.987566692000655,894,4700.77,-88.7,0.0,-108.3,-0.24,-1.14,-1.14,0.11,-0.93,-0.04,-174.8,2.4,-55.0,0.22,0.22,-0.02,-0.24,0.0,0.9373366524360393,1.629969324864735,0.0630122771795677,0.28,0,0,0.0
11.999342503000662,895,4700.78,-88.7,0.1,-108.4,-0.58,-0.93,-1.15,0.1,-0.97,-0.03,-174.8,0.5,-27.0,0.22,0.22,0.0,0.15,0.0,0.975602378020882,1.5886472232689042,0.024251620562830478,0.28,0,0,0.0
12.007583779000015,896,4700.79,-88.8,0.2,-108.5,-0.82,-0.79,-1.16,0.09,-0.98,-0.03,-174.8,0.0,-11.0,0.22,0.22,0.01,0.0,0.0,0.9845811292118085,1.625453782794208,0.01496741198446594,0.28,0,0,0.0
12.019319605000419,897,4700.8,-88.9,0.4,-108.6,-0.73,-0.65,-1.09,0.08,-0.98,-0.02,-174.8,-0.3,-1.0,0.22,0.22,0.0,0.07,0.0,0.9834632682515396,1.4640696704733693,0.01576356748584018,0.28,0,0,0.0
12.027496005000103,898,4700.81,-89.0,0.5,-108.6,-0.42,-0.56,-0.92,0.07,-0.96,-0.02,-174.8,-1.5,-20.0,0.22,0.22,0.08,0.16,0.0,0.9627564593395361,1.156027681329474,0.03574096886988676,0.28,0,0,0.0
12.039257892000023,899,4700.82,-89.1,0.6,-108.7,-0.2,-0.49,-0.75,0.07,-0.96,-0.03,-174.8,-5.6,-38.0,0.23,0.23,0.22,0.0,0.0,0.9630160954002794,0.9179324593890337,0.034771706152960546,0.28,0,0,0.0
12.047685441000795,900,4700.83,-89.1,0.7,-108.7,-0.2,-0.42,-0.6,0.06,-0.94,-0.04,-175.0,-14.1,-84.0,0.23,0.23,0.53,0.09,0.0,0.942761899951414,0.7592101158440923,0.05392538356978949,0.28,0,0,0.0
12.059083109000312,901,4700.84,-89.2,0.8,-108.8,-0.27,-0.32,-0.45,0.07,-0.96,-0.04,-175.2,-25.4,-96.0,0.24,0.24,0.8,0.03,0.0,0.9633794683301072,0.6146543744251723,0.03264165888727433,0.28,0,0,0.0
12.067775083000015,902,4700.85,-89.2,0.9,-108.8,-0.32,-0.23,-0.36,0.07,-0.98,-0.03,-175.5,-35.3,-101.0,0.25,0.25,1.09,0.03,0.0,0.9829547293746543,0.5337602458033007,0.01280506988587271,0.28,0,0,0.0
12.079455615999905,903,4700.86,-89.3,1.0,-108.8,-0.35,-0.14,-0.3,0.07,-0.99,-0.03,-175.9,-44.8,-94.0,0.26,0.26,1.32,0.0,0.0,0.9929249719893241,0.48176757881783616,0.0027781307257789267,0.28,0,0,0.0
12.087605677000283,904,4700.87,-89.4,1.0,-108.8,-0.33,-0.06,-0.25,0.08,-0.99,-0.03,-176.4,-54.5,-99.0,0.28,0.28,1.61,0.0,0.0,0.9936800289831732,0.4183300132670378,0.0019826122572912386,0.28,0,0,0.0
12.099344461000328,905,4700.88,-89.4,1.1,-108.8,-0.33,0.0,-0.19,0.08,-0.98,-0.03,-177.0,-62.3,-64.0,0.29,0.29,1.72,-0.12,0.0,0.983717439105356,0.38078865529319544,0.011706298092406198,0.28,0,0,0.0
12.10757300000023,906,4700.89,-89.5,1.1,-108.8,-0.35,0.09,-0.14,0.08,-0.98,-0.03,-177.7,-65.8,-50.0,0.31,0.31,1.84,-0.23,0.0,0.983717439105356,0.387556447501522,0.011472172130558067,0.28,0,0,0.0
12.119286191000356,907,4700.9,-89.6,1.2,-108.8,-0.41,0.18,-0.1,0.09,-0.97,-0.03,-178.4,-71.0,-53.0,0.33,0.33,1.99,0.15,0.0,0.9746281342132496,0.45880278987817846,0.02015024748221128,0.28,0,0,0.0
12.127780824000183,908,4700.91,-89.6,1.2,-108.8,-0.46,0.26,-0.05,0.09,-0.97,-0.04,-179.1,-77.3,-67.0,0.35,0.35,2.2,-0.06,0.0,0.9749871794028884,0.530754180388624,0.019395378246720996,0.28,0,0,0.0
12.13930675300071,909,4700.92,-89.7,1.3,-108.8,-0.52,0.38,0.0,0.09,-0.96,-0.05,-180.0,-85.1,-68.0,0.37,0.37,2.39,-0.18,0.0,0.9655050491841044,0.6440496875241848,0.028299958296194916,0.28,0,0,0.0
12.147644885000773,910,4700.93,-89.8,1.3,-108.7,-0.52,0.54,0.09,0.09,-0.95,-0.05,-180.9,-91.6,-65.0,0.4,0.4,2.56,0.07,0.0,0.9555626614722866,0.7550496672405068,0.03747749908785247,0.28,0,0,0.0
12.159308848000364,911,4700.94,-89.9,1.4,-108.7,-0.49,0.71,0.2,0.1,-0.95,-0.05,-181.8,-97.1,-54.0,0.43,0.43,2.69,-0.04,0.0,0.9565563234854495,0.8855506761332183,0.035754160333195784,0.28,0,0,0.0
12.167881923000095,912,4700.95,-89.9,1.3,-108.6,-0.41,0.92,0.32,0.11,-0.93,-0.06,-182.8,-99.4,-26.0,0.45,0.45,2.71,-0.17,0.0,0.9384028985462481,1.0568348972285122,0.052829433566949247,0.28,0,0,0.0
12.179409774000305,913,4700.96,-90.0,1.3,-108.5,-0.46,1.12,0.46,0.12,-0.92,-0.07,-183.8,-102.0,-30.0,0.48,0.48,2.8,0.21,0.0,0.9304300081145277,1.2952219886953742,0.05958627751869627,0.28,0,0,0.0
12.187439744000585,914,4700.97,-90.0,1.2,-108.3,-0.44,1.36,0.63,0.13,-0.92,-0.07,-184.9,-105.1,-30.0,0.51,0.51,2.89,0.0,0.0,0.9317725044236925,1.5620819440733578,0.05707890558534079,0.28,0,0,0.0
12.199605585999961,915,4700.98,-90.0,1.2,-108.2,-0.46,1.61,0.79,0.14,-0.92,-0.08,-185.9,-107.3,-25.0,0.54,0.54,2.94,0.15,0.0,0.9340235543068494,1.8514318783039252,0.0537312985881403,0.28,0,0,0.0
12.207583008000256,916,4700.99,-90.1,1.1,-108.0,-0.5,1.84,0.92,0.13,-0.92,-0.07,-187.0,-110.0,-28.0,0.57,0.57,3.02,-0.02,0.0,0.9317725044236925,2.117073451725282,0.054862701501871225,0.28,0,0,0.0
12.219373909000751,917,4701.0,-90.1,1.0,-107.8,-0.52,2.04,1.02,0.13,-0.92,-0.07,-187.8,-111.6,-19.0,0.6,0.6,3.03,-0.07,0.0,0.9317725044236925,2.3393161393877486,0.05376544747183376,0.28,0,0,0.0
12.22756727900014,918,4701.01,-90.2,0.9,-107.6,-1.07,2.28,1.09,0.12,-0.86,-0.08,-189.3,-113.2,-21.0,0.63,0.63,3.12,-0.25,0.0,0.8720091742636655,2.7443396291275612,0.11125820207922354,0.28,0,0,0.0
12.239335569000104,919,4701.02,-90.3,0.7,-107.4,-0.81,2.41,1.24,0.12,-0.96,-0.04,-190.4,-116.2,-22.0,0.66,0.66,3.18,0.02,0.0,0.9682974749528164,2.8287453049010973,0.01467050336227127,0.28,0,0,0.0
12.2475443000003,920,4701.03,-90.4,0.6,-107.1,-0.68,2.46,1.3,0.11,-0.92,-0.07,-191.6,-117.8,-8.0,0.69,0.69,3.17,0.21,0.0,0.9291931984253867,2.8642625577973817,0.052699284291906956,0.28,0,0,0.0
12.259414451000339,921,4701.04,-90.4,0.5,-106.9,-0.7,2.62,1.44,0.11,-0.94,-0.07,-192.7,-106.3,138.0,0.72,0.72,2.54,-0.15,0.0,0.9489994731294639,3.070504844484047,0.03223514939607319,0.28,0,0,0.0
12.26753437500065,922,4701.05,-90.5,0.4,-106.6,-0.83,2.87,1.39,0.07,-1.02,-0.06,-193.6,-74.5,267.0,0.74,0.74,1.61,-0.09,0.0,1.0241581909060729,3.2951327742596352,0.042065097012925046,0.28,0,0,0.0
12.279389287000413,923,4701.06,-90.7,0.3,-106.3,-1.44,2.98,1.1,0.0,-1.06,-0.01,-194.1,-41.9,306.0,0.75,0.75,0.73,-0.13,0.0,1.0600471687618434,3.487692647008908,0.0763949933713216,0.28,0,0,0.0
12.287543151000136,924,4701.07,-90.8,0.1,-106.0,-1.77,3.08,1.04,-0.02,-1.1,0.04,-194.3,-9.0,315.0,0.75,0.75,-0.13,-0.12,0.0,1.100908715561831,3.701472679893774,0.11491140936788302,0.28,0,0,0.0
12.299364045999937,925,4701.08,-91.0,0.0,-105.7,-1.94,2.84,0.78,-0.14,-1.24,0.13,-194.2,15.9,242.0,0.75,0.75,-0.66,-0.05,0.0,1.2546314199795892,3.5266981725120736,0.2632614315099284,0.28,0,0,0.0
12.307378034000067,926,4701.09,-91.2,0.0,-105.4,-1.9,2.47,0.41,-0.18,-1.36,0.12,-193.9,33.3,187.0,0.74,0.74,-1.08,0.08,0.0,1.3770983988081609,3.143087653884314,0.37801384213173017,0.28,1,1,0.5
12.319405093000569,927,4701.1,-91.3,0.0,-105.2,-1.12,2.11,-0.21,-0.2,-1.44,0.1,-193.5,47.7,156.0,0.72,0.72,-1.47,-0.25,0.0,1.4572576985557495,2.3980408670412605,0.4490096790417324,0.28,0,1,0.5
12.327581458000168,928,4701.11,-91.4,0.0,-105.0,-0.11,1.68,-0.79,-0.21,-1.33,0.13,-192.8,69.3,263.0,0.7,0.7,-2.38,0.59,0.62,1.3527379642783743,1.8597311633674367,0.33760014586907006,0.28,0,1,0.5
12.339334932999918,929,4701.12,-91.4,0.1,-104.9,0.58,1.14,-1.09,-0.16,-1.18,0.11,-191.9,110.6,344.0,0.67,0.67,-3.43,0.55,0.62,1.195867885679685,1.6805058762170395,0.17711546592497296,0.28,0,1,0.5
12.34764282300057,930,4701.13,-91.3,0.3,-104.8,1.19,0.61,-1.15,-0.09,-1.02,0.08,-190.6,134.6,188.0,0.64,0.64,-3.66,0.79,0.62,1.0270832488167645,1.763717664480344,0.00816421248081145,0.28,0,1,0.5
12.359385095000107,931,4701.14,-91.1,0.4,-104.8,1.67,0.2,-0.97,0.0,-0.87,0.05,-189.3,121.3,-115.0,0.6,0.6,-2.83,0.83,0.62,0.8714355971613736,1.9415972805914208,0.14453377039108783,0.28,0,1,0.5
12.367592112000239,932,4701.15,-90.9,0.5,-104.7,1.99,-0.03,-0.58,0.06,-0.76,0.0,-188.4,75.3,-384.0,0.59,0.59,-1.37,0.95,0.62,0.7623647421018367,2.0730171248689677,0.24853253294161237,0.28,0,1,0.5
12.379358943000625,933,4701.16,-90.7,0.5,-104.8,1.68,-0.02,-0.13,0.1,-0.73,-0.02,-188.0,25.9,-409.0,0.58,0.58,-0.25,0.73,0.62,0.7370888684548152,1.6851409436602032,0.26833223845686105,0.28,0,1,0.5
12.387567710999974,934,4701.17,-90.6,0.5,-104.7,0.76,0.18,0.13,0.1,-0.79,-0.06,-187.9,-1.6,-246.0,0.58,0.58,0.12,0.74,0.62,0.7985612061701972,0.7917701686727027,0.2027227027266496,0.28,0,1,0.5
12.399425626000266,935,4701.18,-90.5,0.5,-104.7,-0.08,0.48,0.29,0.08,-0.83,-0.07,-187.9,-0.6,-52.0,0.58,0.58,-0.03,0.57,0.62,0.8367795408588812,0.5664803615307418,0.16121428067720633,0.28,0,1,0.5
12.407623846000206,936,4701.19,-90.6,0.5,-104.6,-0.28,0.73,0.52,0.09,-0.86,-0.06,-187.9,-0.3,-25.0,0.58,0.58,0.01,0.4,0.62,0.8667756341753038,0.9389888178247917,0.12859382361356808,0.28,0,1,0.5
12.419375929000125,937,4701.2,-90.6,0.4,-104.6,0.01,0.97,0.79,0.11,-0.88,-0.07,-187.9,0.0,-9.0,0.58,0.58,0.01,0.49,0.62,0.8896066546513689,1.2510395677195827,0.10364754707475288,0.28,0,1,0.5
12.427405715000532,938,4701.21,-90.6,0.3,-104.4,0.24,1.23,1.01,0.11,-0.88,-0.08,-187.9,0.1,-2.0,0.58,0.58,0.0,0.74,0.62,0.8904493247793498,1.609534094078159,0.10074877940783655,0.28,0,1,0.5
12.439344422000431,939,4701.22,-90.5,0.2,-104.3,0.01,1.56,1.09,0.12,-0.9,-0.1,-187.9,0.0,0.0,0.58,0.58,0.0,0.73,0.62,0.913454979733539,1.9031027297547551,0.0761882619645744,0.28,0,1,0.5
12.447692458000347,940,4701.23,-90.6,0.1,-104.1,-0.49,1.93,1.05,0.11,-0.94,-0.09,-187.9,0.1,1.0,0.58,0.58,0.0,0.49,0.62,0.9506839643120104,2.2511108368980857,0.03818009183838089,0.28,0,1,0.5
12.459441239000626,941,4701.24,-90.6,0.0,-103.9,-1.04,2.27,0.95,0.08,-1.01,-0.06,-187.9,0.1,1.0,0.58,0.58,0.0,0.65,0.62,1.0149384217774002,2.671516423307182,0.02555287831446873,0.28,0,1,0.5
12.46757472400077,942,4701.25,-90.8,0.0,-103.7,-1.2,2.49,0.83,0.05,-1.06,-0.03,-187.9,0.0,0.0,0.58,0.58,0.0,0.74,0.62,1.0616025621672172,2.88600069300061,0.07077267833019996,0.28,0,1,0.5
12.479404258000613,943,4701.26,-90.9,0.0,-103.4,-1.04,2.56,0.61,0.02,-1.08,-0.01,-187.9,0.7,5.0,0.58,0.58,-0.03,0.65,0.62,1.0802314566795397,2.8297173003676535,0.08761354138567201,0.28,0,1,0.5
12.487600113000553,944,4701.27,-91.0,0.0,-103.2,-1.01,2.57,0.45,-0.01,-1.05,-0.01,-187.9,0.4,-4.0,0.58,0.58,0.0,0.73,0.62,1.0500952337764418,2.797766966707556,0.056327772112922614,0.28,0,1,0.0
12.499373991000539,945,4701.28,-91.1,-0.1,-102.9,-1.15,2.52,0.33,-0.06,-1.03,-0.02,-187.9,0.0,0.0,0.58,0.58,0.0,0.65,0.62,1.0319399207318225,2.789587783167972,0.037409009886937294,0.28,0,1,0.0
12.507591927000249,946,4701.29,-91.2,-0.2,-102.7,-1.21,2.42,0.3,-0.09,-1.01,-0.02,-187.9,-2.9,-52.0,0.58,0.58,0.21,0.0,0.0,1.0141991914806479,2.722223356008834,0.019274915023047345,0.28,0,1,0.0
12.51933900900076,947,4701.3,-91.4,-0.2,-102.4,-1.22,2.33,0.34,-0.11,-1.0,-0.03,-188.0,-10.6,-50.0,0.59,0.59,0.33,-0.15,0.0,1.0064790112068904,2.6519615381826336,0.011323640054304085,0.28,0,1,0.0
12.527600234000602,948,4701.31,-91.5,-0.3,-102.2,-1.15,2.24,0.43,-0.12,-1.0,-0.04,-188.2,-15.9,-55.0,0.59,0.59,0.49,-0.09,0.0,1.0079682534683323,2.55440795488896,0.012556624669431082,0.28,0,1,0.0
12.539331668000159,949,4701.32,-91.6,-0.4,-102.0,-1.04,2.15,0.52,-0.11,-1.01,-0.03,-188.4,-20.2,-43.0,0.6,0.6,0.59,0.01,0.0,1.0164152694642086,2.4442790348076056,0.020583567852001217,0.28,0,1,0.0
12.547551905000546,950,4701.33,-91.7,-0.5,-101.8,-0.95,2.06,0.57,-0.08,-1.01,-0.04,-188.6,-24.6,-39.0,0.6,0.6,0.69,0.03,0.0,1.0139526616169021,2.3390168874978223,0.01775854080460082,0.28,0,1,0.0
12.559410005000245,951,4701.34,-91.8,-0.6,-101.5,-0.97,2.03,0.6,-0.06,-1.0,-0.04,-188.9,-26.5,-27.0,0.61,0.61,0.75,-0.11,0.0,1.0025966287595427,2.3284758963751373,0.006274457788296606,0.28,0,1,0.0
12.567536775000008,952,4701.35,-91.9,-0.7,-101.3,-1.04,2.06,0.64,-0.04,-0.97,-0.05,-189.2,-30.0,-22.0,0.62,0.62,0.81,0.25,0.0,0.972111104761179,2.3947442452170127,0.02372684488586574,0.28,0,1,0.0
12.579441617000157,953,4701.36,-92.1,-0.8,-101.1,-1.1,2.16,0.68,-0.01,-0.96,-0.05,-189.5,-30.3,-15.0,0.63,0.63,0.84,-0.05,0.0,0.9613532129243653,2.5175384803414627,0.033795041988225916,0.28,0,1,0.0
12.58753936300036,954,4701.37,-92.2,-0.8,-100.9,-1.22,2.33,0.66,0.0,-0.96,-0.05,-189.8,-32.2,-18.0,0.63,0.63,0.9,0.1,0.0,0.9613012014972206,2.711623130156549,0.03317011234706313,0.28,0,1,0.0
12.599395875000482,955,4701.38,-92.3,-0.9,-100.7,-1.31,2.52,0.58,0.0,-0.96,-0.04,-190.1,-36.0,-20.0,0.64,0.64,0.96,0.02,0.0,0.9608329719571451,2.8987756035954217,0.0329655750493959,0.28,0,1,0.0
12.60761600800015,956,4701.39,-92.5,-0.9,-100.4,-1.44,2.71,0.47,0.0,-0.97,-0.03,-190.5,-36.3,-14.0,0.65,0.65,1.0,-0.09,0.0,0.9704638066409277,3.1046094762465697,0.02286804555830102,0.28,0,1,0.0
12.619682144000762,957,4701.4,-92.6,-0.9,-100.1,-1.53,2.89,0.35,-0.01,-0.97,-0.02,-190.8,-36.4,-3.0,0.66,0.66,0.99,-0.04,0.0,0.9702576977277737,3.28869274940667,0.02261267138202594,0.28,0,1,0.0
12.627441927000291,958,4701.41,-92.8,-0.9,-99.8,-1.44,2.97,0.26,-0.04,-0.97,-0.01,-191.2,-34.8,8.0,0.67,0.67,0.93,0.03,0.0,0.9708758932015976,3.3109062203572,0.021554586390037933,0.28,0,1,0.0
12.639266152000346,959,4701.42,-92.9,-1.0,-99.5,-1.29,3.0,0.19,-0.06,-0.97,-0.01,-191.5,-34.3,7.0,0.68,0.68,0.92,-0.08,0.0,0.9719053451854249,3.2711160175083975,0.020114631718086362,0.28,0,1,0.0
12.647722484000042,960,4701.43,-93.0,-1.0,-99.2,-1.16,2.99,0.18,-0.08,-0.97,0.0,-191.9,-32.3,14.0,0.69,0.69,0.86,0.19,0.0,0.9732933781753578,3.2121799451462865,0.018352066753590468,0.28,0,1,0.0
12.659219410000333,961,4701.44,-93.1,-1.1,-98.9,-1.1,2.92,0.21,-0.09,-0.96,0.0,-192.2,-32.8,2.0,0.7,0.7,0.87,-0.03,0.0,0.9642095207992918,3.1273790943855846,0.026887205647063372,0.28,0,1,0.0
12.667444130000149,962,4701.45,-93.2,-1.1,-98.6,-0.94,2.88,0.25,-0.1,-0.97,-0.02,-192.5,-32.5,2.0,0.71,0.71,0.87,-0.03,0.0,0.9753460924205315,3.0398190735634247,0.015435621345307182,0.28,0,1,0.0
12.67939988300077,963,4701.46,-93.2,-1.2,-98.3,-0.93,2.83,0.27,-0.11,-0.96,-0.03,-192.8,-30.0,23.0,0.72,0.72,0.77,0.08,0.0,0.9667471230885561,2.991103475308068,0.023553898863736933,0.28,0,1,0.0
12.687518954000552,964,4701.47,-93.3,-1.2,-98.1,-0.94,2.79,0.3,-0.12,-0.96,-0.03,-193.1,-27.3,24.0,0.73,0.73,0.7,0.02,0.0,0.9679359482941007,2.959341142889748,0.02191777218502855,0.28,0,1,0.0
12.699398993000614,965,4701.48,-93.4,-1.3,-97.8,-0.91,2.72,0.33,-0.11,-0.97,-0.03,-193.4,-22.5,34.0,0.73,0.73,0.58,-0.26,0.0,0.9766780431646859,2.887109280924434,0.012912163768154516,0.28,0,1,0.0
12.707539517000441,966,4701.49,-93.5,-1.4,-97.5,-0.85,2.66,0.32,-0.1,-0.99,-0.03,-193.6,-22.2,12.0,0.74,0.74,0.59,0.1,0.0,0.9954898291795853,2.810782809112081,0.005781629801809962,0.28,0,1,0.0
12.71944306000023,967,4701.5,-93.6,-1.4,-97.2,-0.9,2.6,0.29,-0.1,-1.0,-0.02,-193.8,-19.9,16.0,0.74,0.74,0.53,0.03,0.0,1.005186549850325,2.766604416970377,0.01516878346309869,0.28,0,1,0.0
12.727461346999917,968,4701.51,-93.6,-1.5,-97.0,-0.8,2.53,0.29,-0.1,-1.01,-0.03,-194.0,-18.8,16.0,0.75,0.75,0.48,-0.05,0.0,1.0153817016275208,2.669269563007828,0.02485665653548863,0.28,0,1,0.0
12.739299968000523,969,4701.52,-93.7,-1.6,-96.7,-0.54,2.59,0.25,-0.11,-1.01,-0.04,-194.2,-16.0,24.0,0.75,0.75,0.41,0.08,0.0,1.0167595585978033,2.657480009332149,0.025709823235655738,0.28,0,1,0.0
12.74771578400032,970,4701.53,-93.7,-1.6,-96.5,-0.43,2.6,0.27,-0.11,-1.0,-0.03,-194.3,-16.2,4.0,0.76,0.76,0.43,-0.09,0.0,1.0064790112068904,2.6491130591199767,0.015120690327848019,0.28,0,1,0.0
12.759340471000542,971,4701.54,-93.8,-1.7,-96.2,-0.32,2.56,0.36,-0.1,-1.01,-0.03,-194.5,-15.8,3.0,0.76,0.76,0.42,0.07,0.0,1.0153817016275208,2.60491842482639,0.02354291313350887,0.28,0,1,0.0
12.767734727000061,972,4701.55,-93.8,-1.7,-95.9,-0.15,2.56,0.43,-0.11,-1.02,-0.03,-194.6,-14.0,8.0,0.76,0.76,0.38,-0.94,0.0,1.026352765865616,2.6001923005808627,0.03382369782417194,0.28,0,1,0.0
12.779294392000338,973,4701.56,-93.8,-1.8,-95.7,0.0,2.62,0.52,-0.11,-1.01,-0.04,-194.7,-12.6,26.0,0.77,0.77,0.28,-0.02,0.0,1.0167595585978033,2.6711046404062873,0.023745880745232095,0.28,0,1,0.0
12.787804835000316,974,4701.57,-93.8,-1.9,-95.4,0.04,2.71,0.65,-0.11,-1.0,-0.05,-194.8,-7.8,32.0,0.77,0.77,0.19,-0.18,0.0,1.0072735477515529,2.787149081050384,0.013974672501002039,0.28,0,1,0.0
12.799530989000232,975,4701.58,-93.8,-2.0,-95.1,0.19,2.82,0.79,-0.11,-1.0,-0.05,-194.9,-6.2,23.0,0.77,0.77,0.13,-0.03,0.0,1.0072735477515529,2.9347231555974744,0.013695179050982054,0.28,0,1,0.0
12.807731040000363,976,4701.59,-93.8,-2.1,-94.8,0.32,2.95,0.93,-0.1,-1.01,-0.06,-195.0,-4.5,16.0,0.77,0.77,0.1,-0.02,0.0,1.0167103815738285,3.1096302030948952,0.022669372615792605,0.28,0,1,0.0
12.819224341000336,977,4701.6,-93.7,-2.2,-94.5,0.24,3.06,0.96,-0.1,-0.99,-0.07,-195.0,-4.1,4.0,0.77,0.77,0.11,-0.08,0.0,0.9974968671630001,3.2160223879817753,0.0033867410408648935,0.28,0,1,0.0
12.827505109999947,978,4701.61,-93.7,-2.3,-94.2,0.16,3.14,1.02,-0.11,-1.0,-0.07,-195.1,-6.2,-20.0,0.78,0.78,0.21,0.06,0.0,1.0084641788382966,3.30538953831466,0.014066971661838235,0.28,0,1,0.0
12.839251942999908,979,4701.62,-93.8,-2.5,-93.9,0.01,3.19,1.09,-0.12,-0.99,-0.09,-195.1,-9.9,-24.0,0.78,0.78,0.28,-0.02,0.0,1.0012991560967182,3.3710977440590475,0.006763909941854607,0.28,0,1,0.0
12.84749313500015,980,4701.63,-93.8,-2.6,-93.6,0.0,3.22,1.11,-0.15,-1.0,-0.09,-195.2,-9.1,5.0,0.78,0.78,0.22,-0.11,0.0,1.0151847122568385,3.4059506749217614,0.020236476779935453,0.28,0,1,0.0
12.859499632000734,981,4701.64,-93.8,-2.7,-93.2,0.0,3.2,1.11,-0.18,-1.0,-0.09,-195.3,-8.3,2.0,0.78,0.78,0.22,-0.02,0.0,1.0200490184299968,3.3870488629483932,0.024598767294031987,0.28,0,1,0.0
12.867380631000742,982,4701.65,-93.8,-2.8,-92.9,0.04,3.15,1.04,-0.2,-0.99,-0.09,-195.4,-7.7,8.0,0.78,0.78,0.19,0.06,0.0,1.0140019723846694,3.31748398639692,0.01818068682373042,0.28,0,1,0.0
12.879356187000667,983,4701.66,-93.8,-2.9,-92.6,0.05,3.04,0.91,-0.22,-0.98,-0.09,-195.5,-7.6,-11.0,0.79,0.79,0.25,0.1,0.0,1.0084145972763385,3.173672951014329,0.012341445481091617,0.28,0,1,0.0
12.887473569000576,984,4701.67,-93.8,-3.0,-92.3,0.03,2.9,0.78,-0.23,-0.96,-0.09,-195.6,-12.3,-35.0,0.79,0.79,0.39,-0.15,0.0,0.9912618221237011,3.0032149440224885,0.004715103078114957,0.28,0,1,0.0
12.899261739000394,985,4701.68,-93.9,-3.0,-92.0,-0.14,2.72,0.58,-0.24,-0.99,-0.09,-195.7,-16.5,-37.0,0.8,0.8,0.49,-0.15,0.0,1.0226436329435586,2.7846723326093503,0.026133373586907815,0.28,0,1,0.0
12.907694862000426,986,4701.69,-93.9,-3.0,-91.7,-0.19,2.41,0.36,-0.24,-0.98,-0.09,-195.9,-20.1,-49.0,0.8,0.8,0.64,-0.21,0.0,1.0129659421717987,2.444135839105511,0.016126569158844917,0.28,0,1,0.0
12.91937318500004,987,4701.7,-93.9,-3.1,-91.5,-0.34,2.1,0.21,-0.26,-0.98,-0.08,-196.2,-26.1,-45.0,0.81,0.81,0.74,-0.28,0.0,1.0170545708072896,2.1376856644511606,0.01981089383844903,0.28,0,1,0.0
12.927434248000282,988,4701.71,-94.0,-3.1,-91.3,-0.36,1.7,0.0,-0.27,-0.99,-0.07,-196.4,-28.7,-38.0,0.82,0.82,0.83,0.13,0.0,1.0285426583277915,1.7376996288196644,0.0306730017317719,0.28,0,1,0.0
12.939279260000148,989,4701.72,-94.0,-3.0,-91.2,-0.16,1.24,-0.23,-0.27,-0.97,-0.07,-196.8,-32.2,-23.0,0.82,0.82,0.87,0.01,0.0,1.0093066927351666,1.2712592182556632,0.011208295416364145,0.28,0,1,0.0
12.947659046000808,990,4701.73,-94.0,-3.0,-91.1,-0.21,0.88,-0.41,-0.28,-0.97,-0.09,-197.1,-32.6,-4.0,0.83,0.83,0.86,0.0,0.0,1.0136074190730846,0.9932774033471213,0.015198841319196466,0.28,0,1,0.0
12.959553496000808,991,4701.74,-94.1,-2.9,-91.0,-0.35,0.42,-0.67,-0.28,-0.95,-0.07,-197.4,-31.6,2.0,0.84,0.84,0.85,0.14,0.0,0.9928746144403129,0.8647543003651385,0.005423284047303745,0.28,0,1,0.0
12.967591730000095,992,4701.75,-94.1,-2.8,-91.0,-0.56,0.04,-0.83,-0.28,-0.93,-0.08,-197.7,-31.3,0.0,0.85,0.85,0.84,-0.05,0.0,0.9745255255764212,1.0020479030465559,0.023296925452971462,0.28,0,1,0.0
12.979399479000676,993,4701.76,-94.2,-2.8,-91.0,-0.84,-0.28,-0.93,-0.28,-0.93,-0.09,-198.0,-28.4,33.0,0.86,0.86,0.7,-0.01,0.0,0.9753973549277238,1.2840950120610235,0.02197659417963549,0.28,0,1,0.0
12.987467202000516,994,4701.77,-94.3,-2.7,-91.1,-1.04,-0.69,-0.97,-0.27,-0.92,-0.06,-198.3,-24.9,36.0,0.87,0.87,0.61,0.08,0.0,0.9606768447297979,1.5806960492137634,0.035963162290010287,0.28,0,1,0.0
12.999302324999917,995,4701.78,-94.4,-2.6,-91.2,-0.99,-0.96,-1.0,-0.25,-0.92,-0.09,-198.5,-19.7,48.0,0.87,0.87,0.46,-0.01,0.0,0.957601169589929,1.703437700651245,0.03825806068128157,0.28,0,1,0.0
13.007841913000448,996,4701.79,-94.5,-2.5,-91.3,-0.95,-1.1,-1.0,-0.24,-0.92,-0.11,-198.7,-16.0,34.0,0.87,0.87,0.39,0.04,0.0,0.9571311299921239,1.764227876437735,0.037953538273505005,0.28,0,1,0.0
13.019370508000065,997,4701.8,-94.6,-2.4,-91.4,-0.77,-1.2,-1.09,-0.21,-0.94,-0.11,-198.8,-12.8,33.0,0.88,0.88,0.3,0.02,0.0,0.969432823871773,1.7947144619688113,0.025138807505978855,0.28,0,1,0.0
13.031570105000355,998,4701.81,-94.6,-2.3,-91.5,-0.84,-1.28,-1.23,-0.17,-0.94,-0.09,-198.9,-9.9,33.0,0.88,0.88,0.22,-0.04,0.0,0.9594790253048786,1.9638991827484422,0.034390753951415776,0.28,0,1,0.0
13.039522621000287,999,4701.82,-94.7,-2.2,-91.7,-1.39,-1.32,-1.29,-0.11,-0.98,-0.1,-199.0,-8.1,1.0,0.88,0.88,0.28,-0.06,0.0,0.9912113800799505,2.3105410621756977,0.0026052311928170813,0.28,0,1,0.0
13.047497298000053,1000,4701.83,-94.9,-2.1,-91.8,-1.74,-1.29,-1.35,-0.06,-1.03,-0.1,-199.1,-13.3,-30.0,0.89,0.89,0.4,0.06,0.0,1.0365809182114052,2.5522930866183846,0.041909020799864916,0.28,0,1,0.0
13.05934328100011,1001,4701.84,-95.1,-2.0,-92.0,-1.95,-1.23,-1.24,-0.01,-1.06,-0.08,-199.3,-16.4,-26.0,0.89,0.89,0.46,-0.03,0.0,1.0630616162763098,2.617823523463719,0.06702192448747413,0.28,0,1,0.0
13.067675437000617,1002,4701.85,-95.3,-1.8,-92.1,-2.1,-1.05,-0.89,0.05,-1.09,-0.11,-199.4,-17.5,-23.0,0.9,0.9,0.53,0.05,0.0,1.0966767983321248,2.5108962543283226,0.0986243644124234,0.28,0,1,0.0
13.079388888000722,1003,4701.86,-95.5,-1.8,-92.2,-2.08,-0.75,-0.41,0.09,-1.12,-0.14,-199.7,-25.3,-75.0,0.9,0.9,0.81,-0.1,0.0,1.1322985472038725,2.2487774456357394,0.1315611910184875,0.28,0,1,0.0
13.087495482000122,1004,4701.87,-95.7,-1.7,-92.2,-1.61,-0.38,0.05,0.12,-1.13,-0.14,-200.0,-34.6,-87.0,0.91,0.91,1.07,-0.03,0.0,1.1449454135459907,1.654992447112675,0.14132389621339358,0.28,0,1,0.0
13.09929721700064,1005,4701.88,-95.8,-1.8,-92.3,-0.58,-0.03,0.47,0.11,-1.11,-0.15,-200.4,-46.0,-116.0,0.93,0.93,1.42,0.05,0.0,1.125477676366795,0.747127833774114,0.1194190358535141,0.28,0,1,0.0
13.107688697000413,1006,4701.89,-95.8,-1.8,-92.2,0.09,0.29,0.71,0.07,-1.03,-0.14,-200.9,-57.2,-102.0,0.94,0.94,1.67,0.19,0.0,1.0418253212511202,0.7722046360907191,0.035051347123082444,0.28,0,1,0.0
13.119323734000318,1007,4701.9,-95.8,-1.9,-92.2,0.19,0.58,0.84,0.01,-0.98,-0.15,-201.6,-67.3,-96.0,0.96,0.96,1.92,0.02,0.0,0.9914635646356349,1.038315944209661,0.015004201302554643,0.28,0,1,0.0
13.127572793000581,1008,4701.91,-95.8,-1.9,-92.1,-0.07,0.81,0.83,-0.04,-0.96,-0.12,-202.3,-74.7,-77.0,0.98,0.98,2.11,0.01,0.0,0.9682974749528164,1.1618519699169942,0.037406885165665704,0.28,0,1,0.0
13.139322600000014,1009,4701.92,-95.9,-2.0,-92.0,-0.27,0.89,0.73,-0.08,-0.95,-0.09,-203.1,-81.5,-69.0,1.0,1.0,2.28,-0.01,0.0,0.957601169589929,1.1823282116231515,0.047141126717982096,0.28,0,1,0.0
13.147607114000493,1010,4701.93,-95.9,-2.1,-91.9,-0.39,0.88,0.58,-0.12,-0.94,-0.07,-204.0,-84.2,-28.0,1.03,1.03,2.29,-0.01,0.0,0.9502105029939418,1.1237882362794158,0.05344115744768985,0.28,0,1,0.0
13.159419693000018,1011,4701.94,-96.0,-2.2,-91.8,-0.5,0.77,0.46,-0.15,-0.93,-0.06,-204.8,-84.3,-6.0,1.05,1.05,2.28,0.08,0.0,0.9439279633531364,1.0268885041717042,0.05852922314672526,0.28,0,1,0.0
13.167471091000152,1012,4701.95,-96.0,-2.2,-91.8,-0.63,0.57,0.35,-0.16,-0.93,-0.04,-205.7,-83.4,8.0,1.07,1.07,2.22,0.03,0.0,0.94451045520947,0.9188579868510693,0.05678779666458389,0.28,0,1,0.0
13.179313049000484,1013,4701.96,-96.1,-2.2,-91.7,-0.69,0.28,0.17,-0.16,-0.92,-0.03,-206.4,-78.9,42.0,1.09,1.09,2.05,-0.12,0.0,0.9342911751697112,0.7638062581571323,0.06566693517025579,0.28,0,1,0.0
13.187464313000419,1014,4701.97,-96.2,-2.3,-91.7,-0.87,0.01,0.1,-0.16,-0.9,-0.03,-207.2,-72.4,55.0,1.11,1.11,1.89,-0.12,0.0,0.9146037393319579,0.8757853618324527,0.08364728358784879,0.28,0,1,0.0
13.19932174800033,1015,4701.98,-96.3,-2.3,-91.7,-1.07,-0.22,0.1,-0.14,-0.91,-0.04,-207.9,-65.6,66.0,1.13,1.13,1.68,-0.25,0.0,0.9215747392371386,1.0969503179269333,0.07514275800901471,0.28,0,1,0.0
13.21105079500012,1016,4701.99,-96.4,-2.3,-91.7,-1.07,-0.47,0.15,-0.11,-0.92,-0.03,-208.5,-56.7,94.0,1.15,1.15,1.38,-0.01,0.0,0.9270382947861432,1.178261431092438,0.06828561841080993,0.28,0,1,0.0
13.222960548000628,1017,4702.0,-96.4,-2.3,-91.8,-0.94,-0.66,0.22,-0.08,-0.93,-0.04,-208.8,-48.6,134.0,1.16,1.16,1.07,-0.12,0.0,0.9342911751697113,1.1694443124834975,0.05981208326669696,0.28,0,1,0.0
13.235047422000207,1018,4702.01,-96.5,-2.4,-91.9,-0.83,-0.82,0.32,-0.05,-0.93,-0.06,-209.3,-33.3,128.0,1.17,1.17,0.77,0.0,0.0,0.9332738076256079,1.2098346994527807,0.05961286179458436,0.28,0,1,0.0
13.243491251000705,1019,4702.02,-96.5,-2.4,-92.0,-0.77,-0.89,0.43,-0.03,-0.94,-0.08,-209.6,-23.6,96.0,1.17,1.17,0.55,-0.03,0.0,0.9438749917229505,1.2529565036345036,0.04803144414329685,0.28,0,1,0.0
13.25499194800068,1020,4702.03,-96.6,-2.5,-92.0,-0.7,-0.96,0.5,-0.01,-0.96,-0.08,-209.8,-15.8,87.0,1.18,1.18,0.33,-0.05,0.0,0.9633794683301071,1.2890306435457615,0.027956428185417437,0.28,0,1,0.0
13.263026299000558,1021,4702.04,-96.6,-2.5,-92.1,-0.65,-0.99,0.51,-0.01,-0.97,-0.1,-209.9,-7.7,78.0,1.18,1.18,0.12,-0.06,0.0,0.9751922887307918,1.2894572501638044,0.015820735629038074,0.28,0,1,0.0
13.271027298000263,1022,4702.05,-96.7,-2.6,-92.2,-0.64,-0.97,0.52,0.0,-0.98,-0.11,-209.9,-4.0,33.0,1.18,1.18,0.11,0.13,0.0,0.986154146165801,1.2731457104353767,0.004761700630148247,0.28,0,1,0.0
13.278938360000211,1023,4702.06,-96.8,-2.6,-92.3,-0.73,-0.93,0.55,0.0,-1.0,-0.12,-210.0,-4.6,0.0,1.18,1.18,0.15,0.0,0.0,1.0071742649611337,1.3039555207138012,0.015933249801880822,0.28,0,1,0.0
13.287223472000733,1024,4702.07,-96.8,-2.7,-92.4,-0.8,-0.9,0.55,0.0,-1.02,-0.11,-210.0,-5.7,0.0,1.18,1.18,0.14,0.02,0.0,1.0259142264341596,1.3238202294873727,0.03397974704940865,0.28,0,1,0.0
13.299075941999945,1025,4702.08,-96.9,-2.7,-92.5,-0.81,-0.86,0.54,0.0,-1.04,-0.12,-210.1,-4.2,12.0,1.18,1.18,0.09,0.0,0.0,1.046900186264192,1.298961123359741,0.05386639274185223,0.28,0,1,0.0
13.307201419000194,1026,4702.09,-97.0,-2.7,-92.6,-0.74,-0.79,0.52,-0.01,-1.04,-0.12,-210.1,-3.2,4.0,1.18,1.18,0.09,-0.08,0.0,1.0469479452198185,1.2008746812219833,0.052835868663529184,0.28,0,1,0.0
13.319048119999934,1027,4702.1,-97.1,-2.8,-92.6,-0.58,-0.68,0.54,-0.02,-1.04,-0.12,-210.2,-5.5,-20.0,1.19,1.19,0.19,0.2,0.0,1.047091209016674,1.044222198576529,0.05191954981117697,0.28,0,1,0.0
13.327151404000688,1028,4702.11,-97.1,-2.8,-92.7,-0.5,-0.58,0.56,-0.02,-1.04,-0.13,-210.2,-9.9,-34.0,1.19,1.19,0.3,-0.06,0.0,1.0482843125793688,0.9486832980505139,0.052050400306394407,0.28,0,1,0.0
13.339001428000302,1029,4702.12,-97.1,-2.9,-92.7,-0.52,-0.49,0.57,-0.01,-1.05,-0.12,-210.4,-15.2,-63.0,1.19,1.19,0.54,-0.04,0.0,1.0568822072492279,0.9140021881811881,0.05943532907672844,0.28,0,1,0.0
13.34922883300078,1030,4702.13,-97.2,-2.9,-92.8,-0.45,-0.37,0.52,-0.01,-1.05,-0.13,-210.6,-22.2,-47.0,1.2,1.2,0.62,-0.02,0.0,1.0580642702596095,0.7808969202141856,0.059405044245367855,0.28,0,1,0.0
13.358949625000605,1031,4702.14,-97.2,-2.9,-92.8,-0.24,-0.19,0.43,0.0,-1.05,-0.12,-210.8,-24.5,-38.0,1.21,1.21,0.72,0.02,0.0,1.0568348972285122,0.5278257288158659,0.05701215778998514,0.28,0,1,0.0
13.36705373299992,1032,4702.15,-97.2,-2.9,-92.8,-0.02,-0.05,0.35,0.0,-1.05,-0.11,-211.1,-27.1,-19.0,1.21,1.21,0.73,-0.02,0.0,1.0557461816175326,0.35411862419251544,0.054804973335425444,0.28,0,1,0.0
13.37900569500016,1033,4702.16,-97.2,-2.9,-92.8,0.18,0.05,0.24,0.0,-1.04,-0.1,-211.4,-27.0,-6.0,1.22,1.22,0.73,-0.07,0.0,1.0447966309287182,0.30413812651491096,0.04297831419367881,0.28,0,1,0.0
13.38743635100036,1034,4702.17,-97.2,-2.9,-92.8,0.33,0.1,0.13,0.0,-1.02,-0.1,-211.6,-25.6,15.0,1.23,1.23,0.65,0.0,0.0,1.0248902380255165,0.36851051545376556,0.022610482864667603,0.28,0,1,0.0
13.399388780000663,1035,4702.18,-97.1,-2.9,-92.8,0.44,0.15,0.05,-0.01,-1.01,-0.1,-211.9,-26.4,-15.0,1.24,1.24,0.76,0.18,0.0,1.0149876846543509,0.46754678910243835,0.012453770903631867,0.28,0,1,0.0
13.407513597000616,1036,4702.19,-97.1,-2.9,-92.8,0.47,0.16,0.03,-0.02,-0.99,-0.09,-212.1,-27.9,-11.0,1.24,1.24,0.77,-0.45,0.0,0.9942836617384396,0.49739320461783554,0.008085246972033833,0.28,0,1,0.0
13.419299032000708,1037,4702.2,-97.0,-2.9,-92.7,0.5,0.13,0.05,-0.04,-0.97,-0.1,-212.4,-27.6,9.0,1.25,1.25,0.7,0.0,0.0,0.9759610647971567,0.5190375708944392,0.025879687035050503,0.28,0,1,0.0
13.427682192000248,1038,4702.21,-96.9,-2.9,-92.7,0.43,0.1,0.1,-0.05,-0.97,-0.09,-212.7,-25.7,12.0,1.26,1.26,0.68,0.0,0.0,0.9754486147409304,0.452658811910251,0.025864294349451256,0.28,0,1,0.0
13.4392989450007,1039,4702.22,-96.9,-2.9,-92.7,0.47,0.05,0.11,-0.06,-0.97,-0.08,-212.9,-24.6,12.0,1.26,1.26,0.66,0.03,0.0,0.9751410154434075,0.48528342234203714,0.02564845577403463,0.28,0,1,0.0
13.4475042210006,1040,4702.23,-96.8,-2.9,-92.7,0.5,-0.07,0.08,-0.07,-0.96,-0.08,-213.2,-24.3,6.0,1.27,1.27,0.65,-0.1,0.0,0.9658674857349738,0.5111751167652824,0.03422354577281883,0.28,0,1,0.0
13.459395591999964,1041,4702.24,-96.7,-3.0,-92.7,0.43,-0.18,0.09,-0.08,-0.95,-0.08,-213.4,-24.8,-12.0,1.28,1.28,0.72,0.15,0.0,0.9567131231461183,0.47476309881876877,0.04251035019444083,0.28,0,1,0.0
13.467448274000162,1042,4702.25,-96.7,-3.0,-92.8,0.32,-0.24,0.1,-0.07,-0.95,-0.09,-213.7,-25.6,6.0,1.28,1.28,0.65,-0.09,0.0,0.9568176419778223,0.41231056256176607,0.0415577147354822,0.28,0,1,0.0
13.47938106500078,1043,4702.26,-96.7,-3.0,-92.8,0.29,-0.25,0.1,-0.06,-0.96,-0.09,-213.9,-22.2,23.0,1.29,1.29,0.56,-0.01,0.0,0.9660745312862771,0.3957271787481876,0.03165480891848682,0.28,0,1,0.0
13.487626220000493,1044,4702.27,-96.6,-3.0,-92.8,0.29,-0.27,0.1,-0.05,-0.97,-0.1,-214.1,-17.8,38.0,1.29,1.29,0.43,0.0,0.0,0.9764220398987314,0.408656334834051,0.020881154299911775,0.28,0,1,0.0
13.499293254000804,1045,4702.28,-96.6,-3.0,-92.8,0.32,-0.24,0.12,-0.04,-0.98,-0.1,-214.3,-12.7,42.0,1.3,1.3,0.31,-0.02,0.0,0.985900603509299,0.417612260356422,0.011174538875557305,0.28,0,1,0.0
13.50766903100066,1046,4702.29,-96.5,-3.1,-92.8,0.3,-0.2,0.13,-0.03,-0.99,-0.1,-214.4,-12.0,10.0,1.3,1.3,0.32,-0.08,0.0,0.9954898291795853,0.383275357934736,0.001553606941165575,0.28,0,1,0.0
13.519304439000734,1047,4702.3,-96.5,-3.1,-92.9,0.27,-0.19,0.15,-0.02,-1.0,-0.1,-214.5,-12.1,5.0,1.3,1.3,0.32,-0.13,0.0,1.005186549850325,0.36262928728937494,0.007980251454982601,0.28,0,1,0.0
13.527546043000257,1048,4702.31,-96.5,-3.1,-92.9,0.28,-0.21,0.14,-0.01,-1.01,-0.1,-214.6,-10.5,22.0,1.31,1.31,0.22,0.17,0.0,1.0149876846543509,0.3769615364994153,0.01742575853382833,0.28,0,1,0.0
13.539320007000242,1049,4702.32,-96.4,-3.1,-92.9,0.28,-0.22,0.16,-0.02,-1.01,-0.1,-214.7,-4.7,46.0,1.31,1.31,0.06,-0.17,0.0,1.0151354589413177,0.39038442591886274,0.01722206216437927,0.28,0,1,0.0
13.547516538000309,1050,4702.33,-96.4,-3.1,-92.9,0.33,-0.24,0.18,-0.02,-1.01,-0.09,-214.7,-1.0,32.0,1.31,1.31,0.0,0.01,0.0,1.0141991914806479,0.4459820624195552,0.015960078809635236,0.28,0,1,0.0
13.5595618440002,1051,4702.34,-96.3,-3.1,-93.0,0.42,-0.26,0.2,-0.02,-1.0,-0.09,-214.7,-1.0,1.0,1.31,1.31,0.05,0.07,0.0,1.0042410069301093,0.5329165037789692,0.005881856373914807,0.28,0,1,0.0
13.567603457000587,1052,4702.35,-96.3,-3.1,-93.0,0.41,-0.28,0.2,-0.02,-0.99,-0.09,-214.7,-2.9,-12.0,1.31,1.31,0.1,-0.07,0.0,0.9942836617384396,0.5352569476429054,0.003993979041399753,0.28,0,1,0.0
13.579434046000642,1053,4702.36,-96.2,-3.1,-93.0,0.34,-0.29,0.15,-0.02,-0.99,-0.08,-214.8,-6.4,-31.0,1.31,1.31,0.22,-0.11,0.0,0.9934284070832683,0.471380949975707,0.00475224902263971,0.28,0,1,0.0
13.587507780000124,1054,4702.37,-96.2,-3.1,-93.0,0.23,-0.32,0.08,-0.03,-0.98,-0.09,-214.9,-9.3,-26.0,1.31,1.31,0.28,0.06,0.0,0.9845811292118085,0.402119385257662,0.013327536356217529,0.28,0,1,0.0
13.599400061000779,1055,4702.38,-96.2,-3.1,-93.1,0.13,-0.36,0.02,-0.03,-0.98,-0.08,-215.0,-11.2,-19.0,1.32,1.32,0.32,-0.06,0.0,0.983717439105356,0.383275357934736,0.013907401933416663,0.28,0,1,0.0
13.607601726000212,1056,4702.39,-96.1,-3.1,-93.1,0.07,-0.4,-0.02,-0.03,-0.98,-0.08,-215.1,-9.5,20.0,1.32,1.32,0.19,0.08,0.0,0.983717439105356,0.4065710270051225,0.013629253894748339,0.28,0,1,0.0
13.619385464000516,1057,4702.4,-96.1,-3.1,-93.2,-0.02,-0.43,-0.06,-0.03,-0.97,-0.09,-215.1,-4.4,33.0,1.32,1.32,0.08,-0.07,0.0,0.9746281342132496,0.4346262762420146,0.022264187611117703,0.28,0,1,0.0
13.6276382620008,1058,4702.41,-96.1,-3.0,-93.2,-0.15,-0.48,-0.11,-0.02,-0.98,-0.09,-215.2,-2.7,12.0,1.32,1.32,0.09,0.09,0.0,0.9843271813782244,0.51478150704935,0.012313837637220049,0.28,0,1,0.0
13.63925981400007,1059,4702.42,-96.1,-3.0,-93.3,-0.24,-0.52,-0.17,-0.02,-0.99,-0.09,-215.2,-4.2,-7.0,1.32,1.32,0.13,0.0,0.0,0.9942836617384396,0.5974110812497538,0.0023102101314647072,0.28,0,1,0.0
13.647604193000006,1060,4702.43,-96.2,-3.0,-93.3,-0.27,-0.55,-0.24,-0.01,-1.0,-0.09,-215.3,-6.4,-14.0,1.32,1.32,0.18,-0.02,0.0,1.0040916292848974,0.6580273550544841,0.007347802266693182,0.28,0,1,0.0
13.65938307200031,1061,4702.44,-96.2,-2.9,-93.4,-0.27,-0.57,-0.27,-0.01,-1.0,-0.1,-215.3,-6.6,-1.0,1.33,1.33,0.17,0.02,0.0,1.0050373127401788,0.6860757975617563,0.008127616007535199,0.28,0,1,0.0
13.667623018000086,1062,4702.45,-96.2,-2.9,-93.4,-0.26,-0.56,-0.28,-0.01,-1.0,-0.1,-215.4,-6.5,-5.0,1.33,1.33,0.19,0.13,0.0,1.0050373127401788,0.6779380502671317,0.007965063687384477,0.28,0,1,0.0
13.679491184000653,1063,4702.46,-96.2,-2.9,-93.5,-0.25,-0.58,-0.3,0.0,-0.99,-0.1,-215.5,-6.9,3.0,1.33,1.33,0.16,-0.06,0.0,0.9950376877284598,0.6992138442565335,0.001993870097847905,0.28,0,1,0.0
13.687599310000223,1064,4702.47,-96.2,-2.8,-93.5,-0.26,-0.58,-0.3,0.0,-0.99,-0.1,-215.5,-4.2,24.0,1.33,1.33,0.06,0.09,0.0,0.9950376877284598,0.7028513356322231,0.001953992695890916,0.28,0,1,0.0
13.699583858000551,1065,4702.48,-96.3,-2.8,-93.6,-0.31,-0.58,-0.29,0.0,-0.99,-0.11,-215.5,-1.3,19.0,1.33,1.33,0.03,-0.07,0.0,0.9960923651951158,0.7187489130426563,0.0008813289246502043,0.28,0,1,0.0
13.707691896000142,1066,4702.49,-96.3,-2.7,-93.7,-0.36,-0.58,-0.29,0.0,-0.99,-0.11,-215.6,-0.8,8.0,1.33,1.33,0.02,-0.06,0.0,0.9960923651951158,0.7416872656315463,0.0008637023461571802,0.28,0,1,0.0
13.719702844000494,1067,4702.5,-96.3,-2.7,-93.7,-0.39,-0.6,-0.3,0.0,-0.99,-0.11,-215.6,-1.4,-2.0,1.33,1.33,0.05,0.2,0.0,0.9960923651951158,0.7759510293826537,0.0008464282992340921,0.28,0,1,0.0
13.727626104000592,1068,4702.51,-96.4,-2.6,-93.8,-0.4,-0.6,-0.31,0.0,-1.0,-0.11,-215.6,-1.4,-1.0,1.33,1.33,0.03,-0.08,0.0,1.0060318086422517,0.7849203781276162,0.008911154844943758,0.28,0,1,0.0
13.73948107400065,1069,4702.52,-96.4,-2.6,-93.9,-0.38,-0.6,-0.32,-0.01,-1.0,-0.12,-215.6,-2.7,-17.0,1.33,1.33,0.12,-0.06,0.0,1.0072239075796403,0.7789736837660178,0.00990118870668566,0.28,0,1,0.0
13.747612926000329,1070,4702.53,-96.5,-2.5,-93.9,-0.38,-0.58,-0.36,0.0,-1.0,-0.12,-215.6,-6.7,-41.0,1.34,1.34,0.26,-0.09,0.0,1.0071742649611337,0.7812809993849844,0.009654515166415467,0.28,0,1,0.0
13.75940525400074,1071,4702.54,-96.5,-2.5,-94.0,-0.36,-0.55,-0.37,0.0,-1.0,-0.12,-215.7,-10.8,-23.0,1.34,1.34,0.28,0.0,0.0,1.0071742649611337,0.7543208866258444,0.009461424863087209,0.28,0,1,0.0
13.76763844800007,1072,4702.55,-96.5,-2.4,-94.0,-0.33,-0.5,-0.39,0.0,-1.0,-0.12,-215.9,-10.2,-6.0,1.34,1.34,0.28,0.05,0.0,1.0071742649611337,0.7148426400264607,0.009272196365825436,0.28,0,1,0.0
13.779445228999975,1073,4702.56,-96.6,-2.3,-94.1,-0.28,-0.45,-0.38,0.0,-1.0,-0.13,-216.0,-9.7,6.0,1.34,1.34,0.24,0.05,0.0,1.0084145972763385,0.6521502894272148,0.01030227810740969,0.28,0,1,0.0
13.787564187000498,1074,4702.57,-96.6,-2.3,-94.1,-0.23,-0.39,-0.36,0.0,-0.99,-0.12,-216.0,-9.8,-6.0,1.35,1.35,0.29,-0.02,0.0,0.9972462083156797,0.5784461945591829,0.0008487886361842056,0.28,0,1,0.0
13.79970979600057,1075,4702.58,-96.6,-2.2,-94.2,-0.2,-0.34,-0.34,0.0,-0.99,-0.12,-216.2,-13.0,-13.0,1.35,1.35,0.34,0.02,0.0,0.9972462083156797,0.5207686626516616,0.0008318128634605682,0.28,0,1,0.0
13.807522206000613,1076,4702.59,-96.7,-2.2,-94.2,-0.2,-0.32,-0.34,0.0,-0.99,-0.12,-216.3,-9.4,22.0,1.35,1.35,0.22,-0.03,0.0,0.9972462083156797,0.5079370039680118,0.0008151766061913479,0.28,0,1,0.0
13.819749510000293,1077,4702.6,-96.7,-2.1,-94.3,-0.21,-0.32,-0.34,0.0,-0.99,-0.12,-216.4,-7.2,17.0,1.35,1.35,0.17,-0.03,0.0,0.9972462083156797,0.5119570294468082,0.0007988730740675631,0.28,0,1,0.0
13.827629854999941,1078,4702.61,-96.7,-2.1,-94.3,-0.2,-0.32,-0.35,0.0,-0.99,-0.12,-216.4,-4.8,21.0,1.36,1.36,0.1,-0.05,0.0,0.9972462083156797,0.5146843692983109,0.0007828956125862652,0.28,0,1,0.0
