host_time_s,seq,device_time_s,roll,pitch,yaw,gyro_x,gyro_y,gyro_z,accel_x,accel_y,accel_z,belt_length,belt_velocity,belt_acceleration,motor_pos,motor_vel,motor_iq_meas,motor_iq_set,acc_mag,gyro_mag,acc_residual,threshold,heel_strike,hs_count,torque_cmd_nm
2.065481556999657,1,5673.23,-92.9,-2.4,-118.3,0.87,-5.7,0.12,-0.1,-0.96,0.19,-249.1,-281.6,282.0,2.31,6.43,-0.01,0.0,0.9837174391053561,5.767261048366027,0.0,0.5,0,0,0.0
2.073875009999938,2,5673.24,-92.8,-2.4,-118.9,1.37,-6.07,0.32,-0.06,-0.87,0.18,-252.6,-229.1,237.0,2.37,6.21,0.05,0.0,0.8904493247793498,6.230906836087344,0.09140275203948622,0.5,0,0,0.0
2.086226245999569,3,5673.25,-92.6,-2.5,-119.5,1.17,-6.21,0.48,-0.04,-0.87,0.13,-254.9,-226.0,126.0,2.43,6.01,-0.02,0.0,0.8805679985100526,6.337460059045737,0.09925839674260772,0.5,0,0,0.0
2.0984216169999854,4,5673.26,-92.5,-2.6,-120.1,1.16,-6.18,0.44,-0.02,-0.86,0.11,-257.1,-210.3,178.0,2.48,5.46,0.03,0.0,0.8672369918309527,6.3033007226373075,0.11033761535327347,0.5,0,0,0.0
2.1104814479995184,6,5673.28,-92.2,-2.6,-121.3,0.82,-5.45,-0.08,0.01,-0.89,0.02,-260.5,-141.1,371.0,2.57,3.3,-0.17,0.0,0.8902808545621994,5.511923439236071,0.08554787756958626,0.5,0,0,0.0
2.1219332299997404,7,5673.29,-92.1,-2.6,-121.8,0.2,-4.94,-0.46,0.05,-0.9,0.02,-261.6,-99.3,417.0,2.59,2.11,-0.16,0.0,0.90160967164289,4.9654002859789665,0.07273467927911781,0.5,0,0,0.0
2.1304009469995435,8,5673.3,-92.1,-2.6,-122.3,-0.48,-4.5,-0.85,0.1,-0.93,0.02,-262.3,-56.1,411.0,2.61,1.09,-0.17,0.0,0.9355746896961248,4.604660682395609,0.037994268001365294,0.5,0,0,0.0
2.1420554329997685,9,5673.31,-92.1,-2.5,-122.7,-0.78,-4.12,-1.16,0.15,-0.93,0.01,-262.6,-13.2,400.0,2.61,-0.02,-0.09,0.0,0.9420721840708386,4.350678108065455,0.030866838154118503,0.5,0,0,0.0
2.150308753999525,10,5673.32,-92.2,-2.4,-123.1,-0.73,-3.69,-1.36,0.18,-0.92,0.01,-262.5,19.2,325.0,2.6,-0.86,-0.07,0.0,0.9374966666607407,3.9998249961717076,0.034733508452932105,0.5,0,0,0.0
2.1619329679997463,11,5673.33,-92.3,-2.2,-123.5,-0.47,-3.31,-1.47,0.2,-0.89,0.01,-262.1,45.6,282.0,2.59,-1.55,-0.08,0.0,0.9122499657440388,3.6521089797540274,0.05878060518224126,0.5,0,0,0.0
2.1705041449995406,12,5673.34,-92.3,-2.1,-123.8,-0.26,-2.96,-1.46,0.18,-0.83,0.02,-261.4,72.0,280.0,2.57,-2.31,-0.06,0.0,0.8495292814258965,3.310709893663291,0.11907126371037602,0.5,0,0,0.0
2.1818101219996606,13,5673.35,-92.3,-2.0,-124.1,-0.23,-2.76,-1.34,0.13,-0.79,0.01,-260.5,98.4,266.0,2.54,-2.99,-0.15,0.0,0.8006872048434396,3.076702780575335,0.16455507348697618,0.5,0,0,0.0
2.1903018089997204,14,5673.36,-92.3,-1.9,-124.3,-0.31,-2.57,-1.17,0.09,-0.77,0.0,-259.4,122.8,243.0,2.51,-3.61,-0.25,0.0,0.7752418977325722,2.8407569413802367,0.18620037298588665,0.5,0,0,0.0
2.2018096639994837,15,5673.37,-92.3,-1.7,-124.6,-0.46,-2.44,-1.02,0.05,-0.77,0.0,-258.0,146.4,236.0,2.47,-4.25,0.02,0.0,0.771621668954417,2.684324868565651,0.1860241897287611,0.5,0,0,0.0
2.214377074999902,16,5673.38,-92.4,-1.6,-124.8,-0.7,-2.36,-0.83,0.02,-0.79,-0.01,-256.4,168.4,222.0,2.42,-4.85,-0.07,0.0,0.7903163923391695,2.5977875201794314,0.16398287701712844,0.5,0,0,0.0
2.222375467999882,17,5673.39,-92.4,-1.5,-125.1,-0.72,-2.3,-0.69,0.01,-0.83,-0.02,-254.5,191.5,233.0,2.37,-5.5,-0.41,0.0,0.8303011501858828,2.5068905041904,0.12151815678700684,0.5,0,0,0.0
2.230561989999842,18,5673.4,-92.5,-1.4,-125.3,-0.58,-2.25,-0.57,0.01,-0.86,-0.03,-252.4,214.4,225.0,2.31,-6.08,-0.04,0.0,0.8605811989580064,2.3924464466315647,0.08941334585458549,0.5,0,0,0.0
2.2418341409993445,19,5673.41,-92.5,-1.4,-125.5,-0.49,-2.21,-0.49,0.04,-0.89,-0.04,-250.1,236.9,229.0,2.24,-6.72,-0.02,0.0,0.8917959407846618,2.3160958529387337,0.05703463194737146,0.5,0,0,0.0
2.2503163189994666,20,5673.42,-92.6,-1.3,-125.8,-0.37,-2.14,-0.47,0.06,-0.9,-0.06,-247.6,262.0,254.0,2.17,-7.46,-0.23,0.0,0.9039911503991619,2.2220261024569448,0.043942633886214,0.5,0,0,0.0
2.261835092000183,21,5673.43,-92.6,-1.2,-126.0,-0.4,-2.0,-0.45,0.1,-0.9,-0.08,-244.8,289.1,262.0,2.09,-8.17,-0.04,0.0,0.9090654541890809,2.0886598574205424,0.03809096349436902,0.5,0,0,0.0
2.270454591000089,22,5673.44,-92.7,-1.2,-126.2,-0.57,-1.8,-0.45,0.12,-0.92,-0.1,-241.7,311.9,227.0,2.0,-8.73,-0.17,0.0,0.9331666517830564,1.9409791343546174,0.013709970582385655,0.5,0,0,0.0
2.2815735479998693,23,5673.45,-92.7,-1.1,-126.3,-0.65,-1.6,-0.43,0.14,-0.92,-0.11,-238.4,337.3,272.0,1.91,-9.56,-0.2,0.0,0.9370699013414101,1.779719078956002,0.009610586603551297,0.5,0,0,0.0
2.290393942999799,24,5673.46,-92.8,-1.1,-126.5,-0.67,-1.38,-0.39,0.14,-0.94,-0.13,-234.9,367.8,275.0,1.81,-10.29,-0.07,0.0,0.959218431849597,1.5828455388950622,0.012287185026542913,0.5,0,0,0.0
2.3020681339994553,25,5673.47,-92.8,-1.1,-126.6,-0.52,-1.14,-0.36,0.15,-0.94,-0.14,-231.0,390.5,235.0,1.7,-10.88,-0.13,0.0,0.9621330469326993,1.303687079018581,0.01489776410745236,0.5,0,0,0.0
2.310142063999592,26,5673.48,-92.9,-1.1,-126.7,-0.5,-0.98,-0.17,0.15,-0.91,-0.15,-227.0,414.2,252.0,1.59,-11.6,0.0,0.0,0.9343982020530648,1.1132385189167682,0.012580339156738507,0.5,0,0,0.0
2.321710548999363,27,5673.49,-92.9,-1.0,-126.8,-0.39,-0.78,-0.14,0.13,-0.93,-0.18,-222.6,441.3,269.0,1.47,-12.36,0.0,0.0,0.9561380653441218,0.8832326986700617,0.008976333651632196,0.5,0,0,0.0
2.3303661079999074,28,5673.5,-93.0,-1.0,-126.9,-0.16,-0.57,-0.1,0.12,-0.92,-0.19,-218.0,473.2,295.0,1.34,-13.19,0.02,0.0,0.9470480452437459,0.600416522091123,0.00011141271976888856,0.5,0,0,0.0
2.341753142000016,29,5673.51,-93.0,-1.0,-126.9,-0.06,-0.4,0.03,0.11,-0.9,-0.2,-213.1,493.1,212.0,1.2,-13.64,-0.13,0.0,0.9284934033152847,0.405585995813465,0.018292733555265395,0.5,0,0,0.0
2.3502593129996967,30,5673.52,-93.0,-1.1,-126.9,-0.01,-0.24,0.16,0.1,-0.9,-0.22,-208.0,516.9,234.0,1.06,-14.31,-0.08,0.0,0.9318798205777395,0.28861739379323625,0.014608189966954344,0.5,0,0,0.0
2.361910028999773,31,5673.53,-93.0,-1.1,-127.0,0.0,-0.07,0.32,0.09,-0.89,-0.24,-202.7,533.4,206.0,0.92,-14.83,-0.04,0.0,0.9261749294814668,0.327566787083184,0.019906819441962487,0.5,0,0,0.0
2.3703193069995905,32,5673.54,-93.0,-1.1,-127.0,0.03,0.16,0.51,0.08,-0.9,-0.25,-197.2,562.6,237.0,0.76,-15.51,-0.07,0.0,0.9374966666607407,0.5353503525729669,0.008413380617434796,0.5,0,0,0.0
2.381968790999963,33,5673.55,-93.0,-1.2,-126.9,0.14,0.41,0.68,0.07,-0.91,-0.25,-191.4,578.4,189.0,0.6,-15.96,-0.02,0.0,0.9463086177352503,0.8062877898120497,0.00039059904793325995,0.5,0,0,0.0
2.3902963659993475,34,5673.56,-92.9,-1.3,-126.9,0.31,0.64,0.81,0.09,-0.9,-0.26,-185.5,599.0,220.0,0.44,-16.63,0.05,0.0,0.9411163583744574,1.0778682665335315,0.004705627106602495,0.5,0,0,0.0
2.4017064479994588,35,5673.57,-92.9,-1.3,-126.8,0.32,0.92,0.9,0.09,-0.91,-0.24,-179.3,627.7,219.0,0.27,-17.21,-0.17,0.0,0.9454099639838793,1.3261975720080323,0.0004037810672369302,0.5,0,0,0.0
2.4102739680001832,36,5673.58,-92.9,-1.4,-126.7,0.33,1.15,1.09,0.13,-0.89,-0.24,-173.0,642.8,186.0,0.09,-17.67,-0.04,0.0,0.9309135298189624,1.6184869477385353,0.014602210927510795,0.5,0,0,0.0
2.4221225490000506,37,5673.59,-92.8,-1.5,-126.5,0.27,1.34,1.2,0.17,-0.87,-0.21,-166.5,634.4,-102.0,-0.07,-16.88,0.02,0.0,0.9109884741312593,1.8189282558693733,0.0338367212829096,0.5,0,0,0.0
2.4303772969997226,38,5673.6,-92.8,-1.7,-126.4,0.52,1.63,1.43,0.26,-0.82,-0.23,-160.5,591.9,-443.0,-0.23,-15.09,0.48,0.0,0.8904493247793498,2.229843043803756,0.053288353222122664,0.5,0,0,0.0
2.4417273629997,39,5673.61,-92.8,-1.8,-126.2,0.67,2.01,1.74,0.31,-0.81,-0.25,-155.2,498.3,-811.0,-0.36,-12.32,0.3,0.0,0.9026073343375846,2.7416418438592594,0.04030773679061017,0.5,0,0,0.0
2.4502743849998296,40,5673.62,-92.7,-2.0,-125.9,0.09,2.56,1.86,0.25,-0.86,-0.27,-150.9,401.0,-897.0,-0.46,-9.77,0.27,0.0,0.9354143466934853,3.165643694416666,0.007350709946015166,0.5,0,0,0.0
2.4619045529998402,41,5673.63,-92.8,-2.1,-125.7,-0.96,3.0,1.59,0.14,-0.94,-0.25,-147.5,314.0,-844.0,-0.54,-7.56,0.46,0.0,0.982700361249552,3.528413241104279,0.03913659851785045,0.5,0,0,0.0
2.470165273999555,42,5673.64,-92.9,-2.3,-125.3,-1.57,3.05,1.08,0.05,-0.98,-0.19,-144.9,234.9,-811.0,-0.61,-5.41,0.49,0.0,0.9994998749374608,3.596359270150856,0.0548173899616442,0.5,0,0,0.0
2.4817263340000864,43,5673.65,-93.1,-2.3,-125.1,-1.59,2.72,0.66,0.0,-0.99,-0.15,-143.1,154.6,-805.0,-0.64,-3.23,0.13,0.0,1.0012991560967182,3.219021590483668,0.05548433769848349,0.5,0,0,0.0
2.490349879999485,44,5673.66,-93.3,-2.4,-124.8,-1.26,2.13,0.42,-0.04,-0.99,-0.15,-142.1,78.2,-753.0,-0.66,-1.27,0.22,0.0,1.0020977996183806,2.5101593574910734,0.05515732159574305,0.5,0,0,0.0
2.5018137070001103,45,5673.67,-93.5,-2.4,-124.6,-0.96,1.6,0.41,-0.05,-0.98,-0.19,-141.7,13.1,-650.0,-0.66,0.3,0.13,0.0,0.9994998749374608,1.9104188022525324,0.05150820897652675,0.5,0,0,0.0
2.510515371999645,46,5673.68,-93.6,-2.4,-124.5,-0.65,1.12,0.48,-0.02,-0.96,-0.23,-141.9,-24.5,-388.0,-0.66,0.9,0.06,0.0,0.9873702446397703,1.381050324933889,0.038591007105259534,0.5,0,0,0.0
2.521772291000161,47,5673.69,-93.7,-2.5,-124.4,-0.31,0.82,0.61,0.03,-0.96,-0.29,-142.3,-45.4,-279.0,-0.64,1.51,0.22,0.0,1.0032945728947207,1.067988763985839,0.05342502865300569,0.5,0,0,0.0
2.5301697899994906,48,5673.7,-93.7,-2.5,-124.3,-0.18,0.81,0.66,0.05,-1.0,-0.33,-142.9,-70.9,-283.0,-0.62,2.31,0.09,0.0,1.054229576515476,1.0602358228243376,0.10227283162828593,0.5,0,0,0.0
2.541673445000015,49,5673.71,-93.7,-2.6,-124.2,-0.32,0.9,0.52,0.09,-1.07,-0.34,-143.9,-112.9,-422.0,-0.59,3.7,0.18,0.0,1.1263214461245066,1.087566089945802,0.17087740721257005,0.5,0,0,0.0
2.550374448000184,50,5673.72,-93.8,-2.6,-124.1,-0.85,1.35,0.27,0.07,-1.23,-0.37,-145.4,-160.0,-419.0,-0.55,4.81,0.16,0.0,1.2863514294313199,1.6179925834193432,0.3242892427089956,0.5,0,0,0.0
2.5617407359995923,51,5673.73,-94.0,-2.6,-124.0,-1.9,1.41,-0.49,-0.08,-1.42,-0.27,-147.2,-192.5,-335.0,-0.49,5.58,0.09,0.0,1.447653273404927,2.4162367433676692,0.4758792649489507,0.5,0,0,0.0
2.570385091999924,52,5673.74,-94.2,-2.5,-123.8,-2.2,1.35,-1.15,-0.09,-1.41,-0.2,-149.3,-221.5,-315.0,-0.43,6.4,0.08,0.0,1.426954799564443,2.8257742301889586,0.4460771752862973,0.5,0,0,0.0
2.5819008709995614,53,5673.75,-94.5,-2.4,-123.7,-1.89,1.04,-1.65,-0.02,-1.38,-0.17,-151.8,-253.6,-312.0,-0.36,7.24,0.13,0.0,1.3905754204644922,2.7159160517217757,0.40150384026261965,0.5,0,0,0.0
2.590289703000053,54,5673.76,-94.7,-2.2,-123.6,-1.82,0.88,-1.92,0.0,-1.28,-0.21,-154.5,-279.7,-250.0,-0.28,7.83,-0.01,0.0,1.2971121771072849,2.788045910669335,0.30187978496730405,0.5,0,0,0.0
2.601646494999841,55,5673.77,-94.9,-1.9,-123.6,-2.31,0.79,-2.07,-0.01,-1.2,-0.18,-157.4,-292.6,-133.0,-0.2,8.0,0.07,0.0,1.2134661099511597,3.2007967758044247,0.21386904345495528,0.5,0,0,0.0
2.610278623999875,56,5673.78,-95.2,-1.7,-123.5,-2.72,0.52,-2.25,-0.06,-1.18,-0.08,-160.3,-292.0,-9.0,-0.12,7.8,-0.08,0.0,1.184229707446997,3.568094729684177,0.1809399881317768,0.5,0,0,0.0
2.6218660360000285,57,5673.79,-95.5,-1.5,-123.5,-2.98,0.22,-2.25,-0.02,-1.16,-0.05,-163.2,-278.3,122.0,-0.05,7.27,-0.06,0.0,1.1612493272333895,3.7404946196993785,0.15480041575980596,0.5,0,0,0.0
2.630215686000156,58,5673.8,-95.8,-1.3,-123.5,-3.22,0.15,-2.34,0.04,-1.33,0.01,-165.8,-254.0,203.0,0.01,6.61,0.02,0.0,1.3306389442670015,3.9832775449370836,0.31770623213754967,0.5,0,0,0.0
2.641824999000164,59,5673.81,-96.1,-1.0,-123.5,-3.36,0.02,-2.82,0.06,-1.42,0.03,-168.2,-231.7,201.0,0.07,6.07,0.0,0.0,1.4215836239912163,4.386616007812856,0.40047789362452924,0.5,0,0,0.0
2.6503280480001195,60,5673.82,-96.4,-0.7,-123.5,-3.5,0.26,-2.92,0.08,-1.41,0.02,-170.4,-213.7,182.0,0.13,5.59,0.26,0.0,1.4124092891226678,4.565522971139232,0.3834774875808611,0.5,0,0,0.0
2.6618639899998016,61,5673.83,-96.7,-0.4,-123.5,-2.4,0.71,-2.46,0.13,-1.32,0.01,-172.4,-196.8,176.0,0.18,5.12,-0.16,0.0,1.3264237633576985,3.509373163401122,0.291542122579574,0.5,0,0,0.0
2.670321337999667,62,5673.84,-96.9,-0.2,-123.4,-0.71,1.49,-1.5,0.25,-1.18,-0.03,-174.2,-179.8,173.0,0.23,4.66,-0.14,0.0,1.206565373280702,2.230291460773681,0.1682500578525259,0.5,0,0,0.0
2.6978852719994393,64,5673.86,-96.8,0.0,-122.9,1.24,3.74,-0.1,0.3,-0.98,-0.05,-177.4,-150.6,133.0,0.31,3.95,-0.12,0.0,1.0261091559868276,3.941471806318041,0.011962036252521457,0.5,0,0,0.0
2.7063430929993046,65,5673.87,-96.7,0.0,-122.5,1.52,4.92,0.1,0.25,-0.9,-0.01,-178.9,-137.9,127.0,0.35,3.6,-0.04,0.0,0.9341306118525396,5.150417458808557,0.10186176877907327,0.5,0,0,0.0
2.714293311999427,66,5673.88,-96.5,0.0,-121.9,1.31,5.81,0.22,0.19,-0.87,0.07,-180.2,-125.6,125.0,0.38,3.25,0.03,0.0,0.8932524839036273,5.959916106792107,0.13988509879342592,0.5,0,0,0.0
2.722251258999677,67,5673.89,-96.4,0.0,-121.3,1.14,6.32,0.06,0.13,-0.92,0.12,-181.3,-112.2,134.0,0.41,2.88,0.09,0.0,0.9368564457802486,6.422273740662259,0.09435551417846844,0.5,0,0,0.0
2.730474691999916,68,5673.9,-96.3,0.1,-120.7,1.07,6.5,-0.29,0.04,-0.96,0.12,-182.3,-96.6,161.0,0.44,2.39,-0.07,0.0,0.9682974749528164,6.5938607810599095,0.06165619530578259,0.5,0,0,0.0
2.7417440700000952,69,5673.91,-96.2,0.2,-120.1,1.3,6.26,-0.71,-0.03,-0.97,0.17,-183.2,-76.8,187.0,0.46,1.84,-0.03,0.0,0.9852410872471773,6.432860949841835,0.043818331351193285,0.5,0,0,0.0
2.7504147129993726,70,5673.92,-96.0,0.4,-119.5,1.69,5.7,-1.09,-0.09,-0.94,0.18,-183.8,-57.2,192.0,0.47,1.31,-0.09,0.0,0.9613012014972206,6.044352736232391,0.06640305275912683,0.5,0,0,0.0
2.7617435349993684,71,5673.93,-95.8,0.6,-119.0,1.58,5.04,-1.25,-0.15,-0.9,0.14,-184.2,-37.9,180.0,0.48,0.85,-0.09,0.0,0.9230926280715278,5.427752757817917,0.10251939366112317,0.5,0,0,0.0
2.7703302069994606,72,5673.94,-95.7,0.7,-118.5,0.97,4.4,-1.21,-0.19,-0.87,0.09,-184.5,-25.5,132.0,0.49,0.57,-0.1,0.0,0.8950418984606252,4.66529741817175,0.12795872080658532,0.5,0,0,0.0
2.7818024379994313,73,5673.95,-95.6,0.9,-118.1,0.42,3.8,-0.89,-0.22,-0.86,0.06,-184.7,-17.6,87.0,0.5,0.41,0.01,0.0,0.889719056781409,3.925366224952775,0.13061593123608561,0.5,0,0,0.0
2.7901922800001557,74,5673.96,-95.6,1.0,-117.8,0.12,3.24,-0.52,-0.22,-0.88,0.04,-184.9,-14.5,32.0,0.5,0.41,0.0,0.0,0.9079647570252933,3.2836564984784875,0.11012282637235726,0.5,0,0,0.0
2.801785531999485,75,5673.97,-95.6,1.0,-117.5,0.11,2.7,-0.18,-0.19,-0.91,0.01,-185.0,-17.9,-31.0,0.5,0.6,-0.09,0.0,0.9296773633901172,2.708228203087768,0.08664201560738283,0.5,0,0,0.0
2.8104125039999417,76,5673.98,-95.6,1.1,-117.2,0.1,2.26,0.16,-0.16,-0.91,-0.02,-185.3,-30.0,-106.0,0.51,1.01,-0.17,0.0,0.9241753080449617,2.2678624296901253,0.09030118953348754,0.5,0,0,0.0
2.8216030859994135,77,5673.99,-95.5,1.0,-117.0,0.08,2.09,0.45,-0.15,-0.93,-0.05,-185.7,-46.4,-148.0,0.53,1.48,0.24,0.0,0.9433451118228153,2.139392437118538,0.06970875804052135,0.5,0,0,0.0
2.8304265489996396,78,5674.0,-95.5,1.0,-116.8,0.33,2.04,0.57,-0.12,-0.97,-0.05,-186.1,-59.5,-221.0,0.55,2.02,0.23,0.0,0.9786725703727472,2.1436884101939815,0.033693673500777566,0.5,0,0,0.0
2.841750607999529,79,5674.01,-95.5,1.0,-116.6,0.73,1.98,0.6,-0.09,-0.97,-0.04,-187.1,-85.9,-224.0,0.57,2.6,0.01,0.0,0.9749871794028884,2.1939234261933573,0.03663148318122378,0.5,0,0,0.0
2.8502803430001222,80,5674.02,-95.4,0.9,-116.4,1.09,1.84,0.63,-0.05,-0.94,-0.03,-188.1,-105.0,-191.0,0.6,3.06,0.0,0.0,0.9418067742376882,2.2294842452908252,0.06841565057949539,0.5,0,0,0.0
2.8618348760001027,81,5674.03,-95.2,0.8,-116.2,1.27,1.71,0.65,-0.02,-0.91,-0.04,-189.3,-120.3,-157.0,0.63,3.44,0.14,0.0,0.9110982383914481,2.2269934889891347,0.09714170269722078,0.5,0,0,0.0
2.870270471999902,82,5674.04,-95.0,0.8,-116.1,1.38,1.58,0.55,0.0,-0.91,-0.05,-190.6,-133.1,-127.0,0.67,3.73,-0.06,0.0,0.9113725912051558,2.1687092935661063,0.09493000288584286,0.5,0,0,0.0
2.881752043999768,83,5674.05,-94.9,0.7,-115.9,1.24,1.49,0.58,-0.01,-0.86,-0.06,-191.9,-139.8,-77.0,0.71,3.86,0.19,0.0,0.8621484790916237,2.0233882474700695,0.14127103269938746,0.5,0,0,0.0
2.890306684999814,84,5674.06,-94.8,0.6,-115.7,0.83,1.32,0.71,-0.02,-0.85,-0.05,-193.4,-142.5,-30.0,0.75,3.86,0.0,0.0,0.8517041739947033,1.7133009076049661,0.14868103104038166,0.5,0,0,0.0
2.90179490599985,85,5674.07,-94.7,0.5,-115.6,0.49,1.14,0.86,-0.04,-0.86,-0.05,-194.8,-140.2,10.0,0.78,3.76,0.0,0.0,0.8623804264940154,1.50973507609779,0.13524468297024828,0.5,0,0,0.0
2.9103684920000887,86,5674.08,-94.7,0.4,-115.5,0.36,0.96,0.95,-0.06,-0.9,-0.07,-196.1,-134.2,48.0,0.82,3.57,-0.04,0.0,0.9047098982546837,1.3977481890526633,0.09105690698538826,0.5,0,0,0.0
2.92157152999971,87,5674.09,-94.6,0.3,-115.4,0.5,0.8,1.05,-0.06,-0.91,-0.09,-197.4,-126.1,75.0,0.85,3.31,-0.08,0.0,0.9164060235506967,1.4115594213493106,0.07777356605558783,0.5,0,0,0.0
2.930416311999579,88,5674.1,-94.6,0.1,-115.3,0.68,0.72,1.08,-0.07,-0.93,-0.11,-198.6,-115.3,105.0,0.88,2.96,0.0,0.0,0.939095309327014,1.4653327267211362,0.05398259467368505,0.5,0,0,0.0
2.94168605699997,89,5674.11,-94.5,0.0,-115.3,0.74,0.63,1.09,-0.07,-0.92,-0.14,-199.7,-100.7,129.0,0.91,2.58,0.09,0.0,0.9332202312423366,1.4603424255975035,0.05866051930319527,0.5,0,0,0.0
2.950314136000088,90,5674.12,-94.4,0.0,-115.2,0.78,0.62,1.1,-0.06,-0.93,-0.16,-200.6,-88.8,125.0,0.94,2.25,0.0,0.0,0.9455686120002081,1.4841832770921521,0.045385895774417206,0.5,0,0,0.0
2.9618092849996174,91,5674.13,-94.3,-0.1,-115.1,1.03,0.58,1.01,-0.06,-0.93,-0.18,-201.4,-75.4,129.0,0.96,1.89,-0.03,0.0,0.9491575211733826,1.5547990223819925,0.040961046869217865,0.5,0,0,0.0
2.9702502330001153,92,5674.14,-94.2,-0.2,-115.0,1.34,0.55,0.84,-0.07,-0.92,-0.2,-202.1,-62.7,125.0,0.97,1.56,0.13,0.0,0.9440868604106298,1.6744252745345194,0.04511107347933119,0.5,0,0,0.0
2.981759346999752,93,5674.15,-94.1,-0.3,-115.0,1.69,0.46,0.57,-0.08,-0.91,-0.19,-202.6,-53.8,82.0,0.99,1.41,-0.01,0.0,0.9330594836343501,1.8419011917038328,0.055015681250498716,0.5,0,0,0.0
2.990203561999806,94,5674.16,-93.9,-0.3,-114.9,2.2,0.32,0.15,-0.1,-0.89,-0.18,-203.1,-48.1,62.0,1.0,1.25,0.01,0.0,0.9135097153287425,2.2282055560472873,0.07307414056498418,0.5,0,0,0.0
3.00186569699963,95,5674.17,-93.6,-0.3,-114.9,2.53,0.04,-0.29,-0.14,-0.82,-0.17,-203.6,-44.3,43.0,1.01,1.15,-0.25,0.0,0.8490583018850942,2.5468804447794557,0.13477504292845977,0.5,0,0,0.0
3.0104020019998643,96,5674.18,-93.4,-0.2,-115.0,2.18,-0.41,-0.52,-0.16,-0.75,-0.16,-204.0,-42.1,23.0,1.02,1.13,0.01,0.0,0.7833900688673554,2.278354669492878,0.1964344104272746,0.5,0,0,0.0
3.021455703999891,97,5674.19,-93.2,-0.2,-115.0,1.25,-0.86,-0.57,-0.16,-0.72,-0.15,-204.4,-44.8,-22.0,1.03,1.27,0.01,0.0,0.7526619427073484,1.6208022704821214,0.22261928585553592,0.5,0,0,0.0
3.030225579999751,98,5674.2,-93.2,-0.1,-115.1,0.23,-1.25,-0.6,-0.14,-0.73,-0.16,-204.9,-49.7,-40.0,1.05,1.41,0.28,0.0,0.7603288762108144,1.4054892386638895,0.21065330530502857,0.5,0,0,0.0
3.0417365550001705,99,5674.21,-93.2,-0.1,-115.3,-0.65,-1.51,-0.62,-0.12,-0.78,-0.16,-205.5,-58.7,-87.0,1.07,1.74,-0.16,0.0,0.8052328855678959,1.7569860557215586,0.16243431002898812,0.5,0,0,0.0
3.0503033260001757,100,5674.22,-93.3,0.0,-115.4,-1.04,-1.67,-0.66,-0.08,-0.85,-0.16,-206.1,-70.8,-106.0,1.08,2.05,0.13,0.0,0.8686195945291586,2.0751144546747295,0.09706664904637086,0.5,0,0,0.0
3.0617353439993167,101,5674.23,-93.4,0.0,-115.6,-1.17,-1.78,-0.69,-0.04,-0.89,-0.17,-206.9,-84.6,-140.0,1.11,2.51,0.02,0.0,0.9069729874698585,2.2390623037334176,0.057538990983557525,0.5,0,0,0.0
3.070419493999907,102,5674.24,-93.5,0.0,-115.8,-1.3,-1.82,-0.65,-0.01,-0.92,-0.19,-207.9,-102.0,-166.0,1.14,3.0,0.01,0.0,0.9394679345246436,2.3291414727319593,0.024543163050196992,0.5,0,0,0.0
3.0817443129999447,103,5674.25,-93.7,0.0,-116.0,-1.37,-1.68,-0.5,0.0,-0.96,-0.2,-209.1,-120.4,-166.0,1.17,3.45,0.0,0.0,0.980612053770501,2.2247022272654826,0.016268937071747147,0.5,0,0,0.0
3.094369308999376,104,5674.26,-93.9,0.1,-116.1,-1.37,-1.52,-0.28,0.01,-1.01,-0.2,-210.4,-135.8,-159.0,1.21,3.88,-0.07,0.0,1.0296601381038308,2.065357111978459,0.06401068097697549,0.5,0,0,0.0
3.1023430199993527,105,5674.27,-94.0,0.1,-116.3,-0.99,-1.39,-0.08,0.02,-1.07,-0.23,-211.8,-150.5,-146.0,1.25,4.24,0.07,0.0,1.0946232228488486,1.7083910559353792,0.12639429040755334,0.5,0,0,0.0
3.110282155999812,106,5674.28,-94.1,0.1,-116.4,-0.28,-1.35,0.16,0.03,-1.08,-0.26,-213.2,-160.7,-117.0,1.29,4.52,0.08,0.0,1.1112605455067683,1.3879841497654073,0.14017098080416357,0.5,0,0,0.0
3.121626483,107,5674.29,-94.1,0.0,-116.6,0.03,-1.31,0.49,0.04,-1.1,-0.28,-214.9,-169.0,-89.0,1.34,4.71,0.22,0.0,1.1357816691600549,1.3989639023220006,0.16139826236830113,0.5,0,0,0.0
3.1302349689995026,108,5674.3,-94.1,0.0,-116.7,0.2,-1.23,0.67,0.04,-1.17,-0.26,-216.7,-175.7,-68.0,1.39,4.85,-0.02,0.0,1.1992080720208649,1.4148498153514386,0.22032817192452891,0.5,0,0,0.0
3.1417397089999213,109,5674.31,-94.1,0.0,-116.8,0.11,-1.23,0.76,0.01,-1.23,-0.18,-218.4,-180.9,-53.0,1.44,4.95,0.0,0.0,1.2431411826498227,1.4500344823486095,0.258976056902417,0.5,0,0,0.0
3.150449906999711,110,5674.32,-94.1,-0.1,-116.9,0.22,-1.32,0.82,0.01,-1.28,-0.16,-220.3,-183.1,-28.0,1.49,5.02,-0.31,0.0,1.29,1.569458505345076,0.29971817676754253,0.5,0,0,0.0
3.161647154000093,111,5674.33,-94.1,-0.2,-117.0,0.5,-1.15,1.01,0.04,-1.29,-0.19,-222.1,-187.0,-47.0,1.54,5.17,0.09,0.0,1.304530566909032,1.6101552720157146,0.3079637688030429,0.5,0,0,0.0
3.1703252639999846,112,5674.34,-94.1,-0.3,-117.1,0.48,-0.84,1.2,0.03,-1.3,-0.15,-224.0,-194.8,-78.0,1.59,5.45,0.1,0.0,1.3089690599857584,1.5414279094398153,0.306154216642174,0.5,0,0,0.0
3.1816490419996626,113,5674.35,-94.1,-0.4,-117.2,0.06,-0.74,1.43,0.02,-1.32,-0.05,-226.1,-206.7,-114.0,1.65,5.83,0.02,0.0,1.3210980281568814,1.611241757155021,0.3119175211170311,0.5,0,0,0.0
3.19013916699987,114,5674.36,-94.1,-0.6,-117.3,-0.76,-0.56,1.84,0.08,-1.37,0.0,-228.2,-222.0,-147.0,1.71,6.3,-0.01,0.0,1.3723337786413334,2.06804255275369,0.35589020616945355,0.5,0,0,0.0
3.2020501339993643,115,5674.37,-94.2,-0.8,-117.3,-0.83,-0.16,2.22,0.13,-1.48,0.06,-230.6,-241.2,-186.0,1.78,6.89,0.04,0.0,1.4869095466772686,2.3754788990854037,0.4610566547212809,0.5,0,0,0.0
3.214428248999866,116,5674.38,-94.2,-1.0,-117.2,0.05,0.26,2.57,0.13,-1.48,0.09,-233.2,-265.8,-233.0,1.85,7.61,0.07,0.0,1.4884219831754704,2.5836021365527624,0.4533177093950931,0.5,0,0,0.0
3.22215023499939,117,5674.39,-94.1,-1.3,-117.2,1.54,0.4,2.7,0.1,-1.41,0.18,-236.0,-289.4,-216.0,1.93,8.14,0.09,0.0,1.424956139675885,3.1339432030590473,0.38205482857759754,0.5,0,0,0.0
3.2302297629994428,118,5674.4,-93.9,-1.5,-117.1,2.41,0.02,2.33,0.0,-1.21,0.23,-239.0,-305.5,-173.0,2.02,8.55,0.25,0.0,1.231665539016173,3.352223142930673,0.18498894335952798,0.5,0,0,0.0
3.241738474000158,119,5674.41,-93.7,-1.7,-117.2,1.72,-0.83,1.84,-0.14,-0.99,0.28,-242.2,-324.4,-208.0,2.11,9.17,0.18,0.0,1.038315944209661,2.6519615381826336,0.00819343841804443,0.5,0,0,0.0
3.250261238999883,120,5674.42,-93.6,-1.9,-117.3,0.23,-1.86,1.31,-0.29,-0.87,0.29,-245.6,-347.5,-204.0,2.2,9.68,-0.01,0.0,0.9618211892030659,2.286613216090557,0.08299442955614666,0.5,0,0,0.0
3.2617290640000647,121,5674.43,-93.6,-2.0,-117.5,-0.82,-2.99,0.97,-0.37,-0.85,0.32,-249.2,-360.1,-132.0,2.3,9.92,0.2,0.0,0.9807140255956371,3.248599698331575,0.06281956130030386,0.5,0,0,0.0
3.2703296529998624,122,5674.44,-93.7,-2.1,-117.9,-1.09,-4.03,0.84,-0.36,-0.9,0.28,-252.8,-370.2,-112.0,2.4,10.16,0.15,0.0,1.0089598604503551,4.2584739050509635,0.033882251916674155,0.5,0,0,0.0
3.281589917999554,123,5674.45,-93.8,-2.2,-118.3,-0.68,-4.66,0.82,-0.32,-0.94,0.24,-256.6,-370.4,18.0,2.5,9.85,-0.11,0.0,1.0215674231297707,4.78020920044301,0.020849195452513403,0.5,0,0,0.0
3.2903147990000434,124,5674.46,-93.8,-2.4,-118.8,-0.22,-5.28,0.91,-0.22,-0.94,0.21,-260.1,-351.9,153.0,2.6,9.21,-0.14,0.0,0.9879777325425912,5.362359555270422,0.05335010831889886,0.5,0,0,0.0
3.3017338619993097,125,5674.47,-93.8,-2.5,-119.4,0.14,-5.76,0.92,-0.1,-0.94,0.15,-263.5,-325.7,240.0,2.68,8.39,0.0,0.0,0.9571311299921239,5.834689366195941,0.08251277665197887,0.5,0,0,0.0
3.3103356479996364,126,5674.48,-93.7,-2.6,-120.0,0.48,-5.81,0.9,-0.03,-0.94,0.08,-266.5,-292.2,326.0,2.76,7.35,-0.25,0.0,0.9438749917229505,5.898855821258899,0.0938535366227291,0.5,0,0,0.0
3.32163133999984,127,5674.49,-93.7,-2.7,-120.5,0.27,-5.49,0.8,0.01,-0.98,0.04,-269.2,-250.6,396.0,2.82,6.14,-0.1,0.0,0.9808669634563089,5.5545476863557495,0.055724333591583464,0.5,0,0,0.0
3.3303177079997113,128,5674.5,-93.6,-2.9,-121.0,-0.05,-5.03,0.57,0.07,-1.04,0.04,-271.4,-205.6,440.0,2.88,4.88,-0.13,0.0,1.0431203190428227,5.062440123102692,0.006398441555031775,0.5,0,0,0.0
3.341624648999641,129,5674.51,-93.6,-2.9,-121.5,-0.04,-4.54,0.28,0.12,-1.07,0.04,-273.1,-157.7,469.0,2.92,3.56,-0.04,0.0,1.0774506949276148,4.54880204009803,0.03991424109102737,0.5,0,0,0.0
3.3501741019999827,130,5674.52,-93.6,-3.0,-121.9,0.05,-4.07,-0.02,0.16,-1.06,0.02,-274.3,-110.5,469.0,2.94,2.29,-0.35,0.0,1.072194012294417,4.070356249764878,0.03396440728867289,0.5,0,0,0.0
3.361765461999312,131,5674.53,-93.6,-3.0,-122.3,0.14,-3.53,-0.31,0.18,-1.01,-0.01,-275.1,-63.1,472.0,2.96,1.02,-0.18,0.0,1.0259629622944486,3.546350236510771,0.012021309857069395,0.5,0,0,0.0
3.37031352699978,132,5674.54,-93.5,-2.9,-122.6,0.0,-3.03,-0.54,0.16,-0.93,0.0,-275.4,-17.7,458.0,2.96,-0.19,-0.21,0.0,0.9436630754670864,3.0777426793024785,0.09243477275074297,0.5,0,0,0.0
3.381764256999304,133,5674.55,-93.5,-2.9,-122.9,-0.27,-2.66,-0.64,0.13,-0.86,0.0,-275.3,22.4,378.0,2.95,-1.05,0.09,0.0,0.8697700845625814,2.7491998836025,0.16300120838214294,0.5,0,0,0.0
3.390313285999582,134,5674.56,-93.6,-2.8,-123.2,-0.54,-2.34,-0.64,0.1,-0.82,0.0,-274.9,52.1,317.0,2.94,-1.81,-0.07,0.0,0.8260750571225353,2.4853168812044872,0.2025623111057453,0.5,0,0,0.0
3.4016337019993443,135,5674.57,-93.6,-2.8,-123.4,-0.69,-2.09,-0.58,0.06,-0.81,-0.01,-274.2,80.1,289.0,2.91,-2.57,0.16,0.0,0.8122807396460907,2.276093143964016,0.212029496010546,0.5,0,0,0.0
3.410297534000165,136,5674.58,-93.7,-2.7,-123.6,-0.85,-1.85,-0.5,0.03,-0.82,-0.03,-273.2,106.8,280.0,2.88,-3.31,-0.01,0.0,0.8210968274204936,2.096425529323663,0.19914914007142015,0.5,0,0,0.0
3.421613098999842,137,5674.59,-93.7,-2.6,-123.8,-1.05,-1.68,-0.5,0.03,-0.85,-0.04,-271.9,133.6,272.0,2.84,-4.04,0.0,0.0,0.85146931829632,2.043257203584512,0.16540111621168196,0.5,0,0,0.0
3.4302995239995653,138,5674.6,-93.9,-2.5,-124.0,-1.17,-1.51,-0.55,0.03,-0.88,-0.06,-270.4,160.0,259.0,2.8,-4.69,0.0,0.0,0.8825531145489205,1.987838021570168,0.13163097355989994,0.5,0,0,0.0
3.4416302820000055,139,5674.61,-94.0,-2.4,-124.1,-1.15,-1.35,-0.6,0.05,-0.89,-0.07,-268.6,183.7,247.0,2.75,-5.37,-0.09,0.0,0.8941476388158726,1.8721645226849055,0.11763572030708891,0.5,0,0,0.0
3.4502980639999805,140,5674.62,-94.1,-2.3,-124.2,-0.97,-1.15,-0.66,0.06,-0.9,-0.09,-266.6,208.2,245.0,2.69,-6.01,-0.09,0.0,0.9064766957842877,1.6428633540255257,0.10320053007190022,0.5,0,0,0.0
3.4616630149994307,141,5674.63,-94.2,-2.3,-124.3,-0.78,-0.98,-0.71,0.07,-0.9,-0.1,-264.4,232.2,242.0,2.62,-6.68,-0.19,0.0,0.9082400563727632,1.4397569239284802,0.09940842609375633,0.5,0,0,0.0
3.470175988999472,142,5674.64,-94.2,-2.2,-124.4,-0.63,-0.87,-0.81,0.08,-0.89,-0.1,-261.9,256.1,233.0,2.55,-7.3,-0.2,0.0,0.899166280506559,1.34532523948672,0.10631255792076133,0.5,0,0,0.0
3.4817537629996878,143,5674.65,-94.3,-2.1,-124.5,-0.65,-0.81,-0.9,0.09,-0.88,-0.11,-259.2,279.4,235.0,2.47,-7.97,-0.09,0.0,0.891403387922662,1.3742634390829147,0.11179394149456512,0.5,0,0,0.0
3.4902614989996437,144,5674.66,-94.4,-2.0,-124.6,-0.74,-0.73,-0.95,0.11,-0.88,-0.12,-256.2,304.4,249.0,2.39,-8.63,-0.07,0.0,0.8949301648732151,1.4081903280451828,0.10610182125313194,0.5,0,0,0.0
3.501748662999489,145,5674.67,-94.4,-2.0,-124.7,-0.79,-0.65,-0.91,0.13,-0.87,-0.14,-253.0,327.5,227.0,2.3,-9.22,-0.22,0.0,0.890730037665734,1.3691968448692833,0.1080959094914008,0.5,0,0,0.0
3.5103240769994954,146,5674.68,-94.5,-1.9,-124.8,-0.7,-0.51,-0.8,0.14,-0.89,-0.15,-249.6,348.6,219.0,2.2,-9.82,-0.22,0.0,0.9133454987024351,1.1790250209389113,0.08377083948560571,0.5,0,0,0.0
3.5218691209993267,147,5674.69,-94.6,-1.8,-124.8,-0.57,-0.32,-0.56,0.15,-0.88,-0.17,-245.9,375.1,260.0,2.1,-10.61,-0.16,0.0,0.9087353850269065,0.8607554821202128,0.08661333409791161,0.5,0,0,0.0
3.5303633519997675,148,5674.7,-94.6,-1.8,-124.8,-0.3,-0.14,-0.28,0.16,-0.89,-0.19,-242.0,398.6,220.0,1.99,-11.13,-0.21,0.0,0.9240129869217207,0.433589667773576,0.06990901755903545,0.5,0,0,0.0
3.5416839829995297,149,5674.71,-94.6,-1.8,-124.8,-0.04,-0.02,0.02,0.15,-0.89,-0.18,-237.8,424.3,290.0,1.87,-12.09,-0.03,0.0,0.9203260291874831,0.048989794855663564,0.07212405578740766,0.5,0,0,0.0
3.550331611999354,150,5674.72,-94.6,-1.8,-124.8,0.15,0.1,0.26,0.13,-0.92,-0.21,-233.4,455.7,267.0,1.75,-12.73,-0.08,0.0,0.9525754563287887,0.3163858403911275,0.039077136073179974,0.5,0,0,0.0
3.561630479000087,151,5674.73,-94.6,-1.8,-124.8,0.55,0.21,0.39,0.11,-0.92,-0.21,-228.6,479.0,255.0,1.61,-13.38,-0.04,0.0,0.9500526301210896,0.7061869440877536,0.04076796303526142,0.5,0,0,0.0
3.5704448509995927,152,5674.74,-94.5,-1.9,-124.8,0.83,0.33,0.67,0.1,-0.88,-0.21,-223.7,505.5,263.0,1.47,-14.16,-0.18,0.0,0.9102197536858888,1.1165572085656874,0.078988822681053,0.5,0,0,0.0
3.5817528119996496,153,5674.75,-94.4,-1.9,-124.7,0.96,0.5,0.94,0.08,-0.88,-0.22,-218.4,537.9,314.0,1.33,-15.06,-0.09,0.0,0.9106041950265769,1.4335968749965942,0.07703229371355769,0.5,0,0,0.0
3.590236791999814,154,5674.76,-94.3,-2.0,-124.7,1.04,0.71,1.14,0.06,-0.87,-0.22,-212.8,560.3,227.0,1.17,-15.57,-0.04,0.0,0.899388681271896,1.698617084572035,0.08648285131887379,0.5,0,0,0.0
3.601830629999313,155,5674.77,-94.2,-2.2,-124.6,0.98,0.94,1.34,0.05,-0.86,-0.23,-207.1,583.9,211.0,1.01,-16.04,-0.13,0.0,0.8916277250063503,1.9077735714701576,0.092358931432731,0.5,0,0,0.0
3.6103493290002007,156,5674.78,-94.1,-2.3,-124.4,0.76,1.17,1.36,0.05,-0.87,-0.23,-201.1,601.4,253.0,0.85,-16.89,0.0,0.0,0.9012768719988326,1.948358283273382,0.08105558875144381,0.5,0,0,0.0
3.6215905369999746,157,5674.79,-94.1,-2.4,-124.3,0.51,1.33,1.41,0.07,-0.86,-0.23,-194.9,629.3,220.0,0.68,-17.37,0.04,0.0,0.892972563968233,2.0042704408337713,0.08757269884640251,0.5,0,0,0.0
3.630097156999909,158,5674.8,-94.1,-2.5,-124.2,0.19,1.45,1.4,0.08,-0.89,-0.23,-188.5,650.1,235.0,0.5,-18.08,0.05,0.0,0.9227133899537818,2.0244999382563584,0.056675235403636615,0.5,0,0,0.0
3.6417274149998775,159,5674.81,-94.1,-2.7,-124.0,-0.12,1.54,1.29,0.11,-0.93,-0.22,-181.7,684.0,336.0,0.31,-19.08,-0.48,0.0,0.9619771307052991,2.012486024796197,0.017063264759076935,0.5,0,0,0.0
3.6504772509997565,160,5674.82,-94.1,-2.8,-123.8,-0.17,1.66,1.16,0.12,-0.93,-0.23,-174.7,709.6,264.0,0.11,-19.69,0.04,0.0,0.9655050491841045,2.0322647465327934,0.013264639354666152,0.5,0,0,0.0
3.6617355889993632,161,5674.83,-94.1,-2.9,-123.6,-0.31,1.8,1.08,0.1,-0.93,-0.22,-167.5,727.3,149.0,-0.07,-19.96,-0.06,0.0,0.9608850087289322,2.1219095173922944,0.017526986213641682,0.5,0,0,0.0
3.6703915959997175,162,5674.84,-94.2,-3.0,-123.5,-0.36,1.91,1.07,0.1,-0.9,-0.23,-160.1,741.6,104.0,-0.28,-20.01,-0.06,0.0,0.9342911751697112,2.218693309134906,0.04323840337740548,0.5,0,0,0.0
3.681675783999708,163,5674.85,-94.2,-3.1,-123.2,-0.36,2.02,1.08,0.09,-0.88,-0.22,-152.8,719.3,-232.0,-0.47,-18.55,0.9,0.0,0.9115371632577577,2.3187065359807826,0.06467256698357182,0.5,0,0,0.0
3.6902909390000787,164,5674.86,-94.2,-3.2,-123.0,0.17,1.9,1.15,0.17,-0.82,-0.17,-146.2,616.7,-1018.0,-0.63,-14.14,0.42,0.0,0.8545174076635302,2.227420032234603,0.1192584761262433,0.5,0,0,0.0
3.701660630999868,165,5674.87,-94.2,-3.3,-122.8,1.16,2.16,1.56,0.25,-0.81,-0.21,-141.4,419.4,-1768.0,-0.72,-8.2,0.68,0.0,0.8733269719870103,2.9059938059121877,0.098439933566708,0.5,0,0,0.0
3.7102517929997703,166,5674.88,-94.1,-3.4,-122.6,0.11,2.43,1.25,-0.01,-1.11,-0.24,-138.6,223.8,-1739.0,-0.77,-3.75,0.53,0.0,1.1356936206565573,2.734867455654844,0.16064818080078225,0.5,0,0,0.0
3.7214369650000663,167,5674.89,-94.2,-3.5,-122.3,-1.7,2.53,0.18,-0.24,-1.19,-0.21,-137.4,80.4,-1454.0,-0.79,-0.33,0.54,0.0,1.231990259701756,3.0534079321309164,0.2518059234490613,0.5,0,0,0.0
3.730345635000049,168,5674.9,-94.4,-3.4,-122.1,-1.58,1.93,-0.4,-0.26,-1.08,-0.13,-137.3,-25.6,-1044.0,-0.78,1.6,0.15,0.0,1.118436408563312,2.5261235124197707,0.13548703086440494,0.5,0,0,0.0
3.7417521629995463,169,5674.91,-94.5,-3.4,-122.0,0.06,1.03,-0.24,-0.14,-0.95,-0.14,-138.0,-77.7,-651.0,-0.75,2.78,0.17,0.0,0.9704122835166504,1.059292216529509,0.012286352298611525,0.5,0,0,0.0
3.750244549999479,170,5674.92,-94.4,-3.4,-121.9,0.73,0.84,0.32,0.02,-0.89,-0.25,-139.1,-127.6,-582.0,-0.71,4.29,0.18,0.0,0.9246621004453465,1.1579723658188048,0.05687580466251718,0.5,0,0,0.0
3.7617693779993715,171,5674.93,-94.4,-3.4,-121.8,-0.08,0.99,0.64,0.07,-0.95,-0.33,-140.8,-180.6,-526.0,-0.66,5.62,0.25,0.0,1.0081170566953026,1.1815667564721004,0.026047568555690126,0.5,0,0,0.0
3.7704602109997722,172,5674.94,-94.5,-3.4,-121.7,-2.14,1.07,-0.01,-0.03,-1.22,-0.27,-142.9,-226.0,-470.0,-0.6,6.8,0.14,0.0,1.249879994239447,2.3926136336650763,0.26245429597783776,0.5,0,0,0.0
3.7815943479999987,173,5674.95,-94.8,-3.4,-121.6,-2.97,1.04,-0.83,-0.05,-1.33,-0.24,-145.4,-268.5,-426.0,-0.52,7.84,0.22,0.0,1.352405264704334,3.254443116725195,0.3576799751138704,0.5,0,0,0.0
3.790337430999898,174,5674.96,-95.2,-3.2,-121.5,-2.9,0.82,-1.54,-0.07,-1.41,-0.2,-148.4,-302.4,-351.0,-0.44,8.65,0.0,0.0,1.4258330898110056,3.384375865650859,0.4224856442161311,0.5,0,0,0.0
3.801496443999895,175,5674.97,-95.5,-3.1,-121.4,-2.42,0.57,-2.17,-0.09,-1.42,-0.18,-151.6,-328.8,-270.0,-0.35,9.21,-0.01,0.0,1.4341896666759248,3.300030302891172,0.4222253766594293,0.5,0,0,0.0
3.810262076000072,176,5674.98,-95.7,-2.8,-121.4,-2.19,0.2,-2.82,-0.13,-1.38,-0.17,-155.0,-344.4,-167.0,-0.25,9.47,0.01,0.0,1.3964956140282,3.5761012289922665,0.3768406975314704,0.5,0,0,0.0
3.821470298999884,177,5674.99,-96.0,-2.5,-121.5,-2.29,-0.12,-3.39,-0.16,-1.35,-0.14,-158.5,-349.4,-72.0,-0.16,9.51,-0.01,0.0,1.3666382110858748,4.092749686946418,0.34004362869736227,0.5,0,0,0.0
3.830312455999774,178,5675.0,-96.0,-2.5,-121.5,-2.29,-0.12,-3.39,-0.16,-1.35,-0.14,-160.7,-348.7,0.0,-0.06,9.27,-0.02,0.0,1.3666382110858748,4.092749686946418,0.33324275612341503,0.5,0,0,0.0
3.8416219719993023,179,5675.01,-96.4,-1.9,-121.7,-2.51,-1.12,-3.61,-0.09,-1.12,-0.04,-165.7,-330.4,137.0,0.02,8.74,-0.08,0.0,1.1243220179290274,4.537245860651591,0.08910803170723636,0.5,0,0,0.0
3.850219463999565,180,5675.02,-96.6,-1.6,-121.8,-2.26,-1.47,-3.2,0.04,-1.13,0.0,-168.8,-311.2,176.0,0.1,8.2,0.08,0.0,1.1307077429645558,4.184315953653596,0.09358388160790954,0.5,0,0,0.0
3.8618776909997905,181,5675.03,-96.8,-1.3,-122.0,-2.36,-1.39,-3.02,0.14,-1.21,-0.03,-171.8,-287.2,245.0,0.18,7.42,-0.16,0.0,1.2184416276539471,4.077020971248492,0.17769141097135477,0.5,0,0,0.0
3.870319663999908,182,5675.04,-97.1,-1.0,-122.2,-3.15,-0.96,-2.95,0.16,-1.28,0.01,-174.4,-253.9,312.0,0.24,6.46,-0.06,0.0,1.29,4.421153695586707,0.24426478765105952,0.5,0,0,0.0
3.8815775699995356,183,5675.05,-97.4,-0.7,-122.3,-3.18,-0.74,-2.78,0.21,-1.24,0.04,-176.7,-219.2,333.0,0.3,5.54,-0.18,0.0,1.258292493818508,4.288169772758536,0.2083061358401761,0.5,0,0,0.0
3.8903175790001114,184,5675.06,-97.7,-0.5,-122.4,-2.02,-0.05,-2.29,0.27,-1.17,-0.06,-178.7,-185.2,339.0,0.35,4.61,-0.12,0.0,1.2022478945708326,3.0540137524248316,0.1492163058606506,0.5,0,0,0.0
3.90168254999935,185,5675.07,-97.8,-0.3,-122.4,-0.66,0.89,-1.64,0.29,-1.07,-0.08,-180.3,-150.2,347.0,0.39,3.65,-0.16,0.0,1.1114854924829203,1.9792170169034016,0.05728482569728355,0.5,0,0,0.0
3.9102207509995424,186,5675.08,-97.8,-0.2,-122.2,0.17,1.97,-0.99,0.3,-0.98,-0.06,-181.6,-115.7,335.0,0.42,2.76,-1.43,0.0,1.0266450214168479,2.2113118278524175,0.02700453246141299,0.5,0,0,0.0
3.9218753079994713,187,5675.09,-97.8,0.0,-122.0,0.71,3.19,-0.58,0.26,-0.97,-0.04,-182.5,-84.8,321.0,0.44,1.9,0.04,0.0,1.0050373127401788,3.319126391085461,0.047639996315320454,0.5,0,0,0.0
3.930278955999711,188,5675.1,-97.7,0.0,-121.6,1.19,4.28,-0.5,0.22,-0.98,0.04,-183.2,-55.7,291.0,0.46,1.18,-0.26,0.0,1.005186549850325,4.470402666427265,0.046540944021070896,0.5,0,0,0.0
3.941633790999731,189,5675.11,-97.5,0.1,-121.1,1.58,4.92,-0.7,0.17,-1.01,0.08,-183.5,-29.5,265.0,0.46,0.51,-0.16,0.0,1.027326627709026,5.214671609986577,0.02391284883912248,0.5,0,0,0.0
3.950340350999795,190,5675.12,-97.4,0.2,-120.6,1.76,5.27,-1.05,0.09,-1.02,0.1,-183.7,-5.5,238.0,0.46,-0.09,-0.05,0.0,1.0288342918079665,5.654467260494131,0.021957081045378413,0.5,0,0,0.0
3.9617079279996688,191,5675.13,-97.2,0.4,-120.1,2.09,5.19,-1.39,0.01,-0.99,0.15,-183.6,7.8,117.0,0.46,-0.2,0.07,0.0,1.0013490899781154,5.765093234285114,0.04845343721772477,0.5,0,0,0.0
3.9703052240001853,192,5675.14,-96.9,0.6,-119.7,2.33,4.83,-1.6,-0.07,-0.96,0.16,-183.5,3.4,-9.0,0.46,0.01,0.0,0.0,0.9757561170702441,5.59623087443683,0.07256548192308421,0.5,0,0,0.0
3.981745504999708,193,5675.15,-96.7,0.9,-119.2,2.26,4.31,-1.62,-0.12,-0.93,0.15,-183.6,-2.2,-21.0,0.46,0.06,-0.08,0.0,0.9496315074806648,5.129142228482263,0.0967162896824102,0.5,0,0,0.0
3.9903717019997202,194,5675.16,-96.5,1.0,-118.8,1.74,3.79,-1.34,-0.16,-0.86,0.11,-183.6,-1.0,10.0,0.46,0.0,-0.07,0.0,0.8816461875378353,4.380331037718497,0.16140757743273493,0.5,0,0,0.0
4.0016628869998385,195,5675.17,-96.4,1.2,-118.5,1.09,3.34,-0.81,-0.16,-0.85,0.07,-183.6,-0.4,-10.0,0.46,0.06,0.08,0.0,0.8677557259966654,3.6055235403475043,0.17179207819442677,0.5,0,0,0.0
4.010260973999721,196,5675.18,-96.3,1.3,-118.2,0.74,2.88,-0.26,-0.11,-0.87,0.04,-183.6,-5.7,-41.0,0.46,0.22,-0.07,0.0,0.8778382538941898,2.9848953080468332,0.15847535929096424,0.5,0,0,0.0
4.021769238000161,197,5675.19,-96.2,1.3,-117.9,0.33,2.5,0.19,-0.05,-0.89,-0.01,-183.7,-13.1,-79.0,0.47,0.5,0.15,0.0,0.8914594774862176,2.5288337232803584,0.14195705298495775,0.5,0,0,0.0
4.030371998999726,198,5675.2,-96.2,1.3,-117.7,-0.08,2.33,0.55,-0.02,-0.92,-0.07,-184.0,-30.6,-162.0,0.48,1.09,0.05,0.0,0.9228759396581969,2.395370535011233,0.1083297789967188,0.5,0,0,0.0
4.041734770999938,199,5675.21,-96.2,1.2,-117.5,-0.27,2.32,0.84,-0.02,-0.95,-0.09,-184.4,-52.1,-212.0,0.49,1.73,-0.05,0.0,0.9544631999192006,2.48211603274303,0.07520766836100079,0.5,0,0,0.0
4.050367942999401,200,5675.22,-96.2,1.1,-117.2,-0.02,2.32,0.98,-0.03,-0.99,-0.1,-185.1,-78.5,-234.0,0.51,2.41,0.23,0.0,0.9954898291795853,2.518571023417843,0.03349741831860387,0.5,0,0,0.0
4.061615169000106,201,5675.23,-96.1,1.0,-117.0,0.5,2.28,0.99,-0.05,-0.99,-0.1,-186.1,-101.4,-232.0,0.54,3.04,0.06,0.0,0.9962931295557548,2.5354486782421763,0.03204023558358571,0.5,0,0,0.0
4.07038115099931,202,5675.24,-96.1,0.9,-116.7,0.87,2.17,0.99,-0.06,-0.95,-0.09,-187.2,-124.0,-221.0,0.58,3.61,-0.05,0.0,0.9561380653441217,2.538877704813684,0.07075139379931439,0.5,0,0,0.0
4.081526817999475,203,5675.25,-96.0,0.7,-116.5,1.04,2.02,1.0,-0.07,-0.93,-0.09,-188.6,-141.9,-186.0,0.62,4.07,-0.01,0.0,0.9369631796394137,2.4823376079816377,0.0881277539139419,0.5,0,0,0.0
4.089864476999537,204,5675.26,-95.8,0.6,-116.3,1.2,1.79,0.98,-0.08,-0.87,-0.09,-190.1,-155.5,-136.0,0.66,4.34,0.1,0.0,0.8782938005018593,2.367382520844487,0.1438611903904662,0.5,0,0,0.0
4.101427189999413,205,5675.27,-95.7,0.5,-116.2,0.87,1.49,1.17,-0.07,-0.83,-0.09,-191.7,-163.1,-84.0,0.7,4.49,0.08,0.0,0.8377947242612596,2.0846822299813463,0.18067306129844463,0.5,0,0,0.0
4.110372178999569,206,5675.28,-95.7,0.3,-116.0,0.39,1.16,1.42,-0.06,-0.83,-0.1,-193.4,-165.9,-37.0,0.75,4.51,0.0,0.0,0.8381527307120105,1.874593289223025,0.1767087537507399,0.5,0,0,0.0
4.121663550999983,207,5675.29,-95.7,0.1,-115.9,0.04,0.91,1.65,-0.05,-0.83,-0.12,-195.0,-166.1,-12.0,0.79,4.5,-0.15,0.0,0.8401190391843288,1.884728097100481,0.17124759637285314,0.5,0,0,0.0
4.130341633999706,208,5675.3,-95.7,0.0,-115.8,0.03,0.83,1.7,-0.04,-0.87,-0.15,-196.7,-163.9,21.0,0.84,4.39,-0.1,0.0,0.8837420438114281,1.8920359404620197,0.12507209991083879,0.5,0,0,0.0
4.141645544999847,209,5675.31,-95.8,-0.2,-115.7,0.26,0.74,1.64,-0.04,-0.9,-0.16,-198.3,-158.6,42.0,0.88,4.24,-0.23,0.0,0.9149863386958299,1.8179108889051738,0.09195124892590822,0.5,0,0,0.0
4.150369727999532,210,5675.32,-95.7,-0.4,-115.6,0.36,0.67,1.63,-0.06,-0.9,-0.18,-199.8,-152.2,66.0,0.92,4.02,-0.15,0.0,0.9197825830053535,1.7987217683677483,0.085411904524057,0.5,0,0,0.0
4.161773294999875,211,5675.33,-95.7,-0.5,-115.5,0.47,0.55,1.6,-0.07,-0.91,-0.18,-201.3,-141.9,101.0,0.96,3.7,-0.09,0.0,0.9302687783646187,1.7559612751994278,0.07342719498149586,0.5,0,0,0.0
4.170290070999727,212,5675.34,-95.6,-0.7,-115.5,0.73,0.4,1.45,-0.09,-0.93,-0.17,-202.6,-127.6,130.0,1.0,3.29,-0.07,0.0,0.9496841580230767,1.6719449751711328,0.05293157901657708,0.5,0,0,0.0
4.181848549999813,213,5675.35,-95.6,-0.8,-115.4,1.04,0.23,1.16,-0.12,-0.92,-0.19,-203.8,-111.4,155.0,1.02,2.83,-0.08,0.0,0.9470480452437459,1.574833324514058,0.05445633795998972,0.5,0,0,0.0
4.190204843999709,214,5675.36,-95.4,-0.9,-115.4,1.26,0.04,0.83,-0.15,-0.92,-0.2,-204.8,-96.2,151.0,1.05,2.42,0.03,0.0,0.9533624704172071,1.5093376030563872,0.04717907453079795,0.5,0,0,0.0
4.201516495999385,215,5675.37,-95.3,-0.9,-115.4,1.57,-0.11,0.38,-0.17,-0.9,-0.19,-205.7,-81.5,145.0,1.07,2.04,-0.06,0.0,0.9354143466934854,1.6190738093119783,0.06382465428942918,0.5,0,0,0.0
4.2103194589999475,216,5675.38,-95.1,-1.0,-115.4,2.1,-0.36,-0.05,-0.2,-0.85,-0.14,-206.4,-65.8,155.0,1.09,1.6,0.19,0.0,0.8843641783790205,2.1312203077110543,0.11257732615181626,0.5,0,0,0.0
4.221686644999863,217,5675.39,-94.9,-0.9,-115.5,2.44,-0.74,-0.34,-0.23,-0.76,-0.11,-206.9,-52.8,130.0,1.1,1.29,-0.08,0.0,0.8016233529532433,2.5723141332271218,0.19141178854604157,0.5,0,0,0.0
4.230376658999376,218,5675.4,-94.6,-0.9,-115.6,2.13,-1.11,-0.41,-0.23,-0.69,-0.09,-207.4,-42.7,97.0,1.11,1.07,0.13,0.0,0.73287106642301,2.4366165065516565,0.2549607935747493,0.5,0,0,0.0
4.24175887399997,219,5675.41,-94.5,-0.9,-115.7,1.36,-1.53,-0.43,-0.21,-0.66,-0.08,-207.8,-34.4,81.0,1.12,0.87,0.17,0.0,0.6972087205421343,2.0917456824384746,0.2848106766665125,0.5,0,0,0.0
4.250276545999441,220,5675.42,-94.4,-0.8,-115.9,0.11,-1.88,-0.41,-0.15,-0.67,-0.12,-208.1,-31.0,39.0,1.13,0.83,0.02,0.0,0.6969935437290651,1.9273297590189387,0.27932533640999013,0.5,0,0,0.0
4.261697582999659,221,5675.43,-94.4,-0.8,-116.1,-1.23,-2.08,-0.39,-0.06,-0.74,-0.17,-208.4,-34.5,-23.0,1.14,1.0,0.02,0.0,0.7616429609731846,2.4477336456403913,0.2103824007825532,0.5,0,0,0.0
4.270379560999572,222,5675.44,-94.6,-0.8,-116.3,-1.99,-1.93,-0.41,0.02,-0.85,-0.24,-208.8,-40.2,-57.0,1.15,1.2,0.07,0.0,0.8834591105421914,2.802338309340969,0.08679492618927553,0.5,0,0,0.0
4.281629743999474,223,5675.45,-94.8,-0.8,-116.5,-1.93,-1.49,-0.46,0.07,-0.95,-0.29,-209.2,-50.6,-99.0,1.17,1.54,0.04,0.0,0.9957409301620578,2.4812496851385193,0.024977155561978992,0.5,0,0,0.0
4.290362427999753,224,5675.46,-95.0,-0.7,-116.6,-1.43,-0.95,-0.38,0.08,-1.0,-0.29,-209.9,-66.4,-147.0,1.19,2.02,0.01,0.0,1.044270080008041,1.7583515006960353,0.07203617929980288,0.5,0,0,0.0
4.301704261999475,225,5675.47,-95.1,-0.7,-116.7,-0.61,-0.55,-0.13,0.09,-1.04,-0.24,-210.7,-85.9,-189.0,1.21,2.6,0.05,0.0,1.0711209082078457,0.8315647900193948,0.09690926734961547,0.5,0,0,0.0
4.3103023019994,226,5675.48,-95.1,-0.7,-116.7,0.4,-0.5,0.2,0.07,-1.04,-0.22,-211.7,-106.7,-199.0,1.24,3.15,0.2,0.0,1.0653168542738822,0.6708203932499369,0.08928310914733895,0.5,0,0,0.0
4.321658629999547,227,5675.49,-95.0,-0.8,-116.8,1.04,-0.49,0.52,0.07,-1.04,-0.26,-212.9,-127.2,-198.0,1.28,3.69,-0.06,0.0,1.074290463515338,1.2617844506887854,0.0962915840210189,0.5,0,0,0.0
4.330330533000051,228,5675.5,-94.9,-0.8,-116.8,0.97,-0.37,0.75,0.03,-1.08,-0.23,-214.3,-147.0,-192.0,1.32,4.21,-0.06,0.0,1.1046266337545914,1.2807419724519065,0.12409519917506673,0.5,0,0,0.0
4.341594880999764,229,5675.51,-94.8,-0.9,-116.8,0.51,-0.26,0.75,-0.01,-1.17,-0.13,-215.9,-165.2,-181.0,1.36,4.68,0.04,0.0,1.1772425408555365,0.9435041070392858,0.19277688415049166,0.5,0,0,0.0
4.3503240829995775,230,5675.52,-94.8,-1.0,-116.8,-0.03,-0.28,0.75,-0.04,-1.27,-0.08,-217.7,-182.9,-185.0,1.41,5.21,0.34,0.0,1.2731457104353767,0.8011242100947893,0.2829064526557252,0.5,0,0,0.0
4.36166426499949,231,5675.53,-94.8,-1.1,-116.9,-0.15,-0.34,0.85,-0.01,-1.29,-0.12,-219.6,-200.3,-166.0,1.47,5.63,0.14,0.0,1.2956079653969406,0.9276852914647294,0.2992613334649433,0.5,0,0,0.0
4.370243280000068,232,5675.54,-94.9,-1.2,-116.9,-0.37,-0.27,1.07,0.0,-1.32,-0.12,-221.7,-215.3,-164.0,1.53,6.06,0.05,0.0,1.3254433220624713,1.1639158045150861,0.3225147563278645,0.5,0,0,0.0
4.381567194000127,233,5675.55,-94.9,-1.3,-116.9,-0.49,-0.46,1.14,-0.05,-1.34,-0.06,-224.0,-235.8,-207.0,1.59,6.7,0.0,0.0,1.3422741895752894,1.3233669181296621,0.33255871136386905,0.5,0,0,0.0
4.390345394999713,234,5675.56,-94.9,-1.4,-117.0,-0.86,-0.45,1.28,-0.06,-1.35,-0.02,-226.5,-260.8,-231.0,1.66,7.37,0.0,0.0,1.351480669488099,1.60639347608237,0.33492988745114505,0.5,0,0,0.0
4.401696570999775,235,5675.57,-95.0,-1.6,-117.0,-1.34,-0.29,1.5,-0.02,-1.41,0.03,-229.3,-285.9,-252.0,1.74,8.09,0.0,0.0,1.4104609175726919,2.0321663317750347,0.38603193282502324,0.5,0,0,0.0
4.410166489999938,236,5675.58,-95.1,-1.7,-117.0,-1.44,0.05,1.77,0.04,-1.54,0.06,-232.4,-314.4,-288.0,1.83,8.94,0.22,0.0,1.5416873872481411,2.28232337761326,0.506913234450463,0.5,1,1,3.0
4.421553092000067,237,5675.59,-95.2,-1.9,-116.9,0.01,0.24,1.78,0.07,-1.58,0.1,-235.7,-345.4,-285.0,1.92,9.69,0.14,0.0,1.584708175027819,1.7961347388211164,0.538935341785538,0.5,0,1,3.0
4.430379282999638,238,5675.6,-95.1,-2.1,-116.9,1.65,0.09,1.49,0.02,-1.45,0.15,-239.2,-341.5,286.0,2.01,7.94,3.02,3.49,1.4578751661236293,2.2250168538687523,0.4038602862237215,0.5,0,1,3.0
4.441738615999384,239,5675.61,-94.9,-2.2,-116.9,2.19,-0.58,1.16,-0.04,-1.18,0.23,-241.8,-211.2,1011.0,2.07,4.12,2.95,3.49,1.20287156421623,2.5452111896658005,0.1458795506299957,0.5,0,1,3.0
4.450442049999765,240,5675.62,-94.7,-2.3,-117.0,1.4,-1.43,1.14,-0.09,-1.03,0.22,-243.1,-90.9,1055.0,2.09,1.25,3.25,3.49,1.057071426158138,2.3031500168247834,7.78243204655471e-05,0.5,0,1,3.0
4.461626743000124,241,5675.63,-94.6,-2.5,-117.2,0.99,-2.35,1.2,-0.14,-0.98,0.26,-243.4,-9.7,773.0,2.09,-0.34,3.25,3.49,1.0235233265539188,2.8182618756957276,0.03280086977807861,0.5,0,1,3.0
4.470265899999504,242,5675.64,-94.5,-2.6,-117.5,1.03,-3.2,1.25,-0.19,-1.04,0.26,-243.3,11.9,247.0,2.08,-0.12,3.44,3.49,1.0887148386974435,3.586558238757598,0.03174282951813723,0.5,0,1,3.0
4.481858669999383,243,5675.65,-94.3,-2.8,-117.8,1.36,-3.84,1.26,-0.26,-1.07,0.28,-243.2,0.3,52.0,2.08,0.0,3.6,3.49,1.136177802986839,4.264129453944849,0.07762167793138208,0.5,0,1,3.0
4.4904114569999365,244,5675.66,-94.2,-2.9,-118.2,1.86,-4.63,1.34,-0.29,-1.04,0.31,-243.2,1.1,25.0,2.08,-0.04,3.6,3.49,1.1232987136109434,5.166439779964536,0.06344773678437665,0.5,0,1,3.0
4.501487999999881,245,5675.67,-93.9,-3.1,-118.7,2.5,-5.49,1.44,-0.23,-0.97,0.26,-243.2,1.9,16.0,2.08,-0.08,3.45,3.49,1.0302426898551622,6.201910995814113,0.02901612123197639,0.5,0,1,3.0
4.510403082999801,246,5675.68,-93.6,-3.3,-119.3,2.91,-5.87,1.44,-0.13,-0.89,0.15,-243.1,9.4,111.0,2.08,-0.55,3.25,3.49,0.9118662182579197,6.7080995818487965,0.1444447409726345,0.5,0,1,3.0
4.521355805999519,247,5675.69,-93.3,-3.5,-119.9,2.33,-5.73,1.28,-0.09,-0.88,0.07,-242.8,44.3,334.0,2.07,-1.81,3.32,3.49,0.8873556220591606,6.316660510111336,0.16557623042796565,0.5,0,1,3.0
4.530286199999864,248,5675.7,-93.1,-3.6,-120.4,1.07,-5.33,0.85,-0.05,-0.95,0.03,-242.1,90.1,371.0,2.04,-2.86,3.2,3.49,0.9517877914745492,5.502390389639761,0.09912117979232549,0.5,0,1,3.0
4.541554125999937,249,5675.71,-92.9,-3.7,-120.9,0.35,-4.92,0.29,0.01,-1.0,0.02,-240.9,131.6,423.0,2.0,-4.12,3.23,3.49,1.0002499687578101,4.940951325402832,0.04964582245888316,0.5,0,1,3.0
4.550244821999513,250,5675.72,-92.9,-3.7,-121.4,-0.02,-4.61,-0.17,0.06,-1.02,0.01,-239.2,181.5,485.0,1.95,-5.59,3.5,3.49,1.0218121158021176,4.613176779617274,0.027522001906284066,0.5,0,1,3.0
4.561622231000001,251,5675.73,-92.9,-3.7,-121.9,0.07,-4.14,-0.5,0.12,-0.98,-0.03,-237.0,233.0,477.0,1.89,-6.87,3.6,3.49,0.9877752780870758,4.170671408778207,0.06032766282889945,0.5,0,1,3.0
4.57037012299952,252,5675.74,-92.8,-3.6,-122.2,0.37,-3.46,-0.67,0.16,-0.92,-0.04,-234.4,277.6,424.0,1.81,-7.95,3.54,3.49,0.9346657156438338,3.5436421941273926,0.11116848076669861,0.5,0,1,3.0
4.58150698099962,253,5675.75,-92.7,-3.6,-122.6,0.35,-3.01,-0.76,0.17,-0.87,-0.02,-231.4,310.1,339.0,1.72,-8.77,3.08,3.49,0.8866791979064356,3.1241318794186648,0.15597189853401494,0.5,0,1,3.0
4.59037349800019,254,5675.76,-92.7,-3.5,-122.8,0.05,-2.67,-0.89,0.16,-0.85,-0.02,-228.1,335.4,271.0,1.63,-9.38,3.87,3.49,0.8651589449343975,2.8148712226316857,0.17394230847593195,0.5,0,1,0.0
4.601571664999938,255,5675.77,-92.7,-3.4,-123.1,-0.32,-2.44,-0.98,0.11,-0.81,-0.02,-224.6,357.3,225.0,1.53,-9.94,3.43,3.49,0.8176796438703853,2.648848806557294,0.21699317734914536,0.5,0,1,0.0
4.6103250469996055,256,5675.78,-92.7,-3.3,-123.3,-0.58,-2.28,-0.99,0.07,-0.79,-0.03,-221.0,346.3,-332.0,1.44,-8.04,0.47,0.0,0.7936623967405789,2.5524302145210553,0.23619021598937273,0.5,0,1,0.0
4.621573331000036,257,5675.79,-92.8,-3.2,-123.6,-1.19,-2.08,-1.01,0.0,-0.85,-0.05,-218.4,224.9,-909.0,1.38,-4.76,0.17,0.0,0.85146931829632,2.6004999519323206,0.17481562854495913,0.5,0,1,0.0
4.6302358909997565,258,5675.8,-92.9,-3.1,-123.8,-1.7,-2.19,-1.23,-0.08,-0.88,-0.02,-216.8,130.9,-830.0,1.35,-2.7,0.26,0.0,0.8838551917593741,3.0329853280225407,0.13958115998026688,0.5,0,1,0.0
4.641574481000134,259,5675.81,-93.1,-3.0,-124.0,-1.66,-2.46,-1.34,-0.05,-0.85,-0.04,-215.9,73.5,-579.0,1.33,-1.55,0.34,0.0,0.8524083528450433,3.2561940974088137,0.1676074389167056,0.5,0,1,0.0
4.650336792999951,260,5675.82,-93.2,-2.9,-124.3,-1.23,-2.8,-1.29,0.0,-0.83,-0.05,-215.4,46.6,-314.0,1.32,-1.12,0.0,0.0,0.8315046602394961,3.319186647358054,0.18474090889180783,0.5,0,1,0.0
4.661598454999876,261,5675.83,-93.3,-2.7,-124.6,-0.99,-3.02,-1.07,0.06,-0.81,-0.09,-215.0,40.2,-109.0,1.31,-1.13,0.08,0.0,0.8171903083125742,3.35341616862566,0.1950741556023552,0.5,0,1,0.0
4.670161912999902,262,5675.84,-93.4,-2.7,-124.9,-0.94,-2.98,-0.77,0.11,-0.82,-0.13,-214.5,48.8,47.0,1.3,-1.51,-0.17,0.0,0.8374962686484041,3.2182137902880226,0.17127283136119476,0.5,0,1,0.0
4.681487166999432,263,5675.85,-93.5,-2.6,-125.2,-0.78,-2.82,-0.48,0.14,-0.85,-0.15,-213.9,66.4,144.0,1.28,-2.05,-0.1,0.0,0.8744140895479668,2.9649957841454007,0.13166791025239943,0.5,0,1,0.0
4.690398359999563,264,5675.86,-93.5,-2.6,-125.5,-0.43,-2.54,-0.23,0.16,-0.86,-0.16,-213.1,87.3,193.0,1.25,-2.65,-0.1,0.0,0.8892693630166283,2.586387441973843,0.11447638404806326,0.5,0,1,0.0
4.701467924999633,265,5675.87,-93.5,-2.6,-125.7,0.03,-2.19,-0.02,0.18,-0.87,-0.17,-212.2,109.5,234.0,1.22,-3.37,-0.2,0.0,0.9045440840556087,2.190296783543271,0.09721762974890114,0.5,0,1,0.0
4.7104071129997465,266,5675.88,-93.5,-2.6,-125.9,0.31,-1.78,0.14,0.19,-0.88,-0.17,-210.8,138.0,244.0,1.18,-4.04,-0.19,0.0,0.9161877536837086,1.8122085972646746,0.08386248091838522,0.5,0,1,0.0
4.721317741999883,267,5675.89,-93.5,-2.6,-126.1,0.25,-1.39,0.21,0.19,-0.89,-0.18,-209.2,162.3,241.0,1.14,-4.69,-0.03,0.0,0.9276852914647294,1.4278305221559033,0.07091764427461711,0.5,0,1,0.0
4.730318557999453,268,5675.9,-93.5,-2.7,-126.2,0.06,-0.91,0.16,0.17,-0.89,-0.2,-207.4,185.8,234.0,1.09,-5.32,-0.12,0.0,0.9279008567729637,0.9259049627256569,0.06928803738705513,0.5,0,1,0.0
4.74155959699965,269,5675.91,-93.4,-2.7,-126.2,-0.01,-0.51,0.16,0.15,-0.88,-0.2,-205.4,207.0,215.0,1.03,-5.88,-0.17,0.0,0.9148223871331528,0.5346026561849464,0.08071917688632879,0.5,0,1,0.0
4.750284439000097,270,5675.92,-93.4,-2.7,-126.3,0.04,-0.17,0.24,0.13,-0.86,-0.2,-203.2,228.4,215.0,0.97,-6.46,-0.2,0.0,0.892468486838611,0.2968164415931166,0.10101161563725314,0.5,0,1,0.0
4.761582428999645,271,5675.93,-93.4,-2.7,-126.3,0.27,0.15,0.3,0.13,-0.85,-0.21,-200.7,252.7,247.0,0.9,-7.2,-0.15,0.0,0.8851553535961921,0.43058100283221973,0.10615825390207856,0.5,0,1,0.0
4.770322564999333,272,5675.94,-93.4,-2.8,-126.2,0.41,0.39,0.6,0.13,-0.8,-0.19,-198.0,278.9,245.0,0.82,-7.86,0.0,0.0,0.8324662155306966,0.8247423840206104,0.15567044412822262,0.5,0,1,0.0
4.781435297999451,273,5675.95,-93.4,-2.9,-126.2,0.29,0.64,0.8,0.14,-0.83,-0.21,-195.1,300.7,222.0,0.74,-8.43,0.08,0.0,0.8675252157718529,1.0647534925981694,0.11819921500932495,0.5,0,1,0.0
4.790306232000148,274,5675.96,-93.3,-2.9,-126.1,0.28,0.94,0.83,0.12,-0.87,-0.23,-191.9,322.2,227.0,0.65,-9.07,-0.08,0.0,0.9078546139112804,1.2848735346328837,0.07631242053249954,0.5,0,1,0.0
4.80156618699948,275,5675.97,-93.3,-3.0,-126.0,0.29,1.25,1.02,0.1,-0.84,-0.24,-188.5,346.0,230.0,0.55,-9.68,-0.11,0.0,0.8793179174792243,1.639207125411551,0.10275213462526456,0.5,0,1,0.0
4.810342916999616,276,5675.98,-93.3,-3.1,-125.8,0.17,1.48,1.27,0.09,-0.85,-0.22,-184.9,370.7,255.0,0.45,-10.42,0.08,0.0,0.8826097665446491,1.9576005721290541,0.097471079848643,0.5,0,1,0.0
4.8214185189999625,277,5675.99,-93.3,-3.3,-125.7,0.08,1.62,1.46,0.08,-0.88,-0.2,-181.0,400.8,280.0,0.34,-11.23,0.01,0.0,0.90598013223249,2.182292372712694,0.07261869987758607,0.5,0,1,0.0
4.8302571149997675,278,5676.0,-93.3,-3.4,-125.5,0.0,1.7,1.58,0.06,-0.89,-0.2,-178.2,416.7,286.0,0.23,-11.74,-0.26,0.0,0.9141662868428261,2.3208619088605853,0.06314389436190493,0.5,0,1,0.0
4.841559180999866,279,5676.01,-93.3,-3.6,-125.3,-0.05,1.76,1.68,0.06,-0.89,-0.21,-172.5,447.2,289.0,0.1,-12.5,0.0,0.0,0.9164060235506967,2.4336187047275915,0.059686074500953645,0.5,0,1,0.0
4.850290388999383,280,5676.02,-93.3,-3.7,-125.1,-0.15,1.78,1.74,0.05,-0.89,-0.2,-168.0,466.3,193.0,-0.01,-12.85,-0.29,0.0,0.9135644476444998,2.4936920419330053,0.06127709739900744,0.5,0,1,0.0
4.861529819999305,281,5676.03,-93.4,-3.9,-124.9,-0.28,1.76,1.75,0.05,-0.91,-0.19,-163.1,485.7,217.0,-0.15,-13.49,0.06,0.0,0.9309672389509741,2.497698941025519,0.0429968199706825,0.5,0,1,0.0
4.870349306999742,282,5676.04,-93.4,-4.0,-124.7,-0.35,1.7,1.65,0.06,-0.93,-0.2,-158.2,496.1,81.0,-0.28,-13.46,0.04,0.0,0.9531526635329727,2.3947860029656094,0.020395167480910303,0.5,0,1,0.0
4.881400814999324,283,5676.05,-93.5,-4.2,-124.6,-0.52,1.59,1.44,0.05,-0.97,-0.2,-153.2,492.3,-22.0,-0.41,-13.2,-0.03,0.0,0.9916652661054535,2.207283398206945,0.017755086389739105,0.5,0,1,0.0
4.890402080000058,284,5676.06,-93.5,-4.3,-124.4,-0.57,1.36,1.11,0.06,-0.99,-0.2,-148.5,457.6,-372.0,-0.53,-11.68,0.35,0.0,1.0117806086301517,1.845697700058165,0.037113020336148606,0.5,0,1,0.0
4.90144253499966,285,5676.07,-93.6,-4.4,-124.3,0.07,1.2,1.07,0.17,-0.93,-0.23,-144.6,352.9,-984.0,-0.63,-7.83,0.56,0.0,0.9729850975220535,1.6092855557669061,0.0016488409565106332,0.5,0,1,0.0
4.910252493999906,286,5676.08,-93.6,-4.5,-124.2,0.15,1.16,1.08,0.08,-1.02,-0.24,-142.1,204.1,-1329.0,-0.68,-3.6,0.41,0.0,1.050904372433572,1.5920113064925137,0.07474502527590776,0.5,0,1,0.0
4.921498058999532,287,5676.09,-93.6,-4.6,-124.0,-0.49,1.36,0.65,-0.1,-1.12,-0.31,-141.0,62.9,-1330.0,-0.69,-0.17,0.51,0.0,1.1664047325006874,1.5849921135450487,0.18644047763616267,0.5,0,1,0.0
4.93024651199994,288,5676.1,-93.7,-4.6,-123.9,-0.99,1.54,0.14,-0.18,-1.16,-0.29,-141.1,-33.9,-905.0,-0.67,1.6,0.17,0.0,1.2091732712891068,1.8361100184901775,0.2246248360960904,0.5,0,1,0.0
4.941563382999448,289,5676.11,-93.8,-4.6,-123.7,-0.46,1.3,-0.12,-0.08,-1.13,-0.23,-141.8,-87.9,-651.0,-0.65,2.92,0.33,0.0,1.1559411749738824,1.3841965178398623,0.16796488498524864,0.5,0,1,0.0
4.950194907999503,290,5676.12,-93.8,-4.6,-123.6,-0.08,1.37,-0.12,-0.06,-1.18,-0.25,-143.1,-138.0,-529.0,-0.61,4.31,0.08,0.0,1.2076837334335508,1.3775703248836337,0.21531329457601878,0.5,0,1,0.0
4.961519839000175,291,5676.13,-93.9,-4.5,-123.5,-0.5,1.35,-0.33,-0.08,-1.2,-0.23,-144.8,-181.8,-479.0,-0.56,5.52,0.28,0.0,1.2244590642402056,1.4769563297538626,0.22744685287501998,0.5,0,1,0.0
4.97033623399966,292,5676.14,-94.0,-4.5,-123.3,-1.2,1.42,-0.58,-0.01,-1.21,-0.22,-146.9,-228.3,-479.0,-0.49,6.81,0.17,0.0,1.2298780427343192,1.947511232316774,0.22820851474175097,0.5,0,1,0.0
4.981436739999481,293,5676.15,-94.2,-4.4,-123.2,-1.91,1.33,-0.99,0.0,-1.24,-0.2,-149.5,-273.9,-443.0,-0.42,7.97,0.09,0.0,1.2560254774486066,2.529248900365482,0.2492688304669175,0.5,0,1,0.0
4.9903717379993395,294,5676.16,-94.5,-4.2,-123.1,-2.61,1.27,-1.44,-0.04,-1.27,-0.18,-152.5,-310.0,-341.0,-0.34,8.68,0.11,0.0,1.2833160171991933,3.24015431731268,0.2710281828131542,0.5,0,1,0.0
5.001328739999735,295,5676.17,-94.8,-4.0,-123.0,-3.03,1.25,-1.94,-0.07,-1.32,-0.1,-155.7,-327.0,-181.0,-0.24,8.94,0.0,0.0,1.325631924781536,3.808805587057444,0.307077208587587,0.5,0,1,0.0
5.0102625979998265,296,5676.18,-95.1,-3.8,-122.9,-3.23,0.95,-2.51,-0.1,-1.36,-0.04,-159.1,-327.9,-45.0,-0.15,8.83,-0.23,0.0,1.364258040108249,4.199464251544475,0.33878925743601385,0.5,0,1,0.0
5.0215787010001804,297,5676.19,-95.4,-3.5,-122.8,-3.05,0.65,-3.03,-0.08,-1.4,0.0,-162.2,-317.2,92.0,-0.07,8.37,-0.11,0.0,1.4022838514366482,4.348091535375031,0.3692787673891249,0.5,0,1,0.0
5.0302572059999875,298,5676.2,-95.6,-3.2,-122.8,-2.69,0.43,-3.66,-0.04,-1.46,0.08,-165.3,-294.2,190.0,0.0,7.69,-0.05,0.0,1.4627371602581236,4.562521232827306,0.4211374346863883,0.5,0,1,0.0
5.041520249999849,299,5676.21,-95.9,-2.8,-122.8,-2.52,0.14,-4.23,-0.02,-1.42,0.14,-168.0,-271.9,199.0,0.07,7.14,0.05,0.0,1.4270248771482577,4.9257385233079525,0.3777166485449919,0.5,0,1,0.0
5.050211560999742,300,5676.22,-96.1,-2.3,-122.9,-2.21,-0.07,-4.36,0.0,-1.33,0.11,-170.7,-252.4,193.0,0.14,6.61,-0.14,0.0,1.334541119636259,4.8886194370190035,0.27952823321233344,0.5,0,1,0.0
5.061499188000198,301,5676.23,-96.3,-1.9,-122.9,-1.11,0.01,-3.91,0.08,-1.14,0.03,-173.0,-230.3,230.0,0.2,5.95,-0.15,0.0,1.1431972708154965,4.0645171915001175,0.08642069670373953,0.5,0,1,0.0
5.07018361199971,302,5676.24,-96.3,-1.6,-122.9,0.11,0.7,-2.95,0.2,-0.96,-0.04,-175.2,-205.6,231.0,0.26,5.31,-0.16,0.0,0.9814275317108238,3.0339083704027714,0.07384206155291462,0.5,0,1,0.0
5.081493237999894,303,5676.25,-96.3,-1.3,-122.8,0.83,1.77,-1.93,0.26,-0.86,-0.05,-177.1,-183.8,228.0,0.31,4.69,-0.31,0.0,0.8998333178983761,2.747125770691979,0.15232754985805508,0.5,0,1,0.0
5.090404544999728,304,5676.26,-96.2,-1.2,-122.6,0.95,2.93,-1.08,0.29,-0.82,-0.04,-178.7,-160.6,223.0,0.35,4.08,-0.08,0.0,0.8706893820416095,3.2640159313336694,0.17784205600052516,0.5,0,1,0.0
5.101299754000138,305,5676.27,-96.1,-1.1,-122.2,0.69,4.09,-0.52,0.33,-0.85,0.0,-180.2,-137.3,239.0,0.39,3.41,-0.06,0.0,0.9118113840043893,4.180263149611516,0.1339856529569905,0.5,0,1,0.0
5.110352003000116,306,5676.28,-96.1,-1.0,-121.8,0.46,5.03,-0.42,0.33,-0.94,0.03,-181.3,-115.1,240.0,0.41,2.81,0.0,0.0,0.9966945369570358,5.068421845111159,0.04812045000425724,0.5,0,1,0.0
5.12115561399969,307,5676.29,-96.0,-0.9,-121.2,0.34,5.75,-0.68,0.26,-1.0,0.05,-182.3,-86.9,273.0,0.44,2.02,-0.08,0.0,1.034456378974,5.800043103288113,0.010151435827547184,0.5,0,1,0.0
5.130204414999753,308,5676.3,-96.0,-0.7,-120.7,0.68,5.91,-1.07,0.16,-1.01,0.11,-183.0,-59.4,270.0,0.45,1.29,-0.22,0.0,1.0284940447080868,6.044452001629263,0.015791494691591135,0.5,0,1,0.0
5.141515432999768,309,5676.31,-95.9,-0.5,-120.1,1.16,5.69,-1.31,0.06,-0.99,0.12,-183.4,-33.0,267.0,0.46,0.57,-0.08,0.0,0.9990495483208027,5.952965647473534,0.044331271257297744,0.5,0,1,0.0
5.15036074299951,310,5676.32,-95.8,-0.3,-119.6,1.03,5.29,-1.38,-0.02,-0.98,0.12,-183.6,-6.7,254.0,0.46,-0.09,-0.08,0.0,0.9875221516502807,5.563218492922959,0.05474149456926336,0.5,0,1,0.0
5.161443508000048,311,5676.33,-95.7,-0.1,-119.1,0.58,4.83,-1.28,-0.1,-0.97,0.1,-183.5,6.6,115.0,0.46,-0.16,0.01,0.0,0.9802550688468793,5.0302783223197505,0.06076840582521148,0.5,0,1,0.0
5.170183663999524,312,5676.34,-95.7,0.0,-118.6,0.38,4.41,-0.99,-0.16,-0.96,0.08,-183.5,3.8,16.0,0.46,-0.06,0.11,0.0,0.9765244492586962,4.5357028121339695,0.0632090449051268,0.5,0,1,0.0
5.182438363000074,313,5676.35,-95.6,0.0,-118.2,0.54,3.92,-0.61,-0.17,-0.94,0.06,-183.5,-0.8,-35.0,0.46,0.11,0.05,0.0,0.9571311299921239,4.003760732111748,0.08095031688826504,0.5,0,1,0.0
5.190241059999607,314,5676.36,-95.6,0.1,-117.9,0.54,3.36,-0.17,-0.15,-0.92,0.03,-183.5,-8.3,-62.0,0.46,0.32,0.0,0.0,0.9326306878931231,3.407359681630338,0.10334174380752048,0.5,0,1,0.0
5.201482718999614,315,5676.37,-95.5,0.1,-117.6,0.2,2.89,0.19,-0.11,-0.91,0.0,-183.7,-16.5,-83.0,0.47,0.57,0.14,0.0,0.916624241442479,2.9031362351773984,0.11696122645300133,0.5,0,1,0.0
5.210394445999555,316,5676.38,-95.5,0.1,-117.3,-0.12,2.59,0.48,-0.07,-0.93,-0.05,-183.9,-34.1,-176.0,0.48,1.22,0.12,0.0,0.9339700209321496,2.636835224279287,0.09762313802406408,0.5,0,1,0.0
5.221335491999525,317,5676.39,-95.5,0.0,-117.0,-0.08,2.49,0.58,-0.05,-0.95,-0.06,-184.5,-60.1,-251.0,0.5,2.02,0.07,0.0,0.9532051195833979,2.55790930253596,0.07682027858535956,0.5,0,1,0.0
5.230337572999815,318,5676.4,-95.5,0.0,-116.8,0.13,2.4,0.58,-0.04,-0.96,-0.05,-185.3,-90.4,-275.0,0.52,2.79,0.0,0.0,0.9621330469326994,2.4725088473046966,0.066534504211337,0.5,0,1,0.0
5.241407522999907,319,5676.41,-95.4,0.0,-116.6,0.26,2.22,0.58,-0.04,-0.95,-0.05,-186.4,-118.3,-274.0,0.55,3.54,0.02,0.0,0.9521554494934112,2.3091989953228373,0.07498185961761261,0.5,0,1,0.0
5.250282277999759,320,5676.42,-95.4,-0.1,-116.3,0.29,1.96,0.57,-0.06,-0.94,-0.03,-187.7,-144.5,-252.0,0.59,4.19,0.09,0.0,0.9423905772024675,2.061698329048166,0.08305179727038514,0.5,0,1,0.0
5.2614063849996455,321,5676.43,-95.3,-0.1,-116.2,0.28,1.62,0.58,-0.07,-0.93,-0.01,-189.3,-164.0,-197.0,0.64,4.65,0.0,0.0,0.9326842981416595,1.7433301465872721,0.09090291480456936,0.5,0,1,0.0
5.270470497000133,322,5676.44,-95.3,-0.2,-116.0,0.52,1.34,0.46,-0.09,-0.95,-0.01,-191.1,-177.1,-136.0,0.69,4.92,0.0,0.0,0.9543060305792895,1.5091719583930787,0.06789555871960051,0.5,0,1,0.0
5.281550875999528,323,5676.45,-95.2,-0.2,-115.9,0.58,0.98,0.57,-0.09,-0.89,-0.01,-192.9,-183.9,-78.0,0.74,5.03,0.0,0.0,0.8945948803788226,1.2734598540982751,0.12505457474166604,0.5,0,1,0.0
5.290334884999538,324,5676.46,-95.2,-0.3,-115.8,0.46,0.65,0.73,-0.11,-0.86,-0.02,-194.8,-186.0,-33.0,0.79,5.05,-0.09,0.0,0.8672369918309527,1.0802777420645118,0.14936421402374533,0.5,0,1,0.0
5.301518773999305,325,5676.47,-95.1,-0.4,-115.8,0.19,0.28,0.89,-0.11,-0.84,-0.03,-196.6,-184.0,12.0,0.84,4.94,0.15,0.0,0.8477027781009095,0.9521554494934112,0.16552045919871283,0.5,0,1,0.0
5.310474475999399,326,5676.48,-95.1,-0.4,-115.7,-0.03,-0.09,1.05,-0.12,-0.83,-0.04,-198.4,-177.6,59.0,0.89,4.7,-0.26,0.0,0.8395832299420946,1.0542770034483346,0.17016720721037737,0.5,0,1,0.0
5.321743284000149,327,5676.49,-95.2,-0.6,-115.7,-0.09,-0.22,1.0,-0.1,-0.88,-0.08,-200.1,-165.6,111.0,0.93,4.31,-0.1,0.0,0.8892693630166284,1.027861858422619,0.11807145265312657,0.5,0,1,0.0
5.330354252999314,328,5676.5,-95.2,-0.8,-115.8,0.08,-0.4,0.84,-0.09,-0.91,-0.08,-201.6,-148.9,156.0,0.97,3.81,0.07,0.0,0.9179324593890337,0.9338094023943001,0.08762018915510694,0.5,0,1,0.0
5.341626858999916,329,5676.51,-95.1,-0.9,-115.8,0.29,-0.56,0.76,-0.08,-0.91,-0.1,-203.0,-129.5,178.0,1.01,3.29,-0.06,0.0,0.9189668111526118,0.9875727821279807,0.08485412064369824,0.5,0,1,0.0
5.350447029999486,330,5676.52,-95.1,-1.0,-115.9,0.49,-0.65,0.62,-0.07,-0.91,-0.13,-204.2,-109.6,190.0,1.03,2.74,-0.02,0.0,0.9219002115196634,1.0232301793829188,0.08028230587111362,0.5,0,1,0.0
5.36157335200005,331,5676.53,-95.1,-1.1,-115.9,0.94,-0.8,0.37,-0.07,-0.89,-0.14,-205.1,-91.4,183.0,1.06,2.26,0.0,0.0,0.9036592278065886,1.2886038956948718,0.09655282379250474,0.5,0,1,0.0
5.370209431999683,332,5676.54,-95.0,-1.1,-116.0,1.56,-0.96,0.07,-0.08,-0.86,-0.15,-205.9,-75.2,164.0,1.08,1.85,-0.16,0.0,0.8766413177577246,1.833057555015663,0.12109931916454142,0.5,0,1,0.0
5.381587068999579,333,5676.55,-94.8,-1.1,-116.1,2.02,-1.16,-0.26,-0.1,-0.82,-0.14,-206.6,-59.4,158.0,1.09,1.43,-0.01,0.0,0.8378544026261364,2.3438429981549533,0.15668850961020697,0.5,0,1,0.0
5.390368867999314,334,5676.56,-94.6,-1.1,-116.3,2.07,-1.38,-0.52,-0.13,-0.75,-0.13,-207.1,-45.7,137.0,1.11,1.09,0.07,0.0,0.7722046360907192,2.54159398803192,0.21789151062271173,0.5,0,1,0.0
5.4013785520000965,335,5676.57,-94.4,-1.1,-116.4,1.61,-1.66,-0.65,-0.16,-0.69,-0.12,-207.5,-36.9,91.0,1.12,0.91,-0.08,0.0,0.7184010022264723,2.402124060076831,0.2662612415972194,0.5,0,1,0.0
5.410394411000198,336,5676.58,-94.3,-1.0,-116.6,0.71,-1.91,-0.61,-0.15,-0.68,-0.12,-207.8,-30.3,61.0,1.12,0.8,-0.08,0.0,0.7066116330771807,2.1270401970813806,0.27248959853158083,0.5,0,1,0.0
5.421519108999746,337,5676.59,-94.2,-1.0,-116.8,-0.23,-2.1,-0.48,-0.1,-0.72,-0.14,-208.1,-29.3,21.0,1.13,0.81,-0.14,0.0,0.7402702209328699,2.16640254800441,0.23405439046237375,0.5,0,1,0.0
5.430293978000009,338,5676.6,-94.3,-0.9,-117.0,-0.98,-2.17,-0.37,-0.03,-0.8,-0.18,-208.4,-33.9,-35.0,1.14,0.99,0.0,0.0,0.8205485969764376,2.4096057768855053,0.15070049413042996,0.5,0,1,0.0
5.441561519000061,339,5676.61,-94.4,-0.9,-117.2,-1.46,-2.08,-0.35,0.01,-0.86,-0.23,-208.8,-39.9,-62.0,1.15,1.2,0.0,0.0,0.8902808545621994,2.565248525971704,0.0793488718137747,0.5,0,1,0.0
5.450310770999749,340,5676.62,-94.6,-0.9,-117.4,-1.72,-1.89,-0.34,0.05,-0.9,-0.27,-209.2,-50.4,-95.0,1.17,1.51,-0.09,0.0,0.9409569596958194,2.5780031031788924,0.028099311346551636,0.5,0,1,0.0
5.461350099999436,341,5676.63,-94.8,-0.9,-117.6,-1.86,-1.48,-0.28,0.07,-0.93,-0.3,-209.8,-63.7,-125.0,1.18,1.9,0.19,0.0,0.9796938297243686,2.393407612589214,0.010424807508357614,0.5,0,1,0.0
5.470244033000199,342,5676.64,-94.9,-0.9,-117.7,-1.88,-0.96,-0.13,0.07,-0.97,-0.29,-210.6,-80.8,-171.0,1.21,2.45,0.18,0.0,1.0148398888494676,2.114923166453098,0.04465944930078758,0.5,0,1,0.0
5.481579788999625,343,5676.65,-95.1,-0.9,-117.8,-1.85,-0.34,0.02,0.07,-1.04,-0.29,-211.5,-101.1,-184.0,1.24,2.96,0.07,0.0,1.081942697188719,1.8810901094843917,0.10952701248723806,0.5,0,1,0.0
5.4903813319997425,344,5676.66,-95.3,-0.9,-117.8,-1.39,0.24,0.13,0.06,-1.11,-0.25,-212.7,-119.4,-176.0,1.27,3.44,0.18,0.0,1.1393857994551275,1.4165450928226746,0.16363071245857375,0.5,0,1,0.0
5.501404646999617,345,5676.67,-95.4,-0.9,-117.8,-0.47,0.54,0.15,0.05,-1.16,-0.23,-214.0,-135.3,-156.0,1.31,3.82,0.16,0.0,1.183638458314024,0.7314369419163896,0.20372570389112088,0.5,0,1,0.0
5.51038334399982,346,5676.68,-95.4,-0.9,-117.7,0.31,0.51,0.07,0.03,-1.13,-0.24,-215.4,-148.6,-138.0,1.35,4.19,-0.05,0.0,1.1555950847939773,0.6009159675029446,0.17216868376365269,0.5,0,1,0.0
5.521694899000067,347,5676.69,-95.4,-0.9,-117.7,0.02,0.33,0.16,0.03,-1.08,-0.27,-217.0,-159.4,-110.0,1.39,4.44,0.0,0.0,1.113642671596235,0.3672873534441392,0.1276119451545923,0.5,0,1,0.0
5.530372960000022,348,5676.7,-95.4,-0.9,-117.6,-0.73,0.2,0.21,0.02,-1.12,-0.28,-218.6,-167.9,-93.0,1.44,4.66,0.07,0.0,1.1546428019088848,0.7854934754662193,0.1652398339578972,0.5,0,1,0.0
5.541382011999303,349,5676.71,-95.5,-0.9,-117.6,-1.0,0.1,0.29,0.0,-1.16,-0.24,-220.4,-175.0,-76.0,1.48,4.84,-0.15,0.0,1.1845674315968677,1.0459923517884824,0.19126117437296253,0.5,0,1,0.0
5.550426597999831,350,5676.72,-95.7,-1.0,-117.6,-1.02,0.0,0.61,-0.01,-1.2,-0.22,-222.2,-186.0,-114.0,1.54,5.24,0.06,0.0,1.2200409829181968,1.1884864324004714,0.22220003118040577,0.5,0,1,0.0
5.5615129729994806,351,5676.73,-95.8,-1.0,-117.6,-0.56,-0.22,0.8,-0.01,-1.24,-0.21,-224.2,-203.3,-171.0,1.59,5.79,-0.09,0.0,1.2576963067449949,1.000999500499376,0.2546582479070598,0.5,0,1,0.0
5.570280936999552,352,5676.74,-95.9,-1.1,-117.6,-0.1,-0.51,0.86,-0.05,-1.22,-0.21,-226.4,-226.1,-213.0,1.65,6.44,0.18,0.0,1.2389511693363866,1.0048382954485762,0.23119484828848247,0.5,0,1,0.0
5.581447472999571,353,5676.75,-95.9,-1.3,-117.7,-0.04,-0.89,0.91,-0.1,-1.17,-0.18,-228.5,-248.3,-242.0,1.72,7.17,0.0,0.0,1.187981481337146,1.2734991166074676,0.1766206570834572,0.5,0,1,0.0
5.590379696000127,354,5676.76,-96.0,-1.4,-117.8,-0.54,-1.03,1.07,-0.08,-1.2,-0.11,-231.5,-278.9,-273.0,1.8,7.94,0.85,0.0,1.2076837334335508,1.5803164240113434,0.1923964509962648,0.5,0,1,0.0
5.601427016999878,355,5676.77,-96.0,-1.6,-117.9,-0.98,-1.24,1.25,-0.06,-1.28,0.0,-234.5,-308.8,-288.0,1.89,8.75,0.16,0.0,1.2814054783713078,2.0150682370579913,0.2607958320153414,0.5,0,1,0.0
5.610367788999611,356,5676.78,-96.1,-1.7,-118.0,-0.97,-1.53,1.52,-0.1,-1.3,0.06,-237.8,-333.7,-230.0,1.98,9.27,0.14,0.0,1.3052202879207786,2.3647832881682835,0.278918428733516,0.5,0,1,0.0
5.621452501999556,357,5676.79,-96.2,-1.9,-118.2,-0.8,-1.71,2.1,-0.08,-1.29,0.08,-241.2,-350.6,-202.0,2.07,9.79,0.0,0.0,1.2949517365523706,2.8238448965904626,0.2632768798178058,0.5,0,1,0.0
5.630356992000088,358,5676.8,-96.2,-2.2,-118.3,-0.47,-1.83,2.65,-0.01,-1.34,0.14,-244.9,-371.9,-199.0,2.17,10.32,0.0,0.0,1.3473306943731373,3.2545813862922524,0.30934272088580106,0.5,0,1,0.0
5.641627590000098,359,5676.81,-96.2,-2.5,-118.5,0.21,-2.21,2.73,-0.02,-1.33,0.18,-248.7,-386.7,-156.0,2.28,10.69,-0.08,0.0,1.3422741895752894,3.518678729295984,0.298200491766194,0.5,0,1,0.0
5.650417527000172,360,5676.82,-96.2,-2.8,-118.7,0.44,-2.86,2.43,-0.11,-1.24,0.22,-252.7,-403.9,-184.0,2.39,11.23,0.16,0.0,1.2641598000252974,3.7786373205164847,0.21568438017187797,0.5,0,1,0.0
5.66143326800011,361,5676.83,-96.1,-3.0,-119.0,0.29,-3.63,2.08,-0.17,-1.14,0.24,-256.8,-417.1,-99.0,2.5,11.35,-0.06,0.0,1.1773274820541648,4.193733420235483,0.1262750209567305,0.5,0,1,0.0
5.670188420999693,362,5676.84,-96.1,-3.2,-119.4,0.21,-4.41,1.67,-0.19,-1.14,0.3,-261.0,-413.1,8.0,2.62,11.16,0.17,0.0,1.194026800369238,4.7202860082838205,0.14011485248636757,0.5,0,1,0.0
5.681390660999568,363,5676.85,-96.0,-3.4,-119.9,0.57,-5.27,1.2,-0.18,-1.1,0.28,-265.0,-402.1,99.0,2.73,10.72,-0.09,0.0,1.1492606318846914,5.434868903662719,0.09344171032178461,0.5,0,1,0.0
5.690379678999307,364,5676.86,-95.9,-3.6,-120.4,0.83,-5.98,0.92,-0.17,-1.01,0.26,-268.9,-380.2,202.0,2.83,10.0,-0.17,0.0,1.0566929544574433,6.107020550153733,0.0008565522366457134,0.5,0,1,0.0
5.702384899999743,365,5676.87,-95.8,-3.7,-121.0,0.77,-6.45,0.81,-0.13,-0.93,0.19,-272.5,-347.9,316.0,2.92,8.94,-0.05,0.0,0.9580709785814411,6.546105712559186,0.09581011516656945,0.5,0,1,0.0
5.710376701999849,366,5676.88,-95.7,-3.9,-121.7,0.66,-6.67,0.71,-0.08,-0.9,0.12,-275.7,-301.9,425.0,3.0,7.62,-0.24,0.0,0.9114823092084673,6.740074183568012,0.13955080884875237,0.5,0,1,0.0
5.721565757999997,367,5676.89,-95.6,-4.0,-122.3,0.7,-6.57,0.66,-0.04,-0.87,0.03,-278.4,-255.8,431.0,3.07,6.44,-0.15,0.0,0.8714355971613738,6.640067770738489,0.17600557047792897,0.5,0,1,0.0
5.730424760999995,368,5676.9,-95.5,-4.1,-123.0,0.61,-6.07,0.63,0.0,-0.9,0.0,-280.6,-213.3,434.0,3.13,5.24,-0.3,0.0,0.9,6.133017201997725,0.14449234428651658,0.5,0,1,0.0
5.741616792000059,369,5676.91,-95.3,-4.3,-123.5,0.73,-5.4,0.51,0.02,-0.94,-0.02,-282.5,-168.3,450.0,3.17,4.0,-0.27,0.0,0.9404254356406997,5.472933399923665,0.10198557047290058,0.5,0,1,0.0
5.750363436000043,370,5676.92,-95.2,-4.3,-124.0,0.91,-4.67,0.31,0.06,-0.97,-0.01,-283.8,-120.9,463.0,3.2,2.72,-0.32,0.0,0.9719053451854249,4.767924076576723,0.0690955477096118,0.5,0,1,0.0
5.761358175999703,371,5676.93,-95.1,-4.4,-124.5,0.71,-4.02,-0.01,0.11,-0.99,-0.04,-284.7,-73.9,471.0,3.22,1.42,-0.29,0.0,0.9968951800465282,4.082229782851523,0.04322359859153835,0.5,0,1,0.0
5.77036518299974,372,5676.94,-95.0,-4.4,-124.8,0.24,-3.34,-0.38,0.15,-0.97,-0.06,-285.1,-27.2,477.0,3.22,0.12,-0.08,0.0,0.9833615815151617,3.37010385596646,0.05562205318044677,0.5,0,1,0.0
5.781507572999544,373,5676.95,-95.0,-4.4,-125.1,-0.14,-2.76,-0.73,0.17,-0.94,-0.06,-285.0,19.4,425.0,3.22,-0.93,-0.09,0.0,0.9571311299921239,2.8583386783234763,0.08021545460941493,0.5,0,1,0.0
5.7903681090001555,374,5676.96,-95.0,-4.3,-125.4,-0.27,-2.26,-0.99,0.16,-0.9,-0.05,-284.6,50.3,336.0,3.2,-1.71,-0.08,0.0,0.9154780172128657,2.4820555996995712,0.11943119604089969,0.5,0,1,0.0
5.80151435300013,375,5676.97,-95.0,-4.2,-125.6,-0.29,-1.93,-1.1,0.13,-0.85,-0.03,-283.9,76.3,284.0,3.18,-2.4,-0.14,0.0,0.8604068804931769,2.2403124782047703,0.17101228610537678,0.5,0,1,0.0
5.810411919999751,376,5676.98,-95.0,-4.1,-125.8,-0.28,-1.72,-1.07,0.11,-0.82,-0.04,-283.0,102.4,264.0,3.15,-3.08,-0.08,0.0,0.8283115355951527,2.04492053635343,0.19904547838333309,0.5,0,1,0.0
5.821313620000183,377,5676.99,-95.1,-4.0,-126.0,-0.32,-1.59,-0.99,0.09,-0.84,-0.05,-281.8,128.6,263.0,3.12,-3.79,-0.07,0.0,0.8462860036654274,1.900157888176664,0.17744959010679717,0.5,0,1,0.0
5.830413063999913,378,5677.0,-95.1,-4.0,-126.1,-0.32,-1.44,-0.9,0.09,-0.86,-0.07,-280.7,148.2,295.0,3.07,-4.47,-0.06,0.0,0.8675252157718529,1.7280046296234277,0.1530861704403641,0.5,0,1,0.0
5.841524962999756,379,5677.01,-95.1,-3.9,-126.3,-0.22,-1.25,-0.74,0.09,-0.88,-0.09,-278.6,177.1,260.0,3.02,-5.08,-0.31,0.0,0.8891569040388766,1.4691834466805023,0.12882539252987357,0.5,0,1,0.0
5.850367498000196,380,5677.02,-95.1,-3.8,-126.4,0.05,-1.09,-0.56,0.1,-0.92,-0.09,-276.7,199.8,248.0,2.97,-5.74,-0.09,0.0,0.9297849213662265,1.2264583156389786,0.08643342769847318,0.5,0,1,0.0
5.86139820399967,381,5677.03,-95.1,-3.8,-126.5,0.42,-0.92,-0.47,0.1,-0.93,-0.1,-274.5,227.2,279.0,2.91,-6.54,0.0,0.0,0.9406912352095135,1.1152129841424911,0.07401657157808239,0.5,0,1,0.0
5.870341361000101,382,5677.04,-95.0,-3.8,-126.6,0.62,-0.79,-0.41,0.1,-0.92,-0.11,-272.0,255.3,271.0,2.84,-7.27,-0.12,0.0,0.931933474020544,1.0847119433287347,0.08111884611171072,0.5,0,1,0.0
5.881302336999397,383,5677.05,-94.9,-3.7,-126.7,0.71,-0.67,-0.43,0.09,-0.9,-0.12,-269.3,280.4,248.0,2.76,-7.9,-0.14,0.0,0.9124143795447329,1.0667239567948215,0.0986251817757714,0.5,0,1,0.0
5.890335178999521,384,5677.06,-94.9,-3.7,-126.7,0.66,-0.55,-0.49,0.09,-0.88,-0.12,-266.3,304.7,250.0,2.67,-8.59,0.01,0.0,0.8926925562588723,0.9890399385262458,0.11598006496039925,0.5,0,1,0.0
5.901491122000152,385,5677.07,-94.8,-3.6,-126.8,0.57,-0.4,-0.56,0.08,-0.86,-0.12,-263.1,329.2,243.0,2.58,-9.23,-0.24,0.0,0.8720091742636655,0.8935882720806042,0.13393017801649387,0.5,0,1,0.0
5.910189958999581,386,5677.08,-94.7,-3.6,-126.8,0.39,-0.23,-0.58,0.06,-0.84,-0.13,-259.7,351.7,228.0,2.49,-9.84,-0.07,0.0,0.8521150157109074,0.7357988855658861,0.15074784983786693,0.5,0,1,0.0
5.921521309000127,387,5677.09,-94.7,-3.5,-126.8,0.21,-0.09,-0.55,0.04,-0.82,-0.15,-256.0,376.8,250.0,2.38,-10.55,-0.04,0.0,0.8345657553482528,0.5955669567731239,0.16493116799651109,0.5,0,1,0.0
5.930417398999452,388,5677.1,-94.7,-3.5,-126.8,0.08,0.06,-0.52,0.04,-0.83,-0.17,-252.1,399.1,204.0,2.27,-11.03,0.06,0.0,0.848174510345601,0.5295280917949491,0.14829596473917972,0.5,0,1,0.0
5.941346990000056,389,5677.11,-94.7,-3.4,-126.8,-0.12,0.15,-0.48,0.04,-0.83,-0.18,-247.9,418.6,233.0,2.16,-11.74,-0.14,0.0,0.8502352615599991,0.5170106381884225,0.143310509254286,0.5,0,1,0.0
5.950384843999927,390,5677.12,-94.7,-3.4,-126.8,-0.38,0.22,-0.37,0.03,-0.85,-0.19,-243.6,445.7,229.0,2.04,-12.34,-0.05,0.0,0.8714929718592113,0.5741950887982237,0.11961174297597232,0.5,0,1,0.0
5.961505470999327,391,5677.13,-94.8,-3.3,-126.8,-0.42,0.33,-0.23,0.04,-0.86,-0.22,-239.0,465.7,250.0,1.91,-13.06,0.11,0.0,0.8885943956609225,0.5815496539419485,0.10046011279077594,0.5,0,1,0.0
5.970250397999735,392,5677.14,-94.8,-3.3,-126.8,-0.3,0.43,-0.07,0.05,-0.88,-0.2,-234.1,498.1,269.0,1.77,-13.81,-0.2,0.0,0.9038252043398657,0.5289612462175277,0.08352471802959605,0.5,0,1,0.0
5.981349032999788,393,5677.15,-94.8,-3.3,-126.7,-0.02,0.55,0.08,0.07,-0.89,-0.21,-229.0,518.5,231.0,1.63,-14.38,-0.12,0.0,0.9171150418568,0.5561474624593733,0.0688301829024085,0.5,0,1,0.0
5.990334178000012,394,5677.16,-94.8,-3.3,-126.6,0.3,0.61,0.16,0.08,-0.9,-0.21,-223.6,543.5,249.0,1.48,-15.1,-0.17,0.0,0.9276313923105449,0.6983552104767315,0.05714755579969033,0.5,0,1,0.0
6.001407065999956,395,5677.17,-94.8,-3.3,-126.6,0.52,0.68,0.3,0.09,-0.86,-0.21,-217.9,577.0,317.0,1.32,-16.08,-0.22,0.0,0.889831444712986,0.9070832376358854,0.09304855332930428,0.5,0,1,0.0
6.010203953999735,396,5677.18,-94.7,-3.4,-126.5,0.39,0.76,0.51,0.09,-0.85,-0.23,-212.0,600.0,250.0,1.16,-16.63,0.09,0.0,0.8851553535961921,0.9948869282486327,0.09577015155717628,0.5,0,1,0.0
6.0216276589999325,397,5677.19,-94.7,-3.4,-126.4,0.11,0.79,0.66,0.08,-0.86,-0.25,-205.8,623.1,192.0,0.99,-17.05,-0.12,0.0,0.899166280506559,1.0352777405121778,0.0801240401538732,0.5,0,1,0.0
6.030334551000124,398,5677.2,-94.7,-3.5,-126.3,-0.11,0.79,0.74,0.08,-0.87,-0.23,-199.4,647.0,289.0,0.81,-18.03,-0.13,0.0,0.9034378783292186,1.0880257349897566,0.07433539348458928,0.5,0,1,0.0
6.041440345999945,399,5677.21,-94.7,-3.6,-126.2,-0.35,0.74,0.78,0.07,-0.88,-0.22,-192.8,671.5,218.0,0.63,-18.49,-0.03,0.0,0.9097801932335084,1.1307077429645558,0.06663321700869351,0.5,0,1,0.0
6.0502765339997495,400,5677.22,-94.8,-3.6,-126.2,-0.57,0.7,0.8,0.08,-0.9,-0.23,-185.9,695.4,267.0,0.44,-19.32,-0.27,0.0,0.9323625904121207,1.2061923561356207,0.04316980343347965,0.5,0,1,0.0
6.0613698719998865,401,5677.23,-94.9,-3.7,-126.1,-0.7,0.72,0.76,0.08,-0.91,-0.22,-178.7,729.4,253.0,0.24,-19.98,-0.29,0.0,0.9396275858019495,1.2593649193144931,0.03518671188277778,0.5,0,1,0.0
6.070364684000197,402,5677.24,-94.9,-3.8,-126.0,-0.8,0.7,0.83,0.08,-0.9,-0.22,-171.3,746.6,190.0,0.04,-20.4,-0.06,0.0,0.9299462350050136,1.3486660075793415,0.04397070142611936,0.5,0,1,0.0
6.081503442999747,403,5677.25,-95.0,-3.9,-125.9,-0.92,0.67,0.78,0.08,-0.93,-0.22,-163.8,746.9,46.0,-0.16,-20.26,-0.07,0.0,0.9590099061010788,1.3797463535012513,0.014608889723453089,0.5,0,1,0.0
6.090380472999641,404,5677.26,-95.1,-3.9,-125.9,-0.7,0.58,0.77,0.12,-0.91,-0.23,-156.6,689.0,-735.0,-0.34,-16.86,0.88,0.0,0.946255779374689,1.1913437790998869,0.02681575612084608,0.5,0,1,0.0
6.102172643999438,405,5677.27,-95.2,-4.0,-125.8,0.43,0.54,1.02,0.31,-0.84,-0.26,-150.9,509.4,-1584.0,-0.47,-11.22,0.95,0.0,0.9323625904121207,1.2316249429107873,0.039894766181746144,0.5,0,1,0.0
6.110127285999624,406,5677.28,-95.1,-4.1,-125.7,0.36,0.83,1.16,0.12,-1.09,-0.25,-147.3,306.4,-1781.0,-0.55,-6.15,0.84,0.0,1.1247221879201994,1.4710880327159215,0.14941553469980595,0.5,0,1,0.0
6.120984788999522,407,5677.29,-95.2,-4.2,-125.6,-0.79,1.09,0.27,-0.2,-1.28,-0.3,-145.4,141.8,-1606.0,-0.58,-2.1,0.75,0.0,1.3298120167903433,1.3729894391436521,0.34741525629855086,0.5,0,1,0.0
6.130482779999511,408,5677.3,-95.2,-4.2,-125.5,-0.7,1.04,-0.35,-0.33,-1.15,-0.27,-144.9,10.4,-1297.0,-0.58,0.87,0.08,0.0,1.226499082755466,1.3015759678174763,0.2392202758184001,0.5,0,1,0.0
6.141447943999992,409,5677.31,-95.3,-4.1,-125.4,0.63,0.48,-0.16,-0.25,-1.03,-0.19,-145.4,-64.6,-861.0,-0.56,2.52,0.33,0.0,1.0768008172359453,0.8080222769206304,0.08773157009290178,0.5,0,1,0.0
6.1504040789996,410,5677.32,-95.1,-4.1,-125.4,1.84,0.24,0.44,0.01,-0.88,-0.25,-146.4,-127.2,-698.0,-0.52,4.16,0.37,0.0,0.9148770409186143,1.9070395905696347,0.0727083620999407,0.5,0,1,0.0
6.161551582999891,411,5677.33,-95.0,-4.2,-125.4,0.88,0.61,0.97,0.03,-0.93,-0.31,-148.1,-178.1,-532.0,-0.47,5.34,-0.09,0.0,0.9807650075323855,1.4447837208385206,0.006683987576446171,0.5,0,1,0.0
6.170387662999929,412,5677.34,-95.0,-4.3,-125.3,-1.52,0.85,0.67,0.03,-1.05,-0.33,-150.1,-219.0,-450.0,-0.41,6.46,0.17,0.0,1.101044958210154,1.8659581988887104,0.11132404383929595,0.5,0,1,0.0
6.181379584999377,413,5677.35,-95.3,-4.3,-125.2,-2.51,1.25,0.1,0.1,-1.17,-0.27,-152.6,-261.9,-441.0,-0.34,7.63,0.19,0.0,1.2049066353871571,2.8058153895080125,0.21088200659597311,0.5,0,1,0.0
6.190307267999742,414,5677.36,-95.5,-4.3,-125.0,-2.75,1.38,-0.56,0.11,-1.25,-0.26,-155.5,-300.4,-374.0,-0.25,8.53,0.07,0.0,1.2814835153056008,3.1273790943855846,0.2817097087841284,0.5,0,1,0.0
6.201472525000099,415,5677.37,-95.9,-4.2,-124.9,-3.32,1.7,-1.16,0.06,-1.35,-0.27,-158.7,-324.8,-253.0,-0.16,9.02,-0.02,0.0,1.3780420893427023,3.906148998694238,0.3707029171648053,0.5,0,1,0.0
6.2104332109993265,416,5677.38,-96.2,-4.0,-124.7,-3.59,1.87,-2.02,0.0,-1.44,-0.21,-162.0,-333.6,-99.0,-0.07,9.03,-0.1,0.0,1.4552319402761884,4.523870024658091,0.43893491273632557,0.5,0,1,0.0
6.2212208299997656,417,5677.39,-96.6,-3.7,-124.6,-3.64,1.73,-2.81,-0.06,-1.45,-0.11,-165.3,-322.4,86.0,0.0,8.49,-0.09,0.0,1.455403724057349,4.913104924586895,0.43032456258713636,0.5,0,1,0.0
6.230521114000112,418,5677.4,-96.9,-3.3,-124.5,-3.46,1.39,-3.61,-0.09,-1.56,0.01,-168.4,-304.4,125.0,0.09,8.11,-0.15,0.0,1.5626259949200898,5.189971098185422,0.5267958967808797,0.5,0,2,0.0
6.241460991999702,419,5677.41,-97.2,-2.9,-124.4,-2.92,0.93,-4.36,-0.11,-1.56,0.07,-171.3,-288.7,166.0,0.16,7.58,-0.33,0.0,1.565439235486322,5.329249478116032,0.5190169546001697,0.5,0,2,0.0
6.250380555999982,420,5677.42,-97.5,-2.5,-124.4,-2.38,0.69,-4.42,-0.13,-1.47,0.12,-174.1,-264.2,231.0,0.24,6.85,-0.18,0.0,1.4806079832285115,5.06723790639437,0.425501988295512,0.5,0,2,0.0
6.261456901999736,421,5677.43,-97.7,-2.1,-124.4,-0.98,0.44,-3.82,-0.02,-1.29,0.11,-176.5,-235.7,267.0,0.3,6.07,-0.19,0.0,1.2948358969382954,3.9681733833087485,0.23493530396519002,0.5,0,2,0.0
6.270122932999584,422,5677.44,-97.7,-1.7,-124.4,0.31,0.6,-2.65,0.15,-1.08,0.02,-178.7,-207.7,273.0,0.35,5.31,-0.15,0.0,1.0905503197927182,2.734702908909851,0.03003673228322068,0.5,0,2,0.0
6.28154375899976,423,5677.45,-97.6,-1.5,-124.3,1.0,1.33,-1.68,0.29,-0.94,-0.06,-180.6,-180.1,283.0,0.4,4.53,0.0,0.0,0.9855455342093535,2.3645929882328587,0.07346869223414121,0.5,0,2,0.0
6.290376993999416,424,5677.46,-97.5,-1.4,-124.1,0.7,2.33,-0.83,0.35,-0.83,-0.08,-182.2,-149.8,295.0,0.44,3.7,-0.16,0.0,0.9043229511629127,2.57056414041743,0.15159744977497036,0.5,0,2,0.0
6.301108957999531,425,5677.47,-97.5,-1.3,-123.8,0.14,3.51,-0.2,0.34,-0.82,-0.06,-183.4,-119.8,301.0,0.47,2.87,-0.15,0.0,0.889719056781409,3.518479785361854,0.16287731727334476,0.5,0,2,0.0
6.310534747999554,426,5677.48,-97.5,-1.2,-123.4,-0.13,4.69,0.23,0.34,-0.89,-0.01,-184.4,-91.3,277.0,0.5,2.17,0.01,0.0,0.9527853903162034,4.697435470551991,0.09781476406377942,0.5,0,2,0.0
6.3215011309994225,427,5677.49,-97.5,-1.2,-122.9,0.1,5.56,0.22,0.3,-1.03,0.04,-185.2,-65.7,262.0,0.51,1.48,-0.19,0.0,1.0735455276791945,5.56524932056058,0.022486465833227554,0.5,0,2,0.0
6.330512737999925,428,5677.5,-97.5,-1.1,-122.3,0.71,6.24,-0.19,0.2,-1.08,0.05,-185.7,-41.2,248.0,0.52,0.83,-0.24,0.0,1.099499886311954,6.283136159594188,0.047472007976667285,0.5,0,2,0.0
6.341487398000027,429,5677.51,-97.4,-1.0,-121.7,1.4,6.33,-0.71,0.08,-1.05,0.11,-185.9,-19.8,208.0,0.53,0.34,0.04,0.0,1.058772874605314,6.521732898547747,0.006610096344626726,0.5,0,2,0.0
6.350379996999436,430,5677.52,-97.2,-0.8,-121.1,2.15,5.99,-1.19,-0.01,-0.99,0.13,-186.0,-4.4,172.0,0.53,-0.07,-0.13,0.0,0.9985489472229191,6.474465228881843,0.052541554417012803,0.5,0,2,0.0
6.361365089999708,431,5677.53,-97.0,-0.6,-120.5,2.18,5.5,-1.45,-0.09,-0.94,0.12,-186.0,3.8,69.0,0.53,-0.07,-0.01,0.0,0.951892851112981,6.091379154181753,0.09721369751641185,0.5,0,2,0.0
6.370378651999999,432,5677.54,-96.8,-0.4,-120.0,1.6,4.88,-1.48,-0.17,-0.91,0.1,-186.0,-0.1,-1.0,0.53,0.03,-0.01,0.0,0.9311283477587825,5.344604756200406,0.11561863685319829,0.5,0,2,0.0
6.38133585200012,433,5677.55,-96.7,-0.2,-119.6,1.05,4.23,-1.26,-0.23,-0.88,0.09,-186.0,0.0,8.0,0.53,0.0,-0.06,0.0,0.9140021881811881,4.536849126872085,0.13008990050217684,0.5,0,2,0.0
6.390127982999729,434,5677.56,-96.6,-0.1,-119.2,0.95,3.59,-0.74,-0.23,-0.87,0.08,-186.0,-0.7,-15.0,0.53,0.06,-0.09,0.0,0.9034378783292186,3.786581571813817,0.13784112614706345,0.5,0,2,0.0
6.401489079999919,435,5677.57,-96.5,0.0,-118.9,0.91,2.96,-0.18,-0.2,-0.89,0.05,-186.0,-3.0,-11.0,0.53,0.09,-0.06,0.0,0.9135644476444998,3.1019509989682303,0.1251602656951466,0.5,0,2,0.0
6.410212928999499,436,5677.58,-96.4,0.0,-118.7,0.65,2.43,0.27,-0.14,-0.89,0.0,-186.0,-5.0,-30.0,0.53,0.2,0.0,0.0,0.9009439494219382,2.529881420146012,0.1350251486393541,0.5,0,2,0.0
6.421300519999932,437,5677.59,-96.4,0.0,-118.4,0.3,2.15,0.62,-0.08,-0.9,-0.06,-186.1,-13.5,-89.0,0.53,0.54,0.03,0.0,0.9055385138137417,2.257631502260721,0.12782197256259953,0.5,0,2,0.0
6.430217551999704,438,5677.6,-96.3,-0.1,-118.2,0.21,2.15,0.89,-0.05,-0.93,-0.09,-186.4,-30.3,-156.0,0.54,1.07,0.08,0.0,0.9356815697661252,2.336386098229486,0.09572533827801188,0.5,0,2,0.0
6.441228216000127,439,5677.61,-96.3,-0.2,-118.0,0.42,2.21,0.99,-0.02,-0.96,-0.09,-186.8,-52.3,-212.0,0.56,1.73,0.17,0.0,0.9644169222903546,2.457763210726371,0.06565018603870676,0.5,0,2,0.0
6.450110796999979,440,5677.62,-96.2,-0.2,-117.7,0.78,2.23,0.96,-0.02,-0.97,-0.08,-187.5,-77.4,-234.0,0.58,2.39,0.14,0.0,0.973498844375277,2.5500784301664137,0.05543689867470869,0.5,0,2,0.0
6.4612282509997385,441,5677.63,-96.1,-0.3,-117.5,1.08,2.15,0.84,-0.02,-0.95,-0.07,-188.5,-98.8,-208.0,0.61,2.9,0.15,0.0,0.9527853903162034,2.5484308897829657,0.07462734567910667,0.5,0,2,0.0
6.470109517999845,442,5677.64,-96.0,-0.4,-117.3,1.17,2.07,0.72,-0.03,-0.92,-0.07,-189.6,-117.0,-182.0,0.64,3.37,0.01,0.0,0.9231467922275417,2.4843912735316067,0.10218062489241297,0.5,0,2,0.0
6.481240041000092,443,5677.65,-95.9,-0.5,-117.1,1.16,1.95,0.57,-0.03,-0.9,-0.07,-190.9,-131.0,-141.0,0.68,3.69,-0.05,0.0,0.903216474606171,2.339444378479642,0.11966872366350789,0.5,0,2,0.0
6.489712412999324,444,5677.66,-95.8,-0.5,-116.9,0.84,1.79,0.61,-0.04,-0.86,-0.08,-192.2,-140.6,-103.0,0.72,3.9,0.06,0.0,0.8646386528486915,2.069251072248121,0.15508161451256763,0.5,0,2,0.0
6.501356207999379,445,5677.67,-95.7,-0.6,-116.7,0.44,1.6,0.72,-0.05,-0.85,-0.08,-193.7,-146.0,-55.0,0.76,3.99,0.09,0.0,0.8552192701290119,1.808867048735202,0.16121097728760236,0.5,0,2,0.0
6.510194677999607,446,5677.68,-95.7,-0.7,-116.6,0.18,1.36,0.83,-0.05,-0.86,-0.09,-195.2,-147.7,-31.0,0.8,4.03,0.07,0.0,0.8661408661412991,1.6034026319050372,0.1472835936498088,0.5,0,2,0.0
6.5211753529993075,447,5677.69,-95.7,-0.8,-116.4,0.0,1.1,0.95,-0.04,-0.88,-0.1,-196.6,-148.0,-2.0,0.84,3.99,0.07,0.0,0.8865664103720601,1.4534441853748634,0.12432088843066702,0.5,0,2,0.0
6.530100639999546,448,5677.7,-95.7,-0.9,-116.3,0.07,0.98,0.88,-0.04,-0.92,-0.12,-198.1,-145.0,25.0,0.87,3.88,-0.01,0.0,0.928654941299512,1.3189768762188365,0.08058771035315071,0.5,0,2,0.0
6.541234194999561,449,5677.71,-95.7,-1.0,-116.2,0.34,0.81,0.84,-0.04,-0.91,-0.12,-199.5,-139.1,54.0,0.91,3.69,0.17,0.0,0.9187491496594705,1.2154423063230932,0.08868363195332829,0.5,0,2,0.0
6.550095154999326,450,5677.72,-95.7,-1.1,-116.1,0.47,0.67,0.92,-0.04,-0.91,-0.13,-200.9,-131.8,75.0,0.95,3.46,-0.2,0.0,0.9201086892318755,1.2313407326974934,0.08557761053330482,0.5,0,2,0.0
6.561334983999586,451,5677.73,-95.6,-1.2,-116.1,0.63,0.58,0.87,-0.05,-0.94,-0.15,-202.1,-120.0,113.0,0.98,3.09,0.01,0.0,0.9532051195833979,1.2207374820165064,0.05143155657814669,0.5,0,2,0.0
6.570084180999402,452,5677.74,-95.6,-1.3,-116.0,0.86,0.46,0.71,-0.07,-0.94,-0.15,-203.2,-107.7,115.0,1.01,2.78,-0.17,0.0,0.9544631999192006,1.2063581557729859,0.04917000671749716,0.5,0,2,0.0
6.581342384999516,453,5677.75,-95.5,-1.4,-116.0,1.05,0.32,0.5,-0.09,-0.93,-0.16,-204.2,-94.4,125.0,1.03,2.41,0.02,0.0,0.9479451460923254,1.2061923561356207,0.05457429933348501,0.5,0,2,0.0
6.590108165999482,454,5677.76,-95.4,-1.4,-115.9,1.43,0.17,0.22,-0.11,-0.93,-0.16,-205.1,-82.2,115.0,1.06,2.12,-0.07,0.0,0.9500526301210896,1.456777265061478,0.051417478998626365,0.5,0,2,0.0
6.601531047999742,455,5677.77,-95.2,-1.4,-115.9,2.02,-0.03,-0.18,-0.13,-0.89,-0.15,-205.8,-72.2,103.0,1.08,1.84,0.0,0.0,0.9118662182579197,2.028225825691015,0.08781181304456043,0.5,0,2,0.0
6.610180560000117,456,5677.78,-95.0,-1.4,-116.0,2.44,-0.32,-0.6,-0.16,-0.84,-0.15,-206.5,-62.2,100.0,1.09,1.57,-0.01,0.0,0.8681589716175258,2.5329824318380103,0.1288886784912553,0.5,0,2,0.0
6.621169433999967,457,5677.79,-94.8,-1.3,-116.0,2.35,-0.67,-0.89,-0.18,-0.76,-0.14,-207.0,-52.4,98.0,1.11,1.3,-0.06,0.0,0.7934733769950949,2.6006729898239804,0.19950278765141238,0.5,0,2,0.0
6.63007763799942,458,5677.8,-94.6,-1.2,-116.1,1.47,-1.02,-0.93,-0.18,-0.7,-0.15,-207.5,-47.2,57.0,1.12,1.22,-0.1,0.0,0.738173421358423,2.0164820852167273,0.24970668842232258,0.5,0,2,0.0
6.641319614999702,459,5677.81,-94.5,-1.1,-116.2,0.13,-1.24,-0.81,-0.13,-0.7,-0.17,-208.0,-44.7,23.0,1.13,1.22,0.08,0.0,0.7319836063738039,1.4868086628749513,0.2507785733388028,0.5,0,2,0.0
6.654244915000163,460,5677.82,-94.5,-1.1,-116.4,-1.05,-1.32,-0.57,-0.07,-0.77,-0.21,-208.4,-46.7,-7.0,1.14,1.28,0.15,0.0,0.8011866199581719,1.7803932149949349,0.1779440485593462,0.5,0,2,0.0
6.662258845999531,461,5677.83,-94.7,-1.0,-116.5,-1.66,-1.25,-0.35,0.0,-0.84,-0.23,-208.9,-50.0,-33.0,1.16,1.42,0.11,0.0,0.8709190547921202,2.107273119460313,0.10604738145088999,0.5,0,2,0.0
6.670089598999766,462,5677.84,-94.8,-1.0,-116.6,-1.65,-1.11,-0.25,0.07,-0.93,-0.25,-209.4,-57.6,-78.0,1.17,1.72,0.08,0.0,0.9655568341635826,2.0042704408337713,0.011181410037839012,0.5,0,2,0.0
6.681312349000109,463,5677.85,-95.0,-1.0,-116.7,-1.16,-0.9,-0.31,0.12,-0.96,-0.26,-210.1,-71.3,-124.0,1.19,2.13,0.1,0.0,1.0017983829094554,1.5005665596700466,0.02455893593387315,0.5,0,2,0.0
6.690077993999694,464,5677.86,-95.1,-1.0,-116.8,-0.92,-0.63,-0.34,0.13,-0.96,-0.25,-211.0,-90.2,-177.0,1.22,2.7,0.19,0.0,1.000499875062461,1.1657186624567697,0.022795219525141075,0.5,0,2,0.0
6.701378380999813,465,5677.87,-95.2,-0.9,-116.8,-1.13,-0.21,-0.23,0.13,-0.98,-0.25,-212.0,-111.6,-212.0,1.25,3.33,0.0,0.0,1.0197058399362045,1.1721348045340176,0.04116116071090692,0.5,0,2,0.0
6.710200946999976,466,5677.88,-95.3,-0.9,-116.8,-1.09,0.39,-0.09,0.1,-1.05,-0.25,-213.3,-134.4,-221.0,1.29,3.93,0.12,0.0,1.08397416943394,1.1611632098891183,0.10332090040446962,0.5,0,2,0.0
6.721194975999424,467,5677.89,-95.4,-0.9,-116.8,-0.44,0.77,0.0,0.05,-1.09,-0.23,-214.8,-155.2,-205.0,1.33,4.46,0.01,0.0,1.1151233115669317,0.8868483523128404,0.1317806416867121,0.5,0,2,0.0
6.7299819929994555,468,5677.9,-95.4,-0.9,-116.7,0.35,0.8,0.09,0.01,-1.08,-0.21,-216.5,-173.7,-178.0,1.38,4.9,0.06,0.0,1.1002726934719411,0.8778382538941898,0.11459142311988713,0.5,0,2,0.0
6.7411888449996695,469,5677.91,-95.4,-0.9,-116.6,0.37,0.51,0.31,-0.02,-1.03,-0.21,-218.3,-188.4,-153.0,1.43,5.28,-0.05,0.0,1.0513800454640558,0.7022107945624305,0.06438479960976184,0.5,0,2,0.0
6.750082911999925,470,5677.92,-95.5,-1.0,-116.6,-0.43,0.23,0.6,-0.03,-1.03,-0.23,-220.3,-200.8,-127.0,1.48,5.59,-0.07,0.0,1.0557935404235053,0.7731752712031082,0.06742232867782705,0.5,0,2,0.0
6.76123639799971,471,5677.93,-95.6,-1.0,-116.6,-1.19,0.01,0.92,-0.06,-1.04,-0.24,-222.4,-211.9,-118.0,1.54,5.91,0.21,0.0,1.0690182411914215,1.504194136406601,0.0790340888568285,0.5,0,2,0.0
6.770088386999305,472,5677.94,-95.7,-1.2,-116.6,-1.4,-0.13,1.38,-0.06,-1.08,-0.23,-224.6,-225.1,-131.0,1.6,6.28,0.06,0.0,1.1058480908334563,1.970101520226813,0.113546659728886,0.5,0,2,0.0
6.781237612000041,473,5677.95,-95.9,-1.3,-116.6,-0.99,-0.42,1.71,-0.06,-1.14,-0.21,-226.9,-239.3,-140.0,1.67,6.69,0.12,0.0,1.1607325273291862,2.020049504343891,0.16506247430012366,0.5,0,2,0.0
6.79006763399957,474,5677.96,-96.0,-1.5,-116.6,-0.4,-0.88,1.77,-0.07,-1.18,-0.22,-229.4,-254.9,-161.0,1.74,7.15,0.04,0.0,1.2023726543796645,2.0167548190099858,0.20256854932358992,0.5,0,2,0.0
6.8012995190001675,475,5677.97,-96.1,-1.7,-116.7,-0.26,-1.29,1.75,-0.09,-1.16,-0.21,-232.1,-274.1,-190.0,1.82,7.71,0.01,0.0,1.182285921425101,2.1895661670751125,0.17883218004164592,0.5,0,2,0.0
6.810230950999539,476,5677.98,-96.2,-2.0,-116.8,-0.85,-1.33,1.98,-0.04,-1.22,-0.17,-235.0,-297.0,-213.0,1.9,8.34,0.24,0.0,1.2324366109459748,2.532153233909828,0.22440321217126935,0.5,0,2,0.0
6.821181765999427,477,5677.99,-96.3,-2.2,-116.9,-1.11,-1.04,2.21,0.01,-1.37,-0.05,-238.2,-315.4,-164.0,1.98,8.7,-0.16,0.0,1.3709485767161365,2.6828715958837837,0.3556568743826023,0.5,0,2,0.0
6.830184796999674,478,5678.0,-96.3,-2.4,-117.0,-0.79,-0.92,2.67,0.04,-1.44,0.01,-240.3,-324.0,-192.0,2.07,9.14,0.11,0.0,1.4405901568454507,2.9324733587877656,0.41679248542167824,0.5,0,2,0.0
6.841246967999723,479,5678.01,-96.4,-2.7,-117.0,0.24,-0.66,3.24,0.08,-1.49,0.04,-244.7,-346.3,-192.0,2.17,9.62,0.17,0.0,1.4926821496889415,3.315237548049913,0.4595067886998656,0.5,0,2,0.0
6.850184842999624,480,5678.02,-96.3,-3.1,-117.0,1.86,-0.45,3.55,0.07,-1.45,0.11,-248.3,-359.9,-148.0,2.27,9.95,0.13,0.0,1.4558502670261115,4.0329393746993025,0.4142214079162949,0.5,0,2,0.0
6.861139406999428,481,5678.03,-96.0,-3.4,-117.1,2.22,-0.89,3.3,-0.02,-1.28,0.19,-252.0,-376.8,-185.0,2.37,10.52,0.23,0.0,1.2941792766073794,4.075598115614444,0.24749940914761148,0.5,0,2,0.0
6.870188470999892,482,5678.04,-95.8,-3.7,-117.2,1.29,-1.66,2.79,-0.16,-1.11,0.19,-255.9,-395.5,-144.0,2.48,10.82,0.02,0.0,1.1374532957444892,3.4933937653805933,0.08895795971902687,0.5,0,2,0.0
6.881049941999663,483,5678.05,-95.8,-4.0,-117.4,0.06,-2.4,2.14,-0.3,-1.07,0.2,-259.9,-397.9,-48.0,2.59,10.81,0.12,0.0,1.1291146974510606,3.2160845760023165,0.07900697419708647,0.5,0,2,0.0
6.890059435999319,484,5678.06,-95.8,-4.2,-117.6,-0.81,-3.2,1.53,-0.33,-1.1,0.26,-263.9,-396.3,6.0,2.69,10.7,0.19,0.0,1.1774973460691962,3.6382688190951478,0.1248418303589176,0.5,0,2,0.0
6.901390925999294,485,5678.07,-95.9,-4.4,-118.0,-0.66,-4.05,1.04,-0.31,-1.15,0.3,-267.8,-389.4,57.0,2.8,10.46,-0.18,0.0,1.2282507887235408,4.233166663385698,0.1720833675529969,0.5,0,2,0.0
6.910229633000199,486,5678.08,-95.9,-4.5,-118.4,0.09,-4.84,0.73,-0.26,-1.11,0.27,-271.6,-375.1,147.0,2.9,9.91,-0.21,0.0,1.1715801295686097,4.8955694255111935,0.11310445423010451,0.5,0,2,0.0
6.921161649000169,487,5678.09,-95.8,-4.6,-118.9,0.67,-5.47,0.65,-0.17,-1.01,0.22,-275.1,-343.5,303.0,2.99,8.82,-0.13,0.0,1.0475686135046238,5.549081004995331,0.01068892059720361,0.5,0,2,0.0
6.930197187999511,488,5678.1,-95.6,-4.7,-119.5,0.9,-5.99,0.69,-0.09,-0.93,0.16,-278.3,-302.7,360.0,3.07,7.77,-0.12,0.0,0.9479451460923254,6.096408778945192,0.10810614024931198,0.5,0,2,0.0
6.941151002999504,489,5678.11,-95.5,-4.9,-120.1,1.05,-6.15,0.75,-0.03,-0.85,0.08,-281.1,-264.5,384.0,3.14,6.67,-0.02,0.0,0.8542833253669416,6.283908019696024,0.1977326017552018,0.5,0,2,0.0
6.949928010999429,490,5678.12,-95.3,-5.0,-120.7,0.86,-5.92,0.74,0.0,-0.87,0.03,-283.4,-220.7,429.0,3.2,5.43,-0.37,0.0,0.8705170877128146,6.027735893351665,0.1778688626211422,0.5,0,2,0.0
6.9612516239994875,491,5678.13,-95.2,-5.1,-121.3,0.81,-5.5,0.77,0.02,-0.87,0.0,-285.3,-172.9,467.0,3.25,4.1,-0.32,0.0,0.8702298546935746,5.612396992373223,0.17459297372757454,0.5,0,2,0.0
6.97017342900017,492,5678.14,-95.1,-5.3,-121.8,1.08,-4.94,0.64,0.03,-0.93,0.0,-286.7,-123.9,482.0,3.28,2.76,-0.3,0.0,0.9304837451562494,5.097018736477237,0.11205230159960167,0.5,0,2,0.0
6.981193421000171,493,5678.15,-94.9,-5.3,-122.2,1.21,-4.41,0.39,0.04,-0.96,-0.01,-287.6,-74.5,496.0,3.3,1.4,-0.5,0.0,0.9608850087289321,4.589586037977718,0.08001801726638058,0.5,0,2,0.0
6.990172034999887,494,5678.16,-94.8,-5.4,-122.6,0.82,-3.89,0.07,0.05,-0.97,-0.01,-288.0,-25.3,492.0,3.3,0.06,-0.25,0.0,0.9713392816107047,3.9761036203801328,0.06817246949691591,0.5,0,2,0.0
7.001232061999872,495,5678.17,-94.7,-5.4,-123.0,0.27,-3.44,-0.3,0.07,-0.98,-0.02,-287.9,17.7,395.0,3.3,-0.81,0.0,0.0,0.982700361249552,3.463596396810691,0.05567516206090728,0.5,0,2,0.0
7.0102835190000405,496,5678.18,-94.6,-5.4,-123.3,-0.13,-3.03,-0.7,0.08,-0.97,-0.03,-287.5,45.2,312.0,3.28,-1.55,-0.07,0.0,0.973755616158387,3.1125230922838147,0.06332750900903072,0.5,0,2,0.0
7.021141584999896,497,5678.19,-94.6,-5.3,-123.6,-0.2,-2.64,-0.98,0.07,-0.92,-0.04,-286.9,71.4,277.0,3.26,-2.26,0.05,0.0,0.9235258523723091,2.823118842698621,0.11128612733920651,0.5,0,2,0.0
7.030385704999389,498,5678.2,-94.6,-5.2,-123.9,-0.11,-2.26,-1.04,0.06,-0.88,-0.04,-286.0,96.8,261.0,3.23,-2.94,-0.26,0.0,0.8829496021857647,2.490240952197196,0.148825129975236,0.5,0,2,0.0
7.041155955999784,499,5678.21,-94.6,-5.2,-124.1,0.0,-1.96,-1.0,0.06,-0.85,-0.03,-284.9,123.3,271.0,3.2,-3.7,-0.14,0.0,0.8526429498916882,2.2003636063160106,0.17554914662392618,0.5,0,2,0.0
7.050272386999495,500,5678.22,-94.6,-5.1,-124.3,0.01,-1.72,-0.85,0.07,-0.84,-0.03,-283.4,150.3,266.0,3.16,-4.4,-0.15,0.0,0.8434453153583816,1.9185932346383379,0.18105184553408815,0.5,0,2,0.0
7.0613916379998045,501,5678.23,-94.6,-5.0,-124.5,0.04,-1.44,-0.7,0.08,-0.85,-0.06,-281.8,176.0,264.0,3.11,-5.12,-0.14,0.0,0.8558621384311844,1.6016241756417138,0.1652623220120597,0.5,0,2,0.0
7.070155084999897,502,5678.24,-94.5,-5.0,-124.6,0.08,-1.15,-0.56,0.1,-0.87,-0.08,-279.8,201.1,245.0,3.05,-5.74,-0.07,0.0,0.8793747778962051,1.2816005617976296,0.13891468889609815,0.5,0,2,0.0
7.081223000000136,503,5678.25,-94.5,-4.9,-124.7,0.14,-0.82,-0.46,0.11,-0.9,-0.09,-277.7,223.6,231.0,2.99,-6.36,-0.02,0.0,0.9111531155629113,0.9505787710652915,0.10499362420480418,0.5,0,2,0.0
7.090207348000149,504,5678.26,-94.5,-4.9,-124.8,0.16,-0.54,-0.44,0.12,-0.93,-0.09,-275.3,248.8,260.0,2.92,-7.11,-0.14,0.0,0.942019108086455,0.7147027354082255,0.07264507904763529,0.5,0,2,0.0
7.101210490000085,505,5678.27,-94.5,-4.8,-124.8,0.23,-0.31,-0.51,0.11,-0.94,-0.1,-272.6,278.5,282.0,2.85,-7.91,-0.1,0.0,0.9516827202382104,0.6396092557178953,0.06172183755796212,0.5,0,2,0.0
7.110133364999456,506,5678.28,-94.5,-4.8,-124.8,0.24,-0.12,-0.6,0.1,-0.93,-0.1,-269.6,304.8,253.0,2.76,-8.56,-0.14,0.0,0.9406912352095135,0.6572670690061994,0.07125905613492589,0.5,0,2,0.0
7.121098912999514,507,5678.29,-94.4,-4.7,-124.8,0.18,0.04,-0.71,0.08,-0.92,-0.1,-266.4,328.0,243.0,2.67,-9.21,-0.1,0.0,0.9288702815786497,0.7335529974037323,0.08141840957047386,0.5,0,2,0.0
7.130280944999868,508,5678.3,-94.4,-4.6,-124.8,0.13,0.17,-0.84,0.06,-0.89,-0.1,-262.9,352.0,239.0,2.58,-9.85,-0.09,0.0,0.8976079322287654,0.8668333173107733,0.11042714374195095,0.5,0,2,0.0
7.141128823999679,509,5678.31,-94.4,-4.6,-124.8,0.02,0.24,-0.93,0.03,-0.86,-0.11,-259.2,374.8,236.0,2.47,-10.49,0.16,0.0,0.8675252157718529,0.9606768447297979,0.13769966299488612,0.5,0,2,0.0
7.149726962999921,510,5678.32,-94.4,-4.5,-124.8,-0.16,0.26,-1.01,0.0,-0.85,-0.11,-255.3,401.1,255.0,2.36,-11.22,0.0,0.0,0.8570880934886448,1.0551303237041385,0.14517404957253233,0.5,0,2,0.0
7.160848488999363,511,5678.33,-94.5,-4.3,-124.8,-0.34,0.2,-1.1,-0.01,-0.85,-0.11,-251.2,421.5,198.0,2.25,-11.65,-0.08,0.0,0.857146428563988,1.1685888926393233,0.14221340020724527,0.5,0,2,0.0
7.1706900669996685,512,5678.34,-94.6,-4.2,-124.8,-0.56,0.04,-1.07,-0.01,-0.84,-0.12,-246.8,443.0,245.0,2.13,-12.41,-0.05,0.0,0.8485870609430713,1.208345976945345,0.14775731247159873,0.5,0,2,0.0
7.18115916699935,513,5678.35,-94.7,-4.0,-124.8,-0.65,-0.2,-0.97,-0.01,-0.85,-0.14,-242.2,467.2,206.0,2.0,-12.89,-0.11,0.0,0.8615103017375938,1.184651847590675,0.13213739024353477,0.5,0,2,0.0
7.190305498999805,514,5678.36,-94.7,-3.9,-124.8,-0.6,-0.32,-0.94,0.0,-0.9,-0.19,-237.4,492.2,291.0,1.86,-13.85,-0.02,0.0,0.9198369420718001,1.160172400981854,0.07233453491114183,0.5,0,2,0.0
7.202287391999562,515,5678.37,-94.8,-3.9,-124.9,-0.3,-0.44,-0.82,0.02,-0.89,-0.23,-232.2,521.5,246.0,1.72,-14.41,-0.15,0.0,0.9194563611178075,0.9777525249264253,0.07126081354783176,0.5,0,2,0.0
7.210426476999601,516,5678.38,-94.8,-3.8,-124.9,-0.05,-0.5,-0.54,0.04,-0.87,-0.24,-226.9,541.8,234.0,1.57,-15.03,-0.06,0.0,0.9033825324855468,0.7376313442364011,0.08558794933649061,0.5,0,2,0.0
7.221408927999619,517,5678.39,-94.8,-3.8,-125.0,0.17,-0.54,-0.19,0.05,-0.88,-0.24,-221.3,567.9,279.0,1.42,-15.86,-0.04,0.0,0.9135097153287424,0.5971599450733447,0.07395155116342911,0.5,0,2,0.0
7.230321041999559,518,5678.4,-94.7,-3.8,-125.0,0.31,-0.57,0.13,0.05,-0.87,-0.23,-215.4,598.9,245.0,1.25,-16.47,-0.17,0.0,0.9012768719988326,0.6617401302626281,0.08446070660347216,0.5,0,2,0.0
7.2412169559993345,519,5678.41,-94.7,-3.8,-125.1,0.43,-0.54,0.48,0.06,-0.86,-0.25,-209.2,620.5,259.0,1.08,-17.21,-0.4,0.0,0.8976079322287654,0.8407734534343958,0.08636705344606843,0.5,0,2,0.0
7.2504931799994665,520,5678.42,-94.6,-3.9,-125.1,0.39,-0.39,0.77,0.07,-0.86,-0.27,-202.9,639.0,214.0,0.91,-17.71,-0.21,0.0,0.9041017641836564,0.9471536306217698,0.07827575706135392,0.5,0,2,0.0
7.261132052999528,521,5678.43,-94.6,-4.0,-125.2,0.24,-0.15,1.02,0.08,-0.87,-0.27,-196.3,670.3,242.0,0.73,-18.41,-0.31,0.0,0.9144397191723465,1.058536725862641,0.06657904603121056,0.5,0,2,0.0
7.270459244999984,522,5678.44,-94.6,-4.1,-125.1,-0.03,0.12,1.16,0.08,-0.89,-0.25,-189.5,689.3,232.0,0.54,-19.05,0.02,0.0,0.9279008567729636,1.1665761869676579,0.0520555502619815,0.5,0,2,0.0
7.281420147000063,523,5678.45,-94.6,-4.2,-125.1,-0.2,0.38,1.25,0.11,-0.91,-0.25,-182.4,721.6,337.0,0.34,-20.13,-0.39,0.0,0.950105257326787,1.3217034463146413,0.029254126713994966,0.5,0,2,0.0
7.290442873999382,524,5678.46,-94.6,-4.3,-125.0,-0.22,0.68,1.16,0.16,-0.94,-0.24,-174.9,745.9,229.0,0.14,-20.53,0.15,0.0,0.9832598842625483,1.3624977064200878,0.0038224902173310538,0.5,0,2,0.0
7.301222782999503,525,5678.47,-94.7,-4.4,-125.0,-0.26,0.98,1.12,0.18,-0.93,-0.24,-167.4,755.0,61.0,-0.06,-20.43,-0.08,0.0,0.9771898484941399,1.5107613974417007,0.0022025946400557883,0.5,0,2,0.0
7.310426401999393,526,5678.48,-94.7,-4.5,-124.8,-0.19,1.26,1.05,0.22,-0.91,-0.24,-159.9,740.2,-189.0,-0.26,-19.48,0.01,0.0,0.9664884893261793,1.6511208314354224,0.012645874731856077,0.5,0,2,0.0
7.321250713999689,527,5678.49,-94.7,-4.6,-124.7,-0.04,1.58,1.02,0.26,-0.9,-0.25,-153.0,656.3,-832.0,-0.43,-16.12,0.89,0.0,0.9695875411740809,1.8810635289643995,0.009355886426275384,0.5,0,2,0.0
7.330233470000167,528,5678.5,-94.7,-4.7,-124.5,0.52,1.75,0.98,0.36,-0.86,-0.26,-147.6,491.2,-1485.0,-0.56,-11.04,0.67,0.0,0.9678842906050289,2.07202799208891,0.010837954255420779,0.5,0,2,0.0
7.341024979999929,529,5678.51,-94.7,-4.8,-124.3,-0.11,2.11,0.71,0.15,-1.09,-0.25,-144.0,305.0,-1706.0,-0.64,-6.1,0.7,0.0,1.1283173312503891,2.2289683712426247,0.14660318466214062,0.5,0,2,0.0
7.3504206379993775,530,5678.52,-94.8,-4.8,-124.1,-1.3,2.14,-0.25,-0.15,-1.22,-0.19,-142.0,145.4,-1518.0,-0.67,-2.34,0.46,0.0,1.243784547258889,2.5163664280068594,0.2568289926572278,0.5,0,2,0.0
7.361181676999877,531,5678.53,-95.0,-4.7,-123.9,-1.16,1.5,-0.93,-0.32,-1.16,-0.11,-141.5,25.1,-1241.0,-0.67,0.55,0.31,0.0,1.2083459769453448,2.111989583307645,0.21696261389680993,0.5,0,2,0.0
7.370450010999775,532,5678.54,-95.0,-4.6,-123.8,0.22,0.58,-0.83,-0.24,-1.04,-0.14,-141.8,-60.9,-930.0,-0.65,2.57,0.24,0.0,1.0764757312638313,1.0361949623502325,0.08339052085099052,0.5,0,2,0.0
7.381306190999567,533,5678.55,-94.9,-4.5,-123.8,1.52,0.43,-0.17,-0.05,-0.93,-0.31,-142.9,-134.8,-785.0,-0.61,4.48,0.15,0.0,0.981580358401695,1.5887731115549508,0.011274754970922896,0.5,0,2,0.0
7.390430278999702,534,5678.56,-94.8,-4.5,-123.7,0.67,0.66,0.13,-0.12,-1.07,-0.3,-144.7,-194.4,-614.0,-0.56,5.87,0.09,0.0,1.1177208953938367,0.9494208761134337,0.12236846638079446,0.5,0,2,0.0
7.401266554999893,535,5678.57,-94.9,-4.5,-123.6,-0.93,0.77,-0.18,-0.13,-1.14,-0.25,-147.0,-239.0,-489.0,-0.49,7.01,0.17,0.0,1.174308307047174,1.2207374820165064,0.1753767604734492,0.5,0,2,0.0
7.410521103000065,536,5678.58,-95.0,-4.5,-123.6,-1.58,0.8,-0.6,-0.02,-1.17,-0.19,-149.7,-280.9,-444.0,-0.41,8.15,0.21,0.0,1.1854956769216831,1.8698663053812163,0.18283284774099906,0.5,0,2,0.0
7.421153055000104,537,5678.59,-95.2,-4.4,-123.5,-2.09,0.64,-0.99,0.02,-1.22,-0.2,-152.8,-318.7,-368.0,-0.33,9.01,0.23,0.0,1.2364465212858986,2.3995416228938393,0.22910801826311022,0.5,0,2,0.0
7.430488703999799,538,5678.6,-95.5,-4.3,-123.4,-3.02,0.76,-1.51,0.01,-1.3,-0.23,-156.1,-338.9,-214.0,-0.23,9.33,-0.04,0.0,1.320227253165151,3.460939178893498,0.30663097513951554,0.5,0,2,0.0
7.441317050999714,539,5678.61,-95.9,-4.0,-123.4,-3.8,0.88,-2.21,0.0,-1.38,-0.13,-159.5,-344.1,-80.0,-0.14,9.33,0.12,0.0,1.3861096637712327,4.4831350637695495,0.36506311803068514,0.5,0,2,0.0
7.450304850999601,540,5678.62,-96.2,-3.7,-123.3,-3.92,0.67,-3.16,-0.02,-1.51,0.0,-162.9,-335.7,68.0,-0.05,8.89,0.03,0.0,1.510132444522665,5.0794586325709945,0.4793041808064751,0.5,0,2,0.0
7.461188303999734,541,5678.63,-96.6,-3.4,-123.3,-3.85,0.42,-4.1,-0.08,-1.56,0.03,-166.1,-312.6,195.0,0.03,8.17,-0.18,0.0,1.5623379916010494,5.639937942921003,0.5208795333271623,0.5,0,3,0.0
7.470388193999497,542,5678.64,-97.0,-2.9,-123.3,-3.78,0.23,-4.61,-0.14,-1.53,0.09,-169.1,-288.1,218.0,0.1,7.55,-0.05,0.0,1.5390256658028807,5.966020449177157,0.4876158633784138,0.5,0,3,0.0
7.4812495070000296,543,5678.65,-97.3,-2.5,-123.4,-2.49,0.02,-4.35,-0.06,-1.38,0.12,-171.8,-263.8,247.0,0.17,6.83,-0.09,0.0,1.386506400994961,5.012284908103289,0.32839466659908423,0.5,0,3,0.0
7.49037187399972,544,5678.66,-97.5,-2.1,-123.4,-0.69,0.16,-3.2,0.09,-1.15,0.06,-174.3,-237.2,256.0,0.24,6.12,-0.39,0.0,1.155075755091414,3.277453279605981,0.09502474028162644,0.5,0,3,0.0
7.501250626000001,545,5678.67,-97.5,-1.8,-123.4,0.34,0.74,-1.81,0.28,-1.0,-0.04,-176.5,-212.3,247.0,0.29,5.47,0.0,0.0,1.0392304845413265,1.984766988842771,0.020404119663091747,0.5,0,3,0.0
7.510358982999605,546,5678.68,-97.4,-1.7,-123.3,0.86,1.86,-0.8,0.39,-0.89,-0.13,-178.4,-188.8,237.0,0.34,4.84,-0.07,0.0,0.980357077803797,2.1998181743044127,0.07769197587260879,0.5,0,3,0.0
7.521428782999465,547,5678.69,-97.3,-1.6,-123.0,0.71,3.21,-0.11,0.4,-0.82,-0.11,-180.1,-165.0,241.0,0.39,4.18,-0.17,0.0,0.9189668111526117,3.2894224417061424,0.13630059767331826,0.5,0,3,0.0
7.530408337999688,548,5678.7,-97.3,-1.6,-122.6,0.44,4.66,0.32,0.38,-0.83,-0.08,-181.6,-139.4,250.0,0.43,3.49,-0.14,0.0,0.9163514609580757,4.691652161019612,0.13613762891049708,0.5,0,3,0.0
7.541170624999722,549,5678.71,-97.3,-1.6,-122.1,0.16,5.89,0.45,0.34,-0.94,-0.01,-182.8,-113.5,260.0,0.45,2.76,0.03,0.0,0.9996499387285531,5.909331603489518,0.05178236811721937,0.5,0,3,0.0
7.5504094589996384,550,5678.72,-97.3,-1.5,-121.5,0.19,6.83,0.17,0.25,-1.05,0.02,-183.8,-87.1,256.0,0.48,2.06,-0.15,0.0,1.0795369377654476,6.834756762314223,0.027542538301281505,0.5,0,3,0.0
7.561256489999323,551,5678.73,-97.3,-1.4,-120.8,0.74,7.21,-0.3,0.13,-1.09,0.11,-184.5,-63.0,234.0,0.49,1.45,-0.11,0.0,1.1032225523438144,7.25408160968706,0.05020358982205542,0.5,0,3,0.0
7.570423698999548,552,5678.74,-97.1,-1.3,-120.1,1.62,7.0,-0.86,0.02,-1.07,0.15,-185.0,-40.5,236.0,0.5,0.8,-0.18,0.0,1.0806479537758815,7.236297395768087,0.027076411429040048,0.5,0,3,0.0
7.581313855999724,553,5678.75,-97.0,-1.1,-119.4,1.91,6.64,-1.34,-0.08,-1.03,0.13,-185.2,-17.0,233.0,0.51,0.18,-0.08,0.0,1.0412492496996095,7.037989769813537,0.012075846794287415,0.5,0,3,0.0
7.590472471999419,554,5678.76,-96.8,-0.8,-118.8,1.45,6.1,-1.6,-0.17,-0.97,0.12,-185.2,2.4,172.0,0.51,-0.17,-0.15,0.0,0.9920685460188726,6.470896383036897,0.06003141946552393,0.5,0,3,0.0
7.601225243000044,555,5678.77,-96.7,-0.6,-118.2,0.81,5.47,-1.55,-0.23,-0.94,0.11,-185.2,5.8,52.0,0.5,-0.12,-0.07,0.0,0.9739609848448756,5.742778073371806,0.07657620102673057,0.5,0,3,0.0
7.610294357999919,556,5678.78,-96.7,-0.4,-117.7,0.66,4.69,-1.27,-0.23,-0.93,0.12,-185.1,1.3,-18.0,0.5,0.03,0.09,0.0,0.9655050491841045,4.903529341199051,0.08333149395375161,0.5,0,3,0.0
7.621141314999477,557,5678.79,-96.6,-0.2,-117.3,0.86,3.89,-0.95,-0.2,-0.91,0.1,-185.2,-4.4,-40.0,0.51,0.17,-0.1,0.0,0.9370699013414101,4.095631819390019,0.109531308960517,0.5,0,3,0.0
7.630387948999669,558,5678.8,-96.5,-0.1,-117.0,0.7,3.17,-0.55,-0.15,-0.87,0.03,-185.2,-9.6,-62.0,0.51,0.38,-0.08,0.0,0.8833459118601275,3.29262812962533,0.15999019247296364,0.5,0,3,0.0
7.641234711999459,559,5678.81,-96.5,-0.1,-116.7,0.03,2.7,-0.1,-0.11,-0.88,-0.02,-185.4,-23.5,-133.0,0.52,0.86,0.0,0.0,0.8870738413458036,2.7020177645604035,0.15313701772754185,0.5,0,3,0.0
7.650375488999998,560,5678.82,-96.5,-0.1,-116.5,-0.23,2.52,0.26,-0.09,-0.92,-0.05,-185.8,-45.6,-208.0,0.53,1.57,0.2,0.0,0.9257429448826494,2.5437963754986366,0.11217855590688208,0.5,0,3,0.0
7.661183520000122,561,5678.83,-96.5,-0.1,-116.2,0.0,2.47,0.52,-0.08,-0.96,-0.04,-186.4,-72.0,-239.0,0.55,2.26,0.15,0.0,0.964157663455516,2.524143419063188,0.07228856058733513,0.5,0,3,0.0
7.670412927000143,562,5678.84,-96.5,-0.1,-116.0,0.48,2.32,0.66,-0.08,-0.96,-0.03,-187.3,-97.9,-253.0,0.58,2.97,0.15,0.0,0.9637945839233586,2.4593495074917677,0.0711986073171027,0.5,0,3,0.0
7.681293586999345,563,5678.85,-96.4,-0.1,-115.7,0.83,2.16,0.75,-0.06,-0.92,-0.02,-188.5,-120.8,-229.0,0.61,3.55,-0.01,0.0,0.9221713506718803,2.432488437793693,0.11056540375720947,0.5,0,3,0.0
7.70616692800013,565,5678.87,-96.2,-0.3,-115.3,0.92,1.8,0.85,-0.04,-0.87,-0.02,-191.4,-156.1,-153.0,0.69,4.37,0.05,0.0,0.8711486669908874,2.192920427192925,0.15835632568943825,0.5,0,3,0.0
7.71434730799956,566,5678.88,-96.0,-0.4,-115.1,0.77,1.64,0.85,-0.04,-0.86,-0.04,-193.0,-166.0,-102.0,0.74,4.57,-0.04,0.0,0.8618584570566098,2.00124960961895,0.16429360491124168,0.5,0,3,0.0
7.722446249999848,567,5678.89,-95.9,-0.5,-115.0,0.65,1.48,0.77,-0.04,-0.85,-0.05,-194.7,-171.1,-64.0,0.79,4.7,0.22,0.0,0.8524083528450433,1.7904747973652129,0.17026883494035194,0.5,0,3,0.0
7.730365518999861,568,5678.9,-95.9,-0.6,-114.8,0.27,1.32,0.85,-0.05,-0.86,-0.05,-196.4,-172.9,-21.0,0.83,4.68,-0.09,0.0,0.8629020801921848,1.5930473941474559,0.1565796054413463,0.5,0,3,0.0
7.741241029999401,569,5678.91,-95.8,-0.7,-114.7,0.12,1.14,1.01,-0.06,-0.86,-0.06,-198.2,-169.3,27.0,0.88,4.52,-0.16,0.0,0.864175908018732,1.5277761616153067,0.15219966206250313,0.5,0,3,0.0
7.750477924999359,570,5678.92,-95.8,-0.8,-114.6,0.21,0.92,1.13,-0.06,-0.88,-0.07,-199.8,-160.7,73.0,0.92,4.24,0.07,0.0,0.8848163651289459,1.47220922426128,0.1289280208532434,0.5,0,3,0.0
7.7611676030001036,571,5678.93,-95.8,-1.0,-114.5,0.33,0.75,1.17,-0.08,-0.91,-0.09,-201.3,-147.6,122.0,0.96,3.83,-0.08,0.0,0.9179324593890337,1.4283907028540894,0.09389568806129245,0.5,0,3,0.0
7.770391338000081,572,5678.94,-95.7,-1.1,-114.4,0.49,0.67,1.05,-0.08,-0.92,-0.11,-202.7,-131.3,142.0,1.0,3.4,0.02,0.0,0.93,1.3384692749555367,0.08019158450131958,0.5,0,3,0.0
7.781257236999409,573,5678.95,-95.7,-1.2,-114.3,0.77,0.52,0.98,-0.06,-0.91,-0.12,-203.9,-113.4,173.0,1.03,2.87,0.0,0.0,0.9198369420718001,1.3504443713089407,0.08854754958092903,0.5,0,3,0.0
7.790390225999545,574,5678.96,-95.6,-1.4,-114.3,1.03,0.44,0.96,-0.05,-0.9,-0.14,-204.9,-95.7,171.0,1.05,2.41,-0.1,0.0,0.9121951545584969,1.4751610081614819,0.09426555035234763,0.5,0,3,0.0
7.801180986999498,575,5678.97,-95.6,-1.5,-114.2,1.33,0.35,0.83,-0.04,-0.89,-0.17,-205.7,-80.0,156.0,1.07,2.0,-0.01,0.0,0.9069729874698585,1.6063312236273066,0.0974979630921663,0.5,0,3,0.0
7.810391018999326,576,5678.98,-95.5,-1.5,-114.2,1.79,0.31,0.57,-0.05,-0.87,-0.17,-206.4,-64.2,152.0,1.09,1.58,0.0,0.0,0.887862601982987,1.9039695375714392,0.114276181607457,0.5,0,3,0.0
7.82122273099958,577,5678.99,-95.3,-1.6,-114.2,2.29,0.19,0.19,-0.07,-0.83,-0.16,-207.0,-50.6,136.0,1.1,1.24,-0.07,0.0,0.848174510345601,2.305710302705004,0.1508849877799462,0.5,0,3,0.0
7.830389820999699,578,5679.0,-95.3,-1.6,-114.2,2.29,0.19,0.19,-0.07,-0.83,-0.16,-207.2,-44.4,132.0,1.11,1.02,0.07,0.0,0.848174510345601,2.305710302705004,0.14786728802434723,0.5,0,3,0.0
7.841242026000145,579,5679.01,-94.8,-1.5,-114.2,1.92,-0.24,-0.63,-0.14,-0.73,-0.16,-207.8,-32.7,102.0,1.12,0.81,-0.07,0.0,0.7603288762108144,2.0349201458533943,0.23099866371595124,0.5,0,3,0.0
7.850446096999804,580,5679.02,-94.7,-1.5,-114.2,0.65,-0.56,-0.83,-0.15,-0.71,-0.19,-208.0,-27.7,63.0,1.13,0.7,-0.05,0.0,0.750133321483588,1.1937336386313322,0.23637033407431407,0.5,0,3,0.0
7.861140610999428,581,5679.03,-94.7,-1.4,-114.3,-0.63,-0.8,-0.88,-0.13,-0.75,-0.2,-208.3,-29.0,-11.0,1.14,0.86,-0.06,0.0,0.78701969479804,1.3458454591816997,0.19549428154466486,0.5,0,3,0.0
7.8703368679998675,582,5679.04,-94.8,-1.3,-114.4,-1.4,-0.9,-0.87,-0.09,-0.84,-0.2,-208.7,-35.0,-47.0,1.15,1.06,-0.19,0.0,0.8681589716175258,1.8780042598460738,0.11206790463067551,0.5,0,3,0.0
7.881174118999297,583,5679.05,-95.0,-1.2,-114.5,-1.65,-0.88,-0.81,-0.03,-0.9,-0.22,-209.1,-45.3,-96.0,1.16,1.39,-0.24,0.0,0.9269843580125827,2.037891066764855,0.052177667870906164,0.5,0,3,0.0
7.8904347229999985,584,5679.06,-95.1,-1.1,-114.6,-1.49,-0.75,-0.81,0.0,-0.93,-0.22,-209.6,-59.9,-136.0,1.18,1.83,0.04,0.0,0.9556673061269806,1.8543732094699814,0.023024825361378176,0.5,0,3,0.0
7.90119391799999,585,5679.07,-95.3,-1.1,-114.6,-1.31,-0.66,-0.82,0.03,-0.91,-0.22,-210.3,-76.5,-166.0,1.2,2.32,-0.06,0.0,0.9366963221877195,1.6805058762170397,0.04115589311462653,0.5,0,3,0.0
7.910407050999311,586,5679.08,-95.4,-1.0,-114.7,-1.56,-0.49,-0.8,0.03,-0.91,-0.21,-211.2,-96.8,-186.0,1.23,2.86,0.16,0.0,0.9343982020530648,1.8203571078225285,0.042584932984295554,0.5,0,3,0.0
7.921199941999475,587,5679.09,-95.6,-0.9,-114.8,-2.36,-0.22,-0.58,0.05,-0.97,-0.21,-212.3,-116.9,-196.0,1.26,3.42,0.01,0.0,0.9937303457175894,2.4401639289195307,0.016412266466624525,0.5,0,3,0.0
7.930417654999474,588,5679.1,-95.9,-0.9,-114.8,-2.4,0.22,-0.5,0.05,-1.1,-0.18,-213.7,-137.3,-201.0,1.3,3.98,0.16,0.0,1.1157508682497181,2.461381725779242,0.13566413321877813,0.5,0,3,0.0
7.941178680000121,589,5679.11,-96.1,-0.8,-114.7,-1.27,0.49,-0.42,0.04,-1.13,-0.16,-215.2,-156.1,-181.0,1.34,4.43,0.07,0.0,1.1419719786404567,1.4245701105947717,0.1586475387373264,0.5,0,3,0.0
7.950419271999635,590,5679.12,-96.2,-0.7,-114.7,0.23,0.45,-0.35,0.03,-1.1,-0.19,-216.8,-170.9,-150.0,1.39,4.79,0.03,0.0,1.1166915420114905,0.6147357155721473,0.13069976006619288,0.5,0,3,0.0
7.961206078999567,591,5679.13,-96.1,-0.7,-114.6,1.31,0.23,-0.44,0.0,-1.03,-0.18,-218.6,-181.4,-109.0,1.44,5.02,0.06,0.0,1.0456098698845568,1.400928263688045,0.058425726180474036,0.5,0,3,0.0
7.970333792999554,592,5679.14,-96.0,-0.6,-114.7,0.72,-0.3,-0.35,-0.04,-0.9,-0.21,-220.5,-187.0,-65.0,1.49,5.14,-0.11,0.0,0.925040539652182,0.8549268974596599,0.060900731970862765,0.5,0,3,0.0
7.981092796999292,593,5679.15,-96.0,-0.6,-114.7,-0.91,-0.78,0.04,-0.06,-0.89,-0.22,-222.4,-193.4,-73.0,1.54,5.35,-0.02,0.0,0.9187491496594705,1.199208072020865,0.06584827952430283,0.5,0,3,0.0
7.990518128000076,594,5679.16,-96.2,-0.7,-114.8,-2.35,-1.11,0.7,-0.07,-0.93,-0.27,-224.4,-204.0,-106.0,1.6,5.71,0.03,0.0,0.9709273917240157,2.6915794619516626,0.01339663671056257,0.5,0,3,0.0
8.001127540999732,595,5679.17,-96.5,-0.8,-114.9,-2.58,-1.05,1.46,-0.05,-1.06,-0.28,-226.5,-218.3,-135.0,1.66,6.13,0.12,0.0,1.0974971526158963,3.144916533073652,0.11090966169769167,0.5,0,3,0.0
8.010395502999927,596,5679.18,-96.7,-1.0,-115.0,-1.7,-0.85,1.84,-0.05,-1.18,-0.28,-228.8,-235.4,-169.0,1.72,6.65,0.06,0.0,1.2137956994486345,2.645392220446715,0.22266404435982134,0.5,0,3,0.0
8.021362442999816,597,5679.19,-96.9,-1.2,-115.0,-0.85,-0.9,1.97,-0.08,-1.2,-0.21,-231.3,-255.1,-193.0,1.79,7.2,0.12,0.0,1.2208603523745047,2.326671442210954,0.22513412333997773,0.5,0,3,0.0
8.030415854999774,598,5679.2,-97.0,-1.4,-115.1,-1.09,-1.11,2.08,-0.06,-1.2,-0.16,-234.0,-277.6,-212.0,1.87,7.8,0.18,0.0,1.2121056059601407,2.5974217986303265,0.21205178938710145,0.5,0,3,0.0
8.041152246999445,599,5679.21,-97.1,-1.7,-115.2,-1.92,-0.99,2.32,0.02,-1.26,-0.13,-237.0,-298.7,-199.0,1.95,8.33,-1.15,0.0,1.2668464784653268,3.17,0.26145680865444176,0.5,0,3,0.0
8.050408670999786,600,5679.22,-97.3,-1.9,-115.2,-2.43,-0.6,2.66,0.13,-1.36,-0.05,-240.0,-314.1,-167.0,2.04,8.74,0.12,0.0,1.3671137480107498,3.65246492111834,0.35448959663586743,0.5,0,3,0.0
8.061200140999972,601,5679.23,-97.6,-2.2,-115.3,-2.2,-0.4,3.24,0.16,-1.41,0.0,-243.3,-335.1,-217.0,2.13,9.41,-0.06,0.0,1.4190489773083943,3.9366991249014704,0.3982963294148416,0.5,0,3,0.0
8.0703656149999,602,5679.24,-97.7,-2.6,-115.2,-1.2,-0.08,4.0,0.17,-1.41,0.01,-246.8,-356.8,-195.0,2.23,9.9,0.16,0.0,1.4202464574854605,4.176888794306116,0.3915039334000696,0.5,0,3,0.0
8.081121651000103,603,5679.25,-97.8,-3.0,-115.2,0.01,0.12,4.39,0.13,-1.41,0.08,-250.5,-376.0,-223.0,2.33,10.57,0.09,0.0,1.4182383438618489,4.391651170118137,0.3817059033809289,0.5,0,3,0.0
8.090511499000058,604,5679.26,-97.8,-3.4,-115.1,0.42,-0.21,3.95,-0.03,-1.29,0.15,-254.5,-405.6,-267.0,2.44,11.35,0.1,0.0,1.299038105676658,3.9778134697343464,0.25725555189182336,0.5,0,3,0.0
8.101117397000053,605,5679.27,-97.7,-3.8,-115.1,-0.18,-1.04,3.21,-0.23,-1.18,0.19,-258.7,-425.8,-190.0,2.56,11.73,-0.22,0.0,1.2171277665060476,3.379067918820218,0.17183830846678871,0.5,0,3,0.0
8.110339006999311,606,5679.28,-97.8,-4.1,-115.2,-1.04,-2.08,2.5,-0.37,-1.13,0.24,-263.1,-441.5,-166.0,2.68,12.16,0.0,0.0,1.213012778168474,3.4143813495273196,0.1643688537266308,0.5,0,3,0.0
8.121096582999598,607,5679.29,-97.9,-4.3,-115.5,-1.22,-3.26,1.88,-0.44,-1.16,0.31,-267.6,-450.2,-88.0,2.8,12.27,-0.01,0.0,1.2787884891568269,3.9560586446613755,0.22554167342068387,0.5,0,3,0.0
8.129650447000131,608,5679.3,-98.0,-4.5,-115.9,-0.62,-4.44,1.43,-0.44,-1.14,0.32,-272.1,-449.6,14.0,2.92,12.05,-0.06,0.0,1.2631706139710501,4.705624294394953,0.2057253222702089,0.5,0,3,0.0
8.140785820999554,609,5679.31,-98.0,-4.7,-116.3,0.25,-5.36,1.29,-0.35,-1.08,0.27,-276.4,-425.4,215.0,3.04,11.15,-0.11,0.0,1.1669618674146984,5.5187136182266245,0.10732624419958015,0.5,0,3,0.0
8.151482608999686,610,5679.32,-97.8,-4.9,-116.9,0.92,-5.98,1.27,-0.23,-1.03,0.24,-280.5,-395.9,258.0,3.14,10.39,-0.13,0.0,1.0823123393919152,6.1822083433025785,0.022223181853260998,0.5,0,3,0.0
8.160924486000113,611,5679.33,-97.7,-5.1,-117.5,1.19,-6.41,1.28,-0.12,-0.95,0.17,-284.2,-358.9,372.0,3.24,9.19,-0.37,0.0,0.9725224933131367,6.643989765193803,0.08581533094100724,0.5,0,3,0.0
8.174340912999469,612,5679.34,-97.5,-5.4,-118.1,1.23,-6.54,1.27,-0.04,-0.94,0.09,-287.4,-313.1,424.0,3.32,7.96,0.0,0.0,0.9451454914456292,6.774761988439152,0.11092848615234452,0.5,0,3,0.0
8.182407620000049,613,5679.35,-97.3,-5.6,-118.7,1.45,-6.23,1.26,0.02,-0.91,0.0,-290.3,-269.0,435.0,3.39,6.77,-0.17,0.0,0.9102197536858888,6.519432490639044,0.14293713943384312,0.5,0,3,0.0
8.190355334999367,614,5679.36,-97.1,-5.8,-119.3,1.51,-5.6,1.2,0.07,-0.93,-0.02,-292.6,-221.7,470.0,3.45,5.43,-0.32,0.0,0.9328451104015072,5.922845599878491,0.11790554706386014,0.5,0,3,0.0
8.201181407999684,615,5679.37,-96.9,-5.9,-119.8,1.62,-4.84,0.98,0.11,-0.95,-0.04,-294.5,-172.1,490.0,3.5,4.05,-0.24,0.0,0.957183368012629,5.197153066824182,0.09169594366368361,0.5,0,3,0.0
8.21010962299988,616,5679.38,-96.7,-6.1,-120.3,1.45,-4.1,0.68,0.15,-0.96,-0.06,-295.9,-123.2,487.0,3.53,2.76,-0.06,0.0,0.9734988443752771,4.40169285616341,0.07387285795501486,0.5,0,3,0.0
8.22092485199937,617,5679.39,-96.5,-6.2,-120.6,0.86,-3.37,0.26,0.18,-0.97,-0.08,-296.8,-75.1,484.0,3.55,1.44,0.01,0.0,0.9897979591815695,3.487706983105089,0.056422268285748034,0.5,0,3,0.0
8.230348324999795,618,5679.4,-96.5,-6.2,-120.9,0.07,-2.68,-0.17,0.2,-0.97,-0.1,-297.2,-27.7,469.0,3.55,0.19,0.01,0.0,0.9954396013822235,2.6862985686628362,0.049765013563392246,0.5,0,3,0.0
8.241079724999508,619,5679.41,-96.4,-6.2,-121.2,-0.37,-2.1,-0.63,0.18,-0.98,-0.08,-297.2,14.5,401.0,3.55,-0.77,-0.31,0.0,0.9995999199679839,2.2234657631724395,0.044692601078079264,0.5,0,3,0.0
8.250294722000035,620,5679.42,-96.5,-6.1,-121.4,-0.58,-1.65,-0.94,0.14,-0.93,-0.07,-296.8,43.6,312.0,3.54,-1.48,-0.04,0.0,0.9430800602281866,1.985572965166478,0.09918821160151903,0.5,0,3,0.0
8.26108012199984,621,5679.43,-96.5,-6.0,-121.5,-0.57,-1.42,-1.03,0.09,-0.88,-0.05,-296.2,69.4,277.0,3.52,-2.21,-0.29,0.0,0.8860022573334675,1.8445053537466352,0.15314069420631327,0.5,0,3,0.0
8.27024708799945,622,5679.44,-96.6,-6.0,-121.7,-0.51,-1.29,-0.96,0.04,-0.86,-0.05,-295.3,95.8,271.0,3.49,-2.92,-0.14,0.0,0.8623804264940154,1.6869499103411458,0.17322727454484999,0.5,0,3,0.0
8.281162315000074,623,5679.45,-96.6,-5.9,-121.8,-0.35,-1.22,-0.86,0.01,-0.87,-0.06,-294.2,121.9,263.0,3.45,-3.64,-0.16,0.0,0.8721238444166058,1.5331340450201998,0.1602141794898143,0.5,0,3,0.0
8.29037056299967,624,5679.46,-96.6,-5.8,-121.9,-0.14,-1.16,-0.73,0.0,-0.87,-0.07,-292.8,147.8,260.0,3.41,-4.33,-0.14,0.0,0.8728115489611719,1.377715500384604,0.15633594544634333,0.5,0,3,0.0
8.301172179999412,625,5679.47,-96.6,-5.7,-122.0,0.05,-1.14,-0.58,0.0,-0.89,-0.08,-291.1,174.6,262.0,3.36,-5.06,0.0,0.0,0.8935882720806042,1.2800390619039717,0.1328480378803728,0.5,0,3,0.0
8.310219281999707,626,5679.48,-96.5,-5.6,-122.2,0.22,-1.12,-0.54,0.02,-0.91,-0.09,-289.2,198.4,246.0,3.31,-5.69,-0.24,0.0,0.91465840618233,1.2626955294131679,0.1095423457030742,0.5,0,3,0.0
8.320995446999405,627,5679.49,-96.5,-5.6,-122.3,0.42,-1.05,-0.51,0.04,-0.92,-0.09,-287.1,223.2,249.0,3.25,-6.37,0.0,0.0,0.9252567211320327,1.2405643876881198,0.09696515013830409,0.5,0,3,0.0
8.330207385999529,628,5679.5,-96.4,-5.5,-122.4,0.52,-0.94,-0.52,0.06,-0.93,-0.11,-284.7,249.3,260.0,3.18,-7.1,-0.12,0.0,0.9384028985462481,1.1934822998268553,0.08214259326960682,0.5,0,3,0.0
8.341083491000063,629,5679.51,-96.4,-5.5,-122.5,0.67,-0.77,-0.54,0.08,-0.92,-0.12,-282.0,275.7,261.0,3.1,-7.82,0.11,0.0,0.9312357381458253,1.1547294055318762,0.08752355859662908,0.5,0,3,0.0
8.350363023999307,630,5679.52,-96.3,-5.4,-122.6,0.79,-0.58,-0.55,0.1,-0.9,-0.12,-279.1,298.6,228.0,3.02,-8.37,-0.26,0.0,0.913454979733539,1.123832727766904,0.10319823066873712,0.5,0,3,0.0
8.361016642999857,631,5679.53,-96.2,-5.4,-122.6,0.77,-0.36,-0.51,0.11,-0.89,-0.14,-275.9,321.4,250.0,2.93,-9.1,-0.05,0.0,0.9076342875850383,0.9912618221237011,0.10683854436089302,0.5,0,3,0.0
8.370292251000137,632,5679.54,-96.1,-5.3,-122.6,0.65,-0.15,-0.48,0.11,-0.87,-0.15,-272.5,353.1,293.0,2.84,-9.96,-0.25,0.0,0.8896628574915332,0.8218272324521743,0.12231377496531015,0.5,0,3,0.0
8.381138510999335,633,5679.55,-96.1,-5.3,-122.6,0.38,0.06,-0.47,0.1,-0.87,-0.17,-268.8,379.5,254.0,2.73,-10.58,-0.02,0.0,0.8920762299265685,0.6073713855624086,0.11750239447966937,0.5,0,3,0.0
8.390298442999665,634,5679.56,-96.1,-5.2,-122.6,0.14,0.25,-0.52,0.07,-0.87,-0.18,-264.8,402.4,242.0,2.62,-11.23,-0.18,0.0,0.8911789943664516,0.5937171043518958,0.11603163743899048,0.5,0,3,0.0
8.401211729999886,635,5679.57,-96.1,-5.2,-122.6,-0.01,0.37,-0.58,0.05,-0.87,-0.19,-260.6,426.1,230.0,2.5,-11.84,0.0,0.0,0.8919080670113932,0.6880406964707828,0.11299651349816786,0.5,0,3,0.0
8.410275209999782,636,5679.58,-96.1,-5.1,-122.6,-0.15,0.5,-0.54,0.03,-0.84,-0.22,-256.2,451.5,260.0,2.38,-12.6,-0.06,0.0,0.8688498144098322,0.751065909225016,0.1333336707777344,0.5,0,3,0.0
8.421167868999873,637,5679.59,-96.1,-5.1,-122.5,-0.22,0.55,-0.43,0.02,-0.84,-0.23,-251.5,473.1,193.0,2.25,-13.03,-0.17,0.0,0.8711486669908873,0.731983606373804,0.1284141218327457,0.5,0,3,0.0
8.430235980999896,638,5679.6,-96.1,-5.0,-122.5,-0.04,0.62,-0.41,0.01,-0.84,-0.23,-246.7,492.2,229.0,2.12,-13.72,-0.05,0.0,0.870976463516667,0.7443789357578572,0.12601459880082666,0.5,0,3,0.0
8.441067730999748,639,5679.61,-96.1,-5.0,-122.4,0.19,0.62,-0.29,0.0,-0.8,-0.22,-241.6,513.5,182.0,1.98,-14.13,-0.32,0.0,0.8296987405076617,0.7103520254071217,0.16394647537363538,0.5,0,3,0.0
8.450325551999413,640,5679.62,-96.1,-4.9,-122.3,0.11,0.61,-0.09,0.0,-0.79,-0.23,-236.3,540.5,295.0,1.83,-15.15,0.17,0.0,0.8228000972289685,0.6263385665915839,0.16742821627928195,0.5,0,3,0.0
8.46111585000017,641,5679.63,-96.1,-4.9,-122.3,0.0,0.58,0.06,0.01,-0.79,-0.24,-230.7,568.8,252.0,1.67,-15.73,-0.04,0.0,0.8257118141337206,0.58309518948453,0.16122616938703926,0.5,0,3,0.0
8.47033268299947,642,5679.64,-96.1,-4.9,-122.2,-0.19,0.54,0.19,0.03,-0.8,-0.24,-224.8,593.7,261.0,1.51,-16.47,-0.18,0.0,0.8357631243360766,0.603158354000009,0.14815136200098966,0.5,0,3,0.0
8.481068099999902,643,5679.65,-96.1,-5.0,-122.2,-0.51,0.51,0.3,0.04,-0.82,-0.25,-218.6,627.5,334.0,1.34,-17.49,-0.19,0.0,0.8581957818586619,0.7811529939774922,0.12320433038883627,0.5,0,3,0.0
8.490298814999733,644,5679.66,-96.2,-5.0,-122.1,-0.82,0.49,0.34,0.06,-0.89,-0.23,-212.2,651.4,242.0,1.16,-17.99,-0.07,0.0,0.9211948762341223,1.0139526616169021,0.059001131293108244,0.5,0,3,0.0
8.501302478999605,645,5679.67,-96.3,-5.0,-122.1,-1.13,0.42,0.32,0.06,-0.94,-0.21,-205.5,673.7,186.0,0.98,-18.43,-0.22,0.0,0.9650388593212192,1.2472770341828634,0.014854005241891066,0.5,0,3,0.0
8.510342376999688,646,5679.68,-96.4,-5.0,-122.0,-1.16,0.35,0.24,0.06,-0.98,-0.2,-198.6,698.9,286.0,0.78,-19.39,-0.01,0.0,1.0019980039900278,1.2351922927220684,0.021663036638379096,0.5,0,3,0.0
8.521137662000001,647,5679.69,-96.6,-5.1,-122.0,-1.03,0.3,0.13,0.05,-1.01,-0.18,-191.5,721.4,219.0,0.59,-19.87,0.0,0.0,1.0271319292087069,1.0806479537758815,0.04586102261991698,0.5,0,3,0.0
8.53041648099952,648,5679.7,-96.7,-5.1,-122.0,-0.81,0.22,0.13,0.04,-0.99,-0.18,-184.1,747.3,304.0,0.38,-20.84,0.02,0.0,1.0070253224224304,0.8493526947034431,0.02523932751696767,0.5,0,3,0.0
8.540989400999933,649,5679.71,-96.7,-5.1,-121.9,-0.57,0.12,0.18,0.02,-0.97,-0.18,-176.4,775.4,212.0,0.17,-21.23,0.13,0.0,0.9867623827447011,0.6096720429870472,0.004876860082453582,0.5,0,3,0.0
8.550236536999364,650,5679.72,-96.8,-5.1,-121.9,-0.54,-0.06,0.22,0.0,-0.96,-0.18,-168.5,784.6,59.0,-0.03,-21.17,0.05,0.0,0.9767292357659824,0.5861740355901138,0.0050531611583398695,0.5,0,3,0.0
8.561096724999516,651,5679.73,-96.8,-5.1,-122.0,-0.52,-0.38,0.25,0.0,-0.94,-0.18,-160.7,777.8,-113.0,-0.24,-20.57,0.15,0.0,0.9570788891204318,0.690869017976635,0.02420943764781258,0.5,0,3,0.0
8.570296980999956,652,5679.74,-96.9,-5.2,-122.0,-0.23,-0.87,0.32,0.09,-0.91,-0.22,-153.5,675.0,-1072.0,-0.42,-16.02,0.81,0.0,0.9405317644821998,0.9550916186418977,0.03994143104032377,0.5,0,3,0.0
8.58119447199988,653,5679.75,-96.8,-5.2,-122.1,0.98,-0.83,0.78,0.26,-0.84,-0.34,-148.3,448.2,-2052.0,-0.53,-8.87,1.26,0.0,0.942761899951414,1.5025644744901963,0.03695706965968737,0.5,0,3,0.0
8.590305969999463,654,5679.76,-96.7,-5.3,-122.1,0.94,-0.3,0.75,0.07,-1.21,-0.46,-145.7,173.6,-2473.0,-0.57,-1.54,0.84,0.0,1.2963795740445774,1.239395013706284,0.31032739234480644,0.5,0,3,0.0
8.601128805999906,655,5679.77,-96.7,-5.3,-122.1,-0.58,0.79,-0.52,-0.26,-1.54,-0.54,-145.6,-37.3,-1849.0,-0.55,2.34,0.22,0.0,1.6525132374658908,1.109459327780879,0.6531318346507975,0.5,0,4,0.0
8.61014306800007,656,5679.78,-96.8,-5.2,-122.0,-1.23,0.74,-1.86,-0.46,-1.54,-0.2,-146.6,-120.1,-1051.0,-0.52,3.95,0.1,0.0,1.619629587282228,2.3494893062110327,0.607843220777792,0.5,0,4,0.0
8.620925823000107,657,5679.79,-96.9,-5.0,-122.1,0.39,-0.48,-2.25,-0.23,-1.36,-0.07,-148.2,-176.6,-739.0,-0.47,5.5,0.22,0.0,1.3810865287881133,2.333452377915607,0.3619141590380037,0.5,0,4,0.0
8.630334436999874,658,5679.8,-96.7,-4.8,-122.2,1.61,-0.95,-1.99,0.01,-1.16,-0.09,-150.3,-234.7,-632.0,-0.4,7.07,0.15,0.0,1.1635291143757427,2.730329650426849,0.1414696097331205,0.5,0,4,0.0
8.6411165290001,659,5679.81,-96.6,-4.6,-122.3,0.68,-1.21,-1.6,0.1,-0.96,-0.15,-153.0,-285.8,-509.0,-0.32,8.25,0.07,0.0,0.9767804256842988,2.1181359729724627,0.04437349737915686,0.5,0,4,0.0
8.650315264999335,660,5679.82,-96.6,-4.5,-122.4,-1.57,-1.26,-1.31,0.11,-0.97,-0.17,-156.1,-319.7,-357.0,-0.23,8.97,0.14,0.0,0.9909086738948246,2.401790998400985,0.029640344185258516,0.5,0,4,0.0
8.6610956909999,661,5679.83,-96.9,-4.3,-122.6,-3.23,-1.26,-1.44,0.1,-1.08,-0.17,-159.5,-339.4,-225.0,-0.14,9.38,0.0,0.0,1.0978615577567146,3.754210969031975,0.07576628888309878,0.5,0,4,0.0
8.670314747999328,662,5679.84,-97.2,-4.2,-122.7,-3.9,-1.44,-1.73,0.1,-1.22,-0.12,-162.9,-345.5,-69.0,-0.05,9.31,-0.2,0.0,1.2299593489217437,4.502943481768342,0.20370679844716544,0.5,0,4,0.0
8.681130097999812,663,5679.85,-97.6,-4.0,-122.9,-3.76,-1.4,-2.23,0.11,-1.42,-0.11,-166.3,-334.8,65.0,0.03,8.92,0.08,0.0,1.4284957122791795,4.590261430463411,0.3941982985685091,0.5,0,4,0.0
8.690363386999707,664,5679.86,-97.9,-3.8,-123.1,-3.22,-1.24,-2.86,0.05,-1.45,-0.09,-169.6,-322.0,102.0,0.12,8.6,-0.05,0.0,1.4536505769957235,4.481696107502159,0.4109661000193521,0.5,0,4,0.0
8.70085453899992,665,5679.87,-98.2,-3.5,-123.2,-2.53,-1.09,-3.18,0.02,-1.38,-0.1,-172.7,-305.3,175.0,0.2,7.99,-0.07,0.0,1.3837629854855924,4.207303174243568,0.3342569383390366,0.5,0,4,0.0
8.710052262999852,666,5679.88,-98.4,-3.2,-123.4,-1.29,-0.78,-3.12,0.05,-1.24,-0.15,-175.6,-280.5,228.0,0.28,7.3,-0.11,0.0,1.2500399993600204,3.4650974012284275,0.19652327316919527,0.5,0,4,0.0
8.721138574999713,667,5679.89,-98.4,-2.9,-123.5,-0.25,-0.1,-2.48,0.14,-1.04,-0.17,-178.2,-255.1,243.0,0.35,6.63,-0.16,0.0,1.0630616162763098,2.494574111947769,0.00935399228377487,0.5,0,4,0.0
8.730330929999582,668,5679.9,-98.4,-2.7,-123.4,0.11,0.77,-1.19,0.29,-0.93,-0.16,-180.6,-227.6,274.0,0.41,5.82,0.02,0.0,0.9872183142547549,1.4216539663363936,0.06515952354302434,0.5,0,4,0.0
8.741100923999511,669,5679.91,-98.4,-2.6,-123.3,0.07,1.76,-0.37,0.38,-0.95,-0.15,-182.6,-196.2,303.0,0.46,4.95,-0.19,0.0,1.034117981663601,1.7998333256165693,0.017894659011494785,0.5,0,4,0.0
8.750435205999565,670,5679.92,-98.4,-2.5,-123.1,0.01,2.97,0.05,0.35,-0.97,-0.12,-184.4,-163.7,315.0,0.5,4.07,-0.06,0.0,1.0381714694596456,2.9704376781881825,0.013564347791141351,0.5,0,4,0.0
8.76095686499957,671,5679.93,-98.4,-2.5,-122.7,-0.04,3.91,0.42,0.25,-0.93,-0.06,-185.8,-131.2,326.0,0.54,3.15,-0.02,0.0,0.9648834126463156,3.9326962760935404,0.08511535651238178,0.5,0,4,0.0
8.770385588999488,672,5679.94,-98.5,-2.5,-122.3,0.04,4.86,0.78,0.15,-0.97,-0.04,-186.9,-98.4,318.0,0.56,2.3,-0.22,0.0,0.982344135219425,4.9223571589229485,0.06630154126048693,0.5,0,4,0.0
8.781039460999637,673,5679.95,-98.5,-2.5,-121.8,0.34,5.44,0.82,0.08,-1.08,0.06,-187.7,-67.9,313.0,0.58,1.45,-0.09,0.0,1.0846197490365,5.5119506528995705,0.03525459110545626,0.5,0,4,0.0
8.790354326999477,674,5679.96,-98.4,-2.5,-121.2,0.73,5.79,0.49,0.0,-1.16,0.08,-188.1,-36.5,304.0,0.59,0.64,-0.16,0.0,1.1627553482998907,5.856372597436061,0.11112238656147011,0.5,0,4,0.0
8.800651517000006,675,5679.97,-98.4,-2.4,-120.6,1.38,5.98,-0.22,-0.11,-1.18,0.12,-188.3,-8.2,281.0,0.59,-0.08,-0.1,0.0,1.1911758896149636,6.141107391993728,0.13675206931901207,0.5,0,4,0.0
8.810261609999543,676,5679.98,-98.2,-2.3,-120.0,2.36,5.84,-0.89,-0.16,-1.1,0.13,-188.2,9.6,165.0,0.59,-0.33,0.08,0.0,1.1191514642799696,6.361391357242533,0.0634330911043377,0.5,0,4,0.0
8.821137154000098,677,5679.99,-97.9,-2.1,-119.5,3.34,5.36,-1.44,-0.15,-0.99,0.15,-188.1,8.7,24.0,0.58,-0.16,-0.01,0.0,1.0124722218411721,6.47756126949024,0.04238122830777047,0.5,0,4,0.0
8.830339915999502,678,5680.0,-97.6,-1.9,-119.0,3.42,4.69,-1.67,-0.15,-0.87,0.12,-188.1,5.1,-9.0,0.58,-0.09,-0.04,0.0,0.8909545442950498,6.039983443685918,0.16062092773681502,0.5,0,4,0.0
8.841020476999802,679,5680.01,-97.3,-1.6,-118.6,2.54,4.01,-1.65,-0.13,-0.8,0.07,-188.0,3.1,-8.0,0.58,-0.07,-0.3,0.0,0.8135109095765097,5.025355708803109,0.23330327120624805,0.5,0,4,0.0
8.854275831999985,680,5680.02,-97.1,-1.4,-118.3,1.4,3.44,-1.38,-0.1,-0.77,0.05,-188.0,2.7,-6.0,0.58,-0.06,-0.1,0.0,0.7780745465570763,3.9620701659612236,0.2633648415411679,0.5,0,4,0.0
8.862077676999434,681,5680.03,-97.0,-1.3,-118.0,0.49,2.9,-0.93,-0.08,-0.79,0.04,-188.0,-0.3,-36.0,0.58,0.08,0.15,0.0,0.7950471684120384,3.0846393630374362,0.24146437529248166,0.5,0,4,0.0
8.8701783839997,682,5680.04,-97.0,-1.2,-117.7,0.0,2.41,-0.43,-0.05,-0.88,0.03,-188.0,-4.3,-31.0,0.58,0.15,-0.01,0.0,0.8819297024139735,2.4480604567698077,0.1514902044647356,0.5,0,4,0.0
8.880970739000077,683,5680.05,-97.0,-1.1,-117.5,-0.06,2.04,-0.01,-0.03,-0.96,-0.03,-188.1,-9.3,-64.0,0.59,0.38,0.07,0.0,0.960937042682818,2.0409066612660167,0.07103320691197335,0.5,0,4,0.0
8.890061993999552,684,5680.06,-97.0,-1.2,-117.3,-0.07,1.89,0.47,-0.03,-1.01,-0.1,-188.3,-20.9,-103.0,0.59,0.73,-0.18,0.0,1.0153817016275208,1.9488201558891984,0.01625677700792516,0.5,0,4,0.0
8.901022444999398,685,5680.07,-97.0,-1.2,-117.1,0.33,1.92,0.92,-0.04,-1.03,-0.1,-188.6,-35.8,-148.0,0.6,1.2,0.0,0.0,1.035615758860399,2.154460489310491,0.003897734620453841,0.5,0,4,0.0
8.910100234999845,686,5680.08,-96.9,-1.3,-116.9,1.09,1.98,1.22,-0.04,-1.03,-0.1,-189.1,-54.5,-177.0,0.62,1.71,0.25,0.0,1.035615758860399,2.568443108188305,0.003819779928044831,0.5,0,4,0.0
8.920693278999352,687,5680.09,-96.7,-1.4,-116.7,1.69,2.06,1.28,-0.03,-0.97,-0.12,-189.7,-74.0,-195.0,0.64,2.28,0.2,0.0,0.9778547949465708,2.9560277400592843,0.05286236030606761,0.5,0,4,0.0
8.930910088000019,688,5680.1,-96.6,-1.5,-116.5,1.81,2.16,1.24,-0.03,-0.91,-0.12,-190.6,-94.7,-200.0,0.67,2.83,-0.01,0.0,0.9183681179135086,3.0788471868541967,0.11010205659234718,0.5,0,4,0.0
8.940878514999895,689,5680.11,-96.4,-1.6,-116.2,1.7,2.22,1.15,-0.02,-0.87,-0.13,-191.7,-113.9,-186.0,0.7,3.31,-0.08,0.0,0.8798863562983574,3.0233921346725765,0.14561214184334847,0.5,0,4,0.0
8.950218339999992,690,5680.12,-96.3,-1.7,-116.0,1.4,2.25,1.03,-0.01,-0.86,-0.13,-193.0,-130.2,-161.0,0.73,3.7,-0.18,0.0,0.8698275691193054,2.8431320757221252,0.15255751044195254,0.5,0,4,0.0
8.961123893999684,691,5680.13,-96.2,-1.7,-115.7,1.16,2.3,0.84,0.0,-0.86,-0.12,-194.4,-142.4,-129.0,0.77,4.0,-0.14,0.0,0.8683317338436963,2.7094648918190467,0.1509722788032103,0.5,0,4,0.0
8.97036621999996,692,5680.14,-96.1,-1.8,-115.5,0.86,2.22,0.89,0.0,-0.85,-0.11,-195.8,-151.4,-90.0,0.81,4.18,-0.06,0.0,0.8570880934886448,2.5416726775885206,0.15897160077509664,0.5,0,4,0.0
8.980995343999894,693,5680.15,-96.1,-1.9,-115.3,0.66,2.07,1.03,0.0,-0.85,-0.12,-197.4,-156.2,-54.0,0.86,4.27,0.03,0.0,0.8584287972802402,2.4044542000212856,0.15447827904383127,0.5,0,4,0.0
8.990320680999503,694,5680.16,-96.0,-1.9,-115.1,0.57,1.91,1.12,-0.02,-0.87,-0.12,-199.0,-156.7,-10.0,0.9,4.23,-0.12,0.0,0.8784645695758025,2.2863508042293073,0.13175365661330363,0.5,0,4,0.0
9.000961691000157,695,5680.17,-96.0,-2.0,-114.9,0.58,1.78,1.08,-0.05,-0.88,-0.13,-200.5,-153.3,28.0,0.94,4.09,-0.01,0.0,0.8909545442950498,2.161295907551763,0.11687840825617524,0.5,0,4,0.0
9.010261030999573,696,5680.18,-96.0,-2.1,-114.7,0.73,1.65,0.93,-0.06,-0.87,-0.14,-202.0,-146.8,61.0,0.98,3.88,-0.02,0.0,0.8832326986700617,2.0298522113690938,0.12210824880353999,0.5,0,4,0.0
9.020993457999793,697,5680.19,-95.9,-2.2,-114.5,0.81,1.51,0.89,-0.08,-0.85,-0.14,-203.4,-138.4,75.0,1.02,3.66,-0.14,0.0,0.8651589449343975,1.9308806281072894,0.13737836248842017,0.5,0,4,0.0
9.030389501999707,698,5680.2,-95.9,-2.3,-114.4,0.76,1.39,0.86,-0.09,-0.84,-0.16,-204.7,-130.3,80.0,1.05,3.43,-0.07,0.0,0.8598255637046388,1.8025814822082245,0.13985750884381531,0.5,0,4,0.0
9.041101763999905,699,5680.21,-95.8,-2.4,-114.2,0.55,1.32,0.78,-0.1,-0.86,-0.16,-206.0,-121.5,88.0,1.09,3.18,0.08,0.0,0.8804544281222054,1.628895331198417,0.11684407153772369,0.5,0,4,0.0
9.050274163999347,700,5680.22,-95.8,-2.5,-114.1,0.38,1.12,0.6,-0.11,-0.87,-0.16,-207.1,-112.1,85.0,1.12,2.96,-0.22,0.0,0.891403387922662,1.3261975720080323,0.10377720950252167,0.5,0,4,0.0
9.061125534999519,701,5680.23,-95.8,-2.5,-114.0,0.42,0.98,0.37,-0.12,-0.9,-0.18,-208.2,-103.1,87.0,1.14,2.7,0.11,0.0,0.9256349172324908,1.1285831825789359,0.06815476658883901,0.5,0,4,0.0
9.070342908999919,702,5680.24,-95.7,-2.5,-113.9,0.92,0.82,-0.01,-0.13,-0.89,-0.2,-209.2,-93.4,92.0,1.17,2.44,-0.05,0.0,0.9214119599831555,1.2324366109459748,0.07093016936141083,0.5,0,4,0.0
9.080812950000109,703,5680.25,-95.6,-2.5,-113.8,1.79,0.64,-0.5,-0.16,-0.87,-0.2,-210.0,-84.8,85.0,1.19,2.22,-0.1,0.0,0.9069178573608527,1.9656296701057399,0.08371578654403933,0.5,0,4,0.0
9.090297906999695,704,5680.26,-95.4,-2.4,-113.8,2.39,0.31,-0.96,-0.19,-0.8,-0.17,-210.8,-78.3,64.0,1.21,2.07,-0.03,0.0,0.8396427811873334,2.5941858067609576,0.1479710454632075,0.5,0,4,0.0
9.101172982999742,705,5680.27,-95.1,-2.3,-113.8,2.07,-0.06,-1.14,-0.22,-0.7,-0.17,-211.6,-71.9,71.0,1.23,1.86,0.01,0.0,0.7531932023060219,2.363916242171029,0.2297322118576286,0.5,0,4,0.0
9.114436580000074,706,5680.28,-95.0,-2.2,-113.8,0.66,-0.47,-1.1,-0.2,-0.68,-0.17,-212.3,-67.4,43.0,1.25,1.8,-0.04,0.0,0.728903285765677,1.3661991070118586,0.24894168583001408,0.5,0,4,0.0
9.122211824999795,707,5680.29,-95.0,-2.1,-113.9,-1.15,-0.76,-1.01,-0.15,-0.73,-0.15,-212.9,-65.2,21.0,1.27,1.77,-0.14,0.0,0.760197342799881,1.7088592686350739,0.21329467621989384,0.5,0,4,0.0
9.13038643299933,708,5680.3,-95.2,-2.0,-114.0,-2.32,-0.89,-0.85,-0.09,-0.83,-0.15,-213.6,-66.9,-19.0,1.29,1.88,0.08,0.0,0.84823345842993,2.626214004988931,0.12275338937804792,0.5,0,4,0.0
9.140832303000025,709,5680.31,-95.5,-1.9,-114.1,-2.64,-0.92,-0.79,-0.03,-0.93,-0.17,-214.3,-71.9,-46.0,1.31,2.05,-0.18,0.0,0.9458858282054976,2.9051850199255815,0.02459899921043074,0.5,0,4,0.0
9.150379302999681,710,5680.32,-95.8,-1.8,-114.2,-2.26,-0.85,-0.73,0.02,-0.98,-0.18,-215.1,-80.9,-83.0,1.33,2.33,0.04,0.0,0.9965942002640793,2.5224987611493486,0.025587185391187983,0.5,0,4,0.0
9.160814787999698,711,5680.33,-96.0,-1.8,-114.3,-1.78,-0.69,-0.66,0.05,-0.97,-0.2,-216.0,-93.9,-131.0,1.35,2.76,0.0,0.0,0.9916652661054535,2.019925741209315,0.02024508620791088,0.5,0,4,0.0
9.170325961999879,712,5680.34,-96.2,-1.7,-114.3,-1.76,-0.27,-0.47,0.09,-0.96,-0.22,-217.0,-110.7,-158.0,1.39,3.23,0.16,0.0,0.9889893831583836,1.8415754125204864,0.01721781919562415,0.5,0,4,0.0
9.180888279999635,713,5680.35,-96.3,-1.7,-114.3,-1.81,0.34,-0.28,0.08,-0.99,-0.24,-218.2,-130.0,-182.0,1.42,3.76,0.07,0.0,1.0218121158021176,1.8628204422326915,0.04903974080257101,0.5,0,4,0.0
9.190362227999685,714,5680.36,-96.5,-1.7,-114.3,-1.35,0.84,-0.06,0.07,-1.01,-0.24,-219.7,-147.5,-171.0,1.46,4.21,-0.06,0.0,1.0404806581575652,1.5911316727411344,0.0663541174948582,0.5,0,4,0.0
9.200801674999639,715,5680.37,-96.6,-1.7,-114.2,-0.18,0.93,0.0,0.09,-1.02,-0.26,-221.3,-162.9,-155.0,1.51,4.6,-0.15,0.0,1.0564563407921788,0.9472592042308167,0.08068320412688235,0.5,0,4,0.0
9.210245010000108,716,5680.38,-96.5,-1.6,-114.1,0.64,0.71,-0.08,0.03,-0.95,-0.26,-223.0,-176.2,-137.0,1.56,4.94,0.33,0.0,0.985393322486001,0.959218431849597,0.009427782104290516,0.5,0,4,0.0
9.221009496999613,717,5680.39,-96.5,-1.6,-114.0,-0.73,0.29,0.2,-0.01,-0.88,-0.29,-224.8,-189.6,-137.0,1.61,5.32,0.13,0.0,0.92660671268883,0.8105553651663777,0.048371651139022864,0.5,0,4,0.0
9.23033222199956,718,5680.4,-96.7,-1.7,-114.0,-2.57,0.04,0.61,-0.05,-0.94,-0.3,-226.8,-204.4,-152.0,1.66,5.76,0.06,0.0,0.9879777325425912,2.6417039955301576,0.012739381340443612,0.5,0,4,0.0
9.240833363999627,719,5680.41,-97.0,-1.8,-114.0,-3.34,0.09,1.04,-0.11,-1.08,-0.28,-229.0,-222.6,-182.0,1.73,6.3,0.14,0.0,1.1211155159036914,3.4993285070138813,0.14295962140751295,0.5,0,4,0.0
9.250390436000089,720,5680.42,-97.3,-1.9,-114.0,-2.69,0.01,1.47,-0.14,-1.16,-0.27,-231.4,-245.5,-230.0,1.79,7.01,0.14,0.0,1.1992080720208649,3.065468969015997,0.21663113397419265,0.5,0,4,0.0
9.261046218999581,721,5680.43,-97.6,-2.1,-114.0,-1.8,-0.24,1.79,-0.17,-1.22,-0.27,-234.0,-274.5,-269.0,1.87,7.8,0.05,0.0,1.2610313239567048,2.5498431324299147,0.27288529819183194,0.5,0,4,0.0
9.270216687999891,722,5680.44,-97.7,-2.2,-114.0,-1.28,-0.66,1.86,-0.19,-1.2,-0.23,-237.0,-302.8,-266.0,1.95,8.53,0.14,0.0,1.2365273955719702,2.3523605165875408,0.24341374241095537,0.5,0,4,0.0
9.281059337999977,723,5680.45,-97.8,-2.5,-114.1,-1.5,-1.12,1.99,-0.16,-1.2,-0.14,-240.2,-326.5,-254.0,2.04,9.2,0.16,0.0,1.21868781892657,2.732123716086078,0.22106268245024396,0.5,0,4,0.0
9.29041135999978,724,5680.46,-98.0,-2.8,-114.2,-2.57,-1.12,2.48,-0.12,-1.24,-0.08,-243.6,-356.8,-294.0,2.14,10.07,0.0,0.0,1.2483589227461789,3.742953379351658,0.24571911054445583,0.5,0,4,0.0
9.301132672999302,725,5680.47,-98.3,-3.1,-114.2,-3.49,-0.78,3.51,-0.04,-1.39,0.06,-247.4,-383.4,-245.0,2.25,10.66,0.0,0.0,1.3918692467326088,5.010848231587143,0.38144484584026794,0.5,0,4,0.0
9.310260881999966,726,5680.48,-98.6,-3.5,-114.2,-2.91,-0.54,4.58,0.08,-1.59,0.16,-251.4,-404.5,-244.0,2.36,11.33,0.08,0.0,1.6000312496948303,5.453081697535808,0.5778147118264396,0.5,1,5,3.0
9.320689231999495,727,5680.49,-98.8,-4.0,-114.2,-0.36,-0.43,4.92,0.16,-1.75,0.18,-255.6,-431.0,-236.0,2.47,11.94,0.0,0.0,1.7664937022248337,4.951858237066162,0.7293916210693141,0.5,0,5,3.0
9.330242799000189,728,5680.5,-98.7,-4.4,-114.2,2.57,-0.56,3.89,-0.01,-1.57,0.16,-259.9,-420.1,349.0,2.59,9.95,3.12,3.49,1.578163489629639,4.695806639971455,0.530240180304637,0.5,0,5,3.0
9.340928118000193,729,5680.51,-98.4,-4.8,-114.2,2.63,-1.31,2.8,-0.22,-1.15,0.17,-263.2,-274.7,1162.0,2.65,5.56,3.11,3.49,1.1831314381758267,4.0586943713465296,0.13250396627380812,0.5,0,5,3.0
9.35016537699994,730,5680.52,-98.2,-5.0,-114.4,0.56,-2.48,2.0,-0.38,-1.05,0.22,-264.9,-129.8,1277.0,2.68,1.96,2.97,3.49,1.138112472473613,3.234810659064917,0.08573530056016243,0.5,0,5,3.0
9.360961493999639,731,5680.53,-98.2,-5.2,-114.7,-0.46,-3.87,1.16,-0.45,-1.07,0.27,-265.4,-12.0,1092.0,2.68,-0.66,3.45,3.49,1.1917633993373014,4.066214455731522,0.13659850287537378,0.5,0,5,3.0
9.370204390999788,732,5680.54,-98.2,-5.4,-115.1,-0.26,-5.23,0.7,-0.41,-1.15,0.31,-265.1,38.6,548.0,2.67,-1.24,3.44,3.49,1.259642806513021,5.283038898210007,0.20038835185007153,0.5,0,5,3.0
9.381006265999531,733,5680.55,-98.1,-5.5,-115.7,0.97,-6.1,0.69,-0.32,-1.21,0.32,-264.6,54.0,300.0,2.66,-1.68,3.52,3.49,1.2918591254467338,6.215062348842528,0.2279525773681086,0.5,0,5,3.0
9.390229544999784,734,5680.56,-97.9,-5.7,-116.3,2.35,-6.87,0.92,-0.24,-1.16,0.34,-263.9,70.9,235.0,2.64,-2.24,3.45,3.49,1.2323960402403116,7.318866032385071,0.16511970231845274,0.5,0,5,3.0
9.400952969000173,735,5680.57,-97.5,-5.9,-117.0,3.46,-7.66,1.15,-0.12,-1.0,0.27,-263.0,93.1,200.0,2.61,-2.71,3.31,3.49,1.04273678366115,8.483495741732886,0.024048763175494647,0.5,0,5,3.0
9.410154434000106,736,5680.58,-97.1,-6.1,-117.8,3.59,-8.17,1.5,-0.05,-0.9,0.17,-262.0,104.9,100.0,2.58,-2.81,3.41,3.49,0.9172785836374902,9.0491436058889,0.14651682393517151,0.5,0,5,3.0
9.420817534999514,737,5680.59,-96.6,-6.4,-118.6,3.15,-7.89,1.64,0.01,-0.86,0.01,-260.9,114.1,209.0,2.55,-3.61,3.27,3.49,0.860116271209887,8.652410068876764,0.19960555363551913,0.5,0,5,3.0
9.43033353699957,738,5680.6,-96.3,-6.6,-119.3,2.21,-6.96,1.6,0.04,-0.95,-0.02,-259.5,166.2,469.0,2.5,-5.29,2.94,3.49,0.9510520490488414,7.475673882667702,0.10649638028063335,0.5,0,5,3.0
9.44070630599981,739,5680.61,-96.0,-6.9,-119.9,1.24,-6.23,1.13,0.05,-1.06,-0.03,-257.3,239.0,661.0,2.43,-7.42,2.88,3.49,1.0616025621672172,6.451929943823011,0.003973050180987592,0.5,0,5,3.0
9.450804950999554,740,5680.62,-95.9,-7.0,-120.5,0.93,-5.65,0.49,0.06,-1.06,-0.02,-254.4,316.3,710.0,2.35,-9.43,3.61,3.49,1.061885116196663,5.746955715855135,0.0041704921262246675,0.5,0,5,3.0
9.46083802799967,741,5680.63,-95.7,-7.1,-121.1,0.68,-5.29,-0.14,0.09,-1.03,-0.03,-250.7,382.7,644.0,2.24,-11.1,3.7,3.49,1.0343597053249898,5.335363155400015,0.022887820370539602,0.5,0,5,3.0
9.470739718000004,742,5680.64,-95.6,-7.1,-121.6,0.34,-4.79,-0.63,0.14,-0.98,-0.09,-246.5,437.7,571.0,2.12,-12.51,3.37,3.49,0.9940321926376429,4.843201420548189,0.06195102639672878,0.5,0,5,3.0
9.481038537999666,743,5680.65,-95.5,-7.0,-122.0,0.08,-4.12,-0.92,0.17,-0.94,-0.12,-241.9,475.8,388.0,1.99,-13.28,3.73,3.49,0.9627564593395361,4.2222269005822035,0.0913622245009389,0.5,0,5,3.0
9.490185843999825,744,5680.66,-95.5,-7.0,-122.4,-0.1,-3.44,-1.09,0.17,-0.92,-0.12,-236.9,507.8,383.0,1.85,-14.31,3.7,3.49,0.9432391001225512,3.6099445979128264,0.1086619920435653,0.5,0,5,3.0
9.501166160999674,745,5680.67,-95.5,-6.9,-122.7,-0.18,-2.85,-1.2,0.15,-0.91,-0.11,-231.6,531.6,212.0,1.7,-14.54,3.62,3.49,0.9288164511893617,3.097563558669943,0.12062294815721963,0.5,0,5,0.0
9.510331520999898,746,5680.68,-95.4,-6.8,-123.0,-0.17,-2.44,-1.31,0.11,-0.9,-0.09,-226.2,539.5,115.0,1.56,-14.7,3.65,3.49,0.9111531155629113,2.7746351111452476,0.13552055810799657,0.5,0,5,0.0
9.520986802999687,747,5680.69,-95.4,-6.7,-123.3,-0.18,-2.15,-1.38,0.08,-0.91,-0.09,-220.9,528.0,-286.0,1.41,-13.19,0.79,0.0,0.9179324593890337,2.561113039285849,0.12616638999623686,0.5,0,5,0.0
9.530360504999408,748,5680.7,-95.4,-6.5,-123.5,-0.41,-1.84,-1.48,0.02,-0.97,-0.1,-216.4,399.4,-1062.0,1.31,-9.1,0.42,0.0,0.9753460924205315,2.396685210869379,0.06737770182544423,0.5,0,5,0.0
9.54108843099948,749,5680.71,-95.5,-6.4,-123.7,-0.71,-1.73,-1.69,-0.06,-0.97,-0.07,-213.3,275.7,-1049.0,1.24,-6.37,0.19,0.0,0.9743715923609432,2.520535657355396,0.06698515784733183,0.5,0,5,0.0
9.550308576000134,750,5680.72,-95.5,-6.2,-123.9,-0.45,-1.88,-1.76,-0.04,-0.89,-0.07,-211.1,200.6,-757.0,1.19,-4.8,0.07,0.0,0.8936442245099557,2.614287665885298,0.1447582751843529,0.5,0,5,0.0
9.560826078999526,751,5680.73,-95.5,-6.0,-124.1,0.26,-2.04,-1.6,0.01,-0.82,-0.09,-209.4,157.1,-483.0,1.15,-3.93,-0.03,0.0,0.8249848483457135,2.6056093337259907,0.20914929832162332,0.5,0,5,0.0
9.570406473999356,752,5680.74,-95.4,-5.9,-124.3,0.54,-2.1,-1.37,0.07,-0.78,-0.12,-208.0,133.9,-289.0,1.11,-3.45,0.02,0.0,0.7922752047110903,2.564858670570369,0.23702176311712175,0.5,0,5,0.0
9.581110778999573,753,5680.75,-95.3,-5.7,-124.5,0.3,-2.03,-1.15,0.1,-0.78,-0.15,-206.8,123.9,-137.0,1.08,-3.33,0.14,0.0,0.8005623023850174,2.3523180057126627,0.2241599721343307,0.5,0,5,0.0
9.59028911599944,754,5680.76,-95.3,-5.7,-124.7,0.03,-1.82,-1.04,0.13,-0.81,-0.17,-205.5,124.1,-30.0,1.04,-3.42,-0.08,0.0,0.8377947242612597,2.0964016790682076,0.18318899925292664,0.5,0,5,0.0
9.600961897999696,755,5680.77,-95.3,-5.6,-124.9,-0.09,-1.53,-1.02,0.15,-0.83,-0.18,-204.2,130.6,51.0,1.01,-3.69,-0.15,0.0,0.8624384035976134,1.841032319107951,0.15537441351824155,0.5,0,5,0.0
9.610327141999733,756,5680.78,-95.3,-5.5,-125.0,-0.07,-1.14,-0.92,0.15,-0.84,-0.2,-202.9,143.4,108.0,0.97,-4.07,-0.11,0.0,0.8764131445842194,1.466594695203825,0.13857167908100276,0.5,0,5,0.0
9.620712826999807,757,5680.79,-95.3,-5.4,-125.1,0.0,-0.77,-0.74,0.16,-0.86,-0.21,-201.3,161.3,172.0,0.92,-4.65,0.11,0.0,0.8996110270555825,1.067941945987702,0.11306632067744682,0.5,0,5,0.0
9.63033113199981,758,5680.8,-95.3,-5.3,-125.2,0.22,-0.37,-0.65,0.17,-0.89,-0.22,-199.5,183.6,208.0,0.87,-5.27,-0.1,0.0,0.9324162160752032,0.779615289742319,0.07865590902466968,0.5,0,5,0.0
9.638400088999333,759,5680.81,-95.2,-5.3,-125.2,0.68,0.01,-0.52,0.16,-0.87,-0.25,-197.5,206.1,220.0,0.82,-5.88,0.11,0.0,0.9192388155425117,0.8560957890329797,0.08999664336621382,0.5,0,5,0.0
9.650859030999527,760,5680.82,-95.1,-5.3,-125.2,1.04,0.37,-0.25,0.16,-0.8,-0.26,-195.3,228.9,220.0,0.75,-6.48,-0.19,0.0,0.8562709851443059,1.131812705353673,0.14990518428913135,0.5,0,5,0.0
9.660949809000158,761,5680.83,-95.0,-5.2,-125.2,1.16,0.81,-0.02,0.16,-0.78,-0.28,-192.9,251.4,226.0,0.68,-7.11,-0.18,0.0,0.8440379138403677,1.414955829699288,0.1588954904812081,0.5,0,5,0.0
9.670225846999529,762,5680.84,-94.9,-5.2,-125.0,1.12,1.23,0.16,0.17,-0.74,-0.29,-190.2,275.7,242.0,0.61,-7.82,-0.06,0.0,0.812773031048644,1.671197175679758,0.1863571658074733,0.5,0,5,0.0
9.681066400999953,763,5680.85,-94.8,-5.2,-124.9,0.52,1.66,0.43,0.15,-0.73,-0.29,-187.3,300.5,237.0,0.52,-8.45,-0.14,0.0,0.7996874389409901,1.7918984346217839,0.19545390275682462,0.5,0,5,0.0
9.6904038269995,764,5680.86,-94.9,-5.3,-124.7,-0.18,1.95,0.64,0.12,-0.77,-0.22,-184.4,323.7,267.0,0.43,-9.24,-0.15,0.0,0.8097530487747483,2.060218435020908,0.18168052706460514,0.5,0,5,0.0
9.70084215099996,765,5680.87,-94.9,-5.3,-124.5,-0.55,1.97,0.69,0.09,-0.81,-0.2,-181.0,353.3,273.0,0.34,-9.98,-0.31,0.0,0.83916625289629,2.158587501121972,0.1492219764842022,0.5,0,5,0.0
9.71027649899952,766,5680.88,-95.0,-5.4,-124.3,-0.8,1.95,0.73,0.05,-0.83,-0.2,-177.3,375.1,219.0,0.23,-10.49,0.0,0.0,0.855219270129012,2.230560467685196,0.13050558006645063,0.5,0,5,0.0
9.72081209999942,767,5680.89,-95.1,-5.5,-124.1,-1.26,1.98,0.79,0.02,-0.86,-0.22,-173.4,398.8,255.0,0.12,-11.27,-0.09,0.0,0.8879189152169245,2.476307735318856,0.09584981627896738,0.5,0,5,0.0
9.734249273999922,768,5680.9,-95.3,-5.5,-123.9,-1.71,2.04,0.84,-0.02,-0.89,-0.2,-169.2,422.5,202.0,0.01,-11.67,-0.16,0.0,0.9124143795447329,2.7912900243435828,0.06992726491213574,0.5,0,5,0.0
9.742311979000078,769,5680.91,-95.5,-5.6,-123.7,-1.8,1.95,0.9,-0.06,-0.91,-0.16,-164.9,438.2,196.0,-0.1,-12.24,0.21,0.0,0.9259049627256569,2.802231253840411,0.05530794809658757,0.5,0,5,0.0
9.750263262999397,770,5680.92,-95.7,-5.6,-123.5,-1.43,1.66,0.98,-0.06,-0.91,-0.13,-160.4,452.1,82.0,-0.23,-12.14,-0.12,0.0,0.9211948762341224,2.4001874926763533,0.05881767389635961,0.5,0,5,0.0
9.760812601999532,771,5680.93,-95.9,-5.7,-123.3,-0.91,1.42,1.04,0.0,-0.93,-0.14,-156.0,432.6,-178.0,-0.34,-11.12,0.28,0.0,0.9404786015641186,1.9814388711237094,0.03874326959503627,0.5,0,5,0.0
9.770758394999575,772,5680.94,-96.0,-5.8,-123.2,-0.65,1.15,0.93,0.07,-0.95,-0.13,-152.0,379.4,-489.0,-0.44,-9.19,0.15,0.0,0.9614052215377239,1.6155184926208677,0.01746031662900227,0.5,0,5,0.0
9.780686983999658,773,5680.95,-96.0,-5.9,-123.1,-0.74,0.95,0.76,0.05,-1.0,-0.14,-148.7,303.7,-676.0,-0.52,-7.08,0.41,0.0,1.0109896141899777,1.4239733143566982,0.031481594502786536,0.5,0,5,0.0
9.79085837599996,774,5680.96,-96.1,-5.9,-123.0,-0.95,0.66,0.33,0.0,-1.02,-0.19,-146.2,216.6,-876.0,-0.57,-4.27,0.43,0.0,1.0375451797391764,1.202913130695646,0.056876416850945466,0.5,0,5,0.0
9.800905698999486,775,5680.97,-96.2,-5.9,-122.9,-0.58,0.7,0.16,0.01,-0.98,-0.3,-144.9,99.5,-1127.0,-0.59,-0.75,0.49,0.0,1.0249390225764652,0.923038460737146,0.043384854494469605,0.5,0,5,0.0
9.810171760999765,776,5680.98,-96.3,-5.9,-122.8,-0.23,0.92,0.11,0.04,-1.02,-0.31,-144.7,-19.8,-1055.0,-0.58,1.76,0.26,0.0,1.0668176976409793,0.9546727187890099,0.08355825896780411,0.5,0,5,0.0
9.82086148899998,777,5680.99,-96.3,-5.9,-122.7,-0.39,1.2,-0.13,0.05,-1.12,-0.3,-145.5,-90.1,-730.0,-0.55,3.15,0.16,0.0,1.1605602095539895,1.2684636376341263,0.17375475546319807,0.5,0,5,0.0
9.830331892999311,778,5681.0,-96.4,-5.9,-122.6,-1.37,1.35,-0.72,-0.08,-1.25,-0.26,-146.4,-126.6,-695.0,-0.51,4.4,0.33,0.0,1.2792575972023774,2.0537283169883986,0.2866031002493542,0.5,0,5,0.0
9.840866730000016,779,5681.01,-96.6,-5.7,-122.5,-1.55,1.12,-1.35,-0.04,-1.29,-0.25,-148.6,-190.2,-613.0,-0.45,5.84,0.18,0.0,1.3146102083887832,2.3408118249872203,0.3155165972070447,0.5,0,5,0.0
9.850300305000019,780,5681.02,-96.8,-5.5,-122.4,-0.99,1.01,-1.73,0.0,-1.29,-0.24,-150.9,-244.8,-564.0,-0.39,7.29,0.23,0.0,1.3121356637177424,2.2345245579317314,0.3067812114852839,0.5,0,5,0.0
9.860797733999789,781,5681.03,-96.9,-5.3,-122.3,-0.81,0.8,-1.87,-0.03,-1.2,-0.2,-153.6,-290.4,-447.0,-0.3,8.31,0.12,0.0,1.2169223475637219,2.1892921230388604,0.2073365374246381,0.5,0,5,0.0
9.870301553999525,782,5681.04,-97.0,-5.1,-122.3,-1.29,0.63,-2.03,-0.05,-1.18,-0.17,-156.8,-318.8,-298.0,-0.22,8.87,0.11,0.0,1.1932309080810803,2.486342695607345,0.1799721959831566,0.5,0,5,0.0
9.88080043699938,783,5681.05,-97.2,-4.9,-122.3,-2.17,0.41,-2.34,-0.08,-1.22,-0.1,-160.0,-332.7,-163.0,-0.13,9.11,0.01,0.0,1.2267028980156522,3.2175456484718286,0.20917530219937386,0.5,0,5,0.0
9.890261048999491,784,5681.06,-97.4,-4.6,-122.3,-3.16,0.11,-2.74,-0.07,-1.34,-0.01,-163.4,-331.5,-1.0,-0.04,8.85,-0.14,0.0,1.341864374666829,4.18393355587777,0.3178500432735396,0.5,0,5,0.0
9.89841230499951,785,5681.07,-97.7,-4.3,-122.3,-3.68,-0.13,-3.38,-0.09,-1.49,0.09,-166.6,-314.4,125.0,0.04,8.31,-0.08,0.0,1.4954263606075695,4.99836973422335,0.46198378862999445,0.5,0,5,0.0
9.911064320999685,786,5681.08,-98.1,-3.9,-122.4,-3.81,-0.64,-3.85,-0.15,-1.52,0.13,-169.6,-295.2,172.0,0.12,7.77,0.17,0.0,1.5329057374802928,5.454191049092432,0.4894739021926633,0.5,0,5,0.0
9.920805134999682,787,5681.09,-98.5,-3.6,-122.5,-3.02,-0.9,-3.87,-0.15,-1.47,0.06,-172.4,-270.0,245.0,0.19,6.98,-0.07,0.0,1.4788509052639485,4.9907213907410215,0.4267106885767926,0.5,0,5,0.0
9.930240585999854,788,5681.1,-98.7,-3.2,-122.7,-1.66,-0.83,-3.3,-0.03,-1.27,-0.02,-174.9,-238.4,297.0,0.25,6.08,-0.08,0.0,1.270511707935035,3.78609297297359,0.2140040614229215,0.5,0,5,0.0
9.94081355399976,789,5681.11,-98.8,-2.9,-122.8,-0.76,-0.28,-2.38,0.16,-1.13,-0.09,-177.0,-207.1,297.0,0.31,5.28,-0.18,0.0,1.1448143954370944,2.514040572464971,0.08654061394648127,0.5,0,5,0.0
9.950354264999987,790,5681.12,-98.8,-2.7,-122.8,-0.25,0.68,-1.63,0.32,-1.01,-0.16,-178.9,-178.7,285.0,0.36,4.52,-0.18,0.0,1.0714942836991712,1.7837600735524943,0.012956092164386979,0.5,0,5,0.0
9.960899680999319,791,5681.13,-98.9,-2.6,-122.7,-0.29,2.03,-0.92,0.39,-0.9,-0.17,-180.5,-151.8,277.0,0.4,3.78,0.1,0.0,0.9954898291795854,2.2475319797502324,0.061787395108094834,0.5,0,5,0.0
9.970299888999762,792,5681.14,-98.9,-2.5,-122.4,-0.32,3.58,-0.35,0.42,-0.89,-0.14,-181.8,-123.3,279.0,0.43,3.02,-0.13,0.0,0.9940321926376429,3.611274013419641,0.06198013101703659,0.5,0,5,0.0
9.980815156999597,793,5681.15,-98.9,-2.4,-122.0,0.01,5.14,-0.1,0.39,-0.97,-0.09,-182.9,-96.5,262.0,0.45,2.33,-0.13,0.0,1.0493331215586401,5.140982396390791,0.006545618054118574,0.5,0,5,0.0
9.990702664999844,794,5681.16,-98.9,-2.3,-121.4,0.64,6.18,-0.31,0.34,-1.04,0.0,-183.7,-72.3,250.0,0.47,1.67,-0.21,0.0,1.0941663493271945,6.220779693896899,0.03752185752014703,0.5,0,5,0.0
10.000915145999898,795,5681.17,-98.9,-2.1,-120.8,0.99,6.73,-0.86,0.21,-1.06,0.03,-184.2,-47.9,243.0,0.48,1.01,-0.13,0.0,1.0810180387024075,6.85657348826657,0.023886075957452846,0.5,0,5,0.0
10.010110249999343,796,5681.18,-98.8,-1.9,-120.1,0.98,6.74,-1.45,0.04,-1.02,0.07,-184.5,-26.6,219.0,0.49,0.47,0.0,0.0,1.0231813133555558,6.963512044938244,0.033271636401610793,0.5,0,5,0.0
10.020776792000106,797,5681.19,-98.7,-1.7,-119.5,0.92,6.36,-1.83,-0.07,-1.02,0.1,-184.7,-8.6,177.0,0.49,0.06,-0.12,0.0,1.027277956543408,6.681683919492152,0.02859149334948352,0.5,0,5,0.0
10.03067841199936,798,5681.2,-98.6,-1.4,-118.9,1.0,5.81,-2.0,-0.17,-1.01,0.1,-184.7,2.4,99.0,0.49,-0.07,0.22,0.0,1.0290772565750348,6.225439743504068,0.026256349451499572,0.5,0,5,0.0
10.040897107999626,799,5681.21,-98.5,-1.1,-118.4,1.09,5.14,-1.84,-0.24,-1.0,0.09,-184.7,0.3,4.0,0.49,0.04,0.18,0.0,1.0323274674249445,5.5671626525547095,0.022546015829558064,0.5,0,5,0.0
10.050245900999471,800,5681.22,-98.4,-0.9,-117.9,1.35,4.46,-1.42,-0.28,-0.95,0.07,-184.7,-0.8,12.0,0.49,0.0,0.18,0.0,0.9928746144403129,4.871396103787907,0.060758891437905804,0.5,0,5,0.0
10.06081974999961,801,5681.23,-98.3,-0.7,-117.6,1.66,3.72,-0.86,-0.25,-0.91,0.05,-184.7,-1.6,-19.0,0.49,0.11,0.0,0.0,0.9450396817065408,4.163364024439852,0.10642194768824431,0.5,0,5,0.0
10.070336089999728,802,5681.24,-98.1,-0.6,-117.2,1.52,3.0,-0.32,-0.21,-0.87,0.01,-184.7,-7.7,-52.0,0.5,0.3,0.07,0.0,0.8950418984606252,3.3782835878593733,0.15329133631547665,0.5,0,5,0.0
10.080998325999644,803,5681.25,-98.0,-0.6,-117.0,1.0,2.45,0.19,-0.17,-0.84,-0.01,-184.9,-18.1,-94.0,0.5,0.63,0.02,0.0,0.8570880934886448,2.6530359967403387,0.18742023846170797,0.5,0,5,0.0
10.090228666999792,804,5681.26,-97.9,-0.6,-116.7,0.64,2.08,0.61,-0.13,-0.84,-0.04,-185.2,-30.5,-122.0,0.51,1.0,-0.18,0.0,0.8509406559801923,2.260110616761932,0.18969632245075718,0.5,0,5,0.0
10.100812318999488,805,5681.27,-97.9,-0.6,-116.5,0.57,1.9,0.88,-0.09,-0.87,-0.05,-185.6,-47.3,-159.0,0.52,1.51,0.14,0.0,0.8760707733967615,2.1700921639414306,0.16127488093350417,0.5,0,5,0.0
10.110194728999886,806,5681.28,-97.8,-0.7,-116.3,0.74,1.78,0.98,-0.06,-0.9,-0.05,-186.2,-66.7,-183.0,0.54,2.04,0.07,0.0,0.9033825324855468,2.162498554912812,0.1312838594078246,0.5,0,5,0.0
10.118359148999843,807,5681.29,-97.7,-0.8,-116.2,0.99,1.64,0.96,-0.05,-0.91,-0.04,-187.0,-85.6,-192.0,0.57,2.58,0.04,0.0,0.9122499657440388,2.142731901101955,0.11996809762634597,0.5,0,5,0.0
10.130801956000141,808,5681.3,-97.5,-0.9,-116.0,1.1,1.49,0.88,-0.05,-0.91,-0.03,-188.0,-104.3,-164.0,0.6,2.99,-0.24,0.0,0.9118662182579197,2.0504877468543916,0.1179448082102158,0.5,0,5,0.0
10.14061709699945,809,5681.31,-97.3,-1.0,-115.9,1.09,1.3,0.79,-0.06,-0.9,-0.03,-189.1,-114.4,-114.0,0.63,3.21,0.26,0.0,0.9024965373894794,1.8714165757521761,0.12476819929708294,0.5,0,5,0.0
10.150528668999868,810,5681.32,-97.2,-1.1,-115.7,0.92,1.13,0.72,-0.06,-0.88,-0.04,-190.3,-124.2,-96.0,0.66,3.45,0.09,0.0,0.8829496021857647,1.6253307355735322,0.1414288318107818,0.5,0,5,0.0
10.160493272000167,811,5681.33,-97.1,-1.2,-115.6,0.8,1.03,0.61,-0.08,-0.89,-0.06,-191.6,-129.2,-57.0,0.7,3.56,0.02,0.0,0.8956003573022959,1.439791651594077,0.12620251516036562,0.5,0,5,0.0
10.170882413999607,812,5681.34,-97.0,-1.2,-115.5,0.7,0.85,0.68,-0.09,-0.87,-0.05,-192.9,-130.9,-17.0,0.73,3.54,-0.01,0.0,0.8760707733967615,1.2941792766073794,0.14281745708458204,0.5,0,5,0.0
10.180810251999901,813,5681.35,-96.9,-1.3,-115.4,0.66,0.64,0.79,-0.11,-0.86,-0.06,-194.2,-127.7,21.0,0.77,3.42,-0.07,0.0,0.8690799733051038,1.212146855789347,0.14681209203271495,0.5,0,5,0.0
10.190959597999608,814,5681.36,-96.9,-1.4,-115.4,0.58,0.38,0.91,-0.11,-0.87,-0.06,-195.4,-123.5,40.0,0.8,3.27,0.07,0.0,0.8789766777338294,1.144071676076285,0.13417707985190963,0.5,0,5,0.0
10.200966214999426,815,5681.37,-96.8,-1.5,-115.3,0.5,0.21,0.95,-0.11,-0.89,-0.08,-196.6,-116.6,65.0,0.83,3.05,0.01,0.0,0.9003332716277901,1.093892133621958,0.11056407623878983,0.5,0,5,0.0
10.210280147000049,816,5681.38,-96.7,-1.7,-115.3,0.64,0.14,0.86,-0.09,-0.92,-0.11,-197.7,-107.9,84.0,0.86,2.79,-0.06,0.0,0.9309135298189624,1.0811105401391663,0.0783841416866653,0.5,0,5,0.0
10.220697038999788,817,5681.39,-96.7,-1.8,-115.3,0.82,0.05,0.74,-0.08,-0.92,-0.13,-198.7,-95.3,122.0,0.89,2.41,0.13,0.0,0.9325770745627409,1.105667219374799,0.07518618500402896,0.5,0,5,0.0
10.230801992000124,818,5681.4,-96.6,-1.9,-115.3,0.91,0.01,0.67,-0.07,-0.9,-0.15,-199.6,-82.1,125.0,0.91,2.06,-0.12,0.0,0.9150956234186677,1.1300884921102419,0.09081428342514009,0.5,0,5,0.0
10.24052166599995,819,5681.41,-96.5,-1.9,-115.3,1.03,0.01,0.49,-0.06,-0.89,-0.18,-200.3,-70.8,112.0,0.93,1.8,0.0,0.0,0.91,1.1406577050105784,0.09399170870693163,0.5,0,5,0.0
10.250433019999946,820,5681.42,-96.5,-2.0,-115.2,1.17,0.08,0.24,-0.05,-0.89,-0.2,-201.0,-59.8,116.0,0.94,1.48,-0.05,0.0,0.9135644476444998,1.1970380110923795,0.0886187158411832,0.5,0,5,0.0
10.260883348999414,821,5681.43,-96.4,-2.0,-115.2,1.25,0.13,-0.07,-0.06,-0.87,-0.21,-201.5,-50.2,95.0,0.95,1.25,0.1,0.0,0.8969949832635632,1.2586897949852456,0.10308441661767753,0.5,0,5,0.0
10.27024423199964,822,5681.44,-96.3,-2.0,-115.2,1.28,0.15,-0.45,-0.07,-0.85,-0.2,-201.9,-42.9,75.0,0.97,1.09,-0.02,0.0,0.8760136985230311,1.3650641010589941,0.12158438733104537,0.5,0,5,0.0
10.28072382299979,823,5681.45,-96.1,-1.9,-115.2,1.17,0.08,-0.71,-0.09,-0.81,-0.18,-202.3,-39.3,40.0,0.98,1.03,0.01,0.0,0.8346256645946134,1.3709121051329294,0.15971297283427388,0.5,0,5,0.0
10.290652040000168,824,5681.46,-96.0,-1.8,-115.2,0.83,-0.05,-0.87,-0.08,-0.79,-0.2,-202.7,-40.4,-10.0,0.99,1.15,0.09,0.0,0.8188406438373709,1.2034533642813086,0.17198803371968607,0.5,0,5,0.0
10.30071552299978,825,5681.47,-96.0,-1.7,-115.2,0.19,-0.13,-0.94,-0.08,-0.8,-0.22,-203.2,-46.6,-41.0,1.0,1.32,0.1,0.0,0.8335466393669884,0.9677809669548166,0.15413639742626717,0.5,0,5,0.0
10.31035445299949,826,5681.48,-96.0,-1.7,-115.3,-0.41,-0.21,-0.95,-0.06,-0.83,-0.22,-203.7,-52.3,-60.0,1.02,1.53,0.16,0.0,0.8607554821202128,1.0557935404235053,0.12438900357958182,0.5,0,5,0.0
10.320776018999823,827,5681.49,-96.1,-1.6,-115.3,-0.77,-0.21,-0.87,-0.04,-0.88,-0.22,-204.3,-62.4,-92.0,1.03,1.83,0.09,0.0,0.9079647570252933,1.1806354221350468,0.07563613410101122,0.5,0,5,0.0
10.330638982999517,828,5681.5,-96.2,-1.5,-115.3,-0.95,-0.25,-0.75,0.0,-0.93,-0.22,-205.0,-73.7,-113.0,1.05,2.17,-0.01,0.0,0.9556673061269806,1.2359207094308275,0.0273749132993375,0.5,0,5,0.0
10.34096539499933,829,5681.51,-96.3,-1.4,-115.4,-0.75,-0.34,-0.77,0.02,-0.98,-0.22,-205.8,-89.1,-142.0,1.08,2.6,0.04,0.0,1.0045894683899488,1.1273863579093015,0.021116303984358042,0.5,0,5,0.0
10.350240258999293,830,5681.52,-96.3,-1.3,-115.4,-0.31,-0.45,-0.96,0.03,-0.98,-0.22,-206.8,-104.0,-147.0,1.11,3.02,0.01,0.0,1.0048382954485762,1.1046266337545914,0.02093782842212577,0.5,0,5,0.0
10.360645388999728,831,5681.53,-96.4,-1.2,-115.5,-0.26,-0.58,-1.14,0.02,-0.93,-0.22,-208.0,-120.3,-158.0,1.14,3.47,-0.01,0.0,0.9558765610684259,1.3052202879207784,0.02746342783886402,0.5,0,5,0.0
10.370130932999928,832,5681.54,-96.4,-1.1,-115.6,-0.63,-0.67,-1.14,0.03,-0.93,-0.21,-209.1,-134.3,-149.0,1.18,3.85,-0.01,0.0,0.9538867857350788,1.4647184029703457,0.02886413910876695,0.5,0,5,0.0
10.380884358000003,833,5681.55,-96.5,-1.0,-115.6,-0.75,-0.64,-1.07,0.03,-0.96,-0.2,-210.6,-147.4,-134.0,1.22,4.2,0.0,0.0,0.9810708435174292,1.4549914089093448,0.0016464796998881814,0.5,0,5,0.0
10.39034378299948,834,5681.56,-96.6,-0.9,-115.7,-0.58,-0.54,-0.88,0.03,-0.98,-0.2,-212.1,-159.3,-121.0,1.26,4.48,0.04,0.0,1.000649788887201,1.184229707446997,0.017573816356485916,0.5,0,5,0.0
10.400825802999861,835,5681.57,-96.7,-0.8,-115.8,-0.31,-0.38,-0.57,0.02,-0.97,-0.22,-213.8,-170.1,-112.0,1.31,4.78,0.06,0.0,0.994836670011716,0.7519308478842984,0.011525483531380942,0.5,0,5,0.0
10.410387649999393,836,5681.58,-96.7,-0.8,-115.8,0.04,-0.23,-0.29,0.01,-0.96,-0.24,-215.6,-180.1,-98.0,1.36,5.02,-0.01,0.0,0.9895958771134811,0.3722902093797257,0.0061589968204830425,0.5,0,5,0.0
10.420577625000078,837,5681.59,-96.7,-0.8,-115.8,0.34,-0.25,-0.15,0.0,-0.93,-0.22,-217.4,-187.1,-70.0,1.41,5.16,0.34,0.0,0.9556673061269806,0.44788391353117385,0.02721418268269704,0.5,0,5,0.0
10.43029136199948,838,5681.6,-96.7,-0.8,-115.9,-0.15,-0.58,0.03,-0.01,-0.91,-0.25,-219.3,-192.0,-46.0,1.46,5.23,0.05,0.0,0.9437690395430441,0.599833310178753,0.03833020028130085,0.5,0,5,0.0
10.440821978999338,839,5681.61,-96.8,-0.8,-115.9,-1.13,-0.92,0.28,0.0,-0.96,-0.26,-221.3,-192.7,-22.0,1.52,5.25,0.08,0.0,0.9945853407325085,1.4838126566382965,0.012236378890000177,0.5,0,5,0.0
10.450191396999799,840,5681.62,-97.0,-0.9,-116.0,-2.1,-1.19,0.67,0.0,-1.01,-0.27,-223.2,-194.8,-30.0,1.57,5.39,-0.08,0.0,1.0454664030948102,2.5049950099750697,0.06185509242725584,0.5,0,5,0.0
10.458346886000072,841,5681.63,-97.2,-1.0,-116.2,-2.6,-1.19,1.24,0.04,-1.1,-0.26,-225.2,-202.1,-69.0,1.62,5.6,0.06,0.0,1.1310172412478956,3.1166809268835975,0.14445781196873442,0.5,0,5,0.0
10.470823302000099,842,5681.64,-97.4,-1.1,-116.2,-2.09,-1.16,1.93,0.06,-1.17,-0.26,-227.3,-210.8,-84.0,1.68,5.9,0.1,0.0,1.2000416659433122,3.0722304601054913,0.20921259193086794,0.5,0,5,0.0
10.480936334000035,843,5681.65,-97.6,-1.4,-116.3,-1.2,-1.02,2.61,0.04,-1.21,-0.25,-229.5,-224.0,-128.0,1.74,6.34,0.07,0.0,1.2362038666821908,3.048360214935236,0.2404672968163517,0.5,0,5,0.0
10.490239404999556,844,5681.66,-97.7,-1.6,-116.4,-0.68,-0.84,3.31,0.05,-1.23,-0.23,-231.8,-241.6,-171.0,1.81,6.88,0.24,0.0,1.2523178510266473,3.4819678344292613,0.251449655537592,0.5,0,5,0.0
10.500960164999924,845,5681.67,-97.8,-2.0,-116.4,-0.38,-0.49,3.8,0.12,-1.27,-0.22,-234.4,-262.3,-199.0,1.88,7.47,0.19,0.0,1.294488315899375,3.8502597314986424,0.2877477180021133,0.5,0,5,0.0
10.510434408000037,846,5681.68,-97.8,-2.4,-116.4,0.2,0.04,4.05,0.15,-1.32,-0.16,-237.2,-283.4,-190.0,1.96,7.94,-0.04,0.0,1.3380956617521784,4.0551325502380315,0.32472796257781833,0.5,0,5,0.0
10.520574260000103,847,5681.69,-97.8,-2.8,-116.3,0.83,0.44,4.19,0.08,-1.31,-0.09,-240.1,-299.2,-172.0,2.04,8.41,0.09,0.0,1.3155227098001767,4.294019096371138,0.2961119104133003,0.5,0,5,0.0
10.530352023999512,848,5681.7,-97.6,-3.2,-116.2,1.32,0.89,4.42,0.02,-1.27,-0.07,-243.2,-319.2,-199.0,2.13,8.97,0.1,0.0,1.2720849028268513,4.697967645695317,0.24762062137117535,0.5,0,5,0.0
10.540873934000047,849,5681.71,-97.5,-3.6,-116.0,1.45,1.27,4.4,0.0,-1.28,-0.01,-246.5,-336.7,-154.0,2.23,9.31,0.16,0.0,1.2800390619039719,4.803686084664568,0.25046328483933,0.5,0,5,0.0
10.550347380999483,850,5681.72,-97.4,-4.0,-115.8,1.33,1.3,3.87,-0.1,-1.29,0.13,-250.0,-348.3,-149.0,2.32,9.75,0.07,0.0,1.3003845585056752,4.29369304911285,0.2653926058122127,0.5,0,5,0.0
10.56102063599974,851,5681.73,-97.3,-4.4,-115.7,0.93,0.68,2.97,-0.24,-1.23,0.23,-253.6,-370.0,-208.0,2.42,10.41,-0.05,0.0,1.274127152210485,3.1856239577200576,0.2343524955266818,0.5,0,5,0.0
10.570370163000007,852,5681.74,-97.2,-4.6,-115.6,0.05,-0.28,2.18,-0.32,-1.15,0.3,-257.5,-388.6,-153.0,2.53,10.7,0.09,0.0,1.2308127396155761,2.1984767453853133,0.18721732127313762,0.5,0,5,0.0
10.580795310999747,853,5681.75,-97.3,-4.8,-115.7,-0.72,-1.39,1.64,-0.33,-1.11,0.31,-261.4,-398.6,-122.0,2.64,10.97,-0.09,0.0,1.1987910576910392,2.2671788636982306,0.15209172656162862,0.5,0,5,0.0
10.59032048500012,854,5681.76,-97.3,-5.0,-115.8,-0.72,-2.21,1.28,-0.31,-1.11,0.3,-265.5,-405.7,-67.0,2.75,11.06,-0.08,0.0,1.1908820260630355,2.6534694269955326,0.1412990410349524,0.5,0,5,0.0
10.600907100999393,855,5681.77,-97.4,-5.1,-116.1,-0.29,-2.86,1.07,-0.26,-1.11,0.28,-269.5,-406.1,-14.0,2.86,10.95,-0.01,0.0,1.1739250401963492,3.067344128069102,0.12185521406490074,0.5,0,5,0.0
10.610363787999631,856,5681.78,-97.3,-5.3,-116.4,0.32,-3.35,0.91,-0.19,-1.07,0.28,-273.5,-393.4,139.0,2.96,10.25,-0.07,0.0,1.1222299229658779,3.4861153165091943,0.06875689489774084,0.5,0,5,0.0
10.620754716999727,857,5681.79,-97.2,-5.4,-116.7,0.58,-3.9,0.81,-0.14,-1.02,0.27,-277.2,-361.2,265.0,3.06,9.37,-0.21,0.0,1.064377752492037,4.025232912515746,0.01068662993542202,0.5,0,5,0.0
10.6303399239996,858,5681.8,-97.2,-5.5,-117.1,0.52,-4.37,0.71,-0.1,-0.97,0.21,-280.6,-332.8,276.0,3.15,8.58,-0.23,0.0,0.9974968671630001,4.457734850795862,0.055070370285742576,0.5,0,5,0.0
10.640852400999393,859,5681.81,-97.1,-5.6,-117.6,0.42,-4.44,0.68,-0.07,-0.95,0.13,-283.7,-297.2,360.0,3.23,7.41,-0.01,0.0,0.9614052215377239,4.511363430272494,0.08933877559279846,0.5,0,5,0.0
10.650322124999548,860,5681.82,-97.0,-5.8,-118.0,0.32,-4.27,0.54,-0.03,-0.97,0.09,-286.4,-252.7,417.0,3.29,6.18,-0.18,0.0,0.9746281342132496,4.315889247883916,0.0745935456589274,0.5,0,5,0.0
10.662396818000161,861,5681.83,-96.9,-5.9,-118.4,0.56,-4.0,0.34,0.0,-0.98,0.06,-288.6,-207.2,443.0,3.35,4.95,-0.17,0.0,0.9818350166906862,4.053294955958671,0.06603892991786098,0.5,0,5,0.0
10.670423376000144,862,5681.84,-96.8,-5.9,-118.8,0.75,-3.72,0.01,0.0,-0.99,0.04,-290.4,-160.6,467.0,3.39,3.63,-0.29,0.0,0.9908077512817509,3.794864951483781,0.05592487142026037,0.5,0,5,0.0
10.68071095399955,863,5681.85,-96.7,-5.9,-119.2,0.52,-3.5,-0.31,0.01,-0.98,0.03,-291.6,-112.4,473.0,3.41,2.35,-0.07,0.0,0.9805100713404222,3.5519712836677044,0.06489810033435717,0.5,0,5,0.0
10.690378618999603,864,5681.86,-96.6,-5.9,-119.5,0.13,-3.3,-0.64,0.01,-0.99,0.03,-292.4,-65.6,472.0,3.43,1.04,-0.19,0.0,0.9905049217444606,3.364000594530268,0.05380518493171249,0.5,0,5,0.0
10.700982768999893,865,5681.87,-96.6,-5.9,-119.8,-0.04,-3.16,-0.93,0.01,-0.98,0.02,-292.8,-17.3,476.0,3.43,-0.2,-0.06,0.0,0.9802550688468792,3.2942525707662433,0.06277393707270806,0.5,0,5,0.0
10.710321783999461,866,5681.88,-96.6,-5.8,-120.1,0.08,-3.01,-1.14,-0.01,-0.95,0.03,-292.6,22.2,386.0,3.42,-1.08,-0.2,0.0,0.9505261700763424,3.2196428373346007,0.09065277912637992,0.5,0,5,0.0
10.720954700999755,867,5681.89,-96.5,-5.7,-120.5,0.24,-2.92,-1.24,-0.03,-0.9,0.02,-292.2,51.8,317.0,3.41,-1.81,-0.2,0.0,0.9007219326740079,3.1814462120237077,0.13764787619814012,0.5,0,5,0.0
10.734318893999443,868,5681.9,-96.4,-5.6,-120.8,0.27,-2.91,-1.24,-0.02,-0.85,0.01,-291.5,78.4,279.0,3.38,-2.51,-0.09,0.0,0.8502940667792525,3.1746810863455246,0.18431422725103763,0.5,0,5,0.0
10.742142117000185,869,5681.91,-96.4,-5.6,-121.1,0.25,-2.85,-1.15,-0.01,-0.84,-0.01,-290.5,103.8,261.0,3.35,-3.2,-0.09,0.0,0.8401190391843288,3.0834234221073173,0.19059946974904196,0.5,0,5,0.0
10.750089037999714,870,5681.92,-96.3,-5.5,-121.4,0.21,-2.8,-1.04,0.0,-0.86,-0.04,-289.3,129.4,250.0,3.32,-3.86,-0.05,0.0,0.8609297300012353,2.994277876216568,0.16639300335349283,0.5,0,5,0.0
10.760969653999382,871,5681.93,-96.3,-5.4,-121.6,0.14,-2.63,-0.93,0.03,-0.9,-0.07,-287.9,153.3,248.0,3.27,-4.56,-0.01,0.0,0.903216474606171,2.793098637714035,0.12162413357358592,0.5,0,5,0.0
10.77032792799946,872,5681.94,-96.2,-5.4,-121.9,0.2,-2.45,-0.89,0.06,-0.95,-0.09,-286.2,178.6,253.0,3.22,-5.24,-0.09,0.0,0.9561380653441217,2.6143067914841214,0.06732849197892266,0.5,0,5,0.0
10.780613484999776,873,5681.95,-96.2,-5.3,-122.1,0.38,-2.2,-0.92,0.08,-0.96,-0.11,-284.2,204.5,261.0,3.17,-5.97,-0.09,0.0,0.9695875411740809,2.4147049509205054,0.05280143582598429,0.5,0,5,0.0
10.791109529000096,874,5681.96,-96.1,-5.2,-122.4,0.56,-1.96,-0.99,0.1,-0.96,-0.12,-282.0,231.9,267.0,3.1,-6.7,0.0,0.0,0.9726253132630263,2.2661200321253947,0.048768390462298195,0.5,0,5,0.0
10.800601895,875,5681.97,-96.0,-5.1,-122.6,0.65,-1.74,-1.04,0.12,-0.92,-0.13,-279.5,256.0,235.0,3.03,-7.27,-0.11,0.0,0.9368564457802486,2.128778992756176,0.08284651278617439,0.5,0,5,0.0
10.810252010000113,876,5681.98,-96.0,-5.0,-122.7,0.6,-1.49,-1.09,0.13,-0.9,-0.14,-276.8,278.8,248.0,2.95,-8.01,0.01,0.0,0.9200543462209175,1.941185204971437,0.0976556400985954,0.5,0,5,0.0
10.820906515999923,877,5681.99,-95.9,-4.9,-122.9,0.47,-1.2,-1.15,0.13,-0.88,-0.16,-273.8,308.6,289.0,2.87,-8.85,-0.08,0.0,0.9038252043398657,1.7272521529875131,0.11160708634005434,0.5,0,5,0.0
10.830342231000031,878,5682.0,-95.9,-4.9,-122.9,0.47,-1.2,-1.15,0.13,-0.88,-0.16,-271.6,327.4,321.0,2.77,-9.48,-0.15,0.0,0.9038252043398657,1.7272521529875131,0.10937494461325314,0.5,0,5,0.0
10.840773652999815,879,5682.01,-95.8,-4.7,-123.1,-0.04,-0.64,-1.11,0.1,-0.86,-0.18,-266.6,361.8,297.0,2.67,-10.12,-0.2,0.0,0.8843076387773657,1.28191263352851,0.12631465997223812,0.5,0,5,0.0
10.85032486,880,5682.02,-95.8,-4.6,-123.1,-0.23,-0.41,-1.14,0.09,-0.9,-0.2,-262.8,386.1,262.0,2.57,-10.78,0.0,0.0,0.9263368717696603,1.2331261087171903,0.08259971844034464,0.5,0,5,0.0
10.860868676999416,881,5682.03,-95.9,-4.5,-123.2,-0.09,-0.24,-1.17,0.06,-0.9,-0.22,-258.8,409.7,251.0,2.46,-11.46,-0.18,0.0,0.9284395510748129,1.1977478866606277,0.07888709835248808,0.5,0,5,0.0
10.870303164999314,882,5682.04,-95.9,-4.4,-123.2,0.06,-0.14,-1.08,0.04,-0.87,-0.21,-254.5,436.5,247.0,2.34,-12.13,-0.03,0.0,0.8958794561770016,1.0906878563548785,0.10921824938529334,0.5,0,5,0.0
10.880860700000085,883,5682.05,-95.8,-4.3,-123.2,0.19,-0.12,-0.86,0.02,-0.87,-0.23,-250.0,454.5,195.0,2.21,-12.58,-0.08,0.0,0.9001111042532471,0.8888756943465155,0.10288686928286694,0.5,0,5,0.0
10.890390038000078,884,5682.06,-95.8,-4.2,-123.3,0.29,-0.09,-0.69,0.03,-0.87,-0.24,-245.3,478.7,245.0,2.08,-13.32,0.06,0.0,0.9029950165975447,0.7538567503179897,0.09800289779979798,0.5,0,5,0.0
10.900576776999515,885,5682.07,-95.8,-4.2,-123.3,0.52,-0.05,-0.51,0.03,-0.87,-0.25,-240.4,499.1,213.0,1.94,-13.86,-0.09,0.0,0.9057041459549581,0.7300684899377592,0.0933878930735369,0.5,0,5,0.0
10.91076482399967,886,5682.08,-95.7,-4.1,-123.3,0.77,0.02,-0.34,0.04,-0.86,-0.26,-235.2,530.9,290.0,1.8,-14.77,-0.04,0.0,0.8993330862366846,0.8419619943916709,0.09776377373597411,0.5,0,5,0.0
10.920841202999327,887,5682.09,-95.6,-4.1,-123.3,1.05,0.07,-0.14,0.05,-0.84,-0.24,-229.7,553.2,230.0,1.65,-15.3,-0.02,0.0,0.8750428560933458,1.0616025621672172,0.11961292380172672,0.5,0,5,0.0
10.930301450000115,888,5682.1,-95.5,-4.1,-123.3,1.11,0.14,0.1,0.04,-0.83,-0.24,-224.0,577.7,250.0,1.49,-16.04,-0.03,0.0,0.8649277426467485,1.1232542009714455,0.1271334765033575,0.5,0,5,0.0
10.940785304000201,889,5682.11,-95.4,-4.1,-123.2,1.08,0.22,0.36,0.05,-0.82,-0.24,-218.0,611.6,317.0,1.32,-17.01,0.01,0.0,0.8558621384311844,1.1594826432508596,0.13347509910454314,0.5,0,5,0.0
10.950340378999499,890,5682.12,-95.3,-4.2,-123.2,0.88,0.35,0.6,0.07,-0.83,-0.24,-211.7,633.9,253.0,1.15,-17.59,-0.17,0.0,0.8668333173107734,1.1211155159036914,0.12005384182045509,0.5,0,5,0.0
10.96076303100017,891,5682.13,-95.2,-4.2,-123.2,0.61,0.5,0.78,0.08,-0.85,-0.24,-205.2,656.8,189.0,0.97,-17.99,0.0,0.0,0.8868483523128404,1.1092790451459904,0.09803803068202033,0.5,0,5,0.0
10.97038049799994,892,5682.14,-95.2,-4.3,-123.1,0.44,0.67,0.92,0.1,-0.86,-0.25,-198.5,683.4,288.0,0.78,-18.96,-0.32,0.0,0.9011659114724657,1.2202049008260867,0.08204606209194709,0.5,0,5,0.0
10.98057239299942,893,5682.15,-95.2,-4.4,-123.0,0.22,0.84,0.96,0.12,-0.87,-0.25,-191.4,705.9,230.0,0.59,-19.49,0.09,0.0,0.9131264972609217,1.2944496900227525,0.06868376677742138,0.5,0,5,0.0
10.990787001000172,894,5682.16,-95.2,-4.5,-122.9,-0.09,0.97,0.99,0.13,-0.86,-0.24,-184.2,734.1,322.0,0.39,-20.51,-0.06,0.0,0.9022749026765623,1.3889204440859815,0.0779446541345451,0.5,0,5,0.0
10.998411186999874,895,5682.17,-95.2,-4.6,-122.8,-0.42,1.07,1.02,0.13,-0.85,-0.26,-176.6,766.5,254.0,0.18,-21.06,-0.22,0.0,0.8983317872590282,1.5367823528398548,0.08025001416103761,0.5,0,5,0.0
11.010994563999702,896,5682.18,-95.3,-4.7,-122.7,-0.72,1.19,0.96,0.11,-0.86,-0.26,-168.8,784.2,138.0,-0.02,-21.28,0.09,0.0,0.90515192095029,1.69,0.07196128286038028,0.5,0,5,0.0
11.02080137899975,897,5682.19,-95.4,-4.7,-122.5,-1.02,1.16,0.8,0.08,-0.88,-0.23,-160.9,795.6,129.0,-0.24,-21.65,-0.16,0.0,0.9130717386930777,1.7395401691251628,0.06276063581524072,0.5,0,5,0.0
11.030359450000105,898,5682.2,-95.5,-4.8,-122.4,-1.21,0.9,0.61,0.06,-0.9,-0.19,-153.0,776.6,-210.0,-0.45,-20.46,0.41,0.0,0.9217917335276988,1.6267144801716127,0.052959828161007194,0.5,0,5,0.0
11.040793273999952,899,5682.21,-95.6,-4.9,-122.4,-1.07,0.58,0.52,0.13,-0.9,-0.2,-145.8,684.4,-919.0,-0.63,-16.7,0.61,0.0,0.9310746479203481,1.323518039166826,0.042803375492990736,0.5,0,5,0.0
11.050310476999584,900,5682.22,-95.7,-4.9,-122.3,-0.13,0.74,0.7,0.24,-0.89,-0.31,-140.3,477.1,-1944.0,-0.75,-9.71,1.11,0.0,0.9725224933131367,1.0268885041717042,0.0013284194981981745,0.5,0,5,0.0
11.060880154999722,901,5682.23,-95.7,-5.0,-122.2,-0.03,1.28,0.76,0.09,-1.08,-0.41,-137.3,226.2,-2207.0,-0.8,-3.39,0.8,0.0,1.1587061750072793,1.4889257872708095,0.18115815695202564,0.5,0,5,0.0
11.070380925999416,902,5682.24,-95.8,-5.0,-122.0,-1.15,2.0,0.07,-0.18,-1.33,-0.39,-136.6,14.7,-1989.0,-0.8,1.56,0.32,0.0,1.3976408694654003,2.308116114930096,0.4116909943819437,0.5,0,5,0.0
11.078368296000008,903,5682.25,-95.9,-4.9,-121.8,-1.03,2.09,-0.63,-0.25,-1.31,-0.27,-137.3,-105.6,-1257.0,-0.77,3.76,0.11,0.0,1.3606983501129117,2.4136901209558776,0.36725350552886593,0.5,0,5,0.0
11.09090047599966,904,5682.26,-96.0,-4.8,-121.6,-0.3,1.66,-0.93,-0.33,-1.34,-0.15,-138.9,-169.1,-807.0,-0.72,5.26,0.23,0.0,1.3881642554107205,1.9262658175859322,0.3868250226101413,0.5,0,5,0.0
11.098374129999684,905,5682.27,-96.0,-4.8,-121.5,0.48,1.1,-0.74,-0.14,-1.19,-0.16,-140.9,-226.0,-672.0,-0.66,6.91,0.19,0.0,1.2088424214925617,1.4099645385611654,0.20335312491814284,0.5,0,5,0.0
11.11100284999975,906,5682.28,-95.9,-4.7,-121.4,0.54,0.85,-0.5,0.02,-1.12,-0.18,-143.6,-288.6,-638.0,-0.58,8.59,0.07,0.0,1.1345483682946267,1.1243220179290274,0.1264778902858037,0.5,0,5,0.0
11.120877182000186,907,5682.29,-95.9,-4.6,-121.3,-0.6,0.72,-0.56,0.05,-1.09,-0.21,-146.9,-340.0,-485.0,-0.48,9.64,0.06,0.0,1.1111705539655017,1.0917875251164944,0.1010380744375452,0.5,0,5,0.0
11.130341877999854,908,5682.3,-96.1,-4.5,-121.3,-2.54,0.71,-1.01,0.03,-1.19,-0.17,-150.5,-367.0,-311.0,-0.38,10.2,0.15,0.0,1.2024558203942461,2.8241458885829536,0.18847687404896396,0.5,0,5,0.0
11.14044451799964,909,5682.31,-96.4,-4.4,-121.2,-3.46,0.63,-1.73,0.0,-1.31,-0.11,-154.3,-378.8,-144.0,-0.28,10.33,-0.08,0.0,1.3146102083887832,3.9193621930104907,0.2946186368026309,0.5,0,5,0.0
11.150825465999333,910,5682.32,-96.8,-4.1,-121.2,-3.78,0.34,-2.3,-0.03,-1.4,-0.02,-158.0,-376.8,-14.0,-0.18,10.15,0.05,0.0,1.4004642087536545,4.437792243897859,0.3728631844241521,0.5,0,5,0.0
11.160709415999918,911,5682.33,-97.1,-3.8,-121.2,-3.45,0.21,-2.95,-0.02,-1.57,0.04,-161.7,-366.4,85.0,-0.08,9.75,0.0,0.0,1.5706368135250108,4.544128079180868,0.5321750734115982,0.5,0,6,0.0
11.171040395999626,912,5682.34,-97.4,-3.5,-121.2,-2.71,0.0,-3.68,-0.06,-1.61,0.09,-165.3,-344.0,207.0,0.01,8.99,-0.02,0.0,1.6136294494090024,4.570175051351972,0.563664355109678,0.5,0,6,0.0
11.180788280999877,913,5682.35,-97.7,-3.1,-121.3,-2.04,-0.24,-3.96,-0.11,-1.54,0.13,-168.5,-317.7,226.0,0.09,8.36,-0.06,0.0,1.5493869755487168,4.461031270905865,0.48943344362440455,0.5,0,6,0.0
11.19041264399948,914,5682.36,-97.8,-2.8,-121.4,-0.7,-0.48,-3.69,-0.06,-1.32,0.13,-171.2,-295.7,254.0,0.17,7.59,-0.07,0.0,1.3277424449041313,3.7863570882841993,0.26243313472022267,0.5,0,6,0.0
11.20077630600008,915,5682.37,-97.8,-2.4,-121.5,0.03,-0.34,-2.83,0.09,-1.1,0.03,-174.2,-259.3,327.0,0.24,6.59,-0.07,0.0,1.1040833301884418,2.850508726525846,0.03799853960444266,0.5,0,6,0.0
11.21025284299958,916,5682.38,-97.8,-2.2,-121.5,0.35,0.18,-2.05,0.2,-0.98,-0.04,-176.6,-223.6,337.0,0.3,5.66,-0.23,0.0,1.000999500499376,2.087438621852149,0.06378358428293085,0.5,0,6,0.0
11.220839314999466,917,5682.39,-97.8,-2.0,-121.5,0.2,1.13,-1.28,0.27,-0.86,-0.07,-178.6,-189.2,346.0,0.35,4.7,-0.14,0.0,0.9041017641836564,1.7190986010115883,0.15746769418667728,0.5,0,6,0.0
11.230276199999935,918,5682.4,-97.8,-1.9,-121.3,-0.07,2.35,-0.52,0.32,-0.83,-0.09,-180.2,-152.0,369.0,0.39,3.66,-0.29,0.0,0.8940917178902844,2.407862122298534,0.1641281856704483,0.5,0,6,0.0
11.240729690999615,919,5682.41,-97.8,-1.9,-121.0,-0.11,3.64,0.06,0.38,-0.91,-0.04,-181.5,-116.2,354.0,0.42,2.73,-0.1,0.0,0.9869650449737316,3.642155954925599,0.0698297614152611,0.5,0,6,0.0
11.25028746299995,920,5682.42,-97.8,-1.8,-120.6,0.24,4.81,0.29,0.4,-1.01,-0.01,-182.4,-82.8,340.0,0.44,1.83,-0.34,0.0,1.086370102681402,4.824707245004612,0.02898379036656129,0.5,0,6,0.0
11.26077970499955,921,5682.43,-97.7,-1.8,-120.1,0.89,5.69,0.09,0.33,-1.05,0.01,-183.0,-52.2,302.0,0.45,1.08,-0.14,0.0,1.1006816070054046,5.759887151672331,0.04242938879675262,0.5,0,6,0.0
11.270310160000008,922,5682.44,-97.6,-1.7,-119.5,1.73,5.96,-0.27,0.24,-1.0,0.08,-183.3,-24.6,271.0,0.46,0.39,-0.05,0.0,1.0315037566582101,6.211875723161241,0.02621349231943304,0.5,0,6,0.0
11.280796228999861,923,5682.45,-97.4,-1.6,-118.9,2.26,5.9,-0.57,0.13,-0.94,0.08,-183.4,-2.9,224.0,0.46,-0.13,-0.05,0.0,0.9523129737644027,6.343697659882602,0.1032961897089757,0.5,0,6,0.0
11.290397822999694,924,5682.46,-97.2,-1.4,-118.3,1.97,5.63,-0.85,0.0,-0.91,0.07,-183.4,5.5,75.0,0.46,-0.07,0.23,0.0,0.9126883367283709,6.024973028985275,0.14006241021010735,0.5,0,6,0.0
11.30077207300019,925,5682.47,-97.1,-1.3,-117.8,1.25,5.25,-0.89,-0.11,-0.89,0.07,-183.4,-0.8,-13.0,0.46,0.07,0.01,0.0,0.899499861033897,5.4696526397935,0.1501858681864897,0.5,0,6,0.0
11.310333729999911,926,5682.48,-97.0,-1.1,-117.3,0.95,4.75,-0.7,-0.21,-0.9,0.07,-183.4,-0.2,18.0,0.46,-0.03,-0.06,0.0,0.9268225288586808,4.894384537406108,0.12040593635447172,0.5,0,6,0.0
11.318382063999707,927,5682.49,-96.9,-1.0,-116.9,1.11,4.21,-0.37,-0.25,-0.9,0.08,-183.4,0.4,-3.0,0.46,0.0,0.1,0.0,0.9374966666607407,4.3695651957603285,0.10753716258136348,0.5,0,6,0.0
11.330694470999333,928,5682.5,-96.8,-0.9,-116.5,1.26,3.53,0.01,-0.23,-0.89,0.06,-183.4,-1.8,-26.0,0.46,0.12,0.13,0.0,0.9211948762341223,3.748146208460924,0.12136217394782223,0.5,0,6,0.0
11.340622975999395,929,5682.51,-96.7,-0.9,-116.2,1.09,2.98,0.34,-0.19,-0.88,0.02,-183.4,-7.4,-45.0,0.46,0.26,0.0,0.0,0.900499861188218,3.1912536721482985,0.139216045213852,0.5,0,6,0.0
11.351109817999713,930,5682.52,-96.6,-0.9,-115.9,0.68,2.59,0.58,-0.14,-0.88,-0.01,-183.6,-17.1,-100.0,0.47,0.64,0.0,0.0,0.8911228871485682,2.7398722597960656,0.14562115886843163,0.5,0,6,0.0
11.360730261999379,931,5682.53,-96.5,-1.0,-115.6,0.41,2.4,0.7,-0.09,-0.91,-0.04,-183.9,-33.3,-160.0,0.48,1.17,0.33,0.0,0.9153141537199128,2.5333969290263223,0.11900129445114538,0.5,0,6,0.0
11.370320764999633,932,5682.54,-96.5,-1.0,-115.4,0.49,2.34,0.73,-0.06,-0.93,-0.05,-184.3,-55.1,-206.0,0.49,1.79,0.32,0.0,0.9332738076256079,2.499719984318243,0.09902080773454125,0.5,0,6,0.0
11.378377760999683,933,5682.55,-96.4,-1.1,-115.2,0.75,2.28,0.68,-0.04,-0.95,-0.04,-185.1,-78.1,-210.0,0.51,2.37,0.0,0.0,0.9516827202382105,2.494654284665512,0.07899965721949975,0.5,0,6,0.0
11.390693772999839,934,5682.56,-96.3,-1.2,-114.9,1.07,2.14,0.58,-0.04,-0.93,-0.04,-186.0,-99.1,-211.0,0.54,2.95,0.08,0.0,0.9317188417113825,2.4618895182359424,0.09698426503140112,0.5,0,6,0.0
11.400594806999834,935,5682.57,-96.1,-1.2,-114.7,1.17,1.96,0.57,-0.03,-0.9,-0.04,-187.1,-118.5,-199.0,0.57,3.46,0.13,0.0,0.9013878188659974,2.352743079896315,0.12476898211925058,0.5,0,6,0.0
11.410333210999852,936,5682.58,-96.0,-1.3,-114.5,1.13,1.83,0.63,-0.04,-0.89,-0.04,-188.4,-135.0,-156.0,0.61,3.8,0.1,0.0,0.8917959407846618,2.2411381037321196,0.13167364299657436,0.5,0,6,0.0
11.418350936000024,937,5682.59,-95.8,-1.3,-114.4,1.01,1.67,0.68,-0.05,-0.88,-0.04,-189.8,-144.6,-106.0,0.65,4.02,-0.12,0.0,0.8823264701911645,2.0667365579579804,0.1383202513182703,0.5,0,6,0.0
11.430681914999695,938,5682.6,-95.7,-1.4,-114.2,0.88,1.54,0.64,-0.05,-0.9,-0.05,-191.3,-149.4,-57.0,0.69,4.08,0.05,0.0,0.9027735042633894,1.8856298682403183,0.11551575290112448,0.5,0,6,0.0
11.440835585000059,939,5682.61,-95.6,-1.5,-114.0,0.74,1.33,0.76,-0.06,-0.87,-0.04,-192.8,-150.0,-5.0,0.73,4.02,0.63,0.0,0.8729833904490968,1.7012054549642144,0.14239974938110878,0.5,0,6,0.0
11.450367226999333,940,5682.62,-95.5,-1.6,-113.9,0.46,1.04,0.89,-0.07,-0.88,-0.04,-194.3,-145.2,34.0,0.77,3.87,-0.09,0.0,0.8836854644046149,1.444056785587049,0.12906372191707882,0.5,0,6,0.0
11.458320019999519,941,5682.63,-95.5,-1.7,-113.8,0.26,0.79,1.0,-0.07,-0.89,-0.05,-195.7,-139.4,52.0,0.81,3.7,0.0,0.0,0.8941476388158726,1.3006536818077286,0.11622951655570468,0.5,0,6,0.0
11.470688590999998,942,5682.64,-95.4,-1.8,-113.7,0.21,0.62,1.03,-0.07,-0.92,-0.08,-197.1,-131.4,80.0,0.84,3.44,-0.09,0.0,0.9261209424259879,1.220409767250328,0.08257108868667762,0.5,0,6,0.0
11.480888936000156,943,5682.65,-95.4,-2.0,-113.7,0.43,0.57,0.94,-0.08,-0.93,-0.1,-198.3,-120.0,105.0,0.88,3.12,-0.06,0.0,0.9387757985802574,1.1804236527620071,0.06851790788175993,0.5,0,6,0.0
11.49030496099931,944,5682.66,-95.4,-2.1,-113.6,0.64,0.52,0.89,-0.08,-0.91,-0.13,-199.4,-107.7,124.0,0.91,2.75,0.05,0.0,0.9227133899537819,1.2133012816279394,0.08288871017807076,0.5,0,6,0.0
11.498316438999609,945,5682.67,-95.3,-2.2,-113.5,0.81,0.52,0.84,-0.07,-0.9,-0.14,-200.4,-95.2,116.0,0.93,2.45,-0.08,0.0,0.9135097153287425,1.27753669223236,0.090250537107048,0.5,0,6,0.0
11.510656804000064,946,5682.68,-95.3,-2.3,-113.5,1.07,0.48,0.64,-0.08,-0.89,-0.16,-201.3,-83.0,118.0,0.95,2.12,-0.29,0.0,0.9077995373429092,1.3360014970051493,0.09404150079102369,0.5,0,6,0.0
11.520662819999416,947,5682.69,-95.2,-2.4,-113.4,1.4,0.49,0.32,-0.08,-0.86,-0.16,-202.0,-72.4,107.0,0.97,1.84,-0.01,0.0,0.8784076502399099,1.5173990905493517,0.12096472013614257,0.5,0,6,0.0
11.53031964299953,948,5682.7,-95.1,-2.4,-113.4,1.5,0.41,-0.01,-0.1,-0.81,-0.12,-202.6,-64.7,79.0,0.99,1.73,-0.07,0.0,0.8249242389456137,1.5550562690783893,0.17095916880182993,0.5,0,6,0.0
11.538382654000088,949,5682.71,-94.9,-2.4,-113.3,1.36,0.19,-0.32,-0.12,-0.77,-0.11,-203.3,-59.5,66.0,1.01,1.53,-0.18,0.0,0.7870196947980399,1.4100000000000001,0.2046864386904157,0.5,0,6,0.0
11.550668895999479,950,5682.72,-94.8,-2.3,-113.3,0.79,-0.05,-0.52,-0.12,-0.74,-0.13,-203.8,-53.6,54.0,1.02,1.41,-0.15,0.0,0.7608547824650903,0.9471008394041259,0.226234324002898,0.5,0,6,0.0
11.560805015999904,951,5682.73,-94.8,-2.3,-113.4,-0.13,-0.31,-0.64,-0.12,-0.76,-0.17,-204.4,-52.5,11.0,1.03,1.44,0.0,0.0,0.7879720807236764,0.7229107828771127,0.19513468522942568,0.5,0,6,0.0
11.570277171999805,952,5682.74,-94.9,-2.2,-113.4,-1.02,-0.43,-0.69,-0.1,-0.82,-0.19,-204.9,-55.1,-15.0,1.05,1.53,0.02,0.0,0.8476437931112337,1.3043772460450236,0.13275371338503095,0.5,0,6,0.0
11.57834874999935,953,5682.75,-95.0,-2.1,-113.5,-1.46,-0.41,-0.73,-0.08,-0.91,-0.19,-205.5,-61.0,-54.0,1.07,1.77,-0.01,0.0,0.9330594836343501,1.6830329765040255,0.04639126240467628,0.5,0,6,0.0
11.590496109000014,954,5682.76,-95.2,-2.1,-113.5,-1.41,-0.39,-0.76,-0.05,-0.96,-0.16,-206.2,-69.5,-71.0,1.09,1.97,0.22,0.0,0.9745255255764211,1.6485751423577875,0.004826716053353164,0.5,0,6,0.0
11.600761018999947,955,5682.77,-95.3,-2.0,-113.6,-1.04,-0.42,-0.79,-0.03,-0.97,-0.16,-206.9,-78.2,-86.0,1.11,2.25,0.1,0.0,0.9835649444749441,1.3718964975536603,0.004128448788266459,0.5,0,6,0.0
11.610316530999626,956,5682.78,-95.5,-1.9,-113.6,-0.78,-0.52,-0.84,-0.01,-0.93,-0.18,-207.8,-89.1,-100.0,1.13,2.54,0.07,0.0,0.9473119866232033,1.258729518204765,0.03148201888220492,0.5,0,6,0.0
11.61840215599932,957,5682.79,-95.6,-1.8,-113.7,-0.99,-0.57,-0.87,0.0,-0.88,-0.2,-208.7,-100.3,-108.0,1.16,2.86,0.15,0.0,0.9024411338142783,1.4359317532529183,0.07482581425730728,0.5,0,6,0.0
11.63094418899982,958,5682.8,-95.7,-1.8,-113.7,-1.56,-0.61,-0.79,0.0,-0.88,-0.2,-209.8,-111.8,-113.0,1.19,3.17,0.35,0.0,0.9024411338142783,1.8519719220333768,0.07332929797216114,0.5,0,6,0.0
11.640805076000106,959,5682.81,-95.9,-1.7,-113.8,-1.96,-0.52,-0.62,0.02,-0.94,-0.22,-211.0,-125.4,-131.0,1.22,3.57,0.07,0.0,0.9656086163658648,2.120471645648675,0.009958579112163135,0.5,0,6,0.0
11.65033583100012,960,5682.82,-96.1,-1.6,-113.9,-1.86,-0.3,-0.4,0.04,-1.0,-0.24,-212.4,-138.4,-130.0,1.26,3.92,0.24,0.0,1.0291744264214886,1.9260321908005589,0.05253508632459147,0.5,0,6,0.0
11.65839877399958,961,5682.83,-96.3,-1.6,-113.9,-1.45,-0.06,-0.17,0.04,-1.03,-0.27,-213.9,-151.7,-132.0,1.3,4.28,0.0,0.0,1.0655515003977987,1.461163919620246,0.0871339170948835,0.5,0,6,0.0
11.67062926699964,962,5682.84,-96.4,-1.6,-113.9,-0.92,0.21,0.0,0.02,-1.03,-0.31,-215.5,-166.4,-151.0,1.35,4.73,0.25,0.0,1.0758252646224664,0.9436630754670864,0.09545952769316024,0.5,0,6,0.0
11.680647794999459,963,5682.85,-96.5,-1.6,-113.8,-0.58,0.36,0.06,0.0,-1.01,-0.32,-217.3,-182.0,-146.0,1.4,5.11,0.24,0.0,1.0594810050208545,0.6852736679604725,0.07753296272971733,0.5,0,6,0.0
11.690435294000054,964,5682.86,-96.5,-1.6,-113.8,-0.67,0.27,0.07,-0.04,-0.99,-0.31,-219.2,-196.2,-142.0,1.45,5.5,-0.02,0.0,1.0381714694596458,0.7257410006331461,0.05509895862513847,0.5,0,6,0.0
11.70079706999968,965,5682.87,-96.6,-1.6,-113.8,-1.47,0.17,0.28,-0.04,-1.0,-0.32,-221.2,-209.2,-133.0,1.51,5.84,0.2,0.0,1.0507140429250958,1.506054447886928,0.06628870144877674,0.5,0,6,0.0
11.71039817000019,966,5682.88,-96.8,-1.7,-113.8,-2.41,0.06,0.6,-0.03,-1.06,-0.29,-223.4,-222.2,-138.0,1.57,6.22,0.11,0.0,1.0993634521849451,2.484290643221924,0.11263934849445356,0.5,0,6,0.0
11.720777759000157,967,5682.89,-97.2,-1.7,-113.7,-2.67,-0.03,1.03,0.0,-1.12,-0.25,-225.7,-238.0,-154.0,1.64,6.67,0.08,0.0,1.1475626344561765,2.8619399015353206,0.15762176015037122,0.5,0,6,0.0
11.730375608999566,968,5682.9,-97.5,-1.9,-113.7,-2.24,-0.09,1.61,0.03,-1.19,-0.23,-228.2,-253.5,-154.0,1.71,7.09,0.04,0.0,1.2123943252918994,2.7600362316462443,0.21800438196637228,0.5,0,6,0.0
11.740393991999554,969,5682.91,-97.6,-2.0,-113.7,-1.2,-0.14,1.93,0.02,-1.24,-0.19,-230.9,-269.8,-163.0,1.78,7.55,0.0,0.0,1.2546314199795892,2.2769497139814043,0.25503664712098084,0.5,0,6,0.0
11.750704794999365,970,5682.92,-97.7,-2.2,-113.7,-0.24,-0.37,1.95,0.0,-1.21,-0.14,-233.7,-287.9,-180.0,1.86,8.06,0.02,0.0,1.2180722474467596,1.999249859322241,0.2141079250963882,0.5,0,6,0.0
11.75840588599931,971,5682.93,-97.7,-2.4,-113.7,-0.19,-0.64,2.04,0.0,-1.17,-0.09,-236.7,-306.2,-168.0,1.94,8.49,0.23,0.0,1.1734564329364767,2.1464622055838767,0.16610226837438336,0.5,0,6,0.0
11.7707646559993,972,5682.94,-97.7,-2.6,-113.8,-0.85,-0.75,2.31,0.0,-1.21,-0.05,-239.9,-319.3,-148.0,2.03,8.86,0.0,0.0,1.2110326172320875,2.573149820744995,0.19960488361659423,0.5,0,6,0.0
11.778316517999883,973,5682.95,-97.8,-2.8,-113.8,-1.02,-0.78,2.76,-0.02,-1.29,0.05,-243.2,-339.3,-204.0,2.13,9.52,-0.01,0.0,1.2911235417263525,3.044076214551797,0.274101891948642,0.5,0,6,0.0
11.790733775999797,974,5682.96,-97.9,-3.1,-113.9,-0.76,-0.95,3.5,0.0,-1.34,0.1,-246.7,-359.7,-182.0,2.22,9.97,-0.16,0.0,1.343726162579266,3.7054149565197148,0.3201704225455244,0.5,0,6,0.0
11.798394556999483,975,5682.97,-97.9,-3.5,-113.9,0.04,-1.1,4.09,0.01,-1.42,0.15,-250.4,-375.6,-183.0,2.33,10.47,0.21,0.0,1.427935572776307,4.235528302349071,0.39629223608771413,0.5,0,6,0.0
11.810650636999526,976,5682.98,-97.8,-4.0,-114.0,1.37,-1.52,3.96,-0.09,-1.35,0.17,-254.3,-398.9,-217.0,2.44,11.12,-0.01,0.0,1.3636348484840068,4.457454430501786,0.32535168155950567,0.5,0,6,0.0
11.818383475999326,977,5682.99,-97.7,-4.4,-114.1,1.59,-2.22,3.49,-0.22,-1.17,0.2,-258.4,-413.9,-136.0,2.55,11.33,0.11,0.0,1.2071868123865501,4.431320344998768,0.16552557255280798,0.5,0,6,0.0
11.830677318000198,978,5683.0,-97.5,-4.7,-114.4,0.67,-3.14,2.94,-0.28,-1.1,0.22,-261.6,-420.0,-127.0,2.66,11.58,0.01,0.0,1.1562006746235707,4.3534009693571765,0.11224864609403196,0.5,0,6,0.0
11.840510125000037,979,5683.01,-97.5,-5.0,-114.7,0.0,-4.21,2.14,-0.31,-1.14,0.28,-266.9,-426.6,-54.0,2.78,11.58,-0.01,0.0,1.214125199474914,4.722679324281927,0.1667697075264678,0.5,0,6,0.0
11.85077232599997,980,5683.02,-97.5,-5.2,-115.2,-0.25,-5.27,1.37,-0.31,-1.15,0.29,-271.2,-423.5,27.0,2.89,11.37,-0.01,0.0,1.2258466462000865,5.450899008420537,0.17492133116660757,0.5,0,6,0.0
11.858379307999712,981,5683.03,-97.4,-5.4,-115.7,-0.05,-5.99,1.03,-0.28,-1.12,0.3,-275.3,-400.7,225.0,3.0,10.42,-0.19,0.0,1.1928118040998756,6.07811648456987,0.13904875928506866,0.5,0,6,0.0
11.87057909899977,982,5683.04,-97.3,-5.6,-116.3,0.55,-6.51,1.03,-0.2,-1.08,0.26,-279.0,-366.2,282.0,3.1,9.59,-0.37,0.0,1.128716084761797,6.613886905594923,0.07345397914805019,0.5,0,6,0.0
11.878408495999793,983,5683.05,-97.2,-5.8,-117.0,1.25,-6.95,1.04,-0.1,-1.03,0.19,-282.5,-332.2,356.0,3.19,8.49,0.0,0.0,1.0521406750050109,7.1376887015335715,0.0030590019965612836,0.5,0,6,0.0
11.890682900999309,984,5683.06,-97.0,-6.0,-117.7,1.59,-6.96,1.04,-0.02,-0.94,0.09,-285.5,-286.3,432.0,3.27,7.2,-0.05,0.0,0.9445104552094699,7.214658689085715,0.1084754373562602,0.5,0,6,0.0
11.900610728999709,985,5683.07,-96.7,-6.2,-118.3,1.34,-6.56,1.08,0.02,-0.91,0.0,-288.0,-239.4,454.0,3.33,5.93,-0.07,0.0,0.9102197536858888,6.782005603064627,0.13991081610224432,0.5,0,6,0.0
11.911124997000115,986,5683.08,-96.6,-6.4,-118.9,1.07,-5.87,0.98,0.06,-0.91,-0.03,-290.1,-193.3,462.0,3.38,4.67,-0.16,0.0,0.9124691775616315,6.046668504226108,0.1349081643819715,0.5,0,6,0.0
11.920761346999825,987,5683.09,-96.4,-6.5,-119.5,1.0,-5.05,0.86,0.09,-0.94,-0.04,-291.7,-146.1,470.0,3.42,3.38,0.01,0.0,0.9451454914456292,5.219396516839853,0.1001872134880144,0.5,0,6,0.0
11.930301354999756,988,5683.1,-96.2,-6.6,-119.9,1.13,-4.19,0.55,0.12,-0.95,-0.05,-292.8,-97.2,484.0,3.44,2.04,-0.17,0.0,0.9588534820294495,4.374414246502039,0.08474963844611028,0.5,0,6,0.0
11.938274143999479,989,5683.11,-96.1,-6.7,-120.3,0.72,-3.5,0.21,0.14,-0.95,-0.07,-293.4,-48.8,486.0,3.45,0.71,-0.19,0.0,0.9628083921528727,3.5794552658190883,0.07917883375623336,0.5,0,6,0.0
11.951119393999761,990,5683.12,-96.0,-6.7,-120.6,-0.01,-2.89,-0.22,0.15,-0.96,-0.07,-293.6,-3.0,436.0,3.45,-0.36,-0.09,0.0,0.9741663102366043,2.898378857223465,0.0664644973590518,0.5,0,6,0.0
11.960591041999578,991,5683.13,-96.0,-6.7,-120.9,-0.6,-2.35,-0.62,0.14,-0.96,-0.07,-293.4,30.9,354.0,3.44,-1.19,0.0,0.0,0.9726767191621274,2.5033777182039474,0.06659500666485807,0.5,0,6,0.0
11.970727113000066,992,5683.14,-96.1,-6.7,-121.1,-0.68,-1.88,-0.91,0.11,-0.94,-0.07,-292.9,57.3,293.0,3.43,-1.89,-0.09,0.0,0.9489994731294639,2.196565500958257,0.08846680764357118,0.5,0,6,0.0
11.980668966999474,993,5683.15,-96.1,-6.6,-121.3,-0.57,-1.5,-1.02,0.08,-0.91,-0.05,-292.1,84.1,273.0,3.4,-2.59,-0.24,0.0,0.9148770409186143,1.901394225298899,0.12013745505733231,0.5,0,6,0.0
11.990391845999511,994,5683.16,-96.2,-6.5,-121.4,-0.47,-1.23,-1.03,0.05,-0.89,-0.04,-291.1,108.8,251.0,3.37,-3.25,-0.36,0.0,0.8923003978481686,1.6717356250316615,0.13985981616522236,0.5,0,6,0.0
12.000738963000003,995,5683.17,-96.2,-6.4,-121.5,-0.42,-1.08,-1.0,0.04,-0.87,-0.04,-289.9,133.4,255.0,3.33,-3.95,-0.18,0.0,0.871837140755084,1.5306207890917984,0.15711661179314085,0.5,0,6,0.0
12.010416479000014,996,5683.18,-96.2,-6.3,-121.7,-0.37,-0.97,-0.96,0.04,-0.88,-0.06,-288.4,158.3,243.0,3.29,-4.58,0.05,0.0,0.8829496021857647,1.4140014144264494,0.14308406735521106,0.5,0,6,0.0
12.018492291999792,997,5683.19,-96.2,-6.2,-121.8,-0.32,-0.86,-0.89,0.05,-0.88,-0.07,-286.6,182.9,250.0,3.24,-5.27,-0.24,0.0,0.8841945487278238,1.2783192089615176,0.13900233839688902,0.5,0,6,0.0
12.030725185999472,998,5683.2,-96.2,-6.2,-121.9,-0.06,-0.74,-0.77,0.05,-0.88,-0.09,-284.6,209.4,263.0,3.18,-6.02,-0.22,0.0,0.8860022573334675,1.0696261028976433,0.13445073719542033,0.5,0,6,0.0
12.038389368000026,999,5683.21,-96.2,-6.1,-121.9,0.2,-0.66,-0.65,0.06,-0.88,-0.1,-282.3,235.7,262.0,3.12,-6.72,0.08,0.0,0.8876936408468858,0.9476813810558906,0.130104166608362,0.5,0,6,0.0
12.050982235999982,1000,5683.22,-96.2,-6.0,-122.0,0.31,-0.56,-0.58,0.06,-0.88,-0.1,-279.8,259.6,229.0,3.05,-7.3,0.0,0.0,0.8876936408468858,0.8637708029332781,0.12750208327619483,0.5,0,6,0.0
12.060705977999532,1001,5683.23,-96.2,-6.0,-122.1,0.28,-0.48,-0.55,0.07,-0.89,-0.11,-277.0,280.3,230.0,2.97,-7.92,0.02,0.0,0.899499861033897,0.7818567643756752,0.11338194582740002,0.5,0,6,0.0
12.070378069999606,1002,5683.24,-96.1,-5.9,-122.1,0.3,-0.36,-0.61,0.06,-0.9,-0.12,-274.0,308.8,284.0,2.88,-8.8,-0.24,0.0,0.9099450532861861,0.7692203845452875,0.10087801850360867,0.5,0,6,0.0
12.078417331999844,1003,5683.25,-96.1,-5.9,-122.1,0.23,-0.23,-0.63,0.07,-0.91,-0.12,-270.8,338.4,270.0,2.79,-9.49,-0.04,0.0,0.9205433178292046,0.709013399027127,0.08847415888137844,0.5,0,6,0.0
12.090738292999959,1004,5683.26,-96.1,-5.8,-122.2,0.11,-0.12,-0.58,0.07,-0.89,-0.13,-267.6,359.7,247.0,2.69,-10.13,-0.04,0.0,0.9021640649017229,0.6024118192731613,0.104716343572683,0.5,0,6,0.0
12.098378202999811,1005,5683.27,-96.1,-5.8,-122.2,0.04,-0.01,-0.6,0.06,-0.91,-0.15,-263.8,383.4,242.0,2.58,-10.78,-0.18,0.0,0.9242294087508793,0.6014149981501957,0.08099797972905609,0.5,0,6,0.0
12.110489912999583,1006,5683.28,-96.1,-5.7,-122.2,0.18,0.09,-0.72,0.05,-0.91,-0.16,-259.8,405.3,224.0,2.47,-11.37,0.16,0.0,0.9253107586103168,0.7475961476626267,0.07831829727222639,0.5,0,6,0.0
12.11817271899963,1007,5683.29,-96.0,-5.6,-122.2,0.13,0.16,-0.66,0.03,-0.88,-0.17,-255.6,431.4,257.0,2.35,-12.08,0.0,0.0,0.8967719888578144,0.6914477565225011,0.10471992568423427,0.5,0,6,0.0
12.130561310999838,1008,5683.3,-96.0,-5.6,-122.2,0.02,0.18,-0.55,0.02,-0.88,-0.18,-251.1,451.1,189.0,2.23,-12.51,-0.03,0.0,0.8984430978086481,0.579050947672137,0.10098784039873254,0.5,0,6,0.0
12.138315037999746,1009,5683.31,-96.0,-5.5,-122.2,0.06,0.16,-0.45,0.01,-0.87,-0.2,-246.5,472.1,232.0,2.1,-13.25,0.05,0.0,0.8927485648266258,0.48135226186234964,0.10454872591313968,0.5,0,6,0.0
12.15081753100003,1010,5683.32,-96.0,-5.5,-122.1,0.13,0.1,-0.33,0.0,-0.86,-0.2,-241.6,493.0,185.0,1.97,-13.65,-0.05,0.0,0.8829496021857646,0.36851051545376556,0.11206073478292089,0.5,0,6,0.0
12.160345757999494,1011,5683.33,-96.0,-5.4,-122.1,0.17,0.03,-0.19,0.0,-0.85,-0.22,-236.5,519.7,294.0,1.82,-14.63,0.0,0.0,0.8780091115700337,0.25670995305986877,0.11466120089067877,0.5,0,6,0.0
12.170271893000063,1012,5683.34,-96.0,-5.4,-122.1,0.07,-0.04,-0.06,0.0,-0.86,-0.23,-231.1,547.7,248.0,1.67,-15.22,-0.11,0.0,0.8902246907382427,0.1004987562112089,0.10039670928802036,0.5,0,6,0.0
12.18026515099973,1013,5683.35,-96.0,-5.4,-122.2,0.0,-0.13,0.05,0.0,-0.87,-0.23,-225.5,572.1,259.0,1.51,-15.95,-0.25,0.0,0.8998888820293315,0.1392838827718412,0.08891786763699294,0.5,0,6,0.0
12.190597128999798,1014,5683.36,-96.0,-5.5,-122.2,-0.05,-0.2,0.17,-0.01,-0.87,-0.24,-219.5,604.3,334.0,1.35,-16.98,-0.26,0.0,0.9025519375637061,0.2672077843177478,0.0845297158605659,0.5,0,6,0.0
12.198260139000013,1015,5683.37,-96.0,-5.5,-122.2,-0.05,-0.24,0.33,0.0,-0.88,-0.24,-213.3,631.6,242.0,1.17,-17.5,-0.21,0.0,0.9121403400793103,0.41109609582188933,0.07344248707806245,0.5,0,6,0.0
12.21060072399996,1016,5683.38,-96.0,-5.5,-122.2,-0.13,-0.25,0.45,0.0,-0.91,-0.23,-206.8,655.1,210.0,0.99,-17.94,-0.2,0.0,0.9386160024205852,0.5309425580983315,0.04602748824205183,0.5,0,6,0.0
12.21832570999959,1017,5683.39,-96.0,-5.6,-122.2,-0.24,-0.32,0.46,0.03,-0.93,-0.2,-200.1,675.4,280.0,0.81,-18.88,-0.22,0.0,0.9517352573063583,0.6095900261651268,0.032250068689153144,0.5,0,6,0.0
12.230809851999766,1018,5683.4,-96.0,-5.6,-122.3,-0.25,-0.34,0.49,0.06,-0.92,-0.19,-193.2,700.8,212.0,0.62,-19.33,0.18,0.0,0.9413288479590967,0.6466838485689897,0.041803348475686564,0.5,0,6,0.0
12.23828664499979,1019,5683.41,-96.1,-5.7,-122.3,-0.43,-0.27,0.52,0.09,-0.93,-0.2,-186.0,723.3,261.0,0.42,-20.24,-0.18,0.0,0.9555103348473004,0.7267736924242649,0.027069424355733118,0.5,0,6,0.0
12.25077245600005,1020,5683.42,-96.1,-5.7,-122.3,-0.63,-0.1,0.56,0.12,-0.93,-0.21,-178.5,759.1,260.0,0.21,-20.85,-0.01,0.0,0.9609370426828181,0.8488227141164403,0.021209862189811135,0.5,0,6,0.0
12.258312008999383,1021,5683.43,-96.2,-5.8,-122.3,-0.69,0.09,0.54,0.13,-0.95,-0.22,-170.8,776.1,171.0,0.0,-21.06,-0.01,0.0,0.9837682653958706,0.8807950953541919,0.0015889333127765415,0.5,0,6,0.0
12.270617237999431,1022,5683.44,-96.3,-5.8,-122.3,-0.62,0.15,0.42,0.14,-0.95,-0.19,-163.0,777.4,82.0,-0.2,-21.06,0.08,0.0,0.9788769074812216,0.763740793725201,0.0032363761098350707,0.5,0,6,0.0
12.278379657000187,1023,5683.45,-96.3,-5.9,-122.3,-0.45,0.09,0.3,0.17,-0.95,-0.17,-155.4,736.9,-497.0,-0.4,-18.5,0.65,0.0,0.9799489782636646,0.548270006474912,0.002121019220844289,0.5,0,6,0.0
12.290788464999423,1024,5683.46,-96.3,-5.9,-122.2,0.09,0.07,0.33,0.25,-0.93,-0.21,-148.9,612.9,-1136.0,-0.55,-14.18,0.65,0.0,0.9856469956328179,0.3491418050019218,0.003505458185342869,0.5,0,6,0.0
12.298467767000147,1025,5683.47,-96.3,-5.9,-122.2,0.24,0.31,0.27,0.2,-1.04,-0.27,-144.0,427.1,-1790.0,-0.65,-8.03,1.07,0.0,1.092931836849856,0.4760252094164762,0.10857449341433334,0.5,0,6,0.0
12.310566225999537,1026,5683.48,-96.3,-5.9,-122.2,0.04,0.96,-0.11,0.06,-1.19,-0.38,-141.4,179.7,-2277.0,-0.69,-1.16,0.82,0.0,1.2506398362438325,0.9671090941563936,0.2609568429521436,0.5,0,6,0.0
12.31840231499973,1027,5683.49,-96.3,-5.9,-122.0,-0.33,1.78,-0.85,-0.15,-1.37,-0.4,-141.2,-34.7,-1860.0,-0.67,2.65,0.27,0.0,1.435060974314332,1.9999499993749845,0.4364704214021904,0.5,0,6,0.0
12.330526332999398,1028,5683.5,-96.4,-5.7,-121.8,-0.34,1.81,-1.71,-0.41,-1.4,-0.25,-142.3,-129.6,-1125.0,-0.63,4.53,0.35,0.0,1.4800675660252811,2.5131255440188416,0.4718474728508766,0.5,0,6,0.0
12.338187202999507,1029,5683.51,-96.4,-5.5,-121.7,0.69,1.11,-1.88,-0.3,-1.25,-0.13,-144.0,-194.8,-811.0,-0.57,6.25,-0.43,0.0,1.2920526305069775,2.2896724656596628,0.2781558865859215,0.5,0,6,0.0
12.350560748000134,1030,5683.52,-96.3,-5.3,-121.7,1.35,0.77,-1.75,-0.09,-1.14,-0.11,-146.4,-256.9,-663.0,-0.5,7.79,0.24,0.0,1.1488254871824528,2.3404914013941602,0.13223016839616886,0.5,0,6,0.0
12.358320471999832,1031,5683.53,-96.2,-5.1,-121.6,0.46,0.33,-1.67,0.0,-1.01,-0.13,-149.3,-306.0,-508.0,-0.41,8.88,-0.01,0.0,1.0183319694480772,1.7633490862560368,0.0017019176485573162,0.5,0,6,0.0
12.370728953999787,1032,5683.54,-96.2,-5.0,-121.6,-1.38,0.07,-1.76,0.02,-1.03,-0.16,-152.6,-337.1,-325.0,-0.32,9.39,-0.09,0.0,1.042544963059148,2.23761033247525,0.02539661303443541,0.5,0,6,0.0
12.378360979999343,1033,5683.55,-96.5,-4.7,-121.6,-2.98,-0.09,-2.09,0.01,-1.13,-0.1,-156.1,-348.2,-148.0,-0.22,9.49,-0.07,0.0,1.1344602240713422,3.6409614114955953,0.11496563656569703,0.5,0,6,0.0
12.390494131000196,1034,5683.56,-96.8,-4.5,-121.7,-3.9,-0.27,-2.55,0.02,-1.33,-0.05,-159.6,-348.8,-42.0,-0.13,9.41,0.07,0.0,1.331089779090802,4.667483261887503,0.3053632877534538,0.5,0,6,0.0
12.398333576999903,1035,5683.57,-97.2,-4.2,-121.8,-4.19,-0.34,-3.1,-0.01,-1.49,0.0,-163.0,-341.1,66.0,-0.04,9.03,-0.08,0.0,1.4900335566691107,5.223188681255925,0.4550209240251273,0.5,0,6,0.0
12.410790392999843,1036,5683.58,-97.6,-3.9,-121.8,-3.41,-0.5,-3.23,-0.01,-1.47,0.03,-166.3,-321.6,163.0,0.04,8.43,-0.08,0.0,1.470340096712322,4.723452127416981,0.4266209147869717,0.5,0,6,0.0
12.418222818999311,1037,5683.59,-97.8,-3.6,-121.9,-1.65,-0.29,-2.79,0.05,-1.37,0.0,-169.4,-301.9,179.0,0.12,7.93,-0.15,0.0,1.3709121051329294,3.254335569667025,0.3206490647434277,0.5,0,6,0.0
12.430516278000141,1038,5683.6,-97.9,-3.4,-122.0,-0.42,0.19,-1.99,0.11,-1.22,0.0,-172.2,-279.1,232.0,0.19,7.17,-0.19,0.0,1.22494897852931,2.0426942992038724,0.17119221937701212,0.5,0,6,0.0
12.442249541999445,1039,5683.61,-97.9,-3.2,-121.9,0.12,0.84,-1.28,0.19,-1.11,-0.02,-174.8,-250.2,274.0,0.26,6.35,-0.16,0.0,1.1263214461245068,1.5357083056361973,0.07111339323276478,0.5,0,6,0.0
12.45026412399966,1040,5683.62,-97.9,-3.1,-121.8,0.1,1.68,-0.81,0.28,-1.02,-0.09,-177.1,-220.9,286.0,0.32,5.55,-0.23,0.0,1.06155546251715,1.8677526602845462,0.006220461432899782,0.5,0,6,0.0
12.458265163999386,1041,5683.63,-97.9,-3.0,-121.6,0.07,2.79,-0.66,0.28,-0.96,-0.11,-179.1,-190.8,294.0,0.37,4.73,-0.26,0.0,1.0060318086422517,2.8678563422877374,0.04831712859315851,0.5,0,6,0.0
12.4706024420002,1042,5683.64,-98.0,-2.9,-121.3,0.01,4.06,-0.49,0.24,-0.89,-0.08,-180.8,-158.1,329.0,0.41,3.76,0.03,0.0,0.9252567211320326,4.089474293842669,0.12651037178131008,0.5,0,6,0.0
12.478259915999843,1043,5683.65,-98.0,-2.8,-120.8,0.0,5.16,-0.24,0.22,-0.91,-0.02,-182.2,-123.2,338.0,0.44,2.82,-0.06,0.0,0.9364293886887575,5.165578380007412,0.11303095014009357,0.5,0,6,0.0
12.49040882600002,1044,5683.66,-98.0,-2.7,-120.3,0.29,5.97,-0.11,0.19,-0.97,0.03,-183.2,-88.1,346.0,0.46,1.87,-0.07,0.0,0.9888882646689665,5.9780515220262185,0.0593606326766869,0.5,0,6,0.0
12.498303265999311,1045,5683.67,-98.0,-2.6,-119.6,0.8,6.43,-0.22,0.14,-1.01,0.05,-183.8,-53.8,333.0,0.47,1.01,0.17,0.0,1.0208819716304134,6.483309340144121,0.026819587200935135,0.5,0,6,0.0
12.51047651799945,1046,5683.68,-97.9,-2.5,-119.0,1.41,6.54,-0.51,0.08,-1.01,0.09,-184.1,-24.0,305.0,0.48,0.25,-0.05,0.0,1.017152889196113,6.709679575061688,0.029937696242530842,0.5,0,6,0.0
12.518304346999685,1047,5683.69,-97.7,-2.3,-118.4,2.02,6.4,-0.84,0.02,-0.97,0.1,-184.2,-1.3,217.0,0.48,-0.13,-0.05,0.0,0.9753460924205315,6.76357893426254,0.07030960315775014,0.5,0,6,0.0
12.531066057999851,1048,5683.7,-97.5,-2.1,-117.8,2.21,6.09,-1.04,-0.04,-0.93,0.09,-184.1,6.2,97.0,0.48,-0.18,0.02,0.0,0.9352005132590552,6.561539453512415,0.10824607867284197,0.5,0,6,0.0
12.538323080999362,1049,5683.71,-97.4,-1.9,-117.2,1.85,5.7,-1.1,-0.11,-0.91,0.08,-184.1,5.9,20.0,0.48,-0.11,-0.01,0.0,0.9201086892318755,6.092823647538143,0.12087114464602111,0.5,0,6,0.0
12.550738068999635,1050,5683.72,-97.2,-1.8,-116.7,1.41,5.17,-0.97,-0.18,-0.89,0.1,-184.0,1.4,-29.0,0.48,0.05,0.01,0.0,0.9135097153287425,5.445906719729966,0.12492071617817102,0.5,0,6,0.0
12.558327556999757,1051,5683.73,-97.1,-1.6,-116.2,1.17,4.51,-0.67,-0.21,-0.89,0.1,-184.1,-1.3,-6.0,0.48,0.0,0.03,0.0,0.9198912979260104,4.70721786196475,0.1161683509092849,0.5,0,6,0.0
12.570823236999786,1052,5683.74,-97.0,-1.5,-115.8,1.15,3.68,-0.2,-0.19,-0.9,0.09,-184.1,-0.8,-6.0,0.48,0.05,0.0,0.0,0.9242294087508793,3.8606864674562735,0.10959363528272759,0.5,0,6,0.0
12.578312394000022,1053,5683.75,-96.9,-1.5,-115.5,0.9,3.07,0.22,-0.16,-0.89,0.04,-184.1,-3.3,-23.0,0.48,0.16,0.09,0.0,0.90515192095029,3.2067584879438615,0.1260977006216507,0.5,0,6,0.0
12.590651650999462,1054,5683.76,-96.8,-1.5,-115.2,0.39,2.65,0.6,-0.14,-0.91,0.0,-184.2,-9.5,-70.0,0.48,0.45,-0.09,0.0,0.9207062506576134,2.744922585429323,0.10833250349604073,0.5,0,6,0.0
12.598273165999672,1055,5683.77,-96.8,-1.5,-114.9,0.13,2.36,0.89,-0.12,-0.93,-0.02,-184.4,-26.5,-158.0,0.49,1.04,0.12,0.0,0.9379232377972091,2.5255890402042844,0.08929320602931612,0.5,0,6,0.0
12.610643396999876,1056,5683.78,-96.8,-1.6,-114.7,0.31,2.21,1.04,-0.11,-0.95,-0.03,-184.8,-47.6,-187.0,0.5,1.6,0.04,0.0,0.9568176419778223,2.462072297882416,0.06899082581172888,0.5,0,6,0.0
12.618290618000174,1057,5683.79,-96.8,-1.7,-114.5,0.65,2.08,1.07,-0.08,-0.95,-0.03,-185.4,-66.5,-185.0,0.52,2.11,0.0,0.0,0.9538343671728337,2.427714975033107,0.07053461860438304,0.5,0,6,0.0
12.6307321459999,1058,5683.8,-96.7,-1.8,-114.2,0.93,1.98,0.99,-0.07,-0.94,-0.03,-186.2,-87.5,-205.0,0.55,2.67,0.04,0.0,0.9430800602281866,2.401124736451649,0.07966314703804955,0.5,0,6,0.0
12.638266774999465,1059,5683.81,-96.5,-1.9,-114.0,1.01,1.85,0.9,-0.06,-0.92,-0.02,-187.2,-107.3,-198.0,0.58,3.2,-0.02,0.0,0.9221713506718803,2.2918551437645447,0.09856041946246874,0.5,0,6,0.0
12.650965021000047,1060,5683.82,-96.4,-2.0,-113.9,0.84,1.73,0.86,-0.06,-0.89,-0.02,-188.4,-124.3,-166.0,0.61,3.61,-0.07,0.0,0.8922443611477744,2.106679852279411,0.12591766080684308,0.5,0,6,0.0
12.658261173999563,1061,5683.83,-96.3,-2.1,-113.7,0.63,1.59,0.86,-0.07,-0.89,-0.01,-189.7,-137.4,-134.0,0.65,3.86,0.14,0.0,0.8928045698807775,1.9143144987174914,0.12285030303236322,0.5,0,6,0.0
12.670760713999698,1062,5683.84,-96.2,-2.2,-113.5,0.54,1.42,0.9,-0.08,-0.88,-0.02,-191.2,-144.7,-78.0,0.69,3.99,-0.11,0.0,0.8838551917593741,1.7657859439920796,0.1291636875306913,0.5,0,6,0.0
12.678285635000066,1063,5683.85,-96.1,-2.3,-113.4,0.52,1.2,0.9,-0.08,-0.89,-0.02,-192.6,-147.9,-40.0,0.73,4.05,-0.23,0.0,0.8938120607823549,1.5875767697972907,0.11682268213755631,0.5,0,6,0.0
12.691012524999678,1064,5683.86,-96.0,-2.4,-113.3,0.61,1.04,0.82,-0.08,-0.87,-0.04,-194.1,-147.8,-1.0,0.77,3.97,0.0,0.0,0.8745856161634492,1.458115221784616,0.13332814422133266,0.5,0,6,0.0
12.698281008999402,1065,5683.87,-95.9,-2.5,-113.2,0.37,0.8,0.9,-0.08,-0.86,-0.05,-195.6,-144.9,24.0,0.81,3.87,0.0,0.0,0.8651589449343975,1.2597221915962267,0.13989971914137667,0.5,0,6,0.0
12.71044227099992,1066,5683.88,-95.9,-2.6,-113.1,0.08,0.61,1.01,-0.09,-0.86,-0.06,-197.0,-138.9,51.0,0.85,3.68,0.0,0.0,0.8667756341753038,1.1826242006656214,0.13551736930246105,0.5,0,6,0.0
12.718153144000098,1067,5683.89,-95.9,-2.7,-113.0,-0.02,0.44,1.05,-0.07,-0.88,-0.08,-198.3,-131.0,76.0,0.88,3.4,0.06,0.0,0.8863972021616494,1.138639539099183,0.11357788528979318,0.5,0,6,0.0
12.73042025399991,1068,5683.9,-95.9,-2.8,-113.0,0.11,0.4,0.95,-0.07,-0.91,-0.11,-199.6,-119.9,102.0,0.91,3.09,0.0,0.0,0.9192932067626738,1.0366291525902598,0.07906824307499338,0.5,0,6,0.0
12.738343410000198,1069,5683.91,-95.9,-2.9,-112.9,0.28,0.37,0.81,-0.06,-0.91,-0.14,-200.7,-108.5,116.0,0.94,2.72,0.0,0.0,0.9226592003551474,0.9334880824091972,0.07418820449286945,0.5,0,6,0.0
12.75049471300008,1070,5683.92,-95.9,-3.0,-112.9,0.44,0.35,0.64,-0.06,-0.91,-0.16,-201.7,-94.2,134.0,0.97,2.34,0.09,0.0,0.9259049627256569,0.8518802732778826,0.06952359327991264,0.5,0,6,0.0
12.75835368800017,1071,5683.93,-95.9,-3.1,-112.8,0.57,0.35,0.42,-0.07,-0.91,-0.17,-202.5,-80.5,123.0,0.99,2.03,-0.03,0.0,0.9283856957105706,0.7898101037591251,0.06570200308909901,0.5,0,6,0.0
12.770379034999678,1072,5683.94,-95.9,-3.1,-112.8,0.76,0.33,0.12,-0.09,-0.92,-0.18,-203.3,-70.0,116.0,1.01,1.71,-0.07,0.0,0.9417536832951597,0.8371977066380437,0.05128733519441975,0.5,0,6,0.0
12.7783261149998,1073,5683.95,-95.8,-3.1,-112.8,1.04,0.24,-0.23,-0.12,-0.9,-0.16,-203.9,-58.0,115.0,1.02,1.42,0.07,0.0,0.9219544457292888,1.0918333206126292,0.06966484130508488,0.5,0,6,0.0
12.790473962999386,1074,5683.96,-95.7,-3.1,-112.8,1.24,0.07,-0.52,-0.13,-0.87,-0.15,-204.4,-48.4,97.0,1.03,1.17,0.0,0.0,0.8923564310296643,1.3464397498588638,0.09727759888461507,0.5,0,6,0.0
12.798270917999616,1075,5683.97,-95.6,-3.0,-112.8,1.16,-0.09,-0.73,-0.13,-0.84,-0.17,-204.8,-39.7,83.0,1.05,0.97,0.0,0.0,0.8668333173107734,1.3735355838128112,0.12034469835143591,0.5,0,6,0.0
12.810513323000123,1076,5683.98,-95.5,-3.0,-112.8,0.71,-0.27,-0.84,-0.11,-0.85,-0.18,-205.2,-34.3,46.0,1.05,0.93,-0.09,0.0,0.8757853618324526,1.13251931550857,0.1091648007531616,0.5,0,6,0.0
12.818323140999382,1077,5683.99,-95.4,-2.9,-112.8,0.16,-0.41,-0.89,-0.07,-0.87,-0.19,-205.5,-34.0,17.0,1.06,0.93,0.0,0.0,0.8932524839036273,0.9928746144403129,0.08986372510834717,0.5,0,6,0.0
12.830421904000104,1078,5684.0,-95.5,-2.8,-112.9,-0.18,-0.49,-0.84,-0.04,-0.9,-0.2,-205.8,-34.9,-2.0,1.07,0.96,0.03,0.0,0.9228217596047463,0.9889893831583835,0.05908856041908361,0.5,0,6,0.0
12.838235893999808,1079,5684.01,-95.5,-2.7,-112.9,-0.33,-0.47,-0.72,0.0,-0.92,-0.21,-206.3,-37.3,-17.0,1.08,1.04,0.08,0.0,0.9436630754670864,0.92097774131626,0.037482299665608676,0.5,0,6,0.0
12.850913238999965,1080,5684.02,-95.6,-2.7,-113.0,-0.35,-0.38,-0.6,0.01,-0.94,-0.23,-206.7,-43.5,-62.0,1.1,1.29,0.19,0.0,0.9677809669548166,0.7917701686727027,0.01309712001432084,0.5,0,6,0.0
12.858302835999893,1081,5684.03,-95.6,-2.6,-113.0,-0.29,-0.21,-0.57,0.04,-0.95,-0.23,-207.2,-52.8,-82.0,1.11,1.56,0.05,0.0,0.978263768111648,0.6731270311018567,0.0025620324803397043,0.5,0,6,0.0
12.8703038069998,1082,5684.04,-95.6,-2.5,-113.1,-0.26,-0.11,-0.6,0.05,-0.93,-0.22,-207.8,-63.6,-102.0,1.13,1.87,0.4,0.0,0.9569743988216195,0.6630987860040162,0.023374373734960763,0.5,0,6,0.0
12.878323220999846,1083,5684.05,-95.6,-2.5,-113.1,-0.39,0.01,-0.64,0.05,-0.93,-0.21,-208.5,-76.5,-121.0,1.15,2.23,-0.05,0.0,0.9547250913221041,0.7495331880577404,0.02511120760978658,0.5,0,6,0.0
12.89044006199947,1084,5684.06,-95.7,-2.4,-113.1,-0.64,0.2,-0.63,0.06,-0.95,-0.22,-209.4,-90.0,-136.0,1.17,2.63,0.1,0.0,0.976985158536198,0.9200543462209175,0.0027941175877788105,0.5,0,6,0.0
12.898258131999683,1085,5684.07,-95.8,-2.4,-113.0,-0.58,0.37,-0.63,0.05,-0.99,-0.22,-210.4,-104.6,-141.0,1.2,3.02,0.08,0.0,1.0153817016275208,0.9328451104015071,0.03489037699347308,0.5,0,6,0.0
12.910463043999698,1086,5684.08,-95.8,-2.3,-113.0,-0.29,0.49,-0.63,0.01,-1.01,-0.24,-211.5,-119.5,-144.0,1.24,3.41,0.01,0.0,1.0381714694596458,0.8491760712596652,0.056526541929086016,0.5,0,6,0.0
12.918304310999702,1087,5684.09,-95.8,-2.2,-113.0,0.11,0.49,-0.61,-0.02,-1.01,-0.25,-212.8,-133.4,-143.0,1.27,3.8,0.13,0.0,1.0406728592598156,0.79012657213892,0.057847373094670695,0.5,0,6,0.0
12.930348498999592,1088,5684.1,-95.8,-2.1,-112.9,0.47,0.36,-0.64,-0.08,-0.99,-0.24,-214.2,-149.2,-153.0,1.32,4.25,0.0,0.0,1.0218121158021176,0.8718371407550839,0.0382068970442333,0.5,0,6,0.0
12.938381865999872,1089,5684.11,-95.7,-2.1,-112.9,0.35,0.06,-0.61,-0.12,-0.95,-0.24,-215.8,-165.7,-167.0,1.36,4.73,0.13,0.0,0.9871676655968833,0.7058328414008518,0.0034911979022189676,0.5,0,6,0.0
12.950483411999812,1090,5684.12,-95.8,-2.0,-112.9,-0.55,-0.42,-0.38,-0.12,-0.95,-0.24,-217.6,-184.3,-186.0,1.41,5.26,0.0,0.0,0.9871676655968833,0.7894935085230277,0.0034213739441746327,0.5,0,6,0.0
12.958197758999631,1091,5684.13,-95.9,-2.0,-113.0,-1.51,-0.95,-0.05,-0.1,-1.0,-0.23,-219.6,-204.3,-189.0,1.47,5.78,0.14,0.0,1.030970416646375,1.7846848461283016,0.046279642493792905,0.5,0,6,0.0
12.97039869999935,1092,5684.14,-96.1,-2.1,-113.1,-2.08,-1.42,0.39,-0.07,-1.05,-0.22,-221.8,-222.3,-182.0,1.53,6.26,0.09,0.0,1.0750813922675808,2.548509368238618,0.08858280575269883,0.5,0,6,0.0
12.97835739599941,1093,5684.15,-96.3,-2.1,-113.3,-1.87,-1.7,0.89,-0.01,-1.11,-0.23,-224.1,-242.5,-206.0,1.6,6.86,0.13,0.0,1.1336225121265016,2.6793655965545278,0.14418144709938718,0.5,0,6,0.0
12.990363770999465,1094,5684.16,-96.5,-2.3,-113.4,-1.24,-1.87,1.38,0.0,-1.16,-0.22,-226.7,-264.5,-212.0,1.67,7.45,0.2,0.0,1.1806777714516352,2.6341791890454225,0.18741197229603046,0.5,0,6,0.0
12.998191876999954,1095,5684.17,-96.6,-2.4,-113.6,-0.95,-2.0,1.76,0.0,-1.18,-0.18,-229.5,-285.5,-209.0,1.75,8.01,0.0,0.0,1.193649864910142,2.8284448023604774,0.19637638443944638,0.5,0,6,0.0
13.01039660799961,1096,5684.18,-96.7,-2.6,-113.8,-0.89,-2.03,2.02,0.02,-1.24,-0.09,-232.5,-308.4,-233.0,1.83,8.68,0.26,0.0,1.2434226956268732,2.9988997982593544,0.24122623085305417,0.5,0,6,0.0
13.018339378999372,1097,5684.19,-96.8,-2.8,-114.0,-0.86,-1.98,2.28,0.05,-1.28,-0.03,-235.8,-333.3,-233.0,1.92,9.31,0.08,0.0,1.2813274366843161,3.139808911382984,0.27354835247228704,0.5,0,6,0.0
13.030411523999646,1098,5684.2,-96.9,-3.1,-114.1,-1.0,-1.69,2.87,0.05,-1.3,0.0,-239.2,-350.2,-171.0,2.02,9.68,-0.03,0.0,1.3009611831257688,3.4774991013658076,0.287318456935465,0.5,0,6,0.0
13.038384497999687,1099,5684.21,-97.0,-3.4,-114.2,-1.12,-1.29,3.68,0.08,-1.39,0.05,-242.9,-367.7,-205.0,2.12,10.31,0.18,0.0,1.393197760549449,4.057203470372173,0.37196393367196223,0.5,0,6,0.0
13.050364457999422,1100,5684.22,-97.0,-3.9,-114.3,-0.13,-1.1,3.97,0.09,-1.52,0.16,-246.7,-387.7,-172.0,2.23,10.7,-0.07,0.0,1.5310453944935793,4.1216258927758105,0.49961533626377075,0.5,0,6,0.0
13.05815181700018,1101,5684.23,-97.0,-4.2,-114.4,1.24,-1.42,3.37,-0.06,-1.4,0.21,-250.7,-401.6,-160.0,2.34,11.13,0.19,0.0,1.4169333082400173,3.861463453148301,0.3777931850100045,0.5,0,6,0.0
13.070411205999335,1102,5684.24,-96.8,-4.5,-114.5,1.31,-2.01,2.63,-0.24,-1.19,0.21,-254.8,-418.2,-142.0,2.45,11.46,0.07,0.0,1.231990259701756,3.559929774588257,0.1889931337423083,0.5,0,6,0.0
13.078359993999584,1103,5684.25,-96.7,-4.8,-114.7,0.38,-2.83,2.03,-0.33,-1.1,0.23,-259.0,-419.5,-27.0,2.56,11.36,0.06,0.0,1.1712386605641056,3.5034554371363136,0.1256767039125648,0.5,0,6,0.0
13.090275269999438,1104,5684.26,-96.7,-5.0,-115.0,-0.13,-3.87,1.26,-0.36,-1.11,0.26,-263.2,-417.7,2.0,2.68,11.3,0.02,0.0,1.1955333537798098,4.0720265225069445,0.14697196918570365,0.5,0,6,0.0
13.098304438000014,1105,5684.27,-96.7,-5.2,-115.5,-0.3,-4.88,0.67,-0.34,-1.09,0.3,-267.3,-410.3,71.0,2.79,11.0,-0.08,0.0,1.180550718944341,4.934906280771703,0.12934954766323004,0.5,0,6,0.0
13.110691064000093,1106,5684.28,-96.6,-5.3,-116.0,-0.14,-5.76,0.42,-0.29,-1.06,0.3,-271.3,-396.7,136.0,2.9,10.52,0.14,0.0,1.1391663618629195,5.776988835024696,0.08620588677017249,0.5,0,6,0.0
13.118211227999382,1107,5684.29,-96.6,-5.4,-116.6,0.32,-6.45,0.45,-0.18,-1.01,0.25,-275.1,-366.0,301.0,2.99,9.42,0.0,0.0,1.0559356040971437,6.473592511117764,0.0029156264243086483,0.5,0,6,0.0
13.13040368899965,1108,5684.3,-96.5,-5.5,-117.3,0.77,-6.95,0.58,-0.1,-0.95,0.17,-278.5,-324.4,364.0,3.08,8.35,-0.16,0.0,0.9702576977277738,7.0165376076808705,0.08110703434616007,0.5,0,6,0.0
13.138394832999438,1109,5684.31,-96.3,-5.7,-118.0,1.01,-7.04,0.72,-0.04,-0.91,0.08,-281.4,-285.2,392.0,3.16,7.24,-0.09,0.0,0.9143850392476902,7.148433394807564,0.13424009896971878,0.5,0,6,0.0
13.15019455699985,1110,5684.32,-96.1,-5.8,-118.7,0.87,-6.69,0.83,0.0,-0.89,0.0,-284.0,-240.2,445.0,3.22,5.93,-0.15,0.0,0.89,6.797197952097615,0.15545263545306087,0.5,0,6,0.0
13.158384835999641,1111,5684.33,-96.0,-6.0,-119.3,0.72,-6.12,0.84,0.05,-0.93,-0.01,-286.1,-191.8,468.0,3.27,4.63,-0.22,0.0,0.931396800509858,6.21919608952797,0.11177471824433882,0.5,0,6,0.0
13.170329868999943,1112,5684.34,-95.8,-6.1,-119.8,0.92,-5.42,0.81,0.09,-0.96,-0.03,-287.6,-143.8,476.0,3.31,3.32,-0.09,0.0,0.9646761114488116,5.556878620232765,0.07692549915927738,0.5,0,6,0.0
13.178249200999744,1113,5684.35,-95.7,-6.2,-120.3,1.19,-4.71,0.55,0.11,-1.0,-0.03,-288.8,-96.7,469.0,3.33,2.05,-0.33,0.0,1.0064790112068904,4.889038760329069,0.03442014741317467,0.5,0,6,0.0
13.190458381999633,1114,5684.36,-95.5,-6.3,-120.8,0.99,-4.09,0.15,0.11,-0.98,-0.04,-289.4,-49.7,472.0,3.34,0.76,-0.22,0.0,0.9869650449737316,4.210783775023362,0.05285543137340676,0.5,0,6,0.0
13.19868241199947,1115,5684.37,-95.4,-6.3,-121.2,0.3,-3.52,-0.29,0.12,-0.97,-0.05,-289.6,-3.3,449.0,3.34,-0.41,-0.23,0.0,0.9786725703727472,3.5446438467073103,0.05992494785490332,0.5,0,6,0.0
13.210391024999808,1116,5684.38,-95.4,-6.3,-121.5,-0.42,-2.91,-0.77,0.11,-0.97,-0.06,-289.3,32.0,353.0,3.33,-1.2,-0.18,0.0,0.9780593029055038,3.0393091320232632,0.0593274510157038,0.5,0,6,0.0
13.218435738999688,1117,5684.39,-95.4,-6.2,-121.8,-0.58,-2.4,-1.07,0.09,-0.93,-0.07,-288.8,58.4,293.0,3.32,-1.91,-0.06,0.0,0.9369631796394137,2.690966369169262,0.09841510279615806,0.5,0,6,0.0
13.230629487999977,1118,5684.4,-95.4,-6.1,-122.0,-0.46,-1.96,-1.16,0.07,-0.9,-0.05,-288.1,83.4,259.0,3.29,-2.55,0.06,0.0,0.9041017641836565,2.323531794488726,0.128650987886877,0.5,0,6,0.0
13.238313885000025,1119,5684.41,-95.5,-6.0,-122.2,-0.24,-1.61,-1.16,0.05,-0.85,-0.06,-287.1,108.7,256.0,3.26,-3.26,-0.32,0.0,0.8535806933149319,1.9988246546408217,0.1755886175804895,0.5,0,6,0.0
13.250546941999346,1120,5684.42,-95.5,-5.9,-122.3,-0.28,-1.29,-1.04,0.05,-0.85,-0.06,-285.8,133.4,253.0,3.22,-3.94,-0.17,0.0,0.8535806933149319,1.6805058762170397,0.17207684522887967,0.5,0,6,0.0
13.258451220000097,1121,5684.43,-95.5,-5.9,-122.5,-0.45,-1.05,-1.02,0.05,-0.88,-0.08,-284.3,160.1,261.0,3.18,-4.66,-0.17,0.0,0.8850423718670196,1.5314698821720263,0.1378028633432561,0.5,0,6,0.0
13.270495992999713,1122,5684.44,-95.5,-5.8,-122.6,-0.55,-0.85,-0.94,0.07,-0.9,-0.1,-282.5,185.5,260.0,3.13,-5.37,0.16,0.0,0.9082400563727632,1.3815209010362455,0.11231307526076229,0.5,0,6,0.0
13.278329207999377,1123,5684.45,-95.6,-5.7,-122.6,-0.39,-0.6,-0.86,0.09,-0.92,-0.11,-280.5,210.9,237.0,3.07,-5.97,-0.06,0.0,0.9309135298189624,1.1187939935484101,0.08784680977827186,0.5,0,6,0.0
13.290539072999309,1124,5684.46,-95.6,-5.6,-122.7,-0.08,-0.33,-0.76,0.11,-0.94,-0.12,-278.2,231.8,218.0,3.01,-6.55,0.06,0.0,0.9539916142189091,0.8324061508662703,0.06347335087075856,0.5,0,6,0.0
13.298347361999731,1125,5684.47,-95.6,-5.5,-122.7,0.26,-0.05,-0.73,0.12,-0.93,-0.12,-275.7,255.3,245.0,2.94,-7.27,-0.09,0.0,0.9453570753953239,0.776530746332687,0.070665731900457,0.5,0,6,0.0
13.310704796999744,1126,5684.48,-95.5,-5.5,-122.7,0.27,0.09,-0.67,0.11,-0.89,-0.12,-273.0,285.3,281.0,2.86,-8.09,-0.17,0.0,0.9047651629014017,0.7279423054061359,0.10903249150649152,0.5,0,6,0.0
13.318504610999298,1127,5684.49,-95.5,-5.4,-122.7,0.05,0.15,-0.73,0.1,-0.88,-0.12,-269.9,312.1,257.0,2.77,-8.76,-0.15,0.0,0.8937561188601731,0.7469270379361025,0.1176407048367657,0.5,0,6,0.0
13.330364780999844,1128,5684.5,-95.5,-5.3,-122.7,-0.28,0.28,-0.88,0.07,-0.87,-0.13,-266.7,335.5,247.0,2.68,-9.43,-0.03,0.0,0.8824397996464122,0.9649870465451855,0.12637788356951618,0.5,0,6,0.0
13.338356538999506,1129,5684.51,-95.6,-5.2,-122.7,-0.58,0.37,-0.91,0.05,-0.85,-0.15,-263.1,360.9,249.0,2.58,-10.1,-0.08,0.0,0.864580823289529,1.1407892005098927,0.14135212272787145,0.5,0,6,0.0
13.350884026999665,1130,5684.52,-95.7,-5.1,-122.6,-0.85,0.46,-0.83,0.03,-0.87,-0.15,-259.4,383.2,230.0,2.47,-10.7,-0.16,0.0,0.8833459118601275,1.2739701723352865,0.12013529347412755,0.5,0,6,0.0
13.358433088999845,1131,5684.53,-95.8,-5.0,-122.6,-0.92,0.49,-0.84,0.02,-0.91,-0.16,-255.3,408.9,253.0,2.36,-11.44,-0.15,0.0,0.9241753080449617,1.3386933928274989,0.07771977934350738,0.5,0,6,0.0
13.370331381000142,1132,5684.54,-95.9,-4.9,-122.6,-0.81,0.44,-0.88,0.0,-0.92,-0.17,-251.1,428.0,186.0,2.25,-11.81,-0.1,0.0,0.9355746896961248,1.2744018204632321,0.06499398973849746,0.5,0,6,0.0
13.37849155999993,1133,5684.55,-95.9,-4.9,-122.5,-0.6,0.35,-0.85,0.0,-0.9,-0.2,-246.7,448.6,237.0,2.12,-12.55,0.1,0.0,0.9219544457292888,1.0977249200050074,0.07704194903122685,0.5,0,6,0.0
13.39043475499966,1134,5684.56,-96.0,-4.8,-122.5,-0.22,0.29,-0.72,0.0,-0.87,-0.21,-242.0,471.3,191.0,1.99,-12.99,-0.01,0.0,0.8949860334105779,0.8067837380611982,0.10193015412293893,0.5,0,6,0.0
13.398369007999463,1135,5684.57,-96.0,-4.7,-122.5,0.07,0.23,-0.51,0.01,-0.84,-0.22,-237.2,495.6,282.0,1.86,-13.92,-0.06,0.0,0.8683893136145792,0.563826214360418,0.12595633644055892,0.5,0,6,0.0
13.410268298999654,1136,5684.58,-96.0,-4.7,-122.5,0.23,0.19,-0.27,0.02,-0.81,-0.24,-232.0,523.9,240.0,1.71,-14.49,-0.06,0.0,0.8450443775329199,0.40236799077461416,0.1463152470717738,0.5,0,6,0.0
13.418367634999413,1137,5684.59,-95.9,-4.7,-122.4,0.17,0.2,-0.01,0.02,-0.81,-0.25,-226.6,546.7,252.0,1.56,-15.19,-0.02,0.0,0.8479386770280031,0.26267851073127396,0.14055252862515688,0.5,0,6,0.0
13.430422800999622,1138,5684.6,-95.9,-4.7,-122.4,0.18,0.23,0.24,0.03,-0.81,-0.26,-221.0,576.6,318.0,1.41,-16.18,-0.09,0.0,0.8512343978012168,0.378021163428716,0.1345116716949043,0.5,0,6,0.0
13.43838845099981,1139,5684.61,-95.9,-4.7,-122.4,0.14,0.33,0.46,0.04,-0.82,-0.27,-215.0,608.8,253.0,1.24,-16.73,-0.15,0.0,0.8642337646724987,0.5831809324729333,0.11908205872714994,0.5,0,6,0.0
13.450798107999617,1140,5684.62,-95.9,-4.8,-122.3,0.01,0.45,0.68,0.05,-0.83,-0.27,-208.7,632.1,269.0,1.07,-17.5,-0.05,0.0,0.874242529278918,0.8154753215150046,0.106891828238316,0.5,0,6,0.0
13.458316950999688,1141,5684.63,-95.9,-4.8,-122.3,-0.15,0.58,0.79,0.07,-0.89,-0.25,-202.3,650.6,240.0,0.89,-18.1,0.16,0.0,0.9270922284217467,0.991463564635635,0.052961286513577566,0.5,0,6,0.0
13.470704745000148,1142,5684.64,-95.9,-4.9,-122.2,-0.19,0.66,0.82,0.08,-0.91,-0.24,-195.5,682.4,245.0,0.7,-18.76,-0.32,0.0,0.9445104552094699,1.0696261028976433,0.03483219853133723,0.5,0,6,0.0
13.478284007000184,1143,5684.65,-96.0,-5.0,-122.1,-0.28,0.78,0.79,0.11,-0.94,-0.22,-188.6,703.1,242.0,0.51,-19.43,-0.15,0.0,0.9716480844420988,1.1449454135459909,0.007540677912734051,0.5,0,6,0.0
13.49065269499988,1144,5684.66,-96.0,-5.0,-122.0,-0.32,0.9,0.81,0.11,-0.93,-0.2,-181.3,737.2,335.0,0.31,-20.47,-0.45,0.0,0.9576011695899291,1.2523977004130917,0.02115584090960565,0.5,0,6,0.0
13.498143494999567,1145,5684.67,-96.1,-5.1,-121.9,-0.31,1.0,0.87,0.11,-0.9,-0.19,-173.7,762.4,269.0,0.1,-21.08,0.11,0.0,0.926390846241477,1.3612494260788506,0.05131884097289663,0.5,0,6,0.0
13.510711971999626,1146,5684.68,-96.1,-5.2,-121.8,-0.34,1.13,0.89,0.11,-0.9,-0.19,-166.0,773.1,131.0,-0.1,-21.17,0.15,0.0,0.926390846241477,1.4780392416982708,0.05029246415343869,0.5,0,6,0.0
13.518248977999974,1147,5684.69,-96.2,-5.3,-121.7,-0.43,1.16,0.81,0.1,-0.89,-0.18,-158.3,775.6,-58.0,-0.31,-20.66,0.06,0.0,0.9135097153287425,1.4787156589419077,0.061910123164849784,0.5,0,6,0.0
13.530819943000097,1148,5684.7,-96.2,-5.3,-121.6,-0.5,0.95,0.68,0.12,-0.88,-0.16,-150.8,719.0,-563.0,-0.5,-18.29,0.48,0.0,0.9024411338142782,1.2707871576310488,0.07151913058572779,0.5,0,6,0.0
13.538314392999382,1149,5684.71,-96.3,-5.4,-121.5,-0.22,0.84,0.69,0.18,-0.86,-0.21,-144.4,602.2,-1123.0,-0.66,-14.33,0.82,0.0,0.9033825324855468,1.1090987332063813,0.06916617727616992,0.5,0,6,0.0
13.550518932999694,1150,5684.72,-96.3,-5.4,-121.4,-0.09,0.85,0.65,0.14,-0.92,-0.3,-139.7,396.4,-1916.0,-0.76,-7.82,1.01,0.0,0.9777525249264253,1.0738249391777042,0.00509973886141446,0.5,0,6,0.0
13.558404779999364,1151,5684.73,-96.3,-5.5,-121.3,-0.45,1.5,0.47,0.0,-1.09,-0.41,-137.4,157.2,-2213.0,-0.79,-1.38,1.15,0.0,1.164560002747819,1.6350535159437443,0.18806907234915193,0.5,0,6,0.0
13.570831318999808,1152,5684.74,-96.4,-5.5,-121.1,-1.01,1.82,-0.33,-0.18,-1.3,-0.33,-137.4,-45.6,-1786.0,-0.77,2.67,0.28,0.0,1.353255334369682,2.1074629296858345,0.3692291158915948,0.5,0,6,0.0
13.57837183599986,1153,5684.75,-96.6,-5.4,-120.9,-1.34,1.84,-1.24,-0.43,-1.44,-0.24,-138.5,-136.4,-1075.0,-0.73,4.47,0.18,0.0,1.5218738449687608,2.592064814004465,0.5270906739608601,0.5,0,7,0.0
13.590331788000185,1154,5684.76,-96.7,-5.2,-120.8,-0.44,0.88,-1.76,-0.37,-1.38,-0.13,-140.3,-196.9,-769.0,-0.68,6.11,0.22,0.0,1.4346428126889283,2.0163333057805697,0.4310624488474071,0.5,0,7,0.0
13.59836402899964,1155,5684.77,-96.7,-5.0,-120.8,0.49,0.58,-1.87,-0.12,-1.25,-0.15,-142.7,-263.0,-712.0,-0.6,7.98,0.16,0.0,1.2646738710039043,2.0182665829864996,0.2558716370191354,0.5,0,7,0.0
13.61027227500017,1156,5684.78,-96.6,-4.8,-120.7,0.18,0.07,-1.88,0.0,-1.09,-0.18,-145.8,-328.2,-630.0,-0.51,9.56,0.41,0.0,1.1047624178980746,1.889894176931608,0.0940409802350397,0.5,0,7,0.0
13.61831650699969,1157,5684.79,-96.7,-4.6,-120.8,-1.44,-0.14,-1.83,0.05,-1.06,-0.23,-149.4,-373.1,-468.0,-0.41,10.57,0.07,0.0,1.0858176642512314,2.3328308982864576,0.07359430205643247,0.5,0,7,0.0
13.630315740999322,1158,5684.8,-96.9,-4.4,-120.8,-3.04,-0.29,-2.08,0.06,-1.13,-0.2,-153.4,-401.5,-293.0,-0.3,11.08,0.13,0.0,1.1491301057756689,3.694874828732362,0.13416860870925262,0.5,0,7,0.0
13.638312567999492,1159,5684.81,-97.3,-4.2,-120.9,-3.95,-0.58,-2.4,0.03,-1.28,-0.11,-157.5,-411.0,-135.0,-0.19,11.2,-0.13,0.0,1.2850680915811425,4.6582078098771,0.2647044626244317,0.5,0,7,0.0
13.650755482999557,1160,5684.82,-97.7,-3.9,-121.0,-4.05,-0.69,-2.84,0.03,-1.51,-0.06,-161.6,-410.9,-19.0,-0.08,11.07,-0.15,0.0,1.5114893317519644,4.994416882880323,0.4813031887393484,0.5,0,7,0.0
13.658352866999849,1161,5684.83,-98.0,-3.6,-121.1,-3.69,-0.82,-3.55,-0.02,-1.59,0.02,-165.6,-395.0,137.0,0.02,10.44,-0.03,0.0,1.5902515524281058,5.185653285749058,0.54886410122718,0.5,0,7,0.0
13.670066501999827,1162,5684.84,-98.4,-3.3,-121.3,-2.84,-1.04,-3.81,-0.07,-1.52,0.08,-169.4,-374.3,165.0,0.12,9.97,0.01,0.0,1.5237125713204576,4.864493807170485,0.47267861771714115,0.5,0,7,0.0
13.678342206999332,1163,5684.85,-98.6,-2.9,-121.4,-1.49,-0.88,-3.51,-0.02,-1.35,0.04,-173.0,-352.1,236.0,0.22,9.19,-0.06,0.0,1.3507405376311175,3.9133872795827402,0.29371245234724497,0.5,0,7,0.0
13.690658421999615,1164,5684.86,-98.6,-2.6,-121.5,-0.57,-0.42,-2.67,0.13,-1.14,0.02,-176.3,-320.3,294.0,0.3,8.3,-0.11,0.0,1.1475626344561762,2.762281665580105,0.08872385818885764,0.5,0,7,0.0
13.698384522999731,1165,5684.87,-98.7,-2.4,-121.6,-0.49,0.21,-1.85,0.28,-1.01,-0.07,-179.3,-287.8,317.0,0.38,7.4,-0.01,0.0,1.0504284840006957,1.9252792005317048,0.008242086421290429,0.5,0,7,0.0
13.710263637000025,1166,5684.88,-98.7,-2.2,-121.5,-0.4,1.32,-1.23,0.33,-0.96,-0.11,-181.9,-252.1,359.0,0.45,6.36,0.02,0.0,1.021077861869505,1.848053029542172,0.036840854381431365,0.5,0,7,0.0
13.718203063000146,1167,5684.89,-98.8,-2.1,-121.3,-0.1,2.6,-0.72,0.34,-0.89,-0.12,-184.1,-210.0,409.0,0.5,5.17,-0.14,0.0,0.9602603813549739,2.6997036874442353,0.0957051681980432,0.5,0,7,0.0
13.730355769000198,1168,5684.9,-98.8,-2.0,-121.0,0.13,4.19,-0.12,0.34,-0.9,-0.1,-185.9,-166.0,424.0,0.54,3.99,-0.23,0.0,0.9672641831474998,4.193733420235483,0.0869273390774069,0.5,0,7,0.0
13.738308967000194,1169,5684.91,-98.8,-2.0,-120.5,0.58,5.39,0.2,0.33,-0.97,-0.01,-187.3,-123.2,420.0,0.58,2.85,-0.09,0.0,1.0246462804304712,5.4248041439299906,0.028954336958546767,0.5,0,7,0.0
13.750281779000034,1170,5684.92,-98.7,-1.9,-119.9,1.15,6.42,0.15,0.3,-1.05,0.01,-188.2,-81.3,424.0,0.6,1.68,-0.39,0.0,1.0920622692868756,6.523909870622064,0.03769241885990038,0.5,0,7,0.0
13.758345024999471,1171,5684.93,-98.6,-1.8,-119.2,1.74,6.95,-0.18,0.2,-1.04,0.06,-188.8,-39.2,420.0,0.61,0.56,-0.15,0.0,1.0607544484940896,7.166763565236403,0.006256906105772231,0.5,0,7,0.0
13.77028542700009,1172,5684.94,-98.4,-1.6,-118.6,2.29,6.86,-0.47,0.1,-0.98,0.12,-188.9,-0.2,372.0,0.6,-0.35,-0.08,0.0,0.9923708984044222,7.2473857355600995,0.06088411110421732,0.5,0,7,0.0
13.778337041999293,1173,5684.95,-98.2,-1.5,-117.9,2.4,6.5,-0.76,0.0,-0.96,0.12,-188.7,21.9,232.0,0.6,-0.75,-0.14,0.0,0.9674709297958259,6.970480614706564,0.08406839811855726,0.5,0,7,0.0
13.790335943000173,1174,5684.96,-98.0,-1.3,-117.3,1.98,5.95,-0.89,-0.09,-0.92,0.11,-188.4,30.7,120.0,0.59,-0.9,0.05,0.0,0.9309135298189624,6.3336403434359925,0.11821328213351245,0.5,0,7,0.0
13.798370593000072,1175,5684.97,-97.8,-1.1,-116.8,1.33,5.31,-0.8,-0.18,-0.91,0.11,-188.1,34.0,54.0,0.58,-0.94,0.07,0.0,0.9341306118525396,5.5321785943694906,0.11269627609793642,0.5,0,7,0.0
13.810416120999434,1176,5684.98,-97.7,-1.0,-116.3,1.08,4.71,-0.58,-0.22,-0.9,0.08,-187.7,32.4,-13.0,0.57,-0.79,0.09,0.0,0.9299462350050136,4.866918943232977,0.11454303988655323,0.5,0,7,0.0
13.818397244000153,1177,5684.99,-97.6,-0.9,-115.8,1.11,4.05,-0.18,-0.21,-0.88,0.07,-187.5,21.1,-112.0,0.57,-0.32,0.06,0.0,0.9074139077620532,4.203213056698411,0.13433385978692336,0.5,0,7,0.0
13.83025755699964,1178,5685.0,-97.5,-0.9,-115.5,0.96,3.38,0.24,-0.16,-0.87,0.02,-187.4,6.0,-220.0,0.57,0.27,0.01,0.0,0.8848163651289458,3.521874500887276,0.15379277437163008,0.5,0,7,0.0
13.838338470999588,1179,5685.01,-97.4,-0.9,-115.2,0.42,2.87,0.64,-0.12,-0.87,-0.02,-187.6,-15.0,-139.0,0.57,0.46,0.06,0.0,0.8784645695758025,2.97033668125349,0.15694167852627794,0.5,0,7,0.0
13.850380070000028,1180,5685.02,-97.4,-0.9,-114.9,0.0,2.54,0.99,-0.08,-0.9,-0.06,-187.8,-22.3,-119.0,0.58,0.77,-0.12,0.0,0.9055385138137417,2.7261144510089816,0.12727037960257204,0.5,0,7,0.0
13.858497067999451,1181,5685.03,-97.4,-1.0,-114.6,0.14,2.45,1.15,-0.07,-0.95,-0.06,-188.1,-36.2,-141.0,0.59,1.19,-0.19,0.0,0.9544631999192007,2.7100922493524093,0.07677877962717072,0.5,0,7,0.0
13.870269272999394,1182,5685.04,-97.3,-1.1,-114.4,0.57,2.32,1.17,-0.05,-0.97,-0.05,-188.6,-54.5,-173.0,0.61,1.7,0.07,0.0,0.9725739046468396,2.6601127795640545,0.05749471340154111,0.5,0,7,0.0
13.878310364999379,1183,5685.05,-97.2,-1.3,-114.1,1.09,2.13,1.14,-0.06,-0.95,-0.04,-189.2,-73.9,-188.0,0.63,2.25,-0.05,0.0,0.952732911156112,2.6503961967977543,0.0757889927544233,0.5,0,7,0.0
13.890316764999625,1184,5685.06,-97.0,-1.4,-113.9,1.37,1.92,1.12,-0.07,-0.92,-0.04,-190.1,-93.7,-191.0,0.65,2.77,0.15,0.0,0.9235258523723091,2.6110725765478064,0.1028961305074616,0.5,0,7,0.0
13.898292031999517,1185,5685.07,-96.8,-1.5,-113.7,1.4,1.72,1.05,-0.08,-0.9,-0.03,-191.2,-110.8,-169.0,0.68,3.19,0.02,0.0,0.9040464589831654,2.453752228730521,0.11992801341867332,0.5,0,7,0.0
13.91031479799949,1186,5685.08,-96.7,-1.6,-113.6,1.3,1.48,1.03,-0.09,-0.87,-0.03,-192.4,-123.5,-134.0,0.72,3.5,0.08,0.0,0.8751571287488893,2.2229035066776963,0.14584099677989038,0.5,0,7,0.0
13.918491472999449,1187,5685.09,-96.6,-1.7,-113.4,1.08,1.24,1.02,-0.1,-0.86,-0.04,-193.7,-131.6,-87.0,0.75,3.65,0.04,0.0,0.8667179472008181,1.935045219109879,0.1511945747614024,0.5,0,7,0.0
13.930454122999436,1188,5685.1,-96.5,-1.8,-113.3,0.85,0.96,1.04,-0.11,-0.84,-0.04,-195.0,-137.4,-65.0,0.79,3.78,0.01,0.0,0.8481155581640982,1.650969412193939,0.16640102452215988,0.5,0,7,0.0
13.938229431999389,1189,5685.11,-96.4,-1.9,-113.2,0.67,0.78,0.97,-0.1,-0.85,-0.05,-196.4,-138.6,-15.0,0.83,3.74,-0.17,0.0,0.8573214099741122,1.4135770230164326,0.15405126925790302,0.5,0,7,0.0
13.950765298000078,1190,5685.12,-96.3,-2.0,-113.1,0.55,0.44,1.14,-0.1,-0.84,-0.05,-197.8,-135.7,23.0,0.86,3.6,-0.03,0.0,0.8474078120952154,1.3400373129133383,0.1606855697940638,0.5,0,7,0.0
13.958140369999455,1191,5685.13,-96.3,-2.2,-113.1,0.39,0.27,1.32,-0.09,-0.87,-0.07,-199.1,-129.6,53.0,0.9,3.43,-0.15,0.0,0.8774394566008529,1.4026403673073153,0.1280408467826578,0.5,0,7,0.0
13.970533087000149,1192,5685.14,-96.2,-2.3,-113.1,0.37,0.11,1.28,-0.08,-0.91,-0.09,-200.3,-122.1,68.0,0.93,3.21,-0.04,0.0,0.9179324593890337,1.3369367973094315,0.08579688711458755,0.5,0,7,0.0
13.978251806000117,1193,5685.15,-96.2,-2.5,-113.0,0.58,0.05,1.08,-0.07,-0.93,-0.13,-201.5,-111.1,104.0,0.96,2.87,-0.15,0.0,0.9416474924301557,1.226906679417795,0.060840216991996154,0.5,0,7,0.0
13.990516678999484,1194,5685.16,-96.2,-2.6,-113.0,0.7,-0.01,0.93,-0.06,-0.92,-0.15,-202.5,-98.1,124.0,0.99,2.5,0.07,0.0,0.9340770846134703,1.1640446726822815,0.06704241231250796,0.5,0,7,0.0
13.99836505499934,1195,5685.17,-96.1,-2.7,-113.0,0.91,-0.02,0.76,-0.05,-0.92,-0.18,-203.4,-85.3,126.0,1.01,2.16,-0.09,0.0,0.9387757985802574,1.1857908753233009,0.06109682437880648,0.5,0,7,0.0
14.01059000999976,1196,5685.18,-96.1,-2.8,-113.0,1.44,-0.03,0.41,-0.06,-0.91,-0.19,-204.2,-73.5,113.0,1.03,1.87,0.0,0.0,0.9315578350268974,1.4975313018431367,0.06694849217352317,0.5,0,7,0.0
14.018330146000153,1197,5685.19,-95.9,-2.8,-113.0,2.04,-0.13,-0.05,-0.09,-0.88,-0.17,-204.8,-64.9,92.0,1.05,1.65,0.03,0.0,0.9007774419910837,2.0447493733951845,0.09577430750515015,0.5,0,7,0.0
14.030499009999403,1198,5685.2,-95.7,-2.8,-113.0,2.36,-0.35,-0.56,-0.13,-0.82,-0.17,-205.4,-58.3,62.0,1.06,1.55,-0.12,0.0,0.847466813509532,2.4506529742091185,0.14610323726696772,0.5,0,7,0.0
14.038301245000184,1199,5685.21,-95.5,-2.7,-113.1,2.0,-0.68,-0.93,-0.17,-0.76,-0.16,-206.0,-55.9,42.0,1.08,1.46,-0.02,0.0,0.7950471684120383,2.30809445214012,0.19455242471717227,0.5,0,7,0.0
14.05075153999951,1200,5685.22,-95.3,-2.6,-113.2,0.91,-1.04,-1.11,-0.17,-0.73,-0.17,-206.6,-53.0,24.0,1.09,1.42,-0.17,0.0,0.7685701009016679,1.7725123412828472,0.2166089023829918,0.5,0,7,0.0
14.058244638999895,1201,5685.23,-95.3,-2.5,-113.3,-0.3,-1.34,-1.1,-0.14,-0.78,-0.16,-207.1,-55.2,-11.0,1.11,1.54,0.0,0.0,0.8084553172563095,1.759431726438966,0.17318921230778317,0.5,0,7,0.0
14.070813632999489,1202,5685.24,-95.4,-2.4,-113.5,-1.07,-1.48,-1.09,-0.09,-0.85,-0.16,-207.7,-59.1,-25.0,1.12,1.64,-0.16,0.0,0.8695976080923865,2.126828624971932,0.10980598304227207,0.5,0,7,0.0
14.078399721000096,1203,5685.25,-95.5,-2.3,-113.6,-1.3,-1.55,-0.99,-0.03,-0.92,-0.17,-208.3,-65.1,-64.0,1.14,1.88,0.13,0.0,0.936055553906925,2.252243326108438,0.04248107648317889,0.5,0,7,0.0
14.090279117000136,1204,5685.26,-95.7,-2.2,-113.8,-1.01,-1.53,-0.92,0.0,-0.95,-0.19,-209.0,-73.8,-84.0,1.17,2.13,0.14,0.0,0.9688137075826291,2.0511947737842937,0.009528464351325261,0.5,0,7,0.0
14.0983506879993,1205,5685.27,-95.8,-2.1,-114.0,-0.63,-1.44,-0.83,0.02,-0.91,-0.19,-209.9,-85.1,-104.0,1.19,2.44,-0.05,0.0,0.9298386956886662,1.7774701122663075,0.04753340672038242,0.5,0,7,0.0
14.110515810999459,1206,5685.28,-95.8,-2.1,-114.1,-0.61,-1.22,-0.62,0.03,-0.87,-0.2,-210.8,-98.3,-127.0,1.22,2.83,0.04,0.0,0.8931965069345044,1.4982990355733397,0.08249208356505333,0.5,0,7,0.0
14.118276485000024,1207,5685.29,-95.9,-2.0,-114.2,-0.95,-0.82,-0.36,0.06,-0.88,-0.21,-211.9,-110.6,-122.0,1.25,3.15,0.14,0.0,0.906697303403953,1.3055650117860849,0.06761146135369256,0.5,0,7,0.0
14.13031810099983,1208,5685.3,-96.0,-2.0,-114.3,-1.1,-0.29,-0.14,0.06,-0.94,-0.21,-213.1,-123.2,-130.0,1.28,3.53,-0.03,0.0,0.9650388593212192,1.1461675270221192,0.009084507327697833,0.5,0,7,0.0
14.13838148800005,1209,5685.31,-96.1,-2.0,-114.3,-0.79,0.15,0.06,0.05,-0.99,-0.23,-214.4,-136.2,-125.0,1.32,3.85,0.02,0.0,1.0175952043912155,0.8063498000247784,0.04260240098745249,0.5,0,7,0.0
14.15031969499978,1210,5685.32,-96.2,-2.0,-114.2,-0.23,0.44,0.19,0.06,-1.04,-0.27,-215.9,-146.9,-104.0,1.36,4.08,0.08,0.0,1.0761505470890214,0.5316013544000805,0.09913458881155313,0.5,0,7,0.0
14.15829827000016,1211,5685.33,-96.2,-2.1,-114.2,0.2,0.51,0.18,0.02,-1.04,-0.25,-217.4,-153.8,-79.0,1.4,4.26,0.0,0.0,1.0698130677833395,0.5766281297335398,0.09094116731575386,0.5,0,7,0.0
14.170452373999979,1212,5685.34,-96.2,-2.1,-114.1,-0.66,0.24,0.31,-0.02,-1.02,-0.25,-219.0,-159.4,-57.0,1.44,4.38,-0.01,0.0,1.050380883299006,0.7676587783644502,0.07007880317479198,0.5,0,7,0.0
14.178194531999907,1213,5685.35,-96.4,-2.1,-114.1,-1.81,0.07,0.46,-0.04,-1.11,-0.24,-220.6,-163.8,-51.0,1.49,4.51,0.09,0.0,1.1363538181394035,1.8688499137169898,0.15293070325488567,0.5,0,7,0.0
14.190140185999553,1214,5685.36,-96.6,-2.2,-114.1,-1.99,-0.02,0.7,-0.05,-1.14,-0.24,-222.3,-169.4,-61.0,1.54,4.7,0.0,0.0,1.1660617479361888,2.1096208190098995,0.17898586039063757,0.5,0,7,0.0
14.197778035999363,1215,5685.37,-96.9,-2.3,-114.1,-1.6,0.0,1.02,-0.04,-1.17,-0.26,-224.0,-178.7,-92.0,1.58,5.0,-0.02,0.0,1.1992080720208649,1.8974720024284946,0.20788954078580746,0.5,0,7,0.0
14.21020437900006,1216,5685.38,-97.1,-2.4,-114.1,-0.92,0.0,1.16,-0.06,-1.18,-0.27,-225.9,-191.3,-123.0,1.64,5.39,0.03,0.0,1.2119818480488889,1.4805404418657397,0.21625005047755486,0.5,0,7,0.0
14.218102357000134,1217,5685.39,-97.2,-2.5,-114.1,-0.73,-0.31,1.16,-0.09,-1.16,-0.2,-227.9,-206.7,-145.0,1.69,5.81,0.01,0.0,1.1805507189443407,1.4052046114356442,0.18112254294554653,0.5,0,7,0.0
14.230340207999689,1218,5685.4,-97.3,-2.6,-114.1,-1.4,-0.73,1.26,-0.07,-1.17,-0.12,-230.1,-224.3,-172.0,1.76,6.33,0.12,0.0,1.1782189949241184,2.020024752323595,0.17521500254681777,0.5,0,7,0.0
14.23828466499981,1219,5685.41,-97.4,-2.8,-114.2,-2.05,-0.94,1.46,-0.01,-1.25,-0.07,-232.5,-246.8,-227.0,1.82,7.04,-0.11,0.0,1.2519984025548914,2.686577748735368,0.24401452197403883,0.5,0,7,0.0
14.250262259999545,1220,5685.42,-97.6,-2.9,-114.3,-2.2,-0.91,1.77,0.02,-1.35,0.0,-235.2,-273.5,-247.0,1.9,7.74,0.07,0.0,1.350148140020198,2.966647940015802,0.3353209742505585,0.5,0,7,0.0
14.258191902999897,1221,5685.43,-97.9,-3.2,-114.3,-1.89,-0.9,2.53,0.02,-1.4,0.07,-238.0,-295.2,-210.0,1.98,8.23,-0.04,0.0,1.4018915792599653,3.2837478587735687,0.37932312522051936,0.5,0,7,0.0
14.270249102999514,1222,5685.44,-98.0,-3.5,-114.4,-1.0,-0.75,3.43,0.06,-1.47,0.1,-241.1,-314.2,-210.0,2.07,8.83,0.02,0.0,1.4746185947559456,3.6506711711683923,0.44300913790216967,0.5,0,7,0.0
14.278243506999388,1223,5685.45,-98.0,-3.9,-114.4,0.63,-0.76,3.76,0.06,-1.52,0.16,-244.4,-339.5,-240.0,2.16,9.52,0.14,0.0,1.5295751043999115,3.887428455933305,0.4880063345952128,0.5,0,7,0.0
14.290213782999672,1224,5685.46,-97.9,-4.2,-114.4,1.61,-1.3,3.3,-0.04,-1.36,0.25,-248.0,-359.6,-188.0,2.26,9.95,0.08,0.0,1.383365461474299,3.8951379949881106,0.33496075783620816,0.5,0,7,0.0
14.302264502999606,1225,5685.47,-97.7,-4.6,-114.6,1.38,-2.29,2.72,-0.21,-1.16,0.24,-251.7,-377.7,-210.0,2.36,10.57,0.09,0.0,1.2030378215168467,3.8140398529643083,0.15154045552118078,0.5,0,7,0.0
14.310165324999616,1226,5685.48,-97.6,-4.8,-114.8,0.55,-3.35,2.21,-0.31,-1.08,0.26,-255.6,-399.5,-188.0,2.47,11.03,-0.54,0.0,1.1532996141506335,4.050814732865477,0.09976620319186824,0.5,0,7,0.0
14.318383482999707,1227,5685.49,-97.5,-5.1,-115.2,0.01,-4.48,1.65,-0.33,-1.09,0.28,-259.7,-406.1,-78.0,2.58,11.05,-0.04,0.0,1.1727744881263407,4.77420150391665,0.11685625562422386,0.5,0,7,0.0
14.330327363999459,1228,5685.5,-97.5,-5.3,-115.7,0.26,-5.65,1.25,-0.28,-1.1,0.31,-263.7,-404.1,5.0,2.69,10.89,0.04,0.0,1.176647780773839,5.792460617043503,0.1183149573062876,0.5,0,7,0.0
14.338085247999516,1229,5685.51,-97.4,-5.5,-116.3,0.88,-6.39,1.02,-0.22,-1.08,0.27,-267.7,-390.4,126.0,2.8,10.34,-0.14,0.0,1.1347686988985906,6.530459401910404,0.07490715792241853,0.5,0,7,0.0
14.35040653499982,1230,5685.52,-97.2,-5.7,-116.9,1.37,-7.01,0.95,-0.14,-1.02,0.23,-271.4,-366.3,227.0,2.89,9.56,-0.06,0.0,1.0549407566304376,7.205518718315844,0.004822368658819798,0.5,0,7,0.0
14.358345056999497,1231,5685.53,-97.0,-5.8,-117.7,1.63,-7.43,0.97,-0.05,-0.96,0.16,-274.9,-327.5,373.0,2.98,8.31,-0.16,0.0,0.9745255255764211,7.668291856730545,0.0835328477185795,0.5,0,7,0.0
14.370420070999899,1232,5685.54,-96.7,-6.0,-118.4,1.69,-7.48,0.9,0.0,-0.95,0.08,-277.8,-282.1,405.0,3.06,7.18,-0.14,0.0,0.953362470417207,7.7211721908010835,0.10260198482023775,0.5,0,7,0.0
14.378479578999759,1233,5685.55,-96.5,-6.2,-119.1,1.8,-7.09,0.84,0.04,-0.9,0.0,-280.4,-242.7,398.0,3.12,6.1,-0.01,0.0,0.9008884503644167,7.362995314408396,0.15197448477556763,0.5,0,7,0.0
14.390288873999452,1234,5685.56,-96.2,-6.4,-119.8,1.71,-6.4,0.8,0.06,-0.91,-0.02,-282.5,-198.9,441.0,3.17,4.82,-0.39,0.0,0.9121951545584969,6.672638158929346,0.13785442496985778,0.5,0,7,0.0
14.398389283999677,1235,5685.57,-96.0,-6.5,-120.4,1.83,-5.67,0.63,0.08,-0.93,-0.03,-284.1,-152.3,456.0,3.21,3.57,-0.16,0.0,0.9339164844888435,5.991218573879608,0.11381043313872108,0.5,0,7,0.0
14.410377098999561,1236,5685.58,-95.7,-6.6,-120.9,1.73,-4.88,0.3,0.1,-0.91,-0.06,-285.3,-104.5,468.0,3.24,2.26,-0.08,0.0,0.917442096265481,5.186260695337248,0.1276791249348419,0.5,0,7,0.0
14.418484318999617,1237,5685.59,-95.5,-6.6,-121.3,0.94,-4.15,-0.04,0.13,-0.89,-0.08,-286.1,-57.1,472.0,3.25,0.97,-0.03,0.0,0.9029950165975447,4.255314324465351,0.1392836805107227,0.5,0,7,0.0
14.430290575999607,1238,5685.6,-95.5,-6.7,-121.7,-0.04,-3.45,-0.44,0.16,-0.91,-0.1,-286.3,-9.8,463.0,3.25,-0.27,-0.05,0.0,0.9293546147730692,3.4781748087179287,0.11066560068849418,0.5,0,7,0.0
14.44241368799976,1239,5685.61,-95.5,-6.6,-122.0,-0.65,-2.8,-0.85,0.18,-0.92,-0.1,-286.2,24.1,372.0,3.25,-1.0,-0.16,0.0,0.942761899951414,2.9974989574643724,0.09531314919994638,0.5,0,7,0.0
14.450497845999962,1240,5685.62,-95.5,-6.5,-122.3,-0.75,-2.22,-1.16,0.16,-0.91,-0.1,-285.7,52.3,309.0,3.23,-1.76,-0.42,0.0,0.9293546147730692,2.614670151281037,0.10654602569072524,0.5,0,7,0.0
14.458441257999766,1241,5685.63,-95.6,-6.4,-122.5,-0.74,-1.84,-1.3,0.15,-0.88,-0.08,-285.0,80.1,290.0,3.21,-2.52,-0.1,0.0,0.8962700485902672,2.3713287414443407,0.13683798003605674,0.5,0,7,0.0
14.47023206799986,1242,5685.64,-95.6,-6.3,-122.7,-0.81,-1.55,-1.28,0.13,-0.88,-0.07,-284.0,106.3,259.0,3.18,-3.17,-0.11,0.0,0.8923003978481686,2.167256330017287,0.13799147816259227,0.5,0,7,0.0
14.478497669999342,1243,5685.65,-95.7,-6.2,-122.8,-0.79,-1.34,-1.22,0.1,-0.88,-0.07,-282.8,131.2,264.0,3.14,-3.9,-0.05,0.0,0.8884255736976508,1.9768914992988362,0.13902897626684785,0.5,0,7,0.0
14.490227629999936,1244,5685.66,-95.7,-6.1,-123.0,-0.6,-1.21,-1.09,0.08,-0.88,-0.07,-281.3,159.6,270.0,3.1,-4.65,-0.24,0.0,0.8863972021616494,1.7355690709389817,0.13823620084679222,0.5,0,7,0.0
14.498441022999941,1245,5685.67,-95.8,-6.0,-123.1,-0.39,-1.08,-0.91,0.07,-0.89,-0.09,-279.5,183.1,243.0,3.05,-5.27,-0.15,0.0,0.8972736483370054,1.465127980757995,0.12481255957800741,0.5,0,7,0.0
14.51021449200016,1246,5685.68,-95.8,-5.9,-123.2,-0.17,-0.97,-0.75,0.06,-0.89,-0.09,-277.5,205.8,236.0,2.99,-5.89,-0.02,0.0,0.8965489389877164,1.2378610584391125,0.12302652354875043,0.5,0,7,0.0
14.518443111000124,1247,5685.69,-95.8,-5.9,-123.3,-0.02,-0.89,-0.6,0.06,-0.9,-0.1,-275.3,232.2,270.0,2.93,-6.69,0.0,0.0,0.9075241043630743,1.0735455276791943,0.10981033100992466,0.5,0,7,0.0
14.530274074999397,1248,5685.7,-95.8,-5.8,-123.4,0.09,-0.76,-0.52,0.06,-0.89,-0.1,-272.8,261.9,283.0,2.85,-7.46,-0.07,0.0,0.8976079322287654,0.9252567211320327,0.1173319730813488,0.5,0,7,0.0
14.538379806000194,1249,5685.71,-95.8,-5.8,-123.5,0.11,-0.67,-0.5,0.05,-0.87,-0.1,-270.0,288.2,255.0,2.77,-8.11,-0.1,0.0,0.8771544903835355,0.8432081593533118,0.13502970662804703,0.5,0,7,0.0
14.550339340999926,1250,5685.72,-95.7,-5.8,-123.6,0.03,-0.63,-0.51,0.04,-0.86,-0.1,-266.9,311.4,243.0,2.69,-8.76,-0.14,0.0,0.8667179472008181,0.8111103500757465,0.14255692481454918,0.5,0,7,0.0
14.55839918699985,1251,5685.73,-95.7,-5.7,-123.6,-0.13,-0.58,-0.56,0.03,-0.86,-0.11,-263.6,334.9,237.0,2.6,-9.39,-0.11,0.0,0.8675252157718529,0.816639455328972,0.13891466311864398,0.5,0,7,0.0
14.57016086800013,1252,5685.74,-95.8,-5.6,-123.7,-0.27,-0.55,-0.6,0.02,-0.85,-0.13,-260.1,356.7,220.0,2.5,-9.96,0.01,0.0,0.860116271209887,0.8575546629807339,0.14339713552699773,0.5,0,7,0.0
14.578202932999375,1253,5685.75,-95.8,-5.6,-123.7,-0.44,-0.52,-0.6,0.02,-0.84,-0.14,-256.4,381.7,254.0,2.39,-10.71,-0.08,0.0,0.851821577561874,0.9077444574328174,0.14865799259151036,0.5,0,7,0.0
14.590162550999594,1254,5685.76,-95.8,-5.5,-123.8,-0.65,-0.54,-0.58,0.02,-0.85,-0.16,-252.4,405.2,215.0,2.28,-11.22,-0.07,0.0,0.8651589449343975,1.0249390225764652,0.13261421271460716,0.5,0,7,0.0
14.598143847999381,1255,5685.77,-95.9,-5.5,-123.9,-0.83,-0.63,-0.51,0.02,-0.86,-0.17,-248.2,424.5,227.0,2.17,-11.87,-0.12,0.0,0.8768694315575153,1.160129303138232,0.11848565156965962,0.5,0,7,0.0
14.610616919999302,1256,5685.78,-96.0,-5.4,-123.9,-0.86,-0.71,-0.52,0.01,-0.9,-0.2,-243.8,451.2,232.0,2.04,-12.49,-0.07,0.0,0.9220086767487604,1.2304877081872863,0.07187947825084617,0.5,0,7,0.0
14.618380722999973,1257,5685.79,-96.1,-5.4,-124.0,-0.67,-0.78,-0.47,0.02,-0.9,-0.22,-239.1,471.5,250.0,1.91,-13.23,-0.14,0.0,0.9267146270562475,1.1305750749065715,0.06583005738449188,0.5,0,7,0.0
14.630261360000077,1258,5685.8,-96.1,-5.4,-124.1,-0.42,-0.83,-0.22,0.03,-0.87,-0.23,-234.2,504.1,272.0,1.78,-13.98,-0.13,0.0,0.9003888049059695,0.9558765610684258,0.09031276194407445,0.5,0,7,0.0
14.638356208000005,1259,5685.81,-96.1,-5.4,-124.2,-0.02,-0.83,0.07,0.05,-0.87,-0.25,-229.0,524.8,233.0,1.63,-14.55,-0.25,0.0,0.9065870063044142,0.8331866537577279,0.08243226933471715,0.5,0,7,0.0
14.650175504999424,1260,5685.82,-96.1,-5.4,-124.3,0.2,-0.78,0.38,0.06,-0.85,-0.25,-223.6,549.3,247.0,1.48,-15.27,-0.09,0.0,0.888031530971733,0.8903931715820826,0.09896798977405041,0.5,0,7,0.0
14.658141377999527,1261,5685.83,-96.1,-5.5,-124.3,0.25,-0.71,0.64,0.07,-0.84,-0.26,-217.9,582.7,313.0,1.32,-16.22,-0.28,0.0,0.8820997676000146,0.9880283396745257,0.10280175808285341,0.5,0,7,0.0
14.670256438999786,1262,5685.84,-96.0,-5.6,-124.4,0.2,-0.6,0.83,0.06,-0.84,-0.28,-211.9,605.2,247.0,1.16,-16.78,-0.2,0.0,0.8874683092933516,1.0435037134576954,0.09548455206172612,0.5,0,7,0.0
14.67834218400003,1263,5685.85,-96.0,-5.7,-124.4,0.01,-0.38,1.03,0.05,-0.84,-0.28,-205.7,629.1,194.0,0.99,-17.22,-0.15,0.0,0.8868483523128404,1.0979070998950686,0.09418241886139256,0.5,0,7,0.0
14.690230189999966,1264,5685.86,-96.0,-5.8,-124.4,-0.25,-0.17,1.16,0.04,-0.87,-0.26,-199.2,653.6,291.0,0.81,-18.21,0.07,0.0,0.9089004345911603,1.1987493482792806,0.07068772985141125,0.5,0,7,0.0
14.69830320499932,1265,5685.87,-96.1,-5.9,-124.4,-0.35,-0.05,1.17,0.04,-0.91,-0.23,-192.5,677.9,226.0,0.62,-18.69,-0.1,0.0,0.9394679345246436,1.2222520198387892,0.0393178253195694,0.5,0,7,0.0
14.710285663999457,1266,5685.88,-96.1,-6.0,-124.4,-0.32,0.03,1.1,0.06,-0.93,-0.2,-186.3,699.6,261.0,0.43,-19.54,0.06,0.0,0.9531526635329727,1.145993019175946,0.025120434385015544,0.5,0,7,0.0
14.718382297999597,1267,5685.89,-96.1,-6.1,-124.4,-0.2,0.18,1.16,0.09,-0.93,-0.22,-178.3,737.2,260.0,0.23,-20.22,-0.38,0.0,0.9598958276813168,1.1907980517283356,0.01800972483193808,0.5,0,7,0.0
14.730404363999696,1268,5685.9,-96.1,-6.2,-124.4,-0.17,0.4,1.16,0.12,-0.94,-0.22,-170.8,755.8,179.0,0.02,-20.58,-0.42,0.0,0.9728309205612247,1.2387493693237548,0.004973139312989594,0.5,0,7,0.0
14.738254668000081,1269,5685.91,-96.2,-6.3,-124.3,-0.18,0.63,1.1,0.16,-0.94,-0.21,-163.2,758.3,90.0,-0.18,-20.67,0.35,0.0,0.9763708311906906,1.2803515142334936,0.0014045641098532347,0.5,0,7,0.0
14.750107716999992,1270,5685.92,-96.2,-6.4,-124.2,-0.15,0.77,0.88,0.18,-0.94,-0.2,-155.7,727.5,-387.0,-0.37,-18.77,0.38,0.0,0.9777525249264253,1.1788977903109328,2.2412966636187193e-05,0.5,0,7,0.0
14.758171151999704,1271,5685.93,-96.2,-6.5,-124.1,0.13,0.78,0.69,0.25,-0.91,-0.2,-149.2,622.8,-958.0,-0.53,-15.25,0.81,0.0,0.9646761114488117,1.0494760597555335,0.012836849915364712,0.5,0,7,0.0
14.770161305999864,1272,5685.94,-96.2,-6.6,-124.0,0.19,0.99,0.62,0.2,-0.95,-0.25,-143.9,471.3,-1446.0,-0.66,-10.52,0.62,0.0,1.002496882788171,1.183469475736489,0.02448424299551477,0.5,0,7,0.0
14.778318973999376,1273,5685.95,-96.2,-6.6,-123.9,-0.3,1.17,0.3,0.07,-1.03,-0.3,-140.6,269.3,-1881.0,-0.72,-4.71,0.93,0.0,1.0750813922675808,1.2445481107614924,0.09512737742542599,0.5,0,7,0.0
14.790192813999965,1274,5685.96,-96.3,-6.6,-123.8,-0.81,1.7,-0.21,-0.04,-1.19,-0.35,-139.4,55.6,-1996.0,-0.73,0.82,0.42,0.0,1.2410479442793498,1.8947823093959897,0.2558720508484511,0.5,0,7,0.0
14.798306267999578,1275,5685.97,-96.4,-6.5,-123.6,-0.93,1.86,-1.0,-0.2,-1.31,-0.3,-139.9,-88.4,-1374.0,-0.7,3.44,0.2,0.0,1.3587126259809321,2.3074878114521,0.3660659978990327,0.5,0,7,0.0
14.810296767000182,1276,5685.98,-96.5,-6.3,-123.4,-0.65,1.52,-1.52,-0.3,-1.32,-0.24,-141.3,-162.2,-900.0,-0.65,5.16,0.25,0.0,1.374772708486752,2.2457292802116644,0.37448355879675566,0.5,0,7,0.0
14.818290712999442,1277,5685.99,-96.6,-6.2,-123.3,-0.12,1.04,-1.58,-0.14,-1.25,-0.2,-143.4,-224.3,-730.0,-0.59,6.91,0.34,0.0,1.2736168968728392,1.8953627621117812,0.26786119223918603,0.5,0,7,0.0
14.830207568999867,1278,5686.0,-96.6,-6.2,-123.3,-0.12,1.04,-1.58,-0.14,-1.25,-0.2,-145.1,-266.4,-796.0,-0.51,8.63,0.23,0.0,1.2736168968728392,1.8953627621117812,0.2625039683944024,0.5,0,7,0.0
14.838203584999974,1279,5686.01,-96.6,-5.9,-123.2,-0.38,0.51,-1.32,0.03,-1.1,-0.21,-149.4,-344.3,-652.0,-0.41,9.88,0.0,0.0,1.1202678251204041,1.4652303573158727,0.10697179870912787,0.5,0,7,0.0
14.850237550999736,1280,5686.02,-96.7,-5.7,-123.2,-1.6,0.45,-1.42,0.0,-1.16,-0.2,-153.1,-380.7,-409.0,-0.31,10.61,0.12,0.0,1.1771151175649728,2.186069532288486,0.16054270933062265,0.5,0,7,0.0
14.858329695000066,1281,5686.03,-96.9,-5.5,-123.2,-2.41,0.37,-1.82,0.0,-1.25,-0.1,-157.0,-393.5,-179.0,-0.2,10.73,-0.08,0.0,1.2539936203984452,3.042597574441944,0.23267278792081325,0.5,0,7,0.0
14.870125296999504,1282,5686.04,-97.2,-5.3,-123.2,-3.14,0.08,-2.19,-0.01,-1.36,-0.03,-161.0,-391.9,-15.0,-0.1,10.51,0.0,0.0,1.360367597379473,3.829112168636484,0.33226582960380435,0.5,0,7,0.0
14.878288246999546,1283,5686.05,-97.5,-5.1,-123.2,-3.51,-0.03,-2.75,-0.04,-1.51,0.01,-164.7,-370.4,187.0,0.0,9.65,-0.07,0.0,1.510562809021856,4.459091835788987,0.47281182042126346,0.5,0,7,0.0
14.890206366999337,1284,5686.06,-97.9,-4.8,-123.2,-2.89,-0.24,-3.2,-0.05,-1.5,0.07,-168.2,-339.5,249.0,0.09,8.91,-0.01,0.0,1.5024646418468557,4.318529842434807,0.455419380181338,0.5,0,7,0.0
14.898217799999657,1285,5686.07,-98.1,-4.4,-123.3,-1.77,-0.25,-3.11,0.0,-1.41,0.03,-171.4,-311.6,284.0,0.17,8.07,-0.09,0.0,1.4103191128251789,3.587129771837088,0.3560083741364679,0.5,0,7,0.0
14.910723960999348,1286,5686.08,-98.2,-4.2,-123.4,-0.67,0.1,-2.63,0.08,-1.25,0.0,-174.3,-276.1,346.0,0.24,7.03,-0.15,0.0,1.2525573839150046,2.7158424107447763,0.19428171232176772,0.5,0,7,0.0
14.918325519000064,1287,5686.09,-98.2,-3.9,-123.4,-0.04,0.68,-1.91,0.22,-1.07,-0.04,-176.8,-238.4,353.0,0.31,6.05,-0.16,0.0,1.0931148155614763,2.0278313539345425,0.034142361088874695,0.5,0,7,0.0
14.930153634999442,1288,5686.1,-98.2,-3.8,-123.3,0.15,1.63,-1.28,0.32,-0.99,-0.12,-178.9,-202.9,354.0,0.36,5.1,-0.09,0.0,1.047329938462565,2.0779316639389274,0.011409665689835924,0.5,0,7,0.0
14.938245753000047,1289,5686.11,-98.2,-3.6,-123.1,0.16,2.88,-0.76,0.34,-0.93,-0.14,-180.7,-166.6,369.0,0.4,4.06,-0.07,0.0,1.0000499987500626,2.9828845100003454,0.05751581329429145,0.5,0,7,0.0
14.95020305900016,1290,5686.12,-98.2,-3.5,-122.7,0.21,4.21,-0.43,0.33,-0.89,-0.11,-182.1,-129.1,370.0,0.44,3.05,-0.17,0.0,0.9555626614722867,4.237109864046483,0.09996308756062589,0.5,0,7,0.0
14.958354611999312,1291,5686.13,-98.2,-3.4,-122.2,0.15,5.53,-0.1,0.29,-0.91,-0.06,-183.2,-91.9,368.0,0.46,2.05,-0.07,0.0,0.9569743988216195,5.532937736862761,0.09658032320706722,0.5,0,7,0.0
14.9701893929996,1292,5686.14,-98.3,-3.3,-121.6,0.4,6.47,0.0,0.25,-0.99,0.03,-183.8,-55.6,356.0,0.47,1.1,-0.07,0.0,1.021518477561713,6.4823529678659115,0.03139551957763431,0.5,0,7,0.0
14.978315454999574,1293,5686.15,-98.2,-3.2,-120.9,0.9,7.02,-0.21,0.19,-1.05,0.04,-184.2,-23.3,326.0,0.48,0.27,0.06,0.0,1.0678014796768172,7.080572010791219,0.014589732886720386,0.5,0,7,0.0
14.990100398999857,1294,5686.16,-98.1,-3.1,-120.2,1.33,7.27,-0.58,0.08,-1.05,0.07,-184.2,1.1,231.0,0.48,-0.19,-0.12,0.0,1.0553672346628922,7.413379796017468,0.002112378115339597,0.5,0,7,0.0
14.998267902999942,1295,5686.17,-98.0,-2.9,-119.5,1.81,7.1,-1.02,-0.01,-1.04,0.12,-184.1,10.1,120.0,0.48,-0.34,-0.05,0.0,1.0469479452198185,7.3977361401985675,0.006180773101179371,0.5,0,7,0.0
15.010278169999765,1296,5686.18,-97.9,-2.7,-118.9,2.1,6.61,-1.34,-0.1,-1.0,0.13,-184.0,12.5,36.0,0.47,-0.3,0.27,0.0,1.0133607452432722,7.063830405665188,0.038972613616171214,0.5,0,7,0.0
15.018262327999764,1297,5686.19,-97.7,-2.5,-118.3,1.91,5.93,-1.48,-0.18,-0.97,0.13,-183.9,7.9,-24.0,0.47,-0.13,0.1,0.0,0.9950879358127099,6.4033897273241145,0.05610051458579879,0.5,0,7,0.0
15.030206050999368,1298,5686.2,-97.5,-2.2,-117.7,1.56,5.22,-1.37,-0.22,-0.92,0.12,-183.9,1.7,-50.0,0.47,0.03,0.01,0.0,0.9535197952848173,5.617730858629665,0.09571528201141755,0.5,0,7,0.0
15.038330272999701,1299,5686.21,-97.4,-2.1,-117.3,1.52,4.52,-0.99,-0.23,-0.89,0.11,-183.9,-1.3,-20.0,0.47,0.02,0.07,0.0,0.9257969539807311,4.870410660303707,0.12096936084919374,0.5,0,7,0.0
15.050110643999687,1300,5686.22,-97.3,-1.9,-116.9,1.51,3.78,-0.54,-0.2,-0.87,0.1,-183.9,-1.1,-7.0,0.47,0.03,-0.03,0.0,0.898276126811795,4.106105210537109,0.14552038425776737,0.5,0,7,0.0
15.058292716999858,1301,5686.23,-97.1,-1.8,-116.5,1.15,3.09,-0.17,-0.15,-0.86,0.06,-183.9,-3.7,-34.0,0.47,0.18,0.01,0.0,0.8750428560933459,3.3014390801588327,0.1653785818766922,0.5,0,7,0.0
15.070208504999755,1302,5686.24,-97.1,-1.8,-116.3,0.43,2.57,0.12,-0.11,-0.88,0.01,-184.0,-11.7,-73.0,0.48,0.43,0.01,0.0,0.8869047299456689,2.6084861510078983,0.1504463738638817,0.5,0,7,0.0
15.07837446799931,1303,5686.25,-97.1,-1.8,-116.0,-0.06,2.28,0.39,-0.08,-0.91,-0.02,-184.2,-21.7,-107.0,0.48,0.78,-0.11,0.0,0.9137286249209883,2.3138928237928393,0.12115002931079111,0.5,0,7,0.0
15.090051512000173,1304,5686.26,-97.0,-1.9,-115.8,0.02,2.21,0.56,-0.05,-0.97,-0.04,-184.5,-40.1,-165.0,0.49,1.31,0.21,0.0,0.972111104761179,2.27993420957711,0.061512198481188385,0.5,0,7,0.0
15.098235952999858,1305,5686.27,-97.0,-1.9,-115.6,0.55,2.11,0.64,-0.03,-0.99,-0.03,-185.1,-59.0,-174.0,0.51,1.81,0.07,0.0,0.9909086738948246,2.272487623728675,0.041860336760591976,0.5,0,7,0.0
15.110457602999304,1306,5686.28,-96.8,-1.9,-115.4,1.12,2.02,0.68,-0.02,-0.96,-0.04,-185.8,-76.6,-177.0,0.53,2.31,0.08,0.0,0.9610411021387171,2.4077375272234307,0.07029335034636564,0.5,0,7,0.0
15.118233786000019,1307,5686.29,-96.7,-2.0,-115.2,1.38,1.94,0.71,-0.02,-0.92,-0.04,-186.7,-94.6,-179.0,0.56,2.79,0.09,0.0,0.9210863151735564,2.4843711477957555,0.10804317456529566,0.5,0,7,0.0
15.130413230000158,1308,5686.3,-96.5,-2.0,-115.0,1.35,1.83,0.71,-0.04,-0.89,-0.04,-187.7,-111.5,-160.0,0.59,3.18,-0.16,0.0,0.8917959407846618,2.3823307914729224,0.1345868779751065,0.5,0,7,0.0
15.138387442999374,1309,5686.31,-96.3,-2.1,-114.8,1.23,1.75,0.67,-0.05,-0.88,-0.04,-188.9,-122.3,-112.0,0.62,3.41,0.01,0.0,0.8823264701911645,2.241495036800216,0.14117522159723184,0.5,0,7,0.0
15.15042880999954,1310,5686.32,-96.2,-2.1,-114.6,1.13,1.62,0.5,-0.06,-0.89,-0.04,-190.2,-129.5,-77.0,0.66,3.57,0.16,0.0,0.8929165694509202,2.0374739262135355,0.12797341989072653,0.5,0,7,0.0
15.158375432999492,1311,5686.33,-96.1,-2.2,-114.5,0.91,1.36,0.52,-0.08,-0.85,-0.03,-191.5,-133.4,-44.0,0.7,3.65,0.2,0.0,0.8542833253669416,1.7170032032585147,0.16327453069521114,0.5,0,7,0.0
15.170440592999512,1312,5686.34,-96.0,-2.3,-114.3,0.6,1.09,0.66,-0.09,-0.85,-0.04,-192.9,-134.1,-10.0,0.73,3.62,0.16,0.0,0.8556868586112562,1.408438852062808,0.15863357750187868,0.5,0,7,0.0
15.178448334999302,1313,5686.35,-95.9,-2.4,-114.2,0.44,0.83,0.75,-0.09,-0.88,-0.05,-194.2,-131.8,16.0,0.77,3.54,0.19,0.0,0.8860022573334675,1.2020815280171306,0.12575181520407408,0.5,0,7,0.0
15.190190818999326,1314,5686.36,-95.8,-2.5,-114.1,0.44,0.65,0.77,-0.1,-0.92,-0.07,-195.5,-128.3,35.0,0.8,3.41,-0.1,0.0,0.9280624978954812,1.099545360592277,0.08201774314921906,0.5,0,7,0.0
15.198510700000043,1315,5686.37,-95.8,-2.6,-114.1,0.64,0.5,0.7,-0.09,-0.93,-0.08,-196.7,-122.2,57.0,0.83,3.22,-0.16,0.0,0.9377632963600143,1.0721940122944167,0.07087060579099236,0.5,0,7,0.0
15.210175129000163,1316,5686.38,-95.7,-2.7,-114.0,0.86,0.29,0.67,-0.08,-0.92,-0.11,-197.9,-113.7,80.0,0.87,2.96,-0.02,0.0,0.93,1.1280957406177898,0.07706122410798655,0.5,0,7,0.0
15.218360041999404,1317,5686.39,-95.6,-2.8,-114.0,0.93,0.15,0.64,-0.07,-0.9,-0.13,-199.0,-103.8,98.0,0.89,2.68,-0.08,0.0,0.9120307012376283,1.1388590782006351,0.09312991241295121,0.5,0,7,0.0
15.230119830000149,1318,5686.4,-95.6,-2.9,-114.0,1.02,0.02,0.52,-0.06,-0.9,-0.15,-199.9,-93.5,95.0,0.92,2.43,-0.07,0.0,0.9143850392476902,1.1450764166639709,0.0889600629148315,0.5,0,7,0.0
15.238415787000122,1319,5686.41,-95.5,-2.9,-114.0,1.19,-0.04,0.3,-0.06,-0.89,-0.16,-200.8,-83.4,106.0,0.94,2.12,-0.28,0.0,0.9062560344626678,1.2278843593759146,0.0951472863458569,0.5,0,7,0.0
15.250370668999494,1320,5686.42,-95.4,-2.9,-114.0,1.4,-0.16,0.0,-0.07,-0.87,-0.15,-201.6,-73.9,86.0,0.96,1.93,-0.1,0.0,0.885607136375944,1.4091131963046828,0.11348026074392903,0.5,0,7,0.0
15.258343562999471,1321,5686.43,-95.3,-2.9,-114.0,1.69,-0.35,-0.31,-0.09,-0.84,-0.13,-202.3,-66.5,83.0,0.98,1.7,-0.04,0.0,0.854751425854324,1.7534822496963005,0.14144925184023815,0.5,0,7,0.0
15.270416008999746,1322,5686.44,-95.1,-2.9,-114.1,1.75,-0.65,-0.61,-0.11,-0.8,-0.13,-202.9,-59.3,64.0,0.99,1.56,0.05,0.0,0.8179242018671413,1.9639501011991114,0.17471094631087236,0.5,0,7,0.0
15.278266321000046,1323,5686.45,-95.0,-2.9,-114.2,1.3,-0.92,-0.8,-0.12,-0.77,-0.14,-203.4,-54.8,53.0,1.01,1.42,0.14,0.0,0.7917701686727026,1.7822457742971367,0.1968476799152049,0.5,0,7,0.0
15.290450181999404,1324,5686.46,-94.9,-2.8,-114.3,0.24,-1.2,-0.92,-0.12,-0.78,-0.17,-204.0,-52.0,27.0,1.02,1.41,-0.02,0.0,0.8072793816269558,1.5310127367203712,0.17771169762173267,0.5,0,7,0.0
15.298410323999633,1325,5686.47,-94.9,-2.7,-114.4,-0.57,-1.27,-0.95,-0.1,-0.84,-0.19,-204.5,-52.9,2.0,1.04,1.42,0.05,0.0,0.8670063436907482,1.6853189609091805,0.11562504084678138,0.5,0,7,0.0
15.310396238000067,1326,5686.48,-95.0,-2.6,-114.5,-0.91,-1.23,-0.93,-0.07,-0.9,-0.18,-205.0,-54.6,-19.0,1.05,1.54,0.16,0.0,0.9204890004774636,1.7905027227010855,0.060899536378864694,0.5,0,7,0.0
15.318378322999706,1327,5686.49,-95.1,-2.5,-114.7,-0.9,-1.19,-0.86,-0.04,-0.93,-0.18,-205.6,-60.1,-50.0,1.07,1.71,0.14,0.0,0.9481033698917013,1.7221207855432208,0.03261946362533452,0.5,0,7,0.0
15.330143301000135,1328,5686.5,-95.3,-2.5,-114.8,-0.72,-1.07,-0.82,0.0,-0.94,-0.18,-206.3,-66.5,-55.0,1.09,1.88,0.11,0.0,0.9570788891204318,1.5282997088267734,0.023171065508671873,0.5,0,7,0.0
15.338338427999588,1329,5686.51,-95.3,-2.4,-114.9,-0.61,-0.99,-0.83,0.04,-0.91,-0.19,-207.0,-74.5,-80.0,1.11,2.14,0.13,0.0,0.9304837451562494,1.4286707108357755,0.048770885283397125,0.5,0,7,0.0
15.35019447600007,1330,5686.52,-95.4,-2.3,-115.0,-0.83,-0.83,-0.85,0.08,-0.89,-0.21,-207.8,-84.5,-86.0,1.13,2.39,0.14,0.0,0.9179324593890337,1.4492411807563295,0.06009572762960058,0.5,0,7,0.0
15.358410244999504,1331,5686.53,-95.5,-2.2,-115.1,-1.32,-0.62,-0.75,0.1,-0.9,-0.23,-208.7,-93.3,-90.0,1.16,2.67,-0.06,0.0,0.9342911751697112,1.6399085340347492,0.04286227161194467,0.5,0,7,0.0
15.370081033999668,1332,5686.54,-95.7,-2.2,-115.1,-1.64,-0.24,-0.54,0.14,-0.96,-0.25,-209.7,-104.4,-111.0,1.19,2.99,0.03,0.0,1.0018482919085103,1.7432154198491934,0.024200948224317398,0.5,0,7,0.0
15.382406588999402,1333,5686.55,-95.8,-2.1,-115.1,-1.28,0.18,-0.35,0.14,-1.03,-0.27,-210.8,-118.7,-136.0,1.22,3.41,-0.05,0.0,1.0739646176667088,1.3391415160467546,0.09439092850286557,0.5,0,7,0.0
15.390337432999331,1334,5686.56,-95.9,-2.1,-115.1,-0.4,0.55,-0.22,0.1,-1.05,-0.28,-212.1,-132.3,-133.0,1.26,3.76,-0.07,0.0,1.091283647820309,0.7147726911403374,0.10947575948333643,0.5,0,7,0.0
15.398185521999949,1335,5686.57,-95.9,-2.1,-115.0,0.33,0.7,-0.09,0.05,-1.03,-0.25,-213.6,-146.6,-144.0,1.3,4.16,0.06,0.0,1.0610843510296435,0.7791020472312982,0.0776909334388175,0.5,0,7,0.0
15.41013144199951,1336,5686.58,-95.8,-2.1,-115.0,0.28,0.58,0.05,0.02,-1.01,-0.22,-215.1,-161.8,-157.0,1.34,4.62,0.01,0.0,1.0338762014864256,0.6459876159803685,0.04947312821768757,0.5,0,7,0.0
15.418294907999552,1337,5686.59,-95.9,-2.1,-114.9,-0.25,0.32,0.17,0.0,-1.01,-0.2,-216.9,-178.7,-161.0,1.39,5.06,-0.09,0.0,1.0296115772464878,0.44022721406110277,0.04430433389819477,0.5,0,7,0.0
15.430098191999605,1338,5686.6,-96.0,-2.1,-114.9,-0.86,0.04,0.47,-0.03,-1.0,-0.18,-218.8,-196.8,-180.0,1.44,5.58,0.05,0.0,1.0165136496870073,0.9808669634563089,0.03058227821194004,0.5,0,7,0.0
15.4384322169999,1339,5686.61,-96.1,-2.2,-114.9,-1.33,-0.07,1.04,-0.02,-1.03,-0.2,-220.9,-215.0,-181.0,1.5,6.08,0.17,0.0,1.0494284158531253,1.6897928867171859,0.06222710349049687,0.5,0,7,0.0
15.450187507999544,1340,5686.62,-96.3,-2.3,-114.9,-1.16,-0.17,1.52,-0.02,-1.14,-0.21,-223.2,-233.9,-188.0,1.57,6.59,-0.07,0.0,1.1593532679903913,1.9196093352554837,0.16870891651520759,0.5,0,7,0.0
15.458410747999551,1341,5686.63,-96.4,-2.4,-114.9,-0.51,-0.4,1.6,-0.05,-1.17,-0.2,-225.6,-254.8,-211.0,1.64,7.2,0.0,0.0,1.1880235687897778,1.7262966141425409,0.19343163296830224,0.5,0,7,0.0
15.470166412999788,1342,5686.64,-96.5,-2.6,-114.9,-0.34,-0.65,1.68,-0.07,-1.15,-0.19,-228.4,-278.9,-233.0,1.71,7.86,0.01,0.0,1.1676900273617137,1.8331666590902203,0.16963612970943343,0.5,0,7,0.0
15.47829862099934,1343,5686.65,-96.6,-2.8,-115.0,-0.89,-0.69,1.93,-0.04,-1.18,-0.12,-231.5,-305.7,-265.0,1.81,8.69,0.25,0.0,1.1867602959317436,2.2345245579317314,0.18493227031387405,0.5,0,7,0.0
15.490075181000066,1344,5686.66,-96.7,-3.0,-115.0,-1.48,-0.56,2.31,0.0,-1.29,0.0,-234.8,-335.4,-282.0,1.9,9.45,0.16,0.0,1.29,2.800017857085915,0.2824085348944878,0.5,0,7,0.0
15.498136881999926,1345,5686.67,-96.8,-3.3,-115.0,-1.3,-0.66,2.69,0.0,-1.4,0.09,-238.3,-356.6,-210.0,2.0,9.89,0.2,0.0,1.4028898745090435,3.0596895267330635,0.38739244121546057,0.5,0,7,0.0
15.510097906999363,1346,5686.68,-96.9,-3.6,-115.1,-0.64,-0.73,3.12,0.01,-1.44,0.11,-242.0,-376.7,-226.0,2.1,10.57,0.11,0.0,1.4442298985964803,3.2675526009538087,0.42015781599683955,0.5,0,7,0.0
15.522209054000086,1347,5686.69,-96.9,-3.9,-115.1,0.42,-0.76,3.23,-0.02,-1.43,0.14,-245.9,-400.6,-210.0,2.2,11.07,0.27,0.0,1.4369759914487088,3.3446823466511733,0.4046458306720866,0.5,0,7,0.0
15.530268534999777,1348,5686.7,-96.8,-4.2,-115.2,1.05,-1.26,2.8,-0.16,-1.29,0.18,-250.1,-415.8,-178.0,2.32,11.54,-0.07,0.0,1.3122880781291888,3.2450115562197923,0.2743587590055152,0.5,0,7,0.0
15.53835498099943,1349,5686.71,-96.7,-4.5,-115.3,0.6,-2.25,2.25,-0.27,-1.14,0.23,-254.4,-436.9,-199.0,2.44,12.1,0.22,0.0,1.193901168438996,3.2380549717384355,0.15285241232901603,0.5,0,7,0.0
15.550168218999715,1350,5686.72,-96.7,-4.7,-115.6,-0.29,-3.38,1.67,-0.32,-1.11,0.26,-258.9,-445.7,-78.0,2.56,12.1,-0.02,0.0,1.1841030360572513,3.781190288784736,0.1401931943483259,0.5,0,7,0.0
15.558396258999892,1351,5686.73,-96.7,-4.9,-116.0,-0.49,-4.58,1.05,-0.34,-1.12,0.31,-263.3,-442.6,14.0,2.68,11.91,0.11,0.0,1.210826164236634,4.724298889782483,0.1635779960771544,0.5,0,7,0.0
15.570177722000153,1352,5686.74,-96.7,-5.0,-116.5,-0.27,-5.58,0.75,-0.3,-1.12,0.31,-267.6,-430.8,100.0,2.79,11.53,-0.01,0.0,1.2002083152519818,5.636647940043799,0.14990094415065203,0.5,0,7,0.0
15.578337182999348,1353,5686.75,-96.6,-5.2,-117.1,0.28,-6.23,0.66,-0.24,-1.09,0.28,-271.9,-408.0,223.0,2.91,10.68,-0.11,0.0,1.1506954418959,6.271116328055158,0.09838030937867881,0.5,0,7,0.0
15.59004513599939,1354,5686.76,-96.5,-5.3,-117.7,0.76,-6.7,0.71,-0.13,-1.04,0.22,-275.7,-366.5,387.0,3.01,9.36,-0.22,0.0,1.0709341716464182,6.7802433584643556,0.01824665834661321,0.5,0,7,0.0
15.59833678799987,1355,5686.77,-96.4,-5.5,-118.4,1.13,-6.95,0.79,-0.04,-0.97,0.12,-279.0,-320.9,410.0,3.09,8.22,-0.4,0.0,0.9782126558167197,7.085442823140978,0.07298536033342362,0.5,0,7,0.0
15.610043386999678,1356,5686.78,-96.2,-5.6,-119.1,1.21,-6.73,0.71,0.04,-0.94,0.03,-281.9,-278.7,434.0,3.17,7.0,-0.3,0.0,0.9413288479590965,6.874670901214109,0.10767178482722584,0.5,0,7,0.0
15.618009783000161,1357,5686.79,-96.0,-5.8,-119.7,0.98,-6.1,0.72,0.09,-0.92,-0.04,-284.4,-230.3,469.0,3.23,5.66,-0.42,0.0,0.9252567211320327,6.220032154257725,0.12126903342120376,0.5,0,7,0.0
15.630096109999613,1358,5686.8,-95.9,-5.9,-120.3,0.84,-5.33,0.62,0.11,-0.94,-0.03,-286.3,-182.2,471.0,3.28,4.38,0.02,0.0,0.9468896451012652,5.431288981448143,0.09764338726293187,0.5,0,7,0.0
15.637700446000053,1359,5686.81,-95.7,-6.0,-120.7,1.11,-4.53,0.4,0.12,-0.96,-0.03,-287.8,-135.5,473.0,3.31,3.09,-0.27,0.0,0.9679359482941007,4.681132341645555,0.07506514238869444,0.5,0,7,0.0
15.649752130999332,1360,5686.82,-95.6,-6.1,-121.2,0.89,-3.85,0.09,0.12,-0.97,-0.04,-288.9,-87.6,475.0,3.33,1.8,-0.04,0.0,0.9782126558167197,3.9525561349587437,0.06349266616875404,0.5,0,7,0.0
15.657623617999889,1361,5686.83,-95.5,-6.1,-121.5,0.14,-3.21,-0.26,0.13,-0.97,-0.07,-289.4,-40.3,471.0,3.34,0.52,-0.2,0.0,0.981172767661231,3.223553939365681,0.05932190323775788,0.5,0,7,0.0
15.669732999000189,1362,5686.84,-95.5,-6.1,-121.8,-0.56,-2.66,-0.7,0.13,-0.99,-0.05,-289.5,6.5,451.0,3.34,-0.66,-0.29,0.0,0.999749968742185,2.8069912718068792,0.03992980811366775,0.5,0,7,0.0
15.677566071999536,1363,5686.85,-95.5,-6.0,-122.1,-0.8,-2.25,-1.04,0.1,-0.96,-0.04,-289.2,39.2,333.0,3.33,-1.38,-0.07,0.0,0.9660227740586658,2.604630492027612,0.07218386274124322,0.5,0,7,0.0
15.689684025999668,1364,5686.86,-95.6,-5.9,-122.3,-0.66,-1.98,-1.15,0.07,-0.92,-0.03,-288.6,63.6,275.0,3.31,-2.02,-0.09,0.0,0.9231467922275417,2.382960343774105,0.11275864768092003,0.5,0,7,0.0
15.697588692999489,1365,5686.87,-95.6,-5.8,-122.5,-0.49,-1.79,-1.14,0.04,-0.88,-0.03,-287.8,88.5,260.0,3.28,-2.72,-0.12,0.0,0.8814193099768124,2.1780266297729236,0.1513964073330163,0.5,0,7,0.0
15.70964052599993,1366,5686.88,-95.6,-5.7,-122.7,-0.36,-1.67,-1.07,0.02,-0.86,-0.04,-286.7,113.9,249.0,3.25,-3.37,-0.04,0.0,0.8611620056644393,2.0157876872329585,0.1682206374124815,0.5,0,7,0.0
15.717632187000163,1367,5686.89,-95.6,-5.6,-122.8,-0.3,-1.57,-1.0,0.02,-0.88,-0.05,-285.4,138.6,255.0,3.21,-4.1,-0.05,0.0,0.8816461875378353,1.8854442447338504,0.1447817264283039,0.5,0,7,0.0
15.729706248000184,1368,5686.9,-95.6,-5.5,-123.0,-0.21,-1.48,-0.96,0.03,-0.89,-0.06,-283.9,165.2,261.0,3.17,-4.81,0.01,0.0,0.8925245094673872,1.7765415840897165,0.1312253364087771,0.5,0,7,0.0
15.739669001999573,1369,5686.91,-95.7,-5.5,-123.1,-0.09,-1.38,-0.94,0.05,-0.91,-0.08,-282.0,191.0,256.0,3.11,-5.48,-0.28,0.0,0.9148770409186143,1.6721542991004148,0.10669534885839893,0.5,0,7,0.0
15.749727036999502,1370,5686.92,-95.6,-5.4,-123.3,0.02,-1.23,-0.91,0.08,-0.91,-0.09,-280.0,214.4,233.0,3.06,-6.09,-0.27,0.0,0.9179324593890337,1.5301633899685354,0.10156713178022003,0.5,0,7,0.0
15.759679404999588,1371,5686.93,-95.6,-5.3,-123.4,0.09,-1.08,-0.91,0.09,-0.91,-0.1,-277.7,235.3,218.0,2.99,-6.66,-0.08,0.0,0.9198912979260104,1.415132502630054,0.09761612737837833,0.5,0,7,0.0
15.76968293399932,1372,5686.94,-95.6,-5.2,-123.5,0.07,-0.9,-0.91,0.09,-0.89,-0.11,-275.1,260.1,258.0,2.92,-7.43,-0.07,0.0,0.9012768719988326,1.2817956155331474,0.11390594223944517,0.5,0,7,0.0
15.777600183999311,1373,5686.95,-95.6,-5.1,-123.6,0.08,-0.75,-0.97,0.09,-0.86,-0.12,-272.3,289.8,280.0,2.84,-8.23,-0.11,0.0,0.8729833904490967,1.2287391912037313,0.13935543531339745,0.5,0,7,0.0
15.789834774000155,1374,5686.96,-95.6,-5.0,-123.7,-0.04,-0.6,-1.03,0.08,-0.83,-0.13,-269.3,316.2,256.0,2.75,-8.88,-0.17,0.0,0.8439194274336858,1.1926860441876563,0.16505101036223213,0.5,0,7,0.0
15.797664947999692,1375,5686.97,-95.6,-4.9,-123.8,-0.45,-0.52,-1.0,0.06,-0.81,-0.13,-265.9,340.4,249.0,2.66,-9.55,-0.13,0.0,0.8225569889071518,1.213630915888352,0.18268517991099076,0.5,0,7,0.0
15.80965330700019,1376,5686.98,-95.7,-4.8,-123.8,-0.73,-0.39,-1.08,0.06,-0.83,-0.15,-262.3,364.6,238.0,2.56,-10.19,-0.08,0.0,0.8455767262643882,1.3606616037795731,0.1564721337026792,0.5,0,7,0.0
15.817767353999443,1377,5686.99,-95.7,-4.7,-123.9,-0.73,-0.31,-1.11,0.05,-0.82,-0.16,-258.5,387.8,249.0,2.45,-10.88,-0.09,0.0,0.8369587803470371,1.3642213896578517,0.16178827802762974,0.5,0,7,0.0
15.829564368999854,1378,5687.0,-95.8,-4.6,-123.9,-0.78,-0.31,-0.98,0.03,-0.81,-0.16,-255.8,406.2,313.0,2.34,-11.56,-0.12,0.0,0.826196102629394,1.2903100402616419,0.16909993663036738,0.5,0,7,0.0
15.837656314999549,1379,5687.01,-95.9,-4.5,-123.9,-0.87,-0.43,-0.82,0.03,-0.84,-0.17,-250.2,433.2,234.0,2.22,-12.0,0.01,0.0,0.8575546629807338,1.270511707935035,0.13498654875344707,0.5,0,7,0.0
15.849661983999795,1380,5687.02,-96.0,-4.5,-124.0,-0.81,-0.55,-0.62,0.03,-0.87,-0.19,-245.7,457.0,264.0,2.09,-12.77,-0.1,0.0,0.891010662113535,1.158878768465451,0.09949993862823292,0.5,0,7,0.0
15.859740913999303,1381,5687.03,-96.0,-4.4,-124.1,-0.55,-0.62,-0.35,0.04,-0.88,-0.21,-241.0,477.2,200.0,1.96,-13.2,0.01,0.0,0.9055937278934744,0.8996666049153986,0.08321853539132762,0.5,0,7,0.0
15.869722044999435,1382,5687.04,-96.0,-4.4,-124.1,-0.06,-0.63,-0.06,0.06,-0.89,-0.22,-236.0,505.6,294.0,1.83,-14.16,-0.09,0.0,0.9187491496594705,0.6356886030125127,0.06866185135282488,0.5,0,7,0.0
15.877683167999749,1383,5687.05,-96.0,-4.4,-124.2,0.46,-0.6,0.28,0.07,-0.87,-0.23,-230.8,531.7,242.0,1.68,-14.71,-0.15,0.0,0.9026073343375844,0.806225774829855,0.08310759334121676,0.5,0,7,0.0
15.889737276999767,1384,5687.06,-96.0,-4.5,-124.2,0.73,-0.57,0.62,0.07,-0.85,-0.25,-225.3,555.8,258.0,1.53,-15.45,0.21,0.0,0.8887631855561975,1.1145402639653714,0.09501270728015165,0.5,0,7,0.0
15.897963811999944,1385,5687.07,-95.9,-4.6,-124.3,0.84,-0.5,0.9,0.06,-0.84,-0.25,-219.5,587.7,329.0,1.37,-16.45,-0.16,0.0,0.8784645695758025,1.3287588193498472,0.10320509679533563,0.5,0,7,0.0
15.909706594999989,1386,5687.08,-95.8,-4.7,-124.3,0.75,-0.38,1.04,0.04,-0.84,-0.25,-213.4,615.7,244.0,1.2,-16.96,-0.18,0.0,0.8773254812211941,1.337348122217996,0.10225730144694511,0.5,0,7,0.0
15.917690579999544,1387,5687.09,-95.7,-4.8,-124.3,0.36,-0.25,1.15,0.04,-0.85,-0.24,-207.1,640.0,228.0,1.02,-17.56,0.06,0.0,0.8841379982785492,1.230690862889621,0.09353588870179819,0.5,0,7,0.0
15.929716167999686,1388,5687.1,-95.7,-4.9,-124.4,-0.31,-0.12,1.13,0.03,-0.89,-0.22,-200.6,658.9,274.0,0.84,-18.4,-0.14,0.0,0.9172785836374902,1.177879450538127,0.05918739727600009,0.5,0,7,0.0
15.939690152999901,1389,5687.11,-95.8,-5.0,-124.4,-0.66,-0.04,1.04,0.04,-0.92,-0.21,-193.8,686.4,219.0,0.66,-18.86,0.0,0.0,0.94451045520947,1.2323960402403118,0.031316415189939883,0.5,0,7,0.0
15.949629758999436,1390,5687.12,-95.9,-5.1,-124.3,-0.83,0.06,0.98,0.07,-0.96,-0.2,-186.8,708.1,253.0,0.46,-19.64,0.07,0.0,0.9831073186585481,1.285651585772755,0.0071348392939554195,0.5,0,7,0.0
15.95762454999931,1391,5687.13,-95.9,-5.2,-124.3,-0.74,0.12,0.91,0.1,-0.97,-0.18,-179.5,744.7,290.0,0.26,-20.47,-0.23,0.0,0.9916148445843275,1.1790250209389113,0.015329517915340096,0.5,0,7,0.0
15.9696500809996,1392,5687.14,-96.0,-5.3,-124.3,-0.63,0.22,0.82,0.12,-0.99,-0.17,-171.9,766.6,247.0,0.05,-21.07,-0.03,0.0,1.011632344283238,1.0572133181151284,0.03464007726196561,0.5,0,7,0.0
15.977614067000104,1393,5687.15,-96.1,-5.4,-124.3,-0.52,0.16,0.63,0.11,-1.0,-0.14,-164.1,778.0,187.0,-0.15,-21.45,0.11,0.0,1.0157263410978372,0.8324061508662703,0.03795939259503356,0.5,0,7,0.0
15.989719634999346,1394,5687.16,-96.1,-5.4,-124.2,-0.37,-0.02,0.47,0.08,-0.97,-0.13,-156.3,777.8,-90.0,-0.36,-20.68,0.21,0.0,0.981936861514018,0.5984981202978,0.004086514750990089,0.5,0,7,0.0
15.999721551999755,1395,5687.17,-96.1,-5.5,-124.3,-0.07,-0.36,0.39,0.1,-0.94,-0.16,-148.8,723.2,-529.0,-0.56,-18.5,0.93,0.0,0.9587491851365507,0.5353503525729669,0.018719138393947676,0.5,0,7,0.0
16.00971393599957,1396,5687.18,-96.1,-5.5,-124.3,0.45,-0.54,0.56,0.16,-0.86,-0.24,-142.6,568.1,-1615.0,-0.7,-12.26,0.73,0.0,0.9070832376358853,0.8987213138676527,0.06897738417672084,0.5,0,7,0.0
16.01780290699935,1397,5687.19,-96.0,-5.6,-124.3,1.73,0.07,1.24,0.25,-0.8,-0.42,-138.7,293.4,-2414.0,-0.77,-4.5,1.12,0.0,0.9374966666607408,2.129647858215062,0.03779267604882797,0.5,0,7,0.0
16.029602581999825,1398,5687.2,-95.9,-5.7,-124.3,0.73,0.98,1.05,-0.01,-1.22,-0.48,-137.7,34.7,-2283.0,-0.77,1.33,0.55,0.0,1.3110682667199294,1.6111486585663037,0.3290633455301534,0.5,0,7,0.0
16.037640761999683,1399,5687.21,-95.9,-5.8,-124.1,-1.74,2.13,-0.13,-0.36,-1.47,-0.46,-138.4,-103.1,-1448.0,-0.74,3.87,0.2,0.0,1.581802768994921,2.7534342192977843,0.5878018908490421,0.5,0,8,0.0
16.049711517000105,1400,5687.22,-96.2,-5.7,-123.9,-1.75,1.52,-1.17,-0.37,-1.45,-0.11,-140.0,-186.3,-1032.0,-0.69,6.05,0.03,0.0,1.5004999166944328,2.596497641054195,0.4963690577775828,0.5,0,8,0.0
16.057588087999648,1401,5687.23,-96.2,-5.5,-123.8,-0.18,1.04,-1.22,-0.1,-1.33,-0.11,-142.4,-269.5,-906.0,-0.61,8.34,0.0,0.0,1.3382824813917278,1.6131955864060625,0.3274685900253802,0.5,0,8,0.0
16.06967782099946,1402,5687.24,-96.2,-5.4,-123.7,0.25,0.63,-0.94,0.04,-1.11,-0.18,-145.7,-345.4,-746.0,-0.51,10.1,0.2,0.0,1.1252110913068714,1.158878768465451,0.11210925594171339,0.5,0,8,0.0
16.07767197300018,1403,5687.25,-96.3,-5.3,-123.7,-1.04,0.63,-0.74,0.09,-0.99,-0.25,-149.5,-391.8,-498.0,-0.41,11.04,0.22,0.0,1.0250365847129554,1.423411395205195,0.011696054360841535,0.5,0,8,0.0
16.08963809999932,1404,5687.26,-96.5,-5.2,-123.6,-2.85,0.88,-0.85,0.07,-1.01,-0.22,-153.6,-416.7,-278.0,-0.29,11.44,-0.09,0.0,1.0360501918343532,3.101515758463916,0.022255468252594612,0.5,0,8,0.0
16.097684016999665,1405,5687.27,-96.8,-5.1,-123.5,-3.97,0.93,-1.12,0.02,-1.16,-0.11,-157.8,-420.1,-89.0,-0.18,11.38,-0.05,0.0,1.165375475973302,4.228498551495554,0.14854913734371245,0.5,0,8,0.0
16.10971591999987,1406,5687.28,-97.3,-5.0,-123.5,-4.44,0.81,-1.62,0.02,-1.43,0.0,-161.9,-413.4,50.0,-0.07,11.02,-0.14,0.0,1.4301398533010679,4.795216366338437,0.40504724437804884,0.5,0,8,0.0
16.117701031999786,1407,5687.29,-97.7,-4.7,-123.4,-4.39,0.74,-2.49,0.0,-1.64,0.09,-165.9,-390.2,194.0,0.03,10.27,-0.16,0.0,1.6424676556937126,5.1009606938301335,0.6050275458352796,0.5,0,8,0.0
16.129754605000016,1408,5687.3,-98.1,-4.4,-123.4,-3.75,0.57,-3.23,-0.06,-1.63,0.12,-169.7,-367.7,194.0,0.13,9.75,-0.14,0.0,1.6355121522018723,4.981997591328201,0.5861106014965705,0.5,0,8,0.0
16.13760009299949,1409,5687.31,-98.4,-4.1,-123.4,-1.99,0.52,-3.32,-0.03,-1.46,0.03,-173.2,-342.9,265.0,0.22,8.91,-0.09,0.0,1.46061630827538,3.905496127254513,0.40299046241867664,0.5,0,8,0.0
16.14963796899974,1410,5687.32,-98.5,-3.8,-123.4,-0.05,1.01,-2.77,0.07,-1.2,-0.06,-176.4,-308.1,321.0,0.3,7.94,-0.25,0.0,1.203536455617361,2.9488133206427296,0.14299239756544435,0.5,0,8,0.0
16.157655422999596,1411,5687.33,-98.5,-3.5,-123.2,0.93,1.92,-2.07,0.16,-1.01,-0.06,-179.2,-272.9,347.0,0.38,6.96,-0.39,0.0,1.02435345462394,2.9725746416196177,0.035466791359417105,0.5,0,8,0.0
16.169646229000136,1412,5687.34,-98.4,-3.3,-123.0,1.04,2.97,-1.38,0.2,-0.89,-0.03,-181.7,-233.2,393.0,0.44,5.81,-0.43,0.0,0.9126883367283709,3.4361169945157575,0.14418927106988644,0.5,0,8,0.0
16.177855478999845,1413,5687.35,-98.3,-3.2,-122.7,0.85,4.12,-0.82,0.23,-0.87,-0.01,-183.7,-188.3,438.0,0.49,4.54,-0.16,0.0,0.899944442729661,4.285942136800262,0.15379450176722442,0.5,0,8,0.0
16.189687440999478,1414,5687.36,-98.3,-3.0,-122.2,0.41,5.11,-0.45,0.27,-0.9,0.03,-185.3,-143.0,444.0,0.52,3.34,-0.16,0.0,0.9401063769595439,5.146134471620422,0.1113599161865948,0.5,0,8,0.0
16.197759960999974,1415,5687.37,-98.3,-2.9,-121.7,0.1,5.76,-0.37,0.29,-1.0,0.07,-186.4,-98.9,440.0,0.55,2.15,-0.39,0.0,1.0435516278555652,5.772737652102336,0.007756371984761978,0.5,0,8,0.0
16.209685629999512,1416,5687.38,-98.3,-2.8,-121.1,0.31,6.21,-0.58,0.26,-1.06,0.05,-187.1,-55.7,434.0,0.56,0.98,-0.22,0.0,1.092565787492909,6.244725774603717,0.04043263189953006,0.5,0,8,0.0
16.217694559999472,1417,5687.39,-98.2,-2.6,-120.5,0.95,6.3,-0.89,0.18,-1.04,0.07,-187.3,-14.0,412.0,0.56,-0.09,-0.32,0.0,1.0577806956075537,6.433086351044885,0.005534589213891383,0.5,0,8,0.0
16.229660764999608,1418,5687.4,-98.1,-2.4,-119.9,1.68,6.03,-1.14,0.08,-0.99,0.09,-187.3,16.8,297.0,0.56,-0.7,-0.01,0.0,0.9972963451251589,6.362617385950534,0.053850766043133325,0.5,0,8,0.0
16.237599850999686,1419,5687.41,-98.0,-2.2,-119.3,1.73,5.58,-1.26,0.0,-0.97,0.1,-187.0,36.0,214.0,0.55,-1.15,0.22,0.0,0.9751410154434075,5.976361769504922,0.07448597381038691,0.5,0,8,0.0
16.249635813999703,1420,5687.42,-97.8,-2.0,-118.8,1.22,4.91,-1.21,-0.08,-0.94,0.08,-186.5,47.3,127.0,0.54,-1.36,0.04,0.0,0.9467840302835699,5.201980392119909,0.10078609979081987,0.5,0,8,0.0
16.257577824999316,1421,5687.43,-97.8,-1.9,-118.4,0.88,4.33,-1.01,-0.14,-0.93,0.07,-186.0,49.5,25.0,0.52,-1.26,0.13,0.0,0.9430800602281866,4.532482763342846,0.10240026844927907,0.5,0,8,0.0
16.2696465049994,1422,5687.44,-97.7,-1.7,-118.0,0.93,3.77,-0.58,-0.17,-0.89,0.06,-185.6,38.7,-97.0,0.51,-0.79,0.26,0.0,0.9080748867797194,3.926092204724693,0.13465733305979144,0.5,0,8,0.0
16.277598042000136,1423,5687.45,-97.6,-1.6,-117.7,0.82,3.24,0.0,-0.16,-0.87,0.02,-185.3,13.8,-224.0,0.51,0.0,0.15,0.0,0.8848163651289458,3.342154993413681,0.1547575376163537,0.5,0,8,0.0
16.28962868599956,1424,5687.46,-97.6,-1.6,-117.4,0.27,2.83,0.57,-0.13,-0.89,-0.02,-185.4,-10.2,-188.0,0.51,0.43,-0.01,0.0,0.8996666049153986,2.8994309786577093,0.13710915187330286,0.5,0,8,0.0
16.29787095499978,1425,5687.47,-97.6,-1.7,-117.1,-0.13,2.58,1.0,-0.12,-0.93,-0.05,-185.6,-23.3,-151.0,0.52,0.79,0.07,0.0,0.9390420650854785,2.770072201225087,0.09577901786915843,0.5,0,8,0.0
16.310189021999577,1426,5687.48,-97.6,-1.8,-116.8,-0.07,2.49,1.28,-0.1,-0.96,-0.06,-185.9,-37.7,-164.0,0.53,1.26,0.09,0.0,0.9670573922989266,2.8006070770459752,0.06640841684259613,0.5,0,8,0.0
16.31825200899948,1427,5687.49,-97.5,-1.9,-116.5,0.4,2.47,1.35,-0.07,-0.97,-0.06,-186.4,-56.5,-176.0,0.55,1.76,0.25,0.0,0.9743715923609432,2.8431320757221252,0.05791233244496807,0.5,0,8,0.0
16.329999458999737,1428,5687.5,-97.4,-2.0,-116.3,0.93,2.4,1.3,-0.05,-0.95,-0.06,-187.1,-75.1,-183.0,0.57,2.26,0.0,0.0,0.9532051195833979,2.88355683141498,0.07749722911806312,0.5,0,8,0.0
16.338439761999325,1429,5687.51,-97.3,-2.1,-116.0,1.14,2.27,1.23,-0.03,-0.91,-0.05,-188.0,-92.5,-165.0,0.59,2.68,0.14,0.0,0.9118662182579197,2.8223040233114505,0.11645940783467046,0.5,0,8,0.0
16.349903469999845,1430,5687.52,-97.2,-2.2,-115.8,1.14,2.14,1.15,-0.03,-0.89,-0.04,-189.0,-107.8,-151.0,0.62,3.08,0.43,0.0,0.8914033879226622,2.6835983306001663,0.13418379340652953,0.5,0,8,0.0
16.358094418999826,1431,5687.53,-97.0,-2.3,-115.6,1.05,1.96,1.09,-0.04,-0.86,-0.04,-190.2,-121.5,-136.0,0.66,3.44,-0.05,0.0,0.8618584570566098,2.476327926588076,0.16045414978713024,0.5,0,8,0.0
16.370066976999624,1432,5687.54,-96.9,-2.4,-115.4,0.9,1.75,1.04,-0.05,-0.86,-0.04,-191.5,-131.5,-98.0,0.69,3.65,0.1,0.0,0.8623804264940154,2.2257807618900833,0.15673353674273027,0.5,0,8,0.0
16.377699988999666,1433,5687.55,-96.8,-2.5,-115.2,0.78,1.62,0.91,-0.06,-0.88,-0.06,-192.8,-137.1,-58.0,0.73,3.75,-0.01,0.0,0.8840814442120138,2.0151674868357716,0.13233186864423707,0.5,0,8,0.0
16.389706602999468,1434,5687.56,-96.7,-2.6,-115.1,0.64,1.32,0.97,-0.08,-0.84,-0.06,-194.2,-137.1,-9.0,0.77,3.7,-0.16,0.0,0.845931439302264,1.7586642658563345,0.16707223608290722,0.5,0,8,0.0
16.397659575000034,1435,5687.57,-96.6,-2.7,-114.9,0.52,1.05,1.07,-0.08,-0.84,-0.06,-195.6,-133.5,28.0,0.8,3.56,0.07,0.0,0.845931439302264,1.5867577004697346,0.16373079136124902,0.5,0,8,0.0
16.409737035000035,1436,5687.58,-96.6,-2.8,-114.8,0.45,0.8,1.21,-0.08,-0.84,-0.07,-196.9,-127.4,51.0,0.84,3.38,-0.07,0.0,0.8466994744299774,1.5187494855966206,0.159703501108865,0.5,0,8,0.0
16.41772430399942,1437,5687.59,-96.5,-3.0,-114.8,0.34,0.56,1.27,-0.07,-0.86,-0.09,-198.1,-120.0,69.0,0.87,3.18,0.08,0.0,0.8675252157718529,1.4290206436577464,0.13610020457164973,0.5,0,8,0.0
16.429599764999693,1438,5687.6,-96.5,-3.1,-114.7,0.35,0.49,1.12,-0.07,-0.91,-0.12,-199.2,-111.9,82.0,0.9,2.91,-0.07,0.0,0.9205433178292046,1.2716131487209466,0.08142046046401208,0.5,0,8,0.0
16.437746290000177,1439,5687.61,-96.5,-3.2,-114.6,0.45,0.39,0.92,-0.07,-0.91,-0.14,-200.3,-101.0,108.0,0.93,2.57,-0.1,0.0,0.9233634170791044,1.0959014554237987,0.0770283539898301,0.5,0,8,0.0
16.449711010999636,1440,5687.62,-96.4,-3.3,-114.6,0.54,0.28,0.74,-0.08,-0.92,-0.15,-201.2,-87.3,129.0,0.95,2.2,-0.17,0.0,0.9355746896961247,0.9579144011862437,0.06352073974535366,0.5,0,8,0.0
16.457648412999333,1441,5687.63,-96.4,-3.4,-114.6,0.79,0.21,0.52,-0.08,-0.93,-0.17,-202.0,-74.1,125.0,0.97,1.86,0.01,0.0,0.9487887014504337,0.9688137075826292,0.04930059343122373,0.5,0,8,0.0
16.469719523000094,1442,5687.64,-96.4,-3.4,-114.5,1.3,0.11,0.2,-0.11,-0.92,-0.17,-202.6,-62.4,112.0,0.99,1.58,0.24,0.0,0.942019108086455,1.3198863587445702,0.0549487830592984,0.5,0,8,0.0
16.47762812000019,1443,5687.65,-96.2,-3.5,-114.5,1.95,-0.07,-0.16,-0.13,-0.88,-0.17,-203.2,-53.8,96.0,1.0,1.35,-0.02,0.0,0.9056489386070079,1.9578048932414076,0.08949257348797057,0.5,0,8,0.0
16.489706428999853,1444,5687.66,-96.0,-3.4,-114.6,2.21,-0.33,-0.52,-0.17,-0.8,-0.16,-203.7,-45.5,83.0,1.01,1.14,-0.01,0.0,0.8333666660000267,2.2942101037176172,0.15853934917305268,0.5,0,8,0.0
16.501599158999852,1445,5687.67,-95.8,-3.4,-114.6,1.74,-0.66,-0.72,-0.17,-0.74,-0.14,-204.1,-40.3,51.0,1.02,1.06,0.04,0.0,0.7720751258783046,1.995394697797907,0.21543427150887928,0.5,0,8,0.0
16.50975368699983,1446,5687.68,-95.7,-3.3,-114.7,0.75,-1.01,-0.81,-0.13,-0.69,-0.14,-204.5,-40.4,14.0,1.04,1.09,-0.01,0.0,0.7159608927867499,1.4962285921609706,0.26611753450842535,0.5,0,8,0.0
16.521664825999324,1447,5687.69,-95.6,-3.2,-114.8,-0.52,-1.27,-0.78,-0.09,-0.69,-0.16,-204.9,-42.2,-17.0,1.05,1.2,0.26,0.0,0.7140028011149535,1.57851195750935,0.26271411365661734,0.5,0,8,0.0
16.533628262999628,1448,5687.7,-95.8,-3.2,-115.0,-1.81,-1.37,-0.65,-0.04,-0.72,-0.21,-205.4,-49.6,-66.0,1.06,1.46,0.21,0.0,0.751065909225016,2.3612496691370866,0.22113798543562369,0.5,0,8,0.0
16.5456278369993,1449,5687.71,-96.0,-3.1,-115.1,-2.6,-1.26,-0.44,0.0,-0.79,-0.22,-206.0,-62.6,-116.0,1.08,1.87,0.0,0.0,0.8200609733428363,2.922533147801749,0.14910006289144728,0.5,0,8,0.0
16.55352889200003,1450,5687.72,-96.3,-3.1,-115.2,-2.83,-0.98,-0.21,0.04,-0.85,-0.22,-206.7,-77.6,-151.0,1.1,2.34,0.05,0.0,0.8789197915623472,3.002232502655316,0.0884364197784977,0.5,0,8,0.0
16.561696185000073,1451,5687.73,-96.5,-3.1,-115.3,-2.75,-0.52,0.04,0.1,-0.91,-0.25,-207.6,-97.1,-179.0,1.13,2.87,-0.05,0.0,0.9489994731294639,2.799017684831591,0.01798960344715339,0.5,0,8,0.0
16.57358925399967,1452,5687.74,-96.8,-3.1,-115.3,-2.25,0.15,0.22,0.12,-0.98,-0.25,-208.7,-116.0,-184.0,1.16,3.37,0.0,0.0,1.018479258502597,2.2657007745949156,0.050460378287460195,0.5,0,8,0.0
16.581548058999942,1453,5687.75,-97.0,-3.1,-115.3,-1.39,0.83,0.3,0.09,-1.01,-0.24,-210.0,-135.2,-186.0,1.2,3.89,0.27,0.0,1.0420172743289815,1.646511463670994,0.07251842623156779,0.5,0,8,0.0
16.589584884999567,1454,5687.76,-97.1,-3.2,-115.1,-0.38,1.17,0.37,0.07,-0.99,-0.23,-211.5,-152.5,-166.0,1.24,4.32,0.16,0.0,1.0187737727287645,1.2846011054019844,0.04828942613872378,0.5,0,8,0.0
16.597512041999835,1455,5687.77,-97.1,-3.2,-115.0,0.29,1.16,0.42,0.04,-0.97,-0.22,-213.1,-165.8,-140.0,1.29,4.66,0.0,0.0,0.9954396013822235,1.2673200069437869,0.024456149696339247,0.5,0,8,0.0
16.609593524000047,1456,5687.78,-97.0,-3.2,-114.9,0.03,0.89,0.43,0.01,-0.97,-0.21,-214.8,-176.6,-116.0,1.33,4.93,-0.03,0.0,0.9925220400575495,0.9888882646689665,0.021107816604231888,0.5,0,8,0.0
16.617665435999697,1457,5687.79,-97.1,-3.2,-114.8,-0.68,0.45,0.37,-0.03,-1.01,-0.16,-216.7,-185.6,-91.0,1.38,5.14,0.11,0.0,1.0230347012687302,0.8954328562209453,0.050588068259104335,0.5,0,8,0.0
16.629663722999794,1458,5687.8,-97.2,-3.3,-114.8,-1.37,0.05,0.43,-0.09,-1.04,-0.14,-218.6,-194.3,-92.0,1.44,5.39,0.13,0.0,1.0532331175955303,1.4367672045254931,0.07917075489418635,0.5,0,8,0.0
16.63758521999989,1459,5687.81,-97.4,-3.4,-114.8,-1.62,-0.16,0.6,-0.11,-1.15,-0.15,-220.6,-202.8,-86.0,1.49,5.62,0.07,0.0,1.164946350696031,1.7349351572897473,0.1870663082347932,0.5,0,8,0.0
16.649662755999998,1460,5687.82,-97.5,-3.5,-114.8,-1.03,-0.38,0.81,-0.11,-1.19,-0.16,-222.7,-212.0,-95.0,1.55,5.89,0.12,0.0,1.2057362895757928,1.364331338055386,0.223299122172264,0.5,0,8,0.0
16.65803509899979,1461,5687.83,-97.6,-3.6,-114.9,-1.05,-0.74,1.07,-0.11,-1.2,-0.16,-224.9,-223.1,-112.0,1.61,6.23,0.22,0.0,1.215606844337428,1.6718253497300488,0.22850628339522117,0.5,0,8,0.0
16.669985343999542,1462,5687.84,-97.8,-3.7,-115.0,-2.07,-1.16,1.44,-0.07,-1.22,-0.14,-227.2,-236.3,-128.0,1.68,6.6,0.08,0.0,1.23,2.775626055505316,0.23804145027663737,0.5,0,8,0.0
16.67833155399967,1463,5687.85,-98.0,-3.9,-115.1,-3.24,-1.27,1.94,0.0,-1.29,-0.12,-229.7,-252.6,-159.0,1.75,7.08,0.06,0.0,1.295569372901351,3.9842314189815835,0.29753860671442867,0.5,0,8,0.0
16.689783918999638,1464,5687.86,-98.3,-4.1,-115.2,-3.68,-1.09,2.61,0.0,-1.4,-0.06,-232.3,-271.2,-185.0,1.82,7.62,0.15,0.0,1.4012851244482687,4.641400650665702,0.39518927109611934,0.5,0,8,0.0
16.698342845999832,1465,5687.87,-98.7,-4.4,-115.2,-3.02,-0.77,3.47,0.04,-1.56,-0.02,-235.2,-292.0,-195.0,1.9,8.17,-0.05,0.0,1.5606408939919523,4.664139792073132,0.543454139827007,0.5,1,9,3.0
16.71002583900008,1466,5687.88,-98.9,-4.8,-115.2,-0.87,-0.51,3.84,0.09,-1.68,-0.01,-238.2,-306.7,-143.0,1.99,8.46,0.03,0.0,1.6824387061643584,3.9702141000203,0.6519469129594249,0.5,0,9,3.0
16.71847387700018,1467,5687.89,-98.8,-5.2,-115.2,1.44,-0.41,3.46,0.02,-1.59,0.01,-241.2,-286.1,457.0,2.06,6.19,2.66,3.49,1.5901572249309186,3.770053050024628,0.5484721230914653,0.5,0,9,3.0
16.730225198999506,1468,5687.9,-98.6,-5.5,-115.2,2.22,-0.76,2.52,-0.08,-1.33,0.11,-243.1,-143.4,1136.0,2.09,2.13,3.18,3.49,1.3369367973094315,3.443312358761546,0.28934666156057864,0.5,0,9,3.0
16.738225109999803,1469,5687.91,-98.5,-5.7,-115.3,1.16,-1.44,1.97,-0.19,-1.17,0.2,-243.7,-19.9,1057.0,2.09,-0.5,3.47,3.49,1.2020815280171306,2.7018697229881385,0.1514015644229123,0.5,0,9,3.0
16.750236543000028,1470,5687.92,-98.4,-5.9,-115.4,0.76,-2.33,1.65,-0.22,-1.12,0.24,-243.4,27.1,438.0,2.09,-0.63,3.69,3.49,1.1663618649458667,2.95448811133164,0.11336826332461536,0.5,0,9,3.0
16.75831103499968,1471,5687.93,-98.2,-6.1,-115.7,1.3,-3.12,1.57,-0.22,-1.17,0.25,-243.3,13.4,39.0,2.08,-0.15,3.69,3.49,1.2164703037887936,3.7268351184349435,0.16020716812419145,0.5,0,9,3.0
16.770046500999342,1472,5687.94,-98.0,-6.3,-116.0,2.26,-3.73,1.58,-0.23,-1.2,0.27,-243.2,0.6,-26.0,2.08,0.0,3.51,3.49,1.2513193037750197,4.638631263638014,0.1911550447482091,0.5,0,9,3.0
16.778422028999557,1473,5687.95,-97.7,-6.5,-116.4,3.18,-4.37,1.51,-0.24,-1.13,0.31,-243.2,0.1,-7.0,2.08,0.0,3.49,3.49,1.196076920603353,5.611541677649735,0.13319440834501162,0.5,0,9,3.0
16.7900109279999,1474,5687.96,-97.3,-6.8,-116.9,3.5,-5.26,1.47,-0.21,-1.04,0.33,-243.2,0.3,2.0,2.08,-0.02,3.43,3.49,1.111125555461668,6.486794277607391,0.047278182339260066,0.5,0,9,3.0
16.798257639999974,1475,5687.97,-96.9,-7.0,-117.4,3.62,-5.92,1.42,-0.13,-0.94,0.22,-243.2,1.0,14.0,2.08,-0.08,3.58,3.49,0.9741149829460586,7.0828807698562875,0.08793774237282237,0.5,0,9,3.0
16.810131907999676,1476,5687.98,-96.4,-7.2,-118.0,3.46,-5.83,1.44,-0.09,-0.89,0.1,-243.2,9.4,113.0,2.08,-0.65,3.4,3.49,0.9001111042532471,6.930663748877159,0.1587027886443212,0.5,0,9,3.0
16.818426218999775,1477,5687.99,-96.1,-7.4,-118.5,2.82,-5.47,1.22,-0.08,-0.94,0.06,-242.8,45.1,341.0,2.06,-1.99,3.28,3.49,0.9453041838477179,6.27389034013187,0.11123951486885342,0.5,0,9,3.0
16.82989681700019,1478,5688.0,-95.8,-7.5,-119.1,2.13,-4.94,0.78,-0.02,-0.97,0.02,-242.3,81.2,455.0,2.04,-2.93,3.31,3.49,0.9704122835166504,5.435889991528526,0.08440878689592246,0.5,0,9,3.0
16.838330630999735,1479,5688.01,-95.5,-7.6,-119.5,1.53,-4.44,0.24,0.02,-0.98,0.01,-240.8,130.6,427.0,2.0,-4.0,3.16,3.49,0.9802550688468792,4.702350476091718,0.0730746815343799,0.5,0,9,3.0
16.84976190499947,1480,5688.02,-95.3,-7.7,-119.9,0.87,-4.06,-0.23,0.07,-0.98,-0.01,-239.2,172.7,443.0,1.95,-5.28,3.34,3.49,0.98254770876533,4.158533395320999,0.06936640078361056,0.5,0,9,3.0
16.858158770000045,1481,5688.03,-95.2,-7.6,-120.3,0.42,-3.51,-0.63,0.11,-0.95,-0.04,-237.1,219.9,448.0,1.89,-6.49,3.36,3.49,0.957183368012629,3.5907380856865623,0.09283612670558539,0.5,0,9,3.0
16.86984480999945,1482,5688.04,-95.1,-7.6,-120.7,0.3,-2.98,-0.92,0.12,-0.91,-0.04,-234.6,264.6,430.0,1.82,-7.65,3.52,3.49,0.9187491496594705,3.1331773010795287,0.12864493815756906,0.5,0,9,3.0
16.87828417899982,1483,5688.05,-95.1,-7.5,-120.9,0.2,-2.55,-1.15,0.11,-0.88,-0.03,-231.7,301.7,373.0,1.73,-8.6,3.73,3.49,0.8873556220591606,2.8044607324760316,0.15683769644272127,0.5,0,9,3.0
16.890109750000192,1484,5688.06,-95.0,-7.4,-121.2,-0.12,-2.23,-1.29,0.09,-0.85,-0.04,-228.5,332.4,318.0,1.64,-9.36,3.32,3.49,0.8556868586112562,2.5790308257172887,0.18473633069281326,0.5,0,9,0.0
16.898174023999672,1485,5688.07,-95.0,-7.3,-121.4,-0.29,-2.04,-1.36,0.06,-0.85,-0.05,-225.0,359.4,277.0,1.54,-10.09,3.49,3.49,0.8535806933149319,2.4688661365088227,0.18310564606935475,0.5,0,9,0.0
16.909863486000177,1486,5688.08,-95.0,-7.2,-121.6,-0.28,-1.93,-1.43,0.03,-0.85,-0.04,-221.3,365.7,-136.0,1.44,-8.91,0.66,0.0,0.85146931829632,2.4183051916579923,0.1815126806662073,0.5,0,9,0.0
16.918299965999722,1487,5688.09,-95.0,-7.0,-121.8,-0.61,-1.89,-1.52,-0.02,-0.92,-0.06,-218.3,255.4,-843.0,1.38,-5.56,0.58,0.0,0.9221713506718803,2.500919830782266,0.10859443532483404,0.5,0,9,0.0
16.929709627000193,1488,5688.1,-95.1,-6.9,-122.0,-1.0,-2.05,-1.81,-0.09,-0.95,-0.03,-216.5,158.6,-815.0,1.34,-3.45,0.18,0.0,0.954725091322104,2.911803564803093,0.07451988078111815,0.5,0,9,0.0
16.938290009999946,1489,5688.11,-95.1,-6.7,-122.3,-0.94,-2.34,-2.04,-0.07,-0.91,-0.03,-215.3,100.9,-577.0,1.31,-2.29,0.1,0.0,0.9131812525451889,3.2435782709840684,0.1137424451668726,0.5,0,9,0.0
16.949947647000045,1490,5688.12,-95.1,-6.5,-122.6,-0.43,-2.68,-1.96,-0.03,-0.85,-0.05,-214.5,72.4,-333.0,1.3,-1.77,0.16,0.0,0.8519976525789258,3.3479695339115616,0.17142752423047292,0.5,0,9,0.0
16.95832324499952,1491,5688.13,-95.1,-6.3,-122.9,-0.05,-2.86,-1.73,0.01,-0.82,-0.1,-213.9,62.8,-139.0,1.28,-1.7,-0.12,0.0,0.8261355820929153,3.342902930089356,0.1933438028221537,0.5,0,9,0.0
16.969735373999356,1492,5688.14,-95.1,-6.1,-123.2,0.11,-2.8,-1.46,0.06,-0.8,-0.13,-213.2,65.4,-13.0,1.26,-1.86,-0.08,0.0,0.8127115109311546,3.1596993527865904,0.20263251650423608,0.5,0,9,0.0
16.978228748999754,1493,5688.15,-95.0,-6.0,-123.5,0.1,-2.64,-1.23,0.1,-0.8,-0.15,-212.5,77.0,96.0,1.24,-2.3,-0.28,0.0,0.8200609733428363,2.9141894241795607,0.19137739301070322,0.5,0,9,0.0
16.990149242999905,1494,5688.16,-95.0,-5.9,-123.7,-0.01,-2.38,-1.04,0.14,-0.83,-0.16,-211.6,95.8,166.0,1.21,-2.86,-0.05,0.0,0.856796358535679,2.597325547558488,0.15154916766150328,0.5,0,9,0.0
16.99822113800019,1495,5688.17,-95.0,-5.9,-123.9,0.0,-2.07,-0.89,0.16,-0.85,-0.17,-210.5,117.7,203.0,1.18,-3.47,-0.09,0.0,0.8814760348415605,2.2532199182503247,0.12433210152850949,0.5,0,9,0.0
17.009789593999812,1496,5688.18,-95.0,-5.8,-124.1,0.03,-1.68,-0.72,0.18,-0.88,-0.18,-209.2,141.8,240.0,1.14,-4.19,0.03,0.0,0.9160785992479029,1.8280317283898546,0.08793494637972377,0.5,0,9,0.0
17.018131762999474,1497,5688.19,-94.9,-5.7,-124.3,0.25,-1.24,-0.67,0.18,-0.89,-0.19,-207.6,167.8,243.0,1.09,-4.85,-0.19,0.0,0.9276852914647294,1.4314328485821473,0.07480168907963936,0.5,0,9,0.0
17.02990355499969,1498,5688.2,-94.9,-5.7,-124.4,0.34,-0.84,-0.56,0.17,-0.88,-0.19,-205.7,190.8,231.0,1.04,-5.45,0.0,0.0,0.9161877536837086,1.065269918846862,0.08457324232344687,0.5,0,9,0.0
17.03832543399949,1499,5688.21,-94.9,-5.6,-124.5,0.21,-0.48,-0.51,0.15,-0.89,-0.2,-203.7,212.6,230.0,0.98,-6.08,-0.04,0.0,0.9244457799135654,0.7311634564172365,0.07478891177171831,0.5,0,9,0.0
17.049731282999346,1500,5688.22,-94.8,-5.6,-124.5,0.29,-0.22,-0.71,0.11,-0.9,-0.19,-201.4,238.6,259.0,0.92,-6.82,-0.05,0.0,0.926390846241477,0.7978721702127478,0.07138696853493054,0.5,0,9,0.0
17.058374102000016,1501,5688.23,-94.8,-5.5,-124.5,0.1,-0.12,-0.68,0.07,-0.85,-0.19,-198.8,266.3,265.0,0.84,-7.55,-0.2,0.0,0.8737848705488096,0.6977105417004964,0.12151308534304606,0.5,0,9,0.0
17.06980570199994,1502,5688.24,-94.8,-5.4,-124.5,-0.06,-0.12,-0.51,0.05,-0.86,-0.2,-195.9,291.0,241.0,0.76,-8.17,0.01,0.0,0.8843641783790205,0.5273518749374084,0.1087151019625785,0.5,0,9,0.0
17.0782969389993,1503,5688.25,-94.8,-5.4,-124.6,0.04,-0.16,-0.4,0.03,-0.87,-0.19,-192.9,313.4,234.0,0.68,-8.81,-0.1,0.0,0.891010662113535,0.43266615305567874,0.10002724586350276,0.5,0,9,0.0
17.089921207999396,1504,5688.26,-94.8,-5.4,-124.6,0.1,-0.26,-0.25,0.02,-0.86,-0.19,-189.6,337.6,242.0,0.58,-9.48,-0.08,0.0,0.8809653795694811,0.374299345444258,0.10787107783940553,0.5,0,9,0.0
17.098413295999308,1505,5688.27,-94.8,-5.4,-124.6,0.06,-0.39,-0.1,0.01,-0.87,-0.2,-186.0,361.7,241.0,0.48,-10.13,0.1,0.0,0.8927485648266258,0.40706264874095244,0.09416613473061564,0.5,0,9,0.0
17.109907538999323,1506,5688.28,-94.8,-5.4,-124.7,-0.02,-0.49,0.04,0.0,-0.87,-0.22,-182.2,389.7,279.0,0.38,-10.95,0.0,0.0,0.8973850901368933,0.4920365840057017,0.08773901723194122,0.5,0,9,0.0
17.11814902199967,1507,5688.29,-94.8,-5.4,-124.7,-0.1,-0.54,0.22,0.0,-0.88,-0.21,-178.1,414.5,225.0,0.26,-11.48,-0.22,0.0,0.9047098982546836,0.5916079783099616,0.07880592493186789,0.5,0,9,0.0
17.129886551999334,1508,5688.3,-94.8,-5.4,-124.8,-0.2,-0.51,0.41,0.0,-0.87,-0.23,-173.9,434.5,230.0,0.14,-12.13,0.04,0.0,0.8998888820293315,0.6842514157822401,0.08195440233407558,0.5,0,9,0.0
17.13830266199966,1509,5688.31,-94.8,-5.5,-124.8,-0.24,-0.49,0.56,0.01,-0.87,-0.22,-169.4,450.8,121.0,0.02,-12.24,-0.02,0.0,0.897440805847383,0.7818567643756751,0.08271442894570369,0.5,0,9,0.0
17.149750247000156,1510,5688.32,-94.8,-5.5,-124.9,0.01,-0.55,0.82,0.02,-0.86,-0.21,-164.9,452.3,79.0,-0.09,-12.43,0.03,0.0,0.8854942122905152,0.9874208829065749,0.09276780205252,0.5,0,9,0.0
17.15827956799967,1511,5688.33,-94.8,-5.6,-124.9,0.36,-0.51,1.09,0.06,-0.85,-0.22,-160.3,453.4,-52.0,-0.21,-12.03,0.02,0.0,0.880056816347672,1.2561050911448453,0.09624109403545589,0.5,0,9,0.0
17.169688252000014,1512,5688.34,-94.8,-5.8,-124.9,0.4,-0.27,1.33,0.14,-0.85,-0.25,-156.0,420.5,-253.0,-0.33,-11.02,0.11,0.0,0.8969949832635631,1.4148498153514386,0.07771686857717353,0.5,0,9,0.0
17.17825438699947,1513,5688.35,-94.7,-5.9,-124.9,-0.13,0.07,1.39,0.15,-0.91,-0.25,-152.0,382.2,-381.0,-0.43,-9.76,0.27,0.0,0.9555626614722867,1.3978197308666092,0.018766206561080856,0.5,0,9,0.0
17.18996868999966,1514,5688.36,-94.8,-6.0,-124.9,-0.77,0.12,1.11,0.16,-0.94,-0.23,-148.6,325.3,-530.0,-0.52,-8.08,0.49,0.0,0.9808669634563089,1.356244815658294,0.006407333514482416,0.5,0,9,0.0
17.198218131999965,1515,5688.37,-94.9,-6.1,-124.9,-1.2,0.34,0.88,0.11,-0.99,-0.24,-145.8,261.9,-610.0,-0.58,-6.3,0.32,0.0,1.0245974819410792,1.5264337522473748,0.04913509495926771,0.5,0,9,0.0
17.20987670700015,1516,5688.38,-95.0,-6.2,-124.8,-1.44,0.35,0.51,0.06,-1.01,-0.23,-143.6,191.8,-691.0,-0.63,-4.28,0.31,0.0,1.0375933692926145,1.567226850203888,0.06088836266458686,0.5,0,9,0.0
17.218431584999962,1517,5688.39,-95.2,-6.2,-124.8,-1.2,0.32,0.36,0.02,-1.0,-0.26,-142.3,115.2,-749.0,-0.66,-2.17,0.47,0.0,1.0334408546211051,1.2930583900195691,0.055601131033215956,0.5,0,9,0.0
17.229761399999916,1518,5688.4,-95.3,-6.3,-124.8,-0.72,0.23,0.32,0.01,-0.96,-0.29,-141.6,38.0,-758.0,-0.67,-0.11,0.22,0.0,1.0028958071504737,0.820792300158816,0.02455496189133277,0.5,0,9,0.0
17.23841094799991,1519,5688.41,-95.3,-6.3,-124.7,-0.24,0.38,0.47,0.07,-0.94,-0.33,-141.7,-25.1,-605.0,-0.66,1.26,0.09,0.0,0.9986991538997116,0.6503076195155644,0.01995114246775931,0.5,0,9,0.0
17.24986973799969,1520,5688.42,-95.3,-6.4,-124.7,0.02,0.76,0.52,0.15,-0.98,-0.35,-142.3,-71.5,-509.0,-0.64,2.5,0.07,0.0,1.0513800454640558,0.9210863151735564,0.0711793933514614,0.5,0,9,0.0
17.258216270000048,1521,5688.43,-95.4,-6.4,-124.6,-0.68,1.31,0.33,0.1,-1.11,-0.35,-143.3,-116.0,-456.0,-0.61,3.66,0.31,0.0,1.1681609478149833,1.5124152868838638,0.18420108978834104,0.5,0,9,0.0
17.270108376999815,1522,5688.44,-95.5,-6.4,-124.4,-1.71,1.66,-0.31,0.01,-1.28,-0.29,-144.8,-157.6,-430.0,-0.56,4.79,0.11,0.0,1.3124785712536415,2.4032894124511928,0.32194833896245934,0.5,0,9,0.0
17.278299431999585,1523,5688.45,-95.7,-6.3,-124.2,-2.15,1.74,-1.19,-0.02,-1.4,-0.21,-146.6,-199.7,-413.0,-0.51,5.89,0.18,0.0,1.4158036587041296,3.011013118536683,0.41676795788468846,0.5,0,9,0.0
17.289857107999524,1524,5688.46,-96.0,-6.1,-124.1,-2.02,1.41,-1.99,-0.1,-1.42,-0.15,-148.9,-235.4,-355.0,-0.44,6.76,0.18,0.0,1.431397918120604,3.1667964885669555,0.4237149729551397,0.5,0,9,0.0
17.298334437999983,1525,5688.47,-96.2,-5.8,-124.0,-1.81,0.88,-2.54,-0.15,-1.4,-0.16,-151.4,-263.3,-285.0,-0.37,7.43,0.01,0.0,1.4170744511139843,3.2406943700386184,0.40120367582954963,0.5,0,9,0.0
17.309749987999567,1526,5688.48,-96.4,-5.5,-124.0,-1.6,0.46,-3.1,-0.15,-1.38,-0.14,-154.2,-279.9,-174.0,-0.29,7.71,0.18,0.0,1.3951702405083044,3.5187497779751267,0.3717134759193923,0.5,0,9,0.0
17.318396017999476,1527,5688.49,-96.5,-5.2,-124.0,-1.69,-0.06,-3.59,-0.17,-1.32,-0.07,-157.1,-286.4,-84.0,-0.21,7.81,0.12,0.0,1.3327415353323389,3.9683497829702463,0.3030990753285583,0.5,0,9,0.0
17.3297775129995,1528,5688.5,-96.6,-4.9,-124.1,-1.83,-0.7,-3.79,-0.12,-1.27,-0.03,-159.9,-286.6,-16.0,-0.14,7.75,-0.07,0.0,1.2760094043540589,4.266497392475472,0.2414396054632728,0.5,0,9,0.0
17.33829199399952,1529,5688.51,-96.7,-4.5,-124.2,-1.66,-1.04,-4.05,-0.04,-1.36,0.0,-162.7,-278.4,80.0,-0.06,7.36,-0.05,0.0,1.360588108135596,4.498855409990412,0.31949794305991364,0.5,0,9,0.0
17.349738937999973,1530,5688.52,-96.9,-4.1,-124.4,-1.76,-1.29,-4.33,-0.02,-1.38,0.05,-165.4,-257.4,186.0,0.0,6.69,-0.01,0.0,1.3810503249338888,4.848773040677404,0.3331609566610423,0.5,0,9,0.0
17.358360512999752,1531,5688.53,-97.1,-3.7,-124.6,-2.08,-1.37,-4.3,0.0,-1.39,0.07,-167.8,-232.4,221.0,0.06,6.03,-0.1,0.0,1.3917614738165442,4.969235353653517,0.3369946634328238,0.5,0,9,0.0
17.36987987500015,1532,5688.54,-97.3,-3.3,-124.8,-1.32,-1.48,-3.75,0.06,-1.29,0.05,-170.0,-209.7,220.0,0.12,5.45,0.0,0.0,1.2923621783385648,4.242086750645253,0.23284346059574745,0.5,0,9,0.0
17.378376291999302,1533,5688.55,-97.3,-3.0,-124.9,-0.21,-0.94,-2.64,0.25,-1.13,-0.04,-171.9,-187.0,229.0,0.17,4.79,0.05,0.0,1.158015543937127,2.810213515019811,0.09652688967042344,0.5,0,9,0.0
17.389948355999877,1534,5688.56,-97.3,-2.8,-125.0,0.33,-0.04,-1.47,0.38,-1.04,-0.1,-173.6,-163.9,224.0,0.21,4.19,-0.08,0.0,1.1117553687749837,1.5071164520368026,0.04926138021811455,0.5,0,9,0.0
17.398302089000026,1535,5688.57,-97.2,-2.7,-125.0,0.71,1.11,-0.77,0.42,-0.96,-0.14,-175.1,-144.1,198.0,0.25,3.7,-0.08,0.0,1.0571660229122009,1.5261389189716643,0.005221406331775036,0.5,0,9,0.0
17.41037796799992,1536,5688.58,-97.2,-2.6,-124.8,0.88,2.47,-0.29,0.38,-0.92,-0.11,-176.4,-126.1,185.0,0.28,3.21,-0.23,0.0,1.0014489502715553,2.6380674744971935,0.05971970939297222,0.5,0,9,0.0
17.41827859499972,1537,5688.59,-97.1,-2.5,-124.5,0.89,3.87,0.05,0.32,-0.92,-0.05,-177.6,-108.4,181.0,0.31,2.72,-0.05,0.0,0.9753460924205315,3.971334788204087,0.0841061158991161,0.5,0,9,0.0
17.43004363,1538,5688.6,-97.0,-2.5,-124.0,1.08,4.85,0.13,0.27,-0.99,0.04,-178.5,-89.0,195.0,0.33,2.16,-0.16,0.0,1.0269371937952194,4.970492933301484,0.03186471423393966,0.5,0,9,0.0
17.438352954000038,1539,5688.61,-96.9,-2.4,-123.5,1.46,5.53,-0.14,0.2,-1.05,0.08,-179.3,-69.9,184.0,0.35,1.69,-0.07,0.0,1.0718675291284834,5.721197427112615,0.012804308677337728,0.5,0,9,0.0
17.45000355799948,1540,5688.62,-96.8,-2.3,-122.9,1.92,5.76,-0.54,0.08,-1.02,0.12,-179.8,-52.0,182.0,0.37,1.19,-0.25,0.0,1.030145620774073,6.095539352674216,0.028339247683531354,0.5,0,9,0.0
17.458389774999887,1541,5688.63,-96.6,-2.2,-122.4,2.47,5.55,-0.9,-0.02,-0.94,0.15,-180.2,-33.3,184.0,0.37,0.69,0.01,0.0,0.952102935611481,6.141123675680209,0.10425429418920085,0.5,0,9,0.0
17.470122474999698,1542,5688.64,-96.3,-2.0,-121.9,2.68,5.11,-1.04,-0.09,-0.87,0.14,-180.5,-16.6,163.0,0.38,0.27,-0.01,0.0,0.8857764955111419,5.863113507344029,0.16716911960374914,0.5,0,9,0.0
17.478308875999574,1543,5688.65,-96.1,-1.9,-121.4,2.19,4.56,-0.94,-0.12,-0.81,0.12,-180.5,-3.5,128.0,0.38,-0.01,0.05,0.0,0.8275868534480233,5.145221083685326,0.2208515864335303,0.5,0,9,0.0
17.490162518000034,1544,5688.66,-95.9,-1.7,-121.0,1.36,4.07,-0.72,-0.14,-0.8,0.09,-180.5,1.5,40.0,0.38,0.02,0.06,0.0,0.817129120763665,4.351195238092632,0.22668313273553087,0.5,0,9,0.0
17.49841055500019,1545,5688.67,-95.8,-1.6,-120.6,0.93,3.66,-0.38,-0.13,-0.8,0.07,-180.5,-4.5,-26.0,0.38,0.19,0.14,0.0,0.8135109095765097,3.79537876897682,0.2256953170442323,0.5,0,9,0.0
17.50972965999972,1546,5688.68,-95.8,-1.6,-120.3,0.79,3.33,-0.04,-0.09,-0.81,0.04,-180.6,-13.5,-96.0,0.38,0.57,0.03,0.0,0.8159656855530141,3.4226597844366595,0.21877573024637342,0.5,0,9,0.0
17.51822328599974,1547,5688.69,-95.7,-1.6,-120.0,0.6,2.99,0.25,-0.06,-0.83,0.0,-180.9,-31.9,-153.0,0.39,1.07,0.12,0.0,0.8321658488546619,3.0598365969443533,0.19852405560583097,0.5,0,9,0.0
17.52985735799939,1548,5688.7,-95.6,-1.6,-119.7,0.14,2.85,0.55,-0.04,-0.87,-0.03,-181.3,-49.6,-180.0,0.41,1.6,0.02,0.0,0.8714355971613738,2.905959394072808,0.15606922115313682,0.5,0,9,0.0
17.538156322999384,1549,5688.71,-95.6,-1.7,-119.4,-0.06,2.87,0.78,-0.03,-0.93,-0.05,-182.0,-71.7,-210.0,0.43,2.22,0.02,0.0,0.9318261640456336,2.9747100699059734,0.09376508118349935,0.5,0,9,0.0
17.549763472999985,1550,5688.72,-95.6,-1.7,-119.1,0.2,2.91,0.9,-0.03,-0.97,-0.05,-182.9,-93.4,-207.0,0.45,2.78,0.07,0.0,0.9717509969122748,3.052556305787004,0.052763443350520856,0.5,0,9,0.0
17.558150978999947,1551,5688.73,-95.5,-1.8,-118.8,0.71,2.92,0.93,-0.03,-0.96,-0.05,-183.9,-113.4,-197.0,0.49,3.3,0.25,0.0,0.9617692030835672,3.1456954715928873,0.061490332435643946,0.5,0,9,0.0
17.569761836999533,1552,5688.74,-95.4,-1.8,-118.5,1.03,2.91,0.91,-0.02,-0.94,-0.05,-185.2,-130.7,-170.0,0.52,3.71,0.0,0.0,0.9415412895885129,3.218244863275634,0.0800838810120843,0.5,0,9,0.0
17.578108437000083,1553,5688.75,-95.3,-1.9,-118.2,1.24,2.85,0.84,-0.02,-0.92,-0.04,-186.6,-144.9,-147.0,0.56,4.09,0.01,0.0,0.9210863151735564,3.2195807180438885,0.09852807831849986,0.5,0,9,0.0
17.590002422999532,1554,5688.76,-95.2,-1.9,-117.9,1.27,2.78,0.65,-0.03,-0.91,-0.06,-188.1,-156.2,-106.0,0.61,4.31,0.0,0.0,0.9124691775616315,3.124707986356485,0.10500231161181628,0.5,0,9,0.0
17.59828484099944,1555,5688.77,-95.0,-2.0,-117.6,0.93,2.66,0.71,-0.03,-0.86,-0.07,-189.7,-161.5,-67.0,0.65,4.45,-0.01,0.0,0.8633655077659751,2.905959394072808,0.15102386177932325,0.5,0,9,0.0
17.60965054999997,1556,5688.78,-95.0,-2.1,-117.4,0.54,2.57,0.8,-0.04,-0.85,-0.06,-191.4,-163.4,-25.0,0.69,4.44,-0.12,0.0,0.8530533394811839,2.745268657162719,0.15810930946283208,0.5,0,9,0.0
17.61841635499968,1557,5688.79,-95.0,-2.1,-117.1,0.18,2.43,0.97,-0.04,-0.86,-0.07,-193.0,-161.9,11.0,0.74,4.35,-0.06,0.0,0.8637708029332781,2.622632265492057,0.14444400909052313,0.5,0,9,0.0
17.630308385999342,1558,5688.8,-95.0,-2.2,-116.9,0.08,2.31,1.03,-0.04,-0.9,-0.08,-194.6,-157.3,35.0,0.78,4.23,-0.01,0.0,0.904433524367601,2.5304940229133126,0.10170566190307617,0.5,0,9,0.0
17.638271953000185,1559,5688.81,-95.0,-2.3,-116.6,0.15,2.22,1.03,-0.03,-0.93,-0.1,-196.1,-152.0,61.0,0.82,4.01,-0.13,0.0,0.9358418669839473,2.451897224599759,0.06889137290099534,0.5,0,9,0.0
17.650072981999983,1560,5688.82,-95.0,-2.4,-116.4,0.37,2.17,1.0,-0.04,-0.93,-0.11,-197.6,-142.1,95.0,0.86,3.7,0.03,0.0,0.9373366524360393,2.4178089254529604,0.06604865569992546,0.5,0,9,0.0
17.658373711999957,1561,5688.83,-94.9,-2.5,-116.2,0.52,2.08,1.09,-0.06,-0.91,-0.12,-198.9,-127.8,127.0,0.89,3.31,-0.02,0.0,0.9198369420718001,2.405181905802553,0.08187739874288125,0.5,0,9,0.0
17.669923157000085,1562,5688.84,-94.9,-2.6,-115.9,0.64,2.08,1.09,-0.05,-0.95,-0.16,-200.1,-113.4,136.0,0.92,2.91,-0.09,0.0,0.9646761114488115,2.4339474110999197,0.036297464778552446,0.5,0,9,0.0
17.678355025999736,1563,5688.85,-94.9,-2.7,-115.7,0.87,2.09,1.01,-0.07,-0.95,-0.18,-201.1,-99.7,134.0,0.95,2.55,0.05,0.0,0.969432823871773,2.478931221312927,0.03090993730847924,0.5,0,9,0.0
17.689907475999462,1564,5688.86,-94.9,-2.8,-115.5,0.97,1.99,0.99,-0.08,-0.95,-0.18,-202.0,-87.2,127.0,0.97,2.21,-0.14,0.0,0.9702061636580134,2.4250979361667024,0.02953386557179405,0.5,0,9,0.0
17.69826338599978,1565,5688.87,-94.8,-2.9,-115.3,1.48,1.93,0.77,-0.09,-0.97,-0.19,-202.8,-76.7,96.0,0.99,2.0,0.0,0.0,0.9925220400575495,2.551117402237694,0.00707362938881273,0.5,0,9,0.0
17.710037308999745,1566,5688.88,-94.7,-2.9,-115.1,2.27,1.78,0.36,-0.12,-0.95,-0.19,-203.5,-68.1,98.0,1.01,1.72,0.07,0.0,0.9762171889492625,2.907043171334062,0.022910910887157798,0.5,0,9,0.0
17.718179474999488,1567,5688.89,-94.4,-2.9,-114.9,3.02,1.51,-0.15,-0.14,-0.91,-0.19,-204.2,-59.5,80.0,1.03,1.55,-0.09,0.0,0.9401063769595439,3.379792893063124,0.05784128841933878,0.5,0,9,0.0
17.729896126999847,1568,5688.9,-94.1,-2.9,-114.8,3.34,1.28,-0.51,-0.19,-0.82,-0.14,-204.7,-55.2,49.0,1.04,1.46,-0.14,0.0,0.8532877591996735,3.613045806518373,0.14176670805562508,0.5,0,9,0.0
17.738239045999762,1569,5688.91,-93.8,-2.8,-114.7,2.76,0.75,-0.65,-0.22,-0.74,-0.09,-205.3,-53.2,17.0,1.06,1.46,-0.13,0.0,0.7772387020729217,2.933018922543801,0.21345944987872933,0.5,0,9,0.0
17.75016728599985,1570,5688.92,-93.6,-2.7,-114.7,1.26,0.27,-0.64,-0.19,-0.73,-0.09,-205.8,-55.7,-16.0,1.07,1.55,0.08,0.0,0.759670981412348,1.4387842089764538,0.2264066271285169,0.5,0,9,0.0
17.75824966900018,1571,5688.93,-93.5,-2.7,-114.7,-0.12,-0.19,-0.68,-0.15,-0.74,-0.11,-206.4,-60.6,-45.0,1.09,1.73,0.09,0.0,0.7630203142774116,0.7161703707917552,0.2185961483781843,0.5,0,9,0.0
17.76983932499934,1572,5688.94,-93.6,-2.6,-114.7,-1.02,-0.48,-0.65,-0.12,-0.77,-0.13,-207.1,-69.8,-89.0,1.11,2.05,0.06,0.0,0.7900632886041472,1.3012686117785213,0.18772211057041965,0.5,0,9,0.0
17.778373918999932,1573,5688.95,-93.7,-2.5,-114.8,-1.36,-0.64,-0.6,-0.12,-0.81,-0.15,-207.8,-83.6,-127.0,1.13,2.46,0.01,0.0,0.8324662155306966,1.6183942659315127,0.14241279997099288,0.5,0,9,0.0
17.7898739329994,1574,5688.96,-93.9,-2.5,-114.8,-1.61,-0.77,-0.5,-0.1,-0.84,-0.16,-208.8,-100.8,-161.0,1.16,2.96,0.22,0.0,0.8609297300012353,1.853375299285064,0.11167029979044507,0.5,0,9,0.0
17.798219216999314,1575,5688.97,-94.0,-2.5,-114.9,-1.73,-0.78,-0.41,-0.1,-0.87,-0.19,-209.9,-118.2,-167.0,1.19,3.42,0.16,0.0,0.8961026726887941,1.9414942698859556,0.07496740996082862,0.5,0,9,0.0
17.809674608999558,1576,5688.98,-94.2,-2.4,-115.0,-1.63,-0.72,-0.35,-0.08,-0.91,-0.19,-211.2,-137.0,-179.0,1.23,3.93,-0.04,0.0,0.9330594836343501,1.8159845814323425,0.03725038703496719,0.5,0,9,0.0
17.818321122999805,1577,5688.99,-94.3,-2.4,-115.1,-1.28,-0.71,-0.33,-0.08,-0.93,-0.17,-212.7,-154.9,-173.0,1.27,4.4,0.23,0.0,0.9487887014504337,1.5004665940966497,0.021090745834505875,0.5,0,9,0.0
17.829940552999687,1578,5689.0,-94.5,-2.4,-115.2,-1.23,-0.97,-0.15,-0.05,-0.93,-0.16,-213.9,-165.9,-203.0,1.32,4.82,0.07,0.0,0.944986772394196,1.573626385137209,0.0243948213929287,0.5,0,9,0.0
17.83836920399972,1579,5689.01,-94.7,-2.4,-115.3,-1.3,-1.13,0.12,-0.01,-0.96,-0.19,-216.2,-184.4,-152.0,1.37,5.12,0.21,0.0,0.9786725703727472,1.726644143997251,0.009105157053910018,0.5,0,9,0.0
17.849804341999516,1580,5689.02,-94.9,-2.4,-115.4,-1.41,-1.27,0.26,-0.01,-1.07,-0.16,-218.1,-193.5,-107.0,1.43,5.35,-0.07,0.0,1.081942697188719,1.9153589741873454,0.1101277781924841,0.5,0,9,0.0
17.858261927999592,1581,5689.03,-95.0,-2.4,-115.5,-1.56,-1.58,0.4,0.02,-1.13,-0.07,-220.1,-200.0,-68.0,1.48,5.47,-0.02,0.0,1.1323427043081964,2.2561028345356955,0.15731722960572236,0.5,0,9,0.0
17.869887193000068,1582,5689.04,-95.1,-2.5,-115.7,-1.86,-1.9,0.84,0.05,-1.17,-0.07,-222.1,-203.0,-38.0,1.54,5.54,0.0,0.0,1.1731581308587515,2.788404561752114,0.1941700030331519,0.5,0,9,0.0
17.878433177999796,1583,5689.05,-95.3,-2.6,-115.9,-2.27,-1.62,1.75,0.16,-1.24,-0.17,-224.2,-206.7,-48.0,1.59,5.69,0.07,0.0,1.2617844506887854,3.292385153653807,0.27714039640592203,0.5,0,9,0.0
17.88970268199955,1584,5689.06,-95.6,-2.8,-116.0,-2.17,-0.78,2.63,0.26,-1.38,-0.15,-226.3,-213.1,-57.0,1.65,5.85,0.0,0.0,1.412267680009707,3.4977421288597017,0.4190711532123067,0.5,0,9,0.0
17.898441893999916,1585,5689.07,-95.7,-3.1,-116.0,-1.28,-0.21,3.25,0.27,-1.52,-0.04,-228.5,-220.2,-76.0,1.71,6.11,-0.1,0.0,1.544312144613258,3.4992856413845383,0.5400933054595405,0.5,1,10,3.0
17.909787569999935,1586,5689.08,-95.8,-3.5,-115.9,-0.47,0.13,3.8,0.26,-1.51,-0.02,-230.7,-231.7,-115.0,1.77,6.48,0.12,0.0,1.5323511346946561,3.831161703713379,0.5175696496301199,0.5,0,10,3.0
17.918224740999904,1587,5689.09,-95.9,-3.9,-115.9,-0.09,0.83,4.14,0.29,-1.54,0.0,-233.0,-217.1,430.0,1.83,4.36,3.01,3.49,1.56706732465456,4.223339910544733,0.5412401227982231,0.5,0,10,3.0
17.92998043999978,1588,5689.1,-95.8,-4.3,-115.7,1.36,1.13,3.78,0.17,-1.5,0.08,-234.3,-79.5,1044.0,1.85,0.64,3.09,3.49,1.5117208737065186,4.1731163415366215,0.47617579841317825,0.5,0,10,3.0
17.9383182319998,1589,5689.11,-95.6,-4.6,-115.6,2.04,0.96,2.99,-0.01,-1.34,0.16,-234.3,18.2,778.0,1.84,-0.95,3.65,3.49,1.349555482371881,3.744769685841841,0.30773019893696985,0.5,0,10,3.0
17.94974132599964,1590,5689.12,-95.4,-4.8,-115.5,2.02,0.23,2.16,-0.19,-1.17,0.23,-234.0,30.6,226.0,1.83,-0.67,3.48,3.49,1.2074352984735868,2.9662939840818203,0.16229781473790217,0.5,0,10,3.0
17.95836781700018,1591,5689.13,-95.3,-5.0,-115.5,1.31,-0.77,1.53,-0.36,-1.11,0.29,-233.8,16.4,-14.0,1.83,-0.28,3.51,3.49,1.2024142381059866,2.1563626782153325,0.15413121928289586,0.5,0,10,3.0
17.969901213999947,1592,5689.14,-95.2,-5.2,-115.6,0.67,-1.97,1.11,-0.44,-1.13,0.32,-233.7,5.6,-69.0,1.83,-0.03,3.45,3.49,1.254153100701824,2.3583680798382596,0.20175268024115867,0.5,0,10,3.0
17.978328733000126,1593,5689.15,-95.1,-5.3,-115.9,0.76,-3.3,1.05,-0.45,-1.17,0.39,-233.7,0.0,-35.0,1.83,0.0,3.46,3.49,1.3128213892224638,3.5454336829223023,0.25521254938656246,0.5,0,10,3.0
17.989881603999493,1594,5689.16,-94.9,-5.4,-116.3,1.63,-4.71,1.28,-0.36,-1.15,0.39,-233.7,0.0,-12.0,1.83,0.0,3.46,3.49,1.2665701717630964,5.145813832621619,0.20478210528865115,0.5,0,10,3.0
17.998307821999333,1595,5689.17,-94.6,-5.6,-116.8,2.6,-5.72,1.59,-0.2,-1.12,0.29,-233.7,0.0,-1.0,1.83,-0.01,3.5,3.49,1.17409539646487,6.48124216489401,0.11006118339061621,0.5,0,10,3.0
18.00975346299947,1596,5689.18,-94.3,-5.9,-117.4,3.04,-6.2,1.76,-0.08,-1.07,0.21,-233.7,0.6,9.0,1.83,-0.05,3.41,3.49,1.0933434958877288,7.125952567902765,0.028723097157205668,0.5,0,10,3.0
18.018279318999703,1597,5689.19,-93.9,-6.1,-118.0,2.55,-6.27,1.7,-0.06,-1.09,0.19,-233.7,6.3,71.0,1.82,-0.35,3.39,3.49,1.108061370141564,6.978925418715978,0.04257215198281994,0.5,0,10,3.0
18.029764203999548,1598,5689.2,-93.6,-6.3,-118.6,2.04,-6.21,1.29,-0.04,-1.12,0.15,-233.5,22.9,147.0,1.82,-0.85,3.46,3.49,1.1307077429645558,6.662567072833113,0.06391415430969549,0.5,0,10,3.0
18.03814478699951,1599,5689.21,-93.4,-6.4,-119.2,1.98,-5.88,0.73,0.01,-1.11,0.09,-233.1,42.8,189.0,1.8,-1.44,3.17,3.49,1.113687568396092,6.24721537967117,0.04595610014640705,0.5,0,10,3.0
18.04997187399931,1600,5689.22,-93.1,-6.5,-119.8,1.74,-5.38,0.13,0.04,-1.06,0.06,-232.5,68.4,281.0,1.78,-2.37,3.29,3.49,1.0624499988234741,5.655873053738034,0.005175840037686674,0.5,0,10,3.0
18.058299188999626,1601,5689.23,-92.9,-6.5,-120.3,1.19,-4.85,-0.47,0.07,-0.99,0.02,-231.5,114.1,392.0,1.75,-3.61,3.27,3.49,0.9926731586982696,5.015924640582233,0.0734536265596335,0.5,0,10,3.0
18.069772002999343,1602,5689.24,-92.8,-6.4,-120.8,0.52,-4.37,-0.9,0.1,-0.91,0.02,-230.3,151.6,396.0,1.71,-4.71,3.48,3.49,0.9156964562561111,4.491914959123781,0.1474217224217561,0.5,0,10,3.0
18.07823991999976,1603,5689.25,-92.7,-6.3,-121.2,0.05,-4.07,-1.29,0.1,-0.89,0.07,-228.3,198.5,417.0,1.65,-5.88,3.28,3.49,0.8983317872590283,4.269836062426753,0.16149066359046216,0.5,0,10,3.0
18.090078643000197,1604,5689.26,-92.7,-6.2,-121.6,-0.11,-3.95,-1.48,0.08,-0.86,0.08,-226.0,239.3,413.0,1.58,-7.01,2.96,3.49,0.8674099376880575,4.219597137168429,0.18856426289820427,0.5,0,10,0.0
18.098122555999907,1605,5689.27,-92.6,-6.1,-122.0,-0.06,-3.8,-1.5,0.06,-0.83,0.05,-223.3,278.9,389.0,1.51,-8.01,3.13,3.49,0.8336666000266533,4.085780219248216,0.21786144854841627,0.5,0,10,0.0
18.109906529999535,1606,5689.28,-92.6,-6.0,-122.4,0.14,-3.62,-1.42,0.04,-0.82,0.04,-220.3,300.6,9.0,1.43,-7.33,0.55,0.0,0.8219489035213807,3.8910666917954515,0.22498756215261495,0.5,0,10,0.0
18.118288425000173,1607,5689.29,-92.5,-5.8,-122.7,0.02,-3.49,-1.4,0.0,-0.85,0.02,-217.9,204.3,-714.0,1.38,-4.31,0.12,0.0,0.850235261559999,3.7603856185237174,0.1927671800317169,0.5,0,10,0.0
18.129980138000064,1608,5689.3,-92.5,-5.7,-123.1,-0.31,-3.54,-1.62,-0.07,-0.86,0.06,-216.5,119.0,-694.0,1.35,-2.52,0.2,0.0,0.8649277426467485,3.905393706145387,0.17451320496606804,0.5,0,10,0.0
18.138296613999955,1609,5689.31,-92.5,-5.5,-123.5,-0.56,-3.77,-1.82,-0.07,-0.81,0.04,-215.7,70.6,-493.0,1.33,-1.52,0.03,0.0,0.814002456998749,4.223612198107208,0.2209297208017862,0.5,0,10,0.0
18.149787254999865,1610,5689.32,-92.4,-5.4,-123.9,-0.58,-3.99,-1.84,-0.03,-0.78,0.03,-215.2,46.5,-272.0,1.32,-1.13,0.07,0.0,0.7811529939774923,4.431940884082278,0.248703600146582,0.5,0,10,0.0
18.15789068899994,1611,5689.33,-92.4,-5.2,-124.3,-0.52,-4.19,-1.79,0.01,-0.76,0.0,-214.7,39.8,-99.0,1.3,-1.14,-0.2,0.0,0.7600657866263946,4.585913213308774,0.26439499134772604,0.5,0,10,0.0
18.16955678799968,1612,5689.34,-92.5,-5.0,-124.7,-0.58,-4.19,-1.55,0.06,-0.76,-0.03,-214.3,46.5,25.0,1.29,-1.4,-0.03,0.0,0.762954782408499,4.504997225304362,0.2562758756543091,0.5,0,10,0.0
18.177966836999985,1613,5689.35,-92.5,-4.9,-125.2,-0.56,-4.03,-1.33,0.1,-0.79,-0.06,-213.8,60.3,115.0,1.27,-1.84,1.33,0.0,0.7985612061701972,4.280584072296677,0.21625606285475873,0.5,0,10,0.0
18.19006293199982,1614,5689.36,-92.5,-4.8,-125.6,-0.49,-3.8,-1.07,0.14,-0.81,-0.08,-213.0,76.8,155.0,1.25,-2.33,-0.12,0.0,0.8258934555982388,3.978064856183217,0.1851453371581827,0.5,0,10,0.0
18.198248103999504,1615,5689.37,-92.5,-4.7,-125.9,-0.38,-3.5,-0.8,0.18,-0.83,-0.1,-212.1,98.7,208.0,1.23,-2.97,-0.18,0.0,0.8551608035919326,3.6103185455025986,0.15276042938119916,0.5,0,10,0.0
18.20982552299938,1616,5689.38,-92.5,-4.7,-126.3,-0.28,-3.08,-0.6,0.21,-0.86,-0.12,-211.0,123.6,235.0,1.19,-3.66,-0.15,0.0,0.8933644273195569,3.1503650582115084,0.11226566954050332,0.5,0,10,0.0
18.217996415000016,1617,5689.39,-92.5,-4.6,-126.6,-0.01,-2.64,-0.43,0.23,-0.85,-0.13,-209.6,148.1,245.0,1.15,-4.35,-0.21,0.0,0.8901123524589466,2.6748084043534783,0.11320738951309128,0.5,0,10,0.0
18.22958669199943,1618,5689.4,-92.5,-4.6,-126.8,0.06,-2.15,-0.22,0.23,-0.85,-0.16,-207.9,174.3,254.0,1.1,-5.04,-0.1,0.0,0.8949860334105778,2.162059203629725,0.1061670343902309,0.5,0,10,0.0
18.23820371599959,1619,5689.41,-92.5,-4.6,-127.0,0.06,-1.66,-0.07,0.21,-0.85,-0.18,-206.0,197.3,234.0,1.05,-5.64,-0.15,0.0,0.8938679992034617,1.662558269655533,0.10513936722540007,0.5,0,10,0.0
18.249911353999778,1620,5689.42,-92.4,-4.6,-127.1,-0.07,-1.24,0.16,0.19,-0.84,-0.17,-203.9,218.8,226.0,0.99,-6.24,0.17,0.0,0.8778382538941898,1.2522379965485795,0.1187457302839785,0.5,0,10,0.0
18.262116539999624,1621,5689.43,-92.5,-4.7,-127.2,-0.25,-0.96,0.31,0.16,-0.88,-0.18,-201.5,243.5,250.0,0.92,-6.96,-0.28,0.0,0.9123595782365634,1.0393267051317405,0.0825399178227727,0.5,0,10,0.0
18.274131690000104,1622,5689.44,-92.5,-4.7,-127.3,-0.25,-0.74,0.32,0.13,-0.92,-0.18,-198.9,271.5,261.0,0.84,-7.69,0.0,0.0,0.9464142856064675,0.8440971508067067,0.04751550624381129,0.5,0,10,0.0
18.28224513999976,1623,5689.45,-92.5,-4.7,-127.4,-0.17,-0.58,0.39,0.1,-0.92,-0.18,-196.0,296.2,244.0,0.76,-8.33,-0.16,0.0,0.942761899951414,0.7193052203341778,0.05014453406088748,0.5,0,10,0.0
18.290198403999966,1624,5689.46,-92.5,-4.8,-127.4,-0.13,-0.49,0.5,0.08,-0.93,-0.18,-192.9,318.6,232.0,0.67,-8.94,-0.08,0.0,0.9506313691436865,0.7120393247567159,0.04142956357124272,0.5,0,10,0.0
18.29840960399997,1625,5689.47,-92.5,-4.8,-127.5,-0.1,-0.38,0.58,0.06,-0.93,-0.2,-189.5,342.3,237.0,0.58,-9.59,-0.17,0.0,0.9531526635329727,0.7005711955254798,0.03813010379831738,0.5,0,10,0.0
18.30965083599949,1626,5689.48,-92.5,-4.9,-127.5,0.0,-0.26,0.7,0.04,-0.91,-0.2,-185.9,365.1,235.0,0.48,-10.23,0.12,0.0,0.932577074562741,0.7467261881037788,0.05753157891317806,0.5,0,10,0.0
18.31820882699958,1627,5689.49,-92.5,-5.0,-127.5,0.15,-0.13,0.88,0.04,-0.88,-0.2,-182.1,394.5,283.0,0.37,-11.08,-0.06,0.0,0.9033271832508972,0.9021086409075129,0.08504584082052136,0.5,0,10,0.0
18.329690307999954,1628,5689.5,-92.5,-5.1,-127.5,0.17,0.06,1.14,0.04,-0.87,-0.21,-178.0,417.3,209.0,0.26,-11.52,0.02,0.0,0.8958794561770016,1.1541663658242687,0.0906436965365286,0.5,0,10,0.0
18.338350097999864,1629,5689.51,-92.5,-5.2,-127.5,0.12,0.28,1.37,0.07,-0.87,-0.21,-173.7,436.0,220.0,0.14,-12.15,0.01,0.0,0.8977193325310534,1.4034600101178516,0.08702774377882727,0.5,0,10,0.0
18.349763704999532,1630,5689.52,-92.5,-5.4,-127.4,0.17,0.48,1.6,0.11,-0.86,-0.19,-169.2,453.6,148.0,0.01,-12.42,0.02,0.0,0.8875809822207774,1.6790771274721124,0.09522277220732123,0.5,0,10,0.0
18.358285968999553,1631,5689.53,-92.5,-5.5,-127.4,0.1,0.72,1.75,0.14,-0.88,-0.19,-164.6,465.5,169.0,-0.1,-12.93,0.01,0.0,0.9110982383914481,1.8949670181826384,0.0702714057159175,0.5,0,10,0.0
18.369891118999476,1632,5689.54,-92.5,-5.7,-127.3,-0.08,0.97,1.82,0.18,-0.86,-0.19,-159.8,481.7,103.0,-0.23,-13.08,-0.09,0.0,0.898943824718764,2.063904067538024,0.08077730300082953,0.5,0,10,0.0
18.37832496899955,1633,5689.55,-92.5,-5.9,-127.2,-0.46,1.16,1.75,0.21,-0.87,-0.19,-155.0,477.5,-15.0,-0.36,-12.85,0.0,0.0,0.9149316914393119,2.1493487385717565,0.06349364755467601,0.5,0,10,0.0
18.38995436499954,1634,5689.56,-92.6,-6.0,-127.0,-0.9,1.35,1.6,0.23,-0.84,-0.19,-150.3,457.1,-215.0,-0.49,-11.93,0.23,0.0,0.891403387922662,2.2787057730211684,0.08528151204989931,0.5,0,10,0.0
18.39826274400002,1635,5689.57,-92.7,-6.2,-126.9,-1.33,1.56,1.48,0.22,-0.84,-0.22,-146.1,410.7,-423.0,-0.6,-10.45,0.24,0.0,0.8957678270623476,2.52841847802139,0.0792987314520095,0.5,0,10,0.0
18.40976201400008,1636,5689.58,-92.9,-6.3,-126.7,-1.76,1.82,1.32,0.17,-0.87,-0.25,-142.4,340.5,-676.0,-0.69,-8.18,0.41,0.0,0.9210320298447824,2.855240795449659,0.05295383809618326,0.5,0,10,0.0
18.418401115999586,1637,5689.59,-93.1,-6.4,-126.5,-2.24,2.08,1.07,0.09,-0.93,-0.26,-139.6,249.6,-848.0,-0.75,-5.62,0.41,0.0,0.9698453484963466,3.238657129120031,0.004057709055726666,0.5,0,10,0.0
18.42973385299956,1638,5689.6,-93.4,-6.5,-126.3,-2.53,2.15,0.82,0.02,-0.96,-0.26,-137.8,154.1,-925.0,-0.79,-2.99,0.21,0.0,0.994786409235671,3.419912279576773,0.02046568464992571,0.5,0,10,0.0
18.438292797999566,1639,5689.61,-93.7,-6.6,-126.0,-2.36,2.06,0.73,-0.01,-0.97,-0.28,-137.0,52.5,-1002.0,-0.8,-0.13,0.2,0.0,1.0096534058774822,3.2165354031939395,0.03462602766590217,0.5,0,10,0.0
18.449714491999657,1640,5689.62,-93.9,-6.6,-125.8,-1.84,1.97,0.87,-0.01,-0.94,-0.32,-137.1,-31.0,-744.0,-0.79,1.4,0.19,0.0,0.9930256794262674,2.832560678961706,0.017638335190393595,0.5,0,10,0.0
18.45826655000019,1641,5689.63,-94.1,-6.7,-125.6,-1.19,2.06,1.25,0.05,-0.91,-0.37,-137.7,-73.6,-531.0,-0.77,2.54,0.13,0.0,0.9836157786453001,2.6874151149385166,0.00806386572123785,0.5,0,10,0.0
18.469827240000086,1642,5689.64,-94.2,-6.8,-125.4,-0.97,2.39,1.48,0.16,-0.96,-0.35,-138.7,-124.0,-551.0,-0.73,4.08,0.2,0.0,1.0342630226397924,2.9737854663711034,0.0575368875214155,0.5,0,10,0.0
18.478179327999896,1643,5689.65,-94.3,-7.0,-125.1,-1.4,2.99,1.46,0.17,-1.06,-0.35,-140.4,-181.4,-553.0,-0.68,5.58,0.09,0.0,1.1291589790636216,3.609944597912827,0.14938418706633982,0.5,0,10,0.0
18.489744831999815,1644,5689.66,-94.6,-7.1,-124.8,-2.77,3.54,0.79,0.01,-1.27,-0.27,-142.6,-234.7,-536.0,-0.61,7.02,0.0,0.0,1.2984221193433205,4.56383610573386,0.31227438079911796,0.5,0,10,0.0
18.498272269000154,1645,5689.67,-95.0,-7.1,-124.4,-3.43,3.74,-0.04,-0.03,-1.4,-0.16,-145.3,-284.9,-494.0,-0.53,8.29,0.18,0.0,1.4094325099131209,5.074849751470481,0.4148190759415399,0.5,0,10,0.0
18.50979483899937,1646,5689.68,-95.4,-6.9,-124.0,-3.43,3.56,-1.04,-0.1,-1.5,-0.09,-148.4,-323.4,-380.0,-0.44,9.13,0.2,0.0,1.5060212481900779,5.05174227371112,0.501179657934127,0.5,0,11,0.0
18.518236216999867,1647,5689.69,-95.7,-6.7,-123.7,-3.47,3.2,-1.96,-0.2,-1.5,-0.07,-151.8,-345.4,-230.0,-0.35,9.51,-0.15,0.0,1.514892735476674,5.111017511220246,0.49985012231630854,0.5,0,11,0.0
18.529829241999323,1648,5689.7,-96.1,-6.5,-123.4,-3.45,2.86,-2.67,-0.27,-1.47,-0.01,-155.3,-347.6,-48.0,-0.25,9.34,-0.4,0.0,1.4946236984605858,5.216416394422516,0.4699894635942161,0.5,0,11,0.0
18.538247787999353,1649,5689.71,-96.4,-6.2,-123.2,-3.0,2.16,-3.28,-0.26,-1.48,0.11,-158.7,-334.6,95.0,-0.16,8.85,-0.01,0.0,1.506685103132038,4.942064345999554,0.4724098509003549,0.5,0,11,0.0
18.550004570000056,1650,5689.72,-96.7,-5.8,-123.1,-2.69,1.52,-3.95,-0.23,-1.58,0.19,-161.9,-312.6,200.0,-0.08,8.14,-0.28,0.0,1.6079179083522892,5.0148778649135615,0.5621698029981939,0.5,0,11,0.0
18.558293093999964,1651,5689.73,-97.0,-5.3,-123.0,-2.95,0.77,-4.63,-0.24,-1.64,0.26,-164.8,-280.0,307.0,-0.01,7.14,-0.32,0.0,1.6777365705020557,5.543672068223372,0.6193486958450012,0.5,0,11,0.0
18.569802831999368,1652,5689.74,-97.3,-4.8,-123.1,-2.76,-0.18,-4.86,-0.24,-1.55,0.28,-167.3,-242.6,341.0,0.05,6.17,-0.16,0.0,1.593267083699403,5.591922746247484,0.5241816248615014,0.5,0,11,0.0
18.57832474999941,1653,5689.75,-97.5,-4.4,-123.2,-1.34,-0.74,-4.17,-0.09,-1.29,0.14,-169.5,-209.5,327.0,0.1,5.31,-0.14,0.0,1.300692123448128,4.442082844792519,0.2269745313180218,0.5,0,11,0.0
18.589808421999805,1654,5689.76,-97.5,-4.1,-123.3,-0.04,-0.58,-2.81,0.11,-1.07,0.02,-171.4,-179.1,305.0,0.15,4.51,-0.33,0.0,1.0758252646224664,2.869512153659573,0.0020655190425131753,0.5,0,11,0.0
18.598205981999854,1655,5689.77,-97.5,-3.9,-123.3,0.71,0.11,-1.68,0.3,-0.95,-0.08,-173.0,-150.9,287.0,0.19,3.76,-0.2,0.0,0.9994498486667552,1.8271836251455407,0.07282369897493413,0.5,0,11,0.0
18.609732212999916,1656,5689.78,-97.4,-3.7,-123.3,0.72,1.36,-0.83,0.38,-0.86,-0.13,-174.2,-128.2,252.0,0.23,3.16,-0.17,0.0,0.9491575211733825,1.7483992679019287,0.12065370593894076,0.5,0,11,0.0
18.61836933699942,1657,5689.79,-97.4,-3.6,-123.1,0.29,2.89,-0.32,0.42,-0.87,-0.12,-175.4,-105.2,214.0,0.25,2.63,0.06,0.0,0.9734988443752771,2.9220882943538853,0.09438613508230509,0.5,0,11,0.0
18.62962851700013,1658,5689.8,-97.4,-3.6,-122.7,0.02,4.34,-0.22,0.45,-1.0,-0.03,-176.4,-87.9,177.0,0.28,2.22,0.0,0.0,1.096995897895703,4.345618483024022,0.02852870006935837,0.5,0,11,0.0
18.638277297999593,1659,5689.81,-97.4,-3.5,-122.2,0.22,5.49,-0.58,0.38,-1.1,0.0,-177.2,-73.8,159.0,0.3,1.8,0.0,0.0,1.1637869220780925,5.524934388750694,0.0934133297667128,0.5,0,11,0.0
18.649764121999397,1660,5689.82,-97.4,-3.3,-121.7,0.74,5.88,-1.09,0.22,-1.09,0.08,-177.8,-56.0,175.0,0.31,1.28,-0.11,0.0,1.114854250563723,6.0257862557511945,0.043591045087296276,0.5,0,11,0.0
18.65830819599978,1661,5689.83,-97.3,-3.1,-121.1,1.52,5.73,-1.47,0.05,-1.04,0.11,-178.2,-37.9,176.0,0.32,0.81,-0.15,0.0,1.046995701996909,6.107716430876601,0.023782153409927398,0.5,0,11,0.0
18.669696769999973,1662,5689.84,-97.2,-2.9,-120.6,1.96,5.33,-1.66,-0.06,-0.99,0.12,-178.4,-18.4,186.0,0.32,0.28,-0.11,0.0,0.9990495483208027,5.916595304733965,0.07029374094431284,0.5,0,11,0.0
18.67831834699973,1663,5689.85,-97.0,-2.6,-120.1,1.76,4.73,-1.7,-0.16,-0.96,0.11,-178.5,-2.7,154.0,0.32,-0.07,-0.07,0.0,0.979438614717635,5.3254577268062135,0.08810658105653091,0.5,0,11,0.0
18.689825587000087,1664,5689.86,-96.8,-2.4,-119.7,1.52,4.06,-1.53,-0.22,-0.92,0.09,-178.5,3.2,55.0,0.32,-0.06,0.02,0.0,0.9502105029939418,4.5972709295842025,0.11498799892461964,0.5,0,11,0.0
18.69833216799998,1665,5689.87,-96.7,-2.3,-119.3,1.47,3.47,-1.08,-0.27,-0.88,0.1,-178.5,0.0,-5.0,0.32,0.04,0.03,0.0,0.9259049627256568,3.9202295851136064,0.1365076684090465,0.5,0,11,0.0
18.71013889400001,1666,5689.88,-96.6,-2.1,-119.0,1.52,2.79,-0.52,-0.27,-0.86,0.08,-178.5,-1.6,-2.0,0.32,0.04,0.06,0.0,0.9049309365912959,3.219456475866695,0.15433206065253935,0.5,0,11,0.0
18.718424372999834,1667,5689.89,-96.4,-2.1,-118.8,1.36,2.1,0.05,-0.24,-0.86,0.05,-178.5,-2.4,-13.0,0.33,0.09,0.06,0.0,0.8942594701763017,2.502418829852429,0.1617034565261829,0.5,0,11,0.0
18.729598144999727,1668,5689.9,-96.3,-2.1,-118.6,1.04,1.5,0.49,-0.19,-0.86,0.01,-178.6,-6.3,-37.0,0.33,0.24,0.0,0.0,0.8807950953541919,1.889894176931608,0.17166447472132695,0.5,0,11,0.0
18.738458236999577,1669,5689.91,-96.2,-2.2,-118.5,0.87,1.11,0.8,-0.13,-0.88,0.0,-178.7,-13.1,-67.0,0.33,0.46,-0.05,0.0,0.8895504482602434,1.6214191315017843,0.1596509393789698,0.5,0,11,0.0
18.74971367999933,1670,5689.92,-96.1,-2.2,-118.4,0.95,0.92,0.94,-0.08,-0.89,-0.02,-178.9,-22.4,-95.0,0.34,0.77,0.15,0.0,0.8938120607823549,1.622498073958795,0.1522815403197212,0.5,0,11,0.0
18.75837391799996,1671,5689.93,-96.0,-2.4,-118.3,1.11,0.83,0.95,-0.04,-0.9,-0.03,-179.2,-36.1,-124.0,0.35,1.15,-0.04,0.0,0.9013878188659974,1.6803273490602955,0.14181166659135713,0.5,0,11,0.0
18.769672302999425,1672,5689.94,-95.8,-2.4,-118.2,1.46,0.76,0.75,-0.01,-0.9,-0.03,-179.6,-51.1,-140.0,0.36,1.56,-0.14,0.0,0.9005553841935542,1.8087841220001903,0.13979121923852433,0.5,0,11,0.0
18.778308938999544,1673,5689.95,-95.7,-2.5,-118.1,1.48,0.66,0.65,0.0,-0.9,-0.03,-180.3,-65.8,-146.0,0.38,1.97,0.07,0.0,0.9004998611882181,1.7459954180924988,0.1370498073989831,0.5,0,11,0.0
18.789703284000097,1674,5689.96,-95.5,-2.5,-118.0,1.36,0.56,0.62,0.0,-0.88,-0.03,-181.0,-80.6,-145.0,0.4,2.36,0.02,0.0,0.8805112151472008,1.596120296218302,0.15389768437120033,0.5,0,11,0.0
18.79831680999996,1675,5689.97,-95.3,-2.5,-118.0,1.16,0.47,0.67,0.0,-0.87,-0.04,-181.9,-93.5,-128.0,0.43,2.68,0.03,0.0,0.8709190547921202,1.4196478436570106,0.16022004783175525,0.5,0,11,0.0
18.809718636999605,1676,5689.98,-95.2,-2.6,-117.9,0.93,0.41,0.69,-0.01,-0.89,-0.05,-182.8,-101.9,-93.0,0.46,2.87,0.04,0.0,0.8914594774862176,1.2284543133547947,0.13688603263490473,0.5,0,11,0.0
18.81829504199959,1677,5689.99,-95.1,-2.6,-117.9,0.95,0.4,0.66,-0.02,-0.92,-0.07,-184.0,-110.2,-84.0,0.49,3.09,-0.02,0.0,0.9228759396581969,1.223968953854631,0.1033601790536669,0.5,0,11,0.0
18.82970903400019,1678,5690.0,-95.1,-2.6,-117.9,0.95,0.4,0.66,-0.02,-0.92,-0.07,-184.6,-114.6,-91.0,0.52,3.26,0.07,0.0,0.9228759396581969,1.223968953854631,0.10129297547259353,0.5,0,11,0.0
18.838398361000145,1679,5690.01,-94.9,-2.7,-117.8,1.37,0.3,0.88,-0.03,-0.85,-0.09,-186.4,-122.7,-72.0,0.55,3.39,0.0,0.0,0.8552777326693358,1.655687168519464,0.16551335881222562,0.5,0,11,0.0
18.84964020699954,1680,5690.02,-94.8,-2.8,-117.8,1.25,0.27,1.1,-0.03,-0.85,-0.1,-187.6,-128.5,-57.0,0.59,3.53,0.09,0.0,0.8563877626402656,1.6868313490091416,0.16111526226446982,0.5,0,11,0.0
18.858285755999532,1681,5690.03,-94.7,-2.9,-117.7,1.16,0.31,1.26,-0.03,-0.85,-0.12,-188.9,-129.6,-16.0,0.62,3.49,-0.23,0.0,0.8589528508596964,1.7404884371922729,0.1553791705641383,0.5,0,11,0.0
18.8696540309993,1682,5690.04,-94.6,-3.1,-117.7,0.99,0.35,1.23,-0.03,-0.87,-0.16,-190.2,-128.2,10.0,0.66,3.44,0.04,0.0,0.8850988645343525,1.6172507535938885,0.12664849375169251,0.5,0,11,0.0
18.878272692999417,1683,5690.05,-94.6,-3.2,-117.6,0.89,0.39,1.11,-0.04,-0.88,-0.18,-191.5,-123.4,37.0,0.69,3.3,-0.18,0.0,0.8991106717195609,1.4752287958143986,0.11038395283515445,0.5,0,11,0.0
18.88970147799955,1684,5690.06,-94.5,-3.3,-117.6,0.79,0.42,0.99,-0.04,-0.89,-0.2,-192.7,-119.5,42.0,0.72,3.18,0.06,0.0,0.9130717386930778,1.3343912469736903,0.0944944281444049,0.5,0,11,0.0
18.898346958999355,1685,5690.07,-94.5,-3.4,-117.5,0.82,0.42,0.83,-0.04,-0.91,-0.2,-193.8,-113.3,60.0,0.75,2.99,-0.04,0.0,0.932577074562741,1.2400403219250573,0.07348931042924678,0.5,0,11,0.0
18.909606845999406,1686,5690.08,-94.4,-3.4,-117.5,1.04,0.41,0.56,-0.07,-0.92,-0.19,-194.9,-105.8,65.0,0.78,2.8,-0.1,0.0,0.942019108086455,1.2503199590504825,0.06276633136742216,0.5,0,11,0.0
18.918335714999557,1687,5690.09,-94.3,-3.5,-117.4,1.4,0.3,0.19,-0.09,-0.9,-0.16,-195.9,-98.6,75.0,0.81,2.57,-0.21,0.0,0.918531436587774,1.4443337564427412,0.08452892280878099,0.5,0,11,0.0
18.929660267000145,1688,5690.1,-94.2,-3.5,-117.4,1.53,0.08,-0.15,-0.11,-0.85,-0.15,-196.9,-91.6,71.0,0.83,2.39,-0.17,0.0,0.8701149349367587,1.539415473483361,0.13028651597060037,0.5,0,11,0.0
18.938347739000164,1689,5690.11,-94.0,-3.4,-117.4,1.13,-0.06,-0.39,-0.13,-0.83,-0.16,-197.7,-84.5,71.0,0.86,2.2,-0.08,0.0,0.855219270129012,1.1969126952288542,0.14227853716278016,0.5,0,11,0.0
18.949579004000043,1690,5690.12,-94.0,-3.4,-117.4,0.35,-0.24,-0.57,-0.13,-0.85,-0.16,-198.5,-76.5,73.0,0.88,2.0,-0.31,0.0,0.874642784226795,0.7106335201775947,0.1203979226036972,0.5,0,11,0.0
18.958303403999707,1691,5690.13,-94.0,-3.3,-117.5,-0.25,-0.33,-0.65,-0.12,-0.89,-0.14,-199.3,-72.2,43.0,0.9,1.93,0.01,0.0,0.9089004345911602,0.7706490770772388,0.08441746679454531,0.5,0,11,0.0
18.969623023000167,1692,5690.14,-94.0,-3.3,-117.5,-0.46,-0.43,-0.62,-0.09,-0.92,-0.12,-200.0,-71.5,8.0,0.92,1.96,-0.01,0.0,0.932148056909416,0.8836854644046149,0.05994644758676371,0.5,0,11,0.0
18.97816027099998,1693,5690.15,-94.1,-3.2,-117.6,-0.35,-0.47,-0.56,-0.04,-0.94,-0.13,-200.7,-73.0,0.0,0.94,1.97,0.06,0.0,0.9497894503520241,0.8105553651663778,0.04145895306127256,0.5,0,11,0.0
18.989741329000026,1694,5690.16,-94.1,-3.2,-117.6,-0.16,-0.47,-0.52,0.0,-0.92,-0.16,-201.4,-75.9,-35.0,0.96,2.14,-0.07,0.0,0.9338094023943002,0.7189575787207476,0.05629022099861658,0.5,0,11,0.0
18.998320629999398,1695,5690.17,-94.2,-3.1,-117.7,-0.33,-0.42,-0.57,0.03,-0.88,-0.18,-202.2,-82.0,-48.0,0.98,2.29,-0.13,0.0,0.8987213138676527,0.7811529939774922,0.08955074333475876,0.5,0,11,0.0
19.00959979900017,1696,5690.18,-94.2,-3.1,-117.7,-0.88,-0.32,-0.58,0.06,-0.87,-0.19,-203.1,-88.9,-68.0,1.0,2.51,0.18,0.0,0.8925245094673872,1.101453585041149,0.09383259678032385,0.5,0,11,0.0
19.018329392999476,1697,5690.19,-94.3,-3.0,-117.7,-1.34,-0.14,-0.54,0.07,-0.89,-0.21,-204.1,-97.4,-86.0,1.03,2.77,-0.11,0.0,0.9171150418568,1.4514820012662921,0.06785722310309272,0.5,0,11,0.0
19.029601790000015,1698,5690.2,-94.5,-3.0,-117.7,-1.41,0.11,-0.47,0.07,-0.95,-0.22,-205.1,-108.7,-107.0,1.06,3.1,0.12,0.0,0.9776502442080194,1.4903355326905412,0.007175580336835963,0.5,0,11,0.0
19.038270878999356,1699,5690.21,-94.6,-2.9,-117.7,-1.08,0.41,-0.35,0.04,-0.98,-0.23,-206.3,-122.5,-131.0,1.1,3.5,0.25,0.0,1.007422453591342,1.2070625501605126,0.022144696465557057,0.5,0,11,0.0
19.0497456209996,1700,5690.22,-94.7,-2.9,-117.7,-0.68,0.65,-0.17,0.02,-0.99,-0.24,-207.6,-137.0,-131.0,1.13,3.86,0.12,0.0,1.0188719252192593,0.9559288676465421,0.032922284731604745,0.5,0,11,0.0
19.058300760999373,1701,5690.23,-94.8,-2.9,-117.6,-0.35,0.8,-0.09,-0.01,-1.0,-0.26,-209.1,-149.7,-121.0,1.17,4.19,-0.11,0.0,1.0332956982393762,0.8778382538941898,0.04639913659668715,0.5,0,11,0.0
19.069725305999782,1702,5690.24,-94.8,-2.9,-117.5,-0.24,0.79,-0.21,-0.06,-1.0,-0.22,-210.6,-159.0,-100.0,1.22,4.43,0.02,0.0,1.0256705123966467,0.8519389649499547,0.0379984717388786,0.5,0,11,0.0
19.07825043199955,1703,5690.25,-94.8,-2.8,-117.4,-0.75,0.52,-0.18,-0.09,-0.96,-0.23,-212.3,-168.0,-100.0,1.26,4.7,0.04,0.0,0.9912618221237011,0.9302150289046076,0.0035179858366142236,0.5,0,11,0.0
19.08985861200017,1704,5690.26,-95.0,-2.8,-117.4,-1.67,0.31,0.0,-0.08,-1.0,-0.24,-214.0,-179.1,-110.0,1.31,5.02,0.05,0.0,1.0315037566582101,1.6985287751463027,0.042884721963700856,0.5,0,11,0.0
19.09826262199931,1705,5690.27,-95.2,-2.8,-117.4,-2.27,0.3,0.34,-0.06,-1.04,-0.25,-215.9,-193.9,-145.0,1.37,5.47,-0.09,0.0,1.0713076122197585,2.3148434072308217,0.08103480597474422,0.5,0,11,0.0
19.109810386999925,1706,5690.28,-95.5,-2.9,-117.3,-2.47,0.36,0.91,-0.02,-1.1,-0.23,-217.8,-209.8,-165.0,1.42,5.96,0.17,0.0,1.1239661916623649,2.6568025895801894,0.13101951770900366,0.5,0,11,0.0
19.11833474499963,1707,5690.29,-95.7,-3.0,-117.3,-2.06,0.36,1.58,0.01,-1.16,-0.24,-220.2,-226.4,-142.0,1.49,6.3,0.15,0.0,1.1846096403457131,2.6209921785461323,0.18782970706450486,0.5,0,11,0.0
19.129611289999957,1708,5690.3,-95.9,-3.2,-117.2,-1.39,0.4,2.18,0.01,-1.2,-0.2,-222.3,-238.0,-134.0,1.55,6.69,0.15,0.0,1.2165936051122412,2.616199533674754,0.21541739839441232,0.5,0,11,0.0
19.13826881499972,1709,5690.31,-96.0,-3.4,-117.1,-0.97,0.46,2.53,0.07,-1.23,-0.14,-225.1,-255.4,-162.0,1.62,7.16,0.09,0.0,1.2399193522161027,2.7483449565147384,0.23396828258830826,0.5,0,11,0.0
19.149721085999772,1710,5690.32,-96.1,-3.6,-117.1,-0.55,0.58,2.65,0.1,-1.29,-0.06,-227.8,-272.5,-164.0,1.7,7.6,-0.1,0.0,1.2952605915413316,2.7679234093449914,0.2835233314752663,0.5,0,11,0.0
19.158292209000138,1711,5690.33,-96.1,-3.9,-117.0,-0.52,0.77,2.92,0.11,-1.32,-0.01,-230.6,-289.0,-162.0,1.78,8.05,0.03,0.0,1.3246131510746828,3.0642617381679393,0.3066183731884453,0.5,0,11,0.0
19.16965637300018,1712,5690.34,-96.2,-4.2,-116.8,-0.89,1.12,3.49,0.14,-1.41,0.02,-233.6,-305.6,-161.0,1.86,8.49,0.17,0.0,1.4170744511139843,3.771816538486463,0.391098079763192,0.5,0,11,0.0
19.178274461,1713,5690.35,-96.3,-4.5,-116.7,-0.26,1.36,3.85,0.16,-1.53,0.11,-236.7,-316.5,-99.0,1.95,8.65,0.05,0.0,1.542271052701178,4.091417847152745,0.505968787723378,0.5,1,12,3.0
19.189724369000032,1714,5690.36,-96.3,-4.9,-116.5,1.26,1.13,3.6,0.04,-1.49,0.17,-239.9,-317.3,-31.0,2.03,8.62,-0.06,0.0,1.5001999866684441,3.9780020110603265,0.4546197672568313,0.5,0,12,3.0
19.198247098999673,1715,5690.37,-96.1,-5.2,-116.4,1.56,0.49,2.95,-0.11,-1.32,0.23,-243.0,-296.2,445.0,2.11,6.56,2.84,3.49,1.3443957750603057,3.372862285952393,0.2928392445357191,0.5,0,12,3.0
19.209730663999835,1716,5690.38,-96.0,-5.5,-116.4,0.92,-0.58,2.17,-0.24,-1.19,0.26,-245.0,-146.2,1232.0,2.14,1.99,2.94,3.49,1.241491039033307,2.427282431032697,0.18613581833854598,0.5,0,12,3.0
19.21834736799974,1717,5690.39,-96.0,-5.7,-116.5,0.08,-1.67,1.47,-0.35,-1.18,0.28,-245.4,3.8,1264.0,2.14,-1.39,3.32,3.49,1.2622598781550494,2.2262524564837656,0.20276656431108275,0.5,0,12,3.0
19.229626270999688,1718,5690.4,-95.9,-5.8,-116.7,0.42,-2.93,0.98,-0.41,-1.19,0.33,-244.8,72.1,651.0,2.12,-2.12,3.4,3.49,1.301191761424887,3.117964079331255,0.23686447862930193,0.5,0,12,3.0
19.238351375000093,1719,5690.41,-95.8,-5.9,-117.0,1.62,-3.9,0.73,-0.38,-1.22,0.34,-244.0,80.3,256.0,2.1,-2.23,3.5,3.49,1.3222707740852475,4.285708809520311,0.2527846214638694,0.5,0,12,3.0
19.249754804000077,1720,5690.42,-95.5,-6.0,-117.5,2.93,-4.65,0.62,-0.32,-1.15,0.3,-243.2,75.9,16.0,2.07,-1.9,3.52,3.49,1.2308127396155761,5.530985445650712,0.15810005525431414,0.5,0,12,3.0
19.258211160999963,1721,5690.43,-95.1,-6.1,-117.9,3.48,-5.25,0.64,-0.23,-1.03,0.3,-242.5,71.5,13.0,2.06,-1.96,3.49,3.49,1.09717819883554,6.331074158466318,0.023976204184792405,0.5,0,12,3.0
19.269791529999566,1722,5690.44,-94.7,-6.3,-118.5,3.53,-5.82,0.64,-0.17,-0.96,0.27,-241.8,64.4,-62.0,2.04,-1.66,3.52,3.49,1.0116323442832382,6.836877942452974,0.060338257360159187,0.5,0,12,3.0
19.278482095999607,1723,5690.45,-94.3,-6.4,-119.1,3.26,-5.89,0.63,-0.11,-0.91,0.15,-241.2,70.5,85.0,2.02,-2.15,3.14,3.49,0.9288164511893617,6.761405179398732,0.1402910674449549,0.5,0,12,3.0
19.289959238999472,1724,5690.46,-93.9,-6.5,-119.7,2.64,-5.36,0.41,-0.07,-0.95,0.06,-240.3,95.1,247.0,1.99,-3.09,3.25,3.49,0.9544631999192007,5.988931457280172,0.11235143234081357,0.5,0,12,3.0
19.298346906000006,1725,5690.47,-93.6,-6.5,-120.2,1.9,-4.71,-0.09,-0.03,-1.02,0.06,-239.1,137.8,369.0,1.95,-4.29,3.42,3.49,1.0222035022440492,5.07958659735219,0.04371890741564566,0.5,0,12,3.0
19.30973865099986,1726,5690.48,-93.4,-6.5,-120.6,1.46,-4.25,-0.74,0.0,-1.04,0.11,-237.4,183.3,427.0,1.9,-5.53,3.15,3.49,1.0458011283222064,4.554305655091674,0.019718855710738614,0.5,0,12,3.0
19.318287807999695,1727,5690.49,-93.3,-6.4,-121.0,1.2,-4.13,-1.26,0.03,-0.99,0.14,-235.2,232.1,480.0,1.84,-6.92,3.21,3.49,1.000299955013495,4.4815733844265,0.06391562843906096,0.5,0,12,3.0
19.32970764499987,1728,5690.5,-93.1,-6.3,-121.4,1.04,-3.99,-1.51,0.07,-0.92,0.11,-232.5,277.9,448.0,1.76,-8.07,3.28,3.49,0.9291931984253867,4.39110464461962,0.13232193732662578,0.5,0,12,3.0
19.3383523399998,1729,5690.51,-92.9,-6.2,-121.8,1.11,-3.78,-1.58,0.07,-0.85,0.1,-229.5,315.5,383.0,1.67,-9.0,3.52,3.49,0.8587199776411399,4.244631903946442,0.1987392549486552,0.5,0,12,3.0
19.349786310000127,1730,5690.52,-92.8,-6.0,-122.2,1.09,-3.68,-1.55,0.06,-0.84,0.11,-226.1,347.7,323.0,1.58,-9.75,3.12,3.49,0.8492938243034621,4.139202821800353,0.20400210012060638,0.5,0,12,3.0
19.35832291099996,1731,5690.53,-92.7,-5.9,-122.6,0.97,-3.59,-1.59,0.05,-0.84,0.1,-222.5,371.1,247.0,1.47,-10.36,3.45,3.49,0.8474078120952154,4.0443911779154105,0.20177035008227595,0.5,0,12,0.0
19.369573547000073,1732,5690.54,-92.5,-5.7,-123.0,0.85,-3.59,-1.59,0.03,-0.83,0.08,-218.6,391.8,211.0,1.37,-10.83,3.15,3.49,0.834386001800126,4.017300088367808,0.2104963171698181,0.5,0,12,0.0
19.37831022299997,1733,5690.55,-92.4,-5.6,-123.3,0.91,-3.57,-1.47,0.03,-0.82,0.07,-214.7,375.0,-399.0,1.27,-8.7,0.4,0.0,0.8235289915965314,3.966598038622013,0.21692626082594457,0.5,0,12,0.0
19.38958829999956,1734,5690.56,-92.3,-5.5,-123.7,0.98,-3.51,-1.44,0.0,-0.88,0.06,-211.8,243.6,-982.0,1.21,-5.21,0.35,0.0,0.8820430828479978,3.9184308083721473,0.15524392618298866,0.5,0,12,0.0
19.3982542119993,1735,5690.57,-92.1,-5.3,-124.1,1.09,-3.67,-1.54,-0.05,-0.85,0.09,-210.1,146.1,-865.0,1.17,-3.11,0.21,0.0,0.8562125904236634,4.126572427572307,0.17745293023517672,0.5,0,12,0.0
19.409647339000003,1736,5690.58,-92.0,-5.2,-124.5,1.1,-3.88,-1.46,-0.03,-0.81,0.05,-209.1,87.3,-610.0,1.15,-1.87,0.18,0.0,0.8120960534321049,4.289055840158763,0.21713807788220052,0.5,0,12,0.0
19.418320259999746,1737,5690.59,-91.8,-5.1,-124.9,1.24,-4.09,-1.38,0.01,-0.79,0.02,-208.5,53.6,-379.0,1.13,-1.2,0.02,0.0,0.7903163923391695,4.491113447687555,0.2341393841956333,0.5,0,12,0.0
19.429667370999596,1738,5690.6,-91.6,-4.9,-125.3,1.17,-4.21,-1.28,0.06,-0.79,-0.02,-208.1,36.1,-215.0,1.12,-0.87,-0.02,0.0,0.7925276020429826,4.553174716612575,0.22728961100198375,0.5,0,12,0.0
19.438353995999933,1739,5690.61,-91.5,-4.8,-125.7,0.91,-4.08,-1.16,0.1,-0.79,-0.08,-207.7,32.7,-66.0,1.12,-0.93,-0.15,0.0,0.800312438988674,4.338213918192601,0.21511467857516653,0.5,0,12,0.0
19.449761322000086,1740,5690.62,-91.4,-4.7,-126.1,0.64,-3.77,-1.07,0.12,-0.81,-0.12,-207.4,42.8,67.0,1.1,-1.35,-0.19,0.0,0.8275868534480233,3.9708185554114657,0.18408345883350097,0.5,0,12,0.0
19.45841739699972,1741,5690.63,-91.3,-4.6,-126.5,0.45,-3.37,-1.02,0.16,-0.85,-0.15,-206.8,61.3,163.0,1.09,-1.94,0.0,0.0,0.8778382538941897,3.549619697939485,0.1311554172195878,0.5,0,12,0.0
19.46974481199959,1742,5690.64,-91.2,-4.5,-126.8,0.4,-2.95,-0.95,0.18,-0.86,-0.17,-206.0,85.0,219.0,1.06,-2.62,0.03,0.0,0.8949301648732151,3.124899998399949,0.11178223611575122,0.5,0,12,0.0
19.478296225000122,1743,5690.65,-91.2,-4.5,-127.1,0.23,-2.55,-0.84,0.18,-0.87,-0.17,-205.0,109.5,234.0,1.03,-3.28,-0.02,0.0,0.9045440840556087,2.69462427807663,0.1001249505946904,0.5,0,12,0.0
19.48964069700014,1744,5690.66,-91.2,-4.4,-127.3,0.03,-2.2,-0.76,0.16,-0.88,-0.17,-203.8,133.3,231.0,0.99,-3.89,-0.05,0.0,0.910439454329611,2.327767170487633,0.09234498871427421,0.5,0,12,0.0
19.498284231999605,1745,5690.67,-91.1,-4.3,-127.5,-0.14,-1.86,-0.71,0.13,-0.9,-0.18,-202.3,156.0,232.0,0.95,-4.53,0.15,0.0,0.9269843580125827,1.9958206332233368,0.07428408333067638,0.5,0,12,0.0
19.50963265199971,1746,5690.68,-91.2,-4.2,-127.7,-0.34,-1.57,-0.63,0.11,-0.91,-0.19,-200.5,181.9,252.0,0.9,-5.25,-0.09,0.0,0.9361089680160104,1.7255144160510512,0.06385628386070374,0.5,0,12,0.0
19.51831655499973,1747,5690.69,-91.2,-4.2,-127.8,-0.44,-1.31,-0.58,0.08,-0.93,-0.19,-198.5,206.6,241.0,0.84,-5.9,-0.08,0.0,0.9525754563287887,1.498699436177915,0.046441999636966935,0.5,0,12,0.0
19.529754460999357,1748,5690.7,-91.2,-4.1,-127.9,-0.39,-1.09,-0.44,0.06,-0.92,-0.19,-196.3,229.4,232.0,0.78,-6.52,-0.11,0.0,0.9413288479590967,1.2384667940643383,0.056534835846525855,0.5,0,12,0.0
19.538118741999824,1749,5690.71,-91.2,-4.1,-128.0,-0.31,-0.92,-0.28,0.06,-0.91,-0.19,-193.9,251.8,229.0,0.71,-7.13,-0.01,0.0,0.9315578350268974,1.0103959619871805,0.06497973180315064,0.5,0,12,0.0
19.549750445999962,1750,5690.72,-91.3,-4.1,-128.1,-0.25,-0.79,-0.12,0.06,-0.92,-0.19,-191.2,275.1,235.0,0.63,-7.77,-0.27,0.0,0.9413288479590967,0.8372574275573792,0.0541045444935323,0.5,0,12,0.0
19.558398158999807,1751,5690.73,-91.3,-4.1,-128.2,-0.26,-0.58,0.06,0.07,-0.9,-0.2,-188.2,300.4,248.0,0.55,-8.46,0.0,0.0,0.924608025057105,0.6384355879804947,0.06940886004761349,0.5,0,12,0.0
19.569717155000035,1752,5690.74,-91.3,-4.1,-128.2,-0.3,-0.42,0.3,0.08,-0.91,-0.2,-185.1,324.6,253.0,0.46,-9.17,-0.01,0.0,0.935147047260483,0.596992462263972,0.05769244108735083,0.5,0,12,0.0
19.57834309000009,1753,5690.75,-91.3,-4.2,-128.3,-0.14,-0.29,0.52,0.09,-0.91,-0.2,-181.6,354.6,284.0,0.36,-9.98,-0.04,0.0,0.936055553906925,0.6116371473349211,0.05564825575209076,0.5,0,12,0.0
19.589741488999607,1754,5690.76,-91.3,-4.2,-128.3,0.18,-0.2,0.73,0.12,-0.88,-0.19,-177.9,378.7,233.0,0.26,-10.52,-0.07,0.0,0.9082400563727632,0.7780102827083971,0.08179447822052754,0.5,0,12,0.0
19.598270566999417,1755,5690.77,-91.3,-4.3,-128.3,0.41,0.01,1.01,0.15,-0.84,-0.22,-174.0,401.5,251.0,0.15,-11.26,-0.19,0.0,0.8811923740024081,1.0900917392586735,0.10666531737906493,0.5,0,12,0.0
19.6096346559998,1756,5690.78,-91.3,-4.4,-128.3,0.25,0.37,1.35,0.18,-0.81,-0.23,-169.8,425.2,198.0,0.03,-11.69,-0.14,0.0,0.8610458756651704,1.4219353009191382,0.12427557940197653,0.5,0,12,0.0
19.61834201900001,1757,5690.79,-91.3,-4.6,-128.2,-0.03,0.7,1.51,0.19,-0.82,-0.21,-165.4,438.5,180.0,-0.08,-12.18,0.08,0.0,0.8675252157718529,1.6646320914844817,0.11544031450938819,0.5,0,12,0.0
19.629621755999324,1758,5690.8,-91.3,-4.7,-128.1,-0.19,1.05,1.52,0.19,-0.83,-0.2,-160.9,459.6,173.0,-0.2,-12.63,-0.04,0.0,0.8746427842267951,1.8571483516402236,0.10615629113335712,0.5,0,12,0.0
19.638400707000073,1759,5690.81,-91.3,-4.9,-128.0,-0.36,1.46,1.43,0.18,-0.83,-0.2,-156.2,468.2,101.0,-0.33,-12.8,0.02,0.0,0.8725250712730265,2.075114454674729,0.10610852400538318,0.5,0,12,0.0
19.64976198899967,1760,5690.82,-91.4,-5.0,-127.8,-0.75,1.8,1.29,0.18,-0.8,-0.21,-151.5,473.1,56.0,-0.46,-12.87,0.15,0.0,0.8464632301523795,2.338076132207846,0.12952695782350965,0.5,0,12,0.0
19.658337914000185,1761,5690.83,-91.5,-5.1,-127.6,-1.31,2.11,1.17,0.18,-0.79,-0.22,-146.8,464.7,-83.0,-0.58,-12.38,0.19,0.0,0.8395832299420946,2.7453779339100106,0.1336788188731186,0.5,0,12,0.0
19.669737698000063,1762,5690.84,-91.7,-5.2,-127.4,-1.67,2.44,1.1,0.24,-0.8,-0.25,-142.4,422.6,-465.0,-0.7,-10.46,0.48,0.0,0.871837140755084,3.1547583108694712,0.09939640989892662,0.5,0,12,0.0
19.678378787999463,1763,5690.85,-91.9,-5.3,-127.1,-1.84,2.81,1.12,0.27,-0.82,-0.3,-138.8,328.7,-826.0,-0.78,-7.65,0.5,0.0,0.9139474820797965,3.5406355361714374,0.05614034720272987,0.5,0,12,0.0
19.689701997000157,1764,5690.86,-92.1,-5.4,-126.8,-2.44,3.26,1.04,0.17,-0.93,-0.31,-136.3,215.6,-1082.0,-0.83,-4.29,0.48,0.0,0.9949371839468059,4.202713409215527,0.024352367570993905,0.5,0,12,0.0
19.698305660000187,1765,5690.87,-92.4,-5.5,-126.5,-2.85,3.55,0.85,0.1,-1.02,-0.28,-135.1,82.4,-1270.0,-0.85,-0.54,0.4,0.0,1.0624499988234741,4.631144566951026,0.09002787879870888,0.5,0,12,0.0
19.709755881000092,1766,5690.88,-92.8,-5.6,-126.1,-2.95,3.64,0.52,0.05,-1.15,-0.24,-135.1,-38.0,-1082.0,-0.84,2.05,0.32,0.0,1.1758401251870936,4.714074670600795,0.19934964505908181,0.5,0,12,0.0
19.71837822299949,1767,5690.89,-93.1,-5.6,-125.7,-2.92,3.4,0.16,-0.02,-1.21,-0.21,-136.0,-117.6,-877.0,-0.8,4.11,0.4,0.0,1.2282507887235408,4.4846404538156674,0.24672510242361845,0.5,0,12,0.0
19.730304119999346,1768,5690.9,-93.4,-5.6,-125.4,-2.82,3.14,-0.19,-0.12,-1.31,-0.23,-137.7,-191.0,-761.0,-0.75,6.01,0.2,0.0,1.335440002396214,4.224701172864182,0.3468360297743659,0.5,0,12,0.0
19.73836132699944,1769,5690.91,-93.8,-5.5,-125.1,-2.53,2.81,-0.7,-0.25,-1.41,-0.13,-140.1,-254.4,-662.0,-0.68,7.65,0.26,0.0,1.4378803844548405,3.845386846599442,0.4402908835963324,0.5,0,12,0.0
19.749753495999357,1770,5690.92,-94.0,-5.4,-124.9,-2.16,2.21,-1.29,-0.29,-1.46,0.0,-143.1,-313.9,-599.0,-0.59,9.18,0.24,0.0,1.488522757635905,3.3487012407797745,0.4811145916418491,0.5,0,12,0.0
19.75833279699964,1771,5690.93,-94.2,-5.2,-124.7,-2.01,1.54,-1.99,-0.33,-1.51,0.03,-146.5,-357.8,-415.0,-0.49,10.0,0.02,0.0,1.5459301407243473,3.2205279070363604,0.5277515352356856,0.5,0,13,0.0
19.76973300699956,1772,5690.94,-94.4,-5.0,-124.6,-2.32,0.69,-2.64,-0.37,-1.44,0.08,-150.2,-372.7,-191.0,-0.39,10.16,0.06,0.0,1.4889257872708095,3.5816337054478367,0.4613322381465048,0.5,0,13,0.0
19.778312643999925,1773,5690.95,-94.7,-4.7,-124.6,-2.6,-0.1,-3.17,-0.23,-1.49,0.16,-153.9,-369.7,-3.0,-0.29,9.87,-0.07,0.0,1.5161134522191932,4.101085222230818,0.47874950503299085,0.5,0,13,0.0
19.78970574199957,1774,5690.96,-95.0,-4.4,-124.7,-2.82,-0.92,-3.79,-0.18,-1.53,0.23,-157.5,-352.0,136.0,-0.19,9.29,-0.32,0.0,1.5576263993653934,4.812785056492758,0.5098572031356072,0.5,0,13,0.0
19.798106618999554,1775,5690.97,-95.3,-4.0,-124.9,-3.44,-1.76,-4.04,-0.16,-1.54,0.18,-160.9,-325.1,249.0,-0.11,8.43,-0.07,0.0,1.558717421471897,5.590420377753358,0.5007292607372686,0.5,0,13,0.0
19.80967096399945,1776,5690.98,-95.6,-3.6,-125.1,-2.79,-2.02,-3.82,-0.03,-1.47,0.1,-163.9,-288.0,349.0,-0.03,7.32,-0.16,0.0,1.4737028194313804,5.143627124899315,0.4074003655228169,0.5,0,13,0.0
19.818330953999975,1777,5690.99,-95.8,-3.3,-125.3,-1.6,-1.85,-2.87,0.12,-1.29,0.04,-166.5,-246.0,388.0,0.03,6.2,-0.08,0.0,1.2961867149450346,3.77086197042533,0.22528657581574163,0.5,0,13,0.0
19.829756125999666,1778,5691.0,-95.8,-3.1,-125.5,-0.3,-1.36,-1.48,0.3,-1.13,-0.05,-168.0,-220.8,447.0,0.08,5.3,-0.33,0.0,1.1702136557056577,2.032240143290158,0.09732724624483757,0.5,0,13,0.0
19.83835526799976,1779,5691.01,-95.8,-3.0,-125.6,0.42,-0.26,-0.26,0.49,-1.04,-0.17,-170.5,-177.9,376.0,0.13,4.47,-0.16,0.0,1.1621531740695803,0.5582114294781145,0.08748142931658487,0.5,0,13,0.0
19.849622639999325,1780,5691.02,-95.8,-3.0,-125.5,0.58,1.3,0.46,0.58,-1.01,-0.23,-172.1,-150.0,306.0,0.17,3.75,-0.11,0.0,1.1871815362445628,1.4959946523968595,0.11025959566173604,0.5,0,13,0.0
19.85832585099979,1781,5691.03,-95.7,-3.1,-125.3,0.57,3.42,0.7,0.53,-1.0,-0.21,-173.4,-125.4,252.0,0.2,3.16,-0.07,0.0,1.1510864433221337,3.5371316062595124,0.07268121268452088,0.5,0,13,0.0
19.869632260999424,1782,5691.04,-95.7,-3.1,-124.8,0.85,5.14,0.69,0.43,-0.99,-0.09,-174.6,-106.3,207.0,0.23,2.66,-0.04,0.0,1.083097410208334,5.255302084561838,0.0045983359793067,0.5,0,13,0.0
19.878346788999806,1783,5691.05,-95.6,-3.1,-124.3,1.2,6.2,0.52,0.34,-1.03,0.02,-175.5,-89.0,180.0,0.25,2.22,0.0,0.0,1.0848502200764858,6.336434328547878,0.006224122930509335,0.5,0,13,0.0
19.889627157000177,1784,5691.06,-95.5,-3.1,-123.6,1.56,6.77,0.04,0.21,-1.06,0.06,-176.3,-72.7,166.0,0.27,1.77,0.0,0.0,1.082266141020775,6.947524739070743,0.0035672429973026,0.5,0,13,0.0
19.89828928099996,1785,5691.07,-95.4,-3.0,-122.9,1.74,6.92,-0.45,0.05,-0.98,0.08,-176.9,-58.6,147.0,0.29,1.41,-0.19,0.0,0.9845303448853163,7.149580407268667,0.09228518207539305,0.5,0,13,0.0
19.909629670999493,1786,5691.08,-95.2,-2.9,-122.2,2.08,6.73,-0.66,-0.07,-0.9,0.1,-177.4,-42.6,162.0,0.3,0.94,-0.21,0.0,0.9082400563727632,7.074948763065356,0.1652039611761872,0.5,0,13,0.0
19.918339738999748,1787,5691.09,-95.0,-2.7,-121.6,2.29,6.5,-0.63,-0.15,-0.88,0.1,-177.7,-28.0,134.0,0.31,0.64,0.08,0.0,0.8982761268117949,6.92033236196066,0.17166453292241224,0.5,0,13,0.0
19.929724610999983,1788,5691.1,-94.8,-2.6,-121.0,2.09,5.89,-0.41,-0.21,-0.85,0.12,-177.9,-16.9,129.0,0.31,0.29,0.04,0.0,0.883742043811428,6.263249955095198,0.18247464360432353,0.5,0,13,0.0
19.93831675599995,1789,5691.11,-94.7,-2.6,-120.4,1.94,5.2,-0.12,-0.23,-0.82,0.12,-178.0,-6.9,83.0,0.31,0.15,-0.03,0.0,0.8600581375697807,5.551396220771852,0.20203537884905143,0.5,0,13,0.0
19.949611776999518,1790,5691.12,-94.5,-2.5,-119.9,1.93,4.48,0.27,-0.2,-0.79,0.11,-178.1,-7.4,5.0,0.31,0.25,0.0,0.0,0.8223138087129512,4.885509185335752,0.2349841135517633,0.5,0,13,0.0
19.95832268399954,1791,5691.13,-94.3,-2.5,-119.5,1.76,3.86,0.74,-0.16,-0.76,0.05,-178.2,-14.9,-68.0,0.32,0.56,0.07,0.0,0.7782673062643708,4.306367378661509,0.2734500036803369,0.5,0,13,0.0
19.96964137699979,1792,5691.14,-94.2,-2.6,-119.2,1.17,3.54,1.16,-0.13,-0.77,0.0,-178.4,-28.5,-117.0,0.33,0.96,0.01,0.0,0.7808969202141856,3.9046254621922447,0.26540398193591175,0.5,0,13,0.0
19.97830417899968,1793,5691.15,-94.1,-2.7,-118.8,0.66,3.41,1.49,-0.11,-0.82,-0.01,-178.8,-45.1,-156.0,0.34,1.45,0.0,0.0,0.8274055837375041,3.7793914854113755,0.21451741204434138,0.5,0,13,0.0
19.98974612299935,1794,5691.16,-94.0,-2.9,-118.4,0.71,3.4,1.55,-0.09,-0.89,0.0,-179.4,-65.8,-201.0,0.36,2.06,0.01,0.0,0.8945389874119518,3.803498389640779,0.14443632820249586,0.5,0,13,0.0
19.99827296500007,1795,5691.17,-93.9,-3.0,-118.1,1.1,3.34,1.51,-0.06,-0.88,0.0,-180.2,-87.3,-208.0,0.38,2.63,0.11,0.0,0.8820430828479978,3.826970080886445,0.15379358811112087,0.5,0,13,0.0
