host_time_s,seq,device_time_s,roll,pitch,yaw,gyro_x,gyro_y,gyro_z,accel_x,accel_y,accel_z,belt_length,belt_velocity,belt_acceleration,motor_pos,motor_vel,motor_iq_meas,motor_iq_set,acc_mag,gyro_mag,acc_residual,threshold,heel_strike,hs_count,torque_cmd_nm
2.066244311000446,1,5465.29,-93.9,0.8,-123.6,-1.36,2.76,-0.4,-0.06,-1.16,0.01,-175.5,-73.1,67.0,0.26,1.67,0.23,0.0,1.1615937327654622,3.1027729533435084,0.0,0.5,0,0,0.0
2.0746847080008592,2,5465.3,-94.0,0.9,-123.4,-1.45,2.28,-0.77,-0.1,-1.24,0.04,-176.4,-55.7,101.0,0.27,1.45,0.08,0.0,1.244668630600129,2.809590717524529,0.08141339987797336,0.5,0,0,0.0
2.082790294000006,3,5465.31,-94.2,1.0,-123.2,-1.44,1.85,-1.16,-0.13,-1.3,0.04,-177.0,-54.3,38.0,0.29,1.46,0.04,0.0,1.3070960178961606,2.6156643515558335,0.14096397143052486,0.5,0,0,0.0
2.0905476430007184,4,5465.32,-94.3,1.2,-123.0,-1.09,1.48,-1.5,-0.14,-1.28,0.04,-177.5,-53.3,11.0,0.3,1.48,0.06,0.0,1.2882546332150333,2.372445995170385,0.11968013501440966,0.5,0,0,0.0
2.102255210000294,5,5465.33,-94.3,1.4,-122.9,-0.39,1.13,-1.59,-0.13,-1.2,0.04,-178.1,-57.5,-32.0,0.32,1.63,0.01,0.0,1.2076837334335508,1.9892460883460348,0.03832705052826868,0.5,0,0,0.0
2.1108104540007844,6,5465.34,-94.3,1.5,-122.8,0.25,0.86,-1.45,-0.09,-1.09,0.02,-178.7,-61.4,-27.0,0.34,1.68,0.13,0.0,1.0938921336219583,1.7042887079365396,0.07395525829765748,0.5,0,0,0.0
2.1220596510001997,7,5465.35,-94.3,1.6,-122.7,0.72,0.74,-1.23,-0.01,-0.99,0.0,-179.3,-62.9,-15.0,0.35,1.7,-0.16,0.0,0.9900505037623081,1.6058953888718903,0.17424095039416143,0.5,0,0,0.0
2.130825533999996,8,5465.36,-94.2,1.8,-122.7,0.93,0.86,-1.0,0.08,-0.88,-0.03,-179.9,-62.7,-1.0,0.37,1.69,-0.06,0.0,0.8841379982785492,1.6138463371709215,0.2745503867603619,0.5,0,0,0.0
2.14278516900049,9,5465.37,-94.1,1.9,-122.6,0.55,1.13,-0.73,0.16,-0.82,-0.06,-180.5,-61.7,6.0,0.39,1.67,-0.08,0.0,0.8376156636548769,1.4533753816547188,0.3146512669563536,0.5,0,0,0.0
2.150784350000322,10,5465.38,-94.1,2.0,-122.4,-0.15,1.55,-0.58,0.23,-0.83,-0.08,-181.2,-62.7,-7.0,0.4,1.72,0.0,0.0,0.8649855490122363,1.6617460696508357,0.28153575396701436,0.5,0,0,0.0
2.1621311830003833,11,5465.39,-94.1,2.0,-122.3,-0.72,2.02,-0.49,0.26,-0.87,-0.09,-181.8,-64.5,-18.0,0.42,1.78,0.0,0.0,0.9124691775616314,2.19974998579384,0.229371082909267,0.5,0,0,0.0
2.1707622920002905,12,5465.4,-94.2,2.1,-122.0,-1.03,2.5,-0.37,0.26,-0.94,-0.09,-182.5,-66.6,-11.0,0.44,1.8,-0.01,0.0,0.979438614717635,2.7290657742165174,0.15915361283819807,0.5,0,0,0.0
2.182145469000716,13,5465.41,-94.3,2.1,-121.8,-0.95,2.98,-0.24,0.23,-1.0,-0.09,-183.1,-66.4,-2.0,0.46,1.8,-0.02,0.0,1.030048542545447,3.136957124348371,0.10637281131017828,0.5,0,0,0.0
2.1906968920002328,14,5465.42,-94.3,2.2,-121.5,-0.66,3.34,-0.05,0.17,-1.03,-0.07,-183.8,-66.0,5.0,0.48,1.77,0.17,0.0,1.0462791214585139,3.4049522757301607,0.08833938774916916,0.5,0,0,0.0
2.2020952940001735,15,5465.43,-94.4,2.3,-121.1,-0.27,3.57,0.18,0.09,-1.05,-0.04,-184.4,-64.1,17.0,0.49,1.7,0.04,0.0,1.0546089322587782,3.5847175620960714,0.07840938540992681,0.5,0,0,0.0
2.2107823020005526,16,5465.44,-94.3,2.3,-120.7,0.12,3.74,0.4,0.01,-1.05,-0.01,-185.0,-59.7,49.0,0.51,1.51,0.06,0.0,1.0500952337764418,3.7632432820640234,0.08126462221441799,0.5,0,0,0.0
2.2220065130004514,17,5465.45,-94.2,2.2,-120.4,0.34,3.77,0.52,-0.04,-1.03,0.0,-185.5,-50.7,73.0,0.52,1.28,-0.23,0.0,1.0307764064044151,3.820850690618517,0.09857178059471572,0.5,0,0,0.0
2.230846195000595,18,5465.46,-94.2,2.2,-120.0,0.34,3.71,0.62,-0.09,-1.01,0.02,-186.0,-42.7,69.0,0.53,1.1,-0.08,0.0,1.0141991914806479,3.7767843465043116,0.11284601560811325,0.5,0,0,0.0
2.242050199000005,19,5465.47,-94.2,2.2,-119.6,0.21,3.62,0.68,-0.11,-0.99,0.03,-186.4,-35.5,74.0,0.54,0.87,-0.11,0.0,0.9965440281292142,3.6892953256685757,0.1278911553803559,0.5,0,0,0.0
2.250744200000554,20,5465.48,-94.1,2.1,-119.2,0.02,3.58,0.73,-0.12,-0.98,0.03,-186.7,-27.1,87.0,0.55,0.61,0.14,0.0,0.9877752780870758,3.6537241275170187,0.13392670731404432,0.5,0,0,0.0
2.2620907440004885,21,5465.49,-94.1,2.1,-118.9,-0.06,3.6,0.78,-0.1,-0.97,0.02,-186.9,-20.0,56.0,0.55,0.51,0.08,0.0,0.9753460924205315,3.6840195439221004,0.14342877512097685,0.5,0,0,0.0
2.2707629420001467,22,5465.5,-94.1,2.0,-118.5,-0.03,3.71,0.8,-0.07,-0.97,0.01,-187.1,-17.6,35.0,0.56,0.45,-0.06,0.0,0.9725739046468397,3.795391942869669,0.14327694363677523,0.5,0,0,0.0
2.2820584710007097,23,5465.51,-94.1,2.0,-118.1,0.01,3.86,0.73,-0.03,-0.96,0.0,-187.2,-12.8,47.0,0.56,0.29,0.09,0.0,0.9604686356149273,3.9284348028190563,0.15227456841531384,0.5,0,0,0.0
2.2907938090002062,24,5465.52,-94.0,1.9,-117.7,0.07,4.01,0.64,0.0,-0.95,0.0,-187.3,-13.6,-8.0,0.57,0.42,-0.13,0.0,0.95,4.061354453873732,0.1594883399496363,0.5,0,0,0.0
2.302029507000043,25,5465.53,-94.0,1.9,-117.3,0.14,4.17,0.54,0.02,-0.95,0.0,-187.5,-16.9,-22.0,0.57,0.49,-0.07,0.0,0.9502105029939418,4.2071486781429535,0.1560922802165805,0.5,0,0,0.0
2.310381674000382,26,5465.54,-93.9,1.8,-116.9,0.27,4.23,0.44,0.01,-0.94,0.0,-187.7,-16.0,8.0,0.58,0.41,0.0,0.0,0.9400531899844816,4.261384751462839,0.16292460136151987,0.5,0,0,0.0
2.321998144000645,27,5465.55,-93.8,1.8,-116.5,0.34,4.17,0.4,0.0,-0.94,0.01,-187.8,-16.1,-2.0,0.58,0.44,0.07,0.0,0.9400531899844816,4.202915654637861,0.15966610933428937,0.5,0,0,0.0
2.3308304280008088,28,5465.56,-93.7,1.8,-116.0,0.32,4.06,0.41,-0.01,-0.95,0.02,-188.0,-15.6,11.0,0.58,0.38,-0.09,0.0,0.9502631214563679,4.093177250010069,0.14646705430515494,0.5,0,0,0.0
2.341978752000614,29,5465.57,-93.6,1.7,-115.6,0.25,3.97,0.47,-0.03,-0.95,0.02,-188.1,-13.0,4.0,0.59,0.38,-0.13,0.0,0.9506839643120104,4.0055336723088475,0.1431252872205222,0.5,0,0,0.0
2.35065323300023,30,5465.58,-93.6,1.7,-115.2,0.18,3.87,0.54,-0.07,-0.97,0.01,-188.3,-14.9,-3.0,0.59,0.4,0.09,0.0,0.9725739046468397,3.9116364861781316,0.11881063994797902,0.5,0,0,0.0
2.362047251000149,31,5465.59,-93.6,1.7,-114.9,0.13,3.71,0.58,-0.12,-0.99,0.01,-188.4,-15.9,-8.0,0.6,0.44,0.05,0.0,0.9972963451251589,3.7573128695917775,0.09220643548026675,0.5,0,0,0.0
2.370513251000375,32,5465.6,-93.6,1.6,-114.5,0.01,3.49,0.67,-0.14,-1.0,0.0,-188.6,-16.1,-12.0,0.6,0.47,0.02,0.0,1.009752444909147,3.553744504040773,0.07815532898235289,0.5,0,0,0.0
2.3820918450001045,33,5465.61,-93.6,1.6,-114.2,-0.1,3.29,0.74,-0.15,-1.03,0.0,-188.7,-16.6,5.0,0.6,0.42,-0.08,0.0,1.0408650248711404,3.3736775186730577,0.04610189403995246,0.5,0,0,0.0
2.390726197000731,34,5465.62,-93.6,1.5,-113.8,-0.09,3.11,0.78,-0.14,-1.04,-0.01,-188.9,-15.9,0.0,0.61,0.44,0.02,0.0,1.0494284158531253,3.2075847611559696,0.036787732996808264,0.5,0,0,0.0
2.4019673270004205,35,5465.63,-93.6,1.5,-113.5,0.0,2.98,0.79,-0.12,-1.05,-0.03,-189.1,-19.0,-23.0,0.61,0.53,-0.15,0.0,1.0572606112023657,3.0829369114531033,0.028376426894616502,0.5,0,0,0.0
2.4105647130008947,36,5465.64,-93.5,1.4,-113.2,0.08,2.84,0.75,-0.09,-1.04,-0.02,-189.3,-20.0,-8.0,0.62,0.54,-0.08,0.0,1.0440785411069418,2.938451973403683,0.04072732705023974,0.5,0,0,0.0
2.4221305330001996,37,5465.65,-93.5,1.3,-112.9,0.03,2.68,0.76,-0.07,-1.03,-0.03,-189.5,-20.9,-25.0,0.63,0.64,0.18,0.0,1.032811696293182,2.7858391913389404,0.05095428842671956,0.5,0,0,0.0
2.4306017170001724,38,5465.66,-93.5,1.2,-112.7,-0.11,2.48,0.81,-0.04,-1.04,-0.04,-189.7,-25.5,-31.0,0.63,0.74,-0.14,0.0,1.041537325303323,2.611244913829417,0.04138408622824685,0.5,0,0,0.0
2.442175344000134,39,5465.67,-93.5,1.1,-112.4,-0.2,2.34,0.93,-0.03,-1.04,-0.05,-190.0,-31.0,-55.0,0.64,0.96,-0.01,0.0,1.041633332799983,2.5259651620717176,0.04046231715695536,0.5,0,0,0.0
2.4507179640004324,40,5465.68,-93.5,1.0,-112.2,-0.06,2.31,1.07,-0.02,-1.05,-0.05,-190.4,-36.2,-46.0,0.65,1.05,0.07,0.0,1.0513800454640558,2.5464877773121155,0.030101292403024837,0.5,0,0,0.0
2.4620368970008712,41,5465.69,-93.5,0.9,-112.0,0.32,2.32,1.19,-0.02,-1.04,-0.05,-190.8,-40.9,-47.0,0.66,1.18,0.14,0.0,1.0413932974625868,2.6269564137990566,0.03928627959640396,0.5,0,0,0.0
2.4705922850007482,42,5465.7,-93.4,0.7,-111.7,0.65,2.33,1.26,-0.02,-1.0,-0.04,-191.2,-44.8,-39.0,0.68,1.26,0.06,0.0,1.000999500499376,2.7274530243434074,0.07808647502842248,0.5,0,0,0.0
2.482072481000614,43,5465.71,-93.3,0.6,-111.5,0.78,2.33,1.29,-0.03,-0.97,-0.04,-191.7,-48.7,-35.0,0.69,1.36,-0.08,0.0,0.9712878049270464,2.775139636126442,0.10564220718873707,0.5,0,0,0.0
2.4906130250001297,44,5465.72,-93.3,0.5,-111.2,0.69,2.28,1.29,-0.04,-0.95,-0.04,-192.2,-50.7,-23.0,0.7,1.39,0.07,0.0,0.9516827202382105,2.7089850497926338,0.12274234604002143,0.5,0,0,0.0
2.502095185000144,45,5465.73,-93.2,0.3,-111.0,0.45,2.22,1.28,-0.05,-0.95,-0.04,-192.7,-50.7,0.0,0.72,1.35,0.01,0.0,0.9521554494934112,2.601787846846856,0.11982422444912433,0.5,0,0,0.0
2.5107517020005616,46,5465.74,-93.1,0.2,-110.8,0.34,2.11,1.26,-0.05,-0.96,-0.04,-193.2,-48.0,27.0,0.73,1.23,0.03,0.0,0.9621330469326994,2.480987706539474,0.10764969446963946,0.5,0,0,0.0
2.5221391260001838,47,5465.75,-93.1,0.0,-110.6,0.42,2.03,1.27,-0.05,-0.97,-0.05,-193.7,-44.7,23.0,0.74,1.19,0.03,0.0,0.9725739046468396,2.431090290384131,0.09526466002038925,0.5,0,0,0.0
2.530487706000713,48,5465.76,-93.1,0.0,-110.4,0.58,1.97,1.31,-0.05,-0.96,-0.06,-194.1,-41.9,30.0,0.75,1.09,0.13,0.0,0.96317184344228,2.4358571386680294,0.10257338680044992,0.5,0,0,0.0
2.5420872160002546,49,5465.77,-93.0,-0.2,-110.2,0.72,1.94,1.35,-0.05,-0.96,-0.07,-194.5,-38.7,30.0,0.76,1.0,-0.2,0.0,0.9638464608017192,2.4707286374670936,0.0998607940521905,0.5,0,0,0.0
2.5506709950004733,50,5465.78,-92.9,-0.4,-110.0,0.8,1.93,1.36,-0.06,-0.96,-0.07,-194.9,-34.5,47.0,0.77,0.86,0.01,0.0,0.9644169222903547,2.4928898892650677,0.097304525912284,0.5,0,0,0.0
2.5620433580006647,51,5465.79,-92.9,-0.5,-109.8,0.84,1.91,1.33,-0.07,-0.97,-0.07,-195.2,-28.8,51.0,0.78,0.7,-0.03,0.0,0.9750384607798812,2.4743888134244383,0.0849493276743023,0.5,0,0,0.0
2.5706484940001246,52,5465.8,-92.8,-0.7,-109.6,0.94,1.86,1.25,-0.08,-0.98,-0.06,-195.4,-21.1,80.0,0.79,0.45,-0.06,0.0,0.9850888284819801,2.4301646034785382,0.07340098077275936,0.5,0,0,0.0
2.582033218000106,53,5465.81,-92.7,-0.8,-109.4,1.07,1.78,1.13,-0.09,-0.97,-0.06,-195.5,-12.6,71.0,0.79,0.28,0.0,0.0,0.976012295004525,2.3643603786225142,0.08082796396521019,0.5,0,0,0.0
2.5908416570000554,54,5465.82,-92.6,-1.0,-109.2,1.15,1.65,0.97,-0.1,-0.97,-0.07,-195.6,-5.5,75.0,0.79,0.06,-0.07,0.0,0.9776502442080194,2.2329128957485107,0.07760621446648142,0.5,0,0,0.0
2.6020901630008666,55,5465.83,-92.5,-1.1,-109.0,1.22,1.5,0.81,-0.11,-0.96,-0.06,-195.6,0.0,48.0,0.79,-0.02,-0.01,0.0,0.9681425514871248,2.096306275332877,0.0853716290436285,0.5,0,0,0.0
2.610660929000005,56,5465.84,-92.4,-1.3,-108.9,1.23,1.3,0.62,-0.12,-0.96,-0.07,-195.6,0.1,8.0,0.79,0.0,0.0,0.0,0.97,1.8940168953839878,0.08184389692013827,0.5,0,0,0.0
2.6220625290006865,57,5465.85,-92.3,-1.3,-108.8,1.19,1.14,0.43,-0.13,-0.97,-0.07,-195.6,0.1,6.0,0.79,0.0,0.0,0.0,0.981172767661231,1.7031147935473991,0.06925770667372921,0.5,0,0,0.0
2.6308469530004004,58,5465.86,-92.2,-1.4,-108.7,1.15,0.92,0.24,-0.13,-0.98,-0.08,-195.6,0.1,2.0,0.79,0.0,-0.09,0.0,0.9918165152889923,1.4921461054467822,0.057441679865048445,0.5,0,0,0.0
2.6421408810001594,59,5465.87,-92.1,-1.4,-108.6,1.22,0.75,0.1,-0.13,-0.99,-0.08,-195.6,0.1,3.0,0.79,-0.01,0.05,0.0,1.0016985574512924,1.4355835050598762,0.04660844494869343,0.5,0,0,0.0
2.6506911690003108,60,5465.88,-92.0,-1.4,-108.5,1.33,0.54,-0.02,-0.12,-0.99,-0.08,-195.6,-0.3,-3.0,0.79,0.01,0.11,0.0,1.0004498987955368,1.4355835050598764,0.04689996153235998,0.5,0,0,0.0
2.662087812000209,61,5465.89,-91.8,-1.4,-108.5,1.43,0.31,-0.13,-0.11,-0.99,-0.07,-195.6,0.0,0.0,0.79,0.0,0.0,0.0,0.9985489472229191,1.4689792374298554,0.04782489484287822,0.5,0,0,0.0
2.6708350140006587,62,5465.9,-91.7,-1.5,-108.5,1.46,0.09,-0.24,-0.11,-0.99,-0.08,-195.6,0.0,-1.0,0.79,0.0,-0.15,0.0,0.9992997548283498,1.482329248176666,0.04613260549269871,0.5,0,0,0.0
2.682190176000404,63,5465.91,-91.6,-1.5,-108.5,1.42,-0.09,-0.34,-0.11,-0.99,-0.08,-195.6,0.0,1.0,0.79,0.0,0.01,0.0,0.9992997548283498,1.4629080627298492,0.045209953382844725,0.5,0,0,0.0
2.690618153000287,64,5465.92,-91.5,-1.5,-108.5,1.42,-0.25,-0.41,-0.11,-0.98,-0.08,-195.6,-0.4,-1.0,0.79,0.0,0.01,0.0,0.9893937537704591,1.498999666444259,0.05401363535192072,0.5,0,0,0.0
2.702194731000418,65,5465.93,-91.3,-1.4,-108.5,1.42,-0.4,-0.48,-0.11,-0.97,-0.08,-195.6,-0.5,-2.0,0.79,0.01,-0.03,0.0,0.9794896630388704,1.5513864766717544,0.0626393715618393,0.5,0,0,0.0
2.710665094000433,66,5465.94,-91.2,-1.4,-108.6,1.36,-0.52,-0.57,-0.1,-0.95,-0.09,-195.7,-1.8,-13.0,0.79,0.07,-0.09,0.0,0.9594790253048786,1.563617600310255,0.08099700910991459,0.5,0,0,0.0
2.721943817000465,67,5465.95,-91.1,-1.3,-108.6,1.23,-0.61,-0.68,-0.09,-0.94,-0.1,-195.7,-5.4,-33.0,0.79,0.19,-0.07,0.0,0.9495788540189803,1.532122710490253,0.08907923678789664,0.5,0,0,0.0
2.730647004000275,68,5465.96,-91.0,-1.2,-108.7,0.93,-0.64,-0.77,-0.07,-0.92,-0.1,-195.8,-11.5,-47.0,0.8,0.35,0.05,0.0,0.9280624978954812,1.3665284482951683,0.10838368105316776,0.5,0,0,0.0
2.7419551290004165,69,5465.97,-90.9,-1.1,-108.8,0.48,-0.65,-0.82,-0.06,-0.9,-0.11,-196.0,-17.7,-69.0,0.8,0.58,0.12,0.0,0.9086803618434813,1.1512167476196653,0.1252105007630644,0.5,0,0,0.0
2.750599303000854,70,5465.98,-90.9,-1.1,-108.8,0.01,-0.62,-0.81,-0.05,-0.9,-0.12,-196.2,-27.3,-83.0,0.81,0.83,0.0,0.0,0.9093404203047393,1.0200980345045274,0.1220594334557703,0.5,0,0,0.0
2.7620830200003184,71,5465.99,-90.9,-1.0,-108.9,-0.31,-0.54,-0.82,-0.04,-0.91,-0.12,-196.5,-36.8,-104.0,0.82,1.16,0.3,0.0,0.9187491496594705,1.0296115772464876,0.11039769001901834,0.5,0,0,0.0
2.776218771000458,72,5466.0,-90.9,-0.9,-108.9,-0.5,-0.36,-0.73,-0.03,-0.91,-0.14,-197.0,-49.4,-128.0,0.84,1.61,0.01,0.0,0.9211948762341223,0.9552486587271399,0.10579292417547925,0.5,0,0,0.0
2.7861436020002657,73,5466.01,-91.1,-0.8,-109.0,-0.52,0.04,-0.57,-0.02,-0.94,-0.12,-197.8,-65.6,-144.0,0.86,1.95,-0.06,0.0,0.9478396488858228,0.7725930364687479,0.07756518849330318,0.5,0,0,0.0
2.794811253000262,74,5466.02,-91.2,-0.7,-108.9,-0.46,0.13,-0.54,-0.04,-0.95,-0.11,-198.5,-76.0,-113.0,0.88,2.2,-0.1,0.0,0.957183368012629,0.7211795892841116,0.06685703997916714,0.5,0,0,0.0
2.8061023620002743,75,5466.03,-91.3,-0.7,-108.9,-0.5,0.15,-0.52,-0.06,-0.94,-0.1,-199.3,-84.8,-97.0,0.9,2.44,0.26,0.0,0.9472064188971694,0.7368174807915459,0.07529730931273426,0.5,0,0,0.0
2.814610301000357,76,5466.04,-91.4,-0.7,-108.9,-0.75,0.07,-0.52,-0.07,-0.95,-0.1,-200.2,-92.9,-84.0,0.93,2.64,-0.05,0.0,0.9578100020358944,0.9153141537199128,0.06339985165052897,0.5,0,0,0.0
2.8261287860004813,77,5466.05,-91.5,-0.6,-108.9,-0.89,-0.1,-0.56,-0.1,-0.98,-0.09,-201.2,-99.8,-66.0,0.96,2.78,-0.04,0.0,0.9891915891272024,1.0562670116973265,0.03137789926803658,0.5,0,0,0.0
2.8347209340008703,78,5466.06,-91.6,-0.6,-108.9,-1.07,-0.39,-0.63,-0.13,-0.99,-0.08,-202.2,-103.7,-44.0,0.99,2.86,0.0,0.0,1.0016985574512924,1.3014991356124674,0.018493512325067574,0.5,0,0,0.0
2.8460519200007184,79,5466.07,-91.7,-0.5,-109.0,-1.23,-0.76,-0.63,-0.16,-0.99,-0.05,-203.3,-107.4,-34.0,1.01,2.96,0.08,0.0,1.0040916292848974,1.5771493271088823,0.015778431681633398,0.5,0,0,0.0
2.854673355000159,80,5466.08,-91.8,-0.4,-109.1,-1.54,-1.08,-0.51,-0.16,-0.99,-0.07,-204.4,-110.1,-33.0,1.04,3.05,0.16,0.0,1.0052860289489753,1.9488714683118535,0.014292351377204415,0.5,0,0,0.0
2.866243062000649,81,5466.09,-92.0,-0.4,-109.2,-1.61,-1.31,-0.43,-0.15,-1.03,-0.08,-205.5,-113.7,-36.0,1.08,3.15,0.04,0.0,1.0439348638684312,2.1196933740520114,0.023869353871406318,0.5,0,0,0.0
2.8745804480004153,82,5466.1,-92.1,-0.4,-109.4,-1.48,-1.58,-0.48,-0.14,-1.04,-0.06,-206.7,-116.4,-24.0,1.11,3.18,0.0,0.0,1.051094667477673,2.217476042711623,0.030408574331035387,0.5,0,0,0.0
2.8862700210002004,83,5466.11,-92.3,-0.3,-109.6,-1.39,-1.92,-0.54,-0.13,-1.02,-0.06,-207.9,-119.0,-26.0,1.14,3.28,0.07,0.0,1.03,2.431069723393387,0.009127628716295133,0.5,0,0,0.0
2.8946550540003955,84,5466.12,-92.4,-0.3,-109.8,-1.38,-2.14,-0.56,-0.11,-1.02,-0.05,-209.1,-121.4,-18.0,1.17,3.32,-0.08,0.0,1.0271319292087069,2.607220742476555,0.00613436676650192,0.5,0,0,0.0
2.9060938090005948,85,5466.13,-92.6,-0.4,-110.0,-1.66,-2.26,-0.39,-0.08,-1.04,-0.05,-210.3,-123.0,-26.0,1.21,3.41,-0.03,0.0,1.044270080008041,2.831130516242584,0.022807067214519305,0.5,0,0,0.0
2.9145311930005846,86,5466.14,-92.8,-0.4,-110.2,-1.89,-2.25,0.02,-0.02,-1.12,-0.04,-211.5,-126.4,-23.0,1.24,3.47,-0.04,0.0,1.1208925015361644,2.938537050983023,0.09744089896778996,0.5,0,0,0.0
2.926069071000711,87,5466.15,-92.9,-0.4,-110.4,-1.62,-1.98,0.61,0.05,-1.24,-0.03,-212.8,-128.0,-20.0,1.28,3.5,0.04,0.0,1.2413702106946178,2.63,0.21356023596371854,0.5,0,0,0.0
2.934647932000189,88,5466.16,-93.0,-0.5,-110.6,-0.81,-1.75,1.15,0.13,-1.31,0.0,-214.1,-129.9,-13.0,1.31,3.53,0.05,0.0,1.3164345787011218,2.2452394081700953,0.28285211189081805,0.5,0,0,0.0
2.946123677000287,89,5466.17,-93.1,-0.6,-110.8,0.51,-1.58,1.55,0.16,-1.3,0.02,-215.4,-130.2,-8.0,1.35,3.56,-0.14,0.0,1.3099618315050252,2.2713432149281183,0.270851777400827,0.5,0,0,0.0
2.9546408170008363,90,5466.18,-92.9,-0.8,-110.9,1.41,-1.51,1.49,0.11,-1.19,0.02,-216.7,-131.3,-5.0,1.38,3.55,0.1,0.0,1.195240561560726,2.5472141645334814,0.15300789730739717,0.5,0,0,0.0
2.9661131630000455,91,5466.19,-92.8,-0.9,-111.1,1.31,-1.57,1.21,0.01,-1.07,0.05,-218.0,-131.1,-1.0,1.42,3.56,-0.05,0.0,1.0712142642814275,2.3759419184820154,0.028401968027536695,0.5,0,0,0.0
2.97453259500071,92,5466.2,-92.7,-1.0,-111.2,0.46,-1.8,0.85,-0.08,-1.02,0.1,-219.3,-130.7,3.0,1.45,3.54,-0.2,0.0,1.0280077820717117,2.0430614283471753,0.014508423898535572,0.5,0,0,0.0
2.986082382000859,93,5466.21,-92.6,-1.1,-111.4,-0.3,-2.24,0.36,-0.16,-1.04,0.12,-220.7,-130.9,-4.0,1.49,3.59,0.09,0.0,1.0590561835898982,2.2884929538890875,0.016209178067257746,0.5,0,0,0.0
2.994533430000047,94,5466.22,-92.7,-1.1,-111.7,-0.48,-2.75,-0.12,-0.21,-1.06,0.13,-222.0,-132.8,-15.0,1.53,3.64,0.04,0.0,1.088393311262064,2.7941546127585712,0.04463537962463526,0.5,0,0,0.0
3.0060579160008274,95,5466.23,-92.7,-1.1,-112.0,-0.3,-3.2,-0.43,-0.22,-1.03,0.11,-223.3,-136.9,-40.0,1.56,3.82,-0.05,0.0,1.0589617556833675,3.242668654056409,0.014899747565019883,0.5,0,0,0.0
3.0145404450004207,96,5466.24,-92.7,-1.1,-112.3,-0.02,-3.55,-0.5,-0.19,-0.98,0.1,-224.7,-143.5,-58.0,1.6,4.01,-0.1,0.0,1.0032447358446492,3.5850941410233568,0.040000926828224426,0.5,0,0,0.0
3.026029781000034,97,5466.25,-92.7,-1.1,-112.7,0.13,-3.86,-0.4,-0.13,-0.94,0.08,-226.2,-151.9,-84.0,1.65,4.28,0.14,0.0,0.9523129737644027,3.8828468937108505,0.08911403513030147,0.5,0,0,0.0
3.0345672290004586,98,5466.26,-92.7,-1.0,-113.1,0.17,-4.11,-0.21,-0.04,-0.9,0.07,-227.8,-161.7,-94.0,1.69,4.55,0.09,0.0,0.9036038955205982,4.118871204589918,0.13506665110662397,0.5,0,0,0.0
3.0460807360004765,99,5466.27,-92.6,-1.0,-113.5,0.18,-4.28,0.0,0.03,-0.89,0.06,-229.5,-173.0,-108.0,1.74,4.85,-0.12,0.0,0.8925245094673872,4.283783374541715,0.14322311641663832,0.5,0,0,0.0
3.054652496000017,100,5466.28,-92.6,-1.1,-113.9,0.2,-4.29,0.2,0.09,-0.9,0.05,-231.3,-183.5,-100.0,1.79,5.13,-0.03,0.0,0.905869747811461,4.299313898751753,0.12728032051111327,0.5,0,0,0.0
3.0662547570000243,101,5466.29,-92.6,-1.1,-114.4,0.29,-4.19,0.31,0.11,-0.92,0.05,-233.2,-192.6,-87.0,1.84,5.32,0.0,0.0,0.9279008567729636,4.211448681867084,0.1031442273186185,0.5,0,0,0.0
3.0747652740001286,102,5466.3,-92.5,-1.2,-114.8,0.45,-4.1,0.38,0.11,-0.94,0.06,-235.2,-196.4,-36.0,1.89,5.32,0.12,0.0,0.9483142938920619,4.142088845015278,0.08107617439552972,0.5,0,0,0.0
3.0861915050008975,103,5466.31,-92.5,-1.2,-115.2,0.61,-3.91,0.39,0.1,-0.94,0.05,-237.1,-193.6,18.0,1.95,5.15,-0.06,0.0,0.9466255859631092,3.976468282282659,0.08110958467799279,0.5,0,0,0.0
3.0947029760000078,104,5466.32,-92.4,-1.3,-115.6,0.63,-3.71,0.33,0.1,-0.96,0.05,-239.0,-183.6,92.0,2.0,4.77,-0.19,0.0,0.9664884893261791,3.7775521174432525,0.06002174768862445,0.5,0,0,0.0
3.106185872000424,105,5466.33,-92.3,-1.3,-115.9,0.54,-3.51,0.18,0.09,-0.97,0.06,-240.7,-167.7,147.0,2.04,4.28,-0.09,0.0,0.976012295004525,3.555854327724914,0.04948798317007308,0.5,0,0,0.0
3.1147806100007074,106,5466.34,-92.3,-1.4,-116.3,0.36,-3.36,0.02,0.08,-0.98,0.07,-242.3,-148.2,183.0,2.08,3.7,-0.14,0.0,0.9857484466130291,3.379289866229294,0.038956794930337546,0.5,0,0,0.0
3.126099135000004,107,5466.35,-92.2,-1.4,-116.6,0.28,-3.29,-0.15,0.07,-0.98,0.07,-243.6,-123.2,251.0,2.11,2.9,0.04,0.0,0.9849873095629201,3.305298776207682,0.038923573340837625,0.5,0,0,0.0
3.134699501000796,108,5466.36,-92.2,-1.4,-116.9,0.22,-3.21,-0.26,0.06,-0.99,0.06,-244.6,-92.3,297.0,2.13,2.01,-0.08,0.0,0.9936297097007517,3.228017967731902,0.029675549738945928,0.5,0,0,0.0
3.146207832000073,109,5466.37,-92.2,-1.3,-117.2,0.12,-3.16,-0.36,0.03,-1.0,0.05,-245.3,-57.4,347.0,2.15,0.97,-0.29,0.0,1.0016985574512922,3.182703253525217,0.021174567948637257,0.5,0,0,0.0
3.154626618000293,110,5466.38,-92.1,-1.3,-117.6,0.0,-3.13,-0.4,0.0,-1.01,0.05,-245.6,-17.3,384.0,2.15,-0.09,-0.02,0.0,1.011236866416568,3.1554555930958683,0.011403533803694188,0.5,0,0,0.0
3.1660705830008737,111,5466.39,-92.0,-1.2,-117.9,0.0,-3.12,-0.5,-0.02,-1.03,0.05,-245.5,15.9,310.0,2.14,-0.77,0.06,0.0,1.031406806260265,3.159810120877519,0.008591077919202661,0.5,0,0,0.0
3.1746628150003744,112,5466.4,-92.0,-1.2,-118.2,0.0,-3.11,-0.62,-0.04,-1.03,0.05,-245.2,38.9,259.0,2.13,-1.38,-0.13,0.0,1.0319883720275147,3.17119851160409,0.008989190812723313,0.5,0,0,0.0
3.1860842290006985,113,5466.41,-91.9,-1.2,-118.5,-0.01,-3.18,-0.76,-0.05,-1.03,0.05,-244.7,60.6,224.0,2.11,-1.96,0.03,0.0,1.0324243313676793,3.2695718374123546,0.00923664714983019,0.5,0,0,0.0
3.194693649000328,114,5466.42,-91.9,-1.1,-118.8,-0.07,-3.27,-0.87,-0.05,-1.02,0.05,-243.9,83.2,227.0,2.09,-2.6,-0.42,0.0,1.0224480426897007,3.3844792804802335,0.0007248486975854895,0.5,0,0,0.0
3.2062111460008964,115,5466.43,-91.8,-1.0,-119.2,-0.07,-3.38,-0.96,-0.04,-1.0,0.05,-242.9,107.5,248.0,2.06,-3.28,-0.07,0.0,1.0020479030465559,3.514384725666784,0.020702488573915767,0.5,0,0,0.0
3.214757907000603,116,5466.44,-91.8,-1.0,-119.5,-0.05,-3.49,-1.02,-0.02,-1.0,0.05,-241.7,130.8,230.0,2.02,-3.92,0.0,0.0,1.0014489502715553,3.636344318130504,0.02087541252193792,0.5,0,0,0.0
3.226073250000809,117,5466.45,-91.7,-0.9,-119.9,-0.05,-3.58,-0.98,0.0,-0.98,0.03,-240.2,154.4,241.0,1.98,-4.57,-0.27,0.0,0.9804590761474953,3.7120479522764787,0.04102798091307791,0.5,0,0,0.0
3.2346445520006455,118,5466.46,-91.7,-0.8,-120.2,-0.08,-3.61,-0.92,0.02,-0.99,0.01,-238.5,179.6,248.0,1.93,-5.27,-0.07,0.0,0.9902524930541705,3.7262447584666254,0.03060987272627469,0.5,0,0,0.0
3.246262960000422,119,5466.47,-91.7,-0.7,-120.6,-0.08,-3.56,-0.87,0.05,-1.0,-0.02,-236.5,206.6,262.0,1.87,-6.01,-0.34,0.0,1.0014489502715553,3.665637734419483,0.019025147198712178,0.5,0,0,0.0
3.2548048350008685,120,5466.48,-91.7,-0.5,-121.0,-0.04,-3.42,-0.81,0.07,-1.01,-0.04,-234.3,231.4,240.0,1.8,-6.62,0.0,0.0,1.0132127121192271,3.5148399679075006,0.007116157644019516,0.5,0,0,0.0
3.2661848790003205,121,5466.49,-91.7,-0.4,-121.3,0.02,-3.23,-0.79,0.08,-1.02,-0.05,-231.8,252.8,223.0,1.73,-7.19,0.1,0.0,1.02435345462394,3.325266906580583,0.003944093163479323,0.5,0,0,0.0
3.27477633000035,122,5466.5,-91.7,-0.3,-121.6,0.12,-3.07,-0.8,0.09,-1.0,-0.05,-229.1,274.2,212.0,1.66,-7.74,-0.18,0.0,1.0052860289489753,3.1747913317255985,0.014820865861255639,0.5,0,0,0.0
3.28632235600071,123,5466.51,-91.7,-0.2,-121.9,0.09,-2.89,-0.81,0.07,-0.98,-0.07,-226.2,293.4,199.0,1.58,-8.24,-0.11,0.0,0.9849873095629201,3.0027154377329865,0.03441719354236461,0.5,0,0,0.0
3.298669462000362,124,5466.52,-91.7,-0.1,-122.2,0.06,-2.69,-0.85,0.06,-0.97,-0.09,-223.2,309.4,164.0,1.49,-8.66,0.04,0.0,0.976012295004525,2.8217370536603865,0.04252436393874459,0.5,0,0,0.0
3.306666733000384,125,5466.53,-91.8,0.0,-122.4,0.03,-2.49,-0.92,0.05,-0.96,-0.09,-220.0,325.9,168.0,1.4,-9.09,0.23,0.0,0.9655050491841044,2.6546939559956813,0.051970977563981835,0.5,0,0,0.0
3.314659193000807,126,5466.54,-91.8,0.1,-122.7,-0.05,-2.26,-0.98,0.04,-0.95,-0.1,-216.6,338.4,111.0,1.31,-9.26,-0.21,0.0,0.9560857702110204,2.46383846873126,0.06016245140632459,0.5,0,0,0.0
3.3261120190009024,127,5466.55,-91.9,0.2,-122.9,-0.06,-2.06,-1.03,0.04,-0.95,-0.1,-213.2,340.7,44.0,1.22,-9.28,0.08,0.0,0.9560857702110204,2.3039314225905247,0.05895920237819818,0.5,0,0,0.0
3.334669894000399,128,5466.56,-91.9,0.3,-123.1,0.02,-1.87,-1.01,0.06,-0.94,-0.11,-209.8,344.1,41.0,1.12,-9.39,0.03,0.0,0.9483142938920619,2.125417606024755,0.0653960651232135,0.5,0,0,0.0
3.3460392670003785,129,5466.57,-91.9,0.4,-123.3,0.09,-1.66,-0.94,0.09,-0.94,-0.13,-206.4,341.4,-41.0,1.03,-9.09,0.07,0.0,0.9532051195833979,1.9097905644337025,0.05929513464323999,0.5,0,0,0.0
3.3547543670001687,130,5466.58,-91.9,0.5,-123.4,0.14,-1.41,-0.83,0.11,-0.96,-0.15,-203.0,327.5,-107.0,0.94,-8.72,0.04,0.0,0.9778547949465708,1.6421327595538673,0.03395255009446574,0.5,0,0,0.0
3.3660908760002712,131,5466.59,-91.9,0.6,-123.6,0.16,-1.12,-0.75,0.13,-0.98,-0.16,-199.8,315.7,-116.0,0.86,-8.35,0.03,0.0,1.0014489502715553,1.357387196049823,0.010151226874091535,0.5,0,0,0.0
3.3745587040002647,132,5466.6,-91.9,0.6,-123.7,0.18,-0.89,-0.64,0.14,-0.99,-0.16,-196.8,297.9,-175.0,0.78,-7.76,0.01,0.0,1.0125709851659783,1.1109005356016353,0.0009513918599248772,0.5,0,0,0.0
3.3860625350007467,133,5466.61,-91.8,0.7,-123.7,0.27,-0.64,-0.54,0.13,-1.01,-0.17,-194.0,276.4,-191.0,0.7,-7.22,0.03,0.0,1.0324243313676793,0.8798295289429652,0.02038864330039325,0.5,0,0,0.0
3.394559945000765,134,5466.62,-91.8,0.7,-123.8,0.39,-0.43,-0.41,0.12,-1.0,-0.16,-191.3,259.9,-154.0,0.63,-6.89,0.09,0.0,1.019803902718557,0.7107038764492564,0.007612850358245549,0.5,0,0,0.0
3.4059748880008556,135,5466.63,-91.8,0.8,-123.8,0.54,-0.29,-0.28,0.1,-0.98,-0.15,-188.8,249.3,-120.0,0.57,-6.63,0.09,0.0,0.9964436762808021,0.6738694235532579,0.015432428557919153,0.5,0,0,0.0
3.4187624370006233,136,5466.64,-91.7,0.8,-123.9,0.66,-0.17,-0.12,0.09,-0.96,-0.15,-186.4,240.1,-96.0,0.5,-6.4,0.0,0.0,0.9758073580374356,0.6920260110718383,0.035347371865259936,0.5,0,0,0.0
3.430747144000634,137,5466.65,-91.6,0.8,-123.9,0.78,-0.01,0.05,0.08,-0.94,-0.16,-184.0,234.7,-54.0,0.44,-6.34,-0.08,0.0,0.9568698971124548,0.7816648898345121,0.05319913613443583,0.5,0,0,0.0
3.4384970810006052,138,5466.66,-91.5,0.8,-123.9,0.81,0.15,0.13,0.08,-0.94,-0.15,-181.7,234.8,-6.0,0.38,-6.42,-0.08,0.0,0.9552486587271399,0.8339664261827332,0.05372396702935578,0.5,0,0,0.0
3.446733363000021,139,5466.67,-91.5,0.8,-123.8,0.8,0.27,0.19,0.08,-0.92,-0.15,-179.3,236.3,3.0,0.31,-6.41,-0.02,0.0,0.9355746896961247,0.8654478609367523,0.07192997733916362,0.5,0,0,0.0
3.454727264000212,140,5466.68,-91.4,0.7,-123.8,0.77,0.48,0.24,0.09,-0.91,-0.16,-176.9,237.4,18.0,0.25,-6.51,0.06,0.0,0.9283318372220141,0.9385627309881849,0.07758937321700865,0.5,0,0,0.0
3.466251306000231,141,5466.69,-91.3,0.7,-123.7,0.75,0.7,0.3,0.1,-0.89,-0.17,-174.5,242.2,47.0,0.18,-6.69,0.05,0.0,0.9115920140062659,1.0688779163215976,0.0924426125041018,0.5,0,0,0.0
3.474756728000102,142,5466.7,-91.2,0.7,-123.7,0.75,0.95,0.38,0.11,-0.89,-0.18,-172.1,250.2,70.0,0.11,-6.91,-0.05,0.0,0.91465840618233,1.2686212988910441,0.08758869592147689,0.5,0,0,0.0
3.4860870970005635,143,5466.71,-91.1,0.6,-123.5,0.74,1.23,0.45,0.12,-0.89,-0.19,-169.5,255.1,35.0,0.04,-6.94,0.17,0.0,0.9179324593890337,1.5043270920913443,0.08262834986047762,0.5,0,0,0.0
3.4947195260001536,144,5466.72,-91.1,0.6,-123.4,0.73,1.5,0.54,0.14,-0.88,-0.19,-167.0,256.4,28.0,-0.02,-7.03,0.0,0.0,0.9110982383914481,1.7534252193920332,0.08767331944090195,0.5,0,0,0.0
3.5062070950007183,145,5466.73,-91.0,0.5,-123.2,0.67,1.76,0.62,0.15,-0.88,-0.2,-164.4,260.3,39.0,-0.09,-7.12,0.16,0.0,0.9148223871331528,1.9826497421380307,0.08227018728521329,0.5,0,0,0.0
3.514684951000163,146,5466.74,-90.9,0.5,-123.0,0.56,1.99,0.7,0.15,-0.9,-0.2,-161.8,261.0,-8.0,-0.16,-6.99,0.07,0.0,0.9340770846134703,2.182590204321462,0.06175518000879787,0.5,0,0,0.0
3.526235318000545,147,5466.75,-90.9,0.4,-122.8,0.48,2.2,0.8,0.14,-0.92,-0.2,-159.2,252.5,-69.0,-0.23,-6.69,-0.09,0.0,0.9518403227432635,2.389644324999016,0.04311210304142454,0.5,0,0,0.0
3.5346600390003005,148,5466.76,-90.8,0.3,-122.6,0.49,2.34,0.91,0.12,-0.93,-0.19,-156.8,239.2,-120.0,-0.29,-6.26,0.24,0.0,0.9567653839891994,2.558085221410733,0.0374233009595788,0.5,0,0,0.0
3.5467019270008677,149,5466.77,-90.8,0.2,-122.4,0.5,2.45,1.02,0.11,-0.94,-0.17,-154.5,221.9,-169.0,-0.35,-5.72,0.08,0.0,0.9615612304996495,2.700536983638625,0.03197490536014613,0.5,0,0,0.0
3.5546248660002675,150,5466.78,-90.7,0.1,-122.1,0.47,2.47,1.05,0.1,-0.94,-0.15,-152.4,200.8,-204.0,-0.4,-5.08,0.0,0.0,0.9571311299921239,2.7247568698876607,0.03567690575031823,0.5,0,0,0.0
3.5659658710001167,151,5466.79,-90.7,0.0,-121.9,0.4,2.48,1.1,0.08,-0.93,-0.15,-150.6,172.0,-288.0,-0.45,-4.15,0.08,0.0,0.9454099639838793,2.7423347716863455,0.046450110323391525,0.5,0,0,0.0
3.574816139000177,152,5466.8,-90.7,0.0,-121.6,0.27,2.51,1.21,0.04,-0.91,-0.15,-149.1,136.2,-344.0,-0.48,-3.11,0.18,0.0,0.9231467922275417,2.7994820949597083,0.06733901643813456,0.5,0,0,0.0
3.586136615000214,153,5466.81,-90.6,-0.1,-121.4,0.16,2.59,1.33,0.02,-0.91,-0.14,-148.0,99.2,-351.0,-0.51,-2.16,0.24,0.0,0.9209234495874237,2.9159218096512807,0.06817111189668756,0.5,0,0,0.0
3.5944839220001086,154,5466.82,-90.7,-0.2,-121.1,0.03,2.57,1.33,0.01,-0.93,-0.1,-147.3,63.8,-346.0,-0.52,-1.24,0.17,0.0,0.9354143466934854,2.893907393127845,0.0526066104948133,0.5,0,0,0.0
3.6063896930008923,155,5466.83,-90.7,-0.4,-120.8,-0.08,2.42,1.25,0.01,-0.94,-0.07,-146.9,31.5,-315.0,-0.53,-0.44,0.07,0.0,0.9426558226627574,2.724940366319968,0.04445783183503049,0.5,0,0,0.0
3.618597083000168,156,5466.84,-90.8,-0.5,-120.6,-0.17,2.22,1.15,0.01,-0.92,-0.08,-146.7,3.1,-287.0,-0.53,0.23,0.07,0.0,0.9235258523723091,2.5059529125663955,0.062316046082969145,0.5,0,0,0.0
3.6265745210002933,157,5466.85,-90.8,-0.6,-120.4,-0.19,2.06,1.09,0.02,-0.9,-0.12,-146.8,-10.6,-135.0,-0.53,0.32,0.02,0.0,0.9081850031794183,2.3383327393679454,0.0761037573703427,0.5,0,0,0.0
3.6347577150008874,158,5466.86,-90.9,-0.7,-120.2,-0.15,2.03,1.1,0.03,-0.9,-0.17,-147.0,-16.1,-113.0,-0.52,0.66,0.05,0.0,0.9164060235506967,2.313741558601565,0.06652508225908305,0.5,0,0,0.0
3.6460993640002926,159,5466.87,-90.9,-0.8,-120.0,-0.2,2.13,1.11,0.03,-0.93,-0.19,-147.2,-31.9,-150.0,-0.51,1.13,0.32,0.0,0.9496841580230767,2.410186714758838,0.032582008830968956,0.5,0,0,0.0
3.6546673890006787,160,5466.88,-90.9,-0.9,-119.7,-0.61,2.35,0.91,0.02,-1.05,-0.19,-147.7,-52.8,-198.0,-0.49,1.75,0.01,0.0,1.067239429556461,2.5928170008699034,0.08327379744836694,0.5,0,0,0.0
3.666276320000179,161,5466.89,-91.0,-0.9,-119.5,-1.42,2.63,0.46,-0.05,-1.18,-0.17,-148.4,-71.5,-176.0,-0.47,2.19,-0.24,0.0,1.1932309080810803,3.0240535709540595,0.20507997045352666,0.5,0,0,0.0
3.6747865640008968,162,5466.9,-91.2,-1.0,-119.2,-1.79,2.62,-0.07,-0.05,-1.22,-0.12,-149.2,-91.6,-221.0,-0.45,2.91,0.07,0.0,1.226906679417795,3.173862000780752,0.23398062695443644,0.5,0,0,0.0
3.685975299000347,163,5466.91,-91.5,-0.9,-119.0,-1.62,2.51,-0.47,0.0,-1.2,-0.14,-150.3,-122.9,-309.0,-0.41,3.89,0.22,0.0,1.2081390648431165,3.0241362403172247,0.21090875213216287,0.5,0,0,0.0
3.6946641460008323,164,5466.92,-91.6,-0.9,-118.7,-1.36,2.27,-0.71,0.03,-1.12,-0.16,-151.8,-158.6,-332.0,-0.37,4.78,0.0,0.0,1.1317685275708986,2.739817512171203,0.13184745056274605,0.5,0,0,0.0
3.7064106010002433,165,5466.93,-91.8,-0.8,-118.5,-1.55,2.06,-0.8,0.04,-1.05,-0.16,-153.6,-187.3,-277.0,-0.31,5.42,0.0,0.0,1.0628734637763801,2.6992776811584247,0.061693339032863115,0.5,0,0,0.0
3.714668506000635,166,5466.94,-92.0,-0.7,-118.3,-1.78,1.91,-0.91,0.03,-1.04,-0.13,-155.6,-207.2,-212.0,-0.26,5.88,-0.18,0.0,1.0485227703774487,2.76488697779855,0.04639579272125305,0.5,0,0,0.0
3.726137354000457,167,5466.95,-92.2,-0.5,-118.1,-1.96,1.75,-1.1,0.03,-1.07,-0.09,-157.8,-222.6,-168.0,-0.19,6.25,0.0,0.0,1.074197374787334,2.8485259345844125,0.07062898918851546,0.5,0,0,0.0
3.7347836290000487,168,5466.96,-92.4,-0.4,-118.0,-2.27,1.51,-1.33,0.01,-1.13,-0.04,-160.1,-233.3,-107.0,-0.13,6.41,0.04,0.0,1.130751962191532,3.0334633671762052,0.12463990506085931,0.5,0,0,0.0
3.7460718590000397,169,5466.97,-92.7,-0.2,-117.9,-2.7,1.13,-1.71,-0.02,-1.21,0.0,-162.5,-235.7,-32.0,-0.07,6.37,0.0,0.0,1.2101652779682617,3.389837754229544,0.1999721564208372,0.5,0,0,0.0
3.754556796000543,170,5466.98,-92.9,0.0,-117.8,-2.9,0.72,-2.1,-0.03,-1.3,0.05,-164.8,-231.7,29.0,0.0,6.17,-0.15,0.0,1.3013070352534024,3.6521774327105194,0.2852916354318584,0.5,0,0,0.0
3.7660839340005623,171,5466.99,-93.2,0.1,-117.7,-3.01,0.36,-2.74,-0.07,-1.41,0.06,-167.1,-224.8,45.0,0.05,6.05,0.0,0.0,1.4130109695257145,4.086232984057566,0.38905565831008704,0.5,0,0,0.0
3.774748723000812,172,5467.0,-93.2,0.1,-117.7,-3.01,0.36,-2.74,-0.07,-1.41,0.06,-168.7,-222.1,44.0,0.11,5.95,-0.01,0.0,1.4130109695257145,4.086232984057566,0.38127454514388526,0.5,0,0,0.0
3.7862333430002764,173,5467.01,-93.8,0.7,-117.8,-2.85,-0.23,-3.6,-0.14,-1.37,0.0,-171.7,-214.9,74.0,0.16,5.72,0.06,0.0,1.3771347065556079,4.5973253093510795,0.33849031653030304,0.5,0,0,0.0
3.794794163000006,174,5467.02,-94.0,1.1,-117.8,-1.58,-0.37,-3.33,-0.05,-1.18,-0.03,-173.8,-203.5,111.0,0.22,5.35,-0.05,0.0,1.1814397995666135,3.7043487956724594,0.1399395013504825,0.5,0,0,0.0
3.806323433000216,175,5467.03,-94.1,1.4,-117.9,-0.63,-0.18,-2.54,0.09,-1.01,-0.05,-175.7,-188.6,139.0,0.27,4.94,0.16,0.0,1.0152339631828715,2.6231469650021517,0.025741008332594184,0.5,0,0,0.0
3.8146917740004938,176,5467.04,-94.1,1.6,-117.9,-0.71,0.16,-1.62,0.24,-0.93,-0.04,-177.3,-175.5,138.0,0.32,4.57,-0.07,0.0,0.9613012014972208,1.7759786034747154,0.07808029461788013,0.5,0,0,0.0
3.8261005670001396,177,5467.05,-94.2,1.7,-117.9,-1.2,0.64,-0.88,0.34,-0.92,-0.04,-179.0,-162.7,125.0,0.36,4.26,-0.09,0.0,0.9816312953446422,1.6198765385053269,0.05659519675504954,0.5,0,0,0.0
3.8347790170000735,178,5467.06,-94.4,1.8,-117.8,-1.55,1.38,-0.28,0.37,-0.92,-0.06,-180.5,-152.0,113.0,0.4,3.95,-0.06,0.0,0.9934284070832684,2.0941107898103195,0.04390212331609478,0.5,0,0,0.0
3.84623393900074,179,5467.07,-94.5,1.8,-117.6,-1.44,2.26,0.2,0.33,-0.94,-0.04,-182.0,-140.2,120.0,0.44,3.61,-0.17,0.0,0.9970456358662827,2.6872290561096572,0.039479196642418835,0.5,0,0,0.0
3.8548251990005156,180,5467.08,-94.6,1.8,-117.3,-0.85,3.13,0.56,0.26,-0.93,0.0,-183.3,-128.0,114.0,0.47,3.34,-0.13,0.0,0.9656603957913984,3.291352305664041,0.06944714798295715,0.5,0,0,0.0
3.8662340930004575,181,5467.09,-94.7,1.7,-117.0,-0.29,3.88,0.76,0.17,-0.91,0.03,-184.5,-118.8,95.0,0.5,3.08,0.05,0.0,0.9262289133902051,3.964353667371265,0.10670105777646754,0.5,0,0,0.0
3.8746778420008923,182,5467.1,-94.6,1.7,-116.5,0.14,4.48,0.81,0.06,-0.88,0.05,-185.6,-109.4,96.0,0.53,2.83,0.0,0.0,0.8834591105421914,4.554788688841668,0.14648144341199165,0.5,0,0,0.0
3.886092335000285,183,5467.11,-94.6,1.7,-116.0,0.44,4.88,0.69,-0.01,-0.86,0.09,-186.6,-99.3,103.0,0.56,2.56,0.07,0.0,0.8647543003651383,4.948141065086968,0.1618825285172638,0.5,0,0,0.0
3.894753227000365,184,5467.12,-94.5,1.6,-115.5,0.4,5.05,0.48,-0.08,-0.87,0.12,-187.6,-89.2,112.0,0.58,2.19,0.01,0.0,0.8818730067305609,5.088506657163769,0.14186854570880447,0.5,0,0,0.0
3.906153533000179,185,5467.13,-94.5,1.6,-115.0,0.0,4.98,0.15,-0.14,-0.89,0.12,-188.3,-73.0,148.0,0.6,1.73,-0.11,0.0,0.9089004345911602,4.982258524002945,0.11254429549124101,0.5,0,0,0.0
3.914533250000204,186,5467.14,-94.5,1.7,-114.5,-0.31,4.92,-0.08,-0.17,-0.92,0.11,-189.0,-57.1,145.0,0.62,1.34,-0.23,0.0,0.942019108086455,4.9304056628232935,0.0778371095560274,0.5,0,0,0.0
3.9262478040000133,187,5467.15,-94.5,1.7,-114.1,-0.18,4.71,-0.31,-0.16,-0.95,0.13,-189.4,-42.4,140.0,0.63,0.97,-0.16,0.0,0.972111104761179,4.723621492033416,0.046790210623677275,0.5,0,0,0.0
3.9346934030008924,188,5467.16,-94.5,1.8,-113.6,0.21,4.38,-0.47,-0.13,-0.95,0.11,-189.8,-31.5,107.0,0.63,0.74,-0.08,0.0,0.9651424765287248,4.410147389827238,0.052683662079008875,0.5,0,0,0.0
3.9460153390000414,189,5467.17,-94.5,1.9,-113.2,0.3,4.01,-0.56,-0.11,-0.94,0.08,-190.0,-25.5,73.0,0.64,0.58,-0.07,0.0,0.949789450352024,4.060012315252258,0.06667595449059538,0.5,0,0,0.0
3.954505493000397,190,5467.18,-94.4,2.0,-112.8,-0.02,3.73,-0.58,-0.11,-0.94,0.05,-190.2,-18.3,68.0,0.65,0.44,0.04,0.0,0.9477341399358787,3.774877481455524,0.06735663960860583,0.5,0,0,0.0
3.9658894359999977,191,5467.19,-94.4,2.1,-112.5,-0.41,3.43,-0.5,-0.11,-0.96,0.04,-190.4,-18.6,-5.0,0.65,0.6,0.07,0.0,0.9671090941563936,3.4904154480519938,0.04702205168032925,0.5,0,0,0.0
3.974120280000534,192,5467.2,-94.5,2.1,-112.1,-0.57,3.13,-0.34,-0.09,-1.0,0.03,-190.7,-25.4,-44.0,0.66,0.78,-0.06,0.0,1.0044899203078146,3.199593724209372,0.00944840101833,0.5,0,0,0.0
3.9866962270007207,193,5467.21,-94.5,2.2,-111.9,-0.52,2.79,-0.14,-0.07,-1.04,0.0,-191.0,-32.3,-67.0,0.67,1.0,-0.06,0.0,1.0423531071570709,2.8414960848116615,0.027846490114307842,0.5,0,0,0.0
3.9946790770000007,194,5467.22,-94.6,2.2,-111.6,-0.44,2.55,0.16,-0.06,-1.04,-0.02,-191.3,-42.3,-99.0,0.68,1.33,0.05,0.0,1.0419213022104885,2.592624153247053,0.026866391464370976,0.5,0,0,0.0
4.006203898000422,195,5467.23,-94.6,2.2,-111.3,-0.24,2.33,0.45,-0.05,-1.07,-0.03,-191.9,-54.6,-117.0,0.7,1.7,0.01,0.0,1.0715876072445034,2.38516246826081,0.055402042568418075,0.5,0,0,0.0
4.014612777000366,196,5467.24,-94.6,2.1,-111.1,0.09,2.11,0.56,-0.05,-1.1,-0.03,-192.5,-69.5,-145.0,0.72,2.1,0.07,0.0,1.101544370418187,2.1849027438309467,0.0836516296272598,0.5,0,0,0.0
4.026264480000464,197,5467.25,-94.5,2.0,-110.9,0.51,1.96,0.63,-0.05,-1.04,-0.02,-193.3,-82.6,-126.0,0.74,2.41,-0.03,0.0,1.0413932974625868,2.120990334725738,0.023030545538226255,0.5,0,0,0.0
4.034832431000723,198,5467.26,-94.4,1.9,-110.7,0.57,1.81,0.76,-0.04,-1.02,-0.02,-194.2,-94.0,-114.0,0.77,2.7,0.19,0.0,1.0209799214480175,2.044162420161373,0.002564826133183873,0.5,0,0,0.0
4.046545215000151,199,5467.27,-94.3,1.8,-110.5,0.51,1.66,0.83,-0.04,-1.0,-0.01,-195.2,-103.3,-90.0,0.79,2.89,0.0,0.0,1.0008496390567367,1.9247337478207212,0.01721414713293501,0.5,0,0,0.0
4.0544240870003705,200,5467.28,-94.2,1.7,-110.4,0.36,1.42,0.98,-0.05,-0.96,0.0,-196.3,-107.1,-42.0,0.82,2.92,-0.03,0.0,0.9613012014972206,1.7624982269494627,0.05562733299860212,0.5,0,0,0.0
4.065952872000707,201,5467.29,-94.2,1.6,-110.2,0.07,1.19,1.12,-0.05,-0.98,-0.02,-197.3,-107.1,-14.0,0.85,2.92,-0.04,0.0,0.9814784765851974,1.6356650023767092,0.0347410567524129,0.5,0,0,0.0
4.074145545000647,202,5467.3,-94.2,1.4,-110.1,0.25,1.11,1.01,-0.05,-1.0,-0.03,-198.4,-105.4,17.0,0.88,2.8,-0.09,0.0,1.0016985574512922,1.5214138161591673,0.014230556368591607,0.5,0,0,0.0
4.0865257540008315,203,5467.31,-94.1,1.3,-110.0,0.45,0.89,1.07,-0.05,-0.97,-0.03,-199.5,-100.3,48.0,0.91,2.63,-0.08,0.0,0.9717509969122748,1.4627029773675857,0.043294554569456745,0.5,0,0,0.0
4.0945462690006025,204,5467.32,-94.0,1.2,-109.9,0.55,0.7,1.21,-0.05,-0.96,-0.04,-200.5,-94.2,52.0,0.94,2.47,-0.09,0.0,0.9621330469326994,1.5021983890285595,0.051854254458051585,0.5,0,0,0.0
4.10639863400047,205,5467.33,-94.0,1.0,-109.8,0.67,0.52,1.29,-0.06,-0.97,-0.06,-201.4,-87.8,60.0,0.96,2.28,-0.1,0.0,0.9737042672187486,1.5438264151127872,0.039477373488562284,0.5,0,0,0.0
4.114565018000576,206,5467.34,-93.9,0.8,-109.8,0.9,0.37,1.29,-0.06,-0.98,-0.07,-202.2,-81.7,66.0,0.98,2.07,0.01,0.0,0.9843271813782245,1.6158589047314744,0.028277370142504643,0.5,0,0,0.0
4.126306012000896,207,5467.35,-93.8,0.6,-109.8,1.1,0.26,1.25,-0.07,-0.98,-0.08,-203.0,-73.9,68.0,1.0,1.87,-0.01,0.0,0.9857484466130291,1.6852596239155557,0.026318982809546032,0.5,0,0,0.0
4.134828936000304,208,5467.36,-93.7,0.5,-109.7,1.38,0.15,1.16,-0.09,-0.97,-0.08,-203.7,-65.2,88.0,1.02,1.61,-0.28,0.0,0.977445650662992,1.8090052515125543,0.03392934318439145,0.5,0,0,0.0
4.146163795000575,209,5467.37,-93.5,0.3,-109.7,1.66,0.01,1.05,-0.11,-0.95,-0.08,-204.2,-56.0,75.0,1.03,1.43,0.0,0.0,0.9596874491208062,1.964230129083657,0.050653793832045824,0.5,0,0,0.0
4.154713087000346,210,5467.38,-93.4,0.2,-109.7,1.87,-0.14,0.86,-0.14,-0.94,-0.08,-204.8,-48.7,81.0,1.04,1.19,-0.06,0.0,0.9537295214053091,2.0630317496345034,0.05547948711659212,0.5,0,0,0.0
4.166323367000587,211,5467.39,-93.2,0.1,-109.7,2.09,-0.33,0.55,-0.16,-0.92,-0.08,-205.2,-40.5,74.0,1.06,1.01,-0.07,0.0,0.9372299611087985,2.186206760578697,0.07053946646484055,0.5,0,0,0.0
4.174629251000624,212,5467.4,-92.9,0.1,-109.8,2.26,-0.57,0.16,-0.17,-0.89,-0.07,-205.5,-34.2,58.0,1.06,0.87,-0.16,0.0,0.9087904048789248,2.336257691266098,0.09699944224082002,0.5,0,0,0.0
4.186302961000365,213,5467.41,-92.7,0.1,-109.9,2.18,-0.92,-0.16,-0.17,-0.84,-0.07,-205.9,-30.9,47.0,1.07,0.74,0.0,0.0,0.8598837130682264,2.3715817506466017,0.142988011370488,0.5,0,0,0.0
4.194785813000635,214,5467.42,-92.5,0.1,-110.0,1.76,-1.28,-0.4,-0.15,-0.82,-0.1,-206.1,-26.1,45.0,1.08,0.65,0.01,0.0,0.8395832299420944,2.212690669750293,0.16002272460668754,0.5,0,0,0.0
4.206246626000393,215,5467.43,-92.4,0.2,-110.1,1.2,-1.53,-0.58,-0.12,-0.83,-0.13,-206.4,-21.6,46.0,1.09,0.54,0.05,0.0,0.848645980371085,2.0291131067537855,0.14794077469414313,0.5,0,0,0.0
4.214555853000093,216,5467.44,-92.3,0.2,-110.3,0.88,-1.69,-0.73,-0.09,-0.87,-0.14,-206.6,-21.3,3.0,1.09,0.62,-0.07,0.0,0.8857764955111419,2.040441128775834,0.10859405436300451,0.5,0,0,0.0
4.226380908000465,217,5467.45,-92.2,0.3,-110.5,0.84,-1.8,-0.82,-0.07,-0.91,-0.14,-206.8,-23.3,-12.0,1.1,0.68,0.1,0.0,0.9233634170791044,2.14895323355349,0.06958699013914116,0.5,0,0,0.0
4.23455094900055,218,5467.46,-92.1,0.4,-110.6,0.89,-1.82,-0.83,-0.05,-0.93,-0.13,-207.1,-27.4,-32.0,1.11,0.8,0.07,0.0,0.9403722667114338,2.189383474862273,0.05152657769667557,0.5,0,0,0.0
4.2463165500003015,219,5467.47,-92.0,0.4,-110.8,0.93,-1.79,-0.82,-0.04,-0.94,-0.11,-207.4,-32.2,-52.0,1.11,0.96,-0.12,0.0,0.9472592042308167,2.1774756026187756,0.0437468473737469,0.5,0,0,0.0
4.254816364000362,220,5467.48,-92.0,0.5,-111.0,0.86,-1.79,-0.85,-0.02,-0.92,-0.11,-207.7,-36.5,-41.0,1.12,1.05,0.1,0.0,0.9267685795278129,2.1601388844238696,0.06295272263521567,0.5,0,0,0.0
4.266208734000429,221,5467.49,-92.0,0.6,-111.2,0.57,-1.84,-0.9,-0.01,-0.89,-0.11,-208.1,-40.5,-45.0,1.14,1.22,0.22,0.0,0.896827742657418,2.126146749403719,0.09103568831549835,0.5,0,0,0.0
4.274729885000852,222,5467.5,-92.0,0.6,-111.4,0.06,-1.86,-0.88,-0.01,-0.86,-0.13,-208.6,-47.5,-58.0,1.15,1.38,0.08,0.0,0.8698275691193054,2.05854317418897,0.11567514461653883,0.5,0,0,0.0
4.28627907200007,223,5467.51,-92.0,0.7,-111.6,-0.57,-1.82,-0.71,0.0,-0.87,-0.16,-209.1,-54.1,-68.0,1.16,1.57,0.07,0.0,0.8845903006477066,2.0350429970887594,0.09889416482637481,0.5,0,0,0.0
4.294715936000102,224,5467.52,-92.1,0.7,-111.7,-0.96,-1.67,-0.49,0.0,-0.93,-0.18,-209.7,-62.3,-82.0,1.18,1.86,0.03,0.0,0.9472592042308167,1.9876116320851012,0.035500756018399415,0.5,0,0,0.0
4.3063739980007085,225,5467.53,-92.2,0.8,-111.9,-1.03,-1.53,-0.26,0.0,-0.95,-0.19,-210.4,-74.7,-122.0,1.2,2.24,0.01,0.0,0.9688137075826291,1.8626325456192372,0.013667327613255287,0.5,0,0,0.0
4.314555370000562,226,5467.54,-92.3,0.8,-112.1,-0.99,-1.39,0.0,0.0,-0.99,-0.2,-211.2,-89.5,-133.0,1.23,2.63,-0.29,0.0,1.01,1.7065169205138282,0.026968585508033383,0.5,0,0,0.0
4.326373377000891,227,5467.55,-92.4,0.8,-112.2,-0.83,-1.16,0.16,0.0,-1.02,-0.22,-212.2,-104.8,-153.0,1.26,3.08,0.12,0.0,1.0434557968596465,1.4353048456686823,0.05921589472032629,0.5,0,0,0.0
4.334849534000568,228,5467.56,-92.5,0.7,-112.3,-0.75,-0.97,0.16,0.0,-1.05,-0.22,-213.4,-120.5,-158.0,1.29,3.5,0.09,0.0,1.072800074571213,1.2365273955719704,0.08678896898325483,0.5,0,0,0.0
4.346331717000794,229,5467.57,-92.6,0.7,-112.4,-0.67,-0.91,0.03,-0.01,-1.09,-0.17,-214.7,-136.3,-155.0,1.33,3.93,0.03,0.0,1.1032225523438144,1.1304423912787418,0.11486721782073916,0.5,0,0,0.0
4.354790388000765,230,5467.58,-92.7,0.7,-112.5,-0.76,-1.11,-0.14,-0.01,-1.11,-0.13,-216.2,-151.4,-147.0,1.37,4.31,-0.08,0.0,1.1176314240392493,1.3525161736556057,0.12669056772585063,0.5,0,0,0.0
4.366297943000063,231,5467.59,-92.8,0.7,-112.6,-1.14,-1.38,-0.11,0.0,-1.12,-0.13,-217.8,-164.4,-133.0,1.42,4.67,-0.15,0.0,1.1275194011634568,1.793348822733603,0.133846973953057,0.5,0,0,0.0
4.374786930000482,232,5467.6,-93.0,0.7,-112.8,-1.49,-1.46,0.12,0.04,-1.16,-0.15,-219.5,-175.6,-107.0,1.47,4.89,-0.01,0.0,1.170341830406826,2.0895214763193986,0.17313601513249766,0.5,0,0,0.0
4.386187275000339,233,5467.61,-93.2,0.7,-112.9,-1.33,-1.44,0.42,0.09,-1.23,-0.16,-221.3,-184.2,-97.0,1.52,5.14,0.1,0.0,1.2436237373096415,2.0047194317410106,0.24148956359460683,0.5,0,0,0.0
4.394717044000572,234,5467.62,-93.3,0.7,-113.0,-0.81,-1.48,0.63,0.12,-1.28,-0.11,-223.2,-193.2,-97.0,1.57,5.41,0.13,0.0,1.2903100402616419,1.8009441968034434,0.28241234921567515,0.5,0,0,0.0
4.406343202000244,235,5467.63,-93.4,0.6,-113.2,-0.12,-1.57,0.73,0.12,-1.3,-0.08,-225.3,-204.7,-107.0,1.63,5.7,-0.02,0.0,1.3079755349393964,1.7355690709389817,0.2940762870155611,0.5,0,0,0.0
4.414581033000104,236,5467.64,-93.4,0.6,-113.3,0.51,-1.54,0.82,0.12,-1.29,-0.05,-227.4,-212.9,-81.0,1.68,5.88,0.0,0.0,1.2965338406690357,1.8177183500201564,0.2769819008902963,0.5,0,0,0.0
4.426320541000678,237,5467.65,-93.3,0.6,-113.5,1.09,-1.45,1.07,0.08,-1.25,0.01,-229.5,-219.4,-70.0,1.74,6.05,-0.07,0.0,1.2525973016097391,2.106062677130004,0.22838445459437984,0.5,0,0,0.0
4.434732260000601,238,5467.66,-93.1,0.4,-113.6,1.42,-1.43,1.57,0.07,-1.23,0.08,-231.8,-225.0,-56.0,1.81,6.16,0.18,0.0,1.2345849504995594,2.5546428321783066,0.20616466141451606,0.5,0,0,0.0
4.446306489000563,239,5467.67,-93.0,0.2,-113.8,1.95,-1.41,2.08,0.07,-1.21,0.14,-234.0,-229.0,-39.0,1.87,6.24,0.03,0.0,1.2200819644597654,3.180723188207361,0.18782844186722758,0.5,0,0,0.0
4.454728405000424,240,5467.68,-92.7,0.0,-113.9,2.39,-1.7,2.4,0.04,-1.11,0.2,-236.3,-229.6,-7.0,1.93,6.2,-0.08,0.0,1.128583182578936,3.789736138572183,0.09440306678667043,0.5,0,0,0.0
4.466326025000853,241,5467.69,-92.5,-0.2,-114.1,2.04,-2.24,2.47,-0.03,-1.01,0.26,-238.6,-226.6,24.0,1.99,6.13,-0.14,0.0,1.0433599570617995,3.9089768482302376,0.008996244444143153,0.5,0,0,0.0
4.474587616000463,242,5467.7,-92.4,-0.4,-114.3,1.14,-3.0,2.33,-0.14,-0.94,0.26,-240.9,-224.8,6.0,2.05,6.15,0.04,0.0,0.985291834940288,3.96591729616239,0.04809044012382102,0.5,0,0,0.0
4.486377999000069,243,5467.71,-92.3,-0.7,-114.7,0.07,-3.55,1.96,-0.25,-0.97,0.23,-243.1,-228.4,-26.0,2.12,6.3,0.18,0.0,1.0277645644796283,4.05573667784288,0.005505356372791148,0.5,0,0,0.0
4.494859357000678,244,5467.72,-92.3,-0.8,-115.0,-0.26,-3.87,1.43,-0.32,-1.0,0.2,-245.5,-231.7,-23.0,2.18,6.31,-0.09,0.0,1.068831137270991,4.13393275223485,0.034849992090200343,0.5,0,0,0.0
4.506440295000175,245,5467.73,-92.3,-1.0,-115.4,0.0,-4.15,1.01,-0.31,-1.02,0.19,-247.8,-231.1,11.0,2.24,6.22,-0.23,0.0,1.082866566110525,4.271135680354817,0.047907712511139566,0.5,0,0,0.0
4.514595129000554,246,5467.74,-92.3,-1.1,-115.9,0.55,-4.42,0.68,-0.23,-1.02,0.2,-250.1,-227.2,32.0,2.3,6.09,0.09,0.0,1.0645656391223606,4.505696394565439,0.02901464981251567,0.5,0,0,0.0
4.526407355000629,247,5467.75,-92.2,-1.1,-116.3,0.89,-4.8,0.43,-0.14,-0.98,0.21,-252.3,-220.9,61.0,2.36,5.85,0.0,0.0,1.0119782606360672,4.900714233660232,0.02310127410030205,0.5,0,0,0.0
4.534687068000494,248,5467.76,-92.1,-1.2,-116.8,0.96,-5.04,0.31,-0.05,-0.94,0.17,-254.4,-208.5,121.0,2.42,5.4,-0.08,0.0,0.9565563234854495,5.139970817037778,0.07695274702590127,0.5,0,0,0.0
4.546314144000462,249,5467.77,-92.0,-1.2,-117.3,0.79,-5.07,0.21,0.02,-0.93,0.13,-256.4,-188.6,193.0,2.47,4.74,-0.1,0.0,0.9392550239418472,5.135474661606267,0.09236896563811337,0.5,0,0,0.0
4.554716107000786,250,5467.78,-91.9,-1.3,-117.8,0.61,-4.92,0.07,0.05,-0.94,0.1,-258.1,-158.7,293.0,2.51,3.72,-0.21,0.0,0.9466255859631092,4.958164983136402,0.08329843554451433,0.5,0,0,0.0
4.56634558100086,251,5467.79,-91.9,-1.3,-118.3,0.23,-4.69,-0.16,0.06,-0.97,0.1,-259.4,-118.6,369.0,2.54,2.6,-0.13,0.0,0.976985158536198,4.698361416494053,0.05188008571199687,0.5,0,0,0.0
4.574705144000291,252,5467.8,-91.8,-1.3,-118.8,-0.3,-4.51,-0.51,0.08,-1.01,0.09,-260.3,-74.9,424.0,2.56,1.35,-0.17,0.0,1.017152889196113,4.548648150824595,0.011478107951040206,0.5,0,0,0.0
4.586397758000203,253,5467.81,-91.9,-1.2,-119.2,-0.68,-4.33,-0.79,0.09,-1.02,0.07,-260.7,-29.1,451.0,2.56,0.06,-0.21,0.0,1.026352765865616,4.453695095086775,0.00223266665590649,0.5,0,0,0.0
4.594759404000797,254,5467.82,-92.0,-1.1,-119.6,-0.81,-3.99,-0.95,0.1,-1.02,0.02,-260.7,16.2,422.0,2.55,-0.94,-0.15,0.0,1.02508536229916,4.180753520598889,0.0034300688179151884,0.5,0,0,0.0
4.606183184000656,255,5467.83,-92.0,-1.0,-120.0,-0.73,-3.54,-1.08,0.11,-1.02,0.0,-260.3,46.5,322.0,2.54,-1.64,0.0,0.0,1.0259142264341596,3.7723865125408347,0.0025491805892572383,0.5,0,0,0.0
4.614738059000047,256,5467.84,-92.1,-0.9,-120.3,-0.67,-3.25,-1.16,0.11,-0.99,0.04,-259.6,72.0,269.0,2.52,-2.28,0.0,0.0,0.9968951800465282,3.5152524802636864,0.030936862437350943,0.5,0,0,0.0
4.62633552600073,257,5467.85,-92.2,-0.8,-120.7,-0.67,-3.14,-1.19,0.11,-0.96,0.04,-258.8,94.6,243.0,2.49,-2.93,0.0,0.0,0.9671090941563936,3.424120324988595,0.05950848936093589,0.5,0,0,0.0
4.634696097000415,258,5467.86,-92.2,-0.7,-121.0,-0.64,-3.0,-1.12,0.1,-0.94,0.02,-257.7,118.6,237.0,2.46,-3.58,-0.09,0.0,0.945515732285825,3.265578049901732,0.07947981420687444,0.5,0,0,0.0
4.6463427150001735,259,5467.87,-92.3,-0.6,-121.3,-0.54,-2.79,-1.01,0.09,-0.94,0.0,-256.3,141.5,229.0,2.42,-4.2,-0.02,0.0,0.9442986815621421,3.0159244022355733,0.07908292763194602,0.5,0,0,0.0
4.654719214000579,260,5467.88,-92.3,-0.5,-121.5,-0.37,-2.57,-0.91,0.08,-0.94,0.0,-254.7,164.4,228.0,2.37,-4.81,-0.13,0.0,0.9433981132056604,2.7513451255703996,0.07838382606865935,0.5,0,0,0.0
4.666309208000712,261,5467.89,-92.3,-0.4,-121.8,-0.22,-2.41,-0.83,0.08,-0.94,-0.01,-252.9,187.0,225.0,2.32,-5.43,0.0,0.0,0.9434511116109832,2.5583979362092992,0.0767642111100697,0.5,0,0,0.0
4.674572949000321,262,5467.9,-92.3,-0.2,-122.0,-0.16,-2.24,-0.82,0.08,-0.95,-0.04,-250.9,209.1,223.0,2.26,-6.0,0.0,0.0,0.95420123663722,2.3907321054438535,0.06469380436215622,0.5,0,0,0.0
4.686342004000835,263,5467.91,-92.3,-0.1,-122.2,-0.15,-2.04,-0.86,0.08,-0.94,-0.04,-248.7,231.7,231.0,2.2,-6.68,-0.02,0.0,0.9442457307290301,2.2189411889457547,0.07315632406493922,0.5,0,0,0.0
4.694595782000761,264,5467.92,-92.4,0.0,-122.4,-0.15,-1.85,-0.9,0.07,-0.93,-0.05,-246.2,258.1,258.0,2.12,-7.43,0.0,0.0,0.9339700209321496,2.062765134473627,0.08176339318458326,0.5,0,0,0.0
4.706395407000855,265,5467.93,-92.4,0.1,-122.6,-0.19,-1.62,-0.95,0.08,-0.92,-0.05,-243.4,284.1,245.0,2.04,-8.04,-0.09,0.0,0.9248243076390239,1.8875910574062382,0.0890909243481548,0.5,0,0,0.0
4.714591262000795,266,5467.94,-92.4,0.2,-122.8,-0.23,-1.41,-1.01,0.09,-0.91,-0.06,-240.4,305.9,239.0,1.96,-8.72,-0.14,0.0,0.9164060235506967,1.7495999542752623,0.09555902426775231,0.5,0,0,0.0
4.726392939000107,267,5467.95,-92.5,0.4,-122.9,-0.31,-1.22,-1.08,0.08,-0.89,-0.07,-237.1,335.4,294.0,1.87,-9.61,-0.08,0.0,0.8963258336118624,1.6585837331892532,0.1133264299224549,0.5,0,0,0.0
4.734879928000737,268,5467.96,-92.5,0.5,-123.0,-0.48,-1.04,-1.11,0.08,-0.89,-0.07,-233.6,364.3,269.0,1.77,-10.25,-0.08,0.0,0.8963258336118624,1.5950235107985087,0.11105990132400578,0.5,0,0,0.0
4.746387526000035,269,5467.97,-92.6,0.7,-123.1,-0.57,-0.92,-1.2,0.08,-0.89,-0.07,-229.8,387.6,248.0,1.66,-10.91,-0.27,0.0,0.8963258336118624,1.615951731952412,0.10883870329752565,0.5,0,0,0.0
4.7546026870004425,270,5467.98,-92.7,0.8,-123.2,-0.7,-0.87,-1.19,0.08,-0.87,-0.08,-225.7,413.4,257.0,1.54,-11.61,0.0,0.0,0.8773254812211941,1.6318700928689145,0.12528227457442997,0.5,0,0,0.0
4.766298172000461,271,5467.99,-92.8,1.0,-123.3,-0.74,-0.79,-1.23,0.09,-0.92,-0.11,-221.4,439.1,270.0,1.42,-12.39,-0.06,0.0,0.9309135298189624,1.6384749006316819,0.07026034145712856,0.5,0,0,0.0
4.774763705000623,272,5468.0,-92.8,1.0,-123.3,-0.74,-0.79,-1.23,0.09,-0.92,-0.11,-218.0,460.6,295.0,1.3,-12.95,-0.08,0.0,0.9309135298189624,1.6384749006316819,0.06885513462798598,0.5,0,0,0.0
4.786857126000541,273,5468.01,-92.9,1.2,-123.5,-0.38,-0.6,-0.85,0.11,-0.88,-0.15,-211.6,484.6,244.0,1.16,-13.48,-0.22,0.0,0.8994442728707543,1.1076551810017412,0.09831790374467009,0.5,0,0,0.0
4.794810673000029,274,5468.02,-92.9,1.3,-123.5,-0.11,-0.46,-0.58,0.11,-0.9,-0.19,-206.6,505.7,184.0,1.02,-13.86,-0.15,0.0,0.926390846241477,0.7483982896827064,0.06994390376646842,0.5,0,0,0.0
4.806853152000258,275,5468.03,-92.9,1.3,-123.6,0.15,-0.35,-0.42,0.11,-0.9,-0.19,-201.4,520.6,218.0,0.88,-14.53,-0.14,0.0,0.926390846241477,0.5669215113223346,0.06854502569113907,0.5,0,0,0.0
4.814709558000686,276,5468.04,-92.9,1.3,-123.6,0.27,-0.24,-0.25,0.1,-0.89,-0.18,-196.0,541.4,129.0,0.73,-14.7,0.08,0.0,0.9135097153287425,0.4393176527297759,0.07979763347179614,0.5,0,0,0.0
4.826848168000652,277,5468.05,-92.9,1.3,-123.6,0.4,-0.21,-0.02,0.1,-0.86,-0.18,-190.6,539.3,29.0,0.59,-14.64,-0.16,0.0,0.8843076387773657,0.4522167621838006,0.10681971582270944,0.5,0,0,0.0
4.834830796999995,278,5468.06,-92.8,1.3,-123.6,0.55,-0.09,0.25,0.09,-0.87,-0.19,-185.3,529.1,-104.0,0.44,-14.11,0.24,0.0,0.8950418984606252,0.6108191221630181,0.09416374701666097,0.5,0,0,0.0
4.8469161290004195,279,5468.07,-92.8,1.3,-123.6,0.8,0.1,0.56,0.12,-0.86,-0.21,-180.2,499.1,-314.0,0.31,-12.9,0.17,0.0,0.8933644273195569,0.9816312953446422,0.09392439379457473,0.5,0,0,0.0
4.8548738730005425,280,5468.08,-92.7,1.2,-123.6,0.95,0.35,0.85,0.13,-0.88,-0.2,-175.6,435.6,-549.0,0.2,-11.03,0.27,0.0,0.911756546453054,1.3219304066402284,0.07402162916785604,0.5,0,0,0.0
4.866792747000545,281,5468.09,-92.6,1.1,-123.5,0.89,0.69,1.02,0.11,-0.91,-0.2,-171.7,374.4,-571.0,0.1,-9.46,0.28,0.0,0.9381897462667134,1.5194077793666847,0.046636660767112814,0.5,0,0,0.0
4.874707838000177,282,5468.1,-92.5,1.0,-123.5,0.56,0.98,1.01,0.06,-0.95,-0.19,-168.4,316.3,-564.0,0.01,-7.94,0.27,0.0,0.9706698717895802,1.5146286673637206,0.013873404539361034,0.5,0,0,0.0
4.887127091000366,283,5468.11,-92.5,0.9,-123.3,0.41,1.15,0.97,0.06,-0.93,-0.17,-165.5,271.3,-441.0,-0.05,-6.96,-0.08,0.0,0.9473119866232034,1.5593267778115014,0.03648666391162314,0.5,0,0,0.0
4.8948493300003975,284,5468.12,-92.4,0.8,-123.2,0.34,1.14,1.01,0.06,-0.94,-0.14,-163.0,241.7,-324.0,-0.12,-6.27,0.18,0.0,0.9522604685693931,1.5605447766725566,0.030907418326124758,0.5,0,0,0.0
4.9068698690007295,285,5468.13,-92.4,0.7,-123.1,0.4,1.04,1.04,0.08,-0.92,-0.14,-160.8,216.1,-282.0,-0.17,-5.55,0.19,0.0,0.9340235543068494,1.524204710660612,0.048161445936895086,0.5,0,0,0.0
4.914791821000108,286,5468.14,-92.3,0.6,-123.0,0.46,1.0,1.19,0.1,-0.89,-0.16,-158.8,191.4,-248.0,-0.22,-4.94,0.13,0.0,0.9097801932335084,1.621018198540658,0.0709567108700313,0.5,0,0,0.0
4.926756915000624,287,5468.15,-92.3,0.5,-122.9,0.37,0.97,1.27,0.12,-0.89,-0.17,-157.0,168.3,-244.0,-0.27,-4.26,0.11,0.0,0.9140021881811882,1.6403353315709563,0.06540002160390457,0.5,0,0,0.0
4.934791282000333,288,5468.16,-92.3,0.4,-122.8,0.2,0.93,1.32,0.13,-0.91,-0.17,-155.5,141.0,-270.0,-0.31,-3.47,0.08,0.0,0.934826187052973,1.6270525498581785,0.04368450227747733,0.5,0,0,0.0
4.94681518500056,289,5468.17,-92.2,0.3,-122.7,0.0,0.9,1.29,0.11,-0.94,-0.18,-154.3,111.5,-289.0,-0.34,-2.66,-0.1,0.0,0.9633794683301071,1.5729272074701994,0.014828596580336417,0.5,0,0,0.0
4.954845796000882,290,5468.18,-92.3,0.1,-122.6,-0.23,0.86,1.16,0.08,-0.99,-0.17,-153.4,83.4,-269.0,-0.36,-1.97,0.15,0.0,1.007670581092849,1.462224332994086,0.02887326585875738,0.5,0,0,0.0
4.966946575000293,291,5468.19,-92.3,0.0,-122.5,-0.4,0.75,0.96,0.05,-1.02,-0.15,-152.8,57.1,-271.0,-0.37,-1.2,0.17,0.0,1.0321821544669332,1.2822246293064254,0.05231714244818475,0.5,0,0,0.0
4.974849172000177,292,5468.2,-92.4,0.0,-122.4,-0.49,0.6,0.73,0.02,-1.05,-0.15,-152.4,31.3,-251.0,-0.38,-0.56,0.0,0.0,1.060848716830067,1.0644247272588137,0.07936403071509235,0.5,0,0,0.0
4.986832275000779,293,5468.21,-92.5,0.0,-122.4,-0.49,0.33,0.54,0.02,-1.04,-0.15,-152.2,5.7,-265.0,-0.38,0.16,0.04,0.0,1.050951949424901,0.8003749121505497,0.06807791804372787,0.5,0,0,0.0
4.99482334700042,294,5468.22,-92.6,0.0,-122.4,-0.43,0.15,0.47,0.02,-1.03,-0.17,-152.3,-9.4,-128.0,-0.38,0.27,-0.02,0.0,1.0441264291262815,0.654446330878247,0.060027349790206075,0.5,0,0,0.0
5.006726418000653,295,5468.23,-92.6,-0.1,-122.4,-0.28,0.0,0.45,0.04,-1.0,-0.21,-152.4,-12.2,-70.0,-0.37,0.38,0.24,0.0,1.0225947388873073,0.53,0.03772574636020731,0.5,0,0,0.0
5.0147378540004865,296,5468.24,-92.7,-0.1,-122.4,-0.18,0.05,0.52,0.07,-0.99,-0.26,-152.6,-16.5,-54.0,-0.37,0.51,0.04,0.0,1.0259629622944486,0.5525395913416522,0.040272090372001634,0.5,0,0,0.0
5.026879975000156,297,5468.25,-92.7,-0.2,-122.3,-0.27,0.25,0.54,0.09,-0.99,-0.27,-152.8,-21.3,-39.0,-0.36,0.61,0.0,0.0,1.0300970828033638,0.6534523701081817,0.04351808666329848,0.5,0,0,0.0
5.034804505000466,298,5468.26,-92.7,-0.2,-122.3,-0.55,0.44,0.48,0.09,-1.01,-0.24,-153.0,-31.5,-148.0,-0.35,1.2,-0.01,0.0,1.0420172743289815,0.8523496934944014,0.054329512625137855,0.5,0,0,0.0
5.046968633000688,299,5468.27,-92.8,-0.3,-122.2,-0.38,0.75,0.46,0.19,-0.97,-0.26,-153.6,-62.1,-257.0,-0.34,2.07,0.0,0.0,1.0220567498920987,0.9583840566286566,0.03368160842448997,0.5,0,0,0.0
5.0548154840007555,300,5468.28,-92.8,-0.3,-122.1,-0.94,1.27,0.44,0.12,-1.07,-0.27,-154.4,-92.8,-291.0,-0.31,2.91,0.1,0.0,1.110045044131093,1.6401524319403975,0.11923650461021451,0.5,0,0,0.0
5.066936278000867,301,5468.29,-93.0,-0.3,-122.0,-1.76,1.82,0.23,0.05,-1.1,-0.26,-155.5,-124.6,-315.0,-0.27,3.79,0.17,0.0,1.1314150432091665,2.5422234362856466,0.1377943736145223,0.5,0,0,0.0
5.074858451000182,302,5468.3,-93.2,-0.3,-121.8,-2.16,2.22,0.06,0.05,-1.12,-0.21,-157.0,-158.0,-320.0,-0.23,4.67,0.01,0.0,1.1406138698087096,3.0979993544221407,0.1440533362097841,0.5,0,0,0.0
5.0870465270008935,303,5468.31,-93.4,-0.3,-121.5,-2.33,2.33,-0.15,0.02,-1.17,-0.17,-158.8,-189.2,-308.0,-0.18,5.5,0.08,0.0,1.182455073142316,3.298529975610348,0.1821766487525227,0.5,0,0,0.0
5.094777262000207,304,5468.32,-93.7,-0.3,-121.3,-2.55,2.5,-0.42,-0.02,-1.2,-0.13,-160.9,-213.2,-228.0,-0.12,5.98,0.13,0.0,1.2071868123865501,3.595677961108308,0.20277022023682179,0.5,0,0,0.0
5.1072017250007775,305,5468.33,-94.0,-0.2,-121.0,-2.79,2.6,-0.85,-0.05,-1.29,-0.06,-163.1,-222.6,-101.0,-0.06,6.04,0.04,0.0,1.2923621783385648,3.9072496720839327,0.28218667446505985,0.5,0,0,0.0
5.114731394000046,306,5468.34,-94.2,-0.1,-120.8,-2.84,2.44,-1.49,-0.07,-1.33,0.02,-165.3,-216.4,28.0,0.0,5.75,0.1,0.0,1.3319909909605245,4.02980148394434,0.3153791773452792,0.5,0,0,0.0
5.12683592600024,307,5468.35,-94.5,0.0,-120.6,-2.91,2.19,-2.22,-0.05,-1.43,0.15,-167.4,-205.0,82.0,0.05,5.44,-0.15,0.0,1.4387147041717478,4.2652784199862035,0.4136608327453726,0.5,0,0,0.0
5.134810731000471,308,5468.36,-94.8,0.3,-120.4,-2.81,1.7,-3.2,-0.06,-1.5,0.19,-169.4,-196.7,76.0,0.1,5.25,-0.18,0.0,1.513175469005495,4.585422554138277,0.47835916562753744,0.5,0,0,0.0
5.147057890000724,309,5468.37,-95.1,0.7,-120.3,-2.74,1.33,-3.96,-0.11,-1.51,0.16,-171.3,-188.2,85.0,0.15,5.01,0.0,0.0,1.5224322645030879,4.995808242917256,0.47786364190262764,0.5,0,0,0.0
5.154835153000022,310,5468.38,-95.3,1.1,-120.2,-1.8,0.87,-4.25,-0.1,-1.38,0.14,-173.1,-180.2,75.0,0.2,4.81,0.25,0.0,1.3906832852953974,4.696743552718202,0.33919236944103837,0.5,0,0,0.0
5.166808009000306,311,5468.39,-95.4,1.5,-120.2,-0.07,0.69,-3.65,-0.01,-1.14,0.08,-174.9,-173.4,72.0,0.25,4.63,0.0,0.0,1.1428473213863695,3.7153061784999633,0.08952927742137029,0.5,0,0,0.0
5.174700536000273,312,5468.4,-95.4,1.8,-120.1,1.09,0.87,-2.48,0.11,-0.96,0.02,-176.5,-166.5,67.0,0.29,4.45,-0.12,0.0,0.9664884893261791,2.845241641759097,0.08509296354604357,0.5,0,0,0.0
5.186879362000582,313,5468.41,-95.2,2.0,-120.0,1.5,1.55,-1.22,0.23,-0.84,0.01,-178.2,-159.5,76.0,0.33,4.22,-0.16,0.0,0.870976463516667,2.478083937238608,0.1769928895684445,0.5,0,0,0.0
5.194692879000286,314,5468.42,-95.1,2.1,-119.8,1.51,2.44,-0.39,0.26,-0.79,0.0,-179.7,-149.7,91.0,0.37,3.96,-0.31,0.0,0.83168503653727,2.8958245803225027,0.21195863021688466,0.5,0,0,0.0
5.206912561000536,315,5468.43,-94.9,2.1,-119.6,1.36,3.28,0.24,0.26,-0.76,0.06,-181.1,-137.7,119.0,0.41,3.57,-0.04,0.0,0.8054812226240907,3.558876227125636,0.23339919524746267,0.5,0,0,0.0
5.214781711000796,316,5468.44,-94.8,2.1,-119.2,1.09,3.91,0.67,0.26,-0.77,0.07,-182.4,-122.5,153.0,0.44,3.09,-0.34,0.0,0.8157205403813245,4.114012639747234,0.2186966799404243,0.5,0,0,0.0
5.226844006000647,317,5468.45,-94.7,2.1,-118.8,0.46,4.57,0.85,0.22,-0.84,0.01,-183.5,-104.3,177.0,0.47,2.59,0.01,0.0,0.8683893136145792,4.671081245279298,0.16270734857302627,0.5,0,0,0.0
5.234846300000754,318,5468.46,-94.6,2.0,-118.3,0.27,5.02,0.74,0.15,-0.91,0.03,-184.4,-86.0,170.0,0.49,2.14,-0.05,0.0,0.922767576370128,5.081426964938096,0.10616250410112782,0.5,0,0,0.0
5.246915293000711,319,5468.47,-94.6,2.0,-117.7,0.62,5.16,0.48,0.07,-0.97,0.06,-185.1,-68.2,182.0,0.51,1.62,-0.13,0.0,0.9743715923609432,5.219233660222542,0.05346731834810636,0.5,0,0,0.0
5.254829303000406,320,5468.48,-94.5,2.0,-117.2,0.76,5.02,0.13,0.0,-1.0,0.06,-185.7,-49.0,190.0,0.52,1.09,-0.08,0.0,1.0017983829094554,5.078867984108269,0.025519717243602136,0.5,0,0,0.0
5.266962498000794,321,5468.49,-94.4,2.1,-116.7,0.48,4.78,-0.2,-0.09,-1.02,0.05,-186.1,-31.8,172.0,0.53,0.66,-0.01,0.0,1.0251829105091441,4.808201326899696,0.002092485851035164,0.5,0,0,0.0
5.274837740000294,322,5468.5,-94.3,2.1,-116.3,0.26,4.53,-0.39,-0.16,-1.01,0.03,-186.3,-15.8,163.0,0.54,0.23,-0.14,0.0,1.0230347012687302,4.554184888649121,0.00415588118962007,0.5,0,0,0.0
5.286929891,323,5468.51,-94.3,2.2,-115.9,0.31,4.21,-0.37,-0.18,-0.98,0.02,-186.3,-2.3,128.0,0.54,-0.03,-0.05,0.0,0.9965942002640793,4.237581857616441,0.029984454550385564,0.5,0,0,0.0
5.2948645720007335,324,5468.52,-94.2,2.3,-115.5,0.43,3.83,-0.23,-0.18,-0.99,0.03,-186.3,0.6,28.0,0.54,0.05,0.12,0.0,1.006677704133751,3.860919579582046,0.0195029316670996,0.5,0,0,0.0
5.307053015000747,325,5468.53,-94.2,2.3,-115.1,0.34,3.38,-0.08,-0.15,-0.99,0.02,-186.3,-5.9,-45.0,0.54,0.28,0.01,0.0,1.0014988766843425,3.3979994114184304,0.024188123934177908,0.5,0,0,0.0
5.316936322000402,326,5468.54,-94.1,2.3,-114.8,-0.03,3.01,0.11,-0.13,-1.01,0.0,-186.5,-17.6,-100.0,0.54,0.64,0.1,0.0,1.0183319694480772,3.012158694358582,0.00720793054703428,0.5,0,0,0.0
5.326900627000214,327,5468.55,-94.1,2.3,-114.5,-0.2,2.76,0.33,-0.1,-1.02,-0.02,-186.8,-32.2,-137.0,0.55,1.07,0.2,0.0,1.02508536229916,2.786844093235213,0.00044544694203252355,0.5,0,0,0.0
5.33481790300084,328,5468.56,-94.1,2.3,-114.2,0.08,2.58,0.54,-0.07,-1.03,-0.03,-187.2,-50.1,-168.0,0.57,1.59,-0.09,0.0,1.032811696293182,2.6371196408202646,0.0071352693109496546,0.5,0,0,0.0
5.3469055870000375,329,5468.57,-94.1,2.2,-114.0,0.62,2.33,0.67,-0.05,-1.01,-0.03,-187.8,-68.6,-164.0,0.59,2.02,-0.02,0.0,1.0116817681464858,2.502438810440727,0.013714765659031514,0.5,0,0,0.0
5.354863274000309,330,5468.58,-94.0,2.1,-113.7,0.99,2.1,0.71,-0.04,-0.98,-0.02,-188.6,-83.9,-167.0,0.61,2.51,0.01,0.0,0.9810198774744576,2.427797355629172,0.04348912320443854,0.5,0,0,0.0
5.36688105400026,331,5468.59,-93.8,2.0,-113.5,1.15,1.83,0.75,-0.05,-0.95,-0.02,-189.6,-100.4,-153.0,0.64,2.89,-0.09,0.0,0.9515250916292223,2.2877718417709403,0.07152423086868043,0.5,0,0,0.0
5.374679061000279,332,5468.6,-93.7,1.9,-113.4,1.19,1.58,0.76,-0.05,-0.96,-0.02,-190.7,-111.6,-106.0,0.67,3.11,-0.01,0.0,0.9615092303249095,2.1189856063692365,0.06030929032953325,0.5,0,0,0.0
5.386918089000574,333,5468.61,-93.5,1.8,-113.2,1.29,1.29,0.94,-0.06,-0.9,-0.01,-191.8,-116.9,-66.0,0.7,3.22,0.01,0.0,0.9020532135079394,2.0522670391545055,0.11737000100357331,0.5,0,0,0.0
5.394815616000415,334,5468.62,-93.4,1.7,-113.1,1.3,0.96,1.16,-0.06,-0.88,-0.01,-193.0,-120.3,-35.0,0.73,3.28,0.04,0.0,0.8820997676000147,1.9892712233378333,0.13457697797326806,0.5,0,0,0.0
5.407000586000322,335,5468.63,-93.2,1.5,-113.0,1.23,0.7,1.38,-0.07,-0.88,-0.02,-194.2,-120.1,-7.0,0.77,3.25,-0.21,0.0,0.8830062287436029,1.9766891510806648,0.13099710649308638,0.5,0,0,0.0
5.4147308540004815,336,5468.64,-93.1,1.3,-112.9,1.1,0.42,1.59,-0.08,-0.86,-0.02,-195.4,-118.0,21.0,0.8,3.15,0.0,0.0,0.8639444426582069,1.9785095400325974,0.14705771472691265,0.5,0,0,0.0
5.426857966000171,337,5468.65,-93.0,1.1,-112.9,0.96,0.21,1.62,-0.08,-0.9,-0.05,-196.6,-111.9,54.0,0.83,2.95,-0.12,0.0,0.9049309365912959,1.8947559209565754,0.10394979637794721,0.5,0,0,0.0
5.434834646000127,338,5468.66,-92.9,0.9,-112.9,1.14,0.18,1.38,-0.08,-0.94,-0.09,-197.6,-104.1,67.0,0.86,2.73,0.0,0.0,0.9476813810558905,1.798999722067794,0.05997536487508548,0.5,0,0,0.0
5.4467847520008945,339,5468.67,-92.8,0.8,-112.9,1.4,0.08,1.26,-0.09,-0.92,-0.09,-198.6,-94.6,95.0,0.88,2.42,-0.04,0.0,0.9287626176801045,1.8852055590836772,0.07731624568585405,0.5,0,0,0.0
5.454720877,340,5468.68,-92.6,0.6,-112.9,1.63,0.0,1.22,-0.09,-0.93,-0.11,-199.5,-82.3,115.0,0.9,2.09,0.03,0.0,0.9407975340103736,2.036000982318034,0.06397570276847331,0.5,0,0,0.0
5.466893522000646,341,5468.69,-92.5,0.5,-112.8,1.97,-0.03,1.07,-0.09,-0.94,-0.14,-200.2,-70.8,109.0,0.92,1.8,-0.02,0.0,0.9546203433826455,2.2420303298572923,0.04914983552827734,0.5,0,0,0.0
5.4748546630007695,342,5468.7,-92.2,0.4,-112.9,2.54,-0.15,0.82,-0.1,-0.91,-0.15,-200.8,-59.8,117.0,0.94,1.46,-0.26,0.0,0.9276852914647294,2.6732938484199598,0.0745631896972695,0.5,0,0,0.0
5.486999068000841,343,5468.71,-91.9,0.4,-112.9,3.08,-0.31,0.52,-0.12,-0.87,-0.16,-201.4,-47.5,116.0,0.95,1.15,-0.01,0.0,0.8926925562588723,3.1389329397105636,0.10736480640506407,0.5,0,0,0.0
5.494878614000299,344,5468.72,-91.6,0.3,-112.9,3.37,-0.48,0.16,-0.14,-0.85,-0.15,-201.8,-37.1,100.0,0.96,0.9,0.1,0.0,0.8744140895479668,3.4077705321808276,0.12313040765365013,0.5,0,0,0.0
5.507003555000665,345,5468.73,-91.3,0.3,-113.0,3.09,-0.73,-0.23,-0.17,-0.81,-0.12,-202.1,-28.7,85.0,0.97,0.7,0.02,0.0,0.836301381082203,3.1833787082280987,0.15801825379702572,0.5,0,0,0.0
5.514887658000589,346,5468.74,-91.0,0.4,-113.1,2.3,-1.04,-0.46,-0.18,-0.8,-0.1,-202.3,-23.6,54.0,0.97,0.59,-0.05,0.0,0.8260750571225354,2.5657747367997836,0.16487968620155946,0.5,0,0,0.0
5.526946354000756,347,5468.75,-90.8,0.4,-113.2,1.26,-1.38,-0.57,-0.16,-0.8,-0.11,-202.5,-19.2,42.0,0.98,0.49,-0.07,0.0,0.8232253640407347,1.9536888186197923,0.16437479169769298,0.5,0,0,0.0
5.536863290000838,348,5468.76,-90.8,0.5,-113.4,0.41,-1.67,-0.58,-0.13,-0.83,-0.13,-202.7,-21.4,-17.0,0.99,0.64,-0.06,0.0,0.8501176389182853,1.8147727130414981,0.1347328664837395,0.5,0,0,0.0
5.5467627920006635,349,5468.77,-90.8,0.5,-113.5,-0.04,-1.87,-0.58,-0.1,-0.85,-0.16,-203.0,-28.3,-65.0,0.99,0.91,0.03,0.0,0.8706893820416095,1.9582900704441106,0.11187790089320693,0.5,0,0,0.0
5.554772947000856,350,5468.78,-90.8,0.6,-113.7,-0.28,-2.0,-0.62,-0.08,-0.85,-0.17,-203.3,-38.9,-94.0,1.0,1.2,0.11,0.0,0.8705170877128144,2.112534023394653,0.10980919131756195,0.5,0,0,0.0
5.56688593600029,351,5468.79,-90.8,0.6,-113.9,-0.37,-2.08,-0.67,-0.06,-0.82,-0.17,-203.8,-52.4,-135.0,1.02,1.63,0.22,0.0,0.8395832299420946,2.2163483480716653,0.1379281881065162,0.5,0,0,0.0
5.574808197000493,352,5468.8,-90.9,0.7,-114.1,-0.67,-2.07,-0.63,-0.05,-0.79,-0.17,-204.5,-71.7,-189.0,1.04,2.23,0.15,0.0,0.8096295449154509,2.2651048540851257,0.16452423567049668,0.5,0,0,0.0
5.586927965000541,353,5468.81,-91.0,0.8,-114.3,-1.26,-1.95,-0.38,-0.04,-0.79,-0.16,-205.3,-95.4,-229.0,1.07,2.92,0.1,0.0,0.8070315978944071,2.3525518060183077,0.1637797390377096,0.5,0,0,0.0
5.594545884000581,354,5468.82,-91.1,0.8,-114.5,-1.9,-1.61,-0.05,-0.01,-0.88,-0.16,-206.5,-120.5,-237.0,1.1,3.57,0.03,0.0,0.8944830909525344,2.4909034505576484,0.07480168105999063,0.5,0,0,0.0
5.606923414000448,355,5468.83,-91.4,0.8,-114.7,-1.92,-1.16,0.1,0.01,-0.99,-0.14,-207.9,-145.5,-247.0,1.14,4.25,0.0,0.0,0.9998999949994999,2.2454398232862975,0.030002918527235356,0.5,0,0,0.0
5.614833269000883,356,5468.84,-91.6,0.8,-114.8,-1.58,-0.89,0.18,0.04,-1.06,-0.13,-209.5,-168.8,-226.0,1.19,4.83,0.09,0.0,1.0686907878334126,1.8223336686787084,0.09681783713392511,0.5,0,0,0.0
5.6269494010002745,357,5468.85,-91.8,0.7,-114.8,-1.1,-0.74,0.19,0.07,-1.11,-0.16,-211.3,-187.5,-189.0,1.24,5.29,-0.09,0.0,1.123654751247019,1.339290857132983,0.14874616453658085,0.5,0,0,0.0
5.634823406000578,358,5468.86,-91.9,0.7,-114.9,-0.68,-0.7,0.02,0.07,-1.16,-0.12,-213.3,-202.8,-158.0,1.3,5.66,-0.01,0.0,1.168289347721702,0.9761147473529943,0.18951314579103862,0.5,0,0,0.0
5.647000603000379,359,5468.87,-92.0,0.8,-115.0,-0.8,-1.03,0.0,0.04,-1.16,-0.06,-215.4,-216.7,-146.0,1.35,6.05,-0.08,0.0,1.162239218061411,1.3041855696180662,0.17979375580813262,0.5,0,0,0.0
5.654727009000453,360,5468.88,-92.1,0.8,-115.1,-1.27,-1.34,0.24,0.04,-1.2,-0.08,-217.7,-229.4,-124.0,1.42,6.36,0.0,0.0,1.2033287165193058,1.8617464918726179,0.2164655891807069,0.5,0,0,0.0
5.666898530000253,361,5468.89,-92.3,0.7,-115.2,-0.96,-1.1,0.67,0.05,-1.27,-0.13,-220.0,-237.7,-86.0,1.48,6.53,-0.05,0.0,1.2776149654727749,1.6063934760823702,0.28493680137149247,0.5,0,0,0.0
5.674704365000252,362,5468.9,-92.3,0.6,-115.3,-0.54,-0.7,1.19,0.02,-1.29,-0.06,-222.4,-244.8,-78.0,1.55,6.74,0.04,0.0,1.2915494570476194,1.4824641648282766,0.2928938670874103,0.5,0,0,0.0
5.6868512490000285,363,5468.91,-92.4,0.5,-115.4,-0.15,-0.62,1.71,0.0,-1.32,0.02,-225.0,-254.2,-102.0,1.62,7.08,0.01,0.0,1.32015150645674,1.8251027368342856,0.3150659981666002,0.5,0,0,0.0
5.6947785440006555,364,5468.92,-92.3,0.3,-115.4,-0.34,-0.51,2.08,0.03,-1.36,0.05,-227.6,-265.4,-110.0,1.69,7.37,0.16,0.0,1.3612494260788506,2.168432613663611,0.3490406394329366,0.5,0,0,0.0
5.706912703000853,365,5468.93,-92.4,0.1,-115.5,-0.84,-0.23,2.34,0.05,-1.42,0.06,-230.3,-278.5,-128.0,1.77,7.75,0.13,0.0,1.4221462653327892,2.4968179749433075,0.4017387291131378,0.5,0,0,0.0
5.714842348000275,366,5468.94,-92.4,-0.1,-115.5,-0.54,0.2,2.58,0.05,-1.46,0.12,-233.2,-294.2,-149.0,1.85,8.19,0.15,0.0,1.4657762448614045,2.6434825514839324,0.4364613344689179,0.5,0,0,0.0
5.726752510000551,367,5468.95,-92.4,-0.3,-115.4,0.67,0.21,2.6,0.03,-1.46,0.19,-236.2,-307.7,-119.0,1.93,8.46,0.17,0.0,1.4726167186338743,2.693139431964116,0.4344357720765599,0.5,0,0,0.0
5.734818649000772,368,5468.96,-92.2,-0.6,-115.4,1.91,-0.05,2.17,-0.02,-1.33,0.21,-239.4,-312.7,-66.0,2.02,8.56,0.08,0.0,1.3466254119093402,2.8912799933593427,0.3022755760449851,0.5,0,0,0.0
5.746771472000546,369,5468.97,-92.0,-0.7,-115.4,1.91,-0.74,1.54,-0.13,-1.14,0.24,-242.5,-319.8,-88.0,2.1,8.83,-0.15,0.0,1.172220115848555,2.5626743843102657,0.125312874384516,0.5,0,0,0.0
5.754843020000408,370,5468.98,-91.9,-0.9,-115.6,0.7,-1.67,1.02,-0.22,-1.02,0.28,-245.8,-328.6,-61.0,2.19,8.94,-0.03,0.0,1.0803703068855603,2.078292568432077,0.03279380411309085,0.5,0,0,0.0
5.7668169260005016,371,5468.99,-91.9,-1.0,-115.8,-0.19,-2.75,0.64,-0.25,-1.01,0.29,-249.1,-327.2,-1.0,2.28,8.85,-0.15,0.0,1.0801388799594245,2.829876322385839,0.03191112964321596,0.5,0,0,0.0
5.774782413000139,372,5469.0,-91.9,-1.0,-115.8,-0.19,-2.75,0.64,-0.25,-1.01,0.29,-251.2,-325.2,20.0,2.37,8.75,-0.06,0.0,1.0801388799594245,2.829876322385839,0.031272907050351684,0.5,0,0,0.0
5.786831001000792,373,5469.01,-91.9,-1.1,-116.5,-0.08,-4.19,0.43,-0.2,-1.03,0.19,-255.5,-314.2,110.0,2.46,8.31,-0.01,0.0,1.066302021005306,4.212766312056723,0.017087327134308605,0.5,0,0,0.0
5.794775225000194,374,5469.02,-91.9,-1.1,-116.9,0.36,-4.65,0.56,-0.12,-1.03,0.17,-258.5,-290.7,219.0,2.53,7.54,-0.15,0.0,1.0508092119885513,4.697414182292211,0.0015626277552027723,0.5,0,0,0.0
5.806981837000421,375,5469.03,-91.8,-1.2,-117.4,0.98,-4.89,0.71,-0.05,-0.99,0.12,-261.2,-259.2,295.0,2.6,6.61,-0.15,0.0,0.9984988733093292,5.037519230732523,0.049732756705539005,0.5,0,0,0.0
5.81477777300006,376,5469.04,-91.7,-1.3,-117.9,1.19,-4.8,0.74,0.0,-0.99,0.08,-263.5,-221.4,368.0,2.66,5.5,-0.16,0.0,0.9932270636667125,5.0003699863110125,0.053904475021192444,0.5,0,0,0.0
5.826808389000689,377,5469.05,-91.5,-1.4,-118.4,0.91,-4.44,0.58,0.02,-1.0,0.04,-265.5,-178.6,406.0,2.71,4.34,-0.17,0.0,1.000999500499376,4.5692559569365345,0.04520939742475849,0.5,0,0,0.0
5.834769952000897,378,5469.06,-91.4,-1.4,-118.8,0.67,-3.96,0.31,0.06,-1.0,0.02,-266.9,-134.0,444.0,2.74,3.06,-0.12,0.0,1.0019980039900278,4.0282254157383,0.04332667605542451,0.5,0,0,0.0
5.84681081600047,379,5469.07,-91.3,-1.4,-119.2,0.38,-3.42,-0.02,0.09,-1.01,0.01,-268.0,-86.2,468.0,2.76,1.76,-0.03,0.0,1.014051280754578,3.4411044738571945,0.03064793130505672,0.5,0,0,0.0
5.854602851000891,380,5469.08,-91.3,-1.4,-119.5,0.17,-2.88,-0.4,0.12,-0.99,0.0,-268.5,-38.3,475.0,2.77,0.45,-0.37,0.0,0.9972462083156797,2.9126105129247883,0.04650394366907595,0.5,0,0,0.0
5.866817901000104,381,5469.09,-91.2,-1.3,-119.7,0.02,-2.39,-0.78,0.15,-0.95,0.0,-268.5,7.6,434.0,2.77,-0.64,0.02,0.0,0.9617692030835672,2.5141400120120596,0.08034132992316478,0.5,0,0,0.0
5.874639784000465,382,5469.1,-91.2,-1.2,-119.9,-0.1,-1.98,-1.04,0.17,-0.88,0.01,-268.2,40.9,347.0,2.76,-1.46,-0.22,0.0,0.8963258336118624,2.238749651032915,0.14286900540697223,0.5,0,0,0.0
5.886825620000309,383,5469.11,-91.3,-1.1,-120.1,-0.34,-1.62,-1.17,0.16,-0.84,0.01,-267.6,68.6,296.0,2.74,-2.18,0.03,0.0,0.8551608035919326,2.0270421801235416,0.1803533547183639,0.5,0,0,0.0
5.8947359480007435,384,5469.12,-91.3,-1.0,-120.3,-0.52,-1.31,-1.17,0.14,-0.82,0.02,-266.8,94.9,275.0,2.71,-2.89,0.0,0.0,0.8321057625085887,1.8317750953651488,0.19934022788567363,0.5,0,0,0.0
5.9067120320005415,385,5469.13,-91.4,-0.9,-120.4,-0.52,-1.1,-1.12,0.11,-0.82,0.03,-265.6,120.9,261.0,2.68,-3.59,-0.17,0.0,0.8278888814327681,1.6537230723431298,0.19948596678226438,0.5,0,0,0.0
5.9147756670008675,386,5469.14,-91.4,-0.8,-120.5,-0.43,-0.9,-1.01,0.09,-0.82,0.01,-264.2,146.1,258.0,2.64,-4.29,0.03,0.0,0.8249848483457135,1.419506956657839,0.19834219987193247,0.5,0,0,0.0
5.9267795870000555,387,5469.15,-91.4,-0.7,-120.6,-0.42,-0.76,-0.87,0.07,-0.82,0.01,-262.6,171.3,246.0,2.59,-4.93,-0.01,0.0,0.82304313374209,1.229186723000212,0.1962782361860449,0.5,0,0,0.0
5.934733152000263,388,5469.16,-91.5,-0.5,-120.7,-0.45,-0.61,-0.72,0.07,-0.84,0.01,-260.7,195.1,247.0,2.53,-5.6,-0.06,0.0,0.8429709366283039,1.0454664030948102,0.17282342463383438,0.5,0,0,0.0
5.946778140000788,389,5469.17,-91.5,-0.4,-120.7,-0.38,-0.5,-0.62,0.06,-0.87,0.0,-258.6,218.8,234.0,2.47,-6.22,-0.07,0.0,0.8720665112249181,0.8824964589164083,0.14085329303647576,0.5,0,0,0.0
5.954721287000211,390,5469.18,-91.5,-0.3,-120.8,-0.27,-0.47,-0.58,0.05,-0.88,0.01,-256.2,243.1,238.0,2.41,-6.88,-0.11,0.0,0.8814760348415605,0.7938513714795736,0.12881489403143664,0.5,0,0,0.0
5.966699800000242,391,5469.19,-91.5,-0.2,-120.8,-0.16,-0.44,-0.52,0.04,-0.89,0.0,-253.7,265.7,226.0,2.33,-7.49,0.01,0.0,0.8908984229416954,0.6997142273814361,0.1170046558126756,0.5,0,0,0.0
5.974580263000462,392,5469.2,-91.5,-0.1,-120.9,-0.09,-0.39,-0.5,0.04,-0.89,-0.01,-250.9,286.1,210.0,2.26,-8.03,-0.11,0.0,0.8909545442950499,0.6404685784642367,0.11460956377013476,0.5,0,0,0.0
5.986466554000799,393,5469.21,-91.5,-0.1,-120.9,-0.13,-0.33,-0.49,0.04,-0.89,-0.02,-247.8,309.6,243.0,2.17,-8.75,-0.06,0.0,0.8911228871485684,0.6048966853934645,0.11215239649828401,0.5,0,0,0.0
5.996720453000307,394,5469.22,-91.5,0.0,-120.9,-0.24,-0.25,-0.49,0.05,-0.89,-0.03,-244.5,336.8,254.0,2.08,-9.45,-0.09,0.0,0.8919080670113932,0.6001666435249463,0.10913987230274991,0.5,0,0,0.0
6.006685780000225,395,5469.23,-91.6,0.0,-120.9,-0.38,-0.24,-0.48,0.05,-0.88,-0.04,-241.0,358.6,224.0,1.98,-10.02,-0.36,0.0,0.8823264701911645,0.6575712889109439,0.11634703974051908,0.5,0,0,0.0
6.01483728400035,396,5469.24,-91.6,0.1,-121.0,-0.52,-0.27,-0.41,0.05,-0.87,-0.05,-237.3,386.8,292.0,1.87,-10.94,-0.18,0.0,0.8728688332160794,0.715122367151245,0.1232885831812921,0.5,0,0,0.0
6.0265964070003974,397,5469.25,-91.7,0.2,-121.0,-0.62,-0.28,-0.4,0.05,-0.91,-0.08,-233.2,415.9,255.0,1.76,-11.55,-0.07,0.0,0.9148770409186143,0.7891767862779543,0.07965476796918203,0.5,0,0,0.0
6.034834495000723,398,5469.26,-91.8,0.2,-121.0,-0.58,-0.28,-0.36,0.04,-0.88,-0.1,-228.9,437.9,240.0,1.64,-12.19,-0.09,0.0,0.8865664103720601,0.7378346698278687,0.10580609054542156,0.5,0,0,0.0
6.046563351000259,399,5469.27,-91.9,0.3,-121.1,-0.64,-0.36,-0.17,0.02,-0.89,-0.1,-224.3,463.0,247.0,1.51,-12.89,-0.07,0.0,0.8958236433584459,0.7537240874484509,0.09461788040785502,0.5,0,0,0.0
6.054830471000059,400,5469.28,-92.0,0.3,-121.1,-0.52,-0.4,-0.08,0.01,-0.91,-0.13,-219.5,491.1,289.0,1.38,-13.74,-0.05,0.0,0.9192932067626738,0.6609084656743323,0.06972535066355456,0.5,0,0,0.0
6.0667404670002725,401,5469.29,-92.1,0.3,-121.1,-0.33,-0.42,0.01,0.0,-0.92,-0.15,-214.4,514.5,206.0,1.24,-14.15,-0.09,0.0,0.932148056909416,0.5342284155677233,0.05573309050647601,0.5,0,0,0.0
6.074835795000581,402,5469.3,-92.2,0.3,-121.2,-0.19,-0.41,0.1,0.01,-0.93,-0.16,-209.1,535.4,239.0,1.09,-14.87,0.0,0.0,0.9437160589923221,0.46281745861624535,0.04328178665509852,0.5,0,0,0.0
6.086686998000005,403,5469.31,-92.3,0.3,-121.2,0.01,-0.37,0.19,0.02,-0.92,-0.16,-203.6,551.9,173.0,0.94,-15.23,-0.22,0.0,0.9340235543068494,0.41605288125429435,0.05191480551375982,0.5,0,0,0.0
6.094783950000419,404,5469.32,-92.3,0.2,-121.3,0.15,-0.35,0.25,0.03,-0.92,-0.16,-197.9,579.1,247.0,0.78,-16.02,0.0,0.0,0.9342911751697112,0.45552167895721496,0.05061424095788003,0.5,0,0,0.0
6.106773841000177,405,5469.33,-92.3,0.2,-121.3,0.18,-0.28,0.31,0.05,-0.91,-0.17,-192.0,597.0,190.0,0.62,-16.45,0.14,0.0,0.9270922284217467,0.4548626166217664,0.05665692395172761,0.5,0,0,0.0
6.11471922400051,406,5469.34,-92.2,0.2,-121.3,0.2,-0.14,0.43,0.08,-0.9,-0.18,-185.9,616.7,208.0,0.45,-17.07,0.14,0.0,0.9213034245024817,0.4944694126030446,0.06119681331357274,0.5,0,0,0.0
6.1266448190008305,407,5469.35,-92.2,0.1,-121.3,0.26,0.04,0.57,0.1,-0.9,-0.18,-179.6,637.3,116.0,0.28,-17.19,-0.17,0.0,0.9232551110067033,0.6277738446287803,0.05806022427316415,0.5,0,0,0.0
6.13480828000047,408,5469.36,-92.2,0.1,-121.3,0.56,0.27,0.76,0.16,-0.88,-0.21,-173.4,610.1,-233.0,0.11,-15.97,0.32,0.0,0.9187491496594704,0.9818859404228172,0.06131486190798907,0.5,0,0,0.0
6.146983853000165,409,5469.37,-92.1,0.0,-121.2,1.04,0.62,1.08,0.23,-0.86,-0.22,-167.7,535.1,-705.0,-0.02,-13.29,0.4,0.0,0.9170059977993601,1.6224672569885656,0.06179685349273745,0.5,0,0,0.0
6.154862185000638,410,5469.38,-92.0,-0.1,-121.2,1.01,1.07,1.44,0.21,-0.88,-0.26,-163.0,443.1,-780.0,-0.14,-11.09,0.26,0.0,0.9413288479590965,2.0587860500790267,0.036724523266341014,0.5,0,0,0.0
6.166818344000603,411,5469.39,-91.9,-0.2,-121.0,0.23,1.56,1.46,0.1,-0.97,-0.28,-159.2,366.4,-741.0,-0.23,-9.15,0.33,0.0,1.0145442326483356,2.1489765005695154,0.03576104419444004,0.5,0,0,0.0
6.174763195000196,412,5469.4,-91.9,-0.3,-120.8,-0.37,1.82,1.28,0.01,-0.98,-0.22,-155.9,308.6,-581.0,-0.32,-7.83,0.21,0.0,1.0044401425669924,2.255593048402127,0.02514381503083496,0.5,0,0,0.0
6.186733979000564,413,5469.41,-92.0,-0.4,-120.7,-0.28,1.66,1.2,0.0,-0.95,-0.13,-153.1,267.4,-444.0,-0.39,-6.84,0.13,0.0,0.9588534820294495,2.0673654732533384,0.020033988596573793,0.5,0,0,0.0
6.194697581000582,414,5469.42,-92.1,-0.6,-120.5,0.05,1.33,1.26,0.0,-0.9,-0.11,-150.7,230.0,-412.0,-0.45,-5.75,0.13,0.0,0.906697303403953,1.8327574853209576,0.07074636387762889,0.5,0,0,0.0
6.206778113000837,415,5469.43,-92.1,-0.7,-120.4,-0.02,1.12,1.31,0.03,-0.89,-0.14,-148.7,186.8,-436.0,-0.5,-4.51,0.14,0.0,0.901443287178955,1.723629890666787,0.07448037250057438,0.5,0,0,0.0
6.214768298000308,416,5469.44,-92.1,-0.8,-120.3,-0.45,1.03,1.31,0.04,-0.89,-0.17,-147.2,138.2,-485.0,-0.53,-3.12,0.32,0.0,0.9069729874698585,1.7261228229763952,0.06757165876547744,0.5,0,0,0.0
6.227002034000179,417,5469.45,-92.2,-0.9,-120.2,-1.05,0.92,1.19,0.0,-0.94,-0.16,-146.1,88.1,-488.0,-0.55,-1.81,0.24,0.0,0.9535197952848173,1.8343936327844141,0.02060435393150828,0.5,0,0,0.0
6.234726802000296,418,5469.46,-92.4,-1.0,-120.1,-1.32,0.81,0.99,-0.03,-1.01,-0.14,-145.6,44.3,-438.0,-0.57,-0.7,0.16,0.0,1.0200980345045274,1.838096841844847,0.04505440758243773,0.5,0,0,0.0
6.246850248000555,419,5469.47,-92.6,-1.1,-120.0,-1.16,0.56,0.76,-0.04,-1.05,-0.12,-145.4,4.0,-396.0,-0.57,0.28,0.03,0.0,1.0575916035975323,1.4955935276671934,0.08089701714193387,0.5,0,0,0.0
6.254688272000749,420,5469.48,-92.7,-1.2,-120.0,-0.6,0.22,0.64,-0.04,-1.03,-0.14,-145.5,-18.1,-225.0,-0.56,0.61,-0.01,0.0,1.040240356840668,0.904433524367601,0.062274854977368066,0.5,0,0,0.0
6.266774017000898,421,5469.49,-92.8,-1.3,-119.9,0.0,0.02,0.71,-0.02,-0.99,-0.21,-145.8,-28.7,-145.0,-0.55,0.9,-0.18,0.0,1.0122252713699653,0.7102816342831905,0.033574574116532085,0.5,0,0,0.0
6.274735898000472,422,5469.5,-92.7,-1.4,-119.9,0.21,0.12,0.84,0.0,-1.0,-0.25,-146.2,-48.4,-243.0,-0.54,1.75,0.22,0.0,1.0307764064044151,0.8741281370600079,0.05108319496796232,0.5,0,0,0.0
6.286732509000103,423,5469.51,-92.7,-1.4,-119.9,0.3,0.28,0.83,0.08,-1.0,-0.25,-146.9,-83.2,-295.0,-0.51,2.62,-0.12,0.0,1.0338762014864256,0.9259049627256568,0.05309933024897329,0.5,0,0,0.0
6.29469558800065,424,5469.52,-92.7,-1.5,-119.9,-0.67,0.58,0.55,-0.03,-1.23,-0.22,-147.9,-109.9,-264.0,-0.48,3.28,0.13,0.0,1.249879994239447,1.0429765098025938,0.26372106054195477,0.5,0,0,0.0
6.306822545000614,425,5469.53,-92.9,-1.5,-119.8,-1.69,0.67,-0.36,-0.09,-1.31,-0.21,-149.2,-135.0,-269.0,-0.44,4.03,0.26,0.0,1.3297744169595083,1.8532673849177834,0.33674317359677575,0.5,0,0,0.0
6.314698002000114,426,5469.54,-93.1,-1.5,-119.7,-1.83,0.62,-1.15,-0.03,-1.34,-0.19,-150.8,-168.5,-336.0,-0.4,5.05,-0.02,0.0,1.3537355724069602,2.248510618164833,0.35349024246334304,0.5,0,0,0.0
6.326837864000481,427,5469.55,-93.4,-1.3,-119.7,-1.68,0.29,-1.78,0.0,-1.3,-0.17,-152.7,-207.7,-363.0,-0.34,6.08,-0.09,0.0,1.3110682667199294,2.464731222669117,0.304606478040786,0.5,0,0,0.0
6.33471576500051,428,5469.56,-93.6,-1.1,-119.7,-2.03,0.0,-2.16,0.0,-1.26,-0.14,-155.0,-239.7,-315.0,-0.27,6.86,0.17,0.0,1.2677539193392384,2.9642030969554027,0.25606628804689313,0.5,0,0,0.0
6.34668429300018,429,5469.57,-93.8,-0.8,-119.7,-2.33,-0.36,-2.53,-0.03,-1.24,-0.12,-157.6,-262.5,-229.0,-0.2,7.33,0.14,0.0,1.2461540835707277,3.458236544830327,0.22977712323281474,0.5,0,0,0.0
6.354686334000689,430,5469.58,-94.1,-0.6,-119.8,-2.43,-0.56,-2.71,-0.06,-1.2,-0.08,-160.3,-274.7,-135.0,-0.13,7.53,-0.12,0.0,1.2041594578792296,3.6827435425236983,0.18402684759049026,0.5,0,0,0.0
6.366769301000204,431,5469.59,-94.3,-0.4,-119.9,-2.23,-0.86,-2.57,-0.03,-1.17,-0.01,-163.1,-275.7,-25.0,-0.05,7.43,0.08,0.0,1.1704272724095246,3.509615363540569,0.1472887688783695,0.5,0,0,0.0
6.374705496000388,432,5469.6,-94.4,-0.1,-120.0,-1.8,-1.07,-2.36,0.04,-1.21,0.03,-165.8,-268.3,42.0,0.01,7.2,-0.18,0.0,1.2110326172320875,3.1550752764395336,0.1841362314269137,0.5,0,0,0.0
6.386708973000168,433,5469.61,-94.6,0.0,-120.1,-1.75,-1.03,-2.25,0.1,-1.25,0.04,-168.5,-265.7,13.0,0.08,7.23,-0.07,0.0,1.2546314199795892,3.0308249702020076,0.22318033349092703,0.5,0,0,0.0
6.394745786000385,434,5469.62,-94.8,0.2,-120.2,-2.23,-0.62,-2.08,0.12,-1.28,0.0,-171.1,-264.4,30.0,0.16,7.11,-0.06,0.0,1.2856126943990558,3.1118643929323144,0.24907837575218572,0.5,0,0,0.0
6.406726363000416,435,5469.63,-95.0,0.4,-120.3,-1.99,0.1,-1.94,0.13,-1.26,-0.02,-173.7,-253.0,117.0,0.22,6.64,0.0,0.0,1.2668464784653268,2.7809530740377477,0.2257059166220876,0.5,0,0,0.0
6.414704842000901,436,5469.64,-95.2,0.6,-120.2,-0.87,1.05,-1.5,0.16,-1.17,-0.01,-176.1,-232.2,188.0,0.29,6.02,-0.01,0.0,1.1809318354587617,2.0271655087831384,0.13699544814321207,0.5,0,0,0.0
6.427081950000684,437,5469.65,-95.2,0.7,-120.1,0.3,2.1,-0.88,0.19,-1.07,0.0,-178.2,-207.2,237.0,0.34,5.31,-0.3,0.0,1.0867382389517726,2.296606191753388,0.041945814603498555,0.5,0,0,0.0
6.434740496000813,438,5469.66,-95.1,0.8,-119.8,0.76,3.09,-0.29,0.17,-1.01,0.06,-180.1,-179.7,271.0,0.39,4.5,-0.01,0.0,1.0259629622944486,3.195277765703633,0.018452872812748877,0.5,0,0,0.0
6.446524471000885,439,5469.67,-95.0,0.8,-119.5,1.03,3.79,0.06,0.16,-0.98,0.11,-181.7,-147.0,310.0,0.43,3.6,-0.11,0.0,0.9990495483208027,3.9279256612110167,0.04445896105066682,0.5,0,0,0.0
6.454725006000444,440,5469.68,-94.9,0.9,-119.1,0.96,4.29,0.16,0.16,-0.98,0.15,-182.9,-114.4,320.0,0.46,2.7,-0.07,0.0,1.0042410069301093,4.399011252543008,0.03848215239253294,0.5,0,0,0.0
6.466755518000355,441,5469.69,-94.8,0.9,-118.6,0.75,4.71,-0.05,0.12,-0.99,0.12,-183.9,-80.7,333.0,0.48,1.78,-0.13,0.0,1.0044401425669924,4.769601660516316,0.037517356420536885,0.5,0,0,0.0
6.474535308000668,442,5469.7,-94.8,1.0,-118.1,0.73,4.98,-0.42,0.06,-0.99,0.13,-184.4,-48.2,311.0,0.49,0.96,0.03,0.0,1.000299955013495,5.050712820978838,0.040824393094553546,0.5,0,0,0.0
6.486651089000588,443,5469.71,-94.7,1.1,-117.6,1.08,4.91,-0.77,0.01,-0.97,0.15,-184.7,-20.4,283.0,0.49,0.24,-0.16,0.0,0.981580358401695,5.08600039323632,0.05835310991222642,0.5,0,0,0.0
6.4947977780002475,444,5469.72,-94.5,1.2,-117.2,1.26,4.56,-1.0,-0.02,-0.95,0.15,-184.8,1.7,206.0,0.49,-0.18,-0.04,0.0,0.961977130705299,4.835411047677333,0.07639721085645002,0.5,0,0,0.0
6.506721980000293,445,5469.73,-94.4,1.3,-116.7,0.9,4.05,-1.14,-0.05,-0.94,0.12,-184.7,4.0,41.0,0.49,-0.01,0.01,0.0,0.9489467845985885,4.302569000027773,0.08763900582389728,0.5,0,0,0.0
6.514724071000273,446,5469.74,-94.3,1.5,-116.4,0.43,3.61,-1.05,-0.08,-0.93,0.08,-184.7,-2.7,-21.0,0.49,0.11,0.01,0.0,0.9368564457802486,3.7841115205553866,0.09773475774939233,0.5,0,0,0.0
6.5270899310007735,447,5469.75,-94.3,1.6,-116.0,0.16,3.32,-0.8,-0.11,-0.93,0.05,-184.8,-6.1,-27.0,0.5,0.21,0.08,0.0,0.9378166132032425,3.418771709254656,0.09483909851987049,0.5,0,0,0.0
6.534564345000035,448,5469.76,-94.3,1.7,-115.7,0.4,3.03,-0.49,-0.1,-0.94,0.03,-184.9,-12.6,-72.0,0.5,0.48,0.0,0.0,0.9457801012920498,3.095319046560467,0.085138098222442,0.5,0,0,0.0
6.546925343000112,449,5469.77,-94.2,1.7,-115.4,0.67,2.73,-0.22,-0.1,-0.94,0.01,-185.1,-25.5,-121.0,0.51,0.9,-0.12,0.0,0.9453570753953238,2.8196099020963876,0.08384990163678463,0.5,0,0,0.0
6.554747004000092,450,5469.78,-94.1,1.8,-115.2,0.51,2.47,0.07,-0.1,-0.93,-0.01,-185.5,-44.0,-176.0,0.52,1.46,-0.17,0.0,0.9354143466934854,2.5230735225117797,0.09191677773185059,0.5,0,0,0.0
6.566731687000356,451,5469.79,-94.1,1.8,-114.9,0.26,2.29,0.36,-0.1,-0.93,-0.01,-186.1,-66.5,-218.0,0.54,2.11,0.13,0.0,0.9354143466934854,2.332659426491574,0.09007844217721361,0.5,0,0,0.0
6.574560440000823,452,5469.8,-94.0,1.7,-114.7,0.22,2.13,0.6,-0.11,-0.94,0.0,-186.9,-91.0,-237.0,0.56,2.78,-0.14,0.0,0.9464142856064673,2.2238030488332368,0.07749693319894713,0.5,0,0,0.0
6.587084520000644,453,5469.81,-94.0,1.7,-114.5,0.47,1.93,0.74,-0.1,-0.95,0.0,-188.0,-114.2,-213.0,0.6,3.31,-0.07,0.0,0.95524865872714,2.119764137822885,0.06728930887670903,0.5,0,0,0.0
6.594666686000892,454,5469.82,-93.9,1.6,-114.3,0.65,1.69,0.83,-0.09,-0.94,0.0,-189.2,-130.7,-172.0,0.63,3.72,0.01,0.0,0.9442986815621421,1.9918584287042087,0.07667450032087286,0.5,0,0,0.0
6.60657141000047,455,5469.83,-93.9,1.5,-114.2,0.69,1.44,0.8,-0.07,-0.95,0.0,-190.6,-144.7,-140.0,0.67,4.05,0.01,0.0,0.9525754563287887,1.7859731240978962,0.06702977104314178,0.5,0,0,0.0
6.6147234170002775,456,5469.84,-93.8,1.5,-114.0,0.83,1.2,0.68,-0.06,-0.89,0.0,-192.1,-154.1,-102.0,0.71,4.28,0.02,0.0,0.8920201791439475,1.6097515336225028,0.1250333472634233,0.5,0,0,0.0
6.626706453000224,457,5469.85,-93.7,1.4,-113.9,0.6,0.89,0.71,-0.06,-0.86,0.0,-193.7,-159.3,-54.0,0.76,4.34,-0.14,0.0,0.8620904824900922,1.2869343417595165,0.151863783038933,0.5,0,0,0.0
6.634651634000875,458,5469.86,-93.6,1.3,-113.8,0.35,0.57,0.77,-0.05,-0.84,-0.03,-195.3,-161.8,-35.0,0.8,4.42,-0.1,0.0,0.8420213774008353,1.0199509792141974,0.16849423036562616,0.5,0,0,0.0
6.646948608000457,459,5469.87,-93.6,1.2,-113.8,0.03,0.3,0.81,-0.04,-0.86,-0.06,-197.0,-162.7,-6.0,0.85,4.4,-0.11,0.0,0.8630179604156567,0.8642916174532761,0.14454769440378867,0.5,0,0,0.0
6.654681682000046,460,5469.88,-93.6,1.0,-113.8,-0.14,0.09,0.8,-0.03,-0.89,-0.06,-198.6,-160.7,20.0,0.89,4.3,-0.08,0.0,0.8925245094673872,0.817129120763665,0.11274032244501708,0.5,0,0,0.0
6.66659085900028,461,5469.89,-93.7,0.9,-113.8,0.0,-0.03,0.79,-0.03,-0.91,-0.08,-200.1,-154.4,57.0,0.93,4.09,0.0,0.0,0.9140021881811882,0.7905694150420949,0.08943739085659175,0.5,0,0,0.0
6.674727100000382,462,5469.9,-93.7,0.8,-113.8,0.36,-0.15,0.84,-0.03,-0.92,-0.07,-201.6,-145.7,83.0,0.97,3.82,-0.05,0.0,0.9231467922275417,0.9261209424259879,0.07868693107403335,0.5,0,0,0.0
6.68655846800084,463,5469.91,-93.6,0.7,-113.8,0.71,-0.26,0.92,-0.04,-0.92,-0.09,-203.0,-133.7,108.0,1.01,3.49,-0.09,0.0,0.9252567211320327,1.1908400396358865,0.07504546212615149,0.5,0,0,0.0
6.694529965000584,464,5469.92,-93.5,0.6,-113.8,0.94,-0.33,0.89,-0.06,-0.92,-0.09,-204.3,-120.1,132.0,1.04,3.08,0.09,0.0,0.9263368717696603,1.3358892169637422,0.07248600525875348,0.5,0,0,0.0
6.706577186000686,465,5469.93,-93.5,0.4,-113.8,1.08,-0.46,0.67,-0.07,-0.89,-0.09,-205.4,-105.1,142.0,1.07,2.68,-0.04,0.0,0.8972736483370054,1.3516286472252652,0.09951824411758015,0.5,0,0,0.0
6.714700780000385,466,5469.94,-93.4,0.4,-113.9,1.16,-0.65,0.37,-0.08,-0.84,-0.1,-206.3,-91.0,141.0,1.09,2.3,-0.32,0.0,0.84970583144992,1.380217374184226,0.1441443397845723,0.5,0,0,0.0
6.7264623330002,467,5469.95,-93.2,0.3,-114.0,1.16,-0.84,0.06,-0.1,-0.8,-0.12,-207.1,-78.2,125.0,1.11,1.99,-0.12,0.0,0.8151073548925933,1.4334573589751458,0.17516796001506096,0.5,0,0,0.0
6.734676433000459,468,5469.96,-93.1,0.4,-114.1,0.99,-1.08,-0.27,-0.11,-0.79,-0.13,-207.8,-66.9,108.0,1.13,1.72,0.15,0.0,0.8081460264085941,1.4897650821522164,0.17848670272907896,0.5,0,0,0.0
6.746985474000212,469,5469.97,-93.1,0.4,-114.2,0.67,-1.37,-0.56,-0.12,-0.77,-0.13,-208.4,-59.8,80.0,1.15,1.53,-0.05,0.0,0.7900632886041472,1.6246230331987788,0.1926380517228553,0.5,0,0,0.0
6.754466374000003,470,5469.98,-93.0,0.4,-114.4,0.19,-1.75,-0.74,-0.12,-0.76,-0.12,-209.0,-54.1,60.0,1.16,1.41,0.02,0.0,0.7787168933572713,1.9095025530226453,0.19990475803033658,0.5,0,0,0.0
6.766858262000824,471,5469.99,-93.0,0.5,-114.6,-0.46,-2.16,-0.75,-0.08,-0.76,-0.13,-209.5,-50.8,31.0,1.17,1.38,0.06,0.0,0.7751773990513398,2.3323164450820135,0.19937536728954286,0.5,0,0,0.0
6.774730802000704,472,5470.0,-93.0,0.5,-114.6,-0.46,-2.16,-0.75,-0.08,-0.76,-0.13,-209.8,-51.4,-1.0,1.19,1.47,-0.15,0.0,0.7751773990513398,2.3323164450820135,0.19538785994375196,0.5,0,0,0.0
6.7865821510004025,473,5470.01,-93.2,0.6,-115.1,-1.05,-2.56,-0.58,-0.02,-0.84,-0.16,-210.6,-59.0,-61.0,1.2,1.72,0.16,0.0,0.8553361912137237,2.827100988645436,0.1129244864257406,0.5,0,0,0.0
6.7947023810002065,474,5470.02,-93.3,0.7,-115.3,-0.88,-2.62,-0.54,-0.03,-0.86,-0.17,-211.3,-70.3,-100.0,1.22,2.07,0.06,0.0,0.8771544903835355,2.8160965892525778,0.0892840635108102,0.5,0,0,0.0
6.8065796580003735,475,5470.03,-93.4,0.7,-115.6,-0.84,-2.59,-0.49,-0.03,-0.87,-0.19,-212.1,-84.2,-135.0,1.25,2.48,0.0,0.0,0.891010662113535,2.76655019835173,0.07391933394519457,0.5,0,0,0.0
6.814724603000286,476,5470.04,-93.5,0.7,-115.8,-1.1,-2.35,-0.43,-0.03,-0.9,-0.22,-213.0,-100.8,-156.0,1.28,2.94,0.19,0.0,0.9269843580125827,2.6300950553164424,0.03718672528522382,0.5,0,0,0.0
6.826553471000807,477,5470.05,-93.7,0.7,-116.0,-1.72,-1.92,-0.28,-0.01,-0.96,-0.22,-214.2,-119.2,-173.0,1.31,3.45,0.13,0.0,0.9849365461794988,2.5929134193026964,0.020350153624058342,0.5,0,0,0.0
6.834565247000683,478,5470.06,-93.9,0.8,-116.2,-2.1,-1.44,-0.14,0.01,-1.06,-0.2,-215.5,-138.2,-186.0,1.35,3.99,0.04,0.0,1.0787492757819122,2.550137251208256,0.11187962556194231,0.5,0,0,0.0
6.846516243000224,479,5470.07,-94.2,0.8,-116.3,-1.79,-1.03,-0.08,0.05,-1.13,-0.2,-217.0,-156.2,-169.0,1.39,4.43,0.0,0.0,1.1486513831445988,2.0667365579579804,0.17814609826613637,0.5,0,0,0.0
6.85455295400061,480,5470.08,-94.3,0.8,-116.4,-1.02,-0.84,-0.12,0.09,-1.17,-0.24,-218.7,-170.2,-141.0,1.44,4.76,-0.15,0.0,1.1977478866606277,1.3268006632497589,0.222697749746522,0.5,0,0,0.0
6.8668333730001905,481,5470.09,-94.4,0.8,-116.5,-0.5,-0.83,-0.41,0.07,-1.14,-0.25,-220.4,-178.2,-86.0,1.49,4.91,0.0,0.0,1.1691877522451215,1.0521406750050109,0.19025486302439554,0.5,0,0,0.0
6.874669547000849,482,5470.1,-94.4,0.8,-116.6,-0.93,-1.04,-0.48,0.04,-1.07,-0.29,-222.2,-183.0,-55.0,1.54,5.01,0.02,0.0,1.109324118551472,1.4754321400864223,0.12778340474413108,0.5,0,0,0.0
6.886552488000234,483,5470.11,-94.6,0.9,-116.7,-1.45,-1.25,-0.48,0.02,-1.08,-0.27,-224.1,-186.9,-53.0,1.59,5.16,0.08,0.0,1.1134181604410807,1.9736767719158068,0.12923989770106503,0.5,0,0,0.0
6.8946962890004215,484,5470.12,-94.7,0.9,-116.9,-1.61,-1.31,-0.18,0.0,-1.1,-0.26,-226.0,-195.3,-90.0,1.64,5.47,0.0,0.0,1.1303096920755835,2.0834106652314133,0.14320880074885656,0.5,0,0,0.0
6.90647129700028,485,5470.13,-94.9,0.9,-117.0,-1.3,-1.08,0.27,0.0,-1.14,-0.22,-228.1,-210.4,-144.0,1.7,5.95,0.01,0.0,1.1610340218959994,1.7115197924651646,0.170454467957887,0.5,0,0,0.0
6.914534121000543,486,5470.14,-95.1,0.8,-117.1,-0.61,-0.76,0.72,0.0,-1.19,-0.17,-230.3,-232.4,-209.0,1.76,6.62,0.25,0.0,1.2020815280171306,1.2116517651536682,0.20727193459743787,0.5,0,0,0.0
6.926523089000511,487,5470.15,-95.1,0.7,-117.1,-0.42,-0.72,0.92,-0.03,-1.22,-0.11,-232.8,-259.0,-254.0,1.83,7.39,0.34,0.0,1.2253162856993292,1.2414507642270796,0.22589655843404366,0.5,0,0,0.0
6.934646900000189,488,5470.16,-95.2,0.6,-117.2,-0.7,-0.83,0.91,-0.02,-1.26,-0.04,-235.6,-287.8,-278.0,1.91,8.17,-0.07,0.0,1.260793400997959,1.4166862743741113,0.25614620025801993,0.5,0,0,0.0
6.946527431000504,489,5470.17,-95.2,0.5,-117.3,-1.01,-0.87,0.86,0.02,-1.29,0.02,-238.7,-312.8,-239.0,2.0,8.76,0.0,0.0,1.2903100402616419,1.586379525838631,0.2799495827312688,0.5,0,0,0.0
6.954641713000456,490,5470.18,-95.3,0.4,-117.4,-1.34,-0.77,1.41,0.03,-1.3,0.1,-242.0,-338.0,-276.0,2.09,9.59,0.06,0.0,1.3041855696180662,2.0920325045275945,0.2879486098459392,0.5,0,0,0.0
6.966950739000822,491,5470.19,-95.4,0.2,-117.4,-1.16,-0.6,2.52,0.07,-1.35,0.22,-245.6,-369.0,-280.0,2.19,10.34,0.01,0.0,1.3695984813075692,2.8383093559370867,0.3462942911047333,0.5,0,0,0.0
6.974675058000685,492,5470.2,-95.5,-0.1,-117.4,0.08,-0.89,3.54,0.14,-1.44,0.37,-249.4,-393.0,-254.0,2.3,10.99,0.17,0.0,1.4933519344079613,3.6510409474559444,0.4606467893210229,0.5,0,0,0.0
6.986835570000039,493,5470.21,-95.4,-0.4,-117.5,2.08,-1.57,3.78,0.03,-1.35,0.36,-253.5,-421.0,-274.0,2.42,11.78,0.04,0.0,1.3974977638622539,4.59126344267022,0.3574967663998092,0.5,0,0,0.0
6.99465862300076,494,5470.22,-95.1,-0.8,-117.7,2.64,-2.34,3.36,-0.11,-1.13,0.35,-257.9,-437.6,-140.0,2.54,11.92,0.06,0.0,1.1880656547514534,4.8718374357115,0.14510336414322866,0.5,0,0,0.0
7.006789187000322,495,5470.23,-94.9,-1.2,-118.0,1.65,-3.3,2.8,-0.25,-0.99,0.33,-262.3,-438.3,-40.0,2.66,11.87,-0.16,0.0,1.0730796801729123,4.631684358848301,0.029515041773393813,0.5,0,0,0.0
7.014634173000559,496,5470.24,-94.8,-1.4,-118.3,0.61,-4.31,1.99,-0.35,-0.95,0.31,-266.6,-430.5,65.0,2.77,11.52,-0.07,0.0,1.0588200980336555,4.786261589173747,0.014950350441454319,0.5,0,0,0.0
7.0270848630007094,497,5470.25,-94.7,-1.6,-118.8,-0.14,-5.17,1.27,-0.43,-0.93,0.27,-270.8,-413.0,164.0,2.88,10.91,-0.03,0.0,1.0595753866525968,5.325542225914654,0.015391526279187717,0.5,0,0,0.0
7.034640855000362,498,5470.26,-94.8,-1.8,-119.3,-0.63,-5.74,0.89,-0.4,-0.93,0.19,-274.7,-377.8,348.0,2.98,9.66,-0.4,0.0,1.0300485425454473,5.842653506755299,0.013852611471402598,0.5,0,0,0.0
7.046863287000633,499,5470.27,-94.8,-1.9,-119.9,-0.37,-6.06,0.63,-0.29,-0.98,0.11,-278.2,-329.3,424.0,3.07,8.41,-0.34,0.0,1.0279105019407089,6.103884009382878,0.0156708390346183,0.5,0,0,0.0
7.054667620000146,500,5470.28,-94.8,-2.0,-120.5,-0.03,-5.98,0.46,-0.15,-1.01,0.05,-281.1,-286.2,424.0,3.15,7.25,-0.07,0.0,1.02230132544177,5.9977412415008375,0.020854415222886002,0.5,0,0,0.0
7.066643523000494,501,5470.29,-94.7,-2.1,-121.1,0.04,-5.69,0.35,0.0,-1.02,0.0,-283.7,-240.5,458.0,3.21,5.95,-0.17,0.0,1.02,5.7008946666290905,0.02269262585136289,0.5,0,0,0.0
7.0746727930009,502,5470.3,-94.7,-2.2,-121.6,0.13,-5.27,0.22,0.11,-1.04,0.0,-285.8,-191.6,481.0,3.26,4.6,-0.21,0.0,1.0458011283222064,5.2761918084921815,0.003046332421426712,0.5,0,0,0.0
7.086496146000172,503,5470.31,-94.7,-2.2,-122.1,0.43,-4.69,0.12,0.2,-1.01,-0.05,-287.3,-143.9,477.0,3.3,3.31,-0.41,0.0,1.030824912388132,4.711199422652367,0.01169128584239476,0.5,0,0,0.0
7.094484601000659,504,5470.32,-94.6,-2.3,-122.6,0.67,-3.84,0.04,0.23,-0.99,-0.07,-288.5,-96.2,475.0,3.32,2.03,-0.16,0.0,1.0187737727287642,3.8982175413899105,0.023267576991727212,0.5,0,0,0.0
7.106514817000061,505,5470.33,-94.5,-2.3,-122.9,0.44,-3.11,-0.15,0.22,-0.97,-0.05,-289.1,-48.4,480.0,3.34,0.72,-0.17,0.0,0.9958915603618699,3.1445508423302684,0.04522679357144921,0.5,0,0,0.0
7.114728249000109,506,5470.34,-94.5,-2.3,-123.2,-0.19,-2.62,-0.45,0.19,-0.98,-0.02,-289.2,-1.8,449.0,3.33,-0.42,0.03,0.0,0.9984487968844471,2.6651453994106964,0.04181616590789461,0.5,0,0,0.0
7.126412511000126,507,5470.35,-94.5,-2.2,-123.4,-0.52,-2.32,-0.83,0.13,-0.96,-0.01,-289.0,30.9,343.0,3.32,-1.18,-0.04,0.0,0.9688137075826291,2.518273217901505,0.07002223010551845,0.5,0,0,0.0
7.134583562000444,508,5470.36,-94.6,-2.1,-123.7,-0.71,-2.09,-1.09,0.06,-0.93,-0.01,-288.5,57.8,288.0,3.31,-1.88,-0.24,0.0,0.9319871243745806,2.461767657598905,0.10471183704729559,0.5,0,0,0.0
7.146502945000066,509,5470.37,-94.6,-2.0,-123.9,-0.76,-1.93,-1.16,0.02,-0.9,-0.02,-287.8,83.5,268.0,3.28,-2.58,0.0,0.0,0.9004443347592342,2.3765731631910683,0.13352953412938906,0.5,0,0,0.0
7.154703731000154,510,5470.38,-94.7,-1.9,-124.1,-0.64,-1.85,-1.16,0.0,-0.89,-0.02,-286.8,109.1,253.0,3.25,-3.25,-0.17,0.0,0.8902246907382427,2.2754559982561737,0.14087419458737305,0.5,0,0,0.0
7.1663399960007155,511,5470.39,-94.7,-1.8,-124.3,-0.43,-1.82,-1.12,-0.01,-0.88,-0.02,-285.5,134.0,259.0,3.22,-3.99,-0.19,0.0,0.8802840450672725,2.1798394436288193,0.14779854345317645,0.5,0,0,0.0
7.17454880600053,512,5470.4,-94.7,-1.7,-124.4,-0.33,-1.73,-1.03,0.0,-0.86,-0.05,-284.0,160.0,249.0,3.17,-4.63,-1.34,0.0,0.8614522621712708,2.04026959002971,0.16329771982219454,0.5,0,0,0.0
7.186379530000522,513,5470.41,-94.7,-1.6,-124.6,-0.35,-1.54,-0.85,0.04,-0.86,-0.07,-282.2,185.4,257.0,3.12,-5.35,0.0,0.0,0.8637708029332781,1.7934882213162147,0.15775959547898355,0.5,0,0,0.0
7.19445205700049,514,5470.42,-94.7,-1.5,-124.8,-0.32,-1.31,-0.67,0.09,-0.88,-0.11,-280.2,209.2,232.0,3.06,-5.95,-0.05,0.0,0.891403387922662,1.5057888298164521,0.12752447027980762,0.5,0,0,0.0
7.206463704000271,515,5470.43,-94.8,-1.4,-124.9,-0.16,-1.04,-0.57,0.13,-0.89,-0.14,-277.9,231.1,227.0,3.0,-6.56,-0.15,0.0,0.910274683818022,1.196703806294607,0.1064801108967588,0.5,0,0,0.0
7.214591354000731,516,5470.44,-94.8,-1.4,-125.0,-0.01,-0.83,-0.46,0.14,-0.9,-0.14,-275.5,255.3,249.0,2.93,-7.27,-0.14,0.0,0.9215204826806618,0.9489994731294639,0.09332962579343662,0.5,0,0,0.0
7.226553069000147,517,5470.45,-94.8,-1.3,-125.1,0.06,-0.57,-0.38,0.15,-0.9,-0.15,-272.7,284.1,268.0,2.85,-8.04,-0.04,0.0,0.9246621004453465,0.6876772498781678,0.088384247868177,0.5,0,0,0.0
7.234504597000523,518,5470.46,-94.8,-1.3,-125.1,0.07,-0.29,-0.3,0.15,-0.89,-0.16,-269.7,310.0,255.0,2.76,-8.72,-0.27,0.0,0.916624241442479,0.4230839160261236,0.09449366473362364,0.5,0,0,0.0
7.24674929000048,519,5470.47,-94.7,-1.3,-125.1,0.01,0.0,-0.23,0.14,-0.88,-0.17,-266.4,335.5,256.0,2.67,-9.42,-0.02,0.0,0.9071383576941281,0.23021728866442678,0.10189995751233516,0.5,0,0,0.0
7.254664891000175,520,5470.48,-94.8,-1.3,-125.1,-0.15,0.26,-0.16,0.11,-0.88,-0.17,-262.9,359.7,237.0,2.57,-10.03,-0.11,0.0,0.9029950165975447,0.340147027033899,0.10392243263674028,0.5,0,0,0.0
7.266698251000889,521,5470.49,-94.8,-1.2,-125.1,-0.34,0.43,-0.14,0.09,-0.89,-0.17,-259.1,382.8,245.0,2.47,-10.73,-0.03,0.0,0.9105492847726586,0.5657738063926254,0.09444080117239384,0.5,0,0,0.0
7.274742104000325,522,5470.5,-94.8,-1.2,-125.0,-0.47,0.56,-0.11,0.06,-0.89,-0.19,-255.1,410.4,259.0,2.36,-11.45,-0.17,0.0,0.9120307012376283,0.7393240155709809,0.09110019701327565,0.5,0,0,0.0
7.286441393000132,523,5470.51,-94.9,-1.2,-125.0,-0.57,0.66,-0.03,0.03,-0.89,-0.2,-250.9,428.9,186.0,2.24,-11.84,-0.21,0.0,0.9126883367283709,0.8725823743349392,0.08863371029208245,0.5,0,0,0.0
7.294649164000475,524,5470.52,-94.9,-1.2,-124.9,-0.43,0.76,0.05,0.03,-0.91,-0.21,-246.4,451.0,242.0,2.11,-12.6,0.15,0.0,0.9343982020530648,0.874642784226795,0.06558536806804083,0.5,0,0,0.0
7.3064434470006745,525,5470.53,-95.0,-1.2,-124.8,-0.09,0.87,0.15,0.03,-0.9,-0.22,-241.7,474.3,202.0,1.99,-13.09,-0.09,0.0,0.9269843580125827,0.8874119674649424,0.07153922786635247,0.5,0,0,0.0
7.314399001000311,526,5470.54,-94.9,-1.2,-124.7,0.32,0.97,0.32,0.05,-0.87,-0.23,-236.8,501.9,305.0,1.85,-14.11,0.0,0.0,0.9012768719988326,1.0703737664946764,0.09530177960250064,0.5,0,0,0.0
7.326526720000402,527,5470.55,-94.9,-1.3,-124.6,0.55,1.12,0.6,0.07,-0.85,-0.21,-231.6,530.9,246.0,1.7,-14.65,-0.12,0.0,0.8783507272155013,1.38452157801892,0.11586336589811519,0.5,0,0,0.0
7.3346808580008656,528,5470.56,-94.9,-1.3,-124.5,0.52,1.32,0.82,0.1,-0.86,-0.22,-226.1,553.1,246.0,1.55,-15.35,-0.23,0.0,0.8933084573650918,1.6386579875007474,0.09888752303355419,0.5,0,0,0.0
7.346414207000635,529,5470.57,-94.8,-1.4,-124.3,0.48,1.6,0.93,0.1,-0.89,-0.22,-220.4,581.1,310.0,1.39,-16.29,-0.06,0.0,0.9222255689363639,1.9118838876877435,0.06857100323303644,0.5,0,0,0.0
7.354742399000315,530,5470.58,-94.8,-1.5,-124.1,0.4,1.84,1.08,0.1,-0.88,-0.23,-214.4,610.0,228.0,1.22,-16.75,-0.26,0.0,0.9150409826887537,2.1707141681944218,0.0742404776910337,0.5,0,0,0.0
7.36653764500079,531,5470.59,-94.7,-1.6,-123.9,0.37,2.07,1.26,0.09,-0.87,-0.23,-208.1,632.4,243.0,1.05,-17.44,-0.13,0.0,0.9043782394551519,2.451407758819409,0.08320515650614269,0.5,0,0,0.0
7.374635811000189,532,5470.6,-94.7,-1.7,-123.7,0.48,2.26,1.45,0.09,-0.87,-0.22,-202.3,648.1,234.0,0.87,-18.15,0.01,0.0,0.9018869108707588,2.7277279923042177,0.08398255538872512,0.5,0,0,0.0
7.386391171000469,533,5470.61,-94.7,-1.8,-123.5,0.41,2.42,1.49,0.11,-0.9,-0.19,-195.0,680.9,225.0,0.69,-18.69,0.08,0.0,0.926390846241477,2.8713411500551445,0.05828904761764675,0.5,0,0,0.0
7.3947520420006185,534,5470.62,-94.6,-2.0,-123.2,0.17,2.43,1.4,0.11,-0.91,-0.17,-188.0,700.5,235.0,0.5,-19.37,0.11,0.0,0.9322553298319083,2.8095907175245296,0.05137607274667122,0.5,0,0,0.0
7.406419309000739,535,5470.63,-94.6,-2.1,-122.9,-0.12,2.36,1.21,0.09,-0.92,-0.15,-180.8,735.8,318.0,0.29,-20.35,-0.16,0.0,0.9364827814754524,2.654825794661488,0.04620564868106458,0.5,0,0,0.0
7.414753949000442,536,5470.64,-94.7,-2.2,-122.7,-0.45,2.36,1.07,0.06,-0.89,-0.16,-173.3,757.7,250.0,0.09,-20.91,-1.11,0.0,0.9062560344626678,2.6300190113381308,0.07490374777997222,0.5,0,0,0.0
7.42665490500076,537,5470.65,-94.8,-2.3,-122.5,-0.83,2.41,1.0,0.03,-0.9,-0.15,-165.6,768.9,150.0,-0.11,-21.12,0.07,0.0,0.9129074432821763,2.7380650101851125,0.06688729218125444,0.5,0,0,0.0
7.434745310000835,538,5470.66,-94.9,-2.3,-122.2,-1.01,2.27,0.87,0.0,-0.91,-0.13,-157.9,771.0,-93.0,-0.32,-20.4,0.1,0.0,0.9192388155425119,2.6324703227197075,0.059344801522500545,0.5,0,0,0.0
7.446280129000115,539,5470.67,-95.0,-2.3,-122.0,-0.96,1.97,0.84,0.03,-0.9,-0.12,-150.6,698.4,-734.0,-0.51,-17.32,0.81,0.0,0.9084602357836032,2.3469341703592796,0.06872091365578092,0.5,0,0,0.0
7.454616588000135,540,5470.68,-95.1,-2.4,-121.8,-0.34,1.77,0.91,0.16,-0.89,-0.15,-144.8,516.7,-1732.0,-0.64,-10.95,0.98,0.0,0.916624241442479,2.0190591868491623,0.059345769836967044,0.5,0,0,0.0
7.466451318000509,541,5470.69,-95.1,-2.5,-121.6,0.13,2.07,1.04,0.19,-1.05,-0.23,-141.4,260.0,-2256.0,-0.7,-4.08,0.68,0.0,1.0915585188161008,2.320215507232033,0.11327673738592159,0.5,0,0,0.0
7.474361061000309,542,5470.7,-95.2,-2.5,-121.4,-1.37,2.25,0.08,-0.16,-1.42,-0.22,-140.3,40.3,-2042.0,-0.7,1.0,0.6,0.0,1.4458215657542253,2.6354885695066104,0.4581889886375652,0.5,0,0,0.0
7.486643485000059,543,5470.71,-95.4,-2.5,-121.2,-1.84,2.15,-0.95,-0.36,-1.36,-0.15,-140.9,-92.7,-1372.0,-0.67,3.6,0.24,0.0,1.4148144754701941,2.98506281340946,0.41863826038646335,0.5,0,0,0.0
7.494592328000181,544,5470.72,-95.5,-2.3,-121.0,-0.13,1.23,-1.23,-0.38,-1.29,-0.09,-142.4,-168.7,-894.0,-0.62,5.27,0.0,0.0,1.3478130434151467,1.7443336836740841,0.3446040917647877,0.5,0,0,0.0
7.506453532000705,545,5470.73,-95.5,-2.2,-120.9,0.92,0.56,-1.08,-0.31,-1.2,-0.07,-144.5,-219.3,-607.0,-0.56,6.5,0.0,0.0,1.2413702106946178,1.5252540771950096,0.23339803386337366,0.5,0,0,0.0
7.514594314000533,546,5470.74,-95.4,-2.1,-120.9,0.71,0.24,-0.98,-0.13,-1.1,-0.07,-147.0,-262.1,-481.0,-0.49,7.61,0.2,0.0,1.1098648566379603,1.2337341690980275,0.09985482621058184,0.5,0,0,0.0
7.526630042000761,547,5470.75,-95.3,-2.0,-120.9,-0.05,-0.08,-1.09,0.0,-1.05,-0.08,-149.8,-299.5,-393.0,-0.41,8.54,0.21,0.0,1.0530432089900206,1.0940749517286281,0.04217251499138919,0.5,0,0,0.0
7.534530856000856,548,5470.76,-95.4,-1.9,-120.9,-1.34,-0.42,-1.25,0.01,-1.07,-0.1,-153.0,-326.4,-269.0,-0.32,9.05,0.06,0.0,1.074709263010234,1.880026595556563,0.0625617976313706,0.5,0,0,0.0
7.546492113000568,549,5470.77,-95.6,-1.7,-121.0,-2.44,-0.52,-1.59,0.0,-1.16,-0.11,-156.4,-335.0,-111.0,-0.23,9.1,0.06,0.0,1.1652038448271616,2.9583948350414624,0.14999525185933216,0.5,0,0,0.0
7.55454689400085,550,5470.78,-95.9,-1.5,-121.1,-3.06,-0.5,-2.0,-0.02,-1.24,-0.1,-159.7,-332.6,-4.0,-0.14,8.96,-0.08,0.0,1.2441864811996632,3.689661231061735,0.22439833046719726,0.5,0,0,0.0
7.566410410000572,551,5470.79,-96.2,-1.3,-121.1,-3.34,-0.51,-2.3,0.0,-1.31,-0.07,-163.0,-319.6,119.0,-0.05,8.42,0.17,0.0,1.3118688958886098,4.087260696358871,0.28623913025302095,0.5,0,0,0.0
7.5746436840008755,552,5470.8,-96.4,-1.0,-121.2,-2.95,-0.43,-2.75,0.02,-1.37,-0.03,-166.0,-294.5,216.0,0.02,7.68,-0.15,0.0,1.3704743704279916,4.055847630274096,0.33794771269655466,0.5,0,0,0.0
7.58658892800031,553,5470.81,-96.7,-0.7,-121.3,-2.59,-0.27,-2.91,0.07,-1.29,-0.04,-168.8,-272.0,201.0,0.09,7.17,0.0,0.0,1.2925169244539896,3.9050096030611754,0.2547904613881016,0.5,0,0,0.0
7.594638425000085,554,5470.82,-96.9,-0.5,-121.3,-2.14,-0.03,-2.7,0.12,-1.25,-0.04,-171.4,-254.8,189.0,0.16,6.68,0.11,0.0,1.256383699353028,3.4453591975293376,0.21428409156139705,0.5,0,0,0.0
7.606604790000347,555,5470.83,-97.1,-0.2,-121.4,-1.53,0.44,-2.2,0.18,-1.19,-0.08,-173.8,-233.5,214.0,0.22,6.05,-0.08,0.0,1.2061923561356207,2.7156030637779156,0.16081089337710996,0.5,0,0,0.0
7.614677610000399,556,5470.84,-97.2,0.0,-121.3,-0.92,1.24,-1.5,0.21,-1.14,-0.08,-175.9,-207.9,250.0,0.28,5.31,0.05,0.0,1.1619380362136356,2.1526727572949866,0.11422544198602225,0.5,0,0,0.0
7.626369404000798,557,5470.85,-97.3,0.0,-121.1,-0.17,2.27,-0.9,0.21,-1.12,-0.08,-177.8,-180.1,273.0,0.33,4.53,-0.11,0.0,1.142322196230118,2.4478153525133384,0.09271740996245459,0.5,0,0,0.0
7.63451208800052,558,5470.86,-97.2,0.1,-120.8,0.57,3.39,-0.52,0.16,-1.09,-0.06,-179.4,-149.6,302.0,0.37,3.66,-0.32,0.0,1.1033131921625883,3.476693831789046,0.05263423777702636,0.5,0,0,0.0
7.646423073000733,559,5470.87,-97.2,0.2,-120.5,0.96,4.3,-0.35,0.1,-1.03,0.0,-180.7,-116.0,333.0,0.4,2.7,-0.17,0.0,1.034842983258813,4.419739811346364,0.015519251704213755,0.5,0,0,0.0
7.654735352000898,560,5470.88,-97.1,0.3,-120.0,1.16,4.94,-0.28,0.06,-0.98,0.05,-181.6,-80.4,340.0,0.42,1.77,-0.27,0.0,0.9831073186585481,5.082086185809918,0.06590981797838913,0.5,0,0,0.0
7.666340315000525,561,5470.89,-96.9,0.4,-119.5,1.28,5.36,-0.35,0.07,-0.98,0.08,-182.2,-47.3,328.0,0.43,0.89,-0.14,0.0,0.9857484466130291,5.521820352021606,0.062003316223429916,0.5,0,0,0.0
7.6747361430007,562,5470.9,-96.8,0.5,-118.9,1.31,5.67,-0.58,0.05,-0.98,0.08,-182.4,-14.9,316.0,0.43,0.05,-0.1,0.0,0.9845303448853163,5.848196303134839,0.061956989592119815,0.5,0,0,0.0
7.6864536460007,563,5470.91,-96.6,0.6,-118.4,1.4,5.67,-0.86,0.01,-0.94,0.1,-182.4,7.6,208.0,0.43,-0.32,0.01,0.0,0.9453570753953238,5.903261810219838,0.09910765390047005,0.5,0,0,0.0
7.694359387000077,564,5470.92,-96.5,0.8,-117.9,1.63,5.41,-1.05,-0.02,-0.93,0.12,-182.3,14.8,92.0,0.42,-0.4,-0.01,0.0,0.9379232377972091,5.746955715855135,0.10441066166861313,0.5,0,0,0.0
7.706554904000768,565,5470.93,-96.3,1.0,-117.3,1.69,4.98,-1.19,-0.07,-0.9,0.11,-182.1,11.5,-2.0,0.42,-0.24,0.04,0.0,0.9093954035511727,5.391901334408856,0.13027972599635662,0.5,0,0,0.0
7.714732088000346,566,5470.94,-96.1,1.1,-116.9,1.36,4.5,-1.19,-0.13,-0.88,0.08,-182.1,3.8,-63.0,0.42,0.03,0.24,0.0,0.8931405264570632,4.849298918400473,0.14360391102865677,0.5,0,0,0.0
7.726225730000806,567,5470.95,-96.0,1.3,-116.5,0.96,3.98,-1.05,-0.17,-0.89,0.06,-182.1,-2.9,-34.0,0.42,0.06,-0.01,0.0,0.9080748867797194,4.226641692881004,0.1260961596918807,0.5,0,0,0.0
7.734660382000584,568,5470.96,-95.9,1.4,-116.1,0.74,3.39,-0.79,-0.18,-0.88,0.05,-182.1,-1.4,-1.0,0.42,0.01,0.04,0.0,0.8996110270555825,3.558623329322731,0.1318688190276972,0.5,0,0,0.0
7.746290863000468,569,5470.97,-95.9,1.5,-115.8,0.61,2.84,-0.48,-0.15,-0.9,0.02,-182.1,-0.9,-12.0,0.42,0.07,0.05,0.0,0.912633551870629,2.9441637182738325,0.11646936832839772,0.5,0,0,0.0
7.754718594000224,570,5470.98,-95.8,1.6,-115.6,0.32,2.44,-0.13,-0.1,-0.92,-0.01,-182.2,-7.2,-59.0,0.42,0.31,0.15,0.0,0.9254728521139883,2.464325465517897,0.10155746672333765,0.5,0,0,0.0
7.766336349000085,571,5470.99,-95.8,1.6,-115.3,0.18,2.23,0.23,-0.07,-0.96,-0.04,-182.3,-19.1,-105.0,0.43,0.67,0.02,0.0,0.9633794683301072,2.249044241450132,0.062377833497074264,0.5,0,0,0.0
7.7746766960008244,572,5471.0,-95.8,1.6,-115.3,0.18,2.23,0.23,-0.07,-0.96,-0.04,-182.5,-28.3,-158.0,0.44,1.14,0.02,0.0,0.9633794683301072,2.249044241450132,0.06113027682713279,0.5,0,0,0.0
7.786430303000088,573,5471.01,-95.6,1.5,-114.9,0.85,2.09,0.85,-0.06,-0.98,-0.06,-183.1,-52.3,-204.0,0.46,1.67,0.11,0.0,0.983666610188635,2.411037121240567,0.04002627226923294,0.5,0,0,0.0
7.794562800000676,574,5471.02,-95.5,1.3,-114.7,1.21,2.05,0.93,-0.07,-0.96,-0.06,-183.8,-71.1,-184.0,0.48,2.15,0.0,0.0,0.9644169222903547,2.555679948663369,0.05809044096416294,0.5,0,0,0.0
7.806713391000812,575,5471.03,-95.4,1.2,-114.5,1.46,1.97,0.9,-0.08,-0.93,-0.06,-184.6,-88.4,-174.0,0.5,2.59,-0.01,0.0,0.9353608929178086,2.6119915773217954,0.08540354092997493,0.5,0,0,0.0
7.814555578000181,576,5471.04,-95.2,1.1,-114.3,1.47,1.85,0.82,-0.09,-0.89,-0.06,-185.6,-101.0,-127.0,0.53,2.86,-0.16,0.0,0.8965489389877164,2.5011597310047993,0.12173118496286572,0.5,0,0,0.0
7.82658783000079,577,5471.05,-95.1,1.1,-114.1,1.15,1.64,0.76,-0.09,-0.88,-0.05,-186.7,-110.9,-102.0,0.56,3.11,-0.1,0.0,0.8860022573334675,2.1423585134145964,0.12963230928477232,0.5,0,0,0.0
7.834705851000763,578,5471.06,-95.0,1.0,-113.9,0.73,1.42,0.73,-0.09,-0.88,-0.06,-187.8,-117.3,-66.0,0.59,3.23,-0.15,0.0,0.8866228059327146,1.7556195487633417,0.1264315254718147,0.5,0,0,0.0
7.8464627370003655,579,5471.07,-94.9,0.9,-113.8,0.46,1.14,0.68,-0.09,-0.9,-0.07,-189.0,-120.1,-29.0,0.62,3.25,-0.1,0.0,0.9071934744033381,1.4048487463068755,0.1037436398611673,0.5,0,0,0.0
7.854552390000208,580,5471.08,-94.9,0.8,-113.7,0.55,0.91,0.68,-0.09,-0.9,-0.08,-190.2,-120.6,-16.0,0.66,3.28,0.06,0.0,0.9080198235721508,1.2621410380777578,0.10085894487850755,0.5,0,0,0.0
7.866647338000803,581,5471.09,-94.8,0.6,-113.6,0.6,0.67,0.85,-0.08,-0.88,-0.08,-191.4,-120.7,-1.0,0.69,3.27,0.19,0.0,0.8872429205127533,1.2374974747448984,0.11920313097914692,0.5,0,0,0.0
7.874560488000498,582,5471.1,-94.7,0.5,-113.5,0.7,0.49,1.01,-0.07,-0.89,-0.09,-192.6,-120.4,1.0,0.72,3.26,0.07,0.0,0.8972736483370054,1.3229512462672235,0.10698895509179684,0.5,0,0,0.0
7.886590054000408,583,5471.11,-94.7,0.3,-113.5,0.84,0.42,1.02,-0.06,-0.88,-0.11,-193.8,-117.8,23.0,0.76,3.15,-0.05,0.0,0.8888756943465155,1.386506400994961,0.11307917090064112,0.5,0,0,0.0
7.894737879000786,584,5471.12,-94.6,0.2,-113.4,0.9,0.39,1.02,-0.05,-0.87,-0.12,-194.9,-113.5,41.0,0.78,3.02,0.0,0.0,0.8796590248499698,1.4150971698084907,0.11984992358924307,0.5,0,0,0.0
7.906466962000195,585,5471.13,-94.6,0.1,-113.4,0.82,0.35,0.98,-0.04,-0.86,-0.14,-196.0,-107.8,55.0,0.81,2.84,0.13,0.0,0.872238499494261,1.3248773528142141,0.12472503996605289,0.5,0,0,0.0
7.914682656000878,586,5471.14,-94.5,0.0,-113.4,0.66,0.39,0.92,-0.04,-0.87,-0.14,-197.0,-101.1,62.0,0.84,2.66,-0.16,0.0,0.8820997676000147,1.1975391434103522,0.11256649642309313,0.5,0,0,0.0
7.926510334000341,587,5471.15,-94.5,0.0,-113.3,0.64,0.46,0.77,-0.05,-0.88,-0.16,-198.0,-95.0,62.0,0.86,2.51,-0.21,0.0,0.8958236433584458,1.1018620603324174,0.09686576825136883,0.5,0,0,0.0
7.934627040000123,588,5471.16,-94.4,-0.1,-113.2,0.75,0.51,0.51,-0.06,-0.9,-0.16,-198.9,-88.1,69.0,0.89,2.31,-0.08,0.0,0.916078599247903,1.0405287117614774,0.07507859611467338,0.5,0,0,0.0
7.946375449000698,589,5471.17,-94.3,-0.1,-113.2,0.99,0.48,0.13,-0.1,-0.91,-0.16,-199.7,-79.2,79.0,0.91,2.06,-0.25,0.0,0.9293546147730692,1.107880860020607,0.06056652897771697,0.5,0,0,0.0
7.954691039000863,590,5471.18,-94.2,-0.1,-113.2,1.24,0.37,-0.33,-0.15,-0.88,-0.15,-200.4,-73.2,69.0,0.93,1.89,-0.05,0.0,0.9052071586106685,1.335440002396214,0.0830197054373154,0.5,0,0,0.0
7.966464575000828,591,5471.19,-94.1,-0.1,-113.1,1.26,0.08,-0.76,-0.19,-0.84,-0.14,-201.1,-64.9,73.0,0.95,1.69,-0.22,0.0,0.8725250712730265,1.4736349615830917,0.11338775691945824,0.5,0,0,0.0
7.974479210000027,592,5471.2,-94.0,0.0,-113.2,0.71,-0.28,-1.03,-0.19,-0.82,-0.15,-201.7,-59.5,54.0,0.96,1.57,0.02,0.0,0.8549853799919621,1.2819516371532897,0.12830889923651212,0.5,0,0,0.0
7.986577395000495,593,5471.21,-94.0,0.1,-113.2,-0.12,-0.69,-1.22,-0.17,-0.84,-0.18,-202.3,-56.1,33.0,0.98,1.51,-0.01,0.0,0.875728268357257,1.4067338056647392,0.10541469065379283,0.5,0,0,0.0
7.994369540000662,594,5471.22,-94.0,0.2,-113.3,-0.86,-0.98,-1.26,-0.14,-0.88,-0.19,-202.8,-57.0,-11.0,0.99,1.61,0.0,0.0,0.9110982383914481,1.8131740126088285,0.06864382620720977,0.5,0,0,0.0
8.005979549000585,595,5471.23,-94.1,0.3,-113.4,-1.04,-1.12,-1.16,-0.1,-0.94,-0.19,-203.4,-62.0,-35.0,1.01,1.74,-0.08,0.0,0.9642095207992918,1.9187495928338332,0.015221892923378721,0.5,0,0,0.0
8.014198735000718,596,5471.24,-94.2,0.4,-113.5,-0.64,-1.16,-1.04,-0.04,-0.99,-0.17,-204.1,-69.2,-76.0,1.03,2.02,0.02,0.0,1.0052860289489753,1.684280261714184,0.02533752292177871,0.5,0,0,0.0
8.026478417000362,597,5471.25,-94.3,0.5,-113.7,0.13,-1.24,-0.97,0.0,-0.97,-0.15,-204.9,-81.2,-109.0,1.05,2.37,0.07,0.0,0.9815294188153506,1.5796835126062436,0.0015492945323909435,0.5,0,0,0.0
8.034646162000172,598,5471.26,-94.3,0.5,-113.8,0.46,-1.37,-0.87,0.03,-0.9,-0.15,-205.8,-96.2,-139.0,1.08,2.79,0.14,0.0,0.9129074432821763,1.6868313490091416,0.06573122738076764,0.5,0,0,0.0
8.046266413000012,599,5471.27,-94.3,0.6,-114.0,0.19,-1.43,-0.68,0.06,-0.87,-0.15,-206.9,-110.6,-144.0,1.11,3.19,0.02,0.0,0.8848728722251575,1.5948040632002414,0.09189048246903075,0.5,0,0,0.0
8.054778081000222,600,5471.28,-94.3,0.7,-114.1,-0.19,-1.34,-0.39,0.07,-0.89,-0.15,-208.1,-124.4,-133.0,1.14,3.53,0.05,0.0,0.9052623929005336,1.4084743519141556,0.07007094255778168,0.5,0,0,0.0
8.066277800000535,601,5471.29,-94.4,0.7,-114.2,-0.23,-1.15,-0.11,0.05,-0.95,-0.15,-209.4,-135.7,-115.0,1.18,3.81,0.05,0.0,0.9630680142129111,1.1779218989389746,0.012020014820496083,0.5,0,0,0.0
8.074702511000396,602,5471.3,-94.4,0.7,-114.3,0.09,-0.87,0.15,0.03,-1.0,-0.17,-210.8,-145.0,-96.0,1.22,4.04,0.01,0.0,1.014790618797789,0.8874119674649424,0.038908537969094215,0.5,0,0,0.0
8.086407311000585,603,5471.31,-94.4,0.7,-114.4,0.66,-0.55,0.29,0.0,-1.04,-0.21,-212.3,-151.4,-69.0,1.26,4.18,0.0,0.0,1.0609901036296239,0.9067524469225324,0.08340586234491043,0.5,0,0,0.0
8.094677379000132,604,5471.32,-94.4,0.7,-114.4,1.19,-0.46,0.19,-0.05,-1.04,-0.22,-213.9,-156.7,-56.0,1.31,4.31,-0.31,0.0,1.0641898326896382,1.2898837156891314,0.08487347957682623,0.5,0,0,0.0
8.106384337000236,605,5471.33,-94.2,0.6,-114.5,0.99,-0.78,-0.01,-0.14,-1.0,-0.2,-215.5,-162.2,-61.0,1.35,4.5,-0.05,0.0,1.0293687385966217,1.2603967629282455,0.04905133777413351,0.5,0,0,0.0
8.11474788600026,606,5471.34,-94.2,0.6,-114.6,-0.13,-1.2,0.04,-0.16,-1.0,-0.22,-217.1,-169.2,-65.0,1.4,4.68,0.19,0.0,1.0363397126425293,1.2076837334335508,0.0549018655836403,0.5,0,0,0.0
8.126333894000709,607,5471.35,-94.3,0.6,-114.8,-1.16,-1.55,0.24,-0.19,-1.06,-0.22,-218.9,-176.0,-71.0,1.44,4.88,0.2,0.0,1.099136024339117,1.95082034026714,0.11534421373462345,0.5,0,0,0.0
8.13464754100005,608,5471.36,-94.4,0.5,-114.9,-1.68,-1.75,0.72,-0.18,-1.13,-0.22,-220.7,-184.2,-83.0,1.49,5.13,-0.13,0.0,1.1652038448271613,2.5304742638485775,0.17778379353821439,0.5,0,0,0.0
8.146269507000397,609,5471.37,-94.6,0.4,-115.1,-1.32,-1.8,1.29,-0.12,-1.19,-0.22,-222.6,-196.4,-120.0,1.55,5.53,0.05,0.0,1.2161003248087716,2.5780806814372585,0.22410666804942814,0.5,0,0,0.0
8.154679975000363,610,5471.38,-94.7,0.3,-115.3,-0.48,-1.85,1.77,-0.08,-1.19,-0.22,-224.7,-212.7,-155.0,1.61,6.0,0.03,0.0,1.2128066622508304,2.6049568134615977,0.2163967453816572,0.5,0,0,0.0
8.16621607200068,611,5471.39,-94.7,0.0,-115.4,-0.1,-1.88,2.19,-0.05,-1.18,-0.17,-227.0,-231.1,-166.0,1.67,6.47,0.02,0.0,1.1932309080810803,2.8879923822614213,0.192884571387669,0.5,0,0,0.0
8.174775434000367,612,5471.4,-94.8,-0.1,-115.6,-0.05,-1.89,2.44,0.0,-1.2,-0.13,-229.4,-248.8,-179.0,1.74,6.98,-0.01,0.0,1.20702112657567,3.086778255722299,0.20254129408461363,0.5,0,0,0.0
8.18623125600061,613,5471.41,-94.8,-0.4,-115.8,-0.1,-1.79,2.58,0.06,-1.24,-0.09,-232.0,-268.2,-192.0,1.81,7.54,0.16,0.0,1.2447088012864695,3.141735189349987,0.23542438941950494,0.5,0,0,0.0
8.194830030000048,614,5471.42,-94.8,-0.6,-115.9,0.04,-1.57,2.71,0.08,-1.27,-0.06,-234.8,-290.0,-208.0,1.89,8.13,0.08,0.0,1.2739309243440164,3.1321877338371658,0.2593535822275108,0.5,0,0,0.0
8.206551528000091,615,5471.43,-94.7,-0.9,-116.0,0.58,-1.2,2.98,0.05,-1.27,-0.06,-237.9,-306.1,-152.0,1.98,8.44,0.03,0.0,1.2723993083933989,3.264475455567096,0.25266552695135536,0.5,0,0,0.0
8.214737968000009,616,5471.44,-94.6,-1.2,-116.1,0.98,-0.58,3.37,0.04,-1.29,-0.02,-241.0,-318.7,-153.0,2.06,8.88,0.11,0.0,1.2907749610214787,3.5572039581671446,0.2656203559878465,0.5,0,0,0.0
8.226294476000476,617,5471.45,-94.5,-1.5,-116.1,1.17,-0.33,3.37,0.03,-1.33,0.11,-244.3,-338.9,-188.0,2.16,9.46,-0.02,0.0,1.3348782716038192,3.5825549542191255,0.30352919323878336,0.5,0,0,0.0
8.234634107000602,618,5471.46,-94.3,-1.8,-116.1,1.47,-0.73,2.81,-0.05,-1.3,0.21,-247.8,-355.1,-149.0,2.25,9.78,0.14,0.0,1.3178011989674316,3.2542126543912278,0.2807230781903478,0.5,0,0,0.0
8.24617416000001,619,5471.47,-94.2,-2.1,-116.2,1.33,-1.44,2.07,-0.15,-1.19,0.23,-251.5,-368.7,-160.0,2.35,10.26,-0.17,0.0,1.2212698309546501,2.8508595195133695,0.18050787597401508,0.5,0,0,0.0
8.254715181000392,620,5471.48,-94.1,-2.2,-116.4,0.71,-2.13,1.38,-0.22,-1.12,0.25,-255.3,-386.0,-142.0,2.46,10.6,0.0,0.0,1.1684605256490268,2.6354126811564065,0.12514459925502397,0.5,0,0,0.0
8.266306603000885,621,5471.49,-94.0,-2.4,-116.6,0.22,-2.83,0.81,-0.24,-1.08,0.29,-259.2,-389.4,-42.0,2.57,10.55,-0.1,0.0,1.1437219941926449,2.951846879497648,0.09839794644266919,0.5,0,0,0.0
8.274710085000152,622,5471.5,-94.0,-2.4,-116.9,0.15,-3.53,0.42,-0.21,-1.08,0.28,-263.0,-384.4,38.0,2.67,10.31,0.01,0.0,1.1352973178863766,3.5580612698490732,0.08817380473367287,0.5,0,0,0.0
8.286343046000184,623,5471.51,-94.0,-2.5,-117.3,0.31,-3.98,0.21,-0.17,-1.03,0.25,-266.8,-369.0,140.0,2.77,9.77,-0.24,0.0,1.0734523743510933,3.997574264475896,0.025802283974421858,0.5,0,0,0.0
8.294743274000211,624,5471.52,-93.9,-2.5,-117.7,0.39,-4.36,0.14,-0.1,-1.0,0.22,-270.3,-343.8,238.0,2.86,8.94,-0.07,0.0,1.0287856919689349,4.37964610442442,0.018487110439581844,0.5,0,0,0.0
8.306298245000107,625,5471.53,-93.8,-2.6,-118.2,0.42,-4.69,0.13,-0.03,-0.96,0.18,-273.5,-307.1,357.0,2.94,7.79,-0.13,0.0,0.9771898484941398,4.710562599095781,0.06868129483608942,0.5,0,0,0.0
8.314663415000723,626,5471.54,-93.8,-2.6,-118.7,0.36,-4.71,0.14,0.01,-0.93,0.11,-276.3,-260.2,435.0,3.01,6.49,-0.03,0.0,0.9365361712181757,4.725812099523213,0.10714827266981253,0.5,0,0,0.0
8.326301432000037,627,5471.55,-93.7,-2.7,-119.1,0.28,-4.48,0.08,0.05,-0.94,0.07,-278.5,-214.4,433.0,3.07,5.32,-0.17,0.0,0.9439279633531363,4.4894543098243025,0.09776135092415483,0.5,0,0,0.0
8.33474448600009,628,5471.56,-93.7,-2.7,-119.6,0.33,-4.09,0.03,0.08,-0.93,0.04,-280.4,-171.4,438.0,3.11,4.12,-0.01,0.0,0.9342911751697113,4.103401028415331,0.10525017632542821,0.5,0,0,0.0
8.346230527000444,629,5471.57,-93.6,-2.7,-119.9,0.48,-3.61,-0.02,0.1,-0.93,0.02,-281.8,-126.1,445.0,3.15,2.88,-0.05,0.0,0.9355746896961248,3.6418264648387626,0.1018873285630344,0.5,0,0,0.0
8.354726236000715,630,5471.58,-93.5,-2.8,-120.3,0.67,-3.06,-0.17,0.1,-0.94,0.0,-282.7,-81.2,446.0,3.17,1.66,-0.23,0.0,0.9453041838477179,3.1371005721844494,0.09031467772321244,0.5,0,0,0.0
8.366288248000274,631,5471.59,-93.5,-2.7,-120.6,0.49,-2.55,-0.37,0.1,-0.94,0.0,-283.2,-35.8,452.0,3.17,0.41,-0.15,0.0,0.9453041838477179,2.6228800963826004,0.08850838416874818,0.5,0,0,0.0
8.374687180000365,632,5471.6,-93.4,-2.7,-120.8,-0.02,-2.14,-0.62,0.1,-0.95,0.01,-283.3,6.9,407.0,3.17,-0.61,-0.03,0.0,0.9553009996854395,2.228093355315257,0.07694133696440597,0.5,0,0,0.0
8.386194711000826,633,5471.61,-93.4,-2.6,-121.0,-0.31,-1.92,-0.93,0.08,-0.96,0.0,-283.0,36.9,319.0,3.16,-1.32,0.0,0.0,0.9633275663033836,2.155782920425895,0.06753647493953263,0.5,0,0,0.0
8.394696722000845,634,5471.62,-93.5,-2.5,-121.2,-0.4,-1.69,-1.16,0.06,-0.94,-0.01,-282.5,63.7,283.0,3.14,-2.05,-0.08,0.0,0.9419660291114537,2.0884683382804727,0.0871200518888332,0.5,0,0,0.0
8.40617877600016,635,5471.63,-93.5,-2.4,-121.3,-0.52,-1.53,-1.25,0.04,-0.91,-0.01,-281.6,90.0,261.0,3.12,-2.73,-0.15,0.0,0.9109335870413386,2.0429880077964238,0.11578944407976932,0.5,0,0,0.0
8.414664301000812,636,5471.64,-93.5,-2.2,-121.5,-0.52,-1.42,-1.23,0.02,-0.9,0.0,-280.6,114.1,241.0,3.08,-3.37,0.0,0.0,0.9002221947941519,1.9492819190666084,0.12397081960041689,0.5,0,0,0.0
8.426365581000027,637,5471.65,-93.5,-2.1,-121.7,-0.47,-1.37,-1.13,0.02,-0.89,-0.01,-279.4,134.8,237.0,3.05,-4.02,-0.15,0.0,0.8902808545621994,1.8370356556147733,0.13123391663572193,0.5,0,0,0.0
8.434736927000813,638,5471.66,-93.6,-2.0,-121.8,-0.51,-1.29,-1.04,0.02,-0.91,-0.02,-277.7,160.3,234.0,3.0,-4.65,-0.06,0.0,0.910439454329611,1.7337243148782335,0.108853810530944,0.5,0,0,0.0
8.446267703000558,639,5471.67,-93.6,-1.8,-121.9,-0.45,-1.16,-0.91,0.03,-0.89,-0.04,-276.0,185.7,252.0,2.95,-5.36,-0.07,0.0,0.8914033879226622,1.5414927829866736,0.12533207939913504,0.5,0,0,0.0
8.454729205000149,640,5471.68,-93.6,-1.7,-122.0,-0.4,-1.07,-0.73,0.05,-0.89,-0.05,-273.9,213.8,276.0,2.89,-6.17,-0.14,0.0,0.8928045698807774,1.3556548233234005,0.1214522794921995,0.5,0,0,0.0
8.466253127000527,641,5471.69,-93.7,-1.6,-122.1,-0.24,-0.97,-0.61,0.06,-0.88,-0.06,-271.6,241.2,270.0,2.82,-6.88,-0.04,0.0,0.8840814442120138,1.1707262703125783,0.12757189705774385,0.5,0,0,0.0
8.474624081000002,642,5471.7,-93.7,-1.5,-122.2,-0.13,-0.88,-0.52,0.06,-0.88,-0.08,-269.0,266.1,246.0,2.75,-7.51,-0.08,0.0,0.8856635930193811,1.030388276330821,0.12346995328536903,0.5,0,0,0.0
8.486181872000088,643,5471.71,-93.7,-1.4,-122.3,0.02,-0.81,-0.51,0.07,-0.88,-0.09,-266.2,290.3,248.0,2.67,-8.2,-0.17,0.0,0.8873556220591606,0.9573922915921144,0.1193423657606777,0.5,0,0,0.0
8.49467259100038,644,5471.72,-93.7,-1.4,-122.4,0.07,-0.67,-0.45,0.06,-0.86,-0.11,-263.4,312.4,246.0,2.58,-8.85,-0.12,0.0,0.8690799733051038,0.8101234473831751,0.13486565422443975,0.5,0,0,0.0
8.506175974000143,645,5471.73,-93.7,-1.3,-122.5,-0.03,-0.58,-0.39,0.06,-0.86,-0.11,-259.8,337.7,231.0,2.49,-9.46,-0.18,0.0,0.8690799733051038,0.6995712972957081,0.13216834113995102,0.5,0,0,0.0
8.514629651000178,646,5471.74,-93.7,-1.3,-122.5,-0.14,-0.46,-0.42,0.06,-0.89,-0.13,-256.2,363.3,254.0,2.39,-10.2,-0.1,0.0,0.901443287178955,0.6384355879804947,0.09780892672077779,0.5,0,0,0.0
8.526198341000054,647,5471.75,-93.7,-1.3,-122.6,-0.23,-0.37,-0.48,0.06,-0.89,-0.13,-252.4,385.9,206.0,2.29,-10.67,-0.3,0.0,0.901443287178955,0.6482283548256741,0.09585274818636225,0.5,0,0,0.0
8.53449198800081,648,5471.76,-93.7,-1.2,-122.6,-0.35,-0.34,-0.44,0.05,-0.89,-0.13,-248.4,403.3,212.0,2.18,-11.27,-0.08,0.0,0.9008329478876758,0.6570388116390081,0.09453382572808866,0.5,0,0,0.0
8.546301040000799,649,5471.77,-93.8,-1.2,-122.6,-0.4,-0.34,-0.4,0.05,-0.91,-0.14,-244.2,429.6,228.0,2.06,-11.91,-0.31,0.0,0.9220629045786409,0.66,0.07183779165638104,0.5,0,0,0.0
8.55468498800019,650,5471.78,-93.8,-1.1,-122.7,-0.3,-0.33,-0.33,0.04,-0.91,-0.15,-239.8,448.2,222.0,1.94,-12.52,-0.22,0.0,0.9231467922275417,0.5547972602672079,0.06933882592733065,0.5,0,0,0.0
8.566234479000741,651,5471.79,-93.8,-1.1,-122.7,-0.11,-0.28,-0.18,0.06,-0.9,-0.17,-235.1,480.6,291.0,1.8,-13.42,-0.27,0.0,0.9178779875342911,0.3505709628591621,0.07311547800816964,0.5,0,0,0.0
8.574696715000755,652,5471.8,-93.8,-1.1,-122.7,0.18,-0.18,0.03,0.07,-0.9,-0.17,-230.1,504.1,236.0,1.67,-13.97,-0.05,0.0,0.9185858696931932,0.2563201123595259,0.07095944393228215,0.5,0,0,0.0
8.586186798000199,653,5471.81,-93.8,-1.1,-122.7,0.55,-0.02,0.34,0.1,-0.88,-0.18,-224.9,528.6,246.0,1.52,-14.66,-0.16,0.0,0.9037698822156003,0.6469157595854348,0.08405992278167762,0.5,0,0,0.0
8.594592025000566,654,5471.82,-93.7,-1.2,-122.7,0.76,0.24,0.68,0.11,-0.88,-0.19,-219.4,557.6,305.0,1.37,-15.59,-0.12,0.0,0.9069729874698584,1.0476640682967036,0.07923968117687108,0.5,0,0,0.0
8.606116341000416,655,5471.83,-93.6,-1.3,-122.7,0.86,0.54,0.95,0.11,-0.89,-0.2,-213.7,582.2,218.0,1.21,-16.03,-0.09,0.0,0.9188035698668133,1.3905754204644925,0.06606091680431792,0.5,0,0,0.0
8.614634648000902,656,5471.84,-93.6,-1.4,-122.6,0.85,0.88,1.14,0.1,-0.89,-0.21,-207.7,605.3,231.0,1.04,-16.68,0.01,0.0,0.9198912979260104,1.6722739010102383,0.06367372497021839,0.5,0,0,0.0
8.626067268000043,657,5471.85,-93.5,-1.5,-122.5,0.81,1.19,1.27,0.09,-0.88,-0.22,-201.5,625.0,263.0,0.87,-17.46,-0.09,0.0,0.9115371632577577,1.9196614284815956,0.07058730244570166,0.5,0,0,0.0
8.634633113000746,658,5471.86,-93.4,-1.6,-122.3,0.6,1.5,1.34,0.08,-0.88,-0.23,-195.0,654.9,227.0,0.69,-17.99,-0.33,0.0,0.9130717386930777,2.098952119511067,0.06767167247017403,0.5,0,0,0.0
8.64626352400046,659,5471.87,-93.4,-1.7,-122.2,0.23,1.73,1.31,0.08,-0.89,-0.22,-188.4,675.1,236.0,0.51,-18.66,-0.16,0.0,0.9202716990106781,2.1821778112702,0.05926227790952221,0.5,0,0,0.0
8.654686107000089,660,5471.88,-93.4,-1.8,-122.0,-0.18,1.87,1.16,0.09,-0.91,-0.2,-181.4,708.3,321.0,0.31,-19.67,0.0,0.0,0.936055553906925,2.207917570925147,0.04260885455300978,0.5,0,0,0.0
8.666291012000329,661,5471.89,-93.4,-1.9,-121.8,-0.49,1.94,0.98,0.1,-0.9,-0.2,-174.2,727.4,206.0,0.12,-20.0,0.16,0.0,0.9273618495495705,2.228026032163897,0.05027650773215697,0.5,0,0,0.0
8.67473567200068,662,5471.9,-93.5,-2.0,-121.6,-0.77,2.02,0.89,0.11,-0.89,-0.21,-166.8,731.8,37.0,-0.07,-19.83,-0.1,0.0,0.9210320298447824,2.3378194968816564,0.05547420088820609,0.5,0,0,0.0
8.686115480000808,663,5471.91,-93.6,-2.1,-121.4,-1.04,2.14,0.92,0.13,-0.89,-0.22,-159.6,722.8,-140.0,-0.27,-19.14,0.23,0.0,0.9259589623736033,2.5509998039984243,0.04953632299219746,0.5,0,0,0.0
8.694711416000246,664,5471.92,-93.7,-2.2,-121.1,-1.25,2.35,0.99,0.14,-0.91,-0.24,-152.7,656.7,-684.0,-0.44,-16.34,0.6,0.0,0.9514725429564429,2.8399119704666904,0.023542287561170716,0.5,0,0,0.0
8.70621794500039,665,5471.93,-93.8,-2.3,-120.9,-0.6,2.41,1.2,0.28,-0.84,-0.23,-147.2,501.3,-1412.0,-0.57,-11.32,0.69,0.0,0.9148223871331528,2.7582784485979657,0.05898859451677163,0.5,0,0,0.0
8.714677078000022,666,5471.94,-93.9,-2.4,-120.6,-0.79,3.02,1.53,0.16,-1.07,-0.24,-143.4,313.9,-1698.0,-0.65,-6.32,0.34,0.0,1.1081967334368028,3.4764061903063053,0.13169803675114078,0.5,0,0,0.0
8.726238191000448,667,5471.95,-94.1,-2.5,-120.3,-2.02,3.17,0.93,-0.12,-1.22,-0.19,-141.5,151.3,-1523.0,-0.69,-2.51,0.25,0.0,1.2405240827972668,3.8722344970313975,0.25874487838937266,0.5,0,0,0.0
8.734700615000293,668,5471.96,-94.3,-2.5,-120.0,-2.31,3.01,0.39,-0.24,-1.22,-0.12,-140.8,30.1,-1248.0,-0.69,0.42,0.09,0.0,1.2491597175701752,3.814223380978099,0.26203290289903547,0.5,0,0,0.0
8.7461781410002,669,5471.97,-94.5,-2.5,-119.7,-0.69,2.14,0.23,-0.19,-1.08,-0.08,-141.1,-47.1,-807.0,-0.67,1.87,0.1,0.0,1.099499886311954,2.260221228110204,0.11012561020799805,0.5,0,0,0.0
8.754538916000456,670,5471.98,-94.5,-2.6,-119.5,0.77,1.5,0.58,-0.03,-0.92,-0.15,-141.9,-101.7,-675.0,-0.64,3.55,0.17,0.0,0.9326306878931231,1.7830591689565436,0.055608716446616246,0.5,0,0,0.0
8.766083264000372,671,5471.99,-94.4,-2.7,-119.4,0.97,1.41,1.03,0.06,-0.85,-0.26,-143.4,-167.6,-653.0,-0.6,5.29,0.22,0.0,0.8908984229416954,1.997473404078262,0.09539416177008309,0.5,0,0,0.0
8.774740809000832,672,5472.0,-94.4,-2.7,-119.4,0.97,1.41,1.03,0.06,-0.85,-0.26,-144.7,-203.2,-641.0,-0.53,6.47,-0.04,0.0,0.8908984229416954,1.997473404078262,0.09348627853468139,0.5,0,0,0.0
8.786032274000718,673,5472.01,-94.6,-2.8,-119.0,-2.29,2.02,0.18,-0.13,-1.19,-0.23,-147.9,-257.1,-504.0,-0.46,7.43,0.19,0.0,1.2189749792346025,3.0589050328508076,0.22989847220306125,0.5,0,0,0.0
8.794687320000776,674,5472.02,-94.9,-2.8,-118.8,-2.81,2.07,-0.58,-0.13,-1.28,-0.17,-150.8,-293.4,-404.0,-0.38,8.38,0.08,0.0,1.2977673135042351,3.5379937817921614,0.30251699034324,0.5,0,0,0.0
8.80613339500087,675,5472.03,-95.2,-2.7,-118.6,-2.89,1.95,-1.3,-0.15,-1.37,-0.13,-153.9,-322.5,-296.0,-0.29,9.02,0.05,0.0,1.384304879714003,3.7208332400149295,0.3812734654219476,0.5,0,0,0.0
8.814655942000172,676,5472.04,-95.5,-2.6,-118.4,-2.99,1.77,-1.94,-0.14,-1.39,-0.14,-157.3,-337.4,-159.0,-0.2,9.22,0.08,0.0,1.404029914211232,3.979522584431454,0.3929785299207931,0.5,0,0,0.0
8.826068697000665,677,5472.05,-95.8,-2.4,-118.3,-3.12,1.58,-2.56,-0.16,-1.36,-0.1,-160.6,-337.7,-23.0,-0.11,9.07,-0.04,0.0,1.373025855546792,4.33409736854169,0.354734981831226,0.5,0,0,0.0
8.834667863000504,678,5472.06,-96.1,-2.1,-118.2,-3.12,1.23,-2.96,-0.14,-1.32,-0.02,-163.9,-321.7,145.0,-0.02,8.39,-0.02,0.0,1.3275541420220873,4.47313089457485,0.3030780029403908,0.5,0,0,0.0
8.846162755000478,679,5472.07,-96.4,-1.8,-118.1,-3.14,1.01,-3.4,-0.08,-1.38,0.05,-167.0,-294.5,214.0,0.05,7.72,-0.15,0.0,1.3832208789632983,4.737056047800152,0.3515698450839697,0.5,0,0,0.0
8.854702364000332,680,5472.08,-96.7,-1.4,-118.1,-3.4,0.7,-3.76,-0.03,-1.37,0.1,-169.8,-274.1,200.0,0.12,7.21,-0.11,0.0,1.3739723432442155,5.117382143244727,0.3354748831775891,0.5,0,0,0.0
8.866198285000792,681,5472.09,-97.1,-1.0,-118.1,-3.24,0.54,-3.68,0.03,-1.33,0.11,-172.3,-251.6,231.0,0.19,6.53,-0.05,0.0,1.3348782716038192,4.932707167468996,0.2904531953064491,0.5,0,0,0.0
8.874681633000364,682,5472.1,-97.3,-0.7,-118.0,-1.88,0.74,-3.12,0.13,-1.19,0.05,-174.7,-225.2,258.0,0.25,5.79,-0.15,0.0,1.1981235328629514,3.7170418345775986,0.1506244874342697,0.5,0,0,0.0
8.886079243000495,683,5472.11,-97.5,-0.4,-118.0,-0.58,1.48,-2.13,0.23,-1.06,0.0,-176.8,-199.5,250.0,0.3,5.11,0.01,0.0,1.084665847162157,2.657762216602531,0.036423465698805835,0.5,0,0,0.0
8.894619695000074,684,5472.12,-97.5,-0.2,-117.8,0.03,2.61,-1.24,0.26,-0.99,-0.04,-178.6,-174.7,249.0,0.35,4.44,-0.1,0.0,1.02435345462394,2.8897404727760585,0.02341114830262314,0.5,0,0,0.0
8.906033604000186,685,5472.13,-97.5,-0.1,-117.5,0.13,3.86,-0.64,0.24,-0.98,-0.02,-180.2,-150.0,250.0,0.39,3.76,-0.2,0.0,1.009158064923429,3.9148563192025323,0.03783440724307119,0.5,0,0,0.0
8.914602634000403,686,5472.14,-97.4,0.0,-117.0,0.34,4.94,-0.35,0.23,-0.97,0.02,-181.5,-123.7,263.0,0.42,3.03,-0.15,0.0,0.9970957827611147,4.964040692822733,0.04889875561727797,0.5,0,0,0.0
8.926214911000898,687,5472.15,-97.4,0.0,-116.5,0.58,5.79,-0.32,0.23,-1.0,0.05,-182.5,-95.0,287.0,0.44,2.2,0.0,0.0,1.027326627709026,5.827769727777514,0.01829455245597922,0.5,0,0,0.0
8.934684596000807,688,5472.16,-97.3,0.2,-115.9,0.76,6.49,-0.55,0.19,-1.02,0.05,-183.3,-64.9,287.0,0.46,1.43,-0.06,0.0,1.0387492478938312,6.557453774141302,0.006734493625750515,0.5,0,0,0.0
8.94606442300028,689,5472.17,-97.2,0.3,-115.2,1.16,6.86,-0.88,0.15,-1.01,0.07,-183.7,-38.9,258.0,0.47,0.78,0.03,0.0,1.023474474522936,7.012816837762127,0.021569081656712674,0.5,0,0,0.0
8.954700096000124,690,5472.18,-97.1,0.5,-114.6,1.68,6.8,-1.19,0.08,-0.98,0.1,-184.0,-18.3,210.0,0.47,0.28,0.01,0.0,0.9883319280484669,7.1048223060116005,0.05557739556855823,0.5,0,0,0.0
8.966038526000375,691,5472.19,-96.9,0.7,-113.9,1.85,6.47,-1.42,0.0,-0.96,0.1,-184.0,-2.0,169.0,0.47,-0.1,0.01,0.0,0.9651942809610923,6.877485005436216,0.07714074180281427,0.5,0,0,0.0
8.974731412000438,692,5472.2,-96.7,0.9,-113.3,1.57,6.0,-1.55,-0.09,-0.94,0.09,-184.0,3.7,57.0,0.47,-0.06,0.0,0.0,0.9485778829384544,6.392761531607448,0.09188199702894306,0.5,0,0,0.0
8.985883444000137,693,5472.21,-96.6,1.2,-112.8,1.16,5.44,-1.49,-0.19,-0.92,0.08,-184.0,0.0,-8.0,0.47,0.05,-0.15,0.0,0.9428149341201592,5.758411239222153,0.09569204693029343,0.5,0,0,0.0
8.994691500000044,694,5472.22,-96.4,1.4,-112.3,1.01,4.73,-1.2,-0.24,-0.91,0.08,-184.0,-2.8,-15.0,0.47,0.09,0.01,0.0,0.9445104552094699,4.983272017460015,0.09211659532416316,0.5,0,0,0.0
9.006023926000125,695,5472.23,-96.3,1.5,-111.9,0.97,4.05,-0.77,-0.25,-0.89,0.06,-184.0,-4.4,-22.0,0.48,0.17,0.02,0.0,0.926390846241477,4.235126916634258,0.10803148020631281,0.5,0,0,0.0
9.01457492300051,696,5472.24,-96.2,1.6,-111.5,0.71,3.31,-0.28,-0.22,-0.9,0.03,-184.1,-9.9,-58.0,0.48,0.38,-0.03,0.0,0.9269843580125827,3.3968514833592596,0.10528920906650296,0.5,0,0,0.0
9.026124565000828,697,5472.25,-96.2,1.6,-111.2,0.27,2.8,0.18,-0.19,-0.89,0.0,-184.3,-25.7,-154.0,0.49,0.97,0.08,0.0,0.9100549433962765,2.818740853643697,0.11977425120915297,0.5,0,0,0.0
9.034592946000885,698,5472.26,-96.2,1.6,-110.9,0.09,2.49,0.57,-0.17,-0.91,-0.02,-184.7,-48.1,-195.0,0.5,1.57,0.12,0.0,0.9259589623736033,2.5559929577367777,0.10179282758718955,0.5,0,0,0.0
9.046073087000877,699,5472.27,-96.1,1.6,-110.7,0.16,2.28,0.73,-0.15,-0.94,-0.01,-185.4,-67.1,-182.0,0.52,2.03,0.08,0.0,0.9519453765841819,2.399354079747297,0.07429028510907876,0.5,0,0,0.0
9.054662380000082,700,5472.28,-96.1,1.5,-110.5,0.43,2.02,0.67,-0.13,-0.95,0.0,-186.2,-86.0,-188.0,0.54,2.56,0.01,0.0,0.9588534820294495,2.171220854726667,0.06603453607053489,0.5,0,0,0.0
9.065879232000043,701,5472.29,-96.0,1.5,-110.3,0.55,1.65,0.56,-0.11,-0.93,0.0,-187.1,-103.0,-171.0,0.57,3.0,0.0,0.0,0.9364827814754525,1.8271836251455407,0.08663713189204125,0.5,0,0,0.0
9.074553945000844,702,5472.3,-96.0,1.5,-110.1,0.46,1.31,0.47,-0.1,-0.92,0.0,-188.3,-117.1,-140.0,0.6,3.33,-0.07,0.0,0.9254188241007419,1.4658103560829416,0.0957470674814167,0.5,0,0,0.0
9.085979788000259,703,5472.31,-95.9,1.4,-110.0,0.36,0.97,0.45,-0.09,-0.9,0.0,-189.5,-127.8,-110.0,0.64,3.58,0.05,0.0,0.9044888059008801,1.1282730166054669,0.1143435439676529,0.5,0,0,0.0
9.094656227000087,704,5472.32,-95.9,1.4,-109.9,0.45,0.68,0.34,-0.08,-0.95,-0.01,-190.8,-135.3,-75.0,0.68,3.73,-0.04,0.0,0.9534149149242421,0.8834591105421915,0.06410908624540501,0.5,0,0,0.0
9.10598045200004,705,5472.33,-95.8,1.4,-109.9,0.77,0.34,0.4,-0.1,-0.88,0.0,-192.2,-138.0,-31.0,0.71,3.73,-0.03,0.0,0.8856635930193811,0.931933474020544,0.12922319998726073,0.5,0,0,0.0
9.114625570000499,706,5472.34,-95.7,1.3,-109.9,0.76,-0.01,0.58,-0.11,-0.87,-0.01,-193.6,-135.6,16.0,0.75,3.62,-0.08,0.0,0.8769834662067467,0.9560857702110203,0.13514526026389728,0.5,0,0,0.0
9.125870232000125,707,5472.35,-95.7,1.2,-109.9,0.61,-0.38,0.74,-0.11,-0.88,-0.02,-194.9,-129.3,43.0,0.79,3.46,-0.05,0.0,0.8870738413458036,1.0315522284402276,0.12255378742234357,0.5,0,0,0.0
9.134640802000831,708,5472.36,-95.6,1.2,-109.9,0.49,-0.62,0.78,-0.1,-0.9,-0.05,-196.2,-123.3,62.0,0.82,3.25,-0.14,0.0,0.9069178573608527,1.1103603018840327,0.10065557597914854,0.5,0,0,0.0
9.145902907000163,709,5472.37,-95.6,1.1,-110.0,0.39,-0.84,0.82,-0.1,-0.89,-0.07,-197.3,-114.3,85.0,0.85,2.99,-0.13,0.0,0.8983317872590283,1.2369721096289923,0.10705681315935356,0.5,0,0,0.0
9.154631658000653,710,5472.38,-95.6,0.9,-110.1,0.4,-0.93,0.89,-0.07,-0.89,-0.12,-198.4,-103.8,102.0,0.88,2.67,-0.32,0.0,0.9007774419910837,1.3479614237803692,0.10251893525875211,0.5,0,0,0.0
9.165907867000897,711,5472.39,-95.5,0.8,-110.2,0.5,-0.95,0.9,-0.05,-0.9,-0.15,-199.4,-92.1,108.0,0.9,2.38,-0.07,0.0,0.9137833441248533,1.40089257261219,0.08772277246248295,0.5,0,0,0.0
9.174697154000569,712,5472.4,-95.5,0.7,-110.2,0.61,-0.9,0.78,-0.03,-0.9,-0.18,-200.2,-82.7,89.0,0.92,2.16,-0.12,0.0,0.918313671900838,1.3380956617521784,0.08152859579276828,0.5,0,0,0.0
9.185973243000262,713,5472.41,-95.4,0.7,-110.3,0.73,-0.82,0.54,-0.02,-0.9,-0.19,-201.0,-75.4,80.0,0.94,1.96,0.09,0.0,0.9200543462209175,1.2234786471369248,0.07819216304323495,0.5,0,0,0.0
9.194628994000595,714,5472.42,-95.3,0.6,-110.4,0.89,-0.74,0.23,-0.04,-0.88,-0.19,-201.7,-68.6,62.0,0.96,1.82,-0.07,0.0,0.9011659114724658,1.180084742719776,0.0951389858358529,0.5,0,0,0.0
9.205976935000763,715,5472.43,-95.2,0.6,-110.5,0.97,-0.79,-0.07,-0.06,-0.84,-0.17,-202.4,-65.8,31.0,0.98,1.77,0.0,0.0,0.859127464349732,1.2529565036345036,0.13443388429941505,0.5,0,0,0.0
9.21465482000076,716,5472.44,-95.1,0.6,-110.6,0.92,-0.89,-0.31,-0.08,-0.81,-0.15,-203.0,-67.4,-12.0,1.0,1.89,-0.04,0.0,0.8276472678623424,1.3170421405558745,0.16259579917106848,0.5,0,0,0.0
9.225817899000504,717,5472.45,-95.0,0.6,-110.7,0.52,-1.01,-0.5,-0.08,-0.79,-0.18,-203.7,-71.3,-26.0,1.02,1.98,-0.01,0.0,0.8141867107733951,1.2411688039908189,0.17253522913481545,0.5,0,0,0.0
9.234709300000759,718,5472.46,-95.0,0.7,-110.8,-0.08,-1.1,-0.58,-0.07,-0.81,-0.2,-204.5,-76.8,-50.0,1.04,2.15,0.11,0.0,0.8372574275573793,1.2461139594756172,0.14647522210381458,0.5,0,0,0.0
9.245992448000834,719,5472.47,-95.1,0.7,-110.9,-0.52,-1.16,-0.64,-0.06,-0.85,-0.19,-205.3,-82.1,-56.0,1.06,2.31,0.13,0.0,0.8730406634286859,1.4232357499725756,0.10847814650785781,0.5,0,0,0.0
9.254715362000752,720,5472.48,-95.1,0.8,-111.0,-0.65,-1.22,-0.61,-0.04,-0.88,-0.18,-206.2,-89.9,-69.0,1.09,2.53,0.23,0.0,0.8991106717195609,1.5109599597606813,0.08075997545264313,0.5,0,0,0.0
9.266088669000055,721,5472.49,-95.2,0.8,-111.1,-0.62,-1.25,-0.52,-0.01,-0.91,-0.18,-207.1,-99.3,-98.0,1.11,2.86,0.15,0.0,0.9276852914647294,1.4890601062415179,0.05114164859332515,0.5,0,0,0.0
9.274654303000716,722,5472.5,-95.3,0.9,-111.3,-0.55,-1.17,-0.47,0.01,-0.94,-0.19,-208.2,-109.3,-102.0,1.15,3.11,0.0,0.0,0.9590620417887468,1.375608956062732,0.019369600303921652,0.5,0,0,0.0
9.285889613000109,723,5472.51,-95.4,0.9,-111.4,-0.43,-1.1,-0.52,0.02,-0.96,-0.19,-209.3,-118.5,-85.0,1.18,3.31,0.02,0.0,0.9788258272031853,1.2904650324592295,0.00038630140830653303,0.5,0,0,0.0
9.294757533000848,724,5472.52,-95.5,1.0,-111.5,-0.33,-1.03,-0.65,0.03,-0.96,-0.2,-210.6,-128.2,-101.0,1.21,3.61,0.06,0.0,0.9810708435174292,1.2618637010390623,0.002578691368099406,0.5,0,0,0.0
9.30600509300075,725,5472.53,-95.6,1.0,-111.6,-0.33,-0.94,-0.77,0.04,-0.97,-0.2,-211.9,-138.3,-97.0,1.25,3.86,0.07,0.0,0.9912113800799505,1.259126681474108,0.01246484337200826,0.5,0,0,0.0
9.314684677000514,726,5472.54,-95.7,1.1,-111.7,-0.37,-0.82,-0.73,0.04,-0.96,-0.2,-213.4,-147.6,-95.0,1.29,4.12,0.02,0.0,0.9814275317108238,1.1585335558368604,0.002627375102823959,0.5,0,0,0.0
9.326093059000414,727,5472.55,-95.8,1.2,-111.8,-0.28,-0.72,-0.57,0.04,-0.97,-0.2,-214.9,-155.8,-83.0,1.33,4.33,-0.08,0.0,0.9912113800799505,0.9600520819205591,0.01216299900251161,0.5,0,0,0.0
9.334697048000635,728,5472.56,-95.9,1.2,-111.9,-0.08,-0.6,-0.34,0.02,-0.98,-0.23,-216.5,-163.3,-77.0,1.38,4.53,0.16,0.0,1.0068266980965492,0.6942621983083913,0.027222750678728147,0.5,0,0,0.0
9.345898338000552,729,5472.57,-95.9,1.3,-111.9,0.2,-0.52,-0.23,0.0,-0.99,-0.26,-218.2,-170.3,-74.0,1.43,4.72,-0.09,0.0,1.0235721762533407,0.6027437266367855,0.04308886425880931,0.5,0,0,0.0
9.354700315000628,730,5472.58,-95.9,1.3,-112.0,0.38,-0.57,-0.22,-0.04,-0.97,-0.28,-219.8,-175.5,-55.0,1.47,4.83,0.0,0.0,1.0103959619871805,0.7195137246779939,0.029314396992796143,0.5,0,0,0.0
9.366087246000461,731,5472.59,-95.9,1.3,-112.0,0.37,-0.76,-0.3,-0.1,-0.95,-0.29,-221.8,-181.6,-58.0,1.52,4.99,0.0,0.0,0.9982985525382675,0.8969392398596462,0.016872647793005457,0.5,0,0,0.0
9.374723301000813,732,5472.6,-95.9,1.3,-112.1,-0.16,-1.07,-0.23,-0.15,-0.91,-0.28,-223.6,-189.9,-86.0,1.57,5.29,0.13,0.0,0.9638464608017192,1.1060741385639572,0.01722785506467195,0.5,0,0,0.0
9.38596599200082,733,5472.61,-95.9,1.3,-112.3,-1.38,-1.33,0.12,-0.12,-0.95,-0.3,-225.6,-201.3,-112.0,1.63,5.63,0.0,0.0,1.0034440691936946,1.9203385118254541,0.02192235826075728,0.5,0,0,0.0
9.394662909000544,734,5472.62,-96.1,1.3,-112.4,-2.21,-1.49,0.64,-0.07,-1.02,-0.28,-227.7,-216.0,-140.0,1.69,6.07,0.08,0.0,1.0600471687618434,2.7411311533744604,0.076954948672328,0.5,0,0,0.0
9.405962567000643,735,5472.63,-96.4,1.2,-112.5,-2.29,-1.56,1.2,-0.01,-1.08,-0.26,-230.0,-232.5,-159.0,1.75,6.53,0.19,0.0,1.1109005356016353,3.0195529470436515,0.12525214920187755,0.5,0,0,0.0
9.414656354000726,736,5472.64,-96.6,1.0,-112.7,-1.89,-1.68,1.78,0.04,-1.14,-0.26,-232.4,-251.6,-189.0,1.82,7.09,-0.02,0.0,1.1699572641767733,3.0923938947035836,0.1806227002214752,0.5,0,0,0.0
9.42608862400084,737,5472.65,-96.9,0.8,-112.8,-1.27,-1.73,2.08,0.07,-1.2,-0.24,-235.1,-272.3,-196.0,1.9,7.64,0.15,0.0,1.2257650672131262,2.988678637792963,0.23170189319267154,0.5,0,0,0.0
9.43466454100053,738,5472.66,-97.0,0.6,-113.0,-0.58,-1.73,2.09,0.1,-1.22,-0.18,-238.0,-289.7,-169.0,1.98,8.05,0.02,0.0,1.2372550262577235,2.774418858067397,0.23832801519252356,0.5,0,0,0.0
9.445831423000527,739,5472.67,-97.0,0.4,-113.1,-0.27,-1.8,1.95,0.11,-1.23,-0.13,-241.0,-305.4,-178.0,2.06,8.56,0.04,0.0,1.2417326604386307,2.66747071211663,0.23794953638596206,0.5,0,0,0.0
9.454722009000761,740,5472.68,-97.1,0.2,-113.3,-0.98,-1.65,2.17,0.09,-1.23,-0.12,-244.2,-330.5,-234.0,2.15,9.28,-0.16,0.0,1.239112585683803,2.8968603694344677,0.23062287239851154,0.5,0,0,0.0
9.465917313000318,741,5472.69,-97.2,0.0,-113.4,-1.48,-1.12,2.91,0.1,-1.34,-0.07,-247.6,-351.0,-183.0,2.25,9.7,0.09,0.0,1.345548215412588,3.4515069172754096,0.33031733208475056,0.5,0,0,0.0
9.474647242000174,742,5472.7,-97.3,-0.2,-113.4,-0.61,-0.55,3.6,0.17,-1.58,0.06,-251.2,-367.5,-193.0,2.35,10.26,0.03,0.0,1.5902515524281058,3.692505924165864,0.563520255718263,0.5,0,1,0.0
9.485958922999998,743,5472.71,-97.2,-0.6,-113.4,1.81,-0.35,3.77,0.14,-1.63,0.16,-255.1,-387.3,-177.0,2.45,10.7,-0.06,0.0,1.643806557962341,4.196605771334734,0.6047337560274484,0.5,0,1,0.0
9.49461971600067,744,5472.72,-96.9,-1.0,-113.4,3.94,-0.6,3.42,0.0,-1.42,0.19,-259.0,-397.0,-101.0,2.56,10.84,0.0,0.0,1.4326548781894402,5.251666402200353,0.38571043472945643,0.5,0,1,0.0
9.505971615000817,745,5472.73,-96.5,-1.3,-113.5,3.95,-1.21,2.82,-0.13,-1.13,0.28,-263.0,-400.9,-50.0,2.67,10.91,-0.11,0.0,1.1714094075087496,5.001899639137115,0.12197566476779054,0.5,0,1,0.0
9.514631390000432,746,5472.74,-96.2,-1.6,-113.6,2.53,-2.27,2.17,-0.27,-1.01,0.32,-267.0,-399.1,1.0,2.78,10.81,0.07,0.0,1.0933434958877288,4.032703807620887,0.04303155808383452,0.5,0,1,0.0
9.525871701000142,747,5472.75,-96.0,-1.8,-113.9,0.88,-3.39,1.4,-0.36,-0.97,0.31,-271.0,-395.5,40.0,2.89,10.64,0.0,0.0,1.0800925886237718,3.7718032822510774,0.02918503780347992,0.5,0,1,0.0
9.534623178000402,748,5472.76,-96.0,-1.9,-114.3,-0.26,-4.25,0.83,-0.42,-0.96,0.3,-274.8,-378.5,183.0,2.99,9.9,-0.1,0.0,1.089954127475097,4.338087136054323,0.03826564512170916,0.5,0,1,0.0
9.546690339000634,749,5472.77,-96.0,-2.0,-114.7,-0.45,-4.76,0.65,-0.37,-0.98,0.25,-278.4,-347.7,253.0,3.08,9.12,-0.34,0.0,1.0769401097554125,4.825204658871995,0.024746594853984227,0.5,0,1,0.0
9.554795972000647,750,5472.78,-96.0,-2.2,-115.2,0.13,-5.2,0.6,-0.24,-1.01,0.2,-281.7,-318.5,301.0,3.17,8.21,-0.29,0.0,1.0572133181151286,5.236114971999756,0.004919407149426291,0.5,0,1,0.0
9.565774487000454,751,5472.79,-95.9,-2.3,-115.7,0.76,-5.46,0.7,-0.12,-0.97,0.12,-284.6,-278.2,388.0,3.24,7.02,-0.08,0.0,0.984733466477097,5.556905613738639,0.0662092355988333,0.5,0,1,0.0
9.574775451000278,752,5472.8,-95.8,-2.4,-116.3,0.75,-5.38,0.78,-0.01,-0.94,0.04,-287.1,-234.2,419.0,3.3,5.84,-0.23,0.0,0.9409038208021051,5.487740883095702,0.10783810364834878,0.5,0,1,0.0
9.585797807000745,753,5472.81,-95.8,-2.5,-116.8,0.46,-5.04,0.8,0.08,-0.95,0.0,-289.1,-191.2,431.0,3.35,4.66,-0.16,0.0,0.953362470417207,5.123787661486374,0.09347186495258186,0.5,0,1,0.0
9.59461230100078,754,5472.82,-95.7,-2.7,-117.3,0.41,-4.56,0.67,0.15,-0.97,-0.02,-290.7,-145.0,467.0,3.39,3.32,-0.23,0.0,0.9817331613019904,4.627158955557935,0.06379915058644259,0.5,0,1,0.0
9.606010965000678,755,5472.83,-95.6,-2.8,-117.7,0.58,-4.06,0.43,0.18,-0.97,-0.03,-291.8,-95.2,480.0,3.42,2.0,-0.25,0.0,0.9870157040290696,4.123699795086931,0.05734627570217621,0.5,0,1,0.0
9.614722472000722,756,5472.84,-95.5,-2.8,-118.0,0.63,-3.47,0.21,0.16,-0.95,-0.04,-292.5,-46.4,490.0,3.43,0.64,-0.09,0.0,0.9642095207992918,3.5329732520923507,0.07854940975331481,0.5,0,1,0.0
9.625842993000333,757,5472.85,-95.5,-2.9,-118.4,0.33,-2.91,-0.02,0.12,-0.93,-0.04,-292.6,1.9,467.0,3.42,-0.57,0.12,0.0,0.938562730988185,2.928719856865795,0.10211227557313318,0.5,0,1,0.0
9.63457352900059,758,5472.86,-95.5,-2.9,-118.6,-0.27,-2.47,-0.26,0.07,-0.94,-0.01,-292.3,36.6,347.0,3.41,-1.31,-0.19,0.0,0.9426558226627574,2.4982794079125736,0.09605880022058966,0.5,0,1,0.0
9.645878224000626,759,5472.87,-95.5,-2.9,-118.9,-0.68,-2.1,-0.54,0.02,-0.96,-0.02,-291.8,63.0,294.0,3.39,-2.02,-0.13,0.0,0.9604165762834375,2.272443618662518,0.07673208566791134,0.5,0,1,0.0
9.654727575000834,760,5472.88,-95.5,-2.8,-119.1,-0.73,-1.81,-0.79,0.0,-0.95,-0.02,-290.9,87.8,266.0,3.37,-2.7,0.0,0.0,0.9502105029939418,2.105492816420897,0.08519939577825886,0.5,0,1,0.0
9.665977971000757,761,5472.89,-95.6,-2.7,-119.2,-0.57,-1.55,-0.9,-0.01,-0.93,-0.02,-289.9,113.6,260.0,3.34,-3.4,-0.09,0.0,0.9302687783646187,1.8807977031036593,0.10303829799943032,0.5,0,1,0.0
9.674769245000789,762,5472.9,-95.6,-2.6,-119.4,-0.38,-1.4,-0.95,-0.01,-0.9,-0.02,-288.6,138.1,250.0,3.3,-4.07,0.03,0.0,0.9002777349240622,1.734041521994211,0.13036875461118724,0.5,0,1,0.0
9.685830598000393,763,5472.91,-95.5,-2.5,-119.5,-0.2,-1.3,-0.93,0.0,-0.87,-0.02,-287.0,164.1,262.0,3.25,-4.79,-0.17,0.0,0.8702298546935746,1.6108693305169108,0.15720830214484127,0.5,0,1,0.0
9.694607488000656,764,5472.92,-95.5,-2.4,-119.7,-0.09,-1.19,-0.84,0.01,-0.86,-0.05,-285.2,190.6,266.0,3.2,-5.52,-0.09,0.0,0.8615103017375938,1.45938343145316,0.16260929799880564,0.5,0,1,0.0
9.705977219000488,765,5472.93,-95.5,-2.3,-119.8,0.03,-1.04,-0.75,0.03,-0.87,-0.06,-283.1,217.4,270.0,3.14,-6.24,-0.01,0.0,0.8725823743349392,1.282575533838066,0.14850648089343088,0.5,0,1,0.0
9.714675664000424,766,5472.94,-95.5,-2.2,-119.9,0.16,-0.88,-0.61,0.05,-0.88,-0.07,-280.7,243.2,248.0,3.07,-6.88,-0.15,0.0,0.8841945487278238,1.082635672791175,0.13415642037053543,0.5,0,1,0.0
9.725818118000461,767,5472.95,-95.4,-2.1,-120.0,0.37,-0.73,-0.62,0.07,-0.92,-0.08,-278.1,265.2,225.0,3.0,-7.47,-0.03,0.0,0.9261209424259879,1.0267424214475604,0.09038542613892397,0.5,0,1,0.0
9.734720185000697,768,5472.96,-95.4,-1.9,-120.1,0.52,-0.56,-0.67,0.07,-0.9,-0.09,-275.3,290.7,281.0,2.91,-8.37,-0.03,0.0,0.9071934744033381,1.0163168797181321,0.10712663627834229,0.5,0,1,0.0
9.745640609000475,769,5472.97,-95.3,-1.8,-120.1,0.3,-0.43,-0.64,0.06,-0.87,-0.08,-272.1,322.4,295.0,2.83,-9.13,0.07,0.0,0.875728268357257,0.8273451516749222,0.13582000547793494,0.5,0,1,0.0
9.754716295000435,770,5472.98,-95.3,-1.7,-120.2,-0.07,-0.33,-0.75,0.04,-0.89,-0.09,-268.7,348.0,255.0,2.74,-9.73,0.01,0.0,0.8954328562209453,0.8223746105030237,0.11379310926196173,0.5,0,1,0.0
9.765876280000157,771,5472.99,-95.4,-1.6,-120.2,-0.35,-0.23,-0.89,0.02,-0.89,-0.09,-265.1,371.2,242.0,2.63,-10.39,-0.06,0.0,0.8947625383307014,0.9836157786453001,0.11217415860916158,0.5,0,1,0.0
9.774743455000134,772,5473.0,-95.4,-1.6,-120.2,-0.35,-0.23,-0.89,0.02,-0.89,-0.09,-262.7,385.8,267.0,2.53,-10.97,0.01,0.0,0.8947625383307014,0.9836157786453001,0.10993067543697843,0.5,0,1,0.0
9.785711914000785,773,5473.01,-95.5,-1.3,-120.2,-0.58,-0.2,-0.91,0.02,-0.89,-0.13,-257.3,418.2,288.0,2.41,-11.73,0.0,0.0,0.8996666049153986,1.0974971526158963,0.10292607667523568,0.5,0,1,0.0
9.794750560000466,774,5473.02,-95.6,-1.2,-120.3,-0.64,-0.17,-0.8,0.02,-0.91,-0.15,-252.8,444.0,244.0,2.29,-12.29,-0.04,0.0,0.9224966124599049,1.0385085459446157,0.0784941477481148,0.5,0,1,0.0
9.805830913000136,775,5473.03,-95.7,-1.1,-120.3,-0.62,-0.14,-0.67,0.01,-0.93,-0.16,-248.3,462.9,234.0,2.16,-12.93,-0.08,0.0,0.9437160589923221,0.9235258523723091,0.05612920719138359,0.5,0,1,0.0
9.814676127000894,776,5473.04,-95.8,-1.0,-120.3,-0.32,-0.15,-0.58,0.02,-0.95,-0.17,-243.4,489.3,222.0,2.02,-13.5,-0.13,0.0,0.9652978814852957,0.6791906948714772,0.03385643700444185,0.5,0,1,0.0
9.8257963140004,777,5473.05,-95.9,-1.0,-120.3,0.0,-0.15,-0.47,0.01,-0.93,-0.19,-238.5,508.5,262.0,1.89,-14.28,0.09,0.0,0.9492628719169417,0.49335585534176035,0.048893617641339926,0.5,0,1,0.0
9.834676364000188,778,5473.06,-95.9,-0.9,-120.4,0.2,-0.15,-0.35,0.02,-0.92,-0.2,-233.0,539.4,248.0,1.73,-14.93,-0.15,0.0,0.9417005893594843,0.4301162633521313,0.055326782194821345,0.5,0,1,0.0
9.845652100000734,779,5473.07,-95.9,-0.9,-120.4,0.3,-0.04,-0.17,0.01,-0.91,-0.22,-227.7,559.5,240.0,1.59,-15.54,-0.26,0.0,0.9362691920596341,0.34713109915419565,0.059543015904778174,0.5,0,1,0.0
9.854674329000773,780,5473.08,-95.9,-0.9,-120.4,0.32,-0.03,-0.07,-0.01,-0.89,-0.19,-221.8,587.6,307.0,1.41,-16.53,-0.12,0.0,0.9101098834756164,0.3289376840679705,0.08398827799901998,0.5,0,1,0.0
9.865825811000832,781,5473.09,-95.9,-0.9,-120.4,0.45,0.03,0.08,-0.01,-0.87,-0.19,-215.6,620.8,249.0,1.26,-17.02,0.07,0.0,0.8905616205518853,0.4580392996239515,0.10146581010429612,0.5,0,1,0.0
9.874748996000562,782,5473.1,-95.9,-0.9,-120.4,0.62,0.14,0.22,0.0,-0.88,-0.19,-209.4,638.2,241.0,1.08,-17.67,-0.19,0.0,0.9002777349240622,0.6726068688320095,0.08991470181747685,0.5,0,1,0.0
9.885857366000891,783,5473.11,-95.8,-0.9,-120.3,0.82,0.34,0.38,0.03,-0.86,-0.2,-202.9,655.1,197.0,0.9,-18.13,-0.27,0.0,0.8834591105421914,0.9656086163658648,0.10459865967536064,0.5,0,1,0.0
9.894633117000012,784,5473.12,-95.8,-1.0,-120.3,0.64,0.54,0.45,0.07,-0.87,-0.2,-196.1,682.7,221.0,0.7,-18.76,0.09,0.0,0.8954328562209453,0.9506313691436865,0.0907724157166746,0.5,0,1,0.0
9.905940110000302,785,5473.13,-95.7,-1.0,-120.2,0.36,0.71,0.48,0.11,-0.86,-0.19,-189.2,698.0,189.0,0.53,-19.21,-0.11,0.0,0.8875809822207774,0.9295697929687688,0.09665180392250561,0.5,0,1,0.0
9.914673960000073,786,5473.14,-95.7,-1.0,-120.1,0.06,0.94,0.49,0.15,-0.86,-0.2,-182.0,722.8,257.0,0.31,-20.0,0.0,0.0,0.8956003573022958,1.0617438485811914,0.08685978026416752,0.5,0,1,0.0
9.925877638000202,787,5473.15,-95.7,-1.1,-120.0,-0.21,1.24,0.56,0.18,-0.83,-0.23,-174.7,731.2,80.0,0.13,-19.88,0.05,0.0,0.8798863562983574,1.3766989503882103,0.10052230564274378,0.5,0,1,0.0
9.934663877000276,788,5473.16,-95.8,-1.1,-119.9,-0.55,1.56,0.69,0.19,-0.82,-0.24,-167.4,717.2,-147.0,-0.05,-19.11,0.14,0.0,0.8752713864853574,1.7922611416866685,0.10303452994662898,0.5,0,1,0.0
9.945600819000902,789,5473.17,-95.8,-1.2,-119.7,-0.89,1.76,0.81,0.19,-0.83,-0.25,-160.5,691.6,-310.0,-0.25,-17.92,0.37,0.0,0.8874119674649424,2.132088178289069,0.08907606998770312,0.5,0,1,0.0
9.95467314600046,790,5473.18,-96.0,-1.2,-119.5,-1.2,1.93,0.84,0.18,-0.86,-0.27,-154.0,611.1,-756.0,-0.4,-15.26,0.72,0.0,0.9191844211038391,2.4229114717628457,0.056157544021830264,0.5,0,1,0.0
9.96577823500047,791,5473.19,-96.1,-1.3,-119.3,-1.1,2.18,0.93,0.2,-0.91,-0.28,-148.9,475.3,-1380.0,-0.53,-10.39,0.64,0.0,0.9728823155962905,2.61291025486908,0.00241045653879135,0.5,0,1,0.0
9.974728762000268,792,5473.2,-96.2,-1.4,-119.0,-0.98,2.33,0.76,0.13,-1.03,-0.26,-145.3,299.5,-1591.0,-0.6,-6.0,0.76,0.0,1.070233619356073,2.6394885868288958,0.09304203027657143,0.5,0,1,0.0
9.98586345700005,793,5473.21,-96.3,-1.4,-118.8,-1.36,2.43,0.19,-0.12,-1.23,-0.21,-143.5,131.4,-1621.0,-0.63,-1.64,0.3,0.0,1.2535549449465706,2.7911646314755427,0.27083608874972753,0.5,0,1,0.0
9.994686223000826,794,5473.22,-96.5,-1.4,-118.6,-1.22,2.02,-0.56,-0.3,-1.26,-0.15,-143.2,-3.2,-1266.0,-0.62,1.08,0.4,0.0,1.3038788287260439,2.4253659517689283,0.3147367730786168,0.5,0,1,0.0
10.005566517000261,795,5473.23,-96.5,-1.3,-118.4,0.07,1.22,-0.82,-0.27,-1.09,-0.13,-143.8,-91.4,-997.0,-0.59,3.53,0.28,0.0,1.1304423912787418,1.4716317474150928,0.13847432891868838,0.5,0,1,0.0
10.014501578000818,796,5473.24,-96.5,-1.2,-118.3,1.11,0.91,-0.42,-0.16,-0.98,-0.24,-145.3,-169.6,-798.0,-0.55,5.29,0.13,0.0,1.0215674231297707,1.4955266630856168,0.029007373554322924,0.5,0,1,0.0
10.025533502000144,797,5473.25,-96.4,-1.2,-118.3,0.52,0.79,-0.29,-0.22,-1.05,-0.24,-147.4,-223.7,-570.0,-0.48,6.57,0.08,0.0,1.099317970379817,0.9892421341612982,0.10462276238828194,0.5,0,1,0.0
10.034158688000389,798,5473.26,-96.4,-1.1,-118.2,-1.05,0.58,-0.57,-0.21,-1.06,-0.19,-149.9,-259.9,-434.0,-0.41,7.53,0.15,0.0,1.0971781988355402,1.32808132281122,0.10043333102712504,0.5,0,1,0.0
10.04567706600028,799,5473.27,-96.6,-1.0,-118.2,-1.97,0.37,-0.96,-0.08,-1.13,-0.14,-152.7,-297.2,-388.0,-0.33,8.52,0.04,0.0,1.1414464507807625,2.2224760966093653,0.14180755131290035,0.5,0,1,0.0
10.054650980000588,800,5473.28,-96.8,-0.9,-118.2,-2.59,0.12,-1.34,-0.01,-1.18,-0.16,-156.0,-327.3,-299.0,-0.24,9.17,-0.15,0.0,1.1908400396358865,2.9185784210810577,0.1873771173646639,0.5,0,1,0.0
10.065726992000236,801,5473.29,-97.1,-0.8,-118.2,-3.4,-0.11,-1.83,-0.01,-1.25,-0.19,-159.4,-345.8,-192.0,-0.14,9.52,0.08,0.0,1.2643970895252805,3.8627710260899493,0.2557154839089768,0.5,0,1,0.0
10.078744167000877,802,5473.3,-97.5,-0.6,-118.2,-3.95,-0.23,-2.39,-0.02,-1.3,-0.19,-162.9,-348.4,-25.0,-0.05,9.31,0.02,0.0,1.3139634698118514,4.622499323958848,0.2991762269116367,0.5,0,1,0.0
10.086693046000619,803,5473.31,-97.9,-0.3,-118.3,-4.02,-0.44,-2.85,-0.02,-1.33,-0.12,-166.2,-330.5,132.0,0.03,8.72,-0.13,0.0,1.3355523202031436,4.947373040311393,0.3143497757568703,0.5,0,1,0.0
10.094689596000535,804,5473.32,-98.3,0.0,-118.4,-3.92,-0.51,-3.38,-0.01,-1.45,-0.06,-169.5,-309.1,175.0,0.12,8.15,-0.08,0.0,1.4512753012437027,5.201047971322702,0.42147130166148083,0.5,0,1,0.0
10.105738770000244,805,5473.33,-98.6,0.2,-118.5,-3.63,-0.67,-3.95,0.0,-1.44,0.0,-172.6,-286.9,219.0,0.19,7.52,0.06,0.0,1.44,5.406320375264492,0.4019920804094226,0.5,0,1,0.0
10.114682443000675,806,5473.34,-98.9,0.6,-118.6,-2.96,-0.66,-4.03,0.02,-1.38,0.04,-175.0,-262.3,250.0,0.27,6.66,-0.17,0.0,1.3807244475274565,5.043619731898907,0.3358621973781415,0.5,0,1,0.0
10.12564709200069,807,5473.35,-99.2,1.0,-118.7,-1.85,-0.22,-3.54,0.11,-1.23,0.01,-177.6,-230.8,262.0,0.32,5.99,-0.13,0.0,1.2349493916756265,4.000312487793923,0.1862853986957853,0.5,0,1,0.0
10.134680153000772,808,5473.36,-99.3,1.3,-118.8,-1.0,0.58,-2.51,0.22,-1.07,-0.03,-179.7,-203.0,291.0,0.38,5.11,-0.16,0.0,1.0927945827098522,2.7634217919094435,0.04324797793541091,0.5,0,1,0.0
10.145742427000187,809,5473.37,-99.4,1.5,-118.7,-0.76,1.67,-1.66,0.29,-0.97,-0.07,-181.6,-173.5,276.0,0.42,4.41,-0.17,0.0,1.0148398888494676,2.474287776310589,0.034012581606474246,0.5,0,1,0.0
10.15458974000012,810,5473.38,-99.4,1.7,-118.5,-0.71,2.85,-0.97,0.32,-0.94,-0.07,-183.1,-143.8,308.0,0.47,3.48,-0.06,0.0,0.9954396013822235,3.0931375656443083,0.052344611692243914,0.5,0,1,0.0
10.165584148000562,811,5473.39,-99.5,1.8,-118.1,-0.43,4.19,-0.45,0.31,-0.95,-0.08,-184.2,-114.1,299.0,0.5,2.62,-0.12,0.0,1.002496882788171,4.2359768649037735,0.04438158368057055,0.5,0,1,0.0
10.174703574000887,812,5473.4,-99.5,1.9,-117.7,0.18,5.4,-0.23,0.3,-1.01,0.0,-185.2,-81.4,293.0,0.51,1.9,-0.06,0.0,1.0536128321162381,5.40789238058599,0.006599678334546555,0.5,0,1,0.0
10.18583566900088,813,5473.41,-99.4,2.0,-117.1,0.84,6.18,-0.33,0.28,-1.05,0.05,-185.8,-53.2,276.0,0.53,1.14,-0.17,0.0,1.087841900277793,6.245550416096246,0.04001217156617942,0.5,0,1,0.0
10.194733589000862,814,5473.42,-99.3,2.2,-116.5,1.35,6.65,-0.71,0.19,-1.08,0.07,-186.2,-30.9,231.0,0.54,0.59,-0.01,0.0,1.0988175462741756,6.822690085296268,0.0499680612113107,0.5,0,1,0.0
10.205979897000361,815,5473.43,-99.1,2.4,-115.8,1.77,6.64,-1.17,0.07,-1.03,0.1,-186.4,-12.8,176.0,0.54,0.19,-0.04,0.0,1.0372077901751413,6.970753187425301,0.011408860989969183,0.5,0,1,0.0
10.214601179000056,816,5473.44,-98.9,2.6,-115.2,1.95,6.29,-1.52,-0.02,-1.0,0.12,-186.4,-2.4,123.0,0.54,-0.04,-0.04,0.0,1.0073728207570423,6.758476159608763,0.0404189537999069,0.5,0,1,0.0
10.225701963000574,817,5473.45,-98.7,2.9,-114.6,1.75,5.82,-1.74,-0.12,-0.98,0.12,-186.4,2.4,52.0,0.54,-0.06,0.0,0.0,0.9945853407325084,6.321589989868055,0.05214230514795204,0.5,0,1,0.0
10.234613077000176,818,5473.46,-98.5,3.2,-114.1,1.41,5.21,-1.7,-0.2,-0.95,0.11,-186.4,-0.7,-16.0,0.54,0.09,0.05,0.0,0.9770363350459388,5.658816130605411,0.06829748461783125,0.5,0,1,0.0
10.245706008000525,819,5473.47,-98.3,3.4,-113.6,1.17,4.51,-1.38,-0.23,-0.91,0.09,-186.5,-4.4,-22.0,0.54,0.15,-0.11,0.0,0.9429209935090002,4.859362098053611,0.1003645696316744,0.5,0,1,0.0
10.254730920000839,820,5473.48,-98.2,3.5,-113.2,1.07,3.86,-0.78,-0.21,-0.89,0.07,-186.5,-8.1,-44.0,0.54,0.31,0.01,0.0,0.9171150418568,4.080796490882632,0.12364711085819702,0.5,0,1,0.0
10.265961204000632,821,5473.49,-98.1,3.6,-112.9,0.8,3.23,-0.18,-0.16,-0.9,0.02,-186.7,-18.4,-97.0,0.55,0.66,0.22,0.0,0.9143303560529968,3.3324615526664374,0.12390316072876029,0.5,0,1,0.0
10.274797324000247,822,5473.5,-98.0,3.7,-112.6,0.38,2.71,0.34,-0.12,-0.91,-0.01,-187.0,-35.5,-165.0,0.56,1.22,0.29,0.0,0.9179324593890337,2.7575532633115176,0.11789503624486897,0.5,0,1,0.0
10.285583062000114,823,5473.51,-97.9,3.7,-112.4,0.2,2.38,0.77,-0.1,-0.92,-0.03,-187.5,-57.5,-205.0,0.58,1.84,-0.05,0.0,0.9259049627256569,2.5094421690885804,0.10772408225008079,0.5,0,1,0.0
10.294720022000547,824,5473.52,-97.9,3.6,-112.1,0.32,2.17,1.1,-0.09,-0.94,-0.05,-188.2,-80.1,-218.0,0.6,2.46,0.02,0.0,0.945621488757526,2.453833735198862,0.08624740509384732,0.5,0,1,0.0
10.305816846000198,825,5473.53,-97.8,3.5,-111.9,0.58,2.01,1.28,-0.09,-0.94,-0.05,-189.2,-102.8,-220.0,0.63,3.06,0.33,0.0,0.945621488757526,2.4525293066546623,0.08452245699197047,0.5,0,1,0.0
10.31457780800065,826,5473.54,-97.8,3.4,-111.7,0.75,1.79,1.37,-0.08,-0.92,-0.03,-190.4,-124.6,-211.0,0.66,3.62,0.36,0.0,0.9239588735436226,2.3756051860525984,0.10406137076175637,0.5,0,1,0.0
10.325671016000342,827,5473.55,-97.7,3.3,-111.5,0.79,1.55,1.4,-0.08,-0.89,-0.03,-191.7,-142.0,-175.0,0.7,4.04,0.22,0.0,0.8940917178902844,2.2330696361734894,0.13124995588679267,0.5,0,1,0.0
10.334638081000776,828,5473.56,-97.6,3.2,-111.3,0.73,1.32,1.41,-0.08,-0.87,-0.04,-193.2,-154.9,-129.0,0.74,4.31,0.08,0.0,0.8745856161634492,2.0648002324680226,0.14774093646135522,0.5,0,1,0.0
10.345679072000166,829,5473.57,-97.5,3.0,-111.2,0.52,1.11,1.38,-0.08,-0.85,-0.05,-194.8,-161.7,-81.0,0.79,4.45,-0.13,0.0,0.8552192701290119,1.8457789683491357,0.16376513684587668,0.5,0,1,0.0
10.3545716360004,830,5473.58,-97.5,2.9,-111.1,0.23,0.87,1.39,-0.07,-0.84,-0.06,-196.5,-164.5,-33.0,0.83,4.46,-0.16,0.0,0.8450443775329198,1.6558683522550939,0.17046122885312942,0.5,0,1,0.0
10.365786829000172,831,5473.59,-97.5,2.8,-111.0,-0.05,0.64,1.43,-0.06,-0.85,-0.08,-198.1,-163.8,3.0,0.88,4.4,0.07,0.0,0.8558621384311844,1.5674820573135757,0.1564505985957676,0.5,0,1,0.0
10.374580389000585,832,5473.6,-97.5,2.6,-110.9,-0.21,0.51,1.41,-0.06,-0.85,-0.09,-199.7,-158.6,40.0,0.92,4.24,-0.03,0.0,0.8568547134724765,1.5140343457134648,0.1523488630833859,0.5,0,1,0.0
10.385553127000094,833,5473.61,-97.5,2.4,-110.9,-0.26,0.31,1.6,-0.05,-0.86,-0.1,-201.3,-151.4,72.0,0.96,3.98,-0.07,0.0,0.8672369918309527,1.6503635963023422,0.13912725303041162,0.5,0,1,0.0
10.394640681000055,834,5473.62,-97.5,2.2,-110.8,-0.06,0.06,1.73,-0.05,-0.89,-0.1,-202.7,-138.7,113.0,1.0,3.6,-0.07,0.0,0.8969949832635632,1.7320796748417782,0.10718187636584509,0.5,0,1,0.0
10.405683928000144,835,5473.63,-97.5,1.9,-110.8,0.2,-0.11,1.72,-0.05,-0.91,-0.12,-204.0,-125.0,131.0,1.03,3.21,-0.07,0.0,0.9192388155425117,1.7350792489105504,0.0832392832051585,0.5,0,1,0.0
10.414540683000268,836,5473.64,-97.5,1.7,-110.8,0.54,-0.15,1.42,-0.06,-0.92,-0.15,-205.1,-110.1,138.0,1.06,2.83,-0.23,0.0,0.9340770846134703,1.5265975239073328,0.06703299385151595,0.5,0,1,0.0
10.425586134000696,837,5473.65,-97.4,1.6,-110.8,0.68,-0.3,1.15,-0.08,-0.9,-0.15,-206.1,-95.6,155.0,1.09,2.37,-0.05,0.0,0.9159148432032314,1.3692698784388708,0.0834913305565198,0.5,0,1,0.0
10.434662813000614,838,5473.66,-97.3,1.5,-110.8,0.81,-0.45,0.9,-0.1,-0.89,-0.16,-207.0,-78.1,166.0,1.11,1.9,-0.06,0.0,0.9097801932335084,1.2917430084966592,0.08783346091571786,0.5,0,1,0.0
10.44569261200013,839,5473.67,-97.2,1.4,-110.9,1.17,-0.6,0.51,-0.13,-0.9,-0.15,-207.6,-62.5,156.0,1.12,1.51,0.1,0.0,0.9216289925995167,1.4103191128251789,0.07446496831871541,0.5,0,1,0.0
10.454652356000224,840,5473.68,-97.1,1.4,-110.9,1.69,-0.85,0.0,-0.16,-0.86,-0.14,-208.2,-47.9,141.0,1.14,1.15,-0.15,0.0,0.8858893836140039,1.8917187951701488,0.10800048575814358,0.5,0,1,0.0
10.465910509000423,841,5473.69,-96.9,1.4,-111.0,1.76,-1.16,-0.36,-0.17,-0.8,-0.15,-208.6,-37.3,117.0,1.15,0.88,-0.14,0.0,0.8315046602394963,2.1384106247397856,0.15913750494999812,0.5,0,1,0.0
10.474639774000025,842,5473.7,-96.7,1.4,-111.2,1.32,-1.42,-0.57,-0.17,-0.77,-0.18,-208.9,-30.1,75.0,1.15,0.74,0.1,0.0,0.8088263101556477,2.0208166665979377,0.17817953793316987,0.5,0,1,0.0
10.485660164000365,843,5473.71,-96.7,1.5,-111.3,0.52,-1.59,-0.68,-0.14,-0.79,-0.2,-209.2,-26.2,40.0,1.16,0.69,0.05,0.0,0.8268615361715649,1.8057962232765912,0.15694142567890756,0.5,0,1,0.0
10.494687261000763,844,5473.72,-96.6,1.5,-111.5,0.0,-1.66,-0.75,-0.09,-0.86,-0.2,-209.4,-24.5,28.0,1.17,0.64,-0.06,0.0,0.8875246475450695,1.8215652609774924,0.09435274801929483,0.5,0,1,0.0
10.505603702000371,845,5473.73,-96.7,1.6,-111.7,-0.14,-1.72,-0.8,-0.03,-0.92,-0.17,-209.7,-25.3,-10.0,1.17,0.74,0.09,0.0,0.936055553906925,1.9021040980976829,0.04490540482429062,0.5,0,1,0.0
10.5145739160007,846,5473.74,-96.7,1.6,-111.9,-0.11,-1.74,-0.81,0.02,-0.95,-0.19,-209.9,-30.0,-39.0,1.18,0.88,-0.04,0.0,0.9690201236300513,1.9224463581593116,0.011702018399140979,0.5,0,1,0.0
10.525725727999998,847,5473.75,-96.8,1.7,-112.0,0.05,-1.59,-0.78,0.07,-0.96,-0.22,-210.3,-38.0,-85.0,1.19,1.21,-0.03,0.0,0.9873702446397704,1.7717223258738939,0.00651514055836655,0.5,0,1,0.0
10.53461338300076,848,5473.76,-96.8,1.8,-112.2,0.06,-1.33,-0.71,0.09,-0.95,-0.24,-210.7,-51.0,-127.0,1.21,1.62,0.1,0.0,0.9839715443040007,1.5088406145116853,0.0030541114181449336,0.5,0,1,0.0
10.545628627000042,849,5473.77,-96.8,1.8,-112.3,-0.12,-1.02,-0.58,0.08,-0.95,-0.23,-211.4,-68.4,-148.0,1.23,2.05,0.17,0.0,0.9807140255956371,1.1794914158229386,0.0001993391444142789,0.5,0,1,0.0
10.554760898000495,850,5473.78,-96.8,1.8,-112.4,-0.33,-0.7,-0.38,0.07,-0.96,-0.22,-212.2,-85.8,-168.0,1.25,2.55,0.06,0.0,0.9873702446397704,0.8621484790916237,0.006327742301724615,0.5,0,1,0.0
10.565558311000132,851,5473.79,-96.9,1.9,-112.5,-0.36,-0.39,-0.09,0.04,-0.97,-0.23,-213.2,-103.9,-186.0,1.28,3.09,0.13,0.0,0.9976973488989535,0.5383307533477908,0.016321749629689464,0.5,0,1,0.0
10.574748836000254,852,5473.8,-97.0,1.9,-112.5,-0.24,-0.14,0.3,0.02,-0.98,-0.25,-214.4,-124.0,-189.0,1.32,3.6,0.0,0.0,1.0115829180052418,0.40890096600521747,0.029603172361258312,0.5,0,1,0.0
10.585488122000243,853,5473.81,-97.0,1.8,-112.5,-0.08,0.04,0.68,0.0,-1.0,-0.28,-215.7,-142.3,-182.0,1.35,4.08,0.06,0.0,1.0384603988597736,0.6858571279792899,0.055351040151474296,0.5,0,1,0.0
10.59466220000013,854,5473.82,-97.0,1.7,-112.5,0.11,0.14,0.88,-0.04,-1.02,-0.28,-217.3,-158.5,-166.0,1.4,4.5,0.22,0.0,1.0584894897919392,0.8978307190111062,0.07387252846196712,0.5,0,1,0.0
10.605570064000858,855,5473.83,-97.0,1.6,-112.5,-0.2,0.02,1.0,-0.09,-1.03,-0.31,-219.0,-174.1,-153.0,1.45,4.89,0.11,0.0,1.0793979803575695,1.02,0.09288539864704548,0.5,0,1,0.0
10.614615308000793,856,5473.84,-97.1,1.5,-112.4,-1.02,-0.09,1.05,-0.12,-1.08,-0.3,-220.8,-186.9,-135.0,1.5,5.24,0.0,0.0,1.1272976536833563,1.466628787389638,0.13796937053337566,0.5,0,1,0.0
10.625307683000756,857,5473.85,-97.2,1.4,-112.4,-1.59,-0.25,1.23,-0.12,-1.11,-0.28,-222.8,-199.5,-129.0,1.55,5.58,0.28,0.0,1.1510430052782563,2.0257097521609557,0.15848042768571013,0.5,0,1,0.0
10.634649840000748,858,5473.86,-97.4,1.3,-112.5,-1.66,-0.28,1.46,-0.08,-1.16,-0.31,-224.8,-212.9,-137.0,1.61,5.96,0.05,0.0,1.2033702672078948,2.2283626275810673,0.20659153582304157,0.5,0,1,0.0
10.645545766000396,859,5473.87,-97.5,1.1,-112.5,-1.11,-0.27,1.61,-0.05,-1.18,-0.31,-227.1,-226.9,-136.0,1.67,6.34,-0.03,0.0,1.2210651088291729,1.9741073932286461,0.21980064989543324,0.5,0,1,0.0
10.654688041000554,860,5473.88,-97.6,1.0,-112.5,-0.67,-0.38,1.69,-0.06,-1.17,-0.27,-229.4,-241.1,-136.0,1.74,6.7,-0.18,0.0,1.2022478945708326,1.8572560405070702,0.19696376692435114,0.5,0,1,0.0
10.665660591000233,861,5473.89,-97.7,0.8,-112.5,-0.76,-0.46,1.86,-0.03,-1.16,-0.22,-231.9,-255.3,-148.0,1.81,7.14,0.13,0.0,1.181058846967415,2.061261749511692,0.17225922493451495,0.5,0,1,0.0
10.67473542300013,862,5473.9,-97.8,0.5,-112.5,-0.96,-0.4,2.13,0.02,-1.2,-0.14,-234.6,-272.5,-169.0,1.88,7.63,0.0,0.0,1.2083045973594573,2.3703375287076733,0.19551487582002602,0.5,0,1,0.0
10.68548527800067,863,5473.91,-97.9,0.3,-112.5,-0.88,-0.31,2.45,0.07,-1.24,-0.09,-237.5,-287.6,-139.0,1.96,7.95,0.01,0.0,1.2452309022827854,2.621640707648552,0.227792357128487,0.5,0,1,0.0
10.694525512000837,864,5473.92,-97.9,0.1,-112.5,-0.43,-0.15,2.81,0.08,-1.26,-0.06,-240.4,-298.6,-127.0,2.04,8.29,0.0,0.0,1.2639620247459968,2.8466647150656854,0.24159300999986444,0.5,0,1,0.0
10.705457070000193,865,5473.93,-97.9,-0.1,-112.5,0.31,-0.11,3.25,0.03,-1.21,-0.01,-243.5,-314.2,-158.0,2.13,8.75,-0.04,0.0,1.2104131526053408,3.2666037408905293,0.18428325510202415,0.5,0,1,0.0
10.714593331000287,866,5473.94,-97.9,-0.5,-112.4,0.52,-0.05,3.86,0.03,-1.16,0.0,-246.7,-328.8,-131.0,2.22,9.07,0.02,0.0,1.160387866189577,3.895189340712464,0.13157280931253523,0.5,0,1,0.0
10.725654671000484,867,5473.95,-97.8,-0.9,-112.4,0.41,0.02,4.19,0.02,-1.19,0.03,-250.1,-340.7,-134.0,2.31,9.44,0.0,0.0,1.1905460931858118,4.210059382004013,0.15849641558259475,0.5,0,1,0.0
10.73465765400033,868,5473.96,-97.8,-1.3,-112.3,0.56,-0.09,3.85,-0.08,-1.23,0.09,-253.6,-359.1,-172.0,2.41,9.97,0.28,0.0,1.2358802530989803,3.8915549591390843,0.19975396398584788,0.5,0,1,0.0
10.74558454200087,869,5473.97,-97.7,-1.6,-112.3,0.61,-0.5,3.12,-0.23,-1.18,0.15,-257.0,-373.3,-142.0,2.51,10.31,0.26,0.0,1.2115279608824552,3.2181516434127215,0.17189363833393623,0.5,0,1,0.0
10.754673981000451,870,5473.98,-97.7,-1.9,-112.4,0.28,-1.26,2.32,-0.3,-1.14,0.22,-261.2,-385.9,-132.0,2.62,10.67,-0.02,0.0,1.1991663771137013,2.654882294942659,0.15634141347387875,0.5,0,1,0.0
10.765705629000877,871,5473.99,-97.7,-2.1,-112.5,-0.08,-2.13,1.6,-0.28,-1.12,0.26,-265.1,-396.1,-89.0,2.73,10.83,0.21,0.0,1.1833849753989614,2.6652016809239782,0.13774881152395602,0.5,0,1,0.0
10.783303164000245,872,5474.01,-97.7,-2.1,-112.5,-0.08,-2.13,1.6,-0.28,-1.12,0.26,-268.0,-396.6,-2.0,2.92,10.49,-0.05,0.0,1.1833849753989614,2.6652016809239782,0.13499383529347697,0.5,0,1,0.0
10.793354278000152,873,5474.02,-97.6,-2.6,-113.5,0.6,-4.58,0.74,-0.12,-1.06,0.24,-276.0,-369.9,209.0,3.02,9.67,-0.09,0.0,1.0934349546269317,4.678033774995645,0.044142938231018336,0.5,0,1,0.0
10.802593127000364,874,5474.03,-97.5,-2.7,-114.0,0.77,-4.98,0.76,-0.07,-1.0,0.19,-279.5,-341.5,243.0,3.11,8.97,0.01,0.0,1.0202940752547767,5.0961652249510125,0.02841798231831394,0.5,0,1,0.0
10.812938655000835,875,5474.04,-97.4,-2.8,-114.5,0.74,-5.18,0.75,-0.02,-1.0,0.14,-282.7,-310.8,323.0,3.19,7.94,0.0,0.0,1.0099504938362078,5.2860665905756425,0.03798633246214522,0.5,0,1,0.0
10.823105738000777,876,5474.05,-97.3,-3.0,-115.0,1.03,-5.16,0.71,0.0,-0.97,0.08,-285.6,-268.4,398.0,3.27,6.75,-0.13,0.0,0.9732933781753578,5.30948208397015,0.07315057916053547,0.5,0,1,0.0
10.833118595000087,877,5474.06,-97.1,-3.1,-115.5,1.29,-4.86,0.61,0.01,-0.95,0.02,-287.9,-224.9,419.0,3.33,5.59,-0.18,0.0,0.9502631214563679,5.065155476389644,0.09425721916193486,0.5,0,1,0.0
10.842654622000737,878,5474.07,-97.0,-3.2,-115.9,1.4,-4.42,0.44,0.02,-0.93,0.0,-289.9,-180.9,443.0,3.37,4.34,-0.38,0.0,0.9302150289046076,4.657252408878008,0.11201920547942135,0.5,0,1,0.0
10.853442766000626,879,5474.08,-96.8,-3.3,-116.4,1.2,-3.98,0.22,0.04,-0.92,0.0,-291.4,-131.5,483.0,3.41,2.96,-0.17,0.0,0.9208691546577071,4.162787527606952,0.1189377781317954,0.5,0,1,0.0
10.86269990100027,880,5474.09,-96.7,-3.4,-116.7,0.77,-3.53,-0.04,0.05,-0.92,-0.01,-292.3,-82.2,485.0,3.43,1.64,-0.26,0.0,0.9214119599831554,3.6132257056541595,0.11602707335022022,0.5,0,1,0.0
10.873389025000506,881,5474.1,-96.6,-3.4,-117.1,0.19,-3.09,-0.33,0.07,-0.95,-0.02,-292.8,-32.5,498.0,3.43,0.25,-0.19,0.0,0.9527853903162034,3.1133743751755905,0.08296057015682878,0.5,0,1,0.0
10.882519904000219,882,5474.11,-96.6,-3.4,-117.4,-0.21,-2.77,-0.67,0.08,-0.97,-0.02,-292.8,14.7,440.0,3.43,-0.83,-0.07,0.0,0.973498844375277,2.85760389137473,0.06100217377579997,0.5,0,1,0.0
10.893298447000234,883,5474.12,-96.6,-3.3,-117.6,-0.47,-2.53,-1.0,0.07,-0.98,-0.04,-292.4,46.9,347.0,3.41,-1.61,-0.16,0.0,0.9833107342035884,2.760760764716856,0.05016647826853882,0.5,0,1,0.0
10.902712167000573,884,5474.13,-96.7,-3.2,-117.9,-0.52,-2.42,-1.26,0.05,-0.96,-0.04,-291.8,73.7,287.0,3.39,-2.31,-0.02,0.0,0.9621330469326994,2.777480873021451,0.06991728222863913,0.5,0,1,0.0
10.913121182000395,885,5474.14,-96.7,-3.1,-118.1,-0.45,-2.41,-1.39,0.01,-0.94,-0.04,-290.9,98.6,266.0,3.37,-3.0,-0.01,0.0,0.9409038208021051,2.8182796170713793,0.08932357819204884,0.5,0,1,0.0
10.922668333000729,886,5474.15,-96.7,-3.0,-118.4,-0.28,-2.54,-1.46,-0.01,-0.94,-0.03,-289.7,124.5,259.0,3.33,-3.69,-0.07,0.0,0.9405317644821997,2.943059632423373,0.08790172182171518,0.5,0,1,0.0
10.933380802000102,887,5474.16,-96.6,-2.8,-118.7,0.01,-2.74,-1.41,-0.02,-0.92,-0.05,-288.3,148.9,245.0,3.29,-4.33,-0.15,0.0,0.9215747392371386,3.0815255961941967,0.10472157212544075,0.5,0,1,0.0
10.942682978000448,888,5474.17,-96.6,-2.7,-119.0,0.32,-2.79,-1.32,0.0,-0.93,-0.08,-286.6,174.1,253.0,3.24,-5.04,-0.08,0.0,0.9334345183246654,3.103046889752071,0.09100455717715572,0.5,0,1,0.0
10.953206203000263,889,5474.18,-96.5,-2.6,-119.3,0.6,-2.74,-1.2,0.02,-0.9,-0.11,-284.7,200.4,259.0,3.19,-5.76,0.0,0.0,0.9069178573608527,3.0508359510140823,0.11517079377814898,0.5,0,1,0.0
10.962636817000202,890,5474.19,-96.4,-2.5,-119.6,0.8,-2.65,-1.04,0.05,-0.89,-0.11,-282.5,227.4,268.0,3.12,-6.52,-0.18,0.0,0.8981647955692763,2.9570424413592713,0.12144537845833081,0.5,0,1,0.0
10.973227908000808,891,5474.2,-96.3,-2.4,-119.8,0.87,-2.48,-0.89,0.07,-0.87,-0.12,-280.0,251.9,236.0,3.05,-7.1,-0.12,0.0,0.8810221336606703,2.7747792705006287,0.13581627955959807,0.5,0,1,0.0
10.98260241600019,892,5474.21,-96.2,-2.3,-120.1,0.83,-2.22,-0.77,0.09,-0.86,-0.14,-277.4,272.0,221.0,2.98,-7.69,-0.01,0.0,0.875956619930462,2.492027287170026,0.13806415742401024,0.5,0,1,0.0
10.993241567000041,893,5474.22,-96.2,-2.3,-120.3,0.73,-1.88,-0.75,0.1,-0.85,-0.16,-274.5,298.6,270.0,2.9,-8.49,-0.03,0.0,0.8706893820416095,2.151697004691878,0.14046476740660552,0.5,0,1,0.0
11.002580817000307,894,5474.23,-96.1,-2.2,-120.5,0.64,-1.53,-0.84,0.1,-0.86,-0.17,-271.3,328.4,277.0,2.81,-9.25,0.01,0.0,0.8823264701911645,1.8590589017026868,0.12625112567190955,0.5,0,1,0.0
11.013203764000536,895,5474.24,-96.0,-2.1,-120.6,0.4,-1.16,-0.87,0.1,-0.83,-0.18,-267.8,352.8,246.0,2.71,-9.87,-0.05,0.0,0.8551608035919326,1.5041608956491324,0.1503484564257186,0.5,0,1,0.0
11.022625094000432,896,5474.25,-96.0,-2.0,-120.7,0.11,-0.89,-0.86,0.09,-0.83,-0.19,-264.1,375.9,238.0,2.61,-10.52,-0.06,0.0,0.8562125904236634,1.2424974849069113,0.146310736202108,0.5,0,1,0.0
11.033287936000306,897,5474.26,-96.0,-2.0,-120.8,-0.09,-0.58,-1.04,0.09,-0.88,-0.2,-260.2,399.0,231.0,2.5,-11.13,-0.07,0.0,0.9069178573608527,1.194194289050153,0.09369335987962035,0.5,0,1,0.0
11.04660874000001,898,5474.27,-96.0,-1.9,-120.8,-0.19,-0.38,-1.16,0.09,-0.88,-0.21,-256.1,425.2,263.0,2.38,-11.89,-0.25,0.0,0.9091754506144565,1.235354200219516,0.08960705129349622,0.5,0,1,0.0
11.054725675000554,899,5474.28,-96.0,-1.7,-120.9,-0.31,-0.26,-1.14,0.08,-0.89,-0.21,-251.6,447.4,201.0,2.26,-12.33,0.01,0.0,0.9179324593890337,1.2096693763173472,0.07923304166854062,0.5,0,1,0.0
11.062715865000428,900,5474.29,-96.1,-1.6,-120.9,-0.28,-0.21,-1.07,0.07,-0.89,-0.22,-247.0,467.5,231.0,2.13,-13.03,-0.08,0.0,0.9194563611178075,1.1257886124845997,0.07615495714097142,0.5,0,1,0.0
11.073125186000652,901,5474.3,-96.1,-1.5,-121.0,-0.01,-0.14,-0.92,0.06,-0.88,-0.23,-242.2,490.5,194.0,2.0,-13.5,-0.17,0.0,0.9115371632577577,0.9306449376641986,0.08239267190100075,0.5,0,1,0.0
11.082697496000037,902,5474.31,-96.1,-1.5,-121.0,0.4,-0.07,-0.67,0.06,-0.86,-0.24,-237.1,515.4,292.0,1.85,-14.48,0.01,0.0,0.8948742928478837,0.7834538914320358,0.09707443146465722,0.5,0,1,0.0
11.093249605000892,903,5474.32,-96.0,-1.4,-121.0,0.82,0.02,-0.32,0.08,-0.84,-0.24,-231.8,543.6,236.0,1.71,-15.0,-0.15,0.0,0.8772684879784522,0.8804544281222054,0.11238663160740692,0.5,0,1,0.0
11.102734827000859,904,5474.33,-95.9,-1.4,-121.0,1.02,0.11,-0.04,0.08,-0.82,-0.25,-226.2,565.9,251.0,1.55,-15.72,-0.1,0.0,0.8609878047916822,1.0266937225872184,0.12609396849829335,0.5,0,1,0.0
11.112850024000181,905,5474.34,-95.8,-1.4,-121.0,1.01,0.21,0.21,0.07,-0.81,-0.26,-220.3,596.2,321.0,1.39,-16.7,0.05,0.0,0.853580693314932,1.0527582818482124,0.13083105837554265,0.5,0,1,0.0
11.123035239000274,906,5474.35,-95.7,-1.4,-120.9,0.88,0.34,0.4,0.08,-0.81,-0.25,-214.8,623.0,236.0,1.23,-17.08,-0.23,0.0,0.8514693182963201,1.02469507659596,0.13028358472627144,0.5,0,1,0.0
11.133183074000044,907,5474.36,-95.6,-1.5,-120.9,0.62,0.49,0.52,0.07,-0.82,-0.24,-208.4,644.2,241.0,1.06,-17.76,-0.23,0.0,0.8572630868059116,0.9459915433025815,0.12200001989234643,0.5,0,1,0.0
11.142745604000083,908,5474.37,-95.6,-1.5,-120.8,0.26,0.65,0.62,0.07,-0.82,-0.24,-201.8,662.1,246.0,0.88,-18.45,0.16,0.0,0.8572630868059116,0.935147047260483,0.11956001949449946,0.5,0,1,0.0
11.153072398000404,909,5474.38,-95.6,-1.6,-120.7,-0.11,0.83,0.71,0.07,-0.81,-0.24,-195.0,692.3,228.0,0.69,-19.01,-0.09,0.0,0.8477027781009097,1.0977704678119191,0.12653792163551136,0.5,0,1,0.0
11.16269049100083,910,5474.39,-95.6,-1.7,-120.6,-0.57,0.98,0.75,0.08,-0.83,-0.22,-188.6,710.5,236.0,0.49,-19.7,-0.14,0.0,0.8623804264940154,1.3593380742111212,0.10962306777755759,0.5,0,1,0.0
11.170744724000542,911,5474.4,-95.7,-1.7,-120.5,-1.07,1.04,0.69,0.09,-0.87,-0.2,-180.6,748.0,315.0,0.29,-20.68,0.33,0.0,0.897217922246318,1.643958636949239,0.07328986058474984,0.5,0,1,0.0
11.183176713000648,912,5474.41,-95.9,-1.8,-120.4,-1.61,1.0,0.45,0.1,-0.91,-0.18,-172.9,767.1,213.0,0.08,-21.05,-0.25,0.0,0.9330058949438638,1.9479733057719246,0.03675185012946003,0.5,0,1,0.0
11.193042339000385,913,5474.42,-96.0,-1.8,-120.3,-1.9,0.94,0.21,0.1,-0.93,-0.18,-165.2,770.1,98.0,-0.12,-21.11,0.14,0.0,0.9525229656024048,2.130187785149469,0.016890083881500595,0.5,0,1,0.0
11.202741546000652,914,5474.43,-96.2,-1.8,-120.2,-1.95,0.81,-0.03,0.09,-0.95,-0.17,-157.6,752.2,-352.0,-0.32,-19.29,0.53,0.0,0.9692780818733084,2.1117528264453678,0.00013226825838497103,0.5,0,1,0.0
11.210753240000486,915,5474.44,-96.4,-1.8,-120.2,-1.04,0.57,-0.04,0.25,-0.88,-0.19,-150.9,613.6,-1348.0,-0.48,-13.96,0.98,0.0,0.9343446901438462,1.1866338946785568,0.034364346788090194,0.5,0,1,0.0
11.223080376000325,916,5474.45,-96.4,-1.8,-120.1,-0.07,0.77,0.04,0.28,-1.05,-0.28,-146.4,369.0,-2202.0,-0.57,-6.67,1.02,0.0,1.1221853679316978,0.7742092740338364,0.15040680437976606,0.5,0,1,0.0
11.233181735000471,917,5474.46,-96.5,-1.7,-120.0,-0.38,1.2,-0.84,0.0,-1.42,-0.4,-144.6,100.2,-2449.0,-0.59,0.25,0.73,0.0,1.4752626884728022,1.5132745950421556,0.493414442422453,0.5,0,1,0.0
11.242675621000672,918,5474.47,-96.5,-1.5,-119.9,-0.89,2.05,-2.27,-0.29,-1.54,-0.43,-145.0,-81.2,-1652.0,-0.56,3.31,0.18,0.0,1.6249923076741009,3.1855140872392953,0.6302811803912767,0.5,0,2,0.0
11.250724910000827,919,5474.48,-96.6,-1.2,-119.7,-0.2,1.49,-3.22,-0.47,-1.43,-0.05,-146.3,-149.3,-898.0,-0.52,4.57,0.14,0.0,1.5060876468519353,3.5536600850390854,0.501148989177729,0.5,0,2,0.0
11.26309692400082,920,5474.49,-96.6,-0.9,-119.6,0.39,0.34,-3.06,-0.3,-1.3,0.18,-148.1,-191.2,-589.0,-0.47,5.72,0.26,0.0,1.3462540622037136,3.103433582340695,0.3344890964389171,0.5,0,2,0.0
11.270671994000622,921,5474.5,-96.5,-0.6,-119.7,0.06,-0.55,-2.71,-0.14,-1.26,0.12,-150.3,-233.1,-460.0,-0.4,6.78,0.06,0.0,1.2734205903785285,2.765899492027865,0.2564225121214574,0.5,0,2,0.0
11.282957602000351,922,5474.51,-96.6,-0.4,-119.8,-1.47,-1.41,-2.7,-0.15,-1.22,0.03,-152.9,-261.8,-294.0,-0.33,7.3,0.09,0.0,1.2295527642195758,3.382159073727905,0.20830359224325457,0.5,0,2,0.0
11.290704489000746,923,5474.52,-96.9,-0.1,-120.0,-3.05,-1.82,-2.92,-0.1,-1.26,-0.03,-155.6,-273.6,-155.0,-0.26,7.51,0.08,0.0,1.264317997973611,4.597966942029923,0.23820744947734385,0.5,0,2,0.0
11.303141152000535,924,5474.53,-97.2,0.1,-120.3,-3.77,-2.0,-3.2,-0.02,-1.33,-0.08,-158.4,-279.4,-87.0,-0.18,7.65,0.0,0.0,1.3325539388707686,5.334125982764187,0.3003145225670114,0.5,0,2,0.0
11.310738905000107,925,5474.54,-97.5,0.4,-120.5,-3.82,-2.25,-3.1,0.07,-1.35,-0.04,-161.2,-281.7,-26.0,-0.1,7.62,-0.13,0.0,1.352405264704334,5.409704243302031,0.3137625314325654,0.5,0,2,0.0
11.3230950140005,926,5474.55,-97.9,0.6,-120.8,-2.75,-2.07,-2.59,0.19,-1.29,-0.07,-163.9,-273.4,74.0,-0.03,7.24,-0.15,0.0,1.3057947771376635,4.307609545908264,0.2618090029885769,0.5,0,2,0.0
11.333106206000593,927,5474.56,-98.1,0.8,-121.0,-1.48,-1.21,-1.64,0.3,-1.17,-0.13,-166.6,-257.0,133.0,0.03,6.79,-0.12,0.0,1.2148250902907791,2.5187496898262833,0.16742252981885875,0.5,0,2,0.0
11.343145582000034,928,5474.57,-98.2,0.9,-121.0,-1.05,-0.22,-0.64,0.41,-1.1,-0.13,-169.0,-241.6,141.0,0.1,6.4,-0.24,0.0,1.1811011811017718,1.2491997438360287,0.13102464821725435,0.5,0,2,0.0
11.350746611000432,929,5474.58,-98.3,0.9,-121.0,-1.2,0.85,-0.02,0.48,-1.1,-0.14,-171.3,-225.5,166.0,0.16,5.88,-0.02,0.0,1.2083045973594573,1.4706801147768334,0.15506350318544104,0.5,0,2,0.0
11.363344240000515,930,5474.59,-98.4,0.9,-120.9,-1.56,2.14,0.16,0.44,-1.15,-0.14,-173.4,-204.7,203.0,0.21,5.28,-0.07,0.0,1.2392336341465235,2.653073689138694,0.18227268917305706,0.5,0,2,0.0
11.37308174700047,931,5474.6,-98.6,1.0,-120.6,-1.48,3.28,0.04,0.33,-1.16,-0.08,-175.3,-180.6,229.0,0.26,4.61,-0.16,0.0,1.2086769626331098,3.5986664196615945,0.14868169730645042,0.5,0,2,0.0
11.382682230000682,932,5474.61,-98.7,1.0,-120.2,-0.61,4.36,-0.16,0.21,-1.17,-0.04,-177.0,-156.8,234.0,0.3,3.97,-0.04,0.0,1.18936958091251,4.405371720978833,0.12678682927413365,0.5,0,2,0.0
11.393107498000063,933,5474.62,-98.7,1.1,-119.7,0.44,5.18,-0.36,0.13,-1.15,0.01,-178.4,-132.0,251.0,0.34,3.25,-0.09,0.0,1.1573677030226823,5.211103529963687,0.09288925235661982,0.5,0,2,0.0
11.402752604000852,934,5474.63,-98.6,1.3,-119.2,1.16,5.71,-0.56,0.07,-1.11,0.07,-179.5,-105.4,262.0,0.36,2.53,-0.02,0.0,1.1144056711987784,5.853486140754072,0.04892867612206153,0.5,0,2,0.0
11.413102072000584,935,5474.64,-98.4,1.4,-118.6,1.76,6.02,-0.84,0.02,-1.07,0.08,-180.4,-78.0,274.0,0.38,1.76,-0.08,0.0,1.0731728658515365,6.328001264222376,0.0075419533593232835,0.5,0,2,0.0
11.42272412300008,936,5474.65,-98.2,1.6,-118.0,2.33,5.95,-1.14,-0.02,-0.99,0.12,-181.0,-49.7,281.0,0.4,0.99,0.08,0.0,0.9974467404327911,6.49083969914525,0.06682048861823353,0.5,0,2,0.0
11.433197650000693,937,5474.66,-97.9,1.8,-117.5,2.66,5.64,-1.23,-0.06,-0.88,0.11,-181.3,-23.6,247.0,0.4,0.38,-0.16,0.0,0.8888756943465155,6.3559499683367555,0.17188370401041908,0.5,0,2,0.0
11.442737737000243,938,5474.67,-97.6,2.0,-117.0,2.42,5.27,-1.01,-0.08,-0.81,0.08,-181.4,-5.9,187.0,0.4,-0.02,0.0,0.0,0.8178630692236935,5.886374096164802,0.23803840255057618,0.5,0,2,0.0
11.453005372000007,939,5474.68,-97.4,2.1,-116.5,1.79,4.88,-0.71,-0.08,-0.81,0.06,-181.4,2.2,79.0,0.4,-0.04,-0.08,0.0,0.8161494961096283,5.246198623765593,0.2349569361513486,0.5,0,2,0.0
11.462744953000765,940,5474.69,-97.3,2.3,-116.0,1.13,4.5,-0.41,-0.1,-0.84,0.05,-181.4,-1.8,-4.0,0.4,0.09,-0.08,0.0,0.8474078120952154,4.657789175134487,0.19962464776244626,0.5,0,2,0.0
11.473168003000865,941,5474.7,-97.1,2.3,-115.6,0.73,4.08,-0.13,-0.11,-0.88,0.03,-181.4,-5.3,-23.0,0.4,0.19,0.01,0.0,0.8873556220591606,4.146830114677957,0.15648330104253094,0.5,0,2,0.0
11.482669155000622,942,5474.71,-97.1,2.4,-115.2,0.48,3.77,0.14,-0.1,-0.91,0.0,-181.5,-10.8,-63.0,0.41,0.43,-0.04,0.0,0.9154780172128657,3.803011964219939,0.12579368777104938,0.5,0,2,0.0
11.493065720000232,943,5474.72,-97.0,2.4,-114.8,0.29,3.54,0.4,-0.08,-0.95,-0.02,-181.7,-25.7,-141.0,0.42,0.94,0.0,0.0,0.9535722311393091,3.574311122440239,0.08594548436771388,0.5,0,2,0.0
11.502741474000686,944,5474.73,-97.0,2.4,-114.5,0.41,3.43,0.58,-0.06,-0.97,-0.03,-182.1,-46.6,-195.0,0.43,1.55,0.1,0.0,0.9723168207945392,3.502770332179945,0.06585687681823416,0.5,0,2,0.0
11.513153664000129,945,5474.74,-96.9,2.4,-114.1,0.85,3.31,0.65,-0.05,-0.95,-0.04,-182.7,-69.1,-208.0,0.45,2.12,-0.08,0.0,0.9521554494934112,3.4786635364748917,0.08429788315697495,0.5,0,2,0.0
11.5226689050005,946,5474.75,-96.8,2.3,-113.8,1.12,3.26,0.71,-0.05,-0.89,-0.05,-183.6,-89.4,-199.0,0.47,2.67,0.24,0.0,0.8928045698807774,3.519389151543205,0.1407757875142166,0.5,0,2,0.0
11.533116396000878,947,5474.76,-96.7,2.3,-113.5,1.1,3.17,0.8,-0.05,-0.86,-0.05,-184.6,-109.3,-206.0,0.5,3.24,0.03,0.0,0.8629020801921848,3.4494782214126243,0.167264711658753,0.5,0,2,0.0
11.54271881800014,948,5474.77,-96.5,2.3,-113.2,0.83,3.03,0.88,-0.06,-0.84,-0.04,-185.8,-127.9,-183.0,0.54,3.68,0.15,0.0,0.8430895563343197,3.2625450188464833,0.18333569080628576,0.5,0,2,0.0
11.553108271000383,949,5474.78,-96.5,2.2,-112.9,0.51,2.79,0.94,-0.07,-0.84,-0.04,-187.2,-143.6,-160.0,0.58,4.08,0.05,0.0,0.8438601779915912,2.987942435857826,0.17891376776603407,0.5,0,2,0.0
11.562705588000426,950,5474.79,-96.4,2.1,-112.6,0.22,2.53,1.05,-0.07,-0.83,-0.04,-188.7,-154.6,-110.0,0.62,4.28,0.17,0.0,0.8339064695755753,2.7480538568230424,0.18509012665840885,0.5,0,2,0.0
11.57317869200051,951,5474.8,-96.4,2.0,-112.3,0.04,2.23,1.17,-0.08,-0.85,-0.05,-190.3,-160.6,-72.0,0.67,4.41,-0.06,0.0,0.8552192701290119,2.5186107281594747,0.16050177958287282,0.5,0,2,0.0
11.582708419000483,952,5474.81,-96.4,1.9,-112.1,0.03,1.95,1.22,-0.09,-0.87,-0.05,-192.0,-164.5,-41.0,0.71,4.49,-0.21,0.0,0.8760707733967615,2.300391271066729,0.1368572707888206,0.5,0,2,0.0
11.593002305000482,953,5474.82,-96.4,1.8,-111.9,0.12,1.64,1.22,-0.1,-0.86,-0.06,-193.6,-164.9,-12.0,0.75,4.47,0.08,0.0,0.8678709581498854,2.047535103484187,0.1421559443149829,0.5,0,2,0.0
11.602680381000027,954,5474.83,-96.3,1.7,-111.8,0.21,1.4,1.16,-0.1,-0.86,-0.08,-195.2,-163.3,15.0,0.8,4.38,0.1,0.0,0.8694826047713663,1.8302185661827386,0.13773341173963194,0.5,0,2,0.0
11.61074600900065,955,5474.84,-96.3,1.6,-111.6,0.17,1.09,1.29,-0.12,-0.84,-0.07,-196.9,-159.5,32.0,0.84,4.28,0.14,0.0,0.8514105942493315,1.6973803345155145,0.15268931381643336,0.5,0,2,0.0
11.623241803000383,956,5474.85,-96.3,1.5,-111.5,0.09,0.85,1.41,-0.13,-0.83,-0.08,-198.4,-152.6,70.0,0.88,4.01,-0.02,0.0,0.8439194274336858,1.6488480827535323,0.15697687101943758,0.5,0,2,0.0
11.633104995000394,957,5474.86,-96.3,1.4,-111.4,0.03,0.67,1.41,-0.14,-0.86,-0.09,-199.8,-140.2,116.0,0.92,3.63,-0.03,0.0,0.875956619930462,1.5613775968675867,0.12244088495220806,0.5,0,2,0.0
11.642721932000313,958,5474.87,-96.3,1.2,-111.3,0.03,0.51,1.29,-0.15,-0.89,-0.11,-201.1,-124.7,148.0,0.95,3.18,0.02,0.0,0.9092304438369846,1.3874797295816612,0.08738371982477178,0.5,0,2,0.0
11.65312886600077,959,5474.88,-96.3,1.1,-111.3,0.11,0.35,1.1,-0.15,-0.91,-0.12,-202.3,-106.9,168.0,0.98,2.69,-0.12,0.0,0.9300537618869137,1.1595688854052615,0.06522919373934588,0.5,0,2,0.0
11.662724162000814,960,5474.89,-96.3,1.0,-111.3,0.33,0.17,0.78,-0.15,-0.92,-0.13,-203.2,-90.7,162.0,1.01,2.26,-0.02,0.0,0.9411694852681954,0.8638286867197685,0.05303120095090286,0.5,0,2,0.0
11.670741074000034,961,5474.9,-96.2,1.0,-111.2,0.57,0.0,0.43,-0.15,-0.9,-0.15,-204.0,-73.6,172.0,1.03,1.78,0.02,0.0,0.9246621004453465,0.7140028011149535,0.06814781405827675,0.5,0,2,0.0
11.68309148300068,962,5474.91,-96.1,1.0,-111.3,0.88,-0.22,-0.02,-0.14,-0.89,-0.16,-204.6,-57.9,153.0,1.04,1.4,-0.04,0.0,0.9150409826887537,0.9073036977771004,0.07621355317857215,0.5,0,2,0.0
11.690742317000513,963,5474.92,-96.0,1.0,-111.3,1.19,-0.48,-0.55,-0.15,-0.85,-0.14,-205.1,-45.4,119.0,1.05,1.14,0.11,0.0,0.8744140895479668,1.3960659010233005,0.11450363739297176,0.5,0,2,0.0
11.703140037000594,964,5474.93,-95.9,1.1,-111.4,1.11,-0.88,-0.97,-0.16,-0.79,-0.15,-205.5,-37.7,89.0,1.06,0.93,0.06,0.0,0.8198780397107853,1.7167993476233616,0.16565889348555018,0.5,0,2,0.0
11.71312865300024,965,5474.94,-95.8,1.2,-111.5,0.38,-1.23,-1.17,-0.16,-0.76,-0.18,-205.9,-34.1,45.0,1.07,0.9,0.04,0.0,0.7972452571197899,1.7395976546316678,0.1845258425550147,0.5,0,2,0.0
11.722704965000048,966,5474.95,-95.9,1.3,-111.6,-0.58,-1.43,-1.17,-0.14,-0.78,-0.22,-206.2,-33.7,10.0,1.08,0.92,-0.25,0.0,0.8224354077980836,1.9365433121931457,0.1561489780391866,0.5,0,2,0.0
11.732992451000428,967,5474.96,-96.0,1.4,-111.8,-1.35,-1.39,-1.03,-0.08,-0.88,-0.2,-206.6,-37.4,-37.0,1.09,1.11,0.18,0.0,0.90598013223249,2.19442475377945,0.07115216853268458,0.5,0,2,0.0
11.743239581000125,968,5474.97,-96.1,1.4,-111.9,-1.42,-1.33,-0.88,-0.02,-0.98,-0.18,-207.0,-47.8,-86.0,1.11,1.43,0.09,0.0,0.9965942002640793,2.135345405315028,0.019072661508926614,0.5,0,2,0.0
11.752781888000754,969,5474.98,-96.3,1.5,-112.1,-0.86,-1.24,-0.82,0.04,-1.03,-0.18,-207.6,-61.8,-124.0,1.12,1.85,0.22,0.0,1.0463746938836012,1.71743995528228,0.06747609202587945,0.5,0,2,0.0
11.763040810000348,970,5474.99,-96.4,1.6,-112.2,-0.22,-1.12,-0.8,0.07,-1.01,-0.21,-208.3,-78.5,-159.0,1.15,2.34,0.0,0.0,1.0339729203417274,1.3938436067220743,0.053972832114325575,0.5,0,2,0.0
11.775708322000355,971,5475.0,-96.4,1.6,-112.2,-0.22,-1.12,-0.8,0.07,-1.01,-0.21,-209.1,-91.3,-170.0,1.18,2.8,0.08,0.0,1.0339729203417274,1.3938436067220743,0.052893375472039095,0.5,0,2,0.0
11.785246809000455,972,5475.01,-96.4,1.7,-112.4,-0.51,-0.66,-0.58,0.08,-0.93,-0.21,-210.6,-112.4,-182.0,1.21,3.25,0.15,0.0,0.9567653839891994,1.0159232254457027,0.023827877662879082,0.5,0,2,0.0
11.794667056000435,973,5475.02,-96.5,1.8,-112.4,-0.68,-0.28,-0.34,0.08,-0.96,-0.22,-211.8,-128.1,-169.0,1.25,3.68,0.03,0.0,0.98812954616285,0.8101851640211638,0.007385558820556026,0.5,0,2,0.0
11.805394578000232,974,5475.03,-96.6,1.8,-112.5,-0.43,0.2,-0.01,0.06,-0.99,-0.25,-213.2,-144.1,-160.0,1.29,4.11,0.0,0.0,1.022839185796086,0.4743416490252569,0.04125329448471615,0.5,0,2,0.0
11.814726055000392,975,5475.04,-96.6,1.8,-112.4,0.13,0.54,0.22,0.05,-1.03,-0.27,-214.7,-158.8,-147.0,1.33,4.49,-0.15,0.0,1.0659737332598773,0.597411081249754,0.08270008510953741,0.5,0,2,0.0
11.825372122000772,976,5475.05,-96.5,1.7,-112.3,0.86,0.57,0.14,0.01,-1.04,-0.28,-216.4,-171.1,-126.0,1.38,4.79,0.03,0.0,1.0770793842609745,1.0412012293500232,0.09192962138842187,0.5,0,2,0.0
11.834670271000505,977,5475.06,-96.4,1.8,-112.3,1.26,0.39,-0.16,-0.05,-0.98,-0.3,-218.2,-182.4,-116.0,1.43,5.09,-0.01,0.0,1.0261091559868276,1.328645927250748,0.04014020525198947,0.5,0,2,0.0
11.845172071000889,978,5475.07,-96.3,1.8,-112.3,0.7,0.09,-0.35,-0.16,-0.91,-0.31,-219.9,-191.3,-103.0,1.47,5.31,0.0,0.0,0.9745768312452333,0.7877816956492452,0.011164277099812714,0.5,0,2,0.0
11.854433063000215,979,5475.08,-96.3,1.8,-112.3,-1.19,-0.14,-0.07,-0.18,-0.9,-0.31,-221.9,-202.3,-112.0,1.53,5.64,-0.06,0.0,0.9687620966986683,1.2002499739637573,0.016639431413450145,0.5,0,2,0.0
11.864941964000536,980,5475.09,-96.6,1.8,-112.3,-2.8,-0.26,0.38,-0.16,-1.0,-0.28,-224.2,-218.4,-158.0,1.6,6.17,0.01,0.0,1.0507140429250958,2.8376046236218317,0.06400626451671787,0.5,0,2,0.0
11.874960039000143,981,5475.1,-96.9,1.7,-112.3,-3.25,-0.16,0.84,-0.1,-1.14,-0.28,-226.6,-237.7,-179.0,1.66,6.68,0.18,0.0,1.1781341180018512,3.3606100636640366,0.1875978128016037,0.5,0,2,0.0
11.885039163000329,982,5475.11,-97.2,1.6,-112.3,-2.6,-0.24,1.31,-0.05,-1.21,-0.31,-229.1,-257.1,-194.0,1.73,7.24,0.0,0.0,1.2500799974401637,2.921249732563103,0.2543528183951179,0.5,0,2,0.0
11.894655835000776,983,5475.12,-97.4,1.5,-112.3,-1.27,-0.36,1.65,-0.06,-1.24,-0.29,-231.8,-278.0,-208.0,1.81,7.83,0.06,0.0,1.274872542648872,2.1130546609115437,0.2735624563317498,0.5,0,2,0.0
11.905155264000314,984,5475.13,-97.4,1.3,-112.4,-0.4,-0.6,1.74,-0.05,-1.2,-0.24,-234.7,-301.1,-228.0,1.89,8.47,0.23,0.0,1.2247856955402443,1.8835073665903195,0.2190060970386596,0.5,0,2,0.0
11.914693664000879,985,5475.14,-97.5,1.1,-112.4,-0.42,-0.7,1.81,0.0,-1.2,-0.14,-237.9,-320.9,-186.0,1.98,8.9,0.12,0.0,1.2081390648431165,1.985572965166478,0.19831227701470122,0.5,0,2,0.0
11.925445425000362,986,5475.15,-97.5,0.9,-112.5,-0.9,-0.67,1.94,0.04,-1.29,-0.01,-241.2,-337.2,-183.0,2.07,9.41,0.13,0.0,1.290658746532173,2.2410934831014973,0.2752153195296827,0.5,0,2,0.0
11.934705694000513,987,5475.16,-97.6,0.7,-112.5,-0.65,-0.86,2.28,0.02,-1.33,0.08,-244.7,-358.1,-193.0,2.17,9.95,0.09,0.0,1.3325539388707686,2.522003172083651,0.3107683016309126,0.5,0,2,0.0
11.945381985000495,988,5475.17,-97.7,0.4,-112.5,-0.54,-0.83,3.18,0.07,-1.33,0.07,-248.4,-372.2,-145.0,2.27,10.27,0.16,0.0,1.3336791218280355,3.330600546448043,0.305655614896416,0.5,0,2,0.0
11.954728630000318,989,5475.18,-97.7,0.0,-112.6,-0.03,-0.67,4.0,0.14,-1.41,0.17,-252.2,-389.1,-186.0,2.38,10.85,-0.08,0.0,1.4270949512909084,4.055835302376072,0.3910900154721031,0.5,0,2,0.0
11.965427812000598,990,5475.19,-97.6,-0.3,-112.6,1.23,-0.97,3.95,0.03,-1.37,0.2,-256.3,-407.0,-142.0,2.49,11.14,0.32,0.0,1.3848465618977432,4.249270525631429,0.3418647935573593,0.5,0,2,0.0
11.974701135000032,991,5475.2,-97.5,-0.7,-112.7,1.48,-1.58,3.46,-0.13,-1.19,0.21,-260.4,-411.1,-68.0,2.6,11.22,0.16,0.0,1.2153600289626114,4.081470323302621,0.1689306954097829,0.5,0,2,0.0
11.985220010000376,992,5475.21,-97.4,-1.0,-112.8,0.4,-2.36,2.95,-0.24,-1.11,0.21,-264.5,-415.6,-46.0,2.71,11.32,-0.08,0.0,1.1549025932952095,3.7989603841051043,0.10630379454753336,0.5,0,2,0.0
11.994730831000197,993,5475.22,-97.4,-1.3,-113.1,-0.35,-3.21,2.2,-0.29,-1.16,0.25,-268.7,-416.0,-13.0,2.83,11.3,0.04,0.0,1.22155638429014,3.9072496720839327,0.16949843383161456,0.5,0,2,0.0
12.00530870700004,994,5475.23,-97.4,-1.6,-113.4,-0.34,-4.15,1.45,-0.3,-1.16,0.3,-272.8,-413.6,45.0,2.94,11.07,-0.2,0.0,1.2351518125315608,4.409149577866462,0.17943198483157463,0.5,0,2,0.0
12.014687253000375,995,5475.24,-97.4,-1.7,-113.9,0.06,-4.91,1.04,-0.29,-1.12,0.31,-276.8,-393.0,179.0,3.04,10.38,-0.13,0.0,1.197747886660628,5.019292778868354,0.13918749778142891,0.5,0,2,0.0
12.025186133000716,996,5475.25,-97.4,-1.9,-114.4,0.78,-5.56,0.91,-0.24,-1.06,0.29,-280.6,-369.2,218.0,3.14,9.72,-0.25,0.0,1.1248555462813883,5.68771483110748,0.06496925425414557,0.5,0,2,0.0
12.035105746000227,997,5475.26,-97.2,-2.1,-115.0,1.33,-6.09,0.86,-0.18,-0.98,0.23,-284.1,-335.4,343.0,3.23,8.56,-0.08,0.0,1.0225947388873071,6.292582935488415,0.0365457220771368,0.5,0,2,0.0
12.04494621000049,998,5475.27,-97.1,-2.2,-115.6,1.53,-6.35,0.89,-0.13,-0.9,0.15,-287.1,-290.2,415.0,3.31,7.33,-0.25,0.0,0.9216289925995167,6.592078579628734,0.1347612389976287,0.5,0,2,0.0
12.054951575000814,999,5475.28,-96.9,-2.4,-116.2,1.3,-6.14,0.83,-0.08,-0.89,0.07,-289.7,-245.8,434.0,3.38,6.13,-0.13,0.0,0.8963258336118624,6.330758248424907,0.1568631100255774,0.5,0,2,0.0
12.066392973000802,1000,5475.29,-96.7,-2.5,-116.8,1.13,-5.64,0.73,-0.02,-0.9,0.01,-291.8,-199.1,465.0,3.43,4.82,-0.19,0.0,0.9002777349240622,5.79822386597827,0.14985298453911,0.5,0,2,0.0
12.078681660000257,1001,5475.3,-96.6,-2.7,-117.3,1.11,-5.07,0.5,0.05,-0.94,0.0,-293.5,-149.0,495.0,3.47,3.41,-0.3,0.0,0.9413288479590965,5.2141154571029595,0.10662583407399417,0.5,0,2,0.0
12.086689942000703,1002,5475.31,-96.5,-2.8,-117.7,1.2,-4.46,0.2,0.11,-0.95,-0.03,-294.6,-98.7,491.0,3.49,2.09,-0.22,0.0,0.9568176419778223,4.62294278571561,0.08931429925416312,0.5,0,2,0.0
12.098664038000607,1003,5475.32,-96.3,-2.8,-118.2,0.93,-3.86,-0.18,0.15,-0.98,-0.05,-295.3,-49.5,494.0,3.5,0.74,-0.27,0.0,0.9926731586982696,3.974531418922236,0.05238960688304162,0.5,0,2,0.0
12.106663886000206,1004,5475.33,-96.3,-2.8,-118.5,0.37,-3.26,-0.61,0.16,-0.97,-0.05,-295.4,-2.1,460.0,3.5,-0.43,-0.06,0.0,0.984377976185977,3.337154476496406,0.05947109360742742,0.5,0,2,0.0
12.114497779000885,1005,5475.34,-96.2,-2.7,-118.8,-0.29,-2.75,-0.98,0.16,-0.99,-0.05,-295.2,32.7,359.0,3.49,-1.24,-0.1,0.0,1.0040916292848974,2.9337689070545414,0.03896229169833698,0.5,0,2,0.0
12.125140514000122,1006,5475.35,-96.3,-2.7,-119.1,-0.61,-2.31,-1.29,0.12,-0.98,-0.06,-294.7,58.9,280.0,3.47,-1.87,-0.06,0.0,0.9891410415102591,2.715197966999828,0.05283462188351584,0.5,0,2,0.0
12.134699257000648,1007,5475.36,-96.3,-2.5,-119.3,-0.58,-2.0,-1.48,0.07,-0.95,-0.05,-293.9,82.8,259.0,3.45,-2.56,-0.07,0.0,0.9538867857350787,2.554760262725252,0.08632710010552225,0.5,0,2,0.0
12.145263870000235,1008,5475.37,-96.4,-2.4,-119.5,-0.45,-1.83,-1.53,0.02,-0.91,-0.04,-292.9,108.5,261.0,3.42,-3.28,-0.08,0.0,0.9110982383914481,2.427406022897694,0.1265333345001698,0.5,0,2,0.0
12.154684502000237,1009,5475.38,-96.4,-2.2,-119.7,-0.29,-1.73,-1.45,-0.01,-0.87,-0.05,-291.6,135.8,266.0,3.38,-4.01,-0.05,0.0,0.8714929718592113,2.2758514890036214,0.1628158290117585,0.5,0,2,0.0
12.165314803000001,1010,5475.39,-96.3,-2.1,-119.9,-0.2,-1.68,-1.3,-0.02,-0.88,-0.06,-290.1,160.7,252.0,3.34,-4.68,-0.17,0.0,0.882269800004511,2.1336353952819587,0.14899822084912961,0.5,0,2,0.0
12.17476196500047,1011,5475.4,-96.3,-2.0,-120.1,0.0,-1.63,-1.16,-0.01,-0.87,-0.08,-288.3,185.1,243.0,3.29,-5.32,-0.29,0.0,0.8737276463521112,2.0006249023742555,0.15438956701149886,0.5,0,2,0.0
12.185193600000275,1012,5475.41,-96.3,-1.9,-120.2,0.14,-1.52,-1.03,0.0,-0.88,-0.1,-286.3,209.4,247.0,3.23,-6.0,0.01,0.0,0.8856635930193811,1.84143965418365,0.13960454793734434,0.5,0,2,0.0
12.194692384000518,1013,5475.42,-96.3,-1.8,-120.4,0.25,-1.39,-0.95,0.03,-0.88,-0.12,-284.0,235.0,251.0,3.16,-6.69,-0.06,0.0,0.8886506625215558,1.702086954300514,0.1338851288664662,0.5,0,2,0.0
12.205249850000655,1014,5475.43,-96.3,-1.7,-120.5,0.38,-1.2,-0.9,0.06,-0.89,-0.13,-281.5,260.2,252.0,3.09,-7.37,-0.07,0.0,0.901443287178955,1.547384890710776,0.11867065412488564,0.5,0,2,0.0
12.214728285000092,1015,5475.44,-96.2,-1.6,-120.7,0.5,-0.96,-0.9,0.08,-0.89,-0.15,-278.8,281.1,208.0,3.02,-7.86,-0.21,0.0,0.9060905032059435,1.407693148381422,0.11174296933593919,0.5,0,2,0.0
12.225210075000177,1016,5475.45,-96.2,-1.5,-120.8,0.34,-0.76,-0.87,0.09,-0.87,-0.15,-275.8,303.3,246.0,2.93,-8.62,-0.06,0.0,0.8874119674649424,1.2042009799032718,0.1278130749754015,0.5,0,2,0.0
12.23468379500082,1017,5475.46,-96.2,-1.4,-120.8,0.03,-0.58,-0.85,0.1,-0.87,-0.17,-272.6,333.3,276.0,2.84,-9.39,-0.02,0.0,0.8920762299265685,1.0294658809304948,0.12068583626349993,0.5,0,2,0.0
12.245260779000091,1018,5475.47,-96.2,-1.3,-120.9,-0.22,-0.3,-1.02,0.09,-0.9,-0.18,-269.1,359.0,250.0,2.74,-10.04,-0.07,0.0,0.9222255689363639,1.0857255638511971,0.08872576730863058,0.5,0,2,0.0
12.254751681000016,1019,5475.48,-96.2,-1.2,-120.9,-0.32,-0.12,-1.16,0.09,-0.87,-0.17,-265.3,382.8,245.0,2.64,-10.71,0.04,0.0,0.891010662113535,1.209297316626478,0.11754186064883032,0.5,0,2,0.0
12.262782000000698,1020,5475.49,-96.3,-1.1,-120.9,-0.55,0.0,-1.15,0.07,-0.87,-0.18,-261.3,406.5,236.0,2.52,-11.33,-0.04,0.0,0.8911789943664516,1.2747548783981961,0.11502605782799535,0.5,0,2,0.0
12.275133384000583,1021,5475.5,-96.3,-1.0,-120.9,-0.74,0.08,-1.05,0.05,-0.88,-0.18,-257.1,431.7,265.0,2.41,-12.1,-0.12,0.0,0.8996110270555825,1.2870508925446575,0.10446214463608727,0.5,0,2,0.0
12.285243285000433,1022,5475.51,-96.4,-0.9,-120.9,-0.75,0.16,-0.95,0.05,-0.89,-0.19,-252.6,456.7,215.0,2.28,-12.59,-0.28,0.0,0.9114274518577987,1.2209013064126026,0.09079280543719359,0.5,0,2,0.0
12.29467955400014,1023,5475.52,-96.5,-0.8,-120.9,-0.48,0.27,-0.78,0.06,-0.89,-0.22,-247.9,474.4,220.0,2.15,-13.22,0.07,0.0,0.9187491496594705,0.954829827770373,0.0818016854828113,0.5,0,2,0.0
12.30501502000061,1024,5475.53,-96.5,-0.7,-120.9,-0.03,0.37,-0.52,0.08,-0.88,-0.23,-243.0,498.9,202.0,2.02,-13.74,-0.36,0.0,0.9130717386930777,0.6389053137985315,0.08572951452022004,0.5,0,2,0.0
12.315105148000839,1025,5475.54,-96.5,-0.7,-120.9,0.5,0.47,-0.17,0.09,-0.84,-0.23,-237.8,521.1,277.0,1.87,-14.64,0.0,0.0,0.8755569655939013,0.7069653456853454,0.12077940186700853,0.5,0,2,0.0
12.32518083100058,1026,5475.55,-96.4,-0.7,-120.8,0.78,0.62,0.2,0.1,-0.83,-0.23,-232.4,552.4,253.0,1.72,-15.27,-0.02,0.0,0.8670640114778148,1.016267681273,0.12668690886343315,0.5,0,2,0.0
12.334687796000253,1027,5475.56,-96.3,-0.7,-120.7,0.88,0.8,0.58,0.1,-0.81,-0.25,-226.7,574.5,248.0,1.56,-15.93,0.0,0.0,0.853580693314932,1.3231779925618474,0.13736682248578957,0.5,0,2,0.0
12.345226559000366,1028,5475.57,-96.2,-0.8,-120.6,0.85,1.04,0.86,0.09,-0.82,-0.25,-221.4,599.6,298.0,1.4,-16.9,0.12,0.0,0.8619744775803979,1.5948981158682205,0.12639357745591717,0.5,0,2,0.0
12.35473102800006,1029,5475.58,-96.2,-0.9,-120.5,0.78,1.32,1.02,0.08,-0.81,-0.27,-214.5,634.7,245.0,1.23,-17.43,-0.19,0.0,0.8575546629807339,1.8415211103867368,0.1281971242144696,0.5,0,2,0.0
12.364908703000765,1030,5475.59,-96.1,-1.0,-120.3,0.45,1.52,1.08,0.06,-0.82,-0.26,-208.0,656.8,241.0,1.05,-18.08,0.0,0.0,0.8623224454924039,1.9181501505356666,0.12096075486874358,0.5,0,2,0.0
12.374679625000681,1031,5475.6,-96.1,-1.1,-120.2,-0.09,1.71,1.04,0.05,-0.83,-0.25,-201.3,675.3,266.0,0.86,-18.85,-0.05,0.0,0.8682741502543997,2.003447029496912,0.11270886910461286,0.5,0,2,0.0
12.385199160000411,1032,5475.61,-96.1,-1.1,-120.0,-0.65,1.71,0.93,0.04,-0.86,-0.22,-194.4,704.7,223.0,0.67,-19.34,-0.34,0.0,0.8885943956609225,2.0521939479493647,0.09054085122412825,0.5,0,2,0.0
12.394611811000686,1033,5475.62,-96.2,-1.2,-119.8,-1.04,1.69,0.8,0.03,-0.89,-0.2,-187.2,725.3,245.0,0.47,-20.08,0.01,0.0,0.9126883367283709,2.1395560287124993,0.06511797195354618,0.5,0,2,0.0
12.40504878000047,1034,5475.63,-96.3,-1.3,-119.6,-1.29,1.65,0.71,0.03,-0.89,-0.18,-179.7,761.6,297.0,0.26,-20.96,-0.09,0.0,0.9085152722987104,2.2114927085568246,0.06790521565554253,0.5,0,2,0.0
12.415005763000408,1035,5475.64,-96.5,-1.3,-119.5,-1.43,1.61,0.73,0.04,-0.9,-0.18,-171.9,782.3,234.0,0.05,-21.49,-0.11,0.0,0.9186947262284682,2.2737414100992224,0.0565712464912691,0.5,0,2,0.0
12.425018939000438,1036,5475.65,-96.6,-1.4,-119.3,-1.56,1.56,0.66,0.04,-0.91,-0.16,-164.0,792.9,181.0,-0.16,-21.86,0.12,0.0,0.924824307639024,2.3027809274874587,0.04943283177909896,0.5,0,2,0.0
12.434608898000079,1037,5475.66,-96.8,-1.4,-119.1,-1.59,1.38,0.58,0.04,-0.92,-0.15,-156.0,792.2,-73.0,-0.37,-21.16,0.23,0.0,0.9330058949438638,2.18378112456354,0.04042621958477399,0.5,0,2,0.0
12.44516445500085,1038,5475.67,-97.0,-1.4,-119.0,-1.46,1.13,0.58,0.06,-0.93,-0.17,-148.4,748.2,-453.0,-0.57,-19.27,0.79,0.0,0.9473119866232034,1.9351744107444164,0.02559772534732574,0.5,0,2,0.0
12.45470269100042,1039,5475.68,-97.1,-1.4,-118.9,-0.97,0.76,0.61,0.16,-0.89,-0.2,-141.9,586.4,-1707.0,-0.72,-12.48,1.04,0.0,0.9261209424259879,1.3749909090608563,0.045852994153650406,0.5,0,2,0.0
12.462739359000807,1040,5475.69,-97.1,-1.5,-118.8,0.81,1.13,1.26,0.36,-0.86,-0.41,-138.0,302.2,-2391.0,-0.79,-5.02,0.68,0.0,1.018479258502597,1.876326197653276,0.04557521548449961,0.5,0,2,0.0
12.475014859000112,1041,5475.7,-97.1,-1.6,-118.6,0.18,1.86,0.86,-0.03,-1.37,-0.43,-136.7,60.5,-2271.0,-0.8,0.85,0.56,0.0,1.4362102910089456,2.057085316655583,0.45404012303103125,0.5,0,2,0.0
12.482757374000357,1042,5475.71,-97.1,-1.6,-118.4,-0.66,2.16,-0.23,-0.22,-1.34,-0.36,-137.2,-93.7,-1517.0,-0.77,3.66,0.18,0.0,1.4048487463068757,2.2702643017939566,0.41422500676238216,0.5,0,2,0.0
12.495122540000011,1043,5475.72,-97.2,-1.5,-118.2,-0.05,2.07,-0.82,-0.31,-1.4,-0.2,-138.7,-168.2,-919.0,-0.72,5.21,0.17,0.0,1.4477914214416383,2.2270608433538586,0.4480243282592018,0.5,0,2,0.0
12.504980099000022,1044,5475.73,-97.1,-1.4,-118.1,1.3,1.11,-1.16,-0.27,-1.26,-0.07,-140.8,-217.5,-629.0,-0.66,6.5,0.36,0.0,1.2905037776000503,2.065841233008965,0.2849219507292615,0.5,0,2,0.0
12.51514154600045,1045,5475.74,-96.9,-1.3,-118.0,1.16,0.6,-1.12,-0.08,-1.12,-0.08,-143.3,-267.4,-555.0,-0.59,7.9,0.22,0.0,1.1256997823576231,1.7204650534085253,0.11771559637709772,0.5,0,2,0.0
12.525092042000324,1046,5475.75,-96.9,-1.2,-118.0,-0.04,0.02,-1.34,0.02,-1.04,-0.13,-146.3,-315.8,-467.0,-0.5,9.02,0.29,0.0,1.0482843125793688,1.3407460609675497,0.039494124066866476,0.5,0,2,0.0
12.5346380280007,1047,5475.76,-97.0,-1.0,-118.0,-2.21,-0.22,-1.66,-0.02,-1.1,-0.17,-149.7,-345.0,-317.0,-0.41,9.64,0.21,0.0,1.1132385189167684,2.7727423248473704,0.10235936379618082,0.5,0,2,0.0
12.545097628000804,1048,5475.77,-97.3,-0.8,-118.1,-3.52,-0.47,-2.18,-0.09,-1.24,-0.15,-153.3,-361.6,-172.0,-0.31,9.88,0.05,0.0,1.252277924424127,4.166977321752544,0.23657079391746882,0.5,0,2,0.0
12.554766905000179,1049,5475.78,-97.7,-0.6,-118.2,-3.8,-0.58,-2.72,-0.14,-1.38,-0.12,-156.9,-360.4,-23.0,-0.21,9.7,-0.19,0.0,1.3922643427165688,4.70901263536211,0.36902606796571225,0.5,0,2,0.0
12.565063825000834,1050,5475.79,-98.0,-0.4,-118.3,-3.32,-0.82,-3.04,-0.17,-1.41,-0.07,-160.4,-349.7,86.0,-0.12,9.29,0.04,0.0,1.4219353009191382,4.575631104011773,0.390723085644916,0.5,0,2,0.0
12.574728247000166,1051,5475.8,-98.3,-0.1,-118.4,-2.42,-1.16,-3.23,-0.13,-1.45,0.0,-163.8,-327.0,208.0,-0.03,8.52,-0.14,0.0,1.4558159224297555,4.199392813252888,0.4161116330124226,0.5,0,2,0.0
12.582714618000864,1052,5475.81,-98.5,0.2,-118.6,-1.47,-1.48,-3.57,-0.07,-1.41,-0.03,-166.8,-295.8,275.0,0.04,7.68,-0.15,0.0,1.4120552397126678,4.134755131806477,0.3649039312894282,0.5,0,2,0.0
12.594977903000654,1053,5475.82,-98.6,0.5,-118.8,-1.63,-1.35,-3.72,0.0,-1.31,-0.05,-169.6,-267.2,274.0,0.11,6.93,-0.16,0.0,1.310953851209111,4.279929905968087,0.258526491930154,0.5,0,2,0.0
12.605025920000116,1054,5475.83,-98.8,0.8,-119.0,-1.84,-0.98,-3.51,0.13,-1.18,-0.07,-172.0,-238.6,294.0,0.18,6.1,-0.13,0.0,1.1892014127135906,4.082413501839323,0.13403857236594097,0.5,0,2,0.0
12.61477258100058,1055,5475.84,-99.0,1.1,-119.1,-1.84,-0.15,-2.7,0.31,-1.08,-0.09,-174.2,-206.1,318.0,0.23,5.18,-0.09,0.0,1.1272089424769483,3.2707950103912045,0.07060518008671268,0.5,0,2,0.0
12.625071719000516,1056,5475.85,-99.1,1.4,-119.1,-1.63,0.95,-1.7,0.46,-1.09,-0.09,-176.0,-173.5,319.0,0.28,4.32,-0.1,0.0,1.186507479959566,2.539566892208197,0.1273056432179438,0.5,0,2,0.0
12.634573758000442,1057,5475.86,-99.3,1.5,-119.0,-1.17,2.05,-0.97,0.5,-1.12,-0.13,-177.6,-142.8,306.0,0.32,3.53,-0.13,0.0,1.2334099075327716,2.55192084516742,0.17072390937532633,0.5,0,2,0.0
12.642831622000813,1058,5475.87,-99.3,1.6,-118.7,-0.52,3.31,-0.54,0.45,-1.11,-0.1,-178.8,-114.4,281.0,0.35,2.79,-0.33,0.0,1.2019151384353224,3.3938326417193885,0.13644455747231965,0.5,0,2,0.0
12.65499587100021,1059,5475.88,-99.4,1.7,-118.3,0.14,4.44,-0.28,0.34,-1.07,-0.07,-179.8,-92.0,234.0,0.37,2.25,-0.05,0.0,1.1248999955551604,4.451022354470937,0.05824082630031446,0.5,0,2,0.0
12.665110523000294,1060,5475.89,-99.3,1.8,-117.8,0.98,5.5,-0.09,0.22,-1.04,0.0,-180.5,-69.9,228.0,0.39,1.63,-0.06,0.0,1.063014581273465,5.587351787743456,0.003571696221753351,0.5,0,2,0.0
12.674744000000828,1061,5475.9,-99.1,1.9,-117.2,1.68,6.2,-0.09,0.12,-1.04,0.07,-181.1,-50.2,189.0,0.4,1.19,0.0,0.0,1.049237818609299,6.424212013936029,0.017001489708200923,0.5,0,2,0.0
12.682821272000183,1062,5475.91,-98.9,2.0,-116.6,2.19,6.55,-0.21,0.03,-1.03,0.11,-181.5,-36.7,143.0,0.41,0.86,0.07,0.0,1.0362914647916386,6.909609250891109,0.029348886655344186,0.5,0,2,0.0
12.694979296000383,1063,5475.92,-98.6,2.2,-115.9,2.67,6.58,-0.57,-0.05,-1.0,0.16,-181.8,-27.3,111.0,0.42,0.61,-0.11,0.0,1.0139526616169021,7.123917461621801,0.05065393603347901,0.5,0,2,0.0
12.705162040000687,1064,5475.93,-98.3,2.4,-115.3,3.09,6.16,-0.89,-0.11,-0.92,0.19,-182.0,-16.7,95.0,0.42,0.38,0.01,0.0,0.9458329662260668,6.948798457287418,0.11639815879582793,0.5,0,2,0.0
12.71481218000008,1065,5475.94,-98.0,2.5,-114.8,3.11,5.53,-0.95,-0.15,-0.84,0.18,-182.1,-10.9,69.0,0.42,0.23,0.06,0.0,0.8720665112249179,6.4152552560283995,0.18636132152103746,0.5,0,2,0.0
12.725132163000126,1066,5475.95,-97.7,2.7,-114.3,2.63,4.86,-0.82,-0.17,-0.79,0.15,-182.2,-6.4,41.0,0.43,0.16,-0.02,0.0,0.8218880702382777,5.586492638498685,0.23180896725752398,0.5,0,2,0.0
12.734675956000501,1067,5475.96,-97.4,2.8,-113.8,1.89,4.21,-0.52,-0.17,-0.77,0.11,-182.3,-6.4,7.0,0.43,0.19,0.14,0.0,0.7961783719745218,4.64398535742739,0.2523682922108542,0.5,0,2,0.0
12.74284523300048,1068,5475.97,-97.2,2.9,-113.4,1.25,3.66,-0.18,-0.14,-0.79,0.08,-182.4,-9.8,-29.0,0.43,0.34,-0.01,0.0,0.8062877898120497,3.8717567072325196,0.23741369688585978,0.5,0,2,0.0
12.755057615000624,1069,5475.98,-97.1,2.9,-113.1,0.91,3.22,0.18,-0.11,-0.84,0.04,-182.5,-19.6,-89.0,0.44,0.68,0.01,0.0,0.8481155581640982,3.3509550877324514,0.191674209963135,0.5,0,2,0.0
12.765172594000433,1070,5475.99,-97.0,2.9,-112.8,0.75,2.95,0.5,-0.08,-0.9,0.0,-182.8,-32.6,-126.0,0.45,1.09,-0.16,0.0,0.9035485598461214,3.0846393630374362,0.13351638411548972,0.5,0,2,0.0
12.774764122000306,1071,5476.0,-97.0,2.9,-112.8,0.75,2.95,0.5,-0.08,-0.9,0.0,-183.1,-44.0,-190.0,0.46,1.63,-0.02,0.0,0.9035485598461214,3.0846393630374362,0.1308460564331798,0.5,0,2,0.0
12.784859140000663,1072,5476.01,-96.8,2.8,-112.2,1.04,2.6,1.05,-0.03,-0.95,-0.02,-183.8,-67.4,-194.0,0.48,2.03,0.04,0.0,0.9506839643120104,2.990668821518023,0.08203643892794488,0.5,0,2,0.0
12.795101767000233,1073,5476.02,-96.7,2.8,-112.0,1.42,2.51,1.25,-0.03,-0.93,-0.03,-184.7,-86.1,-190.0,0.5,2.59,0.04,0.0,0.9309672389509741,3.1430876538843133,0.09971810100320166,0.5,0,2,0.0
12.80281005300003,1074,5476.03,-96.5,2.7,-111.7,1.58,2.44,1.38,-0.03,-0.9,-0.03,-185.6,-103.4,-171.0,0.53,2.98,-0.02,0.0,0.9009994450608725,3.217825352625589,0.12709217699543718,0.5,0,2,0.0
12.815071550000539,1075,5476.04,-96.4,2.5,-111.4,1.51,2.35,1.41,-0.05,-0.88,-0.03,-186.8,-119.1,-153.0,0.57,3.4,0.16,0.0,0.8819297024139735,3.129009427918043,0.14323868124948935,0.5,0,2,0.0
12.825084100000822,1076,5476.05,-96.2,2.4,-111.2,1.24,2.19,1.39,-0.06,-0.87,-0.03,-188.1,-131.1,-117.0,0.6,3.65,0.12,0.0,0.8725823743349392,2.875030434621519,0.1495342891419531,0.5,0,2,0.0
12.834779692000666,1077,5476.06,-96.1,2.3,-111.0,1.01,2.02,1.29,-0.06,-0.87,-0.04,-189.4,-139.2,-89.0,0.64,3.86,0.18,0.0,0.8729833904490968,2.600884464946492,0.14615060756723974,0.5,0,2,0.0
12.842821756000376,1078,5476.07,-96.0,2.2,-110.8,0.81,1.83,1.27,-0.07,-0.86,-0.05,-190.9,-143.6,-47.0,0.68,3.92,0.02,0.0,0.864291617453276,2.370210961074984,0.15174553295179938,0.5,0,2,0.0
12.855056182000226,1079,5476.08,-95.9,2.1,-110.6,0.67,1.56,1.28,-0.07,-0.86,-0.06,-192.3,-144.5,-17.0,0.72,3.92,0.02,0.0,0.8649277426467485,2.126240814207083,0.14808721960316018,0.5,0,2,0.0
12.862832963000074,1080,5476.09,-95.8,2.0,-110.4,0.58,1.32,1.29,-0.08,-0.87,-0.08,-193.8,-142.9,9.0,0.76,3.85,0.01,0.0,0.8773254812211941,1.9346575924436862,0.13297569140814036,0.5,0,2,0.0
12.874841819000721,1081,5476.1,-95.8,1.9,-110.3,0.45,1.14,1.21,-0.09,-0.9,-0.1,-195.2,-139.6,30.0,0.8,3.73,-0.13,0.0,0.91,1.722265949265676,0.09829514917674775,0.5,0,2,0.0
12.88273362200016,1082,5476.11,-95.7,1.8,-110.2,0.45,0.91,1.2,-0.11,-0.89,-0.1,-196.6,-133.2,58.0,0.83,3.52,-0.12,0.0,0.9023303164584464,1.5718142383882392,0.10384553606393543,0.5,0,2,0.0
12.895050365000316,1083,5476.12,-95.7,1.7,-110.1,0.41,0.65,1.27,-0.12,-0.9,-0.11,-197.8,-124.7,82.0,0.86,3.23,0.06,0.0,0.9146037393319579,1.4844190782929192,0.08974067092661553,0.5,0,2,0.0
12.90274554500047,1084,5476.13,-95.6,1.5,-110.0,0.47,0.44,1.28,-0.11,-0.92,-0.13,-199.0,-113.6,104.0,0.9,2.95,-0.04,0.0,0.9356281312572854,1.4327944723511465,0.06734195342126226,0.5,0,2,0.0
12.91509298100027,1085,5476.14,-95.6,1.4,-110.0,0.61,0.27,1.15,-0.1,-0.94,-0.16,-200.1,-100.9,119.0,0.92,2.58,0.12,0.0,0.9587491851365507,1.329473580030833,0.04333648155115688,0.5,0,2,0.0
12.922760388000825,1086,5476.15,-95.5,1.3,-110.0,0.91,0.15,0.92,-0.1,-0.96,-0.18,-201.0,-88.0,126.0,0.95,2.23,0.1,0.0,0.9818350166906862,1.3026895255585653,0.019845636997080973,0.5,0,2,0.0
12.935004015000231,1087,5476.16,-95.4,1.2,-109.9,1.26,0.04,0.6,-0.1,-0.97,-0.19,-201.8,-76.6,113.0,0.97,1.95,-0.04,0.0,0.9934787365615834,1.3961375290421787,0.008037878783660135,0.5,0,2,0.0
12.94272383400039,1088,5476.17,-95.2,1.2,-109.9,1.74,-0.05,0.2,-0.12,-0.95,-0.18,-202.5,-66.9,98.0,0.98,1.71,0.22,0.0,0.9743202758846805,1.7521700830684217,0.026652412671351655,0.5,0,2,0.0
12.955046108000715,1089,5476.18,-95.0,1.2,-109.9,2.29,-0.22,-0.29,-0.16,-0.93,-0.16,-203.1,-60.0,77.0,1.0,1.54,0.06,0.0,0.9571311299921239,2.3187496630727518,0.04296472739263013,0.5,0,2,0.0
12.962789549000263,1090,5476.19,-94.8,1.3,-110.0,2.56,-0.54,-0.79,-0.19,-0.86,-0.14,-203.6,-53.0,70.0,1.01,1.35,0.15,0.0,0.8917959407846617,2.7330020124398007,0.10613391826809049,0.5,0,2,0.0
12.974928054000884,1091,5476.2,-94.6,1.3,-110.1,2.13,-0.93,-1.11,-0.22,-0.79,-0.14,-204.1,-48.4,43.0,1.03,1.29,-0.08,0.0,0.8319254774317228,2.5756358438257534,0.16268429398860884,0.5,0,2,0.0
12.982740193000609,1092,5476.21,-94.4,1.5,-110.2,1.04,-1.34,-1.19,-0.21,-0.76,-0.17,-204.6,-48.0,14.0,1.04,1.3,0.1,0.0,0.8065977932030313,2.07202799208891,0.1842517386529544,0.5,0,2,0.0
12.994977552000819,1093,5476.22,-94.4,1.6,-110.4,-0.02,-1.68,-1.15,-0.16,-0.8,-0.18,-205.1,-49.6,-17.0,1.05,1.41,-0.01,0.0,0.8354639429682169,2.036000982318034,0.1522778771100134,0.5,0,2,0.0
13.005114007000884,1094,5476.23,-94.4,1.7,-110.6,-0.46,-1.95,-1.08,-0.11,-0.87,-0.17,-205.6,-55.0,-50.0,1.07,1.59,0.04,0.0,0.8932524839036273,2.276071176391459,0.09259954945111093,0.5,0,2,0.0
13.014747944000192,1095,5476.24,-94.4,1.7,-110.8,-0.34,-2.15,-0.96,-0.04,-0.92,-0.17,-206.2,-63.1,-69.0,1.09,1.8,-0.18,0.0,0.9364293886887576,2.379012400135821,0.04843419177266106,0.5,0,2,0.0
13.025080778000302,1096,5476.25,-94.5,1.8,-111.0,0.06,-2.23,-0.92,0.0,-0.92,-0.18,-206.9,-73.1,-105.0,1.11,2.15,0.01,0.0,0.9374433316206372,2.41306858584666,0.046471843863965856,0.5,0,2,0.0
13.034666907000428,1097,5476.26,-94.5,1.9,-111.2,0.18,-2.22,-0.9,0.02,-0.87,-0.19,-207.8,-88.4,-134.0,1.13,2.57,-0.01,0.0,0.890730037665734,2.4022489463001127,0.09132143506249168,0.5,0,2,0.0
13.045078267999997,1098,5476.27,-94.5,2.0,-111.5,-0.34,-2.06,-0.73,0.01,-0.83,-0.17,-208.8,-102.8,-141.0,1.16,2.97,-0.22,0.0,0.8472897969408105,2.211809214195474,0.13206644227166686,0.5,0,2,0.0
13.05873036200046,1099,5476.28,-94.7,2.0,-111.6,-1.24,-1.71,-0.38,0.02,-0.86,-0.17,-209.9,-119.3,-165.0,1.19,3.47,-0.01,0.0,0.8768694315575153,2.146182657650555,0.10043707150186287,0.5,0,2,0.0
13.066711239000142,1100,5476.29,-94.9,2.0,-111.8,-1.47,-1.14,-0.12,0.02,-0.96,-0.2,-211.2,-137.5,-170.0,1.23,3.93,0.15,0.0,0.9808159868191383,1.864108365948718,0.0034392940845648923,0.5,0,2,0.0
13.074712785000884,1101,5476.3,-95.0,2.0,-111.9,-0.94,-0.61,0.0,0.0,-1.02,-0.22,-212.7,-152.8,-154.0,1.27,4.33,0.16,0.0,1.0434557968596465,1.1205802068571442,0.06475752204257168,0.5,0,2,0.0
13.08272835400021,1102,5476.31,-95.1,2.0,-111.9,-0.13,-0.4,0.04,0.0,-1.05,-0.24,-214.3,-167.7,-148.0,1.32,4.73,-0.04,0.0,1.0770793842609745,0.4224926034855522,0.09641348725502163,0.5,0,2,0.0
13.095016926000426,1103,5476.32,-95.0,2.0,-112.0,0.69,-0.45,-0.2,-0.02,-1.02,-0.23,-216.1,-181.0,-129.0,1.37,5.09,0.03,0.0,1.0458011283222064,0.8477027781009095,0.06383252668992845,0.5,0,2,0.0
13.102769424000144,1104,5476.33,-95.0,2.0,-112.0,0.44,-0.77,-0.36,-0.08,-0.94,-0.22,-218.0,-192.3,-117.0,1.43,5.39,-0.01,0.0,0.9687104830649867,0.9571311299921239,0.012992956195945427,0.5,0,2,0.0
13.115156217000731,1105,5476.34,-95.0,2.0,-112.1,-1.0,-1.07,-0.14,-0.08,-0.93,-0.24,-220.0,-202.8,-106.0,1.48,5.65,0.12,0.0,0.9637945839233587,1.4712239802287073,0.017550678230822014,0.5,0,2,0.0
13.125111765000838,1106,5476.35,-95.2,2.0,-112.2,-2.06,-1.16,0.1,-0.09,-1.0,-0.24,-222.1,-213.9,-117.0,1.54,6.02,0.04,0.0,1.0323274674249445,2.3662628763516533,0.049962561165348474,0.5,0,2,0.0
13.134773421000318,1107,5476.36,-95.4,2.0,-112.4,-2.35,-1.09,0.63,-0.05,-1.09,-0.24,-224.3,-229.5,-154.0,1.61,6.5,0.19,0.0,1.1172287142747452,2.6659894973536566,0.13216653185484617,0.5,0,2,0.0
13.14285344200016,1108,5476.37,-95.6,1.9,-112.5,-1.89,-1.03,1.04,-0.01,-1.18,-0.21,-226.8,-247.5,-175.0,1.67,7.02,-0.08,0.0,1.19858249611781,2.390522955338434,0.20924990742395266,0.5,0,2,0.0
13.155368903000635,1109,5476.38,-95.8,1.7,-112.5,-1.19,-1.16,1.35,-0.02,-1.23,-0.16,-229.4,-268.1,-204.0,1.75,7.61,0.05,0.0,1.2405240827972668,2.141074496602115,0.2461676642213413,0.5,0,2,0.0
13.165224762000435,1110,5476.39,-95.9,1.5,-112.7,-1.16,-1.33,1.73,0.0,-1.22,-0.13,-232.2,-292.4,-242.0,1.83,8.37,0.12,0.0,1.226906679417795,2.4713154391942767,0.2278992556250321,0.5,0,2,0.0
13.174809903000096,1111,5476.4,-96.1,1.3,-112.8,-1.58,-1.16,2.3,0.06,-1.28,-0.07,-235.3,-320.0,-259.0,1.92,9.07,0.11,0.0,1.2833160171991933,3.0219199195213626,0.27862242153830175,0.5,0,2,0.0
13.18503713300015,1112,5476.41,-96.2,1.1,-112.8,-1.68,-0.81,2.94,0.09,-1.37,0.0,-238.7,-341.9,-212.0,2.01,9.57,0.28,0.0,1.3729530217745982,3.4816806286619686,0.3608942375914326,0.5,0,2,0.0
13.195128024000041,1113,5476.42,-96.4,0.7,-112.9,-1.47,-0.38,3.93,0.13,-1.43,0.05,-242.3,-361.8,-224.0,2.11,10.23,0.07,0.0,1.436767204525493,4.213098622154482,0.4162142519354808,0.5,0,2,0.0
13.2052096540001,1114,5476.43,-96.5,0.3,-112.8,-0.33,0.06,4.73,0.17,-1.55,0.12,-246.0,-385.2,-208.0,2.22,10.71,-0.05,0.0,1.5639053679810684,4.7418772653876236,0.5324853670832352,0.5,0,3,0.0
13.214742178000051,1115,5476.44,-96.4,-0.1,-112.7,1.82,0.12,4.48,0.09,-1.58,0.14,-250.0,-400.6,-175.0,2.33,11.16,0.01,0.0,1.5887416404186052,4.837065225940209,0.5461752067303567,0.5,0,3,0.0
13.225064909000139,1116,5476.45,-96.1,-0.5,-112.7,2.7,-0.13,3.43,-0.1,-1.34,0.17,-254.2,-420.9,-195.0,2.45,11.68,0.21,0.0,1.354437152473307,4.3671272021776515,0.3056333044093573,0.5,0,3,0.0
13.234720630000083,1117,5476.46,-95.9,-0.8,-112.7,1.5,-0.99,2.41,-0.26,-1.14,0.24,-258.4,-431.0,-98.0,2.56,11.77,0.28,0.0,1.193649864910142,3.0063599252251882,0.14194909650926846,0.5,0,3,0.0
13.242755806000787,1118,5476.47,-95.9,-1.0,-112.9,0.06,-2.1,1.41,-0.37,-1.1,0.31,-262.8,-434.6,-50.0,2.68,11.81,-0.1,0.0,1.20124934963562,2.53015809782709,0.1465576096100516,0.5,0,3,0.0
13.255083421000563,1119,5476.48,-95.9,-1.1,-113.1,-0.73,-3.37,0.62,-0.42,-1.08,0.34,-267.1,-432.6,11.0,2.8,11.66,0.0,0.0,1.2076423311560422,3.503455437136314,0.14989157930786434,0.5,0,3,0.0
13.265161033000368,1120,5476.49,-96.0,-1.2,-113.5,-0.66,-4.38,0.29,-0.39,-1.08,0.33,-271.4,-424.4,84.0,2.91,11.26,-0.06,0.0,1.1947384651043926,4.4389300512623535,0.13424795899109054,0.5,0,3,0.0
13.274770012000772,1121,5476.5,-96.0,-1.3,-114.0,0.09,-5.14,0.27,-0.32,-1.03,0.32,-275.5,-396.6,271.0,3.02,10.18,-0.03,0.0,1.1250333328395208,5.147873347315374,0.06325197019169426,0.5,0,3,0.0
13.28515021900057,1122,5476.51,-95.9,-1.4,-114.6,0.78,-5.9,0.41,-0.2,-0.98,0.27,-279.2,-358.6,323.0,3.11,9.26,-0.31,0.0,1.0360019305001318,5.96544214622856,0.025263843504740757,0.5,0,3,0.0
13.294587531000616,1123,5476.52,-95.8,-1.5,-115.2,1.16,-6.43,0.58,-0.09,-0.92,0.18,-282.5,-321.5,385.0,3.2,8.05,-0.16,0.0,0.9417536832951597,6.559489309389869,0.11712184889551847,0.5,0,3,0.0
13.305087300000196,1124,5476.53,-95.7,-1.6,-115.8,1.29,-6.53,0.67,-0.01,-0.88,0.1,-285.4,-274.2,453.0,3.27,6.72,-0.35,0.0,0.8857200460642177,6.6898355734651656,0.1696923764039312,0.5,0,3,0.0
13.314733768000224,1125,5476.54,-95.5,-1.7,-116.4,1.0,-6.17,0.83,0.07,-0.88,0.01,-287.8,-226.0,466.0,3.33,5.44,-0.17,0.0,0.8828363381737296,6.305378656353637,0.16912456260853093,0.5,0,3,0.0
13.325162582000303,1126,5476.55,-95.4,-1.9,-117.0,0.87,-5.55,0.85,0.15,-0.94,-0.02,-289.7,-179.2,474.0,3.37,4.14,-0.25,0.0,0.952102935611481,5.68171628999548,0.09786080586736401,0.5,0,3,0.0
13.334751304000747,1127,5476.56,-95.3,-2.0,-117.5,1.34,-4.69,0.64,0.2,-0.96,-0.05,-291.2,-129.9,487.0,3.4,2.78,-0.23,0.0,0.9818859404228171,4.919481680014674,0.06671624503490725,0.5,0,3,0.0
13.345084952000434,1128,5476.57,-95.1,-2.1,-117.9,1.48,-3.88,0.39,0.2,-0.95,-0.06,-292.2,-81.2,484.0,3.42,1.49,-0.18,0.0,0.9726767191621274,4.170959122312277,0.07440695696968491,0.5,0,3,0.0
13.354745101000844,1129,5476.58,-95.0,-2.2,-118.3,0.86,-3.2,0.16,0.2,-0.93,-0.06,-292.6,-32.7,487.0,3.43,0.17,-0.16,0.0,0.9531526635329727,3.317408627226981,0.09205239234686291,0.5,0,3,0.0
13.36513715700039,1130,5476.59,-94.9,-2.2,-118.6,-0.01,-2.57,-0.14,0.19,-0.94,-0.05,-292.6,11.0,425.0,3.42,-0.82,-0.16,0.0,0.9603124491539199,2.5738298312048524,0.08319475459139736,0.5,0,3,0.0
13.374745147000795,1131,5476.6,-95.0,-2.2,-118.8,-0.67,-2.09,-0.52,0.17,-0.96,-0.05,-292.3,42.6,330.0,3.41,-1.57,0.08,0.0,0.9762171889492625,2.2555265460641336,0.06594421450013377,0.5,0,3,0.0
13.38503904800018,1132,5476.61,-95.0,-2.1,-119.0,-0.87,-1.64,-0.86,0.13,-0.95,-0.06,-291.7,69.0,282.0,3.39,-2.25,-0.09,0.0,0.960728889958036,2.0459960899278373,0.07980386322153299,0.5,0,3,0.0
13.395091842000511,1133,5476.62,-95.1,-2.0,-119.1,-0.75,-1.27,-0.97,0.09,-0.92,-0.05,-290.8,95.2,274.0,3.36,-2.99,-0.23,0.0,0.9257429448826494,1.765304506310455,0.11249401213098109,0.5,0,3,0.0
13.405032989000574,1134,5476.63,-95.2,-1.9,-119.3,-0.58,-0.98,-1.0,0.07,-0.9,-0.04,-289.7,122.2,267.0,3.33,-3.71,-0.07,0.0,0.9036038955205982,1.5155197128378106,0.13194040026317178,0.5,0,3,0.0
13.415071910000734,1135,5476.64,-95.2,-1.8,-119.4,-0.57,-0.77,-0.95,0.06,-0.89,-0.05,-288.3,148.0,258.0,3.29,-4.39,-0.04,0.0,0.893420393767682,1.3491849391391826,0.13928142397576615,0.5,0,3,0.0
13.425040286000694,1136,5476.65,-95.3,-1.7,-119.4,-0.56,-0.58,-0.85,0.06,-0.89,-0.05,-286.6,172.9,255.0,3.24,-5.08,-0.25,0.0,0.893420393767682,1.1715374513859982,0.1364957954962508,0.5,0,3,0.0
13.434987507000187,1137,5476.66,-95.3,-1.6,-119.5,-0.43,-0.47,-0.7,0.06,-0.89,-0.05,-284.7,199.6,266.0,3.18,-5.82,-0.14,0.0,0.893420393767682,0.9464671151181112,0.1337658795863258,0.5,0,3,0.0
13.444713131000753,1138,5476.67,-95.3,-1.5,-119.5,-0.19,-0.36,-0.51,0.07,-0.89,-0.07,-282.5,226.4,265.0,3.12,-6.55,0.12,0.0,0.895488693395958,0.652533524043018,0.12906362835888885,0.5,0,3,0.0
13.454123134000838,1139,5476.68,-95.3,-1.4,-119.6,0.04,-0.26,-0.28,0.07,-0.88,-0.08,-280.1,251.4,242.0,3.05,-7.17,-0.09,0.0,0.8863972021616494,0.38418745424597095,0.13539201720133354,0.5,0,3,0.0
13.464736731000812,1140,5476.69,-95.3,-1.3,-119.6,0.21,-0.14,-0.11,0.07,-0.89,-0.08,-277.4,272.9,227.0,2.97,-7.76,0.0,0.0,0.8963258336118624,0.2753179979587241,0.12295411803609813,0.5,0,3,0.0
13.474571436000588,1141,5476.7,-95.3,-1.2,-119.6,0.25,0.0,-0.04,0.07,-0.89,-0.09,-274.5,299.1,271.0,2.89,-8.59,-0.01,0.0,0.8972736483370054,0.25317977802344327,0.11956617724473606,0.5,0,3,0.0
13.48457117000089,1142,5476.71,-95.3,-1.1,-119.6,0.14,0.17,-0.04,0.07,-0.89,-0.09,-271.3,327.9,270.0,2.8,-9.3,0.08,0.0,0.8972736483370054,0.22383029285599393,0.11717485369984137,0.5,0,3,0.0
13.494657502000337,1143,5476.72,-95.3,-1.1,-119.6,0.0,0.39,-0.13,0.07,-0.9,-0.11,-267.9,353.1,254.0,2.7,-9.94,0.0,0.0,0.9093954035511727,0.41109609582188933,0.10295203651596063,0.5,0,3,0.0
13.504366601000584,1144,5476.73,-95.3,-1.0,-119.5,-0.08,0.57,-0.26,0.06,-0.89,-0.12,-264.2,377.4,252.0,2.6,-10.65,-0.06,0.0,0.9000555538409838,0.6315853069855251,0.11004604850162658,0.5,0,3,0.0
13.514082727000641,1145,5476.74,-95.4,-0.9,-119.5,-0.24,0.69,-0.29,0.06,-0.86,-0.12,-260.2,401.1,235.0,2.49,-11.23,0.0,0.0,0.8704022058795577,0.7860025445251433,0.13690540853379152,0.5,0,3,0.0
13.524691927000276,1146,5476.75,-95.4,-0.8,-119.4,-0.51,0.72,-0.29,0.05,-0.88,-0.12,-256.1,426.4,257.0,2.37,-11.97,-0.24,0.0,0.8895504482602433,0.9287626176801045,0.11540202283004375,0.5,0,3,0.0
13.53393518700068,1147,5476.76,-95.5,-0.7,-119.3,-0.56,0.78,-0.38,0.04,-0.91,-0.15,-251.6,447.6,193.0,2.24,-12.37,-0.15,0.0,0.9231467922275417,1.032666451474047,0.08016956528549046,0.5,0,3,0.0
13.544596370000363,1148,5476.77,-95.6,-0.7,-119.2,-0.42,0.82,-0.31,0.04,-0.9,-0.16,-247.0,465.4,220.0,2.12,-13.05,-0.02,0.0,0.9149863386958299,0.9720596689504198,0.08656341844085813,0.5,0,3,0.0
13.55415655500019,1149,5476.78,-95.6,-0.7,-119.2,-0.1,0.83,-0.14,0.05,-0.9,-0.17,-242.2,487.7,187.0,1.98,-13.5,-0.03,0.0,0.9172785836374902,0.8476437931112337,0.08258575002921398,0.5,0,3,0.0
13.564491049000026,1150,5476.79,-95.6,-0.6,-119.1,0.3,0.85,0.1,0.06,-0.88,-0.18,-237.2,513.8,301.0,1.84,-14.56,-0.17,0.0,0.9002221947941519,0.9069178573608526,0.0976492960951012,0.5,0,3,0.0
13.574497945000076,1151,5476.8,-95.5,-0.7,-119.0,0.68,0.87,0.33,0.08,-0.87,-0.2,-231.8,545.6,265.0,1.69,-15.16,-0.18,0.0,0.8962700485902673,1.1524755962709146,0.09956941345300607,0.5,0,3,0.0
13.584471860000122,1152,5476.81,-95.5,-0.7,-118.9,0.84,1.02,0.56,0.07,-0.83,-0.21,-226.2,570.7,271.0,1.53,-15.93,-0.07,0.0,0.8590110593001699,1.435130656072819,0.13409183468824137,0.5,0,3,0.0
13.594453122000232,1153,5476.82,-95.4,-0.8,-118.8,0.75,1.16,0.78,0.06,-0.82,-0.21,-220.3,601.5,331.0,1.37,-16.94,0.0,0.0,0.8485870609430713,1.5863480072165754,0.1416255163844331,0.5,0,3,0.0
13.604628206000598,1154,5476.83,-95.3,-0.8,-118.6,0.52,1.35,0.94,0.05,-0.82,-0.21,-214.0,630.6,237.0,1.19,-17.41,-0.15,0.0,0.847938677028003,1.7252536045462998,0.1394284222935115,0.5,0,3,0.0
13.614350661000572,1155,5476.84,-95.3,-0.9,-118.5,0.15,1.5,0.99,0.05,-0.86,-0.19,-207.6,653.1,229.0,1.02,-17.94,-0.14,0.0,0.8821564487096378,1.8034966038226965,0.10310643759963911,0.5,0,3,0.0
13.62462703500023,1156,5476.85,-95.3,-1.0,-118.3,-0.19,1.51,0.91,0.05,-0.89,-0.15,-200.9,671.7,263.0,0.83,-18.82,-0.06,0.0,0.9039358384310249,1.7732174147577053,0.07970050692068698,0.5,0,3,0.0
13.634042025000781,1157,5476.86,-95.3,-1.1,-118.2,-0.43,1.5,0.87,0.05,-0.9,-0.14,-194.0,698.6,208.0,0.64,-19.22,-0.11,0.0,0.9121951545584969,1.7865609421455513,0.07001236697735069,0.5,0,3,0.0
13.64463757700014,1158,5476.87,-95.4,-1.1,-118.0,-0.65,1.55,0.9,0.04,-0.9,-0.15,-186.9,719.3,241.0,0.44,-20.06,0.03,0.0,0.9132907532653552,1.9065675964937618,0.06753843290508244,0.5,0,3,0.0
13.654382846000772,1159,5476.88,-95.5,-1.2,-117.8,-0.66,1.67,0.93,0.04,-0.89,-0.15,-179.4,755.7,287.0,0.24,-20.79,-0.06,0.0,0.9034378783292186,2.02222649572198,0.0758434816843947,0.5,0,3,0.0
13.664356901000247,1160,5476.89,-95.6,-1.2,-117.7,-0.68,1.75,0.91,0.03,-0.89,-0.15,-171.7,773.6,187.0,0.02,-21.03,-0.17,0.0,0.9030503861911582,2.086384432457259,0.07470635434600603,0.5,0,3,0.0
13.674423830000705,1161,5476.9,-95.7,-1.3,-117.5,-0.74,1.7,0.88,0.05,-0.87,-0.15,-164.0,772.3,82.0,-0.18,-21.08,0.27,0.0,0.8842510955605314,2.0523157651784483,0.09163553207710018,0.5,0,3,0.0
13.684450442000525,1162,5476.91,-95.8,-1.4,-117.3,-1.1,1.62,0.83,0.04,-0.9,-0.15,-156.4,747.2,-353.0,-0.37,-19.08,0.39,0.0,0.9132907532653552,2.126805115660577,0.06134395688483074,0.5,0,3,0.0
13.69479342500017,1163,5476.92,-95.9,-1.4,-117.1,-1.21,1.46,0.76,0.11,-0.91,-0.16,-149.6,637.6,-1072.0,-0.54,-14.68,0.74,0.0,0.9304837451562493,2.042865634347986,0.0432679456940579,0.5,0,3,0.0
13.702665750000051,1164,5476.93,-96.0,-1.5,-117.0,-0.61,1.39,0.83,0.2,-0.93,-0.21,-144.6,430.1,-1974.0,-0.64,-7.59,0.97,0.0,0.9741663102366044,1.7300578025025637,0.0004063269985712381,0.5,0,3,0.0
13.714953616000457,1165,5476.94,-96.1,-1.5,-116.8,-0.57,1.74,0.82,0.09,-1.16,-0.3,-142.2,153.4,-2483.0,-0.66,-0.31,0.81,0.0,1.2015406776301834,2.0062153423797753,0.22322508050430723,0.5,0,3,0.0
13.722719239000071,1166,5476.95,-96.2,-1.6,-116.6,-1.54,2.31,-0.16,-0.22,-1.51,-0.32,-142.2,-55.9,-1839.0,-0.64,3.1,0.22,0.0,1.5591343752223539,2.780881155317501,0.5692024025345482,0.5,0,4,0.0
13.73476292900068,1167,5476.96,-96.4,-1.4,-116.4,-1.63,2.44,-1.46,-0.5,-1.55,-0.21,-143.5,-144.7,-1097.0,-0.59,4.85,0.21,0.0,1.6421327595538675,3.2775143020282917,0.6391567711287407,0.5,0,4,0.0
13.742729762000636,1168,5476.97,-96.5,-1.2,-116.2,0.06,1.27,-1.92,-0.44,-1.39,-0.04,-145.3,-205.6,-772.0,-0.53,6.45,0.05,0.0,1.458526653853127,2.302802640262513,0.44643965211944026,0.5,0,4,0.0
13.754409886000758,1169,5476.98,-96.4,-1.1,-116.2,1.31,0.52,-1.73,-0.16,-1.18,-0.03,-147.8,-260.9,-604.0,-0.46,7.8,0.1,0.0,1.1911758896149636,2.231456923178218,0.1755071101236514,0.5,0,4,0.0
13.762756849000652,1170,5476.99,-96.3,-0.9,-116.2,0.82,-0.17,-1.6,-0.04,-1.04,-0.04,-150.7,-304.7,-459.0,-0.37,8.79,0.02,0.0,1.041537325303323,1.8059069743483467,0.025351174895770656,0.5,0,4,0.0
13.774842384000294,1171,5477.0,-96.3,-0.7,-116.2,-1.0,-0.65,-1.76,-0.03,-1.05,-0.09,-153.2,-325.9,-348.0,-0.28,9.14,-0.1,0.0,1.0542770034483346,2.1260526804385633,0.03732903597996651,0.5,0,4,0.0
13.782681304000107,1172,5477.01,-96.4,-0.6,-116.3,-2.62,-1.02,-2.27,-0.08,-1.1,-0.09,-157.7,-337.4,-144.0,-0.19,9.18,0.04,0.0,1.1065712810298305,3.6135439668004596,0.08783084729023316,0.5,0,4,0.0
13.79496053100047,1173,5477.02,-96.7,-0.4,-116.5,-3.58,-1.38,-2.62,-0.06,-1.19,-0.05,-161.0,-337.1,-29.0,-0.1,9.08,-0.07,0.0,1.192560271013587,4.645987516126146,0.1703434405285098,0.5,0,4,0.0
13.80471013100032,1174,5477.03,-97.1,-0.1,-116.7,-3.88,-1.61,-2.92,0.0,-1.33,-0.04,-164.3,-325.8,96.0,-0.01,8.6,-0.03,0.0,1.3306013678032953,5.115945660383816,0.30221684657185377,0.5,0,4,0.0
13.814754616000755,1175,5477.04,-97.4,0.1,-116.9,-3.57,-1.78,-3.15,0.03,-1.33,-0.06,-167.5,-306.2,157.0,0.06,8.11,0.09,0.0,1.3316906547693426,5.082892877092729,0.2972400108671429,0.5,0,4,0.0
13.822696106000876,1176,5477.05,-97.7,0.4,-117.1,-2.84,-1.65,-3.0,0.09,-1.24,-0.11,-170.4,-289.2,162.0,0.14,7.65,-0.06,0.0,1.2481185841096991,4.448381728224321,0.20939458140334954,0.5,0,4,0.0
13.834809204000521,1177,5477.06,-97.9,0.7,-117.3,-2.17,-1.09,-2.45,0.16,-1.12,-0.15,-173.2,-268.0,216.0,0.21,6.97,-0.19,0.0,1.141271221051333,3.4495651899913415,0.1004962739780837,0.5,0,4,0.0
13.842521771000065,1178,5477.07,-98.1,0.9,-117.4,-1.88,-0.41,-1.71,0.25,-1.06,-0.13,-175.7,-243.3,232.0,0.28,6.31,-0.11,0.0,1.096813566655701,2.5742183279589943,0.05491784719080273,0.5,0,4,0.0
13.85501148900039,1179,5477.08,-98.3,1.0,-117.4,-1.75,0.41,-1.02,0.33,-1.07,-0.13,-177.9,-219.9,234.0,0.33,5.68,-0.21,0.0,1.127253298952813,2.066639784771405,0.08365042789815647,0.5,0,4,0.0
13.862690840000141,1180,5477.09,-98.4,1.1,-117.3,-1.46,1.45,-0.62,0.32,-1.11,-0.12,-180.0,-194.0,261.0,0.39,4.92,-0.08,0.0,1.1614215427655887,2.1490695661146013,0.1154622982767135,0.5,0,4,0.0
13.874752654000076,1181,5477.1,-98.6,1.2,-117.1,-0.82,2.45,-0.46,0.25,-1.09,-0.07,-181.7,-164.9,287.0,0.43,4.11,-0.03,0.0,1.120490963818986,2.6242141680891824,0.07304108494350858,0.5,0,4,0.0
13.882642964000297,1182,5477.11,-98.6,1.2,-116.8,-0.17,3.58,-0.3,0.17,-1.05,-0.06,-183.1,-132.0,320.0,0.46,3.17,-0.17,0.0,1.065363787633126,3.596567808341725,0.01755563058249554,0.5,0,4,0.0
13.894851506000123,1183,5477.12,-98.6,1.3,-116.4,0.5,4.65,-0.3,0.1,-1.07,-0.02,-184.2,-98.4,329.0,0.49,2.27,-0.05,0.0,1.0748488265798126,4.686416541452542,0.026499856138598732,0.5,0,4,0.0
13.90269377200002,1184,5477.13,-98.5,1.5,-115.9,1.31,5.34,-0.48,0.06,-1.07,0.07,-185.0,-65.7,329.0,0.51,1.38,-0.07,0.0,1.0739646176667088,5.5192481372012985,0.02510333428098499,0.5,0,4,0.0
13.914741489000335,1185,5477.14,-98.3,1.6,-115.4,1.94,5.54,-0.75,0.02,-1.05,0.12,-185.4,-33.6,316.0,0.51,0.54,-0.37,0.0,1.057024124606435,5.917575517050881,0.007999584396296777,0.5,0,4,0.0
13.92264188900026,1186,5477.15,-98.0,1.8,-114.8,2.33,5.5,-1.07,-0.01,-1.02,0.11,-185.5,-6.7,256.0,0.52,-0.05,0.03,0.0,1.0259629622944486,6.068261695082044,0.022600346357375622,0.5,0,4,0.0
13.934802896000292,1187,5477.16,-97.8,2.0,-114.3,2.68,5.19,-1.34,-0.04,-0.96,0.13,-185.5,6.5,131.0,0.51,-0.2,-0.22,0.0,0.9695875411740809,5.992837391419861,0.07739625212818857,0.5,0,4,0.0
13.942529995000768,1188,5477.17,-97.5,2.2,-113.8,2.79,4.77,-1.44,-0.07,-0.89,0.13,-185.4,6.3,36.0,0.51,-0.15,-0.19,0.0,0.9021640649017229,5.71056914851751,0.14192333383253564,0.5,0,4,0.0
13.954731658000128,1189,5477.18,-97.2,2.4,-113.4,2.5,4.27,-1.33,-0.09,-0.85,0.12,-185.4,3.8,-11.0,0.51,-0.04,-0.11,0.0,0.8631338250816034,5.123651041981684,0.177334502179602,0.5,0,4,0.0
13.96271280200017,1190,5477.19,-97.0,2.5,-113.0,1.89,3.76,-1.07,-0.12,-0.84,0.09,-185.4,-1.0,-39.0,0.51,0.09,-0.12,0.0,0.8532877591996735,4.34218838835903,0.18343695670030136,0.5,0,4,0.0
13.974718180000309,1191,5477.2,-96.8,2.7,-112.7,1.27,3.2,-0.69,-0.13,-0.84,0.06,-185.4,-4.3,-29.0,0.51,0.16,-0.13,0.0,0.8521150157109074,3.511267577385694,0.18091750618528613,0.5,0,4,0.0
13.982706182000584,1192,5477.21,-96.7,2.7,-112.4,0.88,2.75,-0.33,-0.12,-0.88,0.03,-185.5,-9.6,-66.0,0.52,0.4,-0.1,0.0,0.8886506625215558,2.9061658589970394,0.1414942221871449,0.5,0,4,0.0
13.994822929000293,1193,5477.22,-96.6,2.8,-112.2,0.55,2.34,0.0,-0.1,-0.92,0.01,-185.7,-21.5,-96.0,0.52,0.71,0.05,0.0,0.9254728521139883,2.403767875648562,0.10257859194281815,0.5,0,4,0.0
14.002521625000554,1194,5477.23,-96.5,2.8,-111.9,0.26,2.08,0.3,-0.09,-0.96,-0.01,-186.0,-36.9,-160.0,0.53,1.25,0.16,0.0,0.9642613753542137,2.117545749210628,0.06251426732854082,0.5,0,4,0.0
14.014725178000845,1195,5477.24,-96.5,2.8,-111.7,0.27,1.91,0.55,-0.09,-1.0,-0.03,-186.5,-56.5,-182.0,0.55,1.79,0.05,0.0,1.0044899203078146,2.0058663963484706,0.02184000792744123,0.5,0,4,0.0
14.022585626000364,1196,5477.25,-96.4,2.7,-111.6,0.69,1.76,0.74,-0.09,-1.01,-0.04,-187.2,-77.2,-198.0,0.57,2.34,0.16,0.0,1.0147906187977893,2.030098519776811,0.011308523248717117,0.5,0,4,0.0
14.034786251000696,1197,5477.26,-96.3,2.7,-111.4,1.13,1.62,0.84,-0.09,-0.99,-0.03,-188.1,-96.2,-185.0,0.6,2.83,0.08,0.0,0.9945350672550466,2.146369026984875,0.0309327932956307,0.5,0,4,0.0
14.04272203400069,1198,5477.27,-96.2,2.6,-111.2,1.41,1.45,0.85,-0.09,-0.96,-0.03,-189.2,-112.8,-163.0,0.63,3.24,0.01,0.0,0.9646761114488116,2.193877845277626,0.05957591411982843,0.5,0,4,0.0
14.054677077000633,1199,5477.28,-96.1,2.5,-111.1,1.42,1.24,0.84,-0.1,-0.93,-0.02,-190.4,-126.5,-133.0,0.66,3.55,0.06,0.0,0.9355746896961248,2.063879841463645,0.08690378915506503,0.5,0,4,0.0
14.062662625000485,1200,5477.29,-95.9,2.5,-111.0,1.27,1.0,0.8,-0.1,-0.91,-0.03,-191.7,-136.4,-106.0,0.7,3.82,-0.06,0.0,0.9159694318043589,1.8035797736723485,0.10437886610589431,0.5,0,4,0.0
14.074583734000043,1201,5477.3,-95.8,2.4,-110.9,1.03,0.81,0.75,-0.09,-0.91,-0.03,-193.2,-143.9,-78.0,0.74,3.98,-0.05,0.0,0.9149316914393119,1.5098013114314082,0.10330827434152245,0.5,0,4,0.0
14.084493396000653,1202,5477.31,-95.7,2.3,-110.8,0.93,0.6,0.7,-0.09,-0.87,-0.04,-194.6,-148.4,-49.0,0.78,4.07,-0.1,0.0,0.8755569655939013,1.3095419046368848,0.13982934018319426,0.5,0,4,0.0
14.094524161000663,1203,5477.32,-95.6,2.3,-110.7,0.68,0.36,0.8,-0.09,-0.85,-0.05,-196.1,-151.1,-30.0,0.82,4.12,0.02,0.0,0.8562125904236634,1.1099549540409288,0.1559902410463635,0.5,0,4,0.0
14.102709455000877,1204,5477.33,-95.6,2.2,-110.7,0.38,0.09,0.94,-0.08,-0.84,-0.07,-197.6,-150.8,-1.0,0.86,4.07,-0.04,0.0,0.8466994744299774,1.0178899744078433,0.16219328989924842,0.5,0,4,0.0
14.114504787000442,1205,5477.34,-95.5,2.1,-110.7,0.1,-0.13,1.04,-0.08,-0.86,-0.08,-199.1,-147.6,30.0,0.9,3.93,0.0,0.0,0.8674099376880575,1.052853266129711,0.13865317010834488,0.5,0,4,0.0
14.124588756000776,1206,5477.35,-95.5,1.9,-110.7,0.0,-0.25,0.97,-0.08,-0.9,-0.1,-200.6,-142.4,44.0,0.94,3.79,-0.34,0.0,0.9090654541890809,1.0016985574512924,0.09505770053517504,0.5,0,4,0.0
14.13436341600027,1207,5477.36,-95.5,1.8,-110.7,0.12,-0.35,0.84,-0.07,-0.91,-0.11,-202.0,-135.5,72.0,0.98,3.56,-0.11,0.0,0.9192932067626738,0.917877987534291,0.08313334900235048,0.5,0,4,0.0
14.146026309000263,1208,5477.37,-95.5,1.7,-110.7,0.29,-0.38,0.8,-0.07,-0.9,-0.13,-203.3,-127.4,75.0,1.01,3.36,-0.04,0.0,0.9120307012376283,0.931933474020544,0.08858793743684812,0.5,0,4,0.0
14.154014553000707,1209,5477.38,-95.5,1.7,-110.8,0.45,-0.39,0.77,-0.07,-0.91,-0.15,-204.5,-119.7,77.0,1.04,3.15,0.09,0.0,0.9249324299644812,0.9733961166965892,0.07417248453579528,0.5,0,4,0.0
14.164551409000524,1210,5477.39,-95.4,1.6,-110.8,0.58,-0.37,0.63,-0.08,-0.91,-0.16,-205.5,-111.5,85.0,1.07,2.89,-0.06,0.0,0.9274157643689264,0.9328451104015071,0.07025536712872316,0.5,0,4,0.0
14.174002025000846,1211,5477.4,-95.3,1.5,-110.8,0.83,-0.38,0.39,-0.09,-0.92,-0.17,-206.6,-100.4,96.0,1.1,2.61,-0.14,0.0,0.9398936110007345,0.9926731586982696,0.05662197008697667,0.5,0,4,0.0
14.184488607000276,1212,5477.41,-95.2,1.5,-110.9,1.31,-0.45,0.0,-0.11,-0.93,-0.15,-207.6,-90.5,99.0,1.13,2.33,0.1,0.0,0.9484197383015602,1.3851353724455961,0.04713392593042798,0.5,0,4,0.0
14.194590806000633,1213,5477.42,-95.1,1.5,-110.9,2.03,-0.68,-0.46,-0.15,-0.88,-0.12,-208.4,-81.4,92.0,1.15,2.09,0.0,0.0,0.9007219326740078,2.189726010257904,0.09293509692682078,0.5,0,4,0.0
14.204522532000738,1214,5477.43,-94.8,1.6,-111.0,2.34,-1.12,-0.86,-0.19,-0.82,-0.11,-209.2,-72.3,88.0,1.17,1.87,-0.02,0.0,0.8488816171881683,2.733056896590336,0.141879904164407,0.5,0,4,0.0
14.214398770000116,1215,5477.44,-94.6,1.7,-111.2,1.93,-1.6,-1.05,-0.2,-0.77,-0.15,-209.8,-64.2,80.0,1.18,1.66,0.04,0.0,0.8095677859203638,2.717977189013918,0.17756986072356729,0.5,0,4,0.0
14.224538404000668,1216,5477.45,-94.5,1.8,-111.4,0.84,-1.99,-1.09,-0.18,-0.77,-0.16,-210.4,-58.5,48.0,1.2,1.57,0.16,0.0,0.8067837380611981,2.419462750281558,0.17674683041107841,0.5,0,4,0.0
14.234139343000606,1217,5477.46,-94.5,1.9,-111.6,-0.29,-2.16,-1.03,-0.14,-0.85,-0.15,-211.0,-57.6,18.0,1.22,1.56,0.01,0.0,0.8744140895479668,2.4105186163977246,0.10693414934582346,0.5,0,4,0.0
14.244530097000279,1218,5477.47,-94.6,1.9,-111.8,-0.69,-2.26,-0.94,-0.1,-0.92,-0.12,-211.6,-58.7,-5.0,1.23,1.62,0.08,0.0,0.9331666517830564,2.543088673247553,0.04721795536851925,0.5,0,4,0.0
14.2541028250007,1219,5477.48,-94.6,2.0,-112.1,-0.61,-2.31,-0.9,-0.04,-0.97,-0.13,-212.2,-62.8,-34.0,1.25,1.77,0.06,0.0,0.9794896630388705,2.5530765754281637,0.0008770452304509568,0.5,0,4,0.0
14.265994672000488,1220,5477.49,-94.7,2.1,-112.3,-0.16,-2.3,-0.96,0.0,-0.95,-0.17,-212.9,-69.5,-70.0,1.27,2.02,0.16,0.0,0.965090669315583,2.497438687936102,0.014970518174663772,0.5,0,4,0.0
14.274102200000016,1221,5477.5,-94.8,2.1,-112.5,-0.24,-2.09,-0.98,0.03,-0.87,-0.21,-213.7,-81.5,-111.0,1.29,2.38,0.11,0.0,0.895488693395958,2.3207972767995053,0.08288104421240294,0.5,0,4,0.0
14.284478617000786,1222,5477.51,-94.9,2.2,-112.7,-1.02,-1.67,-0.86,0.08,-0.85,-0.24,-214.6,-96.4,-148.0,1.32,2.85,0.01,0.0,0.8868483523128404,2.137498538011196,0.0896909575896101,0.5,0,4,0.0
14.29444261900062,1223,5477.52,-95.0,2.3,-112.9,-1.56,-1.0,-0.69,0.12,-0.91,-0.25,-215.7,-115.9,-188.0,1.35,3.42,0.15,0.0,0.9513148795220224,1.9772961336127677,0.024719941772819554,0.5,0,4,0.0
14.304539601000215,1224,5477.53,-95.2,2.3,-112.9,-1.37,-0.42,-0.52,0.12,-0.97,-0.25,-217.0,-137.4,-196.0,1.39,3.96,0.06,0.0,1.008860743611327,1.5243687217992896,0.03216940387015532,0.5,0,4,0.0
14.314362094000899,1225,5477.54,-95.3,2.4,-113.0,-0.7,-0.05,-0.38,0.11,-1.0,-0.28,-218.5,-155.8,-191.0,1.43,4.47,0.2,0.0,1.044270080008041,0.7980601481091509,0.06622716546153173,0.5,0,4,0.0
14.324405275000572,1226,5477.55,-95.3,2.4,-113.0,-0.02,0.13,-0.39,0.05,-0.99,-0.3,-220.2,-172.8,-165.0,1.48,4.87,0.06,0.0,1.0356640381899913,0.41158231254513356,0.056468701170612534,0.5,0,4,0.0
14.334553437000068,1227,5477.56,-95.3,2.5,-113.0,0.01,0.0,-0.46,-0.04,-0.93,-0.26,-222.0,-188.0,-165.0,1.53,5.33,0.03,0.0,0.9664884893261793,0.46010868281309364,0.012452710739335515,0.5,0,4,0.0
14.342171326000425,1228,5477.57,-95.4,2.5,-113.0,-1.25,-0.29,-0.17,-0.1,-0.9,-0.27,-224.0,-206.9,-188.0,1.59,5.87,0.12,0.0,0.9449338601193208,1.2944110629935144,0.03332719314727006,0.5,0,4,0.0
14.354096825000852,1229,5477.58,-95.6,2.5,-113.0,-2.55,-0.54,0.18,-0.15,-0.97,-0.27,-226.2,-228.0,-206.0,1.65,6.46,0.14,0.0,1.017988212112498,2.6127571643763603,0.03893261566898887,0.5,0,4,0.0
14.364437510000243,1230,5477.59,-95.9,2.4,-113.1,-3.3,-0.66,0.7,-0.16,-1.06,-0.25,-228.7,-250.9,-224.0,1.72,7.11,0.16,0.0,1.10077245605075,3.437382725272238,0.11928252241509607,0.5,0,4,0.0
14.374674491000405,1231,5477.6,-96.2,2.3,-113.1,-3.11,-0.81,1.16,-0.13,-1.16,-0.2,-231.3,-275.5,-245.0,1.8,7.82,-0.09,0.0,1.184271928232701,3.4166943088312713,0.19872635470510625,0.5,0,4,0.0
14.382711771000686,1232,5477.61,-96.5,2.2,-113.2,-2.41,-1.16,1.48,-0.12,-1.19,-0.19,-234.3,-303.3,-270.0,1.88,8.59,-0.07,0.0,1.2110326172320875,3.056812064880666,0.22097730283040296,0.5,0,4,0.0
14.394876887999999,1233,5477.62,-96.7,2.0,-113.3,-1.89,-1.62,1.67,-0.1,-1.19,-0.13,-237.5,-329.5,-243.0,1.97,9.2,0.13,0.0,1.20124934963562,2.997565679013556,0.2069701545292567,0.5,0,4,0.0
14.402687340000739,1234,5477.63,-96.9,1.7,-113.5,-2.1,-2.14,1.96,-0.01,-1.17,-0.06,-240.9,-351.1,-244.0,2.07,9.88,0.07,0.0,1.1715801295686095,3.582066442711525,0.17375491577300117,0.5,0,4,0.0
14.414988483000343,1235,5477.64,-97.1,1.5,-113.7,-2.8,-2.53,2.38,0.08,-1.22,0.0,-244.7,-381.7,-290.0,2.17,10.74,0.18,0.0,1.222620137246234,4.461535610078664,0.22029902498161325,0.5,0,4,0.0
14.42265085300005,1236,5477.65,-97.4,1.2,-113.9,-3.19,-2.68,3.03,0.09,-1.3,0.05,-248.7,-408.3,-265.0,2.28,11.42,-0.01,0.0,1.3040705502387515,5.151640515408659,0.2957144492146482,0.5,0,4,0.0
14.434736337000686,1237,5477.66,-97.7,0.8,-114.2,-3.06,-2.43,4.12,0.09,-1.37,0.04,-253.0,-441.1,-338.0,2.4,12.47,0.08,0.0,1.3735355838128112,5.678283191247157,0.35787589313293355,0.5,0,4,0.0
14.442762525000035,1238,5477.67,-98.0,0.3,-114.3,-1.68,-2.05,4.88,0.13,-1.57,0.12,-257.6,-473.0,-270.0,2.53,13.06,0.03,0.0,1.5799367075930606,5.553314325697762,0.5529914765749193,0.5,0,5,0.0
14.455000481000752,1239,5477.68,-98.0,-0.1,-114.4,1.2,-2.0,4.36,-0.04,-1.57,0.18,-262.5,-491.1,-207.0,2.67,13.54,-0.08,0.0,1.580790941269591,4.944653678469303,0.5427687960464207,0.5,0,5,0.0
14.462714128000698,1240,5477.69,-97.8,-0.5,-114.6,1.82,-2.53,3.22,-0.22,-1.32,0.29,-267.5,-503.4,-128.0,2.81,13.77,0.01,0.0,1.3692698784388708,4.481260983250139,0.32462277855138644,0.5,0,5,0.0
14.474753203000546,1241,5477.7,-97.7,-0.8,-114.9,0.77,-3.68,1.99,-0.35,-1.16,0.37,-272.5,-505.7,-11.0,2.94,13.6,-0.22,0.0,1.2668859459319928,4.25386882731473,0.2177940691236182,0.5,0,5,0.0
14.482732822000798,1242,5477.71,-97.6,-1.0,-115.3,-0.55,-5.14,0.82,-0.4,-1.1,0.38,-277.5,-483.5,163.0,3.07,12.87,0.0,0.0,1.230609605033213,5.233975544459488,0.17788737366034169,0.5,0,5,0.0
14.49479950300065,1243,5477.72,-97.7,-1.1,-115.9,-1.39,-6.27,0.05,-0.43,-1.03,0.32,-282.2,-462.0,221.0,3.2,12.16,-0.26,0.0,1.1611201488218177,6.422421661647574,0.10622995909996757,0.5,0,5,0.0
14.502724760000092,1244,5477.73,-97.9,-1.2,-116.6,-1.55,-6.96,-0.11,-0.39,-0.99,0.25,-286.5,-423.8,351.0,3.31,11.0,-0.11,0.0,1.093023330034634,7.131353307753025,0.03737047750652822,0.5,0,5,0.0
14.514763816000595,1245,5477.74,-98.0,-1.3,-117.3,-0.88,-7.39,-0.04,-0.28,-0.99,0.17,-290.5,-383.5,388.0,3.41,9.9,-0.16,0.0,1.0427847332982967,7.4423181872317175,0.012610756845212734,0.5,0,5,0.0
14.522727635000592,1246,5477.75,-98.0,-1.4,-118.0,0.02,-7.66,-0.02,-0.15,-0.99,0.09,-294.0,-335.7,472.0,3.5,8.48,-0.15,0.0,1.0053357648069623,7.660052219143156,0.04905853082981615,0.5,0,5,0.0
14.53468343700024,1247,5477.76,-97.9,-1.5,-118.8,0.6,-7.6,0.02,-0.04,-0.93,-0.01,-297.0,-283.2,496.0,3.58,7.09,-0.17,0.0,0.9309135298189624,7.623673655135036,0.12101115050145972,0.5,0,5,0.0
14.542737705000036,1248,5477.77,-97.8,-1.6,-119.5,0.48,-7.15,0.15,0.07,-0.93,-0.08,-299.5,-234.0,489.0,3.64,5.78,-0.09,0.0,0.936055553906925,7.16766349656567,0.11355174388522726,0.5,0,5,0.0
14.555088654000429,1249,5477.78,-97.8,-1.7,-120.2,0.47,-6.47,0.25,0.16,-0.96,-0.13,-301.5,-185.2,489.0,3.69,4.44,-0.15,0.0,0.9818859404228171,6.49186413905898,0.0663669302219485,0.5,0,5,0.0
14.562524739000764,1250,5477.79,-97.7,-1.8,-120.8,0.85,-5.52,0.22,0.22,-1.0,-0.16,-303.0,-136.9,480.0,3.72,3.15,-0.08,0.0,1.0363397126425293,5.589391737926408,0.011674894842191419,0.5,0,5,0.0
14.574887682000735,1251,5477.8,-97.6,-1.9,-121.3,1.04,-4.46,0.05,0.24,-1.0,-0.17,-304.0,-89.6,476.0,3.75,1.84,-0.13,0.0,1.0423531071570709,4.579923580148472,0.005548270321096949,0.5,0,5,0.0
14.582719031000124,1252,5477.81,-97.5,-1.9,-121.6,0.56,-3.47,-0.19,0.25,-1.0,-0.16,-304.6,-41.0,481.0,3.76,0.52,-0.2,0.0,1.0431203190428227,3.5200284089762683,0.0046854372666382815,0.5,0,5,0.0
14.594745896000859,1253,5477.82,-97.4,-1.9,-121.9,-0.22,-2.58,-0.52,0.23,-0.99,-0.15,-304.7,4.8,441.0,3.75,-0.59,-0.22,0.0,1.0273752965688827,2.641060393099711,0.02002185054576655,0.5,0,5,0.0
14.60271974600073,1254,5477.83,-97.5,-1.9,-122.2,-0.85,-1.81,-0.87,0.21,-0.96,-0.14,-304.4,36.5,333.0,3.74,-1.31,-0.03,0.0,0.992622788374315,2.1807108932639374,0.05367887156552753,0.5,0,5,0.0
14.614690698000231,1255,5477.84,-97.6,-1.8,-122.3,-1.21,-1.11,-1.16,0.18,-0.94,-0.12,-303.9,62.2,281.0,3.72,-2.0,-0.25,0.0,0.9645724441429995,2.0104228410958727,0.08009463148090612,0.5,0,5,0.0
14.62241483300022,1256,5477.85,-97.7,-1.7,-122.4,-1.19,-0.6,-1.31,0.15,-0.91,-0.11,-303.1,88.6,269.0,3.7,-2.72,-0.09,0.0,0.9288164511893617,1.8687428929630743,0.11353361194585299,0.5,0,5,0.0
14.635050032000436,1257,5477.86,-97.8,-1.6,-122.5,-1.1,-0.2,-1.31,0.13,-0.88,-0.1,-302.0,113.7,251.0,3.67,-3.37,-1.39,0.0,0.8951536181013848,1.7222369175000287,0.14425251613315337,0.5,0,5,0.0
14.64274234000004,1258,5477.87,-97.9,-1.4,-122.5,-0.88,0.13,-1.22,0.11,-0.89,-0.11,-300.7,139.0,265.0,3.63,-4.13,-0.01,0.0,0.9034932207825358,1.5098675438593943,0.13319465518296225,0.5,0,5,0.0
14.654567112000223,1259,5477.88,-98.0,-1.3,-122.5,-0.49,0.47,-1.04,0.1,-0.89,-0.11,-299.1,164.9,251.0,3.58,-4.77,-0.26,0.0,0.9023303164584464,1.242014492669067,0.13167040831691068,0.5,0,5,0.0
14.666640015000667,1260,5477.89,-98.0,-1.2,-122.4,-0.06,0.7,-0.85,0.09,-0.9,-0.12,-297.3,189.4,246.0,3.53,-5.44,-0.21,0.0,0.9124143795447329,1.1027692415006867,0.1191546183260116,0.5,0,5,0.0
14.67464239200035,1261,5477.9,-98.0,-1.0,-122.4,0.36,0.9,-0.68,0.09,-0.9,-0.13,-295.2,214.5,256.0,3.47,-6.16,0.11,0.0,0.9137833441248533,1.1840608092492548,0.11542994067097334,0.5,0,5,0.0
14.682638813000267,1262,5477.91,-98.0,-0.9,-122.3,0.64,1.0,-0.56,0.09,-0.9,-0.13,-292.9,241.8,278.0,3.4,-6.95,-0.18,0.0,0.9137833441248533,1.312707126513755,0.11312134185755385,0.5,0,5,0.0
14.694728052000755,1263,5477.92,-97.9,-0.8,-122.2,0.72,1.08,-0.46,0.08,-0.9,-0.12,-290.3,269.5,262.0,3.33,-7.62,0.06,0.0,0.9114823092084673,1.3770983988081607,0.11311392923846098,0.5,0,5,0.0
14.702720999000121,1264,5477.93,-97.8,-0.6,-122.1,0.76,1.14,-0.42,0.07,-0.91,-0.12,-287.4,292.2,234.0,3.25,-8.2,-0.11,0.0,0.9205433178292046,1.4330387294138285,0.10197186220536913,0.5,0,5,0.0
14.714589348000118,1265,5477.94,-97.7,-0.5,-122.0,0.85,1.19,-0.45,0.06,-0.91,-0.12,-284.4,315.7,252.0,3.16,-8.93,0.03,0.0,0.9198369420718001,1.5300653580811507,0.1006246732035182,0.5,0,5,0.0
14.722635424000146,1266,5477.95,-97.7,-0.4,-121.8,0.91,1.22,-0.44,0.05,-0.89,-0.13,-281.0,342.5,242.0,3.07,-9.55,-0.02,0.0,0.9008329478876758,1.5843295111813072,0.11723609403988977,0.5,0,5,0.0
14.73474299300051,1267,5477.96,-97.6,-0.4,-121.7,0.77,1.27,-0.32,0.03,-0.85,-0.14,-277.8,359.4,209.0,2.97,-10.09,-0.1,0.0,0.8619744775803979,1.5192761434314697,0.15297267306022433,0.5,0,5,0.0
14.742725446000804,1268,5477.97,-97.5,-0.3,-121.6,0.55,1.25,-0.26,0.02,-0.85,-0.14,-273.7,389.7,290.0,2.86,-11.02,-0.16,0.0,0.8616843969807042,1.3901798444805622,0.1501974985867196,0.5,0,5,0.0
14.75456496300012,1269,5477.98,-97.5,-0.2,-121.5,0.35,1.3,-0.28,0.0,-0.87,-0.17,-269.5,419.8,270.0,2.75,-11.71,0.0,0.0,0.8864536084872124,1.3750999963639008,0.12291972133860718,0.5,0,5,0.0
14.762767814000654,1270,5477.99,-97.6,-0.2,-121.4,0.24,1.34,-0.25,0.01,-0.85,-0.19,-265.1,443.9,249.0,2.62,-12.35,0.04,0.0,0.8710338684574784,1.3840881474819442,0.13557267214097435,0.5,0,5,0.0
14.774700094000764,1271,5478.0,-97.6,-0.1,-121.2,0.18,1.41,-0.01,0.02,-0.84,-0.21,-262.0,460.0,301.0,2.5,-13.0,0.05,0.0,0.8660831368869849,1.4214781039467332,0.13771293563723852,0.5,0,5,0.0
14.7826972390003,1272,5478.01,-97.6,-0.1,-121.1,0.25,1.49,0.15,0.05,-0.84,-0.22,-255.7,495.4,313.0,2.36,-13.81,-0.06,0.0,0.8697700845625813,1.5182555779578089,0.13134546820240933,0.5,0,5,0.0
14.79465415300001,1273,5478.02,-97.5,-0.1,-120.9,0.35,1.58,0.34,0.07,-0.83,-0.22,-250.6,515.0,200.0,2.22,-14.16,0.0,0.0,0.8615103017375938,1.6536323654307208,0.1368131460068489,0.5,0,5,0.0
14.802732712000761,1274,5478.03,-97.5,-0.2,-120.8,0.37,1.7,0.51,0.08,-0.84,-0.22,-245.3,536.6,235.0,2.07,-14.88,-0.28,0.0,0.8720091742636655,1.8130085493455346,0.12378798801116164,0.5,0,5,0.0
14.814679312000408,1275,5478.04,-97.5,-0.2,-120.6,0.35,1.83,0.77,0.08,-0.81,-0.24,-239.8,555.9,220.0,1.92,-15.46,0.08,0.0,0.8485870609430715,2.0160109126688774,0.14426589930512057,0.5,0,5,0.0
14.822570374000861,1276,5478.05,-97.4,-0.3,-120.4,0.17,1.99,0.98,0.08,-0.82,-0.25,-234.0,589.4,284.0,1.76,-16.33,0.16,0.0,0.8609878047916822,2.224724702069899,0.12922785234737955,0.5,0,5,0.0
14.83505642,1277,5478.06,-97.4,-0.3,-120.1,-0.03,2.17,1.13,0.07,-0.82,-0.26,-227.9,613.0,258.0,1.59,-17.0,0.01,0.0,0.863075894692929,2.446773385501812,0.12459696719721014,0.5,0,5,0.0
14.842464365000524,1278,5478.07,-97.5,-0.4,-119.9,-0.36,2.27,1.22,0.07,-0.86,-0.24,-221.6,642.0,314.0,1.42,-17.95,0.01,0.0,0.8956003573022958,2.6020953095534374,0.09023105449608648,0.5,0,5,0.0
14.85463829300079,1279,5478.08,-97.5,-0.5,-119.7,-0.7,2.29,1.16,0.06,-0.91,-0.2,-214.9,675.3,249.0,1.23,-18.5,-0.16,0.0,0.933648756224738,2.660770565080725,0.0511390024621714,0.5,0,5,0.0
14.862693686000057,1280,5478.09,-97.6,-0.6,-119.4,-0.93,2.18,1.04,0.05,-0.94,-0.18,-208.1,694.9,227.0,1.04,-19.09,0.15,0.0,0.9583840566286566,2.5882233288493484,0.02587562801708776,0.5,0,5,0.0
14.874594079000417,1281,5478.1,-97.7,-0.6,-119.2,-0.96,2.07,0.92,0.04,-0.94,-0.17,-201.0,712.6,257.0,0.85,-19.85,-0.05,0.0,0.9560857702110204,2.460264213453506,0.027610436146029427,0.5,0,5,0.0
14.88261595700078,1282,5478.11,-97.9,-0.7,-119.0,-0.96,2.02,0.92,0.01,-0.94,-0.17,-193.7,739.8,212.0,0.65,-20.31,-0.09,0.0,0.9553009996854395,2.4183465425782136,0.02782730253817811,0.5,0,5,0.0
14.894652894000501,1283,5478.12,-98.0,-0.7,-118.8,-0.84,1.94,0.96,-0.01,-0.94,-0.19,-186.1,761.3,262.0,0.44,-21.14,0.15,0.0,0.9590620417887468,2.321809639053124,0.023584935226173442,0.5,0,5,0.0
14.902658627000164,1284,5478.13,-98.1,-0.8,-118.6,-0.8,1.77,0.92,-0.04,-0.95,-0.17,-178.2,798.5,268.0,0.22,-21.88,-0.11,0.0,0.96591925128346,2.1492556851151985,0.016393171216831037,0.5,0,5,0.0
14.914588000000549,1285,5478.14,-98.2,-0.9,-118.4,-0.85,1.44,0.8,-0.07,-0.97,-0.15,-170.1,813.1,116.0,0.0,-21.97,-0.09,0.0,0.9840223574695851,1.8536720314014559,0.0016757362699081346,0.5,0,5,0.0
14.922645993000515,1286,5478.15,-98.3,-1.0,-118.3,-0.75,0.92,0.62,-0.07,-0.98,-0.15,-162.0,808.5,20.0,-0.21,-21.88,-0.01,0.0,0.9938812806366764,1.3391415160467546,0.011303966248259356,0.5,0,5,0.0
14.934550918000241,1287,5478.16,-98.4,-1.1,-118.2,-0.39,0.41,0.58,-0.06,-0.95,-0.23,-154.3,748.8,-720.0,-0.41,-18.57,0.65,0.0,0.9792854537876073,0.8103085831953157,0.0032260233887935197,0.5,0,5,0.0
14.942619699000716,1288,5478.17,-98.4,-1.1,-118.2,0.89,0.2,0.93,0.15,-0.79,-0.36,-148.0,549.1,-1882.0,-0.55,-11.52,0.97,0.0,0.8810221336606703,1.3026895255585653,0.09945955664541595,0.5,0,5,0.0
14.954659309000817,1289,5478.18,-98.2,-1.3,-118.1,2.56,1.16,1.81,0.3,-0.85,-0.51,-144.5,259.6,-2556.0,-0.61,-3.59,1.03,0.0,1.0356640381899913,3.3429478009684805,0.05407870092622702,0.5,0,5,0.0
14.96268486900044,1290,5478.19,-98.0,-1.4,-117.9,0.76,2.35,1.16,-0.05,-1.48,-0.61,-143.7,13.9,-2184.0,-0.61,1.57,0.24,0.0,1.6015617378046967,2.728681000043794,0.6075768725301137,0.5,0,6,0.0
14.97452550700018,1291,5478.2,-98.1,-1.4,-117.6,-1.96,3.28,-0.94,-0.48,-1.61,-0.35,-144.5,-105.1,-1328.0,-0.57,3.8,0.35,0.0,1.7161002301730515,3.9349205836967025,0.707673057600499,0.5,0,6,0.0
14.982718659000057,1292,5478.21,-98.3,-1.2,-117.3,-1.19,2.23,-1.85,-0.42,-1.42,-0.1,-146.1,-182.0,-951.0,-0.52,5.84,0.36,0.0,1.4841832770921521,3.1323314000916316,0.46624098242920775,0.5,0,6,0.0
14.99452877100066,1293,5478.22,-98.3,-0.9,-117.2,0.85,1.36,-1.98,-0.13,-1.28,-0.07,-148.4,-250.5,-743.0,-0.45,7.53,0.09,0.0,1.288487485387421,2.5480384612481815,0.2651342869099871,0.5,0,6,0.0
15.002623390000736,1294,5478.23,-98.2,-0.7,-117.1,1.07,0.7,-1.78,0.02,-1.01,-0.13,-151.3,-303.0,-555.0,-0.37,8.73,0.35,0.0,1.0185283501208986,2.1916432191394657,0.00472835138940475,0.5,0,6,0.0
15.014581605000785,1295,5478.24,-98.2,-0.5,-117.1,-0.94,0.38,-1.5,0.08,-0.9,-0.21,-154.6,-338.2,-384.0,-0.27,9.5,0.07,0.0,0.9276313923105449,1.8105247858010671,0.09371280301576335,0.5,0,6,0.0
15.02258891100064,1296,5478.25,-98.4,-0.4,-117.1,-3.15,0.39,-1.53,0.05,-0.99,-0.21,-158.1,-358.5,-234.0,-0.18,9.9,-0.04,0.0,1.0132620588969075,3.523563537102744,0.007920493700812825,0.5,0,6,0.0
15.034550638000837,1297,5478.26,-98.8,-0.2,-117.1,-4.21,0.2,-1.99,-0.03,-1.21,-0.09,-161.8,-365.4,-83.0,-0.08,9.88,-0.01,0.0,1.2137133104650373,4.660922655440658,0.1886801427099707,0.5,0,6,0.0
15.046651702000418,1298,5478.27,-99.2,0.0,-117.1,-4.25,-0.07,-2.58,-0.04,-1.45,0.0,-165.4,-353.6,85.0,0.01,9.37,-0.07,0.0,1.450551619212498,4.972303289221204,0.4170080824282829,0.5,0,6,0.0
15.054537986000469,1299,5478.28,-99.6,0.2,-117.2,-3.41,-0.38,-3.5,-0.09,-1.61,0.08,-168.8,-338.2,106.0,0.1,9.07,-0.28,0.0,1.6144968256394934,4.901275344234397,0.5693342230781726,0.5,0,6,0.0
15.062480615000823,1300,5478.29,-99.9,0.6,-117.3,-2.48,-0.52,-4.19,-0.15,-1.52,0.06,-172.1,-324.6,153.0,0.19,8.56,-0.25,0.0,1.5285614151874958,4.896621284110096,0.47373083637365143,0.5,0,6,0.0
15.074512735000098,1301,5478.3,-100.0,1.0,-117.4,-1.37,-0.38,-4.25,-0.11,-1.32,0.02,-175.2,-301.3,214.0,0.27,7.88,-0.1,0.0,1.3247263868437136,4.481495286174025,0.26449789186927175,0.5,0,6,0.0
15.08264758400037,1302,5478.31,-100.1,1.4,-117.5,-0.43,0.04,-3.77,0.03,-1.05,-0.01,-178.0,-275.3,247.0,0.34,7.15,-0.26,0.0,1.0504760825454333,3.794654134437024,0.009557364180428296,0.5,0,6,0.0
15.09450912200009,1303,5478.32,-100.2,1.7,-117.5,-0.14,0.81,-3.01,0.2,-0.9,-0.02,-180.6,-247.7,280.0,0.41,6.34,0.01,0.0,0.9221713506718803,3.1202243509081202,0.13510485413290163,0.5,0,6,0.0
15.102711197000644,1304,5478.33,-100.2,2.0,-117.4,-0.3,1.75,-2.11,0.28,-0.83,-0.06,-182.8,-214.2,328.0,0.47,5.37,-0.11,0.0,0.8780091115700338,2.757643921901448,0.17568175137005315,0.5,0,6,0.0
15.11461732600037,1305,5478.34,-100.2,2.2,-117.2,-0.34,2.95,-1.34,0.33,-0.88,-0.05,-184.7,-176.8,352.0,0.51,4.37,-0.16,0.0,0.9411694852681954,3.2578674006165445,0.11027095011845367,0.5,0,6,0.0
15.12256668200007,1306,5478.35,-100.2,2.4,-116.9,0.08,4.27,-0.72,0.34,-0.94,-0.04,-186.2,-139.6,371.0,0.55,3.32,-0.25,0.0,1.000399920031984,4.3310160470725565,0.050019705047571916,0.5,0,6,0.0
15.134580351000295,1307,5478.36,-100.1,2.5,-116.4,0.72,5.31,-0.34,0.34,-1.01,0.01,-187.3,-101.6,373.0,0.58,2.31,-0.09,0.0,1.0657391800998965,5.36936681555656,0.015013163919933792,0.5,0,6,0.0
15.142690267000035,1308,5478.37,-100.0,2.6,-115.9,1.46,5.83,-0.42,0.29,-1.07,0.05,-188.0,-67.1,385.0,0.59,1.23,0.02,0.0,1.1097296968181036,6.024690863438555,0.05782360702537814,0.5,0,6,0.0
15.154557990000285,1309,5478.38,-99.8,2.8,-115.3,1.94,6.09,-0.73,0.18,-1.03,0.04,-188.4,-28.0,391.0,0.6,0.16,0.02,0.0,1.0463746938836012,6.433086351044885,0.005420767990941933,0.5,0,6,0.0
15.162673503000406,1310,5478.39,-99.6,3.0,-114.7,2.13,5.95,-1.1,0.07,-0.99,0.08,-188.4,7.8,332.0,0.59,-0.55,0.02,0.0,0.9956907150315303,6.41477980915947,0.05498265190615259,0.5,0,6,0.0
15.174543893000191,1311,5478.4,-99.3,3.2,-114.1,2.15,5.6,-1.36,-0.03,-0.96,0.1,-188.2,24.4,182.0,0.58,-0.76,-0.01,0.0,0.9656603957913983,6.15078043828586,0.08331271172335897,0.5,0,6,0.0
15.182525058000465,1312,5478.41,-99.1,3.4,-113.6,1.83,5.02,-1.39,-0.12,-0.95,0.1,-187.9,30.2,92.0,0.58,-0.86,0.11,0.0,0.9627564593395361,5.520996286903297,0.08449231521171674,0.5,0,6,0.0
15.194520793000265,1313,5478.42,-98.9,3.7,-113.2,1.43,4.37,-1.36,-0.21,-0.96,0.09,-187.6,31.1,22.0,0.57,-0.79,0.16,0.0,0.9868130522039116,4.794934827502872,0.05922700790039448,0.5,0,6,0.0
15.202678870000454,1314,5478.43,-98.7,3.8,-112.8,1.31,3.71,-1.12,-0.25,-0.94,0.07,-187.4,24.2,-66.0,0.56,-0.43,-0.01,0.0,0.9751922887307918,4.090794543850865,0.06943081594604394,0.5,0,6,0.0
15.214425518000098,1315,5478.44,-98.6,4.0,-112.5,1.25,2.98,-0.71,-0.24,-0.9,0.05,-187.2,8.4,-135.0,0.56,0.03,0.25,0.0,0.9327915093953203,3.308625092088857,0.10959496337588504,0.5,0,6,0.0
15.222570507000455,1316,5478.45,-98.5,4.1,-112.3,0.85,2.27,-0.25,-0.19,-0.89,0.01,-187.2,-6.4,-123.0,0.56,0.32,0.03,0.0,0.9101098834756164,2.4367806630880837,0.12963105750967718,0.5,0,6,0.0
15.234532804000082,1317,5478.46,-98.4,4.1,-112.1,0.28,1.75,0.12,-0.14,-0.91,-0.03,-187.4,-16.0,-102.0,0.57,0.57,0.06,0.0,0.9211948762341223,1.7763164132552511,0.11617514345614788,0.5,0,6,0.0
15.242610159000833,1318,5478.47,-98.4,4.1,-111.9,-0.1,1.43,0.39,-0.1,-0.94,-0.06,-187.6,-25.3,-93.0,0.58,0.82,0.0,0.0,0.9472064188971694,1.4855975228843106,0.08836032877723876,0.5,0,6,0.0
15.25457190400084,1319,5478.48,-98.4,4.1,-111.8,0.04,1.24,0.62,-0.06,-0.97,-0.08,-187.9,-36.9,-126.0,0.59,1.24,0.05,0.0,0.9751410154434075,1.3869390758068647,0.059217217586380766,0.5,0,6,0.0
15.262776892000147,1320,5478.49,-98.3,4.0,-111.6,0.45,1.16,0.77,-0.01,-0.98,-0.09,-188.4,-55.0,-176.0,0.6,1.8,0.0,0.0,0.9841747812253675,1.4632156368765337,0.04917978276833235,0.5,0,6,0.0
15.274789446000796,1321,5478.5,-98.2,3.9,-111.5,0.86,1.14,0.86,0.0,-0.97,-0.1,-189.1,-75.9,-193.0,0.63,2.35,0.14,0.0,0.9751410154434075,1.6669733051251898,0.05704927757928657,0.5,0,6,0.0
15.282545695000408,1322,5478.51,-98.1,3.8,-111.4,1.09,1.08,0.94,0.0,-0.94,-0.09,-190.0,-96.4,-199.0,0.65,2.91,0.26,0.0,0.9442986815621421,1.7994721448246984,0.0861337792313408,0.5,0,6,0.0
15.294559525000295,1323,5478.52,-97.9,3.7,-111.3,1.25,1.01,0.97,-0.02,-0.91,-0.09,-191.1,-114.4,-177.0,0.69,3.34,-0.15,0.0,0.91465840618233,1.877098825315279,0.11345857351892996,0.5,0,6,0.0
15.302812648000327,1324,5478.53,-97.8,3.5,-111.2,1.28,0.94,0.99,-0.04,-0.9,-0.08,-192.4,-128.1,-141.0,0.72,3.64,0.0,0.0,0.904433524367601,1.8713898578329424,0.12120978622698575,0.5,0,6,0.0
15.31454086100075,1325,5478.54,-97.7,3.5,-111.1,1.33,0.83,0.95,-0.06,-0.87,-0.08,-193.7,-136.9,-90.0,0.76,3.78,0.14,0.0,0.875728268357257,1.8331121078646555,0.14691674139258326,0.5,0,6,0.0
15.322753466000904,1326,5478.55,-97.5,3.4,-111.0,1.16,0.6,1.0,-0.08,-0.84,-0.07,-195.1,-141.0,-52.0,0.8,3.87,0.09,0.0,0.8466994744299774,1.644870815596167,0.17242662461346558,0.5,0,6,0.0
15.334549181000511,1327,5478.56,-97.4,3.3,-110.9,0.8,0.28,1.15,-0.08,-0.82,-0.07,-196.5,-142.5,-23.0,0.84,3.86,0.25,0.0,0.8268615361715648,1.4286007139855417,0.1884192716144406,0.5,0,6,0.0
15.34269361600036,1328,5478.57,-97.4,3.2,-110.9,0.41,-0.07,1.33,-0.08,-0.81,-0.07,-197.9,-140.6,15.0,0.87,3.75,-0.04,0.0,0.8169455306200041,1.3935207210515386,0.19436857162268117,0.5,0,6,0.0
15.354735945000357,1329,5478.58,-97.3,3.0,-110.9,0.07,-0.29,1.39,-0.08,-0.86,-0.09,-199.3,-135.9,40.0,0.91,3.6,0.1,0.0,0.8683893136145792,1.4216539663363936,0.14006629285554395,0.5,0,6,0.0
15.362750414000402,1330,5478.59,-97.3,2.9,-110.9,0.2,-0.36,1.21,-0.08,-0.92,-0.12,-200.6,-129.1,64.0,0.94,3.37,-0.02,0.0,0.9312357381458253,1.2781627439414747,0.07567547095781191,0.5,0,6,0.0
15.374506590000237,1331,5478.6,-97.3,2.8,-110.9,0.58,-0.48,1.12,-0.09,-0.91,-0.13,-201.9,-119.6,95.0,0.98,3.06,0.0,0.0,0.9236341266973628,1.3495184326269871,0.08161154075814891,0.5,0,6,0.0
15.38257938300012,1332,5478.61,-97.2,2.6,-111.0,0.87,-0.52,1.04,-0.09,-0.91,-0.15,-203.0,-106.5,125.0,1.0,2.68,-0.15,0.0,0.9266606714434362,1.452205219657332,0.07701329609183394,0.5,0,6,0.0
15.394565121000596,1333,5478.62,-97.1,2.5,-111.0,1.13,-0.6,0.88,-0.1,-0.92,-0.15,-203.9,-91.8,139.0,1.03,2.3,-0.14,0.0,0.9374966666607407,1.5528361149844498,0.06485375485703893,0.5,0,6,0.0
15.402780314000665,1334,5478.63,-97.0,2.5,-111.1,1.47,-0.67,0.6,-0.1,-0.9,-0.16,-204.8,-79.1,129.0,1.05,1.95,-0.09,0.0,0.9195651146058119,1.7233107670991903,0.08112960077372833,0.5,0,6,0.0
15.414678224000454,1335,5478.64,-96.8,2.4,-111.1,1.94,-0.77,0.15,-0.12,-0.85,-0.13,-205.5,-67.6,118.0,1.07,1.68,0.01,0.0,0.8682165628459295,2.092606030766422,0.12982858948293852,0.5,0,6,0.0
15.422715717000756,1336,5478.65,-96.6,2.4,-111.2,2.18,-1.0,-0.25,-0.13,-0.81,-0.11,-206.1,-57.3,101.0,1.08,1.41,-0.07,0.0,0.8277076778670113,2.41141037569303,0.16693072497261963,0.5,0,6,0.0
15.434424430000035,1337,5478.66,-96.4,2.4,-111.4,1.84,-1.29,-0.6,-0.14,-0.76,-0.13,-206.6,-49.2,79.0,1.09,1.25,0.0,0.0,0.7836453279386025,2.3258761789914786,0.2067732134030078,0.5,0,6,0.0
15.442585931000394,1338,5478.67,-96.3,2.5,-111.5,0.89,-1.56,-0.8,-0.13,-0.75,-0.16,-207.0,-44.6,54.0,1.11,1.16,0.0,0.0,0.7778174593052023,1.9661383471159908,0.2083490603956799,0.5,0,6,0.0
15.454598757000895,1339,5478.68,-96.3,2.6,-111.7,-0.18,-1.68,-0.87,-0.09,-0.81,-0.19,-207.5,-43.3,19.0,1.12,1.16,0.17,0.0,0.8368392916205597,1.9004473157654225,0.1463406835187161,0.5,0,6,0.0
15.462714050000613,1340,5478.69,-96.3,2.6,-111.9,-0.77,-1.63,-0.9,-0.04,-0.9,-0.17,-207.9,-44.0,-13.0,1.13,1.27,0.05,0.0,0.9167878707749139,2.014894538183078,0.06506426227707474,0.5,0,6,0.0
15.474478404000365,1341,5478.7,-96.5,2.7,-112.0,-0.72,-1.57,-0.9,0.0,-0.95,-0.16,-208.4,-50.8,-54.0,1.15,1.48,0.0,0.0,0.9633794683301071,1.947639597050748,0.018103211427443866,0.5,0,6,0.0
15.482678928000496,1342,5478.71,-96.5,2.7,-112.2,-0.24,-1.5,-0.94,0.03,-0.95,-0.17,-209.0,-58.1,-69.0,1.16,1.7,-0.32,0.0,0.9655568341635825,1.7863930138690085,0.015607328682089139,0.5,0,6,0.0
15.494496732000698,1343,5478.72,-96.6,2.8,-112.3,0.0,-1.42,-0.98,0.05,-0.9,-0.2,-209.6,-68.5,-106.0,1.18,2.07,0.05,0.0,0.9233092656309694,1.7253405460951758,0.05669779927040819,0.5,0,6,0.0
15.502704340000491,1344,5478.73,-96.7,2.9,-112.5,-0.34,-1.3,-0.98,0.06,-0.86,-0.22,-210.4,-83.4,-141.0,1.2,2.53,0.02,0.0,0.889719056781409,1.6631295800387893,0.0884822479575692,0.5,0,6,0.0
15.51461310600007,1345,5478.74,-96.8,3.0,-112.6,-1.04,-1.08,-0.88,0.05,-0.87,-0.23,-211.3,-99.7,-152.0,1.23,2.92,0.1,0.0,0.9012768719988326,1.7385051049680584,0.07538594408534272,0.5,0,6,0.0
15.522650672000054,1346,5478.75,-96.9,3.0,-112.7,-1.65,-0.79,-0.61,0.06,-0.94,-0.23,-212.5,-116.9,-169.0,1.27,3.45,-0.01,0.0,0.9695875411740809,1.9283931134496408,0.006933769411892499,0.5,0,6,0.0
15.534416466000039,1347,5478.76,-97.2,3.1,-112.8,-1.54,-0.51,-0.36,0.05,-1.04,-0.23,-213.8,-136.0,-189.0,1.3,3.99,0.08,0.0,1.066302021005306,1.661715980545412,0.08798509621094597,0.5,0,6,0.0
15.542737622000459,1348,5478.77,-97.3,3.1,-112.8,-0.67,-0.25,-0.2,0.03,-1.08,-0.26,-215.3,-156.3,-198.0,1.35,4.56,0.07,0.0,1.1112605455067683,0.7425631286294789,0.13028474829816017,0.5,0,6,0.0
15.554559921000873,1349,5478.78,-97.3,3.1,-112.9,0.35,-0.04,-0.07,0.0,-1.06,-0.3,-217.0,-175.6,-186.0,1.4,5.03,0.04,0.0,1.101635148313633,0.3591656999213594,0.11824616408292443,0.5,0,6,0.0
15.56250994400034,1350,5478.79,-97.3,3.1,-112.9,0.79,-0.04,0.0,-0.04,-1.01,-0.28,-218.8,-192.5,-167.0,1.45,5.45,0.01,0.0,1.0488565202161828,0.791012010022604,0.06415818526576467,0.5,0,6,0.0
15.574481149000349,1351,5478.8,-97.2,3.1,-112.9,0.05,-0.24,0.2,-0.05,-0.97,-0.31,-220.9,-206.8,-151.0,1.51,5.83,0.15,0.0,1.0195587280779856,0.3163858403911275,0.03416318526501616,0.5,0,6,0.0
15.582683634000205,1352,5478.81,-97.3,3.1,-112.9,-1.14,-0.36,0.49,-0.08,-0.99,-0.31,-223.0,-221.0,-146.0,1.57,6.24,0.14,0.0,1.0404806581575652,1.2920139318134305,0.05398341303770382,0.5,0,6,0.0
15.594500872000026,1353,5478.82,-97.5,3.0,-112.9,-2.33,-0.37,1.01,-0.09,-1.03,-0.3,-225.3,-237.1,-162.0,1.63,6.71,0.07,0.0,1.0765686229869418,2.566300839730214,0.08826995030973883,0.5,0,6,0.0
15.60262537500057,1354,5478.83,-97.7,2.8,-112.9,-2.8,-0.23,1.57,-0.07,-1.14,-0.28,-227.8,-254.3,-165.0,1.7,7.17,0.07,0.0,1.1759676866308868,3.2183536163697113,0.18391563367461017,0.5,0,6,0.0
15.614596646000791,1355,5478.84,-98.0,2.7,-112.9,-2.07,-0.32,1.9,-0.05,-1.19,-0.28,-230.5,-270.6,-162.0,1.78,7.59,0.22,0.0,1.2235195135346228,2.8279497873901507,0.22683811136677934,0.5,0,6,0.0
15.6225034400004,1356,5478.85,-98.1,2.5,-113.0,-1.24,-0.58,1.97,-0.04,-1.2,-0.27,-233.3,-288.7,-188.0,1.86,8.16,0.02,0.0,1.2306502346320827,2.3989372647070204,0.2292894558149543,0.5,0,6,0.0
15.634482974000093,1357,5478.86,-98.3,2.3,-113.0,-0.73,-0.76,1.91,-0.02,-1.2,-0.24,-236.4,-308.4,-178.0,1.94,8.63,-0.08,0.0,1.2239281024635393,2.1814215548582077,0.21811597717348263,0.5,0,6,0.0
15.642658624000433,1358,5478.87,-98.3,2.0,-113.1,-0.77,-0.7,2.04,0.0,-1.21,-0.15,-239.5,-322.8,-150.0,2.03,8.97,-0.15,0.0,1.219262071910711,2.290087334579186,0.20918094768824114,0.5,0,6,0.0
15.654515348000132,1359,5478.88,-98.4,1.8,-113.1,-1.21,-0.57,2.39,0.02,-1.29,0.0,-242.9,-339.6,-184.0,2.13,9.55,-0.17,0.0,1.2901550294441362,2.7388136117669637,0.27447242711723296,0.5,0,6,0.0
15.662576190000436,1360,5478.89,-98.5,1.5,-113.1,-1.34,-0.71,3.01,0.04,-1.35,0.06,-246.4,-357.3,-150.0,2.22,9.86,0.0,0.0,1.3519245541079576,3.3704302395984995,0.32951711274543327,0.5,0,6,0.0
15.674453984000138,1361,5478.9,-98.6,1.1,-113.1,-0.58,-0.63,3.83,0.07,-1.39,0.09,-250.1,-369.0,-147.0,2.33,10.32,0.15,0.0,1.3946684193742969,3.9245636700147957,0.364815758451537,0.5,0,6,0.0
15.682607762000771,1362,5478.91,-98.6,0.7,-113.1,0.82,-0.63,4.23,0.04,-1.43,0.15,-253.9,-391.0,-204.0,2.43,10.94,0.09,0.0,1.4384018909887457,4.35456082745436,0.40037824546466605,0.5,0,6,0.0
15.694409680000717,1363,5478.92,-98.5,0.3,-113.1,1.91,-0.95,3.82,-0.07,-1.33,0.19,-257.9,-405.8,-125.0,2.54,11.1,0.15,0.0,1.34532523948672,4.375271420152126,0.30115556208338745,0.5,0,6,0.0
15.702716358000544,1364,5478.93,-98.3,0.0,-113.2,1.84,-1.62,3.2,-0.24,-1.14,0.2,-262.0,-411.8,-83.0,2.66,11.29,0.0,0.0,1.1820321484629766,4.0311288741492755,0.13510522163845118,0.5,0,6,0.0
15.714492654000423,1365,5478.94,-98.2,-0.3,-113.4,0.8,-2.54,2.56,-0.33,-1.07,0.24,-266.2,-416.6,-50.0,2.77,11.35,-0.25,0.0,1.1451637437502116,3.6939409849102893,0.0962720805871724,0.5,0,6,0.0
15.722598654000649,1366,5478.95,-98.1,-0.5,-113.7,0.2,-3.52,1.8,-0.35,-1.08,0.28,-270.3,-417.0,-4.0,2.88,11.26,-0.17,0.0,1.1693160394008115,3.958585605996162,0.11801588871301694,0.5,0,6,0.0
15.734443053000177,1367,5478.96,-98.1,-0.7,-114.0,0.31,-4.69,1.1,-0.32,-1.06,0.3,-274.5,-404.3,140.0,2.99,10.55,-0.1,0.0,1.147170431975999,4.8272352335472535,0.09395287566244037,0.5,0,6,0.0
15.742628386000433,1368,5478.97,-98.0,-0.9,-114.5,0.56,-5.44,0.83,-0.27,-1.03,0.29,-278.3,-377.1,216.0,3.09,9.9,-0.06,0.0,1.1035850669522491,5.531374151149062,0.04936016042591662,0.5,0,6,0.0
15.75446908000049,1369,5478.98,-97.9,-1.0,-115.1,0.92,-5.97,0.77,-0.2,-0.99,0.26,-281.9,-350.0,285.0,3.19,8.94,0.02,0.0,1.0429285689825551,6.089351361187823,0.01107041079290183,0.5,0,6,0.0
15.762624706000679,1370,5478.99,-97.8,-1.2,-115.7,1.32,-6.43,0.76,-0.11,-0.95,0.19,-285.1,-308.0,401.0,3.27,7.66,-0.16,0.0,0.9750384607798812,6.607942191030427,0.07738130861566428,0.5,0,6,0.0
15.774446514000374,1371,5479.0,-97.8,-1.2,-115.7,1.32,-6.43,0.76,-0.11,-0.95,0.19,-286.9,-277.7,515.0,3.33,6.45,-0.04,0.0,0.9750384607798812,6.607942191030427,0.07583368244335098,0.5,0,6,0.0
15.78265159700004,1372,5479.01,-97.5,-1.5,-117.0,1.46,-6.34,0.79,0.02,-0.91,0.02,-290.4,-212.7,543.0,3.39,5.18,-0.09,0.0,0.910439454329611,6.553724132125184,0.13762403511574872,0.5,0,6,0.0
15.79447565800001,1373,5479.02,-97.3,-1.7,-117.6,1.25,-5.75,0.79,0.08,-0.93,-0.03,-292.1,-165.6,495.0,3.43,3.99,-0.09,0.0,0.9339164844888435,5.937095249362267,0.11186406485738609,0.5,0,6,0.0
15.802636575000179,1374,5479.03,-97.2,-1.8,-118.1,1.37,-5.09,0.64,0.12,-0.96,-0.04,-293.5,-115.0,495.0,3.46,2.55,-0.13,0.0,0.9682974749528164,5.3098587551836065,0.0759334129055449,0.5,0,6,0.0
15.814452518000508,1375,5479.04,-97.0,-1.9,-118.6,1.54,-4.48,0.36,0.13,-0.97,-0.05,-294.3,-67.2,494.0,3.48,1.2,-0.04,0.0,0.9799489782636644,4.750957798170807,0.06299627140280284,0.5,0,6,0.0
15.822573482000735,1376,5479.05,-96.9,-2.0,-119.0,1.17,-3.9,0.02,0.13,-0.95,-0.08,-294.6,-19.7,470.0,3.48,0.0,-0.19,0.0,0.9621850133939938,4.07176865747552,0.07914503154702413,0.5,0,6,0.0
15.834408618000452,1377,5479.06,-96.8,-2.0,-119.3,0.3,-3.33,-0.35,0.14,-0.96,-0.1,-294.5,18.2,374.0,3.48,-0.85,-0.18,0.0,0.9752948272189287,3.3617554937859477,0.06471451336764733,0.5,0,6,0.0
15.842555245000767,1378,5479.07,-96.8,-2.0,-119.6,-0.49,-2.81,-0.78,0.12,-0.98,-0.09,-294.2,47.3,309.0,3.46,-1.6,-0.1,0.0,0.9914131328563284,2.9571269840843835,0.047624283575642745,0.5,0,6,0.0
15.854483235000771,1379,5479.08,-96.9,-1.9,-119.9,-0.86,-2.36,-1.16,0.1,-0.99,-0.09,-293.5,73.1,276.0,3.44,-2.31,0.01,0.0,0.9990995946350895,2.766730922948598,0.039139065360943914,0.5,0,6,0.0
15.862578500000382,1380,5479.09,-96.9,-1.8,-120.1,-0.81,-2.03,-1.38,0.06,-0.96,-0.08,-292.6,99.6,273.0,3.41,-3.04,-0.18,0.0,0.9651942809610923,2.58484042060627,0.07158349145424237,0.5,0,6,0.0
15.874328997000703,1381,5479.1,-97.0,-1.6,-120.3,-0.65,-1.78,-1.45,0.06,-0.94,-0.08,-291.4,126.8,268.0,3.38,-3.76,0.0,0.0,0.9453041838477179,2.386084659017781,0.0896441167962645,0.5,0,6,0.0
15.882609045000208,1382,5479.11,-97.0,-1.5,-120.5,-0.51,-1.55,-1.45,0.05,-0.93,-0.08,-290.0,151.8,257.0,3.33,-4.44,0.16,0.0,0.9347726996441434,2.1829109006095506,0.09817208897984209,0.5,0,6,0.0
15.894427398000516,1383,5479.12,-97.0,-1.3,-120.7,-0.36,-1.34,-1.36,0.06,-0.92,-0.09,-288.3,176.2,246.0,3.29,-5.08,-0.17,0.0,0.9263368717696603,1.9428844535895593,0.10447575851723867,0.5,0,6,0.0
15.902564301000893,1384,5479.13,-97.0,-1.1,-120.8,-0.11,-1.19,-1.28,0.07,-0.92,-0.1,-286.3,201.1,249.0,3.23,-5.77,0.0,0.0,0.9280624978954812,1.7511710367636852,0.1006951297435894,0.5,0,6,0.0
15.914445537000574,1385,5479.14,-97.0,-1.0,-121.0,0.13,-1.01,-1.17,0.08,-0.91,-0.11,-284.1,227.5,261.0,3.17,-6.5,0.04,0.0,0.9201086892318755,1.5510963864312237,0.10647595963905121,0.5,0,6,0.0
15.922566423000717,1386,5479.15,-97.0,-0.8,-121.1,0.26,-0.79,-1.04,0.09,-0.9,-0.12,-281.7,254.0,259.0,3.1,-7.2,0.0,0.0,0.9124143795447329,1.3316531079827059,0.11188686393966985,0.5,0,6,0.0
15.934354313000767,1387,5479.16,-97.0,-0.7,-121.1,0.37,-0.55,-0.97,0.1,-0.9,-0.13,-279.0,276.6,226.0,3.02,-7.76,-0.02,0.0,0.9148223871331528,1.1748616939878498,0.10728927922422493,0.5,0,6,0.0
15.942613156000334,1388,5479.17,-96.9,-0.6,-121.2,0.38,-0.28,-0.95,0.1,-0.89,-0.14,-276.1,298.7,240.0,2.94,-8.45,0.0,0.0,0.9064766957842877,1.060801583709225,0.1133222711616283,0.5,0,6,0.0
15.954488330000459,1389,5479.18,-96.9,-0.5,-121.2,0.29,-0.03,-0.95,0.09,-0.88,-0.14,-272.9,328.1,279.0,2.85,-9.27,-0.18,0.0,0.8956003573022958,0.9937303457175894,0.12171463745074773,0.5,0,6,0.0
15.962567555000533,1390,5479.19,-96.9,-0.4,-121.2,0.13,0.19,-0.99,0.08,-0.87,-0.14,-269.4,354.6,255.0,2.75,-9.92,-0.09,0.0,0.8848163651289458,1.0164152694642086,0.12984865703161574,0.5,0,6,0.0
15.974336845000835,1391,5479.2,-96.9,-0.3,-121.2,-0.08,0.35,-1.04,0.07,-0.88,-0.15,-265.7,378.8,247.0,2.65,-10.6,-0.08,0.0,0.8954328562209453,1.100227249253535,0.11684752262082387,0.5,0,6,0.0
15.982642223000767,1392,5479.21,-96.9,-0.2,-121.2,-0.36,0.48,-0.98,0.05,-0.86,-0.15,-261.7,402.8,238.0,2.54,-11.23,0.1,0.0,0.8744140895479668,1.1490865937778578,0.13510896350792634,0.5,0,6,0.0
15.994381106000219,1393,5479.22,-97.0,0.0,-121.1,-0.56,0.47,-0.89,0.04,-0.87,-0.16,-257.5,426.3,255.0,2.42,-11.95,-0.23,0.0,0.8854942122905152,1.1517812292271479,0.12154826395007046,0.5,0,6,0.0
16.002451574000588,1394,5479.23,-97.1,0.0,-121.1,-0.58,0.5,-0.89,0.02,-0.91,-0.19,-253.1,452.6,233.0,2.3,-12.53,-0.15,0.0,0.9298386956886662,1.17409539646487,0.07565970494088115,0.5,0,6,0.0
16.014487838000605,1395,5479.24,-97.2,0.1,-121.1,-0.37,0.48,-0.76,0.02,-0.89,-0.21,-248.4,471.5,224.0,2.17,-13.13,-0.24,0.0,0.91465840618233,0.97205966895042,0.0890231945582729,0.5,0,6,0.0
16.022681761000058,1396,5479.25,-97.3,0.1,-121.0,-0.08,0.45,-0.49,0.03,-0.87,-0.22,-243.5,497.2,216.0,2.03,-13.71,-0.17,0.0,0.897886407069402,0.6700746227100381,0.10367928979777685,0.5,0,6,0.0
16.034223740000016,1397,5479.26,-97.3,0.2,-121.0,0.3,0.41,-0.19,0.04,-0.85,-0.23,-238.4,517.0,261.0,1.89,-14.51,-0.07,0.0,0.8814760348415605,0.5424020648928247,0.11768786878510606,0.5,0,6,0.0
16.0425963280004,1398,5479.27,-97.2,0.2,-120.9,0.61,0.44,0.09,0.06,-0.82,-0.25,-233.0,549.7,263.0,1.74,-15.2,-0.18,0.0,0.8593602271457529,0.757495874576225,0.13700760295129533,0.5,0,6,0.0
16.054416282000602,1399,5479.28,-97.2,0.2,-120.9,0.58,0.56,0.4,0.07,-0.8,-0.26,-227.4,573.1,254.0,1.58,-15.89,-0.03,0.0,0.8440971508067067,0.9,0.14922526570453476,0.5,0,6,0.0
16.062523461000637,1400,5479.29,-97.1,0.1,-120.8,0.51,0.65,0.64,0.07,-0.8,-0.24,-221.5,600.8,304.0,1.42,-16.81,-0.14,0.0,0.8381527307120106,1.045083728703112,0.15206629208324618,0.5,0,6,0.0
16.07436845600023,1401,5479.3,-97.1,0.1,-120.7,0.43,0.79,0.81,0.07,-0.81,-0.24,-215.2,634.0,251.0,1.24,-17.39,-0.2,0.0,0.8477027781009097,1.2104131526053408,0.13966591980046017,0.5,0,6,0.0
16.082721446000505,1402,5479.31,-97.0,0.0,-120.6,0.22,0.95,0.93,0.09,-0.86,-0.22,-208.7,654.5,251.0,1.07,-18.08,-0.02,0.0,0.8922443611477743,1.3475162336684483,0.09322185001852368,0.5,0,6,0.0
16.09404715800065,1403,5479.32,-97.0,0.0,-120.5,0.09,1.11,0.95,0.09,-0.9,-0.21,-202.1,671.6,230.0,0.88,-18.66,0.0,0.0,0.9285472524325298,1.463796433934719,0.05578057955909277,0.5,0,6,0.0
16.10202791300071,1404,5479.33,-97.0,-0.1,-120.4,0.03,1.28,0.92,0.08,-0.92,-0.2,-195.1,701.1,226.0,0.69,-19.24,0.07,0.0,0.9448809448814174,1.5766102879278696,0.03865794936800104,0.5,0,6,0.0
16.114621796000392,1405,5479.34,-97.0,-0.1,-120.2,0.05,1.44,0.92,0.08,-0.9,-0.21,-188.0,720.6,226.0,0.49,-19.88,-0.19,0.0,0.9276313923105449,1.7095320997278758,0.05478935190009604,0.5,0,6,0.0
16.122752481000134,1406,5479.35,-97.0,-0.2,-120.1,0.01,1.63,1.05,0.07,-0.87,-0.22,-180.6,754.8,302.0,0.29,-20.82,-0.09,0.0,0.9001111042532471,1.9389430110243056,0.08066344715824592,0.5,0,6,0.0
16.13421152400042,1407,5479.36,-97.0,-0.3,-119.9,-0.19,1.82,1.21,0.08,-0.87,-0.22,-172.9,772.7,210.0,0.08,-21.23,0.2,0.0,0.9009439494219382,2.193763888844923,0.07823398994976372,0.5,0,6,0.0
16.14272131600046,1408,5479.37,-97.0,-0.4,-119.7,-0.56,1.94,1.17,0.08,-0.9,-0.21,-165.1,774.3,74.0,-0.12,-21.16,0.33,0.0,0.9276313923105449,2.33368806827305,0.05051561611993394,0.5,0,6,0.0
16.154304781000064,1409,5479.38,-97.1,-0.5,-119.5,-0.97,1.93,1.04,0.07,-0.93,-0.2,-157.5,756.2,-267.0,-0.33,-19.78,0.07,0.0,0.9538343671728338,2.3973735628808455,0.023826388432492185,0.5,0,6,0.0
16.16251213600026,1410,5479.39,-97.2,-0.6,-119.3,-1.11,1.82,0.89,0.1,-0.95,-0.19,-150.5,655.6,-1047.0,-0.5,-15.6,0.68,0.0,0.9739609848448756,2.3101082225731333,0.0036257753452413333,0.5,0,6,0.0
16.174346462000358,1411,5479.4,-97.3,-0.6,-119.1,-0.05,1.55,0.91,0.26,-0.85,-0.22,-145.3,447.4,-1870.0,-0.61,-9.23,0.93,0.0,0.9156964562561111,1.7980823117977665,0.06065249785532578,0.5,0,6,0.0
16.182716958000128,1412,5479.41,-97.3,-0.7,-118.9,0.2,1.97,1.16,0.12,-1.08,-0.3,-142.5,213.9,-2113.0,-0.66,-3.18,0.87,0.0,1.1272976536833563,2.294885618064656,0.14792972558048112,0.5,0,6,0.0
16.194741167000757,1413,5479.42,-97.3,-0.8,-118.7,-1.31,2.28,0.12,-0.2,-1.38,-0.31,-141.8,18.5,-1859.0,-0.66,1.36,0.46,0.0,1.4284607099952031,2.6322803802026864,0.44011092625448134,0.5,0,6,0.0
16.202669472000707,1414,5479.43,-97.5,-0.7,-118.5,-1.66,2.28,-0.93,-0.28,-1.29,-0.24,-142.5,-105.8,-1308.0,-0.63,4.0,0.39,0.0,1.3416780537819049,2.9696632805757623,0.34626170464035944,0.5,0,6,0.0
16.214267961000587,1415,5479.44,-97.6,-0.6,-118.3,-0.16,1.61,-1.09,-0.25,-1.16,-0.17,-144.2,-187.6,-913.0,-0.57,5.86,0.35,0.0,1.1987493482792806,1.9508459703420977,0.1992663391549805,0.5,0,6,0.0
16.222680512000807,1416,5479.45,-97.6,-0.4,-118.2,-0.18,1.03,-0.94,-0.2,-1.11,-0.16,-146.4,-245.7,-668.0,-0.51,7.31,0.22,0.0,1.1391663618629195,1.4060227594174997,0.13688968568384707,0.5,0,6,0.0
16.23414090300048,1417,5479.46,-97.7,-0.4,-118.1,-0.76,0.76,-0.9,-0.03,-1.05,-0.19,-149.3,-300.0,-598.0,-0.42,8.85,0.38,0.0,1.0674736530706508,1.4018559127100045,0.06389303735374674,0.5,0,6,0.0
16.24272993500017,1418,5479.47,-97.8,-0.2,-118.1,-1.47,0.49,-1.04,0.06,-1.06,-0.19,-152.7,-354.8,-534.0,-0.32,10.19,0.18,0.0,1.078563859954523,1.866172553650921,0.07348357935286676,0.5,0,6,0.0
16.25425721100055,1419,5479.48,-98.0,-0.1,-118.0,-2.48,0.34,-1.35,0.02,-1.18,-0.18,-156.5,-392.3,-382.0,-0.22,10.98,0.07,0.0,1.1938174064738711,2.8440288324839464,0.18496238335477044,0.5,0,6,0.0
16.262669116000325,1420,5479.49,-98.3,0.0,-118.0,-3.11,0.3,-1.87,-0.01,-1.3,-0.15,-160.6,-414.0,-232.0,-0.1,11.37,-0.19,0.0,1.3086634403084698,3.6412909798586544,0.29381224884558166,0.5,0,6,0.0
16.27417354100089,1421,5479.5,-98.6,0.2,-118.0,-3.32,0.1,-2.39,-0.06,-1.37,-0.08,-164.7,-413.8,-5.0,0.0,11.02,-0.23,0.0,1.373644786689776,4.092004398824615,0.3516177233223501,0.5,0,6,0.0
16.28259040300054,1422,5479.51,-98.9,0.4,-118.1,-3.09,-0.29,-2.81,-0.04,-1.43,-0.01,-168.8,-396.4,99.0,0.11,10.6,-0.04,0.0,1.4305942821079636,4.1866812632441945,0.40039587436572677,0.5,0,6,0.0
16.294143305000034,1423,5479.52,-99.2,0.7,-118.2,-2.59,-0.6,-3.34,-0.05,-1.47,0.04,-172.6,-378.4,193.0,0.21,9.92,0.14,0.0,1.471393896956216,4.2689225806987885,0.4323715794296996,0.5,0,6,0.0
16.30264622300001,1424,5479.53,-99.5,1.1,-118.3,-2.28,-0.77,-3.7,-0.07,-1.39,0.04,-176.2,-345.0,295.0,0.3,8.95,-0.3,0.0,1.392336166304675,4.4137625672435075,0.34624757180259547,0.5,0,6,0.0
16.314190731000053,1425,5479.54,-99.7,1.4,-118.5,-1.91,-0.73,-3.71,-0.02,-1.26,0.0,-179.4,-311.7,317.0,0.39,8.07,-0.38,0.0,1.2601587201618691,4.236165719138004,0.2097887231465938,0.5,0,6,0.0
16.322629319000043,1426,5479.55,-99.8,1.8,-118.6,-1.29,-0.32,-3.24,0.08,-1.08,-0.04,-182.3,-274.7,376.0,0.46,6.93,-0.07,0.0,1.0836973747315253,3.502013706426633,0.03266083016192489,0.5,0,6,0.0
16.33407183700001,1427,5479.56,-99.9,2.1,-118.6,-0.61,0.52,-2.34,0.18,-0.96,-0.09,-184.7,-230.7,418.0,0.52,5.74,-0.29,0.0,0.9808669634563089,2.473479330821262,0.06876618949102575,0.5,0,6,0.0
16.34254544400028,1428,5479.57,-100.0,2.2,-118.5,-0.49,1.7,-1.36,0.25,-0.93,-0.09,-186.7,-188.6,413.0,0.57,4.63,-0.04,0.0,0.967212489580237,2.2315241428225687,0.08077225009975564,0.5,0,6,0.0
16.35425680300068,1429,5479.58,-100.0,2.4,-118.3,-0.29,3.08,-0.66,0.29,-0.96,-0.08,-188.3,-147.2,412.0,0.61,3.5,-0.14,0.0,1.0060318086422517,3.163242007814135,0.041113872416986164,0.5,0,6,0.0
16.366674819000764,1430,5479.59,-100.0,2.5,-117.9,0.24,4.42,-0.26,0.32,-1.02,-0.04,-189.5,-106.3,417.0,0.63,2.35,0.0,0.0,1.0697663296253066,4.434140277438232,0.022168235594747232,0.5,0,6,0.0
16.37468846700085,1431,5479.6,-99.9,2.6,-117.4,0.92,5.47,-0.25,0.34,-1.07,0.0,-190.3,-64.6,416.0,0.65,1.25,-0.14,0.0,1.1227199116431488,5.552458914751193,0.07361938126033762,0.5,0,6,0.0
16.38278762400023,1432,5479.61,-99.8,2.7,-116.9,1.28,6.25,-0.58,0.28,-1.09,0.0,-190.6,-22.4,433.0,0.65,0.03,0.03,0.0,1.1253888216967505,6.4060362159450825,0.07476252548766049,0.5,0,6,0.0
16.394867773000442,1433,5479.62,-99.6,2.9,-116.2,1.57,6.58,-1.05,0.17,-1.06,0.05,-190.6,18.0,354.0,0.65,-0.77,-0.21,0.0,1.074709263010234,6.845713987598372,0.023601307465121124,0.5,0,6,0.0
16.402783519000877,1434,5479.63,-99.4,3.2,-115.6,1.99,6.45,-1.46,0.05,-1.04,0.09,-190.2,35.4,215.0,0.64,-1.13,-0.01,0.0,1.045083728703112,6.9060987539999745,0.005903742305160664,0.5,0,6,0.0
16.414318794000792,1435,5479.64,-99.1,3.4,-115.0,2.19,5.93,-1.69,-0.05,-1.01,0.1,-189.8,44.5,104.0,0.63,-1.23,-0.18,0.0,1.0161692772368194,6.543477668640736,0.03412182989602419,0.5,0,6,0.0
16.422772589000488,1436,5479.65,-98.9,3.7,-114.5,1.83,5.32,-1.71,-0.16,-0.99,0.09,-189.4,43.8,17.0,0.61,-1.14,-0.01,0.0,1.0068763578513502,5.8800850333987515,0.04254645429586357,0.5,0,6,0.0
16.434171880000576,1437,5479.66,-98.7,3.9,-114.0,1.6,4.73,-1.45,-0.24,-0.96,0.06,-189.0,36.8,-70.0,0.61,-0.8,0.0,0.0,0.9913626985114984,5.19955767349493,0.05689891136300107,0.5,0,6,0.0
16.442759054000817,1438,5479.67,-98.5,4.1,-113.6,1.49,4.19,-0.97,-0.25,-0.92,0.04,-188.7,19.4,-154.0,0.6,-0.25,0.13,0.0,0.9542012366372201,4.551604112837583,0.09217916577253371,0.5,0,6,0.0
16.454225968000173,1439,5479.68,-98.3,4.2,-113.2,1.45,3.63,-0.46,-0.19,-0.91,0.0,-188.7,-2.1,-176.0,0.6,0.23,-0.05,0.0,0.929623579735368,3.9358607698951955,0.11442168622089799,0.5,0,6,0.0
16.462670913000693,1440,5479.69,-98.2,4.3,-112.9,1.16,3.12,0.0,-0.14,-0.91,-0.02,-188.8,-13.6,-124.0,0.61,0.49,0.0,0.0,0.9209234495874237,3.3286633954186478,0.12065938004146548,0.5,0,6,0.0
16.47420964200046,1441,5479.7,-98.1,4.3,-112.6,0.78,2.71,0.42,-0.1,-0.91,-0.03,-189.0,-24.7,-136.0,0.61,0.88,0.11,0.0,0.9159694318043589,2.85112258592997,0.12310112986803967,0.5,0,6,0.0
16.482738461000736,1442,5479.71,-98.0,4.3,-112.4,0.76,2.49,0.79,-0.08,-0.93,-0.04,-189.4,-40.5,-151.0,0.62,1.3,-0.01,0.0,0.9342911751697113,2.720624928210429,0.10268379877263356,0.5,0,6,0.0
16.494285555000715,1443,5479.72,-97.9,4.2,-112.1,1.04,2.34,1.04,-0.07,-0.95,-0.03,-189.9,-60.1,-197.0,0.64,1.91,-0.01,0.0,0.9530477427705287,2.7638379113110085,0.08224868654837969,0.5,0,6,0.0
16.502659007000148,1444,5479.73,-97.7,4.2,-111.9,1.32,2.19,1.17,-0.06,-0.94,-0.03,-190.6,-80.9,-193.0,0.66,2.42,0.1,0.0,0.9423905772024675,2.8120099573081174,0.09104773507411201,0.5,0,6,0.0
16.514214030000403,1445,5479.74,-97.6,4.1,-111.6,1.44,1.97,1.24,-0.07,-0.92,-0.02,-191.6,-98.3,-175.0,0.69,2.86,-0.08,0.0,0.9228759396581969,2.737170071442401,0.10835112516601497,0.5,0,6,0.0
16.522762745000364,1446,5479.75,-97.4,4.0,-111.4,1.36,1.77,1.28,-0.08,-0.9,-0.02,-192.7,-114.7,-166.0,0.72,3.31,0.04,0.0,0.9037698822156003,2.573110957576451,0.12490803895643932,0.5,0,6,0.0
16.533968302000176,1447,5479.76,-97.3,3.9,-111.3,1.33,1.56,1.11,-0.09,-0.9,-0.01,-193.9,-127.7,-130.0,0.76,3.59,0.12,0.0,0.9045440840556087,2.331222855069845,0.12165116037410217,0.5,0,6,0.0
16.54276741600006,1448,5479.77,-97.1,3.8,-111.1,1.16,1.24,1.04,-0.11,-0.86,0.0,-195.3,-137.2,-100.0,0.8,3.81,0.07,0.0,0.8670063436907482,1.9911805543445829,0.15600512272418343,0.5,0,6,0.0
16.554075438000837,1449,5479.78,-97.0,3.7,-111.0,0.93,0.91,1.02,-0.12,-0.83,-0.01,-196.7,-141.7,-46.0,0.84,3.86,0.07,0.0,0.8386894538504701,1.6532997308413258,0.1806355723131723,0.5,0,6,0.0
16.562745371000346,1450,5479.79,-96.9,3.6,-110.9,0.55,0.55,1.02,-0.13,-0.82,-0.01,-198.1,-142.2,-11.0,0.87,3.83,0.05,0.0,0.8303011501858828,1.282731460594929,0.18524339845820448,0.5,0,6,0.0
16.573975335000796,1451,5479.8,-96.9,3.5,-110.9,0.17,0.13,1.02,-0.12,-0.83,-0.02,-199.5,-138.7,26.0,0.91,3.7,0.02,0.0,0.8388682852510279,1.0422091920531118,0.1731427381251982,0.5,0,6,0.0
16.582751746000213,1452,5479.81,-96.9,3.4,-110.8,0.05,-0.04,0.88,-0.11,-0.88,-0.05,-200.8,-133.2,51.0,0.95,3.53,0.11,0.0,0.888256719648098,0.8823264701911645,0.12127921765356542,0.5,0,6,0.0
16.594028786000308,1453,5479.82,-96.9,3.3,-110.8,0.37,-0.26,0.68,-0.09,-0.89,-0.07,-202.1,-124.9,75.0,0.98,3.28,0.16,0.0,0.8972736483370054,0.816639455328972,0.11001704318536487,0.5,0,6,0.0
16.602754432000438,1454,5479.83,-96.8,3.3,-110.9,0.61,-0.44,0.69,-0.08,-0.87,-0.09,-203.3,-117.7,73.0,1.01,3.08,0.01,0.0,0.8782938005018593,1.0206860437960341,0.1264169532001006,0.5,0,6,0.0
16.614080115000434,1455,5479.84,-96.8,3.2,-110.9,0.72,-0.54,0.68,-0.07,-0.89,-0.12,-204.4,-108.9,85.0,1.04,2.84,-0.15,0.0,0.9007774419910837,1.128007092176286,0.10185464547665868,0.5,0,6,0.0
16.622634791000564,1456,5479.85,-96.7,3.1,-111.0,0.93,-0.62,0.49,-0.08,-0.89,-0.14,-205.4,-98.5,99.0,1.07,2.54,-0.11,0.0,0.9044888059008801,1.220409767250328,0.09618041593552495,0.5,0,6,0.0
16.63401828300084,1457,5479.86,-96.6,3.1,-111.0,1.13,-0.71,0.19,-0.1,-0.87,-0.14,-206.4,-87.8,106.0,1.09,2.25,0.1,0.0,0.8868483523128404,1.3479985163196582,0.11154445213309339,0.5,0,6,0.0
16.642769474000488,1458,5479.87,-96.5,3.1,-111.1,1.45,-0.88,-0.18,-0.13,-0.85,-0.11,-207.2,-76.9,102.0,1.11,1.99,-0.08,0.0,0.8668909966079934,1.705667024949477,0.12887177168118158,0.5,0,6,0.0
16.653971688000638,1459,5479.88,-96.3,3.1,-111.2,1.61,-1.15,-0.57,-0.16,-0.8,-0.11,-207.9,-67.6,94.0,1.13,1.73,-0.09,0.0,0.8232253640407347,2.0590046138850684,0.16908665616347152,0.5,0,6,0.0
16.66283482000017,1460,5479.89,-96.2,3.2,-111.4,1.22,-1.45,-0.88,-0.17,-0.77,-0.12,-208.5,-60.4,75.0,1.15,1.55,0.03,0.0,0.7976214641043707,2.0893300361599167,0.19079674497783872,0.5,0,6,0.0
16.67429648400048,1461,5479.9,-96.1,3.2,-111.5,0.48,-1.76,-1.05,-0.17,-0.77,-0.15,-209.1,-55.1,56.0,1.16,1.44,0.02,0.0,0.8026830009412184,2.1048752932181043,0.18202050397817127,0.5,0,6,0.0
16.682706564,1462,5479.91,-96.1,3.3,-111.7,-0.4,-1.95,-1.07,-0.14,-0.82,-0.17,-209.6,-53.0,19.0,1.18,1.45,0.09,0.0,0.8490583018850942,2.2599557517792244,0.13293229897360948,0.5,0,6,0.0
16.693947526000557,1463,5479.92,-96.2,3.4,-111.9,-0.88,-2.01,-1.01,-0.07,-0.91,-0.15,-210.1,-54.3,-1.0,1.19,1.48,-0.02,0.0,0.9249324299644812,2.4154916683772685,0.05591700747633799,0.5,0,6,0.0
16.70273034100046,1464,5479.93,-96.3,3.5,-112.2,-0.68,-2.08,-0.98,-0.01,-0.96,-0.13,-210.7,-57.8,-25.0,1.21,1.61,-0.04,0.0,0.9688137075826291,2.3977489443225704,0.011795015261026331,0.5,0,6,0.0
16.714181383000323,1465,5479.94,-96.4,3.5,-112.4,-0.19,-2.13,-0.96,0.03,-0.95,-0.15,-211.3,-62.7,-48.0,1.22,1.78,0.08,0.0,0.9622369770487933,2.3440563133167256,0.018004310878964924,0.5,0,6,0.0
16.722553099000834,1466,5479.95,-96.4,3.6,-112.6,0.05,-2.07,-0.97,0.06,-0.91,-0.18,-212.0,-70.8,-84.0,1.24,2.06,-0.15,0.0,0.9295697929687691,2.2865476159485505,0.04965806505980941,0.5,0,6,0.0
16.734054631000618,1467,5479.96,-96.5,3.7,-112.8,-0.11,-1.93,-1.03,0.07,-0.87,-0.19,-212.8,-82.3,-107.0,1.27,2.39,0.25,0.0,0.8932524839036273,2.190410920352617,0.0842558666424521,0.5,0,6,0.0
16.742626646000645,1468,5479.97,-96.6,3.7,-113.0,-0.69,-1.74,-0.97,0.06,-0.85,-0.19,-213.7,-95.4,-125.0,1.29,2.76,0.01,0.0,0.8730406634286859,2.108221999695478,0.10237833337504565,0.5,0,6,0.0
16.75409165400015,1469,5479.98,-96.8,3.8,-113.2,-1.32,-1.39,-0.72,0.07,-0.9,-0.2,-214.7,-109.2,-139.0,1.32,3.15,0.08,0.0,0.924608025057105,2.04765719787273,0.049794752311693946,0.5,0,6,0.0
16.762680959000136,1470,5479.99,-97.0,3.9,-113.3,-1.4,-1.01,-0.48,0.07,-0.99,-0.21,-215.9,-123.8,-142.0,1.36,3.54,0.05,0.0,1.0144456614328832,1.7917868176767011,0.0392420263828025,0.5,0,6,0.0
16.774081988000034,1471,5480.0,-97.2,3.9,-113.4,-0.89,-0.69,-0.23,0.06,-1.05,-0.23,-216.9,-133.8,-154.0,1.4,3.86,0.14,0.0,1.0765686229869418,1.1493911431710269,0.09933768817812383,0.5,0,6,0.0
16.782687823000742,1472,5480.01,-97.3,3.9,-113.5,-0.15,-0.49,0.02,0.04,-1.06,-0.26,-218.7,-148.4,-133.0,1.44,4.18,-0.12,0.0,1.092153835318084,0.5128352561983234,0.11262444249908066,0.5,0,6,0.0
16.79406112200013,1473,5480.02,-97.3,3.9,-113.5,0.15,-0.47,0.23,0.0,-1.04,-0.25,-220.3,-158.3,-109.0,1.48,4.42,-0.01,0.0,1.0696261028976435,0.5443344560102732,0.08829477587706736,0.5,0,6,0.0
16.802791599000557,1474,5480.03,-97.3,3.8,-113.6,-0.33,-0.64,0.46,-0.04,-1.03,-0.26,-221.9,-168.5,-104.0,1.53,4.71,-0.12,0.0,1.0630616162763098,0.8544588931013593,0.08009568347061902,0.5,0,6,0.0
16.81396734900045,1475,5480.04,-97.4,3.8,-113.6,-0.95,-0.87,0.63,-0.06,-1.07,-0.26,-223.7,-181.1,-133.0,1.58,5.13,0.14,0.0,1.102769241500687,1.433980474065111,0.11740724252109624,0.5,0,6,0.0
16.822706797000137,1476,5480.05,-97.5,3.7,-113.7,-1.28,-1.11,0.91,-0.07,-1.1,-0.24,-225.6,-196.7,-148.0,1.63,5.53,0.21,0.0,1.1280514172678477,1.9231744590650117,0.139835629922492,0.5,0,6,0.0
16.834124317000715,1477,5480.06,-97.6,3.5,-113.8,-1.17,-1.32,1.32,-0.04,-1.13,-0.25,-227.7,-213.5,-166.0,1.69,6.02,0.32,0.0,1.158015543937127,2.203111436128459,0.16640376145993574,0.5,0,6,0.0
16.842730048000703,1478,5480.07,-97.7,3.4,-113.9,-0.76,-1.4,1.64,-0.03,-1.19,-0.26,-229.9,-231.5,-177.0,1.75,6.52,0.04,0.0,1.2184416276539471,2.286307065990918,0.22229324827322083,0.5,0,6,0.0
16.854137444000116,1479,5480.08,-97.8,3.2,-114.1,-0.28,-1.49,1.74,-0.04,-1.23,-0.21,-232.4,-251.1,-199.0,1.82,7.1,0.0,0.0,1.2484390253432485,2.307834482799839,0.24724483304327172,0.5,0,6,0.0
16.862610275000407,1480,5480.09,-97.8,2.9,-114.2,-0.08,-1.53,1.78,-0.05,-1.24,-0.15,-235.1,-273.2,-213.0,1.9,7.69,0.09,0.0,1.2500399993600204,2.348552745841575,0.2438688909188429,0.5,0,6,0.0
16.874165064000408,1481,5480.1,-97.8,2.7,-114.3,-0.28,-1.46,1.96,-0.02,-1.25,-0.08,-237.9,-292.6,-188.0,1.98,8.15,0.27,0.0,1.252717047062105,2.46,0.24161501984850897,0.5,0,6,0.0
16.88273300400033,1482,5480.11,-97.8,2.4,-114.4,-0.63,-1.27,2.3,0.03,-1.29,-0.03,-241.0,-310.2,-197.0,2.06,8.71,0.16,0.0,1.2906974858579372,2.701814205307241,0.27400354947145433,0.5,0,6,0.0
16.89409503600018,1483,5480.12,-97.8,2.1,-114.5,-0.52,-1.13,2.76,0.04,-1.33,0.03,-243.9,-332.3,-233.0,2.15,9.4,0.01,0.0,1.3309395177843357,3.0273585846410724,0.3079606697698958,0.5,0,6,0.0
16.902783102000285,1484,5480.13,-97.9,1.8,-114.6,-0.13,-1.07,3.34,0.05,-1.32,0.1,-247.4,-353.8,-200.0,2.25,9.88,0.09,0.0,1.3247263868437136,3.509615363540569,0.2957125880526881,0.5,0,6,0.0
16.914150169000095,1485,5480.14,-97.9,1.5,-114.6,0.43,-1.14,3.64,0.05,-1.35,0.16,-251.1,-374.2,-227.0,2.35,10.58,-0.01,0.0,1.360367597379473,3.838502312100385,0.32472672261667856,0.5,0,6,0.0
16.92271200900086,1486,5480.15,-97.8,1.1,-114.7,1.2,-1.54,3.24,-0.06,-1.27,0.18,-255.0,-400.4,-227.0,2.46,11.14,0.04,0.0,1.2840950120610235,3.7827503221862266,0.24348505455226443,0.5,0,6,0.0
16.93393193400061,1487,5480.16,-97.6,0.8,-114.9,1.16,-2.25,2.53,-0.23,-1.14,0.23,-259.0,-412.6,-127.0,2.58,11.32,-0.03,0.0,1.1854956769216831,3.5789663312191133,0.14198800502466558,0.5,0,6,0.0
16.94264603300053,1488,5480.17,-97.6,0.5,-115.1,0.29,-3.36,1.79,-0.32,-1.05,0.29,-263.3,-420.0,-93.0,2.69,11.5,-0.1,0.0,1.135341358358798,3.8180885269988174,0.08999701273254468,0.5,0,6,0.0
16.95457227100087,1489,5480.18,-97.6,0.3,-115.5,-0.26,-4.6,1.05,-0.32,-1.05,0.33,-267.5,-422.0,-17.0,2.8,11.42,-0.06,0.0,1.1462111498323508,4.725473521246309,0.09884946812197559,0.5,0,6,0.0
16.96267319800063,1490,5480.19,-97.6,0.2,-116.0,-0.06,-5.86,0.47,-0.3,-1.02,0.31,-271.6,-416.2,55.0,2.92,11.08,-0.16,0.0,1.1074746046749786,5.879124084419379,0.05891066450531124,0.5,0,6,0.0
16.97411566000028,1491,5480.2,-97.6,0.1,-116.6,0.26,-6.67,0.21,-0.26,-0.96,0.24,-275.6,-393.0,231.0,3.02,10.13,-0.25,0.0,1.023132444994293,6.6783680641306375,0.024922865271866934,0.5,0,6,0.0
16.98271124800067,1492,5480.21,-97.6,0.0,-117.3,0.41,-7.08,0.35,-0.2,-0.89,0.2,-279.4,-359.5,278.0,3.12,9.32,-0.17,0.0,0.9338629449764029,7.100492940634474,0.11190851798396184,0.5,0,6,0.0
16.994062597000266,1493,5480.22,-97.5,-0.1,-118.0,0.41,-7.34,0.58,-0.1,-0.92,0.12,-282.7,-324.5,345.0,3.2,8.11,-0.14,0.0,0.9331666517830564,7.374286406154836,0.1103527149537622,0.5,0,6,0.0
17.0026961020003,1494,5480.23,-97.5,-0.2,-118.8,0.82,-7.28,0.68,0.0,-0.92,0.03,-285.6,-278.3,440.0,3.28,6.82,-0.35,0.0,0.9204890004774636,7.357526758361128,0.12056975893416777,0.5,0,6,0.0
17.014080969000133,1495,5480.24,-97.4,-0.4,-119.4,1.08,-6.73,0.88,0.09,-0.94,-0.03,-288.1,-230.4,462.0,3.33,5.69,0.0,0.0,0.9447751055145346,6.872677789624653,0.09435798081915481,0.5,0,6,0.0
17.022658921000584,1496,5480.25,-97.2,-0.6,-120.1,1.16,-6.0,0.98,0.16,-0.95,-0.06,-290.0,-184.4,473.0,3.38,4.28,-0.16,0.0,0.9652460826131334,6.189184114243169,0.07240926364614497,0.5,0,6,0.0
17.033892832000674,1497,5480.26,-97.1,-0.7,-120.6,1.47,-5.16,0.92,0.19,-0.95,-0.07,-291.6,-135.6,487.0,3.42,2.91,-0.33,0.0,0.9713392816107047,5.443610933929794,0.06498974335560215,0.5,0,6,0.0
17.042632412000785,1498,5480.27,-96.9,-0.9,-121.1,1.5,-4.34,0.7,0.2,-0.94,-0.09,-292.6,-85.0,497.0,3.44,1.55,-0.24,0.0,0.9652460826131334,4.64495425165846,0.06966128350611,0.5,0,6,0.0
17.053947828000673,1499,5480.28,-96.8,-1.0,-121.4,0.75,-3.52,0.3,0.21,-0.92,-0.1,-293.1,-35.9,485.0,3.44,0.41,0.04,0.0,0.9489467845985886,3.6114955350934603,0.08424136989024178,0.5,0,6,0.0
17.062711076000596,1500,5480.29,-96.8,-1.0,-121.7,-0.58,-2.76,-0.16,0.2,-0.95,-0.1,-293.1,5.7,410.0,3.44,-0.65,-0.15,0.0,0.9759610647971567,2.8248185782453357,0.056082547897840285,0.5,0,6,0.0
17.07388529200034,1501,5480.3,-96.9,-1.0,-122.0,-1.63,-2.04,-0.64,0.17,-0.99,-0.11,-292.9,38.0,348.0,3.43,-1.5,-0.09,0.0,1.0104949282406122,2.6885125999332793,0.021117710765297115,0.5,0,6,0.0
17.082730786000866,1502,5480.31,-97.1,-0.9,-122.2,-1.99,-1.38,-0.96,0.13,-1.0,-0.1,-292.3,67.5,300.0,3.41,-2.26,-0.28,0.0,1.0133607452432722,2.6050143953536993,0.017886855887384367,0.5,0,6,0.0
17.094026411000414,1503,5480.32,-97.3,-0.9,-122.3,-1.78,-0.9,-1.09,0.1,-0.99,-0.08,-291.4,93.8,275.0,3.38,-2.93,0.01,0.0,0.9982484660644363,2.2729936207565564,0.03233915236489582,0.5,0,6,0.0
17.102506100000028,1504,5480.33,-97.4,-0.7,-122.4,-1.43,-0.55,-1.08,0.06,-0.96,-0.08,-290.3,118.7,254.0,3.34,-3.63,-0.25,0.0,0.9651942809610923,1.8745132701584164,0.06408547071887494,0.5,0,6,0.0
17.114193275000616,1505,5480.34,-97.6,-0.6,-122.4,-1.32,-0.31,-1.04,0.04,-0.95,-0.08,-289.0,143.6,252.0,3.3,-4.28,0.1,0.0,0.95420123663722,1.7088300090997937,0.07357694474189225,0.5,0,6,0.0
17.12270978200013,1506,5480.35,-97.7,-0.5,-122.5,-1.17,-0.14,-0.99,0.04,-0.93,-0.09,-287.3,168.4,249.0,3.26,-4.95,-0.12,0.0,0.9352005132590552,1.5390256658028805,0.09072611475765602,0.5,0,6,0.0
17.134055545000592,1507,5480.36,-97.8,-0.3,-122.5,-0.98,-0.03,-0.93,0.06,-0.92,-0.1,-285.5,193.5,252.0,3.2,-5.69,-0.25,0.0,0.9273618495495705,1.3513696755514384,0.09659348289779801,0.5,0,6,0.0
17.142641624000134,1508,5480.37,-97.8,-0.2,-122.5,-0.82,0.12,-0.83,0.08,-0.9,-0.12,-283.3,220.9,264.0,3.14,-6.39,0.0,0.0,0.9114823092084673,1.1729023829799305,0.11022356277412315,0.5,0,6,0.0
17.153773642000488,1509,5480.38,-97.9,-0.1,-122.5,-0.72,0.34,-0.68,0.09,-0.9,-0.13,-281.0,245.7,244.0,3.08,-6.95,-0.19,0.0,0.9137833441248533,1.047091209016674,0.10576407730058235,0.5,0,6,0.0
17.162630105000062,1510,5480.39,-98.0,0.0,-122.4,-0.56,0.55,-0.56,0.1,-0.91,-0.14,-278.3,265.6,209.0,3.0,-7.52,-0.09,0.0,0.9261209424259879,0.9642095207992919,0.09155794941945883,0.5,0,6,0.0
17.174106637000477,1511,5480.4,-98.0,0.1,-122.4,-0.35,0.8,-0.48,0.11,-0.9,-0.14,-275.5,288.1,242.0,2.92,-8.27,0.19,0.0,0.9174420962654809,0.9964436762808022,0.09823205966836646,0.5,0,6,0.0
17.182638532000055,1512,5480.41,-98.1,0.1,-122.3,-0.36,1.04,-0.44,0.11,-0.91,-0.15,-272.4,317.4,271.0,2.83,-9.04,-0.14,0.0,0.9288164511893617,1.1852425912023243,0.085120550649596,0.5,0,6,0.0
17.193990928000858,1513,5480.42,-98.1,0.2,-122.2,-0.45,1.25,-0.42,0.11,-0.9,-0.17,-269.1,342.4,245.0,2.74,-9.59,-0.12,0.0,0.922496612459905,1.393341307792172,0.08961158159147176,0.5,0,6,0.0
17.202723001000777,1514,5480.43,-98.2,0.2,-122.1,-0.54,1.46,-0.41,0.11,-0.9,-0.18,-265.6,366.2,239.0,2.63,-10.34,-0.37,0.0,0.9243916918709298,1.6097515336225028,0.08596217213683799,0.5,0,6,0.0
17.214080682000713,1515,5480.44,-98.2,0.3,-121.9,-0.43,1.64,-0.42,0.09,-0.91,-0.19,-261.7,390.3,232.0,2.53,-10.95,-0.15,0.0,0.9339700209321496,1.7466825699021558,0.07485616621410573,0.5,0,6,0.0
17.22263543400004,1516,5480.45,-98.2,0.4,-121.7,-0.2,1.81,-0.44,0.08,-0.9,-0.19,-257.7,413.9,251.0,2.41,-11.72,0.0,0.0,0.9233092656309694,1.873419333731773,0.08380658308498035,0.5,0,6,0.0
17.233982786000524,1517,5480.46,-98.3,0.5,-121.6,0.0,1.91,-0.42,0.05,-0.89,-0.2,-253.3,440.5,227.0,2.3,-12.18,0.06,0.0,0.9135644476444998,1.955632889885011,0.09168037305002097,0.5,0,6,0.0
17.24263880000035,1518,5480.47,-98.3,0.5,-121.4,0.07,1.96,-0.28,0.04,-0.87,-0.22,-248.8,456.7,196.0,2.16,-12.81,-0.21,0.0,0.898276126811795,1.9811360377318867,0.10482932000507128,0.5,0,6,0.0
17.2538008800002,1519,5480.48,-98.3,0.6,-121.2,0.21,2.03,-0.06,0.05,-0.85,-0.24,-244.1,482.4,231.0,2.04,-13.35,-0.09,0.0,0.8846468221838588,2.0417149654151037,0.11608945214034727,0.5,0,6,0.0
17.26261667900053,1520,5480.49,-98.3,0.6,-121.0,0.55,2.16,0.05,0.05,-0.87,-0.23,-239.0,503.5,257.0,1.89,-14.22,0.02,0.0,0.9012768719988326,2.2294842452908252,0.09747021427886604,0.5,0,6,0.0
17.273845750000874,1521,5480.5,-98.2,0.6,-120.7,0.82,2.23,0.26,0.05,-0.81,-0.23,-233.8,537.7,273.0,1.74,-14.98,0.05,0.0,0.8435045939412541,2.3901673581571647,0.15213764248971562,0.5,0,6,0.0
17.282690666000235,1522,5480.51,-98.1,0.6,-120.5,0.89,2.3,0.63,0.05,-0.76,-0.24,-228.2,562.1,263.0,1.59,-15.69,-0.36,0.0,0.798561206170197,2.5453879861427806,0.19313940965555731,0.5,0,6,0.0
17.29407285200068,1523,5480.52,-98.0,0.6,-120.3,0.88,2.44,0.96,0.05,-0.74,-0.25,-222.5,589.8,297.0,1.44,-16.47,-0.15,0.0,0.7826876771739797,2.7657910260900045,0.2048326798787391,0.5,0,6,0.0
17.30269540000063,1524,5480.53,-97.9,0.5,-120.0,0.73,2.61,1.25,0.03,-0.74,-0.26,-216.3,624.5,284.0,1.25,-17.25,-0.12,0.0,0.7849203781276162,2.9845435161846776,0.1985479793466005,0.5,0,6,0.0
17.31404885900065,1525,5480.54,-97.9,0.4,-119.7,0.3,2.77,1.46,0.03,-0.77,-0.24,-209.9,646.0,267.0,1.1,-17.93,-0.01,0.0,0.8070935509592428,3.1455524157133357,0.17284731038467438,0.5,0,6,0.0
17.32264711500011,1526,5480.55,-97.9,0.3,-119.4,-0.18,2.84,1.48,0.03,-0.84,-0.2,-203.3,664.3,201.0,0.9,-18.5,-0.11,0.0,0.8640023148117139,3.2075535848992454,0.11361977560155934,0.5,0,6,0.0
17.333873462000156,1527,5480.56,-98.0,0.2,-119.1,-0.58,2.75,1.36,0.02,-0.89,-0.18,-196.4,694.2,240.0,0.71,-19.12,-0.23,0.0,0.9082400563727632,3.122258797729618,0.06799439335969981,0.5,0,6,0.0
17.342618046000098,1528,5480.57,-98.1,0.1,-118.8,-0.69,2.64,1.25,0.03,-0.93,-0.18,-189.4,713.0,227.0,0.51,-19.76,-0.13,0.0,0.947734139935879,3.0013663555121024,0.027930303600652295,0.5,0,6,0.0
17.354620448000787,1529,5480.58,-98.2,0.1,-118.6,-0.63,2.54,1.09,0.03,-0.95,-0.19,-182.0,745.5,333.0,0.3,-20.76,-0.49,0.0,0.9692780818733084,2.8348897685800765,0.006258634429958332,0.5,0,6,0.0
17.362556322000273,1530,5480.59,-98.3,0.0,-118.3,-0.48,2.43,1.01,0.04,-0.93,-0.2,-174.3,767.0,208.0,0.1,-21.08,-0.12,0.0,0.9521029356114812,2.674957943594628,0.02296510507794991,0.5,0,6,0.0
17.373895764000736,1531,5480.6,-98.3,0.0,-118.1,-0.45,2.32,0.96,0.03,-0.93,-0.21,-166.6,764.6,-16.0,-0.1,-20.65,0.24,0.0,0.9538867857350788,2.5507841931453155,0.020757629855265303,0.5,0,6,0.0
17.382662679000532,1532,5480.61,-98.4,0.0,-117.8,-0.46,2.19,0.85,0.03,-0.93,-0.21,-159.2,733.8,-449.0,-0.3,-18.21,0.66,0.0,0.9538867857350788,2.3937836159519517,0.020342477258159963,0.5,0,6,0.0
17.394090235000476,1533,5480.62,-98.5,0.0,-117.6,0.04,1.9,0.91,0.13,-0.87,-0.22,-152.8,584.5,-1387.0,-0.44,-12.68,0.83,0.0,0.9067524469225324,2.1070595625183453,0.06612727974929222,0.5,0,6,0.0
17.402711616000488,1534,5480.63,-98.4,-0.1,-117.4,1.05,2.04,1.33,0.19,-0.89,-0.28,-148.4,364.1,-1929.0,-0.53,-6.74,0.73,0.0,0.9521554494934112,2.651980392084376,0.020309791634845142,0.5,0,6,0.0
17.41398173900052,1535,5480.64,-98.3,-0.2,-117.2,0.25,2.2,1.0,-0.08,-1.24,-0.33,-146.2,167.1,-1830.0,-0.56,-2.12,0.61,0.0,1.285651585772755,2.4295061226512686,0.3069226177516087,0.5,0,6,0.0
17.422638774000006,1536,5480.65,-98.4,-0.2,-116.9,-1.2,2.42,-0.07,-0.31,-1.33,-0.29,-145.6,18.1,-1497.0,-0.56,1.23,0.46,0.0,1.3961017154921056,2.702091782304961,0.4090252925215401,0.5,0,6,0.0
17.43405628200071,1537,5480.66,-98.5,-0.1,-116.7,-0.35,1.69,-0.61,-0.23,-1.16,-0.17,-146.2,-84.7,-1102.0,-0.53,3.53,0.16,0.0,1.1947384651043926,1.830491737211616,0.20350880129115057,0.5,0,6,0.0
17.442615741000736,1538,5480.67,-98.5,0.0,-116.6,0.83,1.25,-0.27,-0.12,-1.07,-0.23,-147.5,-161.3,-839.0,-0.48,5.37,0.34,0.0,1.1009995458672996,1.5245655118754327,0.10757448441297646,0.5,0,6,0.0
17.453834987000846,1539,5480.68,-98.4,0.0,-116.5,0.14,0.98,-0.13,-0.1,-1.1,-0.23,-149.6,-223.6,-678.0,-0.41,6.96,0.24,0.0,1.1282287002199511,0.9984487968844471,0.13210756599031537,0.5,0,6,0.0
17.462562557000638,1540,5480.69,-98.5,0.0,-116.4,-1.1,1.01,-0.39,0.0,-1.13,-0.28,-152.3,-283.6,-631.0,-0.33,8.58,0.36,0.0,1.1641735265844175,1.543437721451695,0.16469134450768608,0.5,0,6,0.0
17.473866814000758,1541,5480.7,-98.7,0.0,-116.3,-2.13,1.04,-0.95,0.02,-1.2,-0.22,-155.5,-336.9,-530.0,-0.24,9.8,0.41,0.0,1.2201639234135715,2.5536248745655654,0.2162681065101033,0.5,0,6,0.0
17.482626881000215,1542,5480.71,-99.0,0.1,-116.2,-2.9,0.87,-1.5,-0.03,-1.28,-0.2,-159.1,-375.5,-396.0,-0.13,10.59,0.0,0.0,1.295878080685062,3.378890350396118,0.2861426185059619,0.5,0,6,0.0
17.494210348000706,1543,5480.72,-99.3,0.3,-116.2,-3.33,0.78,-2.2,-0.08,-1.4,-0.15,-163.0,-392.1,-165.0,-0.03,10.57,-0.07,0.0,1.4102836594104038,4.066607923072988,0.39253723328667767,0.5,0,6,0.0
17.502464092000082,1544,5480.73,-99.6,0.6,-116.2,-3.16,0.39,-2.87,-0.09,-1.46,-0.05,-166.9,-380.7,50.0,0.06,10.09,-0.19,0.0,1.4636256351950112,4.286560392669162,0.43696162488985935,0.5,0,6,0.0
17.5137901600001,1545,5480.74,-99.9,0.9,-116.2,-2.9,-0.14,-3.68,-0.12,-1.6,0.02,-170.6,-361.7,162.0,0.16,9.42,-0.19,0.0,1.6046183346827372,4.687429999477326,0.5663952378900337,0.5,0,7,0.0
17.522491895000712,1546,5480.75,-100.2,1.3,-116.3,-2.76,-0.73,-4.58,-0.21,-1.59,0.05,-174.0,-330.3,290.0,0.25,8.42,-0.16,0.0,1.6045871743224174,5.39693431496067,0.5550367959791196,0.5,0,7,0.0
17.53372075900006,1547,5480.76,-100.4,1.8,-116.5,-2.28,-1.13,-4.98,-0.22,-1.44,0.05,-177.0,-293.4,339.0,0.33,7.43,0.04,0.0,1.4575664650368434,5.592468149216408,0.3998557649596748,0.5,0,7,0.0
17.542428546000338,1548,5480.77,-100.6,2.2,-116.7,-1.11,-1.27,-4.5,-0.09,-1.17,0.01,-179.7,-257.3,357.0,0.39,6.44,-0.08,0.0,1.173499041328965,4.805725751642513,0.1134725744267604,0.5,0,7,0.0
17.55374794600084,1549,5480.78,-100.7,2.6,-116.9,-0.16,-0.95,-3.25,0.13,-0.95,-0.05,-182.0,-220.0,367.0,0.45,5.39,-0.22,0.0,0.9601562372864116,3.389778753842203,0.09787282502347705,0.5,0,7,0.0
17.562510879,1550,5480.79,-100.7,2.8,-117.0,0.11,-0.12,-1.91,0.33,-0.84,-0.14,-183.9,-181.7,373.0,0.5,4.41,-0.24,0.0,0.9132907532653551,1.9169246203228754,0.14184354286364287,0.5,0,7,0.0
17.573867776000043,1551,5480.8,-100.7,2.9,-117.0,-0.18,1.16,-0.85,0.43,-0.83,-0.17,-185.5,-146.2,359.0,0.53,3.45,-0.05,0.0,0.9501052573267869,1.449310180741169,0.10292845802616701,0.5,0,7,0.0
17.58243353800026,1552,5480.81,-100.7,3.0,-116.8,-0.26,2.94,-0.16,0.45,-0.88,-0.16,-186.7,-112.1,344.0,0.56,2.53,-0.1,0.0,1.0012492197250393,2.9558078421981357,0.05074880571535623,0.5,0,7,0.0
17.594140569000047,1553,5480.82,-100.7,3.1,-116.4,0.12,4.69,0.2,0.44,-0.95,-0.09,-187.6,-79.0,333.0,0.58,1.66,-0.14,0.0,1.0508092119885513,4.695795992161499,0.0011650371828073602,0.5,0,7,0.0
17.6024201550008,1554,5480.83,-100.6,3.2,-115.8,0.77,5.91,0.22,0.41,-1.04,0.0,-188.2,-45.6,335.0,0.59,0.74,-0.14,0.0,1.1178998166204341,5.964008718974177,0.06460705610009398,0.5,0,7,0.0
17.61386714300079,1555,5480.84,-100.5,3.3,-115.2,1.43,6.71,-0.23,0.31,-1.09,0.01,-188.4,-13.9,312.0,0.59,-0.03,-0.06,0.0,1.1332696060514462,6.864539314476973,0.07837730862048398,0.5,0,7,0.0
17.62240709800062,1556,5480.85,-100.2,3.5,-114.5,1.97,7.09,-0.88,0.16,-1.05,0.05,-188.4,8.6,201.0,0.59,-0.33,0.0,0.0,1.063296760081587,7.411032316755878,0.008236373397612295,0.5,0,7,0.0
17.63384820200008,1557,5480.86,-100.0,3.7,-113.9,2.73,6.93,-1.49,0.01,-0.99,0.1,-188.3,11.9,71.0,0.59,-0.32,0.2,0.0,0.9950879358127099,7.595913374966831,0.0587730018538396,0.5,0,7,0.0
17.642542186000355,1558,5480.87,-99.6,4.0,-113.2,3.07,6.45,-1.85,-0.13,-0.95,0.13,-188.2,10.0,0.0,0.59,-0.19,-0.02,0.0,0.9676259607927021,7.379017549782627,0.08451027733637051,0.5,0,7,0.0
17.653580185000465,1559,5480.88,-99.3,4.3,-112.7,2.68,5.55,-1.99,-0.26,-0.93,0.13,-188.1,6.4,-13.0,0.58,-0.17,0.19,0.0,0.9743715923609433,6.476495966184183,0.07620935285276675,0.5,0,7,0.0
17.66241563300082,1560,5480.89,-99.0,4.6,-112.2,2.18,4.69,-1.75,-0.32,-0.87,0.11,-188.0,5.0,-16.0,0.58,-0.1,-0.09,0.0,0.9334880824091971,5.459945054668591,0.11475100554842266,0.5,0,7,0.0
17.673976492000293,1561,5480.9,-98.8,4.8,-111.8,1.81,3.85,-1.19,-0.31,-0.83,0.07,-188.0,3.8,-10.0,0.58,-0.07,0.1,0.0,0.8887631855561975,4.417544566838008,0.15628638435339393,0.5,0,7,0.0
17.68242476100022,1562,5480.91,-98.6,4.9,-111.5,1.5,3.03,-0.5,-0.25,-0.81,0.04,-188.0,0.5,-46.0,0.58,0.1,0.09,0.0,0.8486459803710851,3.41773316688123,0.1924755177477362,0.5,0,7,0.0
17.69397914700039,1563,5480.92,-98.4,5.0,-111.2,1.02,2.34,0.07,-0.16,-0.82,-0.01,-188.0,-6.3,-55.0,0.58,0.26,0.07,0.0,0.8355237878121723,2.5536052944807266,0.201485756100516,0.5,0,7,0.0
17.702408891000232,1564,5480.93,-98.4,5.0,-111.0,0.44,1.96,0.5,-0.09,-0.87,-0.05,-188.1,-16.7,-117.0,0.59,0.73,0.19,0.0,0.8760707733967615,2.0700724624998035,0.1577199951056082,0.5,0,7,0.0
17.713949275000232,1565,5480.94,-98.3,4.9,-110.8,0.06,1.84,0.83,-0.03,-0.95,-0.09,-188.4,-34.4,-157.0,0.6,1.21,0.14,0.0,0.954725091322104,2.019430612821347,0.07748436363666034,0.5,0,7,0.0
17.722408931000246,1566,5480.95,-98.3,4.9,-110.6,0.27,1.85,1.04,0.0,-1.02,-0.09,-188.9,-53.1,-183.0,0.62,1.77,-0.16,0.0,1.0239628899525608,2.1393924371185387,0.008081633706079616,0.5,0,7,0.0
17.733995546000187,1567,5480.96,-98.2,4.8,-110.4,0.88,1.83,1.13,0.0,-1.04,-0.07,-189.6,-73.9,-204.0,0.64,2.34,0.05,0.0,1.0423531071570709,2.3238330404742937,0.010102411828461832,0.5,0,7,0.0
17.74242318100005,1568,5480.97,-98.1,4.7,-110.2,1.44,1.76,1.16,-0.01,-1.01,-0.07,-190.5,-95.5,-201.0,0.67,2.87,0.18,0.0,1.0124722218411721,2.552802381697416,0.019382904017688052,0.5,0,7,0.0
17.753689387000122,1569,5480.98,-97.9,4.6,-110.0,1.9,1.69,1.09,-0.02,-0.97,-0.06,-191.5,-111.9,-161.0,0.7,3.23,0.22,0.0,0.97205966895042,2.7666224896071383,0.05859954777027143,0.5,0,7,0.0
17.76240663000044,1570,5480.99,-97.7,4.5,-109.9,1.95,1.55,1.1,-0.04,-0.91,-0.06,-192.7,-123.6,-120.0,0.73,3.48,-0.16,0.0,0.9128526715741156,2.72304976083802,0.11545041424364433,0.5,0,7,0.0
17.773909599000035,1571,5481.0,-97.5,4.4,-109.7,1.74,1.39,1.09,-0.07,-0.87,-0.05,-193.7,-129.0,-97.0,0.77,3.6,0.25,0.0,0.8742425292789181,2.4794757510409333,0.15097934540806512,0.5,0,7,0.0
17.782428857000014,1572,5481.01,-97.3,4.3,-109.6,1.3,1.11,1.13,-0.08,-0.85,-0.03,-195.5,-134.5,-53.0,0.8,3.67,-0.25,0.0,0.8542833253669416,2.049146163649631,0.16751977833364073,0.5,0,7,0.0
17.793803202000163,1573,5481.02,-97.2,4.2,-109.5,0.73,0.69,1.26,-0.08,-0.86,-0.03,-196.8,-133.2,1.0,0.84,3.57,0.25,0.0,0.8642337646724987,1.6113969095167087,0.15441795224752197,0.5,0,7,0.0
17.802548777000084,1574,5481.03,-97.1,4.1,-109.4,0.52,0.49,1.16,-0.08,-0.93,-0.06,-198.2,-130.1,23.0,0.87,3.49,0.11,0.0,0.9353608929178086,1.3623876100434853,0.08162500752216784,0.5,0,7,0.0
17.813995442000305,1575,5481.04,-97.1,4.0,-109.3,0.86,0.24,1.14,-0.07,-0.92,-0.07,-199.4,-124.7,52.0,0.91,3.3,-0.06,0.0,0.9253107586103169,1.448033148791836,0.0898416389930663,0.5,0,7,0.0
17.8224153200008,1576,5481.05,-97.0,3.9,-109.3,1.11,0.07,1.34,-0.05,-0.91,-0.09,-200.6,-118.8,54.0,0.94,3.15,0.2,0.0,0.9158056562393574,1.7414361888969692,0.09735980653674525,0.5,0,7,0.0
17.83371016000001,1577,5481.06,-96.8,3.7,-109.3,1.34,0.04,1.42,-0.04,-0.92,-0.11,-201.8,-111.9,66.0,0.97,2.95,0.0,0.0,0.9274157643689265,1.952844079797463,0.0840347044390326,0.5,0,7,0.0
17.842554292000386,1578,5481.07,-96.7,3.5,-109.3,1.55,0.06,1.38,-0.05,-0.9,-0.14,-202.8,-104.9,66.0,1.0,2.76,0.0,0.0,0.9121951545584969,2.076174366473105,0.09727020796447305,0.5,0,7,0.0
17.8537805090009,1579,5481.08,-96.5,3.4,-109.2,1.56,0.1,1.28,-0.05,-0.88,-0.14,-203.8,-96.8,81.0,1.02,2.51,0.02,0.0,0.8924684868386109,2.020396000787964,0.1146569381706718,0.5,0,7,0.0
17.862423478000892,1580,5481.09,-96.4,3.3,-109.2,1.42,0.12,1.09,-0.07,-0.88,-0.15,-204.8,-89.7,72.0,1.05,2.34,-0.07,0.0,0.8954328562209453,1.7941293152947477,0.10945871741257074,0.5,0,7,0.0
17.873950795000383,1581,5481.1,-96.2,3.2,-109.2,1.41,0.15,0.79,-0.09,-0.89,-0.16,-205.6,-85.1,41.0,1.07,2.28,0.02,0.0,0.9087353850269065,1.6231758992789413,0.09423306483447724,0.5,0,7,0.0
17.88242518000061,1582,5481.11,-96.1,3.1,-109.2,1.63,0.11,0.34,-0.12,-0.89,-0.14,-206.4,-80.6,53.0,1.09,2.12,-1.33,0.0,0.9089004345911602,1.6687120782208056,0.09218665496481915,0.5,0,7,0.0
17.893779734000418,1583,5481.12,-95.9,3.1,-109.2,2.07,-0.12,-0.16,-0.16,-0.84,-0.11,-207.2,-76.5,35.0,1.11,2.05,-0.2,0.0,0.8621484790916236,2.0796393918177256,0.1361598382550686,0.5,0,7,0.0
17.902554586000406,1584,5481.13,-95.7,3.1,-109.2,2.08,-0.51,-0.56,-0.19,-0.78,-0.09,-208.0,-73.6,28.0,1.13,1.98,-0.21,0.0,0.8078366171448285,2.2136169497001963,0.18666226619782644,0.5,0,7,0.0
17.9139094810007,1585,5481.14,-95.5,3.2,-109.3,1.24,-0.98,-0.76,-0.19,-0.74,-0.11,-208.7,-72.4,16.0,1.15,1.96,-0.16,0.0,0.7718808198161164,1.7537388631150306,0.21816570225600773,0.5,0,7,0.0
17.922422648000065,1586,5481.15,-95.5,3.3,-109.4,-0.15,-1.37,-0.81,-0.17,-0.77,-0.12,-209.4,-72.4,0.0,1.17,1.98,0.04,0.0,0.7976214641043707,1.5985931314752984,0.18857655680839835,0.5,0,7,0.0
17.933677490000264,1587,5481.16,-95.6,3.3,-109.6,-1.16,-1.67,-0.82,-0.12,-0.86,-0.1,-210.1,-75.0,-24.0,1.19,2.09,0.12,0.0,0.8740709353364863,2.1924643668712154,0.10988454386475721,0.5,0,7,0.0
17.9424082430005,1588,5481.17,-95.7,3.4,-109.8,-1.35,-1.95,-0.83,-0.07,-0.93,-0.1,-210.9,-81.7,-59.0,1.22,2.31,0.0,0.0,0.9379765455489812,2.512747500247488,0.04505935497921698,0.5,0,7,0.0
17.953737282000475,1589,5481.18,-95.9,3.4,-110.0,-0.91,-2.19,-0.88,-0.02,-0.95,-0.12,-211.8,-88.9,-79.0,1.24,2.56,0.12,0.0,0.9577577981932592,2.5295454137057907,0.024772540288240164,0.5,0,7,0.0
17.962415974000578,1590,5481.19,-96.0,3.5,-110.2,-0.3,-2.38,-0.94,0.0,-0.9,-0.15,-212.8,-100.2,-106.0,1.27,2.88,0.11,0.0,0.9124143795447329,2.5764316408552355,0.06871363975803113,0.5,0,7,0.0
17.973608057000092,1591,5481.2,-96.0,3.5,-110.5,-0.37,-2.35,-0.87,-0.01,-0.83,-0.15,-213.9,-115.4,-141.0,1.3,3.33,0.01,0.0,0.8435045939412541,2.5330416498747117,0.13487095685427974,0.5,0,7,0.0
17.982443425000383,1592,5481.21,-96.1,3.6,-110.7,-1.11,-2.19,-0.64,-0.01,-0.84,-0.16,-215.1,-131.9,-162.0,1.34,3.8,0.3,0.0,0.8551608035919326,2.537282010340987,0.12075045225952918,0.5,0,7,0.0
17.99375077700006,1593,5481.22,-96.3,3.6,-110.9,-1.58,-1.9,-0.34,0.0,-0.92,-0.16,-216.6,-149.6,-167.0,1.38,4.26,0.26,0.0,0.9338094023943002,2.494393713911258,0.041259816388018344,0.5,0,7,0.0
18.002418769000542,1594,5481.23,-96.5,3.5,-111.1,-1.35,-1.63,-0.05,0.0,-0.99,-0.16,-218.2,-166.8,-168.0,1.42,4.73,-0.03,0.0,1.0028459502834919,2.1170498340851593,0.027221196871149878,0.5,0,7,0.0
18.013868974000616,1595,5481.24,-96.6,3.5,-111.2,-0.55,-1.48,0.12,0.02,-1.04,-0.19,-220.0,-179.9,-125.0,1.47,4.98,0.07,0.0,1.0574024777727733,1.583445610054226,0.08014216987322265,0.5,0,7,0.0
18.022415865000767,1596,5481.25,-96.7,3.4,-111.4,0.03,-1.52,0.16,0.0,-1.03,-0.21,-221.8,-187.2,-80.0,1.53,5.14,0.0,0.0,1.0511898020814319,1.528692251566678,0.07245090429824363,0.5,0,7,0.0
18.033735475000867,1597,5481.26,-96.7,3.4,-111.6,-0.44,-1.73,0.25,-0.01,-0.98,-0.24,-223.7,-192.8,-68.0,1.58,5.32,0.15,0.0,1.0090094152187083,1.8024982662959763,0.029665107086809694,0.5,0,7,0.0
18.042360567000287,1598,5481.27,-96.8,3.3,-111.7,-1.55,-1.93,0.43,-0.04,-1.0,-0.26,-225.7,-198.0,-56.0,1.63,5.45,-0.08,0.0,1.0340212763768453,2.51242910347735,0.053583428880047634,0.5,0,7,0.0
18.053694259000622,1599,5481.28,-97.0,3.3,-111.9,-2.5,-2.17,0.63,-0.09,-1.04,-0.25,-227.7,-205.3,-79.0,1.69,5.71,0.07,0.0,1.0734057946554976,3.369836791300137,0.09110858821552592,0.5,0,7,0.0
18.0625847350002,1600,5481.29,-97.3,3.1,-112.2,-2.87,-2.39,0.91,-0.08,-1.12,-0.25,-229.9,-217.7,-121.0,1.75,6.11,0.01,0.0,1.1503477735015617,3.8440993743658605,0.16468955572035826,0.5,0,7,0.0
18.074005574000694,1601,5481.3,-97.6,3.0,-112.4,-2.41,-2.44,1.07,-0.08,-1.21,-0.23,-232.2,-236.0,-175.0,1.81,6.67,-0.16,0.0,1.2342609124492276,3.5925756776997755,0.24363064077466368,0.5,0,7,0.0
18.08269337600086,1602,5481.31,-97.8,2.9,-112.6,-1.77,-2.61,1.16,-0.08,-1.24,-0.18,-234.7,-258.8,-213.0,1.88,7.32,-0.11,0.0,1.2555476892575606,3.3601488062286764,0.2596190692313367,0.5,0,7,0.0
18.0938306500002,1603,5481.32,-98.0,2.6,-112.9,-1.62,-2.66,1.47,-0.04,-1.27,-0.14,-237.4,-280.8,-208.0,1.96,7.87,-0.06,0.0,1.2783192089615176,3.443965737344087,0.276742777156588,0.5,0,7,0.0
18.10268137100047,1604,5481.33,-98.1,2.4,-113.1,-1.83,-2.44,1.99,0.01,-1.3,-0.09,-240.4,-300.9,-214.0,2.04,8.46,0.38,0.0,1.3031500297356402,3.641785276481852,0.2955421259720963,0.5,0,7,0.0
18.1134109730001,1605,5481.34,-98.3,2.1,-113.3,-2.08,-1.87,2.9,0.1,-1.4,-0.01,-243.6,-326.9,-252.0,2.13,9.2,0.06,0.0,1.40360250783475,4.029056961622658,0.38807471198978205,0.5,0,7,0.0
18.12215027900038,1606,5481.35,-98.5,1.7,-113.4,-1.36,-1.39,3.8,0.23,-1.56,0.09,-247.0,-350.5,-219.0,2.23,9.75,0.15,0.0,1.579430277030297,4.268688323126907,0.5526244315616224,0.5,0,8,0.0
18.134164735000013,1607,5481.36,-98.5,1.3,-113.4,0.93,-1.13,4.11,0.25,-1.64,0.16,-250.6,-370.4,-227.0,2.33,10.39,0.0,0.0,1.6666433331699975,4.3627858072566434,0.6270407379472964,0.5,0,8,0.0
18.142115407000347,1608,5481.37,-98.3,0.9,-113.5,3.05,-1.16,3.4,0.1,-1.46,0.14,-254.5,-397.3,-245.0,2.44,11.07,-0.03,0.0,1.470102037274964,4.712547081992921,0.4218894532112176,0.5,0,8,0.0
18.15397886000028,1609,5481.38,-98.0,0.6,-113.6,3.03,-1.52,2.36,-0.1,-1.17,0.18,-258.6,-413.4,-156.0,2.55,11.36,-0.08,0.0,1.187981481337146,4.130484233113594,0.13697351932793178,0.5,0,8,0.0
18.162530733000494,1610,5481.39,-97.7,0.4,-113.8,1.33,-2.57,1.34,-0.28,-1.0,0.26,-262.8,-423.7,-117.0,2.67,11.61,0.02,0.0,1.0705138952858109,3.1889496703460214,0.019115814611064597,0.5,0,8,0.0
18.173981292000462,1611,5481.4,-97.7,0.3,-114.1,-0.52,-3.88,0.45,-0.38,-0.98,0.33,-267.1,-427.4,-40.0,2.79,11.59,0.02,0.0,1.101680534456337,3.940469515172018,0.049276804705958854,0.5,0,8,0.0
18.1827317340003,1612,5481.41,-97.8,0.2,-114.5,-1.61,-5.38,-0.24,-0.4,-1.0,0.33,-271.4,-424.0,32.0,2.9,11.39,-0.13,0.0,1.1264546151532249,5.620862923075068,0.0725698676947899,0.5,0,8,0.0
18.193978854000306,1613,5481.42,-98.0,0.2,-115.1,-1.54,-6.43,-0.41,-0.39,-1.0,0.31,-275.5,-402.0,224.0,3.01,10.45,-0.25,0.0,1.117228714274745,6.6245452674126994,0.06207708747998386,0.5,0,8,0.0
18.202710861000014,1614,5481.43,-98.1,0.1,-115.8,-0.75,-7.26,-0.14,-0.31,-0.98,0.26,-279.2,-366.4,296.0,3.11,9.55,-0.12,0.0,1.0602358228243376,7.299979452025875,0.004982512108984816,0.5,0,8,0.0
18.214014763000705,1615,5481.44,-98.1,0.0,-116.6,0.28,-7.95,0.19,-0.19,-0.95,0.18,-282.7,-329.8,374.0,3.19,8.41,-0.11,0.0,0.985393322486001,7.957197999295984,0.06846278846476483,0.5,0,8,0.0
18.22264515200004,1616,5481.45,-98.1,-0.1,-117.4,1.0,-8.21,0.57,-0.08,-0.92,0.09,-285.6,-282.8,440.0,3.27,7.11,-0.34,0.0,0.9278469701410896,8.29029553152359,0.12348895799348258,0.5,0,8,0.0
18.233902001000388,1617,5481.46,-97.9,-0.2,-118.2,1.37,-8.03,0.82,0.02,-0.89,0.0,-288.1,-236.1,455.0,3.33,5.85,-0.33,0.0,0.8902246907382427,8.187197322649553,0.15788901264840294,0.5,0,8,0.0
18.242621420000432,1618,5481.47,-97.8,-0.4,-118.9,1.15,-7.42,1.03,0.12,-0.92,-0.05,-290.0,-193.8,471.0,3.38,4.54,-0.16,0.0,0.9291393867445292,7.578904934091732,0.11659483030927409,0.5,0,8,0.0
18.253623348000474,1619,5481.48,-97.7,-0.6,-119.6,1.11,-6.62,1.02,0.2,-0.98,-0.09,-291.6,-145.0,482.0,3.42,3.21,-0.19,0.0,1.0042410069301093,6.78946978784058,0.04066334592122023,0.5,0,8,0.0
18.262564429000122,1620,5481.49,-97.6,-0.8,-120.2,1.44,-5.62,0.78,0.25,-1.02,-0.11,-292.7,-96.1,488.0,3.44,1.89,-0.08,0.0,1.0559356040971437,5.85375093423012,0.01081062622089779,0.5,0,8,0.0
18.273969768000825,1621,5481.5,-97.4,-0.9,-120.7,1.3,-4.66,0.37,0.28,-1.01,-0.13,-293.3,-48.0,484.0,3.45,0.59,-0.15,0.0,1.0561249926026748,4.852061417583252,0.010780014431900353,0.5,0,8,0.0
18.2826912190003,1622,5481.51,-97.3,-1.0,-121.1,0.54,-3.74,-0.11,0.29,-0.99,-0.15,-293.5,1.1,473.0,3.45,-0.64,-0.14,0.0,1.0424490395218369,3.78038357842164,0.002838019875958775,0.5,0,8,0.0
18.293772261000413,1623,5481.52,-97.3,-1.0,-121.4,-0.58,-2.84,-0.69,0.29,-0.98,-0.14,-293.2,36.4,358.0,3.44,-1.41,0.0,0.0,1.0315522284402279,2.9796140689693353,0.013460134338416418,0.5,0,8,0.0
18.302681734000544,1624,5481.53,-97.4,-0.9,-121.7,-1.21,-2.08,-1.16,0.26,-0.96,-0.12,-292.6,64.6,307.0,3.42,-2.15,-0.17,0.0,1.0017983829094554,2.6713479743380497,0.04234970027180496,0.5,0,8,0.0
18.31391107700074,1625,5481.54,-97.5,-0.8,-121.9,-1.45,-1.45,-1.39,0.2,-0.95,-0.1,-291.8,89.7,255.0,3.39,-2.76,-0.06,0.0,0.9759610647971567,2.4773170971839678,0.06682327801642163,0.5,0,8,0.0
18.322666373000175,1626,5481.55,-97.7,-0.7,-122.0,-1.42,-0.99,-1.49,0.14,-0.94,-0.08,-290.8,113.1,254.0,3.36,-3.46,-0.1,0.0,0.9537295214053091,2.283987740772704,0.08727372498010377,0.5,0,8,0.0
18.333785547000844,1627,5481.56,-97.8,-0.6,-122.1,-1.27,-0.67,-1.47,0.09,-0.92,-0.07,-289.4,139.4,256.0,3.32,-4.14,-0.15,0.0,0.9270382947861432,2.0549209230527583,0.11168565256728435,0.5,0,8,0.0
18.342679635000422,1628,5481.57,-97.9,-0.4,-122.2,-1.07,-0.47,-1.41,0.05,-0.92,-0.07,-287.9,163.8,245.0,3.27,-4.84,-0.25,0.0,0.9240129869217207,1.8313656106850975,0.11241674122307266,0.5,0,8,0.0
18.35371146200032,1629,5481.58,-98.0,-0.2,-122.3,-0.87,-0.31,-1.31,0.02,-0.91,-0.07,-286.1,188.3,245.0,3.22,-5.49,-0.18,0.0,0.9129074432821763,1.6028412273210344,0.12105183916536466,0.5,0,8,0.0
18.36260665700047,1630,5481.59,-98.0,-0.1,-122.3,-0.57,-0.21,-1.23,0.01,-0.9,-0.08,-284.0,214.5,263.0,3.16,-6.24,-0.04,0.0,0.9036038955205982,1.3718236038208411,0.12774827918840403,0.5,0,8,0.0
18.373585194000043,1631,5481.6,-98.0,0.0,-122.3,-0.3,-0.15,-1.11,0.01,-0.88,-0.08,-281.7,241.2,255.0,3.09,-6.9,-0.39,0.0,0.8836854644046149,1.1595688854052615,0.1447133760982996,0.5,0,8,0.0
18.382645041000615,1632,5481.61,-98.0,0.0,-122.4,-0.15,-0.12,-1.0,0.02,-0.87,-0.08,-279.1,263.0,224.0,3.02,-7.46,-0.02,0.0,0.8738993077008357,1.0182828683622247,0.1514095421460373,0.5,0,8,0.0
18.393802568000865,1633,5481.62,-98.0,0.1,-122.4,-0.04,-0.14,-0.98,0.03,-0.87,-0.08,-276.3,285.3,237.0,2.94,-8.15,-0.15,0.0,0.8741853350405736,0.9907572861200667,0.14810104451017347,0.5,0,8,0.0
18.402647292000438,1634,5481.63,-98.0,0.3,-122.4,0.0,-0.11,-0.98,0.04,-0.86,-0.1,-273.3,314.4,285.0,2.85,-8.98,0.02,0.0,0.8667179472008181,0.986154146165801,0.15245706370293044,0.5,0,8,0.0
18.41372458100068,1635,5481.64,-98.0,0.4,-122.4,-0.02,-0.04,-0.97,0.06,-0.85,-0.11,-269.9,341.7,255.0,2.76,-9.62,0.19,0.0,0.8591856609604236,0.9710303805751909,0.15678956294445845,0.5,0,8,0.0
18.422636794000027,1636,5481.65,-98.0,0.5,-122.4,-0.1,0.1,-0.95,0.07,-0.85,-0.12,-266.4,363.2,228.0,2.66,-10.21,0.0,0.0,0.861278120005379,0.9604686356149273,0.151603161821513,0.5,0,8,0.0
18.433906086000206,1637,5481.66,-98.0,0.7,-122.4,-0.17,0.23,-0.92,0.07,-0.85,-0.14,-262.6,386.2,232.0,2.55,-10.84,-0.19,0.0,0.864291617453276,0.963431367560762,0.14561787108614377,0.5,0,8,0.0
18.442520768000577,1638,5481.67,-98.1,0.8,-122.4,-0.24,0.32,-0.87,0.07,-0.86,-0.15,-258.5,410.1,248.0,2.44,-11.56,0.07,0.0,0.8757853618324526,0.9575489543621256,0.13144164417282778,0.5,0,8,0.0
18.45349341200017,1639,5481.68,-98.1,0.9,-122.4,-0.29,0.4,-0.78,0.07,-0.87,-0.17,-254.3,437.1,246.0,2.32,-12.16,0.04,0.0,0.8892131353055914,0.9233092656309694,0.11565359328569524,0.5,0,8,0.0
18.4626223690002,1640,5481.69,-98.2,1.0,-122.4,-0.28,0.4,-0.64,0.07,-0.88,-0.19,-249.8,453.4,184.0,2.19,-12.6,0.03,0.0,0.9029950165975447,0.8049844718999244,0.09983427775386722,0.5,0,8,0.0
18.473680889000207,1641,5481.7,-98.2,1.1,-122.3,-0.09,0.4,-0.39,0.07,-0.85,-0.21,-245.1,475.7,225.0,2.06,-13.25,-0.27,0.0,0.8783507272155013,0.5658621740318044,0.12198899579319233,0.5,0,8,0.0
18.482652848000725,1642,5481.71,-98.2,1.1,-122.3,0.2,0.45,-0.03,0.08,-0.84,-0.22,-240.2,494.2,200.0,1.93,-13.84,-0.01,0.0,0.8720091742636655,0.4933558553417604,0.12576393777012762,0.5,0,8,0.0
18.49381811600051,1643,5481.72,-98.2,1.1,-122.2,0.48,0.57,0.26,0.08,-0.86,-0.23,-235.0,526.6,297.0,1.78,-14.76,-0.21,0.0,0.8938120607823549,0.7892401408950256,0.10188183022640951,0.5,0,8,0.0
18.502592019000076,1644,5481.73,-98.1,1.1,-122.2,0.81,0.7,0.47,0.08,-0.86,-0.23,-229.6,552.7,259.0,1.63,-15.42,0.05,0.0,0.8938120607823549,1.1691877522451217,0.09984419362188135,0.5,0,8,0.0
18.51352329400015,1645,5481.74,-98.0,1.1,-122.1,0.95,0.85,0.71,0.08,-0.84,-0.23,-223.9,579.7,273.0,1.47,-16.22,-0.11,0.0,0.8745856161634491,1.459143584435747,0.11668922547597138,0.5,0,8,0.0
18.522635450000053,1646,5481.75,-97.9,1.0,-122.0,0.88,1.03,0.95,0.07,-0.83,-0.23,-217.8,614.2,322.0,1.3,-17.08,-0.2,0.0,0.8641180474911978,1.6546298679765212,0.12461365826525816,0.5,0,8,0.0
18.533671762000267,1647,5481.76,-97.9,0.9,-121.9,0.67,1.22,1.15,0.05,-0.84,-0.23,-211.5,636.1,253.0,1.13,-17.72,-0.17,0.0,0.8723531395025754,1.8054916227997293,0.11405099492880288,0.5,0,8,0.0
18.54263050100053,1648,5481.77,-97.8,0.8,-121.7,0.33,1.36,1.21,0.06,-0.88,-0.2,-205.0,658.1,182.0,0.95,-18.11,-0.33,0.0,0.904433524367601,1.8500270268296082,0.08033119786250176,0.5,0,8,0.0
18.553679181000007,1649,5481.78,-97.8,0.7,-121.6,-0.09,1.4,1.16,0.05,-0.92,-0.16,-198.3,684.7,277.0,0.76,-18.99,0.11,0.0,0.9351470472604829,1.8203571078225282,0.04862532147022747,0.5,0,8,0.0
18.566697070000373,1650,5481.79,-97.9,0.7,-121.4,-0.28,1.36,1.02,0.04,-0.95,-0.15,-191.2,706.5,230.0,0.56,-19.56,0.0,0.0,0.9626006440887104,1.7229045243425418,0.02074829014916002,0.5,0,8,0.0
18.57467273200018,1651,5481.8,-97.9,0.6,-121.3,-0.28,1.34,0.94,0.03,-0.94,-0.15,-184.0,733.3,308.0,0.36,-20.56,0.01,0.0,0.9523654760647301,1.6606023003717658,0.03036378900967751,0.5,0,8,0.0
18.582669725000414,1652,5481.81,-98.0,0.5,-121.1,-0.21,1.39,1.04,0.03,-0.92,-0.15,-176.4,764.4,244.0,0.15,-21.08,-0.18,0.0,0.9326306878931231,1.7486566272427528,0.04909660563765883,0.5,0,8,0.0
18.593661992000307,1653,5481.82,-98.0,0.5,-121.0,-0.09,1.46,1.1,0.01,-0.95,-0.14,-168.7,777.8,88.0,-0.05,-21.0,-0.05,0.0,0.9603124491539199,1.8302185661827388,0.020986547489324825,0.5,0,8,0.0
18.60266612600026,1654,5481.83,-98.0,0.4,-120.8,0.18,1.37,1.11,0.04,-0.93,-0.13,-160.9,773.6,-51.0,-0.26,-20.42,0.32,0.0,0.9398936110007345,1.7723995034980122,0.04057727792965993,0.5,0,8,0.0
18.613854858000195,1655,5481.84,-97.9,0.3,-120.7,0.47,1.11,1.1,0.08,-0.93,-0.12,-153.6,706.7,-687.0,-0.44,-17.19,0.57,0.0,0.9411163583744574,1.6318700928689147,0.03856743994481837,0.5,0,8,0.0
18.622593569000855,1656,5481.85,-97.9,0.3,-120.5,1.23,0.87,1.15,0.21,-0.87,-0.16,-147.6,536.1,-1601.0,-0.57,-11.15,0.8,0.0,0.9091754506144565,1.895336381753909,0.06909818075072294,0.5,0,8,0.0
18.633734561000892,1657,5481.86,-97.7,0.1,-120.4,1.92,1.21,1.45,0.19,-0.96,-0.26,-143.8,306.4,-2051.0,-0.64,-5.03,0.71,0.0,1.0125709851659783,2.693139431964116,0.03361140672478291,0.5,0,8,0.0
18.64254215300025,1658,5481.87,-97.6,0.0,-120.3,0.38,1.61,0.66,-0.12,-1.35,-0.32,-142.3,96.0,-2013.0,-0.65,0.21,0.82,0.0,1.392587519691312,1.7810390225932728,0.40535538242511426,0.5,0,8,0.0
18.653344993000246,1659,5481.88,-97.6,0.1,-120.1,-0.31,1.92,-0.43,-0.23,-1.3,-0.28,-142.4,-59.7,-1461.0,-0.63,2.94,0.29,0.0,1.349555482371881,1.991833326360416,0.3550768782035696,0.5,0,8,0.0
18.66262719000042,1660,5481.89,-97.6,0.2,-119.9,0.58,1.51,-0.83,-0.27,-1.25,-0.11,-143.6,-135.4,-909.0,-0.59,4.49,0.31,0.0,1.2835497652993435,1.8180759060061271,0.2832897379084116,0.5,0,8,0.0
18.673713154000325,1661,5481.9,-97.5,0.3,-119.8,1.04,0.76,-0.69,-0.19,-1.14,-0.05,-145.3,-187.2,-636.0,-0.54,5.77,0.17,0.0,1.1568059474259285,1.4612665739008746,0.15341500163429656,0.5,0,8,0.0
18.682649392000712,1662,5481.91,-97.4,0.3,-119.8,0.42,0.34,-0.44,-0.02,-1.06,-0.12,-147.5,-232.9,-513.0,-0.47,6.99,0.17,0.0,1.0669582934679311,0.6968500556073738,0.062296000722773304,0.5,0,8,0.0
18.69357844500064,1663,5481.92,-97.4,0.4,-119.8,-0.67,0.03,-0.52,0.06,-1.03,-0.19,-150.2,-276.9,-453.0,-0.39,8.1,0.0,0.0,1.0490948479522717,0.8486459803710851,0.04354390410297149,0.5,0,8,0.0
18.702582462000464,1664,5481.93,-97.6,0.4,-119.8,-2.02,0.01,-0.84,0.03,-1.08,-0.21,-153.2,-310.3,-327.0,-0.31,8.75,0.14,0.0,1.1006361796706485,2.1877157036507278,0.09318353110492139,0.5,0,8,0.0
18.71384300400041,1665,5481.94,-97.9,0.6,-119.8,-3.04,-0.08,-1.36,0.0,-1.17,-0.19,-156.4,-329.0,-211.0,-0.22,9.1,-0.07,0.0,1.1853269591129698,3.3313060501851224,0.1743168243362978,0.5,0,8,0.0
18.722667816000467,1666,5481.95,-98.2,0.7,-119.8,-3.27,-0.3,-1.87,-0.02,-1.28,-0.15,-159.8,-337.3,-103.0,-0.12,9.17,-0.07,0.0,1.2889142717807107,3.778862262639378,0.27234605426395797,0.5,0,8,0.0
18.733721674000662,1667,5481.96,-98.5,0.9,-119.9,-3.12,-0.64,-2.3,-0.06,-1.34,-0.12,-163.1,-332.3,43.0,-0.03,8.77,-0.1,0.0,1.3466996695625941,3.928612986793176,0.32352882300492447,0.5,0,8,0.0
18.742645315000118,1668,5481.97,-98.8,1.1,-120.0,-2.64,-0.99,-2.56,-0.06,-1.33,-0.11,-166.3,-311.5,171.0,0.04,8.1,0.03,0.0,1.3358892169637422,3.8083198395092817,0.30646400299795107,0.5,0,8,0.0
18.75362575500003,1669,5481.98,-99.0,1.3,-120.2,-1.94,-1.25,-2.81,-0.04,-1.36,-0.06,-169.3,-288.6,202.0,0.12,7.54,-0.17,0.0,1.3619104228986576,3.6362343158822976,0.3258355047542092,0.5,0,8,0.0
18.76261739000074,1670,5481.99,-99.2,1.6,-120.4,-1.41,-1.48,-3.1,-0.04,-1.32,-0.05,-172.0,-263.8,256.0,0.18,6.69,-0.21,0.0,1.3215521177766696,3.7132869536301665,0.27976765563957673,0.5,0,8,0.0
18.773742585000036,1671,5482.0,-99.3,1.9,-120.6,-1.45,-1.51,-3.24,0.0,-1.25,-0.05,-173.9,-238.1,384.0,0.25,5.75,-0.13,0.0,1.2509996003196804,3.8574862281024416,0.20503083541893585,0.5,0,8,0.0
18.782650845000717,1672,5482.01,-99.4,2.2,-120.8,-1.37,-1.37,-2.97,0.05,-1.13,-0.06,-176.7,-192.5,382.0,0.3,4.8,-0.08,0.0,1.1326958991715295,3.5460823453495833,0.08499259158536931,0.5,0,8,0.0
18.793759031000263,1673,5482.02,-99.5,2.4,-120.9,-1.05,-1.0,-2.24,0.15,-1.06,-0.05,-178.3,-158.3,352.0,0.34,3.89,0.07,0.0,1.0717275773255068,2.6683515510516975,0.023543784344559837,0.5,0,8,0.0
18.80264389000058,1674,5482.03,-99.6,2.6,-121.0,-0.76,-0.41,-1.39,0.25,-1.02,-0.05,-179.7,-123.7,353.0,0.37,2.93,0.06,0.0,1.0513800454640558,1.6363984844774209,0.0031323274334467133,0.5,0,8,0.0
18.81379069200011,1675,5482.04,-99.7,2.7,-121.1,-0.56,0.26,-0.64,0.33,-1.02,-0.06,-180.7,-89.7,337.0,0.39,2.03,-0.09,0.0,1.0737318100903968,0.8892693630166284,0.024974410218591814,0.5,0,8,0.0
18.822686913000325,1676,5482.05,-99.7,2.7,-121.0,-0.33,1.12,-0.2,0.34,-1.03,-0.09,-181.4,-57.6,314.0,0.41,1.21,-0.05,0.0,1.0883933112620638,1.1846096403457134,0.03884319316245377,0.5,0,8,0.0
18.833703360000072,1677,5482.06,-99.7,2.7,-120.8,0.16,2.08,0.06,0.3,-1.0,-0.06,-181.7,-31.3,269.0,0.42,0.57,-0.26,0.0,1.0457533169921098,2.087007426915391,0.003720865085350189,0.5,0,8,0.0
18.842701411000235,1678,5482.07,-99.7,2.8,-120.6,0.78,3.07,0.24,0.24,-1.0,-0.02,-181.9,-8.8,227.0,0.42,0.0,0.07,0.0,1.0285912696499033,3.1766176981185508,0.020465254179005576,0.5,0,8,0.0
18.85327388800033,1679,5482.08,-99.5,2.8,-120.2,1.64,3.99,0.17,0.16,-1.03,0.03,-181.9,4.5,127.0,0.42,-0.16,0.07,0.0,1.0427847332982967,4.3172444915709836,0.006146354720000025,0.5,0,8,0.0
18.86269672800063,1680,5482.09,-99.3,2.9,-119.8,2.38,4.57,-0.09,0.07,-1.02,0.1,-181.8,5.0,31.0,0.41,-0.09,0.06,0.0,1.027277956543408,5.153387235595633,0.02122006884539096,0.5,0,8,0.0
18.87352081500012,1681,5482.1,-99.0,3.0,-119.3,2.86,4.76,-0.46,-0.01,-1.0,0.16,-181.8,1.0,-19.0,0.41,0.02,-0.09,0.0,1.012768482921936,5.572145008881229,0.03501495161752555,0.5,0,8,0.0
18.882641307000085,1682,5482.11,-98.7,3.1,-118.9,3.04,4.64,-0.9,-0.08,-0.96,0.17,-181.8,-2.0,-9.0,0.41,0.03,0.14,0.0,0.9782126558167197,5.619715295279646,0.06817936314828721,0.5,0,8,0.0
18.893663460000425,1683,5482.12,-98.4,3.3,-118.4,2.96,4.3,-1.26,-0.14,-0.91,0.19,-181.8,1.4,21.0,0.41,-0.07,0.15,0.0,0.9401063769595439,5.370214148430209,0.10415992916535366,0.5,0,8,0.0
18.902640118000818,1684,5482.13,-98.0,3.5,-118.1,2.77,3.76,-1.4,-0.16,-0.86,0.2,-181.8,1.7,-5.0,0.41,0.0,-0.16,0.0,0.8973293709669822,4.875499974361603,0.1439981964547571,0.5,0,8,0.0
18.913742984000237,1685,5482.14,-97.8,3.7,-117.7,2.33,3.14,-1.33,-0.15,-0.84,0.18,-181.8,0.0,-10.0,0.41,0.01,0.07,0.0,0.8720665112249179,4.130060532244049,0.16587583507288495,0.5,0,8,0.0
18.92263388000083,1686,5482.15,-97.6,3.8,-117.5,1.61,2.55,-1.15,-0.13,-0.84,0.14,-181.8,-0.2,-1.0,0.41,0.0,0.0,0.0,0.8614522621712708,3.227553252852693,0.1729602824440013,0.5,0,8,0.0
18.933697528000266,1687,5482.16,-97.4,4.0,-117.3,0.88,2.03,-0.84,-0.1,-0.85,0.09,-181.8,0.0,-2.0,0.41,0.0,-0.08,0.0,0.8605811989580064,2.3666220653074284,0.17035471874412045,0.5,0,8,0.0
18.942623093000293,1688,5482.17,-97.3,4.0,-117.1,0.57,1.69,-0.52,-0.06,-0.91,0.06,-181.8,-1.8,-11.0,0.41,0.06,0.15,0.0,0.9139474820797966,1.8577943912069494,0.11464866690988362,0.5,0,8,0.0
18.95359489800012,1689,5482.18,-97.3,4.1,-116.9,0.45,1.39,-0.21,-0.02,-0.96,0.03,-181.8,-1.6,-4.0,0.41,0.05,-0.08,0.0,0.9606768447297978,1.476042004822356,0.0665609181746849,0.5,0,8,0.0
18.96267829700082,1690,5482.19,-97.2,4.1,-116.8,0.38,1.21,0.09,0.0,-1.01,0.0,-181.9,-3.1,-15.0,0.42,0.11,0.0,0.0,1.01,1.2714558584551805,0.0168930076463929,0.5,0,8,0.0
18.973490761000903,1691,5482.2,-97.2,4.1,-116.7,0.48,1.21,0.44,0.0,-1.03,-0.03,-181.9,-4.7,-14.0,0.42,0.14,-0.01,0.0,1.0304368005850721,1.3740815114104403,0.003472917079905713,0.5,0,8,0.0
18.982655027000874,1692,5482.21,-97.1,4.0,-116.6,0.87,1.3,0.77,0.0,-1.04,-0.05,-182.0,-10.0,-71.0,0.42,0.44,0.16,0.0,1.0412012293500235,1.7435022225394496,0.013952598927959858,0.5,0,8,0.0
18.99352070600071,1693,5482.22,-96.9,3.9,-116.4,1.32,1.45,0.98,0.0,-1.03,-0.06,-182.2,-24.7,-118.0,0.43,0.83,-0.02,0.0,1.031746092796091,2.1920994502987314,0.004407513126546858,0.5,0,8,0.0
19.002617504000227,1694,5482.23,-96.7,3.8,-116.2,1.54,1.59,1.03,-0.01,-0.99,-0.08,-182.5,-36.4,-109.0,0.44,1.1,-0.01,0.0,0.9932774033471213,2.441434004842236,0.0333799527959745,0.5,0,8,0.0
19.013564986000347,1695,5482.24,-96.6,3.7,-116.1,1.48,1.67,1.01,-0.02,-0.95,-0.07,-182.9,-46.9,-115.0,0.45,1.42,0.24,0.0,0.9527853903162034,2.4493672652340237,0.07239452651035472,0.5,0,8,0.0
19.022638323000137,1696,5482.25,-96.4,3.5,-115.9,1.31,1.74,0.99,-0.03,-0.94,-0.07,-183.5,-57.7,-100.0,0.47,1.67,0.1,0.0,0.9430800602281866,2.3924464466315647,0.08045785946640405,0.5,0,8,0.0
19.033554612000444,1697,5482.26,-96.2,3.4,-115.7,1.31,1.77,0.9,-0.03,-0.93,-0.07,-184.1,-65.4,-81.0,0.49,1.86,0.23,0.0,0.9331130692472377,2.378865275714453,0.08861635343840579,0.5,0,8,0.0
19.042654459000005,1698,5482.27,-96.1,3.3,-115.5,1.19,1.77,1.0,-0.03,-0.9,-0.07,-184.8,-72.4,-64.0,0.51,2.02,-0.02,0.0,0.903216474606171,2.355631550136821,0.11614268911788295,0.5,0,8,0.0
19.053082898000866,1699,5482.28,-96.0,3.1,-115.3,1.01,1.74,1.15,-0.03,-0.89,-0.08,-185.5,-74.6,-33.0,0.53,2.05,0.07,0.0,0.8940917178902844,2.317369198034702,0.12276209691709428,0.5,0,8,0.0
19.063655382000434,1700,5482.29,-95.8,3.0,-115.1,0.87,1.69,1.21,-0.02,-0.9,-0.09,-186.3,-77.4,-32.0,0.55,2.12,0.1,0.0,0.9047098982546836,2.253242108607062,0.1099010382216411,0.5,0,8,0.0
19.073428511000202,1701,5482.3,-95.8,2.8,-115.0,0.74,1.64,1.25,-0.02,-0.9,-0.1,-187.1,-79.8,-25.0,0.57,2.19,-0.02,0.0,0.9057593499379402,2.190821763631172,0.1066745548076169,0.5,0,8,0.0
19.08274481800072,1702,5482.31,-95.7,2.7,-114.8,0.62,1.58,1.29,-0.02,-0.9,-0.11,-187.9,-80.3,0.0,0.59,2.15,-0.17,0.0,0.9069178573608527,2.131877107152286,0.10340572643701029,0.5,0,8,0.0
19.09360305900009,1703,5482.32,-95.6,2.5,-114.6,0.62,1.55,1.34,-0.04,-0.91,-0.12,-188.6,-77.6,16.0,0.61,2.08,0.06,0.0,0.9187491496594705,2.1406774628607645,0.08974294545562456,0.5,0,8,0.0
19.102671720000217,1704,5482.33,-95.6,2.4,-114.4,0.71,1.54,1.37,-0.05,-0.92,-0.13,-189.4,-75.2,23.0,0.63,1.97,-0.14,0.0,0.9304837451562493,2.1800458710770285,0.07644818295966882,0.5,0,8,0.0
19.113465490000635,1705,5482.34,-95.5,2.2,-114.3,0.84,1.52,1.31,-0.07,-0.94,-0.13,-190.2,-71.3,39.0,0.65,1.83,-0.02,0.0,0.9515250916292224,2.1753390540327273,0.05429869975696189,0.5,0,8,0.0
19.122733974000766,1706,5482.35,-95.4,2.1,-114.1,1.03,1.49,1.15,-0.09,-0.94,-0.13,-190.8,-63.7,69.0,0.67,1.58,-0.1,0.0,0.9532051195833979,2.1455768455126467,0.051566298366730656,0.5,0,8,0.0
19.133536413,1707,5482.36,-95.3,2.0,-114.0,1.33,1.47,0.88,-0.11,-0.96,-0.14,-191.4,-55.0,77.0,0.68,1.36,-0.12,0.0,0.9763708311906906,2.1689167803306795,0.027832575024249295,0.5,0,8,0.0
19.142645888000516,1708,5482.37,-95.1,2.0,-113.8,1.62,1.38,0.43,-0.13,-0.94,-0.13,-191.9,-46.2,89.0,0.69,1.12,0.0,0.0,0.9578100020358944,2.171105709080053,0.045465536095464554,0.5,0,8,0.0
19.153438381000342,1709,5482.38,-94.9,2.0,-113.7,1.9,1.16,-0.08,-0.16,-0.92,-0.11,-192.3,-37.2,88.0,0.7,0.89,-0.07,0.0,0.9402659198333203,2.227554713132766,0.061749425932077884,0.5,0,8,0.0
19.162640294000084,1710,5482.39,-94.7,2.0,-113.6,1.82,0.79,-0.52,-0.18,-0.86,-0.11,-192.6,-29.8,79.0,0.71,0.69,0.0,0.0,0.8854942122905152,2.0510728899773407,0.11419071080538534,0.5,0,8,0.0
19.173422982000375,1711,5482.4,-94.6,2.1,-113.5,1.27,0.37,-0.81,-0.18,-0.82,-0.11,-192.8,-20.1,96.0,0.72,0.41,0.01,0.0,0.8466994744299774,1.5510963864312237,0.1499257396926047,0.5,0,8,0.0
19.18275626800005,1712,5482.41,-94.5,2.2,-113.5,0.46,-0.02,-0.92,-0.17,-0.83,-0.12,-193.0,-14.2,53.0,0.72,0.35,-0.13,0.0,0.8556868586112562,1.0287856919689349,0.1381195884010994,0.5,0,8,0.0
19.19342678800058,1713,5482.42,-94.5,2.3,-113.5,-0.18,-0.21,-0.87,-0.15,-0.87,-0.12,-193.1,-12.9,18.0,0.72,0.37,0.14,0.0,0.8909545442950498,0.9129074432821763,0.10079486466295962,0.5,0,8,0.0
19.202625918000194,1714,5482.43,-94.5,2.4,-113.6,-0.4,-0.29,-0.74,-0.1,-0.94,-0.1,-193.2,-13.2,9.0,0.73,0.32,0.05,0.0,0.9505787710652915,0.8897752525216691,0.04034722513486355,0.5,0,8,0.0
19.213447611000447,1715,5482.44,-94.6,2.4,-113.6,0.0,-0.34,-0.64,-0.05,-0.98,-0.1,-193.4,-14.9,-30.0,0.73,0.53,0.09,0.0,0.9863569333664157,0.7247068372797375,0.0044776815770646294,0.5,0,8,0.0
19.222693681000237,1716,5482.45,-94.5,2.4,-113.7,0.61,-0.43,-0.63,0.0,-0.96,-0.11,-193.6,-24.5,-75.0,0.74,0.77,0.03,0.0,0.9662815324738437,0.9766780431646859,0.02406202082024389,0.5,0,8,0.0
19.233495963000678,1717,5482.46,-94.5,2.5,-113.7,0.74,-0.49,-0.67,0.03,-0.89,-0.14,-193.9,-32.9,-83.0,0.75,1.02,-0.05,0.0,0.901443287178955,1.1120251795710383,0.08712226079282992,0.5,0,8,0.0
19.24272580900015,1718,5482.47,-94.5,2.6,-113.8,0.29,-0.45,-0.69,0.06,-0.87,-0.14,-194.3,-41.5,-86.0,0.76,1.27,-0.07,0.0,0.8832326986700617,0.8733269719870101,0.10322619231568875,0.5,0,8,0.0
19.253479352000795,1719,5482.48,-94.5,2.6,-113.8,-0.16,-0.35,-0.79,0.06,-0.88,-0.13,-194.8,-51.1,-89.0,0.77,1.51,0.12,0.0,0.8915716460273958,0.8787491109526087,0.0929895000591876,0.5,0,8,0.0
19.262682423000115,1720,5482.49,-94.6,2.7,-113.9,-0.33,-0.26,-0.79,0.04,-0.89,-0.14,-195.4,-60.9,-91.0,0.79,1.77,0.07,0.0,0.9018314698434514,0.8947625383307015,0.08107508271826935,0.5,0,8,0.0
19.273535229000117,1721,5482.5,-94.7,2.8,-113.9,-0.18,-0.14,-0.67,0.01,-0.91,-0.16,-196.0,-68.5,-81.0,0.81,1.97,0.01,0.0,0.9240129869217207,0.7077428911688199,0.05771569432720003,0.5,0,8,0.0
19.28272369000024,1722,5482.51,-94.7,2.8,-113.9,0.04,-0.06,-0.49,-0.01,-0.93,-0.17,-196.8,-77.2,-87.0,0.83,2.21,0.01,0.0,0.9454628496138809,0.49527769988159165,0.03554051500233901,0.5,0,8,0.0
19.293434437000542,1723,5482.52,-94.7,2.9,-113.9,0.23,-0.12,-0.38,-0.06,-0.94,-0.18,-197.6,-85.9,-87.0,0.86,2.49,-0.02,0.0,0.9589577675789481,0.46010868281309364,0.021604685096526355,0.5,0,8,0.0
19.30267832300069,1724,5482.53,-94.7,2.9,-113.9,0.33,-0.31,-0.45,-0.12,-0.95,-0.16,-198.5,-95.3,-95.0,0.88,2.71,0.07,0.0,0.9708243919473799,0.6383572667401852,0.009543299513532721,0.5,0,8,0.0
19.31348018800054,1725,5482.54,-94.7,3.0,-114.0,0.04,-0.72,-0.48,-0.18,-0.95,-0.11,-199.5,-105.2,-92.0,0.91,3.0,-0.09,0.0,0.973139250056229,0.8662563131083085,0.0070838725765899335,0.5,0,8,0.0
19.32267401900026,1726,5482.55,-94.7,3.0,-114.1,-0.85,-1.19,-0.29,-0.18,-0.99,-0.1,-200.7,-113.8,-92.0,0.94,3.21,0.08,0.0,1.0111874208078342,1.4908722279256528,0.030345012211514977,0.5,0,8,0.0
19.333557201000076,1727,5482.56,-94.8,3.0,-114.2,-1.11,-1.47,0.0,-0.14,-1.05,-0.12,-201.9,-122.8,-86.0,0.98,3.47,0.2,0.0,1.0660675400742676,1.8420097719610502,0.0835206288483894,0.5,0,8,0.0
19.34264181400067,1728,5482.57,-94.9,3.0,-114.4,-0.6,-1.61,0.39,-0.07,-1.07,-0.15,-203.2,-133.1,-103.0,1.02,3.82,0.11,0.0,1.082728036027515,1.7618740023054997,0.09817750230560418,0.5,0,8,0.0
19.353390395000133,1729,5482.58,-95.0,2.9,-114.5,-0.06,-1.53,0.86,-0.04,-1.05,-0.17,-204.6,-147.0,-138.0,1.05,4.19,0.27,0.0,1.0644247272588137,1.756160584912439,0.07827670966616462,0.5,0,8,0.0
19.36268564800048,1730,5482.59,-95.0,2.8,-114.7,-0.03,-1.54,1.15,-0.04,-1.02,-0.13,-206.2,-163.2,-149.0,1.1,4.71,0.06,0.0,1.0290286682109493,1.9222382786741086,0.04202303760593429,0.5,0,8,0.0
19.37352253300014,1731,5482.6,-95.0,2.6,-114.8,-0.6,-1.76,1.24,-0.04,-1.01,-0.07,-208.0,-181.7,-177.0,1.15,5.18,0.1,0.0,1.0132127121192271,2.234994407151839,0.02568293988392789,0.5,0,8,0.0
19.382576422000056,1732,5482.61,-95.1,2.4,-115.0,-1.42,-1.81,1.36,-0.01,-1.04,-0.07,-209.9,-199.7,-175.0,1.21,5.69,0.07,0.0,1.042401074443038,2.6724707669121472,0.05377387616358409,0.5,0,8,0.0
19.393272387000252,1733,5482.62,-95.3,2.2,-115.2,-1.81,-1.5,1.55,0.01,-1.14,-0.08,-212.0,-215.3,-154.0,1.27,6.07,-0.08,0.0,1.1428473213863695,2.815776979805041,0.1511357206447772,0.5,0,8,0.0
19.402725576000194,1734,5482.63,-95.4,2.0,-115.3,-1.85,-1.13,1.71,0.0,-1.25,-0.01,-214.3,-230.0,-154.0,1.33,6.48,0.0,0.0,1.2500399993600204,2.7610686336996406,0.25316183064605957,0.5,0,8,0.0
19.413411281000663,1735,5482.64,-95.6,1.8,-115.3,-1.83,-0.76,2.23,0.0,-1.29,0.0,-216.7,-243.8,-127.0,1.4,6.75,0.0,0.0,1.29,2.983186216111894,0.28725939466031836,0.5,0,8,0.0
19.422621923000406,1736,5482.65,-95.7,1.5,-115.4,-1.63,-0.34,2.71,0.09,-1.44,0.04,-219.2,-251.3,-77.0,1.47,6.86,0.02,0.0,1.4433641259224923,3.180660308803818,0.4318110501711545,0.5,0,8,0.0
19.433535230000416,1737,5482.66,-95.8,1.3,-115.4,-0.64,-0.09,2.7,0.17,-1.5,0.04,-221.7,-253.0,-33.0,1.54,6.89,0.01,0.0,1.510132444522665,2.776274482107272,0.48860778139590066,0.5,0,8,0.0
19.442671807000806,1738,5482.67,-95.8,1.0,-115.4,0.26,-0.11,2.17,0.1,-1.42,0.03,-224.3,-254.0,-20.0,1.61,6.92,-0.15,0.0,1.423832855359083,2.1882870012866227,0.39426202838767255,0.5,0,8,0.0
19.45344096200006,1739,5482.68,-95.8,0.8,-115.3,0.22,-0.24,1.5,-0.06,-1.25,0.07,-226.8,-255.5,-13.0,1.68,6.95,0.1,0.0,1.2533953885346794,1.5349267083479914,0.21934807033200343,0.5,0,8,0.0
19.462677847000123,1740,5482.69,-95.8,0.7,-115.4,-0.35,-0.67,0.77,-0.2,-1.21,0.12,-229.4,-256.6,-15.0,1.75,7.0,0.1,0.0,1.23227432010896,1.079027339783381,0.19426246186815854,0.5,0,8,0.0
19.473361298000782,1741,5482.7,-95.9,0.7,-115.5,-0.72,-1.34,0.0,-0.29,-1.17,0.16,-232.0,-260.3,-47.0,1.82,7.23,0.26,0.0,1.2159769734661918,1.5211837495845135,0.17440581292088253,0.5,0,8,0.0
19.482585086000654,1742,5482.71,-95.9,0.7,-115.7,-0.78,-2.16,-0.52,-0.34,-1.12,0.19,-234.6,-271.8,-100.0,1.89,7.58,0.2,0.0,1.1857908753233009,2.35465496410833,0.1413353204824317,0.5,0,8,0.0
19.493505130000813,1743,5482.72,-96.0,0.7,-115.9,-0.55,-2.99,-0.65,-0.31,-1.08,0.19,-237.4,-283.8,-107.0,1.97,7.89,0.01,0.0,1.1395613191048564,3.108874394374916,0.09320364897870737,0.5,0,8,0.0
19.50270490100047,1744,5482.73,-96.0,0.7,-116.3,-0.07,-3.61,-0.57,-0.23,-1.04,0.18,-240.3,-294.5,-109.0,2.05,8.2,-0.03,0.0,1.0802314566795397,3.6553932756955168,0.03319631082232277,0.5,0,8,0.0
19.51341067500016,1745,5482.74,-96.0,0.7,-116.7,0.41,-4.14,-0.42,-0.12,-0.99,0.16,-243.4,-307.8,-118.0,2.13,8.49,-0.11,0.0,1.01,4.181399287319976,0.03629444294007267,0.5,0,8,0.0
19.522736676000022,1746,5482.75,-96.0,0.7,-117.1,0.74,-4.5,-0.27,-0.03,-0.94,0.14,-246.5,-311.7,-28.0,2.22,8.37,-0.18,0.0,0.9508417323613851,4.5684242359921,0.0935436563671137,0.5,0,8,0.0
19.53348399600054,1747,5482.76,-95.9,0.7,-117.6,0.77,-4.61,-0.16,0.02,-0.91,0.13,-249.6,-303.3,57.0,2.3,8.07,-0.04,0.0,0.9194563611178075,4.676601330025899,0.12243044705847761,0.5,0,8,0.0
19.542658331000894,1748,5482.77,-95.8,0.7,-118.0,0.74,-4.61,-0.09,0.08,-0.88,0.08,-252.5,-290.9,113.0,2.38,7.65,-0.08,0.0,0.8872429205127533,4.669882225495628,0.15155100991026116,0.5,0,8,0.0
19.55330660600066,1749,5482.78,-95.8,0.6,-118.5,0.58,-4.41,-0.08,0.11,-0.89,0.08,-255.3,-270.9,199.0,2.45,6.94,-0.14,0.0,0.9003332716277901,4.448696438283916,0.1356914456193199,0.5,0,8,0.0
19.562736914000197,1750,5482.79,-95.7,0.6,-118.9,0.45,-4.27,-0.16,0.13,-0.88,0.07,-257.8,-240.3,286.0,2.51,5.98,0.0,0.0,0.8923003978481686,4.296626583728216,0.14084983301096254,0.5,0,8,0.0
19.573202921000302,1751,5482.8,-95.7,0.6,-119.3,0.27,-4.04,-0.3,0.13,-0.86,0.03,-260.0,-203.2,350.0,2.57,4.95,-0.05,0.0,0.8702873088813832,4.060110835925542,0.15960566353819305,0.5,0,8,0.0
19.582755722,1752,5482.81,-95.7,0.6,-119.7,0.08,-3.77,-0.33,0.13,-0.82,0.01,-261.7,-164.4,388.0,2.61,3.84,-0.15,0.0,0.8303011501858828,3.785260889291516,0.1955999857890196,0.5,0,8,0.0
19.59335016300065,1753,5482.82,-95.7,0.6,-120.1,-0.24,-3.37,-0.26,0.13,-0.83,0.0,-263.1,-122.8,410.0,2.64,2.69,-0.04,0.0,0.840119039184329,3.3885247527500817,0.18206645485476192,0.5,0,8,0.0
19.60266552200028,1754,5482.83,-95.7,0.6,-120.4,-0.48,-3.0,-0.25,0.13,-0.87,-0.01,-264.0,-78.0,442.0,2.66,1.41,-0.37,0.0,0.8797158632194829,3.0484258232733823,0.13962023820321579,0.5,0,8,0.0
19.613492455000596,1755,5482.84,-95.8,0.6,-120.7,-0.6,-2.62,-0.3,0.11,-0.91,-0.02,-264.4,-31.1,456.0,2.66,0.16,-0.39,0.0,0.9168424073961675,2.7045147439050874,0.10044382014600062,0.5,0,8,0.0
19.622709584000404,1756,5482.85,-95.9,0.6,-120.9,-0.8,-2.27,-0.37,0.08,-0.95,-0.01,-264.5,11.6,409.0,2.66,-0.82,-0.04,0.0,0.9534149149242421,2.435118066952812,0.06259388636556751,0.5,0,8,0.0
19.63342767300037,1757,5482.86,-96.0,0.6,-121.1,-0.97,-1.99,-0.46,0.07,-1.01,-0.01,-264.1,43.2,334.0,2.64,-1.59,-0.1,0.0,1.0124722218411721,2.2611059240999745,0.00346584785966475,0.5,0,8,0.0
19.6426851060005,1758,5482.87,-96.1,0.6,-121.3,-0.94,-1.76,-0.6,0.07,-1.04,-0.01,-263.5,70.1,278.0,2.62,-2.26,-0.15,0.0,1.042401074443038,2.0835546549106887,0.025933744647357093,0.5,0,8,0.0
19.653309853000792,1759,5482.88,-96.1,0.7,-121.5,-0.77,-1.61,-0.72,0.06,-1.03,-0.01,-262.6,94.2,257.0,2.6,-2.91,-0.03,0.0,1.0317945531936095,1.924421991144354,0.015020678929969833,0.5,0,8,0.0
19.662529488000473,1760,5482.89,-96.2,0.8,-121.7,-0.52,-1.52,-0.76,0.06,-0.99,-0.02,-261.5,117.7,243.0,2.56,-3.59,-0.14,0.0,0.9920181449953422,1.777188791321845,0.024260614682931392,0.5,0,8,0.0
19.673233903000437,1761,5482.9,-96.2,0.8,-121.8,-0.4,-1.46,-0.75,0.05,-0.96,-0.02,-260.2,143.2,250.0,2.52,-4.25,-0.13,0.0,0.9615092303249095,1.6894081803992782,0.0536741387662969,0.5,0,8,0.0
19.682757279000725,1762,5482.91,-96.2,0.9,-122.0,-0.47,-1.43,-0.7,0.04,-0.93,-0.02,-258.6,167.7,250.0,2.47,-4.93,-0.27,0.0,0.9310746479203481,1.6600602398708306,0.0824265467474411,0.5,0,8,0.0
19.693103182000414,1763,5482.92,-96.2,1.0,-122.1,-0.62,-1.41,-0.65,0.04,-0.94,-0.03,-256.7,191.9,236.0,2.42,-5.53,-0.01,0.0,0.9413288479590965,1.6718253497300486,0.0707288997745189,0.5,0,8,0.0
19.70268491600018,1764,5482.93,-96.2,1.1,-122.3,-0.73,-1.42,-0.65,0.04,-0.95,-0.04,-254.6,214.2,228.0,2.36,-6.15,-0.17,0.0,0.9516827202382105,1.7238909478270368,0.05916752694549676,0.5,0,8,0.0
19.713384534000397,1765,5482.94,-96.3,1.1,-122.4,-0.75,-1.46,-0.6,0.04,-0.94,-0.05,-252.3,234.8,207.0,2.3,-6.69,-0.05,0.0,0.942178327069775,1.747598352024858,0.06729848171165376,0.5,0,8,0.0
19.722604868000417,1766,5482.95,-96.3,1.2,-122.6,-0.76,-1.49,-0.54,0.04,-0.94,-0.06,-249.9,255.7,216.0,2.22,-7.29,0.06,0.0,0.942761899951414,1.7576404638036756,0.0653806106534145,0.5,0,8,0.0
19.733512256000722,1767,5482.96,-96.4,1.2,-122.7,-0.76,-1.52,-0.47,0.05,-0.95,-0.07,-247.1,280.7,254.0,2.15,-8.06,-0.07,0.0,0.9538867857350787,1.7632073048850494,0.05317061037235493,0.5,0,8,0.0
19.742555643000742,1768,5482.97,-96.4,1.3,-122.9,-0.52,-1.51,-0.5,0.04,-0.95,-0.08,-244.1,308.2,250.0,2.06,-8.69,-0.11,0.0,0.95420123663722,1.6734694499751108,0.051799036280809285,0.5,0,8,0.0
19.753409993000787,1769,5482.98,-96.5,1.3,-123.0,-0.49,-1.54,-0.36,0.05,-0.92,-0.08,-240.9,328.8,222.0,1.97,-9.28,-0.32,0.0,0.9248243076390239,1.655687168519464,0.07955244597342537,0.5,0,8,0.0
19.762549435000437,1770,5482.99,-96.5,1.4,-123.2,-0.46,-1.58,-0.31,0.06,-0.93,-0.09,-237.4,355.0,270.0,1.87,-10.1,-0.07,0.0,0.9362691920596342,1.6745447142432477,0.06674541032175885,0.5,0,8,0.0
19.77349905200026,1771,5483.0,-96.5,1.4,-123.2,-0.46,-1.58,-0.31,0.06,-0.93,-0.09,-235.1,372.9,287.0,1.78,-10.59,-0.14,0.0,0.9362691920596342,1.6745447142432477,0.06541050211532373,0.5,0,8,0.0
19.78272623400062,1772,5483.01,-96.6,1.4,-123.5,-0.39,-1.47,-0.26,0.08,-0.93,-0.11,-229.7,400.9,260.0,1.67,-11.18,-0.05,0.0,0.9398936110007345,1.5429193109168087,0.060550361510739004,0.5,0,8,0.0
19.793421588000456,1773,5483.02,-96.7,1.5,-123.6,-0.35,-1.34,-0.18,0.09,-0.94,-0.12,-226.0,422.3,250.0,1.55,-11.84,-0.32,0.0,0.951892851112981,1.3966030216206753,0.04758009897052262,0.5,0,8,0.0
19.80273505400055,1774,5483.03,-96.7,1.5,-123.8,-0.3,-1.23,-0.11,0.09,-0.95,-0.12,-221.6,447.2,267.0,1.43,-12.63,-0.18,0.0,0.9617692030835672,1.2708265027138834,0.03694967205993782,0.5,0,8,0.0
19.81345004800005,1775,5483.04,-96.7,1.6,-123.9,-0.16,-1.13,-0.09,0.09,-0.96,-0.12,-216.9,476.1,242.0,1.3,-13.15,-0.29,0.0,0.9716480844420988,1.1448143954370944,0.026529374887378054,0.5,0,8,0.0
19.82265207800083,1776,5483.05,-96.7,1.6,-124.0,0.03,-1.03,-0.03,0.1,-0.94,-0.12,-212.1,485.7,127.0,1.16,-13.35,-0.07,0.0,0.9528903399657276,1.0308734160894828,0.04438137697647426,0.5,0,8,0.0
19.833244418000504,1777,5483.06,-96.7,1.6,-124.1,0.27,-0.91,0.06,0.11,-0.93,-0.13,-207.2,493.3,63.0,1.03,-13.32,0.03,0.0,0.9454628496138809,0.9511046209539727,0.05077268998175444,0.5,0,8,0.0
19.842707501000405,1778,5483.07,-96.7,1.7,-124.2,0.36,-0.75,0.23,0.1,-0.94,-0.14,-202.3,490.2,39.0,0.9,-13.48,0.06,0.0,0.9556149852320232,0.8631338250816034,0.03980814327633997,0.5,0,8,0.0
19.853221790000134,1779,5483.08,-96.7,1.7,-124.2,0.34,-0.57,0.32,0.09,-0.93,-0.14,-197.3,494.2,-30.0,0.76,-13.14,-0.15,0.0,0.9447751055145346,0.7368174807915459,0.049635062533952,0.5,0,8,0.0
19.866738154000814,1780,5483.09,-96.7,1.7,-124.3,0.48,-0.45,0.41,0.1,-0.93,-0.13,-192.5,470.8,-198.0,0.64,-12.32,0.27,0.0,0.944351629426243,0.7752418977325722,0.04905736784979875,0.5,0,8,0.0
19.874820791000275,1781,5483.1,-96.6,1.7,-124.3,0.69,-0.31,0.5,0.11,-0.95,-0.14,-188.1,434.0,-352.0,0.52,-11.07,0.33,0.0,0.9665402216152207,0.9067524469225324,0.0263314001476046,0.5,0,8,0.0
19.882526353000685,1782,5483.11,-96.6,1.7,-124.3,0.83,-0.09,0.64,0.1,-0.96,-0.16,-184.0,388.2,-395.0,0.42,-9.99,0.15,0.0,0.9783659846908006,1.0519505691808908,0.01421552433058415,0.5,0,8,0.0
19.89336234700022,1783,5483.12,-96.5,1.6,-124.3,0.74,0.18,0.68,0.05,-0.99,-0.16,-180.4,349.6,-400.0,0.33,-8.88,0.12,0.0,1.0040916292848974,1.0209799214480175,0.011279917858242339,0.5,0,8,0.0
19.902564509000513,1784,5483.13,-96.5,1.6,-124.3,0.73,0.39,0.68,0.03,-0.98,-0.15,-177.2,307.4,-401.0,0.25,-7.82,0.23,0.0,0.9918669265581951,1.071167587261676,0.0009258891710907102,0.5,0,8,0.0
19.913310153000566,1785,5483.14,-96.4,1.5,-124.2,0.9,0.43,0.73,0.03,-0.95,-0.13,-174.4,275.8,-308.0,0.17,-7.16,0.09,0.0,0.9593226777263216,1.2360420704814217,0.03280073524290483,0.5,0,8,0.0
19.922564610000336,1786,5483.15,-96.3,1.4,-124.2,0.93,0.45,0.79,0.03,-0.94,-0.13,-171.8,254.9,-233.0,0.1,-6.69,0.0,0.0,0.9494208761134337,1.3005767951182277,0.041848486118676864,0.5,0,8,0.0
19.933188641000015,1787,5483.16,-96.3,1.4,-124.1,0.85,0.51,0.84,0.05,-0.92,-0.14,-169.3,237.9,-185.0,0.04,-6.21,0.09,0.0,0.9319334740205439,1.2993075078671714,0.05814917044733536,0.5,0,8,0.0
19.942953533000036,1788,5483.17,-96.2,1.3,-124.1,0.73,0.56,0.87,0.06,-0.93,-0.14,-167.1,224.1,-134.0,-0.01,-5.99,0.04,0.0,0.9423905772024677,1.2662543188475213,0.04673822592010346,0.5,0,8,0.0
19.95332823300032,1789,5483.18,-96.2,1.3,-124.0,0.61,0.58,0.85,0.08,-0.94,-0.14,-164.9,218.4,-67.0,-0.07,-5.92,-0.13,0.0,0.9537295214053091,1.196244122242613,0.03469129608291677,0.5,0,8,0.0
19.962488161000692,1790,5483.19,-96.2,1.2,-123.9,0.44,0.64,0.8,0.08,-0.95,-0.15,-162.5,216.3,-39.0,-0.13,-5.83,-0.05,0.0,0.965090669315583,1.1149887891813084,0.022863545209189984,0.5,0,8,0.0
19.973179162000633,1791,5483.2,-96.1,1.2,-123.8,0.29,0.68,0.73,0.08,-0.96,-0.15,-160.3,210.4,-63.0,-0.18,-5.62,0.17,0.0,0.9749358953285082,1.038941769301822,0.01275795281233938,0.5,0,8,0.0
19.982988341000237,1792,5483.21,-96.2,1.2,-123.8,0.2,0.74,0.65,0.07,-0.96,-0.16,-158.3,199.9,-101.0,-0.24,-5.27,0.03,0.0,0.9757561170702441,1.0050373127401788,0.011698976449191378,0.5,0,8,0.0
19.993362082000203,1793,5483.22,-96.2,1.2,-123.7,0.14,0.82,0.62,0.06,-0.95,-0.16,-156.4,185.0,-143.0,-0.29,-4.82,0.17,0.0,0.9652460826131334,1.037496987947435,0.02176483068817603,0.5,0,8,0.0
