host_time_s,seq,device_time_s,roll,pitch,yaw,gyro_x,gyro_y,gyro_z,accel_x,accel_y,accel_z,belt_length,belt_velocity,belt_acceleration,motor_pos,motor_vel,motor_iq_meas,motor_iq_set,acc_mag,gyro_mag,acc_residual,threshold,heel_strike,hs_count,torque_cmd_nm
2.0762247190014023,1,85.68,97.2,2.4,-17.9,-0.61,0.29,0.33,0.0,0.96,-0.2,-10.4,-0.6,-6.0,-4.23,0.03,-0.06,0.0,0.980612053770501,0.7517313349861106,0.0,0.35,0,0,0.0
2.084365342001547,2,85.69,97.2,2.4,-17.9,-0.61,0.19,0.41,0.0,0.96,-0.19,-10.4,-2.3,-17.0,-4.23,0.09,0.07,0.0,0.9786214794290998,0.7591442550661897,0.0019507628545730737,0.35,0,0,0.0
2.0920912550009234,3,85.7,97.2,2.5,-17.9,-0.6,0.04,0.5,-0.01,0.97,-0.19,-10.5,-4.4,-10.0,-4.23,0.11,0.08,0.0,0.9884836872705588,0.782048591840686,0.007753216087148185,0.35,0,0,0.0
2.0999473860010767,4,85.71,97.1,2.5,-17.9,-0.64,-0.12,0.61,-0.02,0.98,-0.18,-10.5,-3.3,8.0,-4.23,0.06,0.17,0.0,0.9965942002640793,0.8922443611477744,0.01554645449905534,0.35,0,0,0.0
2.112015983000674,5,85.72,97.1,2.5,-17.9,-0.75,-0.32,0.72,-0.04,0.99,-0.17,-10.5,-2.2,4.0,-4.23,0.06,0.18,0.0,1.0052860289489753,1.0877959367454908,0.023753517520272327,0.35,0,0,0.0
2.120148413001516,6,85.73,97.0,2.6,-17.8,-0.85,-0.52,0.8,-0.05,0.99,-0.17,-10.6,-3.9,-14.0,-4.23,0.13,0.02,0.0,1.0057335631269346,1.2778497564267874,0.023717030664267003,0.35,0,0,0.0
2.1319325370004663,7,85.74,96.9,2.7,-17.7,-0.93,-0.76,0.86,-0.05,0.98,-0.17,-10.6,-7.9,-45.0,-4.23,0.32,0.13,0.0,0.9958915603618699,1.477193284577208,0.013597527341218218,0.35,0,0,0.0
2.1401880490011536,8,85.75,96.8,2.7,-17.6,-0.95,-0.94,0.89,-0.05,0.98,-0.18,-10.8,-15.4,-53.0,-4.22,0.46,0.0,0.0,0.9976472322419382,1.605677427131614,0.015046135236860825,0.35,0,0,0.0
2.1521143120007764,9,85.76,96.7,2.8,-17.5,-0.97,-1.08,0.95,-0.04,0.99,-0.18,-10.9,-19.4,-51.0,-4.22,0.59,0.07,0.0,1.0070253224224304,1.7348775172904858,0.023935740909005965,0.35,0,0,0.0
2.160091518000627,10,85.77,96.7,2.9,-17.4,-1.0,-1.2,1.03,-0.04,0.98,-0.2,-11.2,-26.3,-72.0,-4.21,0.82,-0.02,0.0,1.000999500499376,1.8710692130437077,0.017551720606232446,0.35,0,0,0.0
2.1720211840001866,11,85.78,96.6,3.0,-17.3,-1.01,-1.3,1.11,-0.03,0.98,-0.2,-11.5,-32.5,-55.0,-4.2,0.94,-0.02,0.0,1.000649788887201,1.9854974187845222,0.01685796881417645,0.35,0,0,0.0
2.180072454000765,12,85.79,96.5,3.1,-17.1,-1.01,-1.41,1.2,-0.02,0.96,-0.2,-11.9,-35.4,-30.0,-4.19,0.97,-0.01,0.0,0.9808159868191383,2.1090756269038815,0.002916316588808532,0.35,0,0,0.0
2.1919965910001338,13,85.8,96.4,3.2,-16.9,-0.98,-1.48,1.28,-0.01,0.95,-0.21,-12.2,-39.5,-42.0,-4.18,1.12,-0.21,0.0,0.9729850975220535,2.188424090527245,0.010532261768175455,0.35,0,0,0.0
2.2002079190006043,14,85.81,96.3,3.3,-16.8,-0.87,-1.54,1.32,0.0,0.93,-0.22,-12.7,-44.2,-45.0,-4.17,1.24,-0.12,0.0,0.9556673061269806,2.207011554115655,0.02729305209998345,0.35,0,0,0.0
2.2120190960013133,15,85.82,96.2,3.4,-16.6,-0.74,-1.61,1.37,0.0,0.94,-0.23,-13.1,-46.0,-16.0,-4.15,1.24,0.1,0.0,0.9677293009927931,2.239776774591611,0.014926436089487516,0.35,0,0,0.0
2.220258529001512,16,85.83,96.2,3.5,-16.4,-0.58,-1.62,1.38,0.0,0.93,-0.24,-13.6,-45.7,0.0,-4.14,1.22,0.1,0.0,0.9604686356149273,2.2057198371506748,0.021743359438006205,0.35,0,0,0.0
2.2319373700011056,17,85.84,96.1,3.7,-16.3,-0.43,-1.62,1.38,0.01,0.93,-0.25,-14.0,-44.2,17.0,-4.13,1.15,0.03,0.0,0.9630680142129112,2.171105709080053,0.018761101223221943,0.35,0,0,0.0
2.2403062420016795,18,85.85,96.1,3.8,-16.1,-0.37,-1.61,1.41,0.0,0.93,-0.26,-14.5,-41.6,26.0,-4.12,1.07,-0.13,0.0,0.9656603957913984,2.1718885790942406,0.015845345251840115,0.35,0,0,0.0
2.251884137000161,19,85.86,96.1,3.9,-15.9,-0.29,-1.63,1.42,0.0,0.92,-0.25,-14.8,-36.9,40.0,-4.11,0.94,0.0,0.0,0.9533624704172071,2.181146487515224,0.027580405213510795,0.35,0,0,0.0
2.259984013000576,20,85.87,96.1,4.0,-15.7,-0.18,-1.66,1.43,-0.02,0.92,-0.25,-15.2,-33.3,26.0,-4.1,0.9,0.02,0.0,0.9535722311393091,2.1983857714241144,0.02682323160158062,0.35,0,0,0.0
2.2718735330017807,21,85.88,96.1,4.2,-15.5,-0.11,-1.74,1.41,-0.04,0.91,-0.24,-15.5,-31.0,29.0,-4.09,0.81,0.06,0.0,0.9419660291114538,2.2422756298011177,0.037660844956847295,0.35,0,0,0.0
2.280177780001395,22,85.89,96.1,4.3,-15.3,0.0,-1.85,1.37,-0.07,0.9,-0.25,-15.8,-31.9,-8.0,-4.08,0.9,-0.04,0.0,0.9366963221877195,2.302042571283164,0.042071940842969946,0.35,0,0,0.0
2.2918013490016165,23,85.9,96.1,4.4,-15.1,0.1,-2.02,1.36,-0.1,0.91,-0.25,-16.2,-35.9,-44.0,-4.07,1.08,-0.08,0.0,0.9489994731294639,2.4372115213907883,0.029173414103201067,0.35,0,0,0.0
2.300248075000127,24,85.91,96.1,4.5,-14.9,0.23,-2.2,1.35,-0.12,0.91,-0.21,-16.6,-44.2,-80.0,-4.06,1.34,0.09,0.0,0.9415943925066674,2.591408883213917,0.035846924831477556,0.35,0,0,0.0
2.311766428001647,25,85.92,96.2,4.6,-14.7,0.79,-2.57,1.12,-0.1,0.94,-0.16,-17.1,-56.5,-121.0,-4.04,1.74,-0.24,0.0,0.9587491851365507,2.912627679604793,0.01831828955756243,0.35,0,0,0.0
2.320137741000508,26,85.93,96.3,4.7,-14.4,1.33,-2.78,0.72,-0.04,1.0,-0.18,-17.8,-77.0,-200.0,-4.02,2.42,0.03,0.0,1.0168579055108928,3.164759074558441,0.03899462220044414,0.35,0,0,0.0
2.33170031300142,27,85.94,96.5,4.7,-14.1,1.51,-2.68,0.17,0.01,1.05,-0.21,-18.8,-105.5,-270.0,-3.99,3.25,0.15,0.0,1.0708407911543154,3.0808115813856585,0.09111795768698938,0.35,0,0,0.0
2.3402191040004254,28,85.95,96.7,4.6,-13.8,1.25,-2.47,-0.27,0.08,1.1,-0.22,-20.0,-133.9,-260.0,-3.96,3.93,0.09,0.0,1.124633273560764,2.781420500391841,0.14201223129156926,0.35,0,0,0.0
2.351707924000948,29,85.96,96.9,4.6,-13.6,0.65,-2.47,-0.18,0.15,1.09,-0.16,-21.5,-155.0,-213.0,-3.91,4.42,0.15,0.0,1.1118453129819814,2.560429651445242,0.12663978529853093,0.35,0,0,0.0
2.360048688000461,30,85.97,96.9,4.6,-13.3,0.29,-2.72,0.14,0.21,1.02,-0.1,-23.2,-167.6,-129.0,-3.87,4.61,-0.07,0.0,1.0461835403025608,2.738996166481436,0.059758452366728054,0.35,0,0,0.0
2.3718692250004096,31,85.98,97.0,4.6,-13.1,0.55,-2.67,0.16,0.26,0.96,-0.12,-24.9,-169.0,-26.0,-3.82,4.53,-0.07,0.0,1.0017983829094554,2.730750812505601,0.015065829074150217,0.35,0,0,0.0
2.3800786990013876,32,85.99,97.1,4.5,-12.8,1.36,-2.04,-0.28,0.3,0.99,-0.16,-26.5,-161.1,62.0,-3.78,4.21,-0.07,0.0,1.0467568963231149,2.467711490429949,0.05882385563805348,0.35,0,0,0.0
2.3917389580001327,33,86.0,97.3,4.5,-12.7,2.3,-1.28,-0.96,0.3,1.08,-0.14,-27.6,-150.1,164.0,-3.74,3.71,-0.03,0.0,1.1296016997154352,2.80178514522438,0.13883528584976634,0.35,0,0,0.0
2.400216834001185,34,86.01,97.6,4.3,-12.6,2.8,-0.8,-1.54,0.29,1.17,-0.16,-29.3,-125.0,198.0,-3.71,3.15,-0.02,0.0,1.2159769734661918,3.29417668014331,0.22070634840851244,0.35,0,0,0.0
2.41187586200067,35,86.02,97.8,4.2,-12.6,2.09,-0.54,-1.52,0.21,1.23,-0.19,-30.4,-103.8,208.0,-3.68,2.57,-0.27,0.0,1.2621806526801145,2.6400946952713644,0.2615718270699865,0.35,0,0,0.0
2.4199713680009154,36,86.03,98.0,4.1,-12.5,1.25,-0.57,-1.09,0.08,1.17,-0.15,-31.3,-83.3,198.0,-3.66,2.04,0.15,0.0,1.182285921425101,1.7537103523672317,0.17804355389867355,0.35,0,0,0.0
2.432297164001284,37,86.04,98.1,4.0,-12.5,0.78,-1.01,-0.48,-0.06,1.13,-0.06,-32.0,-67.9,148.0,-3.64,1.73,-0.14,0.0,1.133181362359971,1.3634148304899723,0.12636021493687277,0.35,0,0,0.0
2.440119234001031,38,86.05,98.2,3.9,-12.3,0.8,-1.77,0.11,-0.2,1.07,-0.02,-32.7,-58.8,96.0,-3.62,1.54,-0.1,0.0,1.0887148386974432,1.945507645834372,0.08025581744885812,0.35,0,0,0.0
2.451984828001514,39,86.06,98.3,3.9,-12.1,1.56,-2.67,0.44,-0.28,1.04,0.03,-33.2,-56.4,33.0,-3.61,1.55,-0.03,0.0,1.0774506949276148,3.1234756282065015,0.06761184020544908,0.35,0,0,0.0
2.4600506990009308,40,86.07,98.5,3.9,-11.8,2.23,-3.69,0.6,-0.28,1.12,0.05,-33.8,-60.8,-28.0,-3.59,1.73,0.07,0.0,1.155551816233266,4.3530449113235665,0.14279870228087832,0.35,0,0,0.0
2.47206184100105,41,86.08,98.8,3.9,-11.3,1.97,-4.46,0.87,-0.2,1.19,0.02,-34.5,-70.2,-80.0,-3.57,2.04,0.11,0.0,1.2068554180182478,4.952716426366444,0.1902202579845429,0.35,0,0,0.0
2.480062934000671,42,86.09,99.0,4.0,-10.8,1.2,-4.98,1.04,-0.09,1.19,0.0,-35.3,-81.1,-93.0,-3.55,2.31,0.17,0.0,1.1933985084622822,5.227045054330411,0.1732280814600058,0.35,0,0,0.0
2.4916937830003008,43,86.1,99.1,4.0,-10.3,0.33,-5.34,1.12,0.04,1.14,0.0,-36.1,-91.1,-102.0,-3.52,2.6,0.16,0.0,1.1407015385279358,5.466159529322209,0.11812048929514618,0.35,0,0,0.0
2.5002201330007665,44,86.11,99.1,4.0,-9.8,-0.27,-5.44,1.07,0.17,1.06,-0.02,-37.1,-102.8,-121.0,-3.49,2.97,0.13,0.0,1.0737318100903968,5.550801743892499,0.05012774564045497,0.35,0,0,0.0
2.511659847001283,45,86.12,99.1,4.0,-9.2,-0.79,-5.36,0.99,0.24,1.0,-0.01,-38.2,-115.5,-119.0,-3.46,3.28,-0.02,0.0,1.0284454287904634,5.507612913050445,0.00474453705371114,0.35,0,0,0.0
2.5198906600016926,46,86.13,99.0,4.0,-8.7,-1.23,-5.21,0.91,0.26,0.93,0.01,-39.5,-128.1,-124.0,-3.43,3.63,-0.06,0.0,0.9657121724406295,5.430018416175031,0.05682894491020041,0.35,0,0,0.0
2.5317895370008046,47,86.14,98.9,4.1,-8.1,-1.46,-5.1,0.86,0.24,0.87,0.04,-40.9,-139.6,-110.0,-3.39,3.91,-0.06,0.0,0.9033825324855468,5.374123184297137,0.11677541316797735,0.35,0,0,0.0
2.540252552000311,48,86.15,98.8,4.1,-7.6,-1.26,-5.13,0.71,0.22,0.8,0.03,-42.3,-148.9,-91.0,-3.35,4.13,-0.02,0.0,0.8302409288875128,5.329971857336584,0.18611867643069124,0.35,0,0,0.0
2.5517779650017474,49,86.16,98.7,4.0,-7.1,-0.99,-4.96,0.62,0.2,0.81,0.01,-43.8,-154.7,-71.0,-3.31,4.29,0.02,0.0,0.8343860018001261,5.095694260844149,0.17833413144771626,0.35,0,0,0.0
2.5602505930000916,50,86.17,98.7,4.0,-6.6,-0.8,-4.64,0.56,0.17,0.82,0.0,-45.4,-161.4,-66.0,-3.26,4.45,0.13,0.0,0.8374365647617734,4.741645284075982,0.1717778971163475,0.35,0,0,0.0
2.5717957510005363,51,86.18,98.7,4.0,-6.2,-0.57,-4.39,0.5,0.15,0.85,-0.01,-47.1,-164.2,-33.0,-3.22,4.49,-0.01,0.0,0.8631917515824626,4.454997194162977,0.14310225608974514,0.35,0,0,0.0
2.5801680810000107,52,86.19,98.6,4.0,-5.7,-0.44,-4.23,0.4,0.14,0.88,-0.02,-48.7,-166.7,-24.0,-3.17,4.55,0.02,0.0,0.8912911982062877,4.27159220900123,0.11270275327660162,0.35,0,0,0.0
2.591895800000202,53,86.2,98.6,4.0,-5.3,-0.34,-4.08,0.31,0.15,0.93,-0.04,-50.4,-166.7,0.0,-3.13,4.5,0.0,0.0,0.9428679653058535,4.105861663524479,0.05990346645349509,0.35,0,0,0.0
2.6001180870007374,54,86.21,98.6,3.9,-4.9,-0.34,-3.84,0.26,0.17,0.95,-0.09,-52.1,-164.4,18.0,-3.08,4.42,0.28,0.0,0.9692780818733084,3.863780532069595,0.03282348288831938,0.35,0,0,0.0
2.6117855320007948,55,86.22,98.6,3.9,-4.6,0.01,-3.42,0.24,0.2,0.98,-0.11,-53.7,-159.9,40.0,-3.04,4.28,-0.08,0.0,1.0062305898749053,3.4284252945047524,0.004046444611012001,0.35,0,0,0.0
2.6201935910012253,56,86.23,98.7,3.9,-4.2,0.26,-2.99,0.39,0.21,1.01,-0.11,-55.2,-153.8,51.0,-3.0,4.12,0.0,0.0,1.0374487939170782,3.0265161489739323,0.03455935568012114,0.35,0,0,0.0
2.632253429001139,57,86.24,98.7,3.9,-4.0,0.58,-2.69,0.57,0.19,1.02,-0.11,-56.7,-148.5,53.0,-2.96,3.96,-0.05,0.0,1.0433599570617995,2.810231307205868,0.03966110844834558,0.35,0,0,0.0
2.640069373001097,58,86.25,98.8,3.9,-3.7,0.87,-2.55,0.72,0.19,1.03,-0.11,-58.2,-144.2,38.0,-2.92,3.9,0.09,0.0,1.053138167573467,2.7888707392061036,0.04845053258081289,0.35,0,0,0.0
2.6516070370016678,59,86.26,98.9,4.0,-3.4,0.85,-2.41,0.88,0.18,1.02,-0.13,-59.6,-140.6,40.0,-2.88,3.76,0.16,0.0,1.0438869670610893,2.702776350347916,0.03841534542706637,0.35,0,0,0.0
2.66032603000167,60,86.27,99.0,4.1,-3.2,0.85,-2.33,0.99,0.16,1.02,-0.12,-61.0,-136.3,45.0,-2.84,3.64,0.1,0.0,1.0394229168149027,2.670486847,0.033272269277262234,0.35,0,0,0.0
2.671794959000181,61,86.28,99.1,4.2,-2.9,0.68,-2.29,1.12,0.14,1.0,-0.13,-62.3,-130.7,48.0,-2.81,3.49,0.06,0.0,1.0180864403379508,2.638351758200563,0.011697076944304108,0.35,0,0,0.0
2.6802190150010574,62,86.29,99.2,4.3,-2.7,0.65,-2.23,1.16,0.13,0.97,-0.13,-63.6,-126.1,47.0,-2.77,3.37,-0.02,0.0,0.98726896031426,2.5963435828102566,0.018737995017798936,0.35,0,0,0.0
2.6917466950017115,63,86.3,99.2,4.4,-2.5,0.66,-2.19,1.14,0.13,0.96,-0.15,-64.8,-120.6,52.0,-2.74,3.21,-0.05,0.0,0.9803060746521975,2.555640819833648,0.025186863066264276,0.35,0,0,0.0
2.700312095001209,64,86.31,99.3,4.5,-2.2,0.58,-2.1,1.14,0.14,0.98,-0.16,-66.0,-115.3,49.0,-2.71,3.07,-0.11,0.0,1.0027960909377338,2.458861525177862,0.002642909845113506,0.35,0,0,0.0
2.711737625000751,65,86.32,99.4,4.7,-2.0,0.45,-1.98,1.12,0.15,0.97,-0.18,-67.1,-109.4,64.0,-2.68,2.87,-0.11,0.0,0.9978977903573091,2.3189006015782567,0.007390386217027367,0.35,0,0,0.0
2.7202014780013997,66,86.33,99.5,4.8,-1.8,0.27,-1.85,1.11,0.17,0.97,-0.18,-68.1,-102.7,62.0,-2.65,2.72,0.18,0.0,1.0010993956645864,2.1742814905158903,0.004105005291554997,0.35,0,0,0.0
2.7319289240003855,67,86.34,99.5,4.9,-1.6,0.1,-1.68,1.13,0.17,0.96,-0.2,-69.1,-95.5,75.0,-2.63,2.48,0.04,0.0,0.995238664843765,2.0271408436514715,0.009766421390128954,0.35,0,0,0.0
2.744000735001464,68,86.35,99.6,5.1,-1.4,0.06,-1.53,1.11,0.17,0.94,-0.19,-70.0,-86.5,85.0,-2.6,2.24,0.05,0.0,0.9739609848448756,1.8911901014969383,0.03042321936123793,0.35,0,0,0.0
2.752238833001684,69,86.36,99.6,5.2,-1.3,0.11,-1.43,1.09,0.17,0.93,-0.19,-70.8,-78.0,84.0,-2.58,2.02,0.14,0.0,0.9643132271207319,1.8014161096204286,0.039269557543674005,0.35,0,0,0.0
2.760206738001216,70,86.37,99.6,5.3,-1.1,0.04,-1.36,1.09,0.16,0.93,-0.19,-71.5,-69.8,81.0,-2.56,1.8,-0.03,0.0,0.9626006440887104,1.7433588270921168,0.04016249776418157,0.35,0,0,0.0
2.7716721780016087,71,86.38,99.7,5.4,-1.0,-0.09,-1.26,1.04,0.16,0.91,-0.21,-72.2,-60.7,91.0,-2.55,1.53,0.12,0.0,0.9475230867899737,1.6362457028209425,0.05413525396165986,0.35,0,0,0.0
2.780174049001289,72,86.39,99.7,5.6,-0.8,-0.26,-1.19,0.97,0.15,0.9,-0.21,-72.7,-52.9,74.0,-2.53,1.36,0.02,0.0,0.9362691920596341,1.5571127126833175,0.06408136571815948,0.35,0,0,0.0
2.7916380840015336,73,86.4,99.7,5.7,-0.7,-0.38,-1.16,0.88,0.15,0.89,-0.2,-73.2,-45.6,79.0,-2.52,1.14,0.0,0.0,0.9244457799135654,1.5047923444781344,0.07438668230694367,0.35,0,0,0.0
2.800155718001406,74,86.41,99.7,5.8,-0.5,-0.55,-1.21,0.78,0.15,0.87,-0.2,-73.6,-38.0,79.0,-2.51,0.92,0.04,0.0,0.9052071586106686,1.541103500742244,0.09175279753764365,0.35,0,0,0.0
2.8117792290013313,75,86.42,99.7,5.8,-0.4,-0.72,-1.21,0.65,0.17,0.87,-0.21,-73.9,-31.0,63.0,-2.5,0.78,-0.08,0.0,0.9109884741312593,1.5508062419270823,0.08425205237671185,0.35,0,0,0.0
2.8201338640010363,76,86.43,99.6,5.9,-0.3,-0.8,-1.16,0.43,0.18,0.87,-0.22,-74.2,-25.3,54.0,-2.5,0.64,-0.05,0.0,0.9152595260361949,1.4732616875490925,0.07838138046234078,0.35,0,0,0.0
2.8317871970011765,77,86.44,99.5,5.9,-0.2,-0.85,-1.1,0.17,0.2,0.89,-0.22,-74.4,-19.7,61.0,-2.49,0.45,-0.09,0.0,0.9383496150156402,1.4004999107461593,0.05418546565323756,0.35,0,0,0.0
2.8400503560005745,78,86.45,99.5,5.9,-0.1,-0.9,-1.0,-0.09,0.21,0.9,-0.23,-74.6,-10.4,85.0,-2.49,0.17,-0.08,0.0,0.9523654760647301,1.3483693855913519,0.039366212512064735,0.35,0,0,0.0
2.8518147450013203,79,86.46,99.4,5.8,0.0,-0.99,-0.81,-0.33,0.21,0.91,-0.24,-74.6,-4.0,55.0,-2.49,0.07,0.04,0.0,0.9642613753542139,1.3210223313782399,0.02692090695812932,0.35,0,0,0.0
2.8603158180012542,80,86.47,99.3,5.8,0.0,-1.08,-0.61,-0.51,0.21,0.91,-0.25,-74.6,-2.0,26.0,-2.49,0.04,-0.02,0.0,0.966798841538404,1.341118935814419,0.023895771958460377,0.35,0,0,0.0
2.871794757000316,81,86.48,99.2,5.7,0.0,-0.98,-0.38,-0.65,0.2,0.91,-0.26,-74.7,-1.5,9.0,-2.49,0.03,0.01,0.0,0.9673158739522474,1.235839795442759,0.022911164753724678,0.35,0,0,0.0
2.8803012920016045,82,86.49,99.1,5.6,0.0,-0.78,-0.19,-0.73,0.19,0.92,-0.26,-74.7,-1.8,-2.0,-2.49,0.06,0.11,0.0,0.9747307320486002,1.085080642164443,0.015186380524224496,0.35,0,0,0.0
2.891797566000605,83,86.5,99.0,5.6,0.0,-0.6,-0.02,-0.76,0.18,0.94,-0.25,-74.7,-2.9,-7.0,-2.49,0.09,0.06,0.0,0.9891915891272024,0.96850400102426,0.000711012976709835,0.35,0,0,0.0
2.900247492001654,84,86.51,99.0,5.5,0.0,-0.57,0.1,-0.77,0.16,0.95,-0.25,-74.7,-4.0,-8.0,-2.48,0.12,0.03,0.0,0.9952889027814988,0.9632237538599222,0.0052785746640349185,0.35,0,0,0.0
2.911672483000075,85,86.52,98.9,5.4,0.0,-0.66,0.26,-0.8,0.15,0.96,-0.26,-74.8,-5.9,-22.0,-2.48,0.2,-0.02,0.0,1.005832988124768,1.0692053123698928,0.015506206807158085,0.35,0,0,0.0
2.919995664000453,86,86.53,98.8,5.3,0.0,-0.82,0.39,-0.85,0.15,0.95,-0.25,-74.9,-10.9,-42.0,-2.48,0.35,0.0,0.0,0.9937303457175894,1.243784547258889,0.0033354931119798925,0.35,0,0,0.0
2.9319683500016254,87,86.54,98.7,5.3,0.0,-0.91,0.52,-0.92,0.14,0.94,-0.25,-75.0,-16.3,-57.0,-2.47,0.54,0.08,0.0,0.982700361249552,1.3945967159003352,0.00754060152893643,0.35,0,0,0.0
2.944217609001498,88,86.55,98.6,5.2,-0.1,-0.83,0.63,-0.98,0.14,0.93,-0.23,-75.2,-22.5,-51.0,-2.47,0.66,-0.07,0.0,0.9681941953967707,1.4304544732356916,0.021605832034083394,0.35,0,0,0.0
2.952155337001386,89,86.56,98.6,5.1,-0.2,-0.63,0.68,-1.0,0.15,0.93,-0.21,-75.5,-28.7,-71.0,-2.46,0.89,-0.06,0.0,0.9651424765287248,1.3635615130972274,0.024164399884086696,0.35,0,0,0.0
2.9602087420007592,90,86.57,98.6,5.1,-0.2,-0.41,0.68,-0.94,0.14,0.93,-0.19,-75.8,-35.4,-60.0,-2.45,1.02,0.17,0.0,0.9594790253048787,1.2304877081872863,0.029231294085774073,0.35,0,0,0.0
2.971557577000567,91,86.58,98.6,5.0,-0.3,-0.17,0.66,-0.88,0.13,0.92,-0.18,-76.2,-41.8,-65.0,-2.44,1.22,0.05,0.0,0.9464142856064675,1.113058848399311,0.04145011310850166,0.35,0,0,0.0
2.980210468000223,92,86.59,98.6,5.0,-0.4,0.02,0.62,-0.79,0.12,0.92,-0.18,-76.7,-49.3,-69.0,-2.43,1.41,0.07,0.0,0.9450925880568528,1.0044401425669924,0.041916374444954,0.35,0,0,0.0
2.9921391640000365,93,86.6,98.6,4.9,-0.5,0.16,0.55,-0.67,0.1,0.92,-0.18,-77.2,-55.5,-59.0,-2.41,1.57,-0.18,0.0,0.942761899951414,0.8814760348415606,0.04336212129938488,0.35,0,0,0.0
3.0002075620013784,94,86.61,98.7,4.9,-0.5,0.21,0.45,-0.56,0.1,0.92,-0.19,-77.8,-60.5,-55.0,-2.39,1.71,0.21,0.0,0.9447221813845592,0.7484650960465692,0.04057380306891489,0.35,0,0,0.0
3.011665626001559,95,86.62,98.7,4.8,-0.6,0.23,0.36,-0.49,0.1,0.93,-0.2,-78.5,-66.3,-61.0,-2.37,1.89,-0.12,0.0,0.9565040512198577,0.6500769185258003,0.028216094568944028,0.35,0,0,0.0
3.020180291001452,96,86.63,98.8,4.8,-0.6,0.14,0.3,-0.4,0.12,0.93,-0.22,-79.2,-71.4,-52.0,-2.36,2.0,0.25,0.0,0.9631718434422801,0.5192301994298868,0.021117336299591227,0.35,0,0,0.0
3.031680521000453,97,86.64,98.8,4.8,-0.6,0.07,0.34,-0.38,0.14,0.91,-0.25,-79.9,-75.8,-35.0,-2.33,2.07,0.07,0.0,0.954044024141444,0.5146843692983109,0.02964025248841884,0.35,0,0,0.0
3.0402867890006746,98,86.65,98.8,4.8,-0.7,0.07,0.47,-0.41,0.16,0.89,-0.29,-80.7,-76.7,-17.0,-2.31,2.09,0.09,0.0,0.9496315074806648,0.6276145313805281,0.03337171376621406,0.35,0,0,0.0
3.0517652130001807,99,86.66,98.8,4.7,-0.7,0.06,0.7,-0.48,0.19,0.87,-0.32,-81.5,-76.9,-7.0,-2.29,2.09,-0.03,0.0,0.946255779374689,0.8508818954473059,0.036012493034746074,0.35,0,0,0.0
3.060264192001341,100,86.67,98.8,4.7,-0.8,0.18,0.99,-0.64,0.22,0.84,-0.35,-82.2,-76.3,9.0,-2.27,2.03,0.06,0.0,0.9362157870918434,1.1925183436744276,0.04513143561123978,0.35,0,0,0.0
3.071790358000726,101,86.68,98.8,4.6,-1.0,0.51,1.43,-0.8,0.26,0.85,-0.38,-83.0,-73.3,22.0,-2.25,1.96,0.14,0.0,0.9666954018717581,1.7161002301730512,0.014358784414698622,0.35,0,0,0.0
3.080342401000962,102,86.69,98.9,4.6,-1.2,1.03,1.98,-0.89,0.27,0.9,-0.37,-83.7,-69.2,42.0,-2.23,1.8,-0.17,0.0,1.0098514742277698,2.4027900449269386,0.02822134218248684,0.35,0,0,0.0
3.0917815740012884,103,86.7,99.0,4.5,-1.4,1.43,2.48,-0.85,0.25,0.95,-0.32,-84.3,-64.7,35.0,-2.22,1.73,-0.05,0.0,1.0331505214633538,2.9862685746596873,0.050489981629709524,0.35,0,0,0.0
3.100174152001273,104,86.71,99.1,4.5,-1.7,1.75,2.83,-0.69,0.22,1.03,-0.3,-85.0,-62.8,29.0,-2.2,1.66,0.0,0.0,1.0951255635770722,3.3981612675092396,0.11021572326855933,0.35,0,0,0.0
3.1118049710003106,105,86.72,99.3,4.5,-2.0,1.75,3.0,-0.37,0.16,1.06,-0.26,-85.6,-59.4,27.0,-2.18,1.59,0.08,0.0,1.1030865786510142,3.4927639485084017,0.11581320357565128,0.35,0,0,0.0
3.120107546001236,106,86.73,99.5,4.5,-2.3,1.6,2.94,-0.15,0.11,1.01,-0.25,-86.2,-58.7,8.0,-2.17,1.59,0.0,0.0,1.046279121458514,3.350537270349339,0.057825631455488136,0.35,0,0,0.0
3.1317376650004007,107,86.74,99.7,4.6,-2.6,1.58,2.88,-0.2,0.09,0.94,-0.27,-86.8,-57.7,16.0,-2.15,1.54,0.01,0.0,0.9821405194777374,3.291018079561399,0.00618671111478275,0.35,0,0,0.0
3.140287498001271,108,86.75,99.9,4.6,-2.8,1.69,2.94,-0.36,0.1,0.95,-0.24,-87.3,-56.5,6.0,-2.14,1.54,-0.01,0.0,0.9849365461794988,3.410175948539899,0.0033228707247608957,0.35,0,0,0.0
3.1517612650004594,109,86.76,100.0,4.6,-3.1,1.77,3.0,-0.45,0.07,1.03,-0.19,-87.9,-54.9,14.0,-2.12,1.48,0.06,0.0,1.0497142468310126,3.5121788109377348,0.06022573332821779,0.35,0,0,0.0
3.1602706190005847,110,86.77,100.2,4.6,-3.4,1.79,2.92,-0.29,0.05,1.19,-0.12,-88.4,-52.1,28.0,-2.11,1.36,0.01,0.0,1.1970797801316335,3.437237262686415,0.203439441296262,0.35,0,0,0.0
3.171786377000899,111,86.78,100.3,4.7,-3.7,1.83,2.59,0.33,0.04,1.39,-0.04,-88.9,-50.1,22.0,-2.09,1.33,-0.06,0.0,1.391150602918318,3.1884008530923458,0.3895600588012875,0.35,0,1,0.0
3.1802574210014427,112,86.79,100.5,4.8,-3.9,1.87,2.15,1.28,-0.01,1.54,-0.01,-89.4,-47.3,28.0,-2.08,1.24,0.25,0.0,1.540064933695979,3.123747749098829,0.5277049017873696,0.35,0,1,0.0
3.191853523001555,113,86.8,100.6,5.0,-4.1,1.37,1.64,2.07,-0.14,1.5,-0.02,-89.8,-42.3,55.0,-2.07,1.05,-0.05,0.0,1.5066519173319364,2.975130249249602,0.4844060477148604,0.35,0,1,0.0
3.2001975140010472,114,86.81,100.7,5.2,-4.2,0.18,1.2,2.16,-0.2,1.32,-0.04,-90.2,-32.6,100.0,-2.06,0.7,-0.02,0.0,1.3356646285651201,2.4774987386475096,0.3071503837690832,0.35,0,1,0.0
3.211878780000916,115,86.82,100.6,5.5,-4.2,-0.9,0.61,1.85,-0.05,1.12,-0.1,-90.4,-15.9,151.0,-2.06,0.2,0.02,0.0,1.1255665240224588,2.1458331715210295,0.09511123364189356,0.35,0,1,0.0
3.2202473750003264,116,86.83,100.5,5.6,-4.3,-1.15,0.8,1.31,0.1,0.98,-0.14,-90.4,2.2,148.0,-2.06,-0.17,0.01,0.0,0.9949874371066199,1.9179676743887004,0.034758496208466605,0.35,0,1,0.0
3.2320439380000607,117,86.84,100.4,5.8,-4.4,-0.75,1.2,0.7,0.26,0.87,-0.16,-90.4,7.2,59.0,-2.06,-0.19,0.02,0.0,0.9220086767487603,1.5787653403846944,0.10558251143499953,0.35,0,1,0.0
3.240204983001604,118,86.85,100.4,5.8,-4.5,0.09,1.92,0.08,0.41,0.82,-0.18,-90.3,9.7,53.0,-2.06,-0.34,-0.1,0.0,0.934291175169711,1.9237723358027583,0.09143401275376772,0.35,0,1,0.0
3.251636289000089,119,86.86,100.4,5.8,-4.7,0.9,2.82,-0.54,0.49,0.83,-0.17,-90.2,15.5,52.0,-2.07,-0.48,0.01,0.0,0.9787236586493656,3.00898654034876,0.04606149868863085,0.35,0,1,0.0
3.260338257001422,120,86.87,100.5,5.8,-5.1,1.39,3.77,-0.96,0.51,0.86,-0.17,-90.0,21.7,62.0,-2.07,-0.68,0.14,0.0,1.0141991914806479,4.131174167231394,0.010374246540201693,0.35,0,1,0.0
3.271792164001454,121,86.88,100.6,5.8,-5.5,1.47,4.8,-1.16,0.44,0.9,-0.13,-89.7,32.5,110.0,-2.08,-1.06,-0.24,0.0,1.010198000393982,5.152329570204142,0.01408792887433008,0.35,0,1,0.0
3.2803469210011826,122,86.89,100.7,5.8,-6.1,1.24,5.44,-1.07,0.33,0.95,-0.08,-89.2,46.5,135.0,-2.1,-1.46,-0.11,0.0,1.0088607436113273,5.681205857914322,0.0151166819438453,0.35,0,1,0.0
3.291727425001227,123,86.9,100.7,5.8,-6.7,1.08,5.91,-0.83,0.21,0.97,-0.05,-88.7,64.4,170.0,-2.12,-1.98,-0.08,0.0,0.9937303457175894,6.064931986428207,0.029642138240831395,0.35,0,1,0.0
3.3001998270010517,124,86.91,100.7,5.8,-7.3,0.96,6.3,-0.52,0.1,0.99,-0.03,-87.9,85.6,206.0,-2.14,-2.61,-0.04,0.0,0.9954898291795853,6.393903346157181,0.02732500168325891,0.35,0,1,0.0
3.3116578820008726,125,86.92,100.8,5.9,-7.9,0.68,6.6,-0.23,0.0,0.99,-0.02,-86.9,109.4,223.0,-2.17,-3.24,0.02,0.0,0.9902019995940222,6.638923105444135,0.031960574643445594,0.35,0,1,0.0
3.320030136001151,126,86.93,100.7,6.0,-8.6,0.2,6.75,-0.02,-0.06,0.98,0.0,-85.6,132.1,227.0,-2.21,-3.87,-0.02,0.0,0.9818350166906862,6.752991929507987,0.03952100639584599,0.35,0,1,0.0
3.3319939370012435,127,86.94,100.7,6.2,-9.3,-0.27,6.7,0.05,-0.1,0.96,0.02,-84.1,155.7,232.0,-2.25,-4.51,-0.08,0.0,0.9654014708917735,6.705624504846659,0.05483546115086346,0.35,0,1,0.0
3.3402915190017666,128,86.95,100.5,6.3,-9.9,-0.62,6.44,0.07,-0.11,0.96,0.05,-82.4,178.9,233.0,-2.3,-5.16,-0.05,0.0,0.9675742865537508,6.470154557659345,0.05160939257910846,0.35,0,1,0.0
3.3517276310012676,129,86.96,100.4,6.4,-10.5,-0.81,6.04,0.07,-0.1,0.96,0.07,-80.4,201.9,232.0,-2.36,-5.78,0.03,0.0,0.9677293009927931,6.094472905838535,0.05042529057726475,0.35,0,1,0.0
3.3603115460009576,130,86.97,100.3,6.5,-11.1,-0.73,5.59,0.07,-0.08,0.95,0.06,-78.3,225.3,228.0,-2.42,-6.39,-0.11,0.0,0.95524865872714,5.6378985446707,0.06164781418605947,0.35,0,1,0.0
3.371780616000251,131,86.98,100.1,6.6,-11.6,-0.52,5.17,0.07,-0.05,0.96,0.04,-75.9,247.5,226.0,-2.49,-7.0,-0.05,0.0,0.9621330469326994,5.196556552179529,0.053668157460890153,0.35,0,1,0.0
3.380290999000863,132,86.99,100.0,6.7,-12.1,-0.25,4.8,0.03,-0.03,0.96,0.02,-73.2,272.5,249.0,-2.56,-7.72,-0.2,0.0,0.9606768447297978,4.806599629675848,0.05402187247051593,0.35,0,1,0.0
3.3917826560009416,133,87.0,100.0,6.8,-12.6,0.06,4.36,-0.09,0.0,0.97,0.01,-71.0,292.0,317.0,-2.64,-8.39,-0.11,0.0,0.970051545022222,4.361341536729267,0.04375422873452983,0.35,0,1,0.0
3.4003392410013475,134,87.01,99.9,6.8,-13.0,0.41,3.97,-0.3,0.04,0.98,-0.02,-67.2,318.9,241.0,-2.73,-8.91,-0.21,0.0,0.9810198774744576,4.002374295340205,0.03213017835664833,0.35,0,1,0.0
3.411685380000563,135,87.02,100.0,6.9,-13.4,0.71,3.71,-0.58,0.06,1.03,-0.06,-63.8,340.7,249.0,-2.82,-9.61,0.58,0.0,1.0334892355511014,3.82159652501412,0.019932396125595497,0.35,0,1,0.0
3.420150462001402,136,87.03,100.0,6.8,-13.7,0.73,3.53,-0.8,0.07,1.06,-0.09,-60.2,367.7,243.0,-2.92,-10.25,-0.01,0.0,1.0661144403862093,3.69239759505934,0.05150644894148937,0.35,0,1,0.0
3.4319581230010954,137,87.04,99.9,6.8,-14.1,0.39,3.44,-0.92,0.08,1.05,-0.1,-56.4,386.6,212.0,-3.03,-10.79,-0.16,0.0,1.0577806956075537,3.5821920663191693,0.0423092500795772,0.35,0,1,0.0
3.440210658000069,138,87.05,99.9,6.7,-14.5,0.16,3.4,-1.01,0.07,1.02,-0.12,-52.4,414.4,270.0,-3.14,-11.61,0.02,0.0,1.029417310909429,3.550450675618519,0.013666948073823404,0.35,0,1,0.0
3.4517322620013147,139,87.06,99.8,6.7,-14.8,0.16,3.42,-1.04,0.06,1.0,-0.13,-48.5,435.0,207.0,-3.26,-12.04,-0.29,0.0,1.010198000393982,3.5782118439242803,0.0054413151927910075,0.35,0,1,0.0
3.46020697700078,140,87.07,99.8,6.6,-15.2,0.31,3.42,-1.07,0.03,0.98,-0.13,-43.6,452.5,188.0,-3.39,-12.56,-0.11,0.0,0.9890399385262457,3.5968597414967403,0.026067389519316753,0.35,0,1,0.0
3.471682351000709,141,87.08,99.8,6.5,-15.5,0.48,3.34,-1.1,0.01,0.98,-0.13,-38.9,472.0,200.0,-3.52,-13.11,-0.05,0.0,0.9886354231970448,3.549084388965695,0.025942466751547433,0.35,0,1,0.0
3.480290455001523,142,87.09,99.8,6.4,-15.9,0.45,3.23,-1.14,0.0,0.99,-0.13,-34.0,496.5,227.0,-3.65,-13.76,-0.26,0.0,0.9984988733093293,3.45470693402494,0.015757436306477746,0.35,0,1,0.0
3.491952892001791,143,87.1,99.8,6.3,-16.2,0.26,3.1,-1.19,0.0,0.98,-0.13,-29.0,511.1,162.0,-3.79,-14.09,-0.01,0.0,0.9885848471426213,3.3307206427438496,0.02515803322372201,0.35,0,1,0.0
3.5003149650001433,144,87.11,99.7,6.2,-16.5,0.07,2.91,-1.26,0.0,0.96,-0.14,-23.7,531.7,190.0,-3.94,-14.64,-0.29,0.0,0.9701546268507922,3.171844889019638,0.04271648844524012,0.35,0,1,0.0
3.5121531820004748,145,87.12,99.7,6.1,-16.8,-0.09,2.78,-1.3,0.0,0.98,-0.14,-18.3,546.2,195.0,-4.09,-15.21,-0.07,0.0,0.9899494936611665,3.070260575260673,0.02246318920216861,0.35,0,1,0.0
3.520245989000614,146,87.13,99.6,5.9,-17.1,-0.36,2.62,-1.28,0.0,0.96,-0.13,-12.7,572.3,187.0,-4.24,-15.67,0.02,0.0,0.9687620966986683,2.9380946206683,0.04277757444137342,0.35,0,1,0.0
3.532200481000473,147,87.14,99.5,5.8,-17.4,-0.49,2.4,-1.28,0.0,0.95,-0.13,-6.9,580.3,116.0,-4.4,-15.89,0.07,0.0,0.9588534820294495,2.7637836384203447,0.051632465328380284,0.35,0,1,0.0
3.544040592001693,148,87.15,99.4,5.7,-17.7,-0.64,2.18,-1.24,0.0,0.94,-0.14,-1.1,580.7,15.0,-4.56,-15.69,0.08,0.0,0.9503683496413377,2.5883585532147593,0.05891524576216234,0.35,0,1,0.0
3.5522886450016813,149,87.16,99.3,5.5,-17.9,-0.74,2.03,-1.16,-0.04,0.95,-0.14,4.3,491.8,-1503.0,-4.68,-8.73,2.73,0.0,0.9610931276416453,2.45236620430147,0.04722665840661755,0.35,0,1,0.0
3.560321124001348,150,87.17,99.2,5.4,-18.1,-0.92,1.65,-1.04,0.0,0.93,-0.13,5.9,-13.2,-3809.0,-4.66,5.05,0.34,0.0,0.9390420650854786,2.1565017968923654,0.0678921665435287,0.35,0,1,0.0
3.571659698000076,151,87.18,99.2,5.3,-18.3,-0.14,1.35,-1.36,0.03,0.87,-0.16,4.1,-190.7,-1424.0,-4.61,4.73,0.02,0.0,0.8850988645343525,1.921379712602379,0.11939865975276165,0.35,0,1,0.0
3.5801850610005204,152,87.19,99.1,5.1,-18.4,-1.05,1.14,-1.19,0.0,1.04,-0.21,2.4,-147.0,-184.0,-4.57,3.4,-0.13,0.0,1.0609901036296239,1.9540214942523022,0.055362727755659424,0.35,0,1,0.0
3.5916815900000074,153,87.2,98.9,5.1,-18.5,-1.86,1.32,-0.78,0.0,0.93,-0.23,1.3,-97.8,260.0,-4.55,2.05,-0.21,0.0,0.9580187889597992,2.41047713119208,0.04665641517588204,0.35,0,1,0.0
3.600181165000322,154,87.21,98.7,5.0,-18.7,-1.63,1.19,-0.75,-0.02,0.88,-0.16,0.7,-48.2,411.0,-4.53,0.71,-0.23,0.0,0.8946507698538017,2.15302113319865,0.10782394559624209,0.35,0,1,0.0
3.6117941810007324,155,87.22,98.6,4.9,-18.8,-1.19,0.72,-0.79,0.0,0.89,-0.22,0.5,-0.7,430.0,-4.54,-0.46,-0.41,0.0,0.9167878707749137,1.599562440169186,0.08397310778162748,0.35,0,1,0.0
3.620241257000089,156,87.23,98.5,4.9,-18.9,-1.01,0.75,-0.74,0.0,0.96,-0.25,0.8,33.7,350.0,-4.55,-1.28,-0.11,0.0,0.9920181449953422,1.4595204691952763,0.008567976889974904,0.35,0,1,0.0
3.6318820170017716,157,87.24,98.4,4.8,-18.9,-1.46,0.79,-0.5,0.0,1.0,-0.25,1.3,62.6,309.0,-4.56,-2.05,-0.08,0.0,1.0307764064044151,1.7336954749897688,0.029586478828716123,0.35,0,1,0.0
3.6400467670009675,158,87.25,98.2,4.8,-19.0,-1.89,0.74,-0.26,0.0,1.0,-0.23,2.1,92.0,296.0,-4.59,-2.84,-0.03,0.0,1.0261091559868276,2.04628932460686,0.024420843842906104,0.35,0,1,0.0
3.651893222000581,159,87.26,98.0,4.8,-19.1,-2.14,0.49,-0.01,-0.01,0.98,-0.21,3.2,117.5,252.0,-4.62,-3.44,0.06,0.0,1.002297361066066,2.1954042907856404,0.0005968679437016178,0.35,0,1,0.0
3.660216340000261,160,87.27,97.7,4.8,-19.1,-2.28,0.23,0.17,-0.03,0.95,-0.22,4.3,82.9,-556.0,-4.64,-0.48,0.61,0.0,0.975602378020882,2.2978685776170926,0.02557615279945269,0.35,0,1,0.0
3.6717133480015036,161,87.28,97.5,4.8,-19.1,-2.21,0.0,0.32,-0.06,0.92,-0.21,4.2,-35.8,-672.0,-4.63,1.32,-0.1,0.0,0.9455686120002081,2.233047245357787,0.05449772044372392,0.35,0,1,0.0
3.6841735590005555,162,87.29,97.3,4.9,-19.1,-2.04,-0.23,0.48,-0.1,0.9,-0.19,3.8,-30.7,-32.0,-4.62,0.37,0.0,0.0,0.9252567211320327,2.108293148497144,0.07331341908566136,0.35,0,1,0.0
3.692113810000592,163,87.3,97.1,4.9,-19.1,-2.32,-0.62,0.86,-0.13,0.92,-0.17,3.8,1.0,130.0,-4.62,-0.18,0.05,0.0,0.9445633912025175,2.5507645912549437,0.052926614034872976,0.35,0,1,0.0
3.700188219001575,164,87.31,96.9,5.0,-19.0,-2.17,-1.08,1.16,-0.15,0.86,-0.14,3.8,0.8,-21.0,-4.62,0.14,-0.01,0.0,0.8841379982785492,2.687173235948885,0.11108496681966451,0.35,0,1,0.0
3.711839173000044,165,87.32,96.7,5.1,-18.8,-1.58,-1.82,1.32,-0.14,0.84,-0.12,3.7,-11.1,-88.0,-4.62,0.47,0.01,0.0,0.8599999999999999,2.747944686488431,0.13251850579624957,0.35,0,1,0.0
3.720187701001123,166,87.33,96.6,5.3,-18.6,-1.12,-2.45,1.35,-0.09,0.86,-0.16,3.5,-25.8,-134.0,-4.61,0.91,0.06,0.0,0.879374777896205,3.0132042745223897,0.11088085334204356,0.35,0,1,0.0
3.731826364000881,167,87.34,96.5,5.4,-18.3,-0.68,-2.65,1.28,-0.02,0.87,-0.2,3.1,-46.0,-200.0,-4.6,1.56,0.0,0.0,0.8929165694509202,3.020480094289648,0.09539228055158178,0.35,0,1,0.0
3.7402225420009927,168,87.35,96.5,5.4,-18.0,-0.51,-2.58,1.12,0.04,0.89,-0.23,2.5,-72.8,-259.0,-4.58,2.36,0.18,0.0,0.9201086892318755,2.858478616327224,0.06683615755521399,0.35,0,1,0.0
3.7517148860006273,169,87.36,96.5,5.5,-17.8,-0.52,-2.35,0.9,0.1,0.9,-0.27,1.5,-109.2,-359.0,-4.55,3.5,0.35,0.0,0.9449338601193208,2.569610865481387,0.04117076693441335,0.35,0,1,0.0
3.7602005310000095,170,87.37,96.4,5.6,-17.5,-0.66,-1.95,0.73,0.18,0.9,-0.29,0.1,-157.3,-459.0,-4.5,4.91,0.0,0.0,0.9625487000666512,2.1842618890600094,0.023084808447341287,0.35,0,1,0.0
3.7716229370016663,171,87.38,96.4,5.6,-17.3,-0.56,-1.5,0.56,0.23,0.86,-0.32,-1.7,-199.1,-384.0,-4.45,5.79,0.09,0.0,0.9459915433025815,1.6962311163281967,0.0388491259071827,0.35,0,1,0.0
3.7803316230001656,172,87.39,96.4,5.7,-17.2,-0.27,-0.95,0.48,0.24,0.84,-0.36,-3.9,-229.4,-306.0,-4.38,6.49,0.03,0.0,0.9448809448814173,1.0980892495603443,0.03916052984177998,0.35,0,1,0.0
3.791774504001296,173,87.4,96.4,5.7,-17.1,0.21,-0.46,0.5,0.21,0.81,-0.37,-6.3,-242.3,-139.0,-4.32,6.6,-0.1,0.0,0.9149316914393119,0.711125867902441,0.06772758761820774,0.35,0,1,0.0
3.8004106810003577,174,87.41,96.4,5.8,-17.1,0.86,0.01,0.58,0.12,0.83,-0.37,-8.7,-241.1,-18.0,-4.25,6.46,-0.13,0.0,0.916624241442479,1.0373523991392701,0.06471433686273975,0.35,0,1,0.0
3.8120722620005836,175,87.42,96.5,5.8,-17.1,1.16,0.1,0.74,0.04,0.86,-0.3,-11.1,-234.1,40.0,-4.19,6.27,-0.25,0.0,0.9117017056033184,1.3795651488784428,0.06824413524786233,0.35,0,1,0.0
3.8203050770007394,176,87.43,96.7,5.9,-17.1,1.8,-0.07,0.64,-0.01,0.9,-0.25,-13.4,-227.0,58.0,-4.13,6.08,0.05,0.0,0.9341306118525396,1.9116746585127922,0.04489892441866827,0.35,0,1,0.0
3.8320760330007033,177,87.44,96.9,5.9,-17.1,2.52,-0.32,0.26,-0.03,0.97,-0.22,-15.6,-221.9,48.0,-4.07,5.98,-0.01,0.0,0.9950879358127099,2.553507391804457,0.01573723155067197,0.35,0,1,0.0
3.840386217001651,178,87.45,97.2,5.9,-17.1,2.63,-0.42,-0.39,-0.02,1.03,-0.25,-17.8,-217.6,42.0,-4.01,5.87,0.17,0.0,1.0600943354249186,2.6917280694750723,0.07912875853962298,0.35,0,1,0.0
3.8521242620008707,179,87.46,97.4,5.8,-17.0,2.25,-0.71,-1.02,-0.05,1.05,-0.24,-20.0,-214.8,29.0,-3.95,5.82,0.01,0.0,1.0782393055347221,2.5704085278414404,0.09532825407643797,0.35,0,1,0.0
3.8601640400011092,180,87.47,97.6,5.7,-16.9,1.62,-0.97,-1.46,-0.07,1.06,-0.23,-22.1,-212.8,28.0,-3.89,5.73,-0.13,0.0,1.086922260329597,2.3868179654091763,0.1019309846938865,0.35,0,1,0.0
3.8723302020007395,181,87.48,97.8,5.5,-16.8,1.23,-1.37,-1.59,-0.08,1.02,-0.15,-24.0,-208.5,52.0,-3.83,5.54,0.07,0.0,1.0340696301506973,2.432673426500154,0.04809678742468715,0.35,0,1,0.0
3.8801285330009705,182,87.49,97.9,5.3,-16.7,1.41,-1.99,-1.65,-0.05,1.0,-0.1,-26.2,-196.0,112.0,-3.78,5.14,0.08,0.0,1.0062305898749053,2.9446052366998194,0.019852592205917285,0.35,0,1,0.0
3.8918501760017534,183,87.5,98.1,5.1,-16.5,2.07,-2.32,-1.75,0.0,1.05,-0.08,-28.0,-177.9,175.0,-3.73,4.56,-0.17,0.0,1.0530432089900206,3.567884527279435,0.0653319070946119,0.35,0,1,0.0
3.9002421340010187,184,87.51,98.3,4.9,-16.3,2.56,-2.4,-2.07,0.04,1.15,-0.05,-29.6,-154.3,226.0,-3.69,3.86,0.0,0.0,1.1517812292271479,4.074125673073918,0.1607885287851044,0.35,0,1,0.0
3.9117716800010385,185,87.52,98.6,4.6,-16.1,2.91,-2.23,-2.61,0.12,1.27,-0.07,-31.0,-125.1,276.0,-3.66,3.03,0.01,0.0,1.2775758294520134,4.500344431263012,0.28085146642977055,0.35,0,1,0.0
3.9201940300008573,186,87.53,98.9,4.3,-15.9,3.15,-2.08,-3.12,0.23,1.45,-0.09,-32.0,-94.2,302.0,-3.64,2.16,-0.17,0.0,1.4708840878872815,4.897274752349515,0.4646765303677378,0.35,0,2,0.0
3.9319283200002246,187,87.54,99.2,4.0,-15.8,2.16,-2.01,-3.15,0.31,1.57,-0.09,-32.7,-61.7,316.0,-3.62,1.28,-0.04,0.0,1.6028412273210344,4.316039851530567,0.5847009964054608,0.35,0,2,0.0
3.9402585420011746,188,87.55,99.3,3.7,-15.6,0.23,-1.89,-2.36,0.21,1.5,-0.09,-33.1,-29.9,314.0,-3.61,0.43,-0.07,0.0,1.5173002339682151,3.0322598833213488,0.4891768029915886,0.35,0,2,0.0
3.951386223001464,189,87.56,99.3,3.4,-15.5,-0.68,-2.1,-1.46,0.0,1.33,0.04,-33.2,-2.8,256.0,-3.61,-0.14,-0.1,0.0,1.3306013678032953,2.6465071320516027,0.29642837809013534,0.35,0,2,0.0
3.9597030880013335,190,87.57,99.2,3.3,-15.2,-0.4,-2.98,-0.63,-0.22,1.2,0.15,-33.2,5.2,82.0,-3.61,-0.08,0.04,0.0,1.229186723000212,3.0720188801503157,0.19111345862131102,0.35,0,2,0.0
3.9720593970014306,191,87.58,99.2,3.2,-14.9,0.31,-4.19,-0.05,-0.31,1.13,0.16,-33.2,-1.4,-19.0,-3.61,0.12,0.0,0.0,1.1826242006656214,4.201749635568498,0.14165991756098584,0.35,0,2,0.0
3.9803212210008496,192,87.59,99.3,3.1,-14.4,0.43,-5.16,0.19,-0.35,1.13,0.17,-33.3,-7.9,-47.0,-3.61,0.29,0.14,0.0,1.195115057222525,5.181370475077033,0.1510677586355318,0.35,0,2,0.0
3.991899526999987,193,87.6,99.3,3.1,-13.8,-0.21,-6.04,0.31,-0.3,1.12,0.15,-33.4,-14.9,-71.0,-3.61,0.53,0.08,0.0,1.169144986731757,6.0515948311168355,0.12259573438186844,0.35,0,2,0.0
4.000240996001594,194,87.61,99.3,3.0,-13.2,-1.07,-6.67,0.21,-0.16,1.08,0.1,-33.6,-29.6,-142.0,-3.6,1.03,0.07,0.0,1.0963576058932598,6.758542742337286,0.04881218647250396,0.35,0,2,0.0
4.011761617000957,195,87.62,99.2,2.9,-12.5,-1.74,-6.81,0.0,0.01,1.04,0.04,-34.1,-49.5,-192.0,-3.58,1.64,-0.06,0.0,1.0408169867945085,7.028776564950688,0.006593863973722414,0.35,0,2,0.0
4.020025038000313,196,87.63,99.0,2.8,-11.9,-2.05,-6.69,-0.12,0.16,0.99,-0.02,-34.7,-75.0,-246.0,-3.56,2.39,0.06,0.0,1.0030453628824572,6.998071162827655,0.04347817812805821,0.35,0,2,0.0
4.032052346001365,197,87.64,98.8,2.7,-11.2,-2.23,-6.1,-0.12,0.25,0.94,-0.08,-35.7,-101.7,-254.0,-3.53,3.08,0.17,0.0,0.9759610647971567,6.4959448889287845,0.06915122668909157,0.35,0,2,0.0
4.0442983620014274,198,87.65,98.7,2.6,-10.7,-2.11,-5.48,-0.04,0.27,0.91,-0.03,-36.9,-127.8,-256.0,-3.5,3.79,0.1,0.0,0.9496841580230767,5.872316408369018,0.09351957079390816,0.35,0,2,0.0
4.052253828000175,199,87.66,98.5,2.5,-10.1,-1.86,-5.27,0.13,0.25,0.87,-0.02,-38.3,-152.2,-240.0,-3.46,4.41,0.08,0.0,0.9054280755532159,5.5901162778604165,0.1350201401984935,0.35,0,2,0.0
4.060182902001543,200,87.67,98.3,2.4,-9.6,-1.58,-5.03,0.27,0.23,0.86,-0.09,-40.0,-174.4,-226.0,-3.41,5.01,-0.11,0.0,0.8947625383307014,5.279223427740107,0.14277196387258795,0.35,0,2,0.0
4.072047821000524,201,87.68,98.2,2.4,-9.1,-1.28,-4.59,0.45,0.22,0.86,-0.12,-41.9,-194.4,-201.0,-3.35,5.5,0.15,0.0,0.8957678270623476,4.786334714580668,0.13893134163812293,0.35,0,2,0.0
4.080221882000842,202,87.69,98.1,2.4,-8.7,-0.89,-4.19,0.66,0.2,0.88,-0.1,-43.7,-210.4,-176.0,-3.3,5.95,0.16,0.0,0.9079647570252933,4.334028149424045,0.12419972344167363,0.35,0,2,0.0
4.09174829100084,203,87.7,98.1,2.4,-8.3,-0.41,-3.95,0.82,0.17,0.89,-0.09,-46.2,-225.9,-139.0,-3.23,6.27,-0.06,0.0,0.9105492847726586,4.054996917384772,0.11918289178042207,0.35,0,2,0.0
4.100189480001063,204,87.71,98.1,2.5,-7.9,-0.1,-3.69,0.86,0.14,0.91,-0.12,-48.5,-235.7,-110.0,-3.17,6.52,0.03,0.0,0.9284934033152847,3.790211075916485,0.09921399777303996,0.35,0,2,0.0
4.111830585001371,205,87.72,98.1,2.6,-7.5,-0.11,-3.37,0.87,0.11,0.94,-0.12,-50.9,-243.5,-73.0,-3.1,6.66,-0.06,0.0,0.9539916142189091,3.482226299366542,0.07224147113202739,0.35,0,2,0.0
4.120164421001391,206,87.73,98.1,2.6,-7.2,-0.17,-3.16,0.89,0.08,0.95,-0.1,-53.4,-245.3,-23.0,-3.04,6.64,-0.01,0.0,0.9585927185202274,3.287339349686917,0.06628755949409482,0.35,0,2,0.0
4.1321104540002125,207,87.74,98.0,2.7,-6.9,-0.1,-3.09,0.94,0.08,0.96,-0.1,-55.8,-242.3,13.0,-2.97,6.55,0.13,0.0,0.96850400102426,3.231361941968123,0.05524875145026087,0.35,0,2,0.0
4.144296351001685,208,87.75,98.0,2.8,-6.6,-0.03,-3.12,1.03,0.09,0.96,-0.11,-58.2,-241.5,-5.0,-2.9,6.59,0.15,0.0,0.9704638066409277,3.2857571425776433,0.052223166916921304,0.35,0,2,0.0
4.1523073480002495,209,87.76,98.0,2.9,-6.2,0.07,-3.18,1.08,0.11,0.95,-0.13,-60.6,-242.5,5.0,-2.84,6.54,-0.04,0.0,0.9651424765287248,3.359121909070881,0.056393607088541686,0.35,0,2,0.0
4.160201955000957,210,87.77,98.1,3.0,-5.9,0.15,-3.16,1.07,0.13,0.95,-0.16,-63.0,-237.8,40.0,-2.77,6.4,0.01,0.0,0.972111104761179,3.3396107557618153,0.04843647927896577,0.35,0,2,0.0
4.171781611001279,211,87.78,98.1,3.1,-5.6,0.13,-3.1,1.04,0.14,0.96,-0.17,-65.4,-230.3,60.0,-2.71,6.19,0.05,0.0,0.9849365461794988,3.2723844517415737,0.03489881710343301,0.35,0,2,0.0
4.1802402480007,212,87.79,98.2,3.2,-5.3,0.16,-2.99,1.05,0.14,0.97,-0.19,-67.6,-224.2,57.0,-2.65,6.03,0.27,0.0,0.9982985525382675,3.173042703778189,0.02110607452977109,0.35,0,2,0.0
4.191989726001339,213,87.8,98.2,3.3,-5.0,0.01,-2.92,1.12,0.13,0.97,-0.2,-69.8,-219.2,58.0,-2.59,5.87,-0.15,0.0,0.9988993943335835,3.127443045044945,0.020095128079765878,0.35,0,2,0.0
4.200240500000291,214,87.81,98.3,3.4,-4.6,-0.21,-2.85,1.23,0.12,0.98,-0.2,-72.0,-211.2,82.0,-2.53,5.6,0.08,0.0,1.0073728207570423,3.111189483139849,0.011389267623181043,0.35,0,2,0.0
4.2117825640016235,215,87.82,98.3,3.5,-4.3,-0.45,-2.74,1.27,0.12,0.96,-0.21,-74.0,-200.3,101.0,-2.48,5.31,0.04,0.0,0.99,3.0533588062984016,0.028186846612618943,0.35,0,2,0.0
4.220133109000017,216,87.83,98.3,3.7,-4.1,-0.68,-2.67,1.29,0.12,0.95,-0.21,-75.9,-188.5,114.0,-2.43,4.98,-0.06,0.0,0.9803060746521975,3.042268890154189,0.03712315652121301,0.35,0,2,0.0
4.232137704000706,217,87.84,98.3,3.8,-3.8,-0.87,-2.56,1.33,0.13,0.94,-0.22,-77.7,-175.8,124.0,-2.38,4.62,-0.03,0.0,0.9741149829460586,3.0132042745223897,0.042447963262804866,0.35,0,2,0.0
4.240211917000124,218,87.85,98.2,3.9,-3.5,-0.86,-2.42,1.32,0.14,0.92,-0.22,-79.4,-162.8,129.0,-2.34,4.25,0.04,0.0,0.9562426470305536,2.8876287850068265,0.059113893194743694,0.35,0,2,0.0
4.251713112000289,219,87.86,98.1,4.0,-3.3,-0.84,-2.29,1.31,0.15,0.92,-0.22,-80.9,-149.2,136.0,-2.3,3.88,0.21,0.0,0.9577577981932593,2.7687181149405586,0.056446767191397185,0.35,0,2,0.0
4.26022703900162,220,87.87,98.1,4.0,-3.0,-0.9,-2.15,1.23,0.16,0.91,-0.24,-82.3,-135.4,140.0,-2.26,3.49,-0.33,0.0,0.9546203433826455,2.6354126811564065,0.058392537561970936,0.35,0,2,0.0
4.27165767400038,221,87.88,98.0,4.1,-2.8,-0.96,-1.98,1.16,0.17,0.91,-0.24,-83.6,-119.7,155.0,-2.23,3.05,0.02,0.0,0.9563472172804185,2.4874886934416405,0.055532350390913865,0.35,0,2,0.0
4.28035015200112,222,87.89,97.9,4.2,-2.6,-1.19,-1.78,1.08,0.18,0.9,-0.26,-84.7,-104.7,145.0,-2.2,2.66,0.01,0.0,0.9539392014169457,2.398103417286252,0.056781558929299036,0.35,0,2,0.0
4.292260639000233,223,87.9,97.8,4.3,-2.4,-1.5,-1.53,0.99,0.18,0.88,-0.28,-85.6,-89.4,154.0,-2.18,2.23,-0.01,0.0,0.940850678907126,2.360296591532513,0.06847267981033633,0.35,0,2,0.0
4.3002421490000415,224,87.91,97.6,4.4,-2.3,-1.73,-1.26,0.82,0.19,0.84,-0.29,-86.4,-74.1,150.0,-2.16,1.83,-0.13,0.0,0.9087353850269064,2.2919205919926635,0.09857621421674478,0.35,0,2,0.0
4.311650804000237,225,87.92,97.4,4.4,-2.1,-2.01,-0.99,0.65,0.2,0.8,-0.29,-87.0,-59.6,142.0,-2.14,1.45,-0.29,0.0,0.874128137060008,2.33295949386182,0.1305197929399704,0.35,0,2,0.0
4.320161677000215,226,87.93,97.2,4.5,-2.1,-2.24,-0.69,0.45,0.21,0.77,-0.31,-87.5,-46.9,129.0,-2.13,1.12,0.01,0.0,0.8562125904236634,2.3866713221556086,0.14546663278478877,0.35,0,2,0.0
4.332123181000497,227,87.94,97.0,4.5,-2.0,-2.2,-0.32,0.23,0.23,0.77,-0.32,-87.9,-36.2,110.0,-2.12,0.86,-0.02,0.0,0.8649855490122363,2.235016778460511,0.13395980071229152,0.35,0,2,0.0
4.340091284000664,228,87.95,96.8,4.5,-2.0,-1.98,0.03,0.08,0.23,0.77,-0.3,-88.2,-26.4,99.0,-2.12,0.61,-0.02,0.0,0.8577878525602936,1.981842576997477,0.13833434722094962,0.35,0,2,0.0
4.351945892000003,229,87.96,96.6,4.5,-2.0,-1.61,0.28,-0.07,0.21,0.77,-0.29,-88.4,-19.0,73.0,-2.11,0.44,0.04,0.0,0.8491760712596652,1.6356650023767092,0.14400720595114636,0.35,0,2,0.0
4.360253601000295,230,87.97,96.5,4.5,-2.1,-1.1,0.57,-0.26,0.2,0.8,-0.29,-88.6,-15.6,23.0,-2.11,0.47,-0.05,0.0,0.874128137060008,1.2658988901172163,0.11667403734778747,0.35,0,2,0.0
4.3716009270010545,231,87.98,96.4,4.5,-2.1,-0.7,0.82,-0.42,0.18,0.78,-0.26,-88.8,-20.1,-25.0,-2.1,0.61,0.0,0.0,0.8416650165000326,1.1570652531296581,0.14615441474960766,0.35,0,2,0.0
4.380293986001561,232,87.99,96.3,4.4,-2.2,-0.25,0.98,-0.63,0.18,0.76,-0.25,-89.0,-23.0,-26.0,-2.09,0.68,-0.02,0.0,0.8200609733428362,1.1915536076903968,0.16440328874866794,0.35,0,2,0.0
4.392307416001131,233,88.0,96.3,4.4,-2.3,0.22,1.07,-0.75,0.19,0.76,-0.23,-89.2,-28.2,-81.0,-2.09,0.92,-0.03,0.0,0.8164557550780079,1.3250660360902773,0.16464833687322633,0.35,0,2,0.0
4.400163389000227,234,88.01,96.4,4.3,-2.5,0.82,1.1,-0.71,0.2,0.79,-0.21,-89.7,-40.5,-100.0,-2.07,1.23,0.01,0.0,0.84154619599877,1.54483008774428,0.136766738033415,0.35,0,2,0.0
4.411818207001488,235,88.02,96.5,4.3,-2.6,1.48,1.1,-0.61,0.19,0.81,-0.2,-90.1,-50.7,-97.0,-2.06,1.48,0.05,0.0,0.8556868586112564,1.9422924599555034,0.12017355391251006,0.35,0,2,0.0
4.420174567001595,236,88.03,96.7,4.2,-2.7,2.07,1.02,-0.46,0.17,0.87,-0.15,-90.7,-59.7,-95.0,-2.04,1.75,-0.18,0.0,0.8990550594930212,2.3530618351416095,0.0752692459701303,0.35,0,2,0.0
4.432102320000922,237,88.04,96.9,4.2,-2.8,2.31,0.73,-0.24,0.13,0.92,-0.11,-91.4,-71.1,-108.0,-2.02,2.06,0.16,0.0,0.9356281312572854,2.4344609259546557,0.03792225072174882,0.35,0,2,0.0
4.440143889001774,238,88.05,97.1,4.2,-2.8,2.3,0.3,-0.05,0.09,0.97,-0.1,-92.2,-81.0,-102.0,-2.0,2.32,0.04,0.0,0.9792854537876073,2.320021551624036,0.005620370372401706,0.35,0,2,0.0
4.4517986940009,239,88.06,97.3,4.3,-2.8,2.1,-0.06,0.19,0.05,1.04,-0.16,-93.0,-89.8,-82.0,-1.98,2.51,0.06,0.0,1.0534229919647664,2.1094312029549576,0.07816275037856957,0.35,0,2,0.0
4.4602908880006,240,88.07,97.5,4.3,-2.8,1.68,-0.21,0.33,0.01,1.02,-0.25,-94.0,-96.0,-66.0,-1.95,2.67,-0.03,0.0,1.0502380682492898,1.724934781375806,0.0734782701298311,0.35,0,2,0.0
4.471889711001495,241,88.08,97.7,4.3,-2.8,1.48,-0.14,0.22,0.01,1.01,-0.31,-95.0,-99.8,-43.0,-1.92,2.75,0.1,0.0,1.0565509926170151,1.502797391533536,0.07819537060760529,0.35,0,2,0.0
4.480266537000716,242,88.09,97.8,4.3,-2.8,1.24,0.17,0.16,0.06,1.08,-0.31,-96.0,-101.9,-15.0,-1.89,2.76,0.05,0.0,1.1252110913068714,1.2617844506887854,0.14391835991151225,0.35,0,2,0.0
4.492052372001126,243,88.1,98.0,4.3,-2.8,1.15,0.51,0.37,0.1,1.15,-0.24,-97.0,-100.8,-2.0,-1.87,2.73,-0.01,0.0,1.1790250209389113,1.3112970677920393,0.19377764375268114,0.35,0,2,0.0
4.4999906240009295,244,88.11,98.1,4.4,-2.9,1.63,0.54,0.73,0.11,1.16,-0.21,-98.0,-101.0,5.0,-1.84,2.7,-0.23,0.0,1.1839763511151733,1.8658510122729521,0.19475439445036435,0.35,0,2,0.0
4.5119504050016985,245,88.12,98.4,4.5,-2.9,2.35,0.48,0.98,0.11,1.14,-0.25,-99.0,-98.6,19.0,-1.81,2.64,-0.07,0.0,1.1722627691776277,2.591003666535422,0.1793799962625624,0.35,0,2,0.0
4.520272222000131,246,88.13,98.7,4.7,-2.9,3.15,0.58,0.93,0.17,1.21,-0.26,-100.0,-94.5,40.0,-1.79,2.51,0.06,0.0,1.2492397688194208,3.335236123575061,0.25122985598626835,0.35,0,2,0.0
4.531873941001322,247,88.14,99.0,4.8,-3.0,3.78,0.94,1.24,0.22,1.46,-0.17,-100.9,-88.0,69.0,-1.76,2.26,-0.03,0.0,1.4862368586466963,4.087737760669096,0.47846240689727293,0.35,0,3,0.0
4.540327866001462,248,88.15,99.4,5.0,-3.1,3.61,1.04,2.0,0.16,1.63,-0.07,-101.7,-75.2,113.0,-1.74,1.88,-0.05,0.0,1.63932913107771,4.2560192668736825,0.618923585741721,0.35,0,3,0.0
4.551931404001152,249,88.16,99.6,5.3,-3.1,2.55,0.93,2.63,0.1,1.62,-0.1,-102.3,-58.4,163.0,-1.73,1.34,-0.04,0.0,1.6261611236282831,3.779457633047366,0.5936404667264481,0.35,0,3,0.0
4.560293674001514,250,88.17,99.7,5.5,-3.2,1.05,0.89,2.57,0.09,1.48,-0.1,-102.7,-36.8,212.0,-1.72,0.67,0.03,0.0,1.4861022845013057,2.915390196869023,0.4445099950474811,0.35,0,3,0.0
4.571858418001284,251,88.18,99.7,5.8,-3.2,-0.37,0.77,2.01,0.16,1.27,-0.07,-102.9,-8.9,266.0,-1.72,-0.12,-0.13,0.0,1.2819516371532897,2.1840100732368426,0.2355521607454758,0.35,0,3,0.0
4.579791401001785,252,88.19,99.6,5.9,-3.3,-0.93,0.92,1.23,0.22,1.1,-0.08,-102.8,14.3,211.0,-1.72,-0.58,-0.3,0.0,1.124633273560764,1.7956057473732923,0.07666912120989111,0.35,0,3,0.0
4.592289517000609,253,88.2,99.5,6.0,-3.4,-0.63,1.48,0.47,0.27,1.0,-0.1,-102.6,29.6,174.0,-1.73,-1.0,-0.06,0.0,1.0406248123122954,1.675768480429203,0.0071925532378058765,0.35,0,3,0.0
4.6000249440003245,254,88.21,99.5,6.1,-3.6,0.13,2.22,-0.17,0.3,0.96,-0.09,-102.2,46.0,177.0,-1.75,-1.48,-0.01,0.0,1.00980196078241,2.2302914607736812,0.03725509667233751,0.35,0,3,0.0
4.611965065001641,255,88.22,99.5,6.1,-3.9,0.71,2.93,-0.52,0.31,0.98,-0.07,-101.6,67.0,204.0,-1.76,-2.09,0.14,0.0,1.0302426898551622,3.0593136485166084,0.016478080247593674,0.35,0,3,0.0
4.620284036000157,256,88.23,99.5,6.1,-4.2,0.81,3.61,-0.72,0.28,0.92,-0.06,-100.7,91.5,236.0,-1.79,-2.79,-0.05,0.0,0.9635351576356724,3.7691643636222607,0.08152190021774175,0.35,0,3,0.0
4.631992685001023,257,88.24,99.6,6.1,-4.6,0.58,4.07,-0.72,0.23,0.91,-0.02,-99.7,116.6,244.0,-1.82,-3.47,-0.14,0.0,0.938829057922687,4.173691411688219,0.10410343993211257,0.35,0,3,0.0
4.639946468001654,258,88.25,99.5,6.1,-5.0,0.28,4.3,-0.51,0.19,0.9,0.04,-98.3,140.9,246.0,-1.86,-4.14,-0.13,0.0,0.9207062506576135,4.3391819505524305,0.11978172225324235,0.35,0,3,0.0
4.651917414001218,259,88.26,99.5,6.1,-5.5,0.23,4.42,-0.35,0.15,0.83,0.04,-96.9,162.8,241.0,-1.91,-4.77,-0.02,0.0,0.844393273303382,4.439797292670016,0.19217280561532435,0.35,0,3,0.0
4.660163766000551,260,88.27,99.5,6.1,-5.9,0.35,4.62,-0.25,0.11,0.82,0.01,-95.1,185.7,227.0,-1.96,-5.36,-0.04,0.0,0.8274055837375041,4.63997844822581,0.2049772852775782,0.35,0,3,0.0
4.671894811001039,261,88.28,99.5,6.2,-6.4,0.43,4.85,-0.18,0.07,0.83,0.01,-93.1,206.9,220.0,-2.02,-5.97,-0.06,0.0,0.8330066026148892,4.872350562100391,0.19538874107218906,0.35,0,3,0.0
4.680308276001597,262,88.29,99.5,6.3,-6.9,0.41,4.8,-0.14,0.04,0.88,0.05,-90.9,231.8,252.0,-2.08,-6.72,-0.15,0.0,0.8823264701911645,4.819512423471902,0.1431474960259954,0.35,0,3,0.0
4.691794999000194,263,88.3,99.5,6.3,-7.3,0.22,4.5,-0.14,0.02,0.9,0.05,-88.4,259.1,254.0,-2.15,-7.39,-0.15,0.0,0.90160967164289,4.5075492232475955,0.12138700868278451,0.35,0,3,0.0
4.7000355680011126,264,88.31,99.4,6.4,-7.8,0.07,4.09,-0.23,0.0,0.93,0.02,-85.6,281.2,221.0,-2.23,-7.92,0.22,0.0,0.9302150289046076,4.097059921455872,0.09092601839264547,0.35,0,3,0.0
4.711904625000898,265,88.32,99.4,6.4,-8.2,-0.02,3.79,-0.46,-0.01,0.94,-0.01,-82.7,300.4,208.0,-2.32,-8.49,0.0,0.0,0.9401063769595438,3.8178658960209697,0.07941397693095509,0.35,0,3,0.0
4.720215093000661,266,88.33,99.3,6.4,-8.5,0.05,3.56,-0.75,-0.02,0.94,-0.02,-79.5,322.8,225.0,-2.4,-9.12,-0.17,0.0,0.9404254356406997,3.638488697247801,0.07751301988480319,0.35,0,3,0.0
4.731885192000846,267,88.34,99.3,6.4,-8.9,0.22,3.36,-0.99,-0.03,0.95,-0.02,-76.1,344.6,216.0,-2.5,-9.7,-0.06,0.0,0.9506839643120104,3.509715088151743,0.06590940138922252,0.35,0,3,0.0
4.740263505000257,268,88.35,99.3,6.3,-9.2,0.14,3.11,-1.04,-0.03,0.93,-0.02,-72.5,369.1,252.0,-2.6,-10.45,-0.03,0.0,0.9306986622962343,3.2822705555758196,0.08417680933689864,0.35,0,3,0.0
4.751721686001474,269,88.36,99.3,6.3,-9.5,0.12,2.88,-1.02,-0.01,0.9,-0.04,-68.6,394.8,232.0,-2.71,-11.02,-0.12,0.0,0.9009439494219382,3.0576461534978177,0.1116528917669708,0.35,0,3,0.0
4.760063225001431,270,88.37,99.3,6.2,-9.8,0.26,2.75,-0.92,0.01,0.89,-0.05,-64.6,415.6,233.0,-2.83,-11.71,-0.09,0.0,0.8914594774862176,2.9114429412234752,0.11871461642863756,0.35,0,3,0.0
4.7719654550001,271,88.38,99.3,6.2,-10.1,0.61,2.69,-0.85,0.03,0.9,-0.07,-60.2,442.4,239.0,-2.95,-12.31,0.0,0.0,0.903216474606171,2.8862952031973443,0.10481846692251051,0.35,0,3,0.0
4.780295130000013,272,88.39,99.3,6.1,-10.4,0.74,2.67,-0.77,0.04,0.93,-0.09,-55.7,461.0,221.0,-3.07,-12.97,-0.04,0.0,0.9352005132590552,2.8756564467961048,0.07137773970423378,0.35,0,3,0.0
4.791757676000998,273,88.4,99.3,6.1,-10.7,0.62,2.67,-0.74,0.04,0.94,-0.1,-50.8,491.9,268.0,-3.21,-13.69,0.02,0.0,0.9461500938011896,2.8391724146307142,0.0592195959788574,0.35,0,3,0.0
4.800227356001415,274,88.41,99.3,6.0,-11.0,0.46,2.6,-0.74,0.04,0.95,-0.11,-45.8,509.6,188.0,-3.35,-14.12,-0.09,0.0,0.957183368012629,2.7421159712893255,0.04722259533206963,0.35,0,3,0.0
4.811980782000319,275,88.42,99.3,5.9,-11.2,0.34,2.5,-0.79,0.03,0.94,-0.13,-40.6,527.5,184.0,-3.49,-14.61,0.06,0.0,0.9494208761134337,2.6438040774611116,0.05388538548663968,0.35,0,3,0.0
4.819999834000555,276,88.43,99.3,5.8,-11.5,0.43,2.42,-0.85,0.02,0.94,-0.14,-35.1,550.6,241.0,-3.65,-15.33,-0.08,0.0,0.9505787710652915,2.600730666562764,0.05167294072408635,0.35,0,3,0.0
4.832126874000096,277,88.44,99.3,5.7,-11.7,0.43,2.28,-0.87,0.01,0.95,-0.13,-29.5,567.6,154.0,-3.8,-15.64,-0.04,0.0,0.9589056262218926,2.4779426950597543,0.04247916385613559,0.35,0,3,0.0
4.840237642001739,278,88.45,99.3,5.6,-12.0,0.45,2.1,-0.89,0.0,0.94,-0.15,-23.7,586.4,182.0,-3.96,-16.12,0.08,0.0,0.951892851112981,2.324779559442142,0.04850210018574608,0.35,0,3,0.0
4.851787364001211,279,88.46,99.4,5.5,-12.2,0.6,2.01,-0.94,0.0,0.95,-0.17,-17.7,599.9,199.0,-4.13,-16.79,0.0,0.0,0.965090669315583,2.298630026776819,0.03459819634348127,0.35,0,3,0.0
4.860103853001419,280,88.47,99.4,5.4,-12.4,0.62,1.89,-0.95,0.0,0.96,-0.18,-11.6,623.0,146.0,-4.3,-16.95,-0.16,0.0,0.9767292357659824,2.204313952230943,0.02250043729522022,0.35,0,3,0.0
4.872070505000011,281,88.48,99.5,5.3,-12.6,0.48,1.78,-0.91,0.0,0.96,-0.19,-5.3,621.7,12.0,-4.46,-16.69,0.03,0.0,0.9786214794290998,2.0559426062028097,0.020196029759460665,0.35,0,3,0.0
4.880278176000502,282,88.49,99.5,5.2,-12.8,0.31,1.73,-0.83,-0.01,0.97,-0.21,0.7,608.2,-143.0,-4.63,-15.8,0.58,0.0,0.9925220400575495,1.9436820727680748,0.006169559748390729,0.35,0,3,0.0
4.891743406000387,283,88.5,99.5,5.2,-13.0,0.1,1.64,-0.68,-0.01,0.97,-0.21,5.7,396.7,-2942.0,-4.7,-1.22,2.45,0.0,0.9925220400575495,1.7782013384316184,0.0060461685534228815,0.35,0,3,0.0
4.9002445620008075,284,88.51,99.5,5.1,-13.1,0.32,1.43,-0.68,0.03,0.93,-0.22,5.8,-127.9,-3298.0,-4.65,5.56,-0.06,0.0,0.9561380653441218,1.6154565918030728,0.04158154040151352,0.35,0,3,0.0
4.91168390600069,285,88.52,99.6,5.1,-13.3,1.13,1.44,-0.87,0.05,0.91,-0.21,3.9,-185.9,-971.0,-4.6,4.35,-0.14,0.0,0.9352539762011173,2.0266721491153916,0.061216316953627725,0.35,0,3,0.0
4.920183309001004,286,88.53,99.7,5.0,-13.4,-0.88,1.43,-0.33,0.02,1.06,-0.31,2.4,-137.7,-19.0,-4.57,3.01,-0.31,0.0,1.104581368664165,1.711198410471445,0.1059488539992316,0.35,0,3,0.0
4.932106946000204,287,88.54,99.5,5.0,-13.6,-1.22,2.01,0.03,0.0,0.9,-0.26,1.3,-87.8,323.0,-4.55,1.63,-0.2,0.0,0.9368030742904295,2.3514676268237245,0.06059285156701377,0.35,0,3,0.0
4.94031423800152,288,88.55,99.4,5.1,-13.8,-0.79,1.7,0.02,-0.03,0.86,-0.21,0.8,-37.6,442.0,-4.54,0.24,-0.1,0.0,0.8857764955111419,1.8746999759961591,0.10938704173937541,0.35,0,3,0.0
4.951870075999977,289,88.56,99.3,5.1,-13.9,-0.28,1.37,0.0,-0.04,0.87,-0.24,0.8,10.6,426.0,-4.54,-0.78,-0.07,0.0,0.9033825324855468,1.3983204210766573,0.08994538466967117,0.35,0,3,0.0
4.9603272340009426,290,88.57,99.3,5.1,-14.1,-0.39,1.29,0.15,-0.05,0.92,-0.22,1.1,40.4,317.0,-4.56,-1.47,0.0,0.0,0.9472592042308167,1.3559867255987428,0.04514733866591325,0.35,0,3,0.0
4.972034511001766,291,88.58,99.2,5.1,-14.2,-0.78,1.12,0.28,-0.06,0.91,-0.22,1.7,67.1,287.0,-4.58,-2.22,0.0,0.0,0.9381364506296512,1.3932695360195027,0.053184690421737124,0.35,0,3,0.0
4.980231574001664,292,88.59,99.1,5.2,-14.3,-1.04,0.85,0.44,-0.08,0.92,-0.2,2.5,88.6,135.0,-4.6,-2.03,0.33,0.0,0.9448809448814174,1.4134001556530267,0.045511392246571525,0.35,0,3,0.0
4.991786786000375,293,88.6,99.0,5.3,-14.3,-1.11,0.43,0.55,-0.06,0.9,-0.21,3.1,26.2,-595.0,-4.6,0.75,0.18,0.0,0.926120942425988,1.3112970677920393,0.06298596680796087,0.35,0,3,0.0
5.000213608000195,294,88.61,98.9,5.3,-14.4,-0.92,0.34,0.65,-0.12,0.91,-0.22,2.8,-35.4,-372.0,-4.59,1.13,0.09,0.0,0.9438749917229505,1.176647780773839,0.04432727916077839,0.35,0,3,0.0
5.011663683000734,295,88.62,98.8,5.4,-14.4,-1.4,-0.01,0.89,-0.13,0.96,-0.2,2.4,-49.0,-239.0,-4.58,1.64,0.01,0.0,0.9891915891272024,1.6589755875238188,0.0009695318786040463,0.35,0,3,0.0
5.020242470000085,296,88.63,98.7,5.5,-14.3,-1.62,-0.2,1.14,-0.12,0.95,-0.21,1.7,-76.2,-309.0,-4.55,2.65,0.05,0.0,0.9803060746521975,1.9909796583591708,0.007757662944472776,0.35,0,3,0.0
5.032146238001587,297,88.64,98.5,5.6,-14.3,-1.51,-0.43,1.26,-0.1,0.93,-0.2,0.7,-119.4,-426.0,-4.52,4.05,0.11,0.0,0.9565040512198577,2.0131070513015445,0.03092849264927633,0.35,0,3,0.0
5.040236794000521,298,88.65,98.4,5.7,-14.2,-1.4,-0.66,1.3,-0.06,0.94,-0.22,-0.8,-172.5,-480.0,-4.47,5.39,0.3,0.0,0.9672641831474997,2.0212867188996224,0.019764993507201623,0.35,0,3,0.0
5.051648697000928,299,88.66,98.2,5.9,-14.1,-1.36,-0.68,1.25,0.0,0.94,-0.24,-2.9,-221.9,-506.0,-4.4,6.81,0.16,0.0,0.9701546268507922,1.9683749642789101,0.016537058807830962,0.35,0,3,0.0
5.060282948001259,300,88.67,98.1,6.0,-14.0,-1.39,-0.57,1.2,0.1,0.93,-0.25,-5.4,-265.0,-390.0,-4.33,7.59,0.16,0.0,0.9681941953967707,1.9227584351654785,0.018127540456615465,0.35,0,3,0.0
5.071787944001699,301,88.68,98.0,6.1,-14.0,-1.11,-0.23,1.14,0.15,0.91,-0.29,-8.2,-288.2,-266.0,-4.25,8.09,-0.01,0.0,0.966798841538404,1.607669120186116,0.019132436428682453,0.35,0,3,0.0
5.08019685400177,302,88.69,97.9,6.2,-14.0,-0.86,0.01,1.11,0.15,0.86,-0.31,-11.2,-301.8,-156.0,-4.17,8.31,0.14,0.0,0.9263908462414769,1.4042079618062275,0.05834962309109737,0.35,0,3,0.0
5.091756490000989,303,88.7,97.8,6.3,-14.0,-0.16,0.29,1.01,0.14,0.82,-0.35,-14.3,-306.8,-64.0,-4.08,8.31,-0.06,0.0,0.9024965373894793,1.0629205050237764,0.08059905330423311,0.35,0,3,0.0
5.100169780000215,304,88.71,97.9,6.4,-14.0,0.69,0.49,0.9,0.11,0.84,-0.38,-17.3,-300.1,56.0,-4.0,7.91,0.0,0.0,0.9284934033152846,1.235394673778384,0.053510143630859264,0.35,0,3,0.0
5.111849304001225,305,88.72,98.0,6.5,-14.0,1.25,0.67,0.69,0.07,0.83,-0.41,-20.2,-283.6,127.0,-3.93,7.46,0.0,0.0,0.9283856957105704,1.5771810295587503,0.052545494210862076,0.35,0,3,0.0
5.120303168001556,306,88.73,98.1,6.6,-14.1,1.65,0.8,0.46,0.03,0.88,-0.4,-22.9,-267.8,152.0,-3.86,6.99,-0.04,0.0,0.9671090941563936,1.8905290264896752,0.01354565384973816,0.35,0,3,0.0
5.132007119000264,307,88.74,98.3,6.6,-14.2,1.68,0.71,0.25,0.0,0.97,-0.36,-25.5,-247.9,197.0,-3.79,6.4,0.01,0.0,1.0346496991735898,1.840923681199196,0.052915052144108965,0.35,0,3,0.0
5.140206415000648,308,88.75,98.4,6.6,-14.2,1.72,0.55,-0.11,-0.01,1.01,-0.38,-27.8,-225.1,216.0,-3.73,5.77,-0.13,0.0,1.079166344916297,1.8091434437324199,0.09548306392907968,0.35,0,3,0.0
5.151770952001243,309,88.76,98.6,6.6,-14.3,1.54,0.5,-0.66,-0.02,1.04,-0.36,-29.9,-203.5,208.0,-3.68,5.25,-0.08,0.0,1.100727032465361,1.7484850585578362,0.1147028764485809,0.35,0,3,0.0
5.160229266000897,310,88.77,98.7,6.5,-14.4,1.33,0.33,-1.31,-0.04,1.07,-0.3,-31.8,-187.6,159.0,-3.63,4.9,-0.17,0.0,1.1119802156513399,1.8957584234284706,0.12343693844186854,0.35,0,3,0.0
5.17161309200128,311,88.78,98.9,6.3,-14.4,1.17,-0.03,-1.9,-0.03,1.09,-0.27,-33.6,-174.1,146.0,-3.58,4.53,1.09,0.0,1.1233432244866215,2.231546548920725,0.1321039483316072,0.35,0,3,0.0
5.18026377500064,312,88.79,99.0,6.1,-14.4,0.95,-0.14,-2.33,-0.01,1.1,-0.26,-35.2,-160.7,146.0,-3.54,4.12,-0.09,0.0,1.1303539268742335,2.5201190448072093,0.13633235770483487,0.35,0,3,0.0
5.191680786001598,313,88.8,99.0,5.9,-14.4,0.94,-0.35,-2.77,0.01,1.1,-0.23,-36.7,-144.9,155.0,-3.5,3.69,-0.04,0.0,1.123832727766904,2.9460142565846485,0.1272149354255553,0.35,0,3,0.0
5.200260812000124,314,88.81,99.2,5.5,-14.4,0.91,-0.5,-3.18,0.09,1.16,-0.19,-38.0,-125.7,197.0,-3.47,3.05,0.0,0.0,1.1788977903109328,3.3452204710601663,0.17863439801019232,0.35,0,3,0.0
5.21175538100033,315,88.82,99.2,5.2,-14.4,0.74,-0.44,-3.72,0.18,1.2,-0.16,-39.1,-101.0,238.0,-3.44,2.33,0.06,0.0,1.2239281024635393,3.8183242397680166,0.21919141595954295,0.35,0,3,0.0
5.220229293001466,316,88.83,99.3,4.8,-14.5,0.99,-0.06,-4.58,0.3,1.3,-0.16,-40.0,-73.6,262.0,-3.42,1.57,-0.09,0.0,1.343726162579266,4.686160475271841,0.33220968655376426,0.35,0,3,0.0
5.232072597000297,317,88.84,99.4,4.3,-14.6,1.3,0.48,-5.31,0.43,1.43,-0.19,-40.5,-44.4,296.0,-3.41,0.72,-0.27,0.0,1.5052906696050432,5.487850216614881,0.48389870970795057,0.35,0,4,0.0
5.240092539001125,318,88.85,99.5,3.8,-14.8,0.45,1.34,-4.96,0.38,1.51,-0.2,-40.7,-12.2,313.0,-3.41,-0.12,-0.11,0.0,1.5698726062964472,5.15748969945651,0.5375110334713675,0.35,0,4,0.0
5.251935123000294,319,88.86,99.5,3.4,-15.0,-0.6,1.8,-3.85,0.12,1.35,-0.08,-40.7,9.5,180.0,-3.41,-0.27,-0.11,0.0,1.3576818478568535,4.292143986401202,0.31881386953113844,0.35,0,4,0.0
5.260250386001644,320,88.87,99.4,3.1,-15.2,-0.82,1.47,-2.22,-0.15,1.26,0.06,-40.6,7.0,10.0,-3.41,-0.02,0.07,0.0,1.2703149215844078,2.785982770944573,0.22681800439351885,0.35,0,4,0.0
5.27187069500178,321,88.88,99.3,3.0,-15.3,-0.07,0.26,-0.68,-0.38,1.1,0.16,-40.6,-2.6,-40.0,-3.41,0.12,-0.02,0.0,1.174734012447073,0.731368580129062,0.12861235335106036,0.35,0,4,0.0
5.2802256570012105,322,88.89,99.4,3.0,-15.3,1.47,-1.45,0.2,-0.49,1.03,0.2,-40.6,-5.7,-35.0,-3.41,0.22,0.04,0.0,1.158015543937127,2.0744637861384807,0.1096560071442918,0.35,0,4,0.0
5.291698681001435,323,88.9,99.6,3.0,-15.0,2.09,-3.11,0.64,-0.48,1.12,0.24,-40.7,-10.7,-44.0,-3.41,0.36,-0.04,0.0,1.2419339757008019,3.8012892549765267,0.18970295012980753,0.35,0,4,0.0
5.300006182000288,324,88.91,99.7,3.0,-14.6,0.5,-4.64,0.9,-0.3,1.21,0.23,-40.9,-16.5,-68.0,-3.4,0.61,0.16,0.0,1.267675037223657,4.7528517755133075,0.21113513141960927,0.35,0,4,0.0
5.311916454000311,325,88.92,99.7,3.0,-14.1,-1.46,-5.59,0.92,-0.08,1.19,0.15,-41.1,-27.7,-103.0,-3.39,0.93,0.1,0.0,1.2020815280171306,5.850307684216276,0.14263078976882126,0.35,0,4,0.0
5.320257988001686,326,88.93,99.5,3.0,-13.5,-2.86,-5.93,0.68,0.11,1.07,0.11,-41.5,-40.9,-126.0,-3.38,1.32,0.08,0.0,1.081249277456406,6.6186781157569525,0.02136256842393469,0.35,0,4,0.0
5.331836171000759,327,88.94,99.2,2.9,-12.9,-3.17,-5.91,0.25,0.24,0.99,0.07,-42.0,-57.0,-148.0,-3.37,1.77,0.08,0.0,1.021077861869505,6.71114744287443,0.03803267021970691,0.35,0,4,0.0
5.340122204001091,328,88.95,98.9,2.8,-12.3,-3.15,-5.75,-0.15,0.3,0.94,0.05,-42.7,-73.6,-164.0,-3.34,2.24,0.04,0.0,0.9879777325425912,6.558010369006746,0.06971014355568828,0.35,0,4,0.0
5.352133964001041,329,88.96,98.6,2.7,-11.8,-3.39,-5.37,-0.35,0.29,0.89,0.0,-43.5,-89.5,-158.0,-3.32,2.66,0.17,0.0,0.9360555539069249,6.360149369315158,0.11919967574752754,0.35,0,4,0.0
5.360087086000931,330,88.97,98.3,2.6,-11.3,-4.12,-4.91,-0.29,0.21,0.85,-0.03,-44.5,-104.8,-154.0,-3.29,3.08,0.17,0.0,0.8760707733967615,6.416120323061281,0.17560076713253714,0.35,0,4,0.0
5.371914552000817,331,88.98,97.9,2.5,-10.8,-3.96,-4.55,-0.12,0.15,0.79,-0.01,-45.7,-119.8,-143.0,-3.26,3.43,0.06,0.0,0.8041765975207187,6.033116939029112,0.2425450441484085,0.35,0,4,0.0
5.380268676000924,332,88.99,97.6,2.5,-10.4,-2.8,-4.36,0.05,0.13,0.78,-0.01,-47.0,-132.1,-128.0,-3.22,3.76,0.01,0.0,0.7908223567907018,5.181901195507302,0.2507812991808569,0.35,0,4,0.0
5.39166133100116,333,89.0,97.4,2.4,-9.9,-1.64,-4.09,0.35,0.13,0.84,-0.04,-48.0,-139.9,-142.0,-3.18,4.0,-0.08,0.0,0.8509406559801923,4.42042984335234,0.1868497399915391,0.35,0,4,0.0
5.400221059000614,334,89.01,97.3,2.4,-9.6,-0.95,-3.65,0.56,0.13,0.89,-0.08,-50.0,-152.9,-117.0,-3.14,4.27,0.04,0.0,0.9029950165975447,3.812951612596205,0.132099471786703,0.35,0,4,0.0
5.411817152000367,335,89.02,97.2,2.5,-9.2,-0.71,-3.27,0.69,0.14,0.95,-0.1,-51.6,-160.3,-78.0,-3.09,4.41,0.15,0.0,0.9654532614269838,3.416591869099966,0.06824840241811858,0.35,0,4,0.0
5.4202901020016725,336,89.03,97.1,2.6,-8.9,-0.81,-2.94,0.83,0.14,1.04,-0.09,-53.2,-165.7,-63.0,-3.05,4.57,-0.05,0.0,1.0532331175955303,3.1604746478970527,0.01914082467541922,0.35,0,4,0.0
5.432217875000788,337,89.04,97.0,2.7,-8.6,-1.02,-2.67,0.91,0.14,1.04,-0.1,-54.9,-169.9,-44.0,-3.0,4.66,-0.05,0.0,1.0541347162483552,2.999566635365849,0.019641574861679167,0.35,0,4,0.0
5.440214567001021,338,89.05,96.9,2.8,-8.3,-1.51,-2.54,1.03,0.14,1.04,-0.11,-56.6,-173.4,-38.0,-2.96,4.76,0.08,0.0,1.0551303237041385,3.129313023652316,0.020224438671113232,0.35,0,4,0.0
5.451732454001103,339,89.06,96.7,2.9,-8.1,-1.8,-2.35,1.03,0.13,0.98,-0.12,-58.4,-177.6,-44.0,-2.91,4.88,-0.28,0.0,0.9958413528268446,3.134230368048909,0.03828324156205709,0.35,0,4,0.0
5.460243214000002,340,89.07,96.6,3.0,-7.8,-1.74,-2.15,1.02,0.14,0.95,-0.14,-60.2,-180.9,-29.0,-2.86,4.94,0.23,0.0,0.9704122835166504,2.947965400068325,0.06243806465480617,0.35,0,4,0.0
5.471805725001104,341,89.08,96.5,3.2,-7.6,-1.68,-1.95,1.08,0.13,0.92,-0.14,-62.0,-181.5,-4.0,-2.81,4.91,0.1,0.0,0.9396275858019495,2.7912900243435828,0.09135830712211701,0.35,0,4,0.0
5.480264954001541,342,89.09,96.3,3.3,-7.4,-1.34,-1.82,1.16,0.12,0.91,-0.14,-63.8,-179.1,19.0,-2.76,4.81,-0.03,0.0,0.9284934033152847,2.5403936702802583,0.10044263981660606,0.35,0,4,0.0
5.491643450000993,343,89.1,96.3,3.5,-7.2,-0.94,-1.75,1.25,0.12,0.92,-0.15,-65.6,-174.7,38.0,-2.71,4.68,0.0,0.0,0.9398404119849284,2.347040689890143,0.08731371852402314,0.35,0,4,0.0
5.50021489700157,344,89.11,96.2,3.6,-7.0,-0.87,-1.66,1.4,0.12,0.93,-0.16,-67.3,-171.7,27.0,-2.67,4.64,0.13,0.0,0.951262319236918,2.339337513057917,0.07437397504659293,0.35,0,4,0.0
5.511962750000748,345,89.12,96.2,3.8,-6.9,-1.04,-1.55,1.58,0.12,0.92,-0.18,-69.0,-169.2,33.0,-2.62,4.53,-0.01,0.0,0.9450925880568528,2.445506082593131,0.07893283210212498,0.35,0,4,0.0
5.520047988000442,346,89.13,96.1,3.9,-6.7,-1.22,-1.43,1.72,0.13,0.92,-0.19,-70.7,-164.6,43.0,-2.58,4.4,-0.13,0.0,0.9483670175622938,2.5478814729103862,0.07414523454475042,0.35,0,4,0.0
5.532086837001771,347,89.14,96.0,4.1,-6.5,-1.29,-1.31,1.8,0.14,0.91,-0.2,-72.3,-157.5,66.0,-2.53,4.19,-0.01,0.0,0.9421783270697751,2.572974931863892,0.07872724653652374,0.35,0,4,0.0
5.540148410000256,348,89.15,95.8,4.3,-6.4,-1.37,-1.22,1.84,0.15,0.9,-0.21,-73.8,-150.7,64.0,-2.49,4.02,-0.01,0.0,0.9362691920596341,2.598249410660955,0.08294365391573144,0.35,0,4,0.0
5.551871194000341,349,89.16,95.7,4.4,-6.3,-1.54,-1.11,1.82,0.15,0.88,-0.24,-75.3,-143.9,72.0,-2.45,3.81,-0.03,0.0,0.9243916918709297,2.6298479043473217,0.092924731022347,0.35,0,4,0.0
5.560146041001644,350,89.17,95.5,4.6,-6.1,-1.83,-1.02,1.7,0.16,0.86,-0.27,-76.6,-136.2,62.0,-2.42,3.66,-0.05,0.0,0.9154780172128656,2.698017790897606,0.09980163756680294,0.35,0,4,0.0
5.572052289000567,351,89.18,95.3,4.7,-6.0,-2.18,-0.87,1.49,0.2,0.83,-0.31,-78.0,-129.7,74.0,-2.38,3.42,-0.03,0.0,0.9082951062292475,2.7801798502974586,0.10484485757941253,0.35,0,4,0.0
5.580169826000201,352,89.19,95.1,4.9,-5.9,-2.64,-0.65,1.25,0.23,0.8,-0.31,-79.2,-122.5,63.0,-2.35,3.27,-0.01,0.0,0.8882567196480982,2.992423766781704,0.1223855792773505,0.35,0,4,0.0
5.591902627000309,353,89.2,94.8,5.0,-5.9,-3.12,-0.41,0.91,0.26,0.75,-0.3,-80.4,-115.3,76.0,-2.32,3.03,-0.03,0.0,0.8485870609430713,3.275759453928204,0.15881413322272986,0.35,0,4,0.0
5.60030565100169,354,89.21,94.5,5.0,-5.9,-3.14,0.01,0.51,0.27,0.7,-0.3,-81.5,-106.9,80.0,-2.29,2.81,-0.12,0.0,0.8080222769206304,3.1811633092313887,0.19539133890026728,0.35,0,4,0.0
5.612026862001585,355,89.22,94.2,5.1,-5.9,-2.65,0.58,0.07,0.27,0.62,-0.33,-82.5,-98.7,82.0,-2.26,2.57,0.17,0.0,0.7524626236564844,2.713632252166826,0.24593197232112507,0.35,0,4,0.0
5.620111072001237,356,89.23,94.0,5.1,-6.0,-1.74,1.31,-0.43,0.25,0.58,-0.33,-83.4,-90.8,78.0,-2.24,2.37,0.01,0.0,0.7126008700527947,2.2200450445880597,0.28007785140631847,0.35,0,4,0.0
5.631872619000205,357,89.24,93.9,5.0,-6.2,-0.66,1.98,-0.85,0.23,0.57,-0.32,-84.3,-83.9,59.0,-2.22,2.24,0.07,0.0,0.6929646455628166,2.253552750658391,0.2937197943783707,0.35,0,4,0.0
5.64007783100169,358,89.25,93.8,4.9,-6.4,0.58,2.4,-1.07,0.19,0.6,-0.27,-85.1,-80.9,40.0,-2.19,2.15,-0.12,0.0,0.6848357467305572,2.690966369169262,0.29581171934641737,0.35,0,4,0.0
5.651935322001009,359,89.26,93.9,4.8,-6.6,1.85,2.44,-1.13,0.14,0.65,-0.24,-85.9,-79.2,20.0,-2.17,2.15,-0.05,0.0,0.7068946173228369,3.2638933806115666,0.268277791779055,0.35,0,4,0.0
5.660254565000287,360,89.27,94.2,4.7,-6.9,2.64,2.41,-1.12,0.1,0.7,-0.24,-86.7,-78.9,3.0,-2.15,2.15,0.05,0.0,0.7467261881037788,3.7459444736941845,0.2238772965781508,0.35,0,4,0.0
5.672025114999997,361,89.28,94.4,4.6,-7.1,2.88,2.32,-1.13,0.1,0.78,-0.19,-87.5,-80.4,-9.0,-2.13,2.21,-0.08,0.0,0.8090117428072352,3.86700142229092,0.1583599070372005,0.35,0,4,0.0
5.680229114001122,362,89.29,94.7,4.6,-7.4,3.04,1.96,-0.98,0.13,0.92,-0.1,-88.3,-81.9,-11.0,-2.11,2.23,0.18,0.0,0.9345052166788584,3.747479152710526,0.03220910450226566,0.35,0,4,0.0
5.692017085000771,363,89.3,95.0,4.5,-7.5,3.1,1.36,-0.58,0.11,1.05,-0.04,-89.1,-82.2,-1.0,-2.08,2.23,0.0,0.0,1.0565036677645754,3.434530535604539,0.08799355965178224,0.35,0,4,0.0
5.700271521000104,364,89.31,95.3,4.5,-7.6,2.89,0.56,-0.25,0.04,1.08,-0.08,-89.9,-80.6,14.0,-2.06,2.15,-0.05,0.0,1.0836973747315253,2.954352720986443,0.11288352128635748,0.35,0,4,0.0
5.7117431340011535,365,89.32,95.5,4.4,-7.7,2.42,0.12,-0.25,-0.02,1.11,-0.22,-90.7,-75.3,54.0,-2.04,1.93,-0.09,0.0,1.1317685275708986,2.4358366119261774,0.15773558064321624,0.35,0,4,0.0
5.720215648001613,366,89.33,95.7,4.4,-7.7,1.68,0.35,-0.49,-0.09,1.14,-0.29,-91.4,-64.0,105.0,-2.03,1.56,0.01,0.0,1.1797457353175724,1.7846568297574745,0.20159853262209226,0.35,0,4,0.0
5.732166192001387,367,89.34,95.9,4.3,-7.8,1.12,0.76,-0.72,-0.1,1.3,-0.18,-91.9,-48.7,143.0,-2.01,1.1,-0.05,0.0,1.3162066707018318,1.5331014317389442,0.33129827864622463,0.35,0,4,0.0
5.740219916000569,368,89.35,96.0,4.3,-7.8,0.96,0.92,-0.3,-0.1,1.52,-0.07,-92.3,-30.9,162.0,-2.0,0.64,-0.14,0.0,1.524893438899912,1.363084736911099,0.5291853459074187,0.35,0,5,0.0
5.751853208001194,369,89.36,96.1,4.3,-7.9,1.02,0.82,0.7,-0.21,1.58,0.0,-92.5,-12.4,196.0,-2.0,0.04,-0.3,0.0,1.5938946012832844,1.4841832770921521,0.5862227781249754,0.35,0,5,0.0
5.760278087000188,370,89.37,96.2,4.4,-8.0,0.82,0.27,1.11,-0.22,1.47,0.0,-92.5,7.0,158.0,-2.0,-0.3,-0.06,0.0,1.486371420607918,1.4062005546862795,0.46912560550061677,0.35,0,5,0.0
5.771776083000077,371,89.38,96.3,4.6,-8.0,1.24,0.03,1.34,-0.02,1.69,0.05,-92.3,11.7,63.0,-2.01,-0.32,0.18,0.0,1.6908577704821892,1.8259518065929343,0.6601397162673903,0.35,0,5,0.0
5.78027341500092,372,89.39,96.4,4.7,-8.0,1.67,0.05,2.26,0.04,1.75,0.13,-92.2,14.0,50.0,-2.01,-0.45,0.31,0.0,1.7552777557982098,2.8105159668644473,0.7100685075517426,0.35,0,5,0.0
5.791804471000432,373,89.4,96.5,5.0,-7.9,0.93,-0.36,2.71,0.09,1.55,0.11,-92.0,23.6,108.0,-2.02,-0.85,-0.12,0.0,1.5565024895579194,2.887663415289254,0.5010673764852231,0.35,0,5,0.0
5.800237432000358,374,89.41,96.6,5.3,-7.8,-0.46,-0.26,2.43,0.29,1.34,0.0,-91.7,39.7,146.0,-2.03,-1.3,-0.14,0.0,1.3710215169719258,2.486785073141626,0.309274675821245,0.35,0,5,0.0
5.811773363000611,375,89.42,96.4,5.5,-7.8,-1.86,0.36,1.78,0.39,1.03,-0.06,-91.1,59.0,190.0,-2.05,-1.88,-0.03,0.0,1.1029959202100432,2.599538420566236,0.040424097478175325,0.35,0,5,0.0
5.82036448800136,376,89.43,96.2,5.6,-7.9,-1.72,1.13,0.89,0.48,0.85,-0.09,-90.4,83.7,236.0,-2.07,-2.6,0.05,0.0,0.9803060746521975,2.2421864329265753,0.08062043311807698,0.35,0,5,0.0
5.8321941000012885,377,89.44,96.1,5.7,-8.1,-0.85,2.2,0.42,0.49,0.86,-0.07,-89.4,109.3,244.0,-2.1,-3.28,-0.13,0.0,0.9922701245124737,2.395600133578223,0.06728325559264481,0.35,0,5,0.0
5.840260279001086,378,89.45,96.0,5.7,-8.3,-0.03,2.99,0.5,0.45,0.87,0.0,-88.1,134.1,247.0,-2.14,-3.95,-0.03,0.0,0.9794896630388705,3.031666208539456,0.07846244272492298,0.35,0,5,0.0
5.851891220001562,379,89.46,96.0,5.8,-8.6,0.76,3.57,0.5,0.36,0.87,-0.01,-86.6,159.1,245.0,-2.18,-4.62,1.49,0.0,0.9415943925066674,3.684087403957729,0.11403055899198344,0.35,0,5,0.0
5.8601923680016625,380,89.47,96.1,5.9,-9.0,1.0,3.98,0.55,0.26,0.96,-0.01,-84.8,182.6,235.0,-2.23,-5.23,-0.07,0.0,0.9946356116689167,4.140398531542586,0.05976955303313958,0.35,0,5,0.0
5.872006929001145,381,89.48,96.1,6.0,-9.4,0.73,4.09,0.57,0.16,1.02,0.03,-82.8,205.6,232.0,-2.29,-5.88,0.1,0.0,1.0329085148259742,4.193554578159201,0.02106671687856032,0.35,0,5,0.0
5.880083518000902,382,89.49,96.2,6.1,-9.8,0.47,3.87,0.48,0.08,1.06,0.03,-80.6,228.1,227.0,-2.35,-6.48,0.05,0.0,1.063437821407533,3.927874743420416,0.009273337908938473,0.35,0,5,0.0
5.8918526800007385,383,89.5,96.2,6.2,-10.2,0.34,3.6,0.25,0.01,1.07,0.0,-78.2,251.0,225.0,-2.42,-7.09,-0.02,0.0,1.0700467279516348,3.6246517074058304,0.015564599563979487,0.35,0,5,0.0
5.900289323000834,384,89.51,96.2,6.2,-10.5,0.29,3.47,-0.2,-0.02,1.02,-0.01,-75.5,273.5,229.0,-2.5,-7.72,-0.04,0.0,1.0202450685987166,3.4878360053190574,0.03355231859315988,0.35,0,5,0.0
5.911649358000432,385,89.52,96.1,6.2,-10.9,0.08,3.28,-0.66,-0.01,0.99,0.02,-72.6,299.0,256.0,-2.58,-8.46,-0.19,0.0,0.9902524930541705,3.3466998670331938,0.06227399625495189,0.35,0,5,0.0
5.920058613000947,386,89.53,96.1,6.2,-11.2,-0.31,3.15,-0.86,0.01,0.92,0.02,-69.4,324.5,237.0,-2.67,-9.07,0.0,0.0,0.9202716990106781,3.2799695120534276,0.1296096944924754,0.35,0,5,0.0
5.932371692000743,387,89.54,96.0,6.1,-11.5,-0.52,2.98,-0.92,0.03,0.86,0.02,-66.1,344.7,219.0,-2.76,-9.65,-0.11,0.0,0.8607554821202128,3.161834910301295,0.18534339315528192,0.35,0,5,0.0
5.940014179001082,388,89.55,95.9,6.1,-11.8,-0.39,2.86,-0.86,0.05,0.81,0.01,-62.4,370.3,260.0,-2.87,-10.42,0.02,0.0,0.8116033513977133,3.011859890499556,0.22980561340022565,0.35,0,5,0.0
5.952321769000264,389,89.56,95.9,6.0,-12.1,0.07,2.85,-0.75,0.04,0.79,0.0,-58.5,395.9,225.0,-2.97,-10.97,-0.2,0.0,0.791012010022604,2.9478636332096504,0.2453890156798283,0.35,0,5,0.0
5.96015888400143,390,89.57,95.9,6.0,-12.4,0.56,2.86,-0.65,0.03,0.79,0.0,-54.4,417.5,260.0,-3.09,-11.76,0.04,0.0,0.7905694150420949,2.9859169445917275,0.2409149784471306,0.35,0,5,0.0
5.971711452000818,391,89.58,95.9,6.0,-12.7,0.68,2.76,-0.52,0.03,0.81,0.0,-50.1,447.2,249.0,-3.21,-12.39,0.0,0.0,0.8105553651663778,2.8897058673851217,0.21651044775639072,0.35,0,5,0.0
5.979519091000839,392,89.59,96.0,5.9,-13.0,0.45,2.53,-0.42,0.03,0.81,0.0,-45.5,464.5,199.0,-3.34,-12.85,0.05,0.0,0.8105553651663778,2.60380490820645,0.2121802388012629,0.35,0,5,0.0
5.99195114000031,393,89.6,96.0,5.9,-13.2,0.27,2.31,-0.44,0.01,0.79,-0.02,-40.7,484.7,199.0,-3.47,-13.41,-0.14,0.0,0.7903163923391695,2.366981199756348,0.2277708273959017,0.35,0,5,0.0
6.000258828000369,394,89.61,96.0,5.9,-13.4,0.5,2.1,-0.55,0.0,0.8,-0.03,-35.7,508.2,249.0,-3.61,-14.17,-0.18,0.0,0.8005623023850175,2.2276669409945464,0.21317441900305267,0.35,0,5,0.0
6.011748990000342,395,89.62,96.0,5.8,-13.7,0.79,1.91,-0.58,-0.02,0.84,-0.03,-30.4,529.4,177.0,-3.75,-14.53,0.06,0.0,0.8407734534343957,2.146765008099396,0.16950400259460097,0.35,0,5,0.0
6.020115836001423,396,89.63,96.1,5.8,-13.8,0.84,1.71,-0.6,-0.04,0.86,-0.05,-25.0,550.0,239.0,-3.91,-15.3,-0.47,0.0,0.8623804264940154,1.9974233402060766,0.14493908894428165,0.35,0,5,0.0
6.031835903000683,397,89.64,96.2,5.8,-14.0,0.84,1.54,-0.58,-0.04,0.88,-0.05,-19.4,569.1,190.0,-4.06,-15.73,-0.02,0.0,0.8823264701911645,1.8475930287809597,0.12249318434218981,0.35,0,5,0.0
6.044300328001555,398,89.65,96.2,5.7,-14.2,0.77,1.27,-0.57,-0.04,0.88,-0.06,-13.5,597.5,245.0,-4.22,-16.48,-0.06,0.0,0.8829496021857647,1.59081739995513,0.11943265130063774,0.35,0,5,0.0
6.052320855000289,399,89.66,96.3,5.7,-14.3,0.79,1.08,-0.58,-0.03,0.87,-0.08,-7.4,613.4,182.0,-4.39,-16.89,-0.05,0.0,0.8741853350405736,1.4583895227270387,0.12563298007691226,0.35,0,5,0.0
6.0602865560013015,400,89.67,96.4,5.6,-14.4,1.02,0.98,-0.64,-0.01,0.86,-0.12,-1.2,628.2,173.0,-4.56,-17.31,0.21,0.0,0.8683893136145792,1.552546295606028,0.12880042147284854,0.35,0,5,0.0
6.071727930000634,401,89.68,96.5,5.6,-14.5,1.16,1.01,-0.64,0.0,0.87,-0.15,4.8,562.1,-1395.0,-4.71,-10.47,2.8,0.0,0.8828363381737296,1.6659231674960284,0.11206632897542412,0.35,0,5,0.0
6.080312809001043,402,89.69,96.6,5.5,-14.6,1.54,0.93,-0.63,0.03,0.88,-0.17,6.9,20.4,-4129.0,-4.69,4.83,0.29,0.0,0.8967719888578144,1.9061479480879757,0.09616806472551254,0.35,0,5,0.0
6.091876512000454,403,89.7,96.8,5.4,-14.7,2.71,0.91,-0.98,0.03,0.85,-0.17,5.1,-194.9,-1649.0,-4.64,4.9,-0.17,0.0,0.8673522929006414,3.022019192526745,0.12307600546903186,0.35,0,5,0.0
6.100008502000492,404,89.71,97.0,5.3,-14.8,1.03,0.91,-0.64,0.01,1.14,-0.22,3.5,-153.1,-256.0,-4.6,3.55,-0.22,0.0,1.161077086157504,1.5161134522191932,0.16723581203207405,0.35,0,5,0.0
6.11186057300074,405,89.72,97.0,5.3,-14.9,-0.45,1.29,0.18,0.0,0.99,-0.22,2.3,-102.3,243.0,-4.57,2.15,-0.12,0.0,1.0141498903022177,1.3780420893427021,0.019902443853252016,0.35,0,5,0.0
6.12026283600062,406,89.73,97.0,5.4,-15.0,0.29,1.04,0.26,-0.01,0.9,-0.15,1.6,-52.1,412.0,-4.56,0.8,-0.12,0.0,0.9124691775616314,1.1105404089901458,0.08014270350958763,0.35,0,5,0.0
6.131937995000044,407,89.74,97.0,5.4,-15.1,0.9,0.62,0.26,0.0,0.93,-0.21,1.4,-3.4,444.0,-4.56,-0.42,-0.17,0.0,0.9534149149242422,1.1233877335986895,0.038413026824037244,0.35,0,5,0.0
6.140109843001483,408,89.75,97.1,5.5,-15.2,0.71,0.66,0.39,0.0,0.99,-0.21,1.7,32.5,357.0,-4.57,-1.25,0.0,0.0,1.01202766760598,1.044892338951722,0.019795731340546574,0.35,0,5,0.0
6.1519272860005,409,89.76,97.2,5.5,-15.2,0.09,0.56,0.51,0.0,0.97,-0.19,2.2,59.8,288.0,-4.59,-1.92,-0.05,0.0,0.9884331034521254,0.7627581530209953,0.0037228561570419316,0.35,0,5,0.0
6.160235751000073,410,89.77,97.1,5.6,-15.3,-0.22,0.46,0.54,-0.01,0.93,-0.2,2.9,84.4,260.0,-4.61,-2.59,-0.25,0.0,0.9513148795220224,0.7426977851050858,0.04002425848540203,0.35,0,5,0.0
6.1719410600017,411,89.78,97.1,5.6,-15.3,-0.27,0.22,0.56,-0.04,0.91,-0.19,4.0,108.9,252.0,-4.64,-3.26,0.14,0.0,0.9304837451562494,0.659469483751902,0.05963828499415158,0.35,0,5,0.0
6.18023831300161,412,89.79,97.1,5.7,-15.3,-0.32,0.0,0.69,-0.1,0.9,-0.21,5.0,94.1,-371.0,-4.66,-1.12,0.98,0.0,0.9295697929687691,0.7605918747922568,0.05934119243799929,0.35,0,5,0.0
6.192290288001459,413,89.8,97.0,5.8,-15.3,-0.41,-0.2,0.89,-0.17,0.9,-0.2,5.1,-24.6,-727.0,-4.65,1.29,-0.2,0.0,0.9374966666607408,1.0000999950004998,0.05038603237110695,0.35,0,5,0.0
6.2001290320004045,414,89.81,97.0,5.9,-15.2,-0.28,-0.56,1.11,-0.22,0.88,-0.18,4.7,-42.6,-206.0,-4.64,0.99,-0.05,0.0,0.9247702417357513,1.2744018204632321,0.06185020815017461,0.35,0,5,0.0
6.211969173000398,415,89.82,97.0,6.0,-15.1,-0.6,-1.12,1.55,-0.23,0.92,-0.17,4.3,-33.2,-39.0,-4.63,0.89,0.06,0.0,0.963431367560762,2.0042205467462906,0.02272530067866063,0.35,0,5,0.0
6.220252607001385,416,89.83,96.9,6.1,-14.9,-0.42,-1.99,1.92,-0.22,0.86,-0.18,4.0,-39.4,-100.0,-4.62,1.28,0.04,0.0,0.9057593499379402,2.796944761699809,0.07878937193545277,0.35,0,5,0.0
6.231887034000465,417,89.84,97.0,6.3,-14.7,0.22,-2.65,1.92,-0.15,0.86,-0.22,3.4,-62.1,-222.0,-4.6,2.09,0.09,0.0,0.9002777349240622,3.2798323127867377,0.08258556721034416,0.35,0,5,0.0
6.240107461000662,418,89.85,97.0,6.5,-14.4,0.6,-2.84,1.74,-0.04,0.9,-0.28,2.6,-100.0,-370.0,-4.58,3.34,0.09,0.0,0.9433981132056605,3.3842576734049077,0.03867588515017095,0.35,0,5,0.0
6.252009245001318,419,89.86,97.1,6.6,-14.1,0.7,-2.59,1.41,0.06,0.96,-0.3,1.2,-164.2,-621.0,-4.53,5.46,0.26,0.0,1.0075713374247999,3.0308744612735117,0.02498739228758906,0.35,0,5,0.0
6.260272177001752,420,89.87,97.2,6.7,-13.8,0.13,-2.16,1.05,0.21,1.02,-0.32,-0.9,-243.2,-696.0,-4.46,7.46,0.04,0.0,1.0894494022211403,2.405202694161139,0.10472814794225083,0.35,0,5,0.0
6.271833978000359,421,89.88,97.2,6.7,-13.6,-0.8,-1.6,0.84,0.31,1.03,-0.35,-3.9,-309.8,-640.0,-4.36,9.11,0.0,0.0,1.131149857445953,1.9762590923257002,0.14350003110372234,0.35,0,5,0.0
6.280337499001689,422,89.89,97.1,6.8,-13.5,-1.5,-0.95,0.77,0.38,0.95,-0.37,-7.5,-348.5,-390.0,-4.27,9.72,0.01,0.0,1.0880257349897566,1.935303593754737,0.09836839047457535,0.35,0,5,0.0
6.292022139001347,423,89.9,97.0,6.9,-13.4,-1.19,0.0,0.71,0.32,0.88,-0.41,-11.1,-362.4,-190.0,-4.17,9.92,0.0,0.0,1.0222035022440492,1.385712812959453,0.031895234574290554,0.35,0,5,0.0
6.300145603001511,424,89.91,96.9,6.9,-13.5,-0.26,0.65,0.68,0.23,0.82,-0.37,-14.7,-364.0,-44.0,-4.08,9.81,0.25,0.0,0.9285472524325296,0.9759610647971568,0.060525794932484556,0.35,0,5,0.0
6.312217310000051,425,89.92,96.9,7.0,-13.5,1.52,1.12,0.47,0.19,0.8,-0.39,-18.2,-348.6,124.0,-3.98,9.17,-0.11,0.0,0.9100549433962766,1.9456875391490793,0.07743774188936281,0.35,0,5,0.0
6.320211890000792,426,89.93,97.2,7.1,-13.7,2.88,1.57,0.19,0.13,0.89,-0.41,-21.5,-327.5,167.0,-3.9,8.7,-0.16,0.0,0.9884836872705589,3.285635402779803,0.0009711819452211667,0.35,0,5,0.0
6.331963970000288,427,89.94,97.5,7.1,-13.9,3.46,1.81,-0.19,0.07,0.97,-0.37,-24.7,-307.9,206.0,-3.81,8.05,-0.22,0.0,1.0405287117614774,3.9094500892069206,0.05195588230741688,0.35,0,5,0.0
6.340225904001272,428,89.95,97.8,7.1,-14.0,3.62,1.76,-0.79,0.03,1.04,-0.3,-27.6,-283.3,231.0,-3.74,7.4,-0.02,0.0,1.0828203913853858,4.101962944737555,0.09236261069269869,0.35,0,5,0.0
6.351903421000316,429,89.96,98.1,7.0,-14.2,3.56,1.45,-1.69,0.02,1.12,-0.28,-30.3,-257.2,249.0,-3.66,6.67,-0.03,0.0,1.1546428019088848,4.199071325900525,0.1609013207918738,0.35,0,5,0.0
6.360106582000299,430,89.97,98.5,6.8,-14.4,3.07,1.27,-2.7,0.04,1.22,-0.28,-32.7,-232.4,247.0,-3.6,6.04,-0.04,0.0,1.2523577763562614,4.281097990002098,0.25344396933446545,0.35,0,5,0.0
6.371952370000145,431,89.98,98.7,6.4,-14.6,1.99,1.0,-3.64,0.07,1.29,-0.21,-34.8,-202.9,302.0,-3.55,5.05,-0.18,0.0,1.3088544609695916,4.26728250763879,0.3037418408688397,0.35,0,5,0.0
6.380258467001113,432,89.99,98.8,6.0,-14.7,0.99,0.64,-4.19,0.1,1.33,-0.16,-36.6,-168.5,322.0,-3.51,4.22,-0.4,0.0,1.3433167906342867,4.352677336996162,0.3314400871228642,0.35,0,5,0.0
6.391785121000794,433,90.0,98.9,5.6,-14.8,0.77,0.46,-4.57,0.13,1.4,-0.17,-37.5,-146.6,447.0,-3.47,3.24,-0.08,0.0,1.4162626874983326,4.657187992769886,0.39629826430717197,0.35,0,6,0.0
6.400268657000197,434,90.01,98.9,5.1,-14.9,0.88,0.68,-4.67,0.14,1.5,-0.13,-39.1,-98.5,418.0,-3.44,2.2,-0.05,0.0,1.5121177202850313,4.800593713281723,0.48231023115199334,0.35,0,6,0.0
6.411997308001446,435,90.02,98.9,4.7,-15.1,0.42,0.71,-4.21,0.07,1.6,-0.01,-39.8,-62.1,378.0,-3.43,1.25,-0.18,0.0,1.601561737804697,4.290058274662478,0.5603191636982257,0.35,0,6,0.0
6.420182254001702,436,90.03,98.9,4.4,-15.2,-0.42,0.34,-3.1,-0.06,1.57,0.08,-40.2,-29.0,328.0,-3.42,0.44,-0.19,0.0,1.5731814898478815,3.146744349323599,0.521300137426582,0.35,0,6,0.0
6.431970248000653,437,90.04,98.8,4.1,-15.2,-0.96,-0.35,-1.62,-0.19,1.45,0.14,-40.3,-1.5,273.0,-3.42,-0.19,-0.09,0.0,1.4690813456034353,1.9153328692423155,0.408855993318493,0.35,0,6,0.0
6.440121100000397,438,90.05,98.8,4.0,-15.2,-0.57,-1.24,-0.34,-0.32,1.25,0.2,-40.2,6.9,83.0,-3.42,-0.1,0.02,0.0,1.3057181931795236,1.4064494303031303,0.24058298407668977,0.35,0,6,0.0
6.4520167150003545,439,90.06,98.8,4.0,-15.0,0.24,-2.44,0.32,-0.35,1.09,0.17,-40.2,-1.3,-23.0,-3.42,0.11,-0.01,0.0,1.1573677030226825,2.4725695136840944,0.09038784404145161,0.35,0,6,0.0
6.460149291000562,440,90.07,98.8,4.0,-14.7,0.48,-3.52,0.56,-0.28,1.02,0.2,-40.3,-6.7,-30.0,-3.42,0.2,0.14,0.0,1.0764757312638311,3.5964426868782433,0.009305954836948072,0.35,0,6,0.0
6.472051576000013,441,90.08,98.9,4.0,-14.3,-0.02,-4.57,0.67,-0.11,1.06,0.2,-40.3,-7.3,-5.0,-3.42,0.18,0.13,0.0,1.0842970072816767,4.618895971982916,0.016784686237697688,0.35,0,6,0.0
6.480207798000265,442,90.09,98.8,4.0,-13.8,-1.48,-5.23,0.69,0.0,1.04,0.16,-40.4,-7.5,-19.0,-3.42,0.26,0.0,0.0,1.0522357150372725,5.478996258440044,0.014971073886572261,0.35,0,6,0.0
6.491952067000966,443,90.1,98.7,4.0,-13.2,-2.56,-5.47,0.41,0.07,0.97,0.12,-40.5,-16.8,-91.0,-3.41,0.63,0.07,0.0,0.9798979538707079,6.053313142403918,0.08556265835207422,0.35,0,6,0.0
6.500273547000688,444,90.11,98.4,3.9,-12.7,-2.93,-5.48,-0.12,0.16,0.9,0.07,-40.8,-31.5,-131.0,-3.4,1.06,-0.06,0.0,0.9167878707749137,6.215279559279695,0.14569928661891107,0.35,0,6,0.0
6.511967478001679,445,90.12,98.1,3.8,-12.1,-3.44,-5.18,-0.54,0.19,0.86,0.01,-41.2,-49.4,-178.0,-3.39,1.62,0.07,0.0,0.8807950953541919,6.241602358369203,0.17805822079884037,0.35,0,6,0.0
6.52018727200084,446,90.13,97.8,3.7,-11.7,-4.02,-4.57,-0.71,0.18,0.83,-0.05,-41.9,-72.7,-223.0,-3.37,2.28,-0.16,0.0,0.850764362206128,6.127756522578227,0.20392717486796608,0.35,0,6,0.0
6.532126662001247,447,90.14,97.4,3.5,-11.3,-3.72,-3.91,-0.66,0.16,0.81,-0.03,-42.8,-100.9,-272.0,-3.34,3.11,0.1,0.0,0.826196102629394,5.437104008569269,0.22392552575580615,0.35,0,6,0.0
6.540319775000171,448,90.15,97.1,3.4,-10.9,-2.64,-3.54,-0.5,0.16,0.78,-0.02,-44.0,-129.1,-276.0,-3.3,3.85,0.25,0.0,0.7964923100695951,4.444232217155175,0.24855673194929295,0.35,0,6,0.0
6.551828646001013,449,90.16,96.9,3.3,-10.6,-1.62,-3.3,-0.13,0.17,0.82,-0.05,-45.5,-156.5,-270.0,-3.26,4.57,-0.06,0.0,0.8389278872465737,3.6784915386609223,0.2019987316768681,0.35,0,6,0.0
6.560217130001547,450,90.17,96.8,3.3,-10.3,-0.93,-2.84,0.23,0.17,0.85,-0.09,-47.2,-182.0,-254.0,-3.21,5.24,0.09,0.0,0.8714929718592113,2.997232056414718,0.16604497412294594,0.35,0,6,0.0
6.571788821000155,451,90.18,96.8,3.3,-10.0,-0.55,-2.47,0.47,0.17,0.87,-0.1,-49.2,-206.4,-245.0,-3.15,5.89,0.29,0.0,0.8920762299265685,2.5737715516339055,0.142552481734477,0.35,0,6,0.0
6.5801627570017445,452,90.19,96.8,3.4,-9.8,-0.28,-2.16,0.63,0.17,0.91,-0.09,-51.4,-228.3,-216.0,-3.09,6.43,0.17,0.0,0.9301075206662938,2.2673552875542025,0.10243076717485666,0.35,0,6,0.0
6.592056307001258,453,90.2,96.7,3.4,-9.6,-0.19,-1.98,0.84,0.17,0.97,-0.09,-53.8,-243.8,-157.0,-3.02,6.76,0.07,0.0,0.9888882646689665,2.1591896628133433,0.04277702270874029,0.35,0,6,0.0
6.600245701001768,454,90.21,96.7,3.5,-9.4,-0.44,-1.81,1.02,0.15,0.97,-0.1,-56.3,-252.5,-109.0,-2.95,6.98,0.07,0.0,0.986610358753647,2.1236996021094883,0.04415383005157869,0.35,0,6,0.0
6.611998610000228,455,90.22,96.7,3.7,-9.2,-0.79,-1.62,1.09,0.13,0.95,-0.11,-58.9,-262.5,-99.0,-2.88,7.23,0.02,0.0,0.9651424765287248,2.1063238117630445,0.06430927803097097,0.35,0,6,0.0
6.6203822460011,456,90.23,96.6,3.8,-9.0,-0.8,-1.49,1.01,0.12,0.92,-0.09,-61.6,-268.2,-46.0,-2.81,7.27,0.1,0.0,0.932148056909416,1.9698223270132766,0.09535762369727419,0.35,0,6,0.0
6.631981297001403,457,90.24,96.5,3.9,-8.8,-0.68,-1.43,0.98,0.11,0.89,-0.11,-64.3,-265.1,13.0,-2.74,7.14,-0.02,0.0,0.9034932207825358,1.8621761463406195,0.12153221062767139,0.35,0,6,0.0
6.640136360001634,458,90.25,96.5,4.0,-8.7,-0.4,-1.46,0.96,0.11,0.88,-0.11,-66.9,-260.8,26.0,-2.67,7.05,0.11,0.0,0.8936442245099556,1.7925400971805343,0.12875358276224658,0.35,0,6,0.0
6.651854243000344,459,90.26,96.5,4.1,-8.5,-0.1,-1.45,0.92,0.12,0.87,-0.15,-69.5,-257.4,37.0,-2.6,6.93,0.03,0.0,0.8909545442950498,1.7201453426963664,0.12881439771760939,0.35,0,6,0.0
6.660266921000584,460,90.27,96.5,4.2,-8.4,0.08,-1.35,0.94,0.11,0.9,-0.17,-72.0,-248.1,93.0,-2.53,6.57,-0.15,0.0,0.922496612459905,1.6469669092000605,0.09532688296169911,0.35,0,6,0.0
6.671729984000194,461,90.28,96.6,4.4,-8.2,0.12,-1.26,1.0,0.11,0.9,-0.19,-74.4,-233.9,129.0,-2.47,6.17,-0.27,0.0,0.926390846241477,1.613071604114337,0.0896039961965246,0.35,0,6,0.0
6.680077032000554,462,90.29,96.7,4.5,-8.1,0.18,-1.16,1.07,0.1,0.91,-0.2,-76.6,-218.8,138.0,-2.41,5.78,-0.28,0.0,0.9370699013414101,1.5883639381451595,0.0773464422746597,0.35,0,6,0.0
6.6919953520009585,463,90.3,96.8,4.6,-8.0,0.11,-1.08,1.12,0.1,0.91,-0.22,-78.7,-203.4,155.0,-2.35,5.33,-0.12,0.0,0.941541289588513,1.5597756248896826,0.07141755294700569,0.35,0,6,0.0
6.700381747001302,464,90.31,96.8,4.7,-7.9,0.0,-1.01,1.16,0.1,0.91,-0.24,-80.6,-186.0,170.0,-2.3,4.83,-0.13,0.0,0.9464142856064675,1.538083222715858,0.06521366579047028,0.35,0,6,0.0
6.71185644200159,465,90.32,96.8,4.8,-7.7,-0.08,-0.94,1.17,0.1,0.9,-0.26,-82.4,-169.0,165.0,-2.26,4.39,-0.18,0.0,0.9421252570651102,1.502963738750872,0.06811264044519105,0.35,0,6,0.0
6.720169371001248,466,90.33,96.8,4.9,-7.6,-0.04,-0.92,1.1,0.1,0.89,-0.27,-83.9,-152.8,164.0,-2.22,3.95,-0.23,0.0,0.9354143466934853,1.434573107234344,0.07332707980047959,0.35,0,6,0.0
6.7318974930003606,467,90.34,96.8,5.0,-7.5,-0.11,-0.96,0.97,0.11,0.88,-0.28,-85.4,-137.5,154.0,-2.18,3.55,-0.24,0.0,0.93,1.3691603266235843,0.07716659796408554,0.35,0,6,0.0
6.740150223000455,468,90.35,96.8,5.1,-7.4,-0.52,-0.98,0.75,0.13,0.85,-0.29,-86.6,-121.2,162.0,-2.15,3.09,0.0,0.0,0.9074690077352504,1.3391415160467544,0.09770363842425855,0.35,0,6,0.0
6.7519517930013535,469,90.36,96.7,5.1,-7.3,-1.21,-0.9,0.42,0.15,0.8,-0.32,-87.7,-107.4,141.0,-2.12,2.75,-0.08,0.0,0.8745856161634492,1.5654072952429985,0.12797528939613867,0.35,0,6,0.0
6.760312734000763,470,90.37,96.5,5.1,-7.2,-1.84,-0.64,0.0,0.18,0.73,-0.35,-88.7,-93.3,142.0,-2.09,2.36,-0.16,0.0,0.8293370846646132,1.9481273059017474,0.1697593444770752,0.35,0,6,0.0
6.771707936000894,471,90.38,96.4,5.1,-7.2,-2.08,-0.26,-0.45,0.21,0.71,-0.34,-89.6,-79.9,129.0,-2.07,2.02,-0.13,0.0,0.8147392220827472,2.1439449619801345,0.18067006291776233,0.35,0,6,0.0
6.780327269001646,472,90.39,96.2,5.0,-7.2,-1.84,0.24,-0.75,0.26,0.7,-0.35,-90.3,-69.0,113.0,-2.05,1.74,-0.08,0.0,0.8246817568007673,2.0014244927051332,0.16731297763574737,0.35,0,6,0.0
6.791905259000487,473,90.4,96.0,4.9,-7.3,-1.13,0.96,-0.89,0.28,0.71,-0.34,-90.9,-58.7,95.0,-2.04,1.51,0.0,0.0,0.8355237878121724,1.7293351323557848,0.15334152769185538,0.35,0,6,0.0
6.800128416000007,474,90.41,95.9,4.9,-7.4,-0.19,1.55,-0.88,0.23,0.7,-0.29,-91.4,-52.1,65.0,-2.02,1.36,0.0,0.0,0.7918333157931661,1.7924843095547587,0.19309135971664448,0.35,0,6,0.0
6.811803778000467,475,90.42,95.9,4.8,-7.6,0.98,1.84,-0.96,0.18,0.66,-0.27,-91.9,-49.2,33.0,-2.01,1.32,0.19,0.0,0.7354590403278758,2.295125268912353,0.2444763224782961,0.35,0,6,0.0
6.820156927000426,476,90.43,96.1,4.7,-7.8,2.03,2.04,-1.15,0.14,0.66,-0.28,-92.4,-51.4,-15.0,-2.0,1.45,-0.01,0.0,0.7304792947099871,3.099193443462347,0.24446694673426117,0.35,0,6,0.0
6.831930469001236,477,90.44,96.3,4.6,-8.0,2.6,2.2,-1.3,0.11,0.72,-0.28,-93.0,-55.5,-26.0,-1.98,1.54,0.05,0.0,0.7803204469959761,3.645545226711637,0.19073327855930666,0.35,0,6,0.0
6.840034866001588,478,90.45,96.6,4.5,-8.3,2.79,2.22,-1.21,0.1,0.83,-0.22,-93.6,-60.5,-55.0,-1.97,1.74,-0.11,0.0,0.8644651525654461,3.765182598493731,0.10445680153004,0.35,0,6,0.0
6.85193386300125,479,90.46,96.9,4.4,-8.5,2.91,1.92,-0.83,0.09,0.94,-0.11,-94.2,-69.7,-81.0,-1.95,2.01,0.01,0.0,0.9506839643120104,3.5837689657677436,0.01787322998780616,0.35,0,6,0.0
6.860148479001509,480,90.47,97.1,4.4,-8.7,3.08,1.15,-0.33,0.05,1.0,-0.03,-95.0,-80.1,-104.0,-1.92,2.34,0.11,0.0,1.0016985574512922,3.304209436461315,0.03247853588844618,0.35,0,6,0.0
6.871922135000204,481,90.48,97.4,4.4,-8.7,3.04,0.17,0.0,0.0,1.05,-0.08,-95.9,-89.9,-84.0,-1.9,2.51,0.23,0.0,1.0530432089900206,3.044749579193665,0.08214672367863107,0.35,0,6,0.0
6.880130593001013,482,90.49,97.7,4.3,-8.7,2.7,-0.33,0.26,-0.04,1.14,-0.24,-96.8,-94.9,-59.0,-1.87,2.63,0.01,0.0,1.1656757696718243,2.732489707208428,0.19088369867322608,0.35,0,6,0.0
6.892131970000264,483,90.5,97.9,4.4,-8.7,2.05,-0.34,0.38,-0.08,1.13,-0.34,-97.8,-97.9,-36.0,-1.85,2.69,-0.05,0.0,1.1827510304370905,2.1124630174277605,0.20379978024972245,0.35,0,6,0.0
6.899938077000115,484,90.51,98.1,4.4,-8.6,1.88,-0.28,0.29,-0.06,1.15,-0.36,-98.8,-96.3,18.0,-1.82,2.54,0.06,0.0,1.2065239326262864,1.922732430682959,0.22302122879013997,0.35,0,6,0.0
6.912338926000302,485,90.52,98.3,4.4,-8.6,1.83,-0.26,0.44,-0.01,1.29,-0.31,-99.7,-90.2,49.0,-1.8,2.36,-0.08,0.0,1.3267629780786017,1.9000263156072341,0.33639506875760605,0.35,0,6,0.0
6.92023729200082,486,90.53,98.5,4.5,-8.5,1.54,-0.47,1.04,0.0,1.37,-0.22,-100.5,-83.8,61.0,-1.77,2.18,-0.09,0.0,1.3875518008348373,1.9167941986556616,0.3892402136835649,0.35,0,7,0.0
6.931862686000386,487,90.54,98.6,4.6,-8.4,1.5,-0.94,1.68,0.02,1.39,-0.24,-101.3,-74.6,87.0,-1.75,1.89,-0.15,0.0,1.4107090415815728,2.440491753725056,0.40414950534169436,0.35,0,7,0.0
6.940245072000835,488,90.55,98.8,4.7,-8.3,1.52,-1.03,2.06,0.04,1.35,-0.28,-102.0,-65.0,94.0,-1.74,1.63,-0.02,0.0,1.3793114224133722,2.7595108262154,0.36529684845002386,0.35,0,7,0.0
6.9522064510001655,489,90.56,99.0,4.9,-8.2,2.14,-0.8,2.13,0.12,1.45,-0.25,-102.6,-53.1,115.0,-1.72,1.28,-0.17,0.0,1.476279106402309,3.123539658784565,0.4530192417901815,0.35,0,7,0.0
6.960091621000174,490,90.57,99.3,5.1,-8.1,2.82,-0.45,2.73,0.14,1.7,-0.08,-103.0,-37.1,152.0,-1.71,0.8,-0.05,0.0,1.7076299364909249,3.9506708291124433,0.6706826704412214,0.35,0,7,0.0
6.972167882000576,491,90.58,99.6,5.4,-8.0,2.59,-0.7,3.54,0.06,1.77,0.02,-103.2,-17.9,197.0,-1.71,0.19,-0.17,0.0,1.7711295830627414,4.4418126930342305,0.7194986706727771,0.35,0,7,0.0
6.979983698000069,492,90.59,99.8,5.8,-7.8,0.95,-1.26,3.74,0.07,1.59,-0.02,-103.3,5.6,200.0,-1.71,-0.35,0.08,0.0,1.5916657940660786,4.059273333984791,0.529234184042592,0.35,0,7,0.0
6.992099750001216,493,90.6,99.7,6.1,-7.6,-1.15,-0.99,2.93,0.22,1.27,-0.16,-103.1,18.5,132.0,-1.72,-0.6,0.08,0.0,1.2988071450373224,3.2996211903792836,0.23164802431355924,0.35,0,7,0.0
7.000116842000352,494,90.61,99.6,6.3,-7.6,-1.77,-0.18,1.69,0.33,1.03,-0.12,-102.8,30.2,143.0,-1.73,-1.02,-0.13,0.0,1.0882095386459356,2.453854111392933,0.02062940956372894,0.35,0,7,0.0
7.01238846400156,495,90.62,99.4,6.4,-7.6,-0.98,0.72,0.66,0.44,0.95,-0.14,-102.4,47.6,167.0,-1.74,-1.52,0.04,0.0,1.0562670116973265,1.383618444514238,0.011086855037182541,0.35,0,7,0.0
7.020249058001355,496,90.63,99.4,6.5,-7.7,-0.03,2.05,0.22,0.48,0.97,-0.15,-101.8,67.8,193.0,-1.76,-2.09,-0.06,0.0,1.0926115503691145,2.061989330719245,0.02475252996191335,0.35,0,7,0.0
7.032188506000239,497,90.64,99.4,6.5,-8.0,0.52,3.42,0.13,0.47,0.96,-0.1,-101.0,91.2,233.0,-1.78,-2.79,-0.09,0.0,1.0735455276791945,3.461748113309228,0.005572777126553463,0.35,0,7,0.0
7.044207512000867,498,90.65,99.4,6.6,-8.4,0.95,4.44,0.1,0.42,0.96,-0.02,-99.9,117.7,245.0,-1.82,-3.5,-0.21,0.0,1.0480458005259121,4.541596635545698,0.019528411026194403,0.35,0,7,0.0
7.052253947000281,499,90.66,99.4,6.7,-8.9,0.62,5.17,0.29,0.36,0.98,0.0,-98.5,142.6,259.0,-1.86,-4.25,-0.15,0.0,1.0440306508910548,5.215112654583791,0.023072689447830586,0.35,0,7,0.0
7.060260992000622,500,90.67,99.4,6.9,-9.4,-0.12,5.67,0.5,0.27,0.95,0.0,-96.9,168.3,239.0,-1.9,-4.83,-0.19,0.0,0.987623410010111,5.693267954347485,0.07789033172219895,0.35,0,7,0.0
7.071831611001471,501,90.68,99.3,7.0,-10.0,-0.74,5.87,0.69,0.19,0.92,0.05,-95.1,191.4,231.0,-1.96,-5.47,-0.11,0.0,0.9407443861113389,5.956559409592085,0.12227396850855166,0.35,0,7,0.0
7.080262222001693,502,90.69,99.1,7.2,-10.5,-0.99,5.73,0.8,0.12,0.88,0.1,-92.8,215.3,240.0,-2.02,-6.14,-0.06,0.0,0.8937561188601731,5.86966779298454,0.16587699104452314,0.35,0,7,0.0
7.09196492800038,503,90.7,98.9,7.3,-11.1,-1.02,5.31,0.7,0.05,0.83,0.12,-90.5,241.2,264.0,-2.09,-6.91,0.09,0.0,0.8401190391843288,5.452201390264302,0.21512378930596,0.35,0,7,0.0
7.100084902000162,504,90.71,98.8,7.5,-11.6,-0.93,4.76,0.38,0.0,0.78,0.11,-87.9,268.2,254.0,-2.16,-7.57,-0.31,0.0,0.7877182237323191,4.864863821321209,0.2621741126628102,0.35,0,7,0.0
7.12792650800111,506,90.73,98.6,7.6,-12.4,0.2,3.55,-0.58,-0.07,0.81,0.08,-82.0,310.2,219.0,-2.33,-8.71,0.0,0.0,0.8169455306200041,3.6026240436659496,0.22828786965962278,0.35,0,7,0.0
7.136286496001048,507,90.74,98.6,7.5,-12.7,0.54,2.99,-1.04,-0.09,0.82,0.05,-78.8,332.7,221.0,-2.42,-9.31,-0.09,0.0,0.8264381404557753,3.211432702081736,0.21441935462737438,0.35,0,7,0.0
7.1443157920002704,508,90.75,98.6,7.5,-13.0,0.76,2.53,-1.38,-0.07,0.85,0.01,-75.3,354.8,232.0,-2.51,-9.97,-0.16,0.0,0.852936105461599,2.9804194335697116,0.18416296182911973,0.35,0,7,0.0
7.152250778000962,509,90.76,98.7,7.3,-13.3,0.9,2.29,-1.51,-0.04,0.87,-0.01,-71.5,383.5,276.0,-2.62,-10.78,-0.1,0.0,0.870976463516667,2.886901453115433,0.16280015169857065,0.35,0,7,0.0
7.160047994000706,510,90.77,98.7,7.2,-13.5,0.76,2.17,-1.41,-0.02,0.87,-0.04,-67.5,407.3,224.0,-2.73,-11.29,0.15,0.0,0.8711486669908874,2.6971466404331816,0.15937538925986328,0.35,0,7,0.0
7.1719668340010685,511,90.78,98.8,7.1,-13.8,0.8,2.11,-1.25,-0.01,0.89,-0.05,-63.3,430.6,263.0,-2.85,-12.09,-0.08,0.0,0.8914594774862176,2.5796511392046795,0.13628328718924243,0.35,0,7,0.0
7.180113400001574,512,90.79,98.8,7.1,-14.0,0.62,2.06,-0.94,0.0,0.91,-0.05,-58.8,457.4,224.0,-2.98,-12.62,0.1,0.0,0.9113725912051558,2.3476797055816623,0.11404277000089813,0.35,0,7,0.0
7.1920215680002,513,90.8,98.8,7.0,-14.2,0.52,1.94,-0.62,0.01,0.91,-0.06,-54.1,479.1,278.0,-3.11,-13.49,-0.13,0.0,0.9120307012376283,2.101999048524999,0.11111696676905702,0.35,0,7,0.0
7.2002121940004145,514,90.81,98.9,7.0,-14.4,0.47,1.81,-0.39,0.0,0.91,-0.06,-49.1,510.1,246.0,-3.25,-14.06,0.08,0.0,0.9119758768739445,1.9102617621676878,0.10894835531008606,0.35,0,7,0.0
7.211950919001538,515,90.82,98.9,7.0,-14.6,0.35,1.58,-0.29,0.0,0.92,-0.07,-43.8,527.6,212.0,-3.39,-14.61,-0.14,0.0,0.9226592003551474,1.644080290010193,0.09629973119230562,0.35,0,7,0.0
7.220207910000681,516,90.83,98.9,7.0,-14.7,0.17,1.41,-0.23,0.0,0.93,-0.09,-38.4,548.5,222.0,-3.54,-15.24,-0.07,0.0,0.9343446901438462,1.4387147041717478,0.0829219565755347,0.35,0,7,0.0
7.231897754001693,517,90.84,98.9,7.0,-14.8,-0.04,1.22,-0.24,-0.01,0.91,-0.1,-32.8,574.7,218.0,-3.7,-15.81,-0.23,0.0,0.9155326318597279,1.244025723206719,0.09969933456245994,0.35,0,7,0.0
7.240153614000519,518,90.85,98.9,7.0,-15.0,-0.17,1.01,-0.29,-0.01,0.9,-0.11,-26.9,590.0,212.0,-3.86,-16.38,-0.12,0.0,0.9067524469225324,1.0644716999526103,0.1063099291096622,0.35,0,7,0.0
7.251967641001102,519,90.86,98.8,7.0,-15.1,-0.25,0.79,-0.34,-0.01,0.9,-0.11,-20.8,611.4,163.0,-4.03,-16.73,-0.2,0.0,0.9067524469225324,0.8956561840349232,0.10418373052746899,0.35,0,7,0.0
7.260114512000655,520,90.87,98.8,6.9,-15.1,-0.29,0.52,-0.35,0.0,0.88,-0.12,-14.6,637.0,270.0,-4.2,-17.68,0.0,0.0,0.8881441324469806,0.6906518659932803,0.12033620410296042,0.35,0,7,0.0
7.27204187100142,521,90.88,98.8,6.8,-15.2,0.01,0.37,-0.43,0.0,0.86,-0.15,-8.0,655.7,175.0,-4.38,-17.98,-0.08,0.0,0.8729833904490967,0.5673623181001713,0.13278700717882752,0.35,0,7,0.0
7.280067276000409,522,90.89,98.8,6.8,-15.2,0.45,0.24,-0.51,0.01,0.87,-0.18,-1.4,666.5,132.0,-4.56,-18.26,0.12,0.0,0.8884818512496471,0.7212489168102785,0.11494277545071152,0.35,0,7,0.0
7.2919149750014185,523,90.9,98.9,6.7,-15.2,0.84,0.19,-0.55,0.0,0.9,-0.21,4.9,603.7,-1238.0,-4.72,-12.21,2.13,0.0,0.9241753080449618,1.0218610473053564,0.07766433228228886,0.35,0,7,0.0
7.299919520000913,524,90.91,99.0,6.7,-15.3,1.0,0.13,-0.52,0.0,0.94,-0.24,7.7,85.3,-4180.0,-4.72,3.7,0.81,0.0,0.9701546268507922,1.1345924378383632,0.031051313206929332,0.35,0,7,0.0
7.312188361000153,525,90.92,99.1,6.6,-15.3,1.51,0.03,-0.82,0.01,0.88,-0.24,6.2,-174.4,-1870.0,-4.67,4.54,-0.38,0.0,0.9121951545584969,1.718545896972205,0.08723056978924015,0.35,0,7,0.0
7.320058418001281,526,90.93,99.2,6.5,-15.3,0.49,0.02,-0.68,0.01,1.09,-0.28,4.7,-140.8,-353.0,-4.63,3.25,-0.2,0.0,1.125433249908674,0.8383913167489273,0.1234873750497183,0.35,0,7,0.0
7.332390739000402,527,90.94,99.1,6.5,-15.3,-1.24,0.41,0.1,-0.01,1.01,-0.32,3.7,-96.3,176.0,-4.61,1.83,-0.3,0.0,1.0595281968876524,1.3098473193468008,0.05643067558812276,0.35,0,7,0.0
7.340172263000568,528,90.95,99.0,6.6,-15.4,-1.07,0.45,0.39,-0.05,0.92,-0.26,3.0,-39.5,405.0,-4.6,0.45,-0.06,0.0,0.9573400649716902,1.224540730233176,0.04484230720128257,0.35,0,7,0.0
7.35226182200131,529,90.96,98.9,6.6,-15.4,-0.55,0.01,0.58,-0.06,0.91,-0.27,3.0,8.9,415.0,-4.6,-0.67,-0.12,0.0,0.9511046209539727,0.7993747556684537,0.050056196194620095,0.35,0,7,0.0
7.360187325000879,530,90.97,98.9,6.7,-15.4,-0.14,-0.12,0.78,-0.07,0.94,-0.27,3.3,37.4,301.0,-4.61,-1.3,0.01,0.0,0.9805100713404222,0.8014985963805552,0.0202377308920072,0.35,0,7,0.0
7.372166479000953,531,90.98,98.9,6.8,-15.3,-0.66,-0.25,1.13,-0.09,0.97,-0.2,3.8,62.2,267.0,-4.63,-1.99,-0.21,0.0,0.9944847912361455,1.3322912594474228,0.006137750776358142,0.35,0,7,0.0
7.380111015001603,532,90.99,98.8,6.9,-15.3,-1.44,-0.56,1.49,-0.1,0.95,-0.19,4.6,77.8,67.0,-4.65,-1.79,0.28,0.0,0.9739609848448756,2.1464622055838767,0.026128326024275506,0.35,0,7,0.0
7.3925817890012695,533,91.0,98.6,7.0,-15.2,-1.48,-1.02,1.62,-0.1,0.88,-0.17,4.9,33.7,-617.0,-4.65,0.68,0.0,0.0,0.9018314698434514,2.419752053413738,0.09629268420518566,0.35,0,7,0.0
7.400139038001726,534,91.01,98.5,7.2,-15.0,-0.85,-1.45,1.52,-0.12,0.86,-0.17,4.7,-34.1,-356.0,-4.64,1.04,0.02,0.0,0.8848163651289458,2.266142096162551,0.11104163314129745,0.35,0,7,0.0
7.412203316000159,535,91.02,98.5,7.3,-14.8,-0.72,-1.98,1.43,-0.06,0.9,-0.16,4.3,-46.6,-222.0,-4.63,1.47,0.09,0.0,0.916078599247903,2.5463110571962724,0.07818381104189343,0.35,0,7,0.0
7.420252992000314,536,91.03,98.4,7.4,-14.6,-0.76,-2.04,1.34,-0.01,0.89,-0.19,3.7,-66.2,-226.0,-4.61,2.1,0.0,0.0,0.9101098834756164,2.5563254878829498,0.08246947627789647,0.35,0,7,0.0
7.432366279001144,537,91.04,98.4,7.5,-14.4,-0.75,-2.05,1.15,0.02,0.89,-0.2,2.8,-95.8,-300.0,-4.58,3.05,0.0,0.0,0.9124143795447329,2.4672859582950655,0.07856168060460433,0.35,0,7,0.0
7.4402374340006645,538,91.05,98.3,7.6,-14.1,-0.96,-2.02,1.03,0.09,0.9,-0.24,1.6,-140.4,-443.0,-4.54,4.5,0.42,0.0,0.9357884376289334,2.4622956768024427,0.05408387006999582,0.35,0,7,0.0
7.452273902001252,539,91.06,98.3,7.7,-13.9,-1.01,-1.77,0.93,0.18,0.88,-0.28,-0.1,-199.3,-530.0,-4.49,6.07,0.29,0.0,0.940850678907126,2.2400669632848036,0.04804119621596714,0.35,0,7,0.0
7.460120286001256,540,91.07,98.2,7.7,-13.8,-0.67,-1.32,0.82,0.26,0.86,-0.32,-2.4,-244.9,-450.0,-4.42,7.15,-0.24,0.0,0.9537295214053091,1.6922470268846683,0.03445910664342844,0.35,0,7,0.0
7.471943729000486,541,91.08,98.2,7.8,-13.7,-0.03,-0.74,0.75,0.28,0.85,-0.35,-5.1,-274.5,-271.0,-4.34,7.58,-0.05,0.0,0.960937042682818,1.0540398474441086,0.026706553658601195,0.35,0,7,0.0
7.479976841001189,542,91.09,98.2,7.8,-13.6,0.66,-0.21,0.84,0.24,0.86,-0.38,-7.9,-278.7,-90.0,-4.27,7.53,0.03,0.0,0.9703607576566562,1.0887148386974432,0.016937181911067745,0.35,0,7,0.0
7.49237338200146,543,91.1,98.3,7.9,-13.6,1.24,0.2,1.13,0.13,0.86,-0.38,-10.7,-273.5,14.0,-4.19,7.34,0.0,0.0,0.9491575211733825,1.6895265609039711,0.03737761002645468,0.35,0,7,0.0
7.500234271001318,544,91.11,98.5,8.1,-13.6,2.05,0.34,1.49,0.04,0.89,-0.36,-13.3,-263.5,81.0,-4.12,7.0,-0.17,0.0,0.9608850087289321,2.55699041844118,0.025137120021486936,0.35,0,7,0.0
7.5120914630006155,545,91.12,98.7,8.3,-13.6,2.86,0.08,1.78,-0.06,0.92,-0.32,-15.9,-250.1,123.0,-4.06,6.61,0.01,0.0,0.9759098319004682,3.369629059703753,0.009910050912951829,0.35,0,7,0.0
7.520168272001683,546,91.13,99.1,8.4,-13.5,3.88,-0.55,1.82,-0.1,0.92,-0.32,-18.3,-234.2,142.0,-3.99,6.19,-0.08,0.0,0.9791833331914919,4.320798537307659,0.006503818629489566,0.35,0,7,0.0
7.532223056001385,547,91.14,99.5,8.6,-13.4,4.76,-1.2,1.31,-0.09,1.01,-0.32,-20.5,-223.0,97.0,-3.93,6.01,0.07,0.0,1.063296760081587,5.080718453132391,0.07605741609539352,0.35,0,7,0.0
7.540299682001205,548,91.15,100.0,8.6,-13.3,4.19,-1.84,0.51,-0.06,1.09,-0.32,-22.7,-219.3,53.0,-3.87,5.93,0.11,0.0,1.13758516164725,4.604541236648881,0.14733890130783545,0.35,0,7,0.0
7.551988506000271,549,91.16,100.4,8.6,-13.0,2.97,-2.52,-0.6,-0.01,1.14,-0.31,-24.9,-212.7,77.0,-3.82,5.65,0.0,0.0,1.1814397995666135,3.940977036218303,0.1873696684426549,0.35,0,7,0.0
7.560118923000118,550,91.17,100.7,8.4,-12.8,1.7,-3.04,-1.63,0.08,1.17,-0.31,-26.9,-199.9,124.0,-3.76,5.23,-0.19,0.0,1.213012778168474,3.845581880548118,0.21456379410362514,0.35,0,7,0.0
7.571971073000896,551,91.18,100.9,8.1,-12.5,1.04,-3.52,-2.54,0.22,1.17,-0.24,-28.8,-181.1,173.0,-3.71,4.68,0.09,0.0,1.214454610102823,4.46358600230801,0.21168551351721465,0.35,0,7,0.0
7.58018795100179,552,91.19,101.0,7.8,-12.2,1.14,-3.75,-3.12,0.36,1.26,-0.27,-30.5,-159.3,213.0,-3.67,4.03,-0.15,0.0,1.3379461872586655,5.0096407056794,0.328473548859596,0.35,0,7,0.0
7.592213733001699,553,91.2,101.2,7.4,-11.9,0.94,-3.02,-3.42,0.4,1.34,-0.29,-31.9,-134.0,244.0,-3.63,3.32,-0.02,0.0,1.4281806608409178,4.65836881322207,0.41033386199301125,0.35,0,8,0.0
7.600111202000335,554,91.21,101.3,7.0,-11.7,0.6,-2.18,-3.83,0.36,1.38,-0.21,-32.9,-108.0,280.0,-3.61,2.45,-0.24,0.0,1.4415616532080755,4.447617339655021,0.4152405572729656,0.35,0,8,0.0
7.611949435000497,555,91.22,101.3,6.6,-11.6,0.6,-1.29,-4.33,0.35,1.43,-0.18,-33.8,-72.0,321.0,-3.59,1.54,-0.14,0.0,1.4831722759005441,4.557740668357514,0.44771415636612555,0.35,0,8,0.0
7.6201369340014935,556,91.23,101.4,6.1,-11.6,0.09,-0.68,-4.21,0.24,1.42,-0.04,-34.3,-38.7,318.0,-3.58,0.67,-0.29,0.0,1.4406942770761602,4.265512864826456,0.3971314343909067,0.35,0,8,0.0
7.63204637400122,557,91.24,101.3,5.7,-11.6,-0.5,-0.58,-3.63,0.05,1.3,0.02,-34.5,-10.5,278.0,-3.58,-0.01,-0.16,0.0,1.3011149065320864,3.7098921817217274,0.25240102256989627,0.35,0,8,0.0
7.640044528001454,558,91.25,101.3,5.4,-11.6,-0.62,-0.85,-2.8,-0.11,1.15,0.07,-34.5,4.6,135.0,-3.58,-0.12,0.19,0.0,1.1573677030226823,2.991136907598848,0.10648074267928243,0.35,0,8,0.0
7.652424834001067,559,91.26,101.2,5.2,-11.6,-0.34,-1.51,-1.99,-0.22,1.07,0.14,-34.5,-0.4,0.0,-3.58,0.09,-0.16,0.0,1.1013173929435602,2.5210712008985388,0.049421823948157195,0.35,0,8,0.0
7.660206001000915,560,91.27,101.2,5.0,-11.4,0.0,-2.5,-1.2,-0.28,1.04,0.24,-34.5,-7.3,-42.0,-3.58,0.27,0.33,0.0,1.1034491379306979,2.773084924772409,0.050522497556589,0.35,0,8,0.0
7.671918704001655,561,91.28,101.3,4.8,-11.1,-0.17,-3.9,-0.66,-0.28,1.04,0.29,-34.7,-13.4,-56.0,-3.57,0.45,0.02,0.0,1.1153923076657828,3.959103433859742,0.06121635394584035,0.35,0,8,0.0
7.680072379000194,562,91.29,101.2,4.7,-10.7,-1.21,-4.79,-0.51,-0.22,1.01,0.21,-34.9,-24.8,-116.0,-3.57,0.87,0.07,0.0,1.0547985589675406,4.966719239095361,0.0006101531426461193,0.35,0,8,0.0
7.692143609001505,563,91.3,101.1,4.5,-10.2,-2.17,-5.21,-0.82,-0.11,0.99,0.14,-35.2,-40.6,-141.0,-3.55,1.28,0.21,0.0,1.0058826969383656,5.703104417771079,0.04733959470879823,0.35,0,8,0.0
7.699948378000045,564,91.31,100.9,4.3,-9.7,-2.51,-5.31,-1.22,0.02,0.96,0.04,-35.7,-56.5,-160.0,-3.54,1.75,0.15,0.0,0.9610411021387171,5.998716529391933,0.09033756571827789,0.35,0,8,0.0
7.71238945800178,565,91.32,100.7,4.1,-9.2,-2.83,-4.96,-1.44,0.15,0.98,-0.05,-36.4,-72.4,-149.0,-3.52,2.13,0.03,0.0,0.9926731586982696,5.889320843696665,0.05753139897555082,0.35,0,8,0.0
7.720233738000388,566,91.33,100.4,3.9,-8.8,-3.13,-4.28,-1.4,0.25,0.98,-0.13,-37.2,-87.8,-158.0,-3.49,2.58,0.0,0.0,1.0197058399362042,5.484095185169564,0.029888743382863847,0.35,0,8,0.0
7.731971035000242,567,91.34,100.1,3.7,-8.4,-2.85,-3.36,-1.2,0.3,0.97,-0.13,-38.2,-102.5,-145.0,-3.46,2.95,0.15,0.0,1.0236210236215353,4.5664099684544315,0.025454088503582106,0.35,0,8,0.0
7.739931777001402,568,91.35,99.9,3.5,-8.1,-2.41,-2.63,-0.88,0.31,0.93,-0.12,-39.3,-117.5,-153.0,-3.43,3.39,0.0,0.0,0.9876234100101111,3.6741529636094357,0.060222668072706265,0.35,0,8,0.0
7.75239140100166,569,91.36,99.7,3.4,-7.9,-1.76,-2.09,-0.5,0.28,0.89,-0.13,-40.6,-134.4,-159.0,-3.4,3.83,0.31,0.0,0.942019108086455,2.77771488817697,0.10371043059643525,0.35,0,8,0.0
7.760189642000114,570,91.37,99.6,3.3,-7.8,-0.94,-1.64,-0.15,0.23,0.87,-0.14,-42.1,-149.0,-151.0,-3.35,4.24,-0.03,0.0,0.9107140056021978,1.8962331080328705,0.13231522241907845,0.35,0,8,0.0
7.772174592000738,571,91.38,99.5,3.3,-7.6,-0.06,-1.16,0.14,0.17,0.88,-0.16,-43.7,-164.6,-150.0,-3.31,4.65,0.15,0.0,0.910439454329611,1.1699572641767733,0.12993797821783204,0.35,0,8,0.0
7.780126092000501,572,91.39,99.5,3.4,-7.5,0.46,-0.93,0.34,0.11,0.92,-0.13,-45.4,-179.3,-148.0,-3.26,5.05,-0.01,0.0,0.9356281312572854,1.0918333206126292,0.10265431526435465,0.35,0,8,0.0
7.791961546001403,573,91.4,99.6,3.4,-7.4,0.69,-0.83,0.46,0.07,0.95,-0.14,-47.3,-193.7,-144.0,-3.21,5.43,-0.01,0.0,0.9628083921528727,1.1732859838931,0.07396457328139205,0.35,0,8,0.0
7.8002662240014615,574,91.41,99.7,3.5,-7.3,0.35,-0.77,0.6,0.05,0.98,-0.16,-49.4,-207.4,-135.0,-3.15,5.78,0.25,0.0,0.9942333730065591,1.0370149468546728,0.041688800579151586,0.35,0,8,0.0
7.812417200000709,575,91.42,99.7,3.5,-7.3,-0.05,-0.64,0.67,0.05,0.95,-0.17,-51.5,-219.0,-112.0,-3.09,6.05,-0.1,0.0,0.966385016440135,0.9279008567729637,0.0681464140026643,0.35,0,8,0.0
7.82022191300166,576,91.43,99.7,3.6,-7.2,-0.29,-0.44,0.72,0.06,0.93,-0.18,-53.8,-225.6,-74.0,-3.03,6.19,0.01,0.0,0.9491575211733826,0.8922443611477744,0.08366643108402838,0.35,0,8,0.0
7.832076560000132,577,91.44,99.7,3.6,-7.1,-0.28,-0.26,0.73,0.08,0.9,-0.19,-56.0,-229.3,-47.0,-2.97,6.28,0.14,0.0,0.9233092656309694,0.8239538822045807,0.10732439289391271,0.35,0,8,0.0
7.84016790700116,578,91.45,99.7,3.7,-7.1,-0.1,-0.13,0.74,0.11,0.89,-0.2,-58.4,-234.8,-62.0,-2.9,6.48,0.16,0.0,0.9188035698668133,0.757957782465488,0.10959348688490733,0.35,0,8,0.0
7.852394848001495,579,91.46,99.7,3.8,-7.1,0.04,-0.01,0.78,0.14,0.89,-0.23,-60.8,-241.4,-56.0,-2.84,6.61,0.04,0.0,0.9298386956886662,0.7810889834071404,0.09658719384179348,0.35,0,8,0.0
7.860251806001543,580,91.47,99.7,3.9,-7.1,0.04,0.18,0.82,0.16,0.89,-0.26,-63.2,-242.5,-9.0,-2.77,6.56,0.0,0.0,0.9409038208021051,0.8404760555780277,0.08381162735378755,0.35,0,8,0.0
7.872287963000417,581,91.48,99.7,4.0,-7.1,0.0,0.35,0.9,0.17,0.9,-0.27,-65.6,-239.5,17.0,-2.7,6.47,0.0,0.0,0.9548821916864928,0.9656603957913983,0.0684365913400119,0.35,0,8,0.0
7.880103023000629,582,91.49,99.7,4.1,-7.1,-0.06,0.52,0.96,0.17,0.91,-0.29,-68.0,-237.0,20.0,-2.64,6.41,-0.02,0.0,0.970103087305674,1.0934349546269315,0.0521513818064141,0.35,0,8,0.0
7.8920400210008665,583,91.5,99.7,4.2,-7.2,-0.12,0.72,1.02,0.17,0.91,-0.29,-70.3,-233.1,44.0,-2.58,6.25,-0.07,0.0,0.970103087305674,1.2542726976220122,0.05110835417028592,0.35,0,8,0.0
7.900086482000916,584,91.51,99.7,4.3,-7.2,-0.22,0.93,1.04,0.16,0.9,-0.3,-72.6,-225.1,80.0,-2.52,5.98,-0.05,0.0,0.9620810776644555,1.412409289122668,0.0579477565352744,0.35,0,8,0.0
7.912170258001424,585,91.52,99.6,4.4,-7.3,-0.36,1.07,1.02,0.14,0.9,-0.29,-74.8,-211.8,121.0,-2.46,5.58,-0.07,0.0,0.9558765610684258,1.5214795430764094,0.06286922766867808,0.35,0,8,0.0
7.920186307001131,586,91.53,99.6,4.6,-7.4,-0.57,1.19,0.88,0.13,0.87,-0.31,-76.8,-196.7,137.0,-2.41,5.17,-0.08,0.0,0.9326842981416595,1.5860012610335465,0.0843402607835354,0.35,0,8,0.0
7.931963316001202,587,91.54,99.5,4.7,-7.5,-0.8,1.26,0.65,0.12,0.82,-0.3,-78.6,-181.7,149.0,-2.36,4.74,0.02,0.0,0.881362581461228,1.627912774076056,0.13294873791468764,0.35,0,8,0.0
7.944285630001104,588,91.55,99.4,4.7,-7.6,-1.22,1.31,0.34,0.12,0.77,-0.31,-80.4,-165.9,157.0,-2.31,4.31,-0.14,0.0,0.8386894538504701,1.8221141566872259,0.1721094282149367,0.35,0,8,0.0
7.952231779001522,589,91.56,99.2,4.8,-7.8,-1.64,1.45,-0.04,0.13,0.72,-0.32,-81.9,-149.7,159.0,-2.27,3.86,-0.15,0.0,0.7985612061701971,2.189451986228517,0.2079929223773055,0.35,0,8,0.0
7.960123602000749,590,91.57,99.0,4.8,-7.9,-1.88,1.69,-0.49,0.16,0.67,-0.35,-83.3,-130.9,186.0,-2.24,3.31,-0.07,0.0,0.7726577508832744,2.574995145626492,0.22921845011094355,0.35,0,8,0.0
7.971967431001758,591,91.58,98.8,4.7,-8.1,-1.84,2.1,-0.76,0.19,0.69,-0.34,-84.4,-112.7,172.0,-2.21,2.88,-0.17,0.0,0.7923383115816122,2.8936482163524992,0.2053471316243537,0.35,0,8,0.0
7.980158804000894,592,91.59,98.6,4.7,-8.4,-1.47,2.54,-0.8,0.2,0.71,-0.32,-85.5,-96.5,164.0,-2.18,2.43,-0.08,0.0,0.8040522371090078,3.0417922348510262,0.1897605419750189,0.35,0,8,0.0
7.991477115001544,593,91.6,98.5,4.6,-8.7,-0.65,2.74,-0.68,0.17,0.73,-0.27,-86.3,-81.8,145.0,-2.16,2.06,-0.14,0.0,0.7966806135459805,2.896981187374195,0.19318952222728525,0.35,0,8,0.0
7.99954765000075,594,91.61,98.5,4.6,-8.9,0.52,2.7,-0.52,0.12,0.77,-0.24,-87.1,-71.4,106.0,-2.14,1.85,-0.14,0.0,0.8154140052758475,2.798356660613511,0.17096700788746988,0.35,0,8,0.0
8.011792584000432,595,91.62,98.6,4.6,-9.2,1.42,2.56,-0.46,0.05,0.81,-0.22,-87.7,-63.9,91.0,-2.12,1.62,0.12,0.0,0.8408329203831163,2.963376452629669,0.14263713092459707,0.35,0,8,0.0
8.019528712000465,596,91.63,98.7,4.6,-9.5,1.72,2.32,-0.54,0.0,0.83,-0.22,-88.3,-57.2,71.0,-2.11,1.48,0.04,0.0,0.8586617494683223,2.9380946206683,0.12231213580260325,0.35,0,8,0.0
8.031952145000105,597,91.64,98.9,4.6,-9.7,1.58,2.07,-0.71,-0.04,0.85,-0.23,-88.9,-53.7,40.0,-2.09,1.41,0.03,0.0,0.8814760348415605,2.6991480137258126,0.09750789342077781,0.35,0,8,0.0
8.04033794300085,598,91.65,99.0,4.5,-9.9,1.34,1.77,-0.85,-0.05,0.87,-0.22,-89.4,-52.0,21.0,-2.08,1.41,-0.01,0.0,0.8987769467448528,2.37718320707513,0.07860284188713584,0.35,0,8,0.0
8.051825483000357,599,91.66,99.1,4.5,-10.0,1.36,1.32,-0.83,-0.04,0.94,-0.18,-89.9,-51.8,4.0,-2.07,1.41,0.05,0.0,0.9579144011862437,2.0690335908341364,0.019076079696830006,0.35,0,8,0.0
8.060139660999994,600,91.67,99.3,4.4,-10.2,1.34,0.73,-0.61,-0.03,1.0,-0.14,-90.4,-51.5,9.0,-2.05,1.38,0.13,0.0,1.010198000393982,1.64335023655945,0.032543369120690224,0.35,0,8,0.0
8.071874522000144,601,91.68,99.4,4.3,-10.2,0.9,0.04,-0.37,-0.01,1.03,-0.17,-90.9,-50.5,3.0,-2.04,1.38,0.22,0.0,1.0439827584783188,0.973909646733207,0.06500156466092633,0.35,0,8,0.0
8.080167060001259,602,91.69,99.4,4.2,-10.2,0.08,-0.38,-0.18,0.01,0.99,-0.28,-91.4,-49.1,18.0,-2.03,1.29,0.0,0.0,1.0288828893513586,0.4280186911806539,0.048903661623286854,0.35,0,8,0.0
8.091970222001692,603,91.7,99.4,4.2,-10.1,-0.44,-0.37,-0.24,0.05,0.93,-0.37,-91.9,-46.2,21.0,-2.01,1.23,0.02,0.0,1.0021476937058729,0.6229767250869008,0.02172509665824507,0.35,0,8,0.0
8.100137533001543,604,91.71,99.4,4.1,-10.1,-0.14,-0.1,-0.32,0.1,0.96,-0.42,-92.4,-44.5,18.0,-2.0,1.19,-0.05,0.0,1.0526157893552612,0.363318042491699,0.07074932846148074,0.35,0,8,0.0
8.111882311000954,605,91.72,99.4,4.1,-10.1,0.51,0.19,-0.28,0.1,1.01,-0.4,-92.8,-42.4,25.0,-1.99,1.1,-0.07,0.0,1.0909170454255448,0.6120457499239743,0.10686957284112897,0.35,0,8,0.0
8.11999385100171,606,91.73,99.5,4.1,-10.2,1.21,0.41,-0.11,0.13,1.13,-0.39,-93.2,-38.3,36.0,-1.98,0.99,-0.11,0.0,1.2024558203942461,1.2823026163897506,0.21404018085363374,0.35,0,8,0.0
8.131983905001107,607,91.74,99.6,4.1,-10.2,1.47,0.75,0.37,0.12,1.24,-0.38,-93.5,-34.3,39.0,-1.97,0.87,-0.09,0.0,1.302459212413195,1.69124214706233,0.30776270141513096,0.35,0,8,0.0
8.140108517000044,608,91.75,99.8,4.2,-10.3,1.52,1.01,0.92,0.08,1.24,-0.39,-93.8,-30.5,24.0,-1.96,0.83,0.36,0.0,1.3023440405668543,2.0437465596301316,0.3014945789774144,0.35,0,8,0.0
8.15188674500132,609,91.76,100.0,4.3,-10.4,1.73,1.19,1.26,0.07,1.22,-0.37,-94.2,-29.6,23.0,-1.95,0.76,-0.1,0.0,1.2767928571228773,2.4487956223417258,0.2704245276227686,0.35,0,8,0.0
8.16027616700012,610,91.77,100.2,4.5,-10.5,2.02,1.23,1.56,0.08,1.31,-0.28,-94.4,-26.0,35.0,-1.95,0.64,0.02,0.0,1.3419761547807025,2.8331784271379736,0.328895668774982,0.35,0,8,0.0
8.17184090200135,611,91.78,100.4,4.7,-10.6,1.85,1.03,1.86,0.08,1.39,-0.21,-94.6,-20.0,63.0,-1.94,0.43,-0.03,0.0,1.4080482946262887,2.818332840528244,0.3870684524481567,0.35,0,9,0.0
8.180141109000033,612,91.79,100.5,4.9,-10.6,1.6,0.94,2.13,0.11,1.51,-0.18,-94.8,-14.3,47.0,-1.94,0.33,0.12,0.0,1.524663897388536,2.8249778760195627,0.4936103741061959,0.35,0,9,0.0
8.192011240000284,613,91.8,100.6,5.1,-10.7,1.11,0.91,2.65,0.14,1.63,-0.11,-94.9,-5.4,97.0,-1.94,-0.01,-0.07,0.0,1.6396950936073451,3.0137518145992046,0.5964687389185048,0.35,0,9,0.0
8.200140703000216,614,91.81,100.6,5.4,-10.7,0.51,0.93,3.27,0.14,1.55,-0.09,-94.9,5.0,79.0,-1.94,-0.19,-0.12,0.0,1.5589098755219946,3.43771726586117,0.5053698504164912,0.35,0,9,0.0
8.211979833000441,615,91.82,100.5,5.8,-10.8,0.13,1.08,3.35,0.14,1.35,-0.07,-94.8,8.7,46.0,-1.94,-0.27,-0.12,0.0,1.3590437814875576,3.522186820712382,0.2993936812544131,0.35,0,9,0.0
8.220076923000306,616,91.83,100.5,6.1,-10.8,-0.05,1.24,2.87,0.26,1.17,-0.08,-94.7,15.3,92.0,-1.95,-0.61,0.02,0.0,1.2012077255828817,3.1268194703244383,0.13872647284274242,0.35,0,9,0.0
8.23198688299999,617,91.84,100.5,6.4,-10.9,-0.17,1.7,2.16,0.36,1.05,-0.12,-94.4,32.4,149.0,-1.96,-1.09,0.01,0.0,1.1164676439557037,2.753997095132818,0.05290666339125316,0.35,0,9,0.0
8.240230956000232,618,91.85,100.5,6.6,-11.1,-0.15,2.51,1.52,0.4,0.99,-0.14,-93.9,51.6,178.0,-1.97,-1.64,-0.08,0.0,1.0768936809174803,2.9381967258847728,0.013066046345969085,0.35,0,9,0.0
8.251931668000907,619,91.86,100.4,6.8,-11.4,-0.25,3.53,0.9,0.37,0.94,-0.11,-93.3,74.1,225.0,-1.99,-2.34,-0.08,0.0,1.0161692772368194,3.6514928453989883,0.046705190187998014,0.35,0,9,0.0
8.260221120001006,620,91.87,100.3,6.9,-11.8,-0.39,4.59,0.39,0.33,0.91,-0.08,-92.4,99.1,235.0,-2.02,-2.99,0.07,0.0,0.9712878049270464,4.623018494447107,0.0897549292478157,0.35,0,9,0.0
8.271864934000405,621,91.88,100.2,7.0,-12.3,-0.43,5.45,0.12,0.3,0.9,0.0,-91.2,123.3,243.0,-2.05,-3.66,-0.26,0.0,0.9486832980505138,5.4682538346349645,0.11011224740186143,0.35,0,9,0.0
8.280334918001245,622,91.89,100.1,7.1,-12.8,-0.36,6.01,0.08,0.25,0.86,0.03,-89.8,149.7,259.0,-2.1,-4.4,-0.15,0.0,0.8961026726887941,6.02130384551386,0.1594390153083095,0.35,0,9,0.0
8.291997785001513,623,91.9,100.0,7.3,-13.5,-0.22,6.37,0.2,0.21,0.86,0.04,-88.1,175.9,257.0,-2.14,-5.09,-0.07,0.0,0.886171540955813,6.376935000452804,0.16598274410046476,0.35,0,9,0.0
8.300299244001508,624,91.91,99.9,7.4,-14.1,-0.34,6.33,0.49,0.17,0.88,0.09,-86.2,200.6,244.0,-2.2,-5.72,0.06,0.0,0.9007774419910837,6.358034287419343,0.14834930620389009,0.35,0,9,0.0
8.31191899300029,625,91.92,99.8,7.6,-14.7,-0.52,5.86,0.72,0.13,0.85,0.13,-84.0,223.2,231.0,-2.26,-6.34,-0.14,0.0,0.8696551040498756,5.92692162931146,0.17588221126219616,0.35,0,9,0.0
8.320134574001713,626,91.93,99.7,7.7,-15.2,-0.49,5.16,0.73,0.07,0.86,0.12,-81.6,246.0,229.0,-2.33,-6.96,-0.16,0.0,0.8711486669908873,5.234367201486728,0.17090087535476062,0.35,0,9,0.0
8.332029092000084,627,91.94,99.6,7.9,-15.7,-0.58,4.41,0.48,0.01,0.87,0.1,-79.0,269.7,235.0,-2.4,-7.61,-0.38,0.0,0.8757853618324527,4.473801515489931,0.16293889690293129,0.35,0,9,0.0
8.340227144000892,628,91.95,99.4,8.0,-16.1,-0.37,3.75,-0.02,-0.03,0.86,0.05,-76.1,292.1,229.0,-2.48,-8.23,-0.19,0.0,0.8619744775803979,3.7682621989452914,0.1732147855318864,0.35,0,9,0.0
8.351981511001213,629,91.96,99.4,8.0,-16.4,0.07,3.15,-0.56,-0.08,0.88,0.03,-73.0,317.9,264.0,-2.57,-9.01,-0.12,0.0,0.8841379982785492,3.2001562461854887,0.1480302395370604,0.35,0,9,0.0
8.360217202000058,630,91.97,99.4,8.0,-16.7,0.28,2.52,-1.03,-0.1,0.88,0.01,-69.7,346.2,257.0,-2.67,-9.68,-0.03,0.0,0.8857200460642177,2.736731627324828,0.14351922791636407,0.35,0,9,0.0
8.371913367000161,631,91.98,99.4,7.9,-17.0,0.37,1.93,-1.36,-0.09,0.89,0.0,-66.1,367.2,226.0,-2.77,-10.26,-0.02,0.0,0.8945389874119518,2.389853551998532,0.1320062808372573,0.35,0,9,0.0
8.380154453001524,632,91.99,99.4,7.7,-17.2,0.48,1.54,-1.55,-0.07,0.88,-0.03,-62.2,393.4,264.0,-2.87,-11.04,0.09,0.0,0.8832893070789434,2.2370739817896057,0.14039084194686047,0.35,0,9,0.0
8.392168038000818,633,92.0,99.4,7.6,-17.3,0.73,1.16,-1.55,-0.04,0.9,-0.03,-59.5,409.4,304.0,-2.99,-11.54,-0.23,0.0,0.9013878188659974,2.0690577565645674,0.11984648355661043,0.35,0,9,0.0
8.400151890000416,634,92.01,99.5,7.5,-17.4,0.73,0.89,-1.39,-0.03,0.93,-0.04,-53.8,440.8,318.0,-3.11,-12.42,-0.31,0.0,0.9313431161500042,1.8047437491234037,0.0880933625471515,0.35,0,9,0.0
8.411989550000726,635,92.02,99.5,7.4,-17.5,0.49,0.6,-1.19,-0.02,0.94,-0.06,-49.1,469.6,253.0,-3.24,-12.97,0.02,0.0,0.9421252570651102,1.419929575718458,0.07576499719940455,0.35,0,9,0.0
8.420133932000681,636,92.03,99.6,7.3,-17.6,0.33,0.43,-0.99,-0.02,0.95,-0.09,-44.3,487.7,213.0,-3.37,-13.51,-0.15,0.0,0.9544631999192006,1.1286717857729944,0.06215851325840793,0.35,0,9,0.0
8.431957449000038,637,92.04,99.6,7.2,-17.7,0.09,0.29,-0.77,-0.02,0.96,-0.1,-39.3,508.5,209.0,-3.51,-14.09,-0.19,0.0,0.9654014708917735,0.8277076778670112,0.05019583744011835,0.35,0,9,0.0
8.440140395001436,638,92.05,99.6,7.1,-17.7,-0.1,0.14,-0.62,-0.02,0.95,-0.11,-34.0,534.5,246.0,-3.66,-14.81,-0.24,0.0,0.9565563234854495,0.6434283176858165,0.05786016514951342,0.35,0,9,0.0
8.452020327000355,639,92.06,99.5,7.1,-17.7,-0.27,-0.04,-0.56,-0.03,0.93,-0.13,-28.6,549.8,171.0,-3.81,-15.15,-0.15,0.0,0.9395211546314431,0.6229767250869008,0.07339742732344934,0.35,0,9,0.0
8.460152543000731,640,92.07,99.5,7.0,-17.7,-0.37,-0.23,-0.51,-0.02,0.93,-0.13,-22.9,571.4,185.0,-3.96,-15.67,-0.2,0.0,0.9392550239418472,0.6707458535093601,0.07219028685278428,0.35,0,9,0.0
8.4718488360013,641,92.08,99.5,7.0,-17.7,-0.47,-0.45,-0.45,-0.02,0.92,-0.13,-17.1,588.6,240.0,-4.12,-16.45,0.02,0.0,0.9293546147730692,0.7911384202527394,0.08044888210113099,0.35,0,9,0.0
8.480219407001641,642,92.09,99.4,6.9,-17.6,-0.49,-0.66,-0.46,-0.02,0.88,-0.15,-11.0,615.6,196.0,-4.29,-16.88,-0.16,0.0,0.8929165694509201,0.9419660291114537,0.11454918887481458,0.35,0,9,0.0
8.492045309001696,643,92.1,99.4,6.9,-17.6,-0.3,-0.84,-0.49,-0.01,0.87,-0.16,-4.8,628.9,149.0,-4.46,-17.21,0.05,0.0,0.8846468221838588,1.017693470549949,0.12036255741903834,0.35,0,9,0.0
8.50429446400085,644,92.11,99.4,6.8,-17.5,-0.18,-1.01,-0.48,0.0,0.87,-0.18,1.5,638.4,30.0,-4.64,-17.05,0.31,0.0,0.8884255736976508,1.132651755836718,0.11425212978714139,0.35,0,9,0.0
8.512286291001146,645,92.12,99.4,6.7,-17.4,0.06,-1.13,-0.48,0.0,0.86,-0.2,7.0,461.9,-2387.0,-4.75,-6.3,2.37,0.0,0.8829496021857646,1.2291867230002118,0.11733353927304702,0.35,0,9,0.0
8.520200766000926,646,92.13,99.4,6.7,-17.3,0.64,-1.26,-0.56,0.0,0.86,-0.22,8.2,-21.0,-3343.0,-4.73,3.73,0.18,0.0,0.8876936408468858,1.5201315732527891,0.11033771059968722,0.35,0,9,0.0
8.53189327400105,647,92.14,99.6,6.6,-17.1,1.44,-1.42,-0.79,0.04,0.85,-0.22,6.9,-138.5,-1185.0,-4.69,3.32,0.08,0.0,0.8789197915623472,2.1711978260858684,0.11672932868654129,0.35,0,9,0.0
8.540297845000168,648,92.15,99.7,6.5,-17.0,-0.16,-1.28,-0.28,0.04,1.04,-0.29,5.8,-95.8,-106.0,-4.67,2.02,-0.25,0.0,1.0804165863221464,1.32,0.08307211675179271,0.35,0,9,0.0
8.551880490000258,649,92.16,99.6,6.5,-16.9,-0.87,-0.88,0.23,0.01,0.92,-0.28,5.1,-47.5,280.0,-4.66,0.7,-0.05,0.0,0.9617172141539321,1.2586500705120545,0.03491471030809323,0.35,0,9,0.0
8.560123803001261,650,92.17,99.5,6.5,-16.8,-0.73,-1.0,0.45,-0.02,0.89,-0.24,5.0,-1.6,369.0,-4.66,-0.41,-0.16,0.0,0.9220086767487603,1.3173458164050926,0.07313078275899976,0.35,0,9,0.0
8.571947098000237,651,92.18,99.5,6.5,-16.7,-0.41,-1.22,0.67,-0.03,0.9,-0.27,5.2,31.7,325.0,-4.67,-1.22,-0.05,0.0,0.9401063769595439,1.450999655410021,0.05393242089725181,0.35,0,9,0.0
8.580151806001595,652,92.19,99.5,6.6,-16.6,-0.43,-1.15,0.98,-0.05,0.95,-0.25,5.7,57.9,262.0,-4.68,-1.82,0.08,0.0,0.9836157786453,1.5709232953903254,0.01021455882726574,0.35,0,9,0.0
8.592000363001716,653,92.2,99.4,6.7,-16.4,-1.16,-1.16,1.38,-0.07,0.95,-0.22,6.4,71.4,86.0,-4.7,-1.73,-0.39,0.0,0.9776502442080194,2.1437350582569663,0.01585649139925549,0.35,0,9,0.0
8.600009792000492,654,92.21,99.3,6.8,-16.3,-1.75,-1.38,1.73,-0.08,0.91,-0.2,6.8,19.3,-473.0,-4.7,0.45,0.12,0.0,0.935147047260483,2.821311751650285,0.05719249457985598,0.35,0,9,0.0
8.611958901001344,655,92.22,99.1,7.0,-16.1,-1.76,-1.83,1.92,-0.07,0.86,-0.19,6.6,-24.2,-220.0,-4.7,0.54,-0.01,0.0,0.8835157044444654,3.1832216385291177,0.10664736064795621,0.35,0,9,0.0
8.620107323000411,656,92.23,99.0,7.1,-15.8,-1.62,-2.25,1.92,-0.05,0.83,-0.22,6.5,-13.0,-10.0,-4.69,0.26,-0.01,0.0,0.860116271209887,3.372432356623332,0.12744585800488395,0.35,0,9,0.0
8.631875677001517,657,92.24,98.9,7.3,-15.6,-1.27,-2.45,1.74,0.0,0.84,-0.21,6.4,-14.1,-67.0,-4.69,0.57,-0.01,0.0,0.8658521813797087,3.2623611081546446,0.11927574887836101,0.35,0,9,0.0
8.640267971000867,658,92.25,98.8,7.4,-15.3,-0.99,-2.41,1.32,0.03,0.85,-0.22,6.1,-33.2,-165.0,-4.68,1.18,0.13,0.0,0.878521485223896,2.920719089539424,0.10447431613349023,0.35,0,9,0.0
8.651836911001737,659,92.26,98.7,7.5,-15.1,-1.11,-2.26,0.89,0.06,0.88,-0.24,5.6,-59.2,-245.0,-4.66,1.97,0.14,0.0,0.9141115905621151,2.6705430159426373,0.06750652657936562,0.35,0,9,0.0
8.660133539000526,660,92.27,98.6,7.5,-14.8,-1.39,-2.02,0.6,0.12,0.9,-0.27,4.9,-88.6,-310.0,-4.64,2.95,0.08,0.0,0.9472592042308167,2.5243811122728674,0.03367173465245077,0.35,0,9,0.0
8.672034015000463,661,92.28,98.5,7.5,-14.6,-1.53,-1.75,0.45,0.2,0.9,-0.3,3.6,-127.3,-331.0,-4.6,3.87,0.01,0.0,0.9695359714832659,2.367678187592224,0.011167068052001516,0.35,0,9,0.0
8.680307149001237,662,92.29,98.4,7.5,-14.5,-1.32,-1.36,0.41,0.27,0.88,-0.34,2.1,-163.9,-385.0,-4.55,5.02,0.31,0.0,0.9812746812182611,1.939097728326244,0.000560208849333832,0.35,0,9,0.0
8.691752653001458,663,92.3,98.3,7.6,-14.4,-0.66,-0.74,0.4,0.31,0.88,-0.39,0.1,-211.4,-444.0,-4.5,6.29,0.02,0.0,1.011236866416568,1.0692053123698928,0.02991194616668802,0.35,0,9,0.0
8.70013154100161,664,92.31,98.3,7.6,-14.3,0.28,0.09,0.37,0.3,0.88,-0.4,-2.2,-248.2,-353.0,-4.43,7.1,0.07,0.0,1.0121264743103997,0.47265209192385893,0.03018552297930921,0.35,0,9,0.0
8.711994388000676,665,92.32,98.4,7.7,-14.4,0.99,0.67,0.42,0.21,0.89,-0.39,-4.8,-272.3,-229.0,-4.35,7.53,0.0,0.0,0.9941327879111522,1.2670438035048355,0.011947999848460511,0.35,0,9,0.0
8.720071516001553,666,92.33,98.5,7.7,-14.4,1.89,0.87,0.44,0.12,0.9,-0.37,-7.6,-279.7,-108.0,-4.28,7.64,-0.06,0.0,0.9804590761474953,2.126640543204234,0.0016911976768925197,0.35,0,9,0.0
8.731952451000325,667,92.34,98.7,7.8,-14.5,2.88,0.87,0.44,0.03,0.96,-0.39,-10.4,-281.1,-40.0,-4.2,7.64,-0.05,0.0,1.0366291525902598,3.0405427147139372,0.05338930119055452,0.35,0,9,0.0
8.74014947500109,668,92.35,99.0,7.8,-14.6,3.42,0.75,0.46,-0.01,1.0,-0.39,-13.2,-280.6,-2.0,-4.12,7.58,-0.17,0.0,1.0734057946554976,3.531359511576243,0.08836262439067644,0.35,0,9,0.0
8.75185172500096,669,92.36,99.4,7.9,-14.6,3.89,0.37,0.02,-0.06,1.04,-0.34,-16.0,-277.3,31.0,-4.05,7.45,-0.22,0.0,1.095810202544218,3.9076079639595376,0.10855169163380896,0.35,0,9,0.0
8.76016729100047,670,92.37,99.8,7.8,-14.7,3.95,-0.34,-0.86,-0.05,1.09,-0.3,-18.7,-270.2,61.0,-3.97,7.24,-0.14,0.0,1.1316359838746735,4.056809090898906,0.14148992350497913,0.35,0,9,0.0
8.771979128001476,671,92.38,100.2,7.7,-14.6,2.99,-0.9,-1.85,0.0,1.2,-0.3,-21.4,-263.4,55.0,-3.9,7.1,-0.05,0.0,1.2369316876852983,3.6294076651707234,0.24184991476929185,0.35,0,9,0.0
8.780194721000953,672,92.39,100.4,7.4,-14.5,1.62,-1.34,-2.65,0.03,1.18,-0.29,-24.0,-256.1,86.0,-3.83,6.81,0.01,0.0,1.2154834429147934,3.3826764551165693,0.2159936365988112,0.35,0,9,0.0
8.791897319000782,673,92.4,100.5,7.1,-14.4,1.17,-1.9,-3.36,0.1,1.15,-0.22,-26.4,-240.4,151.0,-3.77,6.29,-0.01,0.0,1.1751170154499508,4.033422864020086,0.17211466495128924,0.35,0,9,0.0
8.800243214000147,674,92.41,100.7,6.7,-14.3,1.32,-2.22,-3.71,0.16,1.2,-0.23,-28.7,-218.5,205.0,-3.71,5.64,-0.11,0.0,1.23227432010896,4.520497760202963,0.22468653021809248,0.35,0,9,0.0
8.81203200500022,675,92.42,100.8,6.3,-14.2,1.42,-1.92,-3.97,0.18,1.24,-0.26,-30.7,-194.8,228.0,-3.66,4.98,0.01,0.0,1.2796874618437113,4.6328932644730765,0.26665767851378686,0.35,0,9,0.0
8.820036938001067,676,92.43,101.0,5.8,-14.1,1.77,-1.34,-4.33,0.2,1.34,-0.23,-32.5,-169.8,250.0,-3.61,4.28,-0.28,0.0,1.374227055475186,4.86594286855076,0.3539733267023564,0.35,0,10,0.0
8.831943929000772,677,92.44,101.2,5.4,-14.1,1.62,-0.86,-4.39,0.21,1.47,-0.16,-34.0,-141.3,276.0,-3.58,3.48,-0.24,0.0,1.493519333654573,4.757741060629509,0.4638002927841083,0.35,0,10,0.0
8.840136059001452,678,92.45,101.3,5.0,-14.1,0.56,-0.54,-3.78,0.19,1.56,-0.1,-35.2,-111.6,293.0,-3.55,2.66,-0.36,0.0,1.5747063218263906,3.859222719667783,0.5340875353368075,0.35,0,10,0.0
8.851895693000188,679,92.46,101.2,4.7,-14.1,-0.8,-0.52,-2.45,0.07,1.42,0.02,-36.1,-83.0,275.0,-3.53,1.94,-0.02,0.0,1.421864972492114,2.629239433752659,0.3736212622824804,0.35,0,10,0.0
8.860238171000674,680,92.47,101.2,4.5,-14.0,-0.72,-0.91,-1.34,-0.12,1.2,0.06,-36.8,-60.4,223.0,-3.51,1.43,-0.13,0.0,1.2074767078498865,1.772596964907703,0.15604833768744775,0.35,0,10,0.0
8.872011235000173,681,92.48,101.1,4.4,-13.9,0.05,-1.56,-0.57,-0.22,1.03,0.14,-37.3,-46.9,143.0,-3.5,1.16,-0.31,0.0,1.0624970588194587,1.6616257099599778,0.010847314883879466,0.35,0,10,0.0
8.880198292001296,682,92.49,101.2,4.3,-13.7,0.76,-2.57,-0.12,-0.23,1.0,0.21,-37.7,-40.4,93.0,-3.49,1.03,0.07,0.0,1.047377677822093,2.682703859914471,0.004186624791216564,0.35,0,10,0.0
8.89190934400176,683,92.5,101.3,4.3,-13.4,0.46,-3.68,0.36,-0.19,1.04,0.23,-38.1,-36.7,40.0,-3.48,0.99,0.11,0.0,1.081942697188719,3.7260703160300133,0.029770826683901186,0.35,0,10,0.0
8.900272982000388,684,92.51,101.3,4.2,-13.0,-0.74,-4.46,0.58,-0.14,1.03,0.17,-38.5,-38.2,-3.0,-3.47,1.08,0.0,0.0,1.0532805893967665,4.558025888474088,0.0010865445141097219,0.35,0,10,0.0
8.911725819001731,685,92.52,101.2,4.2,-12.5,-1.82,-4.88,0.31,-0.08,0.96,0.15,-38.9,-43.7,-48.0,-3.45,1.27,0.14,0.0,0.9749358953285082,5.217556899545993,0.07571298656306558,0.35,0,10,0.0
8.92001313700166,686,92.53,101.0,4.1,-12.0,-2.21,-5.26,-0.24,0.03,0.94,0.12,-39.4,-50.3,-58.0,-3.44,1.44,0.05,0.0,0.9481033698917012,5.71045532335207,0.10049460175987512,0.35,0,10,0.0
8.931951811000545,687,92.54,100.8,3.9,-11.5,-2.82,-5.28,-0.64,0.13,0.94,0.01,-39.9,-58.1,-71.0,-3.42,1.67,-0.05,0.0,0.9489994731294639,6.0200000000000005,0.09760652855167018,0.35,0,10,0.0
8.94028002700179,688,92.55,100.5,3.8,-11.0,-3.47,-4.69,-0.75,0.18,0.95,-0.06,-40.6,-65.1,-61.0,-3.41,1.82,0.1,0.0,0.9687620966986683,5.882133966512494,0.07628702688281641,0.35,0,10,0.0
8.951982767001027,689,92.56,100.2,3.6,-10.6,-3.52,-3.96,-0.68,0.21,0.9,-0.08,-41.3,-72.2,-82.0,-3.39,2.08,0.0,0.0,0.9276313923105449,5.341760009584855,0.11506937664552097,0.35,0,10,0.0
8.960189803001413,690,92.57,99.9,3.5,-10.3,-2.77,-3.49,-0.45,0.21,0.88,-0.07,-42.0,-82.3,-89.0,-3.36,2.34,0.06,0.0,0.9074139077620532,4.478336744819443,0.13258112397013233,0.35,0,10,0.0
8.972013923001214,691,92.58,99.7,3.4,-10.0,-1.88,-3.14,-0.13,0.2,0.89,-0.11,-42.9,-91.8,-90.0,-3.34,2.6,0.06,0.0,0.9188035698668133,3.6620895674464324,0.11876763262806467,0.35,0,10,0.0
8.980127240000002,692,92.59,99.6,3.4,-9.7,-1.24,-2.7,0.24,0.16,0.9,-0.13,-43.9,-100.9,-91.0,-3.31,2.85,0.16,0.0,0.9233092656309694,2.980805260328155,0.11197669812663036,0.35,0,10,0.0
8.991859295001632,693,92.6,99.5,3.4,-9.4,-0.43,-2.32,0.5,0.12,0.91,-0.13,-45.0,-111.5,-119.0,-3.28,3.22,0.0,0.0,0.9270382947861432,2.4119079584428587,0.10608271559202731,0.35,0,10,0.0
9.000232980000874,694,92.61,99.5,3.5,-9.2,0.12,-2.25,0.81,0.11,0.97,-0.13,-46.2,-126.0,-131.0,-3.24,3.59,0.0,0.0,0.9848350115628506,2.39436839270819,0.04732027883901346,0.35,0,10,0.0
9.01197579500149,695,92.62,99.5,3.6,-8.9,0.35,-2.15,1.04,0.1,0.98,-0.16,-47.6,-139.5,-141.0,-3.21,3.99,0.14,0.0,0.9979979959899719,2.4138351227869728,0.03347414852365427,0.35,0,10,0.0
9.020115564000662,696,92.63,99.6,3.7,-8.7,0.2,-2.06,1.16,0.1,0.99,-0.18,-49.1,-155.1,-147.0,-3.16,4.39,0.19,0.0,1.0111874208078342,2.3725935176510955,0.01987902923167617,0.35,0,10,0.0
9.031970481000826,697,92.64,99.6,3.8,-8.5,-0.15,-2.0,1.24,0.11,0.96,-0.19,-50.7,-168.9,-144.0,-3.12,4.78,0.18,0.0,0.9847842403288144,2.3579864291382173,0.04535656551648215,0.35,0,10,0.0
9.040138916001524,698,92.65,99.6,3.9,-8.3,-0.34,-1.88,1.26,0.11,0.92,-0.2,-52.5,-183.4,-140.0,-3.07,5.15,0.09,0.0,0.9478923989567593,2.288580345978703,0.08060343875076648,0.35,0,10,0.0
9.052396381001017,699,92.66,99.6,4.0,-8.1,-0.22,-1.72,1.19,0.11,0.9,-0.22,-54.4,-195.3,-117.0,-3.01,5.42,0.12,0.0,0.9330058949438638,2.103069185737835,0.09358014390838876,0.35,0,10,0.0
9.06016205800006,700,92.67,99.7,4.1,-7.9,-0.08,-1.57,1.2,0.11,0.9,-0.22,-56.5,-205.8,-109.0,-2.96,5.71,0.09,0.0,0.9330058949438638,1.9777006851391845,0.09170854103022097,0.35,0,10,0.0
9.071880124000018,701,92.68,99.7,4.3,-7.7,-0.21,-1.45,1.22,0.12,0.88,-0.23,-58.6,-218.2,-127.0,-2.9,6.1,-0.31,0.0,0.9174420962654809,1.9065675964937618,0.10512689291443167,0.35,0,10,0.0
9.080200514001262,702,92.69,99.7,4.4,-7.6,-0.37,-1.28,1.22,0.13,0.87,-0.25,-60.9,-230.7,-113.0,-2.83,6.38,0.17,0.0,0.9144943958275523,1.8065713381984116,0.10591310148531308,0.35,0,10,0.0
9.09203389400136,703,92.7,99.7,4.5,-7.4,-0.42,-1.07,1.23,0.14,0.86,-0.27,-63.2,-238.3,-81.0,-2.77,6.55,-0.1,0.0,0.9121951545584968,1.6835082417380676,0.10604809589928132,0.35,0,10,0.0
9.100158498000383,704,92.71,99.6,4.6,-7.3,-0.38,-0.87,1.26,0.15,0.86,-0.28,-65.6,-242.5,-52.0,-2.7,6.64,0.05,0.0,0.9167878707749137,1.577624796965362,0.09942627208920696,0.35,0,10,0.0
9.111881899001673,705,92.72,99.6,4.7,-7.2,-0.36,-0.58,1.29,0.17,0.87,-0.3,-68.1,-246.4,-47.0,-2.64,6.76,0.06,0.0,0.9358418669839472,1.4594862109660371,0.07876483036257009,0.35,0,10,0.0
9.120212092000656,706,92.73,99.6,4.8,-7.2,-0.49,-0.32,1.31,0.19,0.87,-0.31,-70.6,-248.5,-14.0,-2.57,6.74,-0.01,0.0,0.9429209935090002,1.4347822134386807,0.07025198976076674,0.35,0,10,0.0
9.131943934000446,707,92.74,99.5,4.9,-7.1,-0.73,-0.08,1.29,0.2,0.85,-0.31,-73.0,-243.7,46.0,-2.5,6.5,0.14,0.0,0.92660671268883,1.4843853947004464,0.08483494516931822,0.35,0,10,0.0
9.140180794000116,708,92.75,99.4,5.0,-7.1,-0.87,0.16,1.15,0.21,0.83,-0.32,-75.4,-235.2,68.0,-2.44,6.3,-0.14,0.0,0.9140021881811882,1.4508618128546906,0.09549068028342078,0.35,0,10,0.0
9.151963469001203,709,92.76,99.3,5.2,-7.1,-0.99,0.36,0.95,0.21,0.81,-0.32,-77.7,-226.8,83.0,-2.38,6.05,0.13,0.0,0.8958794561770016,1.4185203558638135,0.11134114404185524,0.35,0,10,0.0
9.164285406001,710,92.77,99.2,5.2,-7.1,-1.21,0.56,0.64,0.21,0.78,-0.32,-79.9,-214.2,125.0,-2.32,5.63,-0.12,0.0,0.8688498144098323,1.47895233188903,0.13560337009284396,0.35,0,10,0.0
9.172105043000556,711,92.78,99.1,5.3,-7.2,-1.67,0.74,0.21,0.21,0.7,-0.34,-81.9,-199.3,143.0,-2.27,5.21,0.0,0.0,0.8060397012554654,1.8386408023319833,0.19444521358226674,0.35,0,10,0.0
9.180162765000205,712,92.79,98.9,5.3,-7.3,-2.04,1.07,-0.3,0.23,0.64,-0.36,-83.8,-182.5,160.0,-2.22,4.75,-0.07,0.0,0.7694803441284255,2.323036805562925,0.2263844792951205,0.35,0,10,0.0
9.191926052000781,713,92.8,98.6,5.3,-7.4,-1.98,1.61,-0.81,0.25,0.62,-0.37,-85.5,-164.3,181.0,-2.17,4.22,0.02,0.0,0.7640680597957227,2.6774241352464125,0.22716082835526685,0.35,0,10,0.0
9.20027991400093,714,92.81,98.5,5.2,-7.6,-1.42,2.22,-1.12,0.24,0.62,-0.34,-87.0,-145.0,185.0,-2.13,3.71,-0.12,0.0,0.7467261881037788,2.8634245231889737,0.23961264604626653,0.35,0,10,0.0
9.211979234001774,715,92.82,98.3,5.1,-7.9,-0.42,2.63,-1.19,0.19,0.64,-0.3,-88.3,-125.3,193.0,-2.1,3.17,0.0,0.0,0.7319152956456095,2.917087588674704,0.2493350677343471,0.35,0,10,0.0
9.22013057500044,716,92.83,98.3,5.0,-8.2,0.88,2.8,-1.16,0.12,0.65,-0.28,-89.5,-107.5,174.0,-2.07,2.73,-0.12,0.0,0.7178439941937246,3.1559467676119,0.25813824180250744,0.35,0,10,0.0
9.231899137001164,717,92.84,98.5,5.0,-8.5,2.26,2.7,-1.23,0.05,0.67,-0.26,-90.4,-91.7,164.0,-2.05,2.3,-0.19,0.0,0.7204165461731151,3.7296782703069713,0.25045437602665455,0.35,0,10,0.0
9.240146979000201,718,92.85,98.7,4.9,-8.8,3.15,2.41,-1.3,0.02,0.75,-0.24,-91.3,-79.0,125.0,-2.03,2.03,-0.15,0.0,0.7877182237323191,4.173799228520701,0.17948964449810156,0.35,0,10,0.0
9.251962020000065,719,92.86,99.0,4.8,-9.0,3.3,2.11,-1.21,0.0,0.86,-0.23,-92.0,-68.9,109.0,-2.01,1.75,-0.05,0.0,0.8902246907382427,4.099536559173488,0.0754435139423344,0.35,0,10,0.0
9.260196545001236,720,92.87,99.4,4.7,-9.2,3.25,1.77,-0.86,0.0,1.02,-0.14,-92.6,-62.1,68.0,-1.99,1.64,0.03,0.0,1.0295630140987,3.799342048302574,0.06261691322976037,0.35,0,10,0.0
9.271857677000298,721,92.88,99.7,4.6,-9.4,2.86,0.89,-0.28,-0.02,1.09,-0.04,-93.2,-56.5,63.0,-1.98,1.46,0.17,0.0,1.0909170454255448,3.0083384118147345,0.12149152566547305,0.35,0,10,0.0
9.28019290300108,722,92.89,99.9,4.6,-9.4,2.34,-0.28,0.06,-0.02,1.09,-0.06,-93.7,-50.4,62.0,-1.96,1.29,0.0,0.0,1.0918333206126292,2.357456256221947,0.11995964483550625,0.35,0,10,0.0
9.292057300001034,723,92.9,100.1,4.6,-9.3,1.47,-1.16,0.21,-0.01,1.08,-0.25,-94.2,-45.3,62.0,-1.95,1.12,-0.12,0.0,1.108602724153247,1.8843035848822238,0.13399446740860166,0.35,0,10,0.0
9.299959991001742,724,92.91,100.2,4.6,-9.2,0.25,-1.09,0.08,0.0,1.0,-0.45,-94.6,-36.8,82.0,-1.94,0.87,-0.17,0.0,1.0965856099730655,1.121160113453917,0.11953780616385179,0.35,0,10,0.0
9.3122056480006,725,92.92,100.2,4.6,-9.1,0.02,-0.34,-0.1,0.02,1.03,-0.47,-94.9,-28.2,80.0,-1.93,0.67,0.0,0.0,1.1323427043081966,0.354964786985977,0.15218900248900324,0.35,0,10,0.0
9.320368734001022,726,92.93,100.2,4.6,-9.1,0.75,0.0,-0.08,0.08,1.12,-0.36,-95.1,-16.5,118.0,-1.93,0.28,-0.15,0.0,1.179152237838694,0.7542545989253231,0.19501856529911066,0.35,0,10,0.0
9.33182570900135,727,92.94,100.4,4.6,-9.1,1.43,0.05,0.46,0.12,1.25,-0.26,-95.2,-5.7,91.0,-1.93,0.08,0.14,0.0,1.2823805987303458,1.5029970059850417,0.29228198766694713,0.35,0,10,0.0
9.340191910001522,728,92.95,100.6,4.7,-9.1,1.55,-0.3,1.14,0.11,1.22,-0.28,-95.2,-0.6,58.0,-1.93,-0.02,0.01,0.0,1.2565428763078481,1.9473315074737532,0.26111537993956047,0.35,0,10,0.0
9.352048822000143,729,92.96,100.8,4.8,-9.0,1.61,-0.42,1.43,0.11,1.15,-0.38,-95.2,1.1,22.0,-1.93,-0.02,0.12,0.0,1.2161414391426681,2.193946216296106,0.21629966391889288,0.35,0,10,0.0
9.360176292000688,730,92.97,101.0,5.0,-8.9,1.9,-0.23,1.46,0.14,1.2,-0.33,-95.2,-0.4,0.0,-1.93,0.01,-0.09,0.0,1.2523977004130917,2.407176769578836,0.2475048066855301,0.35,0,10,0.0
9.372182896000595,731,92.98,101.2,5.1,-8.9,2.33,-0.15,1.73,0.15,1.36,-0.21,-95.2,0.3,1.0,-1.93,0.0,0.0,0.0,1.3842687600318084,2.9059077755496645,0.37178834897816193,0.35,0,11,0.0
9.38026095100031,732,92.99,101.4,5.3,-8.8,2.82,-0.1,2.22,0.09,1.5,-0.14,-95.2,1.3,13.0,-1.93,-0.06,-0.06,0.0,1.5092050887801831,3.590376024875389,0.4867901841720059,0.35,0,11,0.0
9.391928724000536,733,93.0,101.7,5.6,-8.8,2.91,-0.27,2.81,0.06,1.61,-0.1,-95.2,3.3,29.0,-1.93,-0.14,-0.15,0.0,1.6142180769648196,4.054269354643325,0.5799671089095095,0.35,0,11,0.0
9.40020355300112,734,93.01,102.0,5.9,-8.7,2.01,-0.47,3.42,0.06,1.64,-0.06,-95.1,9.3,58.0,-1.93,-0.35,0.08,0.0,1.6421936548409872,3.994671450820455,0.5957838330499636,0.35,0,11,0.0
9.412009109000792,735,93.02,102.1,6.2,-8.5,0.51,-0.63,3.65,0.03,1.42,-0.09,-94.9,17.0,65.0,-1.94,-0.53,-0.08,0.0,1.4231654858097145,3.7389169554832318,0.36922055073831705,0.35,0,11,0.0
9.420186591001766,736,93.03,102.1,6.5,-8.4,-0.18,-0.72,3.11,0.1,1.14,-0.15,-94.7,25.7,98.0,-1.95,-0.89,0.01,0.0,1.1541663658242687,3.1973270086120373,0.09821700213781392,0.35,0,11,0.0
9.4319339270005,737,93.04,102.1,6.8,-8.3,-0.32,-0.24,2.26,0.24,1.03,-0.19,-94.3,43.2,152.0,-1.96,-1.36,-0.06,0.0,1.074523150053083,2.2951252689123525,0.01820231063929567,0.35,0,11,0.0
9.440250725001533,738,93.05,102.1,7.0,-8.3,0.1,0.63,1.58,0.34,0.99,-0.17,-93.8,63.5,191.0,-1.98,-2.01,-0.01,0.0,1.0604715932074749,1.703907274472411,0.004067738717813851,0.35,0,11,0.0
9.452028770001561,739,93.06,102.1,7.1,-8.4,0.56,1.61,1.04,0.4,0.99,-0.13,-93.0,87.0,234.0,-2.0,-2.7,0.03,0.0,1.0756393447619885,1.9968224758350455,0.018850780466880934,0.35,0,11,0.0
9.460165507000056,740,93.07,102.1,7.3,-8.6,0.58,2.64,0.66,0.42,1.01,-0.1,-91.9,110.9,222.0,-2.03,-3.24,-0.92,0.0,1.0984079387914127,2.782373087851448,0.04078698700637906,0.35,0,11,0.0
9.472024496000813,741,93.08,102.1,7.4,-8.9,0.28,3.64,0.5,0.38,1.01,-0.08,-90.6,135.7,250.0,-2.07,-4.02,-0.15,0.0,1.082081327812286,3.6848337818685937,0.02397116850670722,0.35,0,11,0.0
9.48014246600178,742,93.09,102.1,7.5,-9.3,-0.16,4.42,0.45,0.3,1.0,-0.02,-89.1,162.3,256.0,-2.12,-4.73,-0.15,0.0,1.044222198576529,4.4457282867939645,0.01361020151446879,0.35,0,11,0.0
9.49195609400158,743,93.1,102.0,7.7,-9.7,-0.57,4.78,0.52,0.22,0.96,0.0,-87.3,188.7,250.0,-2.16,-5.38,-0.04,0.0,0.9848857801796105,4.841869473664072,0.07148768751315959,0.35,0,11,0.0
9.500172662001205,744,93.11,101.8,7.8,-10.2,-0.94,4.94,0.64,0.15,0.96,0.0,-85.2,213.5,245.0,-2.23,-6.08,-0.01,0.0,0.9716480844420988,5.069201120492262,0.0830308755856578,0.35,0,11,0.0
9.512000299000647,745,93.12,101.7,8.0,-10.7,-1.23,4.81,0.73,0.09,0.92,0.04,-82.9,235.6,232.0,-2.29,-6.69,0.08,0.0,0.9252567211320327,5.018157032218102,0.12683379411780937,0.35,0,11,0.0
9.520097457001611,746,93.13,101.5,8.1,-11.1,-1.25,4.44,0.68,0.04,0.9,0.06,-80.4,259.1,234.0,-2.36,-7.35,0.09,0.0,0.902884267223657,4.6624564341128165,0.1462221230656613,0.35,0,11,0.0
9.531966266000381,747,93.14,101.3,8.3,-11.5,-1.08,3.89,0.47,0.0,0.88,0.06,-77.7,282.7,233.0,-2.44,-7.97,0.48,0.0,0.8820430828479978,4.064406475735418,0.16372204129249412,0.35,0,11,0.0
9.540184792000218,748,93.15,101.2,8.4,-11.8,-0.55,3.26,0.11,-0.01,0.88,0.04,-74.7,305.2,237.0,-2.53,-8.62,-0.15,0.0,0.8809653795694812,3.3078996357205277,0.16150374967959058,0.35,0,11,0.0
9.551966408000226,749,93.16,101.1,8.4,-12.1,0.03,2.59,-0.33,-0.04,0.9,0.02,-71.5,333.0,266.0,-2.62,-9.4,-0.09,0.0,0.9011104260855048,2.611110874704481,0.13853152910029565,0.35,0,11,0.0
9.560171402001288,750,93.17,101.1,8.4,-12.4,0.33,1.96,-0.69,-0.05,0.93,0.0,-68.0,357.1,223.0,-2.71,-9.9,0.03,0.0,0.9313431161500041,2.103948668575353,0.10613286225508056,0.35,0,11,0.0
9.57197046300098,751,93.18,101.1,8.4,-12.6,0.07,1.45,-1.01,-0.05,0.91,-0.03,-64.2,380.1,257.0,-2.82,-10.7,-0.08,0.0,0.9118662182579197,1.7684739183827396,0.12309756494422175,0.35,0,11,0.0
9.580184395001197,752,93.19,101.1,8.3,-12.7,-0.24,1.16,-1.21,-0.02,0.9,-0.09,-60.2,409.3,271.0,-2.93,-11.43,0.0,0.0,0.9047098982546836,1.6933103672983285,0.12764880724850858,0.35,0,11,0.0
9.59193893200063,753,93.2,101.0,8.2,-12.8,-0.55,1.11,-1.25,0.0,0.87,-0.11,-55.9,431.3,245.0,-3.05,-12.06,0.0,0.0,0.8769264507357502,1.759857948812915,0.15232360967209324,0.35,0,11,0.0
9.600128775000485,754,93.21,100.9,8.1,-13.0,-0.62,1.15,-1.23,0.01,0.84,-0.12,-51.4,462.2,284.0,-3.18,-12.89,-0.26,0.0,0.8485870609430713,1.7943801158060129,0.17704973947547653,0.35,0,11,0.0
9.612025744001585,755,93.22,100.8,8.0,-13.1,-0.42,1.14,-1.22,0.03,0.81,-0.14,-46.6,482.9,214.0,-3.31,-13.35,-0.13,0.0,0.8225569889071517,1.7217433025860736,0.19901821528116825,0.35,0,11,0.0
9.620116730000518,756,93.23,100.8,7.8,-13.2,-0.14,1.16,-1.12,0.04,0.83,-0.15,-41.6,502.9,210.0,-3.45,-13.91,0.12,0.0,0.844393273303382,1.6185178404948153,0.17363829226723915,0.35,0,11,0.0
9.63196706800045,757,93.24,100.8,7.7,-13.4,0.15,1.13,-0.98,0.03,0.85,-0.16,-36.5,526.4,256.0,-3.59,-14.7,0.01,0.0,0.8654478609367522,1.5032631173550421,0.14953203054119157,0.35,0,11,0.0
9.640154816001086,758,93.25,100.8,7.5,-13.5,0.24,1.03,-0.91,0.02,0.87,-0.17,-31.0,550.8,192.0,-3.74,-15.09,0.02,0.0,0.8866791979064356,1.3952060779684126,0.12573467970007812,0.35,0,11,0.0
9.651876696001636,759,93.26,100.8,7.4,-13.6,0.15,0.93,-0.89,0.01,0.9,-0.18,-25.4,570.7,247.0,-3.9,-15.89,0.08,0.0,0.917877987534291,1.2959552461408534,0.09264517227077829,0.35,0,11,0.0
9.660282176000692,760,93.27,100.8,7.3,-13.7,0.0,0.83,-0.9,0.0,0.91,-0.19,-19.5,590.9,196.0,-4.06,-16.33,-0.03,0.0,0.929623579735368,1.2242957159118053,0.07928158846830713,0.35,0,11,0.0
9.672015308000482,761,93.28,100.8,7.3,-13.8,-0.29,0.69,-0.87,0.0,0.92,-0.19,-13.4,621.6,263.0,-4.23,-17.15,0.17,0.0,0.9394147114027969,1.1476497723608887,0.06810064766486068,0.35,0,11,0.0
9.68015579600069,762,93.29,100.7,7.2,-13.9,-0.58,0.58,-0.83,-0.02,0.91,-0.19,-7.1,638.8,195.0,-4.4,-17.6,-0.09,0.0,0.9298386956886662,1.1669190203266033,0.07612313011141159,0.35,0,11,0.0
9.691959337000299,763,93.3,100.6,7.1,-14.0,-0.72,0.45,-0.79,-0.03,0.88,-0.2,-0.6,654.5,180.0,-4.56,-18.01,0.0,0.0,0.9029396436085858,1.1597413504743204,0.1009617385476621,0.35,0,11,0.0
9.700141769000766,764,93.31,100.6,7.0,-14.0,-0.58,0.31,-0.78,-0.03,0.87,-0.2,5.5,610.3,-829.0,-4.74,-13.56,1.61,0.0,0.8931965069345044,1.0202450685987168,0.10849077771730864,0.35,0,11,0.0
9.711967167000694,765,93.32,100.5,7.0,-14.0,-0.25,0.1,-0.75,-0.02,0.87,-0.21,9.7,289.7,-2355.0,-4.81,-4.95,0.43,0.0,0.8952094726934027,0.7968688725254613,0.10434825571924211,0.35,0,11,0.0
9.719976031999977,766,93.33,100.5,6.9,-14.1,0.57,-0.05,-0.89,-0.01,0.85,-0.22,11.3,129.0,-1480.0,-4.84,-2.46,0.39,0.0,0.8780660567406076,1.0580642702596095,0.1190618382385965,0.35,0,11,0.0
9.732052932000443,767,93.34,100.5,6.8,-14.1,-0.27,-0.09,-0.63,-0.02,0.98,-0.25,12.0,51.4,-990.0,-4.85,-0.48,0.31,0.0,1.0115829180052418,0.6913031173081747,0.014165922565516964,0.35,0,11,0.0
9.740195522001159,768,93.35,100.5,6.8,-14.1,-1.1,0.07,-0.25,-0.01,0.92,-0.27,12.1,-9.4,-631.0,-4.84,0.61,0.12,0.0,0.9588534820294495,1.1302212172844748,0.03779224314206975,0.35,0,11,0.0
9.75192086700008,769,93.36,100.3,6.8,-14.1,-1.25,0.08,-0.01,-0.02,0.89,-0.25,11.8,-22.2,-201.0,-4.84,0.46,0.0,0.0,0.9246621004453465,1.2525973016097391,0.07054395223164933,0.35,0,11,0.0
9.760067767001601,770,93.37,100.2,6.8,-14.1,-1.2,-0.12,0.26,-0.03,0.88,-0.27,11.7,-5.1,65.0,-4.84,-0.12,-0.08,0.0,0.92097774131626,1.2336936410632908,0.07274374513352111,0.35,0,11,0.0
9.771944108000753,771,93.38,100.1,6.8,-14.1,-0.91,-0.13,0.51,-0.04,0.87,-0.28,11.8,3.0,-7.0,-4.84,0.06,0.15,0.0,0.9148223871331528,1.0512373661547616,0.07732111733029579,0.35,0,11,0.0
9.780205916000341,772,93.39,100.0,6.9,-14.0,-0.86,-0.28,0.78,-0.07,0.87,-0.26,11.7,-2.9,7.0,-4.84,-0.01,-0.15,0.0,0.9107140056021978,1.1943198901466894,0.07980090888402569,0.35,0,11,0.0
9.791976697000791,773,93.4,99.9,7.0,-14.0,-1.26,-0.48,1.12,-0.1,0.87,-0.28,11.7,0.2,-4.0,-4.84,0.04,0.06,0.0,0.9194019795497507,1.752826289168439,0.06969067623774339,0.35,0,11,0.0
9.800172209001175,774,93.41,99.8,7.1,-13.9,-1.53,-0.73,1.36,-0.11,0.85,-0.28,11.7,-1.9,-7.0,-4.84,0.06,0.0,0.0,0.901665126307988,2.173338445801758,0.08567897888991594,0.35,0,11,0.0
9.811955405000845,775,93.42,99.7,7.2,-13.8,-0.93,-1.05,1.29,-0.04,0.82,-0.3,11.7,-2.4,-9.0,-4.84,0.08,0.0,0.0,0.8740709353364863,1.9056494955788696,0.11100770646418934,0.35,0,11,0.0
9.820115393000378,776,93.43,99.7,7.3,-13.7,-0.19,-1.13,1.04,0.03,0.86,-0.3,11.7,-3.1,-6.0,-4.84,0.09,-0.11,0.0,0.9113177272499421,1.5474495145238178,0.07228569625971881,0.35,0,11,0.0
9.832002156001181,777,93.44,99.7,7.4,-13.5,-0.16,-0.96,0.83,0.1,0.95,-0.32,11.6,-6.3,-30.0,-4.83,0.22,-0.2,0.0,1.007422453591342,1.2791012469699183,0.023342649480047606,0.35,0,11,0.0
9.840168860000631,778,93.45,99.6,7.4,-13.4,-0.79,-0.45,0.76,0.13,0.98,-0.31,11.5,-10.0,-30.0,-4.83,0.3,0.09,0.0,1.0360501918343532,1.184989451429843,0.05093097996859752,0.35,0,11,0.0
9.851931245000742,779,93.46,99.6,7.5,-13.4,-1.52,-0.01,0.75,0.14,0.98,-0.28,11.4,-10.8,-14.0,-4.83,0.31,0.11,0.0,1.0287856919689347,1.6949926253526888,0.04279315050111543,0.35,0,11,0.0
9.860268509000889,780,93.47,99.4,7.6,-13.4,-1.78,0.39,0.74,0.15,0.95,-0.27,11.3,-9.4,22.0,-4.83,0.16,0.4,0.0,0.9989494481704266,1.9667485858644973,0.012697768568555312,0.35,0,11,0.0
9.872030669001106,781,93.48,99.3,7.7,-13.4,-1.55,0.7,0.7,0.15,0.92,-0.27,11.3,-1.3,62.0,-4.83,-0.04,0.0,0.0,0.9704638066409277,1.839157415774952,0.015472115501724781,0.35,0,11,0.0
9.880180031001146,782,93.49,99.1,7.8,-13.5,-1.12,1.0,0.69,0.14,0.9,-0.27,11.3,-0.1,17.0,-4.83,0.0,0.0,0.0,0.95,1.6524224641416614,0.035217203699799415,0.35,0,11,0.0
9.89192073400045,783,93.5,99.0,7.8,-13.6,-0.71,1.24,0.75,0.12,0.88,-0.28,11.3,0.1,4.0,-4.83,0.0,0.08,0.0,0.9312357381458253,1.6137533888422977,0.05290183624289457,0.35,0,11,0.0
9.900255543001549,784,93.51,99.0,7.9,-13.7,-0.39,1.45,0.83,0.07,0.85,-0.31,11.3,0.0,3.0,-4.83,0.0,0.0,0.0,0.9074690077352504,1.7156631370988886,0.07513519532040003,0.35,0,11,0.0
9.911906492001435,785,93.52,98.9,8.1,-13.9,-0.01,1.61,0.9,0.0,0.83,-0.32,11.3,-0.1,-3.0,-4.83,0.03,0.0,0.0,0.8895504482602434,1.8445053537466354,0.09119267969949885,0.35,0,11,0.0
9.920229671000925,786,93.53,98.9,8.2,-14.0,0.79,1.36,0.76,-0.11,0.82,-0.3,11.3,0.1,6.0,-4.83,-0.01,0.08,0.0,0.8800568163476719,1.7467970689235772,0.09867258537982904,0.35,0,11,0.0
9.932021716000236,787,93.54,99.1,8.2,-14.1,2.03,0.73,0.47,-0.16,0.89,-0.31,11.3,-0.4,-1.0,-4.83,0.0,0.08,0.0,0.955928867646542,2.2078722789147016,0.02234452339933979,0.35,0,11,0.0
9.940111527001136,788,93.55,99.3,8.3,-14.2,3.14,0.03,-0.12,-0.14,1.0,-0.27,11.3,0.0,-3.0,-4.83,0.01,-0.07,0.0,1.0452272480183435,3.1424353613081686,0.06561477983301256,0.35,0,11,0.0
9.952030477001244,789,93.56,99.7,8.2,-14.1,3.52,-0.79,-0.9,-0.09,1.13,-0.27,11.3,-0.6,-4.0,-4.83,0.03,0.08,0.0,1.1652896635600951,3.718131251045342,0.1819636514672689,0.35,0,11,0.0
9.960114664001594,790,93.57,100.0,8.1,-14.0,2.99,-1.27,-1.75,0.0,1.29,-0.31,11.3,-1.0,0.0,-4.83,0.0,-0.07,0.0,1.3267252918370103,3.6899186982913323,0.3365312941493004,0.35,0,11,0.0
9.97197366400178,791,93.58,100.3,7.8,-13.9,1.61,-1.49,-2.35,0.06,1.38,-0.28,11.2,-0.1,5.0,-4.83,0.01,-0.15,0.0,1.4093970341958293,3.2147628217335105,0.410818975777957,0.35,0,12,0.0
9.980101745000866,792,93.59,100.4,7.5,-13.8,0.28,-1.84,-2.63,0.14,1.39,-0.15,11.2,-0.3,2.0,-4.83,0.0,0.16,0.0,1.4050622761998843,3.22194040913236,0.39835453342637184,0.35,0,12,0.0
9.992010407000635,793,93.6,100.3,7.2,-13.7,-0.4,-2.15,-2.75,0.19,1.36,-0.11,11.2,0.0,-5.0,-4.83,0.03,0.0,0.0,1.3776066201931523,3.513545218152173,0.3634808998712471,0.35,0,12,0.0
10.000172588001078,794,93.61,100.3,6.9,-13.5,0.22,-1.98,-3.03,0.26,1.35,-0.12,11.2,0.0,6.0,-4.83,0.0,-0.15,0.0,1.3800362314084367,3.6262515081003412,0.3585923008648009,0.35,0,12,0.0
10.011893143000634,795,93.62,100.4,6.5,-13.4,0.77,-1.42,-3.12,0.28,1.44,-0.11,11.2,-0.1,1.0,-4.83,0.0,-0.06,0.0,1.4710880327159213,3.5133602149509238,0.4406512201288397,0.35,0,12,0.0
10.019603023001764,796,93.63,100.4,6.2,-13.4,0.05,-0.77,-2.49,0.22,1.47,-0.09,11.2,0.1,0.0,-4.83,0.02,-0.07,0.0,1.4890936840910984,2.606817983672815,0.4494837340739366,0.35,0,12,0.0
10.031782153000677,797,93.64,100.4,6.0,-13.3,-0.79,-0.64,-1.51,0.07,1.34,0.0,11.2,-0.1,2.0,-4.83,0.0,0.08,0.0,1.3418271125595875,1.8203845747533678,0.2961728192915771,0.35,0,12,0.0
10.04001012200024,798,93.65,100.3,5.9,-13.3,-1.01,-1.22,-0.58,-0.08,1.17,0.04,11.2,-0.4,-3.0,-4.83,0.0,-0.15,0.0,1.1734138229968145,1.6866831356244716,0.12520433913422813,0.35,0,12,0.0
10.052031530000022,799,93.66,100.2,5.9,-13.1,-0.56,-2.18,0.02,-0.2,1.04,0.09,11.2,0.0,-5.0,-4.83,0.02,0.16,0.0,1.0628734637763801,2.250866499817348,0.014370700315517793,0.35,0,12,0.0
10.060171687000548,800,93.67,100.2,5.8,-12.8,-0.09,-3.58,0.3,-0.22,1.01,0.16,11.2,-0.7,-4.0,-4.82,0.03,-0.07,0.0,1.0459923517884824,3.593674999217375,0.0024602034389322736,0.35,0,12,0.0
10.071925937001652,801,93.68,100.3,5.8,-12.4,-0.36,-4.83,0.38,-0.17,1.06,0.15,11.2,-2.7,-20.0,-4.82,0.13,0.17,0.0,1.08397416943394,4.85828158920415,0.03481118192239485,0.35,0,12,0.0
10.080250977000105,802,93.69,100.2,5.7,-11.8,-1.66,-5.45,0.31,-0.11,1.09,0.08,11.1,-10.3,-91.0,-4.82,0.53,-0.07,0.0,1.098453458276681,5.705628799702974,0.04830466134983302,0.35,0,12,0.0
10.092033005001213,803,93.7,100.0,5.7,-11.3,-2.67,-5.53,-0.07,-0.02,1.06,0.05,10.9,-28.0,-149.0,-4.81,1.03,0.06,0.0,1.0613670430157516,6.141229518589905,0.010993881167125519,0.35,0,12,0.0
10.100152092001736,804,93.71,99.8,5.5,-10.8,-3.14,-5.52,-0.65,0.1,1.01,0.03,10.5,-45.6,-160.0,-4.8,1.48,0.08,0.0,1.0153817016275208,6.383768479511142,0.0342916310166832,0.35,0,12,0.0
10.111990528001115,805,93.72,99.5,5.3,-10.2,-3.61,-5.19,-1.02,0.21,0.97,-0.06,9.9,-61.6,-148.0,-4.78,1.84,0.0,0.0,0.9942836617384397,6.403795749397384,0.05428187748764912,0.35,0,12,0.0
10.119954224001049,806,93.73,99.2,5.2,-9.8,-4.13,-4.44,-1.04,0.25,0.95,-0.12,9.3,-67.5,-42.0,-4.76,1.64,-0.02,0.0,0.9896464014990405,6.152406033414895,0.0577407549725073,0.35,0,12,0.0
10.132116228000086,807,93.74,98.8,5.0,-9.4,-3.81,-3.73,-0.71,0.25,0.91,-0.08,8.7,-42.3,243.0,-4.75,0.45,0.08,0.0,0.9471008394041259,5.378949711607277,0.09828059072607342,0.35,0,12,0.0
10.14018761800071,808,93.75,98.5,4.9,-9.0,-2.53,-4.21,-0.47,0.6,0.73,0.0,8.6,3.3,352.0,-4.76,-0.54,0.03,0.0,0.9449338601193207,4.934156462861712,0.09843861861066117,0.35,0,12,0.0
10.151975192000464,809,93.76,98.4,4.8,-8.7,-0.25,-2.44,-0.24,0.32,0.91,-0.33,8.8,15.5,64.0,-4.76,-0.09,-0.13,0.0,1.0195096860746347,2.4644877763949244,0.023385536802240203,0.35,0,12,0.0
10.160168647000319,810,93.77,98.4,4.8,-8.5,-0.7,-1.16,0.71,0.09,0.78,-0.22,8.8,-3.6,-64.0,-4.76,0.12,0.0,0.0,0.8154140052758476,1.529607792867178,0.2229315932490068,0.35,0,12,0.0
10.172314461000497,811,93.78,98.4,4.9,-8.4,1.6,-1.12,0.68,-0.02,0.88,-0.02,8.8,-0.1,27.0,-4.76,-0.04,-0.08,0.0,0.8804544281222054,2.0680425527536905,0.15473334699459607,0.35,0,12,0.0
10.180128144000264,812,93.79,98.7,4.9,-8.2,2.8,-1.88,0.88,-0.01,1.04,0.0,8.8,0.4,-8.0,-4.76,0.03,-0.08,0.0,1.0400480758118829,3.4855128747431126,0.004763094681179636,0.35,0,12,0.0
10.19198427900119,813,93.8,98.9,5.0,-8.0,1.38,-2.28,1.13,0.06,1.18,-0.15,8.8,-0.7,1.0,-4.76,0.02,0.09,0.0,1.1910079764636339,2.8947711481220755,0.15260853542627206,0.35,0,12,0.0
10.200137566000194,814,93.81,98.9,5.0,-7.8,-1.21,-2.26,1.21,0.09,1.13,-0.16,8.8,-3.3,-36.0,-4.76,0.19,-0.08,0.0,1.1448143954370944,2.8347486661078083,0.10428665531173786,0.35,0,12,0.0
10.212047603001338,815,93.82,98.7,5.1,-7.5,-2.83,-2.4,1.05,0.1,0.97,-0.12,8.7,-9.5,-43.0,-4.75,0.28,0.09,0.0,0.9824968193332739,3.856345420213288,0.05687030237624091,0.35,0,12,0.0
10.220124330000544,816,93.83,98.4,5.2,-7.3,-3.15,-2.54,0.92,0.13,0.85,-0.15,8.6,-9.2,4.0,-4.75,0.2,0.57,0.0,0.8728688332160794,4.1497590291485595,0.16316832272356674,0.35,0,12,0.0
10.232012495000163,817,93.84,98.2,5.3,-7.0,-2.49,-2.29,0.73,0.14,0.77,-0.21,8.5,-10.7,-44.0,-4.75,0.45,0.11,0.0,0.8103085831953157,3.4607947064222118,0.2212140012894438,0.35,0,12,0.0
10.240209591000166,818,93.85,98.0,5.3,-6.8,-1.62,-1.92,0.63,0.15,0.77,-0.19,8.3,-23.2,-106.0,-4.74,0.82,0.07,0.0,0.8071554992688831,2.589922778771599,0.2198797435115588,0.35,0,12,0.0
10.252034864000962,819,93.86,97.9,5.3,-6.6,-0.95,-1.6,0.63,0.15,0.83,-0.19,8.0,-35.4,-112.0,-4.73,1.14,0.07,0.0,0.8645808232895291,1.9645355685250396,0.15920533110109458,0.35,0,12,0.0
10.26006429500012,820,93.87,97.8,5.4,-6.4,-0.82,-1.41,0.68,0.18,0.89,-0.18,7.6,-48.3,-132.0,-4.72,1.55,0.0,0.0,0.9256889326334198,1.7671728834497207,0.09613527732205995,0.35,0,12,0.0
10.272170511001605,821,93.88,97.7,5.4,-6.3,-0.98,-1.11,0.7,0.23,0.93,-0.21,6.9,-70.7,-236.0,-4.7,2.43,0.3,0.0,0.9807650075323855,1.63783393541592,0.040238018374632256,0.35,0,12,0.0
10.280299526000817,822,93.89,97.6,5.5,-6.2,-1.5,-0.69,0.68,0.28,0.93,-0.23,6.0,-106.6,-329.0,-4.66,3.48,0.3,0.0,0.9980981915623333,1.7856371411907852,0.022446737657790816,0.35,0,12,0.0
10.2921134850003,823,93.9,97.5,5.5,-6.2,-1.98,-0.13,0.68,0.31,0.9,-0.24,4.6,-146.9,-384.0,-4.62,4.59,0.24,0.0,0.9816822296446035,2.097546185427153,0.03808544558401006,0.35,0,12,0.0
10.30034072500166,824,93.91,97.2,5.6,-6.2,-2.13,0.48,0.73,0.31,0.84,-0.25,2.9,-188.0,-414.0,-4.57,5.83,0.24,0.0,0.9296235797353679,2.3022163234587665,0.08834121358338065,0.35,0,12,0.0
10.312172622001526,825,93.92,97.0,5.7,-6.2,-1.79,1.01,0.78,0.29,0.78,-0.24,0.7,-237.4,-471.0,-4.5,7.16,0.07,0.0,0.866083136886985,2.198317538482555,0.1488440233031283,0.35,0,12,0.0
10.320302156000253,826,93.93,96.9,5.8,-6.4,-0.87,1.34,0.75,0.26,0.73,-0.21,-1.9,-280.2,-414.0,-4.42,8.16,-0.01,0.0,0.8028698524667619,1.764936259472279,0.20781616156888427,0.35,0,12,0.0
10.331943176001005,827,93.94,96.8,5.9,-6.5,0.09,1.51,0.62,0.22,0.73,-0.21,-5.0,-312.4,-316.0,-4.33,8.79,0.08,0.0,0.7908223567907018,1.6348088573285868,0.21546638410004548,0.35,0,12,0.0
10.340124797001408,828,93.95,96.9,6.0,-6.6,0.71,1.71,0.43,0.19,0.75,-0.24,-8.2,-328.5,-185.0,-4.24,9.06,0.0,0.0,0.8100617260431454,1.9008156144139807,0.19230247455064975,0.35,0,12,0.0
10.351914114000465,829,93.96,96.9,6.0,-6.8,0.68,1.98,0.26,0.16,0.77,-0.27,-11.5,-335.3,-93.0,-4.15,9.17,0.0,0.0,0.8315046602394961,2.1095971179350808,0.16744234954721304,0.35,0,12,0.0
10.360343812000792,830,93.97,97.0,6.0,-7.0,0.39,2.22,-0.03,0.15,0.76,-0.28,-14.9,-337.0,-26.0,-4.06,9.08,0.04,0.0,0.8237111144084436,2.254196087300304,0.1717311774707002,0.35,0,12,0.0
10.371859458000472,831,93.98,97.0,6.1,-7.3,0.0,2.43,-0.35,0.16,0.75,-0.3,-18.2,-327.5,80.0,-3.97,8.69,-0.04,0.0,0.8234682750416071,2.45507637355745,0.16853453650078598,0.35,0,12,0.0
10.380057951000708,832,93.99,96.9,6.0,-7.5,-0.39,2.6,-0.55,0.2,0.75,-0.33,-21.4,-315.9,84.0,-3.89,8.46,-0.02,0.0,0.8434453153583817,2.686000744601535,0.14558634626033118,0.35,0,12,0.0
10.39213244200073,833,94.0,96.8,6.0,-7.8,-0.46,2.88,-0.58,0.21,0.74,-0.35,-23.7,-308.7,145.0,-3.81,8.1,0.1,0.0,0.8451035439518639,2.973617325749902,0.14104955531351204,0.35,0,12,0.0
10.400067646000025,834,94.01,96.8,6.0,-8.1,-0.03,3.14,-0.58,0.18,0.74,-0.32,-27.7,-286.6,193.0,-3.73,7.51,-0.17,0.0,0.8260750571225354,3.1932585238279723,0.15687648129998377,0.35,0,12,0.0
10.411986631001128,835,94.02,96.8,6.0,-8.4,0.94,3.05,-0.55,0.12,0.75,-0.24,-30.5,-265.7,199.0,-3.66,6.98,-0.08,0.0,0.7965550828411052,3.2386108132963427,0.1826685264697857,0.35,0,12,0.0
10.42026929900021,836,94.03,96.9,5.9,-8.7,1.92,2.61,-0.58,0.06,0.77,-0.19,-33.0,-246.0,202.0,-3.59,6.42,-0.11,0.0,0.795361553005927,3.291640928169414,0.18018481517886464,0.35,0,12,0.0
10.431946471000629,837,94.04,97.1,5.9,-9.0,2.46,2.04,-0.73,0.0,0.81,-0.21,-35.3,-224.5,213.0,-3.53,5.82,-0.11,0.0,0.8367795408588813,3.27812446377498,0.1359914907793922,0.35,0,12,0.0
10.440369756001019,838,94.05,97.3,5.9,-9.2,2.35,1.64,-0.9,-0.04,0.88,-0.23,-37.4,-201.8,220.0,-3.48,5.21,-0.03,0.0,0.910439454329611,3.0036810749478713,0.06108494576248924,0.35,0,12,0.0
10.451780125000369,839,94.06,97.5,5.8,-9.3,1.98,1.23,-0.96,-0.08,0.93,-0.18,-39.3,-180.1,211.0,-3.43,4.66,-0.11,0.0,0.9506313691436865,2.520892699025486,0.020475170329445458,0.35,0,12,0.0
10.460063512000488,840,94.07,97.7,5.7,-9.4,1.66,0.5,-0.91,-0.1,1.0,-0.09,-40.9,-159.7,216.0,-3.39,4.05,-0.05,0.0,1.0090094152187083,1.9579836567244375,0.037144818230664844,0.35,0,12,0.0
10.472083021000799,841,94.08,97.9,5.6,-9.4,1.37,-0.54,-0.75,-0.09,1.03,-0.08,-42.4,-138.5,204.0,-3.35,3.54,-0.09,0.0,1.0370149468546728,1.652573750245356,0.06384734286929672,0.35,0,12,0.0
10.48008283100171,842,94.09,98.0,5.5,-9.3,0.84,-1.45,-0.55,-0.06,1.06,-0.13,-43.6,-119.4,197.0,-3.32,3.0,-0.13,0.0,1.0696261028976435,1.7636893150438941,0.0945293289340221,0.35,0,12,0.0
10.491881225001634,843,94.1,98.0,5.5,-9.2,0.08,-1.94,-0.38,-0.04,1.04,-0.21,-44.7,-100.2,187.0,-3.29,2.51,0.15,0.0,1.0617438485811916,1.9784842683225965,0.0849141331252189,0.35,0,12,0.0
10.500335877000907,844,94.11,98.0,5.4,-9.0,-0.39,-2.01,-0.34,-0.02,0.99,-0.28,-45.6,-81.9,192.0,-3.27,1.97,0.0,0.0,1.0290286682109493,2.07552403021502,0.05115497369987698,0.35,0,12,0.0
10.51183651700012,845,94.12,98.0,5.3,-8.8,-0.43,-1.78,-0.42,0.02,0.96,-0.35,-46.2,-60.9,202.0,-3.25,1.4,0.0,0.0,1.0220078277586724,1.8787495841649573,0.04325145058264812,0.35,0,12,0.0
10.520113302000027,846,94.13,98.0,5.3,-8.6,-0.09,-1.37,-0.29,0.11,1.03,-0.35,-46.7,-41.6,187.0,-3.24,0.92,-0.05,0.0,1.0933892262136116,1.4032462364104172,0.11234019205683554,0.35,0,12,0.0
10.531987872000173,847,94.14,98.0,5.3,-8.5,0.47,-0.86,0.23,0.19,1.13,-0.31,-47.0,-24.4,164.0,-3.24,0.51,-0.08,0.0,1.1870551798463287,1.006677704133751,0.20188602277576162,0.35,0,12,0.0
10.540062865000436,848,94.15,98.1,5.3,-8.4,1.07,-0.58,0.99,0.18,1.16,-0.27,-47.1,-11.0,141.0,-3.23,0.15,0.01,0.0,1.2045331045679069,1.5688849543545251,0.21497666854739295,0.35,0,12,0.0
10.551941956000519,849,94.16,98.3,5.4,-8.4,1.77,-0.39,1.57,0.16,1.18,-0.31,-47.2,0.2,107.0,-3.23,-0.08,0.09,0.0,1.2304877081872863,2.397894910124295,0.2361126467234369,0.35,0,12,0.0
10.560040762000426,850,94.17,98.6,5.6,-8.3,2.5,-0.09,2.05,0.18,1.29,-0.26,-47.1,3.4,38.0,-3.24,-0.07,-0.07,0.0,1.3281942628998216,3.2342850832912053,0.3271428174072528,0.35,0,12,0.0
10.57191678900017,851,94.18,98.8,5.9,-8.3,3.39,0.02,2.61,0.22,1.53,-0.12,-47.1,0.8,-8.0,-3.24,0.01,0.15,0.0,1.5503870484495155,4.278387546728323,0.5383488908978078,0.35,0,13,0.0
10.580271569000615,852,94.19,99.2,6.2,-8.2,3.86,-0.1,3.62,0.19,1.79,0.0,-47.1,-0.8,-6.0,-3.24,0.02,0.03,0.0,1.800055554698243,5.292825332466584,0.7722570492036047,0.35,0,13,0.0
10.592245122001259,853,94.2,99.6,6.6,-8.1,2.72,-0.44,4.44,0.1,1.79,-0.02,-47.1,1.6,27.0,-3.24,-0.13,-0.08,0.0,1.7929026744360665,5.225476054868111,0.7498020855625995,0.35,0,13,0.0
10.604227018000529,854,94.21,99.7,7.0,-8.0,0.46,-0.47,4.23,0.13,1.52,-0.11,-47.1,7.9,52.0,-3.24,-0.3,-0.1,0.0,1.5295097253695382,4.280817678902012,0.47668095376614983,0.35,0,13,0.0
10.612268194001444,855,94.22,99.7,7.4,-7.9,-0.95,0.13,3.11,0.31,1.15,-0.21,-46.9,17.2,105.0,-3.24,-0.67,-0.14,0.0,1.2094213492410326,3.2544584803005243,0.15346072608489125,0.35,0,13,0.0
10.620060392000596,856,94.23,99.6,7.7,-8.0,-0.95,1.04,1.82,0.43,0.96,-0.15,-46.6,34.0,149.0,-3.25,-1.13,-0.15,0.0,1.0625441167311596,2.30141260968128,0.006451823703517823,0.35,0,13,0.0
10.631926666001164,857,94.24,99.5,7.8,-8.1,0.02,1.9,0.83,0.5,0.88,-0.14,-46.2,54.1,190.0,-3.27,-1.73,-0.04,0.0,1.0217631819555841,2.073475343475297,0.03364252885061636,0.35,0,13,0.0
10.640315631000703,858,94.25,99.5,7.9,-8.3,0.76,3.03,0.29,0.51,0.91,-0.11,-45.5,73.6,209.0,-3.29,-2.34,-0.25,0.0,1.048951857808546,3.1372918257631053,0.006324775937701421,0.35,0,13,0.0
10.651865912001085,859,94.26,99.5,8.0,-8.7,1.02,4.06,0.05,0.45,0.95,-0.03,-44.6,98.6,223.0,-3.32,-2.96,0.0,0.0,1.051617801294748,4.186466290321707,0.0035856558024693896,0.35,0,13,0.0
10.660086544001388,860,94.27,99.6,8.0,-9.1,1.05,4.82,-0.09,0.36,0.93,0.0,-43.4,121.4,224.0,-3.35,-3.57,-0.05,0.0,0.9972462083156798,4.93386258422344,0.056798103805906774,0.35,0,13,0.0
10.671902703001251,861,94.28,99.6,8.1,-9.6,0.9,5.31,-0.16,0.28,0.93,0.0,-42.0,144.0,225.0,-3.39,-4.18,-0.08,0.0,0.9712363255150623,5.388107274358965,0.0811518268743937,0.35,0,13,0.0
10.680213733001438,862,94.29,99.6,8.2,-10.2,0.35,5.51,-0.05,0.2,0.96,0.03,-40.4,164.9,214.0,-3.44,-4.75,0.1,0.0,0.9810708435174292,5.521331361184546,0.06989096269458617,0.35,0,13,0.0
10.692190551000749,863,94.3,99.5,8.3,-10.7,0.0,5.27,0.08,0.12,0.96,0.09,-38.7,185.3,208.0,-3.49,-5.29,-0.08,0.0,0.9716480844420988,5.270607175648741,0.07772744733451831,0.35,0,13,0.0
10.700294867001503,864,94.31,99.5,8.4,-11.2,0.05,4.76,0.07,0.05,0.94,0.1,-36.7,207.3,221.0,-3.55,-5.92,-0.32,0.0,0.9466255859631092,4.760777247467056,0.10069494689723779,0.35,0,13,0.0
10.711863225000343,865,94.32,99.4,8.5,-11.7,0.15,4.06,-0.09,-0.01,0.94,0.07,-34.4,231.1,229.0,-3.61,-6.55,-0.08,0.0,0.9426558226627574,4.063766725588465,0.10257141599363784,0.35,0,13,0.0
10.720052519000092,866,94.33,99.4,8.5,-12.0,0.32,3.4,-0.48,-0.05,0.92,0.02,-32.0,252.5,208.0,-3.68,-7.08,-0.08,0.0,0.9215747392371386,3.4485939163664945,0.12117944943087144,0.35,0,13,0.0
10.731964389000495,867,94.34,99.4,8.5,-12.4,0.45,2.86,-0.97,-0.07,0.91,0.0,-29.6,269.6,204.0,-3.75,-7.65,0.08,0.0,0.9126883367283709,3.053358806298401,0.1274645349008463,0.35,0,13,0.0
10.74039426300078,868,94.35,99.4,8.4,-12.6,0.44,2.33,-1.35,-0.07,0.92,0.0,-26.4,295.0,234.0,-3.84,-8.33,-0.2,0.0,0.9226592003551474,2.7285527299284507,0.11514379784858841,0.35,0,13,0.0
10.751794256000721,869,94.36,99.4,8.3,-12.9,0.3,1.93,-1.55,-0.05,0.93,0.0,-23.3,320.2,235.0,-3.92,-8.97,-0.03,0.0,0.9313431161500041,2.493471475674025,0.10433068441265703,0.35,0,13,0.0
10.760060621001685,870,94.37,99.4,8.1,-13.1,0.16,1.56,-1.59,-0.03,0.91,0.0,-19.9,340.4,214.0,-4.02,-9.52,0.0,0.0,0.910494371207203,2.233226365597541,0.12267584076834892,0.35,0,13,0.0
10.77206252600081,871,94.38,99.4,8.0,-13.2,0.0,1.3,-1.6,-0.02,0.86,-0.02,-16.4,367.4,278.0,-4.12,-10.39,-0.04,0.0,0.860464990571958,2.0615528128088303,0.1692511169755221,0.35,0,13,0.0
10.780090194000877,872,94.39,99.3,7.9,-13.4,0.0,1.08,-1.52,-0.01,0.85,-0.05,-12.5,396.0,255.0,-4.23,-11.03,-0.29,0.0,0.8515280382935138,1.8646179233290663,0.17462430786888694,0.35,0,13,0.0
10.7921123490014,873,94.4,99.3,7.7,-13.5,-0.07,1.0,-1.32,-0.02,0.85,-0.06,-8.4,418.5,242.0,-4.34,-11.68,-0.07,0.0,0.8523496934944014,1.6574981146293952,0.17032659961463936,0.35,0,13,0.0
10.800104803000067,874,94.41,99.3,7.6,-13.6,-0.01,0.71,-1.02,-0.04,0.87,-0.05,-4.0,442.5,231.0,-4.46,-12.29,-0.92,0.0,0.8723531395025755,1.2428193754524428,0.14731669053433583,0.35,0,13,0.0
10.811988183000722,875,94.42,99.3,7.6,-13.7,0.08,0.37,-0.72,-0.06,0.86,-0.07,0.5,467.1,241.0,-4.59,-12.94,0.04,0.0,0.8649277426467485,0.8134494452638098,0.15164724564235965,0.35,0,13,0.0
10.82004737400166,876,94.43,99.3,7.5,-13.7,0.27,0.0,-0.52,-0.08,0.87,-0.09,5.1,439.5,-435.0,-4.71,-10.52,0.47,0.0,0.8782938005018593,0.5859180830116101,0.1355155640315039,0.35,0,13,0.0
10.831939024001258,877,94.44,99.3,7.5,-13.7,0.35,-0.3,-0.51,-0.07,0.86,-0.13,8.5,289.4,-1217.0,-4.78,-6.03,0.3,0.0,0.8725823743349392,0.6874590896918885,0.13840245039445542,0.35,0,13,0.0
10.840322179001305,878,94.45,99.4,7.4,-13.7,0.52,-0.49,-0.7,-0.07,0.87,-0.14,10.6,196.0,-749.0,-4.83,-4.89,0.04,0.0,0.8839683252243826,1.0002499687578101,0.1244761695149117,0.35,0,13,0.0
10.85195316700083,879,94.46,99.4,7.3,-13.6,0.07,-0.62,-0.79,-0.04,0.94,-0.16,12.3,157.0,-553.0,-4.87,-3.64,0.16,0.0,0.9543584232352119,1.0066777041337511,0.05300435007400084,0.35,0,13,0.0
10.860327466001763,880,94.47,99.4,7.2,-13.6,-0.58,-0.64,-0.69,-0.02,0.93,-0.19,13.5,100.2,-597.0,-4.9,-1.94,0.32,0.0,0.9494208761134337,1.105486318323298,0.056783059251863444,0.35,0,13,0.0
10.871956425000462,881,94.48,99.3,7.2,-13.5,-0.61,-0.74,-0.6,0.0,0.89,-0.18,14.1,37.5,-606.0,-4.9,-0.28,0.21,0.0,0.9080198235721508,1.131238259607586,0.0962204295572835,0.35,0,13,0.0
10.880063300000984,882,94.49,99.3,7.1,-13.4,-0.24,-0.87,-0.63,0.02,0.85,-0.21,14.1,-7.0,-367.0,-4.9,0.28,0.14,0.0,0.8757853618324526,1.1006361796706485,0.12588579347104212,0.35,0,13,0.0
10.89221378900038,883,94.5,99.3,7.0,-13.4,0.15,-0.82,-0.64,0.05,0.85,-0.25,14.0,-5.5,-67.0,-4.9,0.0,-0.03,0.0,0.8874119674649423,1.050951949424901,0.11197400408178138,0.35,0,13,0.0
10.9000749550014,884,94.51,99.3,6.9,-13.3,0.13,-0.62,-0.5,0.06,0.87,-0.27,14.0,2.5,0.0,-4.9,-0.06,0.05,0.0,0.9129074432821763,0.8070315978944071,0.08474895769925639,0.35,0,13,0.0
10.912026678000984,885,94.52,99.3,6.9,-13.2,-0.19,-0.51,-0.33,0.06,0.86,-0.28,14.0,0.6,-21.0,-4.9,0.03,-0.03,0.0,0.9064215354899728,0.6364746656387825,0.08941016818163072,0.35,0,13,0.0
10.920211668000775,886,94.53,99.3,6.9,-13.2,-0.38,-0.41,-0.11,0.05,0.87,-0.29,14.0,-1.3,-5.0,-4.9,0.01,0.17,0.0,0.9184225606985055,0.5697367813297646,0.07586096011363608,0.35,0,13,0.0
10.932036788000914,887,94.54,99.3,6.9,-13.2,-0.43,-0.37,0.15,0.02,0.87,-0.28,14.0,0.0,3.0,-4.9,0.0,0.0,0.0,0.914166286842826,0.586770824087224,0.07851488928992922,0.35,0,13,0.0
10.940119419001348,888,94.55,99.2,6.9,-13.1,-0.43,-0.42,0.5,0.01,0.88,-0.27,14.0,1.2,7.0,-4.9,-0.03,0.08,0.0,0.9205433178292045,0.7818567643756751,0.07069510113747968,0.35,0,13,0.0
10.951983137001662,889,94.56,99.2,6.9,-13.1,-0.54,-0.52,0.88,0.0,0.89,-0.25,14.0,-0.4,-6.0,-4.9,0.0,0.08,0.0,0.9244457799135654,1.156027681329474,0.06545678627205642,0.35,0,13,0.0
10.96009089600011,890,94.57,99.2,7.0,-13.0,-0.67,-0.7,1.22,-0.02,0.88,-0.24,14.0,0.0,-1.0,-4.9,0.0,0.08,0.0,0.9123595782365634,1.5579794607118542,0.07599212819007717,0.35,0,13,0.0
10.972061278000183,891,94.58,99.1,7.2,-12.9,-0.7,-0.91,1.49,-0.04,0.86,-0.26,14.0,-0.1,-4.0,-4.9,0.01,-0.03,0.0,0.8993330862366846,1.8810103667975888,0.08723824778615685,0.35,0,13,0.0
10.980085182000039,892,94.59,99.0,7.3,-12.7,-0.56,-1.04,1.64,-0.08,0.84,-0.27,14.0,0.2,5.0,-4.9,-0.01,0.26,0.0,0.8859458222713169,2.0210888154655646,0.0986130015164941,0.35,0,13,0.0
10.992044174001421,893,94.6,99.0,7.4,-12.6,-0.15,-1.15,1.66,-0.11,0.85,-0.26,14.0,-0.3,-5.0,-4.9,0.02,0.08,0.0,0.8956561840349231,2.0249938271510852,0.08712458695783021,0.35,0,13,0.0
10.999934146000669,894,94.61,99.0,7.6,-12.5,-0.13,-1.36,1.7,-0.16,0.86,-0.24,14.0,0.0,-1.0,-4.9,0.01,-0.28,0.0,0.9070832376358853,2.180940164241101,0.07418358268973069,0.35,0,13,0.0
11.01204338700154,895,94.62,99.1,7.7,-12.3,-0.09,-1.65,1.7,-0.17,0.85,-0.25,14.0,-0.8,0.0,-4.9,0.0,0.08,0.0,0.9021640649017229,2.3707804622107043,0.07752070031541525,0.35,0,13,0.0
11.020223673000146,896,94.63,99.1,7.9,-12.1,-0.06,-1.97,1.6,-0.15,0.86,-0.27,14.0,-0.9,-5.0,-4.9,0.04,0.08,0.0,0.9137833441248532,2.538601977467126,0.06458339267043922,0.35,0,13,0.0
11.032003384001655,897,94.64,99.1,8.0,-11.8,0.19,-2.36,1.35,-0.06,0.85,-0.28,14.0,-3.4,-24.0,-4.9,0.13,0.01,0.0,0.8969392398596462,2.7254724361108478,0.07979894699693324,0.35,0,13,0.0
11.04003483500128,898,94.65,99.2,8.1,-11.6,0.78,-2.48,0.91,0.06,0.86,-0.34,13.9,-6.7,-23.0,-4.9,0.19,0.0,0.0,0.9267146270562475,2.7544327909753035,0.04902308860432525,0.35,0,13,0.0
11.051993154000229,899,94.66,99.3,8.1,-11.3,1.13,-2.06,0.39,0.2,0.93,-0.39,13.9,-5.9,8.0,-4.9,0.12,0.0,0.0,1.0281050529979903,2.3817220660690026,0.05131999059066916,0.35,0,13,0.0
11.060098495001512,900,94.67,99.5,8.1,-11.2,0.79,-1.27,0.0,0.33,1.01,-0.42,13.8,-1.5,33.0,-4.9,0.0,0.0,0.0,1.1425410277097274,1.4956603892595404,0.16244084599635822,0.35,0,13,0.0
11.072025507000944,901,94.68,99.5,8.1,-11.1,-0.04,-0.27,-0.14,0.38,1.04,-0.42,13.8,0.0,8.0,-4.9,0.0,-0.15,0.0,1.184229707446997,0.3067572330035594,0.20004693521895522,0.35,0,13,0.0
11.080067401000633,902,94.69,99.5,8.0,-11.1,-0.41,0.43,-0.17,0.35,0.97,-0.41,13.8,0.2,5.0,-4.9,0.0,0.07,0.0,1.1097296968181034,0.617980582219215,0.12303598609826039,0.35,0,13,0.0
11.092168259001483,903,94.7,99.4,8.0,-11.2,0.21,0.89,-0.19,0.27,0.94,-0.43,13.8,-0.1,2.0,-4.9,0.0,0.32,0.0,1.068363234110946,0.9339700209321496,0.08003613292328082,0.35,0,13,0.0
11.100160678000975,904,94.71,99.5,8.0,-11.3,1.12,1.34,-0.08,0.18,0.96,-0.39,13.8,0.0,-6.0,-4.9,0.02,0.01,0.0,1.0517128885774862,1.748256274120016,0.062118071642024764,0.35,0,13,0.0
11.112017493000167,905,94.72,99.6,8.1,-11.4,2.08,1.47,-0.15,0.09,1.0,-0.27,13.8,0.0,-7.0,-4.9,0.03,0.1,0.0,1.0397114984456024,2.5514309710435046,0.04911434787993807,0.35,0,13,0.0
11.12016877500173,906,94.73,99.9,8.0,-11.6,3.04,1.25,-0.51,0.04,1.09,-0.23,13.8,-0.1,2.0,-4.9,0.0,0.07,0.0,1.1147196957082979,3.326289223744682,0.12164009423978084,0.35,0,13,0.0
11.132016778001343,907,94.74,100.2,8.0,-11.7,3.46,0.86,-1.29,0.04,1.19,-0.26,13.8,0.0,5.0,-4.9,-0.01,-0.08,0.0,1.2187288459702592,3.7914772846477662,0.22113625961170735,0.35,0,13,0.0
11.140126422000321,908,94.75,100.5,7.8,-11.8,2.81,0.45,-2.23,0.04,1.24,-0.24,13.8,-0.3,-5.0,-4.9,0.01,-0.05,0.0,1.2636455199145051,3.6154529453444697,0.2607318748848342,0.35,0,13,0.0
11.152028886001062,909,94.76,100.7,7.4,-11.9,1.95,-0.36,-3.26,0.07,1.21,-0.19,13.8,0.3,3.0,-4.9,0.0,0.16,0.0,1.2268251709188231,3.81571749478391,0.21943329537136913,0.35,0,13,0.0
11.160268207000627,910,94.77,100.9,7.0,-11.9,1.59,-0.81,-4.39,0.14,1.21,-0.25,13.8,-0.1,-2.0,-4.9,0.01,0.07,0.0,1.2434629065637623,4.738807866964011,0.23134961039598223,0.35,0,13,0.0
11.171998613001051,911,94.78,101.1,6.5,-11.9,2.0,-0.62,-5.43,0.2,1.32,-0.27,13.8,0.0,2.0,-4.9,-0.01,0.0,0.0,1.3620939761998803,5.819733670882199,0.3429810664314581,0.35,0,13,0.0
11.180092625001635,912,94.79,101.3,6.0,-12.0,1.82,-0.06,-5.79,0.24,1.52,-0.23,13.8,0.0,-3.0,-4.9,0.0,0.07,0.0,1.5559241626763176,6.069604599971896,0.5260750278497375,0.35,0,14,0.0
11.192047572001684,913,94.8,101.3,5.5,-12.1,0.23,0.37,-4.76,0.07,1.58,-0.12,13.8,0.1,-11.0,-4.9,0.04,0.07,0.0,1.5860958356921566,4.779895396344987,0.5451217668482649,0.35,0,14,0.0
11.200193436001427,914,94.81,101.3,5.1,-12.2,-0.46,-0.03,-3.12,-0.16,1.48,0.04,13.8,-0.5,0.0,-4.9,0.01,-0.3,0.0,1.4891608375189027,3.15387063780365,0.4392230333015108,0.35,0,14,0.0
11.212003754000762,915,94.82,101.3,4.9,-12.2,-0.03,-1.0,-1.45,-0.37,1.34,0.11,13.8,-1.8,-25.0,-4.89,0.12,-0.06,0.0,1.3944891537763928,1.7616469566857031,0.33766032256782097,0.35,0,14,0.0
11.22016506700129,916,94.83,101.3,4.8,-12.0,0.74,-2.15,-0.35,-0.47,1.19,0.1,13.7,-15.0,-132.0,-4.89,0.67,-0.09,0.0,1.2833549781724463,2.300565147958214,0.22199562402459683,0.35,0,14,0.0
11.231996823000372,917,94.84,101.4,4.7,-11.7,1.3,-3.63,-0.03,-0.41,1.17,0.23,13.4,-38.4,-219.0,-4.88,1.4,0.02,0.0,1.2609123680890753,3.855878628795258,0.19556195366240137,0.35,0,14,0.0
11.240058916000635,918,94.85,101.6,4.6,-11.3,0.09,-5.24,0.11,-0.17,1.26,0.22,12.8,-67.5,-268.0,-4.86,2.2,-0.07,0.0,1.2903100402616419,5.241927126544207,0.2204604333182687,0.35,0,14,0.0
11.251948519000507,919,94.86,101.5,4.5,-10.7,-2.34,-6.36,0.17,0.04,1.27,0.16,12.0,-94.0,-275.0,-4.83,2.94,-0.68,0.0,1.2806638903318857,6.778945345700908,0.20659799772074217,0.35,0,14,0.0
11.26034892500138,920,94.87,101.2,4.4,-10.1,-4.62,-6.6,0.0,0.17,1.13,0.08,10.8,-120.4,-234.0,-4.8,3.51,0.23,0.0,1.1455129855222068,8.056326706384244,0.07001815105284215,0.35,0,14,0.0
11.271854278000319,921,94.88,100.7,4.2,-9.4,-5.51,-6.43,-0.45,0.23,0.96,0.07,9.5,-135.3,-133.0,-4.76,3.7,-0.29,0.0,0.9896464014990405,8.479829007710002,0.08413146431091767,0.35,0,14,0.0
11.28012973300065,922,94.89,100.2,4.1,-8.8,-5.43,-6.17,-0.82,0.25,0.86,0.03,8.2,-128.0,65.0,-4.73,3.19,-0.1,0.0,0.8961026726887941,8.259915253802546,0.17412168925874083,0.35,0,14,0.0
11.292011825000372,923,94.9,99.7,3.9,-8.3,-5.57,-5.32,-0.81,0.2,0.81,-0.06,7.0,-111.6,80.0,-4.7,2.99,0.12,0.0,0.8364807230295269,7.74489509289829,0.22906876613964788,0.35,0,14,0.0
11.300132739001128,924,94.91,99.2,3.7,-7.8,-5.23,-4.36,-0.52,0.15,0.73,-0.07,5.9,-118.5,-66.0,-4.66,3.44,0.09,0.0,0.7485318964479736,6.828828596472459,0.31067724086677717,0.35,0,14,0.0
11.311889927001175,925,94.92,98.8,3.6,-7.4,-3.47,-3.81,-0.19,0.12,0.68,-0.03,4.5,-141.3,-195.0,-4.62,4.17,0.05,0.0,0.691158447825099,5.156849813597445,0.36068967569985866,0.35,0,14,0.0
11.32031250900036,926,94.93,98.6,3.6,-7.1,-1.16,-3.56,0.15,0.13,0.73,-0.05,2.9,-172.7,-300.0,-4.58,5.18,0.0,0.0,0.7431688906298486,3.747225640390501,0.30250564823720705,0.35,0,14,0.0
11.33199777200025,927,94.94,98.6,3.6,-6.7,0.11,-3.08,0.3,0.15,0.81,-0.14,0.9,-220.6,-464.0,-4.51,6.7,0.17,0.0,0.8355836283700154,3.096530316337949,0.2058890922870994,0.35,0,14,0.0
11.340072928000154,928,94.95,98.6,3.7,-6.4,0.33,-2.5,0.46,0.18,0.92,-0.14,-1.6,-275.1,-499.0,-4.44,8.11,0.37,0.0,0.9478396488858228,2.563298656028985,0.09176041033586613,0.35,0,14,0.0
11.351868672001729,929,94.96,98.6,3.8,-6.2,-0.02,-2.09,0.7,0.18,0.97,-0.15,-4.7,-322.5,-449.0,-4.35,9.23,-0.05,0.0,0.9978977903573091,2.2042005353415552,0.04086822348709218,0.35,0,14,0.0
11.36019817200031,930,94.97,98.6,3.8,-6.0,-0.07,-1.84,0.89,0.18,0.96,-0.16,-8.2,-355.8,-344.0,-4.25,9.99,0.15,0.0,0.9897474425326898,2.0451405819649664,0.048038199885477306,0.35,0,14,0.0
11.371973527000591,931,94.98,98.7,3.9,-5.8,-0.03,-1.67,1.1,0.14,0.92,-0.15,-11.9,-381.4,-282.0,-4.15,10.66,0.18,0.0,0.9426027795418386,1.9999499993749845,0.09327920561880187,0.35,0,14,0.0
11.38006734100054,932,94.99,98.7,4.1,-5.6,0.24,-1.59,1.19,0.12,0.89,-0.16,-15.9,-400.7,-177.0,-4.04,10.97,0.12,0.0,0.9121951545584969,2.0004499493863874,0.12121309399010072,0.35,0,14,0.0
11.392309505001322,933,95.0,98.8,4.2,-5.5,0.5,-1.48,1.19,0.1,0.88,-0.16,-18.5,-403.3,-112.0,-3.93,11.0,0.08,0.0,0.9,1.963797341886377,0.13074008357762568,0.35,0,14,0.0
11.400168163001581,934,95.01,98.9,4.3,-5.3,0.7,-1.43,1.13,0.09,0.89,-0.16,-24.0,-408.9,-67.0,-3.81,11.1,0.01,0.0,0.9087353850269065,1.952383159116058,0.11956460457970486,0.35,0,14,0.0
11.4120017560017,935,95.02,99.0,4.4,-5.1,0.58,-1.45,1.07,0.09,0.88,-0.17,-28.0,-403.1,44.0,-3.71,10.81,-0.01,0.0,0.9007774419910837,1.89309270771402,0.12497209666321707,0.35,0,14,0.0
11.42006347700044,936,95.03,99.0,4.5,-5.0,0.43,-1.47,1.05,0.1,0.88,-0.18,-32.0,-394.8,56.0,-3.6,10.66,-0.06,0.0,0.9037698822156003,1.8569598810959809,0.1195400633099265,0.35,0,14,0.0
11.432003915000678,937,95.04,99.1,4.6,-4.8,0.32,-1.55,1.1,0.1,0.86,-0.18,-35.9,-382.8,141.0,-3.5,10.12,-0.16,0.0,0.8843076387773657,1.9274075853332113,0.13622226061319787,0.35,0,14,0.0
11.44013527000061,938,95.05,99.2,4.7,-4.6,0.38,-1.67,1.1,0.11,0.84,-0.2,-39.6,-359.5,195.0,-3.4,9.52,-0.08,0.0,0.8704596486914256,2.035509764162285,0.14706884568515521,0.35,0,14,0.0
11.451889844000107,939,95.06,99.3,4.8,-4.4,0.6,-1.72,1.1,0.13,0.85,-0.22,-43.0,-336.5,228.0,-3.31,8.83,-0.07,0.0,0.8875809822207774,2.1280037593951753,0.12734856191268729,0.35,0,14,0.0
11.460126919000686,940,95.07,99.4,4.9,-4.2,0.74,-1.62,1.08,0.14,0.87,-0.25,-46.2,-310.5,247.0,-3.22,8.14,0.01,0.0,0.9159694318043589,2.0828826179120132,0.09698091008252374,0.35,0,14,0.0
11.471904215000905,941,95.08,99.5,5.0,-4.1,0.58,-1.48,1.09,0.15,0.89,-0.27,-49.1,-284.2,260.0,-3.15,7.39,0.09,0.0,0.9420721840708386,1.9274075853332113,0.0694605946597231,0.35,0,14,0.0
11.480253016999995,942,95.09,99.5,5.1,-3.9,0.33,-1.31,1.04,0.15,0.89,-0.28,-51.8,-255.4,291.0,-3.08,6.54,-0.11,0.0,0.944986772394196,1.7048753620133057,0.06521508620963834,0.35,0,14,0.0
11.49226094900041,943,95.1,99.6,5.1,-3.8,0.09,-1.17,0.92,0.15,0.88,-0.28,-54.1,-219.9,343.0,-3.02,5.53,-0.02,0.0,0.9355746896961247,1.4911069713471263,0.07313462552955541,0.35,0,14,0.0
11.500075895000919,944,95.11,99.6,5.2,-3.7,-0.12,-1.09,0.82,0.15,0.87,-0.28,-56.0,-183.5,348.0,-2.97,4.57,-0.4,0.0,0.9261749294814668,1.3692698784388708,0.08088369802932893,0.35,0,14,0.0
11.511947333001444,945,95.12,99.6,5.3,-3.5,-0.38,-0.99,0.69,0.15,0.84,-0.29,-57.6,-149.1,344.0,-2.93,3.64,-0.24,0.0,0.9012213934433646,1.2651482126612676,0.10372048938608258,0.35,0,14,0.0
11.520217139001034,946,95.13,99.5,5.3,-3.4,-0.63,-0.83,0.44,0.16,0.8,-0.3,-58.9,-117.4,326.0,-2.9,2.79,-0.43,0.0,0.8692525524840292,1.1311056537742175,0.1329755437385095,0.35,0,14,0.0
11.532300384000337,947,95.14,99.5,5.3,-3.4,-0.89,-0.61,0.05,0.17,0.74,-0.32,-59.8,-84.5,328.0,-2.88,1.89,-0.06,0.0,0.8239538822045807,1.0801388799594245,0.17470872973759888,0.35,0,14,0.0
11.540053654000076,948,95.15,99.4,5.3,-3.3,-1.19,-0.32,-0.44,0.19,0.68,-0.34,-60.5,-53.0,317.0,-2.87,1.06,0.01,0.0,0.7836453279386026,1.3084723917607126,0.21071693832350535,0.35,0,14,0.0
11.55191790200115,949,95.16,99.2,5.2,-3.3,-1.28,0.12,-0.91,0.23,0.65,-0.37,-60.8,-24.8,283.0,-2.86,0.35,-0.15,0.0,0.7824960063795854,1.5750872991678906,0.2076289346848722,0.35,0,14,0.0
11.560045813001125,950,95.17,99.1,5.1,-3.4,-1.09,0.63,-1.16,0.24,0.69,-0.34,-60.9,-1.2,226.0,-2.86,-0.16,0.25,0.0,0.805791536316931,1.711899529762188,0.18064673665257602,0.35,0,14,0.0
11.57200991100035,951,95.18,99.0,5.0,-3.5,-0.62,1.1,-1.21,0.21,0.7,-0.3,-60.8,6.1,79.0,-2.86,-0.12,-0.07,0.0,0.7899999999999999,1.7488567694353934,0.19250950751011697,0.35,0,14,0.0
11.580097775000468,952,95.19,99.0,4.9,-3.6,0.28,1.37,-1.21,0.16,0.7,-0.28,-60.8,1.8,-5.0,-2.86,0.02,-0.07,0.0,0.7707139547199077,1.8491619723539634,0.207559641734405,0.35,0,14,0.0
11.59204681400115,953,95.2,99.1,4.8,-3.8,1.32,1.58,-1.19,0.11,0.74,-0.28,-60.8,-2.9,-30.0,-2.86,0.12,0.08,0.0,0.7988116173416608,2.378003364169193,0.17587273953039884,0.35,0,14,0.0
11.60016495400123,954,95.21,99.2,4.7,-4.0,2.1,1.64,-1.16,0.07,0.79,-0.26,-60.9,-7.2,-38.0,-2.86,0.25,0.08,0.0,0.8346256645946134,2.906062628368494,0.13725751843189737,0.35,0,14,0.0
11.611902941000153,955,95.22,99.5,4.6,-4.2,2.44,1.49,-1.1,0.06,0.88,-0.25,-60.9,-10.1,-29.0,-2.86,0.31,-0.04,0.0,0.9167878707749137,3.0632825530792944,0.0539934060065651,0.35,0,14,0.0
11.620350868000969,956,95.23,99.8,4.6,-4.3,2.33,1.27,-0.91,0.03,0.95,-0.24,-61.1,-16.4,-78.0,-2.85,0.61,0.13,0.0,0.9803060746521975,2.8053342046893452,0.00933430191330431,0.35,0,14,0.0
11.631933677001143,957,95.24,100.0,4.5,-4.4,1.96,1.0,-0.7,0.01,1.0,-0.2,-61.3,-28.6,-91.0,-2.85,0.86,-0.02,0.0,1.0198529305738155,2.309025768587263,0.047903534678223836,0.35,0,14,0.0
11.640264621000824,958,95.25,100.2,4.4,-4.5,1.73,0.4,-0.39,0.01,1.06,-0.13,-61.7,-37.4,-96.0,-2.83,1.14,0.04,0.0,1.067988763985839,1.8179658962697842,0.09411858072844237,0.35,0,14,0.0
11.652028316000724,959,95.26,100.3,4.3,-4.5,1.54,-0.47,0.08,0.02,1.09,-0.18,-62.1,-45.4,-76.0,-2.82,1.3,0.06,0.0,1.104943437466371,1.6121104180545451,0.12845178912479482,0.35,0,14,0.0
11.660208389001127,960,95.27,100.5,4.3,-4.4,1.12,-0.83,0.44,0.02,1.07,-0.33,-62.6,-49.6,-48.0,-2.81,1.38,0.02,0.0,1.1199107107265294,1.4618139416492102,0.14055068113725422,0.35,0,14,0.0
11.671986188001028,961,95.28,100.6,4.4,-4.3,0.81,-0.52,0.57,0.0,1.03,-0.41,-63.1,-51.2,-19.0,-2.79,1.38,-0.07,0.0,1.1086027241532468,1.1186599125739691,0.12665784067269226,0.35,0,14,0.0
11.680117469000834,962,95.29,100.6,4.4,-4.3,0.76,-0.25,0.52,0.0,1.0,-0.4,-63.6,-49.1,18.0,-2.78,1.28,-0.04,0.0,1.077032961426901,0.9542012366372201,0.09318631638741948,0.35,0,14,0.0
11.691958173001694,963,95.3,100.7,4.5,-4.3,0.76,-0.04,0.4,0.05,1.04,-0.38,-64.1,-43.6,48.0,-2.77,1.1,0.08,0.0,1.1083771921146701,0.8597674104081872,0.1220399361336848,0.35,0,14,0.0
11.699992791000113,964,95.31,100.8,4.5,-4.3,0.95,0.32,0.51,0.1,1.13,-0.35,-64.4,-37.0,74.0,-2.76,0.86,0.02,0.0,1.1871815362445626,1.1247221879201992,0.19682739465830568,0.35,0,14,0.0
11.71260159600024,965,95.32,101.0,4.6,-4.3,1.56,0.62,0.81,0.11,1.2,-0.32,-64.8,-28.6,64.0,-2.75,0.7,-0.24,0.0,1.2467958934805647,1.8638937737972086,0.25131291685642165,0.35,0,14,0.0
11.720134745000905,966,95.33,101.2,4.7,-4.4,2.47,0.85,1.15,0.08,1.27,-0.3,-65.0,-21.8,67.0,-2.75,0.51,0.0,0.0,1.3074020039758238,2.854102310709972,0.3056806468046471,0.35,0,14,0.0
11.732022889000291,967,95.34,101.5,4.8,-4.4,3.34,0.77,1.51,0.08,1.39,-0.26,-65.2,-13.8,92.0,-2.74,0.22,-0.06,0.0,1.416368596093545,3.745477272658319,0.4063542941439209,0.35,0,15,0.0
11.74007197300125,968,95.35,101.9,5.0,-4.5,3.81,0.79,2.09,0.09,1.58,-0.24,-65.2,-2.1,107.0,-2.74,-0.08,-0.04,0.0,1.6006561154726522,4.416820123120252,0.5788289772525674,0.35,0,15,0.0
11.75222179299999,969,95.36,102.2,5.3,-4.5,3.69,0.77,2.95,0.05,1.75,-0.09,-65.2,4.2,54.0,-2.74,-0.13,-0.02,0.0,1.7530259553126988,4.786595867628685,0.7165748407507617,0.35,0,15,0.0
11.760194597000009,970,95.37,102.6,5.6,-4.5,2.35,0.1,3.75,0.05,1.72,-0.03,-65.1,5.7,38.0,-2.75,-0.21,0.1,0.0,1.7209880882795208,4.4266239957782725,0.670846234243232,0.35,0,15,0.0
11.772188527000253,971,95.38,102.7,6.0,-4.4,0.34,-0.09,3.82,0.14,1.45,-0.17,-65.1,11.5,63.0,-2.75,-0.42,-0.02,0.0,1.4666287873896382,3.8361569310965367,0.40815719468628253,0.35,0,15,0.0
11.780215499000406,972,95.39,102.6,6.3,-4.3,-0.7,0.48,3.06,0.28,1.11,-0.19,-64.9,23.8,117.0,-2.76,-0.83,-0.08,0.0,1.1604309544302929,3.175531451584128,0.09992017449239854,0.35,0,15,0.0
11.792146609001065,973,95.4,102.6,6.6,-4.3,-0.43,1.14,1.98,0.44,0.93,-0.18,-64.5,40.1,162.0,-2.77,-1.34,-0.03,0.0,1.0444615837837214,2.3248440807933766,0.015728212231089334,0.35,0,15,0.0
11.799950100001297,974,95.41,102.5,6.8,-4.5,0.54,2.33,1.04,0.48,0.88,-0.21,-64.0,61.4,199.0,-2.79,-1.93,-0.18,0.0,1.0241581909060729,2.608083587617544,0.03531097300656327,0.35,0,15,0.0
11.812580846000856,975,95.42,102.6,6.9,-4.8,1.32,3.79,0.29,0.46,0.9,-0.22,-63.2,84.1,217.0,-2.81,-2.57,-0.12,0.0,1.03440804327886,4.023754465670091,0.024559898221100607,0.35,0,15,0.0
11.820080814000903,976,95.43,102.7,7.0,-5.2,1.25,5.21,-0.22,0.39,0.99,-0.17,-62.2,108.5,243.0,-2.84,-3.28,-0.03,0.0,1.0775435026020992,5.362368879515843,0.01820404988009572,0.35,0,15,0.0
11.832130905000668,977,95.44,102.7,7.1,-5.8,0.42,6.3,-0.3,0.33,1.04,-0.09,-60.9,135.0,250.0,-2.88,-3.97,-0.19,0.0,1.094805918873295,6.3211074978993995,0.034757136828265756,0.35,0,15,0.0
11.84013869500086,978,95.45,102.6,7.2,-6.5,-0.57,7.1,-0.1,0.26,1.01,-0.07,-59.4,159.7,246.0,-2.92,-4.63,0.15,0.0,1.0452750834110607,7.123545465566988,0.01447822466128934,0.35,0,15,0.0
11.852528243000052,979,95.46,102.4,7.4,-7.2,-1.25,7.71,0.18,0.2,0.94,-0.05,-57.6,183.2,232.0,-2.97,-5.24,-0.1,0.0,0.9623408959407264,7.812745996127098,0.09546416388899115,0.35,0,15,0.0
11.860236438000356,980,95.47,102.2,7.6,-8.0,-1.49,7.97,0.54,0.13,0.92,0.0,-55.6,206.5,242.0,-3.03,-5.93,-0.06,0.0,0.9291393867445293,8.126044548241168,0.1260923596234843,0.35,0,15,0.0
11.872159613001713,981,95.48,101.9,7.9,-8.7,-1.35,7.73,0.88,0.07,0.89,0.05,-53.4,233.6,266.0,-3.1,-6.69,-0.19,0.0,0.8941476388158726,7.896188954172766,0.15786242540109818,0.35,0,15,0.0
11.880227345000094,982,95.49,101.7,8.1,-9.4,-1.13,7.19,1.0,0.02,0.87,0.07,-50.9,259.5,246.0,-3.17,-7.32,-0.22,0.0,0.8730406634286859,7.346631881345356,0.1753900127725191,0.35,0,15,0.0
11.892202603001351,983,95.5,101.5,8.3,-10.1,-0.94,6.44,0.84,-0.02,0.87,0.06,-48.1,280.4,217.0,-3.24,-7.88,-0.07,0.0,0.8722958213817146,6.562225232343065,0.17261215772310068,0.35,0,15,0.0
11.90027877400098,984,95.51,101.3,8.5,-10.7,-0.6,5.61,0.4,-0.05,0.86,0.05,-45.2,301.0,213.0,-3.33,-8.45,0.0,0.0,0.8629020801921848,5.656155938444414,0.17836578093437783,0.35,0,15,0.0
11.91224006000084,985,95.52,101.2,8.6,-11.2,-0.15,4.66,-0.23,-0.1,0.88,0.02,-42.3,320.1,208.0,-3.41,-9.0,-0.16,0.0,0.885889383614004,4.668083118368824,0.15227090796230747,0.35,0,15,0.0
11.92027999900165,986,95.53,101.2,8.6,-11.6,0.14,3.8,-0.82,-0.11,0.89,-0.01,-38.7,342.8,214.0,-3.51,-9.61,-0.11,0.0,0.896827742657418,3.8899871465083273,0.1385058979405156,0.35,0,15,0.0
11.932193719001589,987,95.54,101.1,8.6,-12.0,0.0,3.13,-1.24,-0.11,0.89,-0.05,-35.1,368.2,251.0,-3.61,-10.36,-0.01,0.0,0.8981647955692763,3.366674917481639,0.1344254681280842,0.35,0,15,0.0
11.940088527000626,988,95.55,101.1,8.5,-12.3,-0.27,2.57,-1.42,-0.09,0.89,-0.07,-31.2,391.1,210.0,-3.72,-10.84,-0.14,0.0,0.8972736483370054,2.9485928847502834,0.13261028305314793,0.35,0,15,0.0
11.952180353000585,989,95.56,101.0,8.4,-12.5,-0.37,2.19,-1.48,-0.08,0.84,-0.09,-27.1,412.7,241.0,-3.83,-11.56,-0.11,0.0,0.8485870609430713,2.6689698387205505,0.1776709330381404,0.35,0,15,0.0
11.960164842001177,990,95.57,100.9,8.3,-12.8,-0.01,1.86,-1.44,-0.06,0.84,-0.11,-22.8,439.2,233.0,-3.95,-12.17,0.07,0.0,0.8492938243034621,2.352296749987127,0.1734248862841946,0.35,0,15,0.0
11.972314225000446,991,95.58,100.9,8.2,-13.0,0.08,1.57,-1.3,-0.04,0.84,-0.12,-18.3,459.0,247.0,-4.08,-12.88,-0.08,0.0,0.849470423263812,2.039926469263047,0.16978332157736786,0.35,0,15,0.0
11.980210943000202,992,95.59,100.9,8.1,-13.1,0.23,1.27,-1.1,-0.02,0.87,-0.12,-13.5,491.4,270.0,-4.21,-13.63,-0.01,0.0,0.8784645695758025,1.695818386502517,0.13797339176006973,0.35,0,15,0.0
11.99210260000109,993,95.6,100.9,8.0,-13.3,0.23,0.98,-0.91,-0.03,0.9,-0.15,-8.5,512.2,224.0,-4.35,-14.21,0.08,0.0,0.9129074432821763,1.356981945347837,0.10145990769262203,0.35,0,15,0.0
12.000273015000857,994,95.61,100.9,8.0,-13.4,0.12,0.77,-0.8,-0.04,0.93,-0.17,-3.1,534.3,214.0,-4.5,-14.77,0.01,0.0,0.9462557793746891,1.1168258592994702,0.06674934016810719,0.35,0,15,0.0
12.01225062100093,995,95.62,100.9,7.9,-13.4,-0.05,0.63,-0.76,-0.04,0.95,-0.18,2.2,551.9,80.0,-4.65,-14.72,0.24,0.0,0.9677293009927931,0.9884331034521254,0.04437030217900306,0.35,0,15,0.0
12.020188163000057,996,95.63,100.9,7.9,-13.5,-0.41,0.52,-0.76,-0.04,0.95,-0.2,7.3,468.9,-862.0,-4.77,-10.8,0.46,0.0,0.9716480844420988,1.0080178569846865,0.03964248835510331,0.35,0,15,0.0
12.032095867001772,997,95.64,100.8,7.8,-13.6,-0.64,0.46,-0.83,-0.04,0.94,-0.2,11.2,365.8,-665.0,-4.87,-9.52,0.38,0.0,0.9618731725128838,1.1445959985951375,0.048429052278632034,0.35,0,15,0.0
12.039731462000418,998,95.65,100.7,7.7,-13.6,-0.86,0.34,-0.88,-0.03,0.93,-0.19,14.5,311.7,-732.0,-4.95,-7.33,0.57,0.0,0.9496841580230767,1.2765578717786359,0.059405705433070444,0.35,0,15,0.0
12.051586599000075,999,95.66,100.6,7.6,-13.7,-1.38,0.27,-0.7,-0.04,0.92,-0.21,16.9,201.0,-1075.0,-5.0,-3.85,0.54,0.0,0.94451045520947,1.5707641452490566,0.0632878200817436,0.35,0,15,0.0
12.05963075300133,1000,95.67,100.5,7.6,-13.7,-1.38,0.14,-0.57,-0.03,0.87,-0.21,18.0,75.4,-1146.0,-5.01,-0.68,0.33,0.0,0.895488693395958,1.4996332885075605,0.11006339025735046,0.35,0,15,0.0
12.07155836900165,1001,95.68,100.3,7.5,-13.7,-1.1,-0.13,-0.5,-0.01,0.83,-0.24,18.1,-10.8,-756.0,-5.01,0.67,-0.11,0.0,0.8640601830891179,1.2152777460317457,0.1386620625529067,0.35,0,15,0.0
12.080009859000711,1002,95.69,100.2,7.5,-13.7,-0.68,-0.21,-0.38,0.0,0.83,-0.27,17.9,-18.6,-181.0,-5.01,0.24,-0.07,0.0,0.8728115489611717,0.8067837380611982,0.12731248274723572,0.35,0,15,0.0
12.092555391000133,1003,95.7,100.2,7.4,-13.7,-0.65,-0.25,-0.11,0.0,0.85,-0.28,17.9,2.1,37.0,-5.01,-0.14,0.1,0.0,0.8949301648732151,0.7050531894828929,0.10308998949848858,0.35,0,15,0.0
12.100179769000533,1004,95.71,100.1,7.4,-13.7,-0.44,-0.35,0.14,0.0,0.84,-0.27,17.9,1.4,-32.0,-5.01,0.06,-0.07,0.0,0.8823264701911645,0.5793962374748389,0.11337981049692836,0.35,0,15,0.0
12.111927589001425,1005,95.72,100.1,7.5,-13.6,-0.33,-0.6,0.41,-0.01,0.83,-0.28,17.9,-3.0,-12.0,-5.01,0.04,-0.06,0.0,0.8760136985230311,0.7981227975693966,0.11729873052176054,0.35,0,15,0.0
12.135910404000242,1007,95.74,100.0,7.6,-13.4,-0.71,-0.86,0.96,-0.05,0.83,-0.26,17.9,-1.1,-5.0,-5.01,0.01,-0.14,0.0,0.8712060605849801,1.4714958375748128,0.11966424109061535,0.35,0,15,0.0
12.144199319000109,1008,95.75,100.0,7.7,-13.3,-0.73,-1.11,1.22,-0.09,0.81,-0.26,17.9,0.5,9.0,-5.01,-0.01,-0.15,0.0,0.8554530963179688,1.8037183815662576,0.1327088612504741,0.35,0,15,0.0
12.152046808001614,1009,95.76,99.9,7.8,-13.2,-0.56,-1.36,1.47,-0.15,0.81,-0.26,17.9,-0.1,-2.0,-5.01,0.0,0.09,0.0,0.8638286867197685,2.0794470418839714,0.1218466054317009,0.35,0,15,0.0
12.160198093000872,1010,95.77,99.9,7.9,-13.0,0.12,-1.68,1.56,-0.16,0.82,-0.26,17.9,-0.9,-5.0,-5.01,0.02,-0.06,0.0,0.8749857141690942,2.295735176365079,0.1084757864227277,0.35,0,15,0.0
12.172257843001717,1011,95.78,100.0,8.0,-12.8,0.66,-1.85,1.53,-0.17,0.87,-0.26,17.9,-0.3,4.0,-5.01,0.0,0.17,0.0,0.9237965143904798,2.489779106667899,0.058471686477315266,0.35,0,15,0.0
12.180029554001521,1012,95.79,100.1,8.1,-12.6,0.72,-2.2,1.45,-0.1,0.94,-0.23,17.9,-0.5,-6.0,-5.01,0.04,0.09,0.0,0.9728823155962903,2.731464808486465,0.009198167566074611,0.35,0,15,0.0
12.19201339600113,1013,95.8,100.2,8.2,-12.3,0.58,-2.13,1.26,0.0,0.99,-0.28,17.8,-3.2,-26.0,-5.0,0.13,-0.14,0.0,1.0288342918079665,2.5418300493935466,0.04581873247268953,0.35,0,15,0.0
12.20022062100179,1014,95.81,100.3,8.3,-12.1,-0.2,-2.01,1.04,0.1,0.99,-0.3,17.8,-5.1,-5.0,-5.0,0.09,-0.04,0.0,1.0392785959500945,2.271937499140326,0.05513777588252122,0.35,0,15,0.0
12.21204267900066,1015,95.82,100.2,8.4,-11.9,-0.94,-1.49,0.72,0.23,0.97,-0.35,17.8,-1.4,27.0,-5.0,-0.01,0.01,0.0,1.0565509926170151,1.9031815467789719,0.07096196909845298,0.35,0,15,0.0
12.220205014000385,1016,95.83,100.1,8.4,-11.8,-1.35,-0.58,0.4,0.33,0.93,-0.37,17.8,0.0,1.0,-5.0,0.03,0.11,0.0,1.053897528225586,1.5227934856703322,0.06694233461288335,0.35,0,15,0.0
12.23202337300063,1017,95.84,100.0,8.4,-11.8,-1.38,0.31,0.25,0.35,0.89,-0.39,17.8,-0.1,10.0,-5.0,-0.01,0.15,0.0,1.032811696293182,1.4363147287415805,0.044939372626869645,0.35,0,15,0.0
12.24022776000129,1018,95.85,99.8,8.5,-11.8,-1.11,1.05,0.3,0.29,0.84,-0.4,17.8,0.3,-5.0,-5.0,0.02,0.02,0.0,0.9745255255764211,1.5571127126833175,0.013079862128093311,0.35,0,15,0.0
12.25203877900094,1019,95.86,99.8,8.5,-12.0,-0.26,1.44,0.45,0.18,0.81,-0.36,17.8,0.0,2.0,-5.0,0.0,-0.13,0.0,0.9044888059008801,1.530914759220774,0.08145425016756169,0.35,0,15,0.0
12.260232672000711,1020,95.87,99.8,8.6,-12.1,1.34,1.43,0.51,0.09,0.84,-0.37,17.8,-0.6,-8.0,-5.0,0.0,0.09,0.0,0.9222797840135063,2.0249938271510852,0.06239000661383676,0.35,0,15,0.0
12.271967588001644,1021,95.88,100.0,8.7,-12.2,2.88,1.32,0.46,0.03,0.96,-0.38,17.8,0.5,3.0,-5.0,0.0,-0.4,0.0,1.0329085148259742,3.201312230945304,0.04727394971465859,0.35,0,15,0.0
12.2802564420017,1022,95.89,100.3,8.7,-12.4,3.56,1.34,0.16,-0.01,1.07,-0.36,17.8,-0.4,0.0,-5.0,0.0,0.01,0.0,1.1289818421923357,3.80720369825414,0.14048033153939965,0.35,0,15,0.0
12.292207259000861,1023,95.9,100.7,8.7,-12.5,3.59,0.92,-0.42,-0.05,1.2,-0.33,17.8,0.3,0.0,-5.0,0.0,-0.14,0.0,1.245552086425935,3.729731893849744,0.2519095642575391,0.35,0,15,0.0
12.30019366200031,1024,95.91,101.0,8.7,-12.5,2.77,0.22,-1.16,-0.04,1.28,-0.31,17.8,-0.1,6.0,-5.0,-0.03,-0.05,0.0,1.3176114753598651,3.011129356238287,0.3174895741276398,0.35,0,15,0.0
12.312193675001254,1025,95.92,101.2,8.5,-12.6,1.46,-0.6,-2.01,-0.01,1.28,-0.27,17.8,0.1,-6.0,-5.0,0.01,0.0,0.0,1.3082048769210426,2.5557190768940155,0.3019213161750409,0.35,0,15,0.0
12.320177663001232,1026,95.93,101.3,8.2,-12.5,0.97,-1.61,-2.64,0.07,1.27,-0.26,17.8,0.2,0.0,-5.0,0.0,0.01,0.0,1.2982295636750845,3.2407715130814148,0.28610708287050124,0.35,0,15,0.0
12.331901897001444,1027,95.94,101.4,7.9,-12.4,0.7,-1.81,-2.99,0.12,1.29,-0.24,17.8,0.1,5.0,-5.0,-0.02,0.08,0.0,1.3176114753598651,3.5645757110769862,0.2993792146641763,0.35,0,15,0.0
12.34019598100167,1028,95.95,101.5,7.5,-12.2,0.82,-1.84,-3.26,0.1,1.28,-0.14,17.8,-0.1,-4.0,-5.0,0.0,-0.05,0.0,1.2915107432770352,3.832179536503998,0.2678129129297193,0.35,0,15,0.0
12.352238796000165,1029,95.96,101.6,7.1,-12.1,1.15,-1.84,-3.47,0.07,1.37,-0.11,17.8,0.1,3.0,-5.0,-0.01,0.11,0.0,1.3761903938045783,4.09255421466839,0.3454427121881172,0.35,0,15,0.0
12.360288335001314,1030,95.97,101.7,6.8,-12.0,1.32,-1.9,-3.31,0.05,1.48,-0.05,17.8,-0.1,-1.0,-5.0,0.0,0.08,0.0,1.4816882263148343,4.038378387422358,0.4419217338044057,0.35,0,16,0.0
12.372040208001636,1031,95.98,101.8,6.4,-11.9,0.81,-2.11,-2.65,0.01,1.53,0.0,17.8,0.0,-1.0,-5.0,0.0,-0.05,0.0,1.5300326793895613,3.4829154454278677,0.4804608631415501,0.35,0,16,0.0
12.380285749000905,1032,95.99,101.9,6.2,-11.7,-0.32,-2.55,-1.67,-0.1,1.44,0.05,17.8,-0.1,0.0,-5.0,0.0,-0.18,0.0,1.4443337564427412,3.064930668057599,0.38686670139083534,0.35,0,16,0.0
12.39209737300007,1033,96.0,101.8,6.0,-11.4,-0.87,-3.24,-0.96,-0.21,1.25,0.05,17.8,0.1,0.0,-5.0,0.0,0.1,0.0,1.2685030547854428,3.489426887040335,0.20681527973886626,0.35,0,16,0.0
12.40018690100078,1034,96.01,101.8,5.8,-11.1,-1.07,-4.17,-0.63,-0.2,1.13,0.11,17.8,-0.5,-2.0,-5.0,0.01,-0.23,0.0,1.1528226229563678,4.350942426647357,0.0893121509515955,0.35,0,16,0.0
12.412572565001028,1035,96.02,101.7,5.7,-10.6,-1.46,-5.28,-0.36,-0.09,1.1,0.15,17.8,0.2,1.0,-5.0,0.0,0.1,0.0,1.113822247937255,5.489954462470522,0.04930554041383295,0.35,0,16,0.0
12.420170627001426,1036,96.03,101.6,5.6,-10.1,-2.4,-6.15,-0.11,0.0,1.1,0.14,17.8,-0.5,-1.0,-5.0,0.0,0.01,0.0,1.108873302050329,6.6026206918162424,0.04346946263636875,0.35,0,16,0.0
12.431974824001372,1037,96.04,101.3,5.4,-9.4,-3.43,-6.52,-0.16,0.07,1.05,0.11,17.8,-0.7,-10.0,-5.0,0.05,-0.07,0.0,1.0580642702596095,7.368914438368789,0.007192777771263703,0.35,0,16,0.0
12.440173108001545,1038,96.05,101.0,5.3,-8.8,-4.0,-6.68,-0.55,0.13,0.97,0.06,17.7,-3.9,-29.0,-5.0,0.16,0.22,0.0,0.9805100713404223,7.805440410380442,0.08305203715664178,0.35,0,16,0.0
12.452066162000847,1039,96.06,100.6,5.1,-8.2,-4.48,-6.39,-0.9,0.17,0.94,-0.02,17.6,-11.7,-75.0,-5.0,0.45,0.11,0.0,0.9554580053565933,7.855730392522392,0.10594202107766137,0.35,0,16,0.0
12.46021334300167,1040,96.07,100.2,4.9,-7.6,-5.31,-5.54,-0.92,0.17,0.94,-0.09,17.4,-21.1,-80.0,-4.99,0.66,0.02,0.0,0.9594790253048786,7.728783862937299,0.09988258110678849,0.35,0,16,0.0
12.472063766001156,1041,96.08,99.7,4.7,-7.1,-5.33,-4.6,-0.66,0.18,0.85,-0.11,17.2,-27.5,-65.0,-4.98,0.81,-0.15,0.0,0.8757853618324526,7.071386002757875,0.1799047196876301,0.35,0,16,0.0
12.48016448800081,1042,96.09,99.2,4.6,-6.7,-3.97,-3.85,-0.38,0.19,0.79,-0.09,16.9,-33.1,-50.0,-4.97,0.93,-0.07,0.0,0.8174961773610933,5.543266185201646,0.23343002607580965,0.35,0,16,0.0
12.492106389001492,1043,96.1,99.0,4.5,-6.4,-2.35,-3.27,-0.01,0.19,0.79,-0.09,16.5,-37.9,-60.0,-4.96,1.12,0.03,0.0,0.8174961773610933,4.0268474021248934,0.22876142555429346,0.35,0,16,0.0
12.50014615100008,1044,96.11,98.8,4.5,-6.1,-1.25,-2.74,0.4,0.18,0.82,-0.12,16.1,-47.6,-92.0,-4.95,1.44,0.17,0.0,0.8480566018845676,3.038107963848553,0.1942369810102028,0.35,0,16,0.0
12.512301008000577,1045,96.12,98.8,4.5,-5.8,-0.54,-2.36,0.73,0.18,0.87,-0.14,15.5,-68.0,-236.0,-4.93,2.34,0.32,0.0,0.8993886812718959,2.5286557693762903,0.140046803590417,0.35,0,16,0.0
12.520183281001664,1046,96.13,98.8,4.6,-5.6,-0.16,-1.91,0.94,0.2,0.92,-0.17,14.5,-116.7,-436.0,-4.9,3.85,0.3,0.0,0.9567131231461186,2.13478336137417,0.08106791448187045,0.35,0,16,0.0
12.53196072100036,1047,96.14,98.8,4.7,-5.4,-0.22,-1.61,1.21,0.21,0.99,-0.14,12.9,-173.1,-512.0,-4.85,5.36,0.11,0.0,1.021665307231287,2.0259812437433866,0.015793415788768028,0.35,0,16,0.0
12.5401122330004,1048,96.15,98.7,4.9,-5.2,-0.64,-1.25,1.43,0.2,0.98,-0.14,10.8,-218.9,-427.0,-4.79,6.35,-0.05,0.0,1.0099504938362078,2.00424549394529,0.02695806460017014,0.35,0,16,0.0
12.552132961000098,1049,96.16,98.6,5.0,-5.1,-0.94,-1.04,1.5,0.19,0.91,-0.14,8.5,-239.8,-181.0,-4.72,6.43,0.01,0.0,0.9401063769595439,2.0530952242894145,0.09486613784729747,0.35,0,16,0.0
12.5602306030014,1050,96.17,98.6,5.2,-5.0,-0.88,-0.79,1.45,0.16,0.86,-0.16,6.1,-232.9,-53.0,-4.66,6.4,0.03,0.0,0.8892693630166283,1.871095935541521,0.14278908875440888,0.35,0,16,0.0
12.572228079001434,1051,96.18,98.5,5.4,-4.9,-0.58,-0.61,1.41,0.16,0.84,-0.16,3.7,-246.1,-137.0,-4.59,6.91,0.15,0.0,0.8699425268372617,1.6421327595538673,0.15887360643510007,0.35,0,16,0.0
12.580284963001759,1052,96.19,98.5,5.6,-4.8,0.02,-0.38,1.29,0.16,0.85,-0.16,1.1,-270.0,-245.0,-4.52,7.77,0.01,0.0,0.8796021828076598,1.344953530795767,0.146229671455408,0.35,0,16,0.0
12.592057788000602,1053,96.2,98.6,5.7,-4.8,0.19,-0.21,1.15,0.17,0.87,-0.19,-1.7,-303.6,-295.0,-4.43,8.63,-0.06,0.0,0.9065870063044142,1.1843563652887588,0.11685995099948043,0.35,0,16,0.0
12.604201875001309,1054,96.21,98.6,5.8,-4.7,0.25,0.05,1.01,0.18,0.87,-0.2,-5.0,-332.4,-258.0,-4.34,9.26,0.04,0.0,0.910659101969557,1.0416813332300814,0.11053209822765087,0.35,0,16,0.0
12.612242736000553,1055,96.22,98.6,5.9,-4.7,0.15,0.22,0.93,0.17,0.87,-0.21,-8.4,-347.2,-164.0,-4.25,9.57,0.09,0.0,0.9109884741312593,0.9673675619949225,0.10799867154462972,0.35,0,16,0.0
12.620058834001611,1056,96.23,98.6,6.0,-4.8,0.16,0.37,0.96,0.15,0.87,-0.23,-11.9,-356.1,-108.0,-4.15,9.76,0.0,0.0,0.9123047736365298,1.0412012293500235,0.10454872459857201,0.35,0,16,0.0
12.632040581000183,1057,96.24,98.6,6.1,-4.8,0.36,0.4,0.97,0.13,0.85,-0.23,-15.5,-359.9,-31.0,-4.05,9.72,-0.02,0.0,0.8901123524589466,1.1092790451459902,0.12420632286063216,0.35,0,16,0.0
12.640298651000194,1058,96.25,98.7,6.2,-4.8,0.7,0.46,0.91,0.11,0.83,-0.24,-19.1,-350.4,64.0,-3.96,9.39,-0.14,0.0,0.870976463516667,1.2368104139276965,0.14047536756685353,0.35,0,16,0.0
12.652072372000475,1059,96.26,98.8,6.3,-4.8,0.82,0.45,0.84,0.09,0.85,-0.25,-22.5,-343.0,54.0,-3.86,9.26,0.17,0.0,0.8905616205518851,1.2571793825862718,0.11847240632100275,0.35,0,16,0.0
12.660154019000402,1060,96.27,98.9,6.4,-4.9,0.8,0.5,0.7,0.08,0.85,-0.26,-25.9,-335.6,91.0,-3.77,8.95,0.03,0.0,0.8924684868386109,1.174734012447073,0.1142342292335915,0.35,0,16,0.0
12.672053596001206,1061,96.28,99.0,6.4,-4.9,0.65,0.49,0.57,0.08,0.86,-0.27,-29.2,-320.5,131.0,-3.69,8.54,-0.11,0.0,0.9049309365912959,0.9937303457175896,0.09973634389128838,0.35,0,16,0.0
12.680210734000866,1062,96.29,99.0,6.5,-4.9,0.43,0.42,0.47,0.09,0.86,-0.26,-32.3,-309.1,109.0,-3.6,8.29,-0.13,0.0,0.9029396436085858,0.7630203142774116,0.09969308413651856,0.35,0,16,0.0
12.692024873000264,1063,96.3,99.0,6.6,-5.0,0.15,0.34,0.32,0.11,0.85,-0.27,-35.3,-296.2,138.0,-3.52,7.84,0.06,0.0,0.8986100377805714,0.4904079934095692,0.10194223616524234,0.35,0,16,0.0
12.700247584001772,1064,96.31,99.0,6.6,-5.0,-0.3,0.3,0.04,0.13,0.8,-0.29,-38.1,-277.9,169.0,-3.45,7.33,0.01,0.0,0.8608135686662938,0.4261455150532503,0.13694393117392956,0.35,0,16,0.0
12.712091587000032,1065,96.32,99.0,6.6,-5.0,-0.98,0.39,-0.41,0.17,0.72,-0.32,-40.8,-259.5,175.0,-3.38,6.84,-0.04,0.0,0.8060397012554655,1.1316359838746732,0.18788344261306267,0.35,0,16,0.0
12.720219756000006,1066,96.33,98.8,6.5,-5.1,-1.53,0.69,-1.0,0.22,0.66,-0.34,-43.3,-241.2,185.0,-3.31,6.32,-0.05,0.0,0.7743384273042376,1.9537144110642168,0.21519302223300474,0.35,0,16,0.0
12.73205939500076,1067,96.34,98.6,6.4,-5.2,-1.76,1.24,-1.52,0.28,0.66,-0.36,-45.5,-222.6,181.0,-3.25,5.82,-0.16,0.0,0.8022468448052631,2.6354506256046615,0.18353891263733968,0.35,0,16,0.0
12.740207187000124,1068,96.35,98.5,6.2,-5.4,-1.43,1.84,-1.72,0.31,0.68,-0.34,-47.6,-205.2,173.0,-3.2,5.38,-0.03,0.0,0.8210359310042407,2.8963597842809516,0.16145482990959492,0.35,0,16,0.0
12.752038056001766,1069,96.36,98.3,6.1,-5.6,-0.52,2.35,-1.72,0.28,0.72,-0.29,-49.6,-188.1,171.0,-3.15,4.9,-0.15,0.0,0.82516664983505,2.9582596234948686,0.15417762885720987,0.35,0,16,0.0
12.760208610001428,1070,96.37,98.3,6.0,-5.9,0.49,2.66,-1.64,0.21,0.76,-0.24,-51.3,-172.0,169.0,-3.1,4.45,-0.15,0.0,0.8241965784932621,3.1631155527422643,0.15204474619501773,0.35,0,16,0.0
12.772094858000855,1071,96.38,98.4,5.9,-6.2,1.38,2.75,-1.61,0.14,0.8,-0.22,-52.9,-154.0,175.0,-3.06,3.96,-0.08,0.0,0.8414273587185053,3.4726070897813934,0.13211768665037904,0.35,0,16,0.0
12.780252632001066,1072,96.39,98.5,5.7,-6.5,1.81,2.75,-1.52,0.08,0.85,-0.2,-54.4,-137.2,167.0,-3.02,3.53,-0.03,0.0,0.8768694315575153,3.626154988414036,0.09474210153514162,0.35,0,16,0.0
12.792009607001091,1073,96.4,98.7,5.6,-6.8,1.78,2.63,-1.35,0.03,0.88,-0.19,-55.6,-122.6,140.0,-2.99,3.19,-0.06,0.0,0.9007774419910837,3.4507680304535104,0.06941740927954176,0.35,0,16,0.0
12.80017549400145,1074,96.41,98.9,5.5,-7.1,1.89,2.33,-1.07,0.01,0.95,-0.12,-56.8,-110.0,130.0,-2.96,2.86,-0.14,0.0,0.957601169589929,3.1852629404807384,0.012341808047082514,0.35,0,16,0.0
12.81205034100094,1075,96.42,99.1,5.4,-7.3,2.14,1.69,-0.51,-0.02,1.03,-0.03,-57.8,-100.8,99.0,-2.93,2.63,0.0,0.0,1.0306308747558457,2.7741304944072116,0.0594741391764575,0.35,0,16,0.0
12.82010863100004,1076,96.43,99.3,5.4,-7.4,2.13,0.72,0.01,-0.08,1.02,-0.03,-58.8,-93.0,87.0,-2.91,2.42,-0.18,0.0,1.0235721762533407,2.248421668637802,0.05136713186047348,0.35,0,16,0.0
12.832057654000891,1077,96.44,99.5,5.5,-7.4,1.77,-0.31,0.25,-0.1,0.99,-0.14,-59.6,-84.6,81.0,-2.89,2.2,-0.06,0.0,1.0048382954485762,1.8142491559871263,0.03198058603459475,0.35,0,16,0.0
12.840222399001505,1078,96.45,99.6,5.5,-7.3,1.04,-0.72,0.24,-0.09,0.95,-0.34,-60.4,-76.2,93.0,-2.87,1.93,0.0,0.0,1.013015300970326,1.2874781551544865,0.03935443972521768,0.35,0,16,0.0
12.851990032000685,1079,96.46,99.7,5.5,-7.3,0.67,-0.45,0.12,-0.03,0.97,-0.4,-61.1,-65.3,105.0,-2.85,1.62,-0.1,0.0,1.0496666137398103,0.815965685553014,0.07448563744480796,0.35,0,16,0.0
12.86030258000028,1080,96.47,99.8,5.5,-7.2,0.93,-0.29,0.0,0.01,1.0,-0.37,-61.7,-51.0,134.0,-2.83,1.19,-0.28,0.0,1.066302021005306,0.9741663102366044,0.08929862381609766,0.35,0,16,0.0
12.872080469000139,1081,96.48,99.9,5.5,-7.2,1.49,-0.23,0.03,0.13,1.12,-0.36,-62.0,-39.0,125.0,-2.82,0.85,-0.07,0.0,1.1835962149314267,1.5079456223617616,0.20246096138737402,0.35,0,16,0.0
12.880170831000214,1082,96.49,100.1,5.5,-7.2,1.9,-0.11,0.39,0.2,1.23,-0.36,-62.4,-27.6,97.0,-2.82,0.67,0.04,0.0,1.2971121771072847,1.9427300378590948,0.3096573850919673,0.35,0,16,0.0
12.89207962400178,1083,96.5,100.3,5.6,-7.2,1.86,0.05,0.73,0.18,1.2,-0.4,-62.6,-22.5,61.0,-2.81,0.55,0.0,0.0,1.277654100294755,1.9987496091306685,0.2843953221138489,0.35,0,16,0.0
12.900157055000818,1084,96.51,100.5,5.6,-7.2,1.86,0.47,0.78,0.17,1.2,-0.44,-62.8,-17.6,48.0,-2.81,0.44,0.06,0.0,1.2893796958227626,2.070965958194388,0.2901984992890193,0.35,0,16,0.0
12.911967008001739,1085,96.52,100.7,5.7,-7.3,2.28,0.88,1.0,0.18,1.34,-0.34,-63.0,-12.3,64.0,-2.8,0.23,-0.04,0.0,1.394130553427476,2.640605991055841,0.38705036975585805,0.35,0,17,0.0
12.920210246000352,1086,96.53,100.9,5.9,-7.3,2.88,1.02,1.73,0.16,1.57,-0.2,-63.0,-4.2,70.0,-2.8,0.03,-0.06,0.0,1.5907545379473227,3.511082454172787,0.5720008671901906,0.35,0,17,0.0
12.932042202000957,1087,96.54,101.2,6.1,-7.4,3.27,1.16,2.81,0.09,1.78,-0.1,-63.0,2.0,56.0,-2.8,-0.09,-0.12,0.0,1.7850770291502829,4.464818025407083,0.7509968912252878,0.35,0,17,0.0
12.940254688001005,1088,96.55,101.5,6.5,-7.4,2.69,1.0,3.94,0.0,1.81,-0.06,-63.0,4.4,34.0,-2.81,-0.16,-0.04,0.0,1.8109942020890073,4.874392269811694,0.7613757828807319,0.35,0,17,0.0
12.952032951001456,1089,96.56,101.7,6.9,-7.4,0.83,0.92,4.42,-0.04,1.57,-0.12,-62.9,9.2,56.0,-2.81,-0.35,-0.02,0.0,1.5750872991678906,4.5903921401117795,0.514959502360423,0.35,0,17,0.0
12.960274476999984,1090,96.57,101.7,7.4,-7.4,-0.57,1.09,4.04,0.05,1.25,-0.15,-62.8,16.2,76.0,-2.81,-0.58,-0.15,0.0,1.2599603168354152,4.22310312448086,0.19583586962738875,0.35,0,17,0.0
12.972098746000484,1091,96.58,101.6,7.8,-7.5,-1.04,1.59,3.18,0.25,1.01,-0.13,-62.5,29.4,125.0,-2.82,-0.97,0.01,0.0,1.0485704554296769,3.7043352979988193,0.0152429119427826,0.35,0,17,0.0
12.98023349900177,1092,96.59,101.5,8.1,-7.7,-0.58,2.41,2.34,0.42,0.88,-0.17,-62.1,47.5,169.0,-2.83,-1.53,-0.04,0.0,0.9897979591815695,3.408826777646526,0.0725351000270722,0.35,0,17,0.0
12.99205626100047,1093,96.6,101.4,8.3,-7.9,0.29,3.69,1.63,0.51,0.86,-0.15,-61.5,70.6,217.0,-2.85,-2.18,-0.04,0.0,1.0110390694725897,4.0443911779154105,0.05026810994133091,0.35,0,17,0.0
13.000173126001755,1094,96.61,101.4,8.5,-8.3,0.85,4.96,1.02,0.51,0.88,-0.08,-60.6,93.4,222.0,-2.88,-2.83,-0.1,0.0,1.0202450685987166,5.134637280275989,0.04024086859889997,0.35,0,17,0.0
13.012058295000315,1095,96.62,101.4,8.7,-8.9,0.97,5.86,0.67,0.47,0.92,0.0,-59.5,116.6,218.0,-2.91,-3.41,-0.02,0.0,1.0331021246711285,5.977407464779359,0.026836136275958378,0.35,0,17,0.0
13.020159238001725,1096,96.63,101.4,8.9,-9.5,0.39,6.34,0.56,0.37,0.95,0.02,-58.1,139.9,231.0,-2.96,-4.08,-0.08,0.0,1.0197058399362042,6.37662136244579,0.0394277725906651,0.35,0,17,0.0
13.03208210700177,1097,96.64,101.3,9.1,-10.1,-0.3,6.67,0.61,0.27,0.93,0.01,-56.6,161.0,225.0,-3.0,-4.7,-0.2,0.0,0.9684523736353792,6.704550693372376,0.0888676141136604,0.35,0,17,0.0
13.0403193380007,1098,96.65,101.1,9.3,-10.8,-0.88,6.85,0.79,0.18,0.93,0.04,-54.8,186.2,245.0,-3.05,-5.39,0.06,0.0,0.9481033698917013,6.951330807838165,0.10703228550019162,0.35,0,17,0.0
13.051988400000482,1099,96.66,100.9,9.5,-11.4,-0.9,6.67,0.87,0.07,0.89,0.08,-52.8,212.0,265.0,-3.11,-6.11,-0.17,0.0,0.8963258336118624,6.786442366954869,0.15563362534443004,0.35,0,17,0.0
13.060274342000412,1100,96.67,100.8,9.7,-12.0,-0.65,6.19,0.77,0.0,0.89,0.1,-50.5,237.4,254.0,-3.18,-6.76,-0.01,0.0,0.8956003573022959,6.271483078188125,0.15323191962091665,0.35,0,17,0.0
13.072029734001262,1101,96.68,100.6,9.9,-12.6,-0.56,5.48,0.51,-0.05,0.87,0.09,-47.9,259.9,229.0,-3.25,-7.33,-0.07,0.0,0.8760707733967615,5.532097251495133,0.16930627345592197,0.35,0,17,0.0
13.080260243001248,1102,96.69,100.5,10.0,-13.1,-0.36,4.6,-0.08,-0.07,0.84,0.07,-45.3,280.6,210.0,-3.32,-7.87,-0.02,0.0,0.84581321815162,4.614758931948666,0.19557255212704217,0.35,0,17,0.0
13.092042122001658,1103,96.7,100.4,10.0,-13.5,0.03,3.74,-0.72,-0.08,0.86,0.02,-42.2,303.5,221.0,-3.4,-8.48,-0.06,0.0,0.8639444426582069,3.808792459559854,0.1738925010680462,0.35,0,17,0.0
13.10024924100071,1104,96.71,100.3,10.0,-13.9,0.42,2.98,-1.33,-0.09,0.87,0.0,-39.1,323.4,205.0,-3.49,-9.04,-0.19,0.0,0.8746427842267951,3.2902431521089746,0.15993027630946888,0.35,0,17,0.0
13.112041474001671,1105,96.72,100.3,9.9,-14.2,0.65,2.38,-1.8,-0.08,0.88,-0.04,-35.6,348.5,245.0,-3.59,-9.8,-0.16,0.0,0.8845337754998392,3.053997380483487,0.14703849933569613,0.35,0,17,0.0
13.120253106000746,1106,96.73,100.4,9.7,-14.4,0.68,1.97,-2.06,-0.06,0.88,-0.06,-31.9,371.0,211.0,-3.7,-10.3,0.15,0.0,0.8840814442120138,2.9303412770528965,0.14454101401105113,0.35,0,17,0.0
13.132072620001054,1107,96.74,100.4,9.6,-14.6,0.46,1.69,-2.06,-0.03,0.89,-0.08,-28.1,389.5,209.0,-3.8,-10.91,0.06,0.0,0.8940917178902844,2.703941567415982,0.1318401255261249,0.35,0,17,0.0
13.140247820001605,1108,96.75,100.4,9.4,-14.8,0.39,1.55,-2.04,-0.01,0.87,-0.1,-24.1,414.9,236.0,-3.92,-11.55,-0.21,0.0,0.8757853618324527,2.591563234806359,0.14714355195227746,0.35,0,17,0.0
13.152111792000142,1109,96.76,100.4,9.2,-15.0,0.37,1.45,-1.89,0.0,0.89,-0.11,-19.8,434.0,213.0,-4.04,-12.1,0.0,0.0,0.8967719888578144,2.4107052909885107,0.12363378642837752,0.35,0,17,0.0
13.160181036000722,1110,96.77,100.4,9.1,-15.2,0.21,1.35,-1.65,0.02,0.91,-0.12,-15.2,464.4,289.0,-4.16,-13.0,-0.18,0.0,0.9180958555619342,2.1422184762530643,0.10026372132977268,0.35,0,17,0.0
13.17204096200112,1111,96.78,100.4,8.9,-15.3,0.25,1.28,-1.46,0.02,0.93,-0.13,-10.3,488.0,225.0,-4.3,-13.5,-0.24,0.0,0.9392550239418472,1.9576771950451892,0.07752246189086243,0.35,0,17,0.0
13.180315224000879,1112,96.79,100.4,8.8,-15.5,0.14,1.17,-1.28,0.01,0.96,-0.14,-5.3,509.6,224.0,-4.44,-14.1,0.01,0.0,0.9702061636580134,1.739798838946618,0.04563989573120242,0.35,0,17,0.0
13.192018872001427,1113,96.8,100.4,8.7,-15.6,-0.2,1.1,-1.16,0.0,0.96,-0.15,0.0,530.3,210.0,-4.58,-14.63,0.09,0.0,0.9716480844420988,1.6110865898517064,0.0433140154481747,0.35,0,17,0.0
13.200143504000152,1114,96.81,100.3,8.6,-15.8,-0.65,1.01,-1.08,0.0,0.97,-0.16,5.1,501.1,-458.0,-4.71,-12.16,0.35,0.0,0.9831073186585481,1.615239920259526,0.03121768560709104,0.35,0,17,0.0
13.212095601000328,1115,96.82,100.2,8.5,-15.9,-0.88,0.9,-1.08,0.0,0.94,-0.17,9.2,374.1,-860.0,-4.81,-9.3,0.08,0.0,0.95524865872714,1.6585535867134351,0.05789481862772905,0.35,0,17,0.0
13.220212473001084,1116,96.83,100.1,8.5,-16.0,-0.75,0.75,-1.16,0.0,0.9,-0.17,12.5,323.9,-560.0,-4.9,-8.22,0.19,0.0,0.9159148432032315,1.5718142383882392,0.09528406146860491,0.35,0,17,0.0
13.232038866000948,1117,96.84,100.0,8.3,-16.1,-1.05,0.67,-1.09,0.0,0.93,-0.19,15.4,258.6,-737.0,-4.97,-5.88,0.46,0.0,0.9492101980067429,1.6551434983106452,0.06074893253179159,0.35,0,17,0.0
13.240215378000357,1118,96.85,99.9,8.3,-16.1,-1.19,0.67,-0.96,0.0,0.89,-0.21,17.1,168.5,-926.0,-5.0,-3.02,0.27,0.0,0.9144397191723466,1.6693112352104984,0.09360902313886421,0.35,0,17,0.0
13.252508409001166,1119,96.86,99.8,8.2,-16.2,-0.9,0.6,-0.92,0.02,0.85,-0.22,18.1,57.1,-944.0,-5.02,-0.47,0.33,0.0,0.8782368700982668,1.42,0.12721563476868503,0.35,0,17,0.0
13.260181514000578,1120,96.87,99.7,8.1,-16.3,-0.44,0.57,-0.93,0.04,0.84,-0.25,18.2,-9.5,-579.0,-5.01,0.46,-0.17,0.0,0.8773254812211941,1.1761802582937702,0.12556448317284263,0.35,0,17,0.0
13.272084711001298,1121,96.88,99.6,8.0,-16.4,-0.4,0.7,-0.84,0.03,0.87,-0.28,18.1,-12.1,-139.0,-5.01,0.16,-0.18,0.0,0.9144397191723466,1.1643023662262308,0.08668124031725633,0.35,0,17,0.0
13.280299662001198,1122,96.89,99.6,8.0,-16.5,-0.77,0.84,-0.6,0.01,0.89,-0.27,18.0,1.7,12.0,-5.01,-0.09,-0.04,0.0,0.9301075206662938,1.287827628217379,0.06959317004684296,0.35,0,17,0.0
13.292117732000406,1123,96.9,99.5,7.9,-16.6,-0.83,0.86,-0.37,0.0,0.87,-0.26,18.1,0.6,-22.0,-5.01,0.03,0.32,0.0,0.9080198235721508,1.251159462258908,0.08984724979816616,0.35,0,17,0.0
13.30025561200091,1124,96.91,99.4,7.9,-16.6,-0.72,0.74,-0.15,-0.02,0.85,-0.26,18.0,-1.5,3.0,-5.01,-0.02,-0.22,0.0,0.8891006692158092,1.0433120338613946,0.1065910760714176,0.35,0,17,0.0
13.31219887000043,1125,96.92,99.3,7.9,-16.7,-0.64,0.67,0.05,-0.04,0.85,-0.26,18.0,1.1,3.0,-5.01,-0.01,-0.22,0.0,0.8897752525216691,0.9279008567729636,0.10379816291024657,0.35,0,17,0.0
13.320357138001782,1126,96.93,99.2,8.0,-16.8,-0.79,0.55,0.36,-0.07,0.85,-0.25,18.0,-1.0,-11.0,-5.01,0.03,0.24,0.0,0.8887631855561975,1.0277159140540737,0.10271402527820384,0.35,0,17,0.0
13.331986349001454,1127,96.94,99.1,8.0,-16.8,-0.8,0.36,0.69,-0.11,0.86,-0.25,18.0,0.5,8.0,-5.01,-0.02,0.05,0.0,0.9023303164584463,1.1161093136427094,0.08736395648843587,0.35,0,17,0.0
13.340303983000922,1128,96.95,99.1,8.1,-16.8,-0.64,0.17,1.0,-0.15,0.84,-0.25,18.0,-0.5,-4.0,-5.01,0.01,0.01,0.0,0.8891569040388765,1.199374837154757,0.09852662152984559,0.35,0,17,0.0
13.35248520300047,1129,96.96,99.0,8.2,-16.8,0.05,-0.22,1.11,-0.13,0.84,-0.24,18.0,-0.6,0.0,-5.01,0.01,0.24,0.0,0.8832326986700616,1.1326958991715297,0.10236181036068726,0.35,0,17,0.0
13.364249834001384,1130,96.97,99.1,8.3,-16.8,0.42,-0.34,1.13,-0.13,0.88,-0.26,18.0,-0.2,-1.0,-5.01,0.02,0.33,0.0,0.9267685795278129,1.2525573839150044,0.05764941091287723,0.35,0,17,0.0
13.372307791001731,1131,96.98,99.1,8.4,-16.7,0.26,-0.6,1.13,-0.07,0.92,-0.23,18.0,-4.6,-50.0,-5.01,0.24,0.0,0.0,0.9508943158942533,1.3055650117860849,0.03285320105550804,0.35,0,17,0.0
13.380265415000395,1132,96.99,99.2,8.5,-16.6,0.4,-0.62,0.99,0.02,0.92,-0.25,17.9,-14.5,-88.0,-5.0,0.53,-0.08,0.0,0.9535722311393091,1.2347064428438042,0.029571780094243216,0.35,0,17,0.0
13.392143550001492,1133,97.0,99.2,8.6,-16.5,0.46,-0.62,0.76,0.09,0.91,-0.24,17.8,-19.8,-87.0,-5.0,0.64,-0.05,0.0,0.9454099639838793,1.0833282051160673,0.03697936630467957,0.35,0,17,0.0
13.400096275001488,1134,97.01,99.3,8.6,-16.5,0.43,-0.36,0.49,0.2,0.92,-0.29,17.5,-23.0,-18.0,-4.99,0.55,-0.09,0.0,0.9851395840184273,0.7447147104764347,0.002695248655271043,0.35,0,17,0.0
13.412320833000194,1135,97.02,99.3,8.7,-16.5,0.28,0.29,0.26,0.27,0.91,-0.32,17.3,-13.9,85.0,-4.99,0.09,-0.09,0.0,1.0016985574512924,0.4796873982084583,0.018869137646373435,0.35,0,17,0.0
13.420277629000338,1136,97.03,99.4,8.7,-16.5,-0.02,1.02,0.19,0.28,0.9,-0.34,17.3,2.1,112.0,-4.99,-0.17,-0.01,0.0,1.0019980039900278,1.0377379245262264,0.018785212501406634,0.35,0,17,0.0
13.432300697000755,1137,97.04,99.3,8.8,-16.6,-0.26,1.47,0.33,0.22,0.85,-0.33,17.3,2.7,-11.0,-4.99,0.07,-0.04,0.0,0.9379765455489811,1.5288557812952797,0.04433152102084725,0.35,0,17,0.0
13.440198430000237,1138,97.05,99.3,8.8,-16.8,0.1,1.53,0.5,0.12,0.81,-0.28,17.3,-0.9,14.0,-4.99,-0.03,0.0,0.0,0.8653900854527975,1.6127306036657207,0.11457962149469025,0.35,0,17,0.0
13.452095759001168,1139,97.06,99.3,8.9,-16.9,1.28,1.16,0.6,0.03,0.83,-0.28,17.3,0.3,-10.0,-4.99,0.03,-0.01,0.0,0.8764701934464172,1.8286607121059937,0.10142952323104915,0.35,0,17,0.0
13.460096838000027,1140,97.07,99.5,9.0,-17.0,2.47,0.71,0.66,-0.01,0.92,-0.29,17.3,0.0,6.0,-4.99,0.0,0.03,0.0,0.9646761114488116,2.6534128966295465,0.01295913312408159,0.35,0,17,0.0
13.472318318001271,1141,97.08,99.8,9.1,-17.0,3.11,0.29,0.6,-0.07,1.0,-0.27,17.3,-0.4,-5.0,-4.99,0.02,0.0,0.0,1.0381714694596456,3.180597428157169,0.059325500389017294,0.35,0,17,0.0
13.480259422000017,1142,97.09,100.1,9.1,-17.0,3.45,-0.34,0.19,-0.11,1.09,-0.26,17.3,0.3,-1.0,-4.99,0.01,0.02,0.0,1.1259662517144997,3.4719158975989037,0.14417787699099405,0.35,0,17,0.0
13.492065869000726,1143,97.1,100.5,9.1,-17.0,3.23,-1.07,-0.45,-0.09,1.18,-0.28,17.3,-0.1,5.0,-4.99,-0.02,-0.06,0.0,1.2161003248087716,3.4322441638088628,0.22962571108356067,0.35,0,17,0.0
13.500166425001225,1144,97.11,100.8,9.0,-16.8,2.64,-1.9,-1.25,-0.04,1.24,-0.26,17.3,0.4,0.0,-4.99,0.0,0.0,0.0,1.267596150199266,3.4845516210841248,0.27549910574457404,0.35,0,17,0.0
13.512316910000663,1145,97.12,101.1,8.7,-16.6,2.05,-2.86,-2.15,0.06,1.27,-0.27,17.3,-0.3,-1.0,-4.99,0.0,0.06,0.0,1.299769210283118,4.123663419824658,0.3015187225118574,0.35,0,17,0.0
13.520233361001374,1146,97.13,101.3,8.4,-16.4,1.67,-3.13,-2.87,0.14,1.3,-0.29,17.3,0.3,-3.0,-4.99,0.0,-0.1,0.0,1.339290857132983,4.56318967390136,0.3342195619744879,0.35,0,17,0.0
13.532248446001176,1147,97.14,101.5,8.0,-16.1,1.6,-3.02,-3.75,0.2,1.32,-0.27,17.3,-0.1,3.0,-4.99,-0.02,0.03,0.0,1.3620939761998803,5.073746150528227,0.3498822274205575,0.35,0,17,0.0
13.540240198000902,1148,97.15,101.7,7.5,-15.9,1.52,-2.46,-4.54,0.27,1.45,-0.25,17.3,0.2,-1.0,-4.99,0.0,0.0,0.0,1.4959612294441325,5.382713070562093,0.47407449105151356,0.35,0,18,0.0
13.552144749000945,1149,97.16,101.8,7.1,-15.8,0.6,-1.92,-4.48,0.26,1.55,-0.16,17.3,0.0,0.0,-4.99,0.0,-0.02,0.0,1.5797784654817904,4.910885867132325,0.5467338925473879,0.35,0,18,0.0
13.56421916400177,1150,97.17,101.7,6.6,-15.7,-0.44,-1.73,-3.57,0.13,1.49,-0.1,17.3,0.0,1.0,-4.99,0.0,-0.01,0.0,1.498999666444259,3.991415788915006,0.4566359916396594,0.35,0,18,0.0
13.572191807001218,1151,97.18,101.7,6.3,-15.6,-0.73,-1.94,-2.39,-0.06,1.34,-0.01,17.3,0.0,-4.0,-4.99,0.02,0.02,0.0,1.341379886534758,3.163637147335326,0.293035887495555,0.35,0,18,0.0
13.579798770000707,1152,97.19,101.7,6.1,-15.4,0.0,-2.38,-1.41,-0.23,1.21,-0.01,17.3,0.0,1.0,-4.99,0.0,-0.01,0.0,1.2317061337835418,2.766315238724611,0.1796948920494521,0.35,0,18,0.0
13.59224565400109,1153,97.2,101.7,5.9,-15.2,0.58,-3.15,-0.74,-0.31,1.17,0.07,17.3,0.0,0.0,-4.99,0.0,0.0,0.0,1.2123943252918994,3.2873241397829935,0.15717542188665345,0.35,0,18,0.0
13.600152853001418,1154,97.21,101.8,5.8,-14.8,0.15,-4.35,-0.19,-0.27,1.21,0.17,17.3,-0.2,0.0,-4.99,0.0,-0.05,0.0,1.2513592609638529,4.3567304254452095,0.19221755040743482,0.35,0,18,0.0
13.612561785001162,1155,97.22,101.8,5.7,-14.3,-1.28,-5.82,0.28,-0.17,1.25,0.2,17.3,0.0,-4.0,-4.99,0.01,0.0,0.0,1.277262698116562,5.9656684453630175,0.2137585678089411,0.35,0,18,0.0
13.620166709000841,1156,97.23,101.6,5.6,-13.7,-3.17,-6.79,0.48,-0.07,1.16,0.14,17.3,-0.7,-2.0,-4.99,0.01,0.0,0.0,1.1705127081753532,7.5088880668178835,0.10486840631037775,0.35,0,18,0.0
13.632464658001481,1157,97.24,101.3,5.5,-13.0,-4.3,-7.27,0.22,0.0,1.03,0.11,17.3,-2.2,-20.0,-4.99,0.09,0.0,0.0,1.0358571330062847,8.449337252116285,0.029191425481517097,0.35,0,18,0.0
13.640125305000765,1158,97.25,100.9,5.4,-12.2,-4.63,-7.48,-0.2,0.08,0.92,0.06,17.3,-6.5,-44.0,-4.99,0.27,0.05,0.0,0.9254188241007419,8.79927837950363,0.13683713969931866,0.35,0,18,0.0
13.652071688000433,1159,97.26,100.5,5.2,-11.5,-4.85,-7.25,-0.55,0.13,0.85,-0.03,17.1,-13.0,-49.0,-4.98,0.4,0.0,0.0,0.8604068804931769,8.73999427917433,0.19781210164074603,0.35,0,18,0.0
13.660261468001409,1160,97.27,100.1,5.0,-10.8,-5.04,-6.47,-0.63,0.15,0.81,-0.11,17.0,-17.2,-48.0,-4.98,0.53,0.06,0.0,0.8310836299675263,8.225533417353551,0.22259264512306876,0.35,0,18,0.0
13.672084829000596,1161,97.28,99.7,4.9,-10.3,-4.19,-5.51,-0.49,0.18,0.81,-0.1,16.8,-20.2,-43.0,-4.97,0.62,0.08,0.0,0.8357631243360766,6.939474043470442,0.213554887739428,0.35,0,18,0.0
13.680277744000705,1162,97.29,99.4,4.7,-9.8,-2.91,-4.91,-0.13,0.21,0.82,-0.09,16.6,-25.6,-48.0,-4.97,0.76,-0.01,0.0,0.8512343978012167,5.709036696326272,0.19412194198880206,0.35,0,18,0.0
13.692087043000356,1163,97.3,99.2,4.7,-9.3,-1.88,-4.41,0.32,0.22,0.84,-0.13,16.2,-35.6,-92.0,-4.96,1.09,0.18,0.0,0.8780091115700337,4.804674806893803,0.1640002836555854,0.35,0,18,0.0
13.700256179999997,1164,97.31,99.1,4.7,-8.9,-1.22,-3.9,0.64,0.22,0.85,-0.16,15.8,-46.3,-108.0,-4.94,1.41,0.01,0.0,0.8924684868386109,4.136181814185639,0.1465500902192679,0.35,0,18,0.0
13.711962704001053,1165,97.32,99.0,4.7,-8.5,-0.78,-3.35,0.88,0.22,0.89,-0.18,15.2,-67.7,-239.0,-4.92,2.29,0.16,0.0,0.9342911751697112,3.550394344294729,0.10263285385040422,0.35,0,18,0.0
13.720062754000537,1166,97.33,99.0,4.7,-8.2,-0.42,-2.88,1.07,0.2,0.93,-0.16,14.3,-107.4,-343.0,-4.89,3.39,0.21,0.0,0.9646242791885347,3.100919218554395,0.07085375483494905,0.35,0,18,0.0
13.732255469001757,1167,97.34,99.0,4.9,-7.9,-0.23,-2.58,1.26,0.17,0.97,-0.15,12.9,-146.3,-367.0,-4.85,4.44,-0.01,0.0,0.9961425600786264,2.880433995077825,0.03854876446596012,0.35,0,18,0.0
13.740154409000752,1168,97.35,98.9,5.0,-7.6,-0.37,-2.45,1.47,0.14,0.97,-0.15,11.2,-179.8,-315.0,-4.8,5.19,0.26,0.0,0.9914635646356349,2.881024123467209,0.042363204710772706,0.35,0,18,0.0
13.752080620000925,1169,97.36,98.9,5.1,-7.4,-0.68,-2.29,1.62,0.11,0.95,-0.16,9.3,-200.3,-190.0,-4.75,5.5,-0.01,0.0,0.969639108122192,2.8863298494801315,0.06290390799973133,0.35,0,18,0.0
13.764222323001377,1170,97.37,98.9,5.3,-7.1,-0.89,-2.13,1.69,0.09,0.9,-0.16,7.3,-192.3,39.0,-4.69,5.02,-0.09,0.0,0.918531436587774,2.860961376880156,0.1117313479434664,0.35,0,18,0.0
13.77222372200049,1171,97.38,98.8,5.4,-6.9,-0.78,-2.0,1.73,0.07,0.88,-0.17,5.4,-187.9,-32.0,-4.64,5.27,0.0,0.0,0.8989994438263018,2.7570455201175044,0.12863807389083992,0.35,0,18,0.0
13.779924435000794,1172,97.39,98.8,5.5,-6.7,-0.45,-1.96,1.67,0.1,0.88,-0.18,3.4,-204.2,-126.0,-4.59,5.76,-0.06,0.0,0.9037698822156003,2.614000765110829,0.12139028279151065,0.35,0,18,0.0
13.79215845300132,1173,97.4,98.8,5.7,-6.5,-0.31,-1.94,1.66,0.12,0.89,-0.19,1.2,-226.3,-226.0,-4.52,6.55,0.14,0.0,0.9179324593890337,2.572022550445466,0.10508315150571579,0.35,0,18,0.0
13.800176672000816,1174,97.41,98.9,5.9,-6.2,-0.26,-1.78,1.53,0.15,0.9,-0.22,-1.1,-256.9,-272.0,-4.45,7.34,0.04,0.0,0.938562730988185,2.3615461037210346,0.08276382230843327,0.35,0,18,0.0
13.812221774000136,1175,97.42,98.9,6.0,-6.1,-0.23,-1.57,1.48,0.16,0.93,-0.22,-3.9,-285.1,-265.0,-4.37,8.07,0.01,0.0,0.9689685237405806,2.1698387036828337,0.05131086896491699,0.35,0,18,0.0
13.820259735000946,1176,97.43,98.8,6.1,-5.9,-0.33,-1.45,1.48,0.18,0.92,-0.24,-6.6,-301.9,-190.0,-4.29,8.39,-0.01,0.0,0.9676776322722356,2.098046710633488,0.05154972522459689,0.35,0,18,0.0
13.832352812001773,1177,97.44,98.8,6.2,-5.7,-0.35,-1.22,1.51,0.16,0.91,-0.25,-9.7,-311.3,-108.0,-4.21,8.52,-0.09,0.0,0.957183368012629,1.972561786104557,0.0608031096945193,0.35,0,18,0.0
13.84027682300075,1178,97.45,98.8,6.4,-5.6,-0.46,-1.04,1.55,0.15,0.89,-0.26,-13.2,-316.4,-57.0,-4.12,8.62,-0.01,0.0,0.9392550239418472,1.9224203494553422,0.07715682468999507,0.35,0,18,0.0
13.852120060000743,1179,97.46,98.8,6.5,-5.5,-0.48,-0.83,1.54,0.14,0.86,-0.27,-16.3,-313.6,34.0,-4.04,8.37,-0.1,0.0,0.9121951545584968,1.814083790788066,0.10213236019187866,0.35,0,18,0.0
13.860132939000323,1180,97.47,98.7,6.6,-5.4,-0.39,-0.69,1.45,0.15,0.85,-0.28,-19.3,-301.5,90.0,-3.95,8.05,-0.1,0.0,0.9074139077620531,1.6524829802451824,0.10477533484855583,0.35,0,18,0.0
13.872164753000106,1181,97.48,98.7,6.8,-5.3,-0.33,-0.57,1.32,0.15,0.87,-0.26,-22.3,-292.7,76.0,-3.88,7.88,-0.01,0.0,0.9203260291874831,1.4751949023773097,0.09002594915466333,0.35,0,18,0.0
13.880193225000767,1182,97.49,98.7,6.9,-5.2,-0.52,-0.44,1.19,0.15,0.87,-0.27,-25.2,-282.9,110.0,-3.8,7.51,0.06,0.0,0.923200953205747,1.3711673858431725,0.08540800463367137,0.35,0,18,0.0
13.892061221000404,1183,97.5,98.6,7.0,-5.2,-0.98,-0.36,0.98,0.16,0.85,-0.29,-27.6,-267.4,155.0,-3.73,6.99,-0.14,0.0,0.9122499657440387,1.4319217855734998,0.09443181225347208,0.35,0,18,0.0
13.900135063000562,1184,97.51,98.5,7.1,-5.1,-1.52,-0.2,0.63,0.19,0.79,-0.31,-30.4,-246.9,179.0,-3.66,6.49,0.15,0.0,0.8696551040498757,1.6574981146293952,0.13428614046868237,0.35,0,18,0.0
13.912589088000459,1185,97.52,98.3,7.1,-5.1,-2.01,-0.02,0.16,0.23,0.73,-0.3,-32.8,-229.0,189.0,-3.59,5.95,-0.15,0.0,0.8220705565825842,2.0164572894063486,0.17823327417725443,0.35,0,18,0.0
13.920134334000977,1186,97.53,98.1,7.1,-5.1,-2.3,0.34,-0.36,0.28,0.68,-0.33,-35.0,-208.6,206.0,-3.54,5.39,-0.24,0.0,0.8060397012554655,2.3527005759339623,0.19037884691428564,0.35,0,18,0.0
13.932642005000162,1187,97.54,97.8,7.0,-5.2,-2.11,0.86,-0.81,0.32,0.68,-0.33,-36.9,-183.8,238.0,-3.49,4.71,-0.07,0.0,0.8207923001588161,2.418222487696283,0.17211372305071637,0.35,0,18,0.0
13.940192862000913,1188,97.55,97.7,6.9,-5.3,-1.41,1.48,-1.1,0.32,0.7,-0.33,-38.4,-162.3,243.0,-3.45,4.06,-0.07,0.0,0.8374365647617734,2.3213142829009605,0.15236006927880386,0.35,0,18,0.0
13.952114033001635,1189,97.56,97.5,6.9,-5.5,-0.37,2.06,-1.23,0.29,0.73,-0.31,-40.0,-136.5,218.0,-3.41,3.48,0.02,0.0,0.8444524853418337,2.4276325916414945,0.14243726572476867,0.35,0,18,0.0
13.960179274999973,1190,97.57,97.5,6.8,-5.8,0.5,2.43,-1.27,0.22,0.78,-0.29,-41.2,-115.2,229.0,-3.38,2.82,-0.14,0.0,0.8607554821202128,2.787077322214079,0.12361158356746182,0.35,0,18,0.0
13.972141327001736,1191,97.58,97.6,6.7,-6.1,1.02,2.75,-1.3,0.14,0.81,-0.29,-42.2,-95.4,195.0,-3.36,2.38,0.05,0.0,0.8716650732936361,3.2082549773981492,0.1104479525461578,0.35,0,18,0.0
13.98025676800171,1192,97.59,97.7,6.6,-6.4,1.16,2.83,-1.28,0.06,0.84,-0.25,-43.1,-81.0,157.0,-3.34,2.02,-0.26,0.0,0.8784645695758025,3.315554252308353,0.10157548713871145,0.35,0,18,0.0
13.991993672001627,1193,97.6,97.7,6.5,-6.6,1.04,2.71,-1.16,0.03,0.88,-0.19,-43.8,-69.3,116.0,-3.32,1.79,0.01,0.0,0.9007774419910837,3.125907868124075,0.07767736242896173,0.35,0,18,0.0
14.000235511000938,1194,97.61,97.8,6.4,-6.9,1.02,2.38,-0.8,0.01,0.98,-0.07,-44.4,-62.6,76.0,-3.3,1.64,0.01,0.0,0.98254770876533,2.7101291482141585,0.004011046258379003,0.35,0,18,0.0
14.012053102000209,1195,97.62,97.9,6.4,-7.1,0.97,1.54,-0.28,-0.01,1.02,0.0,-45.1,-60.2,33.0,-3.28,1.62,0.02,0.0,1.0200490184299968,1.8414396541836497,0.04068210880458489,0.35,0,18,0.0
14.020202269000947,1196,97.63,98.0,6.4,-7.2,0.77,0.62,0.1,-0.01,1.05,-0.01,-45.7,-57.9,37.0,-3.27,1.51,-0.01,0.0,1.0500952337764418,0.9936297097007517,0.06931375766800918,0.35,0,18,0.0
14.032037503000538,1197,97.64,98.0,6.4,-7.2,-0.12,-0.08,0.35,-0.01,1.02,-0.15,-46.2,-52.8,49.0,-3.25,1.36,0.24,0.0,1.0310189135025603,0.378549864614954,0.04923268864624508,0.35,0,18,0.0
14.040267652000693,1198,97.65,97.9,6.4,-7.2,-0.96,-0.13,0.32,0.0,0.93,-0.31,-46.7,-47.5,51.0,-3.24,1.22,0.09,0.0,0.9803060746521977,1.0202450685987166,0.0014505472000351238,0.35,0,18,0.0
14.051975267000671,1199,97.66,97.8,6.5,-7.2,-0.87,0.25,0.11,0.05,0.91,-0.36,-47.1,-39.9,73.0,-3.23,0.99,0.15,0.0,0.9798979538707079,0.9118662182579197,0.001821494621894404,0.35,0,18,0.0
14.059840572001121,1200,97.67,97.8,6.5,-7.3,-0.12,0.52,0.05,0.12,0.95,-0.35,-47.5,-31.7,78.0,-3.22,0.76,-0.23,0.0,1.0195096860746344,0.5360037313302959,0.03703443283039154,0.35,0,18,0.0
14.0718187270013,1201,97.68,97.8,6.5,-7.3,0.7,0.67,0.27,0.2,1.04,-0.34,-47.7,-23.4,84.0,-3.22,0.52,0.0,0.0,1.1122949249187466,1.0058826969383656,0.12722327824101365,0.35,0,18,0.0
14.079979733000073,1202,97.69,97.9,6.5,-7.4,1.33,0.77,0.7,0.25,1.11,-0.34,-47.9,-18.8,36.0,-3.21,0.51,-0.05,0.0,1.1875184209097558,1.6887273314540745,0.19839783874738237,0.35,0,18,0.0
14.092238336001174,1203,97.7,98.1,6.7,-7.5,1.8,0.99,1.13,0.24,1.11,-0.38,-48.1,-17.4,27.0,-3.21,0.45,-0.01,0.0,1.1975391434103524,2.344568190520378,0.20425019002301936,0.35,0,18,0.0
14.100178018001316,1204,97.71,98.3,6.8,-7.6,2.33,1.29,1.3,0.22,1.13,-0.38,-48.2,-14.1,30.0,-3.2,0.35,-0.01,0.0,1.212311841070605,2.9636126602509987,0.21464242992960658,0.35,0,18,0.0
14.11250471600033,1205,97.72,98.5,7.0,-7.7,2.75,1.65,1.46,0.21,1.23,-0.32,-48.4,-14.0,10.0,-3.2,0.36,0.03,0.0,1.2881770064707723,3.5237196256229013,0.2846974434231784,0.35,0,18,0.0
14.120224681000764,1206,97.73,98.8,7.2,-7.8,3.05,1.98,1.77,0.2,1.42,-0.22,-48.5,-11.7,20.0,-3.2,0.28,0.12,0.0,1.4507928866657707,4.044230458319604,0.43836705714581314,0.35,0,19,0.0
14.132128519000617,1207,97.74,99.1,7.4,-8.0,3.19,2.18,2.64,0.16,1.71,-0.09,-48.6,-7.1,52.0,-3.2,0.09,-0.01,0.0,1.7198255725508909,4.679540575740315,0.6932517481703147,0.35,0,19,0.0
14.140138447000936,1208,97.75,99.3,7.7,-8.2,2.6,2.11,3.54,0.03,1.76,-0.05,-48.6,1.2,61.0,-3.2,-0.08,-0.17,0.0,1.7609656441850305,4.872750763172687,0.7197039834083652,0.35,0,19,0.0
14.15214625200133,1209,97.76,99.5,8.1,-8.3,0.85,1.95,3.67,-0.03,1.55,-0.02,-48.6,3.1,24.0,-3.2,-0.09,-0.16,0.0,1.5504192981255105,4.2419217343086375,0.4989744846018682,0.35,0,19,0.0
14.160356132000743,1210,97.77,99.4,8.5,-8.4,-1.02,1.31,3.02,0.05,1.22,-0.03,-48.5,5.5,33.0,-3.2,-0.2,-0.15,0.0,1.2213926477591062,3.44628785797124,0.16654887755075465,0.35,0,19,0.0
14.172529846000543,1211,97.78,99.3,8.8,-8.5,-1.52,1.74,1.79,0.22,0.99,-0.11,-48.4,13.7,81.0,-3.2,-0.51,-0.04,0.0,1.0200980345045274,2.9226871197581175,0.034050820989747654,0.35,0,19,0.0
14.18016544800048,1212,97.79,99.1,8.9,-8.7,-0.88,2.53,0.67,0.36,0.9,-0.13,-48.2,26.8,128.0,-3.21,-0.94,-0.11,0.0,0.9780081799248921,2.7611953933034146,0.07461786205799537,0.35,0,19,0.0
14.192140461000236,1213,97.8,99.0,9.0,-9.1,0.17,3.74,-0.04,0.46,0.89,-0.14,-47.8,43.7,152.0,-3.22,-1.38,-0.14,0.0,1.011582918005242,3.7440753197551997,0.04022226149809249,0.35,0,19,0.0
14.200058695001644,1214,97.81,99.0,9.0,-9.5,0.8,5.13,-0.48,0.48,0.93,-0.13,-47.3,59.9,180.0,-3.24,-1.93,-0.09,0.0,1.0546089322587782,5.214144225086222,0.002747677700334794,0.35,0,19,0.0
14.212274944000455,1215,97.82,99.0,9.1,-10.1,1.11,6.46,-0.58,0.46,0.94,-0.07,-46.5,83.5,205.0,-3.26,-2.53,-0.14,0.0,1.0488565202161828,6.580281149008757,0.0029446396554153598,0.35,0,19,0.0
14.220028963000004,1216,97.83,99.0,9.1,-10.8,1.0,7.09,-0.55,0.38,0.97,0.0,-45.5,106.6,224.0,-3.29,-3.18,-0.23,0.0,1.0417773274553443,7.181267297629298,0.00982335576792881,0.35,0,19,0.0
14.232117340001423,1217,97.84,99.0,9.2,-11.5,0.58,7.44,-0.31,0.28,0.98,0.0,-44.3,129.3,228.0,-3.33,-3.79,0.07,0.0,1.0192153844992726,7.469009305122066,0.03173759274952048,0.35,0,19,0.0
14.240253302001292,1218,97.85,98.9,9.3,-12.3,-0.04,7.75,-0.03,0.17,0.97,0.0,-42.8,152.7,229.0,-3.37,-4.41,-0.26,0.0,0.9847842403288144,7.750161288644256,0.0648453621815791,0.35,0,19,0.0
14.251953970000613,1219,97.86,98.7,9.4,-13.1,-0.33,7.79,0.18,0.06,0.96,0.06,-41.1,176.2,227.0,-3.42,-5.05,-0.07,0.0,0.9637427042525407,7.799064046409672,0.08416916029269583,0.35,0,19,0.0
14.260016182000982,1220,97.87,98.6,9.6,-13.8,-0.33,7.31,0.31,-0.02,0.96,0.12,-39.2,198.8,230.0,-3.48,-5.69,-0.08,0.0,0.9676776322722356,7.324008465314605,0.07862954762754093,0.35,0,19,0.0
14.272087041001214,1221,97.88,98.4,9.7,-14.5,-0.33,6.53,0.31,-0.1,0.94,0.13,-37.1,220.9,222.0,-3.54,-6.27,-0.07,0.0,0.95420123663722,6.545677963358723,0.0902638243973054,0.35,0,19,0.0
14.280249093000748,1222,97.89,98.3,9.8,-15.1,-0.41,5.54,0.1,-0.15,0.94,0.14,-34.7,244.3,234.0,-3.6,-6.93,-0.08,0.0,0.9621330469326993,5.556050755707691,0.08068537381978957,0.35,0,19,0.0
14.292147509000642,1223,97.9,98.1,9.9,-15.6,-0.39,4.34,-0.25,-0.16,0.91,0.1,-32.1,266.3,213.0,-3.68,-7.46,-0.06,0.0,0.9293546147730692,4.364653479945458,0.11119452985983125,0.35,0,19,0.0
14.300246697001057,1224,97.91,98.1,9.9,-16.0,-0.04,3.35,-0.65,-0.15,0.88,0.07,-29.3,285.0,199.0,-3.76,-8.0,-0.25,0.0,0.8954328562209453,3.412711531905385,0.14221396264371622,0.35,0,19,0.0
14.31231338500038,1225,97.92,98.0,9.8,-16.3,0.43,2.45,-1.04,-0.13,0.87,0.03,-26.3,308.5,239.0,-3.84,-8.72,-0.19,0.0,0.8801704380402696,2.696108306429844,0.15432685320790396,0.35,0,19,0.0
14.320030816001236,1226,97.93,98.0,9.7,-16.5,0.63,1.81,-1.31,-0.1,0.89,0.0,-23.0,333.3,228.0,-3.93,-9.3,0.03,0.0,0.8956003573022959,2.3214435164354095,0.13611899526696014,0.35,0,19,0.0
14.332237945000088,1227,97.94,98.1,9.6,-16.7,0.48,1.34,-1.47,-0.06,0.88,-0.01,-19.6,351.7,203.0,-4.03,-9.82,0.12,0.0,0.8820997676000147,2.046191584383046,0.14662719326985652,0.35,0,19,0.0
14.340189529000781,1228,97.95,98.1,9.5,-16.8,0.21,0.99,-1.49,-0.03,0.89,-0.02,-15.9,379.4,278.0,-4.13,-10.7,-0.11,0.0,0.890730037665734,1.801194048402337,0.1352369847400544,0.35,0,19,0.0
14.352191749001577,1229,97.96,98.1,9.4,-16.9,-0.04,0.71,-1.46,0.0,0.87,-0.04,-11.9,406.0,237.0,-4.24,-11.27,0.09,0.0,0.8709190547921202,1.6239766008166496,0.15194700826139496,0.35,0,19,0.0
14.36426688100073,1230,97.97,98.1,9.2,-17.0,0.06,0.5,-1.43,0.03,0.88,-0.05,-7.7,426.6,225.0,-4.36,-11.87,-0.11,0.0,0.8819297024139735,1.5160804727981954,0.13811763342675076,0.35,0,19,0.0
14.372318669000379,1231,97.98,98.1,9.1,-17.1,0.23,0.26,-1.36,0.04,0.92,-0.07,-3.3,449.1,216.0,-4.48,-12.45,-0.09,0.0,0.9235258523723091,1.4036025078347503,0.09459105379904686,0.35,0,19,0.0
14.380315954000253,1232,97.99,98.1,9.0,-17.1,0.23,0.14,-1.27,0.03,0.96,-0.09,1.3,469.9,153.0,-4.61,-12.74,0.1,0.0,0.9646761114488116,1.2982295636750845,0.05237197882809341,0.35,0,19,0.0
14.39196905100107,1233,98.0,98.1,8.8,-17.2,-0.14,0.03,-1.16,0.01,1.0,-0.11,4.7,438.1,-552.0,-4.72,-10.1,0.54,0.0,1.006081507632458,1.1688028062936877,0.010747250991558044,0.35,0,19,0.0
14.400106963001235,1234,98.01,98.0,8.7,-17.2,-0.62,-0.08,-1.07,-0.01,0.98,-0.11,9.2,309.1,-802.0,-4.8,-7.69,0.03,0.0,0.9862048468751307,1.2392336341465238,0.03001143351390778,0.35,0,19,0.0
14.412030894000054,1235,98.02,98.0,8.6,-17.2,-0.74,-0.28,-1.13,-0.03,0.98,-0.09,12.0,271.5,-446.0,-4.88,-7.01,0.02,0.0,0.9845811292118085,1.3794564146793475,0.031002448153685247,0.35,0,19,0.0
14.420062878001772,1236,98.03,97.9,8.5,-17.1,-1.27,-0.48,-1.02,-0.05,1.0,-0.1,14.4,228.7,-527.0,-4.94,-5.42,0.49,0.0,1.0062305898749053,1.6981460479004744,0.009165927740776736,0.35,0,19,0.0
14.432113526001558,1237,98.04,97.7,8.4,-17.1,-1.46,-0.68,-0.93,-0.06,0.94,-0.08,16.2,154.5,-722.0,-4.98,-3.14,0.45,0.0,0.9453041838477179,1.8598118184375536,0.06869048709260483,0.35,0,19,0.0
14.440257928001301,1238,98.05,97.6,8.3,-17.0,-1.32,-1.12,-0.91,-0.04,0.9,-0.08,17.2,68.8,-789.0,-4.99,-0.91,0.3,0.0,0.904433524367601,1.9557351558940694,0.10736992364126718,0.35,0,19,0.0
14.45210397900155,1239,98.06,97.5,8.2,-16.9,-1.04,-1.46,-0.9,-0.03,0.91,-0.12,17.4,3.0,-597.0,-4.99,0.35,0.11,0.0,0.9183681179135086,2.005791614300947,0.09156662349345246,0.35,0,19,0.0
14.460282378000556,1240,98.07,97.4,8.1,-16.7,-0.8,-1.58,-0.89,-0.02,0.92,-0.16,17.2,-11.3,-189.0,-4.99,0.19,-0.02,0.0,0.9340235543068494,1.9820443990990717,0.07439296335810952,0.35,0,19,0.0
14.472128338000402,1241,98.08,97.4,8.0,-16.6,-1.1,-1.58,-0.78,-0.01,0.94,-0.19,17.2,0.3,4.0,-4.99,-0.09,-0.03,0.0,0.9590620417887468,2.07720966683674,0.04836738635868776,0.35,0,19,0.0
14.48031297000125,1242,98.09,97.3,7.9,-16.5,-1.37,-1.55,-0.66,0.0,0.92,-0.21,17.2,1.7,-14.0,-4.99,-0.01,-0.08,0.0,0.9436630754670864,2.1714050750608465,0.06249102562674114,0.35,0,19,0.0
14.492103637001492,1243,98.1,97.1,7.8,-16.3,-1.42,-1.54,-0.54,0.01,0.9,-0.22,17.2,-1.1,-19.0,-4.99,0.04,0.14,0.0,0.9265527507918802,2.1632383132701767,0.07800932329590837,0.35,0,19,0.0
14.500259828000708,1244,98.11,97.0,7.7,-16.2,-1.43,-1.49,-0.36,0.02,0.89,-0.25,17.2,-0.6,0.0,-4.99,0.0,0.0,0.0,0.9246621004453465,2.0963301266737546,0.07830197416959328,0.35,0,19,0.0
14.512005834001684,1245,98.12,96.9,7.7,-16.0,-1.49,-1.41,-0.1,0.02,0.88,-0.25,17.2,0.3,0.0,-4.99,0.0,0.01,0.0,0.9150409826887537,2.053825698544061,0.08616463008766229,0.35,0,19,0.0
14.520162529001027,1246,98.13,96.8,7.7,-15.9,-1.46,-1.41,0.17,0.02,0.85,-0.24,17.2,-0.3,-2.0,-4.99,0.01,0.03,0.0,0.8834591105421914,2.036811233276172,0.1153915721895401,0.35,0,19,0.0
14.532121967000421,1247,98.14,96.6,7.7,-15.7,-1.12,-1.41,0.38,0.02,0.83,-0.25,17.2,0.0,5.0,-4.99,-0.01,0.01,0.0,0.8670640114778146,1.8403532269648673,0.12915093782883846,0.35,0,19,0.0
14.540258147000714,1248,98.15,96.6,7.7,-15.6,-0.75,-1.39,0.55,0.01,0.83,-0.25,17.2,0.4,-1.0,-4.99,0.0,-0.01,0.0,0.8668909966079934,1.6724532878379592,0.12673747364468646,0.35,0,19,0.0
14.552133467001113,1249,98.16,96.5,7.8,-15.4,-0.5,-1.41,0.68,0.0,0.85,-0.25,17.2,-0.6,-2.0,-4.99,0.0,0.0,0.0,0.8860022573334675,1.6433198106272557,0.10547368866082818,0.35,0,19,0.0
14.560284291001153,1250,98.17,96.5,7.8,-15.3,-0.4,-1.37,0.78,-0.04,0.88,-0.25,17.2,0.1,2.0,-4.99,0.0,0.02,0.0,0.9156964562561111,1.6264378254332381,0.07426389994342086,0.35,0,19,0.0
14.572028002001389,1251,98.18,96.5,7.9,-15.1,-0.21,-1.51,0.78,-0.04,0.91,-0.22,17.2,-0.2,0.0,-4.99,0.0,-0.04,0.0,0.9370699013414101,1.7124835765635826,0.05183264576095936,0.35,0,19,0.0
14.57965527000124,1252,98.19,96.5,8.0,-15.0,-0.22,-1.53,0.78,-0.05,0.94,-0.23,17.2,0.0,-1.0,-4.99,0.01,-0.03,0.0,0.9690201236300513,1.731386727452882,0.019484775002871824,0.35,0,19,0.0
14.591984526001397,1253,98.2,96.5,8.0,-14.8,-0.47,-1.47,0.82,-0.06,0.96,-0.22,17.2,0.3,3.0,-4.99,0.0,0.09,0.0,0.9867117106835208,1.7476269624836989,0.0017573241904143,0.35,0,19,0.0
14.600088981000226,1254,98.21,96.5,8.1,-14.7,-0.49,-1.47,0.84,0.0,0.95,-0.22,17.2,-0.4,-11.0,-4.99,0.04,-0.05,0.0,0.9751410154434075,1.762554963681984,0.013061459041917134,0.35,0,19,0.0
14.611738256000535,1255,98.22,96.5,8.2,-14.5,-0.21,-1.24,0.76,0.04,0.95,-0.23,17.2,-1.0,0.0,-4.99,0.02,0.09,0.0,0.978263768111648,1.469455681536534,0.009739932246203176,0.35,0,19,0.0
14.619702965001125,1256,98.23,96.5,8.2,-14.4,-0.16,-1.0,0.68,0.11,0.97,-0.24,17.2,-0.2,0.0,-4.99,0.02,0.0,0.0,1.0052860289489753,1.2198360545581526,0.016936682019301763,0.35,0,19,0.0
14.631721548001224,1257,98.24,96.4,8.3,-14.3,-0.32,-0.55,0.64,0.18,0.96,-0.27,17.2,0.0,4.0,-4.99,-0.01,0.04,0.0,1.0133607452432722,0.9024965373894794,0.02451117034732664,0.35,0,19,0.0
14.63959995300138,1258,98.25,96.4,8.3,-14.3,-0.41,-0.08,0.61,0.2,0.93,-0.3,17.2,0.0,0.0,-4.99,0.0,-0.03,0.0,0.9974467404327912,0.7393240155709809,0.008425222226108753,0.35,0,19,0.0
14.651686111001254,1259,98.26,96.4,8.4,-14.3,-0.31,0.32,0.65,0.17,0.88,-0.32,17.2,0.1,2.0,-4.99,-0.01,-0.08,0.0,0.9516827202382105,0.7880355321938218,0.0365920220091025,0.35,0,19,0.0
14.659577953001644,1260,98.27,96.3,8.5,-14.3,-0.08,0.54,0.81,0.1,0.88,-0.29,17.2,0.0,-3.0,-4.99,0.01,-0.07,0.0,0.9319334740205439,0.9767804256842989,0.05521444286223376,0.35,0,19,0.0
14.671667759001139,1261,98.28,96.3,8.6,-14.4,0.25,0.44,0.91,0.02,0.83,-0.27,17.2,0.0,0.0,-4.99,0.0,-0.08,0.0,0.8730406634286858,1.0412492496996097,0.11182510838501003,0.35,0,19,0.0
14.679783034000138,1262,98.29,96.4,8.7,-14.4,1.2,0.09,0.84,-0.03,0.86,-0.25,17.2,0.0,2.0,-4.99,0.0,0.04,0.0,0.8961026726887941,1.467548977036201,0.08698783714240377,0.35,0,19,0.0
14.69166418000168,1263,98.3,96.6,8.7,-14.3,1.92,-0.32,0.73,-0.05,0.94,-0.26,17.2,-0.3,-3.0,-4.99,0.02,0.0,0.0,0.9765756499114648,2.0788698852982597,0.0063845627213383604,0.35,0,19,0.0
14.699551687001076,1264,98.31,96.8,8.8,-14.3,2.1,-0.6,0.67,-0.04,1.03,-0.25,17.2,0.0,3.0,-4.99,-0.01,0.01,0.0,1.0606601717798212,2.2844911906155385,0.07614595996407758,0.35,0,19,0.0
14.711657860001651,1265,98.32,97.0,8.8,-14.2,1.92,-0.97,0.36,-0.06,1.07,-0.23,17.2,0.0,0.0,-4.99,0.0,-0.09,0.0,1.0960839383915815,2.181031865883669,0.10933833204432108,0.35,0,19,0.0
14.719689564000873,1266,98.33,97.2,8.8,-14.1,1.72,-1.34,-0.15,-0.03,1.1,-0.24,17.2,-0.1,0.0,-4.99,0.0,0.02,0.0,1.126277052949229,2.185520532962342,0.13674081766992918,0.35,0,19,0.0
14.731698697001775,1267,98.34,97.4,8.8,-13.9,1.45,-1.51,-0.71,0.02,1.14,-0.25,17.2,0.1,-1.0,-4.99,0.0,0.06,0.0,1.167261752992875,2.210588157029708,0.1741710073593038,0.35,0,19,0.0
14.739834462001454,1268,98.35,97.6,8.6,-13.8,1.46,-1.73,-1.32,0.12,1.14,-0.19,17.2,0.1,0.0,-4.99,0.0,-0.03,0.0,1.1619380362136356,2.6204770558049155,0.165470344768463,0.35,0,19,0.0
14.751727163000396,1269,98.36,97.8,8.4,-13.6,1.55,-1.88,-2.07,0.22,1.16,-0.17,17.2,0.0,0.0,-4.99,0.0,-0.1,0.0,1.1928537211242625,3.19715498529552,0.1924583090855081,0.35,0,19,0.0
14.759824328000832,1270,98.37,98.0,8.2,-13.5,1.79,-1.54,-2.99,0.28,1.2,-0.21,17.2,0.1,2.0,-4.99,0.0,0.01,0.0,1.25,3.809960629717845,0.24461249620202064,0.35,0,19,0.0
14.771667822000381,1271,98.38,98.2,7.8,-13.4,2.16,-0.79,-4.05,0.36,1.3,-0.23,17.2,-0.2,-3.0,-4.99,0.01,0.01,0.0,1.3683932183404008,4.657488593652163,0.3557456002515731,0.35,0,20,0.0
14.783483580000393,1272,98.39,98.4,7.4,-13.5,1.82,0.05,-4.64,0.4,1.43,-0.22,17.2,0.1,5.0,-4.99,-0.02,0.06,0.0,1.5010995969621737,4.984425744255802,0.4786829392958789,0.35,0,20,0.0
14.795521554000516,1273,98.4,98.5,7.0,-13.6,0.39,0.84,-4.19,0.29,1.43,-0.21,17.2,0.1,0.0,-4.99,0.0,0.06,0.0,1.4741438193066507,4.291130387205684,0.4426926184075488,0.35,0,20,0.0
14.807444514000963,1274,98.41,98.4,6.7,-13.7,-0.64,1.19,-3.03,0.07,1.33,-0.11,17.2,0.0,1.0,-4.99,-0.01,0.06,0.0,1.3363756956784272,3.3176196285891484,0.2988260048837388,0.35,0,20,0.0
14.815483887001392,1275,98.42,98.3,6.5,-13.9,-0.57,0.87,-1.65,-0.13,1.22,0.0,17.2,0.0,0.0,-4.99,0.0,-0.04,0.0,1.226906679417795,1.950461483854526,0.18556984885064454,0.35,0,20,0.0
14.823460268000417,1276,98.43,98.3,6.4,-13.9,0.55,0.08,-0.52,-0.28,1.15,0.04,17.2,0.0,0.0,-4.99,0.0,-0.01,0.0,1.184271928232701,0.7611175993235212,0.1400763957122395,0.35,0,20,0.0
14.835516935001579,1277,98.44,98.4,6.4,-13.9,1.54,-0.82,0.19,-0.33,1.2,0.1,17.2,-0.1,0.0,-4.99,0.0,0.02,0.0,1.2485591696031069,1.7550213673912918,0.20027636434099239,0.35,0,20,0.0
14.843474734001575,1278,98.45,98.6,6.4,-13.7,1.08,-2.02,0.71,-0.32,1.28,0.18,17.2,0.0,0.0,-4.99,0.0,0.02,0.0,1.3316155601373845,2.398103417286252,0.2776660997777647,0.35,0,20,0.0
14.855451865001669,1279,98.46,98.7,6.4,-13.5,-0.48,-3.24,0.94,-0.24,1.26,0.15,17.2,-0.7,-3.0,-4.99,0.01,-0.07,0.0,1.291394595001853,3.4075797862999484,0.2326962319493886,0.35,0,20,0.0
14.863468806001038,1280,98.47,98.6,6.5,-13.1,-2.08,-4.23,0.85,-0.1,1.16,0.16,17.2,-0.7,-7.0,-4.99,0.04,0.01,0.0,1.1752446553803169,4.789759910475681,0.11421536648129527,0.35,0,20,0.0
14.871462998000425,1281,98.48,98.3,6.5,-12.6,-3.05,-4.92,0.56,0.05,1.05,0.17,17.2,-2.8,-15.0,-4.99,0.09,-0.07,0.0,1.0648474069086142,5.815711478400558,0.003741755649400824,0.35,0,20,0.0
14.88163674200041,1282,98.49,98.1,6.4,-12.1,-3.65,-5.21,0.3,0.16,0.96,0.11,17.1,-4.5,-13.0,-4.99,0.13,0.0,0.0,0.979438614717635,6.368406394067515,0.08003369581074682,0.35,0,20,0.0
14.891473165000207,1283,98.5,97.7,6.4,-11.6,-3.96,-4.98,0.15,0.2,0.87,0.07,17.1,-6.2,-21.0,-4.98,0.21,0.11,0.0,0.8954328562209453,6.364314574249139,0.1607586652212878,0.35,0,20,0.0
14.899872991001757,1284,98.51,97.4,6.3,-11.1,-3.8,-4.67,0.15,0.19,0.8,0.08,17.0,-10.9,-45.0,-4.98,0.36,-0.02,0.0,0.8261355820929154,6.022574200456147,0.22545482056233135,0.35,0,20,0.0
14.912007614000686,1285,98.52,97.1,6.3,-10.6,-3.26,-4.55,0.22,0.16,0.74,0.08,16.8,-16.1,-52.0,-4.98,0.51,0.16,0.0,0.7613146524269712,5.601651542179324,0.28447023522371007,0.35,0,20,0.0
14.919949708000786,1286,98.53,96.9,6.3,-10.2,-2.69,-4.42,0.22,0.14,0.72,0.03,16.6,-21.7,-42.0,-4.97,0.62,0.15,0.0,0.7340980860893181,5.178889842427623,0.30545306553013585,0.35,0,20,0.0
14.932042815000386,1287,98.54,96.7,6.2,-9.7,-2.22,-4.11,0.2,0.12,0.73,-0.01,16.4,-27.4,-77.0,-4.96,0.9,-0.03,0.0,0.7398648525237564,4.67552136130293,0.2936925731137835,0.35,0,20,0.0
14.940131705001477,1288,98.55,96.5,6.2,-9.3,-1.66,-3.81,0.15,0.14,0.81,-0.02,16.1,-35.8,-62.0,-4.95,1.02,-0.05,0.0,0.8222530024268686,4.158629581965674,0.20707833474645798,0.35,0,20,0.0
14.95174437300011,1289,98.56,96.4,6.2,-9.0,-1.24,-3.48,0.18,0.17,0.88,-0.03,15.7,-41.8,-68.0,-4.94,1.23,0.25,0.0,0.8967719888578144,3.698702475193159,0.12990816134920202,0.35,0,20,0.0
14.959632952000902,1290,98.57,96.3,6.2,-8.7,-1.15,-3.15,0.26,0.2,0.92,-0.06,15.1,-57.2,-160.0,-4.92,1.84,0.16,0.0,0.9433981132056605,3.3634208776184997,0.08161639626132888,0.35,0,20,0.0
14.972141267000552,1291,98.58,96.2,6.2,-8.4,-1.16,-2.74,0.28,0.22,0.96,-0.08,14.4,-79.9,-193.0,-4.9,2.41,0.22,0.0,0.98812954616285,2.988578257298945,0.03614726403805657,0.35,0,20,0.0
14.980275987001733,1292,98.59,96.2,6.2,-8.1,-1.07,-2.24,0.32,0.22,0.97,-0.1,13.5,-101.1,-213.0,-4.87,3.02,-0.05,0.0,0.9996499387285531,2.5029782260339384,0.024134334042906325,0.35,0,20,0.0
14.991996766000739,1293,98.6,96.1,6.3,-7.9,-0.77,-1.9,0.48,0.19,1.01,-0.08,12.3,-120.2,-180.0,-4.84,3.44,-0.17,0.0,1.030824912388132,2.1055403107041193,0.006899826824338984,0.35,0,20,0.0
15.000221215001147,1294,98.61,96.0,6.4,-7.7,-0.41,-1.71,0.72,0.17,1.03,-0.08,11.0,-132.0,-121.0,-4.8,3.67,0.1,0.0,1.0469957019969087,1.900157888176664,0.02260920410445344,0.35,0,20,0.0
15.012061377001373,1295,98.62,96.0,6.5,-7.5,-0.16,-1.63,0.96,0.13,1.04,-0.07,9.7,-136.3,-45.0,-4.77,3.67,-0.02,0.0,1.0504284840006957,1.89844673351664,0.02552114638607561,0.35,0,20,0.0
15.02020907000042,1296,98.63,96.0,6.6,-7.4,-0.25,-1.68,1.21,0.1,1.05,-0.07,8.4,-124.2,127.0,-4.73,3.02,0.0,0.0,1.057071426158138,2.0854256160314133,0.03152080677264757,0.35,0,20,0.0
15.032128492000993,1297,98.64,96.0,6.7,-7.2,-0.52,-1.82,1.43,0.07,1.04,-0.08,7.3,-93.5,244.0,-4.71,2.19,-0.17,0.0,1.0454185764563397,2.3722773868163056,0.019470597929432287,0.35,0,20,0.0
15.041754831001526,1298,98.65,95.9,6.8,-7.0,-0.81,-1.99,1.59,0.05,1.02,-0.09,6.5,-73.6,156.0,-4.69,1.93,-0.07,0.0,1.0251829105091441,2.6728823393482926,0.000749766657408113,0.35,0,20,0.0
15.05176007800037,1299,98.66,95.8,6.9,-6.7,-0.89,-2.18,1.66,0.06,1.0,-0.1,5.8,-73.2,31.0,-4.67,2.05,0.07,0.0,1.0067770358922576,2.880989413378675,0.018772528448808723,0.35,0,20,0.0
15.059599756001262,1300,98.67,95.8,7.0,-6.5,-0.99,-2.36,1.69,0.08,0.98,-0.11,5.1,-79.0,-38.0,-4.65,2.26,-0.14,0.0,0.9893937537704591,3.066887673195743,0.03543269435919516,0.35,0,20,0.0
15.071805174000474,1301,98.68,95.7,7.1,-6.2,-1.15,-2.47,1.67,0.11,0.96,-0.13,4.2,-88.1,-59.0,-4.62,2.44,-0.02,0.0,0.9749871794028884,3.195668944055376,0.048842483352230515,0.35,0,20,0.0
15.083502895000493,1302,98.69,95.7,7.3,-6.0,-1.16,-2.49,1.58,0.13,0.93,-0.16,3.3,-94.4,-68.0,-4.6,2.67,0.19,0.0,0.9525754563287887,3.1689272632864265,0.06982912229780358,0.35,0,20,0.0
15.095374059001188,1303,98.7,95.6,7.4,-5.7,-1.13,-2.43,1.54,0.16,0.93,-0.18,2.3,-103.3,-103.0,-4.57,2.99,0.05,0.0,0.9606768447297979,3.090857486200229,0.06049317921885844,0.35,0,20,0.0
15.107497661001617,1304,98.71,95.6,7.5,-5.4,-1.04,-2.32,1.51,0.16,0.92,-0.18,1.1,-121.6,-175.0,-4.53,3.59,0.18,0.0,0.9509994742374992,2.9570424413592713,0.06876713871693396,0.35,0,20,0.0
15.115480169000875,1305,98.72,95.5,7.7,-5.2,-0.85,-2.2,1.49,0.17,0.91,-0.18,-0.2,-144.0,-202.0,-4.49,4.18,-0.09,0.0,0.9430800602281866,2.7897311698441483,0.07515282167172166,0.35,0,20,0.0
15.127476635001585,1306,98.73,95.5,7.8,-5.0,-0.77,-2.11,1.45,0.17,0.91,-0.19,-1.7,-164.1,-196.0,-4.45,4.69,0.14,0.0,0.9450396817065408,2.67348087705897,0.07172933618950006,0.35,0,20,0.0
15.13956494500053,1307,98.74,95.4,7.9,-4.7,-0.81,-1.97,1.4,0.18,0.89,-0.2,-3.5,-183.7,-189.0,-4.4,5.2,-0.09,0.0,0.9297849213662265,2.5489213404889526,0.08524441459921805,0.35,0,20,0.0
15.151391226001579,1309,98.76,95.3,8.1,-4.4,-0.75,-1.67,1.16,0.2,0.86,-0.2,-7.5,-205.3,-97.0,-4.29,5.66,-0.07,0.0,0.905317623820502,2.167256330017287,0.10751747790204369,0.35,0,20,0.0
15.16156762600076,1310,98.77,95.3,8.2,-4.2,-0.9,-1.56,0.95,0.2,0.83,-0.21,-9.6,-211.8,-69.0,-4.23,5.81,-0.06,0.0,0.8792041856133307,2.036197436399526,0.1309582977870306,0.35,0,20,0.0
15.171544487000574,1311,98.78,95.2,8.3,-4.0,-1.1,-1.38,0.65,0.22,0.8,-0.22,-11.7,-215.3,-41.0,-4.17,5.88,-0.07,0.0,0.8583705493549975,1.8806647760831805,0.14875609536445655,0.35,0,20,0.0
15.183492512000157,1312,98.79,95.1,8.3,-3.9,-1.38,-1.16,0.24,0.24,0.75,-0.22,-13.9,-216.4,-15.0,-4.11,5.88,0.0,0.0,0.817618492941543,1.8186808406094785,0.1857179887423529,0.35,0,20,0.0
15.191480419000072,1313,98.8,94.9,8.3,-3.8,-1.55,-0.89,-0.2,0.26,0.71,-0.23,-16.0,-215.3,10.0,-4.05,5.81,0.02,0.0,0.7903163923391695,1.7984993744786235,0.2087596875578318,0.35,0,20,0.0
15.201720140001271,1314,98.81,94.8,8.3,-3.7,-1.42,-0.49,-0.58,0.28,0.72,-0.24,-18.2,-209.6,47.0,-4.0,5.62,0.04,0.0,0.8089499366462674,1.6102484280383569,0.18632362038571926,0.35,0,20,0.0
15.211719026001447,1315,98.82,94.7,8.2,-3.7,-0.91,-0.05,-0.85,0.28,0.73,-0.23,-20.2,-203.8,45.0,-3.94,5.5,-0.05,0.0,0.8149846624323674,1.2462343278854102,0.17668311670762682,0.35,0,20,0.0
15.223663509001199,1316,98.83,94.6,8.1,-3.7,-0.11,0.27,-1.04,0.25,0.78,-0.22,-22.2,-201.3,32.0,-3.89,5.43,0.13,0.0,0.8481155581640983,1.0800925886237718,0.14068117655637802,0.35,0,20,0.0
15.231524996001099,1317,98.84,94.6,8.0,-3.8,0.28,0.46,-1.16,0.22,0.84,-0.22,-24.2,-197.7,40.0,-3.83,5.31,0.07,0.0,0.8957678270623476,1.2789057822998533,0.09116832950496623,0.35,0,20,0.0
15.241671283001779,1318,98.85,94.7,7.9,-3.8,0.2,0.7,-1.22,0.19,0.88,-0.21,-26.1,-190.3,69.0,-3.78,5.07,0.11,0.0,0.9244457799135654,1.4207040508142432,0.06124056912067344,0.35,0,20,0.0
15.251466095000069,1319,98.86,94.6,7.8,-3.9,-0.1,0.9,-1.29,0.15,0.87,-0.19,-28.0,-181.4,77.0,-3.73,4.84,-0.1,0.0,0.9030503861911582,1.57610278852618,0.080983243586219,0.35,0,20,0.0
15.259699814001578,1320,98.87,94.6,7.6,-4.0,-0.14,1.02,-1.4,0.12,0.84,-0.17,-29.8,-174.6,70.0,-3.69,4.66,-0.07,0.0,0.8653900854527974,1.7378147196982765,0.11627067343808817,0.35,0,20,0.0
15.27172117200098,1321,98.88,94.7,7.5,-4.2,0.21,1.05,-1.47,0.11,0.85,-0.14,-31.5,-169.6,48.0,-3.64,4.57,-0.04,0.0,0.8684468895678077,1.8186533479473213,0.11094959193661635,0.35,0,20,0.0
15.28169968200018,1322,98.89,94.7,7.4,-4.3,0.85,1.0,-1.38,0.1,0.9,-0.09,-33.1,-165.5,47.0,-3.6,4.44,0.01,0.0,0.91,1.904442175546425,0.06800855187433552,0.35,0,20,0.0
15.291707158999998,1323,98.9,94.8,7.2,-4.4,1.23,0.76,-1.22,0.06,0.93,-0.05,-34.8,-160.1,50.0,-3.55,4.29,0.06,0.0,0.9332738076256079,1.8917980864775183,0.043840049363753186,0.35,0,20,0.0
15.301594267000837,1324,98.91,94.9,7.1,-4.4,1.23,0.39,-1.1,0.06,0.97,-0.06,-36.3,-152.6,80.0,-3.51,4.01,0.14,0.0,0.9737042672187486,1.695582495781317,0.0033413979752001666,0.35,0,20,0.0
15.311730322000585,1325,98.92,95.0,6.9,-4.5,0.78,0.17,-0.97,0.06,0.98,-0.12,-37.8,-142.9,95.0,-3.47,3.75,0.05,0.0,0.9891410415102591,1.2562643034011594,0.011853468789984056,0.35,0,20,0.0
15.32193846300106,1326,98.93,95.1,6.8,-4.5,0.37,0.1,-0.92,0.07,0.95,-0.19,-39.1,-132.8,102.0,-3.44,3.46,-0.13,0.0,0.9713392816107047,0.9966443698732261,0.005829325287378895,0.35,0,20,0.0
15.331663458000548,1327,98.94,95.2,6.7,-4.5,0.36,0.33,-0.89,0.12,0.97,-0.24,-40.4,-122.1,107.0,-3.4,3.17,-0.05,0.0,1.006429331846007,1.0151847122568385,0.02867551044896488,0.35,0,20,0.0
15.341612817001078,1328,98.95,95.2,6.7,-4.6,0.63,0.68,-0.79,0.15,1.0,-0.27,-41.5,-108.8,125.0,-3.38,2.81,0.02,0.0,1.0466135867644752,1.2179490958164056,0.06748257006008451,0.35,0,20,0.0
15.351503385001706,1329,98.96,95.3,6.6,-4.7,1.1,1.1,-0.69,0.2,1.04,-0.3,-42.5,-93.6,143.0,-3.35,2.37,0.08,0.0,1.100727032465361,1.7017931719218995,0.1191640954457509,0.35,0,20,0.0
15.361697077001736,1330,98.97,95.4,6.6,-4.8,1.45,1.58,-0.46,0.23,1.09,-0.29,-43.3,-78.4,149.0,-3.33,1.94,-0.01,0.0,1.1511298797268708,2.1932852071721087,0.16617560385311536,0.35,0,20,0.0
15.371707381000306,1331,98.98,95.5,6.5,-5.0,1.64,1.97,-0.12,0.2,1.08,-0.28,-44.0,-63.3,144.0,-3.31,1.57,-0.15,0.0,1.1334901852243804,2.5661059993694724,0.14556519116361244,0.35,0,20,0.0
15.38161468600083,1332,98.99,95.7,6.6,-5.2,1.82,2.11,0.07,0.14,1.04,-0.28,-44.6,-51.6,119.0,-3.3,1.28,-0.06,0.0,1.0860939185908371,2.7873643464749995,0.09620554603946785,0.35,0,20,0.0
15.391522656000234,1333,99.0,95.8,6.6,-5.4,2.2,2.28,0.14,0.12,1.07,-0.27,-44.9,-46.3,115.0,-3.29,1.12,0.0,0.0,1.110045044131093,3.171435006428478,0.11775353814812917,0.35,0,20,0.0
15.399503484000888,1334,99.01,96.1,6.6,-5.7,2.73,2.39,0.33,0.11,1.22,-0.19,-45.4,-39.3,78.0,-3.28,0.99,0.0,0.0,1.2395967086113129,3.6433363830423344,0.24235909857578208,0.35,0,20,0.0
15.412007256001743,1335,99.02,96.4,6.7,-5.9,3.15,2.39,0.83,0.06,1.39,-0.11,-45.7,-33.0,66.0,-3.27,0.81,-0.13,0.0,1.3956360557108003,4.040235141671831,0.3904304767617641,0.35,0,21,0.0
15.420197694000308,1336,99.03,96.7,6.8,-6.1,3.23,2.11,1.4,0.0,1.5,-0.07,-46.0,-25.9,77.0,-3.26,0.58,-0.26,0.0,1.5016324450410627,4.104266073246227,0.48649832877018606,0.35,0,21,0.0
15.432351229001142,1337,99.04,97.0,7.0,-6.3,2.86,1.82,1.94,-0.02,1.57,-0.06,-46.3,-19.4,64.0,-3.26,0.45,0.05,0.0,1.5712733689590745,3.905841778669484,0.545016467634434,0.35,0,21,0.0
15.440305847001582,1338,99.05,97.2,7.2,-6.4,1.79,1.38,2.31,-0.01,1.51,-0.05,-46.4,-12.5,84.0,-3.25,0.18,-0.16,0.0,1.5108606818631558,3.2318106380170235,0.4749117049277449,0.35,0,21,0.0
15.45207761400161,1339,99.06,97.3,7.5,-6.5,0.48,0.88,2.35,0.02,1.31,-0.06,-46.4,0.6,114.0,-3.25,-0.16,0.07,0.0,1.3115258289488623,2.5548581173912575,0.2700653149731824,0.35,0,21,0.0
15.460090529000809,1340,99.07,97.3,7.7,-6.5,-0.19,0.68,1.95,0.12,1.1,-0.1,-46.4,6.0,42.0,-3.26,-0.14,0.0,0.0,1.1110355529864921,2.0738852427268006,0.06818353823059597,0.35,0,21,0.0
15.472145710000405,1341,99.08,97.2,7.9,-6.6,-0.02,0.89,1.29,0.26,0.95,-0.13,-46.3,4.3,0.0,-3.26,-0.08,-0.19,0.0,0.9934787365615834,1.5673544589530475,0.04838581263042663,0.35,0,21,0.0
15.480162023000958,1342,99.09,97.3,8.0,-6.7,0.78,1.47,0.6,0.35,0.89,-0.15,-46.3,4.3,22.0,-3.26,-0.19,-0.01,0.0,0.9680392554023829,1.768982758536668,0.07234878791383448,0.35,0,21,0.0
15.492342875000759,1343,99.1,97.3,8.0,-6.9,1.43,2.18,0.03,0.39,0.91,-0.14,-46.2,12.4,73.0,-3.26,-0.47,-0.04,0.0,0.9998999949995,2.6073358049932884,0.039678287350382924,0.35,0,21,0.0
15.50014742300118,1344,99.11,97.5,8.1,-7.2,1.71,2.95,-0.41,0.37,0.95,-0.13,-46.0,25.7,133.0,-3.27,-0.92,-0.08,0.0,1.0277645644796283,3.4343412759945684,0.011577443512849506,0.35,0,21,0.0
15.512025484000333,1345,99.12,97.6,8.0,-7.5,1.44,3.59,-0.58,0.3,0.98,-0.1,-45.7,41.0,156.0,-3.28,-1.38,0.05,0.0,1.0297572529484802,3.911278563334501,0.009393059943117565,0.35,0,21,0.0
15.520146752000073,1346,99.13,97.6,8.0,-7.9,0.79,4.07,-0.56,0.22,0.98,-0.06,-45.1,61.1,182.0,-3.3,-1.91,-0.15,0.0,1.0061808982484213,4.183610880567168,0.03231002635031288,0.35,0,21,0.0
15.532068532000267,1347,99.14,97.6,8.1,-8.3,0.28,4.53,-0.46,0.14,0.93,-0.02,-44.3,82.4,207.0,-3.32,-2.51,-0.18,0.0,0.9406912352095134,4.5618965354334815,0.09584369560143635,0.35,0,21,0.0
15.540126134001184,1348,99.15,97.5,8.1,-8.8,0.11,4.88,-0.34,0.08,0.91,0.01,-43.3,105.3,226.0,-3.35,-3.15,-0.03,0.0,0.9135644476444998,4.89306652315294,0.12051107350312085,0.35,0,21,0.0
15.552048855000976,1349,99.16,97.5,8.1,-9.3,0.07,5.07,-0.18,0.03,0.89,0.03,-42.1,128.9,229.0,-3.39,-3.78,-0.13,0.0,0.891010662113535,5.073677167498934,0.1402035618534041,0.35,0,21,0.0
15.56023950800045,1350,99.17,97.4,8.2,-9.8,0.06,5.09,-0.07,0.0,0.87,0.06,-40.7,151.3,232.0,-3.43,-4.41,0.0,0.0,0.8720665112249181,5.090834902056832,0.1559647584871805,0.35,0,21,0.0
15.571998915000222,1351,99.18,97.3,8.2,-10.3,-0.07,4.9,0.03,-0.03,0.88,0.09,-39.0,174.9,232.0,-3.48,-5.05,-0.2,0.0,0.8850988645343525,4.900591800997101,0.14007375707419123,0.35,0,21,0.0
15.58008373300072,1352,99.19,97.2,8.3,-10.8,-0.33,4.6,0.09,-0.05,0.87,0.08,-37.1,198.1,234.0,-3.53,-5.68,-0.03,0.0,0.8750999942863672,4.612699860168662,0.14707117477573306,0.35,0,21,0.0
15.59201572100028,1353,99.2,97.1,8.4,-11.3,-0.37,4.35,0.07,-0.06,0.85,0.08,-35.2,219.8,238.0,-3.6,-6.34,-0.1,0.0,0.8558621384311844,4.36626842967768,0.1629828500182975,0.35,0,21,0.0
15.604213380000147,1354,99.21,97.0,8.4,-11.7,-0.31,4.0,0.09,-0.07,0.87,0.1,-32.5,244.8,220.0,-3.66,-6.89,0.11,0.0,0.878521485223896,4.0130038624451885,0.13751703316107433,0.35,0,21,0.0
15.616187475001425,1355,99.22,97.0,8.5,-12.1,0.03,3.5,0.07,-0.07,0.87,0.1,-30.0,264.1,201.0,-3.74,-7.42,-0.05,0.0,0.878521485223896,3.5008284733759805,0.1347666924978529,0.35,0,21,0.0
15.624185524000495,1356,99.23,96.9,8.5,-12.4,0.44,2.93,0.02,-0.06,0.89,0.08,-27.2,285.6,225.0,-3.81,-8.07,0.01,0.0,0.8956003573022959,2.9629208561822913,0.11533406401106383,0.35,0,21,0.0
15.63209777800148,1357,99.24,97.0,8.6,-12.6,0.74,2.4,-0.03,-0.03,0.93,0.05,-24.1,310.8,236.0,-3.9,-8.73,0.0,0.0,0.9318261640456336,2.511672749384362,0.07752609212237171,0.35,0,21,0.0
15.640101665001566,1358,99.25,97.0,8.6,-12.9,0.93,2.04,-0.1,-0.01,0.97,0.01,-20.9,330.3,197.0,-3.99,-9.2,-0.05,0.0,0.9701030873056739,2.2442147847298397,0.03846418548508479,0.35,0,21,0.0
15.65193005600122,1359,99.26,97.1,8.6,-13.0,1.1,1.73,-0.28,0.0,0.98,-0.02,-17.4,352.2,244.0,-4.09,-9.94,0.0,0.0,0.9802040603874276,2.069130252062446,0.027795948155264538,0.35,0,21,0.0
15.66007140200054,1360,99.27,97.2,8.6,-13.2,1.26,1.51,-0.5,0.03,1.0,-0.06,-13.7,380.6,245.0,-4.19,-10.6,-0.03,0.0,1.0022474744293446,2.0292116695899423,0.005637483431080614,0.35,0,21,0.0
15.672046386000147,1361,99.28,97.3,8.5,-13.4,1.16,1.34,-0.62,0.05,1.03,-0.07,-9.8,401.1,218.0,-4.3,-11.16,0.09,0.0,1.0335859906171327,1.877658115845374,0.02518701210157337,0.35,0,21,0.0
15.680043462001777,1362,99.29,97.3,8.4,-13.5,0.92,1.35,-0.64,0.07,1.03,-0.1,-5.6,422.8,218.0,-4.42,-11.74,-0.2,0.0,1.0372077901751413,1.7545654732725138,0.028232635426390207,0.35,0,21,0.0
15.692089896001562,1363,99.3,97.4,8.3,-13.7,0.76,1.43,-0.58,0.08,1.02,-0.1,-1.2,442.5,220.0,-4.54,-12.35,-0.15,0.0,1.0280077820717117,1.7201453426963662,0.01865197477650149,0.35,0,21,0.0
15.699947312001314,1364,99.31,97.4,8.3,-13.8,0.78,1.5,-0.58,0.07,1.0,-0.1,3.2,448.4,-72.0,-4.66,-11.59,0.41,0.0,1.007422453591342,1.7874003468725186,0.0018946866297908649,0.35,0,21,0.0
15.712068187000114,1365,99.32,97.5,8.2,-14.0,0.89,1.51,-0.62,0.06,1.01,-0.1,7.1,364.0,-793.0,-4.75,-8.24,0.26,0.0,1.0167103815738285,1.8591933734821668,0.007245376525641722,0.35,0,21,0.0
15.719952745001137,1366,99.33,97.5,8.1,-14.1,0.95,1.45,-0.76,0.06,1.0,-0.1,10.1,270.1,-625.0,-4.82,-6.98,0.02,0.0,1.0067770358922576,1.8927757394894937,0.0026342097728104807,0.35,0,21,0.0
15.732135193000431,1367,99.34,97.6,8.0,-14.3,0.77,1.45,-0.84,0.05,1.0,-0.1,12.6,242.9,-412.0,-4.89,-6.15,0.25,0.0,1.0062305898749053,1.8441800345953212,0.003117042674359638,0.35,0,21,0.0
15.740129221001553,1368,99.35,97.6,7.9,-14.5,0.28,1.46,-0.79,0.03,0.98,-0.1,14.7,194.4,-532.0,-4.94,-4.49,0.18,0.0,0.9855455342093535,1.683478541591784,0.023326056373113246,0.35,0,21,0.0
15.752175448000344,1369,99.36,97.6,7.8,-14.6,0.44,1.39,-0.89,0.01,0.93,-0.07,16.1,123.8,-680.0,-4.97,-2.4,0.23,0.0,0.9326842981416595,1.708156901458411,0.07466354659199104,0.35,0,21,0.0
15.760340447001,1370,99.37,97.6,7.7,-14.8,0.67,1.15,-1.04,0.0,0.93,-0.09,16.9,47.4,-709.0,-4.98,-0.45,0.31,0.0,0.9343446901438462,1.6890825912311096,0.0715430914980083,0.35,0,21,0.0
15.772210880000785,1371,99.38,97.7,7.6,-14.9,0.73,1.04,-1.17,0.0,0.93,-0.11,16.9,-5.3,-460.0,-4.98,0.34,-0.29,0.0,0.9364827814754525,1.7272521529875131,0.06801690016307405,0.35,0,21,0.0
15.780174886000168,1372,99.39,97.7,7.5,-15.0,0.67,1.0,-1.28,0.0,0.95,-0.13,16.8,-8.1,-109.0,-4.98,0.08,-0.15,0.0,0.9588534820294495,1.7570714271195693,0.04473327561689555,0.35,0,21,0.0
15.792172152001513,1373,99.4,97.8,7.4,-15.1,0.41,0.99,-1.33,0.0,0.95,-0.16,16.8,1.9,5.0,-4.98,-0.08,-0.21,0.0,0.9633794683301071,1.7079519899575633,0.03940314352991314,0.35,0,21,0.0
15.799992637001196,1374,99.41,97.8,7.2,-15.2,0.34,1.02,-1.41,0.0,0.94,-0.18,16.8,0.3,-25.0,-4.98,0.04,0.05,0.0,0.9570788891204318,1.7731610191970721,0.0447896482847967,0.35,0,21,0.0
15.812001423000765,1375,99.42,97.8,7.1,-15.4,0.38,1.04,-1.48,0.0,0.94,-0.19,16.8,-1.2,1.0,-4.98,0.0,-0.18,0.0,0.9590099061010788,1.8483506160899237,0.042001458678066594,0.35,0,21,0.0
15.820157217000087,1376,99.43,97.8,7.0,-15.5,0.3,1.05,-1.45,0.01,0.94,-0.2,16.8,0.5,-2.0,-4.98,0.0,-0.09,0.0,0.9610931276416453,1.8152134860671347,0.03911987239475001,0.35,0,21,0.0
15.832111617000919,1377,99.44,97.8,6.9,-15.6,0.01,1.1,-1.31,0.0,0.95,-0.19,16.8,-0.1,6.0,-4.98,-0.02,0.0,0.0,0.9688137075826291,1.7106139248819414,0.030771306604690962,0.35,0,21,0.0
15.840111369001534,1378,99.45,97.8,6.8,-15.7,-0.15,1.08,-1.1,-0.01,0.94,-0.18,16.8,0.1,-4.0,-4.98,0.0,0.05,0.0,0.9571311299921239,1.5488382743204663,0.04160480651129217,0.35,0,21,0.0
15.852127224001379,1379,99.46,97.8,6.7,-15.9,-0.16,1.02,-0.91,-0.02,0.94,-0.18,16.8,-0.4,7.0,-4.98,-0.03,0.08,0.0,0.9572878355019455,1.376263056250512,0.040619138981441094,0.35,0,21,0.0
15.86011348700049,1380,99.47,97.8,6.6,-16.0,-0.17,0.95,-0.67,-0.02,0.96,-0.18,16.8,0.4,0.0,-4.98,0.0,0.05,0.0,0.976933979345585,1.1748616939878498,0.02055353523504555,0.35,0,21,0.0
15.87230830000044,1381,99.48,97.7,6.6,-16.1,-0.36,0.82,-0.37,-0.03,0.97,-0.17,16.8,-0.2,2.0,-4.98,0.0,0.08,0.0,0.9852410872471773,0.9689685237405805,0.012001498786784248,0.35,0,21,0.0
15.880061800000476,1382,99.49,97.7,6.6,-16.1,-0.52,0.63,-0.09,-0.03,0.97,-0.18,16.8,-0.1,-4.0,-4.98,0.01,0.05,0.0,0.9870157040290696,0.8218272324521743,0.0100223443647941,0.35,0,21,0.0
15.89212686800056,1383,99.5,97.6,6.6,-16.2,-0.62,0.43,0.16,-0.03,0.96,-0.19,16.8,0.4,8.0,-4.98,-0.02,-0.12,0.0,0.979081201943945,0.7712976079309465,0.017597709520920324,0.35,0,21,0.0
15.900151369000014,1384,99.51,97.5,6.6,-16.2,-0.66,0.26,0.37,-0.04,0.95,-0.19,16.8,0.2,-6.0,-4.98,0.0,0.08,0.0,0.969639108122192,0.8000624975587846,0.026499007275819886,0.35,0,21,0.0
15.91230700900087,1385,99.52,97.5,6.6,-16.2,-0.66,0.05,0.54,-0.04,0.94,-0.19,16.8,-0.7,2.0,-4.98,0.0,-0.18,0.0,0.9598437372822725,0.8542247947700886,0.03556849055342459,0.35,0,21,0.0
15.920086251000612,1386,99.53,97.4,6.7,-16.2,-0.7,-0.11,0.7,-0.05,0.95,-0.2,16.8,0.9,-1.0,-4.98,0.0,0.05,0.0,0.972111104761179,0.9960421677820673,0.022835100613027626,0.35,0,21,0.0
15.93229299900122,1387,99.54,97.3,6.8,-16.2,-0.76,-0.24,0.82,-0.05,0.95,-0.2,16.8,-0.8,-15.0,-4.98,0.06,0.05,0.0,0.972111104761179,1.1435033887138244,0.02237839860076707,0.35,0,21,0.0
15.939960001000145,1388,99.55,97.3,6.9,-16.1,-0.75,-0.31,0.85,-0.04,0.96,-0.2,16.8,-0.1,7.0,-4.98,0.0,-0.06,0.0,0.9814275317108238,1.1752021102772068,0.012800732218099853,0.35,0,21,0.0
15.95216414600145,1389,99.56,97.2,6.9,-16.1,-0.9,-0.36,0.92,-0.03,0.98,-0.19,16.8,-0.1,-6.0,-4.98,0.03,0.17,0.0,0.9986991538997116,1.3364131097830492,0.004381472171372303,0.35,0,21,0.0
15.960313233001216,1390,99.57,97.1,7.0,-16.0,-1.25,-0.4,1.1,-0.01,1.0,-0.19,16.8,-0.1,1.0,-4.98,0.0,-0.15,0.0,1.0179390944452424,1.712454378954371,0.02314898446256508,0.35,0,21,0.0
15.972266118000334,1391,99.58,97.0,7.2,-16.0,-1.21,-0.39,1.14,0.0,0.94,-0.2,16.8,0.0,-2.0,-4.98,0.01,0.0,0.0,0.9610411021387171,1.7075713747893526,0.03307402768708112,0.35,0,21,0.0
15.980234903001474,1392,99.59,96.9,7.3,-15.9,-1.03,-0.41,1.25,0.02,0.95,-0.2,16.8,0.1,6.0,-4.98,-0.02,-0.03,0.0,0.9710303805751909,1.6707782617690476,0.02262305426559519,0.35,0,21,0.0
15.992209664000256,1393,99.6,96.8,7.4,-15.9,-0.94,-0.4,1.48,0.03,0.95,-0.21,16.8,0.3,-1.0,-4.98,0.0,0.14,0.0,0.9733961166965892,1.798332561013118,0.019852171781312933,0.35,0,21,0.0
16.000259382000877,1394,99.61,96.7,7.5,-15.8,-0.79,-0.35,1.57,0.04,0.93,-0.22,16.8,-0.6,-7.0,-4.98,0.02,-0.1,0.0,0.9565040512198577,1.7920658470045123,0.03600935251288351,0.35,0,21,0.0
16.012169820000054,1395,99.62,96.6,7.7,-15.8,-0.55,-0.29,1.54,0.04,0.91,-0.22,16.8,0.4,11.0,-4.98,-0.03,0.08,0.0,0.9370699013414101,1.6607829478893381,0.05433463234350444,0.35,0,21,0.0
16.020351579001726,1396,99.63,96.6,7.8,-15.7,-0.18,-0.24,1.46,0.05,0.9,-0.23,16.8,-0.3,-11.0,-4.98,0.03,-0.01,0.0,0.9302687783646186,1.4905032707109367,0.05991304021388999,0.35,0,21,0.0
16.03204962500058,1397,99.64,96.6,8.0,-15.7,0.12,-0.27,1.43,0.05,0.89,-0.23,16.8,-0.2,13.0,-4.98,-0.04,0.07,0.0,0.9205976319760985,1.460205464994567,0.06819250287036194,0.35,0,21,0.0
16.040071016001093,1398,99.65,96.6,8.1,-15.6,0.36,-0.36,1.41,0.04,0.87,-0.24,16.8,0.9,-2.0,-4.98,0.0,-0.1,0.0,0.9033825324855468,1.4990997298378783,0.0836994503136953,0.35,0,21,0.0
16.052053922001505,1399,99.66,96.7,8.3,-15.6,0.63,-0.55,1.39,0.02,0.87,-0.24,16.8,-0.8,-7.0,-4.98,0.02,-0.22,0.0,0.9027181176868003,1.622189877911954,0.08267658781019294,0.35,0,21,0.0
16.0601752700004,1400,99.67,96.8,8.4,-15.5,0.86,-0.8,1.33,0.0,0.88,-0.25,16.8,0.3,7.0,-4.98,-0.01,-0.07,0.0,0.9148223871331528,1.7744013074837384,0.06916087199656362,0.35,0,21,0.0
16.071949573000893,1401,99.68,96.9,8.5,-15.4,1.02,-1.02,1.22,-0.03,0.9,-0.24,16.8,-0.1,-3.0,-4.98,0.0,0.07,0.0,0.931933474020544,1.8892326484580981,0.05100878940698894,0.35,0,21,0.0
16.083926905001135,1402,99.69,97.0,8.6,-15.2,1.24,-1.33,1.01,-0.06,0.94,-0.23,16.8,-0.1,4.0,-4.98,-0.01,-0.13,0.0,0.9695875411740809,2.080048076367467,0.013087627808383129,0.35,0,21,0.0
16.09184712000024,1403,99.7,97.2,8.7,-15.1,1.36,-1.62,0.74,-0.08,0.97,-0.22,16.8,-0.1,-5.0,-4.98,0.02,-0.19,0.0,0.9978476837674174,2.2408926792686885,0.014869064489254291,0.35,0,21,0.0
16.10391374200117,1404,99.71,97.3,8.7,-14.9,1.16,-1.98,0.54,-0.09,1.01,-0.2,16.8,0.0,4.0,-4.98,-0.02,0.07,0.0,1.0335376142163382,2.357456256221947,0.049547815039411525,0.35,0,21,0.0
16.112051960000827,1405,99.72,97.5,8.7,-14.7,0.94,-2.36,0.24,-0.09,1.0,-0.2,16.8,0.0,0.0,-4.98,0.0,-0.04,0.0,1.0237675517420934,2.5516269319788893,0.03898219751386345,0.35,0,21,0.0
16.12419142300132,1406,99.73,97.6,8.7,-14.4,0.91,-2.62,-0.1,-0.07,1.0,-0.23,16.8,0.0,0.0,-4.98,0.0,0.04,0.0,1.0284940447080868,2.7753378172755836,0.042834516670259726,0.35,0,21,0.0
16.136155715001223,1407,99.74,97.7,8.6,-14.1,0.83,-2.71,-0.31,-0.04,1.02,-0.25,16.8,0.3,8.0,-4.98,-0.03,-0.22,0.0,1.050951949424901,2.851157659618282,0.06398657295933252,0.35,0,21,0.0
16.14422705600009,1408,99.75,97.9,8.6,-13.9,0.8,-2.79,-0.46,0.0,1.03,-0.23,16.8,0.4,-9.0,-4.98,0.03,-0.19,0.0,1.0553672346628922,2.938656155456096,0.06703382103337707,0.35,0,21,0.0
16.15200703100163,1409,99.76,98.0,8.5,-13.6,0.93,-2.71,-0.7,0.09,1.04,-0.25,16.8,-0.8,-2.0,-4.98,0.0,-0.19,0.0,1.0734057946554976,2.949406720003194,0.08337093340546287,0.35,0,21,0.0
16.16016953899998,1410,99.77,98.2,8.3,-13.4,1.01,-2.34,-1.04,0.18,1.07,-0.25,16.8,0.9,8.0,-4.98,-0.03,-0.04,0.0,1.1134630662936242,2.752689593833638,0.12095964094271772,0.35,0,21,0.0
16.172085745000004,1411,99.78,98.3,8.2,-13.2,1.01,-1.9,-1.39,0.22,1.1,-0.24,16.8,0.0,-5.0,-4.98,0.02,0.04,0.0,1.147170431975999,2.5616791368163185,0.15157366649259063,0.35,0,21,0.0
16.18026330000066,1412,99.79,98.5,8.0,-13.0,1.07,-1.5,-1.81,0.21,1.13,-0.23,16.8,0.0,-4.0,-4.98,0.02,0.07,0.0,1.1721348045340176,2.5828279075463003,0.17300727826959705,0.35,0,21,0.0
16.192027818000497,1413,99.8,98.7,7.8,-12.9,1.08,-1.04,-2.13,0.21,1.19,-0.22,16.8,-0.3,-2.0,-4.98,0.0,-0.04,0.0,1.2282507887235408,2.604784060147789,0.2245407972099378,0.35,0,21,0.0
16.204276123000454,1414,99.81,98.8,7.6,-12.9,1.0,-0.7,-2.23,0.18,1.24,-0.17,16.8,-0.1,9.0,-4.98,-0.02,-0.17,0.0,1.2644761761298628,2.5422234362856466,0.25555086092393475,0.35,0,21,0.0
16.21214496400171,1415,99.82,98.8,7.4,-12.8,0.78,-0.65,-2.05,0.11,1.28,-0.12,16.8,0.2,-6.0,-4.98,0.02,0.07,0.0,1.2903100402616419,2.28766256252971,0.27575703055459955,0.35,0,21,0.0
16.220205666000766,1416,99.83,98.9,7.2,-12.8,0.41,-0.91,-1.56,0.01,1.3,-0.06,16.8,-0.4,3.0,-4.98,-0.01,-0.23,0.0,1.3014222988715078,1.8519719220333768,0.2811319033811761,0.35,0,21,0.0
16.23214058600024,1417,99.84,98.9,7.0,-12.7,0.34,-1.52,-1.0,-0.07,1.28,-0.02,16.8,0.7,0.0,-4.98,0.0,-0.14,0.0,1.2820686409081223,1.8509457042279767,0.25654268050943485,0.35,0,21,0.0
16.240220544001204,1418,99.85,99.0,6.9,-12.5,0.45,-2.27,-0.52,-0.12,1.29,-0.01,16.8,-0.2,-5.0,-4.98,0.01,-0.2,0.0,1.2956079653969406,2.3718768939386377,0.26468036489828806,0.35,0,21,0.0
16.252091161000862,1419,99.86,99.1,6.9,-12.3,0.16,-2.73,-0.08,-0.15,1.29,-0.03,16.8,0.1,4.0,-4.98,-0.01,-0.11,0.0,1.299038105676658,2.735854528296415,0.2627482950744453,0.35,0,21,0.0
16.260118658001375,1420,99.87,99.1,6.8,-11.9,-0.42,-3.27,0.3,-0.15,1.26,0.01,16.8,0.0,-4.0,-4.98,0.02,0.16,0.0,1.26893656263818,3.3104833483949134,0.227993816995248,0.35,0,21,0.0
16.272223115000088,1421,99.88,99.1,6.8,-11.6,-1.03,-3.9,0.58,-0.1,1.21,0.03,16.8,-0.4,0.0,-4.98,0.0,-0.29,0.0,1.2144957801491119,4.075205516289945,0.17008197381605616,0.35,0,21,0.0
16.280220382001062,1422,99.89,99.0,6.8,-11.2,-1.49,-4.31,0.76,-0.02,1.16,0.02,16.8,-1.1,-15.0,-4.98,0.07,-0.14,0.0,1.1603447763488228,4.623180723268343,0.11361235061545183,0.35,0,21,0.0
16.292108294001082,1423,99.9,98.9,6.8,-10.7,-1.85,-4.44,0.87,0.03,1.1,0.0,16.8,-6.3,-44.0,-4.97,0.25,-0.19,0.0,1.100409014866745,4.88804664462196,0.05260305735070636,0.35,0,21,0.0
16.30031313100153,1424,99.91,98.7,6.9,-10.3,-2.25,-4.38,0.96,0.08,1.03,0.0,16.7,-12.4,-58.0,-4.97,0.42,0.16,0.0,1.0331021246711285,5.016821703030715,0.01440975618801188,0.35,0,21,0.0
16.312035636001383,1425,99.92,98.5,6.9,-9.8,-2.56,-4.33,1.08,0.12,0.94,0.03,16.5,-20.8,-79.0,-4.96,0.68,0.1,0.0,0.9481033698917012,5.144793484679439,0.09742034074809047,0.35,0,21,0.0
16.320193561999986,1426,99.93,98.3,7.0,-9.3,-2.69,-4.38,1.14,0.16,0.86,0.05,16.2,-31.7,-97.0,-4.96,0.97,0.09,0.0,0.8761849119906139,5.264988129141414,0.16595202267619424,0.35,0,21,0.0
16.33218496200061,1427,99.94,98.1,7.0,-8.9,-2.58,-4.44,1.14,0.19,0.81,0.04,15.8,-40.5,-94.0,-4.94,1.22,0.02,0.0,0.832946576918352,5.260190110632885,0.20500655059348694,0.35,0,21,0.0
16.340149597001073,1428,99.95,97.9,7.1,-8.4,-2.45,-4.33,1.16,0.21,0.78,0.02,15.3,-54.2,-153.0,-4.93,1.73,0.25,0.0,0.8080222769206304,5.108522291230606,0.22533223357938437,0.35,0,21,0.0
16.351779969001655,1429,99.96,97.7,7.1,-8.0,-2.14,-4.19,1.21,0.21,0.77,0.02,14.6,-76.2,-186.0,-4.91,2.29,0.03,0.0,0.7983733462484829,4.857962535878596,0.23028154096650122,0.35,0,21,0.0
16.35963133400037,1430,99.97,97.6,7.2,-7.6,-1.45,-4.17,1.22,0.22,0.78,0.03,13.7,-94.6,-185.0,-4.88,2.79,0.19,0.0,0.810987052917616,4.580371163999703,0.21331447761142086,0.35,0,21,0.0
16.371761738000714,1431,99.98,97.5,7.2,-7.1,-0.99,-4.16,1.09,0.22,0.79,0.0,12.7,-111.2,-161.0,-4.85,3.19,-0.02,0.0,0.8200609733428363,4.412912870202629,0.20015574604247655,0.35,0,21,0.0
16.379880779000814,1432,99.99,97.5,7.3,-6.7,-0.86,-3.96,0.79,0.23,0.81,-0.05,11.5,-121.0,-90.0,-4.82,3.31,0.04,0.0,0.8435045939412541,4.128595402797421,0.17317788293517766,0.35,0,21,0.0
16.391842887000166,1433,100.0,97.5,7.3,-6.3,-1.05,-3.54,0.49,0.24,0.84,-0.09,10.6,-121.3,-35.0,-4.78,3.25,-0.06,0.0,0.8782368700982668,3.7248087199210644,0.13567669464260157,0.35,0,21,0.0
16.399767646000328,1434,100.01,97.4,7.3,-6.0,-1.08,-3.07,0.19,0.23,0.86,-0.1,9.1,-112.7,82.0,-4.75,2.83,-0.07,0.0,0.8958236433584459,3.2599693250090556,0.11572812295477397,0.35,0,21,0.0
16.41179335200104,1435,100.02,97.3,7.3,-5.7,-0.83,-2.67,-0.02,0.22,0.89,-0.11,8.1,-87.9,234.0,-4.73,1.95,-0.13,0.0,0.9233634170791044,2.7961044329566804,0.08642458224943306,0.35,0,21,0.0
16.42176058900077,1436,100.03,97.3,7.3,-5.5,-0.64,-2.26,-0.08,0.21,0.93,-0.14,7.5,-54.6,280.0,-4.72,1.14,0.06,0.0,0.9636389365317282,2.3502340308999017,0.04522608154087315,0.35,0,21,0.0
16.431776734001687,1437,100.04,97.3,7.3,-5.3,-0.42,-1.78,-0.03,0.19,0.97,-0.15,7.1,-34.5,181.0,-4.71,0.83,0.0,0.0,0.999749968742185,1.8291254740995764,0.008932748343807861,0.35,0,21,0.0
16.44177805900108,1438,100.05,97.3,7.4,-5.1,-0.1,-1.39,0.09,0.17,1.04,-0.14,6.8,-28.4,78.0,-4.7,0.77,0.06,0.0,1.0630616162763098,1.3964956140282,0.05329132120651048,0.35,0,21,0.0
16.451848115000757,1439,100.06,97.3,7.4,-5.0,-0.07,-1.05,0.38,0.17,1.07,-0.14,6.5,-31.3,0.0,-4.69,0.9,0.07,0.0,1.0924284873619874,1.1188386836358493,0.08100502844634438,0.35,0,21,0.0
16.459726799001146,1440,100.07,97.3,7.4,-4.9,-0.05,-0.86,0.7,0.17,1.09,-0.13,6.1,-37.9,-51.0,-4.68,1.13,0.07,0.0,1.1108105148944172,1.1099999999999999,0.09739931485919873,0.35,0,21,0.0
16.47178992500085,1441,100.08,97.3,7.5,-4.8,-0.14,-0.74,1.0,0.16,1.07,-0.13,5.7,-45.2,-66.0,-4.67,1.32,0.16,0.0,1.0896788517723925,1.251878588362306,0.07474229870243065,0.35,0,21,0.0
16.479638701001022,1442,100.09,97.3,7.6,-4.7,-0.18,-0.7,1.24,0.15,1.04,-0.11,5.2,-53.1,-80.0,-4.65,1.57,0.29,0.0,1.0565036677645754,1.4352700094407325,0.040735772400721126,0.35,0,21,0.0
16.49175962100162,1443,100.1,97.3,7.8,-4.6,-0.01,-0.67,1.41,0.15,1.0,-0.12,4.6,-64.9,-108.0,-4.64,1.9,0.05,0.0,1.0182828683622247,1.5611213918206361,0.0024646735384030727,0.35,0,21,0.0
16.50178444700032,1444,100.11,97.3,7.9,-4.5,0.26,-0.69,1.55,0.15,1.0,-0.13,3.9,-73.4,-83.0,-4.62,2.07,-0.24,0.0,1.0195096860746344,1.7164498244924027,0.003617661425796559,0.35,0,21,0.0
16.51173423900036,1445,100.12,97.4,8.1,-4.4,0.44,-0.7,1.69,0.14,0.99,-0.12,3.1,-79.2,-61.0,-4.59,2.2,0.16,0.0,1.0070253224224304,1.8814090464330184,0.008689368181879376,0.35,0,21,0.0
16.520057493000422,1446,100.13,97.4,8.2,-4.3,0.52,-0.81,1.73,0.14,0.98,-0.13,2.3,-85.9,-80.0,-4.57,2.47,0.17,0.0,0.9984487968844471,1.979747458642137,0.016920575845465358,0.35,0,21,0.0
16.532064959001218,1447,100.14,97.5,8.4,-4.2,0.45,-0.82,1.7,0.14,0.97,-0.15,1.3,-101.1,-147.0,-4.54,2.99,0.07,0.0,0.9914635646356349,1.9403350226185165,0.023427691932391914,0.35,0,21,0.0
16.54010302200004,1448,100.15,97.6,8.6,-4.1,0.29,-0.8,1.66,0.15,0.97,-0.16,0.2,-120.0,-162.0,-4.51,3.45,0.0,0.0,0.9944847912361455,1.865395400444635,0.0199983360252437,0.35,0,21,0.0
16.552286677000666,1449,100.16,97.6,8.7,-4.0,0.14,-0.74,1.58,0.16,0.94,-0.17,-1.0,-135.0,-144.0,-4.47,3.81,0.17,0.0,0.9685556256612213,1.7503142574977786,0.045008951568164646,0.35,0,21,0.0
16.560189778001586,1450,100.17,97.7,8.9,-3.9,0.12,-0.67,1.48,0.16,0.92,-0.16,-2.5,-147.1,-134.0,-4.43,4.17,0.0,0.0,0.9474175425861608,1.6290181091688332,0.0648240939503606,0.35,0,21,0.0
16.572099107001122,1451,100.18,97.7,9.0,-3.8,0.04,-0.65,1.44,0.17,0.92,-0.15,-4.0,-159.4,-105.0,-4.39,4.4,-0.04,0.0,0.9475230867899737,1.5804113388608676,0.06342417875161688,0.35,0,21,0.0
16.580275905000235,1452,100.19,97.8,9.2,-3.8,0.0,-0.58,1.37,0.17,0.9,-0.15,-5.7,-164.3,-63.0,-4.34,4.5,0.12,0.0,0.9281163720137686,1.48771637081804,0.08117427565726554,0.35,0,21,0.0
16.592055551000158,1453,100.2,97.8,9.3,-3.7,0.01,-0.52,1.31,0.16,0.89,-0.15,-7.3,-166.3,-28.0,-4.3,4.53,0.0,0.0,0.916624241442479,1.4094679847375038,0.09081307810398398,0.35,0,21,0.0
16.60003107400007,1454,100.21,97.8,9.4,-3.6,0.08,-0.47,1.21,0.15,0.88,-0.14,-9.0,-165.7,5.0,-4.25,4.46,-0.06,0.0,0.903603895520598,1.3005383500689243,0.10175675554534758,0.35,0,21,0.0
16.612201476000337,1455,100.22,97.9,9.5,-3.5,0.11,-0.49,1.1,0.15,0.88,-0.13,-10.6,-163.0,16.0,-4.21,4.4,0.0,0.0,0.9021086409075129,1.2092146211487853,0.10118696995526422,0.35,0,21,0.0
16.620344668001053,1456,100.23,97.9,9.6,-3.5,0.07,-0.57,1.01,0.15,0.88,-0.13,-12.2,-159.7,34.0,-4.16,4.28,0.01,0.0,0.9021086409075129,1.1618519699169942,0.09916323055615883,0.35,0,21,0.0
16.63217016100134,1457,100.24,97.9,9.7,-3.4,-0.01,-0.57,0.88,0.15,0.89,-0.13,-13.8,-153.8,59.0,-4.12,4.07,0.06,0.0,0.9118662182579197,1.0485227703774487,0.08761754014163692,0.35,0,21,0.0
16.64015501600079,1458,100.25,97.9,9.8,-3.3,-0.04,-0.58,0.69,0.16,0.9,-0.14,-15.3,-146.9,63.0,-4.08,3.91,0.19,0.0,0.9247702417357513,0.9022749026765622,0.07321924633052923,0.35,0,21,0.0
16.652218059000006,1459,100.26,97.9,9.9,-3.3,-0.13,-0.58,0.5,0.18,0.92,-0.14,-16.7,-140.2,71.0,-4.05,3.7,0.18,0.0,0.9478396488858228,0.7767238891652554,0.04914684239684852,0.35,0,21,0.0
16.66005538400168,1460,100.27,97.9,9.9,-3.2,-0.33,-0.55,0.33,0.2,0.92,-0.14,-18.1,-130.3,100.0,-4.01,3.39,-0.08,0.0,0.9518403227432635,0.7213182376732201,0.04424324516861977,0.35,0,21,0.0
16.67175808600041,1461,100.28,97.9,9.9,-3.1,-0.47,-0.5,0.16,0.2,0.92,-0.14,-19.3,-119.7,97.0,-3.98,3.14,-0.01,0.0,0.9518403227432635,0.7046275611981127,0.04335838026524741,0.35,0,21,0.0
16.681688875001782,1462,100.29,97.9,10.0,-3.1,-0.55,-0.48,0.01,0.2,0.93,-0.13,-20.4,-108.8,103.0,-3.95,2.83,0.05,0.0,0.9601041610158766,0.7300684899377592,0.03439265115278156,0.35,0,21,0.0
16.69181126100011,1463,100.3,97.8,10.0,-3.0,-0.54,-0.48,-0.08,0.19,0.95,-0.12,-21.4,-97.9,106.0,-3.92,2.54,-0.14,0.0,0.9762171889492625,0.72691127381545,0.017914030755007748,0.35,0,21,0.0
16.701777658001447,1464,100.31,97.8,10.0,-3.0,-0.51,-0.43,-0.19,0.19,0.97,-0.14,-22.3,-87.2,111.0,-3.9,2.22,-0.18,0.0,0.9982985525382675,0.6936137253543935,0.004083986177317311,0.35,0,21,0.0
16.71184561300106,1465,100.32,97.7,10.0,-3.0,-0.57,-0.32,-0.29,0.19,0.99,-0.14,-23.1,-75.6,115.0,-3.88,1.9,0.02,0.0,1.017742600071354,0.7151223671512449,0.023057473036195875,0.35,0,21,0.0
16.71962965700004,1466,100.33,97.7,9.9,-2.9,-0.73,-0.22,-0.39,0.19,1.01,-0.15,-23.8,-64.5,111.0,-3.86,1.62,0.0,0.0,1.03860483341837,0.8563877626402656,0.043041312255547526,0.35,0,21,0.0
16.731885524000973,1467,100.34,97.6,9.9,-2.9,-0.93,-0.08,-0.45,0.18,1.01,-0.15,-24.4,-54.4,102.0,-3.85,1.35,-0.2,0.0,1.036822067666386,1.036243214694311,0.04043337557349225,0.35,0,21,0.0
16.74182544500036,1468,100.35,97.5,9.8,-2.9,-1.05,0.01,-0.49,0.18,1.01,-0.15,-24.8,-42.0,115.0,-3.84,1.01,-0.26,0.0,1.036822067666386,1.1587493257818966,0.03962470806202245,0.35,0,21,0.0
16.751861098000518,1469,100.36,97.4,9.8,-2.9,-1.08,0.09,-0.54,0.17,0.98,-0.15,-25.2,-29.8,116.0,-3.83,0.67,0.08,0.0,1.0058826969383656,1.210826164236634,0.008511630587322072,0.35,0,21,0.0
16.75965828600056,1470,100.37,97.3,9.7,-3.0,-1.04,0.2,-0.55,0.16,0.98,-0.15,-25.4,-19.8,104.0,-3.82,0.41,0.07,0.0,1.0042410069301093,1.1933566105737212,0.00673254176748439,0.35,0,21,0.0
16.77183959500144,1471,100.38,97.2,9.7,-3.0,-0.97,0.25,-0.51,0.14,0.98,-0.13,-25.5,-9.7,99.0,-3.82,0.15,0.0,0.0,0.9984487968844471,1.1240551587889271,0.0009215250873857439,0.35,0,21,0.0
16.77977919800105,1472,100.39,97.1,9.6,-3.0,-0.92,0.27,-0.46,0.13,0.98,-0.13,-25.6,-4.3,48.0,-3.82,0.1,0.0,0.0,0.9970957827611147,1.063437821407533,0.000422859255227781,0.35,0,21,0.0
16.791807529001744,1473,100.4,97.0,9.5,-3.0,-0.95,0.24,-0.37,0.12,0.98,-0.12,-25.6,-4.5,8.0,-3.82,0.14,-0.03,0.0,0.9945853407325084,1.047377677822093,0.002874635258157343,0.35,0,21,0.0
16.799675337000735,1474,100.41,96.9,9.5,-3.1,-1.0,0.21,-0.29,0.11,0.97,-0.12,-25.7,-5.9,1.0,-3.82,0.15,0.01,0.0,0.9835649444749441,1.0621675950620977,0.01361713088540717,0.35,0,21,0.0
16.811981741000636,1475,100.42,96.8,9.4,-3.1,-1.0,0.18,-0.24,0.12,0.96,-0.13,-25.7,-4.8,6.0,-3.82,0.12,-0.03,0.0,0.9761659694949419,1.044030650891055,0.020595783748101226,0.35,0,21,0.0
16.820322427000065,1476,100.43,96.8,9.4,-3.1,-0.97,0.15,-0.18,0.13,0.95,-0.13,-25.8,-4.9,-4.0,-3.82,0.15,0.0,0.0,0.9676259607927021,0.9978977903573091,0.028553076601334215,0.35,0,21,0.0
16.832151041000543,1477,100.44,96.7,9.4,-3.1,-0.93,0.12,-0.14,0.14,0.94,-0.13,-25.8,-6.4,-8.0,-3.81,0.19,-0.06,0.0,0.959218431849597,0.9481033698917012,0.036221393433550575,0.35,0,21,0.0
16.840019729001142,1478,100.45,96.6,9.4,-3.1,-0.91,0.13,-0.13,0.15,0.93,-0.14,-25.9,-6.7,0.0,-3.81,0.16,-0.15,0.0,0.9523654760647301,0.9283856957105706,0.042212862234049076,0.35,0,21,0.0
16.852250354000716,1479,100.46,96.5,9.3,-3.1,-0.93,0.16,-0.16,0.16,0.93,-0.15,-26.0,-5.5,3.0,-3.81,0.15,-0.13,0.0,0.9555103348473003,0.9571311299921239,0.03828664338244925,0.35,0,21,0.0
16.860222611001518,1480,100.47,96.5,9.3,-3.2,-0.94,0.23,-0.19,0.17,0.92,-0.16,-26.0,-6.9,-14.0,-3.81,0.22,0.12,0.0,0.9491575211733825,0.9862048468751307,0.043746667915239734,0.35,0,21,0.0
16.872186092999982,1481,100.48,96.4,9.3,-3.2,-0.89,0.34,-0.23,0.18,0.91,-0.17,-26.1,-9.1,-7.0,-3.81,0.22,0.17,0.0,0.9430800602281866,0.9801020355044673,0.04882764628322689,0.35,0,21,0.0
16.880294649999996,1482,100.49,96.4,9.3,-3.2,-0.77,0.45,-0.28,0.18,0.9,-0.17,-26.2,-5.6,25.0,-3.8,0.1,0.08,0.0,0.9334345183246654,0.9347726996441434,0.057303724423013125,0.35,0,21,0.0
16.891985158001262,1483,100.5,96.3,9.3,-3.3,-0.68,0.58,-0.34,0.18,0.9,-0.16,-26.2,-2.7,20.0,-3.8,0.06,-0.12,0.0,0.9316651759081692,0.9562426470305537,0.0578916055027191,0.35,0,21,0.0
16.89991239900155,1484,100.51,96.3,9.3,-3.3,-0.64,0.69,-0.4,0.17,0.89,-0.16,-26.2,-2.6,2.0,-3.8,0.07,0.16,0.0,0.9201086892318755,1.0225947388873073,0.06805913033543254,0.35,0,21,0.0
16.91210014400167,1485,100.52,96.2,9.3,-3.4,-0.55,0.82,-0.48,0.16,0.88,-0.18,-26.3,-3.0,-1.0,-3.8,0.08,-0.06,0.0,0.9123595782365634,1.0978615577567146,0.07429207650412972,0.35,0,21,0.0
16.920293208000658,1486,100.53,96.2,9.2,-3.5,-0.37,0.97,-0.6,0.15,0.87,-0.18,-26.3,-2.2,4.0,-3.8,0.06,0.17,0.0,0.9009994450608724,1.1990829829498872,0.08393916548622438,0.35,0,21,0.0
16.93214544700095,1487,100.54,96.3,9.2,-3.6,-0.23,1.1,-0.72,0.15,0.87,-0.19,-26.3,-2.1,0.0,-3.8,0.06,-0.06,0.0,0.9030503861911582,1.3346535130886967,0.08025045986881985,0.35,0,21,0.0
16.94025918600164,1488,100.55,96.3,9.1,-3.7,-0.11,1.23,-0.86,0.15,0.87,-0.2,-26.3,-2.4,-3.0,-3.8,0.08,-0.07,0.0,0.9052071586106686,1.5048587973627292,0.07653181370032325,0.35,0,21,0.0
16.952030289001414,1489,100.56,96.3,9.1,-3.9,0.0,1.34,-0.98,0.15,0.88,-0.21,-26.4,-4.8,-24.0,-3.8,0.18,0.19,0.0,0.91706052144883,1.6601204775557707,0.06338488184491864,0.35,0,21,0.0
16.960250210000595,1490,100.57,96.3,9.0,-4.0,0.07,1.43,-1.09,0.15,0.88,-0.22,-26.5,-12.2,-69.0,-3.8,0.45,0.1,0.0,0.9194019795497506,1.7994165721144173,0.05982255526911806,0.35,0,21,0.0
16.972289530000126,1491,100.58,96.2,8.9,-4.2,0.12,1.56,-1.16,0.15,0.87,-0.23,-26.6,-19.2,-56.0,-3.79,0.57,-0.08,0.0,0.9123047736365298,1.9477166118303761,0.06558136595869202,0.35,0,21,0.0
16.980029068001386,1492,100.59,96.2,8.8,-4.4,0.25,1.69,-1.26,0.14,0.86,-0.23,-26.9,-23.9,-58.0,-3.78,0.74,-0.05,0.0,0.9011659114724657,2.1227811945652806,0.07518582356030101,0.35,0,21,0.0
16.992072939001446,1493,100.6,96.2,8.7,-4.5,0.42,1.8,-1.36,0.14,0.86,-0.25,-27.2,-31.3,-59.0,-3.77,0.89,0.0,0.0,0.9064766957842876,2.2947766775876035,0.06847753846350957,0.35,0,21,0.0
17.000217574001,1494,100.61,96.3,8.5,-4.8,0.62,1.93,-1.46,0.15,0.88,-0.25,-27.5,-37.1,-63.0,-3.76,1.08,-0.29,0.0,0.9270382947861431,2.4981793370372753,0.04695762067242093,0.35,0,21,0.0
17.012083291001545,1495,100.62,96.3,8.4,-5.0,0.89,2.04,-1.44,0.15,0.95,-0.23,-27.9,-45.2,-86.0,-3.75,1.36,0.0,0.0,0.9888882646689665,2.6509055056715995,0.014594502226194406,0.35,0,21,0.0
17.02018030400177,1496,100.63,96.4,8.3,-5.2,1.04,2.06,-1.28,0.14,1.03,-0.2,-28.5,-55.9,-100.0,-3.74,1.66,0.11,0.0,1.058536725862641,2.638863391689687,0.08255810415147158,0.35,0,21,0.0
17.03223644800164,1497,100.64,96.5,8.2,-5.4,0.96,2.06,-0.98,0.12,1.1,-0.18,-29.1,-66.4,-104.0,-3.72,1.93,0.3,0.0,1.1210709165793216,2.4749949494897963,0.14219044897078903,0.35,0,21,0.0
17.04025363800065,1498,100.65,96.6,8.1,-5.6,0.82,1.94,-0.69,0.09,1.1,-0.14,-29.8,-76.9,-99.0,-3.7,2.19,0.05,0.0,1.112519662747585,2.2163257883262557,0.1309664112362715,0.35,0,21,0.0
17.052257886000007,1499,100.66,96.7,8.0,-5.8,0.75,1.7,-0.52,0.06,1.02,-0.12,-30.7,-84.6,-82.0,-3.67,2.39,0.02,0.0,1.0287856919689349,1.929481795716145,0.04628779164846886,0.35,0,21,0.0
17.060171671000717,1500,100.67,96.8,8.0,-6.0,1.04,1.43,-0.66,0.06,0.97,-0.11,-31.6,-90.9,-67.0,-3.65,2.54,0.88,0.0,0.9780593029055038,1.8873526432545669,0.00434982546666296,0.35,0,21,0.0
17.072111034000045,1501,100.68,96.8,7.9,-6.1,1.14,1.3,-0.73,0.08,1.0,-0.1,-32.5,-98.2,-65.0,-3.62,2.74,-0.01,0.0,1.0081666528902848,1.876832437912346,0.025242374027755754,0.35,0,21,0.0
17.080292928001654,1502,100.69,96.9,7.8,-6.2,1.13,1.13,-0.63,0.09,1.03,-0.09,-33.5,-102.9,-49.0,-3.59,2.83,0.0,0.0,1.0378342834961658,1.7177601695230913,0.053811804540964014,0.35,0,21,0.0
17.09216686900072,1503,100.7,97.0,7.7,-6.3,1.32,0.92,-0.41,0.08,1.07,-0.08,-34.6,-106.6,-37.0,-3.56,2.92,-0.01,0.0,1.0759646834352883,1.6603915200939807,0.09010336039048472,0.35,0,21,0.0
17.10016865000034,1504,100.71,97.1,7.7,-6.4,1.65,0.72,-0.17,0.07,1.13,-0.07,-35.7,-107.9,-17.0,-3.53,2.94,0.1,0.0,1.134327994893893,1.808258831030558,0.14549733841210755,0.35,0,21,0.0
17.11205299700123,1505,100.72,97.3,7.6,-6.5,1.8,0.49,0.07,0.05,1.18,-0.05,-36.7,-107.2,2.0,-3.51,2.9,0.24,0.0,1.1821167455035901,1.866815470259447,0.18942036724136868,0.35,0,21,0.0
17.120211166000445,1506,100.73,97.4,7.7,-6.5,1.61,0.24,0.32,0.03,1.22,-0.04,-37.8,-106.1,15.0,-3.48,2.83,0.17,0.0,1.221024160285127,1.6589454481688057,0.22376122638244744,0.35,0,21,0.0
17.147881594000864,1508,100.75,97.7,7.8,-6.5,0.71,-0.28,0.96,0.05,1.23,-0.08,-39.8,-99.6,25.0,-3.42,2.68,-0.01,0.0,1.2336125809993994,1.2264175471673584,0.23162265415478545,0.35,0,21,0.0
17.156269283001166,1509,100.76,97.7,7.9,-6.5,0.18,-0.36,1.14,0.07,1.12,-0.13,-40.8,-94.4,63.0,-3.4,2.44,-0.07,0.0,1.1296902230257637,1.208966500776593,0.12514629025752666,0.35,0,21,0.0
17.163963138000327,1510,100.77,97.7,7.9,-6.4,-0.04,-0.3,1.02,0.13,0.98,-0.15,-41.7,-85.0,76.0,-3.37,2.21,-0.06,0.0,0.9998999949994999,1.0639548862616308,0.004551059013362502,0.35,0,21,0.0
17.17215053900145,1511,100.78,97.7,8.1,-6.4,-0.02,-0.2,0.69,0.22,0.86,-0.17,-42.5,-75.1,97.0,-3.35,1.9,-0.07,0.0,0.9038252043398657,0.718679344353238,0.09861333267953676,0.35,0,21,0.0
17.18007020600089,1512,100.79,97.8,8.1,-6.4,0.36,0.09,0.24,0.31,0.81,-0.2,-43.1,-63.1,120.0,-3.34,1.54,0.06,0.0,0.8900561780022652,0.44192759587968705,0.11013471183679446,0.35,0,21,0.0
17.19204151500162,1513,100.8,97.8,8.1,-6.4,0.9,0.6,-0.19,0.38,0.8,-0.25,-43.7,-48.8,136.0,-3.32,1.14,-0.01,0.0,0.9202716990106781,1.0982258419833326,0.07832080701181399,0.35,0,21,0.0
17.200078741001562,1514,100.81,97.9,8.1,-6.5,1.57,1.41,-0.56,0.4,0.83,-0.27,-44.1,-34.0,139.0,-3.32,0.76,-0.06,0.0,0.9601041610158764,2.183254451501244,0.03771857810648338,0.35,0,21,0.0
17.211826898001163,1515,100.82,98.1,8.0,-6.7,2.17,2.14,-0.82,0.37,0.89,-0.24,-44.3,-20.0,149.0,-3.31,0.33,-0.13,0.0,0.9932774033471213,3.1560893523473,0.004454429059733589,0.35,0,21,0.0
17.22182302500005,1516,100.83,98.3,8.0,-7.0,2.38,2.7,-0.92,0.31,0.95,-0.22,-44.4,-6.2,131.0,-3.31,0.03,-0.07,0.0,1.0232301793829186,3.7149427990212716,0.024988380036542357,0.35,0,21,0.0
17.231612074001532,1517,100.84,98.5,7.9,-7.3,2.32,3.2,-0.9,0.24,0.99,-0.21,-44.4,2.1,74.0,-3.31,-0.06,0.04,0.0,1.040096149401583,4.053689677318677,0.04101726305410258,0.35,0,21,0.0
17.24370755400014,1518,100.85,98.7,7.9,-7.6,2.18,3.67,-0.83,0.14,1.01,-0.17,-44.4,0.3,5.0,-3.31,0.02,0.09,0.0,1.0337311062360464,4.348585977073467,0.033959175490794635,0.35,0,21,0.0
17.251532838001367,1519,100.86,98.8,7.9,-8.0,2.01,3.94,-0.72,0.08,1.01,-0.14,-44.4,0.5,12.0,-3.31,-0.03,-0.16,0.0,1.0227903010881556,4.4813056133229745,0.022558002936045707,0.35,0,21,0.0
17.25973522700042,1520,100.87,99.0,7.8,-8.4,1.78,4.1,-0.63,0.04,1.01,-0.12,-44.4,1.8,14.0,-3.31,-0.07,0.03,0.0,1.0178899744078433,4.513900752121163,0.017304522730618777,0.35,0,21,0.0
17.271772366000732,1521,100.88,99.1,7.8,-8.9,1.53,4.25,-0.58,0.03,1.0,-0.1,-44.3,4.4,27.0,-3.31,-0.16,0.03,0.0,1.0054352291420865,4.5540970564975884,0.004752781915564608,0.35,0,21,0.0
17.279804083000272,1522,100.89,99.1,7.8,-9.3,1.3,4.32,-0.6,0.02,0.99,-0.07,-44.3,11.0,64.0,-3.32,-0.41,0.0,0.0,0.9926731586982696,4.551087782058263,0.007849102757687243,0.35,0,21,0.0
17.29214112200134,1523,100.9,99.2,7.8,-9.7,1.17,4.34,-0.63,0.02,0.97,-0.06,-44.1,19.1,74.0,-3.32,-0.63,-0.24,0.0,0.97205966895042,4.538876512971023,0.027893340655426146,0.35,0,21,0.0
17.300134377001086,1524,100.91,99.3,7.8,-10.2,1.13,4.36,-0.65,0.02,0.96,-0.05,-43.8,28.2,97.0,-3.33,-0.92,-0.24,0.0,0.9615092303249095,4.550714229656704,0.037674903695317785,0.35,0,21,0.0
17.31218386100045,1525,100.92,99.3,7.8,-10.6,1.04,4.3,-0.64,0.02,0.95,-0.04,-43.5,40.8,125.0,-3.34,-1.31,-0.01,0.0,0.9510520490488414,4.470033556921022,0.047169443271958156,0.35,0,21,0.0
17.320369739001762,1526,100.93,99.3,7.9,-11.1,0.93,4.23,-0.64,0.03,0.94,-0.04,-43.0,56.7,159.0,-3.36,-1.78,-0.24,0.0,0.9413288479590965,4.378058930622109,0.055754791474468934,0.35,0,21,0.0
17.33218151500114,1527,100.94,99.4,7.9,-11.5,0.79,4.25,-0.61,0.05,0.94,-0.04,-42.3,73.3,156.0,-3.38,-2.21,-0.13,0.0,0.942178327069775,4.365627102719608,0.05380720611651468,0.35,0,21,0.0
17.34035574200061,1528,100.95,99.4,7.9,-11.9,0.68,4.3,-0.57,0.07,0.93,-0.04,-41.4,91.2,166.0,-3.4,-2.64,-0.07,0.0,0.9334880824091972,4.390592215180089,0.06124750176155058,0.35,0,21,0.0
17.352073155001563,1529,100.96,99.4,7.9,-12.4,0.69,4.36,-0.52,0.07,0.94,-0.03,-40.3,111.2,198.0,-3.43,-3.28,-0.07,0.0,0.9430800602281866,4.444783459292477,0.05062241346370999,0.35,0,21,0.0
17.360116871001082,1530,100.97,99.4,7.9,-12.8,0.67,4.4,-0.52,0.07,0.95,-0.05,-39.1,132.8,211.0,-3.47,-3.88,-0.41,0.0,0.9538867857350787,4.480993193478428,0.03901937419768153,0.35,0,21,0.0
17.371854025001085,1531,100.98,99.4,7.9,-13.3,0.55,4.42,-0.54,0.06,0.98,-0.04,-37.6,155.5,222.0,-3.51,-4.49,-0.22,0.0,0.9826494797230597,4.486702575388745,0.010051546605506445,0.35,0,21,0.0
17.380164855001567,1532,100.99,99.4,8.0,-13.7,0.32,4.35,-0.49,0.03,1.01,-0.03,-35.9,177.6,223.0,-3.56,-5.11,-0.09,0.0,1.0108906963663282,4.389191269470948,0.017825876637006854,0.35,0,21,0.0
17.39217577800082,1533,101.0,99.3,8.0,-14.2,0.07,4.21,-0.43,0.0,1.01,-0.03,-34.7,191.7,286.0,-3.62,-5.66,-0.01,0.0,1.0104454463255301,4.232481541601806,0.01703301406428459,0.35,0,21,0.0
17.39996608400179,1534,101.01,99.3,8.0,-14.6,0.03,4.02,-0.42,-0.03,1.01,-0.03,-31.8,219.0,233.0,-3.68,-6.17,-0.08,0.0,1.0108906963663282,4.041992083119411,0.01712869882298107,0.35,0,21,0.0
17.412340346001656,1535,101.02,99.2,8.0,-15.0,0.15,3.75,-0.43,-0.05,1.02,-0.03,-29.5,237.7,208.0,-3.74,-6.71,-0.01,0.0,1.021665307231287,3.7775521174432525,0.027345243494180993,0.35,0,21,0.0
17.420169049000833,1536,101.03,99.2,8.0,-15.3,0.3,3.42,-0.47,-0.06,1.03,-0.03,-27.0,259.0,223.0,-3.82,-7.33,0.01,0.0,1.0321821544669332,3.465155119182978,0.03710484891523069,0.35,0,21,0.0
17.4321301330001,1537,101.04,99.2,8.0,-15.7,0.41,3.05,-0.54,-0.06,1.03,-0.05,-24.2,283.7,237.0,-3.89,-8.01,-0.17,0.0,1.0329569206893383,3.124451951942932,0.037122022834883084,0.35,0,21,0.0
17.440283337000437,1538,101.05,99.2,8.0,-16.0,0.5,2.72,-0.69,-0.03,1.04,-0.07,-21.2,302.9,187.0,-3.98,-8.41,0.02,0.0,1.0427847332982967,2.850350855596553,0.04601083873496459,0.35,0,21,0.0
17.452584451000803,1539,101.06,99.2,8.0,-16.2,0.35,2.5,-0.89,-0.01,1.01,-0.09,-18.1,322.9,223.0,-4.07,-9.1,-0.03,0.0,1.014051280754578,2.6766770443966528,0.01693183846742108,0.35,0,21,0.0
17.46020964500167,1540,101.07,99.2,7.9,-16.5,0.52,2.31,-1.16,0.0,1.0,-0.1,-14.7,348.9,232.0,-4.16,-9.74,-0.05,0.0,1.004987562112089,2.636683522912828,0.007710757428433301,0.35,0,21,0.0
17.472179684000366,1541,101.08,99.2,7.8,-16.7,0.64,2.06,-1.26,0.01,1.05,-0.09,-11.0,367.9,196.0,-4.26,-10.22,-0.28,0.0,1.053897528225586,2.4981593223811807,0.05548830907109181,0.35,0,21,0.0
17.48019061100058,1542,101.09,99.3,7.7,-16.9,0.61,1.74,-1.25,0.01,1.07,-0.07,-7.2,386.4,191.0,-4.37,-10.73,-0.08,0.0,1.0723339032223125,2.2275996049559716,0.07244619038646194,0.35,0,21,0.0
17.492215168000257,1543,101.1,99.3,7.6,-17.1,0.58,1.38,-1.34,0.01,1.06,-0.1,-3.3,401.8,142.0,-4.48,-11.04,0.07,0.0,1.0647534925981694,2.009079391164023,0.0635684641670724,0.35,0,21,0.0
