host_time_s,seq,device_time_s,roll,pitch,yaw,gyro_x,gyro_y,gyro_z,accel_x,accel_y,accel_z,belt_length,belt_velocity,belt_acceleration,motor_pos,motor_vel,motor_iq_meas,motor_iq_set,acc_mag,gyro_mag,acc_residual,threshold,heel_strike,hs_count,torque_cmd_nm
2.069290572000682,2,802.54,97.5,5.9,-41.2,-0.04,1.65,-1.05,0.23,0.81,-0.39,-175.8,-62.5,132.0,0.26,1.42,0.03,0.0,0.9279547402756236,1.95616972678753,0.0,0.25,0,0,0.0
2.076438860000053,3,802.55,97.5,5.8,-41.4,0.42,2.32,-1.05,0.22,0.86,-0.34,-176.4,-50.6,75.0,0.28,1.33,0.07,0.0,0.9505787710652915,2.5809494377069844,0.02217155017387451,0.25,0,0,0.0
2.0884150140009297,4,802.56,97.6,5.7,-41.6,1.11,2.77,-1.0,0.2,0.89,-0.29,-176.9,-47.8,56.0,0.29,1.21,0.01,0.0,0.957183368012629,3.147220996371243,0.02820062417878777,0.25,0,0,0.0
2.0963800830013497,5,802.57,97.7,5.7,-42.0,1.58,2.96,-0.88,0.16,0.97,-0.24,-177.4,-40.2,78.0,0.3,0.96,0.18,0.0,1.0119782606360672,3.4687749999099102,0.08133560646618143,0.25,0,0,0.0
2.108412571000372,6,802.58,97.8,5.6,-42.3,1.79,2.97,-0.68,0.12,1.0,-0.26,-177.7,-32.3,71.0,0.31,0.8,0.01,0.0,1.0401922899156675,3.5337515475765984,0.10735864303086606,0.25,0,0,0.0
2.116342004001126,7,802.59,98.0,5.6,-42.5,1.75,2.86,-0.49,0.08,1.0,-0.23,-178.0,-23.4,89.0,0.31,0.51,-0.03,0.0,1.0292230079045066,3.388539508401813,0.09446157379931108,0.25,0,0,0.0
2.128218473000743,8,802.6,98.2,5.6,-42.8,1.46,2.5,-0.41,0.05,0.98,-0.18,-178.2,-14.8,82.0,0.32,0.3,-0.04,0.0,0.9976472322419382,2.9239870040750864,0.06162808217400784,0.25,0,0,0.0
2.136449225999968,9,802.61,98.3,5.6,-43.1,0.96,2.13,-0.52,0.02,0.94,-0.14,-178.2,-4.0,112.0,0.32,-0.05,-0.04,0.0,0.9505787710652915,2.3935120638927225,0.01426842857741395,0.25,0,0,0.0
2.1481748540008994,10,802.62,98.4,5.5,-43.3,0.52,1.75,-0.65,0.0,0.95,-0.13,-178.2,3.4,50.0,0.32,-0.07,-0.04,0.0,0.9588534820294495,1.9378854455307724,0.022092276750740547,0.25,0,0,0.0
2.156255740001143,11,802.63,98.4,5.4,-43.4,0.66,1.52,-0.64,0.0,0.98,-0.08,-178.2,1.7,9.0,0.32,-0.03,-0.07,0.0,0.9832598842625483,1.776400855662933,0.04556870540416247,0.25,0,0,0.0
2.168135035000887,12,802.64,98.5,5.4,-43.6,1.14,1.3,-0.42,0.0,1.05,0.0,-178.2,2.3,15.0,0.32,-0.09,-0.06,0.0,1.05,1.7793257149830664,0.11006264471878191,0.25,0,0,0.0
2.1765100120010175,13,802.65,98.6,5.4,-43.7,1.64,1.04,-0.01,-0.02,1.11,0.05,-178.1,6.7,47.0,0.31,-0.28,-0.02,0.0,1.1113055385446435,1.9419835220722135,0.16794081959815688,0.25,0,0,0.0
2.1879961980012013,14,802.66,98.8,5.4,-43.8,1.9,0.89,0.46,-0.03,1.16,0.05,-178.0,15.9,80.0,0.31,-0.55,-0.22,0.0,1.1614645926587688,2.1479525134415796,0.21373787623803653,0.25,0,0,0.0
2.1961683179997635,15,802.67,98.9,5.5,-43.9,1.65,1.01,0.92,-0.04,1.19,0.04,-177.7,30.0,135.0,0.3,-1.02,-0.13,0.0,1.1913437790998869,2.1421951358361357,0.23874472142557157,0.25,0,0,0.0
2.2082096690010076,16,802.68,99.1,5.6,-44.0,1.15,1.12,1.39,-0.04,1.17,0.05,-177.3,46.5,169.0,0.29,-1.54,-0.17,0.0,1.171750826754562,2.123440604302367,0.2147687336986418,0.25,0,0,0.0
2.2163606909998634,17,802.69,99.2,5.8,-44.0,0.76,1.11,1.8,0.0,1.12,0.08,-176.7,68.1,200.0,0.27,-2.12,-0.08,0.0,1.1228535078094561,2.2471537553091467,0.1625539864584652,0.25,0,0,0.0
2.228245076999883,18,802.7,99.2,6.0,-44.1,0.31,0.9,2.22,0.05,1.08,0.1,-175.9,89.7,213.0,0.24,-2.72,-0.02,0.0,1.0857716150277645,2.41547096856907,0.12296265180323807,0.25,0,0,0.0
2.2363703610008088,19,802.71,99.2,6.3,-44.1,0.22,0.61,2.47,0.12,1.01,0.09,-174.8,112.4,229.0,0.21,-3.37,-0.14,0.0,1.021077861869505,2.55370319340365,0.05710352067207902,0.25,0,0,0.0
2.248189101999742,20,802.72,99.3,6.5,-44.1,0.48,0.27,2.63,0.18,0.96,0.06,-173.5,137.6,238.0,0.17,-4.04,-0.05,0.0,0.9785703858180055,2.6870429843975328,0.014304123728167806,0.25,0,0,0.0
2.2562709970006836,21,802.73,99.4,6.8,-44.1,1.39,0.05,2.64,0.2,0.95,0.0,-172.0,160.4,232.0,0.13,-4.65,-0.1,0.0,0.9708243919473799,2.9839906166072305,0.006426967260391381,0.25,0,0,0.0
2.2682236569999077,22,802.74,99.6,7.0,-44.1,2.78,-0.19,2.52,0.2,0.99,-0.03,-170.2,183.5,233.0,0.08,-5.28,-0.17,0.0,1.0104454463255301,3.7569801702963512,0.04512706120577081,0.25,0,0,0.0
2.2763327339998796,23,802.75,99.9,7.3,-44.0,3.99,-0.37,2.22,0.2,1.04,-0.1,-168.2,205.6,215.0,0.02,-5.83,-0.18,0.0,1.063766891757776,4.580982427383891,0.09647953650525642,0.25,0,0,0.0
2.288145323000208,24,802.76,100.3,7.5,-43.9,4.56,-0.55,1.68,0.18,1.12,-0.13,-166.1,226.5,216.0,-0.03,-6.4,-0.13,0.0,1.1417968295629481,4.890654352947057,0.1710192848242199,0.25,0,0,0.0
2.2963409470012266,25,802.77,100.8,7.6,-43.8,4.16,-0.68,0.92,0.17,1.16,-0.22,-163.6,251.7,249.0,-0.1,-7.17,-0.08,0.0,1.1928537211242625,4.314440867598025,0.21763465285782357,0.25,0,0,0.0
2.308207781001329,26,802.78,101.1,7.6,-43.8,2.45,-0.66,0.1,0.16,1.21,-0.3,-160.9,276.1,234.0,-0.18,-7.78,-0.06,0.0,1.2568611697399201,2.5393109301540844,0.27600925944401156,0.25,1,1,2.5
2.3163336340003298,27,802.79,101.3,7.6,-43.7,0.57,-0.52,-0.46,0.15,1.17,-0.32,-158.0,296.7,214.0,-0.26,-8.33,-0.27,0.0,1.2222111110606055,0.8982761268117949,0.23653201674940305,0.25,0,1,2.5
2.3280993980006315,28,802.8,101.3,7.5,-43.7,-0.6,-0.32,-0.87,0.14,1.07,-0.27,-154.9,333.0,591.0,-0.35,-10.62,2.07,2.91,1.112384825498802,1.1042191811411357,0.12417161656384756,0.25,0,1,2.5
2.3364468700001453,29,802.81,101.3,7.4,-43.7,-1.16,-0.17,-0.99,0.12,1.03,-0.23,-150.8,477.7,1253.0,-0.48,-15.01,2.37,2.91,1.0621675950620975,1.5344705927452633,0.0724752984046001,0.25,0,1,2.5
2.348121926001113,30,802.82,101.1,7.3,-43.7,-1.36,0.04,-0.94,0.13,0.98,-0.19,-144.8,659.0,1638.0,-0.66,-20.11,2.21,2.91,1.006677704133751,1.6537230723431298,0.016645699326728436,0.25,0,1,2.5
2.3563777710005525,31,802.83,101.1,7.2,-43.7,0.02,0.1,-1.04,0.13,0.84,-0.13,-136.6,841.2,1703.0,-0.9,-24.75,2.56,2.91,0.8598837130682264,1.0449880382090506,0.12754532590402012,0.25,0,1,2.5
2.3682106230007776,32,802.84,101.1,7.1,-43.7,1.1,0.14,-1.19,0.12,0.88,-0.14,-127.3,982.2,1384.0,-1.2,-28.06,1.18,2.91,0.8991106717195608,1.6265607889039992,0.08655199990763196,0.25,0,1,2.5
2.376378998000291,33,802.85,101.2,7.0,-43.8,1.16,0.17,-1.23,0.12,0.9,-0.13,-117.2,1035.8,528.0,-1.48,-27.88,0.4,2.91,0.9172240729505523,1.6992351220475639,0.06706982670310768,0.25,0,1,2.5
2.3881690710004477,34,802.86,101.3,6.9,-43.8,0.79,0.15,-1.37,0.11,0.89,-0.15,-106.6,1016.8,80.0,-1.75,-27.5,0.91,2.91,0.9092304438369846,1.5885528005074305,0.07356218670034187,0.25,0,1,2.5
2.396353285001169,35,802.87,101.3,6.7,-43.9,-0.66,0.22,-1.39,0.08,0.96,-0.17,-96.7,1014.9,15.0,-2.0,-27.51,1.19,2.91,0.9782126558167197,1.5543809056984712,0.0044883752261946075,0.25,0,1,2.5
2.4080857320004725,36,802.88,101.0,6.6,-43.9,-3.07,0.18,-1.09,0.06,0.99,-0.14,-86.7,1016.2,20.0,-2.28,-27.6,1.04,2.91,1.0016486409914407,3.2627289191718027,0.01856865774955585,0.25,0,1,2.5
2.4164545880012156,37,802.89,100.6,6.5,-44.0,-4.09,0.0,-0.87,0.06,0.92,-0.08,-76.4,993.6,-261.0,-2.57,-26.4,1.99,2.91,0.9254188241007419,4.181506905411014,0.056507935958320044,0.25,0,1,2.5
2.4282210870005656,38,802.9,100.2,6.4,-44.0,-3.97,-0.12,-0.85,0.01,0.88,-0.09,-66.5,956.0,-315.0,-2.83,-25.59,2.97,2.91,0.8846468221838588,4.061748392010514,0.09533433911769906,0.25,0,1,2.5
2.436336992001088,39,802.91,99.8,6.3,-44.0,-4.16,-0.26,-0.86,-0.07,0.95,-0.04,-57.4,928.8,-331.0,-3.06,-24.73,2.64,2.91,0.9534149149242422,4.2559135329562325,0.026034921449769377,0.25,0,1,2.5
2.4481343870011187,40,802.92,99.3,6.2,-43.9,-4.38,-0.8,-0.77,-0.1,1.03,0.0,-48.6,883.8,-532.0,-3.3,-22.96,3.28,2.91,1.034842983258813,4.51855065258762,0.05428528394710541,0.25,0,1,2.5
2.456329201000699,41,802.93,98.9,6.1,-43.8,-5.17,-1.19,-0.7,-0.11,1.1,-0.07,-40.2,780.5,-945.0,-3.52,-19.7,3.56,2.91,1.1077003204838392,5.351168096780365,0.12459976874868883,0.25,0,1,2.5
2.4682703540001967,42,802.94,98.3,6.0,-43.7,-6.42,-1.37,-0.58,-0.06,1.15,-0.09,-33.4,671.2,-1058.0,-3.68,-16.75,3.75,2.91,1.155075755091414,6.5901213949365145,0.16853569928913836,0.25,0,1,2.5
2.4763319680005225,43,802.95,97.6,5.9,-43.6,-7.91,-1.44,-0.61,0.06,1.15,-0.07,-27.5,528.1,-1344.0,-3.84,-12.53,3.92,2.91,1.1536897329871665,8.0631135425467,0.1638066836411931,0.25,0,1,2.5
2.4882465110003977,44,802.96,96.7,5.9,-43.4,-9.04,-1.37,-0.52,0.21,1.02,-0.07,-23.0,385.9,-1434.0,-3.93,-8.59,3.61,2.91,1.0437432634513144,9.157996505786622,0.05278300982323425,0.25,0,1,0.0
2.4962653430011414,45,802.97,95.9,5.8,-43.4,-7.9,-0.73,-0.28,0.3,0.8,-0.05,-20.3,241.6,-1408.0,-3.99,-5.02,3.42,2.91,0.8558621384311845,7.938595593680283,0.1323961528929577,0.25,0,1,0.0
2.508070771000348,46,802.98,95.2,5.8,-43.3,-5.27,-0.07,0.32,0.32,0.69,-0.03,-18.9,88.6,-1720.0,-4.01,0.41,0.94,0.0,0.7611832893594025,5.280170451794146,0.22253350192544497,0.25,0,1,0.0
2.5163696609997714,47,802.99,94.8,5.9,-43.3,-2.59,0.47,0.8,0.33,0.65,0.0,-19.3,-95.4,-1561.0,-3.97,4.11,0.27,0.0,0.7289718787443039,2.75118156434649,0.24965001428973266,0.25,0,1,0.0
2.5288740060004784,48,803.0,94.8,5.9,-43.3,-2.59,0.47,0.8,0.33,0.65,0.0,-20.2,-156.2,-1491.0,-3.92,6.44,0.3,0.0,0.7289718787443039,2.75118156434649,0.24465701400393802,0.25,0,1,0.0
2.5364759800013417,49,803.01,94.9,6.1,-43.6,2.81,1.8,1.28,0.19,0.73,-0.01,-23.6,-277.6,-1096.0,-3.84,8.34,0.25,0.0,0.7543871685016919,3.574143253984093,0.2148568897616191,0.25,0,1,0.0
2.5484912540014193,50,803.02,95.3,6.3,-43.7,4.65,1.99,1.34,0.12,0.82,0.0,-26.8,-337.2,-724.0,-3.74,9.75,0.08,0.0,0.8287339742040264,5.232418179006721,0.13769988237809883,0.25,0,1,0.0
2.5564220840005873,51,803.03,95.7,6.4,-43.9,6.12,1.74,1.19,0.09,0.95,-0.01,-30.5,-383.0,-545.0,-3.64,10.96,0.08,0.0,0.9543060305792895,6.472874168404635,0.011885269482779015,0.25,0,1,0.0
2.5685144220005895,52,803.04,96.4,6.5,-44.1,6.64,1.55,0.94,0.07,1.04,-0.11,-34.6,-422.6,-398.0,-3.52,11.8,0.1,0.0,1.0481412118603104,6.8830007990701265,0.08031091356227704,0.25,0,1,0.0
2.5762681280011748,53,803.05,97.0,6.6,-44.2,5.89,1.17,0.69,0.03,1.08,-0.18,-39.0,-441.5,-242.0,-3.4,12.2,0.04,0.0,1.0953081758117211,6.044592624817656,0.12492831996341403,0.25,0,1,0.0
2.588549285001136,54,803.06,97.5,6.7,-44.3,4.51,0.68,0.31,0.0,1.07,-0.23,-43.5,-457.6,-175.0,-3.28,12.58,-0.01,0.0,1.094440496326776,4.571498660176988,0.12157942766889951,0.25,0,1,0.0
2.5964658120010427,55,803.07,97.9,6.7,-44.3,3.06,0.25,-0.09,-0.02,1.06,-0.26,-48.2,-469.9,-152.0,-3.15,12.96,-0.12,0.0,1.0916043239196151,3.071514284518306,0.11636839015650391,0.25,0,1,0.0
2.608841573000973,56,803.08,98.1,6.6,-44.3,1.96,-0.14,-0.49,-0.06,1.07,-0.26,-53.0,-479.6,-60.0,-3.02,12.95,-0.09,0.0,1.102769241500687,2.0251666598085207,0.12498264158282413,0.25,0,1,0.0
2.6162833150010556,57,803.09,98.3,6.6,-44.3,1.04,-0.49,-0.79,-0.07,1.08,-0.25,-57.7,-471.7,9.0,-2.89,12.84,-0.04,0.0,1.110765501804949,1.3949193525075205,0.13031932384934442,0.25,0,1,0.0
2.628827649001323,58,803.1,98.3,6.5,-44.3,0.23,-0.74,-0.87,-0.08,1.11,-0.22,-62.4,-471.9,30.0,-2.76,12.71,0.0,0.0,1.1344161493913951,1.165075104875218,0.15089057200707479,0.25,0,1,0.0
2.6402284940013487,59,803.11,98.3,6.4,-44.2,-0.6,-0.94,-0.81,-0.05,1.1,-0.21,-67.1,-463.6,42.0,-2.64,12.58,-0.12,0.0,1.120981712607302,1.3782960494755834,0.13470701251852213,0.25,0,1,0.0
2.6482928240002366,60,803.12,98.2,6.3,-44.1,-1.34,-1.04,-0.64,-0.02,1.06,-0.21,-71.7,-460.6,69.0,-2.51,12.34,-0.03,0.0,1.0807867504739315,1.8129533915685754,0.09262180937744846,0.25,0,1,0.0
2.660407311999734,61,803.13,98.1,6.2,-44.0,-1.76,-1.14,-0.45,0.01,1.01,-0.19,-76.2,-444.4,130.0,-2.39,11.91,-0.02,0.0,1.0277645644796283,2.144691119951775,0.03880763091548234,0.25,0,1,0.0
2.6682388370008994,62,803.14,97.9,6.1,-43.9,-1.83,-1.17,-0.27,0.04,0.95,-0.19,-80.6,-430.2,135.0,-2.27,11.53,-0.04,0.0,0.969639108122192,2.1887667760636353,0.018931468933114814,0.25,0,1,0.0
2.676353349001147,63,803.15,97.8,6.1,-43.8,-1.57,-1.21,-0.13,0.07,0.9,-0.19,-84.8,-418.8,100.0,-2.16,11.32,-0.11,0.0,0.922496612459905,1.9864289566959097,0.06475248530349376,0.25,0,1,0.0
2.6885377320013504,64,803.16,97.7,6.1,-43.6,-1.22,-1.21,-0.02,0.1,0.87,-0.19,-88.9,-412.5,92.0,-2.05,11.06,0.03,0.0,0.8961026726887941,1.7184004189943622,0.08932349657311256,0.25,0,1,0.0
2.6964481020004314,65,803.17,97.7,6.1,-43.5,-0.78,-1.13,0.04,0.11,0.85,-0.2,-92.9,-396.3,141.0,-1.94,10.6,0.03,0.0,0.880113629027525,1.3736447866897759,0.10320628942969401,0.25,0,1,0.0
2.708707953001067,66,803.18,97.7,6.1,-43.4,-0.33,-1.07,0.02,0.11,0.85,-0.2,-96.8,-389.3,61.0,-1.84,10.58,0.07,0.0,0.880113629027525,1.1199107107265294,0.10114216364110018,0.25,0,1,0.0
2.7164249310008017,67,803.19,97.8,6.1,-43.3,0.08,-0.97,-0.04,0.11,0.86,-0.21,-100.7,-383.9,79.0,-1.73,10.31,-0.09,0.0,0.8920762299265685,0.9741149829460586,0.08739597148721545,0.25,0,1,0.0
2.7288027650010918,68,803.2,97.9,6.0,-43.2,0.44,-0.86,-0.17,0.1,0.88,-0.23,-104.5,-377.3,42.0,-1.63,10.27,0.05,0.0,0.9150409826887537,0.9808669634563089,0.06314259435052971,0.25,0,1,0.0
2.736493173000781,69,803.21,98.0,6.0,-43.1,0.42,-0.74,-0.25,0.1,0.91,-0.25,-108.3,-378.0,29.0,-1.53,10.2,0.0,0.0,0.9489994731294639,0.8868483523128404,0.028600421831623146,0.25,0,1,0.0
2.7484835570012365,70,803.22,98.0,6.0,-43.1,0.34,-0.52,-0.27,0.1,0.92,-0.25,-112.0,-371.0,49.0,-1.43,10.04,-0.16,0.0,0.9585927185202274,0.677421582177598,0.018627032912042374,0.25,0,1,0.0
2.7564368120001745,71,803.23,98.1,5.9,-43.0,0.25,-0.33,-0.23,0.1,0.92,-0.26,-115.7,-369.2,25.0,-1.33,10.0,-0.02,0.0,0.9612491872558333,0.4736032094485847,0.01565115289290775,0.25,0,1,0.0
2.768442409000272,72,803.24,98.1,5.9,-43.0,0.17,-0.19,-0.18,0.1,0.89,-0.26,-119.4,-364.2,49.0,-1.23,9.83,-0.1,0.0,0.9325770745627409,0.3120897306865447,0.04343680027428021,0.25,0,1,0.0
2.776453193000634,73,803.25,98.1,5.9,-43.0,0.15,-0.08,-0.21,0.11,0.85,-0.24,-123.0,-361.5,26.0,-1.13,9.81,-0.15,0.0,0.8900561780022651,0.2701851217221259,0.08423854289806088,0.25,0,1,0.0
2.788574461999815,74,803.26,98.2,5.9,-43.0,0.51,-0.04,-0.35,0.1,0.82,-0.21,-126.6,-352.9,109.0,-1.03,9.35,0.07,0.0,0.8523496934944014,0.6198386886924694,0.11950612685780615,0.25,0,1,0.0
2.7964262860004965,75,803.27,98.3,5.8,-43.0,0.96,-0.19,-0.55,0.11,0.83,-0.2,-129.9,-331.1,183.0,-0.94,8.74,-0.14,0.0,0.8608135686662938,1.1225862995778988,0.10882140665219553,0.25,0,1,0.0
2.808559613000398,76,803.28,98.4,5.8,-42.9,1.16,-0.23,-0.65,0.1,0.85,-0.24,-133.1,-311.3,189.0,-0.86,8.21,-0.23,0.0,0.8888756943465155,1.3494443300855357,0.0791440953525343,0.25,0,1,0.0
2.816448659001253,77,803.29,98.6,5.7,-42.9,1.33,-0.24,-0.67,0.1,0.85,-0.26,-136.1,-287.2,247.0,-0.78,7.44,0.04,0.0,0.8944830909525344,1.5084429057806596,0.072065964771585,0.25,0,1,0.0
2.828626358001202,78,803.3,98.7,5.6,-42.9,1.59,-0.29,-0.64,0.09,0.86,-0.26,-138.7,-255.5,304.0,-0.72,6.52,-0.12,0.0,0.9029396436085858,1.7383325343558407,0.062337223873222936,0.25,0,1,0.0
2.8364797060003184,79,803.31,98.9,5.6,-42.9,1.97,-0.43,-0.58,0.08,0.86,-0.27,-141.0,-222.3,317.0,-0.66,5.65,-0.25,0.0,0.9049309365912959,2.098142035230218,0.059139012272702574,0.25,0,1,0.0
2.84851935900042,80,803.32,99.1,5.5,-42.8,2.58,-0.57,-0.61,0.06,0.87,-0.31,-142.8,-193.2,321.0,-0.61,4.75,-0.38,0.0,0.925526876973327,2.711715324291988,0.037772210452857946,0.25,0,1,0.0
2.8564820070005226,81,803.33,99.4,5.4,-42.8,2.99,-0.76,-0.61,0.05,0.93,-0.31,-144.7,-154.5,350.0,-0.57,3.75,-0.19,0.0,0.981580358401695,3.1448052403924796,0.017915645555999782,0.25,0,1,0.0
2.8684415879997687,82,803.34,99.7,5.4,-42.7,2.9,-0.94,-0.48,0.04,1.02,-0.3,-146.0,-119.5,348.0,-0.53,2.82,-0.32,0.0,1.063954886261631,3.086097859757529,0.09828436994761713,0.25,0,1,0.0
2.8764280369996413,83,803.35,100.0,5.3,-42.6,2.48,-1.21,-0.22,0.01,1.1,-0.26,-146.9,-84.7,347.0,-0.51,1.87,-0.16,0.0,1.1303539268742335,2.7681943573383716,0.16138974234901526,0.25,0,1,0.0
2.8885186740008066,84,803.36,100.3,5.3,-42.5,2.03,-1.47,0.01,0.0,1.16,-0.22,-147.6,-53.5,302.0,-0.5,1.13,-0.04,0.0,1.1806777714516352,2.5063718798294876,0.20747931518788865,0.25,0,1,0.0
2.896405567000329,85,803.37,100.4,5.2,-42.3,1.24,-1.79,0.14,0.0,1.19,-0.09,-147.9,-27.8,269.0,-0.49,0.45,-0.17,0.0,1.1933985084622822,2.182040329599799,0.2157960511545649,0.25,0,1,0.0
2.9087494739997055,86,803.38,100.5,5.2,-42.1,-0.03,-2.16,0.21,0.02,1.22,0.03,-148.0,-3.3,245.0,-0.49,-0.16,-0.09,0.0,1.2205326705991937,2.170391669722311,0.23807160902564684,0.25,0,1,0.0
2.9164433870009816,87,803.39,100.5,5.2,-41.9,-1.22,-2.59,0.1,0.1,1.14,0.14,-148.0,9.5,130.0,-0.5,-0.31,0.08,0.0,1.152909363306587,2.864698937061275,0.16703933569837937,0.25,0,1,0.0
2.928318410000429,88,803.4,100.4,5.1,-41.6,-1.13,-2.98,-0.43,0.18,1.05,0.19,-147.8,13.8,71.0,-0.5,-0.42,-0.25,0.0,1.0821275340735028,3.215929103696162,0.09433235633598924,0.25,0,1,0.0
2.9382362920005107,89,803.41,100.3,5.0,-41.3,0.13,-3.15,-1.44,0.3,1.02,0.13,-147.7,20.7,86.0,-0.51,-0.68,-0.08,0.0,1.0711209082078457,3.465977495599185,0.0816592158609255,0.25,0,1,0.0
2.9480503289996705,90,803.42,100.4,4.7,-41.0,0.83,-2.88,-2.13,0.38,1.12,0.05,-147.4,30.7,91.0,-0.51,-0.96,-0.06,0.0,1.1837651794169315,3.6769824584841304,0.19041741732861106,0.25,0,1,0.0
2.9584370510001463,91,803.43,100.5,4.4,-40.8,0.39,-2.14,-2.28,0.37,1.17,-0.04,-147.0,42.9,112.0,-0.53,-1.3,-0.06,0.0,1.2277621919573838,3.1512061182981985,0.22972614127168212,0.25,0,1,0.0
2.9689579870009766,92,803.44,100.5,4.2,-40.7,-0.24,-1.41,-1.89,0.26,1.11,-0.03,-146.5,54.0,101.0,-0.54,-1.56,-0.09,0.0,1.1404385121522336,2.3701898658124416,0.13955441223720122,0.25,0,1,0.0
2.978767448999861,93,803.45,100.5,4.0,-40.6,0.46,-1.1,-1.58,0.11,0.99,0.03,-145.9,59.5,55.0,-0.56,-1.64,-0.07,0.0,0.9965440281292142,1.9793938466106236,0.004253270350101923,0.25,0,1,0.0
2.988357164000263,94,803.46,100.6,3.8,-40.5,1.73,-1.23,-1.42,-0.01,0.96,0.03,-145.3,58.3,-13.0,-0.57,-1.48,0.08,0.0,0.9605206921248495,2.5538598238744425,0.03947107422737728,0.25,0,1,0.0
2.996406382000714,95,803.47,100.9,3.7,-40.4,2.53,-1.55,-1.37,-0.12,1.02,-0.01,-144.8,46.9,-105.0,-0.59,-1.05,0.0,0.0,1.0270832488167645,3.268072826605919,0.026549652815246905,0.25,0,1,0.0
3.0087731940002413,96,803.48,101.1,3.5,-40.3,2.66,-1.9,-1.24,-0.16,1.15,-0.05,-144.5,25.9,-199.0,-0.59,-0.36,0.08,0.0,1.16215317406958,3.4961693322835496,0.15838718650670125,0.25,0,1,0.0
3.0164251109999896,97,803.49,101.4,3.4,-40.1,2.15,-2.22,-0.96,-0.15,1.28,-0.1,-144.4,-0.2,-218.0,-0.59,0.23,0.05,0.0,1.2926329718833571,3.2361242250568814,0.2830896446340687,0.25,0,2,0.0
3.028542826001285,98,803.5,101.6,3.2,-39.9,1.11,-2.6,-0.56,-0.1,1.37,-0.13,-144.5,-13.6,-133.0,-0.59,0.45,-0.14,0.0,1.3797825915701358,2.8819611378365253,0.36283447903443045,0.25,0,2,0.0
3.036414763000721,99,803.51,101.6,3.2,-39.6,0.05,-2.92,-0.03,-0.01,1.4,-0.18,-144.7,-18.3,-72.0,-0.58,0.55,-0.07,0.0,1.4115594213493103,2.9205821337534745,0.3867190826373328,0.25,0,2,0.0
3.048585319000267,100,803.52,101.5,3.1,-39.3,-1.57,-3.14,0.42,0.05,1.32,-0.18,-144.9,-26.0,-82.0,-0.57,0.8,-0.07,0.0,1.3331541546272885,3.5356611828624076,0.3021475395970048,0.25,0,2,0.0
3.060429404000388,101,803.53,101.3,3.1,-39.0,-3.01,-3.33,0.75,0.09,1.19,-0.13,-145.2,-35.8,-106.0,-0.56,1.13,-0.02,0.0,1.2004582458378132,4.550988903524156,0.16606259819137903,0.25,0,2,0.0
3.0684794680000778,102,803.54,100.9,3.1,-38.6,-3.75,-3.45,0.8,0.12,1.03,-0.11,-145.7,-48.1,-112.0,-0.55,1.44,0.24,0.0,1.0427847332982967,5.158003489723519,0.008221303938825253,0.25,0,2,0.0
3.076455428999907,103,803.55,100.6,3.1,-38.3,-3.37,-3.39,0.74,0.14,0.94,-0.13,-146.2,-60.5,-129.0,-0.53,1.83,0.13,0.0,0.959218431849597,4.837003204464517,0.07383809755967696,0.25,0,2,0.0
3.0888565740006015,104,803.56,100.3,3.2,-37.9,-2.72,-3.18,0.69,0.14,0.88,-0.13,-146.9,-74.7,-155.0,-0.51,2.29,0.07,0.0,0.900499861188218,4.241096556316538,0.12990553485663492,0.25,0,2,0.0
3.096487018001426,105,803.57,100.0,3.3,-37.6,-2.25,-2.86,0.68,0.14,0.85,-0.13,-147.8,-95.6,-185.0,-0.49,2.84,0.0,0.0,0.8712060605849801,3.701958940885217,0.15601534875067546,0.25,0,2,0.0
3.108791677001136,106,803.58,99.8,3.3,-37.4,-1.79,-2.43,0.62,0.15,0.82,-0.12,-148.9,-114.4,-184.0,-0.45,3.34,0.15,0.0,0.8421995013059553,3.081136154083425,0.18132146986910613,0.25,0,2,0.0
3.1164206080011354,107,803.59,99.7,3.3,-37.1,-1.39,-2.14,0.69,0.16,0.85,-0.09,-150.2,-132.5,-184.0,-0.42,3.83,-0.03,0.0,0.8695976080923865,2.643444722327289,0.15084489582102145,0.25,0,2,0.0
3.128869525000482,108,803.6,99.6,3.4,-36.9,-1.21,-1.79,0.77,0.18,0.84,-0.12,-151.6,-149.6,-168.0,-0.38,4.27,-0.04,0.0,0.8674099376880575,2.293708787095694,0.14997191490084338,0.25,0,2,0.0
3.1364711269998224,109,803.61,99.5,3.4,-36.7,-0.96,-1.47,0.81,0.19,0.84,-0.12,-153.2,-162.9,-138.0,-0.33,4.57,0.04,0.0,0.8695401083331349,1.9335459653186422,0.1448849093706508,0.25,0,2,0.0
3.148774504999892,110,803.62,99.4,3.5,-36.6,-0.6,-1.03,0.76,0.2,0.83,-0.14,-154.9,-172.4,-98.0,-0.28,4.76,0.03,0.0,0.8651589449343976,1.4136831328130077,0.14628075131400042,0.25,0,2,0.0
3.158591979999983,111,803.63,99.4,3.6,-36.5,-0.4,-0.73,0.7,0.19,0.87,-0.12,-156.7,-177.8,-63.0,-0.23,4.89,0.15,0.0,0.8985543945694106,1.087612063191651,0.1106275956454077,0.25,0,2,0.0
3.1690296880005917,112,803.64,99.3,3.6,-36.4,-0.62,-0.43,0.67,0.16,0.89,-0.12,-158.5,-181.5,-40.0,-0.19,4.96,-0.18,0.0,0.9121951545584969,1.009058967553433,0.09504709894319496,0.25,0,2,0.0
3.1787920870010566,113,803.65,99.2,3.7,-36.4,-0.95,-0.27,0.61,0.13,0.88,-0.11,-160.3,-182.1,-13.0,-0.14,4.95,-0.02,0.0,0.8963258336118624,1.16081867662439,0.10869809149203291,0.25,0,2,0.0
3.188378292001289,114,803.66,99.1,3.8,-36.4,-1.07,-0.24,0.56,0.1,0.87,-0.1,-162.1,-180.8,9.0,-0.09,4.87,-0.13,0.0,0.8814193099768124,1.2313001258832066,0.12113252282454123,0.25,0,2,0.0
3.1987374239997735,115,803.67,99.0,3.9,-36.3,-0.91,-0.18,0.42,0.07,0.85,-0.11,-163.9,-177.8,27.0,-0.04,4.78,0.0,0.0,0.8599418584997476,1.0182828683622247,0.13975777481557394,0.25,0,2,0.0
3.2084200919998693,116,803.68,98.9,3.9,-36.3,-0.89,-0.23,0.39,0.05,0.89,-0.12,-165.7,-172.5,45.0,0.0,4.62,-0.09,0.0,0.8994442728707543,0.9985489472229191,0.09825025323567582,0.25,0,2,0.0
3.218748962000973,117,803.69,98.8,3.9,-36.3,-0.84,-0.12,0.38,0.07,0.88,-0.12,-167.3,-164.1,75.0,0.04,4.35,0.03,0.0,0.8908984229416954,0.9297311439335566,0.10466018110144004,0.25,0,2,0.0
3.228437269001006,118,803.7,98.7,4.0,-36.3,-0.52,0.0,0.32,0.07,0.87,-0.14,-168.9,-155.5,80.0,0.08,4.12,-0.23,0.0,0.8839683252243826,0.6105735008989499,0.1093584732423778,0.25,0,2,0.0
3.238815937000254,119,803.71,98.7,4.0,-36.3,-0.41,0.06,0.31,0.08,0.88,-0.15,-170.4,-145.9,99.0,0.12,3.81,-0.12,0.0,0.8962700485902672,0.5174939613174244,0.09511561487896336,0.25,0,2,0.0
3.2483679720007785,120,803.72,98.7,4.1,-36.3,-0.18,0.24,0.24,0.08,0.86,-0.16,-171.8,-135.8,105.0,0.16,3.54,-0.13,0.0,0.8784076502399099,0.38418745424597095,0.11071845296473426,0.25,0,2,0.0
3.2588620300011826,121,803.73,98.7,4.1,-36.3,0.0,0.21,0.19,0.07,0.85,-0.18,-173.1,-123.7,114.0,0.19,3.21,0.1,0.0,0.8716650732936361,0.2831960451701259,0.11511180931278786,0.25,0,2,0.0
3.2684496010006114,122,803.74,98.8,4.1,-36.3,0.21,0.21,0.16,0.08,0.85,-0.23,-174.2,-114.1,92.0,0.22,3.02,-0.03,0.0,0.8841945487278238,0.33734255586865997,0.1005306872010282,0.25,0,2,0.0
3.278623697000512,123,803.75,98.8,4.2,-36.3,0.51,0.18,0.17,0.09,0.86,-0.27,-175.3,-105.5,96.0,0.25,2.73,0.06,0.0,0.905869747811461,0.5669215113223346,0.07727837835504314,0.25,0,2,0.0
3.288703723999788,124,803.76,98.9,4.2,-36.4,0.69,0.16,0.17,0.11,0.89,-0.29,-176.3,-95.7,86.0,0.28,2.52,-0.09,0.0,0.9424966843443005,0.7284229540589725,0.03983841298575963,0.25,0,2,0.0
3.2964917440003774,125,803.77,98.9,4.2,-36.4,0.66,0.17,0.13,0.14,0.94,-0.32,-177.2,-88.4,85.0,0.3,2.28,0.11,0.0,1.0027960909377338,0.6938299503480663,0.02005177373552025,0.25,0,2,0.0
3.3084938949996285,126,803.78,99.0,4.2,-36.4,0.39,0.29,0.15,0.14,0.99,-0.31,-178.0,-80.5,75.0,0.32,2.09,-0.05,0.0,1.0468046618161384,0.5086255990411809,0.06277913772164634,0.25,0,2,0.0
3.31642217100125,127,803.79,99.0,4.2,-36.4,0.05,0.27,0.16,0.14,1.02,-0.26,-178.8,-73.9,70.0,0.34,1.93,0.0,0.0,1.061885116196663,0.3178049716414141,0.07630240026012747,0.25,0,2,0.0
3.328728211001362,128,803.8,99.0,4.3,-36.4,-0.48,0.33,0.02,0.13,1.02,-0.24,-179.5,-67.2,73.0,0.36,1.72,0.04,0.0,1.0558882516630252,0.5828378848359121,0.06889942501196,0.25,0,2,0.0
3.336452723000548,129,803.81,99.0,4.3,-36.5,-1.3,0.41,-0.12,0.11,1.0,-0.25,-180.1,-58.8,80.0,0.38,1.49,-0.1,0.0,1.0366291525902598,1.3683932183404008,0.04864751942041068,0.25,0,2,0.0
3.348603828000705,130,803.82,98.8,4.3,-36.5,-1.85,0.46,-0.04,0.1,0.99,-0.23,-180.7,-51.5,69.0,0.39,1.32,-0.04,0.0,1.0212737145349429,1.906751163628857,0.032626239737791884,0.25,0,2,0.0
3.3564132890005567,131,803.83,98.7,4.3,-36.6,-1.53,0.47,0.19,0.08,0.96,-0.18,-181.1,-44.3,67.0,0.4,1.14,0.03,0.0,0.98,1.6118002357612433,0.008474525301207958,0.25,0,2,0.0
3.3686582379996253,132,803.84,98.6,4.4,-36.6,-0.64,0.27,0.4,0.06,0.92,-0.13,-181.5,-39.9,51.0,0.41,1.02,-0.07,0.0,0.9310746479203481,0.8015609770940699,0.056251879833242646,0.25,0,2,0.0
3.378565275001165,133,803.85,98.6,4.4,-36.6,0.24,-0.03,0.4,0.05,0.92,-0.12,-181.9,-35.5,48.0,0.42,0.9,-0.02,0.0,0.9291393867445292,0.46743983570080977,0.05702339818888025,0.25,0,2,0.0
3.3886399889997847,134,803.86,98.6,4.4,-36.6,0.55,-0.21,0.22,0.06,0.96,-0.2,-182.2,-30.1,61.0,0.43,0.71,-0.12,0.0,0.9824459272652108,0.6284902544988268,0.003642520514834602,0.25,0,2,0.0
3.3964322360006918,135,803.87,98.7,4.4,-36.5,0.14,-0.17,-0.01,0.1,0.96,-0.26,-182.5,-21.5,81.0,0.44,0.46,-0.16,0.0,0.999599919967984,0.22045407685048604,0.013241242744179815,0.25,0,2,0.0
3.408662343001197,136,803.88,98.7,4.4,-36.6,-0.34,0.17,-0.3,0.14,0.92,-0.33,-182.6,-10.2,105.0,0.44,0.13,-0.11,0.0,0.9873702446397704,0.4842520005121301,0.0009913360676468974,0.25,0,2,0.0
3.4204536880006344,137,803.89,98.6,4.4,-36.6,-0.44,0.81,-0.51,0.18,0.9,-0.4,-182.6,-1.1,83.0,0.44,-0.03,0.05,0.0,1.0011992808627062,1.053470455209827,0.014523964844771031,0.25,0,2,0.0
3.4283907389999513,138,803.9,98.6,4.3,-36.7,-0.12,1.57,-0.64,0.2,0.87,-0.43,-182.6,1.8,19.0,0.44,0.01,0.04,0.0,0.9908582138732059,1.6996764397967046,0.004099239898165408,0.25,0,2,0.0
3.436415281999871,139,803.91,98.6,4.3,-36.9,0.76,2.45,-0.82,0.23,0.86,-0.45,-182.6,-0.7,9.0,0.44,0.0,-0.03,0.0,0.9974968671630001,2.6930466018990464,0.01052313532420035,0.25,0,2,0.0
3.4487045780006156,140,803.92,98.7,4.2,-37.3,1.75,3.41,-1.0,0.24,0.94,-0.39,-182.6,0.3,2.0,0.44,0.0,-0.19,0.0,1.0456098698845568,3.9611362006373882,0.05746341528484189,0.25,0,2,0.0
3.4564728290006315,141,803.93,98.9,4.2,-37.7,2.25,4.16,-0.99,0.24,1.03,-0.35,-182.6,-0.5,1.0,0.44,0.0,0.04,0.0,1.1140017953306898,4.831997516555654,0.12333823391635534,0.25,0,2,0.0
3.4687830960010615,142,803.94,99.1,4.2,-38.1,2.28,4.81,-0.89,0.21,1.08,-0.35,-182.6,0.9,2.0,0.44,0.0,0.04,0.0,1.1545561917897285,5.396906521332382,0.16061477776788613,0.25,0,2,0.0
3.4764098430005106,143,803.95,99.3,4.2,-38.6,2.27,5.16,-0.81,0.17,1.06,-0.29,-182.6,-0.4,-8.0,0.44,0.03,0.04,0.0,1.1120251795710383,5.69513827751355,0.115722090238212,0.25,0,2,0.0
3.48869525200098,144,803.96,99.5,4.2,-39.2,2.28,5.05,-0.83,0.13,1.05,-0.19,-182.6,0.5,8.0,0.44,-0.03,0.04,0.0,1.0749418588928425,5.602660082496528,0.07706599416881588,0.25,0,2,0.0
3.496457802000805,145,803.97,99.7,4.2,-39.7,1.92,4.86,-0.82,0.08,1.07,-0.12,-182.6,0.7,-4.0,0.44,0.0,0.04,0.0,1.0796758772891057,5.289461220200031,0.08016401231377746,0.25,0,2,0.0
3.508626112999991,146,803.98,99.8,4.2,-40.1,1.36,4.71,-0.69,0.0,1.13,-0.04,-182.6,0.9,6.0,0.44,-0.04,0.12,0.0,1.1307077429645558,4.950737318824339,0.12857196042944286,0.25,0,2,0.0
3.516440594001324,147,803.99,99.8,4.2,-40.6,0.84,4.56,-0.27,-0.09,1.21,0.03,-182.6,3.5,24.0,0.44,-0.14,0.03,0.0,1.2137133104650373,4.644577483474681,0.20734597737132576,0.25,0,2,0.0
3.5287344839998696,148,804.0,99.9,4.3,-41.0,0.66,4.31,0.37,-0.17,1.22,0.09,-182.5,6.7,60.0,0.43,-0.34,0.08,0.0,1.2350708481702577,4.375911333653825,0.22412944477501529,0.25,0,2,0.0
3.5364358730003005,149,804.01,99.9,4.5,-41.4,0.77,3.87,1.02,-0.22,1.21,0.17,-182.4,14.8,49.0,0.43,-0.43,0.05,0.0,1.2415313125330347,4.075561311034346,0.2259781109550365,0.25,0,2,0.0
3.548771720001241,150,804.02,100.0,4.7,-41.8,0.74,3.07,1.55,-0.24,1.18,0.24,-182.2,19.7,60.0,0.42,-0.61,-0.05,0.0,1.2278436382536662,3.517811819867572,0.20804462794215461,0.25,0,2,0.0
3.5564417490004416,151,804.03,100.0,4.9,-42.0,0.32,2.01,1.87,-0.21,1.15,0.24,-181.9,26.0,55.0,0.42,-0.76,-0.07,0.0,1.1933985084622822,2.763946453895227,0.17012750818775535,0.25,0,2,0.0
3.5686179460008134,152,804.04,100.0,5.1,-42.1,-0.21,1.02,2.01,-0.11,1.13,0.18,-181.6,34.6,87.0,0.41,-1.06,-0.01,0.0,1.149521639639724,2.2637579375896175,0.12372562657789321,0.25,0,2,0.0
3.576469913999972,153,804.05,99.9,5.3,-42.1,-0.44,0.41,2.02,0.01,1.1,0.11,-181.2,47.9,134.0,0.39,-1.52,-0.03,0.0,1.105531546361297,2.1076289996107,0.07814082263347677,0.25,0,2,0.0
3.588748817001033,154,804.06,99.9,5.5,-42.1,-0.29,0.05,1.87,0.12,1.04,0.05,-180.6,68.6,192.0,0.37,-2.15,0.12,0.0,1.0480935072788116,1.8930134706335293,0.02028872787997149,0.25,0,2,0.0
3.5963982089997444,155,804.07,99.9,5.7,-42.1,0.27,-0.09,1.52,0.21,1.0,0.0,-179.7,92.0,221.0,0.35,-2.79,-0.06,0.0,1.0218121158021176,1.546415209444087,0.005872810324788036,0.25,0,2,0.0
3.6088040780014126,156,804.08,100.0,5.8,-42.0,0.9,-0.17,1.05,0.27,1.0,-0.02,-178.7,114.2,213.0,0.32,-3.34,-1.25,0.0,1.0360019305001318,1.393341307792172,0.00815066428576161,0.25,0,2,0.0
3.6164217360001203,157,804.09,100.1,5.9,-42.0,1.28,-0.12,0.52,0.28,1.03,-0.07,-177.4,136.5,228.0,0.28,-4.0,-0.2,0.0,1.0696728471827261,1.3867948658687772,0.04098514934898878,0.25,0,2,0.0
3.6285048500012635,158,804.1,100.2,5.9,-42.0,0.97,-0.11,0.11,0.26,1.07,-0.12,-175.8,160.1,227.0,0.23,-4.62,-0.25,0.0,1.1076551810017412,0.9823950325607311,0.0773881335046438,0.25,0,2,0.0
3.6363868300013564,159,804.11,100.3,5.9,-42.0,0.27,0.16,-0.21,0.22,1.08,-0.18,-174.1,182.8,234.0,0.18,-5.27,-0.15,0.0,1.1167810886650973,0.37762415176998415,0.08478376034463997,0.25,0,2,0.0
3.6487404800009244,160,804.12,100.3,5.9,-42.0,-0.42,0.58,-0.44,0.19,1.07,-0.19,-172.1,207.2,243.0,0.13,-5.93,0.19,0.0,1.1032225523438144,0.8404760555780277,0.06980071954289002,0.25,0,2,0.0
3.660353090001081,161,804.13,100.2,5.9,-42.1,-0.77,1.09,-0.52,0.15,1.02,-0.18,-169.8,230.9,229.0,0.06,-6.54,-0.06,0.0,1.0465658125507444,1.4322709240922264,0.012881100154823688,0.25,0,2,0.0
3.668254316000457,162,804.14,100.1,5.9,-42.3,-0.5,1.55,-0.62,0.12,0.98,-0.17,-167.4,251.7,215.0,0.0,-7.11,-0.13,0.0,1.0018482919085103,1.7426703646989583,0.031199692077662267,0.25,0,2,0.0
3.6763823649998812,163,804.15,100.0,5.9,-42.5,-0.16,1.92,-0.75,0.09,0.97,-0.14,-164.7,276.4,251.0,-0.07,-7.85,-0.16,0.0,0.9841747812253675,2.0674863965695156,0.04789573870558905,0.25,0,2,0.0
3.6886404390006646,164,804.16,100.0,5.8,-42.7,-0.36,2.09,-0.81,0.07,0.99,-0.12,-161.7,304.2,255.0,-0.16,-8.56,0.02,0.0,0.9996999549864949,2.270198229230214,0.03172315364557243,0.25,0,2,0.0
3.6964694720008993,165,804.17,99.8,5.8,-42.9,-1.03,2.2,-0.78,0.05,0.98,-0.11,-158.5,324.6,211.0,-0.25,-9.06,-0.14,0.0,0.9874208829065749,2.551332984931603,0.043122181210982546,0.25,0,2,0.0
3.708717723000518,166,804.18,99.6,5.7,-43.1,-1.69,2.23,-0.67,0.05,0.94,-0.09,-155.2,344.6,212.0,-0.34,-9.65,0.03,0.0,0.945621488757526,2.8771339906233075,0.0832231438528308,0.25,0,2,0.0
3.716419637999934,167,804.19,99.4,5.6,-43.4,-2.01,2.18,-0.58,0.04,0.89,-0.06,-151.6,366.3,208.0,-0.44,-10.19,0.08,0.0,0.8929165694509202,3.021406957031773,0.1332095018962478,0.25,0,2,0.0
3.728595333001067,168,804.2,99.2,5.6,-43.6,-1.92,2.01,-0.52,0.03,0.84,-0.03,-147.8,387.1,222.0,-0.55,-10.83,0.1,0.0,0.8410707461325712,2.827879063892231,0.18135421871030488,0.25,0,2,0.0
3.73643567200088,169,804.21,99.0,5.6,-43.8,-1.55,1.76,-0.51,0.01,0.82,-0.01,-143.7,413.0,231.0,-0.66,-11.48,0.06,0.0,0.8201219421525069,2.400041666304983,0.19825696223656186,0.25,0,2,0.0
3.7486523750012566,170,804.22,98.8,5.6,-44.0,-1.08,1.4,-0.54,0.01,0.82,0.0,-139.5,427.1,159.0,-0.78,-11.78,-0.03,0.0,0.8200609733428362,1.8487833837418595,0.19435157242530787,0.25,0,2,0.0
3.7564331150006183,171,804.23,98.7,5.5,-44.1,-0.64,1.07,-0.61,0.02,0.84,-0.01,-135.1,442.4,151.0,-0.9,-12.17,0.02,0.0,0.8402975663418286,1.3880201727640704,0.17063267983778907,0.25,0,2,0.0
3.7686703800009127,172,804.24,98.7,5.5,-44.2,-0.4,0.85,-0.68,0.02,0.88,-0.06,-130.6,447.3,63.0,-1.02,-12.2,0.24,0.0,0.882269800004511,1.1596982366115764,0.12608723725160442,0.25,0,2,0.0
3.7764735220007424,173,804.25,98.6,5.4,-44.3,-0.35,0.76,-0.68,0.03,0.91,-0.09,-126.1,459.8,139.0,-1.15,-12.71,0.12,0.0,0.9149316914393119,1.0781929326423914,0.09155683890046762,0.25,0,2,0.0
3.788545315999727,174,804.26,98.5,5.3,-44.4,-0.34,0.7,-0.67,0.04,0.93,-0.11,-121.4,469.1,65.0,-1.27,-12.76,-0.1,0.0,0.9373366524360393,1.0268885041717042,0.06776884034566544,0.25,0,2,0.0
3.796406946999923,175,804.27,98.5,5.2,-44.5,-0.37,0.7,-0.63,0.06,0.95,-0.13,-116.7,472.9,65.0,-1.4,-12.95,-0.1,0.0,0.960728889958036,1.011830025251277,0.043489070767195326,0.25,0,2,0.0
3.8087463030005893,176,804.28,98.4,5.2,-44.5,-0.46,0.79,-0.61,0.07,0.96,-0.14,-111.9,477.7,50.0,-1.53,-13.06,-0.04,0.0,0.9726767191621274,1.0989995450408523,0.030910416731841805,0.25,0,2,0.0
3.8164238879999175,177,804.29,98.4,5.1,-44.6,-0.73,0.92,-0.54,0.07,0.96,-0.15,-107.1,486.9,77.0,-1.67,-13.31,0.08,0.0,0.9741663102366043,1.2926329718833571,0.028832409144217586,0.25,0,2,0.0
3.828681332000997,178,804.3,98.3,5.1,-44.7,-1.0,1.02,-0.45,0.06,0.94,-0.14,-102.3,481.0,-70.0,-1.8,-12.85,0.07,0.0,0.9522604685693931,1.4976314633447043,0.04972348579520014,0.25,0,2,0.0
3.836442331001308,179,804.31,98.1,5.0,-44.8,-1.15,1.14,-0.28,0.02,0.94,-0.13,-97.6,460.5,-194.0,-1.92,-12.12,0.11,0.0,0.9491575211733825,1.6433198106272557,0.0517699045273865,0.25,0,2,0.0
3.84867803599991,180,804.32,98.0,5.0,-45.0,-1.47,0.97,0.03,0.0,0.94,-0.1,-93.3,408.4,-523.0,-2.03,-10.13,0.33,0.0,0.9453041838477179,1.761448267761503,0.05451077701599005,0.25,0,2,0.0
3.858619587999783,181,804.33,97.8,5.0,-45.1,-1.41,1.01,0.24,-0.05,0.92,-0.12,-89.8,320.9,-822.0,-2.11,-7.42,0.47,0.0,0.9291393867445292,1.7509426032854416,0.06926206263679513,0.25,0,2,0.0
3.8686633840006834,182,804.34,97.7,5.0,-45.1,-1.81,0.57,0.47,-0.08,0.96,-0.06,-87.3,207.5,-1068.0,-2.16,-4.13,0.54,0.0,0.9651942809610923,1.9549680304291424,0.03254302505182749,0.25,0,2,0.0
3.8764558149996446,183,804.35,97.5,5.1,-45.1,-1.77,-0.08,0.6,-0.08,0.97,-0.06,-86.1,85.6,-1157.0,-2.18,-0.86,0.41,0.0,0.9751410154434075,1.870641601162553,0.022144364758122093,0.25,0,2,0.0
3.888807039000312,184,804.36,97.3,5.1,-45.1,-1.77,-0.83,0.42,-0.05,0.98,-0.11,-86.0,-18.7,-948.0,-2.17,1.32,0.09,0.0,0.9874208829065749,1.9995499493636062,0.009667207349055573,0.25,0,2,0.0
3.8964618339996377,185,804.37,97.1,5.1,-45.0,-2.68,-1.11,0.28,0.0,1.04,-0.2,-86.6,-75.6,-660.0,-2.15,2.67,-0.01,0.0,1.0590561835898982,2.9142580530900144,0.060728731467582286,0.25,0,2,0.0
3.9086615390006045,186,804.38,96.8,5.2,-44.9,-3.55,-0.82,0.48,0.06,1.03,-0.23,-87.7,-125.2,-556.0,-2.11,4.02,-0.01,0.0,1.057071426158138,3.6749557820469074,0.057569094555105615,0.25,0,2,0.0
3.918704219000574,187,804.39,96.5,5.2,-44.8,-3.04,-0.38,0.71,0.1,0.88,-0.18,-89.3,-173.3,-492.0,-2.07,5.26,0.24,0.0,0.9037698822156003,3.1448529377381065,0.09381780039968346,0.25,0,2,0.0
3.9291867400006595,188,804.4,96.3,5.3,-44.8,-1.37,-0.24,0.76,0.13,0.82,-0.08,-91.3,-214.4,-413.0,-2.01,6.24,0.32,0.0,0.8340863264674706,1.584960567332828,0.16023132902485693,0.25,0,2,0.0
3.9388247349997982,189,804.41,96.3,5.4,-44.7,-0.23,-0.34,0.73,0.17,0.84,-0.07,-93.7,-247.3,-349.0,-1.94,7.11,0.44,0.0,0.8598837130682264,0.8374962686484042,0.1317452635756191,0.25,0,2,0.0
3.948396996000156,190,804.42,96.3,5.5,-44.7,0.05,-0.27,0.6,0.19,0.86,-0.14,-96.4,-278.0,-311.0,-1.86,7.88,0.16,0.0,0.8917959407846617,0.6598484674529449,0.09783637514200016,0.25,0,2,0.0
3.9563818000005995,191,804.43,96.3,5.6,-44.7,0.12,-0.12,0.46,0.2,0.85,-0.2,-99.4,-300.1,-219.0,-1.78,8.33,-0.02,0.0,0.8958236433584459,0.4903060268852505,0.09193249911685164,0.25,0,2,0.0
3.9686398940011713,192,804.44,96.3,5.6,-44.6,0.62,-0.15,0.35,0.18,0.87,-0.18,-102.4,-310.3,-124.0,-1.69,8.52,-0.03,0.0,0.9064766957842877,0.7275987905432498,0.0796538577571897,0.25,0,2,0.0
3.976480659999652,193,804.45,96.4,5.6,-44.6,1.09,-0.14,0.19,0.15,0.88,-0.21,-105.5,-318.0,-92.0,-1.62,8.72,-0.16,0.0,0.91706052144883,1.1152578177264665,0.0676886314507944,0.25,0,2,0.0
3.9885653359997377,194,804.46,96.5,5.6,-44.6,1.31,-0.25,0.0,0.12,0.91,-0.21,-108.8,-321.3,-21.0,-1.52,8.66,0.03,0.0,0.9415943925066674,1.333641631023867,0.04229166518509786,0.25,0,2,0.0
3.9964459350012476,195,804.47,96.7,5.6,-44.6,1.07,-0.24,-0.15,0.09,0.96,-0.25,-111.9,-313.2,52.0,-1.43,8.41,-0.07,0.0,0.9960923651951158,1.1067971810589328,0.01196218135328353,0.25,0,2,0.0
4.00875367899971,196,804.48,96.8,5.6,-44.6,0.57,-0.16,-0.19,0.06,0.98,-0.26,-115.0,-305.9,62.0,-1.35,8.22,-0.2,0.0,1.0156771140475698,0.6217716622683925,0.030915991601622728,0.25,0,2,0.0
4.016483569001139,197,804.49,96.8,5.6,-44.5,0.29,-0.15,-0.18,0.03,0.96,-0.24,-118.0,-296.4,100.0,-1.27,7.89,-0.08,0.0,0.99,0.372827037646145,0.005134100002971875,0.25,0,2,0.0
4.028792717001124,198,804.5,96.8,5.6,-44.5,0.24,-0.35,-0.2,0.01,0.93,-0.18,-120.9,-283.3,118.0,-1.2,7.56,-0.18,0.0,0.9473119866232033,0.469148164229596,0.03680283510634841,0.25,0,2,0.0
4.036474522001299,199,804.51,96.9,5.5,-44.5,0.5,-0.87,-0.23,-0.01,0.93,-0.2,-123.6,-270.5,131.0,-1.12,7.15,-0.02,0.0,0.9513148795220224,1.0294658809304948,0.03214394336337867,0.25,0,2,0.0
4.048686779000491,200,804.52,96.9,5.5,-44.4,0.81,-1.14,-0.19,-0.03,0.94,-0.24,-126.2,-254.8,164.0,-1.05,6.65,-0.24,0.0,0.9706183596038146,1.4113114468465138,0.012583654015954737,0.25,0,2,0.0
4.056455144000211,201,804.53,97.1,5.5,-44.2,1.15,-1.52,-0.09,-0.02,0.93,-0.23,-128.6,-233.2,212.0,-0.99,6.02,-0.03,0.0,0.9582275303913993,1.9081404560461475,0.02447499356380267,0.25,0,2,0.0
4.068671850000101,202,804.54,97.2,5.5,-44.1,1.67,-1.91,-0.05,0.0,0.92,-0.27,-130.8,-210.0,215.0,-0.94,5.45,0.24,0.0,0.9588013350011565,2.537616992376903,0.023423165174964566,0.25,0,2,0.0
4.0764157850007905,203,804.55,97.4,5.4,-43.9,2.06,-2.14,0.0,0.02,0.95,-0.34,-132.7,-190.1,211.0,-0.88,4.89,-0.13,0.0,1.0092076099594176,2.9703871801500896,0.02644344758763062,0.25,0,2,0.0
4.0889064769999095,204,804.56,97.7,5.4,-43.6,2.26,-2.15,0.14,0.05,0.98,-0.4,-134.5,-168.2,222.0,-0.84,4.28,0.05,0.0,1.059669759878048,3.1224509603835253,0.07536748555613582,0.25,0,2,0.0
4.096453682999709,205,804.57,97.9,5.4,-43.4,2.22,-1.96,0.36,0.08,1.03,-0.38,-136.1,-142.9,248.0,-0.8,3.55,-0.05,0.0,1.10077245605075,2.983219737129667,0.11414077809426093,0.25,0,2,0.0
4.1086461459999555,206,804.58,98.1,5.4,-43.2,1.79,-1.88,0.63,0.1,1.06,-0.31,-137.3,-117.6,242.0,-0.77,2.91,-0.2,0.0,1.1089183919477574,2.671216951129204,0.11984097971144303,0.25,0,2,0.0
4.116399193000689,207,804.59,98.4,5.5,-43.0,1.28,-1.99,0.84,0.12,1.06,-0.23,-138.3,-95.2,216.0,-0.75,2.36,-0.08,0.0,1.091283647820309,2.510796686312932,0.10016211087231464,0.25,0,2,0.0
4.128644608001196,208,804.6,98.5,5.5,-42.8,1.07,-2.23,0.69,0.13,1.01,-0.15,-139.1,-77.5,175.0,-0.73,1.96,-0.13,0.0,1.0293201639917484,2.5678590303986706,0.03743465450287897,0.25,0,2,0.0
4.136204557000383,209,804.61,98.6,5.6,-42.6,1.1,-2.49,0.25,0.16,1.02,-0.06,-139.8,-64.0,139.0,-0.71,1.61,-0.04,0.0,1.0342146779078316,2.733605677488983,0.04148258505058289,0.25,0,2,0.0
4.148483431999921,210,804.62,98.8,5.5,-42.3,0.65,-2.73,-0.23,0.18,1.06,0.03,-140.4,-50.8,152.0,-0.7,1.16,-0.19,0.0,1.0755928597754822,2.81572370803671,0.0812035515798688,0.25,0,2,0.0
4.15832948500065,211,804.63,98.8,5.4,-42.0,-0.28,-3.02,-0.7,0.2,1.07,0.11,-140.7,-31.3,186.0,-0.69,0.61,-0.43,0.0,1.0940749517286281,3.1126837295170224,0.09769193066235438,0.25,0,2,0.0
4.168612932000542,212,804.64,98.8,5.3,-41.7,-0.62,-3.12,-1.26,0.25,1.03,0.11,-140.9,-11.3,204.0,-0.69,0.02,-0.41,0.0,1.065598423422257,3.4214616759507916,0.0678310943088637,0.25,0,2,0.0
4.176249334001113,213,804.65,98.7,5.1,-41.5,-0.12,-2.56,-1.92,0.31,1.04,0.03,-140.9,8.8,170.0,-0.69,-0.38,-0.01,0.0,1.0856334556377674,3.2022492095400694,0.08610880399388654,0.25,0,2,0.0
4.188764403999812,214,804.66,98.8,4.8,-41.3,0.22,-1.53,-2.26,0.3,1.12,0.01,-140.7,16.2,91.0,-0.69,-0.49,-0.2,0.0,1.1595257651298656,2.738046749053054,0.15680109121626518,0.25,0,2,0.0
4.19643275999988,215,804.67,98.8,4.6,-41.2,0.01,-0.41,-2.08,0.25,1.17,0.01,-140.5,23.5,85.0,-0.7,-0.74,-0.15,0.0,1.1964530914331744,2.1200471692865706,0.18985384916918235,0.25,0,2,0.0
4.208786952000082,216,804.68,98.8,4.4,-41.3,0.27,0.37,-1.68,0.15,1.11,0.03,-140.2,30.0,62.0,-0.71,-0.86,-0.04,0.0,1.120490963818986,1.7413213373757297,0.11161388712389408,0.25,0,2,0.0
4.216415918999701,217,804.69,98.9,4.3,-41.3,0.92,0.43,-1.28,0.03,1.07,0.09,-139.9,30.2,-9.0,-0.72,-0.7,-0.05,0.0,1.074197374787334,1.6339216627488602,0.06401389213039721,0.25,0,2,0.0
4.228706494999642,218,804.7,99.0,4.2,-41.4,1.56,-0.02,-0.97,-0.05,1.06,0.1,-139.7,20.0,-80.0,-0.72,-0.38,0.07,0.0,1.0658799181896619,1.837090090333079,0.054582506822070664,0.25,0,2,0.0
4.23644572700141,219,804.71,99.2,4.1,-41.4,1.9,-0.69,-0.69,-0.1,1.09,0.08,-139.6,6.5,-115.0,-0.72,-0.03,-0.26,0.0,1.0974971526158963,2.1359307104866487,0.084475746423339,0.25,0,2,0.0
4.2486972469996545,220,804.72,99.4,4.0,-41.3,2.16,-1.39,-0.39,-0.12,1.18,0.01,-139.6,-4.6,-87.0,-0.72,0.16,0.0,0.0,1.1861281549647154,2.5980377210502543,0.16964461379671492,0.25,0,2,0.0
4.256508911999845,221,804.73,99.6,4.0,-41.1,1.99,-1.92,0.0,-0.1,1.26,-0.05,-139.7,-7.3,-44.0,-0.72,0.23,0.0,0.0,1.2649505919204909,2.7652305509667725,0.24349770973744067,0.25,0,2,0.0
4.268692951000048,222,804.74,99.8,4.0,-40.9,1.2,-2.4,0.32,-0.06,1.27,-0.1,-139.8,-10.8,-53.0,-0.72,0.38,0.1,0.0,1.27534309109353,2.7022953206487257,0.24881240473227018,0.25,0,2,0.0
4.276245789000313,223,804.75,99.9,4.0,-40.6,0.09,-2.79,0.48,-0.01,1.23,-0.1,-140.0,-22.7,-114.0,-0.71,0.8,0.16,0.0,1.2340988615179904,2.832419460461321,0.20341681165359593,0.25,0,2,0.0
4.288605763000305,224,804.76,99.8,3.9,-40.3,-0.99,-3.13,0.45,0.03,1.16,-0.12,-140.3,-35.4,-120.0,-0.7,1.12,0.05,0.0,1.1665761869676579,3.3135328578422154,0.13317625436119807,0.25,0,2,0.0
4.2964443050004775,225,804.77,99.6,3.9,-40.0,-1.79,-3.28,0.31,0.07,1.11,-0.12,-140.7,-48.8,-145.0,-0.69,1.53,-0.25,0.0,1.1186599125739691,3.749479963941666,0.08355478036815911,0.25,0,2,0.0
4.308709662000183,226,804.78,99.4,3.9,-39.6,-2.53,-3.32,0.28,0.11,1.05,-0.14,-141.4,-68.8,-193.0,-0.66,2.14,0.07,0.0,1.0649882628461218,4.183503316599617,0.029285468027505646,0.25,0,2,0.0
4.3186693970001215,227,804.79,99.2,3.9,-39.3,-3.04,-3.09,0.3,0.16,0.95,-0.17,-142.2,-92.2,-223.0,-0.64,2.8,0.02,0.0,0.9782637681116478,4.345077674794779,0.05629024617282885,0.25,0,2,0.0
4.328603453999676,228,804.8,98.9,4.0,-39.0,-3.29,-2.85,0.47,0.18,0.93,-0.14,-143.3,-116.8,-243.0,-0.61,3.49,0.01,0.0,0.9575489543621256,4.378070351193548,0.07546495872390402,0.25,0,2,0.0
4.3363832120012376,229,804.81,98.6,4.0,-38.8,-3.17,-2.26,0.61,0.21,0.84,-0.16,-144.6,-141.8,-245.0,-0.57,4.15,0.11,0.0,0.8805112151472007,3.9406344666817295,0.14945264398005242,0.25,0,2,0.0
4.348822296000435,230,804.82,98.3,4.0,-38.6,-2.35,-1.7,0.71,0.22,0.8,-0.1,-146.2,-164.4,-219.0,-0.52,4.7,0.04,0.0,0.8357032966310473,2.9860676482625106,0.1903753512462817,0.25,0,2,0.0
4.3564499969998,231,804.83,98.1,4.1,-38.4,-1.25,-1.05,0.79,0.22,0.8,-0.11,-148.0,-183.0,-190.0,-0.47,5.17,-0.2,0.0,0.8369587803470372,1.8135876047216468,0.18533747017968583,0.25,0,2,0.0
4.368521821001195,232,804.84,98.0,4.2,-38.3,-0.58,-0.55,0.92,0.22,0.81,-0.1,-149.9,-197.7,-155.0,-0.42,5.54,-0.03,0.0,0.8452810183601664,1.2187288459702592,0.17347492752322546,0.25,0,2,0.0
4.376457106000089,233,804.85,98.0,4.3,-38.3,-0.14,-0.09,0.89,0.21,0.8,-0.11,-152.0,-207.8,-103.0,-0.36,5.72,-0.17,0.0,0.8343860018001261,0.9054280755532159,0.18068254520160054,0.25,0,2,0.0
4.388656281000294,234,804.86,98.0,4.3,-38.3,0.13,0.29,0.75,0.2,0.82,-0.12,-154.1,-212.9,-59.0,-0.3,5.82,0.07,0.0,0.8525256594378845,0.8145550932871268,0.1592920298125653,0.25,0,2,0.0
4.396462658000019,235,804.87,98.0,4.4,-38.3,0.17,0.56,0.65,0.17,0.84,-0.13,-156.3,-215.9,-36.0,-0.24,5.88,-0.05,0.0,0.8668333173107734,0.8746427842267951,0.14208468450088296,0.25,0,2,0.0
4.408640202000242,236,804.88,98.1,4.5,-38.4,0.2,0.71,0.58,0.14,0.85,-0.13,-158.4,-216.9,-13.0,-0.18,5.88,0.12,0.0,0.8712060605849801,0.9383496150156402,0.13495770240214267,0.25,0,2,0.0
4.41642911100098,237,804.89,98.1,4.6,-38.4,0.23,0.76,0.52,0.11,0.87,-0.13,-160.6,-215.6,12.0,-0.12,5.8,0.1,0.0,0.8865100112237876,0.9491575211733825,0.11726067672806839,0.25,0,2,0.0
4.428698886000348,238,804.9,98.1,4.7,-38.5,0.17,0.66,0.46,0.08,0.88,-0.12,-162.7,-211.2,41.0,-0.07,5.66,-0.01,0.0,0.8917398723843181,0.8222530024268686,0.10979019925618705,0.25,0,2,0.0
4.436461859000701,239,804.91,98.1,4.8,-38.6,0.02,0.43,0.39,0.06,0.9,-0.1,-164.8,-203.6,71.0,-0.01,5.42,-0.04,0.0,0.9075241043630743,0.5808614292583043,0.09212584793188217,0.25,0,2,0.0
4.4486219850005,240,804.92,98.1,4.8,-38.6,-0.35,0.15,0.29,0.04,0.91,-0.12,-166.8,-195.1,76.0,0.03,5.21,0.05,0.0,0.9187491496594705,0.47864391775097276,0.07928278658277621,0.25,0,2,0.0
4.456445787000121,241,804.93,98.0,4.8,-38.6,-0.84,-0.1,0.17,0.03,0.9,-0.14,-168.7,-187.5,71.0,0.08,5.02,0.05,0.0,0.9113177272499422,0.8628441342444184,0.08497992481245842,0.25,0,2,0.0
4.468636993000473,242,804.94,97.9,4.8,-38.6,-1.2,-0.23,0.11,0.03,0.88,-0.16,-170.5,-179.6,82.0,0.13,4.76,0.31,0.0,0.8949301648732151,1.2267844146385296,0.09934013744540182,0.25,0,2,0.0
4.476480381001238,243,804.95,97.8,4.7,-38.5,-1.17,-0.34,0.12,0.03,0.85,-0.17,-172.2,-169.4,100.0,0.18,4.46,0.02,0.0,0.8673522929006414,1.2242957159118053,0.12437964922961597,0.25,0,2,0.0
4.488657441999749,244,804.96,97.8,4.7,-38.5,-0.76,-0.38,0.11,0.06,0.8,-0.18,-173.8,-158.9,101.0,0.22,4.2,0.0,0.0,0.8221921916437788,0.8567963585356791,0.16614895547674902,0.25,0,2,0.0
4.496414399000059,245,804.97,97.8,4.7,-38.4,-0.2,-0.33,-0.01,0.09,0.77,-0.21,-175.4,-148.0,109.0,0.26,3.87,-0.01,0.0,0.8031811750782012,0.38600518131237566,0.18145677260148008,0.25,0,2,0.0
4.508788944000116,246,804.98,97.8,4.7,-38.4,0.23,-0.2,-0.13,0.13,0.77,-0.25,-176.8,-137.1,104.0,0.3,3.6,-0.09,0.0,0.8199390221229869,0.3313608305156178,0.16140494704556052,0.25,0,2,0.0
4.516423019000285,247,804.99,97.8,4.7,-38.4,0.58,0.04,-0.18,0.16,0.79,-0.29,-178.1,-127.6,94.0,0.33,3.36,-0.01,0.0,0.8566212698736823,0.6086049621881175,0.12222824530896781,0.25,0,2,0.0
4.528740024999934,248,805.0,97.9,4.7,-38.4,0.97,0.36,-0.21,0.19,0.78,-0.33,-179.0,-121.7,95.0,0.36,3.18,0.03,0.0,0.8679861750051092,1.0557461816175326,0.10864607337399002,0.25,0,2,0.0
4.536400986000444,249,805.01,98.0,4.7,-38.5,1.61,0.77,-0.27,0.22,0.83,-0.35,-180.4,-111.9,91.0,0.39,2.93,0.0,0.0,0.9272540105062905,1.80496537362909,0.0483906731153525,0.25,0,2,0.0
4.54867707700032,250,805.02,98.2,4.7,-38.6,1.87,1.23,-0.31,0.24,0.89,-0.36,-181.5,-104.5,72.0,0.42,2.77,-0.07,0.0,0.9895958771134812,2.259623862504554,0.013672169622001351,0.25,0,2,0.0
4.556459479001205,251,805.03,98.4,4.6,-38.8,1.67,1.75,-0.44,0.24,0.93,-0.39,-182.5,-98.7,71.0,0.45,2.57,-0.16,0.0,1.0366291525902598,2.4586581706288495,0.059491336196804356,0.25,0,2,0.0
4.5688115320008365,252,805.04,98.5,4.6,-39.0,0.95,2.33,-0.43,0.22,1.03,-0.37,-183.4,-90.5,81.0,0.47,2.34,0.06,0.0,1.1163332835672328,2.552704448227409,0.1364115578303019,0.25,0,2,0.0
4.576415363000706,253,805.05,98.5,4.6,-39.2,0.44,2.51,-0.16,0.14,1.08,-0.27,-184.3,-82.7,67.0,0.49,2.19,0.02,0.0,1.122007130102122,2.5532919927027535,0.13924369627788724,0.25,0,2,0.0
4.588747473000694,254,805.06,98.6,4.7,-39.5,0.34,2.29,-0.03,0.05,1.03,-0.19,-185.1,-75.8,79.0,0.51,1.94,-0.08,0.0,1.0485704554296769,2.315296957195772,0.06449088117333335,0.25,0,2,0.0
4.596430548999706,255,805.07,98.6,4.7,-39.7,0.5,1.74,-0.15,-0.02,1.03,-0.15,-185.8,-66.9,80.0,0.53,1.73,-0.05,0.0,1.0410571550111933,1.8166177363441105,0.055838029139752776,0.25,0,2,0.0
4.608675210000001,256,805.08,98.6,4.6,-39.8,0.02,1.0,-0.2,-0.07,1.05,-0.15,-186.4,-57.7,96.0,0.55,1.43,-0.23,0.0,1.0629675441893793,1.02,0.07619344995157995,0.25,0,2,0.0
4.616447958000208,257,805.09,98.6,4.6,-39.9,-0.61,0.41,-0.3,-0.08,1.0,-0.22,-186.9,-46.5,104.0,0.56,1.12,-0.09,0.0,1.0270345661174214,0.7938513714795736,0.03945526244202957,0.25,0,2,0.0
4.6286918750010955,258,805.1,98.5,4.6,-39.9,-0.44,0.18,-0.28,-0.04,1.0,-0.3,-187.3,-34.8,111.0,0.57,0.8,-0.02,0.0,1.0447966309287182,0.5517245689653488,0.056072980708259834,0.25,0,2,0.0
4.636440394000601,259,805.11,98.5,4.6,-39.9,0.2,0.16,-0.21,0.0,0.95,-0.35,-187.5,-23.8,121.0,0.57,0.47,0.0,0.0,1.0124228365658292,0.33120990323358385,0.023225202618463392,0.25,0,2,0.0
4.648676402001001,260,805.12,98.6,4.6,-39.9,1.42,0.41,-0.31,0.08,0.96,-0.4,-187.7,-10.5,118.0,0.58,0.15,-0.07,0.0,1.043072384832424,1.5101655538383862,0.05279725586735695,0.25,0,2,0.0
4.658683097000903,261,805.13,98.8,4.5,-40.0,2.38,0.92,-0.41,0.13,1.09,-0.36,-187.7,-0.4,101.0,0.58,-0.08,0.12,0.0,1.155248890932166,2.5843567865138124,0.1616742867277572,0.25,0,2,0.0
4.668711428001188,262,805.14,99.1,4.5,-40.1,3.0,1.41,-0.42,0.15,1.25,-0.33,-187.7,2.6,31.0,0.58,-0.04,0.04,0.0,1.3014991356124674,3.341332069699149,0.3017660407798973,0.25,1,3,2.5
4.676387250001426,263,805.15,99.4,4.5,-40.3,3.31,1.94,-0.36,0.17,1.37,-0.32,-187.7,0.9,-1.0,0.58,0.0,-0.03,0.0,1.4171097346359596,3.853478947652368,0.40902910700732176,0.25,0,3,2.5
4.688733826000316,264,805.16,99.7,4.5,-40.5,2.55,2.15,-0.25,0.16,1.42,-0.29,-187.6,10.9,283.0,0.57,-1.34,2.22,2.91,1.4581152217846158,3.344772040064913,0.44103390227285844,0.25,0,3,2.5
4.696526339999764,265,805.17,99.9,4.6,-40.7,0.6,2.07,0.0,0.15,1.37,-0.22,-186.8,127.4,981.0,0.53,-5.08,2.57,2.91,1.3956360557108003,2.155203006679417,0.370983641475062,0.25,0,3,2.5
4.708690143999775,266,805.18,99.8,4.6,-40.9,-1.39,1.79,0.21,0.14,1.22,-0.13,-184.6,254.6,1153.0,0.46,-8.43,2.71,2.91,1.234868414042565,2.27602724061027,0.20601167981069013,0.25,0,3,2.5
4.716417224000907,267,805.19,99.5,4.7,-41.1,-1.78,1.86,0.29,0.12,1.06,-0.07,-181.2,373.9,1136.0,0.35,-11.45,2.58,2.91,1.0690650120549265,2.5907720856918313,0.039404112266590685,0.25,0,3,2.5
4.728714099001081,268,805.2,99.3,4.8,-41.3,-1.63,2.32,0.6,0.08,1.02,-0.03,-176.8,474.6,1012.0,0.22,-14.03,2.26,2.91,1.0235721762533407,2.8981545852490336,0.0059669490642952905,0.25,0,3,2.5
4.73648437600059,269,805.21,99.1,4.9,-41.6,-1.33,2.92,1.11,0.04,0.98,0.01,-171.4,570.1,971.0,0.06,-16.6,2.85,2.91,0.9808669634563089,3.3952024976428135,0.04769871862410058,0.25,0,3,2.5
4.748665585000708,270,805.22,99.0,5.1,-41.9,-1.29,3.51,1.66,0.01,0.92,0.07,-165.1,652.9,911.0,-0.11,-18.96,2.8,2.91,0.9227133899537819,4.091430067836917,0.10373524628409492,0.25,0,3,2.5
4.756460671000241,271,805.23,98.8,5.4,-42.2,-1.17,3.79,2.08,0.02,0.88,0.15,-157.9,746.3,852.0,-0.32,-21.19,2.71,2.91,0.8929165694509201,4.478772153168768,0.1308614254512176,0.25,0,3,2.5
4.768680418999793,272,805.24,98.7,5.7,-42.5,-0.7,3.75,2.33,0.06,0.89,0.2,-149.9,825.6,845.0,-0.55,-23.53,3.27,2.91,0.9141662868428261,4.4700559280617504,0.10741947389812545,0.25,0,3,2.5
4.776429585999722,273,805.25,98.6,6.0,-42.9,-0.15,3.52,2.49,0.11,0.95,0.21,-141.0,915.7,820.0,-0.8,-25.74,2.92,2.91,0.9791322688993556,4.314278618726426,0.041604422004764,0.25,0,3,2.5
4.788626360001217,274,805.26,98.6,6.3,-43.2,0.27,3.36,2.61,0.15,1.03,0.18,-131.4,977.2,545.0,-1.07,-26.83,1.33,2.91,1.0563143471523995,4.263167836245718,0.034866103123314396,0.25,0,3,2.5
4.796451097001409,275,805.27,98.6,6.6,-43.4,0.69,3.04,2.62,0.2,1.09,0.16,-121.5,992.8,186.0,-1.34,-26.79,1.74,2.91,1.1196874563912915,4.072112473888707,0.09627442811496234,0.25,0,3,2.5
4.808770593999725,276,805.28,98.7,6.9,-43.7,1.09,2.58,2.4,0.21,1.11,0.1,-111.7,966.6,-110.0,-1.6,-26.09,2.05,2.91,1.1341075786714416,3.688427849368888,0.1084806593872103,0.25,0,3,2.5
4.816414509999959,277,805.29,98.8,7.1,-43.9,1.01,2.07,1.95,0.16,1.14,0.02,-102.1,964.8,28.0,-1.86,-26.44,2.29,2.91,1.1513470371699404,3.0178634826645157,0.12320571552799486,0.25,0,3,2.5
4.828762762999759,278,805.3,98.8,7.3,-44.0,0.09,1.33,1.37,0.11,1.15,-0.01,-92.4,974.4,54.0,-2.13,-26.61,2.35,2.91,1.1552921708381823,1.9115177216023922,0.12460783221231209,0.25,0,3,2.5
4.836512785001105,279,805.31,98.7,7.4,-44.1,-0.88,0.99,0.94,0.1,1.07,-0.07,-82.6,978.3,-23.0,-2.39,-26.39,2.27,2.91,1.0769401097554125,1.624222891108237,0.045330655706951495,0.25,0,3,2.5
4.848668007000015,280,805.32,98.5,7.5,-44.2,-1.23,0.93,0.62,0.11,1.02,-0.09,-73.9,957.6,-122.0,-2.65,-25.91,2.59,2.91,1.0298543586352393,1.6619867628835074,0.001719993504957218,0.25,0,3,2.5
4.85646346700014,281,805.33,98.4,7.6,-44.3,-0.64,1.16,0.34,0.11,0.94,-0.11,-63.4,948.3,-67.0,-2.91,-25.77,2.75,2.91,0.9527853903162034,1.3677719108096933,0.07721318258751331,0.25,0,3,0.0
4.868710000000647,282,805.34,98.4,7.6,-44.4,0.0,1.41,0.09,0.12,0.95,-0.14,-54.0,943.8,-8.0,-3.16,-25.8,2.99,2.91,0.9677293009927931,1.412869420717994,0.06102388647270518,0.25,0,3,0.0
4.87644796800123,283,805.35,98.4,7.6,-44.6,0.58,1.56,-0.14,0.13,0.96,-0.17,-44.7,910.1,-623.0,-3.41,-22.97,0.36,0.0,0.9835649444749441,1.6702095676890372,0.04428447813074299,0.25,0,3,0.0
4.8887092340009985,284,805.36,98.4,7.6,-44.8,0.39,1.83,-0.38,0.14,1.0,-0.19,-36.7,752.5,-1250.0,-3.61,-18.64,0.75,0.0,1.0274726273726225,1.9092930628900322,0.00036925932840348175,0.25,0,3,0.0
4.9003709300013725,285,805.37,98.5,7.6,-44.9,0.16,1.95,-0.68,0.15,1.03,-0.18,-30.2,595.8,-1488.0,-3.76,-14.22,0.25,0.0,1.0563143471523995,2.071352215341466,0.027903011242345954,0.25,0,3,0.0
4.908245329999772,286,805.38,98.4,7.6,-45.2,-0.99,2.08,-0.71,0.15,1.02,-0.14,-25.3,449.1,-1396.0,-3.88,-10.6,0.58,0.0,1.0404326023342405,2.4105186163977246,0.01178084109570321,0.25,0,3,0.0
4.918636897000397,287,805.39,98.2,7.5,-45.4,-1.76,2.03,-0.76,0.14,0.94,-0.13,-21.7,321.0,-1306.0,-3.96,-7.21,0.39,0.0,0.959218431849597,2.7921497094532732,0.06804466280116162,0.25,0,3,0.0
4.928548429001239,288,805.4,98.0,7.5,-45.6,-1.82,2.08,-0.85,0.1,0.84,-0.07,-19.5,218.6,-1150.0,-4.01,-4.43,0.2,0.0,0.8488227141164402,2.8915912574221134,0.1748715729236321,0.25,0,3,0.0
4.9386668620009,289,805.41,97.8,7.4,-45.8,-1.38,1.93,-0.94,0.06,0.79,0.0,-17.8,118.9,-910.0,-4.04,-2.34,0.58,0.0,0.7922752047110904,2.5520384009650012,0.22679070068240215,0.25,0,3,0.0
4.948371753000174,290,805.42,97.6,7.3,-46.0,-0.61,1.5,-1.1,0.03,0.74,0.08,-17.2,49.1,-752.0,-4.05,-0.54,0.3,0.0,0.7449161026585477,1.9575750304905302,0.2686668066802459,0.25,0,3,0.0
4.958469324999896,291,805.43,97.6,7.2,-46.1,0.4,0.8,-1.29,0.0,0.72,0.09,-17.1,-6.1,-527.0,-4.05,0.5,0.05,0.0,0.7256031973468694,1.569745202254175,0.28222011775208566,0.25,0,3,0.0
4.96860712400121,292,805.44,97.7,7.1,-46.2,1.21,0.12,-1.42,-0.03,0.75,0.05,-17.3,-23.1,-241.0,-4.04,0.7,0.16,0.0,0.7522632517942106,1.8694651641579203,0.25044886203864947,0.25,0,3,0.0
4.9802300310002465,293,805.45,97.9,7.0,-46.2,1.73,-0.3,-1.46,-0.08,0.77,0.0,-17.5,-26.5,-86.0,-4.04,0.7,0.07,0.0,0.7741446893184761,2.2835279722394466,0.2239960760240962,0.25,0,3,0.0
4.988428582000779,294,805.46,98.1,6.8,-46.2,2.17,-0.97,-1.34,-0.14,0.84,0.02,-17.8,-24.4,-18.0,-4.03,0.64,0.05,0.0,0.851821577561874,2.728626027875568,0.14339280402508436,0.25,0,3,0.0
4.9988756670009025,295,805.47,98.3,6.7,-46.0,2.24,-1.55,-1.15,-0.16,0.91,-0.04,-18.0,-23.9,-1.0,-4.02,0.63,-0.03,0.0,0.924824307639024,2.9567887986800816,0.0689822724689757,0.25,0,3,0.0
5.008283605000543,296,805.48,98.5,6.6,-45.9,1.85,-2.16,-0.81,-0.14,0.96,-0.1,-18.3,-26.6,-41.0,-4.02,0.83,0.13,0.0,0.9752948272189287,2.957059350097661,0.01814151783128959,0.25,0,3,0.0
5.018779156000164,297,805.49,98.7,6.5,-45.6,1.14,-2.52,-0.42,-0.1,1.01,-0.17,-18.6,-36.1,-94.0,-4.01,1.16,0.07,0.0,1.0290772565750348,2.7975703744499443,0.03492809329432023,0.25,0,3,0.0
5.0283969179999985,298,805.5,98.8,6.4,-45.4,0.06,-2.83,-0.09,-0.06,1.02,-0.22,-19.1,-57.8,-205.0,-3.99,1.92,0.02,0.0,1.0451794104363137,2.832066383402762,0.05000964221248716,0.25,0,3,0.0
5.036463664000621,299,805.51,98.8,6.4,-45.1,-1.1,-2.9,0.15,0.0,1.03,-0.24,-19.9,-88.6,-290.0,-3.96,2.83,0.22,0.0,1.0575916035975323,3.105237511044848,0.061173398666231726,0.25,0,3,0.0
5.0487613799996325,300,805.52,98.6,6.3,-44.8,-2.38,-2.79,0.37,0.05,1.01,-0.27,-21.0,-125.6,-352.0,-3.93,3.9,0.21,0.0,1.0466613587975817,3.6858377609439077,0.049238290788955474,0.25,0,3,0.0
5.058830081999986,301,805.53,98.4,6.3,-44.5,-3.25,-2.51,0.58,0.1,0.97,-0.27,-22.6,-169.4,-425.0,-3.88,5.18,0.2,0.0,1.011830025251277,4.147167708207615,0.014118818097797803,0.25,0,3,0.0
5.068439134000073,302,805.54,98.1,6.4,-44.3,-3.52,-2.14,0.79,0.15,0.91,-0.27,-24.6,-216.9,-465.0,-3.82,6.51,0.17,0.0,0.9609890738192605,4.194532155079991,0.03598769066753438,0.25,0,3,0.0
5.0788025700003345,303,805.55,97.8,6.4,-44.1,-3.17,-1.68,0.89,0.19,0.84,-0.29,-27.1,-265.0,-463.0,-3.75,7.76,0.16,0.0,0.9087353850269064,3.6964036576110026,0.0864765518706907,0.25,0,3,0.0
5.08858573300131,304,805.56,97.5,6.5,-43.9,-2.33,-1.23,0.96,0.23,0.79,-0.29,-30.1,-312.2,-481.0,-3.66,9.1,0.32,0.0,0.8724104538575864,2.8041754581338165,0.12034545337921054,0.25,0,3,0.0
5.098842651999803,305,805.57,97.3,6.6,-43.8,-1.24,-0.65,0.93,0.23,0.79,-0.29,-33.6,-363.5,-497.0,-3.56,10.47,0.24,0.0,0.8724104538575864,1.680773631397161,0.11793854431162631,0.25,0,3,0.0
5.108552159999817,306,805.58,97.3,6.7,-43.8,-0.38,-0.15,0.8,0.22,0.82,-0.26,-37.5,-407.8,-436.0,-3.45,11.57,0.14,0.0,0.8879189152169245,0.8982761268117951,0.10038148129324254,0.25,0,3,0.0
5.118833152000661,307,805.59,97.3,6.8,-43.8,0.06,0.16,0.66,0.2,0.88,-0.21,-41.9,-448.7,-420.0,-3.32,12.68,-0.11,0.0,0.9265527507918802,0.6817624219623725,0.06051269280392113,0.25,0,3,0.0
5.128548687000148,308,805.6,97.3,6.8,-43.8,0.14,0.3,0.5,0.17,0.92,-0.19,-46.6,-486.3,-387.0,-3.19,13.69,0.13,0.0,0.9546727187890099,0.599666574022598,0.03174487031065554,0.25,0,3,0.0
5.138777592999759,309,805.61,97.3,6.9,-43.8,0.22,0.35,0.25,0.14,0.94,-0.19,-51.8,-524.5,-348.0,-3.04,14.55,0.28,0.0,0.9691749068150701,0.4831148931672465,0.016897828638903434,0.25,0,3,0.0
5.148572472000524,310,805.62,97.4,6.9,-43.8,0.37,0.39,-0.08,0.12,0.98,-0.21,-57.1,-541.1,-223.0,-2.9,14.97,0.0,0.0,1.0094057657849989,0.5435071296680477,0.02286636972440481,0.25,0,3,0.0
5.158855425001093,311,805.63,97.5,6.9,-43.9,0.37,0.55,-0.34,0.11,1.02,-0.25,-62.7,-563.0,-192.0,-2.74,15.43,-0.16,0.0,1.0559356040971437,0.744983221287567,0.0680082838758187,0.25,0,3,0.0
5.168430145000457,312,805.64,97.6,6.8,-44.0,0.21,0.75,-0.52,0.1,1.03,-0.24,-68.4,-576.1,-174.0,-2.59,15.89,0.0,0.0,1.0623088063270492,0.9364827814754524,0.07289385638360968,0.25,0,3,0.0
5.178731517000415,313,805.65,97.6,6.8,-44.0,-0.03,0.92,-0.67,0.09,1.04,-0.24,-74.3,-584.2,-45.0,-2.43,15.79,0.09,0.0,1.0711209082078457,1.1385077953180647,0.08007183909911808,0.25,0,3,0.0
5.188511837000988,314,805.66,97.7,6.7,-44.1,-0.17,1.05,-0.72,0.08,1.03,-0.23,-80.1,-581.9,-13.0,-2.27,15.8,0.04,0.0,1.0583950113261116,1.284445405612866,0.06599902337303631,0.25,0,3,0.0
5.198524786999769,315,805.67,97.6,6.6,-44.3,-0.2,1.16,-0.65,0.05,1.01,-0.23,-85.9,-584.5,-47.0,-2.11,15.99,0.1,0.0,1.0370631610466163,1.3446560898608981,0.0437738296316702,0.25,0,3,0.0
5.2083737250013655,316,805.68,97.6,6.6,-44.4,0.14,1.11,-0.54,0.01,0.98,-0.22,-91.8,-579.9,98.0,-1.95,15.47,0.03,0.0,1.0044401425669924,1.2422962609619335,0.010927794929005419,0.25,0,3,0.0
5.218697723001242,317,805.69,97.7,6.6,-44.5,0.56,0.75,-0.4,-0.01,0.98,-0.2,-97.4,-567.3,76.0,-1.8,15.32,0.0,0.0,1.0002499687578101,1.0178899744078436,0.006602868697426656,0.25,0,3,0.0
5.228976968999632,318,805.7,97.7,6.5,-44.5,0.73,0.1,-0.22,-0.03,0.98,-0.19,-103.0,-552.3,144.0,-1.65,14.83,-0.22,0.0,0.9986991538997116,0.7689603370785778,0.004951012762541618,0.25,0,3,0.0
5.23873140500109,319,805.71,97.8,6.5,-44.5,0.77,-0.64,-0.08,-0.03,0.96,-0.21,-108.5,-538.6,159.0,-1.5,14.35,-0.14,0.0,0.9831581764904364,1.0044401425669924,0.010378165353798985,0.25,0,3,0.0
5.2492125570006465,320,805.72,97.9,6.5,-44.4,0.79,-1.38,0.02,-0.04,0.96,-0.21,-113.7,-513.1,217.0,-1.36,13.68,-0.03,0.0,0.9835141076771599,1.5902515524281056,0.009821789483734022,0.25,0,3,0.0
5.25880204600071,321,805.73,98.0,6.5,-44.2,0.81,-2.04,0.11,-0.05,0.95,-0.24,-118.6,-490.2,229.0,-1.23,13.04,-0.18,0.0,0.9811218069128828,2.1976805955370313,0.011969808443050955,0.25,0,3,0.0
5.268492045999665,322,805.74,98.1,6.5,-44.0,0.88,-2.49,0.09,-0.04,0.93,-0.25,-123.4,-470.6,194.0,-1.1,12.57,0.06,0.0,0.9638464608017193,2.6424609741678307,0.028660251463130115,0.25,0,3,0.0
5.278868425000837,323,805.75,98.2,6.4,-43.7,1.39,-2.79,-0.17,0.0,0.92,-0.29,-127.9,-443.8,302.0,-0.99,11.56,0.03,0.0,0.9646242791885347,3.121714272639314,0.027324784414788472,0.25,0,3,0.0
5.288551281000764,324,805.76,98.4,6.4,-43.4,1.88,-2.73,-0.35,0.04,0.99,-0.31,-132.1,-408.4,301.0,-0.88,10.77,-0.12,0.0,1.0381714694596458,3.3331366608646578,0.045297957739196204,0.25,0,3,0.0
5.298755106001408,325,805.77,98.7,6.3,-43.2,1.78,-2.57,-0.31,0.08,1.08,-0.32,-136.0,-376.0,353.0,-0.77,9.7,-0.19,0.0,1.1292475370794484,3.1415601219776135,0.13364654485181882,0.25,0,3,0.0
5.3085691910000605,326,805.78,98.9,6.2,-42.9,1.3,-2.32,-0.05,0.15,1.12,-0.29,-139.5,-331.3,415.0,-0.69,8.48,-0.31,0.0,1.1666190466471908,2.6598684177981435,0.16759769333117003,0.25,0,3,0.0
5.31859682600043,327,805.79,99.1,6.2,-42.7,1.26,-2.17,0.14,0.22,1.13,-0.21,-142.5,-289.2,415.0,-0.61,7.34,-0.31,0.0,1.1702136557056577,2.5131852299422737,0.16776845634184423,0.25,0,3,0.0
5.328670161001355,328,805.8,99.2,6.3,-42.5,1.01,-2.04,0.21,0.28,1.13,-0.15,-145.1,-245.4,445.0,-0.54,6.08,0.0,0.0,1.1737972567696688,2.286000874890471,0.16792501625773815,0.25,0,3,0.0
5.338435546000255,329,805.81,99.3,6.2,-42.3,0.43,-1.98,0.16,0.28,1.1,-0.04,-147.2,-196.6,482.0,-0.49,4.71,-0.09,0.0,1.1357816691600549,2.032461561752153,0.1273112400751617,0.25,0,3,0.0
5.348734393999621,330,805.82,99.3,6.2,-42.1,0.15,-2.06,-0.07,0.29,1.05,0.05,-148.8,-146.7,486.0,-0.46,3.41,-0.3,0.0,1.0904586191139947,2.066639784771405,0.08034842622851945,0.25,0,3,0.0
5.358679992001271,331,805.83,99.4,6.2,-41.9,0.3,-2.04,-0.54,0.28,1.0,0.13,-149.9,-98.1,482.0,-0.43,2.09,-0.22,0.0,1.0465658125507444,2.131478360199793,0.035726507271963914,0.25,0,3,0.0
5.368428379000761,332,805.84,99.4,6.0,-41.7,0.5,-2.07,-1.14,0.25,0.98,0.16,-150.6,-50.4,474.0,-0.42,0.8,-0.13,0.0,1.0239628899525608,2.41547096856907,0.012861112980304679,0.25,0,3,0.0
5.37875977800104,333,805.85,99.5,5.9,-41.5,0.43,-1.95,-1.69,0.21,0.99,0.11,-150.8,-1.7,468.0,-0.42,-0.47,-0.2,0.0,1.017988212112498,2.616008409772415,0.006748706437436969,0.25,0,3,0.0
5.38844386799974,334,805.86,99.6,5.6,-41.4,0.0,-1.57,-2.01,0.15,1.03,0.06,-150.5,30.6,318.0,-0.43,-1.08,0.02,0.0,1.0425929215182692,2.5504901489713694,0.030726347526344178,0.25,0,3,0.0
5.398766386000716,335,805.87,99.5,5.4,-41.3,-0.34,-1.2,-2.08,0.07,1.02,0.05,-150.1,52.2,257.0,-0.44,-1.7,0.11,0.0,1.0236210236215353,2.425283488584376,0.011519360637018083,0.25,0,3,0.0
5.408415548999983,336,805.88,99.5,5.2,-41.2,-0.35,-1.15,-1.92,0.0,1.03,0.09,-149.4,75.4,239.0,-0.47,-2.32,-0.21,0.0,1.0339245620450266,2.2652593670482855,0.021386441079299212,0.25,0,3,0.0
5.418696662000002,337,805.89,99.5,5.0,-41.1,0.1,-1.42,-1.66,-0.03,1.03,0.1,-148.5,97.1,223.0,-0.49,-2.89,-0.18,0.0,1.0352777405121776,2.186778452427223,0.02228482715552116,0.25,0,3,0.0
5.428208131001156,338,805.9,99.6,4.8,-41.0,0.63,-1.88,-1.41,-0.07,1.09,0.12,-147.4,116.6,190.0,-0.53,-3.36,-0.15,0.0,1.0988175462741756,2.432981709754514,0.0841081402591688,0.25,0,3,0.0
5.438799423000091,339,805.91,99.7,4.7,-40.8,0.83,-2.49,-1.15,-0.07,1.18,0.11,-146.1,132.1,162.0,-0.56,-3.77,0.06,0.0,1.1871815362445626,2.865571496228981,0.16902268762496475,0.25,0,3,0.0
5.448440129999653,340,805.92,99.8,4.5,-40.5,0.67,-3.05,-0.8,-0.05,1.25,0.05,-144.7,143.5,112.0,-0.6,-3.98,-0.14,0.0,1.2519984025548914,3.2235694501592485,0.22916276285658777,0.25,0,3,0.0
5.458973238000908,341,805.93,99.8,4.4,-40.2,0.16,-3.45,-0.44,-0.02,1.26,-0.03,-143.2,147.2,45.0,-0.64,-4.01,0.0,0.0,1.2605157674539418,3.4816231846654517,0.23292652520052548,0.25,0,3,0.0
5.46841790200051,342,805.94,99.8,4.3,-39.9,-0.2,-3.66,-0.04,0.02,1.3,-0.07,-141.8,142.7,-42.0,-0.68,-3.72,0.09,0.0,1.302036865837523,3.6656786547650357,0.26895867111242455,0.25,0,4,0.0
5.478774645000158,343,805.95,99.8,4.3,-39.5,-0.68,-3.76,0.25,0.05,1.25,-0.13,-140.5,124.6,-164.0,-0.71,-3.07,0.17,0.0,1.2577360613419653,3.8291643997091582,0.22016470928452958,0.25,0,4,0.0
5.488415633000841,344,805.96,99.7,4.2,-39.1,-1.4,-3.68,0.38,0.06,1.18,-0.14,-139.4,92.9,-297.0,-0.74,-2.03,0.11,0.0,1.1897898974188679,3.9556036201823863,0.14917417445420345,0.25,0,4,0.0
5.496470457999749,345,805.97,99.5,4.2,-38.7,-2.15,-3.75,0.38,0.07,1.1,-0.11,-138.8,49.1,-411.0,-0.75,-0.74,0.19,0.0,1.1077003204838392,4.3392856554967665,0.06574290556879125,0.25,0,4,0.0
5.508986609000203,346,805.98,99.2,4.1,-38.4,-2.98,-3.89,0.35,0.08,1.03,-0.12,-138.6,0.5,-434.0,-0.75,0.45,-0.03,0.0,1.0400480758118829,4.91273854382665,0.0018711523211016878,0.25,0,4,0.0
5.518850829999792,347,805.99,98.9,4.1,-38.0,-3.54,-3.85,0.42,0.09,0.95,-0.15,-138.9,-29.8,-305.0,-0.74,1.08,0.12,0.0,0.9659710140578753,5.2469514958688155,0.0744292497936071,0.25,0,4,0.0
5.528423034000298,348,806.0,98.9,4.1,-38.0,-3.54,-3.85,0.42,0.09,0.95,-0.15,-139.1,-42.7,-335.0,-0.72,1.79,-0.01,0.0,0.9659710140578753,5.2469514958688155,0.07294066479773498,0.25,0,4,0.0
5.536451310999837,349,806.01,98.3,4.2,-37.2,-2.93,-3.21,0.67,0.14,0.85,-0.15,-140.0,-81.2,-340.0,-0.7,2.57,0.02,0.0,0.8744140895479668,4.39748791925572,0.1612076375214906,0.25,0,4,0.0
5.548698499000238,350,806.02,98.1,4.2,-36.9,-2.32,-2.6,0.73,0.17,0.83,-0.15,-141.1,-109.4,-303.0,-0.67,3.33,0.05,0.0,0.8604068804931769,3.5602387560387014,0.17171054964475496,0.25,0,4,0.0
5.558655087001171,351,806.03,97.9,4.3,-36.7,-1.68,-2.04,0.76,0.22,0.85,-0.16,-142.3,-137.9,-288.0,-0.63,4.08,0.1,0.0,0.8924684868386109,2.749836358767554,0.1368559644333346,0.25,0,4,0.0
5.568640391000372,352,806.04,97.8,4.3,-36.5,-1.28,-1.3,0.82,0.27,0.89,-0.21,-143.9,-162.7,-244.0,-0.58,4.67,0.1,0.0,0.9534673565466203,2.0001999900009997,0.07433995283081862,0.25,0,4,0.0
5.576388024999687,353,806.05,97.7,4.4,-36.4,-1.27,-0.38,0.93,0.3,0.89,-0.25,-145.7,-180.7,-184.0,-0.53,5.08,0.06,0.0,0.9719053451854249,1.6193208452928654,0.05478392490817363,0.25,0,4,0.0
5.588645265001105,354,806.06,97.5,4.5,-36.4,-1.37,0.62,1.07,0.3,0.85,-0.26,-147.6,-192.3,-130.0,-0.48,5.34,0.05,0.0,0.9381364506296511,1.845589336770236,0.08678176307466845,0.25,0,4,0.0
5.596444427999813,355,806.07,97.4,4.6,-36.5,-1.15,1.53,1.12,0.27,0.79,-0.21,-149.5,-199.8,-87.0,-0.43,5.5,0.16,0.0,0.8608716512930369,2.217611327532397,0.1607656311630571,0.25,0,4,0.0
5.608805445999678,356,806.08,97.3,4.8,-36.7,-0.67,2.13,1.09,0.24,0.77,-0.15,-151.6,-205.1,-60.0,-0.37,5.63,0.0,0.0,0.8203657720797474,2.4847333861000056,0.19724608016881973,0.25,0,4,0.0
5.620233835001272,357,806.09,97.2,4.9,-36.9,-0.18,2.44,1.02,0.19,0.8,-0.11,-153.6,-206.1,-12.0,-0.31,5.57,-0.07,0.0,0.8295782060782456,2.6507357469200885,0.18427297324691494,0.25,0,4,0.0
5.628400804000194,358,806.1,97.2,5.1,-37.2,0.11,2.54,0.86,0.15,0.8,-0.1,-155.7,-204.0,10.0,-0.26,5.5,-0.15,0.0,0.8200609733428363,2.6838964212502687,0.18991440186267772,0.25,0,4,0.0
5.6364343100012775,359,806.11,97.2,5.2,-37.4,0.03,2.47,0.67,0.09,0.84,-0.07,-157.7,-200.9,25.0,-0.2,5.42,-0.06,0.0,0.8477027781009095,2.55943353107675,0.15902714516251237,0.25,0,4,0.0
5.648702653999862,360,806.12,97.1,5.3,-37.6,-0.39,2.24,0.54,0.05,0.86,-0.09,-159.7,-197.1,40.0,-0.15,5.28,0.15,0.0,0.8661408661412991,2.3369424468736923,0.13777727597968037,0.25,0,4,0.0
5.658992016000411,361,806.13,97.0,5.3,-37.8,-0.76,1.91,0.41,0.02,0.85,-0.11,-161.6,-191.5,54.0,-0.1,5.12,0.02,0.0,0.8573214099741122,2.0961393083476105,0.14366479750393002,0.25,0,4,0.0
5.668449120999867,362,806.14,96.9,5.3,-38.0,-0.87,1.49,0.33,0.0,0.83,-0.11,-163.5,-184.4,71.0,-0.05,4.89,0.06,0.0,0.8372574275573791,1.756672991765969,0.16045420432224988,0.25,0,4,0.0
5.678654393001125,363,806.15,96.9,5.3,-38.1,-0.73,0.9,0.24,0.0,0.8,-0.12,-165.3,-176.3,71.0,0.0,4.71,0.0,0.0,0.8089499366462675,1.183427226321923,0.18498646132869423,0.25,0,4,0.0
5.688553003999914,364,806.16,96.8,5.3,-38.2,-0.39,0.47,0.08,0.02,0.77,-0.16,-167.0,-171.0,58.0,0.03,4.58,0.02,0.0,0.7867019766086774,0.6159545437773798,0.2030897329389586,0.25,0,4,0.0
5.698818422000841,365,806.17,96.8,5.3,-38.2,-0.32,0.23,-0.07,0.04,0.76,-0.22,-168.7,-165.7,48.0,0.08,4.46,-0.31,0.0,0.7922120928135344,0.40024992192379,0.1936280243994195,0.25,0,4,0.0
5.708447303000867,366,806.18,96.7,5.3,-38.2,-0.23,0.19,-0.16,0.07,0.75,-0.27,-170.3,-161.1,48.0,0.12,4.31,0.05,0.0,0.800187478032492,0.33852621759621515,0.1819395863968527,0.25,0,4,0.0
5.720360651001101,367,806.19,96.7,5.3,-38.3,0.24,0.29,-0.15,0.12,0.75,-0.3,-171.9,-156.6,48.0,0.17,4.18,0.0,0.0,0.816639455328972,0.40521599178709616,0.16217785691836528,0.25,0,4,0.0
5.728436507000879,368,806.2,96.8,5.3,-38.3,1.03,0.48,-0.11,0.15,0.76,-0.33,-173.4,-151.5,48.0,0.21,4.05,0.11,0.0,0.8420213774008354,1.1416654501210062,0.13406001614957186,0.25,0,4,0.0
5.738893222000115,369,806.21,96.9,5.3,-38.4,1.63,0.83,-0.18,0.17,0.79,-0.34,-174.9,-147.2,50.0,0.25,3.92,0.02,0.0,0.8766983517721475,1.8379880304289251,0.09739538094269451,0.25,0,4,0.0
5.748359834000439,370,806.22,97.1,5.3,-38.5,1.8,1.21,-0.35,0.19,0.84,-0.33,-176.3,-141.2,52.0,0.28,3.78,-0.11,0.0,0.9222797840135063,2.196952434623927,0.050777669727309016,0.25,0,4,0.0
5.756465039001341,371,806.23,97.3,5.3,-38.6,1.74,1.61,-0.58,0.19,0.88,-0.34,-177.7,-135.9,57.0,0.32,3.62,0.01,0.0,0.9623408959407265,2.4405122413132863,0.010502226644087065,0.25,0,4,0.0
5.768825349001418,372,806.24,97.4,5.2,-38.8,1.69,2.0,-0.8,0.18,0.95,-0.32,-179.0,-127.5,81.0,0.36,3.34,-0.1,0.0,1.018479258502597,2.737900655611887,0.04472341319942785,0.25,0,4,0.0
5.778678317001322,373,806.25,97.6,5.2,-39.0,1.68,2.28,-0.92,0.16,1.04,-0.3,-180.2,-116.7,106.0,0.39,3.02,0.05,0.0,1.0941663493271945,2.97778441126956,0.11800229394354478,0.25,0,4,0.0
5.789136037001299,374,806.26,97.7,5.1,-39.3,1.21,2.41,-0.89,0.1,1.09,-0.26,-181.3,-103.5,124.0,0.41,2.65,-0.08,0.0,1.125033332839521,2.839771117537468,0.1458918919067539,0.25,0,4,0.0
5.7964698699997825,375,806.27,97.8,5.0,-39.5,0.49,2.32,-0.82,0.04,1.05,-0.26,-182.2,-89.9,133.0,0.44,2.27,-0.1,0.0,1.0824509226750192,2.508963929593249,0.10124329210740701,0.25,0,4,0.0
5.808695863001049,376,806.28,97.8,5.0,-39.8,0.14,1.98,-0.69,0.0,1.0,-0.26,-183.0,-74.7,149.0,0.46,1.83,0.0,0.0,1.0332473082471592,2.1014518790588568,0.05099888412595599,0.25,0,4,0.0
5.818717242000275,377,806.29,97.8,5.0,-39.9,0.71,1.49,-0.48,-0.03,1.04,-0.22,-183.7,-58.0,159.0,0.47,1.38,-0.14,0.0,1.063437821407533,1.7188949938841522,0.0795656093406033,0.25,0,4,0.0
5.828401910999673,378,806.3,98.0,4.9,-40.1,1.44,0.92,-0.24,-0.06,1.06,-0.19,-184.1,-43.0,147.0,0.48,1.01,0.07,0.0,1.078563859954523,1.7255723688098392,0.0927978149298414,0.25,0,4,0.0
5.836435158000313,379,806.31,98.1,4.9,-40.1,2.2,0.73,-0.23,-0.03,1.15,-0.23,-184.5,-31.0,132.0,0.49,0.67,0.06,0.0,1.1731581308587515,2.3293346689559233,0.18364424411738844,0.25,0,4,0.0
5.848835265000162,380,806.32,98.4,4.9,-40.2,2.51,0.89,-0.25,-0.01,1.31,-0.22,-184.7,-17.7,138.0,0.5,0.28,0.05,0.0,1.3283824750424857,2.6748270972158177,0.3320912165351002,0.25,0,4,0.0
5.858849394000572,381,806.33,98.6,4.8,-40.3,2.1,1.07,-0.14,0.01,1.43,-0.15,-184.8,-1.8,143.0,0.5,-0.09,0.07,0.0,1.4378803844548405,2.3610379073619296,0.4327573434285059,0.25,0,4,0.0
5.868434257999979,382,806.34,98.7,4.8,-40.4,0.92,0.92,0.07,0.08,1.45,-0.06,-184.7,4.7,60.0,0.49,-0.11,0.04,0.0,1.4534441853748634,1.3029581727745523,0.4393547214615583,0.25,0,4,0.0
5.87870817700059,383,806.35,98.7,4.9,-40.5,-0.4,0.6,0.25,0.15,1.29,0.0,-184.7,5.3,32.0,0.49,-0.16,0.03,0.0,1.2986916493148017,0.7632168761236874,0.27891014169346673,0.25,0,4,0.0
5.88847196900133,384,806.36,98.6,4.9,-40.6,-1.04,0.4,0.36,0.19,1.13,0.05,-184.6,6.4,13.0,0.49,-0.18,0.12,0.0,1.1469524837585905,1.1709824934643558,0.1246275566145103,0.25,0,4,0.0
5.898733384001389,385,806.37,98.5,4.9,-40.6,-0.95,0.36,0.56,0.17,1.03,0.1,-184.5,8.8,40.0,0.49,-0.34,-0.1,0.0,1.0487134975769121,1.1600431026474836,0.025860799024175263,0.25,0,4,0.0
5.908858347000205,386,806.38,98.4,5.0,-40.6,-0.26,0.58,0.84,0.12,0.95,0.1,-184.4,19.3,88.0,0.48,-0.65,-0.1,0.0,0.9627564593395361,1.0533755265810953,0.05889431442893667,0.25,0,4,0.0
5.91867096399983,387,806.39,98.4,5.1,-40.7,0.51,1.07,1.12,0.07,0.9,0.14,-184.1,30.0,110.0,0.47,-1.0,-0.14,0.0,0.9135097153287425,1.6307666908543357,0.1059782372709358,0.25,0,4,0.0
5.9286774060001335,388,806.4,98.5,5.3,-40.8,1.13,1.36,1.33,0.05,0.86,0.21,-183.7,47.1,160.0,0.46,-1.52,0.03,0.0,0.8866791979064356,2.212555084060056,0.13015257959937776,0.25,0,4,0.0
5.938648647001173,389,806.41,98.6,5.4,-40.9,1.53,1.41,1.5,0.09,0.88,0.21,-183.1,67.6,198.0,0.44,-2.11,-0.04,0.0,0.9091754506144565,2.5649561399758865,0.10550320035352967,0.25,0,4,0.0
5.948974684000859,390,806.42,98.8,5.6,-41.0,1.71,1.31,1.8,0.15,0.93,0.18,-182.2,90.9,228.0,0.42,-2.77,-0.11,0.0,0.9590620417887469,2.8071693928225994,0.05450427699565441,0.25,0,4,0.0
5.958812168000804,391,806.43,98.9,5.8,-41.1,1.98,1.15,2.13,0.2,0.98,0.12,-181.2,114.1,227.0,0.38,-3.39,-0.02,0.0,1.0073728207570423,3.1272671775849274,0.006069628066811772,0.25,0,4,0.0
5.968377279999913,392,806.44,99.2,6.1,-41.2,2.45,1.04,2.35,0.23,1.03,0.06,-179.9,137.0,237.0,0.35,-4.04,-0.1,0.0,1.057071426158138,3.5505774178293876,0.04275639778759821,0.25,0,4,0.0
5.976449253001192,393,806.45,99.4,6.3,-41.2,3.08,0.9,2.33,0.24,1.09,0.0,-178.3,160.8,230.0,0.3,-4.64,-0.37,0.0,1.1161093136427096,3.965513838079499,0.09975839956672639,0.25,0,4,0.0
5.989306129000397,394,806.46,99.8,6.6,-41.3,3.58,0.87,1.95,0.21,1.15,-0.04,-176.6,183.0,227.0,0.25,-5.26,-0.1,0.0,1.169700816448377,4.168428960651722,0.15028290432494606,0.25,0,4,0.0
5.998663903999841,395,806.47,100.1,6.7,-41.4,3.57,0.82,1.16,0.16,1.19,-0.09,-174.6,206.5,238.0,0.19,-5.92,0.04,0.0,1.204076409535541,3.842251943847514,0.18096532746386784,0.25,0,4,0.0
6.008829324000544,396,806.48,100.4,6.8,-41.4,2.54,0.65,0.25,0.11,1.25,-0.13,-172.3,230.2,233.0,0.13,-6.54,-0.17,0.0,1.2615466697669175,2.6337425842325595,0.2336668759413396,0.25,0,4,0.0
6.016460857001221,397,806.49,100.5,6.8,-41.5,0.57,0.6,-0.39,0.07,1.26,-0.19,-169.9,252.6,223.0,0.06,-7.14,0.04,0.0,1.2761661333854617,0.9148770409186143,0.243320612768686,0.25,0,4,0.0
6.028996371000176,398,806.5,100.4,6.7,-41.6,-0.88,0.76,-0.68,0.07,1.16,-0.19,-167.2,273.8,216.0,0.0,-7.71,0.31,0.0,1.1775398082442903,1.3469966592386189,0.14180040187496434,0.25,0,4,0.0
6.038703162001184,399,806.51,100.3,6.6,-41.7,-0.84,0.95,-0.79,0.07,1.02,-0.17,-164.3,298.8,256.0,-0.09,-8.48,-0.07,0.0,1.036436201606254,1.4940548852033515,0.0006828593321894783,0.25,0,4,0.0
6.0483708570009185,400,806.52,100.3,6.5,-41.8,0.3,1.2,-0.87,0.09,0.92,-0.16,-161.1,325.8,249.0,-0.18,-9.14,-0.02,0.0,0.9381364506296512,1.5122499793354272,0.09566455381152505,0.25,0,4,0.0
6.05643855299968,401,806.53,100.3,6.5,-41.9,1.77,1.41,-0.95,0.11,0.88,-0.14,-157.7,347.7,230.0,-0.27,-9.73,-0.06,0.0,0.8978307190111062,2.4542819723902958,0.13325087972146876,0.25,0,4,0.0
6.068802351999693,402,806.54,100.6,6.4,-42.1,2.88,1.48,-1.0,0.1,0.88,-0.12,-154.1,370.2,227.0,-0.37,-10.34,0.16,0.0,0.8937561188601731,3.3889231327960214,0.1345789702749539,0.25,0,4,0.0
6.078810297000018,403,806.55,100.8,6.3,-42.3,3.39,1.34,-0.98,0.08,0.91,-0.12,-150.2,394.5,236.0,-0.48,-11.01,-0.17,0.0,0.9213576938409967,3.7746655480982683,0.10483784738824775,0.25,0,4,0.0
6.088473157000408,404,806.56,101.1,6.2,-42.4,3.35,1.17,-0.97,0.06,0.93,-0.16,-146.1,422.1,293.0,-0.6,-11.9,0.0,0.0,0.9455686120002081,3.678627461431777,0.0790143906444557,0.25,0,4,0.0
6.098788467001214,405,806.57,101.4,6.1,-42.5,2.85,1.02,-0.98,0.04,0.93,-0.18,-141.7,450.5,243.0,-0.72,-12.46,0.31,0.0,0.9481033698917013,3.1817133748972424,0.0749500400979034,0.25,0,4,0.0
6.108445952000693,406,806.58,101.7,6.0,-42.7,2.15,0.81,-1.01,0.02,0.92,-0.18,-137.0,472.8,261.0,-0.85,-13.22,0.0,0.0,0.9376566535784834,2.5097211000427917,0.083688821282899,0.25,0,4,0.0
6.118769712000358,407,806.59,101.8,5.9,-42.7,1.39,0.6,-1.11,0.0,0.89,-0.16,-132.1,495.9,187.0,-0.99,-13.59,-0.11,0.0,0.904267659490264,1.8772852740060577,0.11473625906369611,0.25,0,4,0.0
6.128459630999714,408,806.6,101.9,5.8,-42.8,0.72,0.37,-1.25,-0.03,0.87,-0.13,-127.0,513.8,241.0,-1.13,-14.36,0.06,0.0,0.8801704380402696,1.4892279879185726,0.1360568109034167,0.25,0,4,0.0
6.138843315000486,409,806.61,101.9,5.6,-42.9,0.16,0.13,-1.33,-0.04,0.89,-0.11,-121.8,534.4,157.0,-1.27,-14.61,-0.08,0.0,0.8976636341080104,1.3458826100369974,0.11619234253896238,0.25,0,4,0.0
6.14845676799996,410,806.62,101.9,5.5,-42.9,-0.2,-0.16,-1.27,-0.04,0.89,-0.1,-116.3,544.2,134.0,-1.42,-14.94,0.05,0.0,0.8964931678490361,1.295569372901351,0.11501555262197793,0.25,0,4,0.0
6.156455510999876,411,806.63,101.9,5.4,-42.9,-0.3,-0.4,-1.13,-0.02,0.89,-0.11,-110.8,558.4,162.0,-1.57,-15.44,-0.06,0.0,0.8969949832635632,1.2356779515715248,0.11222346246330173,0.25,0,4,0.0
6.168806432000565,412,806.64,101.9,5.3,-42.9,-0.34,-0.52,-0.93,0.0,0.9,-0.13,-105.0,573.1,81.0,-1.73,-15.5,0.01,0.0,0.9093404203047394,1.118436408563312,0.09788046491368296,0.25,0,4,0.0
6.178826356001082,413,806.65,101.8,5.2,-42.8,-0.43,-0.56,-0.72,0.01,0.93,-0.14,-99.9,572.9,65.0,-1.89,-15.7,0.04,0.0,0.9405317644821998,1.0084145972763385,0.0653553383214982,0.25,0,4,0.0
6.1883216590013035,414,806.66,101.7,5.1,-42.8,-0.67,-0.52,-0.52,0.04,0.95,-0.15,-93.6,570.1,-44.0,-2.04,-15.39,-0.01,0.0,0.9626006440887104,0.994836670011716,0.042420729540687874,0.25,0,4,0.0
6.19869218399981,415,806.67,101.6,5.0,-42.7,-0.92,-0.43,-0.38,0.08,0.96,-0.15,-87.9,574.0,32.0,-2.2,-15.62,0.04,0.0,0.9749358953285082,1.0842970072816767,0.02948376873487224,0.25,0,4,0.0
6.208824751000066,416,806.68,101.5,5.0,-42.7,-1.26,-0.27,-0.28,0.1,0.95,-0.17,-82.2,567.5,-56.0,-2.35,-15.32,-0.01,0.0,0.9702576977277738,1.3186735759845953,0.03347872700889443,0.25,0,4,0.0
6.218795230000978,417,806.69,101.4,5.0,-42.7,-1.59,0.0,-0.16,0.09,0.92,-0.17,-76.5,560.2,-64.0,-2.5,-15.14,-0.03,0.0,0.9398936110007345,1.5980300372646317,0.06256595746121496,0.25,0,4,0.0
6.232381870000609,418,806.7,101.2,5.0,-42.7,-1.8,0.22,-0.02,0.1,0.87,-0.14,-70.9,559.2,-30.0,-2.66,-15.12,-0.01,0.0,0.8868483523128404,1.8135048938450649,0.1132989918261268,0.25,0,4,0.0
6.240458460000809,419,806.71,101.0,5.0,-42.8,-1.42,0.37,0.07,0.08,0.81,-0.12,-65.4,533.7,-284.0,-2.8,-13.93,-0.06,0.0,0.8227393268830657,1.4690813456034353,0.17385985691078343,0.25,0,4,0.0
6.248431902000448,420,806.72,100.8,5.0,-42.8,-1.09,0.42,0.2,0.01,0.83,-0.13,-60.7,465.4,-743.0,-2.92,-11.1,0.6,0.0,0.8401785524517987,1.1851160280748885,0.15329221871520937,0.25,0,4,0.0
6.258731506000913,421,806.73,100.7,5.0,-42.8,-1.67,0.29,0.57,-0.06,0.89,-0.14,-56.9,313.0,-1371.0,-3.0,-6.37,0.64,0.0,0.9029396436085858,1.7882673178247148,0.08872050500725381,0.25,0,4,0.0
6.268439737001245,422,806.74,100.5,5.1,-42.8,-1.97,-0.21,0.78,-0.1,0.93,-0.11,-55.0,131.9,-1633.0,-3.03,-1.51,0.74,0.0,0.9418067742376883,2.1291782452392285,0.048856306890588286,0.25,0,4,0.0
6.278881017000458,423,806.75,100.4,5.1,-42.7,-1.16,-1.35,0.52,-0.07,1.0,-0.13,-54.8,-20.6,-1367.0,-3.02,1.75,0.33,0.0,1.0108412338245802,1.8543192821086665,0.01977458964237755,0.25,0,4,0.0
6.2883503530010785,424,806.76,100.2,5.2,-42.5,-2.21,-2.35,0.23,0.01,1.18,-0.28,-55.7,-106.3,-988.0,-2.99,3.86,0.38,0.0,1.2128066622508304,3.2341150257837152,0.2173052177072552,0.25,0,4,0.0
6.298663617000784,425,806.77,99.9,5.1,-42.3,-5.73,-2.15,0.51,0.12,1.34,-0.46,-57.3,-184.2,-836.0,-2.93,5.89,0.24,0.0,1.4218298069740978,6.141294651781496,0.41780179518191196,0.25,0,5,0.0
6.308885487000225,426,806.78,99.1,5.2,-42.1,-8.18,-0.55,1.01,0.18,1.14,-0.49,-59.6,-260.1,-792.0,-2.86,8.01,0.41,0.0,1.2538341198101126,8.260447929743277,0.2448099858575683,0.25,0,5,0.0
6.316445772001316,427,806.79,98.3,5.3,-42.2,-7.18,0.76,1.34,0.19,0.84,-0.23,-62.8,-335.2,-731.0,-2.77,9.94,0.29,0.0,0.891403387922662,7.34340520467174,0.1152683311092847,0.25,0,5,0.0
6.328588389000288,428,806.8,97.8,5.5,-42.2,-4.23,1.28,1.47,0.18,0.71,-0.07,-66.5,-400.4,-682.0,-2.66,11.7,0.11,0.0,0.7357988855658861,4.657488593652164,0.26545537679673936,0.25,0,5,0.0
6.338822564999646,429,806.81,97.5,5.6,-42.4,-1.72,1.44,1.5,0.18,0.69,-0.02,-71.0,-462.4,-591.0,-2.53,13.16,0.09,0.0,0.7133722730804722,2.6985181118532444,0.2821243494965102,0.25,0,5,0.0
6.348464126000181,430,806.82,97.4,5.8,-42.5,-0.03,1.33,1.29,0.18,0.7,-0.03,-76.0,-501.2,-430.0,-2.38,14.07,0.1,0.0,0.723394774656273,1.8530785196531745,0.2666598109622953,0.25,0,5,0.0
6.358709041000111,431,806.83,97.4,5.9,-42.6,1.16,1.15,0.88,0.19,0.76,-0.07,-81.2,-529.4,-303.0,-2.24,14.65,-0.14,0.0,0.7865112840894274,1.8553975315279472,0.1994724354985581,0.25,0,5,0.0
6.36852157300018,432,806.84,97.6,6.0,-42.7,1.99,0.96,0.5,0.18,0.84,-0.11,-86.7,-551.9,-254.0,-2.09,15.27,0.21,0.0,0.8660831368869849,2.265325583663417,0.11750257104698059,0.25,0,5,0.0
6.3787101460002305,433,806.85,97.8,6.1,-42.8,2.53,0.58,0.16,0.16,0.9,-0.15,-92.2,-558.5,-49.0,-1.94,15.06,0.15,0.0,0.9263368717696603,2.6005576325088433,0.056103859441019144,0.25,0,5,0.0
6.389161977000185,434,806.86,98.1,6.2,-42.8,2.79,0.19,-0.09,0.13,0.95,-0.21,-97.7,-556.1,-19.0,-1.79,15.07,-0.15,0.0,0.981580358401695,2.7979099342187554,0.0008431653528047089,0.25,0,5,0.0
6.396387060000052,435,806.87,98.5,6.2,-42.8,2.55,-0.09,-0.27,0.09,0.98,-0.28,-103.1,-544.4,94.0,-1.64,14.64,-0.06,0.0,1.0231813133555558,2.5658331980080074,0.039942633809035066,0.25,0,5,0.0
6.408718282000336,436,806.88,98.7,6.1,-42.8,2.21,-0.35,-0.4,0.04,0.98,-0.32,-108.5,-532.0,144.0,-1.5,14.15,-0.15,0.0,1.0316976301223144,2.273015618072168,0.047489771564277805,0.25,0,5,0.0
6.418679242000508,437,806.89,98.9,6.1,-42.7,1.85,-0.62,-0.52,-0.01,0.99,-0.37,-113.8,-504.4,226.0,-1.35,13.39,-0.18,0.0,1.056929515152264,2.019232527471762,0.07126722346234282,0.25,0,5,0.0
6.4284059060009895,438,806.9,99.1,6.0,-42.7,1.38,-0.74,-0.56,-0.03,1.0,-0.4,-118.7,-480.7,239.0,-1.23,12.77,-0.24,0.0,1.0774506949276146,1.6630093204789922,0.08995263517293961,0.25,0,5,0.0
6.43648148900138,439,806.91,99.2,5.9,-42.6,1.02,-0.81,-0.51,-0.04,0.99,-0.42,-123.3,-458.3,220.0,-1.11,12.2,0.12,0.0,1.0761505470890214,1.3987851872249721,0.08687943758765948,0.25,0,5,0.0
6.4487060560004466,440,806.92,99.3,5.9,-42.5,1.33,-0.85,-0.54,-0.04,0.97,-0.43,-127.6,-430.4,315.0,-0.99,11.17,-0.03,0.0,1.0617909398747005,1.668232597691341,0.07106943376587183,0.25,0,5,0.0
6.460483105000094,441,806.93,99.5,5.8,-42.4,1.8,-0.92,-0.64,-0.04,0.99,-0.4,-131.7,-392.6,324.0,-0.89,10.29,-0.04,0.0,1.0685036265731624,2.1203773249117717,0.07622647805504712,0.25,0,5,0.0
6.4684413989998575,442,806.94,99.7,5.7,-42.4,1.75,-1.04,-0.74,-0.03,1.05,-0.33,-135.3,-359.2,350.0,-0.8,9.35,-0.21,0.0,1.101044958210154,2.1660332407421636,0.1065924534981979,0.25,0,5,0.0
6.478655570001138,443,806.95,99.8,5.6,-42.3,1.62,-1.23,-0.79,0.01,1.11,-0.27,-138.7,-314.7,427.0,-0.71,7.99,-0.08,0.0,1.1424097338520887,2.182063243813066,0.14499808455732988,0.25,0,5,0.0
6.488708349001172,444,806.96,100.0,5.5,-42.1,1.56,-1.33,-0.77,0.1,1.19,-0.19,-141.5,-272.2,418.0,-0.64,6.88,-0.19,0.0,1.209214621148785,2.1898401768165643,0.2075669124169457,0.25,0,5,0.0
6.498742489000506,445,806.97,100.1,5.4,-42.0,0.96,-1.5,-0.71,0.16,1.23,-0.14,-144.0,-228.5,439.0,-0.58,5.68,0.01,0.0,1.2482387592123552,1.9172115167607355,0.24165922947090546,0.25,0,5,0.0
6.5089005139998335,446,806.98,100.2,5.3,-41.9,-0.45,-1.42,-0.66,0.18,1.21,-0.1,-145.9,-185.7,430.0,-0.53,4.5,-0.13,0.0,1.2273956167430287,1.6292636373527767,0.21639976526154747,0.25,0,5,0.0
6.518598202999783,447,806.99,100.0,5.2,-41.8,-1.93,-1.37,-0.74,0.17,1.1,0.0,-147.5,-140.9,447.0,-0.49,3.26,-0.25,0.0,1.113058848399311,2.4797983789009943,0.10002173697947314,0.25,0,5,0.0
6.529007266000917,448,807.0,99.8,5.1,-41.6,-2.21,-1.52,-1.1,0.19,0.97,0.09,-148.3,-109.3,584.0,-0.47,1.9,-0.47,0.0,0.9925220400575495,2.8990515690480567,0.0201047699350424,0.25,0,5,0.0
6.538787675999629,449,807.01,99.7,5.0,-41.5,-1.34,-1.71,-1.62,0.21,0.89,0.11,-149.3,-47.3,517.0,-0.45,0.77,-0.13,0.0,0.9210320298447824,2.71,0.08976288454485337,0.25,0,5,0.0
6.548222841000097,450,807.02,99.6,4.7,-41.4,0.2,-1.63,-2.09,0.22,0.9,0.03,-149.4,-3.9,463.0,-0.46,-0.4,-0.08,0.0,0.9269843580125827,2.6580067720004026,0.08213434524951202,0.25,0,5,0.0
6.558850113000517,451,807.03,99.7,4.5,-41.3,1.34,-1.19,-2.18,0.2,1.02,0.01,-149.2,30.1,336.0,-0.46,-1.09,-0.18,0.0,1.0394710193170371,2.82207370562854,0.029745269733843616,0.25,0,5,0.0
6.568476733000352,452,807.04,99.9,4.3,-41.2,1.55,-0.76,-1.81,0.16,1.11,0.02,-148.8,51.9,254.0,-0.48,-1.66,0.05,0.0,1.121650569473399,2.5012396926324354,0.10968632349240126,0.25,0,5,0.0
6.57866362400091,453,807.05,100.0,4.1,-41.2,1.24,-0.5,-1.44,0.09,1.1,0.02,-148.1,71.3,200.0,-0.5,-2.12,-0.15,0.0,1.103856874780422,1.964993638666548,0.09005477622343583,0.25,0,5,0.0
6.588605541999641,454,807.06,100.1,4.0,-41.1,0.82,-0.6,-1.22,0.0,1.07,0.04,-147.3,83.1,127.0,-0.52,-2.35,-0.01,0.0,1.0707474025184465,1.5877027429591473,0.05580639788223096,0.25,0,5,0.0
6.598773851999795,455,807.07,100.2,3.8,-41.1,0.49,-1.07,-1.15,-0.06,1.07,0.07,-146.4,88.7,67.0,-0.55,-2.44,0.06,0.0,1.0739646176667088,1.6454482671904334,0.057843140769883394,0.25,0,5,0.0
6.608379698000135,456,807.08,100.2,3.7,-41.0,0.35,-1.68,-1.02,-0.09,1.11,0.03,-145.5,87.9,4.0,-0.57,-2.34,0.0,0.0,1.1140466776576285,1.9963216173753164,0.095966696745587,0.25,0,5,0.0
6.618907474001389,457,807.09,100.3,3.6,-40.8,0.2,-2.24,-0.74,-0.1,1.17,0.0,-144.7,80.8,-66.0,-0.59,-2.03,0.06,0.0,1.1742657280190032,2.367530358833863,0.1530620321648224,0.25,0,5,0.0
6.628402731001188,458,807.1,100.3,3.5,-40.5,0.16,-2.79,-0.21,-0.07,1.27,-0.05,-144.0,64.5,-153.0,-0.61,-1.47,0.28,0.0,1.2729100518104175,2.802463202256187,0.24667222883711193,0.25,0,5,0.0
6.63863190200027,459,807.11,100.3,3.5,-40.2,0.15,-3.1,0.45,-0.02,1.29,-0.13,-143.5,39.8,-231.0,-0.62,-0.72,0.2,0.0,1.296688088940436,3.136080356113345,0.2650412606477879,0.25,0,5,0.0
6.648753891000524,460,807.12,100.3,3.4,-39.9,-0.25,-3.22,0.96,0.02,1.27,-0.15,-143.3,7.9,-295.0,-0.62,0.17,0.18,0.0,1.2789839717525782,3.3693471177662895,0.24239040059073158,0.25,0,5,0.0
6.658814295000411,461,807.13,100.2,3.5,-39.6,-1.29,-3.38,1.29,0.05,1.2,-0.13,-143.4,-14.8,-195.0,-0.61,0.51,0.15,0.0,1.2080562900792329,3.8409113501876084,0.16803346453903867,0.25,0,5,0.0
6.668416644000899,462,807.14,100.0,3.6,-39.2,-2.33,-3.63,1.46,0.07,1.12,-0.13,-143.7,-23.4,-121.0,-0.61,0.74,0.26,0.0,1.1296902230257637,4.553833549878608,0.08787404953585809,0.25,0,5,0.0
6.678831028000786,463,807.15,99.8,3.6,-38.8,-2.82,-3.83,1.53,0.07,1.05,-0.13,-144.0,-36.0,-147.0,-0.6,1.19,0.08,0.0,1.0603301372685772,4.996218570078775,0.018143684503098,0.25,0,5,0.0
6.688304364000942,464,807.16,99.5,3.7,-38.4,-3.15,-4.0,1.58,0.07,0.98,-0.12,-144.4,-52.8,-170.0,-0.58,1.68,0.02,0.0,0.9897979591815695,5.330938003766317,0.05134072371223142,0.25,0,5,0.0
6.698720390000744,465,807.17,99.1,3.8,-38.0,-3.39,-4.06,1.61,0.07,0.93,-0.11,-145.1,-74.1,-205.0,-0.56,2.29,0.16,0.0,0.939095309327014,5.528815424663768,0.10000250609545125,0.25,0,5,0.0
6.708221377000882,466,807.18,98.8,3.9,-37.5,-3.55,-4.03,1.58,0.1,0.87,-0.11,-145.9,-93.8,-209.0,-0.53,2.87,-0.13,0.0,0.8826097665446492,5.59819613804304,0.15335828790025985,0.25,0,5,0.0
6.7187906529998145,467,807.19,98.5,4.1,-37.1,-3.53,-3.88,1.56,0.14,0.85,-0.11,-147.0,-114.2,-203.0,-0.5,3.39,-0.05,0.0,0.8684468895678077,5.472558816495259,0.16417074157955924,0.25,0,5,0.0
6.728426618999947,468,807.2,98.2,4.2,-36.7,-3.19,-3.55,1.57,0.2,0.83,-0.11,-148.3,-133.6,-187.0,-0.46,3.86,-0.08,0.0,0.8608135686662938,5.0242909947573695,0.1683679812314517,0.25,0,5,0.0
6.738781191999806,469,807.21,97.9,4.3,-36.4,-2.82,-3.16,1.53,0.26,0.81,-0.13,-149.7,-148.3,-153.0,-0.42,4.23,-0.02,0.0,0.8605811989580066,4.503209966235197,0.1652283439209441,0.25,0,5,0.0
6.748458775000472,470,807.22,97.6,4.4,-36.1,-2.44,-2.51,1.45,0.31,0.79,-0.16,-151.3,-160.6,-122.0,-0.38,4.5,-0.01,0.0,0.8635971282953644,3.788957640301617,0.15896816629191457,0.25,0,5,0.0
6.7587966740011325,471,807.23,97.4,4.5,-35.9,-2.03,-1.74,1.34,0.33,0.78,-0.18,-153.0,-169.3,-93.0,-0.33,4.69,0.12,0.0,0.8658521813797088,2.990668821518023,0.15357885094341872,0.25,0,5,0.0
6.7683401289996254,472,807.24,97.3,4.7,-35.7,-1.35,-0.86,1.17,0.32,0.75,-0.19,-154.7,-173.7,-52.0,-0.29,4.78,0.02,0.0,0.8372574275573792,1.9826749607537792,0.17853013267043338,0.25,0,5,0.0
6.776441384001373,473,807.25,97.2,4.8,-35.6,-0.73,-0.14,1.04,0.3,0.76,-0.18,-156.4,-176.6,-28.0,-0.24,4.8,0.12,0.0,0.8366600265340756,1.2783192089615176,0.17554498301986232,0.25,0,5,0.0
6.788840899000206,474,807.26,97.1,4.9,-35.7,-0.24,0.45,0.9,0.24,0.77,-0.16,-158.2,-177.1,-18.0,-0.19,4.81,0.2,0.0,0.8222530024268686,1.034456378974,0.18615296698452788,0.25,0,5,0.0
6.796438995999779,475,807.27,97.1,4.9,-35.7,0.01,0.7,0.8,0.18,0.81,-0.14,-160.0,-177.5,-9.0,-0.14,4.85,0.1,0.0,0.8414867794564571,1.0630616162763098,0.16358080615584059,0.25,0,5,0.0
6.808687890001238,476,807.28,97.1,5.1,-35.8,0.0,0.82,0.78,0.13,0.84,-0.14,-161.8,-177.1,11.0,-0.09,4.74,0.03,0.0,0.8614522621712708,1.1317243480636086,0.14074301697220637,0.25,0,5,0.0
6.8188873440012685,477,807.29,97.2,5.2,-35.8,-0.18,0.81,0.77,0.09,0.87,-0.14,-163.5,-171.4,46.0,-0.05,4.56,0.07,0.0,0.8857764955111419,1.1319893992436503,0.11409040795968861,0.25,0,5,0.0
6.82843923800101,478,807.3,97.1,5.3,-35.9,-0.4,0.72,0.77,0.07,0.89,-0.14,-165.2,-164.5,63.0,0.0,4.35,0.17,0.0,0.9036592278065886,1.1275194011634568,0.09428352215095714,0.25,0,5,0.0
6.838774396001099,479,807.31,97.1,5.3,-36.0,-0.56,0.51,0.71,0.06,0.89,-0.15,-166.8,-156.8,74.0,0.03,4.15,0.0,0.0,0.9045440840556087,1.0381714694596458,0.09153069258389823,0.25,0,5,0.0
6.849151558000813,480,807.32,97.1,5.4,-36.0,-0.76,0.28,0.62,0.06,0.89,-0.15,-168.3,-150.0,65.0,0.07,4.01,-0.1,0.0,0.9045440840556087,1.02,0.0897000787322203,0.25,0,5,0.0
6.856475115000649,481,807.33,97.0,5.4,-36.0,-1.02,-0.01,0.52,0.05,0.87,-0.17,-169.7,-143.7,69.0,0.11,3.79,-0.06,0.0,0.887862601982987,1.1449454135459909,0.10425392958874513,0.25,0,5,0.0
6.868899675000648,482,807.34,96.9,5.5,-36.0,-1.14,-0.26,0.35,0.05,0.84,-0.18,-171.1,-136.9,69.0,0.15,3.59,-0.03,0.0,0.8605230967266363,1.2205326705991937,0.12896156614819398,0.25,0,5,0.0
6.876391548001266,483,807.35,96.9,5.5,-35.9,-1.22,-0.55,0.16,0.06,0.79,-0.2,-172.4,-128.1,77.0,0.18,3.38,0.0,0.0,0.817129120763665,1.3477759457714031,0.16890843126894206,0.25,0,5,0.0
6.889119888001005,484,807.36,96.8,5.5,-35.8,-1.04,-0.93,-0.07,0.08,0.74,-0.22,-173.7,-122.5,53.0,0.21,3.28,-0.03,0.0,0.7761443164772902,1.3969251948475983,0.20569537084421052,0.25,0,5,0.0
6.898572285999762,485,807.37,96.7,5.4,-35.7,-0.47,-1.15,-0.34,0.11,0.75,-0.27,-174.9,-118.3,41.0,0.25,3.18,-0.12,0.0,0.8046738469715541,1.288021738946979,0.17362252354294772,0.25,0,5,0.0
6.908973952000451,486,807.38,96.7,5.4,-35.6,0.11,-1.0,-0.46,0.13,0.77,-0.33,-176.0,-116.2,28.0,0.28,3.12,0.0,0.0,0.8477617589865681,1.1062097450302995,0.127923919297375,0.25,0,5,0.0
6.918851341000845,487,807.39,96.7,5.3,-35.6,0.48,-0.67,-0.6,0.19,0.78,-0.37,-177.2,-113.6,31.0,0.31,3.02,0.14,0.0,0.8839683252243827,1.019460641712077,0.08988300599836918,0.25,0,5,0.0
6.9284107929997845,488,807.4,96.8,5.2,-35.5,0.92,-0.09,-0.67,0.25,0.83,-0.39,-178.3,-110.2,34.0,0.34,2.91,0.02,0.0,0.9505261700763424,1.1416654501210064,0.022858657923481296,0.25,0,5,0.0
6.938636363000114,489,807.41,96.9,5.2,-35.6,1.17,0.58,-0.72,0.28,0.85,-0.4,-179.4,-106.1,32.0,0.37,2.82,0.04,0.0,0.9802550688468793,1.4912075643584968,0.006732836030114431,0.25,0,5,0.0
6.94873922700026,490,807.42,97.0,5.1,-35.7,1.7,1.48,-0.86,0.31,0.9,-0.43,-180.4,-101.7,48.0,0.39,2.68,0.06,0.0,1.0445094542415592,2.4124676163629637,0.0695674769962984,0.25,0,5,0.0
6.958655533000638,491,807.43,97.2,5.0,-35.9,1.89,2.24,-0.83,0.3,1.0,-0.37,-181.4,-95.8,51.0,0.42,2.54,-0.02,0.0,1.1076551810017412,3.0460794474208974,0.13005893968135085,0.25,0,5,0.0
6.96833865500048,492,807.44,97.4,5.0,-36.1,1.83,2.73,-0.66,0.26,1.05,-0.32,-182.3,-90.1,64.0,0.44,2.31,-0.11,0.0,1.1280514172678477,3.352223142930673,0.14744607242850827,0.25,0,5,0.0
6.9784089860004315,493,807.45,97.5,5.0,-36.4,1.49,2.97,-0.52,0.17,1.08,-0.27,-183.1,-80.7,91.0,0.46,2.03,-0.07,0.0,1.1261438629233833,3.363242483080874,0.14262774772236297,0.25,0,5,0.0
6.987850143001197,494,807.46,97.7,5.0,-36.7,1.34,2.86,-0.42,0.08,1.09,-0.24,-183.9,-69.3,110.0,0.48,1.69,-0.13,0.0,1.1189727431890377,3.1861575604480077,0.13274749542825703,0.25,0,5,0.0
6.998851321000984,495,807.47,97.8,5.0,-37.0,1.25,2.54,-0.4,0.03,1.07,-0.26,-184.5,-57.9,111.0,0.5,1.38,-0.01,0.0,1.101544370418187,2.8590382998483945,0.11301274020425822,0.25,0,5,0.0
7.00842086800003,496,807.48,97.9,5.0,-37.3,1.39,2.28,-0.35,0.0,1.1,-0.25,-185.0,-44.9,135.0,0.51,1.0,-0.02,0.0,1.1280514172678477,2.6931394319641155,0.13672939131284045,0.25,0,5,0.0
7.018636394999703,497,807.49,98.0,5.0,-37.5,1.58,1.84,-0.26,-0.01,1.12,-0.27,-185.3,-30.6,137.0,0.52,0.64,-0.11,0.0,1.152128465059344,2.439180190145861,0.1575903103222499,0.25,0,5,0.0
7.028593484999874,498,807.5,98.2,5.0,-37.6,2.13,1.64,-0.15,-0.01,1.2,-0.24,-185.5,-19.0,120.0,0.52,0.32,-0.09,0.0,1.223805540108395,2.6923967018253454,0.22468203766387485,0.25,0,5,0.0
7.036464312001044,499,807.51,98.4,5.0,-37.8,2.51,1.58,0.01,-0.02,1.3,-0.24,-185.6,-5.1,134.0,0.52,-0.04,-0.09,0.0,1.322119510483073,2.9659062695911342,0.31653608787778187,0.25,1,6,2.5
7.048980314000801,500,807.52,98.7,5.0,-37.9,2.66,1.5,0.25,0.0,1.36,-0.19,-185.6,4.7,90.0,0.52,-0.2,0.15,0.0,1.3732079230764729,3.064000652741445,0.36027201046175805,0.25,0,6,2.5
7.0587620830010565,501,807.53,98.9,5.0,-38.1,1.99,1.16,0.34,0.06,1.32,-0.13,-185.5,27.8,440.0,0.51,-2.38,2.31,2.91,1.3277424449041313,2.3283685275316706,0.3085104016436282,0.25,0,6,2.5
7.068801612000243,502,807.54,99.0,5.0,-38.2,0.25,0.76,0.37,0.13,1.26,-0.11,-184.4,153.0,1069.0,0.45,-6.24,2.5,2.91,1.2714558584551805,0.8814760348415606,0.24717933889078392,0.25,0,6,2.5
7.078802780000842,503,807.55,98.9,5.1,-38.2,-1.04,0.74,0.4,0.18,1.14,-0.06,-181.9,288.6,1232.0,0.37,-9.73,2.32,2.91,1.1556816170554933,1.3376098085764772,0.12877699554127475,0.25,0,6,2.5
7.088388293999742,504,807.56,98.8,5.1,-38.3,-1.0,0.96,0.35,0.19,1.05,-0.02,-178.2,408.0,1145.0,0.26,-12.38,2.58,2.91,1.067239429556461,1.4297202523570824,0.03952811188139749,0.25,0,6,2.5
7.096423077000509,505,807.57,98.7,5.2,-38.4,-0.78,1.67,0.65,0.16,1.06,-0.03,-173.3,515.4,1109.0,0.12,-15.35,2.71,2.91,1.0724271537032248,1.9544308634484873,0.043821519307598145,0.25,0,6,2.5
7.108821407000505,506,807.58,98.6,5.3,-38.6,-0.74,2.56,1.2,0.12,1.05,0.04,-167.5,613.0,961.0,-0.04,-17.73,2.95,2.91,1.0575916035975323,2.922533147801749,0.028406249817867657,0.25,0,6,2.5
7.118750857000123,507,807.59,98.5,5.5,-38.9,-1.08,3.21,1.79,0.09,0.98,0.1,-160.7,716.1,1013.0,-0.24,-20.59,2.36,2.91,0.9891915891272024,3.830744053052879,0.03919388935941315,0.25,0,6,2.5
7.128317728000184,508,807.6,98.3,5.8,-39.2,-1.38,3.54,2.27,0.11,0.92,0.16,-152.9,803.9,922.0,-0.46,-22.97,2.94,2.91,0.9402659198333203,4.425934929481001,0.08635716748022926,0.25,0,6,2.5
7.138859079999747,509,807.61,98.1,6.1,-39.5,-1.23,3.56,2.62,0.15,0.88,0.18,-144.2,902.6,993.0,-0.71,-25.73,2.25,2.91,0.9106591019695569,4.588125979089938,0.11364470563711282,0.25,0,6,2.5
7.148361616000329,510,807.62,98.0,6.4,-39.8,-0.52,3.47,2.82,0.19,0.88,0.17,-134.5,981.5,714.0,-0.98,-27.14,1.44,2.91,0.9161877536837086,4.501521964847001,0.10595373284450194,0.25,0,6,2.5
7.158918347000508,511,807.63,98.0,6.7,-40.1,0.76,3.26,2.74,0.22,0.92,0.14,-124.5,1005.0,316.0,-1.25,-27.35,1.81,2.91,0.9562426470305536,4.325829400242224,0.0645808627077038,0.25,0,6,2.5
7.168447058000311,512,807.64,98.1,7.0,-40.4,2.04,3.04,2.4,0.22,1.03,0.08,-114.5,987.8,-126.0,-1.52,-26.31,1.75,2.91,1.0562670116973265,4.377579239716855,0.03473463191988779,0.25,0,6,2.5
7.178600956000082,513,807.65,98.3,7.3,-40.7,2.3,2.82,1.91,0.19,1.15,0.0,-104.8,969.1,-65.0,-1.79,-26.37,2.03,2.91,1.1655899793666724,4.1098053481886465,0.14117644759744907,0.25,0,6,2.5
7.188974441000028,514,807.66,98.5,7.5,-40.9,1.52,2.47,1.42,0.14,1.22,0.0,-95.1,977.6,-2.0,-2.05,-26.5,2.03,2.91,1.2280065146407002,3.2291949461127305,0.19952112321404725,0.25,0,6,2.5
7.199000381000587,515,807.67,98.5,7.6,-41.1,0.05,1.94,1.01,0.1,1.23,-0.02,-85.3,982.3,-1.0,-2.32,-26.57,2.09,2.91,1.234220401711137,2.187738558420544,0.20162031007879433,0.25,0,6,2.5
7.20837168000071,516,807.68,98.4,7.7,-41.3,-1.05,1.57,0.6,0.08,1.16,-0.06,-75.6,962.8,-159.0,-2.58,-25.9,2.37,2.91,1.1643023662262308,1.9817668884104407,0.12906822910201043,0.25,0,6,2.5
7.216485401000682,517,807.69,98.3,7.8,-41.4,-1.19,1.5,0.41,0.06,1.08,-0.06,-66.0,949.7,-121.0,-2.84,-25.71,2.56,2.91,1.0833282051160673,1.9581113349347632,0.04713218663201002,0.25,0,6,0.0
7.228915040001084,518,807.7,98.2,7.9,-41.6,-0.74,1.39,0.23,0.06,1.05,-0.06,-56.6,938.0,-131.0,-3.09,-25.4,3.25,2.91,1.0534229919647664,1.5914144651849813,0.016882434011094904,0.25,0,6,0.0
7.236484752000251,519,807.71,98.1,7.9,-41.7,-0.22,1.27,0.08,0.08,1.03,-0.06,-47.3,915.4,-536.0,-3.34,-23.21,0.54,0.0,1.034842983258813,1.291394595001853,0.0016636232009612506,0.25,0,6,0.0
7.248872758000289,520,807.72,98.0,7.9,-41.8,0.0,1.11,-0.25,0.12,1.03,-0.08,-39.2,757.7,-1288.0,-3.54,-18.61,0.72,0.0,1.0400480758118829,1.1378049041905207,0.0034706399650663577,0.25,0,6,0.0
7.256429101000322,521,807.73,97.9,7.8,-41.9,-0.58,1.05,-0.58,0.13,1.05,-0.08,-32.7,604.2,-1441.0,-3.7,-14.48,0.62,0.0,1.061037228376083,1.3324038426843416,0.023970596678681177,0.25,0,6,0.0
7.269073605000813,522,807.74,97.8,7.8,-42.1,-1.63,0.99,-0.7,0.13,1.0,-0.07,-27.7,453.0,-1422.0,-3.81,-10.7,0.56,0.0,1.0108412338245802,2.031501907456648,0.02570088991536501,0.25,0,6,0.0
7.278826722000304,523,807.75,97.5,7.7,-42.2,-1.86,0.83,-0.84,0.11,0.89,-0.06,-24.1,327.0,-1286.0,-3.9,-7.43,0.52,0.0,0.8987769467448529,2.2032022149589445,0.13500987345519044,0.25,0,6,0.0
7.288480473000163,524,807.76,97.3,7.6,-42.3,-1.47,0.78,-1.02,0.09,0.8,-0.06,-21.8,223.4,-1171.0,-3.95,-4.5,0.2,0.0,0.8072793816269558,1.9518452807535744,0.2219772898016258,0.25,0,6,0.0
7.298846424000658,525,807.77,97.2,7.5,-42.4,-0.58,0.85,-1.26,0.07,0.75,-0.05,-20.2,120.2,-939.0,-3.98,-2.31,0.53,0.0,0.7549172140042907,1.626806687962648,0.2688526682758051,0.25,0,6,0.0
7.308386437000081,526,807.78,97.1,7.4,-42.5,0.36,0.87,-1.44,0.04,0.78,-0.02,-19.5,48.0,-761.0,-3.99,-0.54,0.17,0.0,0.7812809993849844,1.72049411507276,0.2376391052372092,0.25,0,6,0.0
7.318640286999653,527,807.79,97.2,7.2,-42.6,1.22,0.75,-1.49,0.01,0.81,-0.01,-19.4,-3.0,-510.0,-3.99,0.41,0.09,0.0,0.8101234473831751,2.066639784771405,0.20462072409423815,0.25,0,6,0.0
7.328894789001424,528,807.8,97.3,7.1,-42.7,1.7,0.58,-1.47,-0.02,0.87,-0.02,-19.5,-20.0,-225.0,-3.98,0.57,-0.09,0.0,0.8704596486914256,2.321055794245369,0.14139883233026795,0.25,0,6,0.0
7.336485460000404,529,807.81,97.5,7.0,-42.7,1.59,0.33,-1.29,-0.04,0.93,-0.03,-19.7,-19.4,-55.0,-3.98,0.46,-0.05,0.0,0.9313431161500042,2.073909351924524,0.07890505757425548,0.25,0,6,0.0
7.348654941000859,530,807.82,97.6,6.8,-42.8,1.15,-0.05,-1.01,-0.06,0.93,-0.03,-19.9,-15.4,-2.0,-3.97,0.39,0.08,0.0,0.9324162160752033,1.5313719339206917,0.07627531849607527,0.25,0,6,0.0
7.35648602800029,531,807.83,97.7,6.8,-42.7,0.43,-0.63,-0.67,-0.08,0.92,-0.04,-20.0,-9.9,51.0,-3.97,0.16,0.06,0.0,0.9243376006633075,1.0152339631828715,0.08266685522981176,0.25,0,6,0.0
7.368734633000713,532,807.84,97.7,6.7,-42.6,-0.23,-1.27,-0.37,-0.08,0.91,-0.06,-20.1,-4.3,31.0,-3.97,0.12,-0.02,0.0,0.9154780172128657,1.3426466400360149,0.08969590990664844,0.25,0,6,0.0
7.378715917000591,533,807.85,97.7,6.7,-42.5,-0.66,-1.85,-0.12,-0.07,0.88,-0.08,-20.1,-8.9,-37.0,-3.97,0.35,-0.25,0.0,0.8863972021616494,1.9678668654154428,0.11640119045870734,0.25,0,6,0.0
7.388794379001411,534,807.86,97.7,6.6,-42.3,-0.83,-2.33,0.01,-0.06,0.88,-0.1,-20.3,-21.6,-126.0,-3.96,0.83,-0.01,0.0,0.8876936408468858,2.4734389016104683,0.11280265673800138,0.25,0,6,0.0
7.398782170999766,535,807.87,97.6,6.6,-42.0,-1.2,-2.62,0.11,-0.05,0.91,-0.13,-20.7,-42.6,-193.0,-3.95,1.46,0.24,0.0,0.9205976319760985,2.883834253212206,0.07830069229661296,0.25,0,6,0.0
7.408185254000273,536,807.88,97.5,6.6,-41.7,-1.85,-2.72,0.29,-0.02,0.94,-0.15,-21.3,-71.5,-287.0,-3.93,2.4,0.13,0.0,0.952102935611481,3.302271945191674,0.045859480888005844,0.25,0,6,0.0
7.420485380000173,537,807.89,97.3,6.6,-41.5,-2.44,-2.69,0.48,0.0,0.94,-0.18,-22.3,-111.5,-372.0,-3.9,3.54,-0.01,0.0,0.9570788891204318,3.663345465554675,0.0400658568314739,0.25,0,6,0.0
7.428466221001145,538,807.9,97.0,6.6,-41.2,-2.8,-2.57,0.61,0.06,0.92,-0.19,-23.7,-153.3,-395.0,-3.85,4.66,0.21,0.0,0.9413288479590967,3.8492856480131477,0.05469958003295283,0.25,0,6,0.0
7.438902959000188,539,807.91,96.8,6.6,-40.9,-3.05,-2.33,0.72,0.13,0.9,-0.2,-25.5,-195.5,-419.0,-3.8,5.85,0.28,0.0,0.9310746479203481,3.905099230493381,0.06365470447026733,0.25,0,6,0.0
7.448282923000079,540,807.92,96.5,6.7,-40.7,-3.09,-1.96,0.77,0.2,0.85,-0.2,-27.8,-238.4,-426.0,-3.73,7.01,0.31,0.0,0.8958236433584459,3.739331491055587,0.09692759485152613,0.25,0,6,0.0
7.456489460000739,541,807.93,96.3,6.7,-40.5,-2.63,-1.47,0.75,0.23,0.8,-0.21,-30.5,-282.7,-453.0,-3.65,8.28,0.15,0.0,0.8584870412533903,3.1048832506231214,0.13157891301745017,0.25,0,6,0.0
7.468627647000176,542,807.94,96.1,6.8,-40.4,-1.71,-0.9,0.68,0.25,0.77,-0.23,-33.6,-331.4,-467.0,-3.56,9.57,0.26,0.0,0.8416056083463322,2.048536062655476,0.14549113900601807,0.25,0,6,0.0
7.476392735001355,543,807.95,96.0,6.9,-40.3,-0.58,-0.28,0.52,0.23,0.77,-0.23,-37.2,-374.4,-420.0,-3.46,10.64,0.13,0.0,0.8358827668997608,0.8277680834629951,0.14818970084353766,0.25,0,6,0.0
7.488766753000164,544,807.96,96.0,6.9,-40.3,0.29,0.15,0.4,0.22,0.81,-0.24,-41.3,-414.4,-414.0,-3.34,11.76,0.14,0.0,0.8729833904490968,0.5163332257370234,0.10886729574831766,0.25,0,6,0.0
7.498957241001335,545,807.97,96.0,6.9,-40.4,0.87,0.52,0.28,0.2,0.86,-0.25,-45.7,-453.3,-391.0,-3.22,12.78,0.09,0.0,0.9176600677810929,1.05152270541344,0.06290680604799515,0.25,0,6,0.0
7.508383401000174,546,807.98,96.1,7.0,-40.4,1.41,0.91,0.14,0.19,0.94,-0.26,-50.5,-494.1,-403.0,-3.08,13.9,0.06,0.0,0.9936297097007516,1.6839833728395301,0.012801579154230303,0.25,0,6,0.0
7.51643445100126,547,807.99,96.3,7.0,-40.6,1.52,1.24,-0.02,0.17,1.01,-0.25,-55.6,-519.5,-248.0,-2.94,14.32,0.44,0.0,1.0542770034483346,1.9617339269126177,0.07197989544377703,0.25,0,6,0.0
7.528756251000232,548,808.0,96.4,7.0,-40.7,1.08,1.48,-0.16,0.16,1.02,-0.28,-59.8,-536.8,-325.0,-2.78,15.13,0.26,0.0,1.0697663296253066,1.8391302292116238,0.08571983718833398,0.25,0,6,0.0
7.538958958000876,549,808.01,96.5,7.0,-40.9,0.74,1.67,-0.26,0.13,1.01,-0.29,-67.1,-563.6,-245.0,-2.62,15.58,-0.07,0.0,1.0588200980336555,1.8450203250912982,0.07327813348474921,0.25,0,6,0.0
7.548392982000223,550,808.02,96.5,7.0,-41.0,0.7,1.7,-0.28,0.1,0.98,-0.29,-72.9,-581.0,-136.0,-2.46,15.78,0.07,0.0,1.0268885041717042,1.8596773913773321,0.04051960883034189,0.25,0,6,0.0
7.556415556000502,551,808.03,96.6,7.0,-41.2,1.03,1.63,-0.28,0.06,0.96,-0.28,-78.7,-582.2,-70.0,-2.31,15.89,-0.08,0.0,1.0017983829094554,1.948383945735542,0.015120897816731316,0.25,0,6,0.0
7.568874624001182,552,808.04,96.7,7.0,-41.4,1.46,1.42,-0.33,0.02,0.97,-0.25,-84.6,-586.2,-66.0,-2.15,16.07,-0.24,0.0,1.0018981984213766,2.063225629929989,0.014916299062079474,0.25,0,6,0.0
7.576415585999712,553,808.05,96.8,6.9,-41.5,1.69,1.05,-0.37,0.0,1.01,-0.21,-90.5,-589.9,30.0,-1.99,15.8,0.12,0.0,1.0316006979447039,2.0237341722667033,0.043726422613698634,0.25,0,6,0.0
7.588765987000443,554,808.06,97.0,6.9,-41.6,1.39,0.58,-0.33,-0.02,1.02,-0.2,-96.3,-576.6,52.0,-1.83,15.65,0.02,0.0,1.039615313469362,1.5418819669481836,0.05070621737558956,0.25,0,6,0.0
7.598940892999963,555,808.07,97.1,6.9,-41.6,0.93,0.04,-0.39,-0.04,0.98,-0.22,-102.0,-565.9,128.0,-1.68,15.16,-0.02,0.0,1.005186549850325,1.0092571525632108,0.01595190468142149,0.25,0,6,0.0
7.608283982001012,556,808.08,97.2,6.8,-41.6,0.89,-0.58,-0.52,-0.05,0.95,-0.23,-107.5,-553.5,115.0,-1.53,14.87,-0.06,0.0,0.9787236586493656,1.1827510304370907,0.010300766789147153,0.25,0,6,0.0
7.618774784999914,557,808.09,97.3,6.8,-41.5,0.86,-1.16,-0.69,-0.05,0.89,-0.26,-112.9,-531.7,197.0,-1.38,14.19,-0.1,0.0,0.9285472524325297,1.600406198438384,0.0592676295458634,0.25,0,6,0.0
7.628391931000806,558,808.1,97.4,6.7,-41.4,1.13,-1.56,-0.92,-0.01,0.86,-0.25,-118.1,-510.5,204.0,-1.24,13.63,-0.26,0.0,0.8956561840349231,2.134689672996991,0.09031552398460063,0.25,0,6,0.0
7.636464548000731,559,808.11,97.6,6.5,-41.2,1.85,-1.75,-1.14,0.03,0.87,-0.3,-123.1,-493.7,160.0,-1.11,13.26,-0.09,0.0,0.9207605551933684,2.7900896042958907,0.06390692976963219,0.25,0,6,0.0
7.6484763370008295,560,808.12,97.8,6.4,-41.1,2.75,-1.52,-1.3,0.1,0.94,-0.33,-127.9,-471.2,277.0,-0.98,12.3,-0.19,0.0,1.0012492197250393,3.400426443844948,0.016250100066797946,0.25,0,6,0.0
7.658787444001064,561,808.13,98.1,6.2,-41.0,2.82,-1.03,-1.19,0.18,1.09,-0.27,-132.3,-436.0,290.0,-0.87,11.52,-0.01,0.0,1.1372774507568504,3.2294581588867195,0.1492327644766368,0.25,0,6,0.0
7.6684198300008575,562,808.14,98.4,6.2,-40.9,1.8,-0.58,-0.8,0.22,1.15,-0.15,-136.5,-403.2,348.0,-0.76,10.46,-0.31,0.0,1.1804236527620071,2.0533874451744367,0.18853138715215767,0.25,0,6,0.0
7.676467717001287,563,808.15,98.5,6.1,-40.9,0.96,-0.37,-0.73,0.25,1.08,0.01,-140.2,-361.0,391.0,-0.66,9.33,0.01,0.0,1.108602724153247,1.2615070352558482,0.11437624937252966,0.25,0,6,0.0
7.689063234000059,564,808.16,98.6,6.0,-40.8,0.92,-0.55,-1.16,0.27,1.03,0.1,-143.6,-321.6,400.0,-0.58,8.23,0.01,0.0,1.06948585778401,1.5793986197284078,0.0737541953432268,0.25,0,6,0.0
7.698816201000227,565,808.17,98.7,5.9,-40.8,0.42,-0.72,-1.64,0.27,1.03,0.16,-146.5,-276.0,458.0,-0.5,6.88,-0.14,0.0,1.0767543823918249,1.8396738841436,0.07940226555202079,0.25,0,6,0.0
7.708512036000684,566,808.18,98.7,5.7,-40.7,-0.65,-1.08,-1.86,0.24,0.99,0.24,-148.9,-225.4,487.0,-0.44,5.52,-0.32,0.0,1.0465658125507444,2.246886735018034,0.04822942179672152,0.25,0,6,0.0
7.718842858001153,567,808.19,98.6,5.4,-40.6,-0.78,-1.46,-2.31,0.22,0.89,0.24,-150.8,-176.0,489.0,-0.4,4.18,-0.01,0.0,0.9476813810558905,2.8418479903049003,0.0496419095041698,0.25,0,6,0.0
7.728386878001402,568,808.2,98.6,5.1,-40.5,0.25,-1.34,-3.01,0.23,0.91,0.12,-152.2,-126.5,496.0,-0.37,2.82,-0.2,0.0,0.946255779374689,3.3042699647577223,0.05004616096166392,0.25,0,6,0.0
7.736497126001268,569,808.21,98.6,4.8,-40.5,0.75,-0.72,-3.52,0.16,1.02,0.03,-153.1,-77.8,486.0,-0.35,1.52,-0.12,0.0,1.0329085148259742,3.670326960912338,0.03587444299982889,0.25,0,6,0.0
7.748819544000071,570,808.22,98.7,4.4,-40.5,0.51,-0.04,-3.64,0.06,1.15,0.01,-153.6,-28.5,486.0,-0.34,0.2,-0.33,0.0,1.1516075720487426,3.675772027751449,0.15148203021814544,0.25,0,6,0.0
7.7590052940013265,571,808.23,98.7,4.1,-40.6,0.42,0.35,-3.43,0.01,1.21,0.01,-153.6,11.9,382.0,-0.34,-0.66,-0.09,0.0,1.2100826418059223,3.4732981444154776,0.20575795797581864,0.25,0,6,0.0
7.7685400290010875,572,808.24,98.8,3.8,-40.6,1.03,0.43,-3.0,-0.03,1.25,-0.01,-153.3,38.7,306.0,-0.36,-1.37,-0.04,0.0,1.2503999360204718,3.2009061217099135,0.2411537471465608,0.25,0,6,0.0
7.778836239000157,573,808.25,98.9,3.5,-40.7,1.4,0.18,-2.4,-0.07,1.31,0.0,-152.7,62.4,248.0,-0.37,-1.95,0.01,0.0,1.3118688958886098,2.7843132007732176,0.29657025287440475,0.25,0,7,0.0
7.788378122000722,574,808.26,99.1,3.3,-40.7,1.24,-0.38,-1.67,-0.09,1.32,0.02,-151.9,84.1,221.0,-0.4,-2.52,-0.08,0.0,1.3232157798333575,2.1144502831705454,0.3017587940827695,0.25,0,7,0.0
7.796427162000327,575,808.27,99.2,3.2,-40.7,1.53,-1.11,-0.99,-0.07,1.33,0.0,-150.9,103.3,201.0,-0.43,-3.04,-0.04,0.0,1.3318408313308314,2.133799428249994,0.3041761686686386,0.25,0,7,0.0
7.8089841439996235,576,808.28,99.4,3.1,-40.6,2.06,-1.53,-0.27,-0.04,1.32,-0.08,-149.8,120.7,174.0,-0.46,-3.46,0.14,0.0,1.3230268326832983,2.5801937911715083,0.2894549266206834,0.25,0,7,0.0
7.81869351000023,577,808.29,99.6,3.1,-40.4,1.94,-1.9,0.29,-0.02,1.28,-0.1,-148.5,132.6,113.0,-0.5,-3.66,0.05,0.0,1.2840560735419617,2.7308789793764205,0.2454744841297598,0.25,0,7,0.0
7.828386283999862,578,808.3,99.8,3.1,-40.2,1.78,-2.24,0.6,-0.01,1.23,-0.17,-147.2,130.0,-24.0,-0.53,-3.35,0.09,0.0,1.2417326604386307,2.923354237857602,0.1990880496059002,0.25,0,7,0.0
7.836490556999706,579,808.31,99.9,3.1,-39.9,1.05,-2.53,0.8,0.0,1.21,-0.19,-146.0,106.7,-218.0,-0.56,-2.44,0.21,0.0,1.2248265183282079,2.853664311021883,0.1785382693455677,0.25,0,7,0.0
7.848828961001345,580,808.32,100.0,3.1,-39.6,-0.14,-2.84,0.87,0.0,1.17,-0.2,-145.2,60.4,-435.0,-0.57,-0.9,0.27,0.0,1.1869709347747315,2.973566881709574,0.13786903207624945,0.25,0,7,0.0
7.8587072160007665,581,808.33,99.9,3.1,-39.3,-1.77,-3.16,0.83,0.0,1.12,-0.19,-145.1,1.4,-505.0,-0.57,0.54,0.29,0.0,1.136001760562016,3.7158309972333243,0.08516186070626341,0.25,0,7,0.0
7.868714842999907,582,808.34,99.6,3.1,-39.0,-3.74,-3.44,0.8,0.02,1.06,-0.19,-145.3,-39.4,-399.0,-0.56,1.44,0.11,0.0,1.0770793842609745,5.144045100890932,0.025714694717117403,0.25,0,7,0.0
7.8787381230013125,583,808.35,99.2,3.1,-38.6,-5.5,-3.43,0.85,0.06,0.99,-0.2,-145.9,-67.9,-316.0,-0.54,2.18,0.23,0.0,1.0117806086301517,6.537384798220156,0.038792399295431323,0.25,0,7,0.0
7.88842097000088,584,808.36,98.6,3.1,-38.3,-6.22,-3.12,1.03,0.13,0.89,-0.18,-146.8,-95.0,-279.0,-0.51,2.88,0.17,0.0,0.9172785836374902,7.034465153798119,0.13062853580233114,0.25,0,7,0.0
7.896484032000444,585,808.37,98.0,3.2,-38.0,-6.01,-2.56,1.29,0.2,0.79,-0.15,-147.9,-118.7,-239.0,-0.48,3.47,0.06,0.0,0.828613299434664,6.658663529568077,0.21490794360505405,0.25,0,7,0.0
7.90886903899991,586,808.38,97.5,3.3,-37.8,-4.98,-1.85,1.53,0.27,0.69,-0.13,-149.2,-137.2,-195.0,-0.44,3.92,-0.13,0.0,0.7522632517942106,5.528453671687952,0.2854328314205973,0.25,0,7,0.0
7.918887840000025,587,808.39,97.1,3.5,-37.6,-3.38,-1.13,1.58,0.32,0.61,-0.1,-150.7,-150.5,-138.0,-0.4,4.21,0.23,0.0,0.6960603422117941,3.898422757988158,0.33480302618295354,0.25,0,7,0.0
7.928403265999805,588,808.4,96.9,3.6,-37.5,-1.67,-0.41,1.47,0.36,0.6,-0.13,-152.3,-158.7,-89.0,-0.36,4.37,0.25,0.0,0.7116881339463234,2.262277613379932,0.3127917297594559,0.25,0,7,0.0
7.936496166999859,589,808.41,96.8,3.8,-37.5,-0.51,0.46,1.27,0.35,0.64,-0.16,-153.9,-162.3,-39.0,-0.31,4.41,0.07,0.0,0.7467931440499437,1.4438143925034133,0.2721329852627189,0.25,0,7,0.0
7.948798512001304,590,808.42,96.7,3.9,-37.6,0.11,1.34,1.03,0.31,0.7,-0.16,-155.5,-163.6,-30.0,-0.27,4.48,0.03,0.0,0.782112523873643,1.693694187272307,0.23207733333023906,0.25,0,7,0.0
7.958656579001399,591,808.43,96.8,4.0,-37.7,0.43,1.94,0.8,0.25,0.76,-0.14,-157.2,-164.3,-2.0,-0.22,4.44,-0.03,0.0,0.812219182240853,2.142078429936682,0.1979312614637686,0.25,0,7,0.0
7.968445632001021,592,808.44,96.8,4.1,-37.9,0.58,2.22,0.58,0.19,0.82,-0.12,-158.8,-164.2,-4.0,-0.18,4.46,-0.09,0.0,0.850235261559999,2.366685445934884,0.15671687850173022,0.25,0,7,0.0
7.978780331000962,593,808.45,96.8,4.2,-38.2,0.48,2.27,0.37,0.13,0.87,-0.11,-160.5,-164.3,-5.0,-0.13,4.48,-0.03,0.0,0.8865100112237876,2.3495105873351583,0.11803328626118281,0.25,0,7,0.0
7.989007523001419,594,808.46,96.8,4.3,-38.4,-0.1,2.1,0.18,0.07,0.91,-0.1,-162.1,-163.7,11.0,-0.09,4.4,-0.06,0.0,0.9181503144910425,2.110071088849852,0.0846651233340493,0.25,0,7,0.0
7.998719577000884,595,808.47,96.7,4.3,-38.6,-1.14,1.82,0.05,0.02,0.91,-0.08,-163.7,-159.6,37.0,-0.05,4.27,0.07,0.0,0.9137286249209883,2.1481387292258387,0.08730507664602138,0.25,0,7,0.0
8.008479559000989,596,808.48,96.6,4.3,-38.7,-1.69,1.45,0.0,-0.01,0.88,-0.09,-165.3,-154.0,49.0,-0.01,4.12,0.16,0.0,0.8846468221838588,2.226791413671249,0.11405914179548782,0.25,0,7,0.0
8.018795247000526,597,808.49,96.4,4.2,-38.8,-1.64,1.08,0.0,-0.03,0.85,-0.09,-166.8,-150.1,37.0,0.03,4.05,0.02,0.0,0.8552777326693358,1.9636700333813724,0.1405596666838106,0.25,0,7,0.0
8.028456597001423,598,808.5,96.2,4.2,-38.9,-1.14,0.69,0.04,-0.03,0.82,-0.09,-168.3,-146.2,38.0,0.07,3.93,-0.1,0.0,0.8254695633395576,1.3331541546272883,0.16696047929331703,0.25,0,7,0.0
8.038889643001312,599,808.51,96.2,4.1,-39.0,-0.41,0.27,0.0,-0.01,0.79,-0.11,-169.7,-142.8,41.0,0.1,3.81,-0.06,0.0,0.7976841480185,0.4909175083453431,0.19085097672208717,0.25,0,7,0.0
8.048424722001073,600,808.52,96.2,4.0,-39.0,0.28,-0.06,-0.18,0.01,0.8,-0.15,-171.1,-137.3,53.0,0.14,3.65,0.04,0.0,0.814002456998749,0.33823069050575527,0.1710420143870014,0.25,0,7,0.0
8.058670637999967,601,808.53,96.3,4.0,-39.0,0.58,-0.21,-0.33,0.06,0.81,-0.24,-172.4,-130.4,64.0,0.18,3.46,-0.06,0.0,0.8469356528095864,0.6995712972957081,0.13534664220464065,0.25,0,7,0.0
8.068485691001115,602,808.54,96.3,4.0,-39.0,0.79,-0.15,-0.46,0.12,0.81,-0.3,-173.7,-124.2,58.0,0.21,3.3,0.0,0.0,0.8720665112249181,0.926390846241477,0.1080114681135228,0.25,0,7,0.0
8.07886480200068,603,808.55,96.4,3.9,-39.0,1.4,0.02,-0.44,0.17,0.87,-0.37,-174.9,-118.4,56.0,0.24,3.16,-0.03,0.0,0.960572745813663,1.4676511847165865,0.019115128854282237,0.25,0,7,0.0
8.088479214000472,604,808.56,96.6,3.9,-39.0,1.79,0.38,-0.28,0.2,0.89,-0.43,-176.0,-114.6,39.0,0.27,3.07,-0.07,0.0,1.0084641788382966,1.8511888072263185,0.028200778086944323,0.25,0,7,0.0
8.098800781001046,605,808.57,96.8,3.9,-39.1,2.21,0.87,-0.24,0.22,0.88,-0.43,-177.2,-111.4,39.0,0.3,2.96,-0.07,0.0,1.0038426171467318,2.387174061521279,0.023107632067471906,0.25,0,7,0.0
8.108365284000683,606,808.58,97.0,3.9,-39.2,2.48,1.29,-0.4,0.24,0.92,-0.43,-178.2,-107.4,42.0,0.33,2.85,0.19,0.0,1.0435037134576954,2.823915721122003,0.061513353810866755,0.25,0,7,0.0
8.116430598000079,607,808.59,97.3,3.8,-39.3,2.2,1.83,-0.51,0.22,0.98,-0.44,-179.3,-102.3,47.0,0.36,2.71,0.07,0.0,1.096540012949824,2.9067163604314747,0.11225866023693531,0.25,0,7,0.0
8.12905487900025,608,808.6,97.4,3.8,-39.5,1.82,2.28,-0.49,0.18,1.04,-0.38,-180.3,-96.1,59.0,0.39,2.53,-0.1,0.0,1.1217842929904127,2.9581920154040033,0.13475288147197362,0.25,0,7,0.0
8.138704639000935,609,808.61,97.6,3.8,-39.8,1.52,2.49,-0.49,0.12,1.05,-0.32,-181.2,-88.3,78.0,0.41,2.28,0.01,0.0,1.1042191811411357,2.958141308321832,0.11484401423024271,0.25,0,7,0.0
8.148423304000971,610,808.62,97.7,3.8,-40.0,1.22,2.43,-0.47,0.05,1.05,-0.29,-182.0,-79.0,86.0,0.43,2.04,-0.14,0.0,1.0904586191139947,2.7593839892265812,0.09906178315903968,0.25,0,7,0.0
8.156474798001,611,808.63,97.8,3.8,-40.3,1.01,2.08,-0.49,0.0,1.0,-0.3,-182.7,-67.5,112.0,0.45,1.67,-0.09,0.0,1.044030650891055,2.3635989507528556,0.05158113863737812,0.25,0,7,0.0
8.169259886000873,612,808.64,97.9,3.7,-40.5,0.98,1.65,-0.67,0.0,0.93,-0.3,-183.3,-54.3,122.0,0.46,1.33,0.02,0.0,0.9771898484941399,2.0326829560952193,0.014954470484346283,0.25,0,7,0.0
8.178726531999928,613,808.65,98.0,3.7,-40.6,1.38,1.32,-0.83,0.02,0.97,-0.31,-183.7,-41.7,119.0,0.47,1.0,0.02,0.0,1.0185283501208986,2.082234376817365,0.025856350519564142,0.25,0,7,0.0
8.189265379000062,614,808.66,98.2,3.6,-40.8,1.68,1.1,-0.85,0.01,1.03,-0.3,-184.1,-30.1,119.0,0.48,0.67,-0.1,0.0,1.072846680565308,2.180573319106698,0.07857118734469415,0.25,0,7,0.0
8.198680360001163,615,808.67,98.4,3.5,-40.9,2.49,1.33,-0.79,0.02,1.17,-0.29,-184.3,-20.0,98.0,0.49,0.44,0.16,0.0,1.2055704044144413,2.931398983420715,0.20706901296995084,0.25,0,7,0.0
8.208622684000147,616,808.68,98.7,3.5,-41.0,2.88,1.72,-0.46,0.03,1.33,-0.21,-184.4,-9.5,123.0,0.49,0.06,-0.12,0.0,1.3468110483657312,3.385911989405513,0.3413434637828159,0.25,0,7,0.0
8.216380404999654,617,808.69,98.9,3.5,-41.2,2.32,1.86,-0.01,0.06,1.41,-0.11,-184.4,3.2,93.0,0.49,-0.12,-0.06,0.0,1.4155564276990162,2.973566881709574,0.401887066253779,0.25,0,7,0.0
8.228466180000396,618,808.7,99.0,3.5,-41.4,0.85,1.73,0.46,0.11,1.36,-0.02,-184.4,3.3,15.0,0.49,-0.05,-0.3,0.0,1.3645878498652992,1.981665965797465,0.3439001186516608,0.25,0,7,0.0
8.238798629001394,619,808.71,99.0,3.6,-41.6,-0.48,1.55,0.85,0.16,1.2,0.02,-184.4,1.7,6.0,0.49,-0.06,0.01,0.0,1.2107848694132248,1.8317750953651488,0.1862951954355947,0.25,0,7,0.0
8.248420490001081,620,808.72,98.9,3.7,-41.7,-0.98,1.79,1.04,0.14,1.05,0.06,-184.4,3.6,17.0,0.48,-0.12,0.01,0.0,1.0609901036296239,2.2904366395951667,0.03577042105895378,0.25,0,7,0.0
8.256463667999924,621,808.73,98.8,3.9,-41.9,-0.58,2.34,1.16,0.07,0.98,0.12,-184.3,8.7,53.0,0.48,-0.34,-0.12,0.0,0.9897979591815695,2.675369133409444,0.03471328892131864,0.25,0,7,0.0
8.268814316999851,622,808.74,98.8,4.0,-42.1,0.15,3.03,1.3,0.02,0.97,0.21,-184.1,19.6,112.0,0.48,-0.74,-0.03,0.0,0.9926731586982696,3.3005151113121722,0.031201327616526164,0.25,0,7,0.0
8.278959946999748,623,808.75,98.8,4.2,-42.4,0.83,3.41,1.68,0.0,1.02,0.31,-183.8,38.2,162.0,0.47,-1.26,0.04,0.0,1.0660675400742676,3.890938190205545,0.04134919268428239,0.25,0,7,0.0
8.28836165299981,624,808.76,98.9,4.5,-42.8,0.99,3.37,2.29,0.01,1.02,0.39,-183.3,58.7,200.0,0.45,-1.87,-0.17,0.0,1.0920622692868756,4.19298223225427,0.06599704345895252,0.25,0,7,0.0
8.298713011001382,625,808.77,98.9,4.8,-43.0,0.94,2.74,2.91,0.03,1.0,0.4,-182.5,82.7,237.0,0.42,-2.58,-0.01,0.0,1.0774506949276146,4.1060077934655705,0.050357759717697625,0.25,0,7,0.0
8.308921687001202,626,808.78,99.0,5.1,-43.2,0.99,1.67,3.4,0.08,0.96,0.33,-181.5,110.1,258.0,0.39,-3.31,-0.07,0.0,1.0182828683622247,3.915226685646694,0.008633865510738303,0.25,0,7,0.0
8.31873170000108,627,808.79,99.1,5.5,-43.2,1.7,0.67,3.55,0.12,0.95,0.25,-180.2,134.9,246.0,0.36,-3.95,-0.1,0.0,0.9896464014990405,3.99266828073658,0.03652492572644417,0.25,0,7,0.0
8.328394542000751,628,808.8,99.4,5.9,-43.2,2.91,-0.34,3.28,0.13,0.96,0.2,-178.7,158.0,233.0,0.31,-4.57,-0.18,0.0,0.9891915891272024,4.397965438700036,0.03624014333631653,0.25,0,7,0.0
8.336459919000845,629,808.81,99.8,6.1,-43.1,4.01,-1.23,2.5,0.11,1.0,0.07,-177.0,179.8,228.0,0.26,-5.18,-0.17,0.0,1.0084641788382966,4.882929448599477,0.016628202552717797,0.25,0,7,0.0
8.348970712000664,630,808.82,100.2,6.3,-42.9,4.96,-1.9,1.28,0.09,1.07,-0.07,-175.0,203.3,238.0,0.21,-5.84,-0.13,0.0,1.076057619275102,5.463515351859094,0.049945933126405606,0.25,0,7,0.0
8.358983119000186,631,808.83,100.7,6.3,-42.7,4.83,-2.24,0.05,0.07,1.23,-0.2,-172.8,228.4,243.0,0.14,-6.5,-0.2,0.0,1.2481185841096991,5.324377897933242,0.21756676000178277,0.25,0,7,0.0
8.368375068001114,632,808.84,101.1,6.2,-42.4,2.45,-2.23,-0.65,0.08,1.38,-0.33,-170.4,251.0,223.0,0.07,-7.08,-0.25,0.0,1.4211614968046382,3.376077605743091,0.3827974792427875,0.25,1,8,2.5
8.376486629000283,633,808.85,101.2,6.0,-42.2,-0.58,-1.7,-0.82,0.11,1.36,-0.39,-167.7,272.1,216.0,0.0,-7.65,-0.07,0.0,1.4190842117365694,1.97453792062852,0.37310579029122426,0.25,0,8,2.5
8.38927857300041,634,808.86,101.2,5.9,-42.1,-2.16,-0.76,-0.7,0.13,1.21,-0.39,-164.8,311.1,603.0,-0.08,-10.02,2.34,2.91,1.2779280104919837,2.3944101570115346,0.22731059726570568,0.25,0,8,2.5
8.398676659000557,635,808.87,101.0,5.9,-42.1,-1.89,0.24,-0.47,0.12,1.04,-0.36,-160.7,471.0,1389.0,-0.21,-15.02,2.44,2.91,1.1070682002478438,1.9622945752358385,0.05532177128113447,0.25,0,8,2.5
8.408665934000965,636,808.88,100.8,5.8,-42.2,-0.81,0.96,-0.25,0.16,0.95,-0.29,-154.7,646.8,1624.0,-0.4,-19.78,2.49,2.91,1.006081507632458,1.2807029319869616,0.04475162290756618,0.25,0,8,2.5
8.418734701001085,637,808.89,100.8,5.8,-42.3,1.46,1.33,-0.29,0.2,0.84,-0.22,-147.0,827.2,1800.0,-0.63,-24.91,1.94,2.91,0.8910667763978185,1.9961462872244609,0.15657102705936154,0.25,0,8,2.5
8.428439655999682,638,808.9,101.1,5.8,-42.5,2.92,1.55,-0.5,0.22,0.91,-0.19,-137.5,998.4,1547.0,-0.91,-28.57,0.52,2.91,0.9553009996854395,3.3434862045475824,0.09049006769630574,0.25,0,8,2.5
8.438700726999741,639,808.91,101.4,5.8,-42.6,2.84,1.53,-0.64,0.19,0.97,-0.19,-126.9,1071.3,823.0,-1.2,-29.53,0.23,2.91,1.0065286881157436,3.2887839697979553,0.038477131680681564,0.25,0,8,2.5
8.44904930499979,640,808.92,101.6,5.8,-42.8,2.11,1.52,-0.92,0.15,0.97,-0.2,-116.1,1074.2,136.0,-1.49,-28.75,-0.36,2.91,1.0016985574512922,2.7584234627772437,0.042441117098230174,0.25,0,8,2.5
8.458831036999982,641,808.93,101.7,5.8,-43.0,0.38,1.4,-1.07,0.07,1.01,-0.21,-105.6,1044.4,-87.0,-1.77,-28.24,0.26,2.91,1.0339729203417274,1.8025814822082247,0.009963419123639072,0.25,0,8,2.5
8.468405106001228,642,808.94,101.6,5.7,-43.1,-1.63,1.13,-1.0,-0.01,0.97,-0.15,-95.2,1045.4,-20.0,-2.06,-28.38,0.44,2.91,0.981580358401695,2.221215883249532,0.06110886144239813,0.25,0,8,2.5
8.476436778000789,643,808.95,101.4,5.6,-43.2,-2.86,0.57,-0.83,-0.05,0.94,-0.05,-84.7,1051.5,6.0,-2.34,-28.5,0.19,2.91,0.9426558226627574,3.032062004643045,0.09803272923770912,0.25,0,8,2.5
8.488846658001421,644,808.96,101.1,5.5,-43.3,-2.82,-0.11,-0.73,-0.08,0.86,-0.01,-74.3,1033.5,-128.0,-2.62,-27.95,0.72,2.91,0.863770802933278,2.9150300169981094,0.17337939398784474,0.25,0,8,2.5
8.4964314810004,645,808.97,100.8,5.5,-43.2,-2.3,-0.69,-0.63,-0.13,0.83,0.0,-64.0,1022.5,-59.0,-2.9,-27.87,1.05,2.91,0.840119039184329,2.482539022855431,0.19309053458205794,0.25,0,8,2.5
8.508872086000338,646,808.98,100.6,5.4,-43.1,-1.95,-1.26,-0.48,-0.17,0.87,0.01,-53.8,1020.3,1.0,-3.18,-27.88,1.46,2.91,0.8865100112237876,2.370759372015642,0.14376557129174738,0.25,0,8,2.5
8.5187042510006,647,808.99,100.4,5.3,-43.0,-1.61,-1.84,-0.25,-0.18,0.88,0.0,-43.6,1022.6,-48.0,-3.46,-27.61,0.72,2.91,0.8982204629154248,2.4576818345750127,0.12941401720810808,0.25,0,8,2.5
8.528367208000418,648,809.0,100.3,5.3,-42.8,-1.4,-2.49,-0.05,-0.11,0.88,0.03,-36.7,1015.0,-76.0,-3.73,-27.44,1.19,2.91,0.8873556220591606,2.8570264261991,0.13747328090308486,0.25,0,8,2.5
8.539014332000079,649,809.01,100.2,5.2,-42.5,-0.42,-3.08,0.0,-0.05,0.86,0.01,-23.4,994.9,-234.0,-4.0,-26.52,1.45,2.91,0.8615103017375938,3.108504463564432,0.1600522292001587,0.25,0,8,2.5
8.54837941400001,650,809.02,100.2,5.2,-42.2,-0.82,-3.45,0.17,-0.01,0.96,-0.06,-13.6,968.7,-168.0,-4.26,-26.22,2.55,2.91,0.9619251530134764,3.550183093869949,0.05844463036579073,0.25,0,8,0.0
8.5564288580008,651,809.03,100.1,5.1,-41.8,-1.53,-3.53,0.5,0.05,0.97,-0.12,-4.1,940.6,-426.0,-4.52,-24.51,4.2,2.91,0.9786725703727472,3.8796649339859233,0.04086326874638946,0.25,0,8,0.0
8.568742983999982,652,809.04,100.0,5.1,-41.5,-2.19,-3.11,0.81,-0.01,1.04,-0.22,4.4,800.9,-1544.0,-4.73,-18.31,1.24,0.0,1.0630616162763098,3.8889973000762033,0.04265526161402966,0.25,0,8,0.0
8.578977234999911,653,809.05,99.7,5.2,-41.2,-3.31,-2.99,1.07,-0.04,1.13,-0.1,10.1,459.1,-2944.0,-4.84,-8.14,1.13,0.0,1.1351211389098521,4.587057880602773,0.11242048856262055,0.25,0,8,0.0
8.588360417999866,654,809.06,99.4,5.2,-40.8,-2.55,-3.84,0.73,0.05,1.08,-0.02,12.4,137.2,-2923.0,-4.86,-0.38,1.05,0.0,1.0813417591122614,4.667011891992563,0.057468286589729134,0.25,0,8,0.0
8.598729188999641,655,809.07,99.2,5.2,-40.4,-4.29,-4.69,0.14,0.31,1.23,-0.2,12.2,-63.8,-1809.0,-4.84,2.57,0.13,0.0,1.2841339493993607,6.3576568010549295,0.25505526733929185,0.25,0,8,0.0
8.608937783001238,656,809.08,98.4,5.1,-40.0,-10.91,-3.19,0.89,0.35,1.27,-0.5,11.2,-112.4,-854.0,-4.81,3.45,0.15,0.0,1.4090422278980854,11.401591994103281,0.37236427492125634,0.25,0,8,0.0
8.618642467001337,657,809.09,97.1,5.3,-39.7,-14.12,-1.21,1.92,0.28,0.79,-0.34,9.8,-149.5,-578.0,-4.77,4.64,0.03,0.0,0.9044888059008802,14.301220227658897,0.12954536413442996,0.25,0,8,0.0
8.628679092000311,658,809.1,95.9,5.5,-39.7,-9.6,-0.04,2.07,0.2,0.33,0.02,8.0,-201.1,-542.0,-4.71,6.08,0.16,0.0,0.3863935817272332,9.820717896365824,0.6346877765419154,0.25,0,8,0.0
8.636511800001244,659,809.11,95.4,5.6,-39.7,-1.8,0.06,1.49,0.18,0.24,0.2,5.9,-250.6,-607.0,-4.64,7.99,0.17,0.0,0.36055512754639896,2.3374558819365983,0.6473157061082948,0.25,0,8,0.0
8.648992772999918,660,809.12,95.6,5.7,-39.6,4.61,-0.76,0.77,0.15,0.54,0.2,2.4,-344.3,-783.0,-4.54,10.34,0.39,0.0,0.5950630218724736,4.7352507853333385,0.4045516555465758,0.25,0,8,0.0
8.658765797999877,661,809.13,96.2,5.8,-39.5,6.54,-1.38,0.54,0.16,0.89,-0.02,-1.5,-423.9,-783.0,-4.42,12.45,0.1,0.0,0.9044888059008801,6.705788544235495,0.09322335408780591,0.25,0,8,0.0
8.66927263999969,662,809.14,96.8,5.9,-39.3,5.16,-1.36,0.45,0.18,1.11,-0.13,-6.2,-490.6,-650.0,-4.29,13.99,0.19,0.0,1.1319893992436503,5.35515639360794,0.13159169446986496,0.25,0,8,0.0
8.678980337999747,663,809.15,97.2,5.9,-39.2,1.82,-0.74,0.44,0.12,1.21,-0.29,-11.5,-542.1,-563.0,-4.14,15.39,0.12,0.0,1.2500399993600204,2.0133554082675023,0.24464944869451033,0.25,0,8,0.0
8.688364667001224,664,809.16,97.3,6.0,-39.2,-0.56,-0.68,0.49,0.14,1.09,-0.21,-17.2,-584.7,-381.0,-3.98,16.1,0.13,0.0,1.1188386836358495,1.0080178569846867,0.1111791703109326,0.25,0,8,0.0
8.698596336000264,665,809.17,97.3,6.0,-39.1,-0.18,-0.48,0.32,0.12,0.94,-0.2,-23.2,-609.5,-336.0,-3.81,16.97,0.01,0.0,0.96850400102426,0.604317797189525,0.03837240205464365,0.25,0,8,0.0
8.708848076999857,666,809.18,97.4,6.0,-39.0,0.96,-0.74,0.01,0.1,0.92,-0.18,-29.5,-631.8,-235.0,-3.64,17.44,0.11,0.0,0.942761899951414,1.2121468557893469,0.06283221306493991,0.25,0,8,0.0
8.718921931000295,667,809.19,97.6,6.0,-38.9,1.52,-0.8,-0.19,0.08,0.95,-0.23,-35.9,-653.1,-173.0,-3.46,17.81,-0.14,0.0,0.9807140255956371,1.7281492991058383,0.02438248567230239,0.25,0,8,0.0
8.728239886000665,668,809.2,97.8,6.0,-38.9,1.56,-0.86,-0.39,0.06,0.97,-0.25,-42.5,-657.3,-90.0,-3.28,17.94,-0.18,0.0,1.0034938963441682,1.823540512300179,0.0015705626252959792,0.25,0,8,0.0
8.738519120001001,669,809.21,97.9,5.9,-38.8,1.33,-0.87,-0.52,0.03,0.98,-0.3,-49.1,-667.2,-130.0,-3.1,18.36,0.02,0.0,1.025329215423027,1.6721842003798506,0.019859461324491567,0.25,0,8,0.0
8.748846333000984,670,809.22,98.0,5.8,-38.7,0.57,-0.87,-0.57,0.0,0.99,-0.34,-55.8,-666.5,49.0,-2.92,17.92,-0.01,0.0,1.0467568963231146,1.1860438440462477,0.04046139938008775,0.25,0,8,0.0
8.758747300000323,671,809.23,98.1,5.8,-38.6,-0.02,-0.95,-0.54,-0.01,0.99,-0.34,-62.4,-660.5,47.0,-2.74,17.81,-0.03,0.0,1.0468046618161384,1.0929318368498557,0.03969898157564922,0.25,0,8,0.0
8.768462797999746,672,809.24,98.0,5.7,-38.5,-0.56,-1.04,-0.47,-0.02,0.97,-0.31,-69.0,-652.3,37.0,-2.56,17.74,-0.08,0.0,1.0185283501208986,1.2712592182556635,0.011194216482801167,0.25,0,8,0.0
8.778860540000096,673,809.25,98.0,5.6,-38.4,-1.04,-1.21,-0.38,-0.01,0.95,-0.3,-75.5,-640.4,141.0,-2.39,17.17,-0.4,0.0,0.9962931295557548,1.6401524319403975,0.010820184000695732,0.25,0,8,0.0
8.788397043999794,674,809.26,97.8,5.6,-38.3,-1.43,-1.27,-0.27,0.01,0.91,-0.31,-81.7,-623.6,145.0,-2.22,16.79,-0.08,0.0,0.9614052215377239,1.931502006211746,0.04479393017835209,0.25,0,8,0.0
8.796443633000308,675,809.27,97.7,5.5,-38.2,-1.55,-1.19,-0.2,0.03,0.86,-0.3,-87.9,-615.7,91.0,-2.05,16.6,-0.16,0.0,0.9113177272499421,1.9643319475078544,0.09298379597681128,0.25,0,8,0.0
8.808923800999764,676,809.28,97.6,5.5,-38.1,-1.27,-1.12,-0.26,0.03,0.79,-0.29,-93.9,-592.5,202.0,-1.89,15.87,-0.08,0.0,0.8420807562223471,1.7131549842323082,0.15897635166431812,0.25,0,8,0.0
8.816430832999686,677,809.29,97.5,5.5,-38.0,-0.69,-1.08,-0.46,0.04,0.76,-0.3,-99.7,-576.0,198.0,-1.74,15.33,0.04,0.0,0.8180464534487024,1.361653406708183,0.17935044134920353,0.25,0,8,0.0
8.828847095001038,678,809.3,97.5,5.4,-37.9,0.06,-1.04,-0.67,0.07,0.78,-0.31,-105.3,-553.5,180.0,-1.59,14.89,-0.18,0.0,0.8422588675698226,1.2385879056409361,0.15203526668352163,0.25,0,8,0.0
8.838962088000699,679,809.31,97.5,5.3,-37.8,0.39,-0.88,-0.67,0.11,0.84,-0.33,-110.7,-531.7,254.0,-1.44,14.05,0.24,0.0,0.9091754506144564,1.1727744881263404,0.08341630996611016,0.25,0,8,0.0
8.84840316700138,680,809.32,97.5,5.2,-37.7,0.42,-0.52,-0.52,0.14,0.84,-0.37,-115.8,-503.9,250.0,-1.31,13.39,0.07,0.0,0.9284934033152846,0.8468766143896052,0.0628163901199763,0.25,0,8,0.0
8.856430929001363,681,809.33,97.6,5.2,-37.7,0.77,-0.08,-0.47,0.16,0.8,-0.39,-120.7,-478.6,246.0,-1.18,12.74,-0.18,0.0,0.904267659490264,0.9056489386070079,0.08530129126609698,0.25,0,8,0.0
8.869228489000307,682,809.34,97.7,5.1,-37.7,1.47,0.37,-0.52,0.18,0.77,-0.4,-125.3,-455.7,259.0,-1.05,12.0,-0.23,0.0,0.886171540955813,1.6025604512778917,0.10132946160453704,0.25,0,8,0.0
8.878830753001239,683,809.35,97.9,5.1,-37.8,2.2,0.8,-0.67,0.19,0.78,-0.41,-129.6,-418.1,351.0,-0.94,10.9,0.02,0.0,0.901443287178955,2.434933263972547,0.08433656107376708,0.25,0,8,0.0
8.888417187001323,684,809.36,98.1,5.0,-37.9,2.53,1.29,-0.86,0.19,0.78,-0.4,-133.6,-383.0,343.0,-0.84,9.97,-0.14,0.0,0.8969392398596463,2.9672546233850574,0.08706379622521432,0.25,0,8,0.0
8.896466641001098,685,809.37,98.4,4.9,-38.1,3.07,1.76,-1.2,0.19,0.78,-0.45,-137.1,-343.6,399.0,-0.75,8.79,-0.18,0.0,0.9203260291874832,3.7366428783066756,0.06240346675942987,0.25,0,8,0.0
8.908813336000094,686,809.38,98.7,4.8,-38.3,3.55,2.36,-1.55,0.17,0.85,-0.45,-140.3,-299.2,425.0,-0.67,7.59,-0.08,0.0,0.9766780431646859,4.5359232797744715,0.00593042372658259,0.25,0,8,0.0
8.918706939000913,687,809.39,99.0,4.7,-38.6,3.32,2.88,-1.56,0.18,1.0,-0.37,-143.0,-256.1,431.0,-0.6,6.42,-0.21,0.0,1.0813417591122614,4.663732410848633,0.09675862637657306,0.25,0,8,0.0
8.928427766000823,688,809.4,99.3,4.6,-38.9,2.42,3.14,-1.2,0.17,1.09,-0.24,-145.2,-210.0,456.0,-0.55,5.14,-0.25,0.0,1.1289818421923359,4.141980202753268,0.14151073526751456,0.25,0,8,0.0
8.938725259000421,689,809.41,99.5,4.6,-39.2,2.68,3.0,-1.01,0.17,1.12,-0.11,-147.0,-161.4,482.0,-0.5,3.78,-0.47,0.0,1.1381564040148437,4.147589661478098,0.14767159114822204,0.25,0,8,0.0
8.948375996000323,690,809.42,99.8,4.6,-39.5,3.18,2.7,-1.05,0.17,1.22,0.03,-148.3,-114.0,477.0,-0.47,2.49,-0.51,0.0,1.232152587953294,4.301732209238506,0.23683441958493878,0.25,0,8,0.0
8.958987500000148,691,809.43,100.1,4.5,-39.8,2.56,2.28,-1.27,0.13,1.31,0.18,-149.1,-65.9,475.0,-0.46,1.21,-0.25,0.0,1.3286835590162167,3.6558036052282676,0.3266980828349042,0.25,0,9,0.0
8.968393715000275,692,809.44,100.2,4.4,-40.0,0.86,1.6,-1.62,0.1,1.36,0.29,-149.4,-16.4,497.0,-0.46,-0.16,-0.07,0.0,1.3941664176130482,2.433926868252208,0.38433732260310083,0.25,0,9,0.0
8.978478835000715,693,809.45,100.2,4.2,-40.2,-0.73,1.04,-2.11,0.1,1.31,0.3,-149.3,23.2,374.0,-0.46,-0.96,0.01,0.0,1.3476275449841475,2.46304689358526,0.3310424809747161,0.25,0,9,0.0
8.98855492400071,694,809.46,100.1,4.0,-40.3,-1.62,0.6,-2.64,0.09,1.23,0.27,-148.9,47.4,288.0,-0.48,-1.6,0.0,0.0,1.2624975247500487,3.154996038032378,0.24099421152580502,0.25,0,9,0.0
8.998481454000284,695,809.47,99.9,3.7,-40.4,-1.99,0.37,-2.82,0.05,1.16,0.22,-148.2,71.9,255.0,-0.5,-2.24,-0.1,0.0,1.181736011129389,3.471224567785841,0.1570280439470424,0.25,0,9,0.0
9.008500351999828,696,809.48,99.7,3.5,-40.5,-1.69,0.02,-2.54,-0.05,1.07,0.25,-147.3,95.9,240.0,-0.52,-2.88,-0.06,0.0,1.0999545445153631,3.0509178946671116,0.073741645786356,0.25,0,9,0.0
9.018826483999874,697,809.49,99.6,3.2,-40.5,-0.16,-0.7,-2.15,-0.14,0.97,0.25,-146.2,120.0,245.0,-0.56,-3.57,-0.21,0.0,1.0114346246792225,2.2667377439836307,0.01448270856878886,0.25,0,9,0.0
9.028403776999767,698,809.5,99.7,3.0,-40.4,2.08,-1.45,-1.87,-0.19,0.97,0.19,-144.8,142.9,218.0,-0.6,-4.11,-0.06,0.0,1.0065286881157436,3.150523765979238,0.019000872229622434,0.25,0,9,0.0
9.036441067000851,699,809.51,100.0,2.8,-40.2,3.93,-2.3,-1.51,-0.19,1.09,0.15,-143.3,161.4,190.0,-0.64,-4.6,0.03,0.0,1.1165572085656874,4.7973951265243935,0.08920709525591497,0.25,0,9,0.0
9.048775018000015,700,809.52,100.5,2.6,-40.0,4.63,-3.05,-1.15,-0.14,1.23,0.07,-141.7,174.0,141.0,-0.69,-4.88,0.0,0.0,1.2399193522161027,5.6623228449109115,0.20831785412820358,0.25,0,9,0.0
9.058799496000574,701,809.53,100.9,2.5,-39.7,4.35,-3.7,-0.78,-0.07,1.33,-0.03,-139.7,183.4,92.0,-0.74,-5.05,0.0,0.0,1.3321786666960254,5.763757454994094,0.29456562523596364,0.25,0,9,0.0
9.06839018500068,702,809.54,101.3,2.3,-39.3,3.39,-4.19,-0.45,-0.01,1.38,-0.13,-137.9,186.3,32.0,-0.79,-5.03,0.08,0.0,1.386145735483827,5.408391627831698,0.34156204014328995,0.25,0,9,0.0
9.078803943000821,703,809.55,101.6,2.2,-38.9,2.1,-4.55,-0.32,0.03,1.37,-0.19,-136.1,176.0,-105.0,-0.84,-4.5,0.06,0.0,1.3834377470634522,5.021444015420265,0.332076970688457,0.25,0,9,0.0
9.088464541000576,704,809.56,101.7,2.1,-38.4,0.66,-4.67,-0.37,0.08,1.37,-0.27,-134.5,144.7,-304.0,-0.88,-3.34,0.23,0.0,1.3986421987055875,4.730898434758455,0.3403357938839804,0.25,0,9,0.0
9.098741224999685,705,809.57,101.7,2.0,-38.0,-1.17,-4.34,-0.34,0.11,1.38,-0.33,-133.4,91.4,-497.0,-0.9,-1.7,0.16,0.0,1.4231654858097142,4.507782159776579,0.3575618993683449,0.25,0,9,0.0
9.108262900999762,706,809.58,101.5,1.9,-37.6,-3.24,-3.9,-0.15,0.12,1.3,-0.31,-133.0,25.2,-616.0,-0.9,0.14,0.1,0.0,1.3418271125595875,5.072484598300916,0.27069905559585394,0.25,0,9,0.0
9.118783914000232,707,809.59,101.1,1.9,-37.2,-4.91,-3.46,0.09,0.12,1.18,-0.28,-133.1,-29.5,-501.0,-0.89,1.28,0.14,0.0,1.2186878189265697,6.007312210964234,0.14460856672357947,0.25,0,9,0.0
9.128462642000159,708,809.6,100.6,1.9,-36.9,-5.7,-3.05,0.39,0.11,1.06,-0.24,-133.7,-67.2,-422.0,-0.87,2.3,-0.07,0.0,1.092382716816776,6.47646508521431,0.01793739532150984,0.25,0,9,0.0
9.138666205000845,709,809.61,100.1,1.9,-36.6,-5.29,-2.56,0.76,0.1,0.96,-0.19,-134.6,-106.6,-416.0,-0.84,3.41,0.21,0.0,0.9837174391053561,5.925816399450796,0.08891332474211178,0.25,0,9,0.0
9.148454518001017,710,809.62,99.6,2.0,-36.4,-4.3,-2.03,1.14,0.09,0.89,-0.13,-136.0,-147.7,-408.0,-0.8,4.5,0.26,0.0,0.903935838431025,4.889836398081228,0.165321026908114,0.25,0,9,0.0
9.158796265001001,711,809.63,99.2,2.1,-36.2,-3.18,-1.57,1.46,0.12,0.82,-0.08,-137.7,-187.7,-402.0,-0.75,5.59,0.19,0.0,0.8325863318599458,3.8352183770940607,0.23193712280960943,0.25,0,9,0.0
9.168345434000003,712,809.64,99.0,2.3,-36.0,-2.08,-1.26,1.61,0.17,0.78,-0.07,-139.9,-225.9,-372.0,-0.68,6.55,0.15,0.0,0.801373820385967,2.9165219011692676,0.2578866415979164,0.25,0,9,0.0
9.176441113000692,713,809.65,98.8,2.4,-35.9,-1.48,-0.91,1.64,0.22,0.78,-0.1,-142.1,-255.4,-335.0,-0.62,7.3,0.07,0.0,0.8165782265037441,2.3891630333654503,0.23782859077053653,0.25,0,9,0.0
9.189205673001197,714,809.66,98.7,2.6,-35.8,-1.29,-0.37,1.58,0.27,0.78,-0.14,-144.8,-281.0,-249.0,-0.54,7.84,0.08,0.0,0.8371977066380437,2.0730171248689677,0.21286492842351212,0.25,0,9,0.0
9.198582335000538,715,809.67,98.6,2.7,-35.8,-1.12,0.27,1.46,0.29,0.78,-0.17,-147.7,-293.5,-152.0,-0.46,8.09,0.19,0.0,0.849352694703443,1.8598118184375536,0.1966957415509506,0.25,0,9,0.0
9.208793196001352,716,809.68,98.5,2.9,-35.8,-1.01,1.04,1.34,0.28,0.79,-0.19,-150.7,-302.7,-107.0,-0.38,8.32,0.0,0.0,0.859418407994616,1.9741580483841714,0.18289742769458195,0.25,0,9,0.0
9.218796619999921,717,809.69,98.4,3.0,-35.9,-0.93,1.63,1.15,0.25,0.8,-0.13,-153.8,-308.1,-53.0,-0.3,8.37,0.0,0.0,0.8481745103456011,2.2009770557640986,0.19025849883672485,0.25,0,9,0.0
9.22787978999986,718,809.7,98.3,3.1,-36.1,-0.86,2.03,0.92,0.22,0.81,-0.13,-156.9,-307.3,-6.0,-0.21,8.32,0.09,0.0,0.8493526947034431,2.3889118861942142,0.18529870818930516,0.25,0,9,0.0
9.23853811400113,719,809.71,98.2,3.2,-36.3,-0.92,2.39,0.69,0.18,0.84,-0.1,-160.0,-305.9,4.0,-0.13,8.3,-0.1,0.0,0.864869932417586,2.65228203628498,0.166385841065659,0.25,0,9,0.0
9.248822272000325,720,809.72,98.0,3.3,-36.5,-1.31,2.43,0.47,0.14,0.86,-0.07,-163.0,-298.6,80.0,-0.05,7.93,-0.01,0.0,0.8741281370600079,2.800339265160563,0.15398508369477237,0.25,0,9,0.0
9.258699269999852,721,809.73,97.9,3.4,-36.8,-1.82,2.55,0.33,0.07,0.85,-0.09,-165.9,-281.3,149.0,0.02,7.43,-0.24,0.0,0.8576129663198895,3.1502063424480626,0.167090249346193,0.25,0,9,0.0
9.26861126699987,722,809.74,97.6,3.5,-37.0,-2.11,2.54,0.29,0.02,0.83,-0.07,-168.5,-264.0,158.0,0.09,6.98,0.03,0.0,0.8331866537577279,3.314785060905156,0.18768623067018742,0.25,0,9,0.0
9.278702446001262,723,809.75,97.4,3.5,-37.3,-1.84,2.5,0.29,-0.01,0.78,-0.07,-171.1,-246.2,183.0,0.15,6.43,0.06,0.0,0.783198569968051,3.1176433407303024,0.23292082817066695,0.25,0,9,0.0
9.288854798000102,724,809.76,97.2,3.5,-37.5,-1.31,2.24,0.32,-0.03,0.77,-0.07,-173.4,-223.5,219.0,0.21,5.77,-0.09,0.0,0.7737570678190927,2.6145936586781513,0.23751508371323282,0.25,0,9,0.0
9.298755175999759,725,809.77,97.1,3.6,-37.7,-0.55,1.91,0.32,-0.04,0.74,-0.08,-175.4,-197.5,251.0,0.27,5.04,-0.17,0.0,0.7453858061433689,2.013206397764521,0.2605686184811775,0.25,0,9,0.0
9.308367124000142,726,809.78,97.1,3.6,-37.9,0.26,1.47,0.19,-0.03,0.73,-0.11,-177.2,-171.2,257.0,0.31,4.34,-0.02,0.0,0.738850458482635,1.5048587973627292,0.2617618868190732,0.25,0,9,0.0
9.318825705000563,727,809.79,97.1,3.6,-38.0,0.65,1.11,-0.06,0.0,0.75,-0.18,-178.7,-143.8,271.0,0.35,3.57,-0.11,0.0,0.7712976079309465,1.2877111477346153,0.22472844262334646,0.25,0,9,0.0
9.328365233999648,728,809.8,97.2,3.6,-38.1,0.51,0.87,-0.3,0.04,0.78,-0.24,-180.0,-115.3,286.0,0.38,2.76,-0.16,0.0,0.8170679286326199,1.0521406750050109,0.17537895948323956,0.25,0,9,0.0
9.336400927000795,729,809.81,97.2,3.6,-38.2,0.45,0.84,-0.42,0.09,0.85,-0.29,-180.9,-86.1,283.0,0.4,2.01,-0.05,0.0,0.9026073343375844,1.0413932974625868,0.0880427627027095,0.25,0,9,0.0
9.34872985200127,730,809.82,97.3,3.5,-38.3,0.66,0.9,-0.35,0.11,0.89,-0.31,-181.6,-60.6,254.0,0.42,1.35,-0.14,0.0,0.9488413987595609,1.1696580696938743,0.04097252431511844,0.25,0,9,0.0
9.358727126000304,731,809.83,97.3,3.5,-38.4,0.71,0.99,-0.3,0.13,0.92,-0.32,-182.1,-38.0,228.0,0.43,0.77,-0.02,0.0,0.9827003612495521,1.2546712716883255,0.006971290588624668,0.25,0,9,0.0
9.36837200500122,732,809.84,97.4,3.5,-38.5,0.75,1.09,-0.25,0.14,0.95,-0.33,-182.3,-16.2,222.0,0.43,0.18,0.08,0.0,1.0153817016275208,1.3465140177510222,0.025195848793557185,0.25,0,9,0.0
9.376456621001125,733,809.85,97.4,3.5,-38.6,0.58,1.13,-0.33,0.13,0.96,-0.31,-182.3,0.0,148.0,0.43,-0.09,0.03,0.0,1.017152889196113,1.3123261789661897,0.026427695634906323,0.25,0,9,0.0
9.38875748800092,734,809.86,97.5,3.5,-38.7,0.28,1.17,-0.43,0.13,1.0,-0.32,-182.3,3.6,54.0,0.43,-0.09,0.12,0.0,1.0579697538209683,1.2775758294520134,0.06589966905456635,0.25,0,9,0.0
9.398727384999802,735,809.87,97.5,3.4,-38.8,-0.25,1.28,-0.32,0.1,1.06,-0.29,-182.3,2.6,8.0,0.43,-0.03,0.0,0.0,1.1034944494649714,1.3428700607281407,0.10919587740459813,0.25,0,9,0.0
9.408378195001205,736,809.88,97.5,3.4,-39.0,-0.34,1.15,-0.2,0.05,1.04,-0.21,-182.3,0.6,-10.0,0.43,0.01,-0.01,0.0,1.0621675950620977,1.2157713600837945,0.06651164254168984,0.25,0,9,0.0
9.418713017999835,737,809.89,97.5,3.4,-39.1,0.05,0.76,-0.36,0.01,1.0,-0.19,-182.3,-1.3,-9.0,0.43,0.03,-0.03,0.0,1.0179390944452424,0.842436941260294,0.02183747908633793,0.25,0,9,0.0
9.428792462000274,738,809.9,97.5,3.3,-39.1,-0.2,0.31,-0.57,0.0,1.02,-0.21,-182.3,-0.5,6.0,0.43,0.0,0.01,0.0,1.0413932974625868,0.6789698078707181,0.044385848461608646,0.25,0,9,0.0
9.43877818600049,739,809.91,97.5,3.3,-39.1,-0.78,-0.03,-0.69,-0.01,1.02,-0.24,-182.3,0.0,2.0,0.43,0.0,0.0,0.0,1.047902667235846,1.0418253212511202,0.04987731387017047,0.25,0,9,0.0
9.448463090000587,740,809.92,97.4,3.2,-39.1,-0.97,-0.32,-0.8,0.01,0.99,-0.29,-182.3,0.0,0.0,0.43,0.01,0.0,0.0,1.031649165171959,1.297420517796755,0.032951335570157836,0.25,0,9,0.0
9.45879477500057,741,809.93,97.3,3.1,-39.1,-0.52,-0.16,-0.84,0.05,1.01,-0.32,-182.3,0.0,3.0,0.43,-0.01,0.07,0.0,1.0606601717798212,1.0007996802557442,0.06072309533445963,0.25,0,9,0.0
9.468456817001424,742,809.94,97.3,3.0,-39.1,0.08,0.19,-0.79,0.08,1.03,-0.35,-182.3,-0.2,1.0,0.43,0.0,0.05,0.0,1.0907795377618705,0.8164557550780079,0.0890256120901789,0.25,0,9,0.0
9.478709521999917,743,809.95,97.3,3.0,-39.2,0.82,0.91,-0.67,0.11,1.1,-0.35,-182.3,0.4,1.0,0.43,0.0,0.0,0.0,1.1595688854052615,1.3962091533864116,0.15465866053889843,0.25,0,9,0.0
9.48867982000047,744,809.96,97.4,2.9,-39.3,1.47,1.61,-0.37,0.12,1.18,-0.31,-182.3,0.0,2.0,0.43,-0.01,0.1,0.0,1.2259282197584,2.2113118278524175,0.21659763499419626,0.25,0,9,0.0
9.498721507001392,745,809.97,97.6,2.9,-39.5,1.85,2.16,0.0,0.13,1.23,-0.26,-182.3,0.3,2.0,0.43,0.0,0.03,0.0,1.263882905968745,2.843958508839396,0.24946127478045055,0.25,0,9,0.0
9.5084375990009,746,809.98,97.8,3.0,-39.8,1.67,2.39,0.38,0.14,1.21,-0.2,-182.3,0.8,8.0,0.43,-0.03,0.0,0.0,1.234382436686459,2.9403061065134017,0.21556158938820125,0.25,0,9,0.0
9.518745405001027,747,809.99,97.9,3.2,-40.0,1.16,2.33,0.71,0.16,1.17,-0.13,-182.3,2.1,7.0,0.43,-0.06,-0.15,0.0,1.1880235687897778,2.6978880629114323,0.16581866706168946,0.25,0,9,0.0
9.5288465550002,748,810.0,97.9,3.2,-40.0,1.16,2.33,0.71,0.16,1.17,-0.13,-182.2,2.2,9.0,0.43,-0.09,0.04,0.0,1.1880235687897778,2.6978880629114323,0.16250229372045566,0.25,0,9,0.0
9.538699830000041,749,810.01,98.0,3.5,-40.4,0.52,2.3,1.26,0.08,1.04,-0.01,-182.2,3.8,11.0,0.43,-0.12,-0.02,0.0,1.0431203190428227,2.6735743864721626,0.017247063094030457,0.25,0,9,0.0
9.54838820400073,750,810.02,98.1,3.7,-40.6,0.79,2.28,1.36,0.01,1.03,0.07,-182.1,5.9,26.0,0.42,-0.21,-0.02,0.0,1.0324243313676793,2.7698555919036645,0.00642005391050926,0.25,0,9,0.0
9.556441426000674,751,810.03,98.1,3.8,-40.8,0.89,2.18,1.49,-0.05,1.08,0.17,-182.0,10.5,45.0,0.42,-0.35,0.01,0.0,1.094440496326776,2.786503184997283,0.06706749449221383,0.25,0,9,0.0
9.568865962000928,752,810.04,98.2,4.0,-41.0,0.49,1.96,1.77,-0.09,1.13,0.26,-181.9,15.5,52.0,0.42,-0.51,0.02,0.0,1.1630133275246677,2.686000744601535,0.13292751917630352,0.25,0,9,0.0
9.57869688900064,753,810.05,98.2,4.2,-41.1,-0.15,1.53,2.23,-0.09,1.15,0.3,-181.7,26.5,108.0,0.41,-0.9,-0.16,0.0,1.191889256600629,2.708560503293216,0.15856737928721953,0.25,0,9,0.0
9.588459802000216,754,810.06,98.2,4.5,-41.2,-0.37,1.0,2.67,-0.06,1.14,0.29,-181.3,42.9,156.0,0.4,-1.4,0.12,0.0,1.1778370006074694,2.875030434621519,0.14162482082817873,0.25,0,9,0.0
9.598805800000264,755,810.07,98.1,4.8,-41.3,-0.13,0.41,2.98,-0.02,1.1,0.26,-180.7,63.2,197.0,0.38,-2.0,-0.22,0.0,1.1304866208850064,3.010880269954287,0.09238895228360144,0.25,0,9,0.0
9.60844433100101,756,810.08,98.2,5.1,-41.2,0.39,-0.33,3.07,0.03,1.07,0.23,-180.0,84.4,224.0,0.35,-2.65,-0.01,0.0,1.0948515881159417,3.112217858698198,0.05561884112424598,0.25,0,9,0.0
9.61878648000129,757,810.09,98.2,5.4,-41.1,0.76,-1.1,2.85,0.1,1.04,0.16,-178.9,110.4,223.0,0.32,-3.25,-0.14,0.0,1.0569768209379051,3.1480311307228206,0.017389192467285097,0.25,0,9,0.0
9.628483915999823,758,810.1,98.3,5.6,-40.9,0.9,-1.74,2.35,0.16,1.03,0.07,-177.7,133.0,230.0,0.29,-3.9,-0.07,0.0,1.04470091413763,3.0594280511232816,0.005011019953669704,0.25,0,9,0.0
9.638806351000312,759,810.11,98.4,5.8,-40.7,0.78,-2.04,1.71,0.2,1.03,-0.01,-176.2,157.3,236.0,0.24,-4.55,0.03,0.0,1.049285471165974,2.773824075171315,0.009403665442373477,0.25,0,9,0.0
9.648397298000418,760,810.12,98.5,5.9,-40.5,0.52,-2.16,1.0,0.22,1.04,-0.04,-174.4,181.6,245.0,0.19,-5.24,0.19,0.0,1.063766891757776,2.43639077325457,0.023407384313492097,0.25,0,9,0.0
9.656480413999816,761,810.13,98.6,5.9,-40.2,0.37,-1.93,0.44,0.24,1.07,-0.11,-172.4,207.1,251.0,0.13,-5.94,-0.02,0.0,1.1020889256316844,2.013802373620609,0.06049482982365251,0.25,0,9,0.0
9.66924960400138,762,810.14,98.6,6.0,-40.1,0.13,-1.47,0.12,0.25,1.06,-0.16,-170.2,231.4,235.0,0.07,-6.56,-0.03,0.0,1.10077245605075,1.4806079832285115,0.0579947930378637,0.25,0,9,0.0
9.67877530900114,763,810.15,98.7,5.9,-40.0,0.12,-0.95,-0.05,0.23,1.02,-0.18,-167.7,252.0,212.0,0.0,-7.09,-0.11,0.0,1.0609901036296239,0.9588534820294495,0.01784819180440289,0.25,0,9,0.0
9.688481299999694,764,810.16,98.7,5.9,-39.9,0.35,-0.51,-0.25,0.21,0.97,-0.16,-165.0,274.9,241.0,-0.06,-7.81,-0.12,0.0,1.0052860289489753,0.6671581521648371,0.037098765218720686,0.25,0,9,0.0
9.69882672300082,765,810.17,98.8,6.0,-39.9,0.52,-0.15,-0.48,0.17,0.95,-0.15,-162.1,302.4,252.0,-0.15,-8.51,0.04,0.0,0.9766780431646859,0.7233947746562731,0.06439261598294987,0.25,0,9,0.0
9.708394179000607,766,810.18,98.8,5.9,-39.9,0.4,0.09,-0.71,0.13,0.96,-0.14,-158.9,324.0,215.0,-0.24,-9.04,0.08,0.0,0.9788258272031853,0.8198780397107853,0.06099993530556147,0.25,0,9,0.0
9.716420681001182,767,810.19,98.8,5.9,-39.9,-0.11,0.31,-0.89,0.09,0.96,-0.12,-155.6,343.0,204.0,-0.33,-9.58,-0.29,0.0,0.9716480844420988,0.9488413987595609,0.06681412450531499,0.25,0,9,0.0
9.729015582999637,768,810.2,98.7,5.8,-40.0,-0.87,0.48,-1.0,0.06,0.94,-0.09,-152.0,364.1,208.0,-0.43,-10.15,-0.01,0.0,0.9462029380635002,1.4097162835123953,0.09041408546623542,0.25,0,9,0.0
9.73882666999998,769,810.21,98.6,5.6,-40.0,-1.43,0.54,-1.07,0.04,0.89,-0.05,-148.2,384.6,212.0,-0.54,-10.74,-0.09,0.0,0.8923003978481686,1.8658510122729521,0.14143029316793576,0.25,0,9,0.0
9.748202493999997,770,810.22,98.4,5.5,-40.1,-1.69,0.5,-1.14,0.01,0.86,-0.02,-144.2,409.6,225.0,-0.65,-11.37,-0.01,0.0,0.8602906485601246,2.0989759407863633,0.16997124160686028,0.25,0,9,0.0
9.75849986600042,771,810.23,98.2,5.4,-40.2,-1.66,0.3,-1.22,-0.02,0.84,0.0,-140.0,423.6,145.0,-0.76,-11.63,-0.22,0.0,0.840238061504,2.0818261214616363,0.18622335208972507,0.25,0,9,0.0
9.769044208000196,772,810.24,98.0,5.3,-40.2,-1.45,0.02,-1.27,-0.05,0.84,0.01,-135.6,436.4,141.0,-0.88,-12.02,-0.15,0.0,0.8415461959987698,1.9276410454231359,0.18121691324305633,0.25,0,9,0.0
9.778685088000202,773,810.25,97.9,5.2,-40.2,-1.24,-0.31,-1.24,-0.05,0.87,0.01,-131.2,441.2,45.0,-1.0,-11.98,-0.02,0.0,0.8714929718592113,1.780814420426789,0.14824473463496246,0.25,0,9,0.0
9.788472763000755,774,810.26,97.8,5.0,-40.2,-1.17,-0.64,-1.12,-0.02,0.9,0.0,-126.8,449.2,120.0,-1.13,-12.46,0.35,0.0,0.9002221947941519,1.7415223225672416,0.11712520146602146,0.25,0,9,0.0
9.798802893999891,775,810.27,97.7,4.9,-40.1,-1.14,-0.81,-1.02,0.0,0.91,-0.04,-122.2,459.3,56.0,-1.25,-12.47,-0.16,0.0,0.9108786966440702,1.7309246084101988,0.10433932562378112,0.25,0,9,0.0
9.808408210999914,776,810.28,97.5,4.8,-40.0,-1.16,-0.73,-0.89,0.04,0.94,-0.09,-117.6,460.4,44.0,-1.38,-12.58,-0.19,0.0,0.9451454914456292,1.6341970505419472,0.06867108020577772,0.25,0,9,0.0
9.816492490999735,777,810.29,97.4,4.7,-40.0,-1.42,-0.4,-0.67,0.07,0.97,-0.12,-113.0,465.8,48.0,-1.5,-12.73,-0.08,0.0,0.9798979538707079,1.6202777539668933,0.03324024542508497,0.25,0,9,0.0
9.829052409000724,778,810.3,97.3,4.6,-40.0,-1.69,0.08,-0.39,0.09,0.96,-0.14,-108.2,475.9,87.0,-1.63,-13.02,-0.05,0.0,0.9743202758846805,1.7362603491412225,0.038041564942890016,0.25,0,9,0.0
9.838910956999825,779,810.31,97.1,4.6,-40.0,-1.67,0.56,-0.11,0.09,0.94,-0.14,-103.5,470.9,-67.0,-1.76,-12.58,0.03,0.0,0.9546203433826455,1.7648229372942772,0.05658666749602648,0.25,0,9,0.0
9.848419834999731,780,810.32,96.9,4.7,-40.1,-1.63,0.86,0.18,0.09,0.92,-0.12,-98.9,453.8,-144.0,-1.88,-12.06,-0.13,0.0,0.932148056909416,1.8517289218457436,0.07747777488987073,0.25,0,9,0.0
9.856463719001113,781,810.33,96.8,4.7,-40.2,-1.39,1.01,0.45,0.07,0.91,-0.11,-94.6,414.4,-405.0,-1.99,-10.5,0.23,0.0,0.9192932067626738,1.7761475163960903,0.08852597253588068,0.25,0,9,0.0
9.868191515000944,782,810.34,96.6,4.8,-40.3,-1.39,1.0,0.63,0.05,0.92,-0.12,-90.9,352.1,-556.0,-2.09,-8.77,0.37,0.0,0.9291393867445292,1.8245547402037572,0.07710619670294472,0.25,0,9,0.0
9.878947441000491,783,810.35,96.5,4.8,-40.4,-1.69,0.95,0.7,0.03,0.96,-0.1,-87.9,280.8,-692.0,-2.16,-6.66,0.29,0.0,0.9656603957913983,2.061213234966242,0.03977348390295421,0.25,0,9,0.0
9.888427720999971,784,810.36,96.3,4.9,-40.5,-2.13,0.75,0.66,0.04,0.98,-0.11,-85.6,199.7,-769.0,-2.21,-4.46,0.29,0.0,0.9869650449737316,2.352658071203718,0.018099458026208493,0.25,0,9,0.0
9.898650961000385,785,810.37,96.1,4.9,-40.5,-2.51,0.63,0.54,0.06,0.99,-0.14,-84.1,121.5,-772.0,-2.24,-2.35,0.1,0.0,1.0016486409914407,2.6435960357059094,0.0033475447683293247,0.25,0,9,0.0
9.908550513000591,786,810.38,95.8,5.0,-40.6,-3.04,0.83,0.45,0.08,1.0,-0.17,-83.5,46.2,-745.0,-2.25,-0.38,0.24,0.0,1.0174969287422935,3.183237345847777,0.012250728122872978,0.25,0,9,0.0
9.91895054500128,787,810.39,95.5,5.0,-40.7,-3.21,1.2,0.48,0.09,0.94,-0.16,-83.4,-13.9,-547.0,-2.25,0.76,0.09,0.0,0.9577577981932592,3.4604190497683947,0.046538634377637944,0.25,0,9,0.0
9.928405599001053,788,810.4,95.2,5.1,-40.8,-2.69,1.52,0.58,0.08,0.86,-0.12,-83.8,-38.3,-314.0,-2.23,1.25,0.13,0.0,0.8720091742636655,3.143708001707538,0.12964151314108707,0.25,0,9,0.0
9.938688876000015,789,810.41,95.0,5.2,-41.0,-1.63,1.52,0.68,0.06,0.78,-0.07,-84.3,-56.8,-228.0,-2.22,1.75,0.07,0.0,0.7854298186343578,2.330171667495766,0.21189645139498692,0.25,0,9,0.0
9.948482453000906,790,810.42,94.9,5.2,-41.1,-0.4,1.25,0.6,0.06,0.77,-0.07,-85.0,-75.2,-196.0,-2.2,2.25,0.1,0.0,0.7754998388136519,1.4430869689661812,0.21738990259137891,0.25,0,9,0.0
9.958828058999643,791,810.43,94.9,5.3,-41.2,0.37,0.9,0.46,0.05,0.84,-0.07,-85.8,-89.8,-154.0,-2.17,2.6,-0.01,0.0,0.844393273303382,1.0763363786474933,0.14552653873961585,0.25,0,9,0.0
9.968498591000753,792,810.44,95.0,5.3,-41.3,0.41,0.52,0.31,0.06,0.94,-0.11,-86.8,-102.9,-139.0,-2.14,2.96,0.0,0.0,0.9483142938920619,0.7311634564172365,0.04077340778791727,0.25,0,9,0.0
9.978769928000474,793,810.45,95.0,5.3,-41.3,0.0,0.27,0.18,0.05,0.99,-0.15,-87.9,-116.0,-122.0,-2.11,3.27,-0.01,0.0,1.002546757014355,0.32449961479175904,0.013189874227688247,0.25,0,9,0.0
9.988395620999654,794,810.46,95.0,5.3,-41.3,-0.61,0.1,0.14,0.05,1.02,-0.17,-89.2,-124.0,-88.0,-2.08,3.46,-0.03,0.0,1.0352777405121776,0.6337980750996329,0.04500244057100067,0.25,0,9,0.0
9.998834599000475,795,810.47,95.0,5.3,-41.3,-0.99,-0.03,0.18,0.04,0.99,-0.17,-90.4,-129.8,-56.0,-2.04,3.57,0.03,0.0,1.0052860289489753,1.0066777041337511,0.014710514427642485,0.25,0,9,0.0
10.008408745999986,796,810.48,94.9,5.3,-41.3,-0.89,-0.13,0.26,0.02,0.95,-0.18,-91.8,-133.0,-39.0,-2.01,3.64,-0.08,0.0,0.9671090941563935,0.9362691920596341,0.02299709195764066,0.25,0,9,0.0
10.016477975999805,797,810.49,94.8,5.4,-41.3,-0.37,-0.22,0.31,0.02,0.93,-0.18,-93.1,-136.6,-41.0,-1.97,3.76,0.23,0.0,0.9474703161577148,0.5304714883949937,0.04178315255719289,0.25,0,9,0.0
10.028838681000707,798,810.5,94.8,5.4,-41.2,0.03,-0.31,0.28,0.02,0.93,-0.18,-94.5,-142.3,-54.0,-1.93,3.94,-0.15,0.0,0.9474703161577148,0.41880783182743847,0.040947489506048984,0.25,0,9,0.0
10.038916741999856,799,810.51,94.8,5.4,-41.2,0.3,-0.41,0.18,0.03,0.95,-0.18,-96.0,-149.2,-66.0,-1.89,4.14,0.05,0.0,0.9673675619949224,0.5389805191284746,0.020629238795464633,0.25,0,9,0.0
10.04840290300126,800,810.52,94.9,5.4,-41.1,0.42,-0.57,0.08,0.03,0.98,-0.19,-97.5,-157.0,-72.0,-1.85,4.35,0.06,0.0,0.9986991538997116,0.7125307010929424,0.01048830604713813,0.25,0,9,0.0
10.056462811000529,801,810.53,94.9,5.4,-41.1,0.43,-0.8,0.1,0.01,1.0,-0.21,-99.2,-164.0,-73.0,-1.8,4.55,0.03,0.0,1.0218610473053564,0.9137286249209883,0.03297719546372724,0.25,0,9,0.0
10.068780255000092,802,810.54,95.0,5.4,-41.0,0.45,-1.13,0.23,0.0,0.99,-0.21,-100.9,-171.8,-68.0,-1.75,4.72,-0.32,0.0,1.01202766760598,1.2378610584391123,0.022680939449063908,0.25,0,9,0.0
10.079018041000381,803,810.55,95.0,5.5,-40.8,0.48,-1.59,0.36,-0.01,0.97,-0.19,-102.6,-176.1,-43.0,-1.71,4.81,-0.03,0.0,0.9884836872705588,1.6994410845922256,0.0008457800686302308,0.25,0,9,0.0
10.088421655000275,804,810.56,95.1,5.5,-40.6,0.44,-2.07,0.4,-0.01,0.93,-0.15,-104.4,-179.3,-38.0,-1.66,4.92,0.0,0.0,0.9420721840708386,2.153717715950723,0.04631213760298347,0.25,0,9,0.0
10.096455791999688,805,810.57,95.2,5.5,-40.4,0.82,-2.57,0.24,0.0,0.9,-0.17,-106.2,-183.1,-40.0,-1.61,5.03,-0.17,0.0,0.9159148432032315,2.7083020511013904,0.07102008890117883,0.25,0,9,0.0
10.109014798001226,806,810.58,95.3,5.5,-40.1,1.22,-2.86,0.02,0.03,0.91,-0.22,-108.1,-186.5,-24.0,-1.56,5.06,0.03,0.0,0.9366963221877195,3.1094050877941264,0.04923383771835699,0.25,0,9,0.0
10.118827604001126,807,810.59,95.5,5.4,-39.8,1.52,-2.88,-0.14,0.06,0.92,-0.28,-109.9,-184.3,14.0,-1.51,4.96,0.34,0.0,0.9635351576356724,3.259509165503297,0.021947102224995962,0.25,0,9,0.0
10.128350225000759,808,810.6,95.7,5.4,-39.6,1.71,-2.79,-0.2,0.11,0.96,-0.27,-111.8,-181.6,25.0,-1.46,4.89,0.05,0.0,1.0032945728947207,3.2784447532328493,0.017456066773371193,0.25,0,9,0.0
10.138822843000526,809,810.61,95.9,5.3,-39.3,2.01,-2.59,-0.16,0.18,1.02,-0.22,-113.5,-178.0,31.0,-1.41,4.79,-0.02,0.0,1.058867319355924,3.2823467214783997,0.0715682369698829,0.25,0,9,0.0
10.148458937001124,810,810.62,96.1,5.3,-39.0,2.36,-2.38,-0.19,0.23,1.06,-0.14,-115.3,-172.8,55.0,-1.36,4.6,0.17,0.0,1.0936635680134912,3.357096960172583,0.1042371959149011,0.25,0,9,0.0
10.158617336001043,811,810.63,96.4,5.2,-38.8,2.77,-2.26,-0.55,0.28,1.08,-0.09,-117.0,-164.0,93.0,-1.32,4.28,-0.18,0.0,1.1193301568348815,3.6170429911738675,0.12730570904156557,0.25,0,9,0.0
10.168875631001356,812,810.64,96.7,5.1,-38.6,2.74,-1.88,-1.19,0.33,1.15,-0.05,-118.5,-148.7,140.0,-1.28,3.82,-0.09,0.0,1.1974556359214314,3.529603377151603,0.2013225643655533,0.25,0,9,0.0
10.17902879200119,813,810.65,97.0,5.0,-38.5,1.72,-1.41,-1.84,0.37,1.22,0.0,-119.8,-127.7,209.0,-1.24,3.14,-0.14,0.0,1.274872542648872,2.8865377184440186,0.27316468167113395,0.25,0,10,0.0
10.188353700999869,814,810.66,97.1,4.7,-38.4,0.14,-0.75,-2.31,0.38,1.22,0.0,-120.9,-99.7,258.0,-1.22,2.36,-0.14,0.0,1.277810627597063,2.4327350862763497,0.2705807112869385,0.25,0,10,0.0
10.198711163000553,815,810.67,97.0,4.5,-38.4,-1.44,0.07,-2.47,0.31,1.14,0.01,-121.7,-70.4,290.0,-1.2,1.52,-0.31,0.0,1.1814397995666135,2.8599650347512995,0.17072568559135903,0.25,0,10,0.0
10.208358076000877,816,810.68,96.8,4.3,-38.5,-2.1,0.75,-2.29,0.18,1.01,0.04,-122.2,-36.2,333.0,-1.19,0.55,-0.35,0.0,1.0266937225872184,3.1963416588343616,0.0156600164397247,0.25,0,10,0.0
10.218716448000123,817,810.69,96.6,4.1,-38.6,-1.56,0.98,-1.84,0.06,0.94,0.11,-122.3,-4.6,297.0,-1.19,-0.17,0.06,0.0,0.9483142938920619,2.6037665025881256,0.061465024010323166,0.25,0,10,0.0
10.228350950001186,818,810.7,96.5,3.9,-38.7,-0.08,0.76,-1.37,-0.04,0.88,0.17,-122.3,9.8,142.0,-1.19,-0.29,0.14,0.0,0.8971621926942753,1.5687255974197654,0.11036478270394745,0.25,0,10,0.0
10.23880193200057,819,810.71,96.6,3.8,-38.7,1.83,0.06,-1.04,-0.13,0.88,0.2,-122.2,10.2,45.0,-1.2,-0.26,0.12,0.0,0.911756546453054,2.1057302771247794,0.09385502036626547,0.25,0,10,0.0
10.248460041000726,820,810.72,96.9,3.7,-38.7,3.33,-0.95,-1.02,-0.19,1.0,0.18,-122.1,5.2,-42.0,-1.2,0.02,-0.09,0.0,1.0336827366266692,3.6099584485143317,0.02750974641120263,0.25,0,10,0.0
10.258647382001072,821,810.73,97.2,3.6,-38.6,3.64,-1.8,-0.97,-0.21,1.2,0.11,-122.1,-2.4,-37.0,-1.2,0.07,-0.02,0.0,1.2231925441237776,4.174985029913281,0.21267916283014476,0.25,0,10,0.0
10.268610899000123,822,810.74,97.6,3.5,-38.4,2.63,-2.54,-0.76,-0.18,1.39,0.03,-122.1,-1.3,0.0,-1.2,0.0,-0.09,0.0,1.4019272449025304,3.7344477503373907,0.38358558633671946,0.25,0,10,0.0
10.278812139000365,823,810.75,97.7,3.4,-38.1,0.52,-3.14,-0.28,-0.1,1.46,-0.05,-122.1,-0.8,-7.0,-1.2,0.05,0.13,0.0,1.4642745644174795,3.195058684907055,0.43701424773463526,0.25,0,10,0.0
10.2883806380014,824,810.76,97.7,3.3,-37.8,-1.78,-3.44,0.32,-0.01,1.4,-0.11,-122.2,-3.2,-21.0,-1.2,0.15,0.05,0.0,1.4043503836293847,3.8864379578220465,0.36954826560760967,0.25,0,10,0.0
10.296459589000733,825,810.77,97.4,3.3,-37.4,-2.91,-3.59,0.85,0.04,1.25,-0.07,-122.2,-8.7,-56.0,-1.19,0.4,0.24,0.0,1.2525973016097391,4.6987977185658885,0.21343927991620482,0.25,0,10,0.0
10.308921822001139,826,810.78,97.1,3.4,-37.0,-3.0,-3.82,1.12,0.08,1.07,-0.04,-122.4,-22.0,-122.0,-1.19,0.85,0.06,0.0,1.0737318100903968,4.984656457570572,0.03388231262892516,0.25,0,10,0.0
10.318769682000493,827,810.79,96.8,3.4,-36.6,-2.26,-3.8,1.05,0.1,0.95,-0.07,-122.7,-39.8,-172.0,-1.17,1.43,-0.01,0.0,0.9578100020358944,4.544238109958588,0.08039870551706563,0.25,0,10,0.0
10.328487934000805,828,810.8,96.6,3.5,-36.3,-1.55,-3.58,1.01,0.12,0.94,-0.08,-123.3,-63.5,-223.0,-1.15,2.1,0.02,0.0,0.9509994742374992,4.029764261095182,0.0854650486491515,0.25,0,10,0.0
10.338895344000775,829,810.81,96.5,3.7,-35.9,-1.23,-3.42,1.12,0.13,0.95,-0.08,-124.1,-91.0,-268.0,-1.13,2.91,0.0,0.0,0.9621850133939938,3.803117142555564,0.07279391930280377,0.25,0,10,0.0
10.364268676001302,831,810.83,96.3,3.9,-35.2,-0.96,-2.87,1.34,0.17,0.9,-0.11,-126.6,-150.7,-299.0,-1.05,4.55,0.24,0.0,0.922496612459905,3.3096978714076,0.11023267383215463,0.25,0,10,0.0
10.372458159999951,832,810.84,96.3,4.1,-35.0,-0.7,-2.61,1.42,0.19,0.89,-0.1,-128.4,-179.8,-278.0,-1.0,5.27,0.09,0.0,0.9155326318597279,3.0526218239408562,0.11485272134368518,0.25,0,10,0.0
10.38035076900087,833,810.85,96.2,4.2,-34.7,-0.58,-2.32,1.47,0.2,0.88,-0.11,-130.3,-205.8,-266.0,-0.94,5.96,0.05,0.0,0.9091204540653565,2.8070803337275545,0.11883960115529557,0.25,0,10,0.0
10.38820859900079,834,810.86,96.2,4.3,-34.5,-0.58,-1.93,1.48,0.21,0.86,-0.11,-132.6,-230.8,-247.0,-0.88,6.62,0.02,0.0,0.8920762299265685,2.5003399768831436,0.13316614878820188,0.25,0,10,0.0
10.398737450001136,835,810.87,96.1,4.5,-34.3,-0.52,-1.53,1.41,0.21,0.84,-0.11,-135.0,-251.3,-203.0,-0.81,7.04,0.1,0.0,0.8728115489611717,2.144621178670023,0.14938221315852662,0.25,0,10,0.0
10.408415249001337,836,810.88,96.1,4.6,-34.1,-0.27,-1.13,1.32,0.22,0.82,-0.13,-137.6,-264.6,-143.0,-0.73,7.36,0.02,0.0,0.858894638474359,1.7584652399180372,0.1600331411724325,0.25,0,10,0.0
10.416478986000584,837,810.89,96.1,4.7,-34.0,0.07,-0.78,1.17,0.22,0.82,-0.14,-140.4,-274.9,-116.0,-0.66,7.63,-0.05,0.0,0.860464990571958,1.407906246878676,0.15529353329333684,0.25,0,10,0.0
10.428830791999644,838,810.9,96.1,4.8,-34.0,0.36,-0.47,0.97,0.21,0.83,-0.14,-143.2,-284.9,-101.0,-0.58,7.86,0.11,0.0,0.8675252157718529,1.136397817667739,0.14526864193157318,0.25,0,10,0.0
10.438802500000747,839,810.91,96.2,4.9,-33.9,0.29,-0.24,0.73,0.2,0.85,-0.14,-146.1,-289.9,-41.0,-0.5,7.84,0.04,0.0,0.8843641783790205,0.8213403679352427,0.12586108573791754,0.25,0,10,0.0
10.448438460000034,840,810.92,96.2,4.9,-33.9,0.0,-0.11,0.52,0.19,0.86,-0.15,-149.0,-287.7,-1.0,-0.42,7.79,0.08,0.0,0.893420393767682,0.5315072906367325,0.11446877294227098,0.25,0,10,0.0
10.458720967000772,841,810.93,96.2,5.0,-33.9,-0.27,-0.02,0.38,0.17,0.88,-0.16,-151.8,-286.4,9.0,-0.35,7.76,-0.14,0.0,0.910439454329611,0.4665833258915282,0.0955007181327352,0.25,0,10,0.0
10.46889557600116,842,810.94,96.1,5.0,-33.9,-0.61,0.03,0.3,0.15,0.89,-0.16,-154.7,-284.0,22.0,-0.27,7.67,-0.08,0.0,0.916624241442479,0.68044103344816,0.08752961239946999,0.25,0,10,0.0
10.478874354001164,843,810.95,96.1,5.1,-33.9,-0.88,0.07,0.27,0.13,0.88,-0.14,-157.5,-279.9,40.0,-0.19,7.53,-0.01,0.0,0.900499861188218,0.9231467922275417,0.1015809128006564,0.25,0,10,0.0
10.48841155000082,844,810.96,96.0,5.1,-33.9,-1.08,0.0,0.27,0.11,0.87,-0.13,-160.2,-274.2,53.0,-0.12,7.35,-0.05,0.0,0.8865100112237876,1.1132385189167684,0.11325934750978506,0.25,0,10,0.0
10.496458662000805,845,810.97,95.9,5.2,-33.9,-1.05,-0.05,0.22,0.09,0.82,-0.15,-162.9,-265.4,90.0,-0.05,7.01,-0.14,0.0,0.8384509526501832,1.0739646176667088,0.15809203796172167,0.25,0,10,0.0
10.50876209800117,846,810.98,95.9,5.2,-33.8,-0.89,-0.1,0.06,0.08,0.77,-0.16,-165.5,-251.5,127.0,0.01,6.61,-0.02,0.0,0.7905061669588669,0.8976079322287654,0.20191608717997722,0.25,0,10,0.0
10.518785620000926,847,810.99,95.8,5.2,-33.8,-0.49,-0.09,-0.16,0.09,0.76,-0.19,-167.9,-237.1,130.0,0.07,6.27,-0.02,0.0,0.7885429601486529,0.5232590180780452,0.19980170811038744,0.25,0,10,0.0
10.528476038000008,848,811.0,95.8,5.2,-33.8,-0.1,0.0,-0.25,0.1,0.77,-0.22,-169.7,-227.7,155.0,0.13,5.92,-0.12,0.0,0.8070315978944071,0.26925824035672524,0.17768680895734046,0.25,0,10,0.0
10.538819289000458,849,811.01,95.8,5.1,-33.8,0.06,0.15,-0.31,0.13,0.76,-0.24,-172.5,-210.6,163.0,0.19,5.5,-0.14,0.0,0.8075270893288967,0.3495711658589707,0.17364749117239386,0.25,0,10,0.0
10.548375612999735,850,811.02,95.8,5.1,-33.9,0.37,0.39,-0.36,0.16,0.76,-0.29,-174.5,-194.1,166.0,0.24,5.07,-0.01,0.0,0.8290355842785037,0.6469930447848725,0.14909621629833114,0.25,0,10,0.0
10.558998431000873,851,811.03,95.9,5.1,-33.9,0.77,0.81,-0.31,0.19,0.79,-0.33,-176.4,-179.1,148.0,0.29,4.69,-0.07,0.0,0.8769834662067467,1.1597844627343479,0.09912536768268632,0.25,0,10,0.0
10.568440537999777,852,811.04,96.0,5.1,-34.0,1.48,1.16,-0.16,0.19,0.85,-0.29,-178.1,-165.1,142.0,0.33,4.32,0.02,0.0,0.9179869280115049,1.8872201779336717,0.05695946776036953,0.25,0,10,0.0
10.578629139999975,853,811.05,96.2,5.1,-34.2,2.15,1.49,0.01,0.18,0.96,-0.23,-179.6,-150.1,151.0,0.37,3.88,0.03,0.0,1.0034440691936946,2.6158555005963153,0.027927719953383723,0.25,0,10,0.0
10.58926549500029,854,811.06,96.4,5.1,-34.3,2.36,1.56,0.26,0.15,1.08,-0.17,-181.0,-134.5,152.0,0.41,3.46,-0.12,0.0,1.1035397591387452,2.8409153454476606,0.12546294170046568,0.25,0,10,0.0
10.5989795960013,855,811.07,96.6,5.2,-34.5,1.9,1.37,0.49,0.09,1.14,-0.13,-182.2,-118.5,167.0,0.44,2.99,-0.39,0.0,1.1509126813099244,2.3931151246858144,0.16937914659421194,0.25,0,10,0.0
10.608291922000717,856,811.08,96.7,5.2,-34.6,0.99,1.08,0.51,0.05,1.13,-0.15,-183.3,-100.1,178.0,0.47,2.49,0.06,0.0,1.1410083259994204,1.5513220168617474,0.1562852954580337,0.25,0,10,0.0
10.618856701999903,857,811.09,96.8,5.3,-34.7,-0.14,0.58,0.44,0.03,1.08,-0.16,-184.2,-82.7,175.0,0.49,2.0,0.01,0.0,1.0921996154549771,0.7413501197140255,0.10532705321531866,0.25,0,10,0.0
10.628480016001049,858,811.1,96.7,5.3,-34.7,-0.78,0.18,0.24,0.03,0.98,-0.24,-184.9,-62.4,201.0,0.51,1.42,-0.02,0.0,1.0094057657849989,0.8357032966310471,0.022082539474433616,0.25,0,10,0.0
10.63873005700043,859,811.11,96.7,5.3,-34.7,-0.42,0.05,-0.06,0.07,0.91,-0.28,-185.3,-41.8,193.0,0.52,0.94,0.2,0.0,0.9546727187890099,0.4272001872658765,0.03199749737112423,0.25,0,10,0.0
10.648418876000505,860,811.12,96.7,5.3,-34.7,0.45,0.08,-0.35,0.13,0.88,-0.36,-185.6,-23.7,185.0,0.52,0.41,0.12,0.0,0.9596353474106715,0.5756735185849702,0.026494171374473408,0.25,0,10,0.0
10.656441715000255,861,811.13,96.8,5.2,-34.8,1.66,0.72,-0.68,0.2,0.91,-0.46,-185.8,-7.3,159.0,0.52,0.04,0.04,0.0,1.0390861369491944,1.9329769786523585,0.05189748580076847,0.25,0,10,0.0
10.668801132000226,862,811.14,97.0,5.2,-34.9,2.85,1.82,-0.83,0.22,1.06,-0.46,-185.7,3.9,95.0,0.52,-0.12,-0.1,0.0,1.1762652762026091,3.4819247550744117,0.1852950925530995,0.25,0,10,0.0
10.67891145700014,863,811.15,97.3,5.1,-35.2,3.65,2.94,-0.71,0.19,1.25,-0.38,-185.7,3.9,20.0,0.52,-0.06,-0.03,0.0,1.320227253165151,4.740274253669296,0.32267192812532863,0.25,1,11,2.5
10.688449049001065,864,811.16,97.7,5.1,-35.5,3.85,3.55,-0.39,0.17,1.35,-0.32,-185.7,0.3,-15.0,0.52,0.02,-0.03,0.0,1.3977839604173459,5.251390292103607,0.3922240626699729,0.25,0,11,2.5
10.696470737000709,865,811.17,98.0,5.1,-35.9,3.34,3.62,-0.09,0.14,1.39,-0.24,-185.7,8.2,245.0,0.52,-1.15,2.37,2.91,1.4174977954127477,4.926266334659545,0.4036991397120673,0.25,0,11,2.5
10.708810920999895,866,811.18,98.2,5.2,-36.2,1.54,3.51,0.32,0.1,1.44,-0.12,-184.9,114.7,949.0,0.48,-4.81,2.48,2.91,1.4484474446799924,3.8463099199102504,0.42595581319972586,0.25,0,11,2.5
10.718852538000647,867,811.19,98.2,5.3,-36.5,-0.77,3.13,0.92,0.07,1.38,0.01,-182.9,240.8,1135.0,0.41,-8.11,2.84,2.91,1.38181040667669,3.3520441524538427,0.352132399692495,0.25,0,11,2.5
10.728442724999695,868,811.2,98.0,5.5,-36.8,-1.61,2.98,1.3,0.01,1.16,0.11,-179.7,354.3,1089.0,0.31,-10.89,2.67,2.91,1.1652467549836816,3.628015986734347,0.13285737303949685,0.25,0,11,2.5
10.738712717000453,869,811.21,97.9,5.6,-37.1,-1.63,2.79,1.54,-0.02,1.03,0.18,-175.5,446.6,974.0,0.18,-13.31,2.49,2.91,1.0458011283222064,3.579469234397748,0.01314351145046122,0.25,0,11,2.5
10.748435237999729,870,811.22,97.7,5.8,-37.3,-1.32,2.53,1.72,-0.04,0.91,0.21,-170.5,534.3,838.0,0.05,-15.29,2.97,2.91,0.9347726996441436,3.3319213676195902,0.09592721888304967,0.25,0,11,2.5
10.756477652001195,871,811.23,97.6,6.1,-37.5,-0.81,2.17,1.89,-0.02,0.84,0.21,-164.6,602.4,779.0,-0.12,-17.38,2.64,2.91,0.8660831368869849,2.989498285666008,0.16132444600740425,0.25,0,11,2.5
10.768873958000768,872,811.24,97.5,6.3,-37.7,0.09,1.59,2.02,0.01,0.83,0.2,-157.9,669.0,597.0,-0.31,-18.67,2.74,2.91,0.8538149682454624,2.57227525743261,0.17012076235594809,0.25,0,11,2.5
10.778857668001365,873,811.25,97.6,6.5,-37.8,1.46,1.08,1.98,0.07,0.89,0.18,-150.9,714.9,520.0,-0.5,-19.99,2.88,2.91,0.9107140056021978,2.686708022841336,0.11095729049922842,0.25,0,11,2.5
10.788451471000371,874,811.26,97.8,6.7,-37.9,2.34,0.89,1.83,0.15,1.04,0.1,-143.5,771.4,558.0,-0.72,-21.59,2.61,2.91,1.0555093557141026,3.1010643334184476,0.03316129842042281,0.25,0,11,2.5
10.798725516000559,875,811.27,98.0,6.9,-37.9,2.4,1.13,1.69,0.22,1.19,0.03,-135.3,819.2,501.0,-0.94,-22.84,2.95,2.91,1.2105370708904373,3.1453139747885266,0.1844252333248222,0.25,0,11,2.5
10.808459353000217,876,811.28,98.2,7.1,-38.0,1.93,1.47,1.46,0.27,1.24,-0.02,-126.9,849.2,371.0,-1.17,-23.53,2.98,2.91,1.2692123541787639,2.831501368532249,0.23823850628088583,0.25,0,11,2.5
10.818811516001006,877,811.29,98.3,7.2,-38.2,1.05,1.92,1.14,0.29,1.24,-0.1,-119.2,856.0,52.0,-1.38,-23.04,3.07,2.91,1.2773801313626263,2.467488601797382,0.24147815779545323,0.25,0,11,2.5
10.82838717100094,878,811.3,98.3,7.4,-38.4,-0.16,2.5,0.79,0.24,1.2,-0.11,-110.7,848.1,62.0,-1.61,-23.3,3.63,2.91,1.2286984984120393,2.6267280026679583,0.18894059434796895,0.25,0,11,2.5
10.836343408000175,879,811.31,98.2,7.5,-38.7,-1.15,2.61,0.56,0.19,1.16,-0.02,-102.2,852.8,2.0,-1.84,-23.16,2.49,2.91,1.175627492022877,2.9065787448476255,0.1331521961996307,0.25,0,11,2.5
10.848764506001316,880,811.32,98.0,7.6,-38.9,-1.54,2.58,0.61,0.18,1.1,-0.02,-93.7,847.9,-73.0,-2.07,-22.92,3.29,2.91,1.1148094007497427,3.065958251509632,0.07088742282796634,0.25,0,11,2.5
10.858883046999836,881,811.33,97.9,7.7,-39.2,-0.89,2.77,0.63,0.18,1.03,-0.03,-85.2,841.5,-136.0,-2.3,-22.44,3.36,2.91,1.0460401521930216,2.9768943548604474,0.002075810785820309,0.25,0,11,2.5
10.868450826999833,882,811.34,97.8,7.8,-39.5,-0.02,3.05,0.41,0.15,0.99,0.0,-77.0,810.9,-224.0,-2.52,-21.75,3.27,2.91,1.0012991560967182,3.0774989845652265,0.041811881604273404,0.25,0,11,0.0
10.876436282000213,883,811.35,97.8,7.8,-39.8,0.01,3.0,0.13,0.12,1.02,0.01,-69.0,792.5,-256.0,-2.74,-21.01,2.89,2.91,1.0270832488167645,3.002831996632512,0.01570723310654243,0.25,0,11,0.0
10.88881913899968,884,811.36,97.7,7.9,-40.1,-0.82,2.9,-0.1,0.1,1.0,0.0,-61.4,739.0,-636.0,-2.93,-18.57,0.51,0.0,1.004987562112089,3.0153606749442097,0.03704686141499369,0.25,0,11,0.0
10.898905412001113,885,811.37,97.5,7.9,-40.3,-1.49,2.63,-0.47,0.1,0.94,0.0,-55.2,570.8,-1476.0,-3.08,-13.25,0.67,0.0,0.9453041838477179,3.0590684856668378,0.09479563488577747,0.25,0,11,0.0
10.90847117300109,886,811.38,97.3,7.8,-40.6,-1.85,2.48,-0.85,0.12,0.89,0.0,-50.7,395.3,-1615.0,-3.18,-8.68,0.54,0.0,0.8980534505250787,3.2086445736478826,0.13920544084424835,0.25,0,11,0.0
10.918810357001348,887,811.39,97.0,7.8,-40.9,-2.33,2.4,-1.02,0.13,0.85,0.0,-47.9,236.0,-1538.0,-3.24,-4.67,0.42,0.0,0.8598837130682264,3.4970416068442765,0.17382767473507865,0.25,0,11,0.0
10.928370536999864,888,811.4,96.7,7.7,-41.1,-1.85,2.38,-1.17,0.13,0.76,-0.01,-46.4,108.1,-1287.0,-3.26,-1.59,0.4,0.0,0.7711031059462801,3.2335429485318423,0.2573561162198845,0.25,0,11,0.0
10.9388683090001,889,811.41,96.5,7.6,-41.4,-0.75,2.52,-1.4,0.09,0.71,0.01,-46.0,10.0,-990.0,-3.26,0.58,0.29,0.0,0.7157513534740958,2.9787413449307745,0.3064537113182275,0.25,0,11,0.0
10.948438823001197,890,811.42,96.5,7.5,-41.7,0.63,2.41,-1.61,0.02,0.73,0.04,-46.3,-40.5,-560.0,-3.25,1.39,0.02,0.0,0.7313685801290618,2.965990559661308,0.2850197549699963,0.25,0,11,0.0
10.956392539001172,891,811.43,96.6,7.3,-41.9,1.61,2.05,-1.7,-0.04,0.8,0.05,-46.9,-58.7,-271.0,-3.23,1.68,-0.06,0.0,0.8025584090893323,3.112008997416299,0.20955332748953137,0.25,0,11,0.0
10.969329694000407,892,811.44,96.7,7.2,-42.1,1.96,1.48,-1.66,-0.1,0.86,0.06,-47.5,-65.1,-126.0,-3.22,1.83,-0.01,0.0,0.8678709581498854,2.96438863848855,0.14135596286039864,0.25,0,11,0.0
10.978815856000438,893,811.45,96.9,7.1,-42.2,1.64,0.87,-1.56,-0.11,0.91,0.03,-48.2,-73.0,-106.0,-3.2,2.09,-0.06,0.0,0.9171150418568,2.4248917501612315,0.09026964157041417,0.25,0,11,0.0
10.9883789659998,894,811.46,97.0,6.9,-42.3,0.86,0.34,-1.37,-0.11,0.94,-0.02,-49.0,-80.3,-70.0,-3.17,2.22,-0.09,0.0,0.9466255859631092,1.6529065309327082,0.059543915514822965,0.25,0,11,0.0
10.998858967999695,895,811.47,97.0,6.8,-42.3,-0.09,0.0,-1.04,-0.11,0.93,-0.1,-49.8,-82.6,-30.0,-3.15,2.25,-0.03,0.0,0.9418067742376883,1.0438869670610895,0.063075472695439,0.25,0,11,0.0
11.00785016700138,896,811.48,97.0,6.7,-42.3,-0.56,-0.21,-0.78,-0.1,0.89,-0.13,-50.7,-85.2,-43.0,-3.13,2.39,0.04,0.0,0.9049861877399014,0.9829038610159185,0.09789813800936142,0.25,0,11,0.0
11.01844442699985,897,811.49,96.9,6.6,-42.3,-0.67,-0.36,-0.56,-0.07,0.86,-0.13,-51.6,-93.1,-69.0,-3.1,2.63,0.11,0.0,0.8725823743349392,0.94451045520947,0.12769591238603706,0.25,0,11,0.0
11.028732079001202,898,811.5,96.9,6.6,-42.3,-0.63,-0.39,-0.37,-0.02,0.86,-0.14,-52.6,-101.2,-83.0,-3.08,2.88,0.05,0.0,0.871550342780037,0.828190799272728,0.1261533850621206,0.25,0,11,0.0
11.03887177100114,899,811.51,96.8,6.6,-42.2,-0.64,-0.29,-0.21,0.0,0.86,-0.14,-53.7,-115.5,-142.0,-3.04,3.36,0.03,0.0,0.8713208364316786,0.7333484846919642,0.12385523358226935,0.25,0,11,0.0
11.048388946001069,900,811.52,96.8,6.5,-42.2,-0.63,-0.14,-0.14,0.03,0.88,-0.15,-55.0,-135.7,-182.0,-3.01,3.93,0.28,0.0,0.8931965069345043,0.6603786792439623,0.09993997181785474,0.25,0,11,0.0
11.058834440000282,901,811.53,96.7,6.5,-42.2,-0.61,0.06,-0.1,0.06,0.9,-0.18,-56.5,-160.8,-251.0,-2.96,4.75,0.04,0.0,0.9197825830053535,0.6210475022089695,0.0718868178320653,0.25,0,11,0.0
11.068369463000636,902,811.54,96.7,6.5,-42.2,-0.57,0.31,-0.05,0.07,0.94,-0.19,-58.3,-192.5,-303.0,-2.91,5.65,0.1,0.0,0.9615612304996495,0.6507687761409577,0.029506006931014017,0.25,0,11,0.0
11.076429224000094,903,811.55,96.7,6.4,-42.3,-0.67,0.48,-0.01,0.07,0.95,-0.2,-60.5,-226.7,-328.0,-2.84,6.58,0.16,0.0,0.973344748791506,0.8242572413997951,0.01736803886637428,0.25,0,11,0.0
11.088738079000905,904,811.56,96.7,6.4,-42.3,-0.84,0.6,-0.08,0.06,0.95,-0.19,-63.0,-260.9,-332.0,-2.77,7.49,0.1,0.0,0.9706698717895802,1.0353743284435828,0.019642057550934067,0.25,0,11,0.0
11.098900713999683,905,811.57,96.6,6.4,-42.4,-0.93,0.63,-0.15,0.05,0.96,-0.18,-65.8,-293.8,-329.0,-2.69,8.39,0.2,0.0,0.978008179924892,1.1332696060514462,0.012057674427309872,0.25,0,11,0.0
11.108429799000078,906,811.58,96.5,6.4,-42.4,-0.62,0.62,-0.15,0.04,0.97,-0.16,-69.0,-328.7,-344.0,-2.6,9.36,0.04,0.0,0.9839207285142436,0.8895504482602434,0.0060222233211990606,0.25,0,11,0.0
11.118669006000346,907,811.59,96.5,6.3,-42.5,-0.09,0.55,-0.03,0.04,0.98,-0.16,-72.5,-358.7,-280.0,-2.5,10.0,0.28,0.0,0.9937806599043875,0.558121850495033,0.0037609539075659226,0.25,0,11,0.0
11.12864183900092,908,811.6,96.5,6.3,-42.5,0.28,0.49,0.09,0.05,0.98,-0.18,-76.3,-380.2,-240.0,-2.4,10.62,-0.04,0.0,0.9976472322419382,0.571489282489182,0.007474975720214272,0.25,0,11,0.0
11.136457264001365,909,811.61,96.6,6.3,-42.6,0.38,0.49,0.18,0.06,0.95,-0.2,-80.2,-403.0,-223.0,-2.29,11.19,0.19,0.0,0.9726767191621274,0.6456779382943171,0.017145626612404596,0.25,0,11,0.0
11.148698941000475,910,811.62,96.6,6.3,-42.6,0.86,0.4,0.09,0.06,0.93,-0.19,-84.4,-421.7,-204.0,-2.17,11.72,-0.03,0.0,0.9511046209539727,0.952732911156112,0.037943370324148074,0.25,0,11,0.0
11.15643886700127,911,811.63,96.8,6.3,-42.7,1.42,0.21,-0.1,0.07,0.94,-0.19,-88.7,-441.6,-172.0,-2.05,12.13,0.14,0.0,0.9615612304996495,1.4389232085139219,0.026937025562901895,0.25,0,11,0.0
11.168873365000763,912,811.64,97.0,6.3,-42.7,1.34,0.02,-0.25,0.06,0.94,-0.24,-93.2,-445.3,-65.0,-1.93,12.13,0.1,0.0,0.9720082304178294,1.3632681321002118,0.016160225131827577,0.25,0,11,0.0
11.178804205001143,913,811.65,97.1,6.3,-42.7,1.29,0.01,-0.41,0.06,0.93,-0.27,-97.7,-452.6,-75.0,-1.81,12.36,0.0,0.0,0.9702576977277738,1.3536247633668645,0.01755254266544548,0.25,0,11,0.0
11.188393755001016,914,811.66,97.3,6.2,-42.7,1.66,0.02,-0.6,0.04,0.92,-0.26,-102.2,-450.1,21.0,-1.68,12.14,-0.04,0.0,0.956869897112455,1.7652195330892981,0.03032153641514901,0.25,0,11,0.0
11.198882730999685,915,811.67,97.4,6.1,-42.7,1.96,0.11,-0.85,0.03,0.94,-0.25,-106.7,-445.5,41.0,-1.56,12.02,0.0,0.0,0.973139250056229,2.1392054599780734,0.01377113980194744,0.25,0,11,0.0
11.208427389001372,916,811.68,97.6,6.0,-42.7,1.9,0.16,-1.0,0.04,0.98,-0.23,-111.1,-431.2,139.0,-1.45,11.46,0.0,0.0,1.007422453591342,2.15304435625465,0.02010182245850234,0.25,0,11,0.0
11.218625297000472,917,811.69,97.8,5.9,-42.8,1.71,0.29,-1.02,0.05,0.98,-0.28,-115.3,-412.7,161.0,-1.33,11.0,-0.15,0.0,1.0204410811016968,2.0121133168884895,0.03245804096947991,0.25,0,11,0.0
11.228859302000274,918,811.7,98.0,5.9,-42.8,1.66,0.5,-0.9,0.02,0.97,-0.28,-119.3,-392.0,209.0,-1.22,10.33,0.12,0.0,1.00980196078241,1.9533560863293717,0.021382542237189273,0.25,0,11,0.0
11.238832422999621,919,811.71,98.1,5.8,-42.9,1.46,0.56,-0.55,0.01,0.98,-0.23,-123.1,-370.4,203.0,-1.13,9.81,-0.05,0.0,1.006677704133751,1.6576187740249566,0.017893119876759567,0.25,0,11,0.0
11.24843424699975,920,811.72,98.2,5.7,-42.9,1.33,0.46,-0.05,0.01,0.95,-0.14,-126.6,-344.0,282.0,-1.04,8.94,-0.12,0.0,0.9603124491539199,1.408190328045183,0.027902692401010065,0.25,0,11,0.0
11.256464563000918,921,811.73,98.4,5.7,-43.0,2.22,-0.08,0.26,0.03,0.93,0.0,-129.8,-306.0,354.0,-0.95,7.79,-0.13,0.0,0.9304837451562494,2.236604569431083,0.05657676847070692,0.25,0,11,0.0
11.269076815000517,922,811.74,98.7,5.8,-42.9,3.71,-0.91,0.11,0.09,0.96,0.12,-132.6,-271.6,344.0,-0.87,6.92,-0.09,0.0,0.9716480844420988,3.821557274201186,0.015104180601160366,0.25,0,11,0.0
11.278885466999782,923,811.75,99.2,5.7,-42.8,4.56,-1.63,-0.48,0.14,1.04,0.12,-135.1,-236.5,357.0,-0.82,5.98,-0.19,0.0,1.0562196741208716,4.866302497790288,0.06807806089606017,0.25,0,11,0.0
11.288364821000869,924,811.76,99.6,5.6,-42.6,3.89,-2.02,-1.31,0.19,1.19,0.1,-137.2,-195.6,390.0,-0.77,4.82,-0.1,0.0,1.209214621148785,4.574778683171461,0.21665154776549422,0.25,0,11,0.0
11.296464740000374,925,811.77,99.9,5.4,-42.4,1.46,-2.02,-1.93,0.22,1.32,0.05,-138.8,-153.6,414.0,-0.73,3.64,-0.06,0.0,1.3391415160467546,3.1522848856028225,0.3396468738101944,0.25,0,12,0.0
11.308761772001162,926,811.78,99.9,5.2,-42.3,-1.82,-1.58,-2.24,0.22,1.3,-0.02,-140.1,-109.1,437.0,-0.7,2.47,-0.19,0.0,1.3186356585501546,3.2903495255063713,0.3127581959873227,0.25,0,12,0.0
11.318907438000679,927,811.79,99.6,4.9,-42.2,-3.42,-1.08,-2.1,0.19,1.16,0.0,-140.8,-62.9,451.0,-0.68,1.16,-0.19,0.0,1.1754573577973808,4.1560558225317425,0.16618829732985785,0.25,0,12,0.0
11.328417099000944,928,811.8,99.3,4.7,-42.1,-3.38,-0.99,-1.6,0.14,1.06,0.06,-141.1,-13.5,487.0,-0.68,-0.18,-0.14,0.0,1.0708874824182044,3.868397601074636,0.060386053511667814,0.25,0,12,0.0
11.336437054000271,929,811.81,99.0,4.6,-42.0,-1.68,-1.22,-1.07,0.08,0.94,0.1,-140.9,28.4,391.0,-0.69,-1.14,0.06,0.0,0.9486832980505138,2.335743992821131,0.06058176823890249,0.25,0,12,0.0
11.348711886001183,930,811.82,99.0,4.5,-41.9,0.97,-1.69,-0.93,0.02,0.87,0.17,-140.5,54.4,288.0,-0.71,-1.77,-0.06,0.0,0.8866791979064356,2.1591433486454763,0.12013415101532099,0.25,0,12,0.0
11.35645692199978,931,811.83,99.2,4.3,-41.7,2.67,-2.39,-1.13,0.0,1.0,0.14,-139.8,72.6,204.0,-0.73,-2.15,-0.02,0.0,1.009752444909147,3.7573794059157772,0.002880314067642775,0.25,0,12,0.0
11.368768002001161,932,811.84,99.5,4.2,-41.5,2.91,-2.87,-1.24,0.01,1.19,0.02,-139.0,84.6,128.0,-0.75,-2.38,0.08,0.0,1.1902100654926422,4.271135680354817,0.1796711759581151,0.25,0,12,0.0
11.37874408100106,933,811.85,99.8,4.0,-41.2,1.88,-3.26,-1.04,0.04,1.35,-0.07,-138.1,88.7,49.0,-0.77,-2.39,0.09,0.0,1.352405264704334,3.904305315930095,0.33502904766641084,0.25,0,12,0.0
11.388816655000483,934,811.86,99.9,3.8,-40.9,0.57,-3.51,-0.51,0.09,1.44,-0.18,-137.2,81.6,-73.0,-0.8,-1.96,0.02,0.0,1.4539944979263162,3.592366907764294,0.42788591527062514,0.25,0,12,0.0
11.398846260000937,935,811.87,99.9,3.8,-40.5,-0.9,-3.56,0.07,0.11,1.39,-0.18,-136.6,56.5,-224.0,-0.81,-1.09,0.14,0.0,1.405916071463727,3.6726693289758607,0.3722113390318753,0.25,0,12,0.0
11.408230245000595,936,811.88,99.7,3.7,-40.2,-2.11,-3.8,0.47,0.13,1.3,-0.16,-136.3,20.3,-326.0,-0.81,-0.11,0.18,0.0,1.3162446581088183,4.37184171717138,0.2768891271634273,0.25,0,12,0.0
11.418811303999973,937,811.89,99.4,3.8,-39.8,-2.95,-3.88,0.76,0.16,1.21,-0.16,-136.3,-13.4,-286.0,-0.81,0.64,0.18,0.0,1.2309752231462663,4.9330011149400725,0.1877872983568578,0.25,0,12,0.0
11.428452378000657,938,811.9,99.1,3.9,-39.4,-3.69,-3.86,0.99,0.2,1.12,-0.16,-136.6,-32.1,-213.0,-0.8,1.09,0.2,0.0,1.148912529307606,5.4310035904978005,0.10361011242783347,0.25,0,12,0.0
11.436405264001223,939,811.91,98.7,3.9,-39.0,-4.13,-3.61,1.1,0.22,1.01,-0.13,-137.1,-56.4,-261.0,-0.78,1.9,0.06,0.0,1.0418253212511202,5.594550920315231,0.003407553716079148,0.25,0,12,0.0
11.448854741000105,940,811.92,98.4,4.0,-38.6,-4.09,-3.41,1.04,0.22,0.92,-0.08,-137.8,-85.8,-268.0,-0.76,2.63,0.15,0.0,0.9493155429044655,5.425661250022895,0.09399898542147911,0.25,0,12,0.0
11.45898976799981,941,811.93,98.0,4.0,-38.3,-3.83,-3.15,0.99,0.22,0.87,-0.07,-138.9,-116.0,-292.0,-0.73,3.47,-0.06,0.0,0.9001111042532471,5.056827068429373,0.14033935559124344,0.25,0,12,0.0
11.46836156900099,942,811.94,97.6,4.1,-38.0,-3.44,-2.75,1.03,0.24,0.84,-0.08,-140.3,-148.1,-313.0,-0.68,4.44,0.09,0.0,0.8772684879784522,4.522941520736256,0.15991833242871767,0.25,0,12,0.0
11.478871397999683,943,811.95,97.3,4.2,-37.7,-2.92,-2.23,1.11,0.26,0.8,-0.1,-141.9,-177.6,-287.0,-0.64,5.12,0.09,0.0,0.8471127433818949,3.838150596315887,0.1862725954847696,0.25,0,12,0.0
11.488382595000076,944,811.96,97.1,4.2,-37.5,-2.19,-1.63,1.14,0.27,0.78,-0.11,-143.9,-204.0,-264.0,-0.58,5.85,0.02,0.0,0.8327064308626421,2.958479339120015,0.19666532984394192,0.25,0,12,0.0
11.496433960999639,945,811.97,96.9,4.3,-37.4,-1.64,-0.94,1.16,0.27,0.78,-0.11,-146.1,-224.2,-199.0,-0.51,6.27,0.07,0.0,0.8327064308626421,2.2178367838955144,0.19273202324706318,0.25,0,12,0.0
11.508764865000558,946,811.98,96.8,4.5,-37.3,-1.24,-0.27,1.19,0.26,0.78,-0.11,-148.5,-235.2,-125.0,-0.45,6.48,0.01,0.0,0.8295179322956195,1.7397126199461797,0.19200211137780399,0.25,0,12,0.0
11.518906319000962,947,811.99,96.7,4.6,-37.3,-0.78,0.23,1.13,0.24,0.76,-0.08,-150.8,-240.9,-75.0,-0.38,6.61,0.0,0.0,0.8009993757800314,1.3921925154230645,0.21611025453552435,0.25,0,12,0.0
11.528434478001145,948,812.0,96.7,4.6,-37.3,-0.78,0.23,1.13,0.24,0.76,-0.08,-152.4,-244.0,-59.0,-0.32,6.67,0.02,0.0,0.8009993757800314,1.3921925154230645,0.21178804944481378,0.25,0,12,0.0
11.538528319000761,949,812.01,96.6,4.8,-37.4,-0.37,0.81,0.75,0.18,0.77,-0.1,-155.8,-244.8,-15.0,-0.25,6.64,0.0,0.0,0.797057087039567,1.1642594212631479,0.21141573142157255,0.25,0,12,0.0
11.548394507000921,950,812.02,96.6,4.9,-37.5,-0.36,1.02,0.52,0.15,0.79,-0.09,-158.3,-244.9,-6.0,-0.18,6.65,-0.17,0.0,0.809135340965898,1.2001666550941998,0.1953507279453367,0.25,0,12,0.0
11.556487865000236,951,812.03,96.5,5.0,-37.6,-0.45,1.02,0.4,0.12,0.83,-0.1,-160.7,-244.2,11.0,-0.12,6.59,0.12,0.0,0.8445708969648433,1.1844407963254222,0.15671686850746358,0.25,0,12,0.0
11.568705655001395,952,812.04,96.4,5.0,-37.7,-0.7,0.97,0.39,0.09,0.85,-0.1,-163.1,-239.1,53.0,-0.05,6.37,-0.09,0.0,0.8605811989580064,1.2581732790041282,0.1378924351840145,0.25,0,12,0.0
11.576444494001407,953,812.05,96.4,5.1,-37.7,-0.87,0.87,0.41,0.06,0.85,-0.11,-165.5,-228.4,94.0,0.0,6.06,0.0,0.0,0.8591856609604236,1.2968808734806756,0.13650221371796545,0.25,0,12,0.0
11.58888094500071,954,812.06,96.3,5.1,-37.8,-0.9,0.73,0.43,0.05,0.84,-0.12,-167.7,-218.0,95.0,0.06,5.8,0.0,0.0,0.8499999999999999,1.2360420704814217,0.14277411718482136,0.25,0,12,0.0
11.596401849001268,955,812.07,96.2,5.2,-37.9,-0.74,0.62,0.4,0.06,0.84,-0.12,-169.8,-209.1,94.0,0.11,5.57,0.15,0.0,0.8506468127254695,1.0449880382090506,0.13928475837016474,0.25,0,12,0.0
11.608877046000998,956,812.08,96.2,5.2,-37.9,-0.66,0.41,0.38,0.07,0.85,-0.12,-171.8,-195.8,133.0,0.17,5.11,0.04,0.0,0.861278120005379,0.8649277426467485,0.12608038206845018,0.25,0,12,0.0
11.616429274999973,957,812.09,96.1,5.3,-37.9,-0.68,0.21,0.35,0.1,0.86,-0.14,-173.6,-178.4,160.0,0.21,4.64,0.07,0.0,0.8770404779712279,0.7930952023559341,0.10811166362054925,0.25,0,12,0.0
11.628714401000252,958,812.1,96.1,5.3,-38.0,-0.6,0.18,0.19,0.13,0.8,-0.19,-175.3,-160.0,184.0,0.26,4.1,-0.06,0.0,0.8324662155306966,0.6545991139621257,0.14963220753985895,0.25,0,12,0.0
11.638683888000742,959,812.11,96.0,5.3,-38.0,-0.42,0.11,-0.1,0.15,0.78,-0.21,-176.7,-139.9,189.0,0.29,3.57,-0.25,0.0,0.8215838362577492,0.44553338819890925,0.1573042950765502,0.25,0,12,0.0
11.648526703000243,960,812.12,96.0,5.3,-38.0,0.05,0.14,-0.34,0.17,0.8,-0.29,-178.0,-120.5,192.0,0.33,3.04,-0.1,0.0,0.8677557259966655,0.37107950630558945,0.10890975723088125,0.25,0,12,0.0
11.658861220999825,961,812.13,96.1,5.2,-38.0,0.69,0.39,-0.43,0.19,0.83,-0.35,-179.1,-103.6,165.0,0.35,2.64,0.07,0.0,0.9205976319760985,0.9017205775626947,0.054946494226419396,0.25,0,12,0.0
11.66840055800094,962,812.14,96.1,5.2,-38.1,1.25,0.65,-0.52,0.21,0.85,-0.37,-180.0,-89.3,146.0,0.38,2.26,-0.25,0.0,0.9505261700763424,1.5017989212940595,0.02451759700365186,0.25,0,12,0.0
11.678819434000616,963,812.15,96.3,5.2,-38.2,1.48,0.89,-0.64,0.21,0.89,-0.37,-180.8,-76.5,134.0,0.4,1.93,0.01,0.0,0.986458311334037,1.8417654573804993,0.011186253368961951,0.25,0,12,0.0
11.688427254999624,964,812.16,96.4,5.1,-38.3,1.04,1.22,-0.75,0.21,0.96,-0.41,-181.5,-65.9,108.0,0.42,1.67,-0.13,0.0,1.0648004507887852,1.769887002042786,0.08773782496723581,0.25,0,12,0.0
11.69645391999984,965,812.17,96.4,5.0,-38.4,0.21,1.72,-0.78,0.21,0.98,-0.43,-182.1,-56.8,93.0,0.43,1.43,0.04,0.0,1.090596167240652,1.9002368273454757,0.11126287059072049,0.25,0,12,0.0
11.708795874001225,966,812.18,96.4,5.0,-38.6,-0.12,2.26,-0.75,0.2,1.01,-0.39,-182.6,-46.0,112.0,0.44,1.09,-0.34,0.0,1.1009995458672996,2.3842189496772312,0.1192329242330209,0.25,0,12,0.0
11.719005980001384,967,812.19,96.4,4.9,-38.9,0.05,2.71,-0.62,0.18,1.03,-0.32,-183.0,-36.1,99.0,0.45,0.86,0.03,0.0,1.0934806811279292,2.780467586576042,0.10947977830377742,0.25,0,12,0.0
11.728400081001382,968,812.2,96.4,4.9,-39.2,0.18,2.82,-0.47,0.13,1.01,-0.23,-183.3,-26.7,86.0,0.46,0.64,-0.09,0.0,1.0439827584783188,2.8645593029295098,0.058782218541083675,0.25,0,12,0.0
11.738886435001405,969,812.21,96.4,4.9,-39.5,0.16,2.66,-0.27,0.06,1.01,-0.17,-183.5,-18.3,91.0,0.46,0.37,-0.11,0.0,1.0259629622944486,2.678451044913832,0.03994717391006919,0.25,0,12,0.0
11.74834219800141,970,812.22,96.4,4.9,-39.7,0.25,2.14,0.0,0.0,1.0,-0.12,-183.6,-8.5,89.0,0.47,0.14,0.03,0.0,1.0071742649611337,2.1545533179756773,0.020735307045219198,0.25,0,12,0.0
11.75886726400131,971,812.23,96.5,4.9,-39.9,0.78,1.46,0.42,-0.04,1.03,-0.11,-183.7,-3.7,42.0,0.47,0.1,0.15,0.0,1.0366291525902598,1.7077470538695125,0.0491863907808584,0.25,0,12,0.0
11.768406574999972,972,812.24,96.6,5.0,-40.0,1.57,0.61,0.87,-0.06,1.03,-0.11,-183.7,-4.5,7.0,0.47,0.13,-0.06,0.0,1.0375933692926145,1.8957584234284706,0.049147595333548844,0.25,0,12,0.0
11.778876170999865,973,812.25,96.8,5.1,-40.0,2.38,-0.23,1.14,-0.06,1.07,-0.13,-183.8,-6.1,-1.0,0.47,0.15,-0.1,0.0,1.0795369377654476,2.6489431854987,0.08926934053025426,0.25,0,12,0.0
11.788360759999705,974,812.26,97.1,5.2,-39.9,2.75,-1.01,1.23,-0.03,1.18,-0.1,-183.8,-4.0,21.0,0.47,0.05,-0.06,0.0,1.1846096403457131,3.177341656164788,0.19045520224830947,0.25,0,12,0.0
11.798822427999767,975,812.27,97.3,5.3,-39.7,2.44,-1.63,1.26,0.0,1.28,-0.1,-183.8,-0.9,23.0,0.47,0.0,0.09,0.0,1.2839003076563227,3.193446414142564,0.2839509521677406,0.25,1,13,2.5
11.80838483700063,976,812.28,97.5,5.3,-39.5,1.8,-1.93,1.36,0.04,1.34,-0.13,-183.8,0.3,9.0,0.47,0.0,-0.11,0.0,1.3468852957843145,2.968922363417407,0.3399972214898177,0.25,0,13,2.5
11.818754085001274,977,812.29,97.7,5.4,-39.3,0.76,-2.06,1.54,0.09,1.28,-0.14,-183.8,12.3,294.0,0.47,-1.35,2.36,2.91,1.2907749610214787,2.681939596635241,0.2782091489924423,0.25,0,13,2.5
11.82837905300039,978,812.3,97.7,5.6,-39.1,-0.21,-2.08,1.74,0.13,1.16,-0.11,-183.0,121.5,910.0,0.43,-4.79,2.44,2.91,1.172433366976563,2.7199448523821217,0.1566702038485761,0.25,0,13,2.5
11.836407880000479,979,812.31,97.6,5.7,-38.9,-0.61,-2.08,1.84,0.14,1.05,-0.05,-180.9,240.6,1042.0,0.36,-7.79,2.35,2.91,1.0604715932074749,2.843255176729658,0.04381426147789824,0.25,0,13,2.5
11.848727116999726,980,812.32,97.6,5.9,-38.6,0.06,-1.92,1.61,0.15,0.94,0.0,-177.8,341.3,981.0,0.26,-10.4,2.76,2.91,0.951892851112981,2.5064117778210346,0.06346919100426363,0.25,0,13,2.5
11.858737492000728,981,812.33,97.7,6.0,-38.4,0.32,-1.59,1.47,0.13,1.0,0.03,-173.7,433.2,947.0,0.14,-12.93,2.34,2.91,1.008860743611327,2.1889266776207923,0.006371272535799388,0.25,0,13,2.5
11.868431311000677,982,812.34,97.7,6.1,-38.3,-0.04,-1.16,1.58,0.12,1.08,0.07,-168.8,518.5,830.0,0.0,-14.99,2.57,2.91,1.088898526034451,1.9605101376937586,0.07219317968957806,0.25,0,13,2.5
11.87644440800068,983,812.35,97.7,6.3,-38.2,-0.46,-0.83,1.82,0.13,1.1,0.11,-163.1,603.1,912.0,-0.16,-17.6,2.64,2.91,1.1131037687475505,2.052535017971679,0.09447045395462395,0.25,0,13,2.5
11.888736095999775,984,812.36,97.6,6.5,-38.1,-0.54,-0.64,2.02,0.16,1.09,0.13,-156.4,685.7,786.0,-0.35,-19.5,2.65,2.91,1.109324118551472,2.1866869917754577,0.0888769876833746,0.25,0,13,2.5
11.898920520001411,985,812.37,97.6,6.7,-38.0,-0.34,-0.54,2.1,0.21,1.07,0.12,-149.0,762.0,794.0,-0.56,-21.71,2.54,2.91,1.096995897895703,2.1948120648474667,0.07501779168705358,0.25,0,13,2.5
11.912424666999868,986,812.38,97.6,6.9,-37.9,-0.03,-0.43,2.09,0.25,1.03,0.08,-140.9,841.7,709.0,-0.79,-23.54,2.92,2.91,1.0629205050237764,2.133986879059944,0.04012355083882446,0.25,0,13,2.5
11.920441782000125,987,812.39,97.6,7.1,-37.8,0.58,-0.41,1.8,0.26,0.99,0.05,-132.0,895.3,495.0,-1.04,-24.58,3.53,2.91,1.024792661956554,1.935071058126807,0.001955793616169821,0.25,0,13,2.5
11.928419687001224,988,812.4,97.7,7.2,-37.8,1.1,-0.49,1.26,0.27,1.03,0.0,-122.9,926.9,309.0,-1.29,-25.22,3.01,2.91,1.0648004507887852,1.7428998823799375,0.04112431079943302,0.25,0,13,2.5
11.938651922000645,989,812.41,97.9,7.3,-37.7,1.01,-0.44,0.67,0.23,1.11,-0.03,-113.6,924.8,78.0,-1.54,-25.16,3.59,2.91,1.1339753083731585,1.2894184735763639,0.10809318501613019,0.25,0,13,2.5
11.94858715800001,990,812.42,97.9,7.3,-37.7,0.1,-0.27,0.13,0.18,1.21,-0.08,-104.3,928.1,3.0,-1.79,-25.07,3.42,2.91,1.2259282197584,0.3159113799786263,0.19604517447334424,0.25,0,13,2.5
11.958966312000484,991,812.43,97.8,7.3,-37.7,-0.98,-0.01,-0.06,0.16,1.26,-0.11,-95.1,917.6,-151.0,-2.04,-24.45,3.33,2.91,1.274872542648872,0.9818859404228171,0.24008970741654,0.25,0,13,2.5
11.968450591000874,992,812.44,97.7,7.3,-37.7,-1.45,0.44,0.02,0.16,1.22,-0.14,-86.1,892.0,-282.0,-2.28,-23.58,3.05,2.91,1.2383860464330176,1.5154207336578183,0.19953114697667185,0.25,0,13,2.5
11.978620760000922,993,812.45,97.5,7.4,-37.8,-1.34,0.98,0.2,0.14,1.17,-0.11,-77.6,829.5,-549.0,-2.51,-21.68,3.38,2.91,1.183469475736489,1.6721243972862785,0.1417222847545403,0.25,0,13,2.5
11.988821658000234,994,812.46,97.3,7.4,-37.9,-1.41,1.26,0.41,0.11,1.13,-0.06,-69.7,769.3,-610.0,-2.71,-19.95,3.21,2.91,1.1369256791892774,1.934890177762035,0.09327491844318225,0.25,0,13,0.0
11.998957994001103,995,812.47,97.1,7.5,-38.0,-1.85,1.17,0.52,0.1,1.09,-0.01,-62.5,688.3,-742.0,-2.9,-17.75,3.74,2.91,1.0946232228488486,2.2498444390668437,0.04995301286069842,0.25,0,13,0.0
12.00845517900052,996,812.48,96.8,7.5,-38.1,-2.51,1.11,0.49,0.12,1.04,-0.01,-56.3,583.6,-1203.0,-3.05,-13.64,0.86,0.0,1.0469479452198185,2.7878845026291885,0.0022321805270348882,0.25,0,13,0.0
12.01872435400037,997,812.49,96.5,7.6,-38.2,-3.03,1.07,0.23,0.18,0.96,0.0,-51.8,385.1,-1786.0,-3.15,-7.91,0.59,0.0,0.9767292357659824,3.2215989818722006,0.06662679834826524,0.25,0,13,0.0
12.032419103999928,998,812.5,96.2,7.6,-38.3,-3.09,1.19,-0.14,0.21,0.84,0.01,-49.4,190.0,-1783.0,-3.19,-3.14,0.39,0.0,0.8659099260315705,3.3141816486125197,0.17389718592102354,0.25,0,13,0.0
12.040469561001373,999,812.51,95.9,7.6,-38.5,-2.89,1.44,-0.44,0.2,0.74,0.0,-48.6,35.2,-1529.0,-3.2,0.57,0.37,0.0,0.766550715869472,3.258726745218138,0.2677912681614596,0.25,0,13,0.0
12.05238567500055,1000,812.52,95.6,7.5,-38.6,-1.62,1.77,-0.76,0.13,0.64,0.05,-48.9,-56.4,-941.0,-3.18,2.12,0.26,0.0,0.6549809157525126,2.516922724280585,0.37177384691285065,0.25,0,13,0.0
12.060454479000327,1001,812.53,95.5,7.4,-38.8,0.23,1.86,-1.08,0.07,0.65,0.12,-49.8,-96.7,-536.0,-3.15,2.97,0.01,0.0,0.6646803743153548,2.1630765127475264,0.3548329005830083,0.25,0,13,0.0
12.068432121001024,1002,812.54,95.6,7.3,-39.0,2.53,1.62,-1.4,0.01,0.7,0.16,-50.9,-124.3,-363.0,-3.12,3.71,-0.19,0.0,0.7181225522151494,3.3144079410959657,0.29536290822954936,0.25,0,13,0.0
12.078742057001364,1003,812.55,96.0,7.2,-39.2,4.12,1.25,-1.62,-0.02,0.82,0.11,-52.3,-144.2,-218.0,-3.08,4.06,0.19,0.0,0.8275868534480232,4.600141302177575,0.18218063485674219,0.25,0,13,0.0
12.088757970999723,1004,812.56,96.4,7.0,-39.3,3.96,0.89,-1.55,-0.06,0.97,0.04,-53.8,-155.4,-148.0,-3.03,4.36,0.03,0.0,0.9726767191621274,4.344674901531759,0.03634895375978531,0.25,0,13,0.0
12.09871942800055,1005,812.57,96.7,6.9,-39.4,2.51,0.46,-1.16,-0.08,1.03,-0.01,-55.5,-162.1,-73.0,-2.99,4.43,0.08,0.0,1.0331505214633538,2.8030875833623177,0.02364235157061234,0.25,0,13,0.0
12.108670752000762,1006,812.58,96.9,6.8,-39.4,0.97,0.14,-0.76,-0.09,1.0,-0.07,-57.1,-165.6,-46.0,-2.94,4.52,0.06,0.0,1.0064790112068904,1.2402015965156632,0.0029685755121340307,0.25,0,13,0.0
12.118657741000789,1007,812.59,96.9,6.8,-39.4,-0.2,-0.25,-0.41,-0.09,0.95,-0.07,-58.8,-165.3,-12.0,-2.9,4.49,-0.35,0.0,0.9568176419778223,0.520192272145598,0.051577345846378186,0.25,0,13,0.0
12.128478788001303,1008,812.6,96.8,6.7,-39.4,-0.94,-0.62,-0.15,-0.07,0.89,-0.07,-60.2,-163.5,26.0,-2.86,4.34,0.17,0.0,0.895488693395958,1.136001760562016,0.11064816853967763,0.25,0,13,0.0
12.140370905000964,1009,812.61,96.7,6.7,-39.3,-1.16,-0.91,0.01,-0.03,0.85,-0.07,-62.0,-158.3,33.0,-2.81,4.25,0.01,0.0,0.8534049449118513,1.4743812261420044,0.1496772786833087,0.25,0,13,0.0
12.14837727899976,1010,812.62,96.6,6.7,-39.2,-1.02,-1.07,0.14,0.0,0.82,-0.06,-63.5,-153.2,44.0,-2.77,4.11,-0.04,0.0,0.8221921916437785,1.48489056835849,0.1772722313123538,0.25,0,13,0.0
12.159003337001195,1011,812.63,96.5,6.7,-39.1,-0.55,-1.16,0.21,0.04,0.81,-0.08,-64.9,-150.8,24.0,-2.73,4.09,-0.01,0.0,0.8149233092751735,1.3008458786497346,0.18085029140733966,0.25,0,13,0.0
12.16839186300058,1012,812.64,96.5,6.7,-39.0,-0.05,-1.2,0.19,0.06,0.81,-0.09,-66.6,-152.8,-29.0,-2.69,4.25,0.08,0.0,0.8171903083125742,1.2159769734661918,0.1750116265225402,0.25,0,13,0.0
12.178797262000444,1013,812.65,96.6,6.6,-38.8,0.15,-1.24,0.1,0.06,0.85,-0.11,-68.2,-163.3,-86.0,-2.64,4.58,0.03,0.0,0.8591856609604236,1.2530363123229908,0.130355948397197,0.25,0,13,0.0
12.188420141001188,1014,812.66,96.6,6.6,-38.7,0.04,-1.3,0.06,0.05,0.89,-0.12,-69.9,-177.7,-137.0,-2.59,5.04,0.06,0.0,0.8994442728707543,1.3019984639007836,0.08829538975712892,0.25,0,13,0.0
12.19878799000071,1015,812.67,96.6,6.6,-38.6,-0.39,-1.39,0.16,0.04,0.93,-0.14,-71.8,-196.3,-178.0,-2.54,5.59,-0.01,0.0,0.9413288479590967,1.4525150601628884,0.04548259837541091,0.25,0,13,0.0
12.208328212000197,1016,812.68,96.6,6.5,-38.4,-1.09,-1.37,0.39,0.02,0.93,-0.16,-73.9,-217.3,-204.0,-2.48,6.19,-0.07,0.0,0.9438749917229505,1.7936276090649363,0.04207772551932587,0.25,0,13,0.0
12.219026832000964,1017,812.69,96.5,6.6,-38.3,-1.44,-1.37,0.54,0.0,0.88,-0.14,-76.2,-240.5,-229.0,-2.41,6.85,0.16,0.0,0.8910667763978185,2.0596358901514606,0.09298822202756873,0.25,0,13,0.0
12.22843238400128,1018,812.7,96.3,6.6,-38.1,-0.93,-1.53,0.56,0.0,0.85,-0.11,-78.8,-266.1,-245.0,-2.34,7.54,0.15,0.0,0.8570880934886448,1.876006396577581,0.1244275668380076,0.25,0,13,0.0
12.238498751001316,1019,812.71,96.3,6.6,-38.0,0.03,-1.79,0.56,0.02,0.87,-0.09,-81.7,-290.6,-240.0,-2.26,8.18,0.04,0.0,0.8748714191239761,1.8757931655702342,0.10451135637862274,0.25,0,13,0.0
12.248600021001039,1020,812.72,96.4,6.6,-37.8,0.79,-1.95,0.63,0.05,0.89,-0.13,-84.7,-315.4,-259.0,-2.17,8.92,-0.04,0.0,0.9008329478876758,2.1962467985178713,0.07697883106262471,0.25,0,13,0.0
12.258990050000648,1021,812.73,96.6,6.6,-37.6,1.34,-2.04,0.72,0.07,0.89,-0.17,-88.1,-342.4,-248.0,-2.08,9.56,0.33,0.0,0.9087904048789248,2.544720023892609,0.06764094658994813,0.25,0,13,0.0
12.268378318000032,1022,812.74,96.8,6.7,-37.3,1.99,-2.23,0.7,0.1,0.87,-0.21,-91.6,-357.5,-151.0,-1.98,9.81,0.14,0.0,0.9005553841935542,3.0696905381487563,0.07435844792981239,0.25,0,13,0.0
12.278934902000401,1023,812.75,97.1,6.7,-37.1,2.79,-2.44,0.57,0.14,0.86,-0.27,-95.3,-369.2,-151.0,-1.88,10.24,-0.01,0.0,0.9121951545584968,3.7500133333096297,0.06146430401357239,0.25,0,13,0.0
12.288391378000597,1024,812.76,97.4,6.7,-36.8,3.35,-2.46,0.38,0.17,0.91,-0.33,-99.1,-381.9,-100.0,-1.78,10.42,-0.11,0.0,0.9828021163998377,4.17354765157893,0.008959804671213156,0.25,0,13,0.0
12.298812500001077,1025,812.77,97.8,6.7,-36.6,3.47,-2.31,0.15,0.19,0.96,-0.37,-102.9,-381.9,-24.0,-1.67,10.37,-0.22,0.0,1.0462313319720453,4.171270789579598,0.07094123983855238,0.25,0,13,0.0
12.308760534000612,1026,812.78,98.2,6.7,-36.4,3.31,-1.98,-0.12,0.19,1.01,-0.41,-106.7,-381.3,1.0,-1.57,10.32,-0.13,0.0,1.106480908104609,3.8588728924389306,0.12856699965169371,0.25,0,13,0.0
12.318888275000063,1027,812.79,98.5,6.6,-36.2,2.55,-1.53,-0.34,0.17,1.03,-0.42,-110.5,-370.6,110.0,-1.47,9.83,0.46,0.0,1.125255526536084,2.9931588664820317,0.14439478572150533,0.25,0,13,0.0
12.328436870000587,1028,812.8,98.7,6.6,-36.1,1.74,-1.14,-0.48,0.15,1.01,-0.43,-114.0,-353.1,138.0,-1.37,9.43,-0.24,0.0,1.107925990308017,2.1348536249588634,0.12452394450356952,0.25,0,13,0.0
12.338503315000708,1029,812.81,98.9,6.5,-36.0,1.61,-0.78,-0.58,0.13,0.96,-0.44,-117.4,-335.1,182.0,-1.28,8.85,-0.08,0.0,1.0640018796975876,1.8806647760831807,0.07898783721527736,0.25,0,13,0.0
12.348892474999957,1030,812.82,99.1,6.4,-35.9,1.91,-0.49,-0.76,0.11,0.9,-0.43,-120.6,-312.0,219.0,-1.2,8.19,0.0,0.0,1.0034938963441682,2.1132439518427586,0.01811025678462075,0.25,0,13,0.0
12.359036515999833,1031,812.83,99.3,6.3,-35.9,2.44,-0.17,-1.02,0.09,0.89,-0.4,-123.6,-287.3,243.0,-1.12,7.47,-0.08,0.0,0.9798979538707079,2.650075470623431,0.005375971975062788,0.25,0,13,0.0
12.368297379000069,1032,812.84,99.6,6.2,-35.9,3.26,0.05,-1.37,0.08,0.91,-0.44,-126.3,-259.9,277.0,-1.05,6.68,0.0,0.0,1.0139526616169021,3.536523716872262,0.028105161055708816,0.25,0,13,0.0
12.378844950000712,1033,812.85,99.9,6.1,-36.0,3.82,0.47,-1.68,0.07,1.02,-0.42,-128.7,-227.6,310.0,-0.99,5.79,-0.16,0.0,1.1053053876644228,4.199488064038282,0.11706872936116486,0.25,0,13,0.0
12.388450444001137,1034,812.86,100.3,5.9,-36.1,3.69,0.77,-1.72,0.09,1.13,-0.37,-130.7,-196.3,306.0,-0.94,4.96,-0.27,0.0,1.1924344845734711,4.143356127585463,0.20011386974480894,0.25,0,13,0.0
12.398719683000309,1035,812.87,100.7,5.7,-36.2,2.77,0.99,-1.49,0.1,1.19,-0.32,-132.5,-167.6,286.0,-0.9,4.23,-0.17,0.0,1.236325199937298,3.297438399727886,0.23912449340646302,0.25,0,13,0.0
12.408552791999682,1036,812.88,100.9,5.6,-36.3,1.75,1.2,-1.16,0.13,1.18,-0.23,-134.0,-142.4,258.0,-0.86,3.58,-0.09,0.0,1.209214621148785,2.41828451593273,0.2077736363255911,0.25,0,13,0.0
12.418930800000453,1037,812.89,101.0,5.6,-36.5,0.81,1.21,-0.89,0.14,1.13,-0.02,-135.2,-119.4,235.0,-0.83,2.97,0.16,0.0,1.1388151737661383,1.706546219708098,0.13462670516408548,0.25,0,13,0.0
12.428350527001385,1038,812.9,101.0,5.5,-36.6,0.11,0.73,-0.79,0.16,1.06,0.11,-136.3,-96.7,235.0,-0.8,2.33,-0.07,0.0,1.0776363022838458,1.081249277456406,0.07197887700815708,0.25,0,13,0.0
12.438850559999992,1039,812.91,101.0,5.4,-36.6,-0.23,0.21,-0.86,0.22,1.0,0.19,-137.1,-71.9,251.0,-0.78,1.62,1.26,0.0,1.0413932974625868,0.9146584061823299,0.035021154743160254,0.25,0,13,0.0
12.44844664500124,1040,812.92,101.0,5.3,-36.7,0.04,-0.26,-1.15,0.27,0.97,0.23,-137.6,-43.6,285.0,-0.77,0.8,-0.09,0.0,1.032811696293182,1.179703352542494,0.025910762502280305,0.25,0,13,0.0
12.458670707999772,1041,812.93,101.0,5.2,-36.6,0.7,-0.56,-1.7,0.32,0.98,0.21,-137.8,-11.4,314.0,-0.77,-0.09,-0.19,0.0,1.0520931517693668,1.921874085365636,0.044288373618895926,0.25,0,13,0.0
12.468900837000547,1042,812.94,101.1,5.0,-36.6,0.82,-0.35,-2.41,0.33,1.04,0.14,-137.7,15.0,237.0,-0.77,-0.58,-0.13,0.0,1.10004545360635,2.5696303236068805,0.09039586194676152,0.25,0,13,0.0
12.479014135000398,1043,812.95,101.1,4.7,-36.7,-0.14,0.21,-2.99,0.25,1.09,0.1,-137.5,30.3,179.0,-0.78,-1.0,-0.17,0.0,1.1227644454648535,3.000633266495591,0.11085255672915983,0.25,0,13,0.0
12.488431634001245,1044,812.96,101.0,4.4,-36.8,-1.36,0.76,-3.26,0.11,1.08,0.08,-137.1,41.0,120.0,-0.8,-1.22,0.24,0.0,1.0885311203635843,3.6131426763968233,0.07508684699533275,0.25,0,13,0.0
12.500382178999644,1045,812.97,100.9,4.1,-37.0,-1.4,1.04,-3.15,0.0,1.04,0.08,-136.6,46.9,68.0,-0.81,-1.32,-0.12,0.0,1.043072384832424,3.600569399414487,0.029035549234888824,0.25,0,13,0.0
12.508326598999702,1046,812.98,100.8,3.8,-37.1,-0.16,0.9,-2.65,-0.09,1.04,0.11,-136.2,48.3,16.0,-0.82,-1.27,0.1,0.0,1.0496666137398103,2.8032302795168293,0.03491718257942966,0.25,0,13,0.0
12.518814695000401,1047,812.99,100.9,3.6,-37.2,1.58,0.07,-1.89,-0.15,1.08,0.14,-135.7,42.4,-48.0,-0.83,-1.03,0.12,0.0,1.099317970379817,2.464426911068778,0.08287716843504778,0.25,0,13,0.0
12.528369211000609,1048,813.0,101.1,3.5,-37.2,2.92,-1.0,-1.05,-0.15,1.16,0.09,-135.5,34.0,-134.0,-0.84,-0.6,-0.01,0.0,1.173115510084152,3.2601993804060507,0.15354121397659504,0.25,0,13,0.0
12.540408377000858,1049,813.01,101.4,3.4,-37.0,3.34,-1.75,-0.31,-0.1,1.27,0.0,-135.2,8.4,-214.0,-0.84,0.07,0.16,0.0,1.2739309243440164,3.783411159258269,0.2492694956717303,0.25,0,13,0.0
12.54845504900004,1050,813.02,101.8,3.3,-36.8,3.23,-2.25,0.3,-0.04,1.38,-0.09,-135.3,-10.1,-150.0,-0.84,0.35,-0.1,0.0,1.38351002887583,3.947834849635937,0.35167162819947295,0.25,0,14,0.0
12.558697689000837,1051,813.03,102.0,3.3,-36.6,1.95,-2.58,0.82,0.02,1.37,-0.17,-135.4,-14.7,-75.0,-0.83,0.45,-0.05,0.0,1.3806520198804622,3.3363602922945836,0.3418373468200231,0.25,0,14,0.0
12.568681482000102,1052,813.04,102.1,3.4,-36.3,0.21,-2.75,1.19,0.07,1.3,-0.23,-135.6,-24.3,-114.0,-0.83,0.84,-0.01,0.0,1.3220438721918422,3.003780950735256,0.27756461514877495,0.25,0,14,0.0
12.576490178000313,1053,813.05,102.1,3.4,-36.0,-1.29,-2.96,1.34,0.08,1.14,-0.22,-136.0,-40.8,-160.0,-0.81,1.35,0.09,0.0,1.1637869220780923,3.4958975957542004,0.11692151173432452,0.25,0,14,0.0
12.588861300000644,1054,813.06,101.9,3.5,-35.7,-1.93,-3.08,1.28,0.09,0.98,-0.25,-136.5,-63.3,-218.0,-0.8,2.05,-0.07,0.0,1.0153817016275208,3.8535308484557382,0.030854034541921926,0.25,0,14,0.0
12.598900475000846,1055,813.07,101.8,3.6,-35.3,-2.1,-3.03,1.04,0.1,0.88,-0.25,-137.4,-92.2,-273.0,-0.77,2.87,0.28,0.0,0.9202716990106781,3.8304699450589608,0.12344475641558939,0.25,0,14,0.0
12.608386904001236,1056,813.08,101.6,3.6,-35.0,-2.22,-2.87,0.79,0.12,0.82,-0.26,-138.5,-122.8,-302.0,-0.74,3.73,0.2,0.0,0.8685620300243385,3.7134081380855517,0.17165133689389045,0.25,0,14,0.0
12.618883889999779,1057,813.09,101.4,3.7,-34.8,-2.18,-2.59,0.66,0.15,0.8,-0.24,-139.9,-155.2,-313.0,-0.69,4.6,0.04,0.0,0.8485870609430715,3.4490723390500237,0.18779377985565437,0.25,0,14,0.0
12.628371578000952,1058,813.1,101.2,3.7,-34.5,-1.85,-2.22,0.66,0.19,0.8,-0.25,-141.7,-187.0,-320.0,-0.64,5.48,-0.04,0.0,0.859418407994616,2.9642030969554027,0.1734231841480277,0.25,0,14,0.0
12.638913295000748,1059,813.11,101.1,3.7,-34.3,-1.41,-1.65,0.78,0.24,0.81,-0.26,-143.8,-217.6,-293.0,-0.58,6.23,-0.01,0.0,0.8839117603018981,2.306295731253908,0.1459512352039306,0.25,0,14,0.0
12.6483772520005,1060,813.12,100.9,3.8,-34.2,-1.05,-0.9,0.93,0.26,0.82,-0.26,-146.1,-239.5,-217.0,-0.51,6.69,0.0,0.0,0.8986656775464388,1.6665533294797379,0.1285733716002022,0.25,0,14,0.0
12.659003233000476,1061,813.13,100.9,3.9,-34.1,-0.75,-0.19,1.07,0.27,0.82,-0.23,-148.6,-252.6,-149.0,-0.44,6.99,0.02,0.0,0.8934203937676819,1.3204166009256322,0.13114228227137992,0.25,0,14,0.0
12.66837523400136,1062,813.14,100.8,4.0,-34.1,-0.46,0.42,1.11,0.28,0.84,-0.21,-151.2,-262.1,-111.0,-0.37,7.24,0.1,0.0,0.9099999999999999,1.2728314892396402,0.1122714225182806,0.25,0,14,0.0
12.678925780999634,1063,813.15,100.8,4.1,-34.1,-0.38,0.91,1.1,0.27,0.85,-0.18,-153.9,-267.3,-55.0,-0.3,7.27,0.2,0.0,0.9098351499035415,1.4773286702694157,0.11018754716244428,0.25,0,14,0.0
12.688260263001212,1064,813.16,100.7,4.2,-34.2,-0.52,1.24,0.98,0.24,0.85,-0.17,-156.7,-268.2,-17.0,-0.22,7.27,-0.06,0.0,0.8994442728707543,1.6638509548634457,0.1181668557113269,0.25,0,14,0.0
12.69875669800058,1065,813.17,100.6,4.3,-34.3,-0.75,1.47,0.82,0.21,0.86,-0.18,-159.4,-265.9,14.0,-0.16,7.19,0.04,0.0,0.9033825324855468,1.8427696546231707,0.1119440241746038,0.25,0,14,0.0
12.708740285999738,1066,813.18,100.5,4.4,-34.5,-1.05,1.58,0.69,0.18,0.86,-0.17,-162.1,-261.0,52.0,-0.08,6.98,0.09,0.0,0.8949301648732151,2.018662923818635,0.11798846395119678,0.25,0,14,0.0
12.718807736000599,1067,813.19,100.4,4.6,-34.6,-1.17,1.64,0.56,0.14,0.85,-0.17,-164.6,-250.0,101.0,-0.02,6.64,-0.05,0.0,0.8780660567406076,2.090956718825141,0.13215552064212832,0.25,0,14,0.0
12.72837606900066,1068,813.2,100.3,4.7,-34.8,-1.13,1.63,0.38,0.11,0.85,-0.15,-166.9,-236.8,111.0,0.04,6.32,0.08,0.0,0.8701149349367587,2.0194553721238804,0.13730450959705753,0.25,0,14,0.0
12.739097143001345,1069,813.21,100.2,4.8,-34.9,-1.12,1.46,0.21,0.06,0.88,-0.11,-169.3,-227.6,95.0,0.11,6.07,0.07,0.0,0.8888756943465155,1.8520529150107996,0.11617287518355468,0.25,0,14,0.0
12.74840786400091,1070,813.22,100.0,4.8,-35.1,-1.31,1.04,0.1,0.02,0.88,-0.09,-171.5,-217.9,108.0,0.16,5.78,-0.16,0.0,0.8848163651289458,1.6756192885020154,0.11782756031310182,0.25,0,14,0.0
12.758936907999669,1071,813.23,99.8,4.8,-35.1,-1.53,0.65,0.01,0.0,0.87,-0.13,-173.6,-202.9,141.0,0.22,5.31,-0.08,0.0,0.8796590248499699,1.6623778150588993,0.12052520258023602,0.25,0,14,0.0
12.768362263999734,1072,813.24,99.6,4.7,-35.2,-1.53,0.36,-0.04,0.01,0.85,-0.17,-175.5,-188.8,132.0,0.26,4.99,-0.16,0.0,0.8668909966079934,1.5722913216067815,0.1306273662057683,0.25,0,14,0.0
12.778851910001322,1073,813.25,99.5,4.7,-35.2,-1.28,0.17,-0.1,0.05,0.83,-0.23,-177.3,-175.6,137.0,0.31,4.61,-0.04,0.0,0.8627282306729043,1.2951061732537608,0.13209432949804034,0.25,0,14,0.0
12.788271115001407,1074,813.26,99.4,4.7,-35.2,-0.78,0.29,-0.24,0.13,0.82,-0.29,-178.9,-159.8,153.0,0.36,4.14,-0.01,0.0,0.879431634636826,0.866083136886985,0.11308310702343616,0.25,0,14,0.0
12.79648334400008,1075,813.27,99.4,4.7,-35.3,-0.01,0.65,-0.4,0.19,0.9,-0.35,-180.4,-142.3,172.0,0.39,3.66,-0.14,0.0,0.9841747812253675,0.7632823854904554,0.008173161226196823,0.25,0,14,0.0
12.808833938999669,1076,813.28,99.4,4.6,-35.4,0.09,1.3,-0.48,0.25,0.96,-0.4,-181.7,-120.9,204.0,0.43,3.01,-0.07,0.0,1.0696261028976433,1.3887044321957067,0.0757325972371573,0.25,0,14,0.0
12.818860407000102,1077,813.29,99.4,4.6,-35.6,-0.49,2.07,-0.52,0.3,0.96,-0.4,-182.8,-100.3,208.0,0.45,2.43,-0.18,0.0,1.0824047302187847,2.189840176816564,0.08674100006713281,0.25,0,14,0.0
12.828436747000524,1078,813.3,99.3,4.6,-35.8,-1.09,2.8,-0.54,0.31,0.94,-0.39,-183.6,-79.6,198.0,0.47,1.96,-0.13,0.0,1.0638608931622593,3.0528183699656943,0.06683321975039525,0.25,0,14,0.0
12.838778909999746,1079,813.31,99.1,4.6,-36.2,-1.15,3.41,-0.54,0.28,0.91,-0.37,-184.3,-60.8,180.0,0.49,1.48,-0.08,0.0,1.0214695296483396,3.6389833745154707,0.023953019111746077,0.25,0,14,0.0
12.848445980000179,1080,813.32,99.0,4.6,-36.5,-0.76,3.86,-0.46,0.21,0.92,-0.32,-184.8,-44.2,170.0,0.5,1.01,-0.05,0.0,0.9964436762808022,3.9609089865837617,0.0010513775706755268,0.25,0,14,0.0
12.856440785000814,1081,813.33,98.9,4.6,-36.9,-0.12,3.92,-0.3,0.11,0.96,-0.24,-185.1,-28.2,157.0,0.51,0.61,-0.18,0.0,0.9956404973684025,3.9332937851119127,0.0018174653534136498,0.25,0,14,0.0
12.869060369999715,1082,813.34,99.0,4.7,-37.3,0.42,3.62,-0.15,0.02,1.01,-0.18,-185.3,-14.0,135.0,0.51,0.26,0.06,0.0,1.0261091559868276,3.6473689147109867,0.028078169399711195,0.25,0,14,0.0
12.878899974000888,1083,813.35,99.0,4.7,-37.6,0.54,2.95,-0.09,-0.05,1.04,-0.13,-185.4,-3.3,109.0,0.51,0.0,-0.05,0.0,1.049285471165974,3.000366644261998,0.05022939488728051,0.25,0,14,0.0
12.88837122699988,1084,813.36,99.0,4.7,-37.9,0.07,2.03,-0.25,-0.09,1.02,-0.17,-185.4,3.3,81.0,0.51,-0.16,-0.2,0.0,1.0379788051786027,2.0465336547440405,0.03814427432191103,0.25,0,14,0.0
12.898982701000932,1085,813.37,99.0,4.7,-38.0,-0.42,1.34,-0.52,-0.08,0.98,-0.25,-185.3,1.7,-16.0,0.51,0.05,-0.2,0.0,1.0145442326483356,1.497464523786791,0.014415507755811019,0.25,0,14,0.0
12.908337533001031,1086,813.38,98.9,4.6,-38.2,-0.58,0.96,-0.74,-0.04,0.97,-0.3,-185.3,-0.8,8.0,0.51,-0.02,-0.06,0.0,1.0161200716450787,1.343726162579266,0.015671519817503032,0.25,0,14,0.0
12.920400455999697,1087,813.39,98.8,4.6,-38.3,-0.35,0.8,-0.81,0.01,0.97,-0.32,-185.3,0.0,-2.0,0.51,0.0,-0.05,0.0,1.0214695296483394,1.1910499569707393,0.02060055826434848,0.25,0,14,0.0
12.928424960000484,1088,813.4,98.8,4.5,-38.4,0.29,1.03,-0.83,0.07,0.98,-0.37,-185.3,0.1,1.0,0.51,0.0,0.14,0.0,1.0498571331376474,1.3542156401400776,0.048008398518583295,0.25,0,14,0.0
12.936438058000931,1089,813.41,98.9,4.4,-38.5,0.92,1.41,-0.66,0.11,1.08,-0.31,-185.3,0.0,1.0,0.51,0.0,-0.05,0.0,1.1289818421923359,1.8083417818543042,0.1245904454218063,0.25,0,14,0.0
12.949282262001361,1090,813.42,99.0,4.4,-38.7,1.7,1.78,-0.34,0.14,1.15,-0.3,-185.3,0.1,-2.0,0.51,0.01,-0.12,0.0,1.196703806294607,2.4847535089018384,0.18846616133359584,0.25,0,14,0.0
12.959011618000659,1091,813.43,99.2,4.5,-38.9,2.29,2.08,0.0,0.16,1.18,-0.27,-185.3,0.1,0.0,0.51,0.0,0.23,0.0,1.221024160285127,3.093622472119053,0.20853078501763367,0.25,0,14,0.0
12.968451224000091,1092,813.44,99.5,4.5,-39.1,2.29,2.06,0.15,0.17,1.16,-0.2,-185.3,-0.1,2.0,0.51,0.0,0.05,0.0,1.1893275410920239,3.083861216073123,0.17329748250803978,0.25,0,14,0.0
12.976441631000853,1093,813.45,99.7,4.6,-39.3,1.55,1.96,0.02,0.18,1.14,-0.18,-185.3,0.0,3.0,0.51,-0.01,-0.01,0.0,1.168075340035907,2.498899757893461,0.1490043758228845,0.25,0,14,0.0
12.988890679000178,1094,813.46,99.7,4.7,-39.5,0.57,2.08,-0.04,0.15,1.15,-0.13,-185.3,0.0,0.0,0.51,0.0,0.05,0.0,1.1670047129296435,2.1570581818764185,0.14497507374228857,0.25,0,14,0.0
12.998926015001416,1095,813.47,99.7,4.7,-39.7,-0.12,2.35,0.08,0.1,1.14,-0.05,-185.3,1.1,13.0,0.51,-0.06,-0.31,0.0,1.145469336123844,2.3544213726518883,0.12097090299775926,0.25,0,14,0.0
13.008283442000902,1096,813.48,99.6,4.8,-39.9,-0.4,2.8,0.41,0.04,1.12,0.02,-185.3,3.6,24.0,0.51,-0.14,-0.36,0.0,1.1208925015361644,2.8579888033370597,0.09446618704187815,0.25,0,14,0.0
13.018596439000248,1097,813.49,99.5,4.9,-40.2,-0.33,3.18,0.92,0.0,1.09,0.12,-185.2,7.6,39.0,0.51,-0.27,0.03,0.0,1.0965856099730655,3.326815293941039,0.06875610956920375,0.25,0,14,0.0
13.028512746999695,1098,813.5,99.5,5.1,-40.5,0.0,3.22,1.55,-0.01,1.06,0.21,-185.1,14.2,68.0,0.5,-0.51,-0.08,0.0,1.0806479537758817,3.573639601302851,0.051762084304579625,0.25,0,14,0.0
13.038412418000007,1099,813.51,99.5,5.3,-40.8,0.56,2.99,2.17,0.0,1.02,0.26,-184.9,23.9,98.0,0.5,-0.8,-0.01,0.0,1.0526157893552615,3.736656259277805,0.023255321486280067,0.25,0,14,0.0
13.049181874999704,1100,813.52,99.6,5.6,-41.0,1.55,2.43,2.59,0.03,1.0,0.27,-184.6,36.9,118.0,0.49,-1.17,-0.13,0.0,1.036243214694311,3.8749838709341744,0.006745091888822996,0.25,0,14,0.0
13.058807687000808,1101,813.53,99.8,5.9,-41.2,2.31,1.66,2.62,0.07,1.01,0.23,-184.1,51.3,150.0,0.47,-1.63,-0.11,0.0,1.0382196299434912,3.8673117278026603,0.008547076995243152,0.25,0,14,0.0
13.07250236300024,1102,813.54,100.0,6.2,-41.3,2.45,0.95,2.34,0.14,1.03,0.15,-183.5,70.0,176.0,0.45,-2.14,-0.03,0.0,1.0502380682492898,3.5186076791822076,0.020154204995020963,0.25,0,14,0.0
13.080452174001039,1103,813.55,100.2,6.4,-41.3,2.13,0.5,1.86,0.2,1.06,0.03,-182.6,92.0,219.0,0.43,-2.81,-0.22,0.0,1.0791200118615167,2.8716719868397225,0.0480554256351029,0.25,0,14,0.0
13.088476375000027,1104,813.56,100.4,6.6,-41.3,1.58,0.33,1.32,0.24,1.08,-0.03,-181.5,116.7,230.0,0.39,-3.44,-0.02,0.0,1.1067520047418031,2.0851139057615056,0.07417367014508147,0.25,0,14,0.0
13.098729642000762,1105,813.57,100.5,6.7,-41.3,1.02,0.23,0.77,0.25,1.07,-0.07,-180.2,138.9,219.0,0.35,-4.02,-0.01,0.0,1.101044958210154,1.2985376390386225,0.0670972911411638,0.25,0,14,0.0
13.108618860000206,1106,813.58,100.6,6.7,-41.3,0.64,0.14,0.27,0.25,1.06,-0.1,-178.7,160.2,209.0,0.31,-4.59,0.06,0.0,1.0936635680134912,0.708590149522275,0.05852158292561094,0.25,0,14,0.0
13.11889814100141,1107,813.59,100.7,6.7,-41.3,0.45,0.24,-0.14,0.25,1.07,-0.13,-176.9,182.4,224.0,0.26,-5.24,-0.11,0.0,1.106480908104609,0.5288667128870941,0.06991214455639416,0.25,0,14,0.0
13.128385128000446,1108,813.6,100.7,6.7,-41.4,0.19,0.49,-0.43,0.24,1.07,-0.17,-174.9,205.7,230.0,0.2,-5.88,-0.11,0.0,1.109684639886486,0.6790434448545983,0.0716535588115057,0.25,0,14,0.0
13.138905645000705,1109,813.61,100.7,6.7,-41.5,-0.17,0.91,-0.65,0.21,1.04,-0.19,-172.7,230.8,248.0,0.14,-6.59,0.0,0.0,1.0778682665335315,1.131149857445953,0.03904044174938037,0.25,0,14,0.0
13.148397742999805,1110,813.62,100.6,6.7,-41.6,-0.32,1.4,-0.79,0.17,1.02,-0.19,-170.2,255.7,239.0,0.07,-7.22,-0.02,0.0,1.0513800454640558,1.6390546055577282,0.012301176266306557,0.25,0,14,0.0
13.15900684799999,1111,813.63,100.6,6.7,-41.8,-0.17,1.83,-0.86,0.12,0.99,-0.16,-167.5,276.6,214.0,0.0,-7.76,0.18,0.0,1.01,2.0291377479116592,0.028497291813794234,0.25,0,14,0.0
13.168279008999889,1112,813.64,100.5,6.6,-42.0,0.03,2.1,-0.9,0.09,0.98,-0.12,-164.6,300.6,253.0,-0.08,-8.52,-0.04,0.0,0.9914131328563284,2.2849288829195538,0.04614247577831654,0.25,0,14,0.0
13.17894700800025,1113,813.65,100.5,6.6,-42.2,-0.01,2.16,-0.91,0.07,0.96,-0.08,-161.4,328.3,248.0,-0.17,-9.18,0.04,0.0,0.9658674857349738,2.3438856627403992,0.07025436044167765,0.25,0,14,0.0
13.18847030300094,1114,813.66,100.4,6.5,-42.5,-0.32,2.02,-0.93,0.04,0.93,-0.05,-158.0,347.9,203.0,-0.27,-9.66,0.05,0.0,0.9322016949137134,2.2467087038599374,0.10184174823767933,0.25,0,14,0.0
13.196440600000642,1115,813.67,100.3,6.4,-42.7,-0.63,1.73,-1.01,0.02,0.89,-0.01,-154.3,366.9,205.0,-0.37,-10.23,-0.04,0.0,0.8902808545621994,2.0999761903412146,0.1408873368174095,0.25,0,14,0.0
13.208754221001072,1116,813.68,100.2,6.4,-42.8,-0.8,1.26,-1.21,-0.02,0.86,0.02,-150.5,387.1,188.0,-0.47,-10.72,0.22,0.0,0.860464990571958,1.9213797126023788,0.16728913679149782,0.25,0,14,0.0
13.218896930000483,1117,813.69,100.1,6.2,-43.0,-0.81,0.74,-1.45,-0.04,0.87,0.03,-146.5,407.5,223.0,-0.58,-11.39,-0.13,0.0,0.8714355971613738,1.8182959055115315,0.15319215959804044,0.25,0,14,0.0
13.228369477999877,1118,813.7,100.0,6.1,-43.0,-0.93,0.28,-1.64,-0.06,0.9,0.02,-142.3,427.3,159.0,-0.7,-11.7,-0.07,0.0,0.9022194854911969,1.9060167890131503,0.119960105842853,0.25,0,14,0.0
13.238926033000098,1119,813.71,99.9,5.9,-43.1,-1.21,-0.08,-1.76,-0.06,0.92,0.0,-138.0,435.9,129.0,-0.82,-12.03,-0.09,0.0,0.9219544457292888,2.1373113951878886,0.09822064269266595,0.25,0,14,0.0
13.248376053999891,1120,813.72,99.8,5.7,-43.1,-1.58,-0.33,-1.71,-0.05,0.95,-0.02,-133.5,449.4,109.0,-0.94,-12.28,0.2,0.0,0.9515250916292223,2.351467626823725,0.06727699685687771,0.25,0,14,0.0
13.258892289000869,1121,813.73,99.6,5.6,-43.1,-1.91,-0.48,-1.52,-0.03,0.96,-0.03,-129.0,454.0,88.0,-1.07,-12.51,-0.26,0.0,0.960937042682818,2.4877499874384483,0.056707744887216305,0.25,0,14,0.0
13.268250115999763,1122,813.74,99.4,5.4,-43.0,-2.08,-0.6,-1.26,-0.01,0.94,-0.05,-124.3,469.5,118.0,-1.19,-12.87,-0.04,0.0,0.9413819628609844,2.5047954008261835,0.07473756821486888,0.25,0,14,0.0
13.278769342001397,1123,813.75,99.2,5.3,-43.0,-2.08,-0.58,-0.99,0.0,0.93,-0.06,-119.6,472.3,41.0,-1.32,-12.85,-0.15,0.0,0.9319334740205442,2.3754788990854037,0.08250233591420286,0.25,0,14,0.0
13.288407025000197,1124,813.76,99.0,5.2,-43.0,-1.88,-0.5,-0.75,0.03,0.89,-0.06,-114.9,475.8,46.0,-1.45,-12.99,-0.14,0.0,0.8925245094673872,2.0849220608934043,0.1194730744580127,0.25,0,14,0.0
13.296444846000668,1125,813.77,98.8,5.1,-42.9,-1.38,-0.41,-0.6,0.06,0.88,-0.06,-110.1,480.4,41.0,-1.58,-13.08,-0.14,0.0,0.8840814442120138,1.559647396048222,0.12535781691911818,0.25,0,14,0.0
13.30880329700085,1126,813.78,98.6,5.1,-42.9,-1.08,-0.25,-0.47,0.06,0.9,-0.09,-105.3,469.3,-164.0,-1.71,-12.27,0.28,0.0,0.9064766957842877,1.2040764095355412,0.10090331403990749,0.25,0,14,0.0
13.318883419000485,1127,813.79,98.5,5.0,-42.9,-1.21,-0.05,-0.28,0.07,0.92,-0.12,-100.9,421.9,-415.0,-1.82,-10.74,0.17,0.0,0.9304300081145277,1.2429802894656052,0.07541100167547421,0.25,0,14,0.0
13.328386314000454,1128,813.8,98.4,5.0,-42.9,-1.37,0.11,-0.09,0.06,0.95,-0.11,-97.2,353.3,-655.0,-1.91,-8.57,0.26,0.0,0.9582275303913993,1.3773525329413672,0.0466612098106306,0.25,0,14,0.0
13.338901563000036,1129,813.81,98.2,5.0,-42.9,-1.84,0.12,0.08,0.07,0.97,-0.11,-94.3,263.4,-832.0,-1.98,-6.03,0.12,0.0,0.9787236586493656,1.8456435192094927,0.025641779921610985,0.25,0,14,0.0
13.348397526000554,1130,813.82,98.0,5.0,-42.9,-2.28,0.0,0.16,0.08,0.99,-0.12,-92.3,172.2,-878.0,-2.03,-3.57,0.23,0.0,1.0004498987955368,2.2856071403458644,0.0038372289799308845,0.25,0,14,0.0
13.358564242000284,1131,813.83,97.7,5.0,-42.9,-2.85,0.02,0.15,0.09,1.01,-0.17,-91.2,83.1,-880.0,-2.05,-1.19,0.34,0.0,1.028153685010174,2.8540147161498663,0.02338922609001215,0.25,0,14,0.0
13.368815260000702,1132,813.84,97.4,5.0,-42.9,-3.67,0.43,0.15,0.09,1.0,-0.22,-90.9,-0.7,-783.0,-2.04,0.76,0.08,0.0,1.027861858422619,3.6981481852408242,0.022635451512407867,0.25,0,14,0.0
13.378915017001418,1133,813.85,97.1,5.1,-43.0,-3.87,1.09,0.3,0.08,0.93,-0.18,-91.3,-48.1,-516.0,-2.03,1.73,0.09,0.0,0.9506313691436865,4.031749000123892,0.053503137011194024,0.25,0,14,0.0
13.388387527000305,1134,813.86,96.7,5.1,-43.1,-3.04,1.44,0.48,0.05,0.82,-0.09,-92.0,-81.3,-388.0,-2.0,2.6,0.26,0.0,0.8264381404557753,3.3978816930552482,0.174142438385123,0.25,0,14,0.0
13.39893144600137,1135,813.87,96.5,5.2,-43.3,-1.56,1.37,0.6,0.04,0.76,-0.04,-93.0,-113.1,-332.0,-1.97,3.42,0.1,0.0,0.7621023553303061,2.1611339616044165,0.2337086590403804,0.25,0,14,0.0
13.408448307000072,1136,813.88,96.3,5.2,-43.4,-0.22,1.02,0.68,0.05,0.78,-0.04,-94.4,-140.6,-285.0,-1.93,4.12,0.09,0.0,0.7826237921249264,1.2454717981552212,0.20892347780084497,0.25,0,14,0.0
13.418637009999657,1137,813.89,96.3,5.3,-43.5,0.77,0.62,0.69,0.06,0.85,-0.05,-95.9,-166.3,-260.0,-1.89,4.8,0.08,0.0,0.8535806933149319,1.2055704044144415,0.1352072450786227,0.25,0,14,0.0
13.428827673000342,1138,813.9,96.4,5.3,-43.5,1.13,0.24,0.57,0.06,0.92,-0.09,-97.8,-188.2,-219.0,-1.84,5.34,0.15,0.0,0.9263368717696603,1.288177006470772,0.061202045291416485,0.25,0,14,0.0
13.438821556999756,1139,813.91,96.5,5.4,-43.5,0.94,0.0,0.38,0.07,0.98,-0.13,-99.8,-204.1,-165.0,-1.78,5.69,0.06,0.0,0.9910600385445879,1.0139033484509261,0.0034506990538408777,0.25,0,14,0.0
13.44843917000071,1140,813.92,96.6,5.4,-43.5,0.48,-0.21,0.17,0.06,0.99,-0.13,-101.9,-214.4,-115.0,-1.72,5.92,-0.07,0.0,1.000299955013495,0.5508175741568164,0.012436803212293013,0.25,0,14,0.0
13.458663548000914,1141,813.93,96.7,5.4,-43.4,0.14,-0.56,0.08,0.06,0.97,-0.16,-104.1,-222.8,-92.0,-1.66,6.14,0.02,0.0,0.9849365461794988,0.5827520913733387,0.002868073509269098,0.25,0,14,0.0
13.468899012001202,1142,813.94,96.7,5.4,-43.4,0.11,-0.83,0.13,0.05,0.94,-0.2,-106.4,-229.2,-60.0,-1.6,6.26,-0.07,0.0,0.9623408959407264,0.8472897969408105,0.02495444927308066,0.25,0,14,0.0
13.479003411999656,1143,813.95,96.8,5.4,-43.3,0.33,-1.07,0.29,0.05,0.92,-0.21,-108.7,-229.4,-8.0,-1.53,6.19,0.19,0.0,0.944986772394196,1.156676272774712,0.04146240136321877,0.25,0,14,0.0
13.488357658001405,1144,813.96,96.8,5.4,-43.1,0.68,-1.29,0.51,0.04,0.91,-0.21,-110.9,-223.7,42.0,-1.47,5.99,0.07,0.0,0.9347726996441436,1.5448624534242523,0.050642944631005826,0.25,0,14,0.0
13.499069518000397,1145,813.97,96.9,5.4,-43.0,1.03,-1.56,0.66,0.02,0.91,-0.22,-113.1,-216.1,65.0,-1.42,5.78,-0.02,0.0,0.9364293886887575,1.9824479816630751,0.04800653047466408,0.25,0,14,0.0
13.508438093000223,1146,813.98,97.1,5.5,-42.8,1.26,-1.89,0.73,0.02,0.92,-0.24,-115.2,-206.8,94.0,-1.36,5.47,-0.22,0.0,0.9509994742374992,2.3859170144831108,0.032767716027403915,0.25,0,14,0.0
13.51854016499965,1147,813.99,97.2,5.5,-42.6,1.31,-2.21,0.76,0.01,0.93,-0.27,-117.2,-194.8,117.0,-1.31,5.11,0.01,0.0,0.9684523736353792,2.679141653589821,0.015008520296933447,0.25,0,14,0.0
13.528832441999839,1148,814.0,97.4,5.6,-42.3,1.08,-2.64,0.71,0.01,0.91,-0.28,-118.6,-184.0,162.0,-1.26,4.7,0.04,0.0,0.9521554494934112,2.9394047016360303,0.030679335550123366,0.25,0,14,0.0
13.539018911000312,1149,814.01,97.5,5.6,-42.0,0.71,-2.97,0.58,0.01,0.9,-0.29,-120.7,-163.4,179.0,-1.22,4.23,-0.05,0.0,0.945621488757526,3.1082792667326404,0.03646903036028837,0.25,0,14,0.0
13.548420209001051,1150,814.02,97.6,5.6,-41.7,0.46,-3.31,0.46,0.01,0.9,-0.31,-122.3,-144.7,178.0,-1.18,3.72,0.04,0.0,0.951945376584182,3.373321804986889,0.02954223968295977,0.25,0,14,0.0
13.55864571300117,1151,814.03,97.7,5.6,-41.4,0.35,-3.55,0.39,0.02,0.87,-0.33,-123.7,-126.1,188.0,-1.14,3.19,-0.18,0.0,0.9306986622962343,3.588467639536408,0.04977317489148925,0.25,0,14,0.0
13.56897537199984,1152,814.04,97.7,5.6,-41.0,0.56,-3.68,0.3,0.03,0.85,-0.34,-124.8,-107.0,186.0,-1.11,2.68,-0.2,0.0,0.9159694318043589,3.7344343614528825,0.0632123572756974,0.25,0,14,0.0
13.578754296000625,1153,814.05,97.9,5.6,-40.6,1.04,-3.78,0.19,0.04,0.85,-0.36,-125.8,-88.5,180.0,-1.09,2.21,-0.13,0.0,0.9239588735436226,3.925060509087726,0.05411845722570496,0.25,0,14,0.0
13.588729544000671,1154,814.06,98.0,5.5,-40.3,1.49,-3.78,0.08,0.07,0.88,-0.37,-126.5,-74.2,144.0,-1.07,1.87,-0.04,0.0,0.957183368012629,4.063852851666753,0.0204760835015646,0.25,0,14,0.0
13.598772502000429,1155,814.07,98.2,5.5,-39.9,1.89,-3.68,-0.01,0.09,0.93,-0.37,-127.2,-62.6,129.0,-1.05,1.54,-0.1,0.0,1.004937809021036,4.136979574520522,0.026732790356705394,0.25,0,14,0.0
13.608375661000537,1156,814.08,98.5,5.4,-39.5,1.83,-3.51,0.06,0.14,1.05,-0.32,-127.8,-52.1,99.0,-1.04,1.33,-0.08,0.0,1.1065712810298305,3.958863473271085,0.12579893711819,0.25,0,14,0.0
13.61887951999961,1157,814.09,98.7,5.4,-39.2,1.64,-3.2,0.3,0.22,1.14,-0.22,-128.2,-45.6,72.0,-1.03,1.16,0.08,0.0,1.1816936997377958,3.6082682827084795,0.19690292870963222,0.25,0,14,0.0
13.62842732900026,1158,814.1,98.9,5.4,-38.9,1.48,-2.91,0.33,0.29,1.17,-0.1,-128.7,-41.3,50.0,-1.01,1.06,0.11,0.0,1.209545369136685,3.2813716644110893,0.22025950614635104,0.25,0,14,0.0
13.639028651999979,1159,814.11,99.0,5.4,-38.6,1.32,-2.64,-0.13,0.37,1.16,-0.01,-129.0,-35.6,56.0,-1.0,0.9,-0.07,0.0,1.2176206305742359,2.9544711878777905,0.22376807223222372,0.25,0,14,0.0
13.648306286000661,1160,814.12,99.2,5.3,-38.4,0.97,-2.32,-1.11,0.47,1.17,0.01,-129.3,-24.3,121.0,-1.0,0.45,-0.05,0.0,1.2609123680890753,2.748708787776544,0.2617186135521219,0.25,0,15,0.0
13.659106209999663,1161,814.13,99.2,5.1,-38.2,-0.28,-1.67,-2.13,0.55,1.21,0.04,-129.4,-4.6,175.0,-1.0,-0.11,-0.14,0.0,1.329736816065495,2.7210659675943174,0.32393220029797076,0.25,0,15,0.0
13.66836108500138,1162,814.14,99.1,4.8,-38.1,-1.69,-0.72,-3.04,0.59,1.19,0.01,-129.4,9.4,117.0,-1.0,-0.32,0.27,0.0,1.3282695509571842,3.5519149764598814,0.31601563648586684,0.25,0,15,0.0
13.678888399001153,1163,814.15,98.9,4.5,-38.2,-2.57,0.99,-3.56,0.54,1.12,-0.07,-129.2,16.1,97.0,-1.01,-0.56,0.08,0.0,1.2453513560437472,4.500955454123047,0.2284354927409813,0.25,0,15,0.0
13.6884376779999,1164,814.16,98.6,4.2,-38.4,-2.63,2.51,-3.4,0.31,1.02,0.0,-129.0,24.7,81.0,-1.01,-0.75,-0.03,0.0,1.0660675400742676,4.9776500479644,0.04816864323607173,0.25,0,15,0.0
13.698929834999944,1165,814.17,98.4,3.9,-38.8,-1.62,3.23,-2.87,0.08,0.92,0.16,-128.7,31.7,73.0,-1.02,-0.93,-0.01,0.0,0.9372299611087985,4.614563901388733,0.07905555701480937,0.25,0,15,0.0
13.708358900001258,1166,814.18,98.3,3.7,-39.1,0.57,3.04,-2.36,-0.11,0.86,0.25,-128.4,33.9,26.0,-1.03,-0.91,-0.06,0.0,0.9023303164584463,3.8905141048452707,0.11167609763185837,0.25,0,15,0.0
13.71901927700128,1167,814.19,98.5,3.5,-39.4,2.91,2.2,-2.01,-0.24,0.89,0.24,-128.1,30.3,-36.0,-1.04,-0.7,0.22,0.0,0.9525229656024048,4.165117045174121,0.060253779518141926,0.25,0,15,0.0
13.728501260000485,1168,814.2,98.8,3.3,-39.6,4.57,1.09,-1.81,-0.31,1.03,0.2,-127.8,21.0,-71.0,-1.04,-0.45,0.01,0.0,1.0940749517286281,5.034788972737586,0.07967224247591975,0.25,0,15,0.0
13.738721985000666,1169,814.21,99.3,3.2,-39.7,4.86,-0.09,-1.58,-0.32,1.25,0.14,-127.7,9.5,-109.0,-1.05,-0.09,0.12,0.0,1.297882891481354,5.11117403342911,0.27781057858407276,0.25,0,15,0.0
13.748348248000184,1170,814.22,99.8,3.0,-39.6,3.93,-1.25,-1.16,-0.28,1.44,0.04,-127.7,-1.4,-87.0,-1.04,0.08,-0.01,0.0,1.4675149062275312,4.284040149204953,0.43849374146364495,0.25,0,15,0.0
13.758984809999674,1171,814.23,100.1,2.9,-39.5,2.09,-2.24,-0.51,-0.18,1.54,-0.08,-127.7,-2.0,-22.0,-1.04,0.04,0.01,0.0,1.552546295606028,3.105768825910905,0.513054628225299,0.25,0,15,0.0
13.768463076001353,1172,814.24,100.2,2.9,-39.2,-0.25,-2.78,0.2,-0.07,1.5,-0.15,-127.7,-1.3,-7.0,-1.04,0.05,0.04,0.0,1.5091056954368705,2.7983745281859607,0.46022174749501854,0.25,0,15,0.0
13.778656521000812,1173,814.25,100.1,2.9,-38.9,-1.85,-3.19,0.79,0.0,1.33,-0.11,-127.8,-4.4,-39.0,-1.04,0.21,0.23,0.0,1.334541119636259,3.771299510778745,0.279944028260519,0.25,0,15,0.0
13.788450555000964,1174,814.26,99.8,2.9,-38.6,-2.59,-3.51,1.02,0.05,1.16,-0.14,-127.9,-12.8,-75.0,-1.04,0.47,-0.07,0.0,1.1694870670511923,4.47979910263842,0.11259217616194328,0.25,0,15,0.0
13.798768779000966,1175,814.27,99.5,2.9,-38.2,-2.65,-3.52,1.02,0.09,1.02,-0.18,-128.1,-23.8,-109.0,-1.03,0.8,-0.01,0.0,1.0396634070698074,4.522532476389749,0.016886854143052688,0.25,0,15,0.0
13.808806363000258,1176,814.28,99.3,3.0,-37.8,-2.44,-3.48,0.96,0.12,0.95,-0.18,-128.4,-39.2,-148.0,-1.02,1.28,0.11,0.0,0.9743202758846805,4.357246837166791,0.0805853856216161,0.25,0,15,0.0
13.818905399000869,1177,814.29,99.1,3.1,-37.5,-2.34,-3.34,0.86,0.13,0.9,-0.18,-128.9,-60.2,-209.0,-1.0,1.96,0.02,0.0,0.9269843580125827,4.167829171163329,0.12536287742383956,0.25,0,15,0.0
13.82838163100132,1178,814.3,98.9,3.1,-37.1,-2.18,-3.06,0.7,0.14,0.86,-0.18,-129.7,-87.6,-250.0,-0.98,2.7,0.24,0.0,0.8897190567814088,3.8217796901443704,0.15937561508191322,0.25,0,15,0.0
13.838814464001189,1179,814.31,98.7,3.1,-36.8,-2.09,-2.63,0.52,0.15,0.86,-0.18,-130.8,-116.7,-291.0,-0.94,3.56,0.26,0.0,0.8913472948295742,3.3993234621024224,0.15459242949307295,0.25,0,15,0.0
13.848434573999839,1180,814.32,98.5,3.1,-36.6,-1.99,-2.13,0.52,0.17,0.87,-0.17,-132.2,-149.2,-311.0,-0.9,4.44,0.26,0.0,0.9026073343375846,2.960979567643114,0.14046574218536134,0.25,0,15,0.0
13.858794744000988,1181,814.33,98.3,3.2,-36.4,-1.88,-1.53,0.72,0.19,0.89,-0.18,-133.9,-179.2,-293.0,-0.85,5.2,0.08,0.0,0.9276852914647294,2.5285766747322493,0.11308002935705208,0.25,0,15,0.0
13.868362408000394,1182,814.34,98.2,3.3,-36.3,-1.75,-0.79,1.0,0.21,0.87,-0.19,-135.9,-204.1,-246.0,-0.8,5.8,-0.03,0.0,0.9149316914393119,2.164855653386618,0.12331695679482035,0.25,0,15,0.0
13.878923874000975,1183,814.35,98.0,3.4,-36.2,-1.4,-0.08,1.2,0.23,0.83,-0.15,-138.0,-222.4,-192.0,-0.74,6.24,0.2,0.0,0.8742425292789181,1.8456435192094922,0.16072599657610975,0.25,0,15,0.0
13.88845018000029,1184,814.36,97.9,3.5,-36.2,-0.98,0.48,1.32,0.24,0.81,-0.13,-140.4,-235.5,-141.0,-0.67,6.53,-0.06,0.0,0.8547514258543241,1.7126587517658036,0.17661275800068976,0.25,0,15,0.0
13.89870127300128,1185,814.37,97.8,3.6,-36.3,-0.52,1.03,1.26,0.24,0.78,-0.12,-142.8,-245.2,-99.0,-0.6,6.73,0.0,0.0,0.8248636250920512,1.7084788555905512,0.20237054758770323,0.25,0,15,0.0
13.908800821000114,1186,814.38,97.8,3.8,-36.4,-0.18,1.46,1.13,0.23,0.79,-0.11,-145.3,-248.9,-41.0,-0.54,6.75,-0.08,0.0,0.830120473184465,1.8549663069716384,0.1931714255053837,0.25,0,15,0.0
13.918932063001193,1187,814.39,97.8,3.9,-36.6,-0.01,1.8,0.96,0.2,0.79,-0.11,-147.7,-244.5,27.0,-0.47,6.56,0.07,0.0,0.8223138087129512,2.0400245096566856,0.19695852817735948,0.25,0,15,0.0
13.928396968000015,1188,814.4,97.7,4.0,-36.7,0.15,1.98,0.76,0.18,0.8,-0.09,-150.1,-237.9,50.0,-0.41,6.39,-0.08,0.0,0.8249242389456137,2.126146749403719,0.19046113598580305,0.25,0,15,0.0
13.93885641900124,1189,814.41,97.8,4.1,-36.9,0.23,2.01,0.61,0.15,0.83,-0.1,-152.5,-231.0,71.0,-0.34,6.17,0.12,0.0,0.8493526947034429,2.113078323205271,0.16271202662341433,0.25,0,15,0.0
13.948409728000115,1190,814.42,97.8,4.2,-37.1,0.29,2.0,0.47,0.11,0.84,-0.1,-154.7,-220.6,95.0,-0.28,5.86,-0.19,0.0,0.8530533394811839,2.074849392124643,0.15583115420875981,0.25,0,15,0.0
13.959043802000451,1191,814.43,97.8,4.3,-37.3,0.21,1.85,0.3,0.08,0.87,-0.09,-156.8,-209.5,105.0,-0.23,5.56,-0.13,0.0,0.8782938005018593,1.885895012984551,0.12797887932432273,0.25,0,15,0.0
13.968312064000202,1192,814.44,97.7,4.4,-37.5,-0.28,1.6,0.16,0.05,0.9,-0.1,-158.9,-199.0,108.0,-0.17,5.26,-0.03,0.0,0.9069178573608527,1.6321764610482532,0.09736772601602284,0.25,0,15,0.0
13.978941913999734,1193,814.45,97.6,4.4,-37.6,-0.93,1.32,0.08,0.03,0.9,-0.11,-160.8,-186.5,125.0,-0.12,4.89,-0.09,0.0,0.9071934744033381,1.6166941578418599,0.09515026679406668,0.25,0,15,0.0
13.988385980999738,1194,814.46,97.5,4.4,-37.7,-1.27,1.07,0.01,0.02,0.89,-0.13,-162.5,-172.4,140.0,-0.08,4.49,0.16,0.0,0.8996666049153986,1.660692626586871,0.10062359355636608,0.25,0,15,0.0
13.9988380220002,1195,814.47,97.4,4.4,-37.8,-1.42,0.77,-0.13,0.03,0.85,-0.15,-164.2,-157.2,149.0,-0.03,4.08,-0.03,0.0,0.8636550237218561,1.6205554603283407,0.1339024712549104,0.25,0,15,0.0
14.008407411000007,1196,814.48,97.3,4.3,-37.9,-1.38,0.57,-0.31,0.05,0.83,-0.16,-165.6,-140.7,158.0,0.0,3.64,-0.1,0.0,0.8467585252006619,1.5249262277238198,0.1477829903805825,0.25,0,15,0.0
14.018665196999791,1197,814.49,97.2,4.3,-37.9,-1.49,0.39,-0.52,0.08,0.79,-0.17,-166.9,-125.4,158.0,0.03,3.21,-0.08,0.0,0.8120344820264717,1.625607578722491,0.17885689288367723,0.25,0,15,0.0
14.028815448000387,1198,814.5,97.1,4.3,-38.0,-1.09,0.38,-0.63,0.11,0.83,-0.23,-168.1,-110.2,148.0,0.06,2.83,0.0,0.0,0.8682741502543998,1.3150665382405562,0.12016488016263416,0.25,0,15,0.0
14.038855507000335,1199,814.51,97.0,4.2,-38.0,-0.71,0.5,-0.54,0.14,0.84,-0.24,-169.1,-97.3,132.0,0.08,2.49,-0.26,0.0,0.8847598544237865,1.0225947388873073,0.10160559247338252,0.25,0,15,0.0
14.048429619000672,1200,814.52,96.9,4.2,-38.1,-0.19,0.57,-0.46,0.16,0.83,-0.22,-170.0,-85.4,119.0,0.1,2.18,-0.06,0.0,0.8734414691323054,0.7567033764957045,0.11066549820956639,0.25,0,15,0.0
14.058948148000127,1201,814.53,96.9,4.1,-38.2,0.18,0.61,-0.49,0.17,0.84,-0.24,-170.8,-76.6,96.0,0.12,1.97,0.01,0.0,0.8899999999999999,0.8028698524667619,0.0922248279950344,0.25,0,15,0.0
14.068268974000603,1202,814.54,97.0,4.1,-38.2,0.38,0.74,-0.56,0.18,0.88,-0.26,-171.5,-70.2,63.0,0.14,1.85,0.1,0.0,0.9350935782048767,1.002796090937734,0.04618862479435448,0.25,0,15,0.0
14.078839592000804,1203,814.55,97.0,4.0,-38.3,0.68,0.91,-0.6,0.17,0.97,-0.25,-172.2,-65.8,48.0,0.16,1.75,0.07,0.0,1.0160216533125659,1.2847178678604887,0.03404466130706796,0.25,0,15,0.0
14.088434585000869,1204,814.56,97.1,4.0,-38.4,0.92,0.98,-0.46,0.16,1.06,-0.23,-172.8,-63.7,25.0,0.18,1.71,0.02,0.0,1.0964032105024137,1.4207040508142432,0.1121376941269775,0.25,0,15,0.0
14.096473638999669,1205,814.57,97.2,4.0,-38.5,0.92,1.02,-0.28,0.13,1.13,-0.23,-173.4,-63.3,7.0,0.2,1.73,0.1,0.0,1.1604740410711476,1.4018559127100045,0.17268435420179717,0.25,0,15,0.0
14.108914675000051,1206,814.58,97.3,4.0,-38.6,0.45,0.95,-0.11,0.09,1.18,-0.19,-174.1,-64.2,2.0,0.21,1.73,-0.07,0.0,1.19858249611781,1.056929515152264,0.20657695306349033,0.25,0,15,0.0
14.118943589000992,1207,814.59,97.3,4.0,-38.7,-0.44,0.86,-0.11,0.06,1.14,-0.21,-174.7,-62.0,21.0,0.23,1.64,-0.25,0.0,1.1607325273291862,0.972265395866787,0.16535244458936926,0.25,0,15,0.0
14.128284436001195,1208,814.6,97.2,4.0,-38.8,-1.23,0.78,-0.28,0.06,1.07,-0.25,-175.3,-59.8,19.0,0.25,1.6,-0.07,0.0,1.100454451578983,1.483138563991915,0.1029728814623827,0.25,0,15,0.0
14.138961362999908,1209,814.61,97.1,3.9,-38.9,-1.39,0.88,-0.45,0.08,1.0,-0.32,-175.9,-56.0,36.0,0.26,1.47,-0.14,0.0,1.0529957264870546,1.7055790805471318,0.0544038732430453,0.25,0,15,0.0
14.148335118999967,1210,814.62,97.0,3.9,-39.0,-1.0,1.16,-0.58,0.12,0.94,-0.4,-176.4,-50.9,48.0,0.28,1.31,-0.05,0.0,1.028591269649903,1.6376812876747417,0.029399428077775847,0.25,0,15,0.0
14.158830080999905,1211,814.63,96.9,3.9,-39.2,-0.23,2.02,-0.64,0.17,0.94,-0.45,-176.9,-46.9,50.0,0.29,1.18,0.01,0.0,1.0559356040971437,2.1314079853467756,0.05560888727451618,0.25,0,15,0.0
14.168405337000877,1212,814.64,96.9,3.8,-39.4,0.74,2.86,-0.65,0.19,0.96,-0.43,-177.3,-39.2,71.0,0.3,0.96,-0.2,0.0,1.0689246933250256,3.0248471035739968,0.0672260169723502,0.25,0,15,0.0
14.178964337999787,1213,814.65,97.1,3.8,-39.8,1.97,3.78,-0.56,0.19,1.09,-0.35,-177.6,-32.7,53.0,0.31,0.85,0.06,0.0,1.1604740410711478,4.299174339335403,0.15559985742410287,0.25,0,15,0.0
14.188414600001124,1214,814.66,97.3,3.8,-40.2,2.77,4.31,-0.25,0.15,1.21,-0.31,-177.9,-27.2,54.0,0.31,0.7,0.04,0.0,1.2580540528928,5.129473657208895,0.24811627186083984,0.25,0,15,0.0
14.198669711000548,1215,814.67,97.6,3.9,-40.6,3.07,4.59,0.07,0.11,1.27,-0.27,-178.2,-24.7,30.0,0.32,0.64,0.0,0.0,1.3030349189488362,5.522490380254183,0.28723519515853857,0.25,1,16,2.5
14.208810484000423,1216,814.68,97.9,4.0,-41.1,2.81,4.46,0.28,0.07,1.29,-0.21,-178.4,-20.5,38.0,0.33,0.51,0.04,0.0,1.3088544609695916,5.278835098769425,0.287193642435708,0.25,0,16,2.5
14.218816111000706,1217,814.69,98.1,4.0,-41.5,1.9,4.03,0.35,0.04,1.31,-0.13,-178.6,-6.4,285.0,0.33,-0.77,2.3,2.91,1.3170421405558745,4.469160995086215,0.2894736955815511,0.25,0,16,2.5
14.22835676700015,1218,814.7,98.1,4.1,-41.9,0.46,3.59,0.5,0.01,1.3,-0.08,-178.0,99.1,886.0,0.29,-4.09,2.39,2.91,1.3024976007655447,3.6537241275170187,0.2694305726753967,0.25,0,16,2.5
14.23886409500119,1219,814.71,98.1,4.2,-42.2,-0.76,3.34,0.64,-0.01,1.24,0.0,-176.2,209.0,982.0,0.23,-6.88,2.68,2.91,1.2400403219250575,3.484652062975585,0.20283382795821137,0.25,0,16,2.5
14.24846135900043,1220,814.72,97.9,4.3,-42.5,-0.98,3.15,0.83,-0.03,1.16,0.12,-173.4,302.8,931.0,0.15,-9.33,2.49,2.91,1.1665761869676579,3.4017348515132686,0.12678229914079542,0.25,0,16,2.5
14.256344704001094,1221,814.73,97.8,4.5,-42.8,-1.0,2.9,1.27,-0.07,1.11,0.19,-169.8,383.9,791.0,0.04,-11.21,2.47,2.91,1.1283173312503891,3.320075300350882,0.08675297455505615,0.25,0,16,2.5
14.268870578000133,1222,814.74,97.7,4.6,-43.0,-0.86,2.53,1.75,-0.09,1.03,0.25,-165.5,447.7,716.0,-0.07,-13.09,2.97,2.91,1.0637198879404295,3.194213518223226,0.021712420620194628,0.25,0,16,2.5
14.278955536001376,1223,814.75,97.6,4.9,-43.2,-0.82,1.99,2.14,-0.08,0.96,0.28,-160.6,518.4,671.0,-0.22,-14.8,2.8,2.91,1.0031948963187562,3.035144148141897,0.03803631958144904,0.25,0,16,2.5
14.288255901001321,1224,814.76,97.5,5.1,-43.4,-0.7,1.32,2.39,-0.03,0.89,0.28,-155.0,573.7,596.0,-0.38,-16.31,2.76,2.91,0.9334880824091971,2.818598942737331,0.10558827082118794,0.25,0,16,2.5
14.298808498000653,1225,814.77,97.5,5.4,-43.4,-0.34,0.75,2.45,0.05,0.85,0.24,-148.8,635.3,626.0,-0.55,-18.09,2.8,2.91,0.8846468221838588,2.584685667542574,0.15134094042559565,0.25,0,16,2.5
14.308398405000844,1226,814.78,97.4,5.6,-43.5,0.0,0.63,2.4,0.15,0.87,0.15,-142.0,702.8,607.0,-0.74,-19.72,2.74,2.91,0.8954886933959579,2.481310137810266,0.13768908782922662,0.25,0,16,2.5
14.318860553999912,1227,814.79,97.5,5.9,-43.5,0.49,0.95,2.3,0.24,0.92,0.07,-134.6,758.5,582.0,-0.95,-21.24,2.48,2.91,0.9533624704172071,2.5362570847609276,0.07821900459181796,0.25,0,16,2.5
14.328434892000587,1228,814.8,97.5,6.1,-43.6,1.07,1.47,2.18,0.3,0.97,0.02,-126.7,803.8,530.0,-1.17,-22.55,2.78,2.91,1.0155294185792945,2.838696884135395,0.015731015301136075,0.25,0,16,2.5
14.338798979000785,1229,814.81,97.7,6.3,-43.8,1.68,1.86,2.08,0.32,1.04,0.0,-118.4,833.7,257.0,-1.4,-22.77,3.41,2.91,1.0881176406988355,3.2570538834965563,0.055720062682036886,0.25,0,16,2.5
14.348397155001294,1230,814.82,97.8,6.6,-43.9,1.97,1.96,1.93,0.28,1.09,-0.01,-110.0,843.5,219.0,-1.63,-23.28,2.55,2.91,1.125433249908674,3.383400656144643,0.091174958454038,0.25,0,16,2.5
14.358817488000568,1231,814.83,98.0,6.8,-44.1,1.41,1.84,1.52,0.2,1.15,0.0,-101.5,857.0,125.0,-1.86,-23.44,3.19,2.91,1.167261752992875,2.7720209234419566,0.13034339230747416,0.25,0,16,2.5
14.368418366000697,1232,814.84,98.0,6.9,-44.2,0.08,1.57,1.11,0.14,1.19,-0.02,-92.9,859.5,29.0,-2.1,-23.36,2.84,2.91,1.1983738982471206,1.924421991144354,0.15822642681048538,0.25,0,16,2.5
14.376457368000047,1233,814.85,97.9,7.0,-44.4,-1.34,1.45,0.83,0.1,1.15,-0.07,-84.3,858.1,-92.0,-2.33,-22.93,3.49,2.91,1.1564601160437828,2.141728274081472,0.11398639171500458,0.25,0,16,2.5
14.388828832001309,1234,814.86,97.7,7.1,-44.5,-1.77,1.6,0.64,0.07,1.04,-0.08,-75.9,829.4,-199.0,-2.55,-22.29,2.94,2.91,1.0454185764563397,2.470323865407125,0.0028859550850102167,0.25,0,16,0.0
14.398935221001011,1235,814.87,97.4,7.1,-44.7,-1.2,1.71,0.41,0.06,0.96,-0.04,-67.7,809.8,-274.0,-2.77,-21.45,2.66,2.91,0.9627045237246993,2.1288964277296345,0.07823153569369767,0.25,0,16,0.0
14.408395301001292,1236,814.88,97.3,7.2,-44.9,-0.69,1.61,0.2,0.07,0.98,-0.02,-59.9,760.0,-632.0,-2.98,-19.06,0.6,0.0,0.982700361249552,1.7630087918101827,0.05707098420546819,0.25,0,16,0.0
14.418928087001404,1237,814.89,97.2,7.2,-45.0,-1.05,1.41,-0.02,0.11,1.0,0.0,-53.4,595.7,-1382.0,-3.13,-14.15,0.48,0.0,1.0060318086422517,1.7581240001774618,0.033064746076512996,0.25,0,16,0.0
14.428390969000247,1238,814.9,97.0,7.2,-45.2,-1.59,1.25,-0.3,0.16,0.99,0.0,-48.6,423.3,-1602.0,-3.24,-9.43,0.44,0.0,1.0028459502834919,2.0446515595572756,0.03552559234656738,0.25,0,16,0.0
14.438902885000061,1239,814.91,96.8,7.2,-45.3,-2.63,1.2,-0.42,0.19,0.95,-0.03,-45.5,269.8,-1473.0,-3.31,-5.69,0.39,0.0,0.9692780818733084,2.9211812679120066,0.06771159154161577,0.25,0,16,0.0
14.448368501000004,1240,814.92,96.5,7.2,-45.4,-2.73,1.39,-0.57,0.19,0.81,-0.02,-43.7,147.1,-1237.0,-3.34,-2.72,0.4,0.0,0.8322259308625273,3.1160712443716685,0.20066846770134905,0.25,0,16,0.0
14.458727200000794,1241,814.93,96.2,7.1,-45.6,-1.91,1.67,-0.84,0.15,0.69,0.03,-42.9,50.4,-1013.0,-3.35,-0.33,0.34,0.0,0.7067531393633848,2.6725643116677285,0.3196184340164816,0.25,0,16,0.0
14.468399982000847,1242,814.94,96.1,7.0,-45.8,-0.18,1.57,-1.33,0.1,0.64,0.1,-42.9,-18.3,-659.0,-3.35,0.86,0.16,0.0,0.6554387843269576,2.065478152874051,0.36351413327185056,0.25,0,16,0.0
14.478938313000981,1243,814.95,96.1,6.9,-45.9,1.34,1.31,-1.79,0.04,0.68,0.06,-43.2,-39.5,-316.0,-3.34,1.19,-0.14,0.0,0.6838128398911504,2.5914860601593057,0.3284372761535045,0.25,0,16,0.0
14.488409767000121,1244,814.96,96.3,6.7,-46.1,2.47,0.94,-2.06,-0.01,0.75,0.04,-43.7,-45.4,-122.0,-3.32,1.22,-0.16,0.0,0.7511324783285569,3.3508357166533846,0.25589528496177594,0.25,0,16,0.0
14.498875453000437,1245,814.97,96.6,6.5,-46.2,2.88,0.5,-2.22,-0.07,0.84,-0.02,-44.1,-42.9,-14.0,-3.31,1.09,0.0,0.0,0.8431488599292535,3.670531296692619,0.16060132529385773,0.25,0,16,0.0
14.508391864001169,1246,814.98,96.9,6.3,-46.2,2.45,0.2,-2.16,-0.11,0.94,-0.08,-44.5,-36.5,42.0,-3.3,0.9,0.13,0.0,0.949789450352024,3.272323333657602,0.05288152017366554,0.25,0,16,0.0
14.518912872999863,1247,814.99,97.0,6.1,-46.2,1.49,-0.04,-1.85,-0.14,1.0,-0.12,-44.8,-31.3,32.0,-3.29,0.83,-0.04,0.0,1.0168579055108928,2.375752512363188,0.013903196285499186,0.25,0,16,0.0
14.52843031500015,1248,815.0,97.1,5.9,-46.2,0.38,-0.28,-1.38,-0.14,1.01,-0.14,-45.1,-31.6,-3.0,-3.28,0.93,0.24,0.0,1.0292230079045066,1.4584923722803627,0.02574293270553074,0.25,0,16,0.0
14.53877921700041,1249,815.01,97.1,5.8,-46.2,-0.35,-0.55,-0.87,-0.14,0.99,-0.15,-45.6,-38.2,-48.0,-3.27,1.12,0.04,0.0,1.0110390694725897,1.087152243248387,0.0074078143881415315,0.25,0,16,0.0
14.548693657001422,1250,815.02,97.1,5.7,-46.2,-0.77,-0.81,-0.41,-0.12,0.98,-0.13,-46.0,-47.4,-81.0,-3.26,1.41,0.0,0.0,0.9958413528268446,1.1904200939164291,0.007634104212451476,0.25,0,16,0.0
14.55884792500001,1251,815.03,97.0,5.7,-46.1,-0.98,-1.11,0.0,-0.09,0.98,-0.11,-46.5,-58.6,-108.0,-3.24,1.74,-0.08,0.0,0.9902524930541705,1.4807092894960847,0.012958504705423035,0.25,0,16,0.0
14.568327955001223,1252,815.04,96.9,5.7,-45.9,-1.19,-1.33,0.28,-0.02,0.98,-0.11,-47.2,-72.7,-143.0,-3.22,2.2,0.28,0.0,0.9863569333664157,1.8064883060789516,0.016516983105314242,0.25,0,16,0.0
14.578864248000173,1253,815.05,96.8,5.7,-45.8,-1.4,-1.38,0.5,0.04,0.97,-0.13,-48.1,-95.3,-227.0,-3.2,2.95,0.22,0.0,0.9794896630388705,2.0283983829612957,0.022916568364202305,0.25,0,16,0.0
14.588402531000611,1254,815.06,96.7,5.7,-45.6,-1.49,-1.27,0.66,0.08,0.94,-0.15,-49.3,-126.8,-288.0,-3.16,3.83,0.29,0.0,0.9552486587271399,2.0660590504629823,0.04621442122241415,0.25,0,16,0.0
14.599045143000694,1255,815.07,96.6,5.8,-45.5,-1.4,-1.13,0.77,0.12,0.91,-0.16,-50.8,-160.9,-337.0,-3.12,4.84,0.21,0.0,0.9317188417113824,1.9569874807979737,0.06834935347340831,0.25,0,16,0.0
14.608357528000852,1256,815.08,96.5,5.9,-45.4,-1.13,-1.02,0.85,0.14,0.89,-0.16,-52.6,-197.5,-349.0,-3.06,5.8,0.25,0.0,0.9150409826887537,1.7435022225394494,0.08332666824611634,0.25,0,16,0.0
14.619016495000324,1257,815.09,96.4,6.0,-45.3,-0.97,-0.88,0.85,0.15,0.89,-0.18,-54.9,-232.4,-343.0,-3.0,6.72,-0.03,0.0,0.9203260291874831,1.5613455735358526,0.07648078931243918,0.25,0,16,0.0
14.628444318999755,1258,815.1,96.4,6.1,-45.2,-0.93,-0.66,0.8,0.15,0.9,-0.16,-57.4,-268.6,-369.0,-2.92,7.78,0.08,0.0,0.9263368717696603,1.393018305694509,0.06906054779565673,0.25,0,16,0.0
14.638927617999798,1259,815.11,96.3,6.2,-45.1,-1.02,-0.57,0.74,0.13,0.88,-0.13,-60.4,-308.8,-387.0,-2.84,8.87,0.24,0.0,0.8989994438263018,1.3830762813380901,0.0944700162242349,0.25,0,16,0.0
14.648247589000675,1260,815.12,96.2,6.2,-45.1,-0.89,-0.57,0.63,0.11,0.85,-0.1,-63.7,-343.7,-340.0,-2.74,9.71,-0.1,0.0,0.862902080192185,1.2304064369142418,0.12795603226118468,0.25,0,16,0.0
14.658995059000517,1261,815.13,96.2,6.3,-45.0,-0.41,-0.58,0.44,0.1,0.83,-0.09,-67.4,-374.3,-331.0,-2.64,10.59,0.0,0.0,0.8408329203831163,0.8355237878121723,0.1470246882288483,0.25,0,16,0.0
14.668315775999872,1262,815.14,96.2,6.3,-44.9,0.17,-0.64,0.23,0.09,0.82,-0.1,-71.3,-406.5,-296.0,-2.53,11.33,0.21,0.0,0.8309632964216891,0.7009992867328754,0.15375642594647,0.25,0,16,0.0
14.678896653000265,1263,815.15,96.3,6.3,-44.9,0.77,-0.63,0.05,0.09,0.85,-0.14,-75.6,-425.7,-216.0,-2.41,11.8,0.0,0.0,0.8661408661412991,0.9961425600786264,0.11620727910232276,0.25,0,16,0.0
14.688437797000006,1264,815.16,96.4,6.3,-44.8,1.14,-0.58,-0.05,0.08,0.89,-0.17,-79.5,-441.8,-185.0,-2.29,12.22,-0.06,0.0,0.9096153033013462,1.2800390619039717,0.0712781851034302,0.25,0,16,0.0
14.69895779699982,1265,815.17,96.6,6.3,-44.7,1.4,-0.57,-0.05,0.08,0.94,-0.2,-84.0,-454.9,-148.0,-2.16,12.61,0.27,0.0,0.9643650760992954,1.5124152868838636,0.016197844059371302,0.25,0,16,0.0
14.708293677000256,1266,815.18,96.8,6.3,-44.7,1.55,-0.55,0.0,0.08,0.99,-0.22,-88.7,-468.5,-114.0,-2.04,12.76,0.12,0.0,1.0173003489628811,1.6446884203398529,0.036002680228130135,0.25,0,16,0.0
14.718916871999681,1267,815.19,97.0,6.3,-44.6,1.6,-0.55,0.07,0.08,1.02,-0.23,-93.3,-464.2,13.0,-1.91,12.56,0.0,0.0,1.0486658190291127,1.6933398950004104,0.06602078728847449,0.25,0,16,0.0
14.728474470000947,1268,815.2,97.2,6.2,-44.5,1.49,-0.58,0.12,0.07,1.05,-0.22,-97.9,-462.3,18.0,-1.79,12.45,0.15,0.0,1.0750813922675808,1.6034026319050372,0.09058763331640374,0.25,0,16,0.0
14.739071092000813,1269,815.21,97.4,6.2,-44.5,1.21,-0.77,0.09,0.06,1.06,-0.23,-102.5,-450.5,105.0,-1.66,12.03,-0.23,0.0,1.086324076875773,1.4370455803487934,0.09979371156610395,0.25,0,16,0.0
14.748482744000285,1270,815.22,97.5,6.2,-44.4,0.81,-1.01,-0.05,0.04,1.04,-0.24,-106.9,-438.7,109.0,-1.55,11.71,0.02,0.0,1.0680823938254953,1.295646556743003,0.07992098794550984,0.25,0,16,0.0
14.758968486001322,1271,815.23,97.6,6.2,-44.3,0.34,-1.27,-0.3,0.04,1.04,-0.25,-111.2,-419.3,191.0,-1.43,11.04,-0.15,0.0,1.0703737664946764,1.3485177047410242,0.08056811340239711,0.25,0,16,0.0
14.768324562000998,1272,815.24,97.6,6.1,-44.1,0.02,-1.52,-0.56,0.05,1.04,-0.26,-115.2,-397.9,193.0,-1.33,10.52,-0.23,0.0,1.0731728658515367,1.62,0.08169986850407229,0.25,0,16,0.0
14.778800668000258,1273,815.25,97.6,6.0,-44.0,-0.23,-1.64,-0.7,0.07,1.04,-0.29,-119.1,-376.1,219.0,-1.23,9.87,0.11,0.0,1.081942697188719,1.79791545963652,0.08866030584442941,0.25,0,16,0.0
14.788501042001371,1274,815.26,97.6,5.9,-43.8,-0.55,-1.55,-0.67,0.08,1.02,-0.31,-122.7,-354.1,208.0,-1.13,9.31,-0.1,0.0,1.0690650120549265,1.7759222955974174,0.07426696829642432,0.25,0,16,0.0
14.798902687000009,1275,815.27,97.6,5.8,-43.7,-0.48,-1.44,-0.6,0.07,0.97,-0.3,-126.0,-330.8,251.0,-1.04,8.52,0.0,0.0,1.017742600071354,1.6321764610482532,0.022485665186594783,0.25,0,16,0.0
14.808396155000082,1276,815.28,97.6,5.8,-43.6,0.0,-1.35,-0.65,0.06,0.94,-0.26,-129.1,-298.5,307.0,-0.96,7.62,-0.16,0.0,0.9771386800244887,1.4983324063771697,0.01775588976306519,0.25,0,16,0.0
14.819003082000563,1277,815.29,97.6,5.7,-43.4,0.81,-1.5,-0.75,0.05,0.94,-0.25,-131.9,-268.6,284.0,-0.89,6.91,-0.34,0.0,0.9739609848448756,1.8624177834202509,0.020514913243824706,0.25,0,16,0.0
14.82842305899976,1278,815.3,97.8,5.6,-43.3,1.5,-1.59,-0.83,0.06,0.97,-0.24,-134.4,-241.4,282.0,-0.83,6.1,-0.25,0.0,1.001049449328054,2.338161671056987,0.006442080214566603,0.25,0,16,0.0
14.83904392400109,1279,815.31,98.0,5.5,-43.1,1.83,-1.7,-0.81,0.07,1.05,-0.21,-136.6,-210.9,303.0,-0.77,5.27,-0.16,0.0,1.0730796801729123,2.6258332011001766,0.0769028648382365,0.25,0,16,0.0
14.848440145000495,1280,815.32,98.2,5.3,-43.0,1.8,-1.83,-0.68,0.1,1.11,-0.2,-138.5,-179.3,309.0,-0.73,4.38,0.0,0.0,1.1322985472038725,2.6554284023486683,0.13339929723181265,0.25,0,16,0.0
14.858944323001197,1281,815.33,98.4,5.3,-42.8,1.81,-1.8,-0.52,0.12,1.14,-0.17,-140.1,-147.8,310.0,-0.69,3.54,-0.37,0.0,1.1588356225108027,2.605091169229975,0.15673764508796806,0.25,0,16,0.0
14.868238443001246,1282,815.34,98.6,5.2,-42.6,1.79,-1.92,-0.38,0.15,1.18,-0.1,-141.3,-116.9,308.0,-0.66,2.71,-0.16,0.0,1.1936917525056459,2.6523385907534505,0.18776189958115497,0.25,0,16,0.0
14.879024195000966,1283,815.35,98.8,5.2,-42.4,1.61,-2.0,-0.32,0.18,1.2,-0.03,-142.3,-85.6,310.0,-0.64,1.88,-0.11,0.0,1.2137956994486345,2.5873731852981705,0.2037085295936607,0.25,0,16,0.0
14.888445558000967,1284,815.36,98.9,5.1,-42.2,1.13,-2.23,-0.35,0.19,1.17,0.06,-142.9,-54.4,324.0,-0.62,0.93,-0.09,0.0,1.186844555954991,2.5243414982921784,0.17322223837801687,0.25,0,16,0.0
14.898783298000126,1285,815.37,99.0,5.0,-42.0,0.42,-2.5,-0.52,0.2,1.09,0.14,-143.2,-19.0,350.0,-0.62,-0.04,-0.11,0.0,1.11700492389246,2.587817613356861,0.10131495418917624,0.25,0,16,0.0
14.908778035000068,1286,815.38,99.1,4.9,-41.7,0.21,-2.87,-0.95,0.2,0.96,0.17,-143.2,13.2,283.0,-0.63,-0.64,-0.14,0.0,0.995238664843765,3.0304290125327142,0.020042278762328447,0.25,0,16,0.0
14.919048310999642,1287,815.39,99.1,4.7,-41.5,0.52,-3.06,-1.56,0.17,0.87,0.12,-142.9,28.5,178.0,-0.64,-0.92,-0.09,0.0,0.8945389874119518,3.4738451318387815,0.11832711707025889,0.25,0,16,0.0
14.928415046000737,1288,815.4,99.2,4.5,-41.2,0.47,-3.05,-2.0,0.1,0.87,0.08,-142.6,40.0,135.0,-0.65,-1.25,0.07,0.0,0.8793747778962051,3.6774175721557647,0.1308215000542854,0.25,0,16,0.0
14.93898505800098,1289,815.41,99.3,4.2,-40.9,0.42,-3.19,-2.14,0.03,0.88,0.09,-142.1,49.0,96.0,-0.66,-1.43,-0.06,0.0,0.8850988645343525,3.864207551361598,0.12259546514781516,0.25,0,16,0.0
14.948447198001304,1290,815.42,99.4,4.0,-40.6,0.96,-3.45,-2.08,-0.02,0.91,0.07,-141.6,55.9,70.0,-0.68,-1.55,0.02,0.0,0.9129074432821763,4.141316215890789,0.09289114867199155,0.25,0,16,0.0
14.958826416999727,1291,815.43,99.5,3.7,-40.3,1.52,-3.75,-2.01,-0.06,0.98,0.03,-141.0,56.9,22.0,-0.69,-1.53,-0.1,0.0,0.9822932352408826,4.518074811244276,0.02303524957901959,0.25,0,16,0.0
14.968328036000457,1292,815.44,99.7,3.4,-39.9,1.57,-3.99,-1.94,-0.1,1.09,0.01,-140.4,54.8,-18.0,-0.71,-1.39,0.08,0.0,1.0946232228488486,4.706229913635754,0.0875088432683675,0.25,0,16,0.0
14.978565948000323,1293,815.45,99.9,3.2,-39.6,1.19,-4.17,-1.81,-0.1,1.21,0.0,-139.9,46.9,-83.0,-0.72,-1.05,0.02,0.0,1.214125199474914,4.699053096103512,0.20287060349654418,0.25,0,16,0.0
14.988800209001056,1294,815.46,100.0,3.0,-39.2,0.68,-4.39,-1.57,-0.05,1.32,-0.05,-139.6,31.5,-134.0,-0.73,-0.58,0.29,0.0,1.3218925826253811,4.7116239238716835,0.30442522691407103,0.25,0,17,0.0
14.99873731200023,1295,815.47,100.0,2.7,-38.8,0.0,-4.46,-1.1,0.04,1.39,-0.13,-139.4,10.5,-200.0,-0.73,0.05,0.1,0.0,1.3966388223159198,4.593647787978526,0.37158803727251755,0.25,0,17,0.0
15.008912254001189,1296,815.48,99.9,2.6,-38.3,-1.23,-4.23,-0.48,0.13,1.35,-0.21,-139.4,-8.2,-153.0,-0.72,0.33,-0.12,0.0,1.372406645276829,4.431275211493865,0.34040874302875834,0.25,0,17,0.0
15.019030207000469,1297,815.49,99.8,2.6,-37.9,-1.96,-3.73,0.14,0.18,1.28,-0.22,-139.6,-13.1,-73.0,-0.72,0.41,0.1,0.0,1.311182672246701,4.215934060205401,0.2736010745986577,0.25,0,17,0.0
15.02840385700074,1298,815.5,99.6,2.6,-37.6,-2.21,-3.43,0.58,0.18,1.13,-0.16,-139.7,-19.7,-90.0,-0.71,0.74,-0.01,0.0,1.1553787257864843,4.121334735252646,0.11544118557567207,0.25,0,17,0.0
15.038852212001075,1299,815.51,99.4,2.6,-37.2,-1.93,-3.28,0.78,0.16,1.04,-0.14,-140.0,-36.0,-148.0,-0.7,1.24,0.1,0.0,1.061508360777248,3.884803727345823,0.021139404155106956,0.25,0,17,0.0
15.047971044001315,1300,815.52,99.2,2.7,-36.9,-1.84,-3.18,0.84,0.11,1.0,-0.1,-140.5,-54.9,-182.0,-0.69,1.82,0.16,0.0,1.0109896141899777,3.7687663764154977,0.028791755583519985,0.25,0,17,0.0
15.059723948999817,1301,815.53,99.0,2.8,-36.6,-2.03,-3.09,0.91,0.07,0.98,-0.1,-141.2,-80.1,-249.0,-0.66,2.63,0.06,0.0,0.9875727821279806,3.807505745235324,0.051164415892606674,0.25,0,17,0.0
15.072049385000355,1302,815.54,98.7,2.8,-36.3,-2.38,-3.0,0.97,0.05,0.96,-0.08,-142.3,-111.2,-296.0,-0.63,3.52,0.16,0.0,0.9646242791885346,3.9503544144797944,0.07263066045541178,0.25,0,17,0.0
15.080486492999626,1303,815.55,98.5,2.9,-36.0,-2.74,-2.89,1.09,0.06,0.92,-0.07,-143.6,-143.1,-305.0,-0.59,4.34,0.28,0.0,0.924608025057105,4.128898158104653,0.11039397629510439,0.25,0,17,0.0
15.088396892000674,1304,815.56,98.1,3.0,-35.7,-2.78,-2.75,1.2,0.1,0.88,-0.06,-145.2,-172.9,-294.0,-0.54,5.09,0.26,0.0,0.8876936408468858,4.090342283965976,0.14436219329521705,0.25,0,17,0.0
15.100447322000036,1305,815.57,97.9,3.1,-35.4,-2.52,-2.51,1.37,0.15,0.84,-0.09,-147.1,-197.9,-249.0,-0.49,5.69,-0.01,0.0,0.8580209787645054,3.8114826511477133,0.1705541582700454,0.25,0,17,0.0
15.108384228000432,1306,815.58,97.7,3.2,-35.2,-1.94,-2.0,1.58,0.21,0.82,-0.11,-149.3,-217.2,-199.0,-0.43,6.13,0.06,0.0,0.8535806933149319,3.203123475609394,0.17149455484522647,0.25,0,17,0.0
15.118896371001028,1307,815.59,97.5,3.4,-35.0,-1.49,-1.43,1.75,0.25,0.79,-0.11,-151.8,-231.0,-126.0,-0.36,6.36,-0.06,0.0,0.8358827668997609,2.7069355367278325,0.1854086316351894,0.25,0,17,0.0
15.128304731000753,1308,815.6,97.4,3.5,-34.8,-0.94,-0.83,1.77,0.26,0.77,-0.11,-154.1,-236.7,-66.0,-0.3,6.45,0.27,0.0,0.820121942152507,2.1691933984778764,0.19714606725479444,0.25,0,17,0.0
15.138843164000718,1309,815.61,97.4,3.7,-34.8,-0.44,-0.27,1.65,0.28,0.77,-0.11,-156.5,-237.4,-18.0,-0.23,6.43,-0.05,0.0,0.8266801074176153,1.7288724649319855,0.1867761439498925,0.25,0,17,0.0
15.15205671900003,1310,815.62,97.3,3.8,-34.7,-0.36,0.24,1.49,0.28,0.79,-0.13,-158.9,-235.1,16.0,-0.17,6.34,0.01,0.0,0.8481745103456011,1.5515476144804579,0.16197610620146863,0.25,0,17,0.0
15.160055648000707,1311,815.63,97.3,4.0,-34.8,-0.5,0.78,1.28,0.27,0.8,-0.14,-160.9,-230.3,47.0,-0.11,6.15,-0.06,0.0,0.8558621384311845,1.5801265772082944,0.15120270855356754,0.25,0,17,0.0
15.16834385600123,1312,815.64,97.2,4.1,-34.9,-0.64,1.26,1.04,0.24,0.8,-0.14,-163.2,-220.5,99.0,-0.05,5.77,-0.01,0.0,0.8468766143896052,1.7546509624423885,0.15698446794324394,0.25,0,17,0.0
15.179051872000855,1313,815.65,97.1,4.2,-35.0,-0.8,1.62,0.88,0.22,0.82,-0.14,-165.3,-204.8,142.0,0.0,5.32,-0.1,0.0,0.860464990571958,2.0096765908971523,0.14052816992567319,0.25,0,17,0.0
15.188409031001356,1314,815.66,97.0,4.3,-35.2,-0.76,1.92,0.77,0.18,0.82,-0.13,-167.2,-188.7,149.0,0.05,4.9,-0.14,0.0,0.8495292814258965,2.2038375620721236,0.14843460149030008,0.25,0,17,0.0
15.199127142001089,1315,815.67,97.0,4.5,-35.4,-0.56,1.99,0.65,0.13,0.82,-0.12,-169.0,-173.7,148.0,0.09,4.47,-0.01,0.0,0.8388682852510279,2.167071757002984,0.15591368571186526,0.25,0,17,0.0
15.208423650999976,1316,815.68,96.9,4.6,-35.6,-0.44,1.89,0.5,0.09,0.82,-0.1,-170.6,-157.4,165.0,0.13,4.02,-0.08,0.0,0.8309632964216891,2.003921156133644,0.16054230105037992,0.25,0,17,0.0
15.219047515000057,1317,815.69,96.8,4.6,-35.7,-0.58,1.59,0.26,0.04,0.82,-0.11,-172.1,-140.1,172.0,0.17,3.56,-0.02,0.0,0.8283115355951527,1.712337583538947,0.15993018063937803,0.25,0,17,0.0
15.228464460000396,1318,815.7,96.8,4.6,-35.9,-0.63,1.27,0.07,0.01,0.82,-0.15,-173.4,-123.1,164.0,0.2,3.14,-0.14,0.0,0.8336666000266533,1.41940128223135,0.1514836138837199,0.25,0,17,0.0
15.239051394000853,1319,815.71,96.7,4.6,-36.0,-0.44,0.86,-0.06,0.0,0.8,-0.19,-174.5,-109.0,148.0,0.23,2.76,-0.01,0.0,0.8222530024268687,0.9678842906050289,0.15963926725383437,0.25,0,17,0.0
15.248086929999772,1320,815.72,96.7,4.6,-36.0,0.05,0.52,-0.18,0.01,0.8,-0.25,-175.5,-97.0,120.0,0.26,2.47,0.09,0.0,0.8382123835878351,0.5525395913416522,0.1408062883710106,0.25,0,17,0.0
15.259015270001328,1321,815.73,96.7,4.6,-36.1,0.66,0.28,-0.26,0.03,0.83,-0.27,-176.4,-88.0,89.0,0.28,2.29,0.01,0.0,0.8733269719870101,0.7626270385975048,0.10357786597239882,0.25,0,17,0.0
15.268460647999746,1322,815.74,96.8,4.6,-36.1,0.54,0.19,-0.36,0.08,0.86,-0.29,-177.2,-82.3,66.0,0.3,2.17,0.07,0.0,0.911098238391448,0.6762396025078685,0.0644904675766017,0.25,0,17,0.0
15.27901034200113,1323,815.75,96.8,4.5,-36.1,0.04,0.39,-0.49,0.14,0.9,-0.36,-178.0,-78.9,35.0,0.33,2.13,0.01,0.0,0.9793875637356235,0.6275348595894893,0.003722880612222368,0.25,0,17,0.0
15.288396537000153,1324,815.76,96.8,4.5,-36.2,-0.5,0.88,-0.46,0.19,0.94,-0.36,-178.8,-77.9,17.0,0.35,2.09,0.1,0.0,1.02435345462394,1.1117553687749837,0.04771499607052798,0.25,0,17,0.0
15.298914001999947,1325,815.77,96.7,4.5,-36.3,-0.26,1.35,-0.31,0.21,1.0,-0.3,-179.6,-77.2,13.0,0.37,2.08,-0.01,0.0,1.0649413129370089,1.40932608008225,0.086536797295925,0.25,0,17,0.0
15.3084239230011,1326,815.78,96.7,4.5,-36.5,0.17,1.59,-0.11,0.21,1.06,-0.2,-180.4,-75.8,19.0,0.39,2.03,-0.07,0.0,1.0989540481748998,1.6028412273210346,0.11813854188313966,0.25,0,17,0.0
15.319015250999655,1327,815.79,96.8,4.5,-36.6,0.45,1.55,0.03,0.18,1.11,-0.17,-181.1,-74.0,16.0,0.41,1.97,0.11,0.0,1.1372774507568504,1.6142800252744258,0.15333270557578838,0.25,0,17,0.0
15.328495560999727,1328,815.8,96.8,4.6,-36.8,0.06,1.51,0.06,0.14,1.13,-0.15,-181.8,-71.5,25.0,0.43,1.88,0.0,0.0,1.1484772527133482,1.5123822268196623,0.16124185738164054,0.25,0,17,0.0
15.339069734000077,1329,815.81,96.8,4.6,-36.9,-0.66,1.37,-0.06,0.1,1.09,-0.16,-182.5,-66.2,48.0,0.44,1.71,-0.02,0.0,1.1062097450302995,1.521873844968761,0.11659486270461994,0.25,0,17,0.0
15.348427633000028,1330,815.82,96.7,4.6,-37.1,-1.04,1.2,-0.3,0.07,1.01,-0.23,-183.1,-59.9,63.0,0.46,1.51,-0.01,0.0,1.0382196299434912,1.616044553841261,0.047632652665455355,0.25,0,17,0.0
15.376267166000616,1332,815.84,96.5,4.5,-37.3,-0.56,1.73,-0.81,0.12,0.85,-0.45,-184.1,-42.7,81.0,0.49,1.06,0.02,0.0,0.9692264957170743,1.9906280415989321,0.02093327192974226,0.25,0,17,0.0
15.38453024699993,1333,815.85,96.5,4.5,-37.6,0.05,2.54,-1.01,0.17,0.84,-0.52,-184.5,-36.2,70.0,0.49,0.9,0.07,0.0,1.0024470060806208,2.73389831559259,0.012041493665128078,0.25,0,17,0.0
15.392540030999953,1334,815.86,96.5,4.4,-37.9,0.98,3.52,-1.04,0.17,0.91,-0.44,-184.8,-30.0,66.0,0.5,0.69,-0.08,0.0,1.0249878048055012,3.798999868386415,0.033890646542208414,0.25,0,17,0.0
15.400418209001145,1335,815.87,96.7,4.3,-38.3,2.59,4.32,-0.96,0.16,1.05,-0.35,-185.1,-22.4,66.0,0.51,0.51,-0.03,0.0,1.1183022847155415,5.127582276277973,0.12466102392320366,0.25,0,17,0.0
15.408398027000658,1336,815.88,97.0,4.3,-38.8,3.88,4.78,-0.61,0.1,1.25,-0.24,-185.3,-17.4,50.0,0.51,0.4,-0.11,0.0,1.2767536959022285,6.1866711566075665,0.2774501864076929,0.25,0,17,0.0
15.418853033999767,1337,815.89,97.4,4.3,-39.2,4.12,4.73,-0.03,0.06,1.38,-0.19,-185.4,-12.1,51.0,0.52,0.26,-0.02,0.0,1.3943098651304162,6.272814360396775,0.387106228523163,0.25,0,17,0.0
15.428445081000973,1338,815.9,97.7,4.4,-39.7,3.08,4.09,0.39,0.04,1.39,-0.1,-185.5,-9.2,41.0,0.52,0.17,0.06,0.0,1.394166417613048,5.134841769714038,0.37922352538567883,0.25,0,17,0.0
15.438826507001068,1339,815.91,97.8,4.5,-40.0,0.92,3.17,0.55,0.04,1.35,-0.04,-185.6,-2.8,67.0,0.52,-0.04,0.06,0.0,1.3511846653955188,3.3463114021262275,0.32951693770478685,0.25,0,17,0.0
15.44858180600022,1340,815.92,97.8,4.6,-40.3,-1.17,2.51,0.68,0.01,1.28,0.0,-185.5,1.0,15.0,0.52,0.01,0.06,0.0,1.2800390619039719,2.85156097602699,0.25320390752897515,0.25,0,17,0.0
15.459039192001,1341,815.93,97.6,4.7,-40.5,-1.76,2.16,0.88,-0.03,1.18,0.08,-185.5,0.0,9.0,0.52,0.0,0.08,0.0,1.183089176689568,2.9219171788399483,0.15312894186827974,0.25,0,17,0.0
15.468571733999852,1342,815.94,97.4,4.8,-40.7,-1.29,1.92,1.16,-0.09,1.11,0.19,-185.5,1.1,11.0,0.52,-0.06,0.0,0.0,1.1297344820797497,2.587682360723588,0.09777876231329219,0.25,0,17,0.0
15.479172504999951,1343,815.95,97.3,5.0,-40.9,-0.39,1.64,1.44,-0.12,1.03,0.27,-185.5,2.4,7.0,0.52,-0.06,-0.12,0.0,1.0715409464878138,2.217047586318345,0.03879352218692911,0.25,0,17,0.0
15.48853088299984,1344,815.96,97.3,5.1,-41.0,0.5,1.16,1.64,-0.12,0.97,0.31,-185.5,2.9,8.0,0.52,-0.12,0.06,0.0,1.025377979088687,2.0700724624998035,0.007222056307953695,0.25,0,17,0.0
15.49903645700033,1345,815.97,97.4,5.3,-41.1,1.04,0.5,1.83,-0.07,0.93,0.3,-185.4,6.1,31.0,0.51,-0.24,0.05,0.0,0.9796938297243686,2.1634463247328326,0.051848081558826586,0.25,0,17,0.0
15.508557510000173,1346,815.98,97.5,5.5,-41.0,1.24,-0.2,1.92,0.0,0.88,0.23,-185.3,13.9,83.0,0.51,-0.57,0.04,0.0,0.9095603333479313,2.294340863951998,0.11954194637655868,0.25,0,17,0.0
15.519229512001402,1347,815.99,97.7,5.7,-41.0,1.85,-0.72,1.86,0.1,0.87,0.16,-185.1,27.8,123.0,0.5,-0.99,-0.03,0.0,0.8902246907382427,2.7203860020225075,0.1361000372065222,0.25,0,17,0.0
15.528542584001116,1348,816.0,97.7,5.7,-41.0,1.85,-0.72,1.86,0.1,0.87,0.16,-184.9,38.2,175.0,0.49,-1.41,0.0,0.0,0.8902246907382427,2.7203860020225075,0.13337803646239177,0.25,0,17,0.0
15.538972385000307,1349,816.01,98.2,6.0,-40.7,3.15,-0.78,1.42,0.28,1.01,0.01,-184.1,61.5,193.0,0.47,-1.89,-0.08,0.0,1.0481412118603104,3.542216820015398,0.024047714966482392,0.25,0,17,0.0
15.548562384999968,1350,816.02,98.6,6.1,-40.7,3.26,-0.41,1.13,0.32,1.09,-0.05,-183.4,82.3,213.0,0.45,-2.51,-0.27,0.0,1.1371015785759864,3.4745647209398762,0.1107479200485153,0.25,0,17,0.0
15.558947639001417,1351,816.03,98.9,6.2,-40.6,2.92,0.12,0.86,0.32,1.15,-0.13,-182.4,107.3,241.0,0.42,-3.22,-0.1,0.0,1.20074976577137,3.046374894854538,0.17090818509902084,0.25,0,17,0.0
15.568542709001122,1352,816.04,99.1,6.3,-40.7,2.17,0.65,0.6,0.29,1.18,-0.13,-181.1,131.7,238.0,0.38,-3.86,-0.22,0.0,1.22204746225341,2.343373636448102,0.1883617639494397,0.25,0,17,0.0
15.579123523000817,1353,816.05,99.3,6.3,-40.7,1.07,0.98,0.24,0.23,1.17,-0.12,-179.7,154.8,230.0,0.34,-4.47,0.12,0.0,1.1984156207259649,1.4706801147768334,0.16143532397355465,0.25,0,17,0.0
15.588550816000861,1354,816.06,99.3,6.4,-40.9,0.13,1.15,-0.02,0.17,1.17,-0.1,-177.9,177.8,238.0,0.28,-5.18,-0.05,0.0,1.1865074799595658,1.1574973002128341,0.14653663954301255,0.25,0,17,0.0
15.599130668000726,1355,816.07,99.2,6.4,-41.0,-0.37,1.34,-0.18,0.12,1.13,-0.12,-176.0,201.7,235.0,0.23,-5.76,-0.08,0.0,1.1426723064816087,1.401748907615055,0.1006474367437542,0.25,0,17,0.0
15.608544065000387,1356,816.08,99.1,6.4,-41.1,-0.36,1.56,-0.29,0.09,1.07,-0.11,-173.8,226.0,242.0,0.17,-6.44,-0.01,0.0,1.0793979803575695,1.6270525498581783,0.03662564840732063,0.25,0,17,0.0
15.619214367001405,1357,816.09,99.1,6.4,-41.3,-0.01,1.73,-0.46,0.08,1.03,-0.08,-171.3,251.9,254.0,0.09,-7.19,0.0,0.0,1.0361949623502325,1.790139659356219,0.00644582220801615,0.25,0,17,0.0
15.62858622299973,1358,816.1,99.0,6.3,-41.5,0.13,1.79,-0.65,0.09,1.02,-0.05,-168.6,273.6,211.0,0.03,-7.65,-0.1,0.0,1.0251829105091441,1.9087954316793614,0.017108716568122295,0.25,0,17,0.0
15.639183184001013,1359,816.11,98.9,6.3,-41.7,-0.02,1.79,-0.74,0.09,1.0,-0.03,-165.8,294.6,225.0,-0.04,-8.3,-0.08,0.0,1.0044899203078146,1.9370338148829513,0.03704567263406289,0.25,0,17,0.0
15.64855204000014,1360,816.12,98.9,6.2,-41.9,-0.39,1.71,-0.79,0.08,0.96,-0.01,-162.7,322.7,265.0,-0.13,-9.09,-0.02,0.0,0.9633794683301071,1.9236163858732331,0.0765930021195349,0.25,0,17,0.0
15.658984626999882,1361,816.13,98.8,6.2,-42.1,-0.62,1.54,-0.89,0.06,0.9,0.01,-159.2,345.8,214.0,-0.23,-9.59,-0.21,0.0,0.9020532135079394,1.883640093011401,0.13516087180286862,0.25,0,17,0.0
15.668556303000514,1362,816.14,98.7,6.1,-42.2,-0.63,1.29,-1.12,0.05,0.85,0.03,-155.8,362.7,189.0,-0.33,-10.08,0.05,0.0,0.8519976525789258,1.8208239892971534,0.1815121040772446,0.25,0,17,0.0
15.678954135000822,1363,816.15,98.6,6.0,-42.4,-0.51,1.01,-1.42,0.04,0.84,0.04,-151.9,383.0,191.0,-0.43,-10.6,-0.26,0.0,0.8419026071939675,1.8156541520895437,0.18777500647295886,0.25,0,17,0.0
15.688497592000203,1364,816.16,98.6,5.8,-42.5,-0.5,0.79,-1.67,0.01,0.86,0.05,-147.9,401.3,204.0,-0.55,-11.23,-0.27,0.0,0.8615103017375938,1.9138965489283897,0.16480396569074585,0.25,0,17,0.0
15.698998404001031,1365,816.17,98.5,5.7,-42.6,-0.63,0.62,-1.87,-0.01,0.89,0.04,-143.7,424.6,203.0,-0.67,-11.75,-0.29,0.0,0.8909545442950499,2.0683810093887445,0.13265252867062394,0.25,0,17,0.0
15.708571625000332,1366,816.18,98.4,5.5,-42.6,-0.88,0.49,-1.93,-0.03,0.91,0.02,-139.4,436.3,133.0,-0.78,-11.98,0.12,0.0,0.9107140056021978,2.1770163067832082,0.11063520601620658,0.25,0,17,0.0
15.719210950999695,1367,816.19,98.3,5.3,-42.7,-1.12,0.33,-1.88,-0.05,0.91,0.01,-134.8,451.3,146.0,-0.91,-12.42,0.0,0.0,0.9114274518577987,2.213074784095648,0.10772332456539369,0.25,0,17,0.0
15.728595901000517,1368,816.2,98.2,5.1,-42.8,-1.2,0.11,-1.73,-0.06,0.91,0.0,-130.4,457.5,74.0,-1.02,-12.5,0.09,0.0,0.9119758768739445,2.1083168642308014,0.10503140155826296,0.25,0,17,0.0
15.739187085000594,1369,816.21,98.1,5.0,-42.8,-1.21,-0.07,-1.52,-0.05,0.9,-0.01,-125.6,472.7,142.0,-1.15,-13.01,-0.09,0.0,0.901443287178955,1.944067900048761,0.11325271142818738,0.25,0,17,0.0
15.748523573000057,1370,816.22,98.0,4.8,-42.8,-1.14,-0.16,-1.26,-0.02,0.9,-0.03,-120.9,478.3,46.0,-1.3,-12.98,0.07,0.0,0.9007219326740079,1.7066927081346541,0.1116945846144719,0.25,0,17,0.0
15.758946915000706,1371,816.23,97.8,4.7,-42.8,-1.01,-0.06,-0.99,0.0,0.89,-0.05,-116.0,479.4,41.0,-1.41,-13.08,-0.07,0.0,0.891403387922662,1.4155564276990162,0.11859286677850134,0.25,0,17,0.0
15.76853170800132,1372,816.24,97.7,4.6,-42.8,-0.79,0.13,-0.73,0.03,0.88,-0.06,-111.2,483.4,43.0,-1.56,-13.21,0.14,0.0,0.8825531145489205,1.0834666584625483,0.12489427734919811,0.25,0,17,0.0
15.779096954000124,1373,816.25,97.6,4.5,-42.8,-0.58,0.35,-0.49,0.03,0.88,-0.08,-106.4,480.6,-90.0,-1.69,-12.68,0.16,0.0,0.8841379982785492,0.8360621986431392,0.1208432057471781,0.25,0,17,0.0
15.788432276000094,1374,816.26,97.5,4.5,-42.9,-0.7,0.49,-0.2,0.05,0.91,-0.08,-101.8,444.0,-306.0,-1.79,-11.6,0.02,0.0,0.9148770409186143,0.8775534171775528,0.08830207984497085,0.25,0,17,0.0
15.798932839001282,1375,816.27,97.4,4.5,-43.0,-0.74,0.58,0.06,0.04,0.92,-0.09,-97.7,387.3,-576.0,-1.91,-9.46,0.07,0.0,0.9252567211320327,0.9421252570651102,0.07636395163892151,0.25,0,17,0.0
15.808531345001029,1376,816.28,97.3,4.5,-43.0,-1.16,0.54,0.3,0.02,0.95,-0.1,-94.5,299.9,-825.0,-1.98,-6.82,0.25,0.0,0.9554580053565933,1.314229812475733,0.04523941406607368,0.25,0,17,0.0
15.818996832000266,1377,816.29,97.2,4.5,-43.1,-1.76,0.37,0.46,0.01,0.97,-0.1,-92.1,200.9,-881.0,-2.03,-4.54,0.51,0.0,0.9751922887307918,1.8563674205285976,0.024995028078037773,0.25,0,17,0.0
15.828515481000068,1378,816.3,96.9,4.5,-43.1,-2.24,0.12,0.48,0.01,0.98,-0.12,-90.7,108.0,-948.0,-2.06,-1.73,0.17,0.0,0.9873702446397703,2.2939921534303473,0.012560730725678093,0.25,0,17,0.0
15.839260370001284,1379,816.31,96.7,4.5,-43.1,-2.96,-0.04,0.45,0.02,1.0,-0.15,-90.3,17.9,-866.0,-2.06,0.49,0.26,0.0,1.0113851887386922,2.994277876216568,0.011225129105778997,0.25,0,17,0.0
15.84856291000142,1380,816.32,96.4,4.5,-43.1,-3.65,0.11,0.52,0.04,0.98,-0.19,-90.6,-41.6,-576.0,-2.05,1.49,0.0,0.0,0.9990495483208027,3.688495628301598,0.0010883010858683262,0.25,0,17,0.0
15.859023827000783,1381,816.33,96.1,4.6,-43.1,-3.56,0.55,0.71,0.05,0.91,-0.17,-91.3,-78.3,-444.0,-2.02,2.57,0.15,0.0,0.9270922284217467,3.6715391867716733,0.07158470856522592,0.25,0,17,0.0
15.868557491001411,1382,816.34,95.8,4.6,-43.1,-2.26,0.84,0.83,0.05,0.81,-0.11,-92.3,-112.1,-371.0,-1.99,3.46,0.16,0.0,0.8189627586160436,2.549921567421241,0.17611989480351042,0.25,0,17,0.0
15.879163022000284,1383,816.35,95.7,4.7,-43.2,-0.85,0.92,0.85,0.06,0.82,-0.09,-93.6,-144.1,-332.0,-1.95,4.3,0.15,0.0,0.8271033792700886,1.5137370973851436,0.16461968866647614,0.25,0,17,0.0
15.888462072000038,1384,816.36,95.6,4.8,-43.3,-0.06,0.89,0.9,0.08,0.87,-0.11,-95.2,-172.5,-299.0,-1.9,5.05,-0.02,0.0,0.8805679985100526,1.267162183779172,0.10893196803798189,0.25,0,17,0.0
15.899066531001154,1385,816.37,95.7,5.0,-43.4,0.16,0.72,0.96,0.11,0.91,-0.12,-97.2,-199.3,-262.0,-1.85,5.69,0.22,0.0,0.9244457799135654,1.2106196760337244,0.06375310290177982,0.25,0,17,0.0
15.908567941000001,1386,816.38,95.7,5.1,-43.4,0.13,0.46,0.96,0.12,0.92,-0.15,-99.3,-219.6,-212.0,-1.79,6.19,0.17,0.0,0.9398404119849284,1.0724271537032246,0.04739130141380843,0.25,0,17,0.0
15.919194785999935,1387,816.39,95.7,5.2,-43.4,0.1,0.21,0.87,0.13,0.9,-0.18,-101.6,-235.2,-166.0,-1.72,6.56,-0.06,0.0,0.9269843580125827,0.9005553841935542,0.05904240827843099,0.25,0,17,0.0
15.928605585000696,1388,816.4,95.8,5.3,-43.5,0.4,0.02,0.66,0.11,0.88,-0.19,-104.1,-248.0,-133.0,-1.66,6.88,0.13,0.0,0.9069729874698584,0.7720103626247513,0.07747270324473221,0.25,0,17,0.0
15.939171466001426,1389,816.41,95.8,5.3,-43.4,0.77,-0.21,0.47,0.1,0.89,-0.2,-106.6,-258.2,-102.0,-1.59,7.09,0.06,0.0,0.9176600677810929,0.9262289133902051,0.06544991047482784,0.25,0,17,0.0
15.948573118999775,1390,816.42,95.9,5.4,-43.4,1.05,-0.37,0.38,0.08,0.9,-0.23,-109.3,-261.5,-34.0,-1.51,7.08,0.01,0.0,0.9323625904121207,1.1763502879669814,0.04973244008692401,0.25,0,17,0.0
15.959083584000837,1391,816.43,96.1,5.4,-43.4,1.3,-0.47,0.41,0.07,0.94,-0.24,-111.9,-258.6,12.0,-1.44,6.98,-0.04,0.0,0.9726767191621274,1.44187378088375,0.009229945110178939,0.25,0,17,0.0
15.968519677000586,1392,816.44,96.2,5.4,-43.3,1.46,-0.56,0.49,0.06,0.94,-0.26,-114.4,-255.0,27.0,-1.38,6.9,0.0,0.0,0.9771386800244887,1.6386884999901596,0.004672624562861327,0.25,0,17,0.0
15.97916185699978,1393,816.45,96.4,5.5,-43.2,1.63,-0.7,0.52,0.04,0.93,-0.26,-116.9,-248.9,66.0,-1.31,6.62,-0.08,0.0,0.9664884893261793,1.8485940603604674,0.015016358955947329,0.25,0,17,0.0
15.988445861999935,1394,816.46,96.5,5.5,-43.1,1.84,-0.97,0.47,0.01,0.92,-0.27,-119.3,-237.9,98.0,-1.24,6.32,-0.14,0.0,0.9588534820294495,2.13246336428085,0.022198338927623462,0.25,0,17,0.0
15.999242859001242,1395,816.47,96.7,5.6,-43.0,1.96,-1.24,0.35,0.0,0.91,-0.28,-121.6,-225.1,121.0,-1.18,5.95,-0.25,0.0,0.9521029356114811,2.3455702931270253,0.02836990763868008,0.25,0,17,0.0
16.008263642999736,1396,816.48,97.0,5.6,-42.9,1.94,-1.59,0.21,-0.01,0.92,-0.27,-123.8,-210.5,149.0,-1.13,5.49,-0.12,0.0,0.9588534820294495,2.5171015076869665,0.02118697399629743,0.25,0,17,0.0
16.01913889500065,1397,816.49,97.2,5.6,-42.7,1.72,-1.92,0.12,-0.02,0.92,-0.3,-125.8,-190.6,191.0,-1.08,4.92,-0.28,0.0,0.9678842906050289,2.58054257860629,0.011913042112303707,0.25,0,17,0.0
16.02860271300051,1398,816.5,97.3,5.5,-42.5,1.61,-2.26,0.07,-0.01,0.91,-0.3,-127.5,-167.5,219.0,-1.03,4.27,-0.15,0.0,0.9582275303913993,2.7757161238138166,0.021138406279414657,0.25,0,17,0.0
16.03922339000019,1399,816.51,97.5,5.5,-42.2,1.87,-2.57,0.06,0.0,0.89,-0.31,-129.0,-143.9,226.0,-0.99,3.63,-0.17,0.0,0.942443632266673,3.1788991805340414,0.03618385831605808,0.25,0,17,0.0
16.048553612001342,1400,816.52,97.8,5.5,-42.0,2.31,-2.79,0.0,0.01,0.89,-0.33,-130.3,-121.0,225.0,-0.96,3.02,-0.01,0.0,0.9492628719169417,3.6221816630312733,0.02877732629247365,0.25,0,17,0.0
16.059046461001344,1401,816.53,98.1,5.4,-41.7,2.52,-2.85,0.0,0.03,0.95,-0.32,-131.4,-99.8,209.0,-0.93,2.48,-0.06,0.0,1.0028958071504737,3.8043264844121882,0.024358496762237114,0.25,0,17,0.0
16.068576489000407,1402,816.54,98.3,5.4,-41.4,2.25,-2.85,0.13,0.08,1.02,-0.25,-132.2,-81.8,180.0,-0.91,2.03,-0.01,0.0,1.0532331175955303,3.633441894402606,0.0732018910631479,0.25,0,17,0.0
16.079109960001006,1403,816.55,98.6,5.4,-41.1,2.01,-2.78,0.26,0.13,1.04,-0.16,-132.9,-66.8,149.0,-0.89,1.67,-0.17,0.0,1.0602358228243376,3.4403633529032946,0.0786005043661161,0.25,0,17,0.0
16.08856071199989,1404,816.56,98.8,5.4,-40.8,1.82,-2.76,0.13,0.19,1.04,-0.06,-133.5,-56.7,111.0,-0.88,1.44,0.07,0.0,1.0589145385724006,3.308609980036934,0.07573363571189551,0.25,0,17,0.0
16.099032629001158,1405,816.57,99.0,5.3,-40.6,1.51,-2.72,-0.33,0.3,1.04,0.03,-134.0,-46.3,130.0,-0.87,1.05,-0.16,0.0,1.0828203913853858,3.1284820600412595,0.09764669875438303,0.25,0,17,0.0
16.10857007300001,1406,816.58,99.1,5.2,-40.3,0.99,-2.6,-1.08,0.43,1.09,0.11,-134.4,-28.2,180.0,-0.86,0.48,0.17,0.0,1.1769027147559818,2.9843759816752313,0.18789444168247948,0.25,0,17,0.0
16.11914654500106,1407,816.59,99.2,5.0,-40.1,0.56,-2.22,-2.03,0.57,1.14,0.09,-134.5,-1.5,241.0,-0.86,-0.25,-0.21,0.0,1.2777323663428113,3.059885618777277,0.2829496114039227,0.25,0,18,0.0
16.128594279000026,1408,816.6,99.3,4.7,-40.0,0.35,-1.12,-3.01,0.68,1.2,-0.04,-134.4,17.8,178.0,-0.87,-0.64,-0.15,0.0,1.3798550648528272,3.2306346125800114,0.37737086371565987,0.25,0,18,0.0
16.13904778000142,1409,816.61,99.3,4.4,-40.0,-0.91,0.8,-3.45,0.62,1.29,-0.11,-134.1,31.4,161.0,-0.88,-1.06,0.01,0.0,1.43547901412734,3.6565831044842945,0.42433491673036916,0.25,0,18,0.0
16.148572481000883,1410,816.62,99.1,4.1,-40.3,-2.45,2.64,-3.17,0.34,1.19,-0.03,-133.7,47.3,149.0,-0.89,-1.44,-0.07,0.0,1.2379822292747178,4.798020425133682,0.22230136924019206,0.25,0,18,0.0
16.159030953000183,1411,816.63,98.8,3.9,-40.6,-1.98,3.51,-2.55,0.08,1.06,0.19,-133.1,60.8,136.0,-0.91,-1.8,-0.06,0.0,1.0798611021793498,4.76896215124423,0.06289663730192752,0.25,0,18,0.0
16.168535300999793,1412,816.64,98.7,3.7,-41.0,0.18,3.14,-1.87,-0.1,0.97,0.3,-132.4,70.5,96.0,-0.93,-1.99,0.31,0.0,1.0202450685987166,3.659084584974772,0.003214991646868448,0.25,0,18,0.0
16.179057848999946,1413,816.65,98.8,3.6,-41.3,2.81,2.0,-1.26,-0.28,0.95,0.33,-131.7,72.5,23.0,-0.95,-1.93,0.11,0.0,1.0439348638684312,3.6720157951730004,0.02636669117825141,0.25,0,18,0.0
16.188606895000703,1414,816.66,99.2,3.5,-41.4,5.05,0.33,-0.83,-0.38,1.01,0.31,-131.0,69.8,-17.0,-0.96,-1.83,0.17,0.0,1.1227644454648535,5.128381811058922,0.10309234731918027,0.25,0,18,0.0
16.199064132000785,1415,816.67,99.8,3.5,-41.3,6.34,-1.2,-0.41,-0.42,1.22,0.17,-130.3,60.6,-86.0,-0.98,-1.47,-0.03,0.0,1.3014222988715076,6.465578087070019,0.27611519671131757,0.25,0,18,0.0
16.208378633000393,1416,816.68,100.5,3.4,-41.2,6.15,-2.62,0.36,-0.38,1.45,0.04,-129.8,44.9,-155.0,-0.99,-0.94,0.08,0.0,1.4994999166388774,6.694512678306018,0.4647089581891135,0.25,0,18,0.0
16.218951165999897,1417,816.69,101.0,3.4,-40.8,4.53,-3.78,1.12,-0.26,1.56,-0.05,-129.5,21.0,-228.0,-1.0,-0.21,0.06,0.0,1.5823084402227021,6.005305987208311,0.5365671321374794,0.25,0,18,0.0
16.228467375000037,1418,816.7,101.4,3.5,-40.4,1.8,-4.82,1.65,-0.13,1.57,-0.1,-129.5,-5.7,-218.0,-0.99,0.34,-0.01,0.0,1.5785436325930304,5.403230515164053,0.5221462780176516,0.25,0,18,0.0
16.238897848001216,1419,816.71,101.4,3.6,-39.8,-1.35,-5.57,1.88,0.0,1.45,-0.17,-129.7,-14.5,-100.0,-0.99,0.42,0.09,0.0,1.4599315052426263,6.031732752700504,0.3954634676539024,0.25,0,18,0.0
16.2484803260013,1420,816.72,101.1,3.6,-39.2,-3.88,-6.01,1.9,0.08,1.31,-0.18,-129.8,-21.6,-97.0,-0.98,0.7,0.01,0.0,1.3247263868437136,7.401655220286878,0.2550531822698898,0.25,0,18,0.0
16.25904704200002,1421,816.73,100.7,3.7,-38.6,-5.22,-6.2,1.79,0.14,1.11,-0.19,-130.1,-33.6,-125.0,-0.97,1.1,0.12,0.0,1.1348127598859648,8.300150601043333,0.06383676420589812,0.25,0,18,0.0
16.26859908700135,1422,816.74,100.2,3.8,-37.9,-5.55,-6.14,1.55,0.16,0.97,-0.17,-130.6,-50.4,-169.0,-0.96,1.64,0.08,0.0,0.9976973488989535,8.420486921787838,0.07181307384549085,0.25,0,18,0.0
16.279166342999815,1423,816.75,99.7,3.9,-37.3,-5.22,-5.88,1.3,0.16,0.87,-0.15,-131.3,-74.4,-226.0,-0.94,2.34,0.02,0.0,0.897217922246318,7.969491828215899,0.16884665048816372,0.25,0,18,0.0
16.288512994000484,1424,816.76,99.2,4.0,-36.7,-4.55,-5.46,1.11,0.16,0.8,-0.14,-132.2,-104.0,-282.0,-0.91,3.21,0.11,0.0,0.8277680834629951,7.193483161862548,0.23353055948605694,0.25,0,18,0.0
16.299081234999903,1425,816.77,98.9,4.0,-36.2,-3.85,-4.98,1.0,0.17,0.77,-0.12,-133.4,-134.6,-300.0,-0.87,4.04,0.03,0.0,0.7976214641043707,6.3736096523084935,0.25840363526778776,0.25,0,18,0.0
16.308550777001074,1426,816.78,98.5,4.0,-35.7,-3.37,-4.53,0.94,0.21,0.76,-0.13,-135.0,-164.4,-291.0,-0.83,4.81,0.19,0.0,0.799124520960282,5.723757507092697,0.25176256684363896,0.25,0,18,0.0
16.319137296000918,1427,816.79,98.3,4.0,-35.3,-2.81,-3.99,0.95,0.25,0.78,-0.15,-136.8,-191.2,-271.0,-0.77,5.52,0.0,0.0,0.8327064308626421,4.971790421970741,0.21381704380245325,0.25,0,18,0.0
16.32856855600039,1428,816.8,98.0,4.1,-34.9,-2.44,-3.31,0.98,0.29,0.8,-0.18,-138.9,-215.3,-234.0,-0.71,6.08,0.01,0.0,0.8697700845625814,4.22730410545539,0.17321832230046363,0.25,0,18,0.0
16.33930461500131,1429,816.81,97.8,4.1,-34.6,-2.03,-2.31,1.03,0.32,0.8,-0.21,-141.2,-235.0,-211.0,-0.65,6.63,-0.01,0.0,0.8868483523128405,3.243131203019699,0.15301725345920048,0.25,0,18,0.0
16.348622217999946,1430,816.82,97.7,4.2,-34.4,-1.74,-1.25,1.04,0.31,0.79,-0.21,-143.7,-251.3,-161.0,-0.58,6.98,0.1,0.0,0.8742425292789182,2.3815331196521283,0.16231061496326027,0.25,0,18,0.0
16.359001815000738,1431,816.83,97.5,4.3,-34.3,-1.43,-0.21,1.05,0.29,0.77,-0.19,-146.3,-261.3,-103.0,-0.51,7.15,0.1,0.0,0.8444524853418337,1.7864769799804305,0.18825864572233797,0.25,0,18,0.0
16.368556536999677,1432,816.84,97.4,4.4,-34.4,-0.78,0.7,0.99,0.26,0.74,-0.16,-148.9,-265.3,-56.0,-0.44,7.25,-0.12,0.0,0.80049984384758,1.441700384962146,0.2275670614722599,0.25,0,18,0.0
16.37922128900027,1433,816.85,97.3,4.5,-34.4,-0.13,1.2,0.92,0.22,0.78,-0.12,-151.6,-269.9,-51.0,-0.36,7.38,0.01,0.0,0.8192679659305617,1.5176626766182266,0.20462296060149265,0.25,0,18,0.0
16.388587143001132,1434,816.86,97.3,4.6,-34.6,0.25,1.41,0.8,0.18,0.79,-0.07,-154.3,-272.0,-24.0,-0.29,7.4,0.06,0.0,0.8132650244538985,1.6403048497154424,0.20641338403659282,0.25,0,18,0.0
16.399143829999957,1435,816.87,97.4,4.7,-34.7,0.22,1.22,0.63,0.14,0.84,-0.04,-157.0,-272.3,-8.0,-0.21,7.4,-0.09,0.0,0.8525256594378845,1.3905754204644925,0.16380969407155477,0.25,0,18,0.0
16.40857200500068,1436,816.88,97.3,4.8,-34.8,-0.33,0.96,0.38,0.11,0.86,-0.06,-159.8,-272.2,0.0,-0.14,7.38,-0.23,0.0,0.8690799733051038,1.0839280418920807,0.14431027260024876,0.25,0,18,0.0
16.4191179820009,1437,816.89,97.2,4.8,-34.9,-1.15,0.74,0.11,0.08,0.87,-0.09,-162.5,-268.1,46.0,-0.07,7.17,-0.16,0.0,0.8782938005018593,1.3719329429676947,0.13239451649542333,0.25,0,18,0.0
16.428581234000376,1438,816.9,97.0,4.8,-34.9,-1.91,0.51,-0.03,0.05,0.86,-0.09,-165.1,-257.3,101.0,0.0,6.82,0.09,0.0,0.8661408661412991,1.9771444054494351,0.1416565018388639,0.25,0,18,0.0
16.439155558000493,1439,816.91,96.8,4.8,-35.0,-2.23,0.33,-0.2,0.04,0.78,-0.12,-167.6,-243.4,119.0,0.06,6.46,-0.03,0.0,0.7901898506055365,2.263139412409231,0.213255367027134,0.25,0,18,0.0
16.448645873000714,1440,816.92,96.7,4.8,-35.0,-2.05,0.27,-0.38,0.05,0.74,-0.17,-169.9,-232.4,112.0,0.12,6.17,-0.12,0.0,0.7609204951898719,2.1023320384753688,0.23767422799394256,0.25,0,18,0.0
16.45891120899978,1441,816.93,96.5,4.7,-35.0,-1.2,0.35,-0.4,0.07,0.76,-0.23,-172.1,-218.4,145.0,0.18,5.72,-0.04,0.0,0.7971198153351853,1.3124404748406688,0.19744540969165658,0.25,0,18,0.0
16.468595370000912,1442,816.94,96.4,4.7,-35.1,-0.3,0.54,-0.32,0.11,0.74,-0.25,-174.2,-198.3,187.0,0.23,5.14,0.01,0.0,0.7887965517166007,0.6957010852370434,0.20165329984403635,0.25,0,18,0.0
16.479155189001176,1443,816.95,96.4,4.7,-35.2,0.39,0.58,-0.32,0.16,0.73,-0.23,-176.0,-178.8,183.0,0.28,4.65,-0.04,0.0,0.7819207120929845,0.7687002016391046,0.2043585566782995,0.25,0,18,0.0
16.488623127999745,1444,816.96,96.5,4.7,-35.2,1.07,0.68,-0.38,0.21,0.75,-0.27,-177.7,-162.2,167.0,0.32,4.22,-0.15,0.0,0.8243178998420452,1.3235180391668262,0.15872214155065412,0.25,0,18,0.0
16.49904567900012,1445,816.97,96.6,4.6,-35.3,1.51,0.86,-0.43,0.24,0.79,-0.32,-179.2,-147.1,156.0,0.36,3.8,0.11,0.0,0.8854942122905153,1.7901396593562189,0.0955949125201403,0.25,0,18,0.0
16.508637552000437,1446,816.98,96.8,4.6,-35.4,1.73,1.25,-0.45,0.25,0.84,-0.36,-180.6,-131.6,155.0,0.4,3.39,-0.02,0.0,0.9474703161577147,2.1812611031236036,0.03294643247988205,0.25,0,18,0.0
16.51916624000114,1447,816.99,97.0,4.6,-35.6,2.16,1.69,-0.4,0.24,0.95,-0.34,-181.8,-116.9,144.0,0.43,3.02,-0.08,0.0,1.0371595827065379,2.7715879924692994,0.05560797738756229,0.25,0,18,0.0
16.5285872630011,1448,817.0,97.2,4.5,-35.8,2.52,1.98,-0.49,0.2,1.01,-0.29,-182.5,-107.4,178.0,0.46,2.62,-0.16,0.0,1.0696728471827264,3.242051819450146,0.08635881702647574,0.25,0,18,0.0
16.539193564000016,1449,817.01,97.4,4.5,-36.0,2.39,2.18,-0.7,0.16,1.1,-0.27,-183.8,-88.1,171.0,0.48,2.19,-0.12,0.0,1.1438968484964018,3.3097582993324455,0.15737116197334822,0.25,0,18,0.0
16.548448196001118,1450,817.02,97.7,4.5,-36.2,1.43,2.3,-0.9,0.11,1.18,-0.25,-184.6,-73.0,156.0,0.5,1.8,0.04,0.0,1.211197754291181,2.8539271189012516,0.22017862641276476,0.25,0,18,0.0
16.558984690000216,1451,817.03,97.7,4.4,-36.4,-0.09,2.32,-1.03,0.07,1.2,-0.26,-185.2,-56.2,172.0,0.51,1.3,-0.1,0.0,1.2298373876248843,2.5399606296161363,0.23404189455153868,0.25,0,18,0.0
16.5685814389999,1452,817.04,97.7,4.3,-36.7,-1.14,2.2,-1.04,0.04,1.16,-0.29,-185.6,-39.0,168.0,0.52,0.85,-0.16,0.0,1.1963695081370136,2.6872290561096572,0.1965625347623946,0.25,0,18,0.0
16.579133810000712,1453,817.05,97.5,4.2,-36.9,-1.23,2.18,-1.04,0.03,1.04,-0.36,-185.9,-24.2,140.0,0.53,0.52,-0.13,0.0,1.100954131651269,2.7105165559354183,0.09912421511111691,0.25,0,18,0.0
16.58847651799988,1454,817.06,97.4,4.2,-37.2,-0.6,2.3,-1.02,0.06,0.99,-0.41,-186.1,-11.5,136.0,0.53,0.15,-0.07,0.0,1.0732194556566703,2.586580754587028,0.06996174833418789,0.25,0,18,0.0
16.59890787800032,1455,817.07,97.4,4.1,-37.4,0.29,2.59,-0.88,0.08,1.01,-0.37,-186.1,-0.3,105.0,0.53,-0.07,0.0,0.0,1.0786102168995062,2.7507453535360193,0.07384545938548337,0.25,0,18,0.0
16.608605229001114,1456,817.08,97.5,4.1,-37.7,1.49,2.95,-0.83,0.11,1.08,-0.35,-186.1,3.1,43.0,0.53,-0.09,-0.08,0.0,1.1406138698087096,3.407565113097621,0.1331321300487931,0.25,0,18,0.0
16.619049451999672,1457,817.09,97.6,4.0,-38.0,2.33,3.49,-0.7,0.11,1.23,-0.34,-186.1,1.9,3.0,0.53,-0.03,-0.06,0.0,1.2808590867070428,4.254291950489529,0.2679098000081839,0.25,1,19,2.5
16.628562627000065,1458,817.1,97.9,4.0,-38.4,2.77,3.94,-0.37,0.1,1.35,-0.34,-186.0,0.2,-9.0,0.53,0.01,0.12,0.0,1.3957435294494474,4.830465816047144,0.3751383578955767,0.25,0,19,2.5
16.639202161000867,1459,817.11,98.2,4.1,-38.8,2.69,4.11,0.04,0.11,1.39,-0.25,-186.0,13.3,310.0,0.53,-1.42,2.44,2.91,1.4165803895296587,4.9122092789293905,0.38805571361627234,0.25,0,19,2.5
16.648606609000126,1460,817.12,98.4,4.2,-39.2,1.58,3.77,0.37,0.09,1.38,-0.13,-185.2,118.5,874.0,0.49,-4.66,2.69,2.91,1.3890284374338775,4.104412259995334,0.3532936862900813,0.25,0,19,2.5
16.659059331001117,1461,817.13,98.4,4.2,-39.5,-0.25,3.14,0.49,0.08,1.31,-0.06,-183.2,229.4,975.0,0.42,-7.43,2.74,2.91,1.3138112497615477,3.187820572115062,0.2725149686453965,0.25,0,19,2.5
16.66863935299989,1462,817.14,98.3,4.3,-39.8,-1.12,2.84,0.36,0.04,1.21,-0.02,-180.3,323.2,901.0,0.33,-9.78,2.51,2.91,1.2108261642366338,3.074020169094536,0.166139285458073,0.25,0,19,2.5
16.678996016000383,1463,817.15,98.1,4.4,-40.1,-1.75,2.94,0.57,0.0,1.21,0.0,-176.5,395.4,742.0,0.22,-11.51,2.3,2.91,1.21,3.468573193692184,0.16200685879701027,0.25,0,19,2.5
16.688336297000205,1464,817.16,97.9,4.6,-40.4,-2.01,3.0,1.36,-0.05,1.13,0.11,-172.1,456.0,629.0,0.09,-13.03,2.79,2.91,1.1364418154925484,3.8587174034904397,0.08667970080376763,0.25,0,19,2.5
16.699130005999905,1465,817.17,97.7,4.8,-40.6,-1.8,2.66,2.01,-0.09,0.98,0.19,-167.3,494.4,403.0,-0.03,-13.74,2.9,2.91,1.002297361066066,3.7888916585196784,0.04651545855026051,0.25,0,19,2.5
16.708652868999707,1466,817.18,97.5,5.0,-40.9,-1.33,2.07,2.27,-0.08,0.84,0.24,-162.1,532.1,400.0,-0.18,-14.86,2.99,2.91,0.8772684879784522,3.3476409604376633,0.1681134450051167,0.25,0,19,2.5
16.718886644999657,1467,817.19,97.4,5.3,-41.0,-0.92,1.28,2.21,-0.02,0.78,0.25,-156.6,558.3,287.0,-0.33,-15.48,3.15,2.91,0.8193289937503737,2.7145717894356745,0.22153188044853145,0.25,0,19,2.5
16.72859464300018,1468,817.2,97.3,5.5,-41.1,-0.48,0.8,2.06,0.09,0.77,0.16,-150.8,588.1,312.0,-0.49,-16.36,2.77,2.91,0.791580697086532,2.2614154859291116,0.24429457357012563,0.25,0,19,2.5
16.739206268001,1469,817.21,97.3,5.7,-41.1,0.22,1.0,1.99,0.22,0.84,0.06,-144.6,631.5,431.0,-0.66,-17.78,2.62,2.91,0.8704022058795577,2.2379678281869917,0.1621636034815579,0.25,0,19,2.5
16.748572903999957,1470,817.22,97.3,5.9,-41.2,1.19,1.69,2.0,0.32,0.92,0.02,-138.0,671.7,416.0,-0.85,-18.85,2.66,2.91,0.974268956705488,2.8761432509525666,0.05713091560251515,0.25,0,19,2.5
16.75920098500137,1471,817.23,97.5,6.1,-41.4,2.05,2.5,2.01,0.38,1.01,0.0,-131.0,711.8,332.0,-1.04,-19.6,2.88,2.91,1.0791200118615167,3.806914761325764,0.046765736762443444,0.25,0,19,2.5
16.768603667000207,1472,817.24,97.7,6.4,-41.7,2.58,3.13,1.87,0.37,1.07,0.0,-123.6,747.4,309.0,-1.25,-20.44,2.92,2.91,1.1321660655575223,4.4665646754524895,0.09781555464928005,0.25,0,19,2.5
16.779013369001404,1473,817.25,97.9,6.6,-42.0,2.33,3.47,1.64,0.3,1.15,-0.02,-116.1,750.9,106.0,-1.45,-20.44,2.88,2.91,1.1886547017532045,4.489922048321106,0.15121810702806293,0.25,0,19,2.5
16.78860955900018,1474,817.26,98.0,6.8,-42.3,1.22,3.51,1.41,0.18,1.19,-0.01,-108.5,763.4,190.0,-1.66,-21.11,3.11,2.91,1.203577999134248,3.974493678445092,0.16281857632092422,0.25,0,19,2.5
16.79915531200095,1475,817.27,98.0,7.0,-42.6,-0.22,3.1,1.16,0.1,1.2,0.03,-100.8,779.0,161.0,-1.87,-21.43,3.35,2.91,1.2045331045679069,3.3172277582342757,0.16049820811949145,0.25,0,19,0.0
16.808591794000677,1476,817.28,97.9,7.1,-42.9,-1.19,2.66,0.94,0.05,1.13,0.03,-92.9,789.1,80.0,-2.09,-21.54,3.33,2.91,1.1315034246523514,3.061911167881916,0.08571915763985727,0.25,0,19,0.0
16.81903294699987,1477,817.29,97.8,7.2,-43.1,-1.13,2.47,0.6,0.02,1.03,0.02,-85.0,783.5,-312.0,-2.3,-19.95,0.42,0.0,1.0303882763308208,2.7816901337136746,0.015088070868039871,0.25,0,19,0.0
16.828504738999982,1478,817.3,97.7,7.3,-43.4,-0.58,2.28,0.13,0.03,0.98,0.05,-78.1,646.2,-1110.0,-2.47,-15.73,0.44,0.0,0.9817331613019904,2.356204575158957,0.062468322178932834,0.25,0,19,0.0
16.83915960900049,1479,817.31,97.6,7.3,-43.6,-0.09,2.03,-0.31,0.05,0.96,0.04,-72.6,510.3,-1183.0,-2.6,-12.46,0.47,0.0,0.9621330469326994,2.055504804178282,0.08042706781725939,0.25,0,19,0.0
16.848604296001213,1480,817.32,97.5,7.3,-43.8,-0.83,1.58,-0.45,0.07,0.98,0.03,-68.3,392.4,-1188.0,-2.7,-9.23,0.52,0.0,0.9829547293746543,1.8405977290000117,0.05841327766779836,0.25,0,19,0.0
16.859156721000545,1481,817.33,97.4,7.3,-43.9,-1.26,1.34,-0.49,0.09,0.93,0.0,-65.1,280.9,-1085.0,-2.78,-6.44,0.3,0.0,0.9343446901438462,1.9034967822405164,0.1048828505606344,0.25,0,19,0.0
16.868618544000128,1482,817.34,97.3,7.2,-44.1,-1.0,1.31,-0.6,0.1,0.87,0.02,-63.0,189.2,-936.0,-2.82,-4.14,0.4,0.0,0.875956619930462,1.7538814099020492,0.16000550235853828,0.25,0,19,0.0
16.87906004800061,1483,817.35,97.2,7.2,-44.2,-0.47,1.17,-0.76,0.11,0.83,0.05,-61.6,112.3,-795.0,-2.85,-2.21,0.19,0.0,0.8387490685538792,1.47220922426128,0.19326879266041863,0.25,0,19,0.0
16.888570029999755,1484,817.36,97.1,7.1,-44.3,0.0,0.89,-1.01,0.1,0.81,0.05,-61.0,47.2,-661.0,-2.86,-0.63,0.13,0.0,0.8176796438703853,1.3461797799699713,0.21005145299703432,0.25,0,19,0.0
16.899146615000063,1485,817.37,97.2,7.0,-44.4,0.3,0.68,-1.3,0.07,0.81,0.01,-60.8,1.4,-470.0,-2.86,0.32,0.12,0.0,0.8130805618141416,1.497464523786791,0.21035752435221255,0.25,0,19,0.0
16.90853276800044,1486,817.38,97.2,6.9,-44.5,0.31,0.58,-1.51,0.02,0.83,0.0,-60.9,-12.9,-173.0,-2.86,0.3,0.12,0.0,0.8302409288875127,1.6469972677572966,0.18933321413326454,0.25,0,19,0.0
16.91904972500015,1487,817.39,97.2,6.7,-44.6,0.22,0.47,-1.6,-0.02,0.85,0.0,-61.1,-11.8,-66.0,-2.86,0.33,-0.03,0.0,0.850235261559999,1.6820523178545905,0.16595210383156267,0.25,0,19,0.0
16.928648439001336,1488,817.4,97.2,6.5,-44.6,0.46,0.26,-1.62,-0.07,0.85,0.01,-61.2,-8.7,23.0,-2.85,0.12,0.03,0.0,0.852936105461599,1.7039953051578518,0.1599862347313633,0.25,0,19,0.0
16.939053867999974,1489,817.41,97.3,6.4,-44.6,0.62,-0.01,-1.59,-0.11,0.88,0.0,-61.2,-1.8,40.0,-2.85,0.0,0.03,0.0,0.8868483523128404,1.7066341142728867,0.12355250812251939,0.25,0,19,0.0
16.948545418999856,1490,817.42,97.3,6.2,-44.6,0.45,-0.37,-1.37,-0.14,0.92,-0.02,-61.2,0.8,22.0,-2.85,-0.03,0.02,0.0,0.9308061022576076,1.4887242860919547,0.07800286301419723,0.25,0,19,0.0
16.95911657200122,1491,817.43,97.4,6.1,-44.6,0.03,-0.75,-1.04,-0.14,0.93,-0.06,-61.2,-0.4,-10.0,-2.85,0.06,0.05,0.0,0.9423905772024677,1.282575533838066,0.06509002030795052,0.25,0,19,0.0
16.968495442000858,1492,817.44,97.4,6.0,-44.5,-0.25,-1.09,-0.72,-0.12,0.92,-0.08,-61.2,-3.9,-26.0,-2.85,0.15,-0.03,0.0,0.9312357381458253,1.3300375934536588,0.07471996217730104,0.25,0,19,0.0
16.97905897400051,1493,817.45,97.3,5.9,-44.4,-0.55,-1.33,-0.48,-0.08,0.92,-0.09,-61.3,-9.6,-50.0,-2.85,0.32,0.05,0.0,0.9278469701410896,1.517168415173477,0.07654655557839596,0.25,0,19,0.0
16.988617192000675,1494,817.46,97.3,5.9,-44.3,-0.94,-1.45,-0.27,-0.02,0.93,-0.12,-61.4,-16.1,-75.0,-2.84,0.57,0.15,0.0,0.9379232377972091,1.7489997141223323,0.06514088216383107,0.25,0,19,0.0
16.99898648599992,1495,817.47,97.2,5.8,-44.1,-1.37,-1.36,-0.09,0.03,0.93,-0.14,-61.7,-31.0,-138.0,-2.83,1.06,-0.13,0.0,0.9409569596958195,1.9325113195011305,0.060865017059916204,0.25,0,19,0.0
17.00845328900141,1496,817.48,97.1,5.7,-44.0,-1.69,-1.19,0.03,0.08,0.92,-0.16,-62.1,-49.2,-170.0,-2.82,1.57,0.09,0.0,0.9372299611087985,2.067147793458416,0.06330017533399845,0.25,0,19,0.0
17.018917184999736,1497,817.49,96.9,5.7,-43.9,-1.89,-0.92,0.15,0.12,0.9,-0.19,-62.8,-68.3,-185.0,-2.8,2.1,0.09,0.0,0.9276313923105449,2.107368026710095,0.07144076924960696,0.25,0,19,0.0
17.028512554999907,1498,817.5,96.7,5.8,-43.8,-1.97,-0.49,0.19,0.15,0.88,-0.19,-63.6,-91.4,-234.0,-2.78,2.83,0.09,0.0,0.9126883367283708,2.0388967605055437,0.08465614833514545,0.25,0,19,0.0
17.03907012200034,1499,817.51,96.6,5.8,-43.8,-1.91,-0.17,0.19,0.14,0.88,-0.16,-64.7,-120.3,-276.0,-2.74,3.63,0.04,0.0,0.905317623820502,1.9269405802982094,0.09018632401815396,0.25,0,19,0.0
17.048593167000945,1500,817.52,96.4,5.8,-43.8,-1.72,0.08,0.28,0.12,0.88,-0.15,-66.1,-151.5,-316.0,-2.7,4.57,0.21,0.0,0.9007219326740078,1.744476998988522,0.0928863748613552,0.25,0,19,0.0
17.058705736000775,1501,817.53,96.3,5.9,-43.8,-1.34,0.27,0.43,0.1,0.88,-0.13,-67.9,-190.0,-368.0,-2.65,5.64,0.13,0.0,0.8951536181013848,1.4329689459300925,0.09648559564529857,0.25,0,19,0.0
17.06837495900072,1502,817.54,96.2,6.0,-43.8,-0.75,0.35,0.6,0.08,0.88,-0.13,-70.1,-230.3,-390.0,-2.58,6.75,0.58,0.0,0.8931405264570632,1.0222524150130436,0.09652871354382775,0.25,0,19,0.0
17.078744940999968,1503,817.55,96.2,6.0,-43.8,-0.18,0.33,0.71,0.06,0.89,-0.13,-72.7,-269.6,-383.0,-2.51,7.77,0.1,0.0,0.901443287178955,0.8033679107357973,0.0864614337654972,0.25,0,19,0.0
17.088675582001088,1504,817.56,96.2,6.1,-43.9,0.19,0.32,0.67,0.07,0.91,-0.15,-75.6,-307.6,-386.0,-2.42,8.84,0.09,0.0,0.9249324299644812,0.7664202502543889,0.061712845160371566,0.25,0,19,0.0
17.098934383000596,1505,817.57,96.3,6.1,-43.9,0.29,0.36,0.61,0.08,0.94,-0.16,-79.0,-347.1,-385.0,-2.33,9.88,0.2,0.0,0.9568698971124548,0.7653757247260982,0.02917987045214998,0.25,0,19,0.0
17.10858726799961,1506,817.58,96.4,6.2,-43.9,0.29,0.43,0.56,0.09,0.95,-0.18,-82.7,-380.2,-329.0,-2.22,10.68,0.11,0.0,0.9710818709048171,0.7632823854904554,0.014668538726591906,0.25,0,19,0.0
17.11904920500092,1507,817.59,96.4,6.2,-43.9,0.44,0.47,0.56,0.08,0.93,-0.19,-86.7,-411.2,-321.0,-2.11,11.55,0.09,0.0,0.9525754563287887,0.8532877591996735,0.03251145423656787,0.25,0,19,0.0
17.128518495999742,1508,817.6,96.5,6.3,-44.0,0.73,0.35,0.55,0.08,0.91,-0.18,-91.0,-432.8,-184.0,-1.99,11.82,0.07,0.0,0.931074647920348,0.9787236586493656,0.0529320173921084,0.25,0,19,0.0
17.139052579001145,1509,817.61,96.7,6.3,-44.0,1.2,0.16,0.49,0.08,0.89,-0.17,-95.4,-441.9,-158.0,-1.87,12.24,0.01,0.0,0.9096153033013462,1.3060245020672467,0.07290353477088796,0.25,0,19,0.0
17.148636584999622,1510,817.62,96.9,6.4,-44.0,1.79,-0.15,0.37,0.09,0.9,-0.14,-99.9,-453.4,-78.0,-1.75,12.29,0.03,0.0,0.9152595260361949,1.833984732760881,0.06591412579531852,0.25,0,19,0.0
17.15909790600017,1511,817.63,97.1,6.4,-43.9,2.44,-0.57,0.14,0.08,0.94,-0.16,-104.4,-451.6,-25.0,-1.62,12.29,-0.01,0.0,0.9568698971124548,2.5096015620014263,0.0238176796246774,0.25,0,19,0.0
17.16839591900134,1512,817.64,97.4,6.3,-43.8,2.64,-0.96,-0.08,0.08,1.0,-0.18,-108.9,-449.7,48.0,-1.5,12.03,-0.09,0.0,1.0192153844992726,2.8102668912400475,0.03775725160689758,0.25,0,19,0.0
17.17897617500057,1513,817.65,97.7,6.3,-43.7,2.34,-1.22,-0.27,0.07,1.04,-0.23,-113.3,-433.6,116.0,-1.38,11.62,-0.13,0.0,1.0674268124794317,2.652715589730644,0.08424930599531555,0.25,0,19,0.0
17.188592858999982,1514,817.66,98.0,6.2,-43.6,1.86,-1.42,-0.43,0.05,1.06,-0.27,-117.5,-417.8,160.0,-1.27,11.11,0.03,0.0,1.094988584415381,2.3792645922637528,0.10957485637263953,0.25,0,19,0.0
17.19910068200079,1515,817.67,98.1,6.2,-43.5,1.46,-1.6,-0.57,0.03,1.04,-0.32,-121.6,-399.2,167.0,-1.16,10.65,0.04,0.0,1.0885311203635843,2.2397544508271436,0.10105504447442593,0.25,0,19,0.0
17.208584759000587,1516,817.68,98.3,6.1,-43.3,0.94,-1.67,-0.65,0.0,1.02,-0.35,-125.5,-380.1,209.0,-1.06,10.0,-0.08,0.0,1.0783784122468327,2.023610634484806,0.08908428963052084,0.25,0,19,0.0
17.219012808000116,1517,817.69,98.4,6.0,-43.1,0.56,-1.66,-0.74,0.0,0.97,-0.35,-129.0,-347.9,305.0,-0.97,9.01,-0.34,0.0,1.031212878119741,1.9017886317885067,0.04108038039336048,0.25,0,19,0.0
17.228487602000314,1518,817.7,98.4,5.9,-43.0,0.58,-1.67,-0.79,0.0,0.92,-0.33,-132.3,-314.1,310.0,-0.88,8.17,-0.14,0.0,0.9773944955850734,1.936336747572591,0.012483242098480951,0.25,0,19,0.0
17.239190678999876,1519,817.71,98.5,5.8,-42.8,1.0,-1.8,-0.88,0.03,0.88,-0.31,-135.2,-282.1,332.0,-0.81,7.23,-0.04,0.0,0.9334880824091971,2.239285600364545,0.05526186216887008,0.25,0,19,0.0
17.24860109600013,1520,817.72,98.7,5.7,-42.7,1.94,-1.87,-0.93,0.05,0.87,-0.33,-137.8,-245.2,363.0,-0.74,6.2,-0.17,0.0,0.9318261640456336,2.850508726525846,0.055785304921784906,0.25,0,19,0.0
17.25901008300025,1521,817.73,99.0,5.5,-42.5,2.94,-1.88,-0.93,0.06,0.93,-0.3,-140.0,-208.6,356.0,-0.69,5.23,-0.36,0.0,0.9790301323248433,3.6114955350934603,0.008409709909723673,0.25,0,19,0.0
17.268625537000844,1522,817.74,99.3,5.4,-42.3,3.38,-1.99,-0.8,0.09,1.03,-0.26,-141.8,-174.1,347.0,-0.64,4.31,0.02,0.0,1.0661144403862093,4.003061328533451,0.07710110618860955,0.25,0,19,0.0
17.27897698200104,1523,817.75,99.7,5.3,-42.1,3.43,-2.03,-0.58,0.12,1.13,-0.19,-143.3,-138.9,358.0,-0.6,3.31,-0.07,0.0,1.1521284650593437,4.027679232510951,0.15985282824450908,0.25,0,19,0.0
17.288495442000567,1524,817.76,100.1,5.2,-41.9,3.25,-2.13,-0.43,0.15,1.19,-0.13,-144.4,-101.4,364.0,-0.58,2.32,-0.27,0.0,1.2064410470470572,3.909514036296583,0.20988210202757818,0.25,0,19,0.0
17.299098225001217,1525,817.77,100.4,5.2,-41.7,2.59,-2.26,-0.52,0.18,1.23,-0.05,-145.2,-66.5,347.0,-0.56,1.4,-0.24,0.0,1.2441061047997473,3.4765068675324082,0.2425962165846629,0.25,0,19,0.0
17.308593884999937,1526,817.78,100.6,5.1,-41.5,1.23,-2.35,-0.84,0.2,1.21,0.02,-145.6,-31.4,358.0,-0.55,0.39,-0.17,0.0,1.2265806129235861,2.7822652641328074,0.2205693102143318,0.25,0,19,0.0
17.319092301000637,1527,817.79,100.6,4.9,-41.3,-0.42,-2.36,-1.41,0.24,1.13,0.07,-145.7,4.9,337.0,-0.56,-0.47,-0.2,0.0,1.1573245007343445,2.78102499089814,0.14828693406458826,0.25,0,19,0.0
17.32847400600076,1528,817.8,100.6,4.7,-41.1,-0.86,-2.18,-2.14,0.29,1.05,0.11,-145.5,25.7,228.0,-0.57,-0.9,-0.05,0.0,1.094851588115942,3.1735784219079886,0.08409774101726208,0.25,0,19,0.0
17.33914184400055,1529,817.81,100.5,4.4,-40.9,-0.51,-1.82,-2.83,0.32,1.02,0.07,-145.1,41.1,179.0,-0.58,-1.31,0.04,0.0,1.0713076122197582,3.403145603702551,0.05934268981865687,0.25,0,19,0.0
17.348501495000164,1530,817.82,100.5,4.1,-40.8,-0.37,-1.05,-3.06,0.28,1.06,0.01,-144.6,56.3,153.0,-0.59,-1.68,0.02,0.0,1.0964032105024137,3.256224807963971,0.08274952233928623,0.25,0,19,0.0
17.359163318000356,1531,817.83,100.4,3.8,-40.8,-0.31,-0.37,-2.77,0.17,1.06,0.06,-143.9,69.9,146.0,-0.61,-2.08,-0.18,0.0,1.0752209075348191,2.811743231520261,0.06033587498425774,0.25,0,19,0.0
17.368517614000666,1532,817.84,100.4,3.5,-40.9,0.24,-0.16,-2.33,0.05,1.02,0.15,-143.2,83.3,125.0,-0.64,-2.38,0.0,0.0,1.0321821544669332,2.3477861912874434,0.016951179478044365,0.25,0,19,0.0
17.37919740899997,1533,817.85,100.5,3.3,-40.9,1.1,-0.5,-1.95,-0.05,1.0,0.19,-142.3,89.9,61.0,-0.66,-2.44,0.01,0.0,1.0191172650877818,2.2940139493908926,0.003808564296915007,0.25,0,19,0.0
17.38836339699992,1534,817.86,100.7,3.1,-40.8,1.87,-1.19,-1.64,-0.14,1.03,0.17,-141.4,88.1,-7.0,-0.68,-2.31,0.13,0.0,1.0532805893967665,2.757281269656761,0.03721245083378166,0.25,0,19,0.0
17.39912312100023,1535,817.87,100.9,2.9,-40.7,2.28,-1.99,-1.31,-0.19,1.12,0.13,-140.5,79.8,-71.0,-0.71,-2.01,0.05,0.0,1.1434159348198714,3.297665841167052,0.12480084033174887,0.25,0,19,0.0
17.408505564000734,1536,817.88,101.1,2.8,-40.5,2.36,-2.77,-0.89,-0.18,1.25,0.06,-139.8,64.6,-150.0,-0.72,-1.48,-0.06,0.0,1.264317997973611,3.746278153047368,0.24078884541577872,0.25,0,19,0.0
17.419054723000954,1537,817.89,101.4,2.7,-40.2,2.03,-3.33,-0.34,-0.13,1.35,-0.04,-139.3,42.4,-205.0,-0.73,-0.86,0.02,0.0,1.3568345514468594,3.914766915155997,0.32663929091124655,0.25,0,20,0.0
17.42846990200087,1538,817.9,101.5,2.6,-39.8,1.01,-3.71,0.24,-0.05,1.38,-0.13,-139.1,17.4,-242.0,-0.74,-0.13,0.05,0.0,1.38701117515325,3.8525056781268994,0.34967959632528434,0.25,0,20,0.0
17.439120958000785,1539,817.91,101.5,2.6,-39.4,-0.38,-3.78,0.75,0.02,1.31,-0.18,-139.1,-5.1,-189.0,-0.73,0.26,-0.13,0.0,1.3224598292575847,3.8723765312789507,0.27942568542102664,0.25,0,20,0.0
17.448303555000166,1540,817.92,101.4,2.6,-39.1,-1.54,-3.76,1.04,0.08,1.2,-0.17,-139.2,-14.4,-117.0,-0.73,0.48,-0.06,0.0,1.2146192819151191,4.194138767375253,0.16815343531699,0.25,0,20,0.0
17.4590827789998,1541,817.93,101.2,2.6,-38.7,-2.08,-3.68,1.2,0.12,1.08,-0.18,-139.4,-23.8,-119.0,-0.72,0.82,0.21,0.0,1.101453585041149,4.394177966355027,0.05388798367415948,0.25,0,20,0.0
17.468493816000773,1542,817.94,101.0,2.7,-38.3,-2.18,-3.53,1.19,0.13,0.98,-0.17,-139.8,-39.0,-150.0,-0.71,1.28,0.01,0.0,1.0030952098380292,4.3161788656171325,0.04358098369838115,0.25,0,20,0.0
17.479105436999816,1543,817.95,100.8,2.8,-37.9,-2.11,-3.29,1.11,0.15,0.92,-0.16,-140.3,-58.0,-172.0,-0.7,1.78,0.12,0.0,0.9457801012920498,4.063040733244007,0.09887817039947333,0.25,0,20,0.0
17.488468801000636,1544,817.96,100.6,2.9,-37.6,-2.2,-3.01,1.01,0.15,0.87,-0.14,-141.0,-77.2,-198.0,-0.67,2.38,-0.07,0.0,0.8938679992034617,3.862667472097488,0.1477744670383001,0.25,0,20,0.0
17.499104345000887,1545,817.97,100.4,3.0,-37.3,-2.16,-2.76,0.95,0.16,0.87,-0.12,-141.9,-101.0,-232.0,-0.64,3.06,0.04,0.0,0.8926925562588723,3.6312119189053123,0.14597091178323174,0.25,0,20,0.0
17.508514869001374,1546,817.98,100.2,3.0,-37.0,-2.14,-2.45,0.99,0.17,0.86,-0.12,-143.1,-126.4,-241.0,-0.61,3.72,0.07,0.0,0.8848163651289458,3.400323514020394,0.15077016085489503,0.25,0,20,0.0
17.519130722001137,1547,817.99,100.0,3.1,-36.8,-2.09,-2.1,1.08,0.19,0.86,-0.11,-144.5,-149.4,-223.0,-0.57,4.3,-0.02,0.0,0.8875809822207774,3.153490129998824,0.14504543288780214,0.25,0,20,0.0
17.528523289000077,1548,818.0,99.8,3.2,-36.6,-1.78,-1.8,1.23,0.21,0.85,-0.13,-145.6,-162.4,-237.0,-0.52,4.74,0.01,0.0,0.8851553535961921,2.8144804138597235,0.14452164028213976,0.25,0,20,0.0
17.539226553000844,1549,818.01,99.7,3.3,-36.4,-1.19,-1.32,1.32,0.24,0.84,-0.14,-147.8,-179.8,-176.0,-0.47,5.05,0.24,0.0,0.8847598544237865,2.213797642062165,0.14201879666545447,0.25,0,20,0.0
17.54834613500134,1550,818.02,99.6,3.4,-36.3,-0.73,-0.77,1.36,0.25,0.84,-0.16,-149.6,-188.7,-109.0,-0.42,5.22,-0.08,0.0,0.8908984229416953,1.7249347813758062,0.13316262358459474,0.25,0,20,0.0
17.55924265000067,1551,818.03,99.5,3.5,-36.2,-0.51,-0.24,1.27,0.25,0.84,-0.15,-151.5,-194.2,-67.0,-0.37,5.31,0.03,0.0,0.8891569040388765,1.3894603268895447,0.1322060596376653,0.25,0,20,0.0
17.56850282800042,1552,818.04,99.5,3.6,-36.2,-0.52,0.25,1.1,0.23,0.84,-0.15,-153.5,-196.4,-28.0,-0.31,5.34,0.0,0.0,0.883742043811428,1.24213525833542,0.1348685014678116,0.25,0,20,0.0
17.57884154600106,1553,818.05,99.4,3.7,-36.2,-0.76,0.74,0.93,0.21,0.84,-0.16,-155.5,-196.2,-7.0,-0.26,5.32,0.06,0.0,0.8805112151472007,1.4107090415815728,0.1353373435293982,0.25,0,20,0.0
17.588486571999965,1554,818.06,99.3,3.8,-36.3,-0.91,1.13,0.75,0.19,0.83,-0.15,-157.4,-194.6,10.0,-0.21,5.26,-0.01,0.0,0.8645808232895291,1.6332482971061073,0.14824238067932827,0.25,0,20,0.0
17.599212470000566,1555,818.07,99.2,3.9,-36.4,-0.88,1.37,0.58,0.16,0.82,-0.13,-159.4,-191.9,24.0,-0.16,5.16,0.02,0.0,0.8455175929571187,1.7284964564615108,0.16395949879150395,0.25,0,20,0.0
17.60833916900083,1556,818.08,99.1,4.0,-36.6,-0.85,1.4,0.44,0.14,0.84,-0.12,-161.2,-187.9,39.0,-0.11,5.01,-0.05,0.0,0.8599999999999999,1.695906837063876,0.14648754991365043,0.25,0,20,0.0
17.619136238001374,1557,818.09,99.0,4.1,-36.7,-0.87,1.34,0.35,0.11,0.86,-0.12,-163.1,-181.6,58.0,-0.06,4.82,-0.01,0.0,0.8752713864853574,1.6355427233796127,0.12859184015972702,0.25,0,20,0.0
17.628487519999908,1558,818.1,98.9,4.2,-36.8,-1.0,1.16,0.26,0.08,0.87,-0.11,-164.8,-172.4,90.0,-0.01,4.5,0.07,0.0,0.8805679985100526,1.553447778330511,0.12082932357233112,0.25,0,20,0.0
17.639214980999895,1559,818.11,98.8,4.3,-36.9,-1.29,0.92,0.17,0.06,0.9,-0.12,-166.5,-159.6,118.0,0.02,4.12,-0.02,0.0,0.9099450532861861,1.5935494971917252,0.08962322342027362,0.25,0,20,0.0
17.64851999200073,1560,818.12,98.6,4.3,-37.0,-1.64,0.66,0.17,0.05,0.92,-0.11,-168.0,-146.3,125.0,0.06,3.77,0.01,0.0,0.9279008567729636,1.7759786034747151,0.07023407153482619,0.25,0,20,0.0
17.65921155199976,1561,818.13,98.4,4.3,-37.0,-1.85,0.34,0.13,0.04,0.88,-0.1,-169.4,-134.3,121.0,0.1,3.47,0.1,0.0,0.8865664103720601,1.8854707634964805,0.10933714757701518,0.25,0,20,0.0
17.66838007000115,1562,818.14,98.2,4.3,-37.0,-1.92,-0.04,-0.04,0.05,0.83,-0.11,-170.6,-122.0,128.0,0.13,3.11,-0.05,0.0,0.8387490685538792,1.920833152566875,0.15401139960729215,0.25,0,20,0.0
17.679015816000174,1563,818.15,98.0,4.3,-37.0,-1.8,-0.31,-0.26,0.06,0.82,-0.15,-171.7,-109.2,127.0,0.16,2.76,-0.03,0.0,0.8357631243360764,1.844911922016875,0.15385739694859313,0.25,0,20,0.0
17.688523152000926,1564,818.16,97.9,4.2,-37.0,-1.41,-0.35,-0.31,0.08,0.84,-0.23,-172.7,-94.4,147.0,0.18,2.32,0.02,0.0,0.8745856161634491,1.4854965499791644,0.112734207018796,0.25,0,20,0.0
17.699107421000008,1565,818.17,97.8,4.2,-37.0,-1.12,-0.21,-0.23,0.11,0.81,-0.27,-173.6,-80.4,122.0,0.2,2.05,-0.1,0.0,0.8608716512930369,1.162497311824849,0.12391920845142401,0.25,0,20,0.0
17.708278115000212,1566,818.18,97.7,4.2,-37.0,-0.52,-0.07,-0.24,0.15,0.77,-0.28,-174.3,-72.6,89.0,0.22,1.86,0.04,0.0,0.8329465769183519,0.5769748694700663,0.1488073971695868,0.25,0,20,0.0
17.719123984999896,1567,818.19,97.7,4.1,-37.0,0.15,0.08,-0.4,0.19,0.76,-0.34,-175.0,-65.6,68.0,0.24,1.74,0.0,0.0,0.8539906322671227,0.43462627624201466,0.1252080749843998,0.25,0,20,0.0
17.728512454999873,1568,818.2,97.7,4.1,-37.0,0.66,0.49,-0.54,0.22,0.81,-0.41,-175.6,-62.6,39.0,0.26,1.67,0.15,0.0,0.9341306118525396,0.9835141076771599,0.044166733491003196,0.25,0,20,0.0
17.73902471099973,1569,818.21,97.8,4.1,-37.1,0.97,1.1,-0.56,0.24,0.91,-0.41,-176.3,-60.9,23.0,0.27,1.62,-0.13,0.0,1.0265476121447072,1.5698726062964472,0.047285261465141115,0.25,0,20,0.0
17.748358157999974,1570,818.22,97.9,4.0,-37.2,1.22,1.68,-0.4,0.23,1.03,-0.34,-176.9,-59.8,14.0,0.29,1.6,0.06,0.0,1.1087831167545796,2.114426636230257,0.12693035075351322,0.25,0,20,0.0
17.759235565999916,1571,818.23,98.0,4.0,-37.4,1.19,1.89,-0.21,0.2,1.09,-0.24,-177.4,-57.5,20.0,0.31,1.54,-0.1,0.0,1.1338871196023,2.243278850254689,0.14899366652920887,0.25,0,20,0.0
17.768295121000847,1572,818.24,98.1,4.1,-37.6,0.82,1.82,-0.15,0.12,1.1,-0.18,-178.0,-56.6,11.0,0.32,1.52,0.06,0.0,1.1210709165793216,2.0018241681026834,0.13345391423610586,0.25,0,20,0.0
17.77904106400092,1573,818.25,98.2,4.1,-37.8,0.07,1.54,-0.3,0.03,1.09,-0.15,-178.6,-55.3,17.0,0.34,1.44,0.64,0.0,1.1006816070054046,1.570509471477329,0.11080331256894516,0.25,0,20,0.0
17.788545114000954,1574,818.26,98.1,4.0,-37.9,-0.72,1.04,-0.47,-0.03,1.06,-0.19,-179.1,-52.2,26.0,0.35,1.38,-0.06,0.0,1.0773114684249863,1.3494072772888102,0.08568451050875625,0.25,0,20,0.0
17.799109965000753,1575,818.27,98.0,4.0,-38.0,-0.81,0.71,-0.63,-0.04,0.97,-0.28,-179.6,-49.2,35.0,0.36,1.26,-0.06,0.0,1.0103959619871805,1.2478381305281547,0.018393623989531482,0.25,0,20,0.0
17.8083488379998,1576,818.28,98.0,3.9,-38.1,-0.1,0.63,-0.62,0.0,0.97,-0.34,-180.1,-44.2,47.0,0.37,1.11,-0.03,0.0,1.027861858422619,0.8895504482602434,0.03514233001647049,0.25,0,20,0.0
17.818949787000747,1577,818.29,98.0,3.9,-38.2,0.74,0.76,-0.48,0.06,0.95,-0.42,-180.5,-38.0,57.0,0.38,0.96,-0.09,0.0,1.0404326023342405,1.1643023662262308,0.046758812449530285,0.25,0,20,0.0
17.8283217040007,1578,818.3,98.2,3.8,-38.3,2.17,1.43,-0.45,0.13,1.04,-0.44,-180.8,-34.9,33.0,0.39,0.89,-0.03,0.0,1.1367057666784313,2.6374798577429934,0.14017133725784658,0.25,0,20,0.0
17.839088104999973,1579,818.31,98.4,3.8,-38.5,3.22,2.17,-0.25,0.16,1.21,-0.39,-181.1,-30.8,34.0,0.4,0.83,0.04,0.0,1.2813274366843161,3.890989591350766,0.2790971471184569,0.25,0,20,0.0
17.848512528000356,1580,818.32,98.8,3.8,-38.7,3.6,2.89,0.04,0.18,1.34,-0.36,-181.4,-29.4,23.0,0.41,0.76,0.82,0.0,1.3991425945914162,4.616676293612104,0.3889740589250459,0.25,0,20,0.0
17.859209334001207,1581,818.33,99.1,3.9,-39.0,3.28,3.48,0.31,0.19,1.38,-0.31,-181.7,-27.4,25.0,0.42,0.67,0.0,0.0,1.4270949512909081,4.792170698128355,0.408587887312047,0.25,0,20,0.0
17.86834686899965,1582,818.34,99.4,4.1,-39.4,1.88,3.7,0.58,0.19,1.37,-0.27,-182.0,-22.9,34.0,0.42,0.57,0.12,0.0,1.4092196422133776,4.190560821656214,0.38289832666982604,0.25,0,20,0.0
17.87914131800062,1583,818.35,99.4,4.2,-39.7,0.47,3.74,0.86,0.18,1.27,-0.19,-182.2,-18.9,46.0,0.43,0.39,0.0,0.0,1.296688088940436,3.866277279244209,0.26495943792894683,0.25,0,20,0.0
17.88847166300002,1584,818.36,99.4,4.4,-40.1,-0.08,3.6,1.11,0.13,1.16,-0.08,-182.3,-9.6,89.0,0.43,0.08,-0.08,0.0,1.17,3.768089701692358,0.13550592200874068,0.25,0,20,0.0
17.898942167001223,1585,818.37,99.3,4.6,-40.4,0.22,3.52,1.24,0.08,1.04,-0.01,-182.3,0.7,87.0,0.43,-0.11,0.0,0.0,1.0431203190428227,3.7385023739460164,0.008453716230532038,0.25,0,20,0.0
17.908308441999907,1586,818.38,99.4,4.8,-40.7,1.03,3.45,1.28,0.03,1.01,0.06,-182.3,4.7,35.0,0.43,-0.12,0.0,0.0,1.0122252713699653,3.8212301684143553,0.021992504813478808,0.25,0,20,0.0
17.91914149600052,1587,818.39,99.5,5.0,-41.1,1.36,3.41,1.42,0.0,1.02,0.12,-182.2,3.6,4.0,0.43,-0.08,-0.06,0.0,1.0270345661174214,3.9362545649386047,0.007039545864702346,0.25,0,20,0.0
17.928313942000386,1588,818.4,99.6,5.2,-41.4,1.16,3.33,1.67,-0.03,1.01,0.17,-182.2,4.0,15.0,0.43,-0.15,0.06,0.0,1.0246462804304712,3.9017175705066096,0.009239274920619378,0.25,0,20,0.0
17.93921216200033,1589,818.41,99.7,5.4,-41.7,0.99,3.07,1.87,-0.04,0.97,0.22,-182.1,8.4,45.0,0.42,-0.35,-0.08,0.0,0.9954396013822235,3.728525177600387,0.0376770348894897,0.25,0,20,0.0
17.948394273000304,1590,818.42,99.7,5.7,-41.9,1.15,2.51,1.97,0.0,0.96,0.24,-182.0,17.7,81.0,0.42,-0.62,-0.22,0.0,0.9895453501482385,3.391680999150716,0.04269986040100515,0.25,0,20,0.0
17.959155106000253,1591,818.43,99.9,5.9,-42.1,1.64,1.94,1.95,0.05,0.98,0.23,-181.7,31.5,138.0,0.41,-1.12,0.03,0.0,1.0078690391117289,3.2024521854354044,0.023888648008764557,0.25,0,20,0.0
17.96825323700068,1592,818.44,100.0,6.1,-42.2,2.08,1.4,1.84,0.11,1.02,0.19,-181.3,49.1,169.0,0.39,-1.64,-0.18,0.0,1.0433599570617995,3.109983922788026,0.011370224542480045,0.25,0,20,0.0
17.979112819000875,1593,818.45,100.2,6.3,-42.3,2.17,1.01,1.63,0.16,1.04,0.11,-180.6,70.2,201.0,0.37,-2.22,-0.04,0.0,1.0579697538209683,2.895841846510268,0.02546042087561573,0.25,0,20,0.0
17.98854925500018,1594,818.46,100.4,6.5,-42.4,2.05,0.74,1.31,0.19,1.07,0.04,-179.8,92.6,220.0,0.35,-2.87,0.08,0.0,1.0874741376235115,2.5428723916075695,0.05386550858459582,0.25,0,20,0.0
17.999142647000554,1595,818.47,100.6,6.6,-42.4,1.72,0.61,0.97,0.19,1.08,-0.01,-178.7,116.1,228.0,0.31,-3.5,-0.19,0.0,1.0966312051004203,2.0667365579579804,0.06176212454027463,0.25,0,20,0.0
18.00841292699988,1596,818.48,100.8,6.7,-42.4,1.09,0.5,0.62,0.17,1.07,-0.04,-177.4,139.0,233.0,0.27,-4.15,0.09,0.0,1.084158659975559,1.35,0.048303787827105094,0.25,0,20,0.0
18.019096080000963,1597,818.49,100.8,6.7,-42.5,0.49,0.45,0.33,0.15,1.04,-0.06,-175.8,163.4,238.0,0.23,-4.79,-0.04,0.0,1.0524732775705044,0.742630459919333,0.016286037313609336,0.25,0,20,0.0
18.02839042100095,1598,818.5,100.9,6.8,-42.5,0.1,0.37,0.09,0.13,1.0,-0.06,-174.0,187.4,245.0,0.17,-5.47,-0.14,0.0,1.010198000393982,0.39370039370059057,0.025469455065654678,0.25,0,20,0.0
18.039225325999723,1599,818.51,100.8,6.8,-42.6,-0.04,0.38,-0.1,0.12,0.97,-0.07,-172.0,212.2,246.0,0.12,-6.12,0.03,0.0,0.9798979538707079,0.39496835316262996,0.054654111557150276,0.25,0,20,0.0
18.048533975999817,1600,818.52,100.7,6.8,-42.6,0.0,0.44,-0.29,0.09,0.95,-0.07,-169.7,235.1,223.0,0.05,-6.7,-0.28,0.0,0.9568176419778223,0.5269724850502159,0.07617973498103514,0.25,0,20,0.0
18.059063909000542,1601,818.53,100.7,6.7,-42.7,0.18,0.51,-0.52,0.07,0.93,-0.06,-167.2,255.5,214.0,-0.01,-7.27,-0.19,0.0,0.9345587193964862,0.7502666192761077,0.09646988441112381,0.25,0,20,0.0
18.06853185,1602,818.54,100.7,6.7,-42.7,0.31,0.54,-0.79,0.05,0.94,-0.05,-164.5,280.0,251.0,-0.09,-8.04,-0.11,0.0,0.9426558226627574,1.0058826969383656,0.08660532552195555,0.25,0,20,0.0
18.07913089199974,1603,818.55,100.7,6.6,-42.8,0.21,0.47,-1.01,0.04,0.94,-0.04,-161.5,307.0,244.0,-0.17,-8.67,-0.06,0.0,0.9417005893594843,1.1336225121265013,0.08580934764872405,0.25,0,20,0.0
18.088301548001255,1604,818.56,100.7,6.5,-42.9,-0.09,0.4,-1.16,0.02,0.93,-0.05,-158.3,326.8,207.0,-0.26,-9.17,-0.01,0.0,0.9315578350268973,1.2303251602726817,0.09403305994168487,0.25,0,20,0.0
18.09902228900137,1605,818.57,100.7,6.4,-42.9,-0.42,0.36,-1.26,0.02,0.92,-0.06,-154.9,346.3,205.0,-0.36,-9.75,-0.12,0.0,0.9221713506718803,1.3760813929415658,0.10135115341076784,0.25,0,20,0.0
18.108389119001004,1606,818.58,100.6,6.2,-43.0,-0.61,0.38,-1.32,0.01,0.92,-0.05,-151.2,368.7,212.0,-0.46,-10.31,-0.15,0.0,0.9214119599831554,1.5029637387508723,0.10006833321750297,0.25,0,20,0.0
18.118974713999705,1607,818.59,100.6,6.1,-43.1,-0.66,0.4,-1.34,0.01,0.92,-0.04,-147.4,390.3,237.0,-0.57,-11.05,-0.06,0.0,0.9209234495874237,1.5463505424062167,0.09854570674097007,0.25,0,20,0.0
18.12838303100034,1608,818.6,100.5,6.0,-43.1,-0.72,0.43,-1.28,0.0,0.94,-0.05,-143.3,418.3,241.0,-0.68,-11.64,0.06,0.0,0.9413288479590965,1.5302614155757832,0.07657750220191117,0.25,0,20,0.0
18.139228244999686,1609,818.61,100.4,5.9,-43.2,-0.89,0.4,-1.11,0.0,0.95,-0.06,-138.6,435.8,186.0,-0.8,-12.08,0.04,0.0,0.951892851112981,1.4779039210990679,0.0646932290670662,0.25,0,20,0.0
18.148456836999685,1610,818.62,100.3,5.8,-43.2,-1.07,0.31,-0.93,0.0,0.93,-0.06,-134.1,453.4,155.0,-0.93,-12.43,-0.08,0.0,0.9319334740205442,1.4511719401917886,0.08295955403631294,0.25,0,20,0.0
18.159070953999617,1611,818.63,100.2,5.7,-43.3,-1.26,0.14,-0.77,-0.01,0.91,-0.04,-129.5,458.4,96.0,-1.05,-12.62,0.11,0.0,0.9109335870413386,1.4832734070291964,0.10188025219520802,0.25,0,20,0.0
18.16853028100013,1612,818.64,100.0,5.7,-43.3,-1.38,-0.13,-0.66,-0.01,0.89,-0.02,-124.8,475.6,140.0,-1.18,-13.06,-0.12,0.0,0.8902808545621994,1.5352198539622914,0.12008232498086024,0.25,0,20,0.0
18.179140842999914,1613,818.65,99.9,5.6,-43.3,-1.31,-0.39,-0.55,-0.02,0.88,-0.02,-120.0,479.5,47.0,-1.31,-13.03,0.02,0.0,0.8804544281222054,1.4733295625894434,0.12731057639243704,0.25,0,20,0.0
18.188362146000145,1614,818.66,99.8,5.5,-43.2,-1.04,-0.61,-0.44,-0.02,0.89,-0.03,-115.2,480.9,27.0,-1.44,-13.08,-0.09,0.0,0.890730037665734,1.2834718539960275,0.11469426751193035,0.25,0,20,0.0
18.19909277000079,1615,818.67,99.7,5.5,-43.2,-0.69,-0.77,-0.32,-0.01,0.89,-0.05,-110.4,483.5,46.0,-1.57,-13.25,0.02,0.0,0.8914594774862176,1.0823123393919152,0.11168553113761781,0.25,0,20,0.0
18.208350290000453,1616,818.68,99.7,5.4,-43.1,-0.38,-0.83,-0.22,0.0,0.91,-0.08,-105.6,480.2,-99.0,-1.7,-12.7,0.06,0.0,0.9135097153287425,0.9389888178247917,0.08784258742919093,0.25,0,20,0.0
18.219034038000245,1617,818.69,99.6,5.4,-43.0,-0.51,-0.86,-0.03,0.01,0.96,-0.1,-101.0,445.0,-309.0,-1.82,-11.53,0.28,0.0,0.9652460826131334,1.000299955013495,0.03538409574190393,0.25,0,20,0.0
18.228521357001227,1618,818.7,99.5,5.4,-42.9,-0.79,-0.82,0.22,0.0,0.98,-0.11,-96.9,384.1,-603.0,-1.93,-9.38,0.49,0.0,0.986154146165801,1.1596982366115764,0.014186511545451586,0.25,0,20,0.0
18.23921321600028,1619,818.71,99.4,5.3,-42.8,-1.55,-0.86,0.5,0.01,1.0,-0.12,-93.7,291.4,-848.0,-2.0,-6.7,0.28,0.0,1.0072239075796403,1.8417654573804993,0.0067455848710200605,0.25,0,20,0.0
18.248324373000287,1620,818.72,99.2,5.3,-42.7,-2.21,-1.03,0.7,0.04,0.99,-0.11,-91.5,196.3,-895.0,-2.05,-4.22,0.36,0.0,0.9968951800465282,2.5367301787931646,0.0035114798088502486,0.25,0,20,0.0
18.259210551999786,1621,818.73,98.9,5.4,-42.6,-2.65,-1.29,0.74,0.07,0.97,-0.14,-90.1,104.4,-910.0,-2.08,-1.72,0.42,0.0,0.98254770876533,3.0387826509969416,0.017501772068247545,0.25,0,20,0.0
18.268541343000834,1622,818.74,98.7,5.4,-42.5,-3.3,-1.39,0.76,0.1,0.96,-0.19,-89.7,16.4,-858.0,-2.08,0.48,0.26,0.0,0.9837174391053561,3.660560066437921,0.016005400893656985,0.25,0,20,0.0
18.279125478000424,1623,818.75,98.4,5.5,-42.3,-3.69,-0.97,0.78,0.13,0.9,-0.25,-90.0,-38.9,-558.0,-2.06,1.47,0.14,0.0,0.9430800602281866,3.8942778534665448,0.05550992417541001,0.25,0,20,0.0
18.288416262999817,1624,818.76,98.0,5.6,-42.3,-3.28,-0.3,0.81,0.13,0.81,-0.22,-90.6,-70.0,-375.0,-2.04,2.22,0.0,0.0,0.8493526947034431,3.3918284154715135,0.1462525439061504,0.25,0,20,0.0
18.298982209000314,1625,818.77,97.8,5.7,-42.2,-1.84,0.05,0.81,0.13,0.72,-0.12,-91.5,-95.3,-291.0,-2.02,2.89,0.33,0.0,0.7414175611623992,2.011019641873246,0.24910392389825042,0.25,0,20,0.0
18.308549102001052,1626,818.78,97.7,5.8,-42.2,-0.35,0.04,0.68,0.13,0.74,-0.09,-92.6,-119.6,-264.0,-1.98,3.56,0.02,0.0,0.7567033764957045,0.7658328799418317,0.22914174639364626,0.25,0,20,0.0
18.319089042000996,1627,818.79,97.7,5.9,-42.2,0.61,-0.15,0.52,0.12,0.81,-0.1,-93.9,-141.1,-214.0,-1.95,4.05,0.19,0.0,0.8249242389456137,0.8154753215150046,0.15770246626486228,0.25,0,20,0.0
18.32854884399967,1628,818.8,97.8,5.9,-42.2,0.82,-0.44,0.37,0.12,0.9,-0.13,-95.5,-158.3,-184.0,-1.9,4.5,-0.02,0.0,0.9172240729505523,1.0014489502715553,0.0640945796147252,0.25,0,20,0.0
18.339272244000313,1629,818.81,97.9,6.0,-42.1,0.52,-0.66,0.25,0.11,0.95,-0.18,-97.2,-172.5,-143.0,-1.85,4.82,0.08,0.0,0.973139250056229,0.8766413177577247,0.008015814458867454,0.25,0,20,0.0
18.348547010000402,1630,818.82,98.0,6.0,-42.0,0.13,-0.81,0.13,0.09,0.97,-0.22,-99.0,-182.1,-103.0,-1.8,5.05,0.0,0.0,0.9986991538997116,0.8306021911842035,0.017193207596922888,0.25,0,20,0.0
18.359280872000454,1631,818.83,98.0,6.0,-41.9,-0.12,-1.01,0.06,0.06,0.98,-0.23,-100.8,-188.4,-69.0,-1.75,5.17,0.06,0.0,1.0084145972763385,1.0188719252192593,0.026370477954078764,0.25,0,20,0.0
18.368557240000882,1632,818.84,98.0,6.0,-41.8,-0.25,-1.27,0.09,0.04,0.98,-0.24,-102.7,-191.2,-34.0,-1.7,5.21,-0.03,0.0,1.009752444909147,1.2974975915199227,0.02715415907514951,0.25,0,20,0.0
18.37902282899995,1633,818.85,98.0,5.9,-41.7,-0.29,-1.52,0.17,0.03,0.98,-0.26,-104.7,-192.5,-26.0,-1.64,5.27,0.21,0.0,1.014347080638575,1.5567273364337122,0.03111381890848597,0.25,0,20,0.0
18.388421012001345,1634,818.86,98.0,5.9,-41.5,-0.28,-1.7,0.26,0.02,0.96,-0.27,-106.6,-195.1,-20.0,-1.6,5.31,0.0,0.0,0.9974467404327911,1.7424121211699601,0.013929209128648035,0.25,0,20,0.0
18.399041114000283,1635,818.87,98.0,6.0,-41.3,-0.19,-1.81,0.26,0.03,0.93,-0.28,-108.5,-194.8,2.0,-1.54,5.27,-0.01,0.0,0.9716995420396164,1.83842323745105,0.011581629479236133,0.25,0,20,0.0
18.408309968999674,1636,818.88,98.0,5.9,-41.2,0.13,-1.82,0.16,0.03,0.92,-0.29,-110.5,-192.1,13.0,-1.49,5.21,0.11,0.0,0.965090669315583,1.831638610643486,0.017826692159204183,0.25,0,20,0.0
18.41919369199968,1637,818.89,98.0,5.9,-41.0,0.63,-1.82,0.04,0.05,0.92,-0.31,-112.4,-191.0,12.0,-1.44,5.18,0.11,0.0,0.972111104761179,1.9263696426179477,0.01059013157933597,0.25,0,20,0.0
18.428546238001218,1638,818.9,98.2,5.9,-40.8,1.13,-1.83,0.0,0.06,0.92,-0.34,-114.3,-190.1,8.0,-1.39,5.15,-0.05,0.0,0.9826494797230598,2.1507673049402625,5.072148510609775e-05,0.25,0,20,0.0
18.43921885600139,1639,818.91,98.3,5.9,-40.6,1.46,-1.98,0.0,0.07,0.91,-0.36,-116.2,-188.2,22.0,-1.33,5.06,-0.18,0.0,0.9811218069128829,2.460081299469593,0.001546826409377422,0.25,0,20,0.0
18.448314158000358,1640,818.92,98.5,5.8,-40.4,1.72,-2.19,0.01,0.05,0.91,-0.37,-118.0,-184.3,34.0,-1.29,4.97,-0.05,0.0,0.9836157786453001,2.7847082432456007,0.0009282024165790936,0.25,0,20,0.0
18.459223850000853,1641,818.93,98.7,5.8,-40.2,1.83,-2.46,0.01,0.04,0.91,-0.36,-119.8,-179.3,50.0,-1.24,4.79,0.02,0.0,0.979438614717635,3.0660397910007626,0.0031839822808642504,0.25,0,20,0.0
18.46853217500029,1642,818.94,98.9,5.8,-39.9,1.79,-2.81,0.05,0.03,0.92,-0.31,-121.6,-173.1,53.0,-1.19,4.64,0.07,0.0,0.9712878049270464,3.3320714278058325,0.011108096230023845,0.25,0,20,0.0
18.479144355000244,1643,818.95,99.1,5.7,-39.6,1.89,-3.14,0.12,0.02,0.93,-0.36,-123.3,-168.9,39.0,-1.14,4.56,0.21,0.0,0.9974467404327912,3.666892417292877,0.014749822490206621,0.25,0,20,0.0
18.488561448000837,1644,818.96,99.4,5.7,-39.3,2.18,-3.17,0.13,0.01,0.93,-0.41,-125.0,-166.5,37.0,-1.1,4.46,0.01,0.0,1.0164152694642088,3.849441517934777,0.033043984491191725,0.25,0,20,0.0
18.49915970999973,1645,818.97,99.6,5.7,-39.0,2.48,-3.0,0.11,0.04,0.99,-0.38,-126.6,-161.6,43.0,-1.06,4.34,0.04,0.0,1.0611785900591852,3.8939054944875076,0.07625115898444479,0.25,0,20,0.0
18.508276619000753,1646,818.98,99.9,5.6,-38.7,2.62,-2.71,0.14,0.11,1.05,-0.3,-128.2,-156.5,49.0,-1.01,4.19,-0.07,0.0,1.09754270987511,3.7720153764267716,0.11036297322436217,0.25,0,20,0.0
18.519244736000473,1647,818.99,100.3,5.6,-38.4,2.68,-2.45,0.02,0.2,1.09,-0.2,-129.7,-151.7,51.0,-0.97,4.04,-0.24,0.0,1.1260994627474077,3.6311568404573222,0.13614133157472663,0.25,0,20,0.0
18.528634444001,1648,819.0,100.5,5.6,-38.2,2.51,-2.09,-0.31,0.31,1.12,-0.11,-130.8,-147.3,82.0,-0.93,3.82,0.0,0.0,1.1673045875006234,3.280899266969347,0.17379952720138347,0.25,0,20,0.0
18.539172033000796,1649,819.01,100.8,5.5,-38.0,1.62,-1.67,-0.88,0.42,1.15,0.0,-132.5,-132.8,138.0,-0.9,3.35,-0.24,0.0,1.2242957159118053,2.487508793954305,0.22617484250031406,0.25,0,20,0.0
18.548494351000045,1650,819.02,100.9,5.3,-37.9,0.48,-1.11,-1.64,0.52,1.14,0.04,-133.7,-109.6,219.0,-0.87,2.59,0.01,0.0,1.2536347155371854,2.037670238286853,0.2504035652831802,0.25,0,21,0.0
18.558799619000638,1651,819.03,100.9,5.1,-37.9,-0.19,-0.17,-2.61,0.59,1.11,0.04,-134.6,-78.4,289.0,-0.85,1.77,-0.18,0.0,1.2576963067449949,2.622422544137386,0.24937585336116985,0.25,0,21,0.0
18.568611849001172,1652,819.04,100.8,4.8,-38.0,-0.44,1.1,-3.46,0.58,1.12,-0.04,-135.1,-39.4,366.0,-0.84,0.58,-0.04,0.0,1.2619033243477886,3.6572120529168117,0.2485112135446843,0.25,0,21,0.0
18.579039317000934,1653,819.05,100.7,4.5,-38.3,-0.91,2.91,-3.69,0.42,1.11,-0.09,-135.3,-2.5,354.0,-0.84,-0.35,-0.02,0.0,1.1902100654926424,4.786679433594859,0.1732815955957474,0.25,0,21,0.0
18.5885079159998,1654,819.06,100.6,4.2,-38.7,-0.46,4.03,-3.28,0.14,1.04,0.06,-135.1,24.3,265.0,-0.85,-0.9,-0.13,0.0,1.051094667477673,5.216406809289322,0.03348287362916258,0.25,0,21,0.0
18.599086263000572,1655,819.07,100.6,4.0,-39.2,0.98,4.02,-2.68,-0.06,1.0,0.18,-134.7,42.4,188.0,-0.86,-1.3,0.07,0.0,1.0178408519999578,4.929827583191931,0.00022447698841832064,0.25,0,21,0.0
18.608383066000897,1656,819.08,100.8,3.8,-39.6,3.11,3.21,-2.05,-0.22,1.0,0.2,-134.2,52.1,109.0,-0.87,-1.48,-0.05,0.0,1.0432641084595982,4.917184153557806,0.025134778779097422,0.25,0,21,0.0
18.61905843400018,1657,819.09,101.2,3.7,-39.8,5.13,1.85,-1.52,-0.34,1.05,0.18,-133.7,53.1,10.0,-0.89,-1.34,0.06,0.0,1.1182575731914361,5.6612542779846935,0.09812567864071675,0.25,0,21,0.0
18.62866619700071,1658,819.1,101.8,3.6,-40.0,6.06,0.4,-1.03,-0.39,1.22,0.11,-133.2,42.3,-86.0,-0.9,-0.98,0.0,0.0,1.285534908121907,6.159910713638631,0.26009495329976384,0.25,0,21,0.0
18.63885163499981,1659,819.11,102.4,3.5,-39.9,5.46,-0.9,-0.42,-0.37,1.4,0.0,-132.9,23.7,-165.0,-0.91,-0.37,-0.05,0.0,1.4480676779764128,5.549594579786887,0.4141751686911843,0.25,0,21,0.0
18.648496109000916,1660,819.12,102.8,3.5,-39.8,3.66,-1.99,0.29,-0.3,1.49,-0.09,-132.8,0.1,-211.0,-0.9,0.25,0.12,0.0,1.5225636275702898,4.176098657838438,0.47889769591936004,0.25,0,21,0.0
18.659136850999857,1661,819.13,103.1,3.5,-39.5,1.19,-2.92,0.86,-0.17,1.46,-0.14,-132.9,-12.4,-107.0,-0.9,0.35,0.1,0.0,1.476516169908071,3.2683482066634206,0.42419323349199844,0.25,0,21,0.0
18.668429651001134,1662,819.14,103.1,3.5,-39.2,-1.01,-3.61,1.12,-0.03,1.35,-0.16,-133.1,-16.5,-70.0,-0.9,0.51,0.0,0.0,1.3597793938724032,3.912365013645838,0.30130732830720386,0.25,0,21,0.0
18.679018725000788,1663,819.15,102.9,3.5,-38.8,-2.56,-3.95,1.1,0.07,1.22,-0.19,-133.3,-23.7,-83.0,-0.89,0.76,0.03,0.0,1.2366891282775958,4.833849397736756,0.17465272145814859,0.25,0,21,0.0
18.68864279800073,1664,819.16,102.6,3.6,-38.4,-3.67,-3.89,1.0,0.14,1.09,-0.21,-133.6,-32.3,-88.0,-0.88,1.03,0.1,0.0,1.1188386836358495,5.440680104545754,0.055666231280074197,0.25,0,21,0.0
18.69900669100025,1665,819.17,102.2,3.6,-38.0,-4.17,-3.66,0.93,0.17,0.97,-0.21,-134.0,-46.1,-128.0,-0.87,1.44,-0.11,0.0,1.0069260151570223,5.625779945927498,0.055121508454778034,0.25,0,21,0.0
18.708455412999683,1666,819.18,101.8,3.7,-37.6,-4.06,-3.25,0.87,0.18,0.86,-0.18,-134.6,-64.0,-173.0,-0.85,2.0,-0.03,0.0,0.8968834929911464,5.2728550141265975,0.16186075000824074,0.25,0,21,0.0
18.719067321000693,1667,819.19,101.5,3.7,-37.3,-3.49,-2.84,0.8,0.17,0.8,-0.13,-135.4,-85.4,-205.0,-0.82,2.6,0.13,0.0,0.8281304245105358,4.570087526514126,0.2260015421190743,0.25,0,21,0.0
18.728657241999827,1668,819.2,101.2,3.7,-37.0,-2.82,-2.54,0.8,0.17,0.78,-0.08,-136.4,-110.0,-236.0,-0.79,3.32,0.01,0.0,0.8023091673413685,3.8786595622714817,0.24678634330247684,0.25,0,21,0.0
18.738957170000504,1669,819.21,100.9,3.7,-36.8,-2.1,-2.28,0.85,0.19,0.79,-0.05,-137.7,-136.9,-255.0,-0.76,4.02,0.22,0.0,0.8140638795573724,3.2141717440112,0.23033099846474359,0.25,0,21,0.0
18.748500611000054,1670,819.22,100.8,3.8,-36.6,-1.53,-1.99,0.87,0.22,0.79,-0.09,-139.2,-160.9,-233.0,-0.71,4.65,0.14,0.0,0.8249848483457136,2.6566708490138558,0.21502182908287426,0.25,0,21,0.0
18.759052740000698,1671,819.23,100.7,3.8,-36.4,-1.04,-1.52,0.89,0.26,0.81,-0.14,-141.0,-183.3,-228.0,-0.66,5.25,-0.05,0.0,0.8621484790916238,2.0455072720476943,0.1743010343702247,0.25,0,21,0.0
18.76853058800043,1672,819.24,100.6,3.9,-36.2,-0.65,-0.83,0.93,0.27,0.83,-0.17,-142.9,-203.1,-199.0,-0.6,5.74,-0.02,0.0,0.8892131353055914,1.405809375413324,0.14429165059313198,0.25,0,21,0.0
18.77913277600055,1673,819.25,100.5,4.0,-36.2,-0.37,-0.12,0.95,0.27,0.83,-0.17,-145.1,-218.0,-148.0,-0.54,6.05,-0.11,0.0,0.8892131353055914,1.026547612144707,0.14140581758126936,0.25,0,21,0.0
18.788491637000334,1674,819.26,100.5,4.1,-36.2,-0.09,0.52,0.91,0.25,0.81,-0.17,-147.4,-225.5,-89.0,-0.48,6.2,0.04,0.0,0.8645808232895292,1.0519505691808908,0.16271736700538486,0.25,0,21,0.0
18.799006981000275,1675,819.27,100.5,4.2,-36.3,0.2,1.07,0.77,0.23,0.8,-0.17,-149.6,-229.6,-52.0,-0.42,6.28,0.0,0.0,0.8495881355103778,1.3333416666406253,0.17415585368884545,0.25,0,21,0.0
18.808490516001257,1676,819.28,100.5,4.3,-36.4,0.34,1.5,0.57,0.21,0.81,-0.17,-152.0,-232.7,-32.0,-0.36,6.34,-0.01,0.0,0.8538735269347564,1.640274367293472,0.16647305301917759,0.25,0,21,0.0
18.819114676000027,1677,819.29,100.6,4.4,-36.5,0.23,1.74,0.36,0.19,0.83,-0.15,-154.2,-233.2,-5.0,-0.29,6.31,0.01,0.0,0.8645808232895291,1.791675193778158,0.15265044153111673,0.25,0,21,0.0
18.828509768000004,1678,819.3,100.6,4.4,-36.7,0.05,1.88,0.13,0.16,0.84,-0.15,-156.6,-232.0,7.0,-0.23,6.28,0.19,0.0,0.8681589716175258,1.8851525137240221,0.14609084733905764,0.25,0,21,0.0
18.83908873800101,1679,819.31,100.5,4.5,-36.9,-0.13,1.92,-0.03,0.13,0.88,-0.15,-158.9,-229.6,20.0,-0.17,6.2,0.02,0.0,0.9021086409075129,1.9246298345396187,0.10989835448808905,0.25,0,21,0.0
18.848486237000543,1680,819.32,100.5,4.6,-37.1,-0.44,1.91,-0.11,0.1,0.91,-0.16,-161.2,-224.9,49.0,-0.11,6.01,0.11,0.0,0.9293546147730692,1.9631097778779463,0.08099933301008211,0.25,0,21,0.0
18.85895274500035,1681,819.33,100.4,4.6,-37.3,-0.63,1.86,-0.14,0.08,0.92,-0.18,-163.4,-214.1,95.0,-0.05,5.68,-0.02,0.0,0.940850678907126,1.9687813489567603,0.0681132034985048,0.25,0,21,0.0
18.86867871600043,1682,819.34,100.3,4.6,-37.5,-0.75,1.76,-0.12,0.06,0.93,-0.19,-165.4,-201.0,127.0,0.0,5.28,-0.08,0.0,0.9511046209539727,1.9168985366993214,0.05670207622262502,0.25,0,21,0.0
18.879009977999885,1683,819.35,100.3,4.6,-37.6,-0.78,1.63,-0.13,0.05,0.92,-0.19,-167.3,-185.6,140.0,0.04,4.87,-0.21,0.0,0.9407443861113389,1.8116842992088882,0.06572106484395368,0.25,0,21,0.0
18.888654063001013,1684,819.36,100.2,4.6,-37.8,-0.88,1.44,-0.23,0.03,0.89,-0.19,-169.1,-171.9,140.0,0.09,4.49,0.0,0.0,0.9105492847726586,1.7032028651925173,0.09399784285898138,0.25,0,21,0.0
18.899038450999797,1685,819.37,100.1,4.6,-37.9,-1.19,1.19,-0.51,0.03,0.84,-0.22,-170.7,-157.1,152.0,0.13,4.06,-0.05,0.0,0.8688498144098322,1.758493673574062,0.13298336695737167,0.25,0,21,0.0
18.90855063500021,1686,819.38,100.0,4.5,-38.0,-1.31,1.12,-0.74,0.04,0.84,-0.27,-172.2,-140.6,162.0,0.17,3.61,-0.03,0.0,0.8832326986700616,1.8756598838808705,0.1162284730431995,0.25,0,21,0.0
18.919093301999965,1687,819.39,99.8,4.5,-38.2,-1.24,1.26,-0.76,0.08,0.84,-0.3,-173.5,-124.1,159.0,0.2,3.18,-0.21,0.0,0.8955445270895244,1.924266093865399,0.10183831173126201,0.25,0,21,0.0
18.92840520900063,1688,819.4,99.7,4.4,-38.3,-0.85,1.36,-0.65,0.13,0.83,-0.3,-174.6,-108.9,153.0,0.23,2.77,-0.08,0.0,0.8920762299265685,1.7304912597294446,0.10320047671633348,0.25,0,21,0.0
18.939107312000488,1689,819.41,99.7,4.4,-38.5,-0.2,1.51,-0.57,0.18,0.82,-0.28,-175.6,-96.1,131.0,0.26,2.47,-0.05,0.0,0.8849858755935034,1.6263455967290592,0.10808501442841068,0.25,0,21,0.0
18.948651893000715,1690,819.42,99.6,4.4,-38.6,0.21,1.6,-0.58,0.21,0.82,-0.3,-176.5,-85.6,105.0,0.28,2.22,-1.33,0.0,0.8980534505250787,1.7147886167105262,0.09311709070689866,0.25,0,21,0.0
18.959071249000772,1691,819.43,99.7,4.3,-38.8,0.24,1.9,-0.64,0.22,0.85,-0.34,-177.3,-75.5,105.0,0.3,1.93,-0.12,0.0,0.9415412895885129,2.0192077654367315,0.04863666661059518,0.25,0,21,0.0
18.968553069000336,1692,819.44,99.7,4.3,-39.0,0.22,2.34,-0.64,0.2,0.91,-0.34,-178.0,-67.2,81.0,0.32,1.75,-0.04,0.0,0.9918165152889924,2.4358981916328113,0.001605787908086631,0.25,0,21,0.0
18.979147326999737,1693,819.45,99.7,4.3,-39.3,0.66,2.72,-0.55,0.16,0.96,-0.28,-178.6,-60.1,79.0,0.34,1.53,0.11,0.0,1.0127191120937729,2.852455082906653,0.02205821701860977,0.25,0,21,0.0
18.988466898001207,1694,819.46,99.8,4.3,-39.6,0.93,2.83,-0.55,0.11,0.99,-0.23,-179.1,-53.4,65.0,0.35,1.38,0.02,0.0,1.02230132544177,3.0292408289866954,0.03100762175927485,0.25,0,21,0.0
18.99871383699974,1695,819.47,99.9,4.3,-39.9,0.96,2.78,-0.63,0.06,1.05,-0.23,-179.6,-46.9,69.0,0.36,1.19,-0.06,0.0,1.0765686229869418,3.0078065097342948,0.08356942091835762,0.25,0,21,0.0
19.009161351999865,1696,819.48,99.9,4.3,-40.1,0.23,2.67,-0.64,0.01,1.07,-0.24,-180.1,-39.4,75.0,0.37,0.98,-0.16,0.0,1.0966312051004203,2.755249534978638,0.1015593629711995,0.25,0,21,0.0
19.01903031100119,1697,819.49,99.9,4.2,-40.4,-0.44,2.48,-0.61,-0.01,1.02,-0.29,-180.4,-30.6,85.0,0.38,0.71,0.13,0.0,1.0604715932074749,2.5915439413600536,0.06409175605668893,0.25,0,21,0.0
19.028506216000096,1698,819.5,99.9,4.2,-40.7,-0.36,2.38,-0.58,0.0,0.95,-0.35,-180.6,-22.8,65.0,0.39,0.57,-0.05,0.0,1.0124228365658292,2.4759644585494356,0.015722139426742388,0.25,0,21,0.0
19.03919856399989,1699,819.51,99.8,4.2,-40.9,0.22,2.39,-0.51,0.03,0.93,-0.39,-180.8,-17.7,64.0,0.39,0.38,0.0,0.0,1.0089103032480142,2.4536910971024857,0.011965413986748885,0.25,0,21,0.0
19.04848230100106,1700,819.52,99.9,4.2,-41.2,0.68,2.57,-0.44,0.07,0.91,-0.41,-180.9,-8.2,94.0,0.39,0.08,-0.08,0.0,1.0005498488331304,2.694605722550147,0.0035328603804277714,0.25,0,21,0.0
19.058928479000315,1701,819.53,99.9,4.2,-41.5,1.41,3.15,-0.49,0.12,0.98,-0.41,-181.0,0.8,68.0,0.39,-0.04,-0.06,0.0,1.0690650120549263,3.4857854208198185,0.07060706313017928,0.25,0,21,0.0
19.06854550800017,1702,819.54,100.1,4.2,-41.8,1.91,3.67,-0.4,0.13,1.12,-0.32,-181.0,0.0,11.0,0.39,0.0,0.02,0.0,1.1720494870098277,4.156561078584074,0.1701197073233791,0.25,0,21,0.0
19.07895165700029,1703,819.55,100.3,4.3,-42.2,2.24,4.05,-0.16,0.13,1.22,-0.26,-181.0,0.2,5.0,0.39,0.0,0.02,0.0,1.2541531007018243,4.630950226465407,0.24717885459506816,0.25,0,21,0.0
19.08819756900084,1704,819.56,100.5,4.4,-42.6,2.25,4.16,0.1,0.11,1.27,-0.19,-181.0,0.0,3.0,0.39,0.0,0.05,0.0,1.2888366847665378,4.730549650939096,0.27622518988658595,0.25,1,22,2.5
19.098648926999886,1705,819.57,100.6,4.5,-43.0,1.91,3.85,0.27,0.08,1.27,-0.1,-181.0,0.1,1.0,0.39,0.0,0.02,0.0,1.2764403628842202,4.306216436734225,0.25855229064418306,0.25,0,22,2.5
19.108941131000392,1706,819.58,100.8,4.6,-43.3,1.27,3.38,0.52,0.03,1.29,-0.01,-180.9,18.7,383.0,0.39,-1.73,2.51,2.91,1.290387538687506,3.64797203936653,0.26704947711851945,0.25,0,22,2.5
19.118905843000903,1707,819.59,100.8,4.7,-43.6,0.47,2.97,1.0,-0.05,1.31,0.06,-179.9,135.6,968.0,0.34,-5.26,2.74,2.91,1.3123261789661897,3.1688799283027436,0.283208355049259,0.25,0,22,2.5
19.128456791000644,1708,819.6,100.8,4.9,-43.9,0.28,2.57,1.45,-0.13,1.27,0.14,-177.7,255.0,1052.0,0.27,-8.2,2.66,2.91,1.284289686947614,2.964085019023577,0.2500684257700696,0.25,0,22,2.5
19.139133784001388,1709,819.61,100.9,5.1,-44.1,0.5,2.18,1.66,-0.19,1.21,0.2,-174.4,359.9,1049.0,0.17,-11.06,2.92,2.91,1.2410479442793498,2.7853186532244387,0.20269014943976948,0.25,0,22,2.5
19.148357732001386,1710,819.62,100.9,5.3,-44.2,-0.23,1.7,1.89,-0.18,1.19,0.22,-170.1,459.9,964.0,0.04,-13.51,2.25,2.91,1.2234786471369248,2.5524498036200436,0.18141843525139745,0.25,0,22,2.5
19.1592907510003,1711,819.63,100.8,5.5,-44.3,-1.3,1.11,2.11,-0.12,1.08,0.21,-165.0,546.0,943.0,-0.1,-16.06,2.76,2.91,1.1067520047418031,2.715547826866616,0.0633979569991503,0.25,0,22,2.5
19.16855721400134,1712,819.64,100.6,5.8,-44.4,-1.76,0.41,2.22,0.0,0.96,0.18,-158.8,640.5,860.0,-0.28,-18.28,2.36,2.91,0.9767292357659824,2.862533842594704,0.06529231573713712,0.25,0,22,2.5
19.179132891000336,1713,819.65,100.4,6.0,-44.3,-1.32,-0.01,2.18,0.14,0.88,0.09,-151.9,713.9,792.0,-0.48,-20.34,3.04,2.91,0.8956003573022958,2.5485093682386184,0.1434927703168073,0.25,0,22,2.5
19.188391523000973,1714,819.66,100.4,6.2,-44.3,-0.31,0.16,2.08,0.26,0.87,-0.01,-144.2,794.4,804.0,-0.7,-22.51,2.14,2.91,0.9080748867797193,2.1090519197023103,0.1283978760225961,0.25,0,22,2.5
19.19913725799961,1715,819.67,100.4,6.4,-44.3,0.82,0.73,2.0,0.36,0.9,-0.08,-135.8,856.1,651.0,-0.93,-23.98,2.92,2.91,0.9726253132630263,2.281512656112168,0.06257050054850333,0.25,0,22,2.5
19.208394356999634,1716,819.68,100.5,6.6,-44.4,1.8,1.36,1.83,0.39,0.96,-0.11,-127.0,890.7,422.0,-1.17,-24.62,2.96,2.91,1.0420172743289815,2.904909637148805,0.006685031307102962,0.25,0,22,2.5
19.21927357000095,1717,819.69,100.7,6.8,-44.5,1.97,1.98,1.49,0.37,1.07,-0.15,-118.0,892.8,36.0,-1.42,-24.03,2.56,2.91,1.1420595431062253,3.165659488953289,0.10459275408265989,0.25,0,22,2.5
19.228438031999758,1718,819.7,100.8,7.0,-44.7,1.15,2.48,1.05,0.3,1.15,-0.16,-109.2,882.1,37.0,-1.66,-24.13,2.94,2.91,1.1992080720208649,2.928378390850472,0.15850645733735358,0.25,0,22,2.5
19.239109944999655,1719,819.71,100.9,7.1,-45.0,-0.09,2.7,0.65,0.22,1.21,-0.13,-100.4,877.4,-42.0,-1.89,-23.81,2.94,2.91,1.2366891282775958,2.7785967681547463,0.19206776332220277,0.25,0,22,2.5
19.248267177001253,1720,819.72,100.7,7.2,-45.3,-1.35,2.79,0.49,0.14,1.23,-0.1,-91.7,859.9,-127.0,-2.13,-23.31,2.55,2.91,1.241974234837422,3.1379451875391324,0.19340581248438848,0.25,0,22,2.5
19.25918592600101,1721,819.73,100.5,7.3,-45.5,-1.89,2.86,0.55,0.07,1.16,-0.09,-83.3,837.9,-299.0,-2.35,-22.15,3.15,2.91,1.1655899793666724,3.4719158975989033,0.11468112587336599,0.25,0,22,2.5
19.268404422000458,1722,819.74,100.2,7.4,-45.8,-1.73,2.98,0.65,0.01,1.05,-0.04,-75.2,792.8,-369.0,-2.57,-21.07,3.12,2.91,1.0508092119885513,3.506536752980068,9.764867466000027e-05,0.25,0,22,0.0
19.279148093000913,1723,819.75,100.1,7.5,-46.1,-1.25,2.78,0.65,-0.01,0.98,0.04,-67.5,753.8,-451.0,-2.77,-19.75,2.79,2.91,0.9808669634563089,3.116632798389954,0.06863909926276446,0.25,0,22,0.0
19.288399573000788,1724,819.76,99.9,7.6,-46.3,-0.73,2.07,0.52,0.0,0.96,0.09,-60.4,688.7,-799.0,-2.95,-16.91,0.48,0.0,0.9642095207992918,2.2557038812751995,0.08359061108138599,0.25,0,22,0.0
19.299141043000418,1725,819.77,99.8,7.7,-46.5,-0.88,1.35,0.31,0.07,0.97,0.06,-54.7,507.0,-1554.0,-3.08,-11.53,1.0,0.0,0.9743715923609432,1.6410362579784763,0.07195996872933985,0.25,0,22,0.0
19.308345550000013,1726,819.78,99.7,7.7,-46.6,-1.21,0.86,-0.01,0.14,0.95,0.01,-50.9,329.8,-1651.0,-3.17,-6.92,0.46,0.0,0.9603124491539199,1.4845201244846769,0.08429872969763585,0.25,0,22,0.0
19.31924096900002,1727,819.79,99.5,7.7,-46.7,-1.92,0.73,-0.22,0.15,0.93,0.0,-48.7,174.8,-1517.0,-3.21,-3.05,0.43,0.0,0.942019108086455,2.065841233008965,0.10054022934979867,0.25,0,22,0.0
19.328439719000016,1728,819.8,99.3,7.7,-46.7,-1.88,0.6,-0.4,0.14,0.81,0.0,-47.8,47.3,-1277.0,-3.22,0.0,0.12,0.0,0.8220097323024832,2.013554071784515,0.21613861303109505,0.25,0,22,0.0
19.340353843999765,1729,819.81,99.2,7.7,-46.8,-0.96,0.55,-0.66,0.1,0.74,0.03,-48.0,-32.9,-799.0,-3.21,1.36,0.07,0.0,0.7473285756613351,1.288293444833125,0.2850033742787982,0.25,0,22,0.0
19.348407968000174,1730,819.82,99.1,7.6,-46.8,0.2,0.27,-0.88,0.04,0.75,0.04,-48.5,-61.1,-404.0,-3.19,1.84,-0.18,0.0,0.7521303078589507,0.9419660291114537,0.274597609239559,0.25,0,22,0.0
19.359250302000873,1731,819.83,99.2,7.5,-46.9,1.38,-0.14,-1.03,-0.01,0.77,0.04,-49.2,-70.4,-167.0,-3.17,1.93,-0.16,0.0,0.7711031059462801,1.7276863141207086,0.250512314929185,0.25,0,22,0.0
19.36844454200036,1732,819.84,99.4,7.4,-46.8,2.34,-0.72,-1.15,-0.05,0.83,0.02,-49.9,-68.1,-32.0,-3.15,1.81,-0.23,0.0,0.831745153277132,2.7049029557453625,0.18607286224636632,0.25,0,22,0.0
19.37906702300097,1733,819.85,99.7,7.3,-46.8,2.24,-1.22,-1.16,-0.09,0.91,-0.02,-50.6,-66.7,-14.0,-3.13,1.83,0.02,0.0,0.91465840618233,2.8020706629205483,0.10109641715434514,0.25,0,22,0.0
19.388413388000117,1734,819.86,99.9,7.1,-46.6,1.49,-1.69,-1.13,-0.11,0.94,-0.07,-51.2,-67.0,-5.0,-3.12,1.83,-0.34,0.0,0.9489994731294639,2.520535657355396,0.06542024320306694,0.25,0,22,0.0
19.39890671000103,1735,819.87,100.0,7.0,-46.5,0.46,-2.03,-1.05,-0.1,0.96,-0.12,-51.9,-64.9,16.0,-3.1,1.73,-0.09,0.0,0.9726253132630263,2.331308645374953,0.04095851500811443,0.25,0,22,0.0
19.408393151999917,1736,819.88,100.0,6.8,-46.3,-0.58,-2.3,-0.92,-0.07,0.95,-0.14,-52.5,-61.4,26.0,-3.08,1.64,0.0,0.0,0.9628083921528727,2.5441698056537025,0.049759927395902626,0.25,0,22,0.0
19.41897855500065,1737,819.89,99.9,6.7,-46.0,-1.34,-2.49,-0.75,-0.03,0.92,-0.15,-53.1,-61.3,-3.0,-3.06,1.7,0.05,0.0,0.9326306878931231,2.9254401378254182,0.07833887902253911,0.25,0,22,0.0
19.42840646700097,1738,819.9,99.8,6.6,-45.8,-1.77,-2.54,-0.6,0.0,0.88,-0.15,-53.8,-66.2,-36.0,-3.05,1.86,0.0,0.0,0.8926925562588723,3.153490129998824,0.11591147044365413,0.25,0,22,0.0
19.43896945600136,1739,819.91,99.6,6.4,-45.6,-1.85,-2.46,-0.49,0.03,0.86,-0.15,-54.5,-72.7,-58.0,-3.03,2.05,0.0,0.0,0.8734987120768982,3.1167611393881307,0.1324032083331157,0.25,0,22,0.0
19.44837442700009,1740,819.92,99.5,6.3,-45.3,-1.75,-2.32,-0.36,0.05,0.85,-0.15,-55.3,-80.1,-79.0,-3.0,2.31,0.1,0.0,0.864580823289529,2.9282247181526215,0.13849467517807523,0.25,0,22,0.0
19.45921680200081,1741,819.93,99.3,6.2,-45.1,-1.6,-2.15,-0.27,0.06,0.84,-0.15,-56.2,-96.2,-158.0,-2.98,2.89,0.09,0.0,0.8553946457629951,2.6935849717430487,0.14472723565051693,0.25,0,22,0.0
19.46834116500031,1742,819.94,99.2,6.1,-44.9,-1.44,-1.99,-0.2,0.07,0.84,-0.16,-57.3,-121.0,-229.0,-2.94,3.62,0.17,0.0,0.8579627031520658,2.4644877763949244,0.13931599469621725,0.25,0,22,0.0
19.4791856009997,1743,819.95,99.1,6.1,-44.7,-1.38,-1.8,-0.11,0.07,0.85,-0.17,-58.7,-150.3,-289.0,-2.9,4.5,0.1,0.0,0.8696551040498756,2.2707928130941406,0.1250711219224393,0.25,0,22,0.0
19.48837317499965,1744,819.96,99.0,6.0,-44.6,-1.22,-1.61,-0.02,0.06,0.87,-0.18,-60.5,-186.3,-342.0,-2.85,5.53,0.11,0.0,0.8904493247793498,2.020123758585102,0.10219136316910571,0.25,0,22,0.0
19.49901325800056,1745,819.97,99.0,6.0,-44.4,-1.1,-1.4,0.08,0.06,0.89,-0.17,-62.6,-224.3,-363.0,-2.79,6.54,-0.04,0.0,0.9080748867797194,1.7822457742971367,0.08287448514536144,0.25,0,22,0.0
19.508307850001074,1746,819.98,98.9,6.0,-44.3,-1.0,-1.29,0.21,0.06,0.9,-0.15,-65.1,-262.5,-380.0,-2.71,7.61,0.29,0.0,0.9143850392476902,1.6456609614376834,0.07503304602384275,0.25,0,22,0.0
19.51919822000127,1747,819.99,98.8,6.0,-44.1,-0.85,-1.19,0.34,0.07,0.91,-0.17,-68.0,-303.3,-412.0,-2.63,8.78,0.14,0.0,0.9283856957105706,1.5013993472757339,0.05981174176974313,0.25,0,22,0.0
19.528573704001246,1748,820.0,98.8,6.0,-44.1,-0.85,-1.19,0.34,0.07,0.91,-0.17,-69.8,-326.4,-474.0,-2.53,9.76,-0.47,0.0,0.9283856957105706,1.5013993472757339,0.05861550693434825,0.25,0,22,0.0
19.539188374999867,1749,820.01,98.8,6.0,-43.9,-0.38,-0.91,0.69,0.09,0.9,-0.19,-75.0,-372.6,-383.0,-2.43,10.45,0.02,0.0,0.9242294087508793,1.203577999134248,0.061516358016158734,0.25,0,22,0.0
19.548497832000066,1750,820.02,98.8,6.1,-43.8,0.0,-0.93,0.76,0.1,0.87,-0.18,-78.9,-398.6,-302.0,-2.32,11.14,0.01,0.0,0.8940357934669059,1.2010412149464313,0.08987577383412959,0.25,0,22,0.0
19.559084354999868,1751,820.03,98.9,6.2,-43.7,0.38,-1.04,0.76,0.11,0.86,-0.19,-83.0,-420.7,-236.0,-2.21,11.68,-0.08,0.0,0.8875809822207774,1.3429817571359637,0.09440397337865292,0.25,0,22,0.0
19.56852163000076,1752,820.04,99.0,6.2,-43.6,0.67,-1.24,0.73,0.12,0.87,-0.19,-87.4,-441.9,-214.0,-2.09,12.23,0.24,0.0,0.8985543945694106,1.5872617931519677,0.08176194980941942,0.25,0,22,0.0
19.579028111000298,1753,820.05,99.1,6.3,-43.4,1.08,-1.44,0.6,0.12,0.87,-0.19,-91.9,-450.2,-77.0,-1.96,12.21,0.23,0.0,0.8985543945694106,1.8973665961010275,0.08012671081323108,0.25,0,22,0.0
19.58852290499999,1754,820.06,99.3,6.4,-43.2,1.36,-1.72,0.48,0.12,0.89,-0.21,-96.4,-453.0,-73.0,-1.84,12.42,0.03,0.0,0.9222797840135064,2.244638055455712,0.05527329494175248,0.25,0,22,0.0
19.599066185999618,1755,820.07,99.5,6.4,-43.0,1.45,-1.98,0.34,0.11,0.93,-0.22,-100.9,-453.8,13.0,-1.72,12.22,-0.06,0.0,0.9619771307052991,2.47759964481754,0.015264429284960634,0.25,0,22,0.0
19.608519632000025,1756,820.08,99.7,6.4,-42.8,1.51,-2.11,0.13,0.1,0.95,-0.27,-105.4,-446.7,31.0,-1.6,12.12,0.0,0.0,0.9926731586982696,2.5979030004986714,0.015122966733849608,0.25,0,22,0.0
19.618972999000107,1757,820.09,99.9,6.3,-42.6,1.4,-2.19,-0.08,0.09,0.97,-0.31,-109.8,-437.5,118.0,-1.48,11.65,-0.25,0.0,1.02230132544177,2.600480724789169,0.04385611080780316,0.25,0,22,0.0
19.628295942000477,1758,820.1,100.1,6.3,-42.4,1.2,-2.26,-0.2,0.1,1.0,-0.35,-114.1,-418.0,154.0,-1.36,11.16,-0.1,0.0,1.0641898326896382,2.566632034398386,0.0840297256945578,0.25,0,22,0.0
19.639116995000222,1759,820.11,100.2,6.2,-42.2,1.0,-2.18,-0.24,0.11,1.0,-0.39,-118.1,-399.7,184.0,-1.26,10.61,-0.12,0.0,1.0789810007595129,2.4103941586387903,0.0968444758891438,0.25,0,22,0.0
19.648516150000432,1760,820.12,100.3,6.1,-42.0,0.99,-2.09,-0.29,0.11,0.97,-0.4,-122.0,-379.2,192.0,-1.15,10.07,0.01,0.0,1.0549881515922348,2.330729499534427,0.07139459418742844,0.25,0,22,0.0
19.659029600001304,1761,820.13,100.5,6.1,-41.8,1.15,-1.9,-0.36,0.11,0.96,-0.42,-125.6,-358.7,221.0,-1.06,9.42,0.08,0.0,1.053612832116238,2.2499111093552115,0.06861888921720294,0.25,0,22,0.0
19.668419130000984,1762,820.14,100.6,6.0,-41.6,1.38,-1.69,-0.41,0.09,0.96,-0.41,-129.0,-327.6,298.0,-0.97,8.49,0.0,0.0,1.0477595143924965,2.2200450445880597,0.06151026006359228,0.25,0,22,0.0
19.67918674900102,1763,820.15,100.8,5.9,-41.4,1.6,-1.62,-0.46,0.09,0.96,-0.38,-132.1,-296.0,290.0,-0.89,7.72,-0.08,0.0,1.0363879582472966,2.322929185317538,0.04913592984002457,0.25,0,22,0.0
19.688478231000772,1764,820.16,101.0,5.8,-41.3,2.13,-1.66,-0.58,0.08,0.96,-0.4,-134.8,-267.1,306.0,-0.82,6.85,-0.04,0.0,1.043072384832424,2.762046342840757,0.0547039492966489,0.25,0,22,0.0
19.699097193000853,1765,820.17,101.3,5.7,-41.1,2.83,-1.68,-0.72,0.08,1.0,-0.38,-137.3,-233.3,331.0,-0.76,5.91,-0.09,0.0,1.0727534665523109,3.368931581377099,0.08269733039620508,0.25,0,22,0.0
19.708501328999773,1766,820.18,101.6,5.6,-41.0,3.04,-1.79,-0.74,0.09,1.12,-0.36,-139.4,-198.7,339.0,-0.7,4.98,-0.1,0.0,1.1798728745080973,3.60462203289055,0.18602040358495175,0.25,0,22,0.0
19.719049938999888,1767,820.19,101.9,5.5,-40.8,2.61,-1.67,-0.62,0.12,1.2,-0.32,-141.1,-165.2,333.0,-0.66,4.08,-0.14,0.0,1.2477179168385777,3.1599683542719217,0.24878813699712354,0.25,0,22,0.0
19.732493884001087,1768,820.2,102.2,5.4,-40.7,2.08,-1.44,-0.56,0.15,1.23,-0.24,-142.5,-132.1,330.0,-0.63,3.18,-0.23,0.0,1.2621410380777578,2.591061558512264,0.2579470330715776,0.25,0,23,0.0
19.740563408000526,1769,820.21,102.3,5.4,-40.6,1.28,-1.29,-0.65,0.19,1.23,-0.15,-143.6,-99.9,324.0,-0.6,2.32,-0.14,0.0,1.253594830876388,1.9300259065618783,0.24441280935280374,0.25,0,23,0.0
