host_time_s,seq,device_time_s,roll,pitch,yaw,gyro_x,gyro_y,gyro_z,accel_x,accel_y,accel_z,belt_length,belt_velocity,belt_acceleration,motor_pos,motor_vel,motor_iq_meas,motor_iq_set,acc_mag,gyro_mag,acc_residual,threshold,heel_strike,hs_count,torque_cmd_nm
3.071781533999456,1,4946.28,-96.2,-1.7,-104.2,-0.03,0.08,0.0,-0.03,-0.99,-0.11,-207.3,0.0,0.0,1.11,0.0,-0.03,0.0,0.9965440281292142,0.08544003745317531,0.0,0.28,0,0,0.0
3.079832284999611,2,4946.29,-96.2,-1.7,-104.2,-0.02,0.1,-0.01,-0.03,-0.99,-0.12,-207.3,-0.1,1.0,1.11,0.0,0.02,0.0,0.9976973488989535,0.10246950765959599,0.001130254354344551,0.28,0,0,0.0
3.091661798000132,3,4946.3,-96.2,-1.7,-104.2,0.0,0.11,0.0,-0.03,-0.99,-0.12,-207.3,0.1,2.0,1.11,0.0,0.0,0.0,0.9976973488989535,0.11,0.0011076492672577043,0.28,0,0,0.0
3.099745769999572,4,4946.31,-96.2,-1.7,-104.2,0.01,0.11,0.0,-0.03,-0.98,-0.12,-207.3,0.0,0.0,1.11,0.0,0.01,0.0,0.9877752780870758,0.11045361017187261,0.00863813311372763,0.28,0,0,0.0
3.1078046819993688,5,4946.32,-96.3,-1.7,-104.2,0.0,0.11,0.0,-0.03,-0.97,-0.12,-207.3,0.1,0.0,1.11,0.0,0.0,0.0,0.9778547949465708,0.11,0.01818744392914795,0.28,0,0,0.0
3.115833179999754,6,4946.33,-96.3,-1.7,-104.2,-0.03,0.11,0.0,-0.03,-0.97,-0.12,-207.3,-0.3,0.0,1.11,0.0,0.09,0.0,0.9778547949465708,0.11401754250991379,0.017823695050565025,0.28,0,0,0.0
3.127756686999419,7,4946.34,-96.3,-1.7,-104.2,-0.08,0.11,0.01,-0.03,-0.98,-0.12,-207.3,0.0,4.0,1.11,0.0,0.0,0.0,0.9877752780870758,0.13638181696985854,0.007745147671858854,0.28,0,0,0.0
3.135651568999492,8,4946.35,-96.3,-1.7,-104.2,-0.07,0.12,0.02,-0.03,-0.98,-0.12,-207.3,-0.3,1.0,1.11,0.0,-0.06,0.0,0.9877752780870758,0.14035668847618202,0.007590244718421624,0.28,0,0,0.0
3.1476129699995,9,4946.36,-96.3,-1.7,-104.1,-0.06,0.11,0.03,-0.03,-0.98,-0.12,-207.3,0.0,0.0,1.11,0.0,0.01,0.0,0.9877752780870758,0.12884098726725127,0.0074384398240532335,0.28,0,0,0.0
3.1557571180001105,10,4946.37,-96.3,-1.7,-104.1,-0.05,0.12,0.04,-0.03,-0.98,-0.12,-207.3,0.0,-1.0,1.11,0.01,-0.06,0.0,0.9877752780870758,0.13601470508735444,0.007289671027572164,0.28,0,0,0.0
3.1677457089999734,11,4946.38,-96.3,-1.7,-104.1,-0.07,0.15,0.04,-0.03,-0.98,-0.13,-207.3,0.0,0.0,1.11,0.0,0.0,0.0,0.9890399385262457,0.17029386365926402,0.005904510376634198,0.28,0,0,0.0
3.179717127999538,12,4946.39,-96.4,-1.7,-104.1,-0.09,0.18,0.03,-0.03,-0.98,-0.13,-207.3,-0.2,-1.0,1.11,0.0,0.02,0.0,0.9890399385262457,0.20346989949375802,0.005786420169101469,0.28,0,0,0.0
3.1876963599997907,13,4946.4,-96.4,-1.7,-104.1,-0.08,0.22,0.03,-0.03,-0.99,-0.12,-207.4,0.0,0.0,1.11,0.0,0.05,0.0,0.9976973488989535,0.23600847442411893,0.0028135703995341155,0.28,0,0,0.0
3.1958429429996613,14,4946.41,-96.4,-1.7,-104.1,-0.07,0.23,0.03,-0.03,-0.99,-0.12,-207.4,0.0,2.0,1.11,0.0,0.0,0.0,0.9976973488989535,0.24228082879171436,0.002757298991543422,0.28,0,0,0.0
3.207397540999409,15,4946.42,-96.4,-1.7,-104.0,-0.06,0.24,0.01,-0.03,-0.99,-0.12,-207.4,-0.2,0.0,1.11,0.0,0.02,0.0,0.9976973488989535,0.24758836806279894,0.0027021530117125048,0.28,0,0,0.0
3.2155891610000253,16,4946.43,-96.4,-1.7,-104.0,-0.07,0.25,0.0,-0.03,-0.98,-0.12,-207.4,0.1,1.0,1.11,0.0,0.01,0.0,0.9877752780870758,0.2596150997149434,0.0070755194441618485,0.28,0,0,0.0
3.227397865999592,17,4946.44,-96.5,-1.7,-104.0,-0.09,0.26,0.0,-0.03,-0.98,-0.12,-207.4,0.0,0.0,1.11,0.0,0.01,0.0,0.9877752780870758,0.2751363298439521,0.006934009055278634,0.28,0,0,0.0
3.235819908999474,18,4946.45,-96.5,-1.7,-104.0,-0.08,0.27,0.0,-0.03,-0.99,-0.12,-207.4,-0.2,-3.0,1.11,0.0,-0.01,0.0,0.9976973488989535,0.2816025568065745,0.0029283005214670865,0.28,0,0,0.0
3.247902442999475,19,4946.46,-96.5,-1.7,-103.9,-0.07,0.28,0.0,-0.03,-0.99,-0.12,-207.4,-0.1,-2.0,1.11,0.0,-0.02,0.0,0.9976973488989535,0.28861739379323625,0.0028697345110377803,0.28,0,0,0.0
3.255834206000145,20,4946.47,-96.5,-1.7,-103.9,-0.06,0.27,-0.02,-0.04,-0.98,-0.12,-207.4,0.0,1.0,1.11,0.0,0.08,0.0,0.98812954616285,0.277308492477241,0.0065641068605644115,0.28,0,0,0.0
3.2676718709999477,21,4946.48,-96.5,-1.7,-103.9,-0.06,0.26,-0.03,-0.04,-0.99,-0.12,-207.4,-0.5,-1.0,1.11,0.01,-0.06,0.0,0.9980480950335009,0.26851443164195105,0.0032873531698848213,0.28,0,0,0.0
3.2757853129996874,22,4946.49,-96.5,-1.7,-103.8,-0.06,0.26,-0.05,-0.04,-0.99,-0.12,-207.4,-0.2,3.0,1.11,0.0,0.0,0.0,0.9980480950335009,0.2714774392099646,0.0032216061064871404,0.28,0,0,0.0
3.2877335699995456,23,4946.5,-96.5,-1.7,-103.8,-0.06,0.23,-0.08,-0.04,-0.99,-0.12,-207.4,0.0,-1.0,1.11,0.0,-0.06,0.0,0.9980480950335009,0.25079872407968906,0.003157173984357442,0.28,0,0,0.0
3.2997461889999613,24,4946.51,-96.5,-1.7,-103.8,-0.05,0.21,-0.11,-0.04,-0.99,-0.12,-207.4,0.1,1.0,1.11,0.0,0.06,0.0,0.9980480950335009,0.24228082879171434,0.0030940305046702754,0.28,0,0,0.0
3.3077027479994285,25,4946.52,-96.6,-1.7,-103.8,-0.03,0.19,-0.12,-0.04,-0.99,-0.12,-207.4,0.0,0.0,1.11,0.0,0.01,0.0,0.9980480950335009,0.22671568097509268,0.0030321498945768965,0.28,0,0,0.0
3.3156559809995088,26,4946.53,-96.6,-1.7,-103.8,-0.03,0.15,-0.12,-0.04,-0.99,-0.11,-207.4,0.0,0.0,1.11,0.0,0.12,0.0,0.9968951800465282,0.1944222209522358,0.0018416502094521503,0.28,0,0,0.0
3.327629531999264,27,4946.54,-96.6,-1.7,-103.7,0.0,0.08,-0.11,-0.03,-0.99,-0.11,-207.4,0.1,-1.0,1.11,0.0,0.04,0.0,0.9965440281292142,0.13601470508735444,0.0014606883262953119,0.28,0,0,0.0
3.3357771749997482,28,4946.55,-96.6,-1.7,-103.7,0.02,0.03,-0.07,-0.04,-0.99,-0.11,-207.4,-0.1,0.0,1.11,0.0,0.01,0.0,0.9968951800465282,0.07874007874011811,0.0017756034387371722,0.28,0,0,0.0
3.3475799239995467,29,4946.56,-96.6,-1.7,-103.7,0.05,0.0,-0.04,-0.04,-0.98,-0.12,-207.4,0.0,3.0,1.11,0.0,0.01,0.0,0.98812954616285,0.06403124237432849,0.006850229836042221,0.28,0,0,0.0
3.355708575999415,30,4946.57,-96.6,-1.7,-103.7,0.03,-0.05,-0.01,-0.04,-0.97,-0.12,-207.4,0.1,-1.0,1.11,0.0,0.16,0.0,0.9782126558167197,0.05916079783099616,0.01643177777852911,0.28,0,0,0.0
3.3675830319998568,31,4946.58,-96.6,-1.7,-103.8,0.0,-0.12,0.01,-0.04,-0.97,-0.12,-207.4,0.0,2.0,1.11,0.0,0.08,0.0,0.9782126558167197,0.12041594578792295,0.0161031422229585,0.28,0,0,0.0
3.3756607229997826,32,4946.59,-96.6,-1.7,-103.8,-0.05,-0.18,0.04,-0.04,-0.97,-0.12,-207.4,0.0,0.0,1.11,0.0,0.03,0.0,0.9782126558167197,0.191049731745428,0.015781079378499374,0.28,0,0,0.0
3.3878043929998967,33,4946.6,-96.6,-1.7,-103.8,-0.08,-0.2,0.07,-0.03,-0.97,-0.13,-207.4,-0.2,0.0,1.11,0.0,-0.13,0.0,0.9791322688993556,0.22649503305812252,0.014564236969946243,0.28,0,0,0.0
3.3997760299998845,34,4946.61,-96.6,-1.7,-103.8,-0.1,-0.2,0.08,-0.03,-0.98,-0.13,-207.4,0.0,0.0,1.11,0.0,-0.02,0.0,0.9890399385262457,0.23748684174075838,0.004563435996194909,0.28,0,0,0.0
3.407671826999831,35,4946.62,-96.6,-1.7,-103.8,-0.14,-0.16,0.07,-0.03,-0.98,-0.14,-207.4,-0.2,0.0,1.11,0.0,-0.11,0.0,0.9904039579888602,0.22383029285599393,0.0031354282029089076,0.28,0,0,0.0
3.419728211999427,36,4946.63,-96.7,-1.8,-103.8,-0.25,-0.14,0.05,-0.03,-0.99,-0.13,-207.4,0.0,0.0,1.11,0.0,-0.04,0.0,0.9989494481704267,0.2908607914449798,0.005301860739084563,0.28,0,0,0.0
3.4277061349994256,37,4946.64,-96.7,-1.8,-103.9,-0.39,-0.14,0.02,-0.02,-1.0,-0.13,-207.4,0.1,-2.0,1.11,0.01,-0.05,0.0,1.008612908900139,0.41484937025383084,0.014666015039420888,0.28,0,0,0.0
3.4357144319992585,38,4946.65,-96.8,-1.8,-103.9,-0.45,-0.16,0.0,-0.02,-1.03,-0.13,-207.4,-0.9,-4.0,1.11,0.01,-0.01,0.0,1.0383640979926068,0.47759815745038214,0.04352886004925083,0.28,0,0,0.0
3.4475506009994206,39,4946.66,-96.8,-1.8,-103.9,-0.41,-0.13,0.01,-0.02,-1.06,-0.13,-207.4,-0.8,-4.0,1.11,0.02,0.0,0.0,1.068129205667554,0.430232495285979,0.0718280883697141,0.28,0,0,0.0
3.4555824009994467,40,4946.67,-96.8,-1.8,-103.9,-0.36,-0.07,0.05,-0.01,-1.1,-0.11,-207.4,-1.3,-7.0,1.11,0.04,0.04,0.0,1.105531546361297,0.37013511046643494,0.10704582048218791,0.28,0,0,0.0
3.467588961999354,41,4946.68,-96.9,-1.8,-103.9,-0.25,-0.02,0.08,-0.01,-1.12,-0.09,-207.4,-1.8,-5.0,1.11,0.06,0.0,0.0,1.123654751247019,0.26324893162176366,0.12266564486055187,0.28,0,0,0.0
3.47565662299985,42,4946.69,-96.9,-1.7,-103.9,-0.15,0.02,0.11,0.0,-1.15,-0.08,-207.4,-2.8,-9.0,1.11,0.09,-0.02,0.0,1.1527792503337313,0.18708286933869708,0.14875434106831897,0.28,0,0,0.0
3.4878825870000583,43,4946.7,-96.8,-1.7,-103.9,-0.13,0.07,0.18,0.0,-1.16,-0.07,-207.5,-4.2,-14.0,1.11,0.15,-0.15,0.0,1.1621101496846156,0.23280893453645632,0.15492353561081917,0.28,0,0,0.0
3.495853589000035,44,4946.71,-96.8,-1.7,-103.9,-0.02,0.11,0.3,0.01,-1.17,-0.06,-207.5,-7.4,-29.0,1.12,0.25,0.0,0.0,1.1715801295686095,0.32015621187164245,0.16110564518491688,0.28,0,0,0.0
3.5076158459996805,45,4946.72,-96.8,-1.8,-103.9,0.24,0.15,0.4,0.01,-1.18,-0.05,-207.6,-10.8,-33.0,1.12,0.37,-0.07,0.0,1.1811011811017715,0.49000000000000005,0.16721416278371737,0.28,0,0,0.0
3.515752694999719,46,4946.73,-96.7,-1.8,-103.8,0.56,0.22,0.48,0.01,-1.16,-0.05,-207.8,-16.4,-50.0,1.12,0.51,-0.09,0.0,1.1611201488218177,0.7696752561957543,0.1442884678936882,0.28,0,0,0.0
3.527690228999745,47,4946.74,-96.6,-1.8,-103.8,0.88,0.29,0.55,0.0,-1.12,-0.04,-208.0,-21.9,-57.0,1.13,0.68,0.14,0.0,1.120714058089752,1.0774970997640783,0.10180472961839016,0.28,0,0,0.0
3.535591647999354,48,4946.75,-96.4,-1.8,-103.8,1.09,0.32,0.54,0.0,-1.07,-0.04,-208.2,-28.2,-65.0,1.14,0.87,0.04,0.0,1.0707474025184465,1.257815566766448,0.05080131256614284,0.28,0,0,0.0
3.547653232999437,49,4946.76,-96.3,-1.9,-103.7,1.22,0.35,0.5,-0.01,-1.02,-0.03,-208.6,-33.3,-39.0,1.15,0.93,0.01,0.0,1.0204900783447137,1.364148085803004,0.0005331086245619066,0.28,0,0,0.0
3.55573503100004,50,4946.77,-96.1,-1.9,-103.7,1.37,0.39,0.41,-0.02,-1.0,-0.03,-208.9,-36.2,-31.0,1.16,1.01,-0.22,0.0,1.000649788887201,1.4822617852457778,0.01892103721629179,0.28,0,0,0.0
3.5676220199993622,51,4946.78,-95.9,-1.9,-103.7,1.49,0.41,0.27,-0.04,-0.97,-0.02,-209.3,-38.1,-16.0,1.17,1.02,-0.21,0.0,0.9710303805751909,1.5687893421361583,0.047569636617735944,0.28,0,0,0.0
3.575639519000106,52,4946.79,-95.7,-2.0,-103.6,1.58,0.42,0.13,-0.06,-0.94,-0.02,-209.7,-36.4,12.0,1.18,0.94,0.0,0.0,0.9421252570651102,1.6400304875214975,0.07494526492526021,0.28,0,0,0.0
3.5877367160001086,53,4946.8,-95.5,-2.0,-103.6,1.65,0.41,-0.05,-0.06,-0.93,-0.01,-210.0,-32.0,41.0,1.19,0.74,-0.07,0.0,0.9319871243745806,1.7009115203325538,0.0833817296634739,0.28,0,0,0.0
3.595737249999729,54,4946.81,-95.3,-2.0,-103.5,1.71,0.37,-0.28,-0.07,-0.91,0.0,-210.3,-25.3,56.0,1.19,0.61,-0.37,0.0,0.9126883367283709,1.7718352067841974,0.10062690696348997,0.28,0,0,0.0
3.6076114399993457,55,4946.82,-95.1,-1.9,-103.5,1.79,0.26,-0.48,-0.07,-0.87,0.01,-210.5,-20.5,58.0,1.2,0.44,0.0,0.0,0.8728688332160796,1.8713898578329422,0.1376374822662657,0.28,0,0,0.0
3.615668898999502,56,4946.83,-94.9,-1.9,-103.5,1.83,0.11,-0.61,-0.06,-0.83,0.01,-210.7,-11.2,93.0,1.2,0.15,-0.07,0.0,0.8322259308625273,1.932123184478671,0.17471477692742154,0.28,0,0,0.0
3.6275749440001164,57,4946.84,-94.7,-1.8,-103.5,1.78,-0.03,-0.66,-0.04,-0.79,0.01,-210.7,0.0,98.0,1.2,-0.09,0.0,0.0,0.7910752176626443,1.898657420389471,0.2115481803247583,0.28,0,0,0.0
3.635604017999867,58,4946.85,-94.5,-1.8,-103.5,1.72,-0.14,-0.65,-0.03,-0.77,0.0,-210.7,3.2,32.0,1.2,-0.07,0.17,0.0,0.7705841939723393,1.8440444680104653,0.22739841993476206,0.28,0,0,0.0
3.647660982999696,59,4946.86,-94.3,-1.7,-103.5,1.68,-0.23,-0.67,-0.02,-0.75,0.0,-210.6,0.6,-12.0,1.2,0.03,-0.08,0.0,0.7502666192761077,1.8232388762858256,0.24276167473837384,0.28,0,0,0.0
3.6557728069992663,60,4946.87,-94.0,-1.6,-103.6,1.73,-0.34,-0.66,-0.01,-0.71,0.0,-210.6,0.6,11.0,1.2,-0.03,-0.15,0.0,0.7100704190430692,1.8825780196315902,0.2772987174719841,0.28,0,0,0.0
3.6676450909999403,61,4946.88,-93.8,-1.6,-103.6,1.88,-0.51,-0.61,-0.01,-0.66,0.0,-210.6,2.1,11.0,1.2,-0.09,0.16,0.0,0.66007575322837,2.041225122322376,0.3207475156209497,0.28,1,1,3.0
3.6756862510001156,62,4946.89,-93.6,-1.5,-103.7,2.09,-0.67,-0.54,0.0,-0.61,0.0,-210.6,3.9,21.0,1.2,-0.19,0.33,0.0,0.61,2.260221228110204,0.36340680347233334,0.28,0,1,3.0
3.687730311999985,63,4946.9,-93.3,-1.5,-103.8,2.32,-0.75,-0.44,0.0,-0.57,-0.02,-210.5,20.7,341.0,1.19,-2.25,2.57,3.49,0.5703507692639679,2.47759964481754,0.39499491352419813,0.28,0,1,3.0
3.695600784999442,64,4946.91,-93.1,-1.4,-103.8,2.54,-0.79,-0.32,-0.01,-0.52,-0.03,-209.5,157.4,1190.0,1.13,-7.25,3.06,3.49,0.5209606511052443,2.679197641085853,0.43549733104926336,0.28,0,1,3.0
3.7076675769994836,65,4946.92,-92.9,-1.4,-103.9,1.72,-0.65,-0.16,0.0,-0.61,-0.05,-206.7,322.4,1331.0,1.04,-10.41,3.01,3.49,0.6120457499239742,1.8456706098326428,0.3375239875859227,0.28,0,1,3.0
3.715744729999642,66,4946.93,-92.8,-1.4,-104.0,0.34,-0.47,-0.07,0.0,-0.83,-0.07,-202.6,427.4,1068.0,0.92,-12.66,3.4,3.49,0.8329465769183519,0.5842944463196617,0.11429069737971409,0.28,0,1,3.0
3.7276258920001055,67,4946.94,-92.9,-1.3,-104.0,-1.69,-0.11,-0.28,0.0,-1.27,-0.1,-197.9,491.3,655.0,0.77,-13.78,3.18,3.49,1.2739309243440164,1.7165663401103959,0.3201597770450314,0.28,0,1,3.0
3.7357569890000377,68,4946.95,-93.2,-1.3,-104.0,-3.27,0.41,-0.86,-0.04,-1.8,-0.22,-192.8,505.4,215.0,0.63,-13.5,3.27,3.49,1.8138357147217055,3.4059653550792324,0.842863276074266,0.28,0,1,3.0
3.747666171999299,69,4946.96,-93.5,-1.1,-103.9,-2.2,0.87,-1.29,-0.05,-2.12,-0.24,-187.8,478.8,-209.0,0.51,-12.08,4.07,3.49,2.1341274563624357,2.6946242780766303,1.1398919173606963,0.28,0,1,3.0
3.755787973999759,70,4946.97,-93.5,-1.0,-103.8,1.94,0.76,-0.98,-0.06,-1.95,-0.13,-183.6,407.4,-647.0,0.4,-9.42,4.13,3.49,1.9552493447128425,2.3025203582161873,0.9417935295968811,0.28,0,1,3.0
3.7676731689998633,71,4946.98,-93.1,-0.9,-103.8,5.78,0.31,-0.47,0.03,-1.49,-0.06,-180.3,288.6,-1112.0,0.34,-5.63,4.06,3.49,1.4915093026863762,5.807357402468011,0.4684924178190064,0.28,0,1,3.0
3.7756998989998465,72,4946.99,-92.5,-0.9,-103.8,6.58,0.0,0.06,0.07,-0.97,-0.13,-178.4,143.3,-1343.0,0.31,-1.75,3.97,3.49,0.981172767661231,6.58027355054484,0.04100723486201607,0.28,0,1,3.0
3.7877569189995484,73,4947.0,-91.9,-0.9,-103.8,4.92,0.0,0.72,0.0,-0.76,-0.17,-177.8,15.5,-1143.0,0.31,0.57,3.47,3.49,0.7787810988975015,4.972403845224159,0.23853092555323063,0.28,0,1,3.0
3.795841375999771,74,4947.01,-91.6,-1.0,-103.8,2.32,-0.26,0.96,-0.08,-0.76,-0.1,-178.0,-16.6,-635.0,0.31,0.41,3.52,3.49,0.7707139547199077,2.5242028444639706,0.24166610833620805,0.28,0,1,3.0
3.8076518119996763,75,4947.02,-91.5,-1.1,-103.8,0.37,-0.48,0.83,-0.05,-0.87,-0.1,-178.2,-9.8,-166.0,0.32,0.19,3.29,3.49,0.8771544903835355,1.0277159140540737,0.13252106121912854,0.28,0,1,3.0
3.815655925000101,76,4947.03,-91.5,-1.2,-103.9,-0.35,-0.44,0.67,-0.03,-1.03,-0.09,-178.2,-4.1,-20.0,0.32,0.03,3.36,3.49,1.0343597053249898,0.8746427842267951,0.02419047064787927,0.28,0,1,3.0
3.8277073409999502,77,4947.04,-91.6,-1.3,-103.9,0.08,-0.2,0.58,-0.05,-1.14,-0.1,-178.2,0.0,2.0,0.32,0.0,3.37,3.49,1.145469336123844,0.6187083319303207,0.13259409941779876,0.28,0,1,3.0
3.8357156149995717,78,4947.05,-91.5,-1.4,-103.9,1.52,0.08,0.47,-0.07,-1.15,-0.06,-178.2,0.0,2.0,0.32,0.0,3.41,3.49,1.1536897329871665,1.5930160074525304,0.13799820635549898,0.28,0,1,3.0
3.8476657169994724,79,4947.06,-91.3,-1.4,-103.9,2.75,0.08,0.47,-0.08,-0.99,-0.02,-178.2,0.0,1.0,0.32,0.0,3.62,3.49,0.9934284070832683,2.7910213184424086,0.02181785715743112,0.28,0,1,0.0
3.8557231380000303,80,4947.07,-91.0,-1.5,-103.9,3.04,0.0,0.47,-0.06,-0.86,0.01,-178.2,0.0,0.0,0.32,0.0,3.4,3.49,0.8621484790916237,3.076117683054405,0.15003582944609406,0.28,0,1,0.0
3.8676811669993185,81,4947.08,-90.7,-1.6,-103.9,2.75,-0.13,0.33,-0.04,-0.76,0.01,-178.3,-14.8,-327.0,0.32,1.46,0.48,0.0,0.7611175993235211,2.7727783899908047,0.24604537502991275,0.28,0,1,0.0
3.875662855999508,82,4947.09,-90.4,-1.6,-103.9,1.83,-0.16,0.04,-0.08,-0.74,0.01,-179.1,-112.4,-758.0,0.36,4.14,0.2,0.0,0.7443789357578571,1.8374166647769363,0.25752835782366523,0.28,0,1,0.0
3.8878403329999855,83,4947.1,-90.3,-1.6,-103.9,0.55,-0.42,-0.32,-0.15,-0.75,0.04,-180.7,-184.3,-628.0,0.41,5.58,0.04,0.0,0.7658981655546643,0.7624303246854758,0.23128894546632084,0.28,0,1,0.0
3.895653339999626,84,4947.11,-90.3,-1.6,-104.0,-0.3,-0.5,-0.56,-0.12,-0.77,0.01,-182.8,-220.1,-385.0,0.47,6.23,0.23,0.0,0.7793587107359485,0.8084553172563095,0.21347183227933586,0.28,0,1,0.0
3.9077396149996275,85,4947.12,-90.3,-1.5,-104.1,-0.8,-0.67,-0.62,-0.07,-0.83,0.03,-185.2,-234.7,-189.0,0.53,6.43,0.34,0.0,0.833486652562595,1.2137956994486347,0.15615701264363557,0.28,0,1,0.0
3.9154745789992376,86,4947.13,-90.4,-1.5,-104.1,-1.16,-0.92,-0.6,-0.02,-0.9,0.03,-187.5,-236.4,-52.0,0.6,6.37,-0.12,0.0,0.9007219326740079,1.5974980438172686,0.08714329788157826,0.28,0,1,0.0
3.927710037999532,87,4947.14,-90.5,-1.4,-104.2,-1.27,-1.04,-0.51,0.01,-0.95,-0.01,-189.8,-228.0,68.0,0.66,5.98,-0.25,0.0,0.9501052573267869,1.7188949938841522,0.03700477376422329,0.28,0,1,0.0
3.9357654589994127,88,4947.15,-90.7,-1.3,-104.3,-1.15,-0.99,-0.36,0.04,-0.99,-0.06,-191.8,-209.7,169.0,0.72,5.31,-0.02,0.0,0.992622788374315,1.559551217498162,0.0054025021376387095,0.28,0,1,0.0
3.9476841099995,89,4947.16,-90.8,-1.3,-104.4,-0.84,-0.79,-0.18,0.06,-1.01,-0.09,-193.9,-178.5,265.0,0.76,4.46,0.07,0.0,1.0157755657624374,1.1670903992407786,0.027984173935245993,0.28,0,1,0.0
3.955856147999839,90,4947.17,-90.8,-1.3,-104.5,-0.49,-0.56,-0.04,0.07,-1.02,-0.09,-195.4,-145.3,317.0,0.8,3.51,-0.07,0.0,1.026352765865616,0.7451845409024533,0.037790146557656,0.28,0,1,0.0
3.967610824000076,91,4947.18,-90.9,-1.3,-104.5,-0.14,-0.35,0.0,0.06,-1.02,-0.1,-196.6,-109.2,351.0,0.83,2.51,-0.25,0.0,1.0266450214168479,0.3769615364994153,0.037320754066710204,0.28,0,1,0.0
3.975661546000083,92,4947.19,-90.9,-1.3,-104.6,-0.05,-0.12,-0.03,0.05,-0.99,-0.1,-197.5,-71.2,371.0,0.85,1.45,-0.2,0.0,0.9962931295557548,0.13341664064126332,0.006829484961504706,0.28,0,1,0.0
3.9877875649999623,93,4947.2,-90.9,-1.3,-104.6,-0.24,0.09,-0.04,0.02,-0.98,-0.08,-197.9,-32.9,383.0,0.85,0.41,-0.08,0.0,0.9834632682515396,0.25942243542145693,0.005880368815856185,0.28,0,1,0.0
3.9997248059999038,94,4947.21,-91.0,-1.2,-104.5,-0.48,0.27,-0.09,0.0,-1.0,-0.07,-198.0,3.5,334.0,0.85,-0.4,0.02,0.0,1.0024470060806208,0.5580322571321482,0.012841301632960489,0.28,0,1,0.0
4.007708959999945,95,4947.22,-91.1,-1.2,-104.5,-0.75,0.43,-0.13,-0.01,-1.04,-0.07,-197.8,21.7,194.0,0.85,-0.7,-0.22,0.0,1.042401074443038,0.8742425292789181,0.05173946259547024,0.28,0,1,0.0
4.015781050999976,96,4947.23,-91.2,-1.2,-104.5,-0.94,0.49,-0.13,-0.02,-1.09,-0.06,-197.6,26.4,92.0,0.84,-0.74,0.1,0.0,1.0918333206126292,1.067988763985839,0.09914827458976005,0.28,0,1,0.0
4.027713202999621,97,4947.24,-91.3,-1.2,-104.4,-0.91,0.51,-0.1,-0.03,-1.14,-0.05,-197.3,28.2,30.0,0.83,-0.76,0.0,0.0,1.1414902540100813,1.047950380504726,0.14582910382746794,0.28,0,1,0.0
4.035862813999302,98,4947.25,-91.4,-1.2,-104.4,-0.76,0.46,-0.05,-0.04,-1.17,-0.03,-197.0,28.4,4.0,0.82,-0.74,0.07,0.0,1.171067888723792,0.8897752525216691,0.17189860377035504,0.28,0,1,0.0
4.047679753999546,99,4947.26,-91.5,-1.2,-104.3,-0.54,0.37,0.01,-0.04,-1.18,-0.02,-196.7,25.0,-19.0,0.82,-0.64,-0.01,0.0,1.1808471535300409,0.6546754921333163,0.1780443112050718,0.28,0,1,0.0
4.05574015000002,100,4947.27,-91.5,-1.2,-104.3,-0.14,0.2,0.06,-0.04,-1.15,0.0,-196.5,17.3,-77.0,0.81,-0.32,0.05,0.0,1.1506954418958997,0.25139610179953076,0.14493474757951197,0.28,0,1,0.0
4.067664868000065,101,4947.28,-91.5,-1.2,-104.3,0.17,0.05,0.08,-0.03,-1.07,0.0,-196.4,4.4,-113.0,0.81,0.03,0.01,0.0,1.0704204781299729,0.19442222095223582,0.06336658813731355,0.28,0,1,0.0
4.075701898999796,102,4947.29,-91.4,-1.2,-104.3,0.3,-0.04,0.17,-0.02,-0.97,-0.01,-196.5,-5.2,-75.0,0.81,0.16,0.1,0.0,0.9702576977277737,0.34713109915419565,0.03606026841958787,0.28,0,1,0.0
4.08777064700007,103,4947.3,-91.4,-1.3,-104.3,0.3,-0.02,0.28,-0.01,-0.91,-0.01,-196.5,-6.1,-22.0,0.82,0.16,0.07,0.0,0.9101098834756164,0.4108527716834828,0.09428392101831029,0.28,0,1,0.0
4.095763301999796,104,4947.31,-91.4,-1.3,-104.3,0.12,0.04,0.34,0.0,-0.87,-0.01,-196.6,-6.4,-19.0,0.82,0.2,-0.06,0.0,0.8700574693662483,0.3627671429443411,0.13164960842512474,0.28,0,1,0.0
4.1077032469993355,105,4947.32,-91.4,-1.3,-104.3,-0.17,0.16,0.31,0.0,-0.87,-0.02,-196.7,-9.0,-21.0,0.82,0.26,-0.06,0.0,0.8702298546935746,0.3880721582386451,0.12884767863584246,0.28,0,1,0.0
4.115757896999639,106,4947.33,-91.4,-1.3,-104.2,-0.51,0.29,0.21,0.0,-0.88,-0.02,-196.8,-9.9,-16.0,0.82,0.3,-0.06,0.0,0.8802272433866154,0.6231372240526158,0.11647328414394564,0.28,0,1,0.0
4.1276988889994755,107,4947.34,-91.5,-1.3,-104.2,-0.86,0.41,0.08,-0.01,-0.91,-0.02,-196.9,-14.6,-44.0,0.83,0.46,-0.09,0.0,0.910274683818022,0.9560857702110203,0.08469732683828823,0.28,0,1,0.0
4.135866554000131,108,4947.35,-91.6,-1.3,-104.2,-1.03,0.44,-0.06,-0.02,-0.94,0.0,-197.1,-19.1,-32.0,0.83,0.51,0.07,0.0,0.9402127418834526,1.121650569473399,0.053664083397400475,0.28,0,1,0.0
4.14765036999961,109,4947.36,-91.7,-1.3,-104.1,-0.97,0.4,-0.18,-0.04,-0.97,0.0,-197.3,-20.8,-35.0,0.84,0.62,-0.01,0.0,0.9708243919473799,1.0645656391223606,0.02259138466680366,0.28,0,1,0.0
4.155713702999492,110,4947.37,-91.7,-1.3,-104.1,-0.83,0.3,-0.27,-0.06,-0.97,0.01,-197.5,-24.3,-25.0,0.84,0.67,0.0,0.0,0.9719053451854249,0.9229301165310404,0.021080222800183512,0.28,0,1,0.0
4.1677033629994185,111,4947.38,-91.8,-1.3,-104.1,-0.7,0.13,-0.34,-0.08,-0.96,0.03,-197.8,-25.9,-19.0,0.85,0.71,-0.03,0.0,0.9637945839233586,0.788986691902975,0.028607164381004857,0.28,0,1,0.0
4.175696888999482,112,4947.39,-91.8,-1.3,-104.1,-0.63,-0.03,-0.35,-0.08,-0.93,0.03,-198.0,-25.1,9.0,0.86,0.64,0.0,0.0,0.9339164844888435,0.72131823767322,0.057315558539209555,0.28,0,1,0.0
4.187692950999917,113,4947.4,-91.8,-1.3,-104.1,-0.64,-0.17,-0.3,-0.07,-0.91,0.04,-198.3,-22.7,21.0,0.86,0.57,-0.01,0.0,0.9135644476444998,0.7269800547470336,0.07611424347588214,0.28,0,1,0.0
4.1997867649997715,114,4947.41,-91.8,-1.3,-104.1,-0.65,-0.28,-0.26,-0.06,-0.9,0.04,-198.4,-18.4,42.0,0.87,0.41,-0.34,0.0,0.902884267223657,0.7539893898457724,0.08505853541879049,0.28,0,1,0.0
4.207741948999683,115,4947.42,-91.9,-1.3,-104.1,-0.67,-0.38,-0.25,-0.05,-0.9,0.05,-198.6,-13.0,37.0,0.87,0.32,-0.21,0.0,0.9027735042633894,0.809814793641114,0.08346591241147694,0.28,0,1,0.0
4.215733152999746,116,4947.43,-91.9,-1.3,-104.2,-0.68,-0.48,-0.28,-0.04,-0.91,0.05,-198.7,-9.0,54.0,0.87,0.13,-0.01,0.0,0.9122499657440388,0.878179936004006,0.07250966191221098,0.28,0,1,0.0
4.227688117000071,117,4947.44,-91.9,-1.3,-104.2,-0.68,-0.61,-0.31,-0.03,-0.93,0.04,-198.7,-0.9,68.0,0.87,-0.04,0.16,0.0,0.9313431161500042,0.9646761114488116,0.05234818127612073,0.28,0,1,0.0
4.235755338999297,118,4947.45,-91.9,-1.3,-104.3,-0.64,-0.69,-0.32,-0.02,-0.94,0.01,-198.7,0.1,14.0,0.87,0.0,0.19,0.0,0.9402659198333203,0.9940321926376429,0.04255687004094855,0.28,0,1,0.0
4.247621830999378,119,4947.46,-92.0,-1.2,-104.4,-0.5,-0.72,-0.28,0.0,-0.95,0.0,-198.7,0.3,7.0,0.87,0.0,0.25,0.0,0.95,0.9202173656261873,0.03216633407678349,0.28,0,1,0.0
4.25584062300004,120,4947.47,-92.0,-1.2,-104.5,-0.3,-0.76,-0.18,0.0,-0.94,-0.01,-198.7,-0.1,2.0,0.87,-0.01,0.16,0.0,0.9400531899844816,0.8366600265340756,0.041270881210455745,0.28,0,1,0.0
4.2677052809995075,121,4947.48,-92.0,-1.2,-104.5,-0.13,-0.78,-0.07,0.02,-0.94,-0.03,-198.7,0.2,-1.0,0.87,0.0,-0.16,0.0,0.9406912352095134,0.7938513714795736,0.03982017926571557,0.28,0,1,0.0
4.275691175999782,122,4947.49,-92.0,-1.2,-104.6,-0.13,-0.73,0.0,0.01,-0.97,-0.05,-198.7,0.0,0.0,0.87,0.0,-0.22,0.0,0.9713392816107047,0.741484996476665,0.008988690207233696,0.28,0,1,0.0
4.2878379679996215,123,4947.5,-92.0,-1.1,-104.7,-0.32,-0.63,0.01,0.0,-1.02,-0.07,-198.7,0.3,5.0,0.87,-0.03,0.16,0.0,1.022399139279763,0.7066823897621901,0.04122974411258795,0.28,0,1,0.0
4.295630296000127,124,4947.51,-92.1,-1.1,-104.7,-0.54,-0.56,-0.02,-0.03,-1.08,-0.07,-198.7,0.9,3.0,0.87,-0.02,-0.04,0.0,1.0826818553942796,0.7782030583337488,0.0994822110225626,0.28,0,1,0.0
4.307729946999643,125,4947.52,-92.2,-1.2,-104.8,-0.65,-0.55,-0.09,-0.06,-1.13,-0.07,-198.7,0.9,0.0,0.87,-0.02,0.08,0.0,1.1337548235840056,0.8562125904236635,0.14754407562804284,0.28,0,1,0.0
4.315749608999795,126,4947.53,-92.3,-1.2,-104.9,-0.58,-0.61,-0.13,-0.07,-1.16,-0.08,-198.7,0.4,-4.0,0.87,0.0,0.06,0.0,1.1648605066702191,0.8517041739947033,0.17507676353997126,0.28,0,1,0.0
4.32774205899932,127,4947.54,-92.3,-1.2,-104.9,-0.46,-0.69,-0.17,-0.07,-1.15,-0.09,-198.7,0.0,-2.0,0.87,0.0,0.1,0.0,1.1556383517346591,0.8465222974027323,0.16253751643232306,0.28,0,1,0.0
4.33576245399945,128,4947.55,-92.4,-1.2,-105.0,-0.37,-0.77,-0.18,-0.06,-1.12,-0.11,-198.7,0.7,4.0,0.87,-0.02,0.05,0.0,1.1269871339105875,0.8730406634286859,0.13120857263608643,0.28,0,1,0.0
4.347653939999873,129,4947.56,-92.5,-1.2,-105.1,-0.31,-0.8,-0.18,-0.04,-1.07,-0.12,-198.7,0.0,-4.0,0.87,0.0,0.1,0.0,1.0774506949276148,0.8766413177577247,0.08003869098005145,0.28,0,1,0.0
4.359699908000039,130,4947.57,-92.5,-1.2,-105.2,-0.27,-0.82,-0.17,-0.02,-1.03,-0.12,-198.7,0.1,-3.0,0.87,0.0,0.1,0.0,1.0371595827065379,0.8798863562983573,0.038952627183795,0.28,0,1,0.0
4.367770977999498,131,4947.58,-92.6,-1.2,-105.2,-0.21,-0.81,-0.13,0.0,-1.0,-0.12,-198.7,0.1,0.0,0.87,0.0,0.24,0.0,1.0071742649611337,0.8468175718535842,0.008787963249623054,0.28,0,1,0.0
4.375598693999564,132,4947.59,-92.7,-1.1,-105.3,-0.17,-0.78,-0.08,0.01,-0.98,-0.13,-198.7,-0.5,-5.0,0.87,0.01,-0.23,0.0,0.9886354231970448,0.8023091673413685,0.009555860944176597,0.28,0,1,0.0
4.38776598000004,133,4947.6,-92.7,-1.1,-105.4,-0.13,-0.7,-0.02,0.01,-0.96,-0.13,-198.7,0.0,7.0,0.87,-0.02,-0.21,0.0,0.9688137075826291,0.7122499561249547,0.02879002502742045,0.28,0,1,0.0
4.395792076999896,134,4947.61,-92.8,-1.1,-105.5,-0.17,-0.62,0.0,0.01,-0.95,-0.13,-198.7,0.0,1.0,0.87,0.0,0.09,0.0,0.9589056262218926,0.6428841264178172,0.03792414426039381,0.28,0,1,0.0
4.407721360999858,135,4947.62,-92.9,-1.1,-105.5,-0.26,-0.52,0.0,0.01,-0.94,-0.12,-198.7,-0.2,-2.0,0.87,0.0,0.13,0.0,0.9476813810558905,0.5813776741499453,0.04816542163786797,0.28,0,1,0.0
4.415688172000046,136,4947.63,-92.9,-1.1,-105.6,-0.41,-0.47,-0.03,0.0,-0.94,-0.1,-198.7,-0.6,0.0,0.87,0.01,0.0,0.0,0.9453041838477179,0.6244197306299666,0.04953176646911983,0.28,0,1,0.0
4.427716467999744,137,4947.64,-93.0,-1.1,-105.6,-0.52,-0.46,-0.09,-0.01,-0.94,-0.09,-198.7,0.0,2.0,0.87,0.0,0.06,0.0,0.9443516294262428,0.7000714249274855,0.049474634472783,0.28,0,1,0.0
4.435737255999811,138,4947.65,-93.1,-1.1,-105.7,-0.66,-0.5,-0.13,-0.03,-0.94,-0.07,-198.7,-0.2,-3.0,0.87,0.02,-0.23,0.0,0.9430800602281866,0.8381527307120105,0.04973127959742252,0.28,0,1,0.0
4.447721870999885,139,4947.66,-93.2,-1.1,-105.7,-0.77,-0.55,-0.15,-0.03,-0.98,-0.05,-198.7,-0.7,0.0,0.87,0.0,0.09,0.0,0.9817331613019904,0.958070978581441,0.01085661495314627,0.28,0,1,0.0
4.4559141989993805,140,4947.67,-93.3,-1.0,-105.8,-0.93,-0.57,-0.19,-0.03,-1.03,-0.03,-198.7,-0.2,-1.0,0.87,0.01,0.19,0.0,1.0308734160894828,1.1072036849649662,0.037517967037659194,0.28,0,1,0.0
4.467733727999985,141,4947.68,-93.3,-1.0,-105.8,-1.19,-0.58,-0.2,-0.04,-1.09,-0.02,-198.7,-0.7,-1.0,0.87,0.02,-0.02,0.0,1.0909170454255448,1.3388427838995884,0.09561036444624682,0.28,0,1,0.0
4.475817159000144,142,4947.69,-93.4,-1.0,-105.9,-1.28,-0.65,-0.21,-0.03,-1.15,0.0,-198.7,-1.2,-6.0,0.87,0.04,-0.26,0.0,1.1503912377969503,1.4508618128546908,0.15198286568129926,0.28,0,1,0.0
4.487789127999349,143,4947.7,-93.5,-1.0,-106.0,-1.04,-0.73,-0.23,-0.02,-1.19,0.03,-198.7,-2.5,-12.0,0.88,0.09,0.03,0.0,1.1905460931858118,1.2912784362793333,0.18829496664875767,0.28,0,1,0.0
4.495873640999889,144,4947.71,-93.5,-1.0,-106.0,-0.75,-0.86,-0.23,-0.03,-1.19,0.05,-198.8,-3.9,-17.0,0.88,0.14,0.01,0.0,1.1914277149705725,1.1640446726822815,0.18539305666484807,0.28,0,1,0.0
4.507643465999536,145,4947.72,-93.5,-1.0,-106.1,-0.52,-1.04,-0.23,-0.05,-1.16,0.05,-198.9,-9.1,-43.0,0.88,0.3,0.01,0.0,1.16215317406958,1.1852847759083047,0.15299614544857842,0.28,0,1,0.0
4.515792378999322,146,4947.73,-93.5,-1.0,-106.3,-0.35,-1.22,-0.18,-0.05,-1.1,0.05,-199.0,-13.6,-48.0,0.88,0.45,0.01,0.0,1.1022703842524302,1.28191263352851,0.09125108851880004,0.28,0,1,0.0
4.52762102899942,147,4947.74,-93.5,-1.0,-106.4,-0.2,-1.38,-0.07,-0.05,-1.04,0.03,-199.2,-23.5,-95.0,0.89,0.79,0.0,0.0,1.041633332799983,1.3961733416735902,0.030001756325025664,0.28,0,1,0.0
4.53984028099967,148,4947.75,-93.4,-1.0,-106.5,-0.06,-1.49,0.1,-0.05,-0.97,0.01,-199.5,-34.5,-98.0,0.9,1.06,-0.07,0.0,0.9713392816107047,1.494556790490077,0.03948644896696751,0.28,0,1,0.0
4.547939260000021,149,4947.76,-93.4,-1.1,-106.7,-0.01,-1.54,0.29,-0.03,-0.93,0.0,-199.9,-46.8,-126.0,0.91,1.48,0.16,0.0,0.9304837451562494,1.5670992310635596,0.07873514571299423,0.28,0,1,0.0
4.555995335999796,150,4947.77,-93.4,-1.1,-106.8,-0.02,-1.49,0.42,-0.01,-0.91,-0.02,-200.5,-60.8,-126.0,0.93,1.78,-0.06,0.0,0.910274683818022,1.5481924944915604,0.09696532291019722,0.28,0,1,0.0
4.56767324700013,151,4947.78,-93.4,-1.2,-107.0,-0.16,-1.41,0.46,0.0,-0.91,-0.03,-201.1,-68.8,-84.0,0.95,1.94,0.0,0.0,0.910494371207203,1.4917439458566606,0.094810722810596,0.28,0,1,0.0
4.575827132000086,152,4947.79,-93.4,-1.2,-107.1,-0.25,-1.28,0.43,0.0,-0.92,-0.03,-201.9,-73.2,-47.0,0.97,2.01,0.11,0.0,0.9204890004774636,1.373244333685743,0.08311977166952855,0.28,0,1,0.0
4.5877070199994705,153,4947.8,-93.4,-1.3,-107.2,-0.19,-1.15,0.35,0.0,-0.92,-0.04,-202.6,-73.3,-9.0,0.99,1.98,0.08,0.0,0.9208691546577071,1.217004519301387,0.08108482513949944,0.28,0,1,0.0
4.5958351479994235,154,4947.81,-93.4,-1.3,-107.3,-0.06,-1.05,0.25,0.0,-0.89,-0.04,-203.3,-70.3,29.0,1.01,1.83,0.06,0.0,0.8908984229416954,1.0810180387024075,0.10883444571840095,0.28,0,1,0.0
4.607730043999254,155,4947.82,-93.4,-1.3,-107.4,0.15,-1.01,0.18,0.0,-0.84,-0.04,-204.0,-64.0,50.0,1.03,1.67,0.16,0.0,0.8409518416651455,1.036822067666386,0.15560540645505183,0.28,0,1,0.0
4.615760242999386,156,4947.83,-93.4,-1.3,-107.5,0.32,-0.95,0.14,0.02,-0.78,-0.05,-204.6,-58.3,61.0,1.04,1.48,0.0,0.0,0.7818567643756751,1.0121758740456126,0.21040647406963175,0.28,0,1,0.0
4.6276296369997,157,4947.84,-93.3,-1.3,-107.6,0.39,-0.84,0.14,0.03,-0.72,-0.06,-205.1,-50.0,71.0,1.05,1.27,-0.1,0.0,0.723118247591637,0.9366429415737888,0.2637620910365964,0.28,0,1,0.0
4.6358828249994986,158,4947.85,-93.3,-1.2,-107.7,0.43,-0.7,0.18,0.04,-0.66,-0.07,-205.6,-40.7,94.0,1.06,0.97,-0.16,0.0,0.6649060083951717,0.8410112960002379,0.31553484362840056,0.28,1,2,3.0
4.647707665999405,159,4947.86,-93.3,-1.3,-107.8,0.64,-0.52,0.24,0.05,-0.61,-0.06,-205.9,-29.3,125.0,1.07,0.58,-0.15,0.0,0.6149796744608719,0.8588364221433555,0.3581519540114464,0.28,0,2,3.0
4.655778602999817,160,4947.87,-93.2,-1.3,-107.8,0.83,-0.26,0.24,0.05,-0.58,-0.06,-205.9,18.2,721.0,1.06,-2.37,2.87,3.49,0.5852349955359812,0.9022749026765623,0.3801387002776103,0.28,0,2,3.0
4.667702746999566,161,4947.88,-93.1,-1.3,-107.8,1.04,0.01,0.18,0.05,-0.57,-0.04,-204.7,170.5,1205.0,1.01,-6.3,3.2,3.49,0.5735852159879994,1.0555093557141026,0.3839527102290803,0.28,0,2,3.0
4.675765309999406,162,4947.89,-93.0,-1.3,-107.8,0.43,0.39,0.0,0.05,-0.64,-0.04,-202.2,288.6,1093.0,0.93,-9.04,3.04,3.49,0.6431951492354401,0.5805170109479997,0.3080559214420068,0.28,0,2,3.0
4.687756481999713,163,4947.9,-93.0,-1.2,-107.7,-0.97,0.6,-0.24,0.01,-0.83,0.0,-198.7,369.7,812.0,0.83,-10.71,3.02,3.49,0.8300602387778853,1.1655470818461175,0.11876701526157041,0.28,0,2,3.0
4.695823004999511,164,4947.91,-93.2,-1.2,-107.7,-3.18,0.84,-0.75,-0.02,-1.26,-0.03,-194.7,412.6,488.0,0.71,-11.54,3.39,3.49,1.2605157674539418,3.3734996665184362,0.30545474314619636,0.28,0,2,3.0
4.707723908999469,165,4947.92,-93.6,-1.0,-107.6,-4.83,1.19,-1.53,-0.11,-1.75,-0.13,-190.4,430.1,226.0,0.59,-11.72,4.01,3.49,1.7582661914511126,5.204411590180008,0.7871410638004999,0.28,0,2,3.0
4.715757500000109,166,4947.93,-94.1,-0.9,-107.4,-3.74,1.41,-1.76,-0.17,-1.97,-0.15,-186.2,411.9,-170.0,0.48,-10.57,4.04,3.49,1.9830027735734512,4.367298936413674,0.9916400930043817,0.28,0,2,3.0
4.727658210999834,167,4947.94,-94.3,-0.8,-107.3,0.27,0.81,-0.83,-0.1,-1.82,-0.02,-182.5,346.3,-604.0,0.39,-8.23,3.74,3.49,1.8228549037155974,1.1907560623402258,0.8148623786835973,0.28,0,2,3.0
4.735849023999435,168,4947.95,-93.9,-0.8,-107.3,4.67,0.2,-0.02,0.02,-1.49,0.0,-179.8,227.3,-1068.0,0.34,-4.57,4.09,3.49,1.4901342221424216,4.6743234804621725,0.4724988631682132,0.28,0,2,3.0
4.747668616999363,169,4947.96,-93.4,-0.7,-107.3,5.91,-0.02,0.28,0.08,-0.98,-0.1,-178.5,90.0,-1245.0,0.32,-0.9,3.93,3.49,0.9883319280484669,5.91666291079693,0.028717362307226657,0.28,0,2,3.0
4.755812944999889,170,4947.97,-92.9,-0.8,-107.3,4.01,-0.08,0.81,0.02,-0.69,-0.13,-178.3,-6.3,-795.0,0.32,0.46,3.5,3.49,0.7024243731534378,4.091772232175197,0.3083324188582107,0.28,0,2,3.0
4.767739532999258,171,4947.98,-92.7,-0.9,-107.3,1.05,-0.45,1.1,-0.02,-0.73,-0.09,-178.5,-14.2,-256.0,0.33,0.33,3.46,3.49,0.735798885565886,1.5858751527153707,0.26945874831684724,0.28,0,2,3.0
4.775795739999921,172,4947.99,-92.7,-1.0,-107.4,-1.02,-0.52,1.01,0.0,-0.92,-0.11,-178.6,-10.9,-80.0,0.33,0.3,3.67,3.49,0.9265527507918802,1.5267285285865329,0.07713078542903606,0.28,0,2,3.0
4.787655037999684,173,4948.0,-92.9,-1.1,-107.4,-1.64,-0.5,0.7,-0.01,-1.08,-0.13,-178.7,-12.7,-36.0,0.33,0.33,3.47,3.49,1.087841900277793,1.8519179247472064,0.08247519677573933,0.28,0,2,3.0
4.795914254999843,174,4948.01,-93.1,-1.1,-107.4,-0.92,-0.11,0.57,-0.04,-1.15,-0.17,-178.8,-11.9,-8.0,0.34,0.3,3.43,3.49,1.1631852818876276,1.087841900277793,0.15466220681786247,0.28,0,2,3.0
4.807767702999627,175,4948.02,-93.1,-1.2,-107.4,0.95,0.37,0.49,-0.02,-1.12,-0.13,-179.0,-11.0,9.0,0.34,0.25,3.36,3.49,1.12769676775275,1.131149857445953,0.11679021882932528,0.28,0,2,3.0
4.815837444999488,176,4948.03,-93.0,-1.2,-107.4,2.05,0.51,0.41,-0.01,-0.97,-0.09,-179.0,-5.0,51.0,0.34,0.03,3.48,3.49,0.9742176348229383,2.1519061317817747,0.03595513581847665,0.28,0,2,3.0
4.827779186999578,177,4948.04,-92.8,-1.3,-107.3,2.17,0.49,0.28,0.0,-0.84,-0.07,-179.0,0.1,29.0,0.34,0.0,3.39,3.49,0.8429116205154606,2.2421864329265753,0.16391592712343528,0.28,0,2,0.0
4.835890554999423,178,4948.05,-92.6,-1.3,-107.3,1.61,0.5,0.06,-0.01,-0.78,-0.06,-179.0,0.0,10.0,0.34,0.0,3.49,3.49,0.7823681997627461,1.686920270789346,0.21997016091862687,0.28,0,2,0.0
4.847655180999936,179,4948.06,-92.6,-1.3,-107.2,0.62,0.47,-0.2,-0.04,-0.76,-0.04,-179.1,-15.1,-336.0,0.35,1.52,0.67,0.0,0.7621023553303061,0.8033056703397531,0.23543128524404544,0.28,0,2,0.0
4.855917724999927,180,4948.07,-92.6,-1.3,-107.2,-0.56,0.39,-0.52,-0.08,-0.83,-0.03,-179.9,-112.4,-736.0,0.38,4.06,0.13,0.0,0.834386001800126,0.857962703152066,0.15988468599874106,0.28,0,2,0.0
4.867796488999375,181,4948.08,-92.7,-1.2,-107.2,-1.52,0.03,-0.82,-0.16,-0.89,0.01,-181.3,-173.4,-606.0,0.43,5.37,0.12,0.0,0.9043229511629128,1.7273389939441532,0.08814878190323516,0.28,0,2,0.0
4.875662175999423,182,4948.09,-92.8,-1.1,-107.2,-1.86,-0.31,-0.86,-0.15,-0.91,-0.01,-183.5,-212.7,-370.0,0.49,6.02,0.04,0.0,0.92233399590387,2.072510554858527,0.06873498241903242,0.28,0,2,0.0
4.887890680000055,183,4948.1,-93.0,-1.1,-107.2,-1.84,-0.69,-0.73,-0.1,-0.96,-0.02,-185.8,-228.3,-197.0,0.55,6.3,0.0,0.0,0.9654014708917735,2.0963301266737546,0.025154157282506362,0.28,0,2,0.0
4.895785638999769,184,4948.11,-93.2,-1.1,-107.3,-1.91,-1.1,-0.57,-0.06,-0.99,-0.03,-188.1,-232.9,-77.0,0.61,6.32,-0.28,0.0,0.9922701245124737,2.276620302114518,0.001680206411429852,0.28,0,2,0.0
4.907764908999525,185,4948.12,-93.4,-1.0,-107.5,-2.01,-1.39,-0.44,-0.03,-1.01,-0.07,-190.4,-227.3,31.0,0.68,6.05,0.07,0.0,1.0128672173587216,2.483102897586002,0.02183175327252429,0.28,0,2,0.0
4.9157639919994836,186,4948.13,-93.6,-1.0,-107.6,-2.04,-1.5,-0.32,0.0,-1.02,-0.11,-192.6,-213.9,112.0,0.73,5.6,0.11,0.0,1.0259142264341596,2.5522539058643834,0.03418118710100304,0.28,0,2,0.0
4.927671180999823,187,4948.14,-93.8,-1.0,-107.8,-2.02,-1.47,-0.22,0.02,-1.02,-0.14,-194.6,-194.3,178.0,0.79,5.02,-0.02,0.0,1.0297572529484802,2.5079274311670186,0.03726372934301714,0.28,0,2,0.0
4.935884138999427,188,4948.15,-94.1,-0.9,-107.9,-1.87,-1.36,-0.15,0.04,-1.01,-0.14,-196.4,-171.4,223.0,0.83,4.33,-0.21,0.0,1.020441081101697,2.3171102692793886,0.027388606346309352,0.28,0,2,0.0
4.947699341999396,189,4948.16,-94.3,-0.9,-108.0,-1.6,-1.16,-0.11,0.05,-1.0,-0.15,-197.9,-143.0,275.0,0.87,3.5,-0.31,0.0,1.0124228365658292,1.9793180643848025,0.018982954574232713,0.28,0,2,0.0
4.955871778000073,190,4948.17,-94.4,-0.9,-108.1,-1.36,-0.92,-0.11,0.06,-0.99,-0.14,-199.1,-110.9,311.0,0.9,2.6,0.01,0.0,1.0016486409914407,1.6456305782282976,0.008044583819847295,0.28,0,2,0.0
4.9677799719993345,191,4948.18,-94.6,-0.9,-108.2,-1.29,-0.66,-0.12,0.06,-0.99,-0.13,-200.0,-77.7,318.0,0.92,1.72,-0.15,0.0,1.000299955013495,1.4539944979263162,0.0065619798850635735,0.28,0,2,0.0
4.975702482999623,192,4948.19,-94.7,-0.8,-108.3,-1.4,-0.45,-0.11,0.05,-1.01,-0.12,-200.6,-46.8,310.0,0.93,0.89,-0.15,0.0,1.0183319694480772,1.4746525014388983,0.02410211443325294,0.28,0,2,0.0
4.987725223999405,193,4948.2,-94.9,-0.8,-108.3,-1.48,-0.29,-0.08,0.03,-1.04,-0.12,-200.8,-16.1,305.0,0.93,0.06,-0.13,0.0,1.047329938462565,1.510264877430446,0.05203808177878588,0.28,0,2,0.0
4.995827068999461,194,4948.21,-95.1,-0.7,-108.3,-1.34,-0.15,-0.02,0.02,-1.07,-0.13,-200.8,7.8,208.0,0.93,-0.32,-0.05,0.0,1.0780538019969133,1.3485177047410242,0.08110670640687145,0.28,0,2,0.0
5.007679716999519,195,4948.22,-95.2,-0.7,-108.3,-0.91,-0.08,0.02,0.0,-1.07,-0.12,-200.7,14.3,103.0,0.93,-0.44,0.0,0.0,1.0767079455451232,0.9137286249209883,0.07816563295597978,0.28,0,2,0.0
5.0158718749999025,196,4948.23,-95.3,-0.7,-108.3,-0.38,-0.1,0.06,-0.01,-1.04,-0.11,-200.5,16.2,31.0,0.92,-0.41,-0.02,0.0,1.0458489374665922,0.39749213828703583,0.04636049237989992,0.28,0,2,0.0
5.027702466999472,197,4948.24,-95.3,-0.8,-108.4,-0.03,-0.15,0.07,-0.03,-0.99,-0.1,-200.4,13.3,-21.0,0.92,-0.28,0.0,0.0,0.9954898291795853,0.16822603841260722,0.003918643588964876,0.28,0,2,0.0
5.0358221259994025,198,4948.25,-95.3,-0.8,-108.4,0.02,-0.23,0.03,-0.04,-0.94,-0.09,-200.3,8.3,-24.0,0.92,-0.22,-0.08,0.0,0.9451454914456292,0.23280893453645632,0.05317772169646251,0.28,0,2,0.0
5.047761314999661,199,4948.26,-95.3,-0.8,-108.4,-0.17,-0.31,-0.01,-0.03,-0.91,-0.09,-200.2,7.7,-15.0,0.91,-0.19,-0.15,0.0,0.9149316914393119,0.3536947836765479,0.08172369126872425,0.28,0,2,0.0
5.055867708999358,200,4948.27,-95.3,-0.8,-108.4,-0.54,-0.36,-0.05,-0.02,-0.9,-0.09,-200.1,2.8,-50.0,0.91,0.01,0.0,0.0,0.9047098982546836,0.6509224224129939,0.09010657476428541,0.28,0,2,0.0
5.06768859299973,201,4948.28,-95.4,-0.8,-108.5,-0.87,-0.39,-0.06,-0.01,-0.91,-0.09,-200.2,-2.6,-37.0,0.91,0.09,-0.15,0.0,0.9144943958275523,0.9553009996854395,0.07871563564758832,0.28,0,2,0.0
5.075806883000041,202,4948.29,-95.5,-0.8,-108.5,-0.98,-0.36,-0.03,0.0,-0.93,-0.11,-200.2,-0.1,15.0,0.91,-0.05,0.56,0.0,0.9364827814754525,1.0444615837837214,0.055592704999694376,0.28,0,2,0.0
5.087948684999901,203,4948.3,-95.7,-0.8,-108.5,-1.0,-0.26,-0.04,0.01,-0.97,-0.13,-200.2,0.4,-6.0,0.91,0.01,0.08,0.0,0.9787236586493656,1.0340212763768453,0.01308479126926565,0.28,0,2,0.0
5.09569023899985,204,4948.31,-95.8,-0.8,-108.6,-1.07,-0.15,-0.07,0.02,-0.99,-0.14,-200.2,-1.1,-5.0,0.91,0.03,0.32,0.0,1.0000499987500624,1.082728036027515,0.008076717854802462,0.28,0,2,0.0
5.107886787999632,205,4948.32,-95.9,-0.7,-108.6,-1.11,-0.03,-0.13,0.02,-1.01,-0.14,-200.2,-1.0,0.0,0.91,0.02,-0.07,0.0,1.0198529305738155,1.117989266495882,0.02732205668498444,0.28,0,2,0.0
5.1159343239996815,206,4948.33,-96.0,-0.7,-108.6,-1.08,0.08,-0.18,0.02,-1.02,-0.14,-200.2,-1.5,-5.0,0.91,0.04,-0.07,0.0,1.0297572529484802,1.0978160137290767,0.03648185147845606,0.28,0,2,0.0
5.127771001999463,207,4948.34,-96.2,-0.7,-108.6,-1.02,0.22,-0.2,0.01,-1.02,-0.14,-200.2,-1.8,0.0,0.92,0.03,0.0,0.0,1.0296115772464878,1.0624499988234741,0.03560945226093437,0.28,0,2,0.0
5.135792107999805,208,4948.35,-96.3,-0.6,-108.5,-0.95,0.35,-0.19,0.01,-1.02,-0.14,-200.2,-0.8,4.0,0.92,0.03,-0.15,0.0,1.0296115772464878,1.0300970828033638,0.034897263215715735,0.28,0,2,0.0
5.147711839999829,209,4948.36,-96.4,-0.6,-108.5,-0.89,0.47,-0.15,0.0,-1.01,-0.13,-200.2,-1.3,-1.0,0.92,0.03,0.07,0.0,1.0183319694480772,1.0175952043912155,0.02314530230895906,0.28,0,2,0.0
5.155911750000087,210,4948.37,-96.5,-0.6,-108.4,-0.85,0.58,-0.05,0.0,-1.0,-0.13,-200.3,-1.8,-4.0,0.92,0.06,0.0,0.0,1.0084145972763385,1.0302426898551622,0.01296337153447591,0.28,0,2,0.0
5.16768916699948,211,4948.38,-96.6,-0.5,-108.4,-0.82,0.67,0.07,0.0,-1.0,-0.12,-200.3,-3.5,-20.0,0.92,0.14,0.28,0.0,1.0071742649611337,1.0612257064357233,0.01148857843488571,0.28,0,2,0.0
5.1758270020000055,212,4948.39,-96.7,-0.5,-108.3,-0.75,0.72,0.17,0.0,-1.01,-0.11,-200.4,-8.3,-42.0,0.92,0.29,0.0,0.0,1.0159724405711013,1.0534704552098269,0.01988101896395622,0.28,0,2,0.0
5.18776823799999,213,4948.4,-96.7,-0.6,-108.2,-0.67,0.74,0.21,0.0,-1.01,-0.1,-200.5,-11.8,-24.0,0.92,0.32,-0.1,0.0,1.0149384217774002,1.0200980345045274,0.018470060166850044,0.28,0,2,0.0
5.195609203999993,214,4948.41,-96.8,-0.6,-108.1,-0.56,0.76,0.22,0.0,-1.01,-0.1,-200.6,-11.7,-3.0,0.93,0.3,0.08,0.0,1.0149384217774002,0.9693296652842107,0.018100658963513094,0.28,0,2,0.0
5.207820992000052,215,4948.42,-96.8,-0.6,-108.1,-0.46,0.77,0.2,0.0,-1.0,-0.1,-200.7,-9.3,18.0,0.93,0.21,0.05,0.0,1.004987562112089,0.9189668111526118,0.007986803312237778,0.28,0,2,0.0
5.215791326999351,216,4948.43,-96.9,-0.6,-108.0,-0.39,0.79,0.18,0.0,-1.0,-0.1,-200.8,-8.1,2.0,0.93,0.25,0.05,0.0,1.004987562112089,0.8992218858546538,0.007827067245993025,0.28,0,2,0.0
5.227577918999486,217,4948.44,-96.9,-0.6,-107.9,-0.29,0.81,0.12,0.0,-1.0,-0.1,-200.9,-9.2,4.0,0.93,0.22,0.04,0.0,1.004987562112089,0.86867715521936,0.0076705259010732,0.28,0,2,0.0
5.237518300999909,218,4948.45,-96.9,-0.6,-107.8,-0.19,0.83,0.07,0.0,-0.99,-0.1,-200.9,-6.5,23.0,0.94,0.12,0.0,0.0,0.9950376877284598,0.8543418519538886,0.002233761512904886,0.28,0,2,0.0
5.247122679999848,219,4948.46,-96.9,-0.6,-107.7,-0.13,0.86,0.05,0.0,-0.98,-0.09,-201.0,-5.0,7.0,0.94,0.14,-0.14,0.0,0.9841239759298621,0.8712060605849801,0.0128845238452725,0.28,0,2,0.0
5.255699368000023,220,4948.47,-96.9,-0.6,-107.7,-0.09,0.86,0.04,-0.01,-0.98,-0.09,-201.0,-6.1,-6.0,0.94,0.19,0.0,0.0,0.9841747812253675,0.8656211642514293,0.012577044178771812,0.28,0,2,0.0
5.2679443669994725,221,4948.48,-96.9,-0.6,-107.6,-0.11,0.87,0.04,-0.01,-0.98,-0.09,-201.1,-6.7,2.0,0.94,0.16,0.1,0.0,0.9841747812253675,0.8778382538941898,0.012325503295196327,0.28,0,2,0.0
5.275810277999881,222,4948.49,-96.9,-0.6,-107.5,-0.15,0.87,0.07,-0.01,-0.97,-0.1,-201.2,-8.4,-27.0,0.94,0.28,0.0,0.0,0.9751922887307918,0.885607136375944,0.02088183587397663,0.28,0,2,0.0
5.287612411999362,223,4948.5,-96.9,-0.6,-107.4,-0.18,0.89,0.1,-0.02,-0.98,-0.1,-201.3,-13.7,-30.0,0.95,0.38,0.03,0.0,0.985291834940288,0.9135097153287425,0.010566643871190773,0.28,0,2,0.0
5.299882756999978,224,4948.51,-96.9,-0.6,-107.3,-0.18,0.87,0.12,-0.02,-0.98,-0.1,-201.4,-12.6,2.0,0.95,0.31,0.0,0.0,0.985291834940288,0.8964931678490361,0.010355310993766964,0.28,0,2,0.0
5.311797966000086,225,4948.52,-96.9,-0.6,-107.2,-0.21,0.84,0.11,-0.02,-0.98,-0.1,-201.6,-9.9,27.0,0.95,0.2,-0.31,0.0,0.985291834940288,0.8728115489611717,0.010148204773891667,0.28,0,2,0.0
5.319823230000111,226,4948.53,-96.9,-0.6,-107.1,-0.24,0.8,0.1,-0.02,-0.98,-0.11,-201.6,-6.4,14.0,0.95,0.19,0.0,0.0,0.9863569333664157,0.8411896337925236,0.00890144422080874,0.28,0,2,0.0
5.327822474999266,227,4948.54,-97.0,-0.6,-107.1,-0.26,0.77,0.07,-0.03,-0.99,-0.11,-201.7,-8.6,-3.0,0.96,0.22,-0.21,0.0,0.9965440281292142,0.8157205403813245,0.0012599375311499461,0.28,0,2,0.0
5.335854747999292,228,4948.55,-97.0,-0.6,-107.0,-0.26,0.75,0.04,-0.03,-0.99,-0.11,-201.8,-7.5,10.0,0.96,0.17,0.12,0.0,0.9965440281292142,0.7947955712005447,0.0012347387805269339,0.28,0,2,0.0
5.348033190999558,229,4948.56,-97.0,-0.6,-106.9,-0.23,0.7,0.03,-0.03,-1.0,-0.11,-201.9,-6.2,11.0,0.96,0.15,-0.02,0.0,1.0064790112068904,0.7374279625834648,0.010946327421039181,0.28,0,2,0.0
5.355811202000041,230,4948.57,-97.0,-0.6,-106.8,-0.21,0.65,0.05,-0.04,-1.0,-0.11,-201.9,-6.0,5.0,0.96,0.15,0.16,0.0,1.0068266980965492,0.6849087530467106,0.011068134024484033,0.28,0,2,0.0
5.367821912999716,231,4948.58,-97.0,-0.7,-106.8,-0.15,0.56,0.06,-0.04,-1.01,-0.1,-202.0,-3.7,22.0,0.96,0.05,-0.07,0.0,1.0157263410978372,0.5828378848359123,0.019568421485256615,0.28,0,2,0.0
5.3757525249993705,232,4948.59,-97.0,-0.7,-106.7,-0.09,0.46,0.04,-0.04,-1.01,-0.1,-202.0,-0.2,25.0,0.96,-0.01,0.06,0.0,1.0157263410978372,0.470425339453563,0.019177053055551507,0.28,0,2,0.0
5.388128701999449,233,4948.6,-97.0,-0.7,-106.7,-0.06,0.37,0.03,-0.04,-1.01,-0.1,-202.0,-0.2,7.0,0.96,0.0,-0.08,0.0,1.0157263410978372,0.3760319135392633,0.01879351199444046,0.28,0,2,0.0
5.395793572000002,234,4948.61,-97.0,-0.7,-106.6,0.0,0.28,0.0,-0.05,-1.01,-0.1,-202.0,0.0,1.0,0.96,0.0,0.08,0.0,1.0161692772368194,0.28,0.018851719170754122,0.28,0,2,0.0
5.407729857999584,235,4948.62,-97.0,-0.7,-106.6,0.05,0.17,-0.03,-0.05,-1.01,-0.09,-202.0,0.0,0.0,0.96,0.0,-0.01,0.0,1.0152339631828715,0.17972200755611428,0.017558077014470097,0.28,0,2,0.0
5.41571931999988,236,4948.63,-97.0,-0.7,-106.6,0.09,0.07,-0.07,-0.06,-1.0,-0.09,-202.0,0.0,1.0,0.96,0.0,-0.07,0.0,1.005832988124768,0.13379088160259653,0.00799395991723928,0.28,0,2,0.0
5.427785464999943,237,4948.64,-97.0,-0.8,-106.6,0.12,-0.01,-0.1,-0.05,-0.99,-0.09,-202.0,0.0,0.0,0.96,0.0,0.0,0.0,0.995339138183564,0.15652475842498528,0.0024498922234854614,0.28,0,2,0.0
5.435789839999416,238,4948.65,-96.9,-0.8,-106.6,0.13,-0.12,-0.12,-0.04,-0.99,-0.09,-202.0,0.0,0.0,0.96,0.0,0.0,0.0,0.9948869282486327,0.2137755832643195,0.0028440601152485145,0.28,0,2,0.0
5.447705900000074,239,4948.66,-96.9,-0.8,-106.6,0.14,-0.19,-0.13,-0.03,-0.99,-0.1,-202.0,0.0,1.0,0.96,0.0,0.0,0.0,0.9954898291795853,0.2694438717061496,0.0021963360006099775,0.28,0,2,0.0
5.455762533999405,240,4948.67,-96.9,-0.8,-106.7,0.15,-0.24,-0.13,-0.02,-0.98,-0.1,-202.0,0.0,0.0,0.96,0.0,-0.01,0.0,0.985291834940288,0.31144823004794875,0.012146443635109083,0.28,0,2,0.0
5.4677873430000545,241,4948.68,-96.9,-0.8,-106.7,0.17,-0.26,-0.13,-0.01,-0.99,-0.11,-202.0,0.0,1.0,0.96,0.0,0.01,0.0,0.9961425600786264,0.3367491648096547,0.0012698041268353055,0.28,0,2,0.0
5.47571938999954,242,4948.69,-96.8,-0.8,-106.7,0.17,-0.28,-0.13,-0.01,-0.99,-0.11,-202.0,0.0,1.0,0.96,0.0,0.01,0.0,0.9961425600786264,0.3524202037341219,0.001244408044298595,0.28,0,2,0.0
5.48783025099965,243,4948.7,-96.8,-0.7,-106.8,0.17,-0.29,-0.12,0.0,-0.99,-0.11,-202.0,0.0,-2.0,0.96,0.01,-0.07,0.0,0.9960923651951158,0.35693136595149494,0.0012687108692530646,0.28,0,2,0.0
5.495655380999779,244,4948.71,-96.8,-0.7,-106.8,0.18,-0.3,-0.11,0.0,-0.99,-0.12,-202.0,0.0,-1.0,0.96,0.0,0.0,0.0,0.9972462083156797,0.366742416417845,0.00011257039371537214,0.28,0,2,0.0
5.507787810999616,245,4948.72,-96.8,-0.7,-106.8,0.24,-0.3,-0.11,0.0,-0.99,-0.12,-202.0,-0.1,-1.0,0.96,0.0,0.01,0.0,0.9972462083156797,0.3996248240537617,0.00011031898584101807,0.28,0,2,0.0
5.515672083999561,246,4948.73,-96.8,-0.7,-106.8,0.29,-0.29,-0.11,-0.01,-0.99,-0.12,-202.0,0.0,-1.0,0.96,0.0,-0.07,0.0,0.9972963451251589,0.4246174749112429,5.89785328346526e-05,0.28,0,2,0.0
5.527717315999325,247,4948.74,-96.7,-0.7,-106.9,0.3,-0.3,-0.12,-0.01,-0.99,-0.11,-202.0,0.2,0.0,0.96,0.0,0.08,0.0,0.9961425600786264,0.440908153700972,0.0011885083077797232,0.28,0,2,0.0
5.535776451999482,248,4948.75,-96.7,-0.7,-106.9,0.28,-0.29,-0.13,-0.01,-0.99,-0.11,-202.0,0.1,0.0,0.96,0.0,0.0,0.0,0.9961425600786264,0.4235563716909474,0.0011647381416240998,0.28,0,2,0.0
5.5477781429999595,249,4948.76,-96.7,-0.7,-106.9,0.24,-0.27,-0.13,-0.01,-0.99,-0.12,-202.0,0.0,-1.0,0.96,0.0,0.0,0.0,0.9972963451251589,0.38392707640904933,1.0734033189852e-05,0.28,0,2,0.0
5.555707808000079,250,4948.77,-96.6,-0.7,-107.0,0.24,-0.26,-0.14,-0.01,-0.99,-0.12,-202.0,0.1,3.0,0.96,-0.01,0.07,0.0,0.9972963451251589,0.380525951808809,1.0519352526050518e-05,0.28,0,2,0.0
5.56767823500013,251,4948.78,-96.6,-0.7,-107.0,0.24,-0.24,-0.14,-0.01,-0.99,-0.12,-202.0,-0.2,1.0,0.96,0.0,0.07,0.0,0.9972963451251589,0.3671511950137164,1.030896547549176e-05,0.28,0,2,0.0
5.575779320000038,252,4948.79,-96.6,-0.7,-107.0,0.27,-0.22,-0.16,0.0,-0.99,-0.12,-202.0,0.2,-3.0,0.96,0.01,0.0,0.0,0.9972462083156797,0.383275357934736,5.923685945563584e-05,0.28,0,2,0.0
5.587803976000032,253,4948.8,-96.6,-0.6,-107.0,0.29,-0.2,-0.17,0.0,-0.99,-0.12,-202.0,0.0,-1.0,0.96,0.0,-0.07,0.0,0.9972462083156797,0.39115214431215894,5.805212226650536e-05,0.28,0,2,0.0
5.595648836999317,254,4948.81,-96.6,-0.6,-107.1,0.29,-0.18,-0.18,0.0,-0.98,-0.12,-202.0,0.2,1.0,0.96,0.0,0.0,0.0,0.9873196037757985,0.38587562763149474,0.009784963528904678,0.28,0,2,0.0
5.60785714099984,255,4948.82,-96.5,-0.6,-107.1,0.3,-0.15,-0.17,0.0,-0.98,-0.12,-202.0,0.0,0.0,0.96,0.01,0.0,0.0,0.9873196037757985,0.3760319135392633,0.009589264258326624,0.28,0,2,0.0
5.615779478999684,256,4948.83,-96.5,-0.6,-107.1,0.3,-0.12,-0.15,0.0,-0.98,-0.12,-202.0,0.1,2.0,0.96,-0.01,0.0,0.0,0.9873196037757985,0.3562302626111375,0.009397478973160123,0.28,0,2,0.0
5.627673963999769,257,4948.84,-96.5,-0.6,-107.1,0.27,-0.1,-0.15,0.0,-0.98,-0.12,-202.0,0.1,0.0,0.96,0.0,0.08,0.0,0.9873196037757985,0.3246536616149585,0.009209529393696902,0.28,0,2,0.0
5.635835002000022,258,4948.85,-96.5,-0.5,-107.1,0.25,-0.07,-0.15,0.0,-0.99,-0.12,-202.0,0.0,0.0,0.96,0.0,0.01,0.0,0.9972462083156797,0.299833287011299,0.0007027336432605669,0.28,0,2,0.0
5.647771133999413,259,4948.86,-96.5,-0.5,-107.1,0.26,-0.07,-0.15,0.0,-0.99,-0.12,-202.0,0.1,-1.0,0.96,0.0,-0.06,0.0,0.9972462083156797,0.3082207001484488,0.0006886789703953733,0.28,0,2,0.0
5.655756959999962,260,4948.87,-96.4,-0.5,-107.1,0.28,-0.05,-0.15,0.0,-0.99,-0.12,-202.0,0.4,4.0,0.96,-0.03,0.01,0.0,0.9972462083156797,0.32155870381627055,0.000674905390987468,0.28,0,2,0.0
5.667769579999913,261,4948.88,-96.4,-0.5,-107.1,0.3,-0.06,-0.15,0.0,-0.99,-0.12,-201.9,0.3,-1.0,0.96,0.0,-0.06,0.0,0.9972462083156797,0.3407345007480164,0.0006614072831677698,0.28,0,2,0.0
5.6756826439996075,262,4948.89,-96.4,-0.5,-107.2,0.3,-0.06,-0.16,0.0,-0.99,-0.12,-201.9,0.0,-1.0,0.96,0.0,-0.06,0.0,0.9972462083156797,0.34525353003264136,0.0006481791375043677,0.28,0,2,0.0
5.687711649999983,263,4948.9,-96.4,-0.5,-107.2,0.3,-0.05,-0.16,0.0,-0.99,-0.12,-201.9,0.3,-1.0,0.96,0.0,-0.06,0.0,0.9972462083156797,0.34365680554879163,0.0006352155547543203,0.28,0,2,0.0
5.695622416999868,264,4948.91,-96.3,-0.4,-107.2,0.3,-0.05,-0.18,0.0,-0.99,-0.11,-201.9,0.2,0.0,0.96,0.0,-0.14,0.0,0.9960923651951158,0.35341194094144585,0.000508255014493364,0.28,0,2,0.0
5.7078507549995265,265,4948.92,-96.3,-0.4,-107.2,0.32,-0.08,-0.21,-0.01,-0.98,-0.11,-201.9,0.0,1.0,0.96,0.0,0.01,0.0,0.9862048468751307,0.39102429592034305,0.010187857867788974,0.28,0,2,0.0
5.715578416999961,266,4948.93,-96.3,-0.4,-107.2,0.31,-0.12,-0.21,-0.01,-0.98,-0.11,-201.9,0.0,-2.0,0.96,0.0,0.01,0.0,0.9862048468751307,0.39319206502674997,0.009984100710433208,0.28,0,2,0.0
5.727858672999901,267,4948.94,-96.2,-0.4,-107.2,0.3,-0.15,-0.18,0.0,-0.97,-0.11,-201.9,0.4,5.0,0.96,-0.01,0.01,0.0,0.9762171889492625,0.3806573262134856,0.019572323463575403,0.28,0,2,0.0
5.735672772999351,268,4948.95,-96.2,-0.4,-107.2,0.27,-0.21,-0.21,-0.01,-0.98,-0.11,-201.9,0.0,-1.0,0.96,0.0,-0.06,0.0,0.9862048468751307,0.40137264480778956,0.009392972226953011,0.28,0,2,0.0
5.7477018780000435,269,4948.96,-96.2,-0.3,-107.3,0.26,-0.24,-0.21,-0.01,-0.97,-0.11,-201.9,0.0,1.0,0.96,0.0,0.01,0.0,0.9762684057163787,0.4114608122288197,0.018942825117990836,0.28,0,2,0.0
5.759756035999999,270,4948.97,-96.2,-0.3,-107.3,0.2,-0.3,-0.2,-0.01,-0.98,-0.11,-201.9,0.2,0.0,0.96,0.0,0.01,0.0,0.9862048468751307,0.41231056256176607,0.008826256280054179,0.28,0,2,0.0
5.767712331999974,271,4948.98,-96.2,-0.3,-107.3,0.14,-0.32,-0.23,-0.01,-0.99,-0.11,-201.9,0.0,0.0,0.96,0.0,0.09,0.0,0.9961425600786264,0.41821047332652966,0.0010892277849727794,0.28,0,2,0.0
5.775675713000055,272,4948.99,-96.2,-0.3,-107.4,0.14,-0.37,-0.24,-0.01,-0.99,-0.11,-201.9,0.0,-1.0,0.96,0.0,0.09,0.0,0.9961425600786264,0.46270941205037097,0.0010674432292733238,0.28,0,2,0.0
5.78764570399926,273,4949.0,-96.1,-0.3,-107.4,0.17,-0.41,-0.25,-0.01,-0.99,-0.11,-201.9,0.0,0.0,0.96,0.0,0.0,0.0,0.9961425600786264,0.5094114250780011,0.001046094364687833,0.28,0,2,0.0
5.795780116999595,274,4949.01,-96.1,-0.3,-107.4,0.15,-0.43,-0.26,-0.01,-0.99,-0.11,-201.9,0.1,0.0,0.96,0.0,-0.06,0.0,0.9961425600786264,0.5244044240850757,0.0010251724773940873,0.28,0,2,0.0
5.807705418999831,275,4949.02,-96.1,-0.3,-107.5,0.15,-0.45,-0.27,-0.01,-0.99,-0.11,-201.9,0.2,0.0,0.96,0.0,0.09,0.0,0.9961425600786264,0.5458021619598076,0.001004669027846239,0.28,0,2,0.0
5.815717577999749,276,4949.03,-96.1,-0.2,-107.5,0.14,-0.49,-0.3,-0.01,-0.99,-0.11,-201.9,-0.1,-3.0,0.96,0.0,-0.06,0.0,0.9961425600786264,0.5913543776789008,0.0009845756472892653,0.28,0,2,0.0
5.827794850999453,277,4949.04,-96.1,-0.2,-107.6,0.13,-0.51,-0.34,-0.01,-1.0,-0.11,-201.9,0.1,2.0,0.96,0.0,0.01,0.0,1.006081507632458,0.6265780079128217,0.01070505273709843,0.28,0,2,0.0
5.835622308999518,278,4949.05,-96.1,-0.2,-107.7,0.12,-0.52,-0.37,-0.01,-1.0,-0.1,-201.9,-0.2,-1.0,0.96,0.0,0.09,0.0,1.0050373127401788,0.6493843238021688,0.00946764068792283,0.28,0,2,0.0
5.847965103999741,279,4949.06,-96.1,-0.2,-107.7,0.14,-0.56,-0.4,0.0,-1.0,-0.11,-201.9,0.2,4.0,0.96,-0.01,0.01,0.0,1.0060318086422517,0.7022819946431775,0.010252893858195833,0.28,0,2,0.0
5.855790603999594,280,4949.07,-96.1,-0.1,-107.8,0.19,-0.63,-0.42,0.0,-1.0,-0.11,-201.9,-0.3,-1.0,0.96,0.0,0.09,0.0,1.0060318086422517,0.7806407624509497,0.010047835981031872,0.28,0,2,0.0
5.867710219999935,281,4949.08,-96.0,-0.1,-107.8,0.23,-0.67,-0.43,-0.01,-1.0,-0.1,-201.9,0.0,1.0,0.96,0.0,0.01,0.0,1.0050373127401788,0.828673639015988,0.008872273277379827,0.28,0,2,0.0
5.875686504999976,282,4949.09,-96.0,-0.1,-107.9,0.24,-0.7,-0.45,-0.01,-1.0,-0.1,-201.9,0.1,-2.0,0.96,0.0,0.09,0.0,1.0050373127401788,0.866083136886985,0.008694827811832284,0.28,0,2,0.0
5.8877103519998855,283,4949.1,-96.0,0.0,-108.0,0.28,-0.73,-0.45,0.0,-1.0,-0.1,-201.9,-0.2,0.0,0.96,0.0,-0.07,0.0,1.004987562112089,0.9021086409075129,0.008472175640067525,0.28,0,2,0.0
5.895669749999797,284,4949.11,-96.0,0.0,-108.1,0.3,-0.77,-0.45,0.0,-1.01,-0.1,-201.9,0.1,2.0,0.96,0.0,-0.07,0.0,1.0149384217774002,0.9409569596958194,0.01805457459927129,0.28,0,2,0.0
5.9076586379997025,285,4949.12,-95.9,0.0,-108.2,0.34,-0.75,-0.46,-0.01,-1.01,-0.1,-201.9,-0.1,-1.0,0.96,0.0,0.0,0.0,1.0149876846543509,0.9432391001225512,0.01774176072669742,0.28,0,2,0.0
5.915766617999907,286,4949.13,-95.9,0.0,-108.2,0.4,-0.73,-0.47,0.0,-1.01,-0.09,-201.9,0.1,0.0,0.96,0.0,-0.07,0.0,1.0140019723846694,0.955928867646542,0.016420927487875603,0.28,0,2,0.0
5.927702230999785,287,4949.14,-95.8,0.0,-108.3,0.45,-0.74,-0.49,0.0,-1.0,-0.09,-201.9,0.0,-2.0,0.96,0.0,0.0,0.0,1.004041831797859,0.9950879358127099,0.0063315711630439475,0.28,0,2,0.0
5.93557928700011,288,4949.15,-95.8,0.0,-108.4,0.45,-0.77,-0.5,0.0,-0.99,-0.09,-201.9,0.0,1.0,0.96,0.0,-0.07,0.0,0.9940824915468535,1.0224480426897007,0.003555213706202376,0.28,0,2,0.0
5.947787526999491,289,4949.16,-95.7,0.1,-108.5,0.41,-0.77,-0.5,-0.01,-0.99,-0.08,-201.9,-0.1,-2.0,0.96,0.0,0.0,0.0,0.9932774033471213,1.0054849576199536,0.004273095867815768,0.28,0,2,0.0
5.955675583999437,290,4949.17,-95.7,0.1,-108.6,0.42,-0.77,-0.48,-0.01,-0.99,-0.08,-201.9,0.0,0.0,0.96,0.0,0.01,0.0,0.9932774033471213,0.9998499887483122,0.004187633950459402,0.28,0,2,0.0
5.967706075000024,291,4949.18,-95.6,0.1,-108.6,0.42,-0.82,-0.47,0.0,-0.99,-0.07,-201.9,-0.2,0.0,0.96,0.0,0.0,0.0,0.9924716620639604,1.0342630226397924,0.004893507728947921,0.28,0,2,0.0
5.975712376000047,292,4949.19,-95.6,0.2,-108.7,0.4,-0.87,-0.45,0.0,-1.0,-0.07,-201.9,0.1,0.0,0.96,0.0,-0.15,0.0,1.0024470060806208,1.0580170130957254,0.004980199561958165,0.28,0,2,0.0
5.9876670069998,293,4949.2,-95.5,0.2,-108.8,0.39,-0.88,-0.48,-0.01,-1.0,-0.07,-201.9,0.0,0.0,0.96,0.0,0.0,0.0,1.002496882788171,1.0755928597754822,0.004929474744118312,0.28,0,2,0.0
5.995638506999967,294,4949.21,-95.5,0.2,-108.9,0.4,-0.93,-0.52,-0.01,-1.0,-0.07,-201.9,0.3,0.0,0.96,0.0,0.0,0.0,1.002496882788171,1.138112472473613,0.004830885249235917,0.28,0,2,0.0
6.007735135000075,295,4949.22,-95.4,0.3,-109.0,0.41,-0.99,-0.55,-0.01,-1.0,-0.07,-201.9,-0.3,0.0,0.96,0.0,0.01,0.0,1.002496882788171,1.2044500819876263,0.004734267544251214,0.28,0,2,0.0
6.015765919999467,296,4949.23,-95.4,0.3,-109.1,0.41,-1.08,-0.57,-0.02,-1.0,-0.06,-201.9,0.1,-3.0,0.96,0.01,0.0,0.0,1.0019980039900278,1.2881770064707723,0.004150680971185761,0.28,0,2,0.0
6.027742315999603,297,4949.24,-95.3,0.3,-109.2,0.41,-1.12,-0.56,-0.03,-0.99,-0.06,-201.9,-0.1,2.0,0.96,0.0,-0.07,0.0,0.9922701245124737,1.3176114753598651,0.005465654536241038,0.28,0,2,0.0
6.035574615999394,298,4949.25,-95.2,0.3,-109.4,0.4,-1.19,-0.54,-0.02,-1.0,-0.06,-201.9,0.0,-3.0,0.96,0.01,-0.07,0.0,1.0019980039900278,1.3666382110858748,0.004176980442486822,0.28,0,2,0.0
6.048080904999551,299,4949.26,-95.2,0.4,-109.5,0.38,-1.28,-0.52,0.0,-1.01,-0.05,-201.9,0.0,3.0,0.96,0.0,-0.07,0.0,1.011236866416568,1.4328991590478377,0.013147526011646593,0.28,0,2,0.0
6.0556335989995205,300,4949.27,-95.1,0.4,-109.6,0.44,-1.38,-0.58,0.0,-1.02,-0.04,-201.9,0.0,-3.0,0.96,0.0,0.0,0.0,1.0207840124139875,1.5602563891873669,0.022240778568884734,0.28,0,2,0.0
6.067767621999337,301,4949.28,-95.0,0.5,-109.8,0.51,-1.46,-0.64,0.0,-1.02,-0.04,-201.9,0.0,0.0,0.96,0.0,0.08,0.0,1.0207840124139875,1.6737084572887835,0.02179596299750708,0.28,0,2,0.0
6.075773951999508,302,4949.29,-95.0,0.5,-109.9,0.56,-1.55,-0.66,0.0,-1.02,-0.03,-201.9,0.0,-1.0,0.96,0.0,0.08,0.0,1.0204410811016968,1.7753027910753705,0.021023971051512103,0.28,0,2,0.0
6.087694170999384,303,4949.3,-94.9,0.5,-110.1,0.63,-1.67,-0.68,0.0,-1.02,-0.02,-201.9,0.1,2.0,0.96,0.0,0.0,0.0,1.020196059588548,1.910026177831079,0.02036337054759596,0.28,0,2,0.0
6.095667101999425,304,4949.31,-94.8,0.6,-110.3,0.73,-1.84,-0.7,0.0,-1.01,0.0,-201.9,-0.3,2.0,0.96,-0.01,0.08,0.0,1.01,2.0996428267684006,0.009963964739867048,0.28,0,2,0.0
6.107744748999721,305,4949.32,-94.7,0.6,-110.5,0.76,-2.04,-0.71,-0.01,-0.99,0.0,-201.9,-0.2,-1.0,0.96,0.01,-0.07,0.0,0.9900505037623081,2.2898253208487325,0.009785820867868389,0.28,0,2,0.0
6.11575619299947,306,4949.33,-94.5,0.7,-110.7,0.81,-2.23,-0.7,-0.01,-0.98,0.0,-201.9,-0.1,3.0,0.96,-0.01,0.0,0.0,0.9800510190801293,2.4736612540928076,0.01938959943904628,0.28,0,2,0.0
6.127741153999523,307,4949.34,-94.4,0.7,-110.9,0.82,-2.4,-0.67,0.0,-0.97,-0.01,-201.9,-0.3,-1.0,0.96,0.0,-0.07,0.0,0.970051545022222,2.623223208192547,0.028801292027014425,0.28,0,2,0.0
6.135705689999668,308,4949.35,-94.3,0.7,-111.2,0.84,-2.53,-0.64,0.0,-0.96,-0.02,-201.9,-0.4,0.0,0.96,0.0,0.0,0.0,0.9602083107326242,2.741550656106868,0.03787163579027997,0.28,0,2,0.0
6.148187885999505,309,4949.36,-94.2,0.8,-111.5,0.9,-2.66,-0.63,0.0,-0.97,-0.02,-201.9,-0.1,1.0,0.96,0.0,-0.15,0.0,0.9702061636580134,2.877933286231632,0.027316307207593038,0.28,0,2,0.0
6.15563630699944,310,4949.37,-94.1,0.8,-111.7,1.01,-2.78,-0.61,0.02,-0.98,-0.03,-201.9,-0.5,-2.0,0.96,0.01,-0.07,0.0,0.9806630410084801,3.020033112401253,0.016522241259983805,0.28,0,2,0.0
6.167795837000085,311,4949.38,-94.0,0.9,-112.0,1.13,-2.88,-0.57,0.03,-0.98,-0.05,-202.0,-0.6,-1.0,0.96,0.02,-0.06,0.0,0.9817331613019904,3.1458226269133482,0.015143078547144029,0.28,0,2,0.0
6.175715897999908,312,4949.39,-93.8,0.9,-112.3,1.19,-3.02,-0.58,0.04,-1.01,-0.03,-202.0,-0.5,1.0,0.96,0.0,-0.08,0.0,1.011236866416568,3.2974080730173507,0.014073414036084975,0.28,0,2,0.0
6.1876713639994705,313,4949.4,-93.7,1.0,-112.6,1.27,-3.12,-0.6,0.04,-1.0,-0.03,-202.0,-0.3,2.0,0.96,0.0,-0.06,0.0,1.0012492197250393,3.421593196158772,0.00400405199766507,0.28,0,2,0.0
6.195643540999299,314,4949.41,-93.5,1.0,-113.0,1.34,-3.22,-0.58,0.05,-1.0,-0.04,-202.0,-0.2,0.0,0.96,0.0,-0.06,0.0,1.0020479030465559,3.5355904740226918,0.004706680612797998,0.28,0,2,0.0
6.207917269000063,315,4949.42,-93.4,1.1,-113.3,1.4,-3.29,-0.57,0.05,-1.0,-0.03,-202.0,0.0,1.0,0.96,0.0,0.0,0.0,1.0016985574512922,3.6206353033687333,0.004270188317183621,0.28,0,2,0.0
6.215720115999829,316,4949.43,-93.3,1.1,-113.6,1.36,-3.36,-0.56,0.04,-1.0,-0.03,-202.0,0.0,0.0,0.96,0.0,-0.14,0.0,1.0012492197250393,3.6678058836312477,0.0037444335791121386,0.28,0,2,0.0
6.227637700999367,317,4949.44,-93.1,1.2,-114.0,1.23,-3.42,-0.52,0.04,-1.0,-0.03,-202.0,0.0,1.0,0.96,0.0,-0.06,0.0,1.0012492197250393,3.6714710948065488,0.003669544907529909,0.28,0,2,0.0
6.235765310999341,318,4949.45,-93.0,1.2,-114.3,1.23,-3.5,-0.49,0.04,-1.01,-0.03,-202.0,0.0,0.0,0.96,0.0,0.0,0.0,1.011236866416568,3.742058257162761,0.013384047767077467,0.28,0,2,0.0
6.2477209109993055,319,4949.46,-92.9,1.3,-114.7,1.33,-3.54,-0.44,0.04,-1.0,-0.04,-202.0,0.0,0.0,0.96,0.0,-0.06,0.0,1.001598722043913,3.807111766155546,0.003670985326534093,0.28,0,2,0.0
6.2557659369995235,320,4949.47,-92.7,1.3,-115.0,1.39,-3.56,-0.38,0.05,-0.99,-0.05,-202.0,0.1,1.0,0.96,0.0,-0.06,0.0,0.9925220400575495,3.8405858928033365,0.005297582726632943,0.28,0,2,0.0
6.267725828999573,321,4949.48,-92.6,1.4,-115.4,1.38,-3.54,-0.35,0.06,-0.98,-0.07,-202.0,0.0,4.0,0.96,-0.02,-0.05,0.0,0.9843271813782245,3.8155602471983063,0.013222592577838754,0.28,0,2,0.0
6.2756743399995685,322,4949.49,-92.5,1.4,-115.7,1.26,-3.46,-0.32,0.06,-0.98,-0.08,-202.0,0.3,0.0,0.96,0.0,-0.07,0.0,0.9850888284819801,3.69616016968962,0.012211726564601455,0.28,0,2,0.0
6.287757289999718,323,4949.5,-92.4,1.4,-116.1,1.15,-3.34,-0.32,0.06,-1.0,-0.09,-202.0,1.5,15.0,0.96,-0.07,-0.06,0.0,1.005832988124768,3.5469000549775855,0.00836178441662283,0.28,0,2,0.0
6.295776995999404,324,4949.51,-92.4,1.5,-116.4,1.08,-3.2,-0.39,0.06,-1.02,-0.09,-201.9,2.9,6.0,0.96,-0.07,-0.06,0.0,1.0257192598367255,3.3997794046084815,0.02768309500600863,0.28,0,2,0.0
6.307869397999639,325,4949.52,-92.3,1.5,-116.7,1.0,-3.04,-0.45,0.06,-1.03,-0.09,-201.9,4.3,19.0,0.96,-0.16,-0.05,0.0,1.0356640381899913,3.2317332810737955,0.03687531589208892,0.28,0,2,0.0
6.315772099999776,326,4949.53,-92.2,1.6,-117.0,0.95,-2.91,-0.54,0.07,-1.04,-0.09,-201.8,8.9,45.0,0.96,-0.33,-0.13,0.0,1.0462313319720453,3.1084079526342747,0.04649375748066009,0.28,0,2,0.0
6.327658653000071,327,4949.54,-92.2,1.7,-117.3,0.95,-2.78,-0.6,0.08,-1.03,-0.1,-201.7,17.1,69.0,0.95,-0.54,-0.21,0.0,1.0379306335203715,2.998482949759761,0.03742919784840648,0.28,0,2,0.0
6.335755696999513,328,4949.55,-92.1,1.7,-117.6,0.97,-2.61,-0.63,0.09,-1.02,-0.1,-201.4,29.1,125.0,0.94,-0.99,-0.17,0.0,1.0288342918079665,2.854802970434212,0.027766199013281367,0.28,0,2,0.0
6.347743206999439,329,4949.56,-92.1,1.8,-117.8,1.01,-2.44,-0.64,0.1,-1.0,-0.11,-201.0,45.0,154.0,0.93,-1.45,-0.15,0.0,1.0109896141899777,2.7172228469523807,0.00972309096738666,0.28,0,2,0.0
6.355731654999545,330,4949.57,-92.0,1.9,-118.1,1.03,-2.25,-0.66,0.11,-0.99,-0.1,-200.4,64.7,184.0,0.91,-1.99,0.0,0.0,1.0010993956645864,2.561054470330532,0.00016378500684455233,0.28,0,2,0.0
6.3677247019995775,331,4949.58,-92.0,2.0,-118.3,0.97,-2.1,-0.68,0.11,-0.99,-0.1,-199.7,84.2,190.0,0.89,-2.53,-0.06,0.0,1.0010993956645864,2.411078596810979,0.00016050930670763464,0.28,0,2,0.0
6.375696147999406,332,4949.59,-91.9,2.1,-118.5,1.0,-1.96,-0.68,0.11,-0.98,-0.11,-198.7,104.2,197.0,0.86,-3.07,0.0,0.0,0.9922701245124737,2.303041467277565,0.008809984849643904,0.28,0,2,0.0
6.387748193999869,333,4949.6,-91.8,2.2,-118.7,1.08,-1.82,-0.63,0.11,-0.97,-0.11,-197.5,124.5,191.0,0.83,-3.57,-0.11,0.0,0.9823950325607311,2.2080987296767325,0.018311375265358754,0.28,0,2,0.0
6.395869019999736,334,4949.61,-91.7,2.2,-118.9,1.21,-1.69,-0.56,0.11,-0.96,-0.11,-196.1,143.4,192.0,0.78,-4.14,-0.01,0.0,0.9725224933131367,2.1526263029146513,0.02762023622269405,0.28,0,2,0.0
6.407602408999992,335,4949.62,-91.5,2.3,-119.0,1.42,-1.56,-0.46,0.11,-0.95,-0.11,-194.6,162.2,182.0,0.74,-4.6,-0.08,0.0,0.9626525853079084,2.159073875530895,0.0367403413433639,0.28,0,2,0.0
6.415741388999777,336,4949.63,-91.4,2.3,-119.2,1.55,-1.44,-0.35,0.11,-0.95,-0.11,-192.8,176.8,147.0,0.69,-4.96,-0.1,0.0,0.9626525853079084,2.1444346574330493,0.03600553451649657,0.28,0,2,0.0
6.427690367999276,337,4949.64,-91.2,2.3,-119.3,1.63,-1.34,-0.26,0.11,-0.94,-0.11,-191.0,186.3,97.0,0.64,-5.13,0.0,0.0,0.9527853903162034,2.1260526804385633,0.044955274918037635,0.28,0,2,0.0
6.435780866999266,338,4949.65,-91.1,2.3,-119.5,1.66,-1.22,-0.16,0.1,-0.94,-0.11,-189.1,189.7,42.0,0.59,-5.15,0.09,0.0,0.9516827202382104,2.0663010429267077,0.04513678609610994,0.28,0,2,0.0
6.447827250000046,339,4949.66,-90.9,2.4,-119.6,1.62,-1.12,-0.07,0.09,-0.95,-0.11,-187.2,186.8,-19.0,0.54,-5.0,0.07,0.0,0.9605727458136629,1.9707105317625928,0.03552182531024428,0.28,0,2,0.0
6.455672824999965,340,4949.67,-90.8,2.4,-119.7,1.67,-1.02,0.01,0.08,-0.95,-0.11,-185.4,179.8,-62.0,0.49,-4.77,0.11,0.0,0.9596874491208062,1.9568852802348942,0.035678979563039004,0.28,0,2,0.0
6.467845319999469,341,4949.68,-90.6,2.3,-119.8,1.69,-0.93,0.12,0.07,-0.94,-0.12,-183.7,169.2,-102.0,0.44,-4.44,-0.12,0.0,0.9502105029939418,1.9327182929749487,0.04425280717610525,0.28,0,2,0.0
6.475721263999731,342,4949.69,-90.4,2.3,-119.9,1.7,-0.81,0.28,0.07,-0.93,-0.12,-182.1,154.6,-140.0,0.4,-3.99,0.05,0.0,0.9403190947758108,1.903811965504997,0.05306133108635158,0.28,0,2,0.0
6.487729731999934,343,4949.7,-90.3,2.3,-119.9,1.67,-0.7,0.45,0.07,-0.92,-0.13,-180.7,137.4,-168.0,0.37,-3.48,-0.15,0.0,0.9317725044236925,1.8658510122729521,0.06037576300970038,0.28,0,2,0.0
6.495681530999718,344,4949.71,-90.1,2.2,-120.0,1.61,-0.58,0.63,0.09,-0.92,-0.14,-179.4,117.7,-176.0,0.34,-3.02,0.23,0.0,0.9349331526906082,1.823567931281969,0.056070812447929,0.28,0,2,0.0
6.508253742999841,345,4949.72,-89.9,2.2,-120.0,1.56,-0.4,0.8,0.1,-0.92,-0.15,-178.4,97.3,-205.0,0.31,-2.38,0.07,0.0,0.9374966666607407,1.7982213434391219,0.05243715250824055,0.28,0,2,0.0
6.51565274999939,346,4949.73,-89.8,2.1,-120.1,1.49,-0.21,0.94,0.11,-0.93,-0.14,-177.6,78.9,-170.0,0.29,-1.98,0.05,0.0,0.9468896451012653,1.7742040468897595,0.04218329058636172,0.28,0,2,0.0
6.527847338999891,347,4949.74,-89.6,2.0,-120.1,1.45,-0.06,1.03,0.13,-0.95,-0.13,-176.8,68.6,-120.0,0.27,-1.73,-0.09,0.0,0.9676259607927021,1.7796066981218068,0.021018035397026402,0.28,0,2,0.0
6.535760090999247,348,4949.75,-89.5,1.9,-120.1,1.47,0.1,1.04,0.14,-0.95,-0.14,-176.2,57.4,-118.0,0.26,-1.41,0.28,0.0,0.9704122835166504,1.8034688796871432,0.017867078419616544,0.28,0,2,0.0
6.5477694399996835,349,4949.76,-89.4,1.8,-120.1,1.46,0.32,1.11,0.15,-0.94,-0.14,-175.7,47.1,-101.0,0.24,-1.18,0.09,0.0,0.9621330469326993,1.8617464918726179,0.02562338870349634,0.28,0,2,0.0
6.5557239549998485,350,4949.77,-89.2,1.6,-120.0,1.36,0.52,1.14,0.15,-0.94,-0.12,-175.3,40.0,-61.0,0.23,-1.07,0.01,0.0,0.9594269122762816,1.84921605011421,0.027762932892715697,0.28,0,2,0.0
6.5677577689994,351,4949.78,-89.1,1.5,-120.0,1.14,0.73,1.15,0.12,-0.93,-0.11,-174.9,38.9,-18.0,0.22,-1.09,-0.35,0.0,0.9441398201537736,1.776231966833161,0.04218902451491924,0.28,0,2,0.0
6.575729622999461,352,4949.79,-89.0,1.4,-119.9,0.87,0.87,1.17,0.11,-0.9,-0.1,-174.5,43.7,32.0,0.21,-1.27,0.07,0.0,0.9121951545584969,1.6978515836197225,0.07265101630799209,0.28,0,2,0.0
6.587719288999324,353,4949.8,-88.9,1.3,-119.8,0.54,1.01,1.26,0.1,-0.89,-0.11,-174.0,50.0,48.0,0.2,-1.42,0.32,0.0,0.9023303164584464,1.7027330971118169,0.08086553731988166,0.28,0,2,0.0
6.595673615000123,354,4949.81,-88.9,1.1,-119.7,0.27,1.12,1.34,0.09,-0.89,-0.11,-173.5,52.5,16.0,0.18,-1.41,0.12,0.0,0.9012768719988326,1.767172883449721,0.08028060214390564,0.28,0,2,0.0
6.607813231999899,355,4949.82,-88.9,1.0,-119.6,0.07,1.16,1.46,0.09,-0.89,-0.11,-173.0,50.0,-25.0,0.17,-1.26,0.06,0.0,0.9012768719988326,1.8660385848100782,0.07867499010102752,0.28,0,2,0.0
6.61566984899946,356,4949.83,-88.8,0.8,-119.4,-0.05,1.28,1.58,0.09,-0.92,-0.12,-172.5,40.2,-97.0,0.16,-0.88,0.01,0.0,0.932148056909416,2.0340353979220716,0.04684772908663515,0.28,0,2,0.0
6.627781761999358,357,4949.84,-88.9,0.7,-119.3,-0.14,1.39,1.66,0.1,-0.92,-0.13,-172.3,15.4,-244.0,0.16,0.05,0.28,0.0,0.9345052166788584,2.1696313050838847,0.04360075793084894,0.28,0,2,0.0
6.635781223999402,358,4949.85,-88.9,0.5,-119.2,-0.28,1.6,1.79,0.07,-0.94,-0.14,-172.3,-10.5,-183.0,0.16,0.37,0.01,0.0,0.9529428104561154,2.4171263930543643,0.02465990087052017,0.28,0,2,0.0
6.6478195019999475,359,4949.86,-88.9,0.3,-119.0,-0.73,1.84,1.76,0.02,-1.03,-0.13,-172.5,-12.1,-51.0,0.16,0.3,0.03,0.0,1.0383640979926068,2.648792177578301,0.059546158932651805,0.28,0,2,0.0
6.655739967000045,360,4949.87,-89.1,0.2,-118.8,-1.16,2.11,1.56,0.01,-1.06,-0.12,-172.6,-9.9,-9.0,0.16,0.27,-0.06,0.0,1.0668176976409793,2.869024224366187,0.08623976340940387,0.28,0,2,0.0
6.66783138899973,361,4949.88,-89.2,0.0,-118.6,-1.28,2.22,1.39,0.04,-1.06,-0.1,-172.7,-16.5,-89.0,0.17,0.65,0.09,0.0,1.0654576481493763,2.9152872928752664,0.08318211963944477,0.28,0,2,0.0
6.675691219999862,362,4949.89,-89.4,0.0,-118.4,-1.37,2.32,1.28,0.04,-1.08,-0.1,-173.0,-31.6,-113.0,0.18,0.99,0.0,0.0,1.0853570840972109,2.9829012722515644,0.10101992447553376,0.28,0,2,0.0
6.687779902999864,363,4949.9,-89.6,-0.1,-118.1,-1.94,2.52,1.04,0.0,-1.15,-0.07,-173.4,-39.5,-73.0,0.19,1.12,0.08,0.0,1.1521284650593437,3.3459826658247946,0.16443547932891334,0.28,0,2,0.0
6.695683858999473,364,4949.91,-89.9,-0.2,-117.9,-2.47,2.56,0.68,-0.02,-1.18,-0.02,-173.8,-44.3,-54.0,0.2,1.24,-0.17,0.0,1.18033893437436,3.621726107811026,0.18879302967105105,0.28,0,2,0.0
6.707856864999485,365,4949.92,-90.1,-0.3,-117.6,-2.56,2.35,0.3,-0.06,-1.24,0.01,-174.2,-46.1,-18.0,0.21,1.23,0.0,0.0,1.241491039033307,3.4879936926548476,0.24494623164339802,0.28,0,2,0.0
6.715638077999756,366,4949.93,-90.4,-0.3,-117.4,-2.09,2.04,-0.07,-0.06,-1.25,0.02,-174.7,-45.0,-1.0,0.23,1.21,0.0,0.0,1.2515989773086267,2.9214037721615953,0.24995308652034343,0.28,0,2,0.0
6.727822775999812,367,4949.94,-90.5,-0.3,-117.2,-1.48,1.78,-0.32,-0.06,-1.21,0.01,-175.2,-46.9,-27.0,0.24,1.33,0.0,0.0,1.2115279608824552,2.3369210512980536,0.20568442869228853,0.28,0,2,0.0
6.735799508999662,368,4949.95,-90.6,-0.3,-117.0,-0.97,1.51,-0.45,-0.08,-1.13,0.02,-175.7,-52.7,-50.0,0.25,1.51,-0.01,0.0,1.1330048543585325,1.8502702505309867,0.12461809572499849,0.28,0,2,0.0
6.747834717999467,369,4949.96,-90.7,-0.3,-116.9,-0.66,1.34,-0.42,-0.06,-1.04,0.0,-176.2,-60.3,-70.0,0.27,1.73,0.22,0.0,1.0417293314484335,1.5516442891333053,0.03267572135860153,0.28,0,2,0.0
6.755705351999495,370,4949.97,-90.7,-0.3,-116.8,-0.42,1.27,-0.36,-0.02,-0.99,0.0,-176.9,-67.9,-69.0,0.29,1.91,0.1,0.0,0.9902019995940222,1.3852436608770313,0.018474578285893606,0.28,0,2,0.0
6.768043433999992,371,4949.98,-90.8,-0.2,-116.6,-0.38,1.32,-0.29,0.01,-0.95,-0.01,-177.6,-71.9,-46.0,0.31,2.0,-0.14,0.0,0.9501052573267869,1.4038874598770374,0.05739989414206648,0.28,0,2,0.0
6.775733919999766,372,4949.99,-90.8,-0.2,-116.5,-0.52,1.5,-0.23,0.05,-0.92,-0.02,-178.4,-75.8,-43.0,0.33,2.11,-0.01,0.0,0.9215747392371386,1.6041508657230468,0.08421180398708039,0.28,0,2,0.0
6.787842109999474,373,4950.0,-90.9,-0.1,-116.3,-0.72,1.78,-0.18,0.09,-0.9,-0.03,-179.1,-78.9,-28.0,0.35,2.15,0.17,0.0,0.9049861877399014,1.9285227507084275,0.09878434837463124,0.28,0,2,0.0
6.795738300999801,374,4950.01,-91.0,-0.1,-116.1,-0.88,2.15,-0.13,0.13,-0.9,-0.03,-179.7,-78.5,-3.0,0.37,2.11,0.1,0.0,0.9098351499035416,2.3267574003320584,0.09205667848677124,0.28,0,2,0.0
6.807818429999315,375,4950.02,-91.1,0.0,-115.9,-0.98,2.52,-0.09,0.15,-0.91,-0.02,-180.7,-77.2,0.0,0.39,2.1,0.11,0.0,0.9224966124599049,2.705346558206545,0.07780731161179977,0.28,0,2,0.0
6.8156530859996565,376,4950.03,-91.2,0.0,-115.6,-1.01,2.84,-0.08,0.14,-0.93,-0.01,-181.5,-75.9,15.0,0.41,2.02,-0.01,0.0,0.9405317644821998,3.015310929240963,0.05857671639771478,0.28,0,2,0.0
6.828167687000132,377,4950.04,-91.3,0.0,-115.3,-0.96,3.13,-0.07,0.12,-0.94,0.0,-182.2,-71.8,44.0,0.43,1.85,0.07,0.0,0.9476286192385707,3.2746602877245143,0.050450264408516965,0.28,0,2,0.0
6.83566243399946,378,4950.05,-91.4,0.0,-115.0,-0.86,3.33,-0.13,0.09,-0.96,0.01,-182.9,-64.0,62.0,0.45,1.66,0.17,0.0,0.9642613753542137,3.4417146889305044,0.03314115812701646,0.28,0,2,0.0
6.847850518000087,379,4950.06,-91.4,0.0,-114.7,-0.81,3.45,-0.18,0.05,-0.95,0.03,-183.5,-56.9,75.0,0.47,1.43,-0.03,0.0,0.9517877914745492,3.548379912016187,0.044702447166547365,0.28,0,2,0.0
6.85570327699952,380,4950.07,-91.5,0.0,-114.3,-0.79,3.5,-0.24,0.01,-0.98,0.05,-184.0,-47.2,93.0,0.48,1.14,0.17,0.0,0.9813256340277675,3.596067296366963,0.014861312521062486,0.28,0,2,0.0
6.8681382629993095,381,4950.08,-91.5,0.1,-114.0,-0.85,3.46,-0.35,-0.02,-1.0,0.06,-184.4,-37.6,89.0,0.49,0.91,0.0,0.0,1.0019980039900278,3.5800279328519213,0.005694836292373884,0.28,0,2,0.0
6.875657529999444,382,4950.09,-91.5,0.1,-113.6,-0.92,3.29,-0.44,-0.06,-1.02,0.08,-184.7,-29.3,79.0,0.5,0.72,-0.09,0.0,1.0248902380255165,3.444430286709255,0.028015328921305316,0.28,0,2,0.0
6.887978232000023,383,4950.1,-91.6,0.2,-113.3,-0.95,3.05,-0.44,-0.1,-1.02,0.07,-184.9,-21.7,87.0,0.5,0.46,0.1,0.0,1.027277956543408,3.2246860312284666,0.0297949864904129,0.28,0,2,0.0
6.895695243999398,384,4950.11,-91.7,0.2,-113.0,-0.83,2.83,-0.35,-0.1,-1.02,0.04,-185.1,-14.7,52.0,0.51,0.38,0.01,0.0,1.0256705123966467,2.969898988181248,0.027623791496778627,0.28,0,2,0.0
6.9078854889994545,385,4950.12,-91.8,0.2,-112.8,-0.68,2.7,-0.19,-0.09,-1.01,0.03,-185.2,-13.8,22.0,0.51,0.37,-0.14,0.0,1.0144456614328832,2.7907884190672716,0.016070961722354782,0.28,0,2,0.0
6.915768627999569,386,4950.13,-91.9,0.2,-112.5,-0.66,2.58,-0.02,-0.06,-1.0,0.03,-185.4,-17.0,-22.0,0.51,0.51,-0.08,0.0,1.0022474744293446,2.6631560224665773,0.003795319224439875,0.28,0,2,0.0
6.927847819999442,387,4950.14,-91.9,0.2,-112.2,-0.74,2.54,0.11,-0.02,-0.99,0.02,-185.6,-23.9,-61.0,0.52,0.75,0.08,0.0,0.9904039579888602,2.647885949205517,0.007887233271723693,0.28,0,2,0.0
6.935737031999452,388,4950.15,-91.9,0.2,-112.0,-0.87,2.54,0.21,0.0,-1.0,0.02,-185.9,-33.6,-98.0,0.53,1.07,0.01,0.0,1.000199980003999,2.6930651681680486,0.0018706129685467365,0.28,0,2,0.0
6.947860428999775,389,4950.16,-92.0,0.2,-111.7,-0.93,2.6,0.32,0.0,-1.0,0.02,-186.3,-45.4,-103.0,0.54,1.35,0.0,0.0,1.000199980003999,2.7798021512330697,0.0018332007091758085,0.28,0,2,0.0
6.955700498999249,390,4950.17,-92.0,0.2,-111.5,-0.9,2.67,0.44,0.01,-1.01,0.02,-186.9,-56.0,-111.0,0.56,1.67,-0.17,0.0,1.010247494428964,2.85175384631984,0.011643100831458142,0.28,0,2,0.0
6.967876877999515,391,4950.18,-92.1,0.1,-111.2,-0.77,2.77,0.54,0.01,-1.0,0.03,-187.5,-66.7,-100.0,0.58,1.91,0.01,0.0,1.000499875062461,2.9253034030677916,0.0018575718356559356,0.28,0,2,0.0
6.975638365000123,392,4950.19,-92.1,0.1,-110.9,-0.64,2.81,0.62,0.0,-1.0,0.03,-188.2,-72.8,-65.0,0.6,2.03,0.05,0.0,1.0004498987955368,2.9478975558862284,0.0017714436573571524,0.28,0,2,0.0
6.987846320999779,393,4950.2,-92.1,0.0,-110.6,-0.52,2.83,0.68,-0.01,-0.99,0.04,-189.0,-77.9,-54.0,0.62,2.16,0.05,0.0,0.9908582138732059,2.956636602628061,0.007663836439674276,0.28,0,2,0.0
6.995650294999905,394,4950.21,-92.1,0.0,-110.3,-0.47,2.87,0.73,-0.03,-0.97,0.04,-189.8,-79.7,-24.0,0.64,2.18,0.01,0.0,0.9712878049270464,2.998449599376318,0.026689560478117214,0.28,0,2,0.0
7.0081939329993475,395,4950.22,-92.1,0.0,-110.0,-0.51,2.86,0.76,-0.03,-0.96,0.04,-190.6,-78.1,15.0,0.66,2.06,0.25,0.0,0.9613012014972206,3.0028819490616008,0.03594264062978403,0.28,0,2,0.0
7.015771991999827,396,4950.23,-92.1,-0.1,-109.7,-0.51,2.88,0.79,-0.04,-0.97,0.04,-191.3,-73.2,41.0,0.68,1.9,0.03,0.0,0.9716480844420988,3.029620438272755,0.025083842531207767,0.28,0,2,0.0
7.027713219999896,397,4950.24,-92.1,-0.2,-109.5,-0.49,2.91,0.77,-0.06,-0.97,0.04,-192.0,-67.3,50.0,0.7,1.77,-0.08,0.0,0.9726767191621274,3.049770483167545,0.023574103654955603,0.28,0,2,0.0
7.03570997999941,398,4950.25,-92.2,-0.3,-109.2,-0.52,2.92,0.76,-0.07,-0.97,0.03,-192.6,-62.2,54.0,0.72,1.6,-0.01,0.0,0.9729850975220535,3.0617641973215375,0.022800410789128867,0.28,0,2,0.0
7.047885221999422,399,4950.26,-92.2,-0.4,-108.9,-0.57,2.92,0.76,-0.09,-0.97,0.03,-193.2,-54.3,78.0,0.73,1.36,-0.04,0.0,0.9746281342132496,3.0706513966909363,0.020734226615974127,0.28,0,2,0.0
7.05574912999964,400,4950.27,-92.3,-0.5,-108.6,-0.61,2.9,0.74,-0.09,-0.98,0.02,-193.7,-46.5,71.0,0.74,1.19,-0.16,0.0,0.9843271813782244,3.0544557616701535,0.010814475861979367,0.28,0,2,0.0
7.067848191999474,401,4950.28,-92.3,-0.5,-108.3,-0.58,2.85,0.7,-0.09,-0.98,0.02,-194.1,-40.7,65.0,0.75,1.02,-0.01,0.0,0.9843271813782244,2.991471209956733,0.010598186344739746,0.28,0,2,0.0
7.0757669730001,402,4950.29,-92.4,-0.6,-108.0,-0.52,2.77,0.67,-0.08,-0.98,0.02,-194.5,-35.8,49.0,0.76,0.92,-0.06,0.0,0.9834632682515396,2.8969294088741617,0.011232857481995984,0.28,0,2,0.0
7.087790001999565,403,4950.3,-92.4,-0.7,-107.7,-0.4,2.67,0.6,-0.08,-0.97,0.02,-194.8,-31.7,45.0,0.77,0.8,0.16,0.0,0.973498844375277,2.7656644771193775,0.020773335731093412,0.28,0,2,0.0
7.095492057999763,404,4950.31,-92.4,-0.7,-107.5,-0.45,2.57,0.56,-0.08,-0.98,0.0,-195.1,-28.8,22.0,0.78,0.77,-0.05,0.0,0.9832598842625483,2.668520189168521,0.010792049926945713,0.28,0,2,0.0
7.107561478999742,405,4950.32,-92.5,-0.8,-107.2,-0.64,2.44,0.52,-0.08,-0.99,0.0,-195.4,-26.1,35.0,0.79,0.66,-0.05,0.0,0.9932270636667125,2.5755776051208397,0.0008083731123258442,0.28,0,2,0.0
7.119267461999698,406,4950.33,-92.5,-0.9,-107.0,-0.82,2.31,0.54,-0.08,-1.01,0.0,-195.6,-23.6,21.0,0.79,0.62,0.07,0.0,1.01316336293808,2.51,0.018745367635860877,0.28,0,2,0.0
7.127429303000099,407,4950.34,-92.6,-1.0,-106.7,-0.82,2.2,0.57,-0.08,-1.04,-0.01,-195.9,-22.9,7.0,0.8,0.63,-0.18,0.0,1.0431203190428227,2.4160504961610387,0.04772827726579143,0.28,0,2,0.0
7.135651069999767,408,4950.35,-92.7,-1.1,-106.5,-0.64,2.11,0.64,-0.07,-1.07,-0.02,-196.1,-26.4,-28.0,0.81,0.78,0.07,0.0,1.0724737759031686,2.295931183637698,0.07554009944361462,0.28,0,2,0.0
7.147807669000031,409,4950.36,-92.7,-1.2,-106.3,-0.43,2.09,0.7,-0.06,-1.07,-0.02,-196.4,-28.8,-24.0,0.82,0.82,-0.11,0.0,1.0718675291284834,2.245662485771181,0.0734351756155508,0.28,0,2,0.0
7.155551290999938,410,4950.37,-92.7,-1.2,-106.1,-0.21,2.06,0.76,-0.06,-1.06,-0.01,-196.7,-32.0,-23.0,0.82,0.89,-0.02,0.0,1.0617438485811916,2.205742505370924,0.062045265166893904,0.28,0,2,0.0
7.167826664999666,411,4950.38,-92.7,-1.3,-105.9,-0.03,1.99,0.75,-0.06,-1.05,-0.01,-197.1,-34.6,-27.0,0.83,0.97,0.0,0.0,1.0517604289951206,2.1268521340234257,0.051020608669206435,0.28,0,2,0.0
7.175742875999276,412,4950.39,-92.7,-1.4,-105.7,0.12,1.9,0.69,-0.06,-1.03,0.0,-197.4,-37.1,-32.0,0.84,1.06,0.08,0.0,1.031746092796091,2.024969135567256,0.030386147020773357,0.28,0,2,0.0
7.187941002000116,413,4950.4,-92.7,-1.5,-105.5,0.21,1.8,0.61,-0.07,-1.01,0.0,-197.8,-40.6,-26.0,0.85,1.12,-0.07,0.0,1.0124228365658292,1.912119243143586,0.010841632974701199,0.28,0,2,0.0
7.195666668999365,414,4950.41,-92.6,-1.6,-105.3,0.25,1.63,0.52,-0.07,-1.0,0.0,-198.2,-39.2,9.0,0.86,1.02,0.0,0.0,1.0024470060806208,1.7291038141187474,0.0008484864397029224,0.28,0,2,0.0
7.2078225259992905,415,4950.42,-92.6,-1.7,-105.2,0.24,1.48,0.54,-0.08,-0.99,0.0,-198.6,-36.8,22.0,0.87,0.96,-0.23,0.0,0.9932270636667125,1.593612248948909,0.008204026854721103,0.28,0,2,0.0
7.215814743999545,416,4950.43,-92.5,-1.7,-105.0,0.29,1.33,0.56,-0.09,-0.99,-0.01,-198.9,-34.4,24.0,0.88,0.9,0.0,0.0,0.9941327879111522,1.4719374986730926,0.007152336558075789,0.28,0,2,0.0
7.227961867999511,417,4950.44,-92.5,-1.8,-104.9,0.35,1.23,0.61,-0.09,-0.99,-0.02,-199.3,-31.2,36.0,0.89,0.78,-0.02,0.0,0.9942836617384396,1.4168627315304754,0.006861433476172518,0.28,0,2,0.0
7.235902161000013,418,4950.45,-92.4,-1.9,-104.8,0.48,1.15,0.67,-0.1,-0.99,-0.02,-199.5,-25.0,42.0,0.9,0.64,-0.13,0.0,0.995238664843765,1.4148498153514386,0.005788301763430148,0.28,0,2,0.0
7.247483226999975,419,4950.46,-92.4,-2.0,-104.7,0.62,1.1,0.69,-0.09,-1.0,-0.02,-199.8,-23.1,37.0,0.91,0.56,-0.12,0.0,1.0042410069301093,1.438923208513922,0.0031497595164557968,0.28,0,2,0.0
7.257742768999378,420,4950.47,-92.3,-2.1,-104.6,0.78,1.03,0.67,-0.09,-1.0,-0.02,-200.0,-18.3,43.0,0.91,0.43,-0.75,0.0,1.0042410069301093,1.455403724057349,0.0030867643261267563,0.28,0,2,0.0
7.267226109999683,421,4950.48,-92.2,-2.2,-104.5,0.91,0.97,0.64,-0.09,-0.98,-0.03,-200.1,-13.1,52.0,0.91,0.28,0.08,0.0,0.9845811292118085,1.47600813005891,0.016241651124330625,0.28,0,2,0.0
7.2798323379993235,422,4950.49,-92.1,-2.3,-104.4,0.97,0.9,0.58,-0.08,-0.98,-0.03,-200.2,-7.8,61.0,0.92,0.12,-0.01,0.0,0.983717439105356,1.444749113168096,0.01676323440616745,0.28,0,2,0.0
7.291872079999848,423,4950.5,-92.0,-2.4,-104.3,1.02,0.83,0.48,-0.08,-0.98,-0.04,-200.2,-0.1,60.0,0.92,-0.04,0.14,0.0,0.9840731680114034,1.399892853042689,0.016079355390117733,0.28,0,2,0.0
7.3038604639996265,424,4950.51,-91.9,-2.4,-104.2,1.04,0.78,0.39,-0.08,-0.97,-0.05,-200.2,0.0,10.0,0.92,0.01,-0.09,0.0,0.9745768312452333,1.3572398461583717,0.0250641783131621,0.28,0,2,0.0
7.31180086599943,425,4950.52,-91.8,-2.5,-104.1,1.09,0.72,0.3,-0.09,-0.97,-0.05,-200.2,0.2,8.0,0.92,0.0,0.08,0.0,0.9754486147409304,1.3403357788255896,0.023708546921115792,0.28,0,2,0.0
7.319858156999544,426,4950.53,-91.8,-2.6,-104.0,1.12,0.65,0.23,-0.09,-0.98,-0.05,-200.2,0.0,-2.0,0.92,0.0,-0.09,0.0,0.985393322486001,1.3152186130069785,0.013488562392524273,0.28,0,2,0.0
7.327733801999784,427,4950.54,-91.7,-2.6,-104.0,1.2,0.55,0.13,-0.1,-0.99,-0.05,-200.2,0.2,2.0,0.92,0.0,-0.07,0.0,0.9962931295557548,1.3264237633576985,0.002536980216315099,0.28,0,2,0.0
7.335714973999529,428,4950.55,-91.5,-2.6,-103.9,1.28,0.42,0.01,-0.1,-0.99,-0.05,-200.2,0.0,-2.0,0.92,0.0,0.14,0.0,0.9962931295557548,1.3471822445385777,0.002486240611988766,0.28,0,2,0.0
7.3477414549997775,429,4950.56,-91.4,-2.7,-103.9,1.32,0.31,-0.1,-0.11,-0.99,-0.06,-200.2,0.0,0.0,0.92,0.0,0.15,0.0,0.9978977903573091,1.3595955280891447,0.0008639482142257515,0.28,0,2,0.0
7.3557463629995254,430,4950.57,-91.3,-2.7,-103.9,1.35,0.19,-0.23,-0.11,-1.0,-0.06,-200.2,0.2,-1.0,0.92,0.0,-0.16,0.0,1.0078194282707593,1.3825700705570043,0.008876535905239957,0.28,0,2,0.0
7.367867471999489,431,4950.58,-91.2,-2.7,-103.8,1.34,0.09,-0.36,-0.11,-1.01,-0.06,-200.2,-0.2,-4.0,0.92,0.01,-0.08,0.0,1.017742600071354,1.3904315876734101,0.018423713551718013,0.28,0,2,0.0
7.3757532009994975,432,4950.59,-91.1,-2.7,-103.8,1.35,-0.03,-0.48,-0.11,-1.0,-0.06,-200.2,0.2,1.0,0.92,0.0,0.14,0.0,1.0078194282707593,1.4331085094995426,0.008330530916100809,0.28,0,2,0.0
7.387871526999334,433,4950.6,-91.0,-2.7,-103.9,1.39,-0.19,-0.58,-0.1,-1.0,-0.06,-200.2,-0.2,-2.0,0.92,0.0,0.22,0.0,1.0067770358922576,1.518090906368917,0.0071423757668471755,0.28,0,2,0.0
7.395823869999731,434,4950.61,-90.9,-2.6,-103.9,1.44,-0.33,-0.66,-0.1,-0.99,-0.07,-200.2,0.2,-9.0,0.92,0.03,0.0,0.0,0.9974968671630001,1.6180543872194162,0.0020950371031621673,0.28,0,2,0.0
7.407832075999977,435,4950.62,-90.8,-2.6,-103.9,1.5,-0.47,-0.74,-0.09,-0.99,-0.08,-200.2,0.0,4.0,0.92,-0.01,-0.08,0.0,0.9972963451251589,1.73738308959193,0.0022496479581833873,0.28,0,2,0.0
7.415873281999666,436,4950.63,-90.7,-2.5,-104.0,1.49,-0.6,-0.78,-0.09,-0.98,-0.08,-200.2,-0.1,-4.0,0.92,0.01,0.07,0.0,0.9873702446397703,1.7856371411907852,0.011932233474700515,0.28,0,2,0.0
7.427908804999788,437,4950.64,-90.5,-2.5,-104.0,1.45,-0.76,-0.82,-0.09,-0.98,-0.08,-200.2,0.4,2.0,0.91,0.0,0.0,0.0,0.9873702446397703,1.8309833423600554,0.011693588805206545,0.28,0,2,0.0
7.435894940999788,438,4950.65,-90.4,-2.4,-104.1,1.46,-0.89,-0.85,-0.09,-0.98,-0.08,-200.2,-0.2,0.0,0.92,0.0,0.07,0.0,0.9873702446397703,1.909502553022645,0.011459717029102423,0.28,0,2,0.0
7.447900678999758,439,4950.66,-90.3,-2.4,-104.2,1.46,-1.0,-0.89,-0.09,-0.98,-0.07,-200.2,0.0,-8.0,0.92,0.03,0.06,0.0,0.986610358753647,1.9808331580423424,0.011975210856921215,0.28,0,2,0.0
7.455877372000032,440,4950.67,-90.2,-2.3,-104.3,1.45,-1.1,-0.94,-0.1,-0.97,-0.07,-200.2,0.1,5.0,0.92,-0.01,0.07,0.0,0.9776502442080194,2.048438429633656,0.02051661889449785,0.28,0,2,0.0
7.468007269999362,441,4950.68,-90.1,-2.3,-104.4,1.37,-1.21,-0.98,-0.1,-0.96,-0.06,-200.2,0.0,-1.0,0.92,0.0,-0.09,0.0,0.9670573922989266,2.0739816778361377,0.030487281387518772,0.28,0,2,0.0
7.475800246999825,442,4950.69,-90.0,-2.2,-104.6,1.2,-1.31,-1.01,-0.1,-0.95,-0.05,-200.2,0.0,0.0,0.92,0.0,-0.01,0.0,0.9565563234854495,2.0435752983435673,0.040168583196976027,0.28,0,2,0.0
7.487894526999298,443,4950.7,-89.9,-2.1,-104.7,0.97,-1.41,-1.0,-0.09,-0.94,-0.06,-200.2,0.0,0.0,0.92,0.0,0.0,0.0,0.9462029380635002,1.9821705274773913,0.04951152924654678,0.28,0,2,0.0
7.495764063000024,444,4950.71,-89.9,-2.1,-104.9,0.77,-1.51,-0.98,-0.09,-0.94,-0.07,-200.2,-0.1,0.0,0.92,0.0,0.06,0.0,0.9468896451012652,1.9579070458017154,0.04784832576460618,0.28,0,2,0.0
7.5078389099999185,445,4950.72,-89.9,-2.0,-105.0,0.65,-1.57,-0.92,-0.08,-0.94,-0.07,-200.2,0.0,0.0,0.92,0.0,-0.16,0.0,0.9459915433025815,1.9323043238579165,0.047771499012024043,0.28,0,2,0.0
7.515821874999347,446,4950.73,-89.8,-2.0,-105.2,0.61,-1.62,-0.86,-0.07,-0.94,-0.08,-200.2,-0.1,0.0,0.92,0.0,0.06,0.0,0.9459915433025815,1.9328993765843063,0.04681606903178359,0.28,0,2,0.0
7.527893279999262,447,4950.74,-89.8,-1.9,-105.3,0.58,-1.65,-0.8,-0.06,-0.94,-0.08,-200.2,0.0,3.0,0.92,0.0,-0.08,0.0,0.9453041838477179,1.9232524535276172,0.04655335991691434,0.28,0,2,0.0
7.53588949799996,448,4950.75,-89.8,-1.8,-105.5,0.52,-1.65,-0.78,-0.05,-0.94,-0.09,-200.2,-0.3,-1.0,0.92,0.0,0.22,0.0,0.945621488757526,1.8977091452590937,0.04531133390696407,0.28,0,2,0.0
7.54788433900012,449,4950.76,-89.8,-1.8,-105.7,0.41,-1.64,-0.77,-0.05,-0.94,-0.1,-200.2,-0.7,-5.0,0.92,0.03,0.05,0.0,0.9466255859631092,1.8575790696495262,0.04342109196735333,0.28,0,2,0.0
7.555843129000095,450,4950.77,-89.8,-1.7,-105.8,0.25,-1.62,-0.74,-0.05,-0.95,-0.09,-200.2,-2.1,-11.0,0.92,0.07,-0.14,0.0,0.9555626614722866,1.7984715733088472,0.03379433612901239,0.28,0,2,0.0
7.567803404999722,451,4950.78,-89.9,-1.6,-106.0,0.14,-1.62,-0.69,-0.04,-0.97,-0.09,-200.3,-4.6,-28.0,0.92,0.17,0.0,0.0,0.9749871794028884,1.7663804799646083,0.014082421834442416,0.28,0,2,0.0
7.575856712000132,452,4950.79,-89.9,-1.6,-106.1,0.03,-1.59,-0.6,-0.04,-0.98,-0.09,-200.4,-11.7,-64.0,0.92,0.41,0.03,0.0,0.9849365461794988,1.6997058569058354,0.004050393956675391,0.28,0,2,0.0
7.587858554999912,453,4950.8,-90.0,-1.5,-106.3,-0.13,-1.59,-0.44,-0.03,-1.0,-0.07,-200.6,-19.2,-66.0,0.93,0.6,-0.08,0.0,1.0028958071504734,1.6548715962273328,0.013630689674013263,0.28,0,2,0.0
7.595764814999711,454,4950.81,-90.0,-1.5,-106.5,-0.18,-1.59,-0.27,-0.03,-1.0,-0.08,-200.8,-25.8,-70.0,0.93,0.79,0.03,0.0,1.0036433629531956,1.6227754003558226,0.014090680567200642,0.28,0,2,0.0
7.608133189999535,455,4950.82,-90.1,-1.5,-106.6,-0.23,-1.51,-0.08,-0.03,-0.99,-0.09,-201.1,-32.2,-66.0,0.94,0.96,-0.02,0.0,0.9945350672550466,1.5295097253695382,0.004882737171670648,0.28,0,2,0.0
7.6158045579995814,456,4950.83,-90.2,-1.5,-106.7,-0.35,-1.43,0.06,-0.04,-0.98,-0.1,-201.5,-41.4,-85.0,0.95,1.22,-0.2,0.0,0.985900603509299,1.4734313692873515,0.003676692042595464,0.28,0,2,0.0
7.627987510999446,457,4950.84,-90.3,-1.5,-106.9,-0.41,-1.39,0.08,-0.06,-0.97,-0.09,-202.0,-50.2,-80.0,0.97,1.45,0.17,0.0,0.976012295004525,1.4514131045295133,0.013293700536421982,0.28,0,2,0.0
7.635724525999649,458,4950.85,-90.4,-1.6,-107.0,-0.61,-1.39,0.12,-0.07,-0.95,-0.08,-202.5,-57.7,-78.0,0.98,1.67,0.08,0.0,0.955928867646542,1.522694979304785,0.03270958533651691,0.28,0,2,0.0
7.6481646619995445,459,4950.86,-90.5,-1.6,-107.2,-0.74,-1.4,0.14,-0.07,-0.96,-0.06,-203.1,-66.6,-83.0,1.0,1.9,0.08,0.0,0.9644169222903547,1.5897169559390123,0.023737100078850104,0.28,0,2,0.0
7.655714750999323,460,4950.87,-90.6,-1.7,-107.3,-0.85,-1.44,0.21,-0.06,-0.96,-0.05,-203.9,-73.5,-75.0,1.02,2.09,0.0,0.0,0.96317184344228,1.685289292673516,0.024482535348386292,0.28,0,2,0.0
7.6680766379995475,461,4950.88,-90.7,-1.7,-107.5,-0.9,-1.48,0.25,-0.05,-0.98,-0.05,-204.7,-82.6,-83.0,1.05,2.34,0.06,0.0,0.98254770876533,1.7501142819827509,0.005004536624829581,0.28,0,2,0.0
7.675707661999695,462,4950.89,-90.8,-1.7,-107.6,-1.0,-1.51,0.36,-0.03,-1.0,-0.05,-205.5,-89.7,-72.0,1.07,2.52,-0.08,0.0,1.0016985574512922,1.8465372999211254,0.013863385819909979,0.28,0,2,0.0
7.6881083009993745,463,4950.9,-90.9,-1.8,-107.8,-1.04,-1.49,0.49,-0.02,-1.0,-0.04,-206.5,-96.2,-68.0,1.1,2.7,0.16,0.0,1.000999500499376,1.8819670560347226,0.012901042290633824,0.28,0,2,0.0
7.695690335999643,464,4950.91,-91.0,-1.8,-107.9,-1.09,-1.43,0.69,-0.01,-1.0,-0.03,-207.5,-103.4,-69.0,1.13,2.89,0.18,0.0,1.000499875062461,1.9259023858960245,0.012153388516644492,0.28,0,2,0.0
7.7079394859993045,465,4950.92,-91.1,-1.9,-108.0,-1.08,-1.35,0.89,0.0,-1.01,-0.03,-208.6,-109.2,-51.0,1.16,3.0,0.0,0.0,1.0104454463255301,1.9444793647657976,0.021656980584119356,0.28,0,2,0.0
7.71784436300004,466,4950.93,-91.3,-2.0,-108.2,-0.99,-1.21,1.04,0.01,-1.03,-0.03,-209.7,-111.8,-31.0,1.19,3.05,-0.01,0.0,1.0304853225543777,1.8777113729218344,0.04086291967670763,0.28,0,2,0.0
7.728123228999721,467,4950.94,-91.3,-2.1,-108.3,-0.79,-1.13,1.09,0.02,-1.05,-0.02,-210.8,-114.2,-28.0,1.22,3.13,0.06,0.0,1.050380883299006,1.757583568425695,0.0595433108129092,0.28,0,2,0.0
7.735689484999966,468,4950.95,-91.4,-2.1,-108.4,-0.56,-1.05,1.0,0.02,-1.05,-0.01,-212.0,-116.7,-32.0,1.25,3.21,0.0,0.0,1.0502380682492898,1.5543809056984714,0.05821248584792904,0.28,0,2,0.0
7.748163897999802,469,4950.96,-91.4,-2.2,-108.5,-0.5,-1.02,0.93,-0.01,-1.04,0.0,-213.2,-120.9,-39.0,1.28,3.34,0.0,0.0,1.0400480758118829,1.4680940024398983,0.04706204354231169,0.28,0,2,0.0
7.755703486999664,470,4950.97,-91.5,-2.3,-108.6,-0.88,-1.04,1.04,-0.02,-1.06,0.01,-214.4,-124.5,-31.0,1.32,3.41,0.09,0.0,1.0602358228243376,1.713942822850284,0.06590479474367106,0.28,0,2,0.0
7.768139198999961,471,4950.98,-91.5,-2.4,-108.7,-1.09,-1.09,1.11,0.0,-1.12,0.02,-215.7,-127.0,-33.0,1.35,3.5,-0.15,0.0,1.1201785571952358,1.8995525788985155,0.12333057853227791,0.28,0,2,0.0
7.7756934649996765,472,4950.99,-91.6,-2.5,-108.8,-0.85,-1.1,1.08,-0.02,-1.16,0.03,-217.0,-130.4,-27.0,1.39,3.56,0.06,0.0,1.1605602095539893,1.7603692794411065,0.16043798627321082,0.28,0,2,0.0
7.788180502999239,473,4951.0,-91.6,-2.6,-108.9,-0.61,-1.32,1.01,-0.06,-1.15,0.08,-218.3,-132.3,-21.0,1.42,3.61,-0.15,0.0,1.1543396380615194,1.7704801608603242,0.15113306648512603,0.28,0,2,0.0
7.795683100000133,474,4951.01,-91.6,-2.7,-109.1,-0.52,-1.68,0.82,-0.09,-1.13,0.09,-219.2,-132.9,-12.0,1.45,3.62,-0.08,0.0,1.137145549171257,1.9404123273160268,0.1312601980429664,0.28,0,2,0.0
7.807913777999602,475,4951.02,-91.7,-2.8,-109.3,-0.68,-2.1,0.57,-0.12,-1.09,0.09,-220.8,-132.1,-1.0,1.49,3.6,0.19,0.0,1.1002726934719411,2.279758759167294,0.09249959549677755,0.28,0,2,0.0
7.815740090999498,476,4951.03,-91.8,-2.8,-109.5,-0.95,-2.5,0.29,-0.14,-1.08,0.09,-222.1,-132.5,3.0,1.53,3.57,-0.04,0.0,1.092748827498799,2.6900929351975926,0.08327621493316273,0.28,0,2,0.0
7.827879864999886,477,4951.04,-91.8,-2.8,-109.8,-1.12,-2.89,0.02,-0.15,-1.09,0.1,-223.4,-132.1,-1.0,1.56,3.6,-0.09,0.0,1.1048076755707303,3.0994999596709145,0.09342836174499203,0.28,0,2,0.0
7.835743199999342,478,4951.05,-91.9,-2.8,-110.1,-1.01,-3.24,-0.21,-0.13,-1.09,0.1,-224.8,-133.5,-7.0,1.6,3.63,-0.08,0.0,1.1022703842524302,3.4002646955788607,0.08907324901815805,0.28,0,2,0.0
7.847826571000041,479,4951.06,-92.0,-2.8,-110.4,-0.79,-3.5,-0.33,-0.09,-1.07,0.09,-226.1,-135.4,-20.0,1.64,3.73,0.08,0.0,1.0775435026020992,3.6031930284124387,0.06305944002047048,0.28,0,2,0.0
7.8557606899994425,480,4951.07,-92.0,-2.8,-110.8,-0.57,-3.73,-0.36,-0.03,-1.03,0.1,-227.5,-138.9,-26.0,1.67,3.79,0.0,0.0,1.0352777405121776,3.7904353311987795,0.020377804371937813,0.28,0,2,0.0
7.867879587999596,481,4951.08,-92.0,-2.8,-111.2,-0.39,-3.94,-0.32,0.0,-0.99,0.09,-228.9,-142.7,-42.0,1.71,3.95,0.06,0.0,0.9940824915468535,3.9721656561628946,0.02040109570151849,0.28,0,2,0.0
7.8757096859999365,482,4951.09,-92.1,-2.8,-111.6,-0.17,-4.03,-0.27,0.03,-0.96,0.08,-230.4,-146.8,-37.0,1.75,4.02,0.08,0.0,0.9637945839233586,4.042610542706285,0.049675223258513146,0.28,0,2,0.0
7.88785611000003,483,4951.1,-92.0,-2.8,-112.0,-0.02,-4.0,-0.21,0.04,-0.94,0.07,-231.9,-151.4,-50.0,1.79,4.18,-0.14,0.0,0.9434511116109833,4.005558637693374,0.0686183216594708,0.28,0,2,0.0
7.895745359000102,484,4951.11,-92.0,-2.8,-112.4,0.04,-3.91,-0.17,0.04,-0.92,0.06,-233.4,-157.2,-54.0,1.84,4.34,-0.1,0.0,0.9228217596047463,3.913898312424583,0.08746272019239365,0.28,0,2,0.0
7.907801546999508,485,4951.12,-92.0,-2.8,-112.8,0.05,-3.84,-0.13,0.04,-0.91,0.06,-235.1,-163.4,-54.0,1.88,4.49,-0.14,0.0,0.9128526715741156,3.84252521136817,0.09548317205856383,0.28,0,2,0.0
7.915671322999515,486,4951.13,-92.0,-2.8,-113.1,0.09,-3.76,-0.11,0.05,-0.89,0.06,-236.8,-166.2,-28.0,1.93,4.53,0.0,0.0,0.893420393767682,3.762685211388271,0.11261714086769758,0.28,0,2,0.0
7.927822933999778,487,4951.14,-91.9,-2.8,-113.5,0.07,-3.64,-0.08,0.05,-0.87,0.05,-238.4,-165.6,2.0,1.97,4.47,0.07,0.0,0.8728688332160794,3.641551866992972,0.13050532739091425,0.28,0,2,0.0
7.935731311999916,488,4951.15,-91.9,-2.8,-113.9,-0.01,-3.48,0.0,0.06,-0.86,0.04,-240.1,-161.6,30.0,2.02,4.34,0.1,0.0,0.8630179604156567,3.480014367786432,0.13754907618751022,0.28,0,2,0.0
7.947862732999965,489,4951.16,-91.9,-2.8,-114.2,-0.15,-3.26,0.01,0.07,-0.89,0.03,-241.6,-155.8,57.0,2.06,4.14,0.14,0.0,0.8932524839036273,3.263464416842935,0.10516826164554882,0.28,0,2,0.0
7.955795484999726,490,4951.17,-91.9,-2.8,-114.5,-0.3,-3.05,0.0,0.07,-0.93,0.04,-243.1,-145.6,100.0,2.1,3.8,-0.06,0.0,0.9334880824091972,3.0647185841443907,0.06363400987717938,0.28,0,2,0.0
7.967814827999973,491,4951.18,-91.9,-2.8,-114.8,-0.42,-2.88,-0.11,0.08,-0.97,0.03,-244.5,-130.7,151.0,2.14,3.31,0.01,0.0,0.973755616158387,2.912541845192958,0.0228991466054298,0.28,0,2,0.0
7.975691793999431,492,4951.19,-92.0,-2.8,-115.1,-0.48,-2.73,-0.23,0.09,-0.99,0.03,-245.6,-110.8,186.0,2.16,2.76,0.01,0.0,0.9945350672550466,2.7814025239076776,0.0020773015985948717,0.28,0,2,0.0
7.987886373999572,493,4951.2,-92.0,-2.8,-115.4,-0.61,-2.64,-0.3,0.1,-1.0,0.02,-246.6,-87.9,212.0,2.19,2.14,0.0,0.0,1.005186549850325,2.7261144510089816,0.008402697376749813,0.28,0,2,0.0
7.995700138999382,494,4951.21,-92.1,-2.7,-115.6,-0.64,-2.52,-0.35,0.1,-1.0,0.01,-247.3,-66.7,205.0,2.2,1.58,0.0,0.0,1.0050373127401788,2.623451924468981,0.008088391061271571,0.28,0,2,0.0
8.00782597199941,495,4951.22,-92.1,-2.7,-115.9,-0.64,-2.4,-0.31,0.09,-0.99,0.0,-247.9,-44.7,216.0,2.21,0.94,-0.02,0.0,0.9940824915468535,2.50313803055285,0.0028091015294127164,0.28,0,2,0.0
8.015670285999477,496,4951.23,-92.2,-2.7,-116.1,-0.58,-2.19,-0.33,0.07,-1.01,-0.02,-248.1,-20.5,230.0,2.22,0.31,-0.03,0.0,1.0126203632161461,2.2894104044491455,0.015414194737082387,0.28,0,2,0.0
8.028084583999771,497,4951.24,-92.2,-2.6,-116.3,-0.51,-2.01,-0.43,0.04,-1.0,-0.02,-248.2,2.4,210.0,2.22,-0.25,0.0,0.0,1.000999500499376,2.1178054679313676,0.0037174653799059154,0.28,0,2,0.0
8.035800501999802,498,4951.25,-92.3,-2.5,-116.5,-0.84,-1.98,-0.54,0.0,-1.01,-0.01,-248.1,15.7,136.0,2.21,-0.51,-0.1,0.0,1.0100495037373167,2.2175662335091593,0.012512119245489783,0.28,0,2,0.0
8.047887209999317,499,4951.26,-92.3,-2.4,-116.7,-1.17,-2.04,-0.72,-0.01,-1.01,-0.01,-247.8,28.5,144.0,2.2,-0.94,-0.1,0.0,1.010099005048515,2.459451158287149,0.012310388145554296,0.28,0,2,0.0
8.055703985999571,500,4951.27,-92.4,-2.3,-116.9,-1.43,-2.16,-0.89,-0.01,-1.04,-0.01,-247.4,43.0,150.0,2.19,-1.38,0.03,0.0,1.040096149401583,2.739087439276081,0.04146138184864989,0.28,0,2,0.0
8.067834413000128,501,4951.28,-92.6,-2.2,-117.2,-1.38,-2.3,-1.01,0.0,-1.06,-0.01,-246.9,59.4,160.0,2.18,-1.81,0.0,0.0,1.0600471687618434,2.8660949042207235,0.060184153184732025,0.28,0,2,0.0
8.07570190199931,502,4951.29,-92.7,-2.1,-117.4,-1.23,-2.42,-1.03,0.0,-1.05,-0.03,-246.2,77.7,183.0,2.15,-2.35,0.07,0.0,1.0504284840006957,2.903480669816832,0.049554159055112734,0.28,0,2,0.0
8.087763376999646,503,4951.3,-92.8,-2.0,-117.7,-1.05,-2.52,-0.98,0.0,-1.04,-0.04,-245.2,98.3,206.0,2.13,-2.96,-0.09,0.0,1.0407689465006151,2.9005689097140928,0.03909672912393147,0.28,0,2,0.0
8.09584447799989,504,4951.31,-92.9,-1.9,-117.9,-0.98,-2.61,-0.9,0.01,-1.02,-0.05,-244.1,120.0,206.0,2.09,-3.5,-0.01,0.0,1.0212737145349429,2.9295904150580503,0.019209467215093978,0.28,0,2,0.0
8.107880541999293,505,4951.32,-92.9,-1.8,-118.2,-0.89,-2.63,-0.8,0.02,-1.02,-0.06,-242.8,141.5,215.0,2.05,-4.11,-0.01,0.0,1.0219589032832974,2.8894636180440134,0.01949676284417956,0.28,0,2,0.0
8.11584630499965,506,4951.33,-93.0,-1.7,-118.5,-0.81,-2.61,-0.73,0.02,-1.02,-0.07,-241.2,162.0,201.0,2.01,-4.64,-0.19,0.0,1.0225947388873071,2.828621572427107,0.019729946479225546,0.28,0,2,0.0
8.127904697999838,507,4951.34,-93.1,-1.6,-118.7,-0.73,-2.57,-0.7,0.03,-1.01,-0.07,-239.4,183.0,210.0,1.96,-5.23,-0.05,0.0,1.0128672173587216,2.7618472079389185,0.009802376451627293,0.28,0,2,0.0
8.135809560999405,508,4951.35,-93.2,-1.5,-119.0,-0.7,-2.53,-0.67,0.03,-1.0,-0.07,-237.5,204.3,215.0,1.9,-5.82,0.07,0.0,1.0028958071504734,2.7092065259038485,0.00016565308148841495,0.28,0,2,0.0
8.147815624000032,509,4951.36,-93.3,-1.4,-119.2,-0.58,-2.47,-0.7,0.03,-0.99,-0.08,-235.3,224.9,196.0,1.84,-6.33,0.11,0.0,0.9936800289831732,2.631976443663583,0.009193802623812863,0.28,0,2,0.0
8.155841474999761,510,4951.37,-93.3,-1.3,-119.5,-0.5,-2.4,-0.74,0.04,-0.98,-0.08,-232.9,240.6,158.0,1.77,-6.69,0.01,0.0,0.9840731680114034,2.5607811308270763,0.01842465032367091,0.28,0,2,0.0
8.167901678999442,511,4951.38,-93.4,-1.2,-119.7,-0.43,-2.34,-0.77,0.05,-0.98,-0.08,-230.4,252.1,124.0,1.7,-6.98,-0.08,0.0,0.9845303448853163,2.500679907545146,0.017608123980762946,0.28,0,2,0.0
8.175834398999541,512,4951.39,-93.4,-1.1,-120.0,-0.38,-2.32,-0.78,0.05,-0.97,-0.09,-227.8,261.9,98.0,1.63,-7.2,0.0,0.0,0.9754486147409304,2.4769335881286763,0.026156057042645897,0.28,0,2,0.0
8.18783061799968,513,4951.4,-93.5,-1.0,-120.2,-0.27,-2.27,-0.78,0.05,-0.98,-0.1,-225.2,268.4,70.0,1.56,-7.36,0.0,0.0,0.9863569333664157,2.415408868080102,0.014942783648817404,0.28,0,2,0.0
8.195833759999914,514,4951.41,-93.5,-0.9,-120.4,-0.17,-2.19,-0.76,0.05,-0.98,-0.11,-222.4,272.7,49.0,1.49,-7.46,-0.01,0.0,0.9874208829065749,2.324349371329534,0.013601257426484992,0.28,0,2,0.0
8.207625972999267,515,4951.42,-93.6,-0.8,-120.6,-0.1,-2.08,-0.72,0.06,-0.97,-0.12,-219.7,278.0,56.0,1.41,-7.62,0.08,0.0,0.9792343948207701,2.203361068912674,0.021351990602043958,0.28,0,2,0.0
8.219293621999896,516,4951.43,-93.6,-0.7,-120.8,0.0,-1.96,-0.69,0.07,-0.97,-0.13,-216.9,280.0,10.0,1.33,-7.57,0.17,0.0,0.981172767661231,2.0779076014106113,0.01902534540635137,0.28,0,2,0.0
8.22753238399946,517,4951.44,-93.6,-0.7,-121.0,0.08,-1.82,-0.66,0.08,-0.97,-0.14,-214.1,276.3,-26.0,1.26,-7.45,0.03,0.0,0.9833107342035883,1.9376274151652584,0.01654963128671416,0.28,0,2,0.0
8.235736375999295,518,4951.45,-93.6,-0.6,-121.2,0.13,-1.68,-0.61,0.08,-0.97,-0.14,-211.4,272.4,-25.0,1.18,-7.38,-0.11,0.0,0.9833107342035883,1.7920379460268132,0.016218638660979834,0.28,0,2,0.0
8.247844908999468,519,4951.46,-93.5,-0.6,-121.4,0.26,-1.53,-0.52,0.09,-0.97,-0.15,-208.7,270.3,-27.0,1.11,-7.3,0.17,0.0,0.9856469956328178,1.6367345539213132,0.013604729687115347,0.28,0,2,0.0
8.255771965999884,520,4951.47,-93.5,-0.5,-121.5,0.46,-1.36,-0.44,0.09,-0.97,-0.15,-206.0,263.3,-72.0,1.04,-7.03,0.06,0.0,0.9856469956328178,1.5015991475756771,0.013332635093373013,0.28,0,2,0.0
8.268199187999926,521,4951.48,-93.4,-0.5,-121.6,0.66,-1.19,-0.38,0.09,-0.98,-0.15,-203.4,253.3,-78.0,0.97,-6.81,0.23,0.0,0.9954898291795853,1.412834031300209,0.003420005515673341,0.28,0,2,0.0
8.277962524999566,522,4951.49,-93.4,-0.5,-121.8,0.8,-1.03,-0.33,0.09,-0.98,-0.15,-201.0,248.1,-50.0,0.9,-6.71,-0.08,0.0,0.9954898291795853,1.3452880732393342,0.0033516054053598365,0.28,0,2,0.0
8.287900592999904,523,4951.5,-93.3,-0.5,-121.9,0.92,-0.85,-0.26,0.08,-0.97,-0.16,-198.7,244.2,-59.0,0.84,-6.53,-0.01,0.0,0.9863569333664157,1.2792575972023774,0.012234811194158812,0.28,0,2,0.0
8.295776330999615,524,4951.51,-93.2,-0.4,-121.9,1.04,-0.66,-0.18,0.08,-0.98,-0.16,-196.1,235.9,-66.0,0.77,-6.34,-0.09,0.0,0.9961927524329817,1.244829305567635,0.0023510122850409765,0.28,0,2,0.0
8.30791138999939,525,4951.52,-93.1,-0.4,-122.0,1.17,-0.47,-0.1,0.07,-0.97,-0.16,-193.8,232.5,-31.0,0.71,-6.31,-0.12,0.0,0.9855962662266938,1.2648320046551635,0.012688548521502252,0.28,0,2,0.0
8.317987888999596,526,4951.53,-92.9,-0.4,-122.0,1.43,-0.28,0.0,0.08,-0.95,-0.17,-191.4,234.4,11.0,0.65,-6.42,0.02,0.0,0.9684007434941384,1.4571547618561316,0.029286389828976578,0.28,0,2,0.0
8.327701579999484,527,4951.54,-92.8,-0.4,-122.0,1.67,-0.07,0.13,0.09,-0.93,-0.18,-189.1,239.0,39.0,0.58,-6.56,-0.03,0.0,0.9515250916292224,1.6765142409177443,0.04523880086001475,0.28,0,2,0.0
8.335698787999718,528,4951.55,-92.6,-0.5,-122.0,1.82,0.15,0.28,0.1,-0.91,-0.18,-186.6,243.5,42.0,0.52,-6.68,0.11,0.0,0.9330058949438638,1.847511840286822,0.062482837594465934,0.28,0,2,0.0
8.347921881999355,529,4951.56,-92.4,-0.5,-122.0,1.88,0.4,0.43,0.11,-0.9,-0.18,-184.2,249.4,59.0,0.45,-6.87,-0.09,0.0,0.9243916918709298,1.9695938667654302,0.06967509985405185,0.28,0,2,0.0
8.355723179000051,530,4951.57,-92.2,-0.5,-122.0,1.87,0.62,0.5,0.12,-0.91,-0.19,-181.6,255.5,53.0,0.38,-6.99,-0.08,0.0,0.9373366524360391,2.0325599622151374,0.055595536503163734,0.28,0,2,0.0
8.3678171319998,531,4951.58,-92.0,-0.6,-121.9,1.82,0.84,0.55,0.12,-0.9,-0.19,-179.0,257.0,10.0,0.31,-6.95,0.03,0.0,0.9276313923105449,2.0785812469085734,0.06399478069608477,0.28,0,2,0.0
8.3756221929998,532,4951.59,-91.9,-0.6,-121.8,1.73,1.04,0.58,0.12,-0.9,-0.19,-176.5,252.9,-27.0,0.24,-6.82,0.09,0.0,0.9276313923105449,2.1002142747824566,0.06271488508216305,0.28,0,2,0.0
8.387895197999569,533,4951.6,-91.7,-0.7,-121.7,1.61,1.21,0.63,0.11,-0.9,-0.18,-174.0,249.8,-22.0,0.17,-6.77,0.0,0.0,0.9243916918709298,2.1102369535196757,0.06463549381134259,0.28,0,2,0.0
8.395757523999237,534,4951.61,-91.5,-0.8,-121.5,1.46,1.31,0.7,0.1,-0.9,-0.18,-171.5,246.3,-44.0,0.1,-6.61,0.02,0.0,0.9232551110067033,2.082714574779751,0.06445663318205774,0.28,0,2,0.0
8.407880458999898,535,4951.62,-91.4,-0.8,-121.4,1.28,1.41,0.74,0.07,-0.89,-0.17,-169.1,236.8,-90.0,0.04,-6.28,0.01,0.0,0.9087904048789248,2.0430614283471753,0.07734291252363956,0.28,0,2,0.0
8.415768203999505,536,4951.63,-91.3,-0.9,-121.2,1.07,1.44,0.81,0.05,-0.86,-0.15,-166.8,224.3,-112.0,-0.01,-5.95,0.37,0.0,0.8744140895479668,1.9684003657792792,0.10948484329750563,0.28,0,2,0.0
8.427839602999484,537,4951.64,-91.2,-1.0,-121.1,0.77,1.47,0.89,0.05,-0.87,-0.14,-164.7,211.1,-133.0,-0.07,-5.54,0.21,0.0,0.8826097665446491,1.8830560267819967,0.09926338297480697,0.28,0,2,0.0
8.437973592999697,538,4951.65,-91.1,-1.1,-121.0,0.36,1.47,0.91,0.05,-0.87,-0.14,-162.7,191.2,-202.0,-0.12,-4.87,0.27,0.0,0.8826097665446491,1.7659558318372517,0.09727811531531083,0.28,0,2,0.0
8.447917910999422,539,4951.66,-91.1,-1.2,-120.8,-0.05,1.42,0.85,0.05,-0.89,-0.13,-161.0,159.0,-322.0,-0.16,-3.79,0.14,0.0,0.9008329478876758,1.6557173671855954,0.07747383529283847,0.28,0,2,0.0
8.455745032999403,540,4951.67,-91.2,-1.2,-120.7,-0.33,1.35,0.8,0.03,-0.9,-0.14,-159.7,113.5,-426.0,-0.19,-2.47,0.35,0.0,0.9113177272499422,1.6035585427417363,0.06564927481196059,0.28,0,2,0.0
8.468052844999875,541,4951.68,-91.2,-1.3,-120.5,-0.49,1.3,0.78,0.02,-0.92,-0.15,-158.9,62.8,-486.0,-0.2,-1.06,-0.01,0.0,0.9323625904121207,1.593267083699403,0.043712323416786436,0.28,0,2,0.0
8.475661648999449,542,4951.69,-91.3,-1.4,-120.4,-0.58,1.26,0.76,0.02,-0.93,-0.16,-158.7,10.4,-496.0,-0.2,0.28,0.05,0.0,0.9438749917229505,1.5816447135814036,0.031555923663837415,0.28,0,2,0.0
8.487927813999704,543,4951.7,-91.3,-1.5,-120.3,-0.77,1.27,0.76,0.0,-0.94,-0.16,-158.8,-21.2,-314.0,-0.2,0.82,0.17,0.0,0.9535197952848173,1.6683524807426038,0.021472897699931215,0.28,0,2,0.0
8.49560657299935,544,4951.71,-91.4,-1.5,-120.1,-0.9,1.31,0.77,0.02,-0.95,-0.19,-159.2,-42.0,-250.0,-0.19,1.4,-0.14,0.0,0.9690201236300513,1.7660690813215663,0.00585311796760335,0.28,0,2,0.0
8.507977125999787,545,4951.72,-91.6,-1.6,-120.0,-1.49,1.52,0.71,-0.04,-1.04,-0.19,-159.7,-60.7,-195.0,-0.17,1.83,0.05,0.0,1.0579697538209683,2.2437914341578185,0.08143458197884734,0.28,0,2,0.0
8.515708859999904,546,4951.73,-91.7,-1.7,-119.8,-2.06,1.62,0.42,-0.06,-1.09,-0.17,-160.4,-73.6,-152.0,-0.15,2.18,-0.01,0.0,1.1048076755707303,2.654128858966723,0.12570705365403723,0.28,0,2,0.0
8.528134800999396,547,4951.74,-92.0,-1.7,-119.7,-2.16,1.67,0.17,-0.01,-1.08,-0.17,-161.3,-92.4,-191.0,-0.12,2.76,-0.15,0.0,1.0933434958877288,2.735580377177757,0.11195801649161496,0.28,0,2,0.0
8.535766057999354,548,4951.75,-92.3,-1.7,-119.5,-2.09,1.58,0.01,-0.03,-1.09,-0.16,-162.3,-108.2,-164.0,-0.09,3.15,0.17,0.0,1.1020889256316844,2.6200381676609217,0.11828937731085909,0.28,0,2,0.0
8.548300452999683,549,4951.76,-92.5,-1.7,-119.4,-1.94,1.32,-0.1,0.04,-0.98,-0.17,-163.5,-125.1,-161.0,-0.06,3.57,-0.02,0.0,0.9954396013822235,2.348616614094348,0.011407252000170343,0.28,0,2,0.0
8.55562148899935,550,4951.77,-92.7,-1.7,-119.2,-2.15,1.43,-0.23,0.04,-1.06,-0.14,-164.9,-138.1,-129.0,-0.02,3.87,-0.07,0.0,1.0699532700076206,2.592354142473593,0.08420250221305614,0.28,0,2,0.0
8.568180340999788,551,4951.78,-93.0,-1.6,-119.1,-2.54,1.33,-0.63,0.01,-1.06,-0.09,-166.3,-147.6,-100.0,0.01,4.1,0.06,0.0,1.0638608931622593,2.9355408360300492,0.07654792286034084,0.28,0,2,0.0
8.57571400300003,552,4951.79,-93.3,-1.5,-119.0,-2.92,1.25,-1.0,-0.02,-1.14,-0.04,-167.8,-151.5,-45.0,0.05,4.13,-0.16,0.0,1.1408768557561328,3.3299999999999996,0.15049260774513007,0.28,0,2,0.0
8.5878395310001,553,4951.8,-93.6,-1.3,-118.9,-3.19,1.08,-1.53,-0.02,-1.26,0.02,-169.3,-152.3,-19.0,0.09,4.14,-0.2,0.0,1.260317420335052,3.699108000586087,0.26453450887756824,0.28,0,2,0.0
8.595780804999777,554,4951.81,-93.9,-1.1,-118.8,-3.44,0.76,-2.25,-0.06,-1.38,0.1,-170.9,-153.6,-21.0,0.14,4.21,0.08,0.0,1.384918770181125,4.180155499499989,0.38135314154916844,0.28,1,3,3.0
8.607934570999532,555,4951.82,-94.2,-0.9,-118.7,-3.35,0.34,-2.87,-0.13,-1.42,0.09,-172.4,-156.6,-18.0,0.18,4.25,-0.07,0.0,1.428775699681374,4.424364361125788,0.41670586962842915,0.28,0,3,3.0
8.617949974999647,556,4951.83,-94.5,-0.6,-118.7,-2.35,0.06,-3.14,-0.11,-1.39,0.04,-173.8,-118.5,639.0,0.21,1.39,2.79,3.49,1.3949193525075203,3.9224609622021736,0.37519253200548386,0.28,0,3,3.0
8.627900969999246,557,4951.84,-94.6,-0.3,-118.8,-0.58,0.07,-2.88,0.03,-1.22,0.0,-174.0,34.3,1137.0,0.19,-2.35,3.25,3.49,1.2203687967167958,2.9386561554560955,0.19662913669046422,0.28,0,3,3.0
8.635812835999786,558,4951.85,-94.6,0.0,-118.7,0.33,0.64,-2.15,0.26,-1.08,-0.06,-173.0,120.9,794.0,0.16,-3.89,3.25,3.49,1.1124747188138706,2.2673773395709853,0.08696035761178833,0.28,0,3,3.0
8.647873593999975,559,4951.86,-94.6,0.1,-118.7,0.06,1.44,-1.43,0.4,-1.05,-0.16,-171.5,150.1,335.0,0.12,-3.99,3.44,3.49,1.134944932584837,2.030295544988463,0.10724195995509977,0.28,0,3,3.0
8.655750506999539,560,4951.87,-94.6,0.2,-118.5,-0.4,2.62,-0.92,0.44,-1.09,-0.17,-170.1,131.3,-81.0,0.08,-3.13,3.65,3.49,1.1876868274086398,2.8054946087989547,0.15678417768332453,0.28,0,3,3.0
8.668224925999311,561,4951.88,-94.6,0.3,-118.1,-0.58,3.78,-0.4,0.39,-1.12,-0.12,-169.1,91.6,-290.0,0.06,-2.01,3.68,3.49,1.192015100575492,3.845100778913343,0.15789020183317315,0.28,0,3,3.0
8.675736569000037,562,4951.89,-94.7,0.3,-117.7,-0.27,4.67,0.17,0.31,-1.16,-0.04,-168.5,44.8,-449.0,0.05,-0.53,3.86,3.49,1.2013742131409346,4.68088666814312,0.16390432811064337,0.28,0,3,3.0
8.687850337999407,563,4951.9,-94.7,0.3,-117.2,0.47,5.13,0.6,0.19,-1.14,0.01,-168.4,-0.3,-339.0,0.05,0.14,3.43,3.49,1.1557681428383462,5.18630889940042,0.11593229265189375,0.28,0,3,3.0
8.695703549999962,564,4951.91,-94.6,0.3,-116.7,1.25,5.36,0.87,0.09,-1.03,0.05,-168.4,0.6,-87.0,0.05,0.0,3.56,3.49,1.035132841716463,5.572162955262526,0.004608948300589777,0.28,0,3,3.0
8.707950749999327,565,4951.92,-94.4,0.3,-116.1,1.54,5.6,0.94,0.02,-0.96,0.06,-168.4,-0.7,-26.0,0.05,-0.02,3.19,3.49,0.9620810776644555,5.88346836483379,0.07610749810554518,0.28,0,3,3.0
8.715472586000033,566,4951.93,-94.2,0.2,-115.6,1.55,5.76,0.83,-0.05,-0.91,0.08,-168.4,-0.1,-15.0,0.05,0.02,3.63,3.49,0.9148770409186143,6.022374946812927,0.12084530415435857,0.28,0,3,3.0
8.72786197699952,567,4951.94,-94.1,0.2,-115.0,1.5,5.86,0.6,-0.11,-0.89,0.1,-168.4,-0.6,-3.0,0.05,0.0,3.85,3.49,0.9023303164584464,6.0786182640465265,0.13072418804223584,0.28,0,3,3.0
8.735763855999721,568,4951.95,-93.9,0.2,-114.4,1.47,5.83,0.33,-0.16,-0.88,0.11,-168.4,-0.3,-2.0,0.05,0.0,3.39,3.49,0.9011659114724657,6.021519741726336,0.12925082116765219,0.28,0,3,3.0
8.747901905999242,569,4951.96,-93.8,0.2,-113.8,1.46,5.68,0.13,-0.18,-0.86,0.11,-168.4,-0.9,-4.0,0.05,0.03,3.71,3.49,0.8854942122905152,5.866080463137204,0.14202406994261074,0.28,0,3,3.0
8.755757962999269,570,4951.97,-93.6,0.2,-113.2,1.54,5.42,0.0,-0.17,-0.84,0.1,-168.4,-0.5,2.0,0.05,0.0,3.49,3.49,0.8628441342444184,5.634536360695527,0.16138066502893333,0.28,0,3,3.0
8.76811908899981,571,4951.98,-93.5,0.3,-112.7,1.46,5.07,-0.09,-0.15,-0.85,0.1,-168.4,0.0,4.0,0.05,0.0,3.34,3.49,0.8689073598491382,5.276798271679523,0.15221109063572913,0.28,0,3,3.0
8.775636811999902,572,4951.99,-93.3,0.3,-112.2,1.19,4.67,-0.17,-0.13,-0.85,0.09,-168.4,-0.2,4.0,0.05,0.0,3.76,3.49,0.8645808232895291,4.822229774699666,0.15340687465143144,0.28,0,3,3.0
8.787951677999445,573,4952.0,-93.2,0.4,-111.8,0.84,4.28,-0.22,-0.12,-0.86,0.1,-168.4,0.0,4.0,0.05,-0.02,3.76,3.49,0.8740709353364863,4.367195896682447,0.1410384273523847,0.28,0,3,0.0
8.795776477999425,574,4952.01,-93.2,0.4,-111.8,0.84,4.28,-0.22,-0.12,-0.86,0.1,-168.4,0.1,2.0,0.05,0.0,3.52,3.49,0.8740709353364863,4.367195896682447,0.1382176588053371,0.28,0,3,0.0
8.807881287999408,575,4952.02,-93.2,0.4,-111.0,0.14,3.39,0.01,-0.1,-0.94,0.07,-168.4,-10.6,-265.0,0.06,1.6,0.36,0.0,0.9478923989567593,3.392904360573696,0.06310827128136276,0.28,0,3,0.0
8.81575487400005,576,4952.03,-93.2,0.4,-110.7,-0.13,3.12,0.2,-0.15,-1.0,0.05,-169.3,-121.6,-806.0,0.09,4.43,0.17,0.0,1.0124228365658292,3.12910530343739,0.0013937230011531465,0.28,0,3,0.0
8.827975298999263,577,4952.04,-93.2,0.4,-110.4,-0.25,2.51,0.44,-0.22,-0.99,0.1,-171.1,-198.1,-686.0,0.15,6.06,0.07,0.0,1.0190682018393078,2.5605077621440633,0.00787830650913901,0.28,0,3,0.0
8.835737103999236,578,4952.05,-93.2,0.4,-110.2,-0.14,2.0,0.75,-0.16,-0.94,0.05,-173.4,-244.9,-483.0,0.22,7.04,0.11,0.0,0.9548298277703728,2.140584032454694,0.05523286620860013,0.28,0,3,0.0
8.847963757999423,579,4952.06,-93.2,0.3,-110.0,-0.24,1.57,1.0,-0.09,-0.92,0.02,-176.1,-269.4,-288.0,0.29,7.51,-0.06,0.0,0.9246080250571049,1.876832437912346,0.08374557554343065,0.28,0,3,0.0
8.855787982000038,580,4952.07,-93.2,0.2,-109.9,-0.7,1.36,1.17,-0.04,-0.92,-0.01,-178.9,-281.9,-154.0,0.37,7.72,0.0,0.0,0.9209234495874237,1.9257466084612482,0.08568154799284966,0.28,0,3,0.0
8.867986337999355,581,4952.08,-93.3,0.0,-109.7,-1.13,1.36,1.25,0.0,-0.96,-0.05,-181.7,-282.4,-23.0,0.45,7.58,0.06,0.0,0.9613012014972206,2.165409891914231,0.04439772016139165,0.28,0,3,0.0
8.878044264999517,582,4952.09,-93.5,0.0,-109.6,-1.32,1.45,1.28,0.01,-1.02,-0.08,-184.4,-269.5,98.0,0.52,7.11,-0.01,0.0,1.0231813133555558,2.341644721130855,0.017132743863004674,0.28,0,3,0.0
8.88775613999951,583,4952.1,-93.6,-0.1,-109.4,-1.19,1.57,1.38,0.03,-1.06,-0.08,-187.0,-249.9,174.0,0.59,6.51,-0.3,0.0,1.063437821407533,2.40528584579879,0.05624146687668219,0.28,0,3,0.0
8.895778133000022,584,4952.11,-93.7,-0.2,-109.3,-0.82,1.7,1.48,0.05,-1.07,-0.1,-189.3,-226.0,225.0,0.65,5.82,-0.05,0.0,1.0758252646224664,2.398499530956802,0.0672563318897832,0.28,0,3,0.0
8.908008900999448,585,4952.12,-93.8,-0.3,-109.1,-0.31,1.92,1.55,0.07,-1.06,-0.11,-191.4,-198.3,268.0,0.7,5.02,-0.07,0.0,1.067988763985839,2.486966023089178,0.05823143462809255,0.28,0,3,0.0
8.91568768399975,586,4952.13,-93.8,-0.4,-108.8,0.1,2.2,1.59,0.07,-1.02,-0.12,-193.2,-168.5,295.0,0.74,4.18,-0.11,0.0,1.029417310909429,2.7162658190979765,0.0192667819206489,0.28,0,3,0.0
8.92794835099994,587,4952.14,-93.8,-0.5,-108.6,0.39,2.52,1.56,0.05,-0.99,-0.13,-194.6,-135.5,313.0,0.78,3.31,-0.18,0.0,0.999749968742185,2.989331028842406,0.010192549041663113,0.28,0,3,0.0
8.937944059000074,588,4952.15,-93.8,-0.6,-108.3,0.54,2.88,1.52,0.02,-0.96,-0.13,-195.8,-103.6,323.0,0.81,2.4,-0.01,0.0,0.9689685237405805,3.300969554539999,0.04015451416240223,0.28,0,3,0.0
8.947941151000123,589,4952.16,-93.8,-0.7,-108.0,0.58,3.17,1.52,-0.01,-0.95,-0.12,-196.6,-67.6,347.0,0.82,1.4,-0.13,0.0,0.957601169589929,3.5631025806170666,0.05049143094679265,0.28,0,3,0.0
8.955745216999276,590,4952.17,-93.8,-0.9,-107.7,0.71,3.41,1.47,-0.05,-0.98,-0.12,-197.0,-31.6,352.0,0.83,0.43,-0.22,0.0,0.9885848471426213,3.780621642005452,0.0191175983262184,0.28,0,3,0.0
8.967986390000078,591,4952.18,-93.7,-1.0,-107.3,0.87,3.5,1.4,-0.08,-0.98,-0.11,-197.1,0.8,303.0,0.83,-0.29,-0.14,0.0,0.9893937537704591,3.8687077946001556,0.017942517864413032,0.28,0,3,0.0
8.975711615999899,592,4952.19,-93.7,-1.2,-106.9,1.0,3.51,1.28,-0.1,-0.99,-0.11,-197.0,13.6,142.0,0.82,-0.4,-0.09,0.0,1.0010993956645864,3.8676220084180923,0.006112138450879989,0.28,0,3,0.0
8.987949749999643,593,4952.2,-93.6,-1.3,-106.6,1.13,3.43,1.14,-0.11,-0.97,-0.11,-196.8,15.1,46.0,0.82,-0.39,-0.01,0.0,0.9823950325607311,3.7870040929473525,0.02432017152364052,0.28,0,3,0.0
8.997842246999426,594,4952.21,-93.5,-1.4,-106.2,1.16,3.32,0.96,-0.12,-0.95,-0.11,-196.7,14.7,5.0,0.82,-0.35,0.12,0.0,0.9638464608017192,3.6454903648206227,0.04201136841699937,0.28,0,3,0.0
9.007698875999267,595,4952.22,-93.4,-1.5,-105.9,1.07,3.16,0.75,-0.12,-0.94,-0.11,-196.6,7.8,-59.0,0.81,-0.09,0.04,0.0,0.9539916142189091,3.4195028878478815,0.050828890699813334,0.28,0,3,0.0
9.015669477999836,596,4952.23,-93.3,-1.5,-105.6,0.98,2.95,0.54,-0.12,-0.94,-0.11,-196.5,-0.9,-64.0,0.82,0.08,-0.06,0.0,0.9539916142189091,3.155075276439534,0.049812312885817,0.28,0,3,0.0
9.027866587000062,597,4952.24,-93.2,-1.5,-105.3,0.95,2.73,0.35,-0.1,-0.95,-0.11,-196.6,-1.7,-8.0,0.82,0.0,-0.01,0.0,0.9615612304996495,2.911683361905961,0.04139784267297508,0.28,0,3,0.0
9.035710225999537,598,4952.25,-93.2,-1.6,-105.1,0.97,2.48,0.17,-0.1,-0.96,-0.1,-196.6,-0.8,-8.0,0.82,0.03,0.1,0.0,0.9703607576566563,2.668370289146542,0.03194634920564898,0.28,0,3,0.0
9.047936005999873,599,4952.26,-93.1,-1.6,-104.8,1.14,2.21,0.0,-0.11,-0.98,-0.09,-196.6,-1.6,-3.0,0.82,0.04,-0.11,0.0,0.9902524930541705,2.4867046467162117,0.011813521531972127,0.28,0,3,0.0
9.057958349999353,600,4952.27,-93.0,-1.7,-104.6,1.33,1.92,-0.15,-0.12,-0.97,-0.08,-196.6,-2.4,-7.0,0.82,0.08,0.06,0.0,0.9806630410084801,2.3404700382615453,0.020974914106109188,0.28,0,3,0.0
9.068087461999312,601,4952.28,-92.9,-1.7,-104.4,1.5,1.58,-0.29,-0.12,-0.96,-0.09,-196.6,-3.5,-11.0,0.82,0.11,-0.08,0.0,0.9716480844420988,2.1978398485785995,0.02939007325904075,0.28,0,3,0.0
9.075795922999532,602,4952.29,-92.7,-1.6,-104.3,1.56,1.24,-0.4,-0.12,-0.94,-0.1,-196.7,-4.4,-2.0,0.82,0.1,0.0,0.0,0.9528903399657276,2.032535362546,0.04718486138070377,0.28,0,3,0.0
9.088014703999761,603,4952.3,-92.6,-1.6,-104.2,1.49,0.93,-0.54,-0.12,-0.93,-0.11,-196.7,-4.2,-4.0,0.82,0.13,0.09,0.0,0.9441398201537736,1.837552720332127,0.0548166735688046,0.28,0,3,0.0
9.097875123999984,604,4952.31,-92.4,-1.5,-104.1,1.32,0.62,-0.72,-0.13,-0.93,-0.11,-196.8,-7.2,-37.0,0.82,0.28,0.05,0.0,0.9454628496138809,1.626407083112958,0.05242377122652331,0.28,0,3,0.0
9.108270086999255,605,4952.32,-92.3,-1.4,-104.1,1.1,0.29,-0.89,-0.13,-0.93,-0.11,-196.9,-15.4,-69.0,0.83,0.52,0.18,0.0,0.9454628496138809,1.4443683740652868,0.05137529580199285,0.28,0,3,0.0
9.115786871999262,606,4952.33,-92.2,-1.3,-104.1,0.92,-0.08,-1.01,-0.14,-0.92,-0.12,-197.1,-23.7,-70.0,0.83,0.71,-0.08,0.0,0.938296328459192,1.3685393673548452,0.057370980617548195,0.28,0,3,0.0
9.127888381999583,607,4952.34,-92.1,-1.2,-104.1,0.82,-0.37,-1.0,-0.13,-0.91,-0.14,-197.4,-31.2,-80.0,0.84,0.96,0.16,0.0,0.9298386956886662,1.3451022265984098,0.0645120411203125,0.28,0,3,0.0
9.135768579999421,608,4952.35,-92.0,-1.1,-104.2,0.81,-0.58,-0.95,-0.11,-0.91,-0.14,-197.8,-39.4,-83.0,0.85,1.17,0.0,0.0,0.9272540105062905,1.3765899897936205,0.06575479177663435,0.28,0,3,0.0
9.147940617999666,609,4952.36,-92.0,-1.1,-104.2,0.72,-0.74,-0.89,-0.1,-0.91,-0.14,-198.2,-47.2,-72.0,0.87,1.36,0.08,0.0,0.9261209424259879,1.3631214179228495,0.06555010265979833,0.28,0,3,0.0
9.15805052199994,610,4952.37,-91.9,-1.0,-104.3,0.5,-0.89,-0.82,-0.09,-0.9,-0.12,-198.8,-55.2,-81.0,0.88,1.6,-0.09,0.0,0.9124143795447329,1.3093891705677116,0.07767153223023215,0.28,0,3,0.0
9.16799553599958,611,4952.38,-91.9,-0.9,-104.4,0.26,-0.93,-0.75,-0.07,-0.9,-0.12,-199.4,-65.1,-96.0,0.9,1.89,0.07,0.0,0.910659101969557,1.2227019260637484,0.07783827360929985,0.28,0,3,0.0
9.175903403999655,612,4952.39,-91.9,-0.8,-104.5,0.0,-0.86,-0.69,-0.04,-0.9,-0.13,-200.1,-74.9,-98.0,0.92,2.16,-0.08,0.0,0.9102197536858888,1.1025878649794763,0.07671206945510867,0.28,0,3,0.0
9.188117513999714,613,4952.4,-91.9,-0.8,-104.6,-0.17,-0.69,-0.61,-0.02,-0.9,-0.13,-200.9,-84.1,-85.0,0.94,2.38,0.08,0.0,0.9095603333479314,0.9365361712181756,0.07582405999720476,0.28,0,3,0.0
9.195742973999586,614,4952.41,-92.0,-0.7,-104.6,-0.24,-0.37,-0.52,-0.01,-0.91,-0.14,-201.8,-92.8,-88.0,0.97,2.63,-0.06,0.0,0.9207605551933684,0.6818357573492314,0.06333136138873241,0.28,0,3,0.0
9.208244274999743,615,4952.42,-92.1,-0.7,-104.7,-0.22,-0.05,-0.43,0.0,-0.92,-0.13,-202.8,-100.5,-76.0,1.0,2.81,0.0,0.0,0.9291393867445293,0.4855924216871593,0.05385347924082007,0.28,0,3,0.0
9.21786422399964,616,4952.43,-92.2,-0.6,-104.7,-0.03,0.13,-0.42,0.0,-0.93,-0.12,-203.7,-105.2,-54.0,1.03,2.92,0.17,0.0,0.937709976485267,0.4406812907306141,0.04437723171008079,0.28,0,3,0.0
9.228147998999702,617,4952.44,-92.2,-0.6,-104.7,0.16,0.01,-0.52,-0.02,-0.91,-0.13,-204.9,-109.9,-46.0,1.06,3.04,-0.06,0.0,0.9194563611178075,0.5441507144165116,0.06137823013598953,0.28,0,3,0.0
9.235743338999782,618,4952.45,-92.2,-0.5,-104.7,0.23,-0.3,-0.67,-0.05,-0.9,-0.13,-206.1,-114.9,-47.0,1.09,3.16,-0.04,0.0,0.9107140056021978,0.7692853826766761,0.06871817393856716,0.28,0,3,0.0
9.247890378999728,619,4952.46,-92.2,-0.5,-104.7,-0.09,-0.76,-0.69,-0.09,-0.89,-0.12,-207.3,-120.4,-59.0,1.12,3.34,0.1,0.0,0.9025519375637061,1.0304368005850721,0.07534263713751777,0.28,0,3,0.0
9.25576687299963,620,4952.47,-92.3,-0.4,-104.8,-1.08,-1.28,-0.5,-0.1,-0.92,-0.13,-208.5,-128.6,-79.0,1.16,3.61,-0.04,0.0,0.9345052166788584,1.7477986154016716,0.0425215708619181,0.28,0,3,0.0
9.267575574999682,621,4952.48,-92.4,-0.4,-105.0,-1.73,-1.62,-0.07,-0.11,-0.97,-0.14,-209.9,-138.3,-90.0,1.19,3.87,0.19,0.0,0.9862048468751307,2.371117879819559,0.008994498147667063,0.28,0,3,0.0
9.277425516999756,622,4952.49,-92.6,-0.4,-105.2,-1.88,-1.71,0.52,-0.08,-1.07,-0.16,-211.3,-149.3,-102.0,1.24,4.18,-0.08,0.0,1.084850220076486,2.594012336131037,0.10548707392204193,0.28,0,3,0.0
9.287703762000092,623,4952.5,-92.8,-0.5,-105.3,-1.1,-1.7,0.94,-0.07,-1.13,-0.18,-212.9,-160.5,-110.0,1.28,4.5,-0.02,0.0,1.1463856244737194,2.2323978140107554,0.16368202875288984,0.28,0,3,0.0
9.295869345000028,624,4952.51,-92.8,-0.6,-105.5,-0.27,-1.76,1.05,-0.1,-1.13,-0.15,-214.6,-173.7,-132.0,1.33,4.9,0.18,0.0,1.1442901729893513,2.0671236053995417,0.15835484572315128,0.28,0,3,0.0
9.30793518199971,625,4952.52,-92.9,-0.8,-105.7,-0.19,-2.01,1.04,-0.11,-1.09,-0.08,-216.4,-189.5,-146.0,1.38,5.33,0.16,0.0,1.098453458276681,2.2710790386950426,0.1102677683902713,0.28,0,3,0.0
9.319889286000034,626,4952.53,-92.9,-0.9,-105.9,-0.81,-2.28,1.1,-0.08,-1.1,-0.05,-218.4,-203.7,-142.0,1.44,5.7,0.06,0.0,1.1040380428228005,2.657912714894904,0.11353530587766303,0.28,0,3,0.0
9.32789464599955,627,4952.54,-93.0,-1.1,-106.1,-1.47,-2.24,1.19,-0.02,-1.19,-0.05,-220.6,-216.1,-125.0,1.49,6.01,0.09,0.0,1.191217864204529,2.9316548227920696,0.1967008247142037,0.28,0,3,0.0
9.335844455999904,628,4952.55,-93.2,-1.2,-106.3,-1.91,-2.08,1.38,0.02,-1.3,-0.01,-222.8,-228.3,-123.0,1.56,6.36,-0.06,0.0,1.3001922934704697,3.143071745919905,0.29956174890054155,0.28,1,4,3.0
9.347813409000082,629,4952.56,-93.3,-1.3,-106.5,-1.68,-1.74,1.77,0.04,-1.37,0.0,-225.2,-239.8,-114.0,1.62,6.64,0.1,0.0,1.3705838172107536,2.9971486449624085,0.362554207188009,0.28,0,4,3.0
9.355882273999669,630,4952.57,-93.4,-1.5,-106.6,-1.05,-1.15,2.45,0.09,-1.41,0.0,-227.5,-215.7,509.0,1.68,4.2,2.76,3.49,1.412869420717994,2.9030156733989574,0.3967430144813444,0.28,0,4,3.0
9.367882269999427,631,4952.58,-93.5,-1.8,-106.7,0.0,-0.64,3.07,0.18,-1.44,0.04,-228.7,-67.2,1149.0,1.69,0.16,3.17,3.49,1.4517575555167603,3.136000637755037,0.42691852629450855,0.28,0,4,3.0
9.377948669999569,632,4952.59,-93.4,-2.1,-106.7,1.41,-0.49,3.08,0.15,-1.4,0.09,-228.6,33.5,817.0,1.68,-1.42,3.57,3.49,1.41088624630053,3.422659784436659,0.3783262727367127,0.28,0,4,3.0
9.38780461999977,633,4952.6,-93.2,-2.4,-106.8,1.92,-0.55,2.66,0.01,-1.28,0.1,-228.0,54.4,272.0,1.66,-1.27,3.69,3.49,1.2839392508993563,3.3263343187358663,0.2463516917888282,0.28,0,4,3.0
9.397990550000031,634,4952.61,-93.0,-2.6,-106.8,1.59,-0.69,1.88,-0.16,-1.25,0.13,-227.7,23.5,-181.0,1.66,-0.06,3.71,3.49,1.2668859459319928,2.5570686341981514,0.22471241908503536,0.28,0,4,3.0
9.407989120999446,635,4952.62,-92.9,-2.8,-106.9,1.22,-1.17,0.95,-0.34,-1.18,0.23,-227.7,-6.2,-142.0,1.66,0.18,3.28,3.49,1.24935983607606,1.9390203712184149,0.2030425830445206,0.28,0,4,3.0
9.415883818000111,636,4952.63,-92.8,-2.8,-107.1,1.08,-2.2,0.34,-0.42,-1.09,0.3,-227.8,-10.2,-95.0,1.67,0.39,3.72,3.49,1.2060265337047937,2.4742675683927153,0.1565150950597891,0.28,0,4,3.0
9.427852957999676,637,4952.64,-92.6,-2.9,-107.4,1.4,-3.46,0.12,-0.4,-0.97,0.32,-227.9,-19.5,-97.0,1.67,0.65,3.41,3.49,1.0969503179269333,3.7344343614528825,0.0464901016962902,0.28,0,4,3.0
9.435823238000012,638,4952.65,-92.5,-2.9,-107.8,1.71,-4.54,0.19,-0.28,-0.88,0.25,-228.2,-25.2,-54.0,1.68,0.71,3.47,3.49,0.9567131231461184,4.855079813968047,0.0918721512228341,0.28,0,4,3.0
9.448011256999962,639,4952.66,-92.3,-3.0,-108.3,1.59,-5.2,0.36,-0.15,-0.83,0.2,-228.4,-24.8,-2.0,1.68,0.62,3.54,3.49,0.8668333173107734,5.449559615234978,0.17811691791701567,0.28,0,4,3.0
9.455864493999798,640,4952.67,-92.1,-3.0,-108.8,1.19,-5.67,0.5,-0.06,-0.87,0.2,-228.6,-22.5,-7.0,1.69,0.66,3.5,3.49,0.8947066558375433,5.815066637623338,0.14723870780244097,0.28,0,4,3.0
9.467941566999798,641,4952.68,-92.0,-3.1,-109.4,1.09,-6.06,0.55,-0.01,-0.91,0.19,-228.9,-29.4,-61.0,1.7,0.92,3.55,3.49,0.9296773633901172,6.181763502431972,0.11002264024486963,0.28,0,4,3.0
9.478023472000132,642,4952.69,-91.8,-3.2,-110.0,1.25,-6.19,0.62,0.01,-0.93,0.15,-229.3,-35.7,-22.0,1.71,0.9,3.3,3.49,0.9420721840708386,6.345313231039111,0.09567526317286523,0.28,0,4,3.0
9.487964615999772,643,4952.7,-91.6,-3.3,-110.6,1.57,-6.14,0.69,0.05,-0.93,0.13,-229.5,-23.0,120.0,1.71,0.33,3.4,3.49,0.9403722667114338,6.374998039215384,0.09542767692162468,0.28,0,4,3.0
9.497987326999464,644,4952.71,-91.4,-3.4,-111.2,1.84,-6.02,0.72,0.06,-0.91,0.11,-229.6,-1.6,143.0,1.71,-0.06,3.53,3.49,0.9185858696931932,6.335960858464957,0.11486979246106799,0.28,0,4,3.0
9.507950879999953,645,4952.72,-91.2,-3.4,-111.8,1.53,-5.77,0.61,0.0,-0.94,0.09,-229.6,1.6,52.0,1.71,-0.06,3.53,3.49,0.9442986815621421,6.000491646523641,0.08737384098027667,0.28,0,4,3.0
9.515797676999682,646,4952.73,-91.0,-3.5,-112.4,0.83,-5.45,0.27,-0.02,-0.94,0.06,-229.6,2.7,33.0,1.71,-0.12,3.64,3.49,0.9421252570651102,5.519447436111698,0.08775632016776247,0.28,0,4,3.0
9.527961948999291,647,4952.74,-90.9,-3.5,-112.9,0.34,-5.08,-0.08,0.0,-0.95,0.06,-229.5,6.9,46.0,1.71,-0.26,3.49,3.49,0.951892851112981,5.091993715628487,0.07642895159749374,0.28,0,4,0.0
9.535838472999785,648,4952.75,-90.9,-3.5,-113.4,-0.07,-4.92,-0.41,0.02,-0.96,0.06,-229.4,17.1,116.0,1.71,-0.7,3.36,3.49,0.9620810776644555,4.937549999746838,0.06491591054509893,0.28,0,4,0.0
9.547963461999643,649,4952.76,-90.8,-3.4,-113.9,-0.27,-4.69,-0.66,0.05,-0.95,0.02,-229.1,19.7,-189.0,1.7,0.4,0.26,0.0,0.9515250916292223,4.743901348046775,0.07396245864872542,0.28,0,4,0.0
9.555691260999993,650,4952.77,-90.8,-3.3,-114.4,-0.61,-4.29,-0.98,0.04,-0.98,0.0,-229.4,-48.9,-417.0,1.72,1.73,0.11,0.0,0.9808159868191383,4.442589335061254,0.04377813218963322,0.28,0,4,0.0
9.568160946999342,651,4952.78,-90.9,-3.1,-114.8,-0.78,-4.14,-1.31,0.01,-0.95,0.04,-230.1,-68.1,-184.0,1.74,1.86,0.06,0.0,0.9508943158942533,4.411813686002617,0.07222580705222792,0.28,0,4,0.0
9.575771074999466,652,4952.79,-90.9,-2.9,-115.2,-1.0,-4.03,-1.61,0.04,-0.99,0.02,-230.7,-62.2,16.0,1.75,1.48,-0.08,0.0,0.9910095862301231,4.45342564774579,0.031468325982030976,0.28,0,4,0.0
9.587966295000115,653,4952.8,-91.0,-2.7,-115.6,-0.7,-3.92,-1.7,0.06,-0.95,0.0,-231.2,-42.7,154.0,1.76,0.85,0.02,0.0,0.951892851112981,4.329711306773236,0.06917335987718964,0.28,0,4,0.0
9.598021967000022,654,4952.81,-91.0,-2.5,-116.0,-0.52,-3.75,-1.61,0.08,-0.93,-0.01,-231.5,-15.7,243.0,1.77,0.06,0.0,0.0,0.9334880824091971,4.1140004861448425,0.08582656600935401,0.28,0,4,0.0
9.607906139000079,655,4952.82,-91.0,-2.3,-116.3,-0.39,-3.48,-1.56,0.1,-0.93,-0.02,-231.4,10.7,228.0,1.76,-0.52,-0.09,0.0,0.9355746896961248,3.8335492692803625,0.08206515954797777,0.28,0,4,0.0
9.615656782999395,656,4952.83,-91.0,-2.1,-116.7,-0.22,-3.19,-1.56,0.11,-0.93,-0.03,-231.2,32.1,227.0,1.75,-1.15,0.02,0.0,0.9369631796394137,3.5578223676850422,0.0790631362125952,0.28,0,4,0.0
9.628017880999323,657,4952.84,-91.0,-2.0,-117.0,-0.09,-2.91,-1.51,0.12,-0.92,-0.04,-230.7,55.5,238.0,1.74,-1.82,0.06,0.0,0.928654941299512,3.2796798624256,0.08562394706144705,0.28,0,4,0.0
9.638086936000036,658,4952.85,-91.0,-1.8,-117.3,-0.15,-2.71,-1.39,0.13,-0.92,-0.04,-230.0,81.4,251.0,1.71,-2.51,0.01,0.0,0.93,3.0493769855496713,0.08259331059373987,0.28,0,4,0.0
9.64773462499943,659,4952.86,-91.1,-1.7,-117.5,-0.3,-2.51,-1.25,0.14,-0.95,-0.05,-229.0,106.1,238.0,1.68,-3.15,-0.02,0.0,0.9615612304996494,2.8200354607699527,0.05001143849220868,0.28,0,4,0.0
9.655671306999466,660,4952.87,-91.1,-1.6,-117.8,-0.33,-2.3,-1.12,0.14,-0.98,-0.06,-227.8,128.9,238.0,1.65,-3.81,-0.03,0.0,0.991766101457395,2.579399154842073,0.019410436183773805,0.28,0,4,0.0
9.668106828999953,661,4952.88,-91.1,-1.5,-118.0,-0.22,-2.05,-0.97,0.14,-1.02,-0.08,-226.3,153.8,246.0,1.6,-4.49,-0.08,0.0,1.032666451474047,2.278552171884594,0.02106011555622067,0.28,0,4,0.0
9.67568655299965,662,4952.89,-91.1,-1.4,-118.2,0.08,-1.78,-0.83,0.13,-1.03,-0.1,-224.6,178.8,251.0,1.55,-5.17,0.0,0.0,1.0429765098025938,1.9656296701057399,0.030742770407072184,0.28,0,4,0.0
9.688025020999703,663,4952.9,-91.1,-1.3,-118.4,0.42,-1.57,-0.66,0.11,-1.0,-0.09,-222.6,203.6,249.0,1.5,-5.85,-0.07,0.0,1.0100495037373167,1.75410946066658,0.002140550945040731,0.28,0,4,0.0
9.698111460999826,664,4952.91,-91.0,-1.3,-118.5,0.51,-1.45,-0.51,0.09,-0.96,-0.1,-220.4,229.2,260.0,1.43,-6.57,-0.01,0.0,0.9693812459502195,1.619475223644993,0.04195263255749515,0.28,0,4,0.0
9.707691783999508,665,4952.92,-91.0,-1.2,-118.6,0.4,-1.3,-0.42,0.06,-0.93,-0.11,-217.9,257.2,268.0,1.36,-7.3,-0.04,0.0,0.9384028985462481,1.4235167719419397,0.07147236036223703,0.28,0,4,0.0
9.718071892999433,666,4952.93,-90.9,-1.2,-118.8,0.22,-1.16,-0.38,0.03,-0.91,-0.11,-215.2,280.7,231.0,1.29,-7.88,-0.14,0.0,0.9171150418568,1.2403225386970922,0.09090501271065132,0.28,0,4,0.0
9.727689156999986,667,4952.94,-90.9,-1.1,-118.9,0.13,-1.05,-0.39,0.01,-0.9,-0.1,-212.2,302.0,229.0,1.2,-8.5,-0.09,0.0,0.9055937278934744,1.1276080879454529,0.10037780014049746,0.28,0,4,0.0
9.73580918099924,668,4952.95,-91.0,-1.1,-119.0,0.07,-0.93,-0.41,0.0,-0.9,-0.11,-209.0,326.9,242.0,1.11,-9.17,0.06,0.0,0.906697303403953,1.0187737727287645,0.0972887401374184,0.28,0,4,0.0
9.747946344999946,669,4952.96,-91.0,-1.0,-119.1,0.15,-0.78,-0.43,0.0,-0.9,-0.11,-205.6,347.4,197.0,1.02,-9.64,-0.36,0.0,0.906697303403953,0.903216474606171,0.09534296533467013,0.28,0,4,0.0
9.755795680999654,670,4952.97,-91.1,-1.0,-119.1,0.24,-0.62,-0.45,0.02,-0.9,-0.12,-202.0,368.1,239.0,0.92,-10.37,-0.09,0.0,0.9081850031794183,0.8028075734570521,0.09197816024802075,0.28,0,4,0.0
9.767957981000109,671,4952.98,-91.0,-0.9,-119.2,0.38,-0.44,-0.42,0.06,-0.88,-0.13,-198.1,396.6,251.0,0.81,-11.05,-0.29,0.0,0.8915716460273958,0.7172168430816442,0.10641968705204241,0.28,0,4,0.0
9.778041642000062,672,4952.99,-91.0,-0.9,-119.2,0.45,-0.24,-0.4,0.08,-0.88,-0.14,-194.0,416.4,204.0,0.69,-11.54,-0.05,0.0,0.8946507698538017,0.6481512169239522,0.10127375196112387,0.28,0,4,0.0
9.787802519999786,673,4953.0,-90.9,-0.9,-119.2,0.48,-0.08,-0.39,0.11,-0.86,-0.14,-189.7,437.8,228.0,0.57,-12.2,-0.12,0.0,0.8782368700982668,0.6236184731067546,0.11533389868232558,0.28,0,4,0.0
9.797980355999243,674,4953.01,-90.9,-0.8,-119.2,0.38,0.05,-0.34,0.13,-0.85,-0.14,-186.3,456.7,312.0,0.45,-12.94,-0.16,0.0,0.8712060605849801,0.51234753829798,0.11991741403170009,0.28,0,4,0.0
9.808166382999843,675,4953.02,-90.9,-0.8,-119.2,0.22,0.19,-0.26,0.13,-0.84,-0.16,-180.3,490.5,249.0,0.31,-13.46,0.07,0.0,0.8649277426467484,0.39,0.12367181733053312,0.28,0,4,0.0
9.815791557999546,676,4953.03,-90.8,-0.8,-119.2,0.24,0.36,-0.09,0.16,-0.83,-0.16,-175.4,491.4,61.0,0.18,-13.32,-0.07,0.0,0.8602906485601246,0.44192759587968705,0.1257427331888138,0.28,0,4,0.0
9.828002532000028,677,4953.04,-90.8,-0.8,-119.1,0.28,0.6,0.08,0.16,-0.86,-0.17,-170.5,485.0,-100.0,0.05,-12.77,-0.01,0.0,0.8911228871485682,0.6669332800213227,0.09301228470836276,0.28,0,4,0.0
9.835786242999347,678,4953.05,-90.8,-0.8,-119.1,0.63,0.82,0.36,0.21,-0.83,-0.2,-166.0,437.2,-400.0,-0.06,-11.2,0.31,0.0,0.8792041856133307,1.0949429208867465,0.10283236651872829,0.28,0,4,0.0
9.848023442999875,679,4953.06,-90.7,-0.9,-119.0,0.68,1.3,0.68,0.21,-0.89,-0.23,-162.0,380.9,-520.0,-0.16,-9.6,0.22,0.0,0.9429209935090002,1.6170343224557728,0.03833324745059763,0.28,0,4,0.0
9.858105403000081,680,4953.07,-90.6,-0.9,-118.8,0.42,1.73,0.78,0.13,-0.94,-0.21,-158.6,317.7,-591.0,-0.24,-7.88,0.24,0.0,0.9719053451854249,1.9436306233438494,0.009161917858689361,0.28,0,4,0.0
9.867804489999799,681,4953.08,-90.6,-1.0,-118.6,0.19,2.05,0.86,0.09,-0.94,-0.19,-155.9,260.7,-545.0,-0.31,-6.5,0.2,0.0,0.9632237538599222,2.23118802434936,0.017486639000508286,0.28,0,4,0.0
9.875775602999965,682,4953.09,-90.6,-1.1,-118.4,0.21,2.15,0.87,0.08,-0.94,-0.14,-153.6,215.5,-476.0,-0.37,-5.31,0.12,0.0,0.9537295214053091,2.328840913415942,0.026441254026018934,0.28,0,4,0.0
9.887980597000023,683,4953.1,-90.6,-1.2,-118.2,0.2,2.09,0.95,0.07,-0.88,-0.13,-151.7,174.7,-421.0,-0.41,-4.27,-0.01,0.0,0.8923003978481686,2.304473909594118,0.0861129700314962,0.28,0,4,0.0
9.898049245999573,684,4953.11,-90.6,-1.3,-118.0,0.0,2.08,1.09,0.06,-0.85,-0.12,-150.2,137.2,-387.0,-0.45,-3.28,0.03,0.0,0.8605230967266363,2.348297255459794,0.115532465729968,0.28,0,4,0.0
9.90793769099946,685,4953.12,-90.6,-1.4,-117.8,-0.29,2.05,1.14,0.05,-0.85,-0.11,-149.1,102.0,-360.0,-0.48,-2.34,-0.08,0.0,0.858545281275251,2.3635143325141907,0.11516007555772623,0.28,0,4,0.0
9.918048869999438,686,4953.13,-90.7,-1.5,-117.6,-0.73,2.01,1.1,0.04,-0.86,-0.09,-148.3,69.0,-327.0,-0.49,-1.51,0.15,0.0,0.8656211642514293,2.404786892845185,0.10592250872991693,0.28,0,4,0.0
9.927902263999385,687,4953.14,-90.8,-1.6,-117.4,-1.1,1.88,0.99,0.02,-0.89,-0.1,-147.8,38.4,-295.0,-0.5,-0.78,-0.09,0.0,0.8958236433584459,2.392592735924775,0.07420562903044237,0.28,0,4,0.0
9.935708207999596,688,4953.15,-90.9,-1.7,-117.2,-1.37,1.73,0.81,0.0,-0.93,-0.12,-147.6,24.2,-167.0,-0.51,-0.54,0.26,0.0,0.937709976485267,2.3507232929462374,0.031672909985548836,0.28,0,4,0.0
9.948290002999784,689,4953.16,-91.0,-1.8,-117.0,-1.28,1.55,0.67,0.02,-0.92,-0.16,-147.4,13.3,-153.0,-0.51,-0.13,0.11,0.0,0.9340235543068494,2.1189148165983456,0.03465214552068718,0.28,0,4,0.0
9.957988838999881,690,4953.17,-91.1,-1.8,-116.9,-0.99,1.49,0.54,0.08,-0.94,-0.19,-147.4,-10.7,-250.0,-0.51,0.71,0.08,0.0,0.9623408959407264,1.8686358660798523,0.006208107809073993,0.28,0,4,0.0
9.968024004999279,691,4953.18,-91.3,-1.9,-116.7,-1.1,1.55,0.37,0.11,-1.01,-0.22,-147.8,-51.8,-381.0,-0.49,1.97,0.16,0.0,1.0395191195932858,1.9363367475725912,0.06955071352661579,0.28,0,4,0.0
9.975796032999824,692,4953.19,-91.4,-1.9,-116.5,-2.1,1.88,-0.07,0.0,-1.22,-0.26,-148.6,-91.5,-348.0,-0.47,2.83,0.23,0.0,1.247397290361014,2.8194503010338736,0.2718803066084571,0.28,0,4,0.0
9.987950505999834,693,4953.2,-91.7,-1.8,-116.3,-3.22,2.14,-1.03,-0.13,-1.38,-0.2,-149.7,-119.0,-295.0,-0.43,3.57,0.22,0.0,1.4004642087536545,4.001112345335982,0.41644828050107563,0.28,1,5,3.0
9.997978968000098,694,4953.21,-92.1,-1.7,-116.1,-3.3,2.02,-1.81,-0.13,-1.39,-0.11,-151.1,-150.4,-329.0,-0.39,4.53,0.13,0.0,1.4003928020380567,4.271592209001229,0.40804933630976825,0.28,0,5,3.0
10.007902007999292,695,4953.22,-92.4,-1.5,-116.0,-2.46,1.34,-2.23,-0.08,-1.34,-0.05,-152.8,-172.1,21.0,-0.34,3.88,2.85,3.49,1.3433167906342867,3.5805167224857364,0.3439538584078783,0.28,0,5,3.0
10.015754819999529,696,4953.23,-92.6,-1.3,-115.9,-1.85,0.77,-2.43,-0.05,-1.26,-0.08,-153.9,-66.4,869.0,-0.33,0.18,2.99,3.49,1.2635268101627286,3.1496507742922866,0.25888060037759386,0.28,0,5,3.0
10.027955997999925,697,4953.24,-92.8,-1.0,-115.8,-1.79,0.71,-2.5,0.05,-1.24,-0.11,-153.8,30.3,708.0,-0.34,-1.3,3.56,3.49,1.2458731877683218,3.155661578813546,0.23640243842352326,0.28,0,5,3.0
10.035786851999546,698,4953.25,-93.0,-0.7,-115.8,-1.96,0.85,-2.62,0.0,-1.34,-0.04,-153.3,46.4,217.0,-0.36,-1.1,3.8,3.49,1.3405968819895115,3.3806064544693752,0.3245036099918188,0.28,0,5,3.0
10.047904974999256,699,4953.26,-93.2,-0.4,-115.7,-2.38,0.79,-3.1,-0.11,-1.54,0.09,-153.0,22.9,-135.0,-0.36,-0.19,3.87,3.49,1.5465445354078882,3.9872923143406482,0.5198422381419916,0.28,0,5,3.0
10.05574021099983,700,4953.27,-93.4,-0.1,-115.6,-2.32,0.6,-3.79,-0.15,-1.67,0.14,-153.0,-1.5,-102.0,-0.36,0.0,3.6,3.49,1.6825575770237404,4.484027207767589,0.642738174162687,0.28,0,5,3.0
10.068004187999577,701,4953.28,-93.6,0.2,-115.6,-1.5,0.06,-4.17,-0.15,-1.59,0.17,-153.0,0.0,-30.0,-0.36,-0.01,3.59,3.49,1.6060821896777264,4.431986010808247,0.5549375310803395,0.28,0,5,3.0
10.07812299699981,702,4953.29,-93.7,0.6,-115.7,0.21,-0.2,-3.57,0.05,-1.25,0.04,-153.0,-3.4,-60.0,-0.36,0.22,3.61,3.49,1.2516389255691915,3.5817593442329425,0.19648438163236848,0.28,0,5,3.0
10.087683830999595,703,4953.3,-93.6,0.9,-115.7,1.25,0.44,-2.17,0.27,-0.96,-0.06,-153.1,-14.6,-93.0,-0.35,0.52,3.5,3.49,0.9990495483208027,2.542636427018224,0.05498289570369985,0.28,0,5,3.0
10.09577887999967,704,4953.31,-93.4,1.0,-115.6,1.0,1.49,-0.62,0.45,-0.88,-0.13,-153.3,-23.2,-70.0,-0.35,0.67,3.46,3.49,0.9968951800465282,1.8985520798756088,0.055994518698414986,0.28,0,5,3.0
10.10851853099939,705,4953.32,-93.4,1.1,-115.4,0.32,2.94,0.25,0.49,-0.99,-0.12,-153.6,-27.4,-79.0,-0.34,0.93,3.53,3.49,1.111125555461668,2.9679117237545998,0.057071139582390185,0.28,0,5,3.0
10.118017349999718,706,4953.33,-93.3,1.1,-115.0,0.3,4.37,0.47,0.43,-1.06,-0.08,-154.0,-49.1,-203.0,-0.32,1.68,3.69,3.49,1.1466908912169835,4.4054284695134935,0.09078374583095172,0.28,0,5,3.0
10.127730657999564,707,4953.34,-93.3,1.0,-114.5,0.72,5.65,0.39,0.26,-1.06,0.02,-154.7,-69.0,-124.0,-0.31,1.85,3.48,3.49,1.0916043239196151,5.709027938274606,0.03498323496291178,0.28,0,5,3.0
10.138359939000111,708,4953.35,-93.2,1.0,-113.9,1.27,6.21,0.2,0.09,-0.97,0.13,-155.3,-69.7,-92.0,-0.29,2.09,3.38,3.49,0.9828021163998376,6.34168747258961,0.07234259310572855,0.28,0,5,3.0
10.147715112999322,709,4953.36,-93.0,1.1,-113.2,1.73,6.25,0.08,-0.02,-0.93,0.21,-156.1,-76.4,-5.0,-0.27,1.93,3.17,3.49,0.9536246641105713,6.485506919277783,0.09948964448709485,0.28,0,5,3.0
10.15838518199962,710,4953.37,-92.8,1.1,-112.6,1.65,6.08,-0.14,-0.13,-0.94,0.2,-156.8,-69.7,10.0,-0.25,1.89,3.47,3.49,0.9697937925146768,6.301468082915282,0.0816541057613297,0.28,0,5,3.0
10.167736812999465,711,4953.38,-92.7,1.2,-112.0,1.13,5.81,-0.44,-0.18,-0.97,0.18,-157.5,-62.4,90.0,-0.23,1.51,3.45,3.49,1.0028459502834919,5.9352000808734315,0.0476299090326644,0.28,0,5,3.0
10.178334835999522,712,4953.39,-92.6,1.2,-111.5,1.01,5.39,-0.65,-0.2,-0.93,0.17,-158.1,-60.2,-26.0,-0.21,1.82,3.47,3.49,0.9663332758422428,5.5222006482923085,0.08245973180443522,0.28,0,5,0.0
10.18772251900009,713,4953.4,-92.4,1.3,-111.0,1.31,5.07,-0.5,-0.19,-0.89,0.15,-158.7,-65.9,17.0,-0.2,1.67,3.46,3.49,0.92233399590387,5.260323183987843,0.1239298315079519,0.28,0,5,0.0
10.198290464999445,714,4953.41,-92.3,1.4,-110.5,1.63,4.63,-0.14,-0.13,-0.85,0.11,-159.4,-81.3,-386.0,-0.17,3.29,0.54,0.0,0.8668909966079934,4.910539685207727,0.17578537418775197,0.28,0,5,0.0
10.207699952999974,715,4953.42,-92.1,1.4,-110.0,1.39,4.4,0.09,-0.15,-0.87,0.1,-161.1,-211.6,-1023.0,-0.11,7.36,0.35,0.0,0.8884818512496471,4.615213971204369,0.15111062915517626,0.28,0,5,0.0
10.218215281999619,716,4953.43,-92.0,1.4,-109.6,0.78,3.73,0.21,-0.25,-0.81,0.2,-164.0,-315.9,-914.0,-0.02,9.49,0.2,0.0,0.8709764635166671,3.8164643323369343,0.16524369655039306,0.28,0,5,0.0
10.227781702999891,717,4953.44,-91.9,1.4,-109.3,0.0,2.77,0.4,-0.19,-0.75,0.17,-167.5,-374.9,-627.0,0.07,10.68,0.02,0.0,0.792148975887743,2.7987318556803547,0.23918976049573082,0.28,0,5,0.0
10.23796464499992,718,4953.45,-92.0,1.3,-109.1,-0.67,1.96,0.61,-0.12,-0.76,0.13,-171.6,-416.6,-434.0,0.19,11.63,0.1,0.0,0.7803204469959761,2.159305443886992,0.24599792359974781,0.28,0,5,0.0
10.24812191699948,719,4953.46,-92.1,1.3,-108.9,-1.57,1.39,0.88,-0.07,-0.83,0.09,-176.0,-430.9,-196.0,0.31,11.76,-0.02,0.0,0.8377947242612596,2.2740712389896673,0.1847531734077752,0.28,0,5,0.0
10.258276640000076,720,4953.47,-92.3,1.2,-108.8,-2.03,1.03,1.03,-0.05,-0.93,0.06,-180.2,-432.8,-50.0,0.43,11.66,-0.27,0.0,0.9332738076256079,2.498539573430847,0.08748860824255844,0.28,0,5,0.0
10.26770626599955,721,4953.48,-92.4,1.1,-108.7,-1.87,0.84,1.12,-0.03,-1.0,0.04,-184.5,-414.9,152.0,0.54,10.89,-0.04,0.0,1.0012492197250393,2.336000856164227,0.0191229322202644,0.28,0,5,0.0
10.278157804999864,722,4953.49,-92.5,0.9,-108.6,-1.17,0.72,1.16,-0.01,-1.02,0.01,-188.4,-385.7,253.0,0.64,10.08,-0.12,0.0,1.0200980345045274,1.798026696131067,0.0002686350919607339,0.28,0,5,0.0
10.287738330000138,723,4953.5,-92.6,0.8,-108.5,-0.43,0.71,1.17,0.0,-1.0,-0.01,-191.7,-357.2,286.0,0.72,9.38,-0.03,0.0,1.0000499987500624,1.4345382532369082,0.019910337429497327,0.28,0,5,0.0
10.29815761000009,724,4953.51,-92.6,0.7,-108.4,0.04,0.81,1.1,0.0,-0.96,-0.03,-195.1,-323.0,329.0,0.81,8.36,-0.34,0.0,0.9604686356149273,1.3666382110858748,0.0583018665533398,0.28,0,5,0.0
10.307741128000089,725,4953.52,-92.6,0.6,-108.3,0.12,0.97,1.03,0.0,-0.91,-0.04,-198.0,-286.8,356.0,0.88,7.39,-0.27,0.0,0.9108786966440702,1.419929575718458,0.10573396941371305,0.28,0,5,0.0
10.315778051999587,726,4953.53,-92.6,0.5,-108.2,-0.01,1.1,0.98,0.0,-0.9,-0.04,-200.6,-244.1,425.0,0.95,6.05,-0.21,0.0,0.9008884503644167,1.4732616875490925,0.11340973137949917,0.28,0,5,0.0
10.328127009000127,727,4953.54,-92.6,0.4,-108.1,-0.11,1.23,0.91,-0.01,-0.91,-0.05,-202.7,-199.3,435.0,1.01,4.82,-0.34,0.0,0.9114274518577987,1.5339817469578965,0.10081331528839477,0.28,0,5,0.0
10.338130843999352,728,4953.55,-92.6,0.3,-108.0,0.01,1.38,0.87,-0.01,-0.92,-0.06,-204.4,-155.1,427.0,1.04,3.75,-0.11,0.0,0.9220086767487604,1.6313797841091446,0.08842744858948437,0.28,0,5,0.0
10.347781818999465,729,4953.56,-92.6,0.2,-107.8,0.32,1.56,0.86,-0.02,-0.93,-0.08,-205.7,-110.5,445.0,1.08,2.45,-0.27,0.0,0.9336487562247379,1.8098618731825917,0.07525162173123678,0.28,0,5,0.0
10.35813570099981,730,4953.57,-92.6,0.1,-107.7,0.67,1.69,0.88,-0.02,-0.94,-0.09,-206.5,-67.4,434.0,1.09,1.26,-0.31,0.0,0.9445104552094699,2.019752460080195,0.0631021242915748,0.28,0,5,0.0
10.367574909999348,731,4953.58,-92.5,0.0,-107.5,0.93,1.82,0.84,-0.03,-0.94,-0.1,-206.8,-24.8,422.0,1.1,0.19,-0.16,0.0,0.9457801012920498,2.2097284901091356,0.06059582864481505,0.28,0,5,0.0
10.378359482999258,732,4953.59,-92.5,0.0,-107.3,1.05,1.92,0.79,-0.03,-0.93,-0.11,-206.8,7.9,305.0,1.09,-0.44,-0.14,0.0,0.9369631796394137,2.3265854809140367,0.06802449529150223,0.28,0,5,0.0
10.387726496000141,733,4953.6,-92.4,-0.1,-107.1,1.02,2.05,0.7,-0.04,-0.94,-0.12,-206.7,22.6,169.0,1.09,-0.68,0.06,0.0,0.94847245611035,2.394347510283334,0.05538491444415461,0.28,0,5,0.0
10.398200928999358,734,4953.61,-92.4,-0.2,-106.9,0.94,2.18,0.6,-0.04,-0.95,-0.13,-206.4,26.2,63.0,1.08,-0.7,-0.2,0.0,0.9596874491208063,2.4486731100741075,0.043286523005024335,0.28,0,5,0.0
10.40774042799967,735,4953.62,-92.3,-0.3,-106.6,0.99,2.28,0.46,-0.06,-0.97,-0.13,-206.1,22.4,-24.0,1.07,-0.48,0.13,0.0,0.9805100713404223,2.527864711569826,0.02201462276970012,0.28,0,5,0.0
10.419718053999532,736,4953.63,-92.2,-0.3,-106.4,1.23,2.28,0.28,-0.07,-0.97,-0.12,-206.0,9.2,-122.0,1.07,-0.01,0.01,0.0,0.9798979538707079,2.6057052788064885,0.022174205434626226,0.28,0,5,0.0
10.427757300999474,737,4953.64,-92.1,-0.3,-106.2,1.62,2.17,0.1,-0.09,-0.95,-0.12,-206.0,-5.6,-102.0,1.07,0.22,0.09,0.0,0.9617692030835672,2.709852394504173,0.03949689709733151,0.28,0,5,0.0
10.438026881000042,738,4953.65,-91.9,-0.3,-106.0,2.07,1.91,-0.09,-0.12,-0.91,-0.1,-206.1,-7.7,-39.0,1.08,0.22,-0.15,0.0,0.9233092656309694,2.8179957416575347,0.07639769785893069,0.28,0,5,0.0
10.447778196999934,739,4953.66,-91.7,-0.3,-105.8,2.44,1.55,-0.29,-0.15,-0.88,-0.08,-206.2,-10.3,-41.0,1.08,0.34,0.06,0.0,0.8962700485902672,2.905202230482415,0.10136817660164021,0.28,0,5,0.0
10.458069380999405,740,4953.67,-91.4,-0.2,-105.7,2.61,1.07,-0.46,-0.19,-0.82,-0.04,-206.3,-15.2,-51.0,1.08,0.5,-0.09,0.0,0.8426743143112884,2.8580762760990126,0.15186463266300665,0.28,0,5,0.0
10.467685268999958,741,4953.68,-91.2,-0.2,-105.6,2.13,0.44,-0.54,-0.22,-0.8,-0.04,-206.6,-26.1,-102.0,1.09,0.87,0.1,0.0,0.8306623862918076,2.241004239174928,0.16059902946883775,0.28,0,5,0.0
10.478265875000034,742,4953.69,-91.0,-0.1,-105.6,1.11,-0.17,-0.58,-0.23,-0.8,-0.07,-206.9,-41.3,-140.0,1.1,1.31,0.09,0.0,0.8353442404182841,1.2638829059687453,0.1527988318355139,0.28,0,5,0.0
10.487584110999705,743,4953.7,-91.0,-0.1,-105.7,0.04,-0.71,-0.6,-0.23,-0.83,-0.09,-207.4,-57.3,-155.0,1.12,1.75,0.25,0.0,0.8659676668328905,0.9304300081145277,0.11973189731248934,0.28,0,5,0.0
10.498081858999285,744,4953.71,-91.0,0.0,-105.8,-0.58,-1.21,-0.56,-0.22,-0.89,-0.08,-208.1,-73.3,-162.0,1.14,2.22,0.07,0.0,0.9202716990106781,1.4539944979263162,0.0641193078320077,0.28,0,5,0.0
10.507812329999979,745,4953.72,-91.1,0.0,-105.9,-0.47,-1.63,-0.58,-0.2,-0.92,-0.07,-209.0,-90.0,-163.0,1.16,2.64,-0.06,0.0,0.9440868604106298,1.7928190092700378,0.03949806350341478,0.28,0,5,0.0
10.518006219999734,746,4953.73,-91.1,0.0,-106.1,-0.03,-2.06,-0.68,-0.19,-0.87,-0.09,-210.0,-107.7,-174.0,1.19,3.15,0.12,0.0,0.8950418984606252,2.169539121564762,0.08677216494435103,0.28,0,5,0.0
10.527941792999627,747,4953.74,-91.1,0.1,-106.3,-0.3,-2.44,-0.7,-0.19,-0.79,-0.12,-211.2,-125.4,-172.0,1.23,3.61,0.38,0.0,0.8213403679352428,2.5560907652115956,0.1572642215603388,0.28,0,5,0.0
10.538151337999807,748,4953.75,-91.2,0.1,-106.6,-1.08,-2.63,-0.58,-0.16,-0.77,-0.13,-212.6,-143.3,-180.0,1.27,4.12,0.04,0.0,0.7971198153351853,2.901671931835162,0.17785507867718842,0.28,0,5,0.0
10.547761093999725,749,4953.76,-91.3,0.2,-106.8,-1.91,-2.67,-0.43,-0.11,-0.82,-0.13,-214.1,-161.8,-184.0,1.31,4.63,-0.12,0.0,0.8374962686484041,3.3108760170081877,0.13472905285669023,0.28,0,5,0.0
10.557816286999696,750,4953.77,-91.5,0.2,-107.1,-2.22,-2.5,-0.28,-0.04,-0.9,-0.17,-215.9,-180.7,-184.0,1.36,5.12,0.14,0.0,0.9167878707749139,3.355115497266823,0.05432870171557691,0.28,0,5,0.0
10.568056716999308,751,4953.78,-91.8,0.2,-107.3,-2.16,-2.1,-0.16,0.0,-0.96,-0.2,-217.8,-196.9,-160.0,1.42,5.52,0.0,0.0,0.980612053770501,3.0168195173062644,0.009305571654410039,0.28,0,5,0.0
10.578140319999875,752,4953.79,-92.0,0.2,-107.5,-2.0,-1.66,0.02,0.03,-0.99,-0.21,-219.9,-207.9,-114.0,1.47,5.76,-0.09,0.0,1.0124722218411721,2.5992306554055564,0.0403424249305796,0.28,0,5,0.0
10.587571496999772,753,4953.8,-92.2,0.2,-107.7,-1.84,-1.21,0.29,0.06,-1.02,-0.24,-222.0,-215.9,-89.0,1.53,5.96,-0.06,0.0,1.049571341072154,2.2212158832495326,0.07589271327833036,0.28,0,5,0.0
10.598142873000143,754,4953.81,-92.3,0.2,-107.8,-1.53,-0.94,0.41,0.07,-1.07,-0.25,-224.2,-223.7,-78.0,1.59,6.16,0.09,0.0,1.101044958210154,1.8419011917038328,0.1248190038080037,0.28,0,5,0.0
10.607752047999384,755,4953.82,-92.5,0.1,-107.9,-1.64,-1.08,0.55,0.04,-1.08,-0.21,-226.5,-229.5,-62.0,1.66,6.3,-0.13,0.0,1.1009541316512692,2.039240054530118,0.12223361370413655,0.28,0,5,0.0
10.61804884599951,756,4953.83,-92.7,0.0,-108.0,-2.38,-1.32,0.94,0.03,-1.13,-0.16,-228.6,-233.7,-54.0,1.72,6.43,0.07,0.0,1.1416654501210062,2.8793054718108673,0.159686033530396,0.28,0,5,0.0
10.627723789999436,757,4953.84,-93.0,0.0,-108.1,-2.75,-1.33,1.54,0.08,-1.23,-0.16,-231.2,-240.0,-65.0,1.79,6.63,0.21,0.0,1.2429400629153442,3.420964776199837,0.2557414333982394,0.28,0,5,0.0
10.635795900999256,758,4953.85,-93.3,-0.2,-108.2,-2.73,-0.92,2.33,0.18,-1.43,-0.12,-233.7,-250.1,-97.0,1.86,6.95,0.07,0.0,1.4462710672622887,3.705158566107529,0.44989098899028024,0.28,1,6,3.0
10.64818244199978,759,4953.86,-93.5,-0.5,-108.3,-2.18,-0.36,3.13,0.23,-1.64,-0.05,-236.2,-261.1,-102.0,1.93,7.22,0.02,0.0,1.656804152578089,3.831305260612889,0.647215592819959,0.28,0,6,3.0
10.6581595990001,760,4953.87,-93.7,-0.8,-108.2,-0.56,0.47,4.12,0.29,-1.8,-0.07,-238.8,-238.9,502.0,1.99,4.82,2.65,3.49,1.8245547402037572,4.184363750918412,0.7986668568367146,0.28,0,6,3.0
10.667554769999697,761,4953.88,-93.6,-1.3,-108.1,2.69,1.42,4.78,0.4,-1.98,0.09,-240.2,-95.4,1141.0,2.01,0.83,3.08,3.49,2.022003956474863,5.6657656146367374,0.976193751645664,0.28,0,6,3.0
10.678233965999425,762,4953.89,-93.1,-1.7,-107.9,6.04,1.45,4.25,0.24,-1.74,0.23,-240.3,16.5,905.0,2.0,-1.11,3.46,3.49,1.7714683175264525,7.526393558670713,0.7111449504433083,0.28,0,6,3.0
10.68776887399963,763,4953.9,-92.4,-2.1,-107.8,6.91,0.99,3.28,-0.02,-1.36,0.29,-239.9,45.9,351.0,1.99,-1.15,3.71,3.49,1.3907192383799112,7.712755668371713,0.3237879538708317,0.28,0,6,3.0
10.695743496999967,764,4953.91,-91.8,-2.3,-107.7,5.44,0.3,2.13,-0.31,-1.13,0.32,-239.6,23.2,-110.0,1.98,-0.12,3.59,3.49,1.2146604463799748,5.849829057331505,0.14477457863347754,0.28,0,6,3.0
10.708109922999938,765,4953.92,-91.4,-2.5,-107.7,3.12,-0.98,0.81,-0.56,-1.03,0.39,-239.6,-4.7,-106.0,1.99,0.09,3.55,3.49,1.2355565547557912,3.3691096746766793,0.1623572732691081,0.28,0,6,3.0
10.7181715050001,766,4953.93,-91.2,-2.5,-107.9,1.45,-2.75,0.12,-0.67,-0.89,0.43,-239.6,-0.8,-20.0,1.99,0.03,3.39,3.49,1.1941105476462388,3.1111734120746144,0.1184930408363647,0.28,0,6,3.0
10.727733660000013,767,4953.94,-91.1,-2.6,-108.3,0.55,-4.4,0.14,-0.57,-0.86,0.4,-239.6,-2.9,-25.0,1.99,0.1,3.41,3.49,1.1065712810298305,4.436451284529111,0.030334698735557275,0.28,0,6,3.0
10.738251697000123,768,4953.95,-91.0,-2.6,-108.8,0.73,-5.43,0.29,-0.4,-0.93,0.31,-239.6,-3.3,-6.0,1.99,0.09,3.47,3.49,1.0587728746053142,5.486519844127058,0.01711443353517983,0.28,0,6,3.0
10.747520347999853,769,4953.96,-90.9,-2.6,-109.4,1.44,-6.11,0.58,-0.19,-0.97,0.25,-239.7,-3.0,0.0,1.99,0.08,3.58,3.49,1.0195587280779856,6.304133564574913,0.055202008461258334,0.28,0,6,3.0
10.758065000999522,770,4953.97,-90.7,-2.7,-110.0,1.68,-6.55,0.75,-0.04,-0.98,0.21,-239.7,-3.4,-7.0,1.99,0.11,3.41,3.49,1.0030453628824572,6.803484401393157,0.07028106618365104,0.28,0,6,3.0
10.76771952099989,771,4953.98,-90.5,-2.8,-110.7,1.57,-6.79,0.72,0.03,-1.01,0.18,-239.7,-0.4,32.0,1.99,-0.04,3.45,3.49,1.026352765865616,7.006240075818128,0.04603418993648245,0.28,0,6,3.0
10.778335743999378,772,4953.99,-90.3,-2.9,-111.4,1.03,-6.67,0.51,0.04,-1.07,0.11,-239.7,0.5,2.0,1.99,0.0,3.54,3.49,1.0763828315241748,6.768301116232935,0.003915958207634906,0.28,0,6,3.0
10.787687364999329,773,4954.0,-90.2,-2.9,-112.0,0.78,-6.32,0.02,0.08,-1.06,0.07,-239.7,0.6,10.0,1.99,-0.04,3.53,3.49,1.0653168542738822,6.367982412036014,0.007007018661804532,0.28,0,6,3.0
10.798243528999592,774,4954.01,-90.1,-2.9,-112.6,0.68,-5.83,-0.44,0.09,-1.02,0.12,-239.7,5.8,89.0,1.99,-0.39,3.36,3.49,1.030970416646375,5.885991845050417,0.040526387163525524,0.28,0,6,3.0
10.807574230999307,775,4954.02,-90.0,-2.8,-113.2,0.47,-5.47,-0.87,0.09,-0.93,0.11,-239.5,22.1,127.0,1.98,-0.79,3.19,3.49,0.9407975340103736,5.558659910446042,0.12808528440353628,0.28,0,6,3.0
10.818169642999237,776,4954.03,-89.9,-2.7,-113.7,0.0,-5.06,-1.16,0.1,-0.83,0.09,-239.1,46.5,267.0,1.97,-1.77,3.31,3.49,0.8408329203831163,5.191261888982292,0.22348890007017774,0.28,0,6,0.0
10.827779507999367,777,4954.04,-89.9,-2.6,-114.2,-0.51,-4.71,-1.37,0.09,-0.78,0.1,-238.3,95.2,426.0,1.94,-3.18,3.14,3.49,0.7915175298121957,4.931642728341136,0.2673482048282765,0.28,0,6,0.0
10.83803787099987,778,4954.05,-90.0,-2.4,-114.7,-1.0,-4.44,-1.43,0.09,-0.77,0.12,-237.1,131.0,170.0,1.9,-3.08,0.4,0.0,0.7844743462982074,4.770586965982279,0.2689035605754194,0.28,0,6,0.0
10.848010203999365,779,4954.06,-90.1,-2.3,-115.1,-1.59,-4.17,-1.51,0.04,-0.84,0.1,-236.2,58.2,-510.0,1.89,-0.65,0.2,0.0,0.8468766143896052,4.711379840344016,0.20237126663434135,0.28,0,6,0.0
10.858131559999492,780,4954.07,-90.2,-2.1,-115.5,-1.83,-3.99,-1.66,-0.02,-0.85,0.09,-236.1,1.4,-420.0,1.89,0.26,-0.11,0.0,0.8549853799919621,4.6930373959728895,0.19037725101134473,0.28,0,6,0.0
10.867756560999624,781,4954.08,-90.3,-2.0,-115.9,-1.75,-3.84,-1.63,0.0,-0.83,0.07,-236.1,-6.8,-103.0,1.89,0.03,-0.03,0.0,0.8329465769183519,4.523825814507009,0.20816773300325586,0.28,0,6,0.0
10.875762761999795,782,4954.09,-90.5,-1.8,-116.3,-1.46,-3.88,-1.47,0.03,-0.83,0.08,-236.1,8.3,66.0,1.89,-0.41,-0.03,0.0,0.834386001800126,4.398511111728604,0.2025937419590521,0.28,0,6,0.0
10.888200994999352,783,4954.1,-90.6,-1.7,-116.7,-1.22,-3.89,-1.26,0.07,-0.83,0.06,-235.9,21.1,110.0,1.88,-0.76,-0.13,0.0,0.8351047838445186,4.267095030579938,0.19783746071636632,0.28,0,6,0.0
10.898242371999913,784,4954.11,-90.7,-1.6,-117.1,-1.03,-3.73,-1.04,0.11,-0.84,0.02,-235.6,39.3,181.0,1.87,-1.36,-0.05,0.0,0.8474078120952154,4.006919015902368,0.18182374381635602,0.28,0,6,0.0
10.907767332999356,785,4954.12,-90.8,-1.5,-117.4,-0.71,-3.41,-0.8,0.15,-0.85,-0.01,-235.0,63.0,213.0,1.85,-1.99,0.05,0.0,0.8631917515824626,3.5738214840699585,0.1627190082425266,0.28,0,6,0.0
10.918090776999634,786,4954.13,-90.8,-1.4,-117.7,-0.42,-3.03,-0.5,0.19,-0.86,-0.02,-234.3,85.4,214.0,1.83,-2.58,0.12,0.0,0.8809653795694811,3.099564485536637,0.14204647265039794,0.28,0,6,0.0
10.927575815999262,787,4954.14,-90.8,-1.4,-118.0,-0.03,-2.58,-0.27,0.22,-0.89,-0.04,-233.4,106.5,234.0,1.8,-3.28,-0.19,0.0,0.9176600677810929,2.5942629010954152,0.10324474875001033,0.28,0,6,0.0
10.938157414999296,788,4954.15,-90.8,-1.4,-118.3,0.27,-2.14,-0.03,0.23,-0.9,-0.04,-232.0,134.8,245.0,1.76,-3.95,0.17,0.0,0.9297849213662265,2.157174077352127,0.0892974972615791,0.28,0,6,0.0
10.947804806999557,789,4954.16,-90.8,-1.4,-118.4,0.34,-1.7,0.13,0.23,-0.9,-0.05,-230.5,158.7,245.0,1.72,-4.62,-0.12,0.0,0.9302687783646186,1.738533865071371,0.08703736745792323,0.28,0,6,0.0
10.957981560999542,790,4954.17,-90.7,-1.4,-118.6,0.31,-1.24,0.23,0.2,-0.9,-0.06,-228.7,184.5,248.0,1.67,-5.3,-0.25,0.0,0.9239047569960879,1.2986916493148017,0.09153336104992493,0.28,0,6,0.0
10.96798239599957,791,4954.18,-90.7,-1.4,-118.7,0.08,-0.85,0.35,0.18,-0.89,-0.06,-226.7,208.8,244.0,1.61,-5.98,-0.08,0.0,0.91,0.9227133899537818,0.1033293556850926,0.28,0,6,0.0
10.978266131000055,792,4954.19,-90.7,-1.5,-118.8,-0.16,-0.54,0.45,0.15,-0.88,-0.06,-224.7,231.0,243.0,1.54,-6.62,0.19,0.0,0.8947066558375432,0.7209022125087424,0.11625024585059851,0.28,0,6,0.0
10.987652973999502,793,4954.2,-90.8,-1.5,-118.8,-0.46,-0.36,0.61,0.1,-0.89,-0.06,-221.9,257.5,250.0,1.47,-7.32,0.0,0.0,0.8976079322287654,0.8445708969648433,0.1110819900701886,0.28,0,6,0.0
10.998339851999845,794,4954.21,-90.8,-1.6,-118.8,-0.57,-0.19,0.68,0.06,-0.91,-0.08,-219.2,284.9,272.0,1.39,-8.1,-0.16,0.0,0.9154780172128657,0.9074139077620533,0.09134766698436658,0.28,0,6,0.0
11.007709565999903,795,4954.22,-90.9,-1.7,-118.8,-0.45,0.0,0.67,0.03,-0.92,-0.11,-216.1,310.3,243.0,1.31,-8.7,-0.4,0.0,0.9270382947861432,0.807093550959243,0.07819164162286729,0.28,0,6,0.0
11.018149966999772,796,4954.23,-90.9,-1.7,-118.8,-0.24,0.16,0.69,0.02,-0.92,-0.13,-212.9,331.3,226.0,1.22,-9.28,-0.03,0.0,0.9293546147730692,0.7478636239315293,0.07435781520322238,0.28,0,6,0.0
11.027591035999649,797,4954.24,-90.9,-1.8,-118.8,-0.01,0.33,0.75,0.03,-0.91,-0.16,-209.8,353.6,248.0,1.12,-10.01,0.09,0.0,0.9244457799135654,0.8194510357550352,0.07768131706147174,0.28,0,6,0.0
11.03824374099986,798,4954.25,-90.9,-1.9,-118.7,0.3,0.56,0.79,0.05,-0.9,-0.19,-205.7,377.9,201.0,1.02,-10.47,-0.02,0.0,0.9211948762341223,1.0137553945602462,0.07931357632609648,0.28,0,6,0.0
11.047785759999897,799,4954.26,-90.9,-2.0,-118.7,0.52,0.79,0.86,0.05,-0.88,-0.19,-201.8,398.5,248.0,0.91,-11.23,-0.21,0.0,0.901665126307988,1.2783192089615176,0.09686645972718622,0.28,0,6,0.0
11.055680002999907,800,4954.27,-90.8,-2.0,-118.6,0.51,1.01,0.99,0.05,-0.86,-0.18,-197.6,428.6,253.0,0.79,-11.91,-0.08,0.0,0.8800568163476719,1.5034294130420622,0.11610527429375228,0.28,0,6,0.0
11.068235331999858,801,4954.28,-90.8,-2.2,-118.5,0.38,1.16,1.1,0.05,-0.87,-0.17,-193.1,448.2,217.0,0.67,-12.44,-0.1,0.0,0.887862601982987,1.6431676725154984,0.10613349888526835,0.28,0,6,0.0
11.078248013999655,802,4954.29,-90.7,-2.3,-118.4,0.33,1.23,1.17,0.06,-0.88,-0.15,-188.5,471.8,237.0,0.54,-13.13,-0.12,0.0,0.8947066558375432,1.7293640449598804,0.09730365613009795,0.28,0,6,0.0
11.087523928999872,803,4954.3,-90.7,-2.4,-118.2,0.39,1.33,1.25,0.08,-0.88,-0.16,-183.6,499.8,297.0,0.4,-14.03,-0.18,0.0,0.8979977728257459,1.866413673331826,0.09213228835905729,0.28,0,6,0.0
11.095792185999926,804,4954.31,-90.7,-2.5,-118.1,0.46,1.49,1.32,0.1,-0.89,-0.17,-178.4,527.4,225.0,0.26,-14.5,0.0,0.0,0.9115920140062659,2.0430614283471753,0.07696728623496651,0.28,0,6,0.0
11.108188472999245,805,4954.32,-90.6,-2.6,-117.9,0.44,1.74,1.36,0.13,-0.89,-0.18,-173.0,546.7,239.0,0.11,-15.19,-0.08,0.0,0.9172785836374902,2.251843689069026,0.06985510227166736,0.28,0,6,0.0
11.117955072999393,806,4954.33,-90.6,-2.8,-117.7,0.31,1.91,1.41,0.14,-0.89,-0.17,-167.4,564.7,150.0,-0.04,-15.45,-0.25,0.0,0.9168424073961675,2.394222211909329,0.06888545294273019,0.28,0,6,0.0
11.128259217999585,807,4954.34,-90.6,-2.9,-117.5,0.24,2.08,1.5,0.17,-0.86,-0.19,-161.6,585.2,204.0,-0.2,-16.12,0.04,0.0,0.8969949832635632,2.575655256434758,0.08695821953382776,0.28,0,6,0.0
11.138117382000019,808,4954.35,-90.6,-3.1,-117.3,0.03,2.42,1.62,0.19,-0.84,-0.23,-155.7,591.4,70.0,-0.36,-16.08,0.0,0.0,0.891403387922662,2.9123358322830835,0.09069881857723427,0.28,0,6,0.0
11.147569852999368,809,4954.36,-90.6,-3.3,-117.0,-0.23,2.81,1.78,0.19,-0.84,-0.21,-149.8,589.4,-35.0,-0.52,-15.81,0.36,0.0,0.8864536084872123,3.334276533222762,0.09373562605243035,0.28,0,6,0.0
11.158112243999312,810,4954.37,-90.7,-3.4,-116.7,-0.26,3.06,1.81,0.24,-0.8,-0.19,-144.1,550.8,-466.0,-0.67,-13.78,0.3,0.0,0.8565628990331067,3.5647300038011296,0.12115380879640525,0.28,0,6,0.0
11.167776212999343,811,4954.38,-90.7,-3.6,-116.4,0.08,3.42,2.05,0.34,-0.76,-0.22,-139.4,417.6,-1208.0,-0.77,-9.29,0.4,0.0,0.8611620056644395,3.9881449321708455,0.11422360812177101,0.28,0,6,0.0
11.177966196999478,812,4954.39,-90.7,-3.8,-116.0,-0.68,3.95,2.02,0.15,-0.94,-0.25,-136.4,255.2,-1436.0,-0.84,-5.09,0.55,0.0,0.9841747812253675,4.488351590506252,0.008613384090373932,0.28,0,6,0.0
11.188263643999562,813,4954.4,-90.9,-4.0,-115.6,-2.47,4.39,1.29,-0.14,-1.07,-0.24,-134.8,115.1,-1335.0,-0.86,-1.65,0.57,0.0,1.105486318323298,5.199721146369294,0.1273264227645382,0.28,0,6,0.0
11.198090340999443,814,4954.41,-91.3,-4.1,-115.2,-3.06,4.23,0.72,-0.29,-1.08,-0.14,-134.5,7.5,-1064.0,-0.86,0.74,0.18,0.0,1.1269871339105875,5.270189749904647,0.1458506935847912,0.28,0,6,0.0
11.207573808999769,815,4954.42,-91.5,-4.1,-114.8,-1.85,3.35,0.63,-0.28,-0.97,-0.13,-134.8,-49.9,-644.0,-0.85,1.8,0.13,0.0,1.0179390944452422,3.8783888407430216,0.036066601037057056,0.28,0,6,0.0
11.218322123999314,816,4954.43,-91.7,-4.2,-114.5,-0.47,2.94,1.12,-0.15,-0.86,-0.28,-135.6,-87.1,-466.0,-0.82,2.82,-0.01,0.0,0.9167878707749137,3.1810218484002903,0.06378293018060599,0.28,0,6,0.0
11.227749338999274,817,4954.44,-91.7,-4.3,-114.2,-0.11,2.98,1.6,-0.07,-0.86,-0.34,-136.7,-121.6,-386.0,-0.79,3.75,0.34,0.0,0.9274157643689264,3.3841542518035435,0.05209193585486149,0.28,0,6,0.0
11.238034559999505,818,4954.45,-91.8,-4.5,-113.9,-1.19,3.26,1.57,0.01,-0.97,-0.34,-138.2,-164.2,-432.0,-0.74,5.02,0.18,0.0,1.0279105019407089,3.8090156208658423,0.047434745682582546,0.28,0,6,0.0
11.248065082999346,819,4954.46,-92.0,-4.6,-113.5,-2.93,3.58,0.9,-0.06,-1.2,-0.24,-140.1,-206.6,-420.0,-0.68,6.13,-0.06,0.0,1.2252346713997282,4.712886588917667,0.23986373683876983,0.28,0,6,0.0
11.258140948999426,820,4954.47,-92.5,-4.6,-113.1,-4.13,3.36,-0.18,-0.14,-1.36,-0.16,-142.5,-250.7,-440.0,-0.61,7.36,0.31,0.0,1.3765173446055812,5.327184997726285,0.38332348184373033,0.28,1,7,3.0
11.267736496999532,821,4954.48,-93.0,-4.5,-112.8,-4.4,3.12,-1.21,-0.16,-1.51,-0.16,-145.3,-293.8,-412.0,-0.53,8.43,0.16,0.0,1.52685952202552,5.527974312530767,0.5229923460783958,0.28,0,7,3.0
11.278258785999242,822,4954.49,-93.4,-4.4,-112.5,-3.93,2.6,-2.27,-0.21,-1.54,-0.09,-148.5,-314.5,-43.0,-0.45,7.8,3.23,3.49,1.5568558057829247,5.230468430265113,0.5419288572390843,0.28,0,7,3.0
11.287555726999926,823,4954.5,-93.8,-4.1,-112.3,-3.16,1.97,-3.02,-0.24,-1.46,-0.01,-150.9,-198.4,997.0,-0.4,3.42,2.67,3.49,1.4796283317103656,4.794465559371555,0.4554073555031948,0.28,0,7,3.0
11.29778831099975,824,4954.51,-94.1,-3.8,-112.2,-2.8,1.55,-3.48,-0.19,-1.42,-0.01,-151.9,-52.3,1222.0,-0.39,-0.13,3.11,3.49,1.4326897780049943,4.727885362400404,0.40029942576186706,0.28,0,7,3.0
11.307180552999853,825,4954.52,-94.3,-3.4,-112.1,-2.25,1.12,-3.81,-0.18,-1.43,0.04,-151.7,36.2,712.0,-0.4,-1.14,3.75,3.49,1.4418391033676399,4.564318130893157,0.40125977610202246,0.28,0,7,3.0
11.318181575999915,826,4954.53,-94.5,-3.0,-112.0,-1.92,0.96,-4.12,-0.18,-1.5,0.09,-151.3,31.8,123.0,-0.41,-0.57,3.46,3.49,1.5134397906755326,4.645686171062354,0.4634032541417168,0.28,0,7,3.0
11.327773326999704,827,4954.54,-94.7,-2.6,-112.0,-1.89,0.8,-4.75,-0.17,-1.66,0.21,-151.1,7.9,-112.0,-0.41,0.06,3.63,3.49,1.6818442258425719,5.174417841651368,0.6191715355225809,0.28,0,7,3.0
11.335751367999364,828,4954.55,-94.9,-2.1,-111.9,-1.57,0.39,-5.4,-0.17,-1.57,0.26,-151.2,-1.4,-33.0,-0.41,-0.01,3.55,3.49,1.6004374402018968,5.637109188227598,0.5270094548842676,0.28,0,7,3.0
11.348165056999278,829,4954.56,-95.0,-1.5,-112.0,-0.63,-0.02,-4.82,0.01,-1.22,0.15,-151.2,-1.5,-42.0,-0.41,0.13,3.67,3.49,1.2292273996295395,4.861038983591882,0.1526834260256722,0.28,0,7,3.0
11.358227635999356,830,4954.57,-95.0,-1.1,-112.0,0.61,0.69,-3.36,0.3,-0.97,0.01,-151.2,-10.4,-93.0,-0.4,0.46,3.4,3.49,1.0153817016275208,3.4839345573647043,0.059939026536819595,0.28,0,7,3.0
11.36770087900004,831,4954.58,-94.9,-0.9,-111.9,0.8,1.69,-2.08,0.46,-0.87,-0.04,-151.5,-29.6,-182.0,-0.4,1.11,3.43,3.49,0.9849365461794989,2.796873254189399,0.0885764983451448,0.28,0,7,3.0
11.378319667000142,832,4954.59,-94.9,-0.7,-111.7,0.32,3.04,-1.32,0.46,-0.89,-0.04,-151.9,-51.2,-165.0,-0.38,1.51,3.45,3.49,1.0026464980241043,3.3296246034650814,0.06944921557052863,0.28,0,7,3.0
11.38778843199998,833,4954.6,-94.9,-0.5,-111.3,0.27,4.39,-0.88,0.37,-0.94,0.06,-152.5,-57.7,-88.0,-0.37,1.64,3.54,3.49,1.0119782606360672,4.485465416208222,0.05891510389939447,0.28,0,7,3.0
11.39801139500014,834,4954.61,-94.8,-0.4,-110.8,1.04,5.31,-0.58,0.28,-0.99,0.16,-153.1,-68.2,-96.0,-0.35,1.91,3.45,3.49,1.0412012293500235,5.441883864986463,0.02909829248172957,0.28,0,7,3.0
11.408358082999257,835,4954.62,-94.7,-0.3,-110.2,1.67,5.7,-0.54,0.14,-1.0,0.22,-153.8,-66.3,-13.0,-0.33,1.81,3.64,3.49,1.0334408546211051,5.96410093811297,0.03612149386643493,0.28,0,7,3.0
11.418158499000128,836,4954.63,-94.5,-0.2,-109.7,1.84,5.71,-0.7,-0.01,-1.02,0.23,-154.5,-71.3,-26.0,-0.31,1.9,3.4,3.49,1.0456576877735848,6.0398427131838455,0.023426567499676088,0.28,0,7,3.0
11.427790726999774,837,4954.64,-94.3,-0.1,-109.1,1.96,5.29,-1.0,-0.17,-0.99,0.25,-155.2,-59.9,79.0,-0.29,1.51,3.45,3.49,1.035132841716463,5.729371693301108,0.03327238528566201,0.28,0,7,3.0
11.438102527999945,838,4954.65,-94.1,0.0,-108.7,1.84,4.73,-1.05,-0.24,-0.92,0.2,-155.7,-55.4,56.0,-0.28,1.4,3.3,3.49,0.9715966241192896,5.18275988253363,0.0948724308251786,0.28,0,7,3.0
11.447772482999426,839,4954.66,-93.9,0.1,-108.2,1.47,4.1,-0.77,-0.24,-0.9,0.17,-156.2,-39.5,149.0,-0.27,0.83,3.54,3.49,0.9468368391650169,4.4230984614860205,0.11723957146386221,0.28,0,7,0.0
11.458231029999297,840,4954.67,-93.8,0.2,-107.8,1.22,3.6,-0.48,-0.18,-0.9,0.11,-156.5,-27.4,85.0,-0.26,0.74,3.56,3.49,0.9243916918709298,3.8312922102079345,0.13689102438279033,0.28,0,7,0.0
11.467734938999456,841,4954.68,-93.7,0.2,-107.5,1.14,3.3,-0.25,-0.15,-0.91,0.1,-156.8,-50.2,-409.0,-0.24,2.74,0.63,0.0,0.9276852914647294,3.500299987143959,0.13092547629321094,0.28,0,7,0.0
11.478387569000006,842,4954.69,-93.6,0.3,-107.2,0.88,3.09,-0.1,-0.2,-0.91,0.1,-158.2,-182.8,-1066.0,-0.19,6.6,0.43,0.0,0.9370699013414101,3.214420632089086,0.11911004908819978,0.28,0,7,0.0
11.487704168999699,843,4954.7,-93.5,0.3,-106.9,0.47,2.46,0.05,-0.26,-0.87,0.16,-160.9,-298.5,-1006.0,-0.1,9.17,0.21,0.0,0.9220086767487603,2.5049950099750697,0.13148784820723258,0.28,0,7,0.0
11.498281356000007,844,4954.71,-93.5,0.3,-106.7,-0.02,1.66,0.26,-0.19,-0.81,0.14,-164.4,-367.9,-692.0,0.0,10.52,0.24,0.0,0.8436824046997781,1.6803571049035975,0.20561783785109056,0.28,0,7,0.0
11.507506160999583,845,4954.72,-93.5,0.2,-106.6,-0.61,0.92,0.46,-0.1,-0.81,0.09,-168.3,-405.7,-469.0,0.1,11.45,0.1,0.0,0.8210968274204937,1.195867885679685,0.22363934682776732,0.28,0,7,0.0
11.518128218000129,846,4954.73,-93.6,0.2,-106.5,-1.43,0.51,0.58,-0.03,-0.85,0.04,-172.6,-432.1,-264.0,0.22,11.82,0.1,0.0,0.85146931829632,1.6252384440444423,0.18940151883290213,0.28,0,7,0.0
11.52778526199927,847,4954.74,-93.7,0.1,-106.5,-1.99,0.3,0.67,0.0,-0.91,0.01,-176.9,-434.0,-82.0,0.34,11.78,0.01,0.0,0.9100549433962765,2.121084628203222,0.12819957585828667,0.28,0,7,0.0
11.538107134999336,848,4954.75,-93.9,0.1,-106.4,-1.97,0.13,0.69,0.01,-0.96,-0.01,-181.3,-428.5,44.0,0.45,11.45,-0.08,0.0,0.9601041610158764,2.091387099510753,0.07658735107391312,0.28,0,7,0.0
11.547758070999407,849,4954.76,-94.1,0.0,-106.4,-1.56,0.05,0.67,0.02,-0.99,-0.05,-185.4,-403.4,213.0,0.56,10.58,-0.23,0.0,0.9914635646356349,1.698528775146303,0.04432338850507156,0.28,0,7,0.0
11.558244627000022,850,4954.77,-94.2,0.0,-106.4,-1.02,0.09,0.54,0.03,-0.99,-0.08,-189.2,-373.5,271.0,0.66,9.78,-0.2,0.0,0.9936800289831732,1.1576268828944842,0.04126478567438252,0.28,0,7,0.0
11.56779835799989,851,4954.78,-94.3,0.0,-106.4,-0.87,0.13,0.48,0.01,-0.95,-0.1,-192.7,-339.5,327.0,0.75,8.78,-0.18,0.0,0.9553009996854395,1.0020977996183806,0.07805093867267388,0.28,0,7,0.0
11.578289047999533,852,4954.79,-94.4,0.0,-106.4,-1.0,0.16,0.5,0.0,-0.91,-0.11,-195.9,-303.8,345.0,0.83,7.82,-0.08,0.0,0.916624241442479,1.12942463227964,0.11439314297732173,0.28,0,7,0.0
11.587627782999334,853,4954.8,-94.5,-0.1,-106.4,-1.04,0.18,0.6,-0.02,-0.89,-0.11,-198.6,-263.8,400.0,0.9,6.62,-0.33,0.0,0.8969949832635632,1.2140840168620952,0.1313419531331127,0.28,0,7,0.0
11.59826487600003,854,4954.81,-94.7,-0.2,-106.3,-0.91,0.19,0.62,-0.04,-0.93,-0.11,-200.9,-218.2,444.0,0.96,5.36,-0.1,0.0,0.9373366524360393,1.1174077143102243,0.08918027828142383,0.28,0,7,0.0
11.607748649999849,855,4954.82,-94.8,-0.2,-106.3,-0.33,0.26,0.52,-0.05,-0.94,-0.12,-202.8,-170.5,461.0,1.0,4.07,-0.03,0.0,0.9489467845985885,0.6685057965343308,0.07601874319649704,0.28,0,7,0.0
11.618170678999377,856,4954.83,-94.8,-0.3,-106.3,0.24,0.24,0.58,-0.07,-0.91,-0.11,-204.2,-125.1,447.0,1.04,2.87,-0.11,0.0,0.9192932067626738,0.6720119046564577,0.1035588746117635,0.28,0,7,0.0
11.627837011999873,857,4954.84,-94.8,-0.5,-106.2,0.64,0.19,0.74,-0.09,-0.89,-0.11,-205.1,-81.2,440.0,1.06,1.67,-0.41,0.0,0.9012768719988326,0.9966443698732261,0.1191437051880927,0.28,0,7,0.0
11.638275026999509,858,4954.85,-94.7,-0.6,-106.2,0.94,0.16,0.8,-0.1,-0.88,-0.11,-205.6,-38.4,424.0,1.07,0.54,-0.26,0.0,0.892468486838611,1.244668630600129,0.12539304854134792,0.28,0,7,0.0
11.647718085999259,859,4954.86,-94.6,-0.6,-106.2,1.07,0.12,0.73,-0.1,-0.87,-0.11,-205.8,-1.4,360.0,1.06,-0.3,0.0,0.0,0.8826097665446492,1.3008458786497346,0.13254673345860357,0.28,0,7,0.0
11.658152307999444,860,4954.87,-94.5,-0.7,-106.2,1.07,0.08,0.55,-0.11,-0.86,-0.12,-205.6,19.3,215.0,1.06,-0.65,-0.02,0.0,0.8752713864853574,1.2057362895757928,0.13708741124753754,0.28,0,7,0.0
11.667797608999535,861,4954.88,-94.4,-0.8,-106.2,1.15,0.0,0.27,-0.12,-0.85,-0.12,-205.4,28.1,119.0,1.05,-0.83,0.0,0.0,0.8667756341753037,1.181270502467576,0.14267150028643938,0.28,0,7,0.0
11.678147474999605,862,4954.89,-94.3,-0.8,-106.2,1.31,-0.15,-0.01,-0.12,-0.83,-0.1,-205.1,28.9,22.0,1.04,-0.73,0.13,0.0,0.8445708969648433,1.318597740025365,0.16157871274696167,0.28,0,7,0.0
11.68768358699981,863,4954.9,-94.1,-0.7,-106.2,1.44,-0.42,-0.26,-0.13,-0.8,-0.1,-204.8,23.5,-32.0,1.04,-0.55,0.09,0.0,0.8166394553289721,1.5223665787188052,0.18571995129517627,0.28,0,7,0.0
11.69821967200005,864,4954.91,-94.0,-0.7,-106.3,1.31,-0.69,-0.48,-0.13,-0.8,-0.13,-204.6,13.2,-96.0,1.03,-0.19,-0.01,0.0,0.8208532146492454,1.5564703659241317,0.1778760681354049,0.28,0,7,0.0
11.707747898999514,865,4954.92,-93.9,-0.7,-106.4,0.91,-0.88,-0.63,-0.13,-0.82,-0.15,-204.6,1.3,-98.0,1.03,0.06,-0.01,0.0,0.843682404699778,1.4140014144264497,0.1519459405231749,0.28,0,7,0.0
11.718262323999625,866,4954.93,-93.8,-0.6,-106.5,0.44,-1.01,-0.67,-0.12,-0.86,-0.15,-204.6,-2.8,-41.0,1.03,0.07,-0.06,0.0,0.8811923740024081,1.2894184735763639,0.11214725179613383,0.28,0,7,0.0
11.72776630699991,867,4954.94,-93.8,-0.5,-106.6,0.25,-1.04,-0.66,-0.09,-0.92,-0.14,-204.6,-3.9,-27.0,1.04,0.13,0.0,0.0,0.9349331526906082,1.2568611697399201,0.05723834364577507,0.28,0,7,0.0
11.738100314999429,868,4954.95,-93.8,-0.5,-106.7,0.3,-1.09,-0.68,-0.05,-0.96,-0.15,-204.7,-7.9,-41.0,1.04,0.27,0.04,0.0,0.9729337079164232,1.319280106724876,0.018853032651560797,0.28,0,7,0.0
11.748067632999664,869,4954.96,-93.8,-0.4,-106.8,0.42,-1.1,-0.77,-0.01,-0.97,-0.18,-204.8,-11.4,-34.0,1.04,0.35,-0.08,0.0,0.986610358753647,1.40687597178998,0.005072854178050257,0.28,0,7,0.0
11.758153477999258,870,4954.97,-93.8,-0.4,-106.9,0.35,-1.0,-0.98,0.0,-0.96,-0.2,-205.0,-18.0,-64.0,1.05,0.58,0.0,0.0,0.980612053770501,1.4432255540974877,0.010849735977972341,0.28,0,7,0.0
11.767715291999593,871,4954.98,-93.8,-0.3,-107.0,0.02,-0.94,-1.22,0.01,-0.93,-0.18,-205.2,-28.1,-110.0,1.06,1.0,-0.08,0.0,0.9473119866232033,1.5402597183592122,0.043266807062764645,0.28,0,7,0.0
11.778339169999526,872,4954.99,-93.8,-0.1,-107.1,-0.32,-0.86,-1.33,0.02,-0.92,-0.18,-205.6,-45.6,-149.0,1.07,1.44,0.06,0.0,0.9376566535784834,1.6158279611394277,0.0518636973053348,0.28,0,7,0.0
11.787789076999616,873,4955.0,-93.8,0.0,-107.2,-0.82,-0.68,-1.17,0.02,-0.94,-0.19,-206.2,-62.2,-160.0,1.09,1.89,-0.04,0.0,0.959218431849597,1.582308440222702,0.029695880653536788,0.28,0,7,0.0
11.798300812999514,874,4955.01,-93.9,0.0,-107.3,-1.22,-0.41,-0.85,0.05,-0.99,-0.18,-206.8,-77.2,-255.0,1.11,2.57,0.08,0.0,1.0074720839804943,1.5424007261409078,0.018186616047813242,0.28,0,7,0.0
11.807795734000138,875,4955.02,-94.1,0.1,-107.3,-0.93,-0.08,-0.58,0.06,-1.05,-0.19,-208.0,-106.7,-255.0,1.14,3.21,0.05,0.0,1.0687375730271675,1.0989540481748998,0.07786306299259682,0.28,0,7,0.0
11.818310601000121,876,4955.03,-94.1,0.1,-107.3,-0.38,0.24,-0.34,0.05,-1.04,-0.24,-209.3,-128.8,-228.0,1.18,3.76,0.1,0.0,1.0685036265731624,0.5635601121442149,0.0760765342078199,0.28,0,7,0.0
11.82778414799941,877,4955.04,-94.1,0.1,-107.2,0.02,0.48,-0.16,0.04,-1.06,-0.25,-210.7,-150.1,-207.0,1.22,4.31,-0.08,0.0,1.0898164983151981,0.5063595560468865,0.09544161783085847,0.28,0,7,0.0
11.83818860700012,878,4955.05,-94.1,0.2,-107.2,0.64,0.39,-0.34,0.0,-1.05,-0.24,-212.3,-166.3,-177.0,1.26,4.73,0.18,0.0,1.0770793842609745,0.8229823813423955,0.08105041370110211,0.28,0,7,0.0
11.847770372000014,879,4955.06,-94.0,0.2,-107.2,1.05,0.04,-0.72,-0.05,-1.0,-0.21,-214.1,-183.0,-170.0,1.32,5.18,0.02,0.0,1.0230347012687302,1.2737739202856997,0.026465616094680677,0.28,0,7,0.0
11.858283386999574,880,4955.07,-93.9,0.3,-107.2,0.69,-0.7,-0.89,-0.14,-0.95,-0.16,-216.0,-199.5,-162.0,1.37,5.62,-0.03,0.0,0.973498844375277,1.3259713420734252,0.02260883598279706,0.28,0,7,0.0
11.867755016999581,881,4955.08,-93.9,0.4,-107.3,-0.74,-1.46,-0.65,-0.15,-0.93,-0.15,-218.1,-215.5,-167.0,1.43,6.07,-0.03,0.0,0.9538867857350788,1.7611643875572773,0.04137647673053535,0.28,0,7,0.0
11.878316181999253,882,4955.09,-94.1,0.4,-107.5,-2.18,-1.96,-0.15,-0.13,-0.96,-0.17,-220.4,-230.9,-151.0,1.49,6.45,0.1,0.0,0.9835649444749441,2.9353875382988193,0.011464351630856573,0.28,0,7,0.0
11.887738855999487,883,4955.1,-94.3,0.4,-107.7,-2.73,-2.03,0.47,-0.05,-1.05,-0.19,-222.8,-245.0,-144.0,1.56,6.83,-0.21,0.0,1.0682228231974826,3.4343412759945684,0.07172965654984831,0.28,0,7,0.0
11.8983719809994,884,4955.11,-94.6,0.3,-107.9,-2.19,-1.82,1.02,-0.02,-1.16,-0.23,-225.4,-259.8,-143.0,1.63,7.21,0.04,0.0,1.1827510304370907,3.024714862594489,0.18253270651366726,0.28,0,7,0.0
11.907780933999675,885,4955.12,-94.8,0.1,-108.1,-1.1,-1.8,1.23,-0.04,-1.23,-0.18,-228.1,-273.2,-140.0,1.71,7.6,-0.04,0.0,1.2437443467208202,2.441904994056894,0.23865550234144872,0.28,0,7,0.0
11.9183420749996,886,4955.13,-94.9,0.0,-108.3,-0.43,-2.01,1.28,-0.03,-1.21,-0.16,-230.9,-288.5,-153.0,1.79,8.05,-0.01,0.0,1.2209013064126026,2.4214458490744737,0.21149621279256658,0.28,0,7,0.0
11.927683345999867,887,4955.14,-95.0,-0.1,-108.5,-0.62,-2.1,1.49,0.06,-1.24,-0.16,-233.9,-306.3,-172.0,1.87,8.54,-0.11,0.0,1.2517188182655081,2.6484901359076267,0.23746745015256265,0.28,0,7,0.0
11.93834978399991,888,4955.15,-95.1,-0.2,-108.6,-0.88,-1.71,1.67,0.17,-1.34,-0.11,-237.1,-320.9,-124.0,1.96,8.8,0.12,0.0,1.3552121605121465,2.5470374948162813,0.334141576551217,0.28,1,8,3.0
11.947780749999765,889,4955.16,-95.1,-0.4,-108.8,-0.5,-1.19,2.09,0.17,-1.39,0.01,-240.3,-325.7,-76.0,2.05,8.94,-0.07,0.0,1.4003928020380567,2.4564608688110625,0.37173577371558464,0.28,0,8,3.0
11.958223155999804,890,4955.17,-95.2,-0.7,-108.8,0.15,-0.84,3.04,0.19,-1.39,0.02,-243.6,-318.2,297.0,2.13,7.4,2.57,3.49,1.4030680667736686,3.1574831749353787,0.3669228176821726,0.28,0,8,3.0
11.967833661999975,891,4955.18,-95.1,-1.1,-108.9,1.51,-0.28,3.99,0.25,-1.4,0.03,-245.9,-181.3,1140.0,2.17,3.02,2.8,3.49,1.4224626532883033,4.2753479390571245,0.37859105611287114,0.28,0,8,3.0
11.978179644999727,892,4955.19,-94.9,-1.5,-108.8,2.95,-0.01,4.04,0.17,-1.4,0.11,-246.7,-37.0,1243.0,2.18,-0.43,3.59,3.49,1.4145670715805594,5.0024194146432786,0.3632815649170247,0.28,0,8,3.0
11.987797907999266,893,4955.2,-94.5,-1.8,-108.8,3.29,-0.31,3.4,-0.03,-1.23,0.17,-246.4,42.5,706.0,2.17,-1.39,3.49,3.49,1.2420547491958636,4.741328927631998,0.18695385768168227,0.28,0,8,3.0
11.99825986399992,894,4955.21,-94.2,-2.1,-108.8,2.55,-0.79,2.61,-0.21,-1.21,0.21,-246.0,39.5,105.0,2.16,-0.7,3.69,3.49,1.2459133196173802,3.7334568431950568,0.1869961795411348,0.28,0,8,3.0
12.007810739999513,895,4955.22,-94.0,-2.4,-108.9,2.02,-1.42,1.63,-0.4,-1.22,0.28,-245.8,8.0,-156.0,2.15,0.08,3.45,3.49,1.3140776232780162,2.9586652395970723,0.25005727353773555,0.28,0,8,3.0
12.018472312000085,896,4955.23,-93.8,-2.5,-109.1,2.25,-2.53,1.03,-0.49,-1.12,0.4,-245.8,-1.9,-42.0,2.15,-0.01,3.38,3.49,1.2862736878285275,3.538968776352795,0.21780827132648173,0.28,0,8,3.0
12.027704121999705,897,4955.24,-93.5,-2.6,-109.5,2.99,-3.89,0.92,-0.43,-1.0,0.42,-245.8,-0.9,-21.0,2.15,0.03,3.32,3.49,1.1667476162392618,4.991853363230936,0.09631655574247167,0.28,0,8,3.0
12.038314235999678,898,4955.25,-93.2,-2.7,-109.9,3.44,-4.88,0.95,-0.29,-0.91,0.33,-245.8,-2.1,-19.0,2.16,0.08,3.55,3.49,1.0104949282406122,6.045700951916163,0.05873740961105445,0.28,0,8,3.0
12.047864594999737,899,4955.26,-92.8,-2.9,-110.4,3.03,-5.4,1.01,-0.14,-0.87,0.23,-245.9,-4.0,-9.0,2.16,0.09,3.56,3.49,0.9107140056021977,6.273834553126182,0.1553479656044795,0.28,0,8,3.0
12.058021392999763,900,4955.27,-92.5,-3.0,-111.0,2.26,-5.52,1.02,-0.04,-0.9,0.19,-245.9,-1.9,13.0,2.16,0.01,3.53,3.49,0.9207062506576135,6.0513139069131086,0.1424486061380824,0.28,0,8,3.0
12.06828021399997,901,4955.28,-92.3,-3.1,-111.5,2.03,-5.52,0.94,0.01,-0.97,0.18,-245.9,-0.8,7.0,2.16,0.01,3.37,3.49,0.986610358753647,5.95608092624672,0.07501360808120783,0.28,0,8,3.0
12.078313545999663,902,4955.29,-92.0,-3.2,-112.0,2.33,-5.31,0.79,0.0,-1.03,0.16,-245.9,0.8,13.0,2.16,-0.03,3.61,3.49,1.0423531071570709,5.852273062665479,0.018885442484228188,0.28,0,8,3.0
12.087733989999833,903,4955.3,-91.8,-3.3,-112.6,2.31,-5.03,0.35,-0.05,-1.07,0.15,-245.9,2.6,21.0,2.16,-0.1,3.59,3.49,1.0816191566350883,5.546124773208767,0.019972994853913573,0.28,0,8,3.0
12.09835062899947,904,4955.31,-91.5,-3.3,-113.0,1.98,-4.61,-0.34,-0.03,-0.99,0.1,-245.8,7.6,67.0,2.15,-0.37,3.26,3.49,0.9954898291795853,5.028727473228193,0.06483320594955777,0.28,0,8,3.0
12.10779528799958,905,4955.32,-91.3,-3.2,-113.5,1.09,-4.36,-0.91,0.0,-0.94,0.16,-245.6,31.0,242.0,2.14,-1.35,3.36,3.49,0.9535197952848173,4.58538984166014,0.10466717504743928,0.28,0,8,3.0
12.11821161899934,906,4955.33,-91.3,-3.1,-113.9,0.3,-4.25,-1.37,0.02,-0.89,0.13,-245.0,80.5,437.0,2.12,-2.83,3.34,3.49,0.8996666049153986,4.475421767833731,0.1553499581085208,0.28,0,8,3.0
12.127748781999799,907,4955.34,-91.2,-3.0,-114.3,0.0,-3.98,-1.65,0.05,-0.88,0.09,-243.8,132.9,507.0,2.08,-4.31,3.36,3.49,0.8860022573334675,4.308468405361701,0.16563401957664292,0.28,0,8,0.0
12.137971546999324,908,4955.35,-91.2,-2.8,-114.7,-0.09,-3.74,-1.83,0.04,-0.86,0.11,-242.1,189.3,544.0,2.03,-5.84,3.44,3.49,0.867928568489366,4.164684862027379,0.1800335542523296,0.28,0,8,0.0
12.148190117000013,909,4955.36,-91.2,-2.6,-115.1,-0.11,-3.65,-1.88,0.04,-0.84,0.11,-239.9,228.8,161.0,1.97,-5.58,0.32,0.0,0.8481155581640982,4.107188819618597,0.19584963328604532,0.28,0,8,0.0
12.158311651999611,910,4955.37,-91.2,-2.5,-115.5,-0.44,-3.55,-1.95,0.0,-0.87,0.08,-238.0,156.4,-477.0,1.93,-3.34,0.34,0.0,0.8736704184073076,4.074137945627271,0.16688887758197923,0.28,0,8,0.0
12.167789411999365,911,4955.38,-91.2,-2.3,-115.8,-0.55,-3.55,-1.98,-0.04,-0.84,0.07,-236.9,96.4,-463.0,1.9,-2.15,0.21,0.0,0.8438601779915912,4.101877618847252,0.19276513563774167,0.28,0,8,0.0
12.177997441000116,912,4955.39,-91.2,-2.1,-116.2,-0.47,-3.45,-1.86,-0.01,-0.83,0.03,-236.2,69.5,-273.0,1.88,-1.74,0.04,0.0,0.8306021911842034,3.947530873850134,0.2019026599962268,0.28,0,8,0.0
12.18828484200003,913,4955.4,-91.2,-1.9,-116.5,-0.18,-3.45,-1.61,0.03,-0.83,0.01,-235.5,63.0,-93.0,1.87,-1.77,-0.13,0.0,0.8306021911842034,3.8114301777679205,0.19786460679630236,0.28,0,8,0.0
12.198342185999536,914,4955.41,-91.2,-1.7,-116.9,0.07,-3.33,-1.37,0.08,-0.85,-0.01,-234.8,71.8,53.0,1.85,-2.15,-0.12,0.0,0.8538149682454623,3.601485804497916,0.17115879314034266,0.28,0,8,0.0
12.207626996999352,915,4955.42,-91.1,-1.6,-117.2,0.35,-3.05,-1.16,0.13,-0.86,-0.05,-234.0,90.1,159.0,1.82,-2.74,-0.1,0.0,0.8712060605849801,3.281859229156546,0.15069234678480847,0.28,0,8,0.0
12.218136360999779,916,4955.43,-91.1,-1.4,-117.5,0.58,-2.62,-0.98,0.16,-0.86,-0.08,-232.9,114.8,218.0,1.79,-3.42,-0.07,0.0,0.8784076502399099,2.8567814057081793,0.14062094198728103,0.28,0,8,0.0
12.227817102999325,917,4955.44,-91.0,-1.4,-117.7,0.76,-2.08,-0.88,0.19,-0.91,-0.09,-231.7,136.6,225.0,1.75,-4.05,-0.17,0.0,0.9339700209321496,2.382939361377037,0.08335739986914048,0.28,0,8,0.0
12.238015531999736,918,4955.45,-90.9,-1.3,-117.9,0.79,-1.55,-0.78,0.2,-0.9,-0.08,-230.1,162.3,232.0,1.71,-4.69,-0.18,0.0,0.9254188241007419,1.9065675964937618,0.09007042476653715,0.28,0,8,0.0
12.247736636999434,919,4955.46,-90.8,-1.2,-118.0,0.58,-1.14,-0.72,0.2,-0.9,-0.08,-228.3,186.6,242.0,1.65,-5.38,0.01,0.0,0.9254188241007419,1.4677874505527018,0.08826901627120631,0.28,0,8,0.0
12.258092463999674,920,4955.47,-90.8,-1.1,-118.1,0.35,-0.65,-0.8,0.19,-0.91,-0.09,-226.2,211.6,251.0,1.6,-6.07,-0.22,0.0,0.9339700209321496,1.088577052853862,0.0781234630510027,0.28,0,8,0.0
12.26767115199982,921,4955.48,-90.8,-1.1,-118.2,0.04,-0.25,-0.86,0.16,-0.89,-0.09,-223.9,236.8,247.0,1.53,-6.73,-0.18,0.0,0.9087353850269065,0.8964931678490361,0.101290936977121,0.28,0,8,0.0
12.278296456000135,922,4955.49,-90.8,-1.0,-118.2,-0.28,0.0,-0.83,0.12,-0.87,-0.08,-221.4,262.1,258.0,1.46,-7.45,-0.19,0.0,0.8818730067305609,0.875956619930462,0.1255902489679972,0.28,0,8,0.0
12.287814947999323,923,4955.5,-90.8,-0.9,-118.2,-0.67,0.09,-0.76,0.07,-0.87,-0.09,-218.6,290.5,274.0,1.38,-8.23,0.09,0.0,0.8774394566008529,1.017152889196113,0.12742332311575122,0.28,0,8,0.0
12.298409723999612,924,4955.51,-90.9,-0.8,-118.2,-0.9,0.06,-0.69,0.04,-0.89,-0.1,-215.5,314.5,231.0,1.29,-8.78,-0.02,0.0,0.8964931678490361,1.135649593844862,0.1062022196302167,0.28,0,8,0.0
12.307692075999512,925,4955.52,-91.0,-0.8,-118.2,-1.0,-0.01,-0.57,0.01,-0.9,-0.13,-212.2,335.9,236.0,1.2,-9.45,0.0,0.0,0.9093954035511727,1.1510864433221337,0.09143398424951843,0.28,0,8,0.0
12.318076597999607,926,4955.53,-91.1,-0.7,-118.2,-0.79,-0.1,-0.44,0.0,-0.91,-0.17,-208.7,362.0,250.0,1.1,-10.14,0.03,0.0,0.9257429448826494,0.9097801932335086,0.07358471405968081,0.28,0,8,0.0
12.32783765699969,927,4955.54,-91.2,-0.7,-118.2,-0.39,-0.18,-0.28,0.0,-0.9,-0.18,-204.9,381.6,194.0,0.99,-10.57,-0.05,0.0,0.9178235124467012,0.5127377497317708,0.07987406356571636,0.28,0,8,0.0
12.338039548999404,928,4955.55,-91.2,-0.6,-118.2,-0.14,-0.29,-0.09,0.0,-0.91,-0.18,-200.9,404.5,257.0,0.88,-11.39,0.04,0.0,0.9276313923105449,0.33436506994600973,0.06866486002783523,0.28,0,8,0.0
12.348230999999942,929,4955.56,-91.2,-0.6,-118.3,0.03,-0.45,0.04,0.02,-0.91,-0.18,-196.7,431.8,237.0,0.77,-11.98,0.09,0.0,0.9278469701410896,0.45276925690687087,0.06708029655334469,0.28,0,8,0.0
12.358344694999687,930,4955.57,-91.2,-0.7,-118.3,0.32,-0.52,0.19,0.03,-0.91,-0.18,-192.2,450.9,215.0,0.64,-12.53,-0.01,0.0,0.9281163720137686,0.6394528911499268,0.06547467678705243,0.28,0,8,0.0
12.367802279999523,931,4955.58,-91.1,-0.7,-118.4,0.74,-0.47,0.4,0.04,-0.9,-0.19,-187.6,474.8,232.0,0.51,-13.19,-0.13,0.0,0.9207062506576135,0.9635870484808313,0.07142710218034343,0.28,0,8,0.0
12.378121559999272,932,4955.59,-91.0,-0.7,-118.4,1.03,-0.3,0.68,0.06,-0.88,-0.2,-182.6,503.2,295.0,0.37,-14.11,-0.02,0.0,0.904433524367601,1.2701574705523722,0.08594583190094873,0.28,0,8,0.0
12.38783159400009,933,4955.6,-90.9,-0.8,-118.4,1.13,-0.07,1.01,0.09,-0.88,-0.2,-177.4,527.5,204.0,0.23,-14.49,-0.13,0.0,0.9069178573608527,1.517201370945861,0.08179226892954317,0.28,0,8,0.0
12.398097100999621,934,4955.61,-90.8,-1.0,-118.4,1.07,0.15,1.3,0.14,-0.89,-0.19,-172.0,545.2,196.0,0.08,-15.02,-0.07,0.0,0.9207605551933684,1.6903845716285983,0.06659057967508697,0.28,0,8,0.0
12.407806718999382,935,4955.62,-90.7,-1.1,-118.4,0.99,0.45,1.48,0.17,-0.9,-0.2,-166.5,553.8,126.0,-0.06,-15.25,-0.1,0.0,0.9374966666607408,1.8365728953678915,0.04885737884356023,0.28,0,8,0.0
12.418321407999429,936,4955.63,-90.6,-1.2,-118.3,0.79,0.78,1.48,0.17,-0.9,-0.21,-160.8,574.8,161.0,-0.22,-15.73,0.0,0.0,0.9396807968666807,1.850108104949546,0.04573978366486797,0.28,0,8,0.0
12.427817267000137,937,4955.64,-90.5,-1.4,-118.2,0.54,1.17,1.57,0.19,-0.85,-0.22,-155.0,575.6,18.0,-0.37,-15.54,0.16,0.0,0.8983317872590282,2.0311080719646606,0.08534701740707007,0.28,0,8,0.0
12.43813764799961,938,4955.65,-90.5,-1.6,-118.1,0.37,1.58,1.69,0.24,-0.8,-0.2,-149.4,553.6,-239.0,-0.52,-14.46,0.36,0.0,0.8588364221433556,2.342946862393597,0.12234553487228772,0.28,0,8,0.0
12.447828528999707,939,4955.66,-90.5,-1.7,-117.9,0.21,1.96,1.8,0.29,-0.77,-0.21,-144.3,492.1,-602.0,-0.65,-12.22,0.18,0.0,0.8491760712596652,2.6694006818010667,0.12936576804085864,0.28,0,8,0.0
12.458109109999896,940,4955.67,-90.5,-1.9,-117.7,-0.61,2.38,1.75,0.21,-0.84,-0.21,-140.1,384.6,-968.0,-0.75,-9.02,0.46,0.0,0.8909545442950498,3.016454872859861,0.0858355491053645,0.28,0,8,0.0
12.467980153000099,941,4955.68,-90.7,-2.1,-117.4,-2.2,2.81,1.35,0.04,-0.94,-0.21,-137.0,273.1,-1032.0,-0.82,-6.14,0.36,0.0,0.9640020746865642,3.815573351411292,0.012532258339573166,0.28,0,8,0.0
12.478305996000017,942,4955.69,-90.9,-2.2,-117.1,-3.04,2.88,0.83,-0.06,-1.03,-0.15,-135.0,171.8,-998.0,-0.87,-3.49,0.61,0.0,1.0425929215182692,4.269063129071764,0.06473741672228928,0.28,0,8,0.0
12.487869128000057,943,4955.7,-91.3,-2.2,-116.8,-2.65,2.47,0.55,-0.1,-1.03,-0.09,-133.9,79.8,-926.0,-0.88,-1.09,0.41,0.0,1.0387492478938312,3.6641370061721217,0.059675868235894214,0.28,0,8,0.0
12.498114094999437,944,4955.71,-91.5,-2.3,-116.6,-1.52,1.85,0.64,-0.08,-1.0,-0.11,-133.7,-1.5,-775.0,-0.88,0.74,0.17,0.0,1.0092076099594176,2.478406746278746,0.029531545695451022,0.28,0,8,0.0
12.507466102999388,945,4955.72,-91.7,-2.4,-116.5,-0.33,1.33,1.02,-0.01,-0.9,-0.21,-134.0,-44.8,-474.0,-0.87,1.55,0.42,0.0,0.9242294087508793,1.7082739827088629,0.05433772240282553,0.28,0,8,0.0
12.518289059999915,946,4955.73,-91.7,-2.5,-116.3,0.2,1.2,1.49,0.06,-0.85,-0.31,-134.7,-77.5,-409.0,-0.85,2.59,0.23,0.0,0.9067524469225324,1.9235643997537488,0.07037839054654893,0.28,0,8,0.0
12.52783625199936,947,4955.74,-91.7,-2.7,-116.2,0.02,1.36,1.85,0.09,-0.85,-0.36,-135.8,-117.1,-389.0,-0.81,3.63,0.11,0.0,0.9274696760541553,2.296192500641007,0.04866793818662751,0.28,0,8,0.0
12.537885120999817,948,4955.75,-91.7,-2.9,-116.0,-0.92,1.73,1.86,0.06,-1.0,-0.34,-137.2,-152.3,-382.0,-0.77,4.65,-0.04,0.0,1.0579224924350554,2.7016476454193654,0.08014918063038712,0.28,0,8,0.0
12.548119143999429,949,4955.76,-91.8,-3.1,-115.8,-1.64,2.11,1.3,0.08,-1.17,-0.29,-139.0,-193.2,-387.0,-0.71,5.69,0.4,0.0,1.2080562900792329,2.9718176256291366,0.22567731870907326,0.28,0,8,0.0
12.558161602999462,950,4955.77,-92.1,-3.1,-115.6,-2.81,2.39,0.31,-0.07,-1.4,-0.21,-141.2,-229.4,-375.0,-0.65,6.7,0.12,0.0,1.417391971192161,3.7019319280613465,0.4263127398255614,0.28,1,9,3.0
12.567766469999697,951,4955.78,-92.5,-3.1,-115.4,-3.34,2.32,-0.7,-0.1,-1.46,-0.17,-143.7,-266.9,-368.0,-0.58,7.69,-0.06,0.0,1.4732616875490925,4.126499727371856,0.472538807058843,0.28,0,9,3.0
12.578344100999857,952,4955.79,-92.9,-3.0,-115.1,-2.97,2.06,-1.6,-0.1,-1.49,-0.14,-146.6,-288.8,-32.0,-0.5,7.09,2.82,3.49,1.4998999966664444,3.9527838291512984,0.4891935738526709,0.28,0,9,3.0
12.587800194999545,953,4955.8,-93.1,-2.8,-115.0,-2.15,1.66,-2.3,-0.08,-1.37,-0.1,-148.8,-176.8,918.0,-0.46,3.08,2.88,3.49,1.3759723834437958,3.5592274442637124,0.3579606414174219,0.28,0,9,3.0
12.598114237999653,954,4955.81,-93.4,-2.5,-114.8,-1.95,1.47,-2.73,-0.01,-1.33,-0.12,-149.6,-40.4,1152.0,-0.45,-0.35,3.11,3.49,1.335440002396214,3.662826777230941,0.31107969516244327,0.28,0,9,3.0
12.607836571000007,955,4955.82,-93.6,-2.2,-114.7,-1.93,1.6,-3.17,-0.04,-1.39,-0.09,-149.4,38.5,649.0,-0.46,-1.2,3.71,3.49,1.3934848402476432,4.041509618941912,0.36174204235359486,0.28,0,9,3.0
12.618081128000085,956,4955.83,-93.8,-1.8,-114.5,-2.08,1.87,-3.79,-0.18,-1.52,0.02,-149.0,29.5,51.0,-0.47,-0.38,3.38,3.49,1.5307514494521963,4.7103503054443845,0.48902847852698494,0.28,0,9,3.0
12.627777201999379,957,4955.84,-94.0,-1.4,-114.4,-1.92,1.51,-4.69,-0.25,-1.71,0.25,-148.9,0.1,-110.0,-0.47,0.11,3.14,3.49,1.7461672313956644,5.287967473424927,0.6903553752610441,0.28,0,9,3.0
12.638353237999581,958,4955.85,-94.1,-0.9,-114.3,-1.34,1.0,-5.45,-0.21,-1.71,0.28,-149.0,-0.5,-25.0,-0.47,0.02,3.31,3.49,1.745451231057459,5.700710482036428,0.675846587424382,0.28,0,9,3.0
12.647683061999487,959,4955.86,-94.2,-0.3,-114.3,-0.57,0.07,-5.33,-0.13,-1.44,0.3,-149.0,-2.1,-35.0,-0.47,0.13,3.17,3.49,1.476651617681029,5.360848813387671,0.3989060345669928,0.28,0,9,3.0
12.658095623999543,960,4955.87,-94.2,0.1,-114.4,0.51,-0.04,-4.05,0.12,-1.08,0.07,-149.0,-10.2,-70.0,-0.46,0.38,3.73,3.49,1.088898526034451,4.0821807897250215,0.010929884062006678,0.28,0,9,3.0
12.667794635999599,961,4955.88,-94.1,0.4,-114.3,0.97,0.58,-2.44,0.41,-0.92,0.02,-149.2,-21.7,-104.0,-0.46,0.73,3.59,3.49,1.007422453591342,2.6890332835426194,0.06913526461348019,0.28,0,9,3.0
12.678242771999976,962,4955.89,-94.1,0.5,-114.2,0.69,1.62,-1.0,0.56,-0.92,-0.03,-149.5,-32.3,-96.0,-0.45,0.98,3.48,3.49,1.0774506949276148,2.024969135567256,0.0008751171883367714,0.28,0,9,3.0
12.687788540999463,963,4955.9,-94.0,0.6,-114.0,0.61,2.97,-0.35,0.49,-0.98,-0.01,-149.9,-44.9,-155.0,-0.44,1.51,3.79,3.49,1.0957189420649804,3.0521304035050667,0.018760497039188362,0.28,0,9,3.0
12.698275639999338,964,4955.91,-93.9,0.7,-113.6,0.84,4.19,0.09,0.35,-0.95,0.08,-150.5,-71.5,-214.0,-0.42,2.18,3.57,3.49,1.0155786527886455,4.274318659154931,0.060152196392403656,0.28,0,9,3.0
12.707860435999464,965,4955.92,-93.8,0.7,-113.2,1.36,5.06,0.39,0.24,-0.98,0.17,-151.4,-83.9,-157.0,-0.39,2.51,3.67,3.49,1.0231813133555558,5.254074609291345,0.05149854510898333,0.28,0,9,3.0
12.718008610999277,966,4955.93,-93.6,0.7,-112.6,1.66,5.72,0.27,0.13,-1.0,0.16,-152.3,-99.3,-107.0,-0.37,2.7,3.54,3.49,1.0210288928331068,5.962122105425214,0.05257794631880364,0.28,0,9,3.0
12.728340779000064,967,4955.94,-93.5,0.7,-112.0,1.66,5.93,-0.1,0.01,-0.98,0.21,-153.3,-100.1,-13.0,-0.34,2.6,3.46,3.49,1.002297361066066,6.158774228691939,0.06988328852412762,0.28,0,9,3.0
12.738280831999873,968,4955.95,-93.3,0.8,-111.5,1.73,5.79,-0.46,-0.07,-0.92,0.22,-154.3,-94.8,-2.0,-0.31,2.61,3.42,3.49,0.948525170989152,6.060412527212978,0.1211823690290208,0.28,0,9,0.0
12.747726714999772,969,4955.96,-93.1,0.8,-110.9,1.6,5.44,-0.45,-0.12,-0.87,0.18,-155.2,-89.0,57.0,-0.29,2.34,3.63,3.49,0.8964931678490361,5.688242259257248,0.16975008472575392,0.28,0,9,0.0
12.75828826399993,970,4955.97,-93.0,0.9,-110.4,1.29,5.11,-0.15,-0.12,-0.85,0.13,-156.1,-94.7,-201.0,-0.26,3.45,0.65,0.0,0.8682165628459295,5.272447249617582,0.19406615593428334,0.28,0,9,0.0
12.767923720999534,971,4955.98,-92.8,0.9,-109.9,0.97,4.94,0.06,-0.15,-0.89,0.12,-157.7,-205.9,-943.0,-0.2,7.18,0.53,0.0,0.910494371207203,5.034689662729968,0.1487525806215496,0.28,0,9,0.0
12.778253202000087,972,4955.99,-92.7,0.9,-109.4,0.75,4.48,0.11,-0.23,-0.83,0.22,-160.6,-320.0,-965.0,-0.11,9.78,0.23,0.0,0.8889319434017432,4.543676925134533,0.16690870825846915,0.28,0,9,0.0
12.787867094999456,973,4956.0,-92.7,0.9,-109.0,0.58,3.61,0.29,-0.17,-0.74,0.2,-164.3,-390.9,-682.0,0.0,11.13,0.23,0.0,0.7851751396981441,3.667778619273524,0.26525220172282693,0.28,0,9,0.0
12.798252190999847,974,4956.01,-92.6,0.9,-108.7,-0.02,2.8,0.5,-0.11,-0.71,0.14,-168.1,-424.5,-590.0,0.12,12.12,0.0,0.0,0.7319836063738039,2.844362846051818,0.3120748603462238,0.28,0,9,0.0
12.811551384999802,975,4956.02,-92.7,0.9,-108.4,-1.32,2.18,0.71,-0.07,-0.73,0.08,-173.4,-450.4,-253.0,0.24,12.22,0.05,0.0,0.7376991256603195,2.6455434224370618,0.3002321542385141,0.28,0,9,0.0
12.819693280000138,976,4956.03,-92.9,0.8,-108.2,-2.39,1.77,0.84,-0.05,-0.82,0.06,-177.9,-447.2,-64.0,0.36,12.12,0.02,0.0,0.8237111144084435,3.0904045042680095,0.2099357621805824,0.28,0,9,0.0
12.82779638699958,977,4956.04,-93.1,0.7,-108.1,-2.72,1.42,0.96,-0.04,-0.91,0.04,-182.3,-435.4,112.0,0.48,11.5,0.31,0.0,0.911756546453054,3.2150272160589872,0.11945252353325231,0.28,0,9,0.0
12.83838537199972,978,4956.05,-93.4,0.6,-107.9,-2.33,1.16,1.02,-0.03,-0.98,0.0,-186.5,-403.8,256.0,0.59,10.58,-0.08,0.0,0.9804590761474953,2.795514263959317,0.04973499396203496,0.28,0,9,0.0
12.847782350999296,979,4956.06,-93.5,0.5,-107.8,-1.59,1.03,1.01,-0.02,-1.0,-0.01,-190.3,-371.6,304.0,0.69,9.68,-0.16,0.0,1.0002499687578101,2.146881459233369,0.0293452193246857,0.28,0,9,0.0
12.858257144999698,980,4956.07,-93.6,0.3,-107.7,-0.88,0.98,0.96,-0.02,-0.97,-0.03,-193.4,-340.2,336.0,0.77,8.81,-0.23,0.0,0.9706698717895801,1.6298466185503468,0.0577468099670575,0.28,0,9,0.0
12.867710191999322,981,4956.08,-93.7,0.2,-107.6,-0.48,1.02,0.86,-0.03,-0.94,-0.03,-196.5,-305.4,349.0,0.85,7.84,-0.24,0.0,0.9409569596958194,1.417885749981288,0.08571052761960174,0.28,0,9,0.0
12.878256758999669,982,4956.09,-93.7,0.2,-107.5,-0.32,1.05,0.63,-0.02,-0.95,-0.04,-199.4,-265.8,392.0,0.92,6.7,-0.12,0.0,0.9510520490488414,1.2656223765404908,0.0741031295012482,0.28,0,9,0.0
12.887609376,983,4956.1,-93.7,0.1,-107.4,-0.16,1.07,0.42,-0.04,-0.88,-0.04,-201.7,-221.0,438.0,0.98,5.43,-0.05,0.0,0.8818163074019442,1.1605602095539895,0.14047209372518255,0.28,0,9,0.0
12.89805390299989,984,4956.11,-93.7,0.0,-107.3,-0.35,0.99,0.48,-0.05,-0.86,-0.04,-203.6,-176.0,442.0,1.03,4.24,-0.09,0.0,0.8623804264940154,1.1545561917897282,0.15670981514044913,0.28,0,9,0.0
12.908253511999646,985,4956.12,-93.8,0.0,-107.2,-0.42,0.92,0.57,-0.05,-0.87,-0.06,-205.1,-132.7,433.0,1.06,3.07,-0.23,0.0,0.8734987120768982,1.160904819526562,0.14267969896641497,0.28,0,9,0.0
12.918249255999399,986,4956.13,-93.8,-0.1,-107.1,-0.22,0.89,0.57,-0.05,-0.92,-0.07,-206.1,-89.6,429.0,1.08,1.91,-0.15,0.0,0.9240129869217207,1.0795369377654476,0.0903221156391606,0.28,0,9,0.0
12.927712375999363,987,4956.14,-93.8,-0.1,-107.0,0.16,0.87,0.54,-0.07,-0.93,-0.08,-206.7,-48.6,406.0,1.1,0.86,-0.22,0.0,0.936055553906925,1.0363879582472966,0.07671395768087719,0.28,0,9,0.0
12.938180309000018,988,4956.15,-93.8,-0.2,-106.9,0.5,0.83,0.57,-0.07,-0.94,-0.09,-206.9,-12.7,367.0,1.1,-0.07,0.0,0.0,0.9468896451012652,1.1241885962773328,0.06456226915680618,0.28,0,9,0.0
12.947798186,989,4956.16,-93.8,-0.3,-106.8,0.92,0.8,0.58,-0.08,-0.94,-0.12,-206.9,12.1,226.0,1.09,-0.44,-0.01,0.0,0.9509994742374992,1.3501111065390137,0.059243391220160646,0.28,0,9,0.0
12.958316962000026,990,4956.17,-93.6,-0.4,-106.7,1.22,0.81,0.52,-0.08,-0.92,-0.14,-206.7,19.2,111.0,1.09,-0.56,-0.06,0.0,0.9340235543068494,1.553994851986325,0.07469492492779417,0.28,0,9,0.0
12.967681976999302,991,4956.18,-93.5,-0.4,-106.7,1.46,0.83,0.35,-0.09,-0.91,-0.14,-206.5,19.0,17.0,1.08,-0.45,-0.11,0.0,0.9250945897582582,1.7155174146594956,0.08195141168685771,0.28,0,9,0.0
12.97818971400011,992,4956.19,-93.3,-0.4,-106.6,1.81,0.73,0.03,-0.12,-0.88,-0.1,-206.4,11.6,-46.0,1.08,-0.22,-0.08,0.0,0.8937561188601731,1.95189651365025,0.1110240849332439,0.28,0,9,0.0
12.987689407999824,993,4956.2,-93.1,-0.4,-106.5,2.06,0.46,-0.34,-0.14,-0.84,-0.08,-206.3,7.0,-33.0,1.08,-0.16,0.08,0.0,0.8553361912137237,2.1379429365630878,0.14645513232809948,0.28,0,9,0.0
12.998124343999734,994,4956.21,-92.9,-0.4,-106.5,1.87,0.04,-0.67,-0.16,-0.79,-0.09,-206.2,0.6,-65.0,1.08,0.07,-0.2,0.0,0.8110487038396647,1.9868064827758138,0.18692776730811533,0.28,0,9,0.0
13.007999271999324,995,4956.22,-92.8,-0.3,-106.5,1.16,-0.46,-0.83,-0.16,-0.74,-0.1,-206.3,-2.6,-24.0,1.08,0.06,-0.01,0.0,0.7636753236814713,1.498699436177915,0.22961512451698252,0.28,0,9,0.0
13.018283526999767,996,4956.23,-92.7,-0.2,-106.6,0.2,-0.83,-0.83,-0.14,-0.76,-0.12,-206.3,-3.3,-22.0,1.08,0.12,-0.16,0.0,0.782048591840686,1.1907140714714006,0.20701701923061244,0.28,0,9,0.0
13.027720720999241,997,4956.24,-92.7,-0.1,-106.7,-0.42,-1.02,-0.78,-0.12,-0.84,-0.12,-206.4,-9.3,-65.0,1.08,0.38,-0.21,0.0,0.8569714114251419,1.3509996299037244,0.12945231565323345,0.28,0,9,0.0
13.038298828999359,998,4956.25,-92.8,-0.1,-106.8,-0.56,-1.07,-0.79,-0.1,-0.91,-0.11,-206.6,-23.3,-128.0,1.09,0.83,0.13,0.0,0.922062904578641,1.4431216164966834,0.06307360604973966,0.28,0,9,0.0
13.047825906000071,999,4956.26,-92.8,0.0,-106.9,-0.4,-1.11,-0.77,-0.1,-0.92,-0.11,-206.9,-39.1,-149.0,1.1,1.27,0.08,0.0,0.931933474020544,1.408900280360537,0.05213897587567995,0.28,0,9,0.0
13.058261477000087,1000,4956.27,-92.9,0.0,-107.0,-0.21,-1.24,-0.76,-0.09,-0.92,-0.11,-207.4,-55.2,-158.0,1.12,1.7,0.18,0.0,0.9309135298189624,1.469455681536534,0.0520957416757164,0.28,0,9,0.0
13.067825178999556,1001,4956.28,-92.9,0.1,-107.2,-0.15,-1.45,-0.81,-0.09,-0.88,-0.11,-208.1,-70.5,-157.0,1.14,2.12,0.07,0.0,0.891403387922662,1.667663035508073,0.0897737659005764,0.28,0,9,0.0
13.078314716000023,1002,4956.29,-92.9,0.1,-107.3,-0.61,-1.67,-0.83,-0.09,-0.83,-0.14,-208.9,-85.9,-146.0,1.16,2.48,0.03,0.0,0.8465222974027323,1.9621162045098144,0.13196175929209597,0.28,0,9,0.0
13.08785155699934,1003,4956.3,-93.0,0.2,-107.5,-1.58,-1.67,-0.69,-0.05,-0.86,-0.17,-209.8,-102.0,-166.0,1.19,3.01,0.24,0.0,0.8780660567406076,2.4002916489460193,0.0984096399551363,0.28,0,9,0.0
13.098079839999627,1004,4956.31,-93.3,0.3,-107.7,-2.11,-1.45,-0.56,-0.01,-0.98,-0.18,-211.0,-120.7,-178.0,1.22,3.49,0.07,0.0,0.9964436762808021,2.6207250905045343,0.019568619993357128,0.28,0,9,0.0
13.107830834999731,1005,4956.32,-93.5,0.3,-107.8,-1.77,-1.27,-0.6,0.01,-1.05,-0.2,-212.3,-137.1,-162.0,1.26,3.89,0.22,0.0,1.0689246933250256,2.259601734819656,0.09020864429682907,0.28,0,9,0.0
13.118380156000057,1006,4956.33,-93.7,0.4,-107.9,-1.24,-1.12,-0.61,0.04,-1.08,-0.23,-213.8,-155.2,-170.0,1.3,4.4,-0.2,0.0,1.104943437466371,1.7787917247390153,0.12370284066941084,0.28,0,9,0.0
13.1276167850001,1007,4956.34,-93.8,0.4,-108.0,-0.25,-1.0,-0.79,0.01,-1.09,-0.21,-215.5,-170.9,-159.0,1.35,4.83,-0.06,0.0,1.1100900864344299,1.2986916493148017,0.12627249984472044,0.28,0,9,0.0
13.138236449000033,1008,4956.35,-93.8,0.5,-108.2,0.11,-1.2,-0.82,-0.03,-1.02,-0.21,-217.3,-183.1,-127.0,1.4,5.11,0.09,0.0,1.0418253212511202,1.4575664650368434,0.05684757996818257,0.28,0,9,0.0
13.147883541999363,1009,4956.36,-93.8,0.6,-108.3,-0.61,-1.47,-0.63,-0.01,-1.03,-0.25,-219.2,-192.5,-99.0,1.45,5.33,0.07,0.0,1.0599528291391085,1.711695066301238,0.07347558609904747,0.28,0,9,0.0
13.158182199999828,1010,4956.37,-94.0,0.6,-108.5,-1.24,-1.59,-0.33,0.01,-1.08,-0.22,-221.2,-199.0,-74.0,1.51,5.49,0.0,0.0,1.102225022397877,2.0431837900688232,0.11343282377065955,0.28,0,9,0.0
13.16777826299949,1011,4956.38,-94.2,0.6,-108.6,-1.58,-1.63,0.24,0.06,-1.12,-0.17,-223.2,-205.5,-72.0,1.57,5.69,0.0,0.0,1.1344161493913951,2.282739582168759,0.1427114717488942,0.28,0,9,0.0
13.178376029999527,1012,4956.39,-94.4,0.6,-108.8,-1.62,-1.59,0.91,0.11,-1.24,-0.14,-225.3,-215.5,-98.0,1.62,5.98,-0.03,0.0,1.252717047062105,2.445526528173432,0.25579212203121193,0.28,0,9,0.0
13.187596349999694,1013,4956.4,-94.5,0.5,-108.9,-0.86,-1.44,1.39,0.12,-1.34,-0.17,-227.6,-227.1,-108.0,1.69,6.3,0.07,0.0,1.3560604706280617,2.178370950963127,0.3519528346852252,0.28,1,10,3.0
13.198105272999783,1014,4956.41,-94.6,0.4,-109.0,0.25,-1.25,1.71,0.1,-1.4,-0.16,-229.9,-239.0,-117.0,1.75,6.64,0.02,0.0,1.412657070912824,2.132861927082951,0.40037844627058794,0.28,0,10,3.0
13.207773481999538,1015,4956.42,-94.5,0.2,-109.1,1.1,-0.96,1.88,0.12,-1.42,-0.11,-232.3,-237.7,206.0,1.82,5.43,2.94,3.49,1.429300528230505,2.380336110720501,0.4086814655165034,0.28,0,10,3.0
13.218223019000106,1016,4956.43,-94.4,0.0,-109.2,1.58,-0.64,2.02,0.16,-1.43,-0.05,-233.9,-109.9,1070.0,1.84,1.17,3.22,3.49,1.4397916515940767,2.643179903071299,0.41078913710247367,0.28,0,10,3.0
13.227813705999324,1017,4956.44,-94.2,-0.1,-109.2,2.01,-0.23,2.13,0.16,-1.44,0.0,-234.2,5.1,886.0,1.83,-0.78,3.36,3.49,1.4488616221019865,2.9376691440664313,0.4114619254581757,0.28,0,10,3.0
13.23829004199979,1018,4956.45,-94.0,-0.3,-109.2,2.48,0.35,2.42,0.14,-1.45,0.05,-233.9,28.2,303.0,1.83,-0.64,3.62,3.49,1.457600768386186,3.4827144585796868,0.41179705030752767,0.28,0,10,3.0
13.247817811999994,1019,4956.46,-93.7,-0.5,-109.1,2.92,0.62,2.43,0.08,-1.48,0.17,-233.7,16.1,0.0,1.82,-0.19,3.63,3.49,1.4918780110987628,3.849116781808523,0.4371528071597024,0.28,0,10,3.0
13.258362057999875,1020,4956.47,-93.4,-0.8,-109.1,3.26,0.39,2.0,-0.09,-1.4,0.27,-233.6,-0.4,-54.0,1.82,0.01,3.45,3.49,1.4286357128393508,3.8444375401350976,0.36643229872228456,0.28,0,10,3.0
13.26782269999967,1021,4956.48,-93.0,-0.9,-109.1,3.17,-0.76,1.47,-0.28,-1.24,0.44,-233.6,-0.4,-21.0,1.82,0.02,3.4,3.49,1.345213737664019,3.5759474269066094,0.27735011707601376,0.28,0,10,3.0
13.278361025999402,1022,4956.49,-92.7,-1.1,-109.2,2.95,-2.58,1.08,-0.37,-1.12,0.49,-233.7,-3.9,-39.0,1.83,0.17,3.55,3.49,1.2772626981165622,4.065132224171804,0.2052110959779858,0.28,0,10,3.0
13.287765793999824,1023,4956.5,-92.4,-1.2,-109.6,2.83,-4.21,0.97,-0.41,-1.02,0.44,-233.7,-10.1,-63.0,1.83,0.38,3.5,3.49,1.184103036057251,5.164678111944635,0.10981040524030128,0.28,0,10,3.0
13.298328911999306,1024,4956.51,-92.1,-1.3,-110.1,2.77,-5.39,1.22,-0.34,-0.97,0.38,-233.9,-25.0,-151.0,1.84,0.95,3.72,3.49,1.0958558299338468,6.1816987956386225,0.021131935134559132,0.28,0,10,3.0
13.307475719999275,1025,4956.52,-91.8,-1.5,-110.7,3.02,-6.11,1.38,-0.21,-0.98,0.34,-234.4,-49.2,-206.0,1.85,1.58,3.49,3.49,1.058347768930421,6.953912567756371,0.016048603351489277,0.28,0,10,3.0
13.317947182999887,1026,4956.53,-91.5,-1.6,-111.3,3.27,-6.58,1.41,-0.08,-0.97,0.28,-234.9,-58.1,-57.0,1.87,1.48,3.29,3.49,1.012768482921936,7.481804595149488,0.06039533157277477,0.28,0,10,3.0
13.328299879999577,1027,4956.54,-91.2,-1.8,-112.0,3.21,-6.7,1.44,0.01,-0.94,0.21,-235.5,-53.0,23.0,1.88,1.31,3.45,3.49,0.9632237538599222,7.567542533742377,0.107741259422093,0.28,0,10,3.0
13.338323306999882,1028,4956.55,-90.8,-1.9,-112.6,2.8,-6.4,1.3,0.0,-0.99,0.13,-235.9,-31.3,230.0,1.89,0.33,3.48,3.49,0.9984988733093293,7.105631569396206,0.07101681717323227,0.28,0,10,3.0
13.34772005099967,1029,4956.56,-90.5,-2.0,-113.2,2.31,-5.7,0.88,0.03,-0.98,0.03,-235.9,3.2,213.0,1.89,-0.16,3.57,3.49,0.9809179374443103,6.212930065597069,0.08682579797748613,0.28,0,10,3.0
13.358207008000136,1030,4956.57,-90.3,-2.1,-113.7,1.58,-4.69,0.31,0.05,-0.99,0.05,-235.9,6.6,104.0,1.88,-0.29,3.23,3.49,0.9925220400575495,4.958689342961505,0.073717261456962,0.28,0,10,3.0
13.367691387999912,1031,4956.58,-90.2,-2.0,-114.2,0.76,-4.05,-0.38,0.06,-0.98,0.1,-235.7,20.8,167.0,1.88,-0.86,3.56,3.49,0.9869143833180262,4.1381759266614075,0.07773841983255558,0.28,0,10,0.0
13.378261048999775,1032,4956.59,-90.1,-2.0,-114.5,0.11,-3.56,-0.91,0.09,-0.91,0.08,-235.3,47.6,262.0,1.86,-1.71,3.33,3.49,0.9179324593890337,3.67611207663749,0.14378593688631702,0.28,0,10,0.0
13.387744386999657,1033,4956.6,-90.1,-1.9,-114.9,-0.18,-3.22,-1.22,0.11,-0.86,0.1,-234.6,76.8,58.0,1.84,-1.44,0.57,0.0,0.8727542609463445,3.4480719250038856,0.18518485262242612,0.28,0,10,0.0
13.398260170999492,1034,4956.61,-90.1,-1.7,-115.2,-0.74,-2.91,-1.53,0.09,-0.88,0.11,-234.3,-0.5,-511.0,1.85,0.76,0.32,0.0,0.891403387922662,3.3699554893202968,0.1632050111331863,0.28,0,10,0.0
13.40772258800007,1035,4956.62,-90.2,-1.6,-115.5,-1.02,-2.88,-1.9,0.02,-0.84,0.12,-234.6,-33.9,-237.0,1.85,0.9,-0.08,0.0,0.8487638069569177,3.5978882695270014,0.20172770025695197,0.28,0,10,0.0
13.418290849999721,1036,4956.63,-90.3,-1.4,-115.8,-1.31,-2.86,-2.05,0.03,-0.79,0.1,-234.9,-24.4,20.0,1.86,0.45,-0.19,0.0,0.7968688725254615,3.754756982815266,0.24855018199463996,0.28,0,10,0.0
13.427726597999936,1037,4956.64,-90.5,-1.2,-116.1,-1.08,-2.99,-2.05,0.04,-0.78,0.08,-235.0,-2.5,164.0,1.86,-0.22,0.0,0.0,0.7851114570556209,3.782723886302039,0.25510144551519087,0.28,0,10,0.0
13.438262381999266,1038,4956.65,-90.5,-1.0,-116.4,-0.83,-3.13,-1.96,0.04,-0.77,0.07,-234.9,14.2,137.0,1.86,-0.53,-0.12,0.0,0.7742092740338364,3.78515521478314,0.26068355596623594,0.28,0,10,0.0
13.447692319999987,1039,4956.66,-90.6,-0.8,-116.7,-0.56,-3.18,-1.76,0.05,-0.76,0.04,-234.7,28.9,163.0,1.85,-1.02,-0.09,0.0,0.7626925986267338,3.6774447650508635,0.26675622674587174,0.28,0,10,0.0
13.458167512999353,1040,4956.67,-90.6,-0.6,-117.0,-0.31,-3.15,-1.45,0.09,-0.78,0.02,-234.3,49.0,189.0,1.83,-1.57,-0.08,0.0,0.7854298186343577,3.4815370168935442,0.23913862660348284,0.28,0,10,0.0
13.467647795999255,1041,4956.68,-90.6,-0.5,-117.3,0.08,-2.99,-1.14,0.14,-0.82,0.0,-233.6,71.1,219.0,1.81,-2.22,-0.04,0.0,0.8318653737234167,3.2009529830973777,0.18884901008413535,0.28,0,10,0.0
13.475856747999387,1042,4956.69,-90.6,-0.4,-117.6,0.58,-2.74,-0.89,0.17,-0.87,0.0,-232.7,94.9,237.0,1.79,-2.9,-0.14,0.0,0.8864536084872124,2.93872421298767,0.13157555981393287,0.28,0,10,0.0
13.488387458999568,1043,4956.7,-90.5,-0.3,-117.9,0.96,-2.46,-0.69,0.18,-0.89,0.0,-231.6,120.6,242.0,1.75,-3.57,-0.13,0.0,0.9080198235721508,2.729340579700525,0.10780915783441469,0.28,0,10,0.0
13.498410178000086,1044,4956.71,-90.4,-0.2,-118.1,1.08,-2.08,-0.56,0.19,-0.9,-0.01,-230.2,144.2,242.0,1.71,-4.23,-0.07,0.0,0.9198912979260104,2.4096472770926454,0.09401892981094406,0.28,0,10,0.0
13.507673260000047,1045,4956.72,-90.3,-0.2,-118.3,1.08,-1.66,-0.45,0.19,-0.89,-0.02,-228.6,170.3,254.0,1.67,-4.94,0.0,0.0,0.910274683818022,2.0308865059377395,0.1015628330405538,0.28,0,10,0.0
13.518149257000005,1046,4956.73,-90.2,-0.2,-118.4,0.82,-1.2,-0.36,0.18,-0.88,-0.02,-226.7,195.3,251.0,1.61,-5.62,-0.15,0.0,0.8984430978086481,1.4973309587395833,0.11112653066892919,0.28,0,10,0.0
13.52778840999963,1047,4956.74,-90.2,-0.1,-118.5,0.39,-0.82,-0.3,0.17,-0.87,-0.03,-224.6,220.4,247.0,1.55,-6.27,-0.17,0.0,0.8869611039949836,0.9562949335848224,0.12015635399294178,0.28,0,10,0.0
13.538320259999637,1048,4956.75,-90.1,-0.1,-118.6,-0.07,-0.52,-0.2,0.15,-0.85,-0.04,-222.2,244.9,254.0,1.48,-6.98,-0.1,0.0,0.8640601830891179,0.5615158056546583,0.14019612940083137,0.28,0,10,0.0
13.547724906999974,1049,4956.76,-90.2,-0.1,-118.6,-0.4,-0.3,-0.14,0.12,-0.87,-0.06,-219.6,272.5,275.0,1.41,-7.77,-0.17,0.0,0.8802840450672726,0.5192301994298868,0.12149282207422307,0.28,0,10,0.0
13.558415997999873,1050,4956.77,-90.2,-0.1,-118.6,-0.61,-0.2,-0.02,0.09,-0.88,-0.07,-216.7,298.3,245.0,1.33,-8.38,0.0,0.0,0.8873556220591606,0.6422616289332564,0.11213282018068838,0.28,0,10,0.0
13.567781726999783,1051,4956.78,-90.3,-0.1,-118.7,-0.66,-0.15,0.17,0.06,-0.88,-0.09,-213.6,318.2,213.0,1.24,-8.9,-0.03,0.0,0.8866228059327146,0.6978538528947161,0.11060832358099171,0.28,0,10,0.0
13.57844557199951,1052,4956.79,-90.3,-0.1,-118.7,-0.55,-0.21,0.41,0.04,-0.91,-0.1,-210.2,342.5,251.0,1.14,-9.65,-0.14,0.0,0.916351460958076,0.7174259543674176,0.07926207518451778,0.28,0,10,0.0
13.587653030999718,1053,4956.8,-90.4,-0.2,-118.7,-0.26,-0.22,0.54,0.03,-0.94,-0.13,-206.6,367.4,221.0,1.04,-10.2,0.14,0.0,0.9494208761134337,0.6384355879804947,0.04526880682857681,0.28,0,10,0.0
13.598281182999926,1054,4956.81,-90.4,-0.2,-118.7,-0.09,-0.21,0.61,0.04,-0.96,-0.13,-202.8,385.8,213.0,0.94,-10.78,0.0,0.0,0.9695875411740809,0.6513831437794503,0.02460009893257109,0.28,0,10,0.0
13.607730201999402,1055,4956.82,-90.4,-0.3,-118.7,0.0,-0.23,0.69,0.05,-0.96,-0.13,-198.8,414.1,262.0,0.82,-11.58,-0.11,0.0,0.970051545022222,0.7273238618387272,0.0236533731827413,0.28,0,10,0.0
13.61820142599936,1056,4956.83,-90.4,-0.4,-118.8,0.17,-0.23,0.8,0.07,-0.96,-0.14,-194.5,435.6,214.0,0.7,-12.06,-0.06,0.0,0.9726767191621274,0.8495881355103778,0.020607635061979157,0.28,0,10,0.0
13.627733749999607,1057,4956.84,-90.4,-0.5,-118.8,0.43,-0.16,0.95,0.08,-0.94,-0.14,-190.0,457.4,228.0,0.58,-12.72,0.12,0.0,0.9537295214053091,1.0549881515922348,0.03876373616242146,0.28,0,10,0.0
13.638284018999911,1058,4956.85,-90.3,-0.6,-118.8,0.55,0.0,1.11,0.1,-0.93,-0.15,-185.2,482.3,259.0,0.45,-13.49,0.05,0.0,0.9473119866232033,1.238789731956154,0.04427764552563673,0.28,0,10,0.0
13.64767211599974,1059,4956.86,-90.3,-0.7,-118.8,0.58,0.23,1.24,0.11,-0.9,-0.17,-180.2,515.1,281.0,0.31,-14.28,0.01,0.0,0.922496612459905,1.388128236151113,0.06771115929515625,0.28,0,10,0.0
13.658068582999476,1060,4956.87,-90.2,-0.8,-118.7,0.47,0.52,1.42,0.12,-0.87,-0.18,-174.9,535.5,253.0,0.16,-14.94,-0.02,0.0,0.8964931678490361,1.5835719118499165,0.09184031182790464,0.28,0,10,0.0
13.668390635999458,1061,4956.88,-90.2,-1.0,-118.7,0.39,0.85,1.53,0.14,-0.86,-0.18,-169.3,559.6,176.0,0.01,-15.25,-0.11,0.0,0.8897190567814088,1.7931815301301761,0.09664213443762126,0.28,0,10,0.0
13.678087729999788,1062,4956.89,-90.1,-1.1,-118.6,0.32,1.16,1.68,0.17,-0.86,-0.18,-163.7,570.9,188.0,-0.14,-15.81,0.14,0.0,0.8949301648732151,2.0664946164943183,0.08960240581889867,0.28,0,10,0.0
13.687771389999398,1063,4956.9,-90.1,-1.3,-118.4,0.09,1.42,1.68,0.18,-0.88,-0.16,-157.9,581.6,67.0,-0.3,-15.76,-0.19,0.0,0.9123595782365634,2.201567623308446,0.07072953260643933,0.28,0,10,0.0
13.698421991000032,1064,4956.91,-90.1,-1.5,-118.3,-0.3,1.64,1.65,0.18,-0.88,-0.16,-152.1,577.3,-31.0,-0.45,-15.51,0.17,0.0,0.9123595782365634,2.3456555586871657,0.06931494195431054,0.28,0,10,0.0
13.707760958999643,1065,4956.92,-90.2,-1.6,-118.1,-0.36,1.84,1.69,0.23,-0.85,-0.17,-146.5,549.4,-279.0,-0.6,-14.32,0.38,0.0,0.8968277426574179,2.5241434190631877,0.08314984198278697,0.28,0,10,0.0
13.718172668999614,1066,4956.93,-90.2,-1.8,-117.9,-0.02,2.19,1.94,0.29,-0.81,-0.21,-141.5,468.2,-800.0,-0.72,-11.26,0.24,0.0,0.8856071363759441,2.925764857263823,0.09248303929897561,0.28,0,10,0.0
13.727774322999721,1067,4956.94,-90.2,-2.0,-117.7,-0.24,2.7,2.1,0.19,-0.89,-0.23,-137.6,351.5,-1004.0,-0.82,-8.24,0.49,0.0,0.938669270829721,3.4289356949350918,0.03863248674829478,0.28,0,10,0.0
13.73826456200004,1068,4956.95,-90.3,-2.2,-117.4,-1.31,3.21,1.85,0.02,-0.95,-0.21,-134.8,249.9,-977.0,-0.88,-5.66,0.22,0.0,0.973139250056229,3.9297200918131563,0.004079257371350953,0.28,0,10,0.0
13.747769838999375,1069,4956.96,-90.5,-2.4,-117.0,-1.74,3.31,1.53,-0.07,-0.97,-0.13,-132.9,160.4,-896.0,-0.92,-3.35,0.33,0.0,0.981172767661231,4.040371270069126,0.0038751750289779396,0.28,0,10,0.0
13.75844584799961,1070,4956.97,-90.7,-2.5,-116.7,-1.29,2.88,1.3,-0.08,-0.93,-0.07,-131.9,87.5,-735.0,-0.94,-1.64,0.18,0.0,0.936055553906925,3.4129898915760064,0.04041719795082155,0.28,0,10,0.0
13.767773923999812,1071,4956.98,-90.8,-2.7,-116.4,-0.92,2.45,1.31,-0.07,-0.89,-0.08,-131.4,30.4,-596.0,-0.95,-0.22,0.0,0.0,0.8963258336118624,2.9266021253323795,0.07854397988096651,0.28,0,10,0.0
13.778351762000057,1072,4956.99,-91.0,-2.8,-116.2,-0.86,2.11,1.41,-0.06,-0.84,-0.11,-131.4,-9.0,-374.0,-0.94,0.41,0.0,0.0,0.8492938243034621,2.6795148814664196,0.12306446940557936,0.28,0,10,0.0
13.78775604600014,1073,4957.0,-91.1,-3.0,-116.0,-0.82,1.9,1.69,-0.01,-0.79,-0.15,-131.6,-19.6,-191.0,-0.94,0.67,0.24,0.0,0.8041765975207187,2.6717971479885967,0.1648180622645563,0.28,0,10,0.0
13.798547046999374,1074,4957.01,-91.2,-3.2,-115.8,-0.78,1.93,1.98,0.01,-0.79,-0.23,-131.8,-31.4,-207.0,-0.93,1.12,0.07,0.0,0.8228608630868284,2.8729253383963878,0.14321112076447773,0.28,0,10,0.0
13.807712199999514,1075,4957.02,-91.3,-3.4,-115.6,-1.11,2.3,2.21,0.02,-0.84,-0.33,-132.3,-52.5,-204.0,-0.91,1.67,0.03,0.0,0.9027181176868003,3.3773066191863594,0.06208678884121566,0.28,0,10,0.0
13.818229419999625,1076,4957.03,-91.5,-3.6,-115.3,-1.62,2.9,2.23,0.03,-0.92,-0.39,-133.0,-75.9,-247.0,-0.89,2.43,0.16,0.0,0.999699954986495,4.000912395941706,0.034197147489309465,0.28,0,10,0.0
13.827766397999767,1077,4957.04,-91.7,-3.8,-115.0,-2.13,3.52,1.96,0.04,-1.03,-0.38,-134.0,-104.3,-268.0,-0.86,3.18,0.01,0.0,1.0985900054160334,4.557290861904691,0.1304254539604709,0.28,0,10,0.0
13.83831531099986,1078,4957.05,-91.9,-3.9,-114.6,-2.41,3.91,1.28,0.08,-1.17,-0.34,-135.3,-140.4,-353.0,-0.82,4.3,0.28,0.0,1.221024160285127,4.768081375144514,0.2478024166529733,0.28,0,10,0.0
13.847774947999824,1079,4957.06,-92.2,-4.0,-114.2,-3.17,4.28,0.25,0.01,-1.36,-0.3,-136.9,-175.5,-333.0,-0.77,5.15,0.07,0.0,1.3927311298308804,5.331960239911772,0.4111191984747522,0.28,1,11,3.0
13.858459062999827,1080,4957.07,-92.7,-3.9,-113.8,-4.0,4.11,-1.11,-0.1,-1.49,-0.21,-138.9,-208.2,-332.0,-0.72,6.07,0.04,0.0,1.508045092164024,5.841592248693844,0.515904497591738,0.28,0,11,3.0
13.86774409499958,1081,4957.08,-93.1,-3.7,-113.4,-3.93,3.74,-2.34,-0.13,-1.55,-0.12,-141.1,-223.6,84.0,-0.66,5.07,2.84,3.49,1.5600641012471252,5.908307710334661,0.5565650365413424,0.28,0,11,3.0
13.878237983999497,1082,4957.09,-93.5,-3.4,-113.1,-2.9,3.1,-3.23,-0.13,-1.46,-0.04,-142.7,-114.3,855.0,-0.63,1.57,3.16,3.49,1.4663219291819922,5.334125982764187,0.45356640718668517,0.28,0,11,3.0
13.887726486999782,1083,4957.1,-93.7,-3.1,-112.8,-2.27,2.56,-3.52,-0.08,-1.42,-0.03,-143.0,-3.8,871.0,-0.63,-0.7,3.39,3.49,1.4225681003031103,4.908859337972519,0.40161632674164727,0.28,0,11,3.0
13.898222373999488,1084,4957.11,-93.9,-2.7,-112.6,-1.59,2.14,-3.77,-0.12,-1.51,0.0,-142.8,26.4,264.0,-0.64,-0.39,3.59,3.49,1.514760707174569,4.617423524001237,0.48393275494084387,0.28,0,11,3.0
13.907752226999946,1085,4957.12,-94.0,-2.3,-112.4,-1.26,1.79,-4.21,-0.26,-1.63,0.09,-142.7,-0.1,-25.0,-0.64,0.07,3.49,3.49,1.6530577727351214,4.745081664207688,0.6097852240913684,0.28,0,11,3.0
13.918267299000036,1086,4957.13,-94.1,-1.9,-112.3,-0.5,0.88,-4.55,-0.3,-1.6,0.22,-142.7,-0.2,1.0,-0.64,0.01,3.65,3.49,1.6426807358704856,4.661212288664827,0.5874200234821978,0.28,0,11,3.0
13.92775338499996,1087,4957.14,-94.1,-1.4,-112.3,0.2,-0.02,-4.58,-0.27,-1.48,0.29,-142.7,-0.8,-11.0,-0.64,0.06,3.48,3.49,1.532122710490253,4.584408358774336,0.467324758139926,0.28,0,11,3.0
13.938309995999589,1088,4957.15,-94.1,-1.0,-112.4,0.69,-0.84,-4.28,-0.1,-1.29,0.24,-142.8,-9.6,-95.0,-0.63,0.48,3.51,3.49,1.3159407281484985,4.415891755919748,0.24611992028220797,0.28,0,11,3.0
13.947659830999328,1089,4957.16,-94.0,-0.6,-112.5,0.42,-0.92,-3.72,0.08,-1.13,0.14,-143.0,-30.6,-187.0,-0.63,1.13,3.47,3.49,1.1414464507807625,3.855022697728251,0.07019313005618244,0.28,0,11,3.0
13.958221214999867,1090,4957.17,-94.0,-0.2,-112.6,0.01,-0.84,-3.11,0.26,-1.07,0.08,-143.6,-66.8,-369.0,-0.61,2.46,3.68,3.49,1.1040380428228005,3.2214592966542352,0.032129027656256026,0.28,0,11,3.0
13.967739856999287,1091,4957.18,-94.0,0.0,-112.7,0.03,-0.02,-2.47,0.35,-1.0,0.04,-144.6,-114.7,-406.0,-0.57,3.6,3.67,3.49,1.0602358228243376,2.4702631438775913,0.011439728495362678,0.28,0,11,3.0
13.978019344999666,1092,4957.19,-94.0,0.1,-112.7,0.18,0.93,-1.76,0.34,-0.95,0.06,-146.0,-150.0,-318.0,-0.53,4.34,3.64,3.49,1.0107917688624102,1.9987245933344593,0.059666106808144326,0.28,0,11,3.0
13.987763262999579,1093,4957.2,-94.0,0.3,-112.5,0.4,2.02,-1.01,0.29,-0.96,0.09,-147.6,-166.2,-194.0,-0.49,4.65,3.74,3.49,1.0068763578513502,2.293577990825688,0.06230988746282029,0.28,0,11,3.0
13.998248713000066,1094,4957.21,-93.9,0.4,-112.3,0.69,2.91,-0.52,0.25,-1.01,0.16,-149.3,-168.5,-41.0,-0.44,4.47,3.63,3.49,1.0527107864936125,3.0355559622579853,0.01614594964414695,0.28,0,11,3.0
14.007742797999526,1095,4957.22,-93.8,0.4,-112.0,0.87,3.53,-0.44,0.17,-1.06,0.19,-150.9,-156.4,93.0,-0.4,4.02,3.44,3.49,1.0902293336725077,3.6621578338460505,0.02094514558405325,0.28,0,11,3.0
14.018182361000072,1096,4957.23,-93.7,0.5,-111.6,1.16,3.86,-0.56,0.07,-1.04,0.19,-152.3,-136.5,188.0,-0.36,3.38,3.48,3.49,1.0595281968876524,4.06925054524786,0.009560871376786073,0.28,0,11,3.0
14.027739400999963,1097,4957.24,-93.6,0.6,-111.2,1.69,3.89,-0.58,0.0,-0.99,0.21,-153.5,-110.5,258.0,-0.33,2.59,3.34,3.49,1.01202766760598,4.280724237789676,0.05592017264528937,0.28,0,11,3.0
14.03816206800002,1098,4957.25,-93.4,0.7,-110.8,2.01,3.72,-0.38,-0.04,-0.96,0.21,-154.4,-83.4,249.0,-0.31,1.95,3.26,3.49,0.9835141076771599,4.245338620180963,0.08274505792262743,0.28,0,11,0.0
14.048377729000094,1099,4957.26,-93.2,0.7,-110.5,2.09,3.46,-0.2,-0.06,-0.93,0.17,-155.0,-50.9,301.0,-0.3,1.04,3.68,3.49,0.9473119866232034,4.0471842063340775,0.1165682353970523,0.28,0,11,0.0
14.058343770999272,1100,4957.27,-92.9,0.7,-110.1,2.13,3.2,0.06,-0.04,-0.91,0.14,-155.4,-48.3,-153.0,-0.28,2.79,0.7,0.0,0.9215747392371386,3.844541585156805,0.13945937312745482,0.28,0,11,0.0
14.067849067999305,1101,4957.28,-92.7,0.7,-109.8,1.9,3.16,0.21,-0.13,-0.91,0.15,-156.6,-162.2,-874.0,-0.23,6.11,0.42,0.0,0.931396800509858,3.693196447523473,0.12704456561764077,0.28,0,11,0.0
14.078562793999481,1102,4957.29,-92.6,0.7,-109.5,1.72,2.54,0.35,-0.19,-0.82,0.2,-159.0,-266.5,-898.0,-0.15,8.43,0.52,0.0,0.8651589449343976,3.0874746962525865,0.18941677276923918,0.28,0,11,0.0
14.087743533999856,1103,4957.3,-92.4,0.7,-109.3,1.3,1.86,0.62,-0.14,-0.76,0.16,-162.2,-336.4,-681.0,-0.06,9.83,0.32,0.0,0.7891767862779543,2.3524455360326626,0.26009095279716876,0.28,0,11,0.0
14.098548308999852,1104,4957.31,-92.3,0.6,-109.2,0.52,1.14,0.88,-0.08,-0.75,0.1,-165.8,-372.5,-402.0,0.04,10.43,0.1,0.0,0.7608547824650903,1.5311433636338565,0.28264469747783216,0.28,0,11,0.0
14.107776060000106,1105,4957.32,-92.3,0.5,-109.1,-0.38,0.71,1.07,-0.03,-0.8,0.06,-169.7,-392.4,-257.0,0.15,10.85,0.21,0.0,0.8028075734570521,1.3391788528796293,0.235878068356153,0.28,0,11,0.0
14.11831476899988,1106,4957.33,-92.4,0.4,-109.0,-0.89,0.39,1.08,-0.02,-0.89,0.05,-173.7,-397.5,-60.0,0.25,10.65,-0.01,0.0,0.8916277250063503,1.4527904184706066,0.1441167584707176,0.28,0,11,0.0
14.127757272999588,1107,4957.34,-92.4,0.3,-109.0,-0.85,0.14,1.09,-0.02,-0.94,0.03,-177.6,-386.0,60.0,0.36,10.31,-0.19,0.0,0.9406912352095134,1.3893163786553444,0.09315218330220354,0.28,0,11,0.0
14.138266410000142,1108,4957.35,-92.4,0.2,-109.0,-0.54,-0.01,1.09,-0.02,-0.98,0.01,-181.4,-370.2,155.0,0.46,9.65,-0.06,0.0,0.9802550688468792,1.2164703037887938,0.05251658267154102,0.28,0,11,0.0
14.147759494999264,1109,4957.36,-92.4,0.0,-109.0,-0.14,-0.11,1.11,-0.02,-0.97,-0.01,-184.9,-339.3,277.0,0.55,8.7,-0.25,0.0,0.9702576977277737,1.124188596277333,0.06126367471483363,0.28,0,11,0.0
14.158228678999876,1110,4957.37,-92.4,0.0,-109.0,0.21,-0.12,1.02,-0.02,-0.97,-0.04,-188.0,-305.8,311.0,0.63,7.8,-0.06,0.0,0.9710303805751909,1.0482843125793688,0.05928117203006822,0.28,0,11,0.0
14.167761175000123,1111,4957.38,-92.4,-0.1,-109.0,0.5,-0.04,0.89,-0.02,-0.92,-0.07,-190.8,-270.7,347.0,0.7,6.79,-0.14,0.0,0.9228759396581969,1.0216163663528497,0.10528690068812097,0.28,0,11,0.0
14.17834224499984,1112,4957.39,-92.4,-0.2,-109.0,0.49,0.06,0.91,-0.04,-0.88,-0.07,-193.3,-233.0,370.0,0.76,5.75,-0.02,0.0,0.8836854644046149,1.0352777405121778,0.141587828422869,0.28,0,11,0.0
14.187766065999313,1113,4957.4,-92.4,-0.3,-109.0,0.36,0.13,0.92,-0.04,-0.87,-0.08,-195.3,-194.3,381.0,0.81,4.69,-0.18,0.0,0.8745856161634492,0.9964436762808021,0.14767392313075411,0.28,0,11,0.0
14.198511195999345,1114,4957.41,-92.4,-0.4,-109.0,0.3,0.17,0.8,-0.05,-0.9,-0.07,-197.0,-153.9,406.0,0.85,3.55,0.07,0.0,0.9041017641836565,0.8711486669908874,0.11579461960833581,0.28,0,11,0.0
14.207731773999512,1115,4957.42,-92.3,-0.5,-108.9,0.38,0.22,0.71,-0.05,-0.9,-0.06,-198.3,-112.2,407.0,0.88,2.44,-0.16,0.0,0.9033825324855468,0.834805366537614,0.11418357428031667,0.28,0,11,0.0
14.218214344999978,1116,4957.43,-92.3,-0.6,-108.9,0.67,0.17,0.75,-0.05,-0.89,-0.07,-199.1,-72.3,394.0,0.89,1.39,-0.19,0.0,0.8941476388158726,1.0199509792141974,0.12095009859099115,0.28,0,11,0.0
14.227850562999265,1117,4957.44,-92.3,-0.7,-108.9,0.9,0.22,0.86,-0.05,-0.88,-0.09,-199.6,-34.4,375.0,0.9,0.45,-0.09,0.0,0.8860022573334675,1.2641202474448385,0.12651357047192835,0.28,0,11,0.0
14.238456309999492,1118,4957.45,-92.2,-0.9,-108.8,1.03,0.26,0.91,-0.06,-0.88,-0.11,-199.7,-4.7,293.0,0.9,-0.16,-0.14,0.0,0.8888756943465155,1.3987851872249721,0.12116733078970277,0.28,0,11,0.0
14.247643249999783,1119,4957.46,-92.1,-1.0,-108.8,1.12,0.33,0.84,-0.08,-0.88,-0.11,-199.6,7.5,126.0,0.9,-0.19,0.07,0.0,0.8904493247793498,1.4383671297690308,0.11720182634973109,0.28,0,11,0.0
14.258429709999291,1120,4957.47,-92.0,-1.0,-108.8,1.34,0.36,0.55,-0.1,-0.89,-0.11,-199.6,4.4,10.0,0.9,-0.04,0.03,0.0,0.9023303164584464,1.4925481566770302,0.10321441797722186,0.28,0,11,0.0
14.267797611999413,1121,4957.48,-91.8,-1.1,-108.7,1.65,0.37,0.13,-0.14,-0.86,-0.1,-199.6,-0.7,-19.0,0.9,0.03,0.13,0.0,0.8770404779712279,1.6959658015420003,0.1259341713351515,0.28,0,11,0.0
14.278457336999963,1122,4957.49,-91.7,-1.1,-108.7,1.63,0.28,-0.17,-0.18,-0.8,-0.08,-199.6,-0.4,0.0,0.9,0.01,-0.02,0.0,0.8238931969618393,1.6625883435174205,0.17549982329764924,0.28,0,11,0.0
14.287755914999252,1123,4957.5,-91.5,-1.0,-108.7,1.16,0.06,-0.36,-0.18,-0.77,-0.09,-199.6,-1.2,-8.0,0.9,0.04,0.12,0.0,0.7958643100428615,1.2160592090848208,0.19945813601229445,0.28,0,11,0.0
14.298286114999428,1124,4957.51,-91.4,-1.0,-108.7,0.43,-0.24,-0.47,-0.16,-0.77,-0.09,-199.6,-3.8,-31.0,0.9,0.16,-0.04,0.0,0.791580697086532,0.6807348970047004,0.19966691398925152,0.28,0,11,0.0
14.307756702000006,1125,4957.52,-91.4,-0.9,-108.7,-0.38,-0.52,-0.52,-0.12,-0.8,-0.1,-199.7,-11.2,-71.0,0.9,0.42,0.24,0.0,0.8151073548925933,0.8277680834629951,0.17261745105952642,0.28,0,11,0.0
14.318425009999373,1126,4957.53,-91.5,-0.9,-108.8,-0.78,-0.66,-0.54,-0.08,-0.86,-0.11,-199.9,-20.7,-93.0,0.91,0.71,0.28,0.0,0.8706893820416095,1.1556816170554933,0.11469471543230003,0.28,0,11,0.0
14.327785314999346,1127,4957.54,-91.6,-0.8,-108.9,-0.69,-0.65,-0.58,-0.03,-0.89,-0.13,-200.2,-34.7,-130.0,0.92,1.12,0.05,0.0,0.899944442729661,1.1113055385446433,0.08373086164936361,0.28,0,11,0.0
14.338431632999345,1128,4957.55,-91.7,-0.8,-108.9,-0.38,-0.71,-0.71,-0.02,-0.9,-0.12,-200.6,-52.3,-162.0,0.93,1.62,-0.1,0.0,0.9081850031794183,1.0735921013122256,0.07398049517561422,0.28,0,11,0.0
14.347833381999408,1129,4957.56,-91.8,-0.7,-109.0,-0.22,-0.85,-0.84,-0.02,-0.85,-0.12,-201.3,-69.7,-174.0,0.95,2.13,0.07,0.0,0.8586617494683223,1.2151131634543342,0.12103367390897601,0.28,0,11,0.0
14.358400187999905,1130,4957.57,-91.9,-0.6,-109.1,-0.5,-0.99,-0.92,-0.03,-0.82,-0.12,-202.1,-87.5,-173.0,0.98,2.58,0.09,0.0,0.8292767933567174,1.4410065926289166,0.14741025742016922,0.28,0,11,0.0
14.367792125999586,1131,4957.58,-92.0,-0.5,-109.2,-1.14,-1.05,-0.89,-0.04,-0.82,-0.13,-203.1,-105.7,-188.0,1.01,3.12,0.07,0.0,0.8312039460926541,1.787232497466404,0.14257344259054783,0.28,0,11,0.0
14.37840887099992,1132,4957.59,-92.1,-0.5,-109.3,-1.79,-0.98,-0.73,-0.04,-0.89,-0.14,-204.3,-126.1,-202.0,1.04,3.69,-0.04,0.0,0.9018314698434514,2.1673486106300484,0.07050700046295555,0.28,0,11,0.0
14.387809859999834,1133,4957.6,-92.3,-0.4,-109.4,-2.13,-0.87,-0.56,-0.03,-0.95,-0.15,-205.7,-147.2,-208.0,1.08,4.26,0.14,0.0,0.9622369770487933,2.3679949324270098,0.009899463392461394,0.28,0,11,0.0
14.398361699999441,1134,4957.61,-92.6,-0.4,-109.5,-2.07,-0.77,-0.42,0.0,-1.01,-0.15,-207.3,-167.4,-196.0,1.13,4.76,0.02,0.0,1.021077861869505,2.248154798940678,0.047962592999685416,0.28,0,11,0.0
14.40779361099976,1135,4957.62,-92.9,-0.3,-109.6,-1.59,-0.74,-0.39,-0.01,-1.03,-0.19,-209.1,-184.9,-170.0,1.18,5.19,0.1,0.0,1.0474254150057654,1.7966079149330274,0.07282394321322672,0.28,0,11,0.0
14.418328836,1136,4957.63,-93.0,-0.3,-109.7,-1.13,-0.78,-0.49,-0.02,-1.02,-0.22,-211.1,-198.8,-146.0,1.23,5.56,0.05,0.0,1.04364745005198,1.4578751661236293,0.06766505869425243,0.28,0,11,0.0
14.42775024399998,1137,4957.64,-93.1,-0.2,-109.8,-0.93,-0.92,-0.63,-0.07,-1.0,-0.2,-213.1,-211.4,-135.0,1.29,5.92,0.05,0.0,1.0222035022440492,1.4519641868861641,0.045296688668595264,0.28,0,11,0.0
14.438127081999482,1138,4957.65,-93.2,-0.2,-109.9,-1.53,-1.24,-0.52,-0.06,-1.0,-0.19,-215.4,-225.6,-144.0,1.35,6.32,-0.22,0.0,1.0196568050084303,2.036884876471913,0.041894991604316756,0.28,0,11,0.0
14.44778177399985,1139,4957.66,-93.4,-0.2,-110.0,-1.88,-1.56,-0.37,-0.04,-1.07,-0.18,-217.7,-238.2,-121.0,1.42,6.6,0.16,0.0,1.0857716150277645,2.4708095839218367,0.10584960559117806,0.28,0,11,0.0
14.458283340999515,1140,4957.67,-93.7,-0.2,-110.2,-1.94,-1.81,-0.01,0.0,-1.11,-0.17,-220.2,-247.4,-94.0,1.49,6.82,0.02,0.0,1.1229425630903835,2.653262143098567,0.14016014258072107,0.28,0,11,0.0
14.467772669999249,1141,4957.68,-93.9,-0.2,-110.4,-1.88,-1.85,0.65,0.07,-1.17,-0.18,-222.7,-256.5,-102.0,1.56,7.11,-0.06,0.0,1.1858330405246769,2.716505107670516,0.19898960761471407,0.28,0,11,0.0
14.478396310999415,1142,4957.69,-94.1,-0.3,-110.5,-1.64,-1.59,1.27,0.11,-1.33,-0.14,-225.4,-269.5,-122.0,1.63,7.48,-0.1,0.0,1.341864374666829,2.613541658363226,0.3479205229217289,0.28,1,12,3.0
14.487807722999605,1143,4957.7,-94.2,-0.4,-110.7,-0.97,-1.36,1.78,0.16,-1.43,-0.1,-228.1,-282.4,-127.0,1.71,7.85,0.09,0.0,1.4423938435808714,2.4410858239726023,0.4394809919990559,0.28,0,12,3.0
14.498260632999518,1144,4957.71,-94.3,-0.6,-110.8,0.02,-0.83,2.2,0.19,-1.51,-0.04,-231.0,-288.8,65.0,1.79,7.22,2.68,3.49,1.5224322645030877,2.351446363411252,0.5091290246628466,0.28,0,12,3.0
14.507805295999788,1145,4957.72,-94.2,-0.8,-110.8,1.11,-0.44,2.67,0.21,-1.49,0.09,-233.3,-178.3,970.0,1.83,3.03,2.87,3.49,1.5074150058958549,2.9248247810766377,0.4842295307345015,0.28,0,12,3.0
14.51832246899994,1146,4957.73,-94.1,-1.1,-110.8,1.6,-0.17,3.38,0.22,-1.46,0.12,-234.1,-47.2,1041.0,1.84,0.2,3.16,3.49,1.4813507349712964,3.743434252127316,0.44900195461374426,0.28,0,12,3.0
14.527820978999443,1147,4957.74,-93.9,-1.5,-110.8,2.08,0.35,4.1,0.23,-1.45,0.19,-234.1,10.3,519.0,1.83,-0.3,3.3,3.49,1.4803715749770394,4.610737468128065,0.43906233872709755,0.28,0,12,3.0
14.538380487999348,1148,4957.75,-93.6,-1.9,-110.7,2.88,0.55,4.07,0.08,-1.47,0.24,-234.0,1.2,90.0,1.83,0.08,3.46,3.49,1.4916098685648336,5.016153905134889,0.44129461966859385,0.28,0,12,3.0
14.547823166999478,1149,4957.76,-93.3,-2.3,-110.6,3.23,0.43,3.37,-0.17,-1.32,0.32,-234.1,-0.5,41.0,1.83,0.02,3.3,3.49,1.3688316185711082,4.68771799493101,0.3121460422813711,0.28,0,12,3.0
14.558383574999425,1150,4957.77,-93.0,-2.6,-110.6,2.67,-0.5,2.42,-0.4,-1.21,0.47,-234.1,-3.9,-26.0,1.84,0.19,3.75,3.49,1.3583077707206124,3.638035183996988,0.2955897505422578,0.28,0,12,3.0
14.567823618999682,1151,4957.78,-92.8,-2.8,-110.7,2.06,-2.04,1.48,-0.5,-1.14,0.51,-234.2,-12.3,-70.0,1.84,0.46,3.44,3.49,1.3452509059651288,3.2550883244544995,0.27688222807103857,0.28,0,12,3.0
14.578478376000021,1152,4957.79,-92.6,-2.9,-111.0,1.9,-3.52,0.81,-0.49,-1.04,0.45,-234.4,-27.7,-140.0,1.85,0.97,3.59,3.49,1.2345849504995596,4.081237557408292,0.16289194715336008,0.28,0,12,3.0
14.587676593999277,1153,4957.8,-92.4,-3.0,-111.4,1.88,-4.51,0.54,-0.38,-0.99,0.38,-234.8,-39.0,-80.0,1.86,1.06,3.6,3.49,1.1264546151532249,4.915902765515201,0.053666379570884715,0.28,0,12,3.0
14.598255386999881,1154,4957.81,-92.1,-3.0,-111.9,2.0,-5.26,0.47,-0.24,-0.94,0.3,-235.2,-38.4,-38.0,1.87,1.12,3.5,3.49,1.0154801819828883,5.646990348849553,0.05616189252746295,0.28,0,12,3.0
14.607763522999448,1155,4957.82,-91.9,-3.1,-112.5,2.08,-5.68,0.54,-0.11,-0.92,0.23,-235.6,-47.0,-79.0,1.88,1.38,3.36,3.49,0.9546727187890099,6.07292351343239,0.11462996860691443,0.28,0,12,3.0
14.618294656999751,1156,4957.83,-91.7,-3.2,-113.0,2.08,-5.74,0.56,-0.05,-0.96,0.19,-236.0,-40.8,115.0,1.89,0.7,3.36,3.49,0.9798979538707079,6.130872694812705,0.08761663885471227,0.28,0,12,3.0
14.6277904210001,1157,4957.84,-91.4,-3.3,-113.6,1.85,-5.56,0.44,-0.05,-1.01,0.14,-236.2,-2.1,267.0,1.89,-0.22,3.5,3.49,1.0208819716304134,5.876197750246327,0.04569996867310655,0.28,0,12,3.0
14.638457213999573,1158,4957.85,-91.2,-3.3,-114.1,1.62,-5.13,0.09,0.0,-1.05,0.12,-236.1,4.1,69.0,1.89,-0.08,3.44,3.49,1.0568348972285122,5.380464663948644,0.009552102213507663,0.28,0,12,3.0
14.647800721999374,1159,4957.86,-91.0,-3.3,-114.6,1.54,-4.67,-0.45,0.02,-1.02,0.14,-236.1,8.4,98.0,1.89,-0.4,3.3,3.49,1.0297572529484802,4.9379145395601975,0.035897151563668794,0.28,0,12,3.0
14.658315589999802,1160,4957.87,-90.9,-3.2,-115.1,0.95,-4.33,-1.07,0.02,-0.94,0.13,-235.9,28.3,179.0,1.88,-1.05,3.55,3.49,0.9491575211733825,4.5602960430217685,0.11416694567199115,0.28,0,12,3.0
14.66781782399994,1161,4957.88,-90.8,-3.1,-115.5,0.09,-3.96,-1.5,0.05,-0.89,0.11,-235.4,55.3,256.0,1.86,-1.84,3.3,3.49,0.8981647955692763,4.235528302349071,0.16185647785057544,0.28,0,12,0.0
14.678351683999608,1162,4957.89,-90.8,-2.9,-115.9,-0.55,-3.73,-1.86,0.07,-0.9,0.15,-234.6,95.0,380.0,1.84,-3.08,3.23,3.49,0.9150956234186677,4.204164601915582,0.14202713700116043,0.28,0,12,0.0
14.68780160299957,1163,4957.9,-90.9,-2.7,-116.3,-0.82,-3.71,-2.04,0.08,-0.9,0.18,-233.4,120.4,58.0,1.8,-2.61,0.63,0.0,0.9213034245024817,4.312551448968464,0.13310294919899957,0.28,0,12,0.0
14.698572583999521,1164,4957.91,-91.0,-2.5,-116.6,-0.98,-3.61,-2.21,0.05,-0.94,0.15,-232.7,37.9,-596.0,1.8,-0.03,0.16,0.0,0.9532051195833979,4.3447209346516145,0.09917722903572157,0.28,0,12,0.0
14.707663720999335,1165,4957.92,-91.0,-2.3,-117.0,-0.87,-3.55,-2.4,0.0,-0.92,0.14,-232.8,-16.5,-376.0,1.8,0.56,-0.02,0.0,0.9305912099305473,4.372573612873773,0.11935531591480064,0.28,0,12,0.0
14.71845272199971,1166,4957.93,-91.1,-2.1,-117.3,-0.74,-3.5,-2.42,0.03,-0.86,0.12,-233.0,-12.8,-36.0,1.81,0.11,-0.02,0.0,0.8688498144098322,4.3190276683531446,0.1774747772068055,0.28,0,12,0.0
14.727836447999834,1167,4957.94,-91.1,-1.8,-117.7,-0.58,-3.55,-2.35,0.07,-0.84,0.09,-233.0,5.6,91.0,1.8,-0.31,0.13,0.0,0.8477027781009095,4.29667313162172,0.19464937724541354,0.28,0,12,0.0
14.738426208999954,1168,4957.95,-91.2,-1.6,-118.1,-0.52,-3.48,-2.26,0.09,-0.83,0.04,-232.8,18.5,119.0,1.8,-0.68,0.1,0.0,0.8358229477586745,4.181913437650282,0.20239862343589565,0.28,0,12,0.0
14.747816434000015,1169,4957.96,-91.2,-1.4,-118.4,-0.42,-3.24,-2.08,0.13,-0.82,0.0,-232.5,36.5,179.0,1.79,-1.27,0.0,0.0,0.8302409288875127,3.873034985641106,0.2038210294609163,0.28,0,12,0.0
14.758488732999467,1170,4957.97,-91.3,-1.2,-118.7,-0.18,-2.82,-1.86,0.16,-0.83,-0.02,-232.0,60.1,210.0,1.77,-1.88,-0.21,0.0,0.8455175929571187,3.3829572861625077,0.1847734780834841,0.28,0,12,0.0
14.767682408999462,1171,4957.98,-91.2,-1.0,-119.0,0.17,-2.34,-1.61,0.19,-0.84,-0.03,-231.2,82.2,225.0,1.75,-2.51,-0.01,0.0,0.8617424209124208,2.8454525123431598,0.16517767712561826,0.28,0,12,0.0
14.778255385999728,1172,4957.99,-91.2,-0.9,-119.2,0.49,-1.86,-1.36,0.2,-0.83,-0.03,-230.2,107.3,250.0,1.72,-3.24,-0.13,0.0,0.8542833253669417,2.3556952264671254,0.1691840372176754,0.28,0,12,0.0
14.787843971999791,1173,4958.0,-91.1,-0.8,-119.3,0.5,-1.34,-1.08,0.2,-0.82,-0.05,-229.0,133.7,252.0,1.68,-3.93,-0.19,0.0,0.8455175929571187,1.7922053453775884,0.17439077423494853,0.28,0,12,0.0
14.798424296999656,1174,4958.01,-91.1,-0.7,-119.5,0.29,-0.78,-0.87,0.2,-0.83,-0.06,-227.6,156.6,323.0,1.63,-4.7,-0.1,0.0,0.8558621384311845,1.2039102956615995,0.16076530418566504,0.28,0,12,0.0
14.807716393999726,1175,4958.02,-91.1,-0.6,-119.5,0.03,-0.28,-0.71,0.18,-0.83,-0.08,-225.5,186.9,274.0,1.58,-5.36,-0.16,0.0,0.8530533394811839,0.7638062581571324,0.16030262107295234,0.28,0,12,0.0
14.818347800999618,1176,4958.03,-91.1,-0.6,-119.5,-0.32,0.14,-0.55,0.16,-0.84,-0.09,-223.5,210.6,247.0,1.52,-6.0,-0.26,0.0,0.8598255637046388,0.651536645170477,0.15045978891250744,0.28,0,12,0.0
14.827712235000035,1177,4958.04,-91.2,-0.5,-119.5,-0.62,0.45,-0.33,0.15,-0.85,-0.09,-221.2,235.9,260.0,1.46,-6.74,-0.11,0.0,0.8678133439859057,0.8341462701469089,0.13962256845861565,0.28,0,12,0.0
14.838087891999749,1178,4958.05,-91.2,-0.5,-119.4,-0.73,0.65,-0.08,0.14,-0.89,-0.09,-218.7,264.0,276.0,1.38,-7.52,-0.01,0.0,0.9054280755532159,0.9807140255956371,0.09996768015347934,0.28,0,12,0.0
14.847804951999933,1179,4958.06,-91.3,-0.5,-119.3,-0.61,0.81,0.15,0.12,-0.93,-0.11,-215.9,288.6,241.0,1.3,-8.11,-0.17,0.0,0.9441398201537736,1.0250365847129554,0.06003081684186329,0.28,0,12,0.0
14.858482854999238,1180,4958.07,-91.3,-0.5,-119.3,-0.22,0.91,0.37,0.1,-0.95,-0.11,-212.8,310.5,234.0,1.22,-8.74,-0.03,0.0,0.9615612304996495,1.0066777041337511,0.04175721836606772,0.28,0,12,0.0
14.867831355999442,1181,4958.08,-91.3,-0.6,-119.2,0.05,0.95,0.52,0.07,-0.95,-0.11,-209.5,337.0,263.0,1.13,-9.51,-0.04,0.0,0.9589056262218926,1.084158659975559,0.04352456619094813,0.28,0,12,0.0
14.87855688199943,1182,4958.09,-91.3,-0.6,-119.1,0.21,0.98,0.67,0.06,-0.91,-0.12,-206.0,360.5,213.0,1.03,-10.0,-0.06,0.0,0.9198369420718001,1.2055704044144415,0.08094138533421968,0.28,0,12,0.0
14.887838308000028,1183,4958.1,-91.3,-0.7,-119.0,0.05,1.04,0.91,0.05,-0.89,-0.13,-202.3,381.2,247.0,0.92,-10.75,0.0,0.0,0.9008329478876758,1.3828231991111517,0.09794647192797712,0.28,0,12,0.0
14.898516211999777,1184,4958.11,-91.3,-0.8,-118.8,-0.05,1.1,1.09,0.06,-0.9,-0.14,-198.2,411.8,267.0,0.81,-11.48,-0.18,0.0,0.9127978965795221,1.5493869755487168,0.08426189277140816,0.28,0,12,0.0
14.907832761999998,1185,4958.12,-91.3,-0.9,-118.7,-0.06,1.26,1.14,0.06,-0.92,-0.16,-194.0,433.0,222.0,0.69,-12.02,-0.21,0.0,0.9357350052231668,1.7002352778365706,0.06009828844520826,0.28,0,12,0.0
14.91849011999966,1186,4958.13,-91.3,-1.0,-118.6,-0.03,1.42,1.21,0.07,-0.9,-0.15,-189.5,455.8,236.0,0.57,-12.69,0.01,0.0,0.9150956234186677,1.8658510122729521,0.07912291684471318,0.28,0,12,0.0
14.927822421999736,1187,4958.14,-91.3,-1.1,-118.4,-0.05,1.62,1.35,0.09,-0.9,-0.17,-184.7,480.5,261.0,0.43,-13.44,-0.05,0.0,0.9203260291874832,2.1093600925399154,0.07241466085437975,0.28,0,12,0.0
14.938210983999852,1188,4958.15,-91.4,-1.3,-118.3,0.01,1.94,1.44,0.09,-0.89,-0.17,-179.7,511.6,261.0,0.29,-14.14,-0.06,0.0,0.9105492847726586,2.4160504961610383,0.08054757716382022,0.28,0,12,0.0
14.948389346000113,1189,4958.16,-91.4,-1.4,-118.0,0.02,2.31,1.45,0.11,-0.87,-0.18,-174.5,531.8,249.0,0.15,-14.82,0.0,0.0,0.8952094726934027,2.7274530243434074,0.09396964145821463,0.28,0,12,0.0
14.958250915999997,1190,4958.17,-91.4,-1.6,-117.8,-0.07,2.65,1.4,0.13,-0.87,-0.18,-169.0,556.0,189.0,0.0,-15.22,-0.07,0.0,0.897886407069402,2.9978992644850493,0.089466852940571,0.28,0,12,0.0
14.96771631699994,1191,4958.18,-91.4,-1.7,-117.5,-0.34,2.9,1.28,0.14,-0.88,-0.18,-163.3,574.9,227.0,-0.15,-15.92,0.18,0.0,0.9090654541890809,3.1881028841616765,0.07672204970447427,0.28,0,12,0.0
14.978457659000014,1192,4958.19,-91.4,-1.8,-117.2,-0.44,3.07,1.19,0.17,-0.86,-0.17,-157.5,582.2,43.0,-0.31,-15.72,0.11,0.0,0.892972563968233,3.3218368412671926,0.09095864112681573,0.28,0,12,0.0
14.987729552999554,1193,4958.2,-91.5,-1.9,-116.9,-0.4,3.28,1.23,0.16,-0.88,-0.19,-151.7,568.4,-135.0,-0.46,-15.02,0.31,0.0,0.9143850392476902,3.5258048726496476,0.06815524253041139,0.28,0,12,0.0
14.999858531999962,1194,4958.21,-91.5,-2.0,-116.5,-0.11,3.53,1.32,0.23,-0.82,-0.21,-146.4,510.7,-583.0,-0.6,-12.68,0.43,0.0,0.8771544903835355,3.7703315504077355,0.10327807556667468,0.28,0,12,0.0
15.007624752000083,1195,4958.22,-91.5,-2.2,-116.1,0.57,4.1,1.76,0.34,-0.79,-0.26,-142.4,403.0,-1073.0,-0.69,-9.2,0.54,0.0,0.8984987479123163,4.498055135277912,0.08029514167713603,0.28,0,12,0.0
15.018415408999317,1196,4958.23,-91.5,-2.3,-115.7,-0.45,4.73,1.66,0.09,-1.0,-0.26,-139.4,269.0,-1172.0,-0.76,-5.92,0.38,0.0,1.037159582706538,5.032991158347093,0.057198379254744025,0.28,0,12,0.0
15.027589278999585,1197,4958.24,-91.7,-2.5,-115.2,-1.8,5.15,1.19,-0.06,-1.04,-0.21,-137.4,164.2,-1031.0,-0.8,-3.44,0.16,0.0,1.06268527796333,5.58378008162929,0.08106959302130523,0.28,0,12,0.0
15.038436713999545,1198,4958.25,-91.9,-2.6,-114.7,-1.8,4.8,0.81,-0.1,-1.02,-0.11,-136.3,83.5,-847.0,-0.82,-1.41,0.52,0.0,1.0307764064044151,5.19,0.04817750703314261,0.28,0,12,0.0
15.047866299999441,1199,4958.26,-92.1,-2.7,-114.2,-1.19,4.15,0.81,-0.12,-0.92,-0.09,-136.0,16.0,-697.0,-0.82,0.25,0.27,0.0,0.932148056909416,4.392573277704084,0.04944182561261934,0.28,0,12,0.0
15.058152485999926,1200,4958.27,-92.2,-2.7,-113.8,-0.98,3.71,1.04,-0.09,-0.84,-0.15,-136.1,-21.0,-372.0,-0.82,0.71,-0.02,0.0,0.8580209787645054,3.9756886195978676,0.1210975256823793,0.28,0,12,0.0
15.068399731999307,1201,4958.28,-92.4,-2.9,-113.5,-1.2,3.38,1.23,-0.02,-0.82,-0.21,-136.4,-31.0,-193.0,-0.81,0.97,-0.02,0.0,0.8466994744299774,3.791741024911907,0.12977064941656924,0.28,0,12,0.0
15.078479987999344,1202,4958.29,-92.5,-3.0,-113.1,-1.66,3.28,1.38,0.04,-0.82,-0.28,-136.8,-44.9,-184.0,-0.79,1.48,0.08,0.0,0.8674099376880576,3.9266270512998807,0.10687898243531924,0.28,0,12,0.0
15.087596905999817,1203,4958.3,-92.7,-3.1,-112.8,-2.22,3.43,1.52,0.07,-0.9,-0.33,-137.4,-68.8,-235.0,-0.77,2.19,0.19,0.0,0.9611451503285027,4.359323341987837,0.012880894398976661,0.28,0,12,0.0
15.098555087000022,1204,4958.31,-93.0,-3.2,-112.4,-2.24,3.79,1.57,0.08,-0.99,-0.37,-138.3,-97.7,-280.0,-0.75,3.03,0.03,0.0,1.0599056561788884,4.674034659691775,0.08416201922238087,0.28,0,12,0.0
15.107717062999654,1205,4958.32,-93.2,-3.4,-112.0,-1.85,4.21,1.59,0.09,-1.03,-0.38,-139.5,-129.6,-310.0,-0.71,3.89,0.0,0.0,1.101544370418187,4.865665422118541,0.12328471879244596,0.28,0,12,0.0
15.11801367499993,1206,4958.33,-93.4,-3.5,-111.6,-1.58,4.62,1.58,0.05,-1.07,-0.38,-141.0,-157.3,-265.0,-0.67,4.56,0.16,0.0,1.136573798747798,5.131978176103246,0.15514786417961568,0.28,0,12,0.0
15.127854028999536,1207,4958.34,-93.6,-3.6,-111.1,-1.6,4.83,1.31,0.09,-1.09,-0.3,-142.7,-188.5,-339.0,-0.61,5.63,0.22,0.0,1.1341075786714416,5.254046059942756,0.14962801122119418,0.28,0,12,0.0
15.138410058999398,1208,4958.35,-93.8,-3.7,-110.6,-2.28,5.15,0.93,0.0,-1.21,-0.27,-144.9,-227.2,-360.0,-0.55,6.59,0.0,0.0,1.239758040909596,5.7083973232423135,0.2501729039901617,0.28,0,12,0.0
15.147602295999604,1209,4958.36,-94.2,-3.7,-110.1,-3.16,4.98,0.07,-0.14,-1.31,-0.16,-147.4,-259.0,-320.0,-0.48,7.4,0.18,0.0,1.32713978163568,5.898381133836639,0.33080355182192067,0.28,1,13,3.0
15.15847186299925,1210,4958.37,-94.6,-3.7,-109.6,-3.35,4.78,-0.6,-0.18,-1.32,-0.11,-150.3,-293.4,-358.0,-0.39,8.46,0.21,0.0,1.3367497896016294,5.867784931300737,0.3336052885921126,0.28,0,13,3.0
15.167974613999831,1211,4958.38,-94.9,-3.6,-109.1,-3.22,4.34,-1.15,-0.24,-1.35,-0.05,-153.5,-309.7,57.0,-0.31,7.66,2.79,3.49,1.3720787149431335,5.525079184952918,0.3615555296549444,0.28,0,13,3.0
15.178321843000049,1212,4958.39,-95.2,-3.4,-108.7,-2.72,3.75,-1.59,-0.27,-1.37,0.05,-155.8,-184.9,1020.0,-0.27,3.34,3.01,3.49,1.3972472937887552,4.897856674097355,0.3789896263305548,0.28,0,13,3.0
15.187589774999651,1213,4958.4,-95.5,-3.2,-108.4,-2.29,3.24,-1.9,-0.25,-1.47,0.15,-156.6,-35.1,1255.0,-0.26,-0.54,3.2,3.49,1.4986327101728427,4.39905671707015,0.4707675418603494,0.28,0,13,3.0
15.198543585999687,1214,4958.41,-95.7,-3.0,-108.1,-1.6,2.5,-2.33,-0.27,-1.56,0.25,-156.3,44.5,730.0,-0.28,-1.58,3.24,3.49,1.6028100324118266,3.7734467002993433,0.5634459668173466,0.28,0,13,3.0
15.207730211000126,1215,4958.42,-95.8,-2.7,-108.0,-1.08,1.74,-2.8,-0.28,-1.66,0.33,-155.7,61.2,266.0,-0.29,-1.58,3.73,3.49,1.715488268686207,3.4690056212119345,0.6626017190298923,0.28,0,13,3.0
15.21832209799959,1216,4958.43,-95.9,-2.4,-107.9,-0.55,1.11,-3.64,-0.28,-1.76,0.35,-155.3,32.8,-178.0,-0.3,-0.33,3.55,3.49,1.8161773041198372,3.845022756759705,0.7480249393742522,0.28,0,13,3.0
15.227725877000012,1217,4958.44,-96.0,-1.9,-107.8,0.08,0.38,-4.44,-0.3,-1.58,0.36,-155.2,-2.5,-193.0,-0.3,0.14,3.2,3.49,1.6480291259562132,4.456949629511198,0.5682792259864156,0.28,0,13,3.0
15.238185862999671,1218,4958.45,-95.9,-1.5,-107.9,1.04,-0.03,-4.42,-0.18,-1.21,0.24,-155.2,-0.7,-40.0,-0.3,0.01,3.63,3.49,1.2466354719804824,4.540803893585363,0.163547860570471,0.28,0,13,3.0
15.24770701899979,1219,4958.46,-95.7,-1.1,-107.9,1.88,0.14,-3.28,0.03,-0.87,0.15,-155.2,-2.0,-34.0,-0.3,0.09,3.58,3.49,0.8833459118601275,3.7831732712102943,0.19574686555888632,0.28,0,13,3.0
15.258512211999914,1220,4958.47,-95.5,-0.9,-107.9,2.3,0.78,-1.79,0.29,-0.81,0.12,-155.3,-5.1,-26.0,-0.3,0.15,3.46,3.49,0.86867715521936,3.0170349683091175,0.2062073097556607,0.28,0,13,3.0
15.267974903999857,1221,4958.48,-95.3,-0.7,-107.8,1.84,1.91,-0.74,0.47,-0.91,0.07,-155.4,-7.4,-32.0,-0.29,0.26,3.62,3.49,1.0265963179361204,2.7534160600969844,0.04732238409812228,0.28,0,13,3.0
15.278282149000006,1222,4958.49,-95.2,-0.7,-107.5,1.34,3.07,-0.34,0.5,-1.03,0.08,-155.5,-14.4,-66.0,-0.29,0.5,3.43,3.49,1.147736903649961,3.3669125322764177,0.07234183758340396,0.28,0,13,3.0
15.287785591000102,1223,4958.5,-95.0,-0.6,-107.2,1.8,3.86,-0.22,0.38,-1.02,0.12,-155.7,-18.6,-24.0,-0.28,0.47,3.4,3.49,1.0950799057603058,4.264739147943283,0.01929114289987388,0.28,0,13,3.0
15.298534834999373,1224,4958.51,-94.8,-0.5,-106.7,2.35,4.17,-0.23,0.18,-1.03,0.16,-155.8,-10.9,61.0,-0.28,0.16,3.49,3.49,1.0577806956075537,4.792108095608863,0.017647905907820727,0.28,0,13,3.0
15.307518786999935,1225,4958.52,-94.6,-0.5,-106.3,2.47,3.88,-0.4,0.0,-1.03,0.15,-155.9,-4.2,39.0,-0.28,0.1,3.54,3.49,1.0408650248711404,4.616849575197356,0.03387230511134942,0.28,0,13,3.0
15.318298031999802,1226,4958.53,-94.3,-0.4,-106.0,2.36,3.38,-0.52,-0.14,-1.02,0.14,-155.9,-6.1,-8.0,-0.28,0.21,3.61,3.49,1.039038016628843,4.155045126108741,0.03498532708657387,0.28,0,13,3.0
15.327559249999467,1227,4958.54,-94.1,-0.3,-105.7,2.27,2.83,-0.45,-0.23,-0.97,0.13,-156.0,-8.8,-15.0,-0.28,0.26,3.45,3.49,1.0053357648069623,3.6557215430062504,0.06731382733028557,0.28,0,13,3.0
15.338170323999293,1228,4958.55,-93.9,-0.3,-105.4,2.33,2.34,-0.16,-0.2,-0.9,0.08,-156.1,-13.2,-52.0,-0.27,0.47,3.58,3.49,0.9254188241007419,3.306070174693816,0.14428615267577571,0.28,0,13,0.0
15.348713147000126,1229,4958.56,-93.6,-0.3,-105.2,2.38,2.05,0.19,-0.13,-0.88,0.04,-156.3,-24.4,-111.0,-0.27,0.86,3.63,3.49,0.8904493247793498,3.146903239694541,0.1756705389572245,0.28,0,13,0.0
15.358531199999561,1230,4958.57,-93.4,-0.3,-105.0,2.26,1.82,0.49,-0.07,-0.87,0.03,-156.8,-65.0,-626.0,-0.24,3.47,0.63,0.0,0.8733269719870101,2.9428047845550336,0.18893703391457295,0.28,0,13,0.0
15.367649709999569,1231,4958.58,-93.2,-0.3,-104.8,1.76,1.75,0.58,-0.14,-0.9,0.06,-158.4,-221.7,-1291.0,-0.18,7.95,0.35,0.0,0.9127978965795221,2.5488232578976517,0.14647678713561973,0.28,0,13,0.0
15.378553154999281,1232,4958.59,-93.1,-0.4,-104.7,1.23,1.21,0.58,-0.24,-0.84,0.14,-161.7,-357.5,-1195.0,-0.08,10.94,0.49,0.0,0.8847598544237865,1.8202747045432455,0.17102453270552842,0.28,0,13,0.0
15.387752136000017,1233,4958.6,-93.0,-0.4,-104.6,0.97,0.47,0.65,-0.2,-0.79,0.13,-165.8,-437.3,-814.0,0.04,12.52,0.0,0.0,0.8252272414311104,1.2586897949852458,0.22594600278424037,0.28,0,13,0.0
15.398224697999467,1234,4958.61,-92.9,-0.5,-104.6,0.52,-0.26,0.72,-0.15,-0.76,0.09,-170.5,-485.4,-559.0,0.17,13.64,0.17,0.0,0.7798717843338095,0.9254188241007419,0.2658754306839103,0.28,0,13,0.0
15.4077613999998,1235,4958.62,-92.9,-0.6,-104.6,-0.34,-0.78,0.74,-0.09,-0.8,0.04,-175.6,-505.7,-245.0,0.31,13.79,-0.01,0.0,0.8060397012554655,1.127652428720836,0.2349133634870092,0.28,0,13,0.0
15.418376523999541,1236,4958.63,-92.9,-0.7,-104.7,-1.01,-1.12,0.65,-0.05,-0.86,0.04,-180.6,-507.2,-59.0,0.44,13.65,0.05,0.0,0.8623804264940154,1.6422545478700918,0.17500118548349008,0.28,0,13,0.0
15.427771992000089,1237,4958.64,-93.0,-0.7,-104.9,-1.3,-1.45,0.58,-0.03,-0.94,0.04,-185.6,-483.1,193.0,0.57,12.71,-0.18,0.0,0.9413288479590965,2.0319694879598957,0.09413170873804078,0.28,0,13,0.0
15.438280952999776,1238,4958.65,-93.1,-0.8,-105.0,-0.94,-1.71,0.52,-0.03,-0.97,0.03,-190.2,-449.3,295.0,0.7,11.75,-0.08,0.0,0.9709273917240155,2.019430612821347,0.0632425016736593,0.28,0,13,0.0
15.447660914999688,1239,4958.66,-93.1,-0.9,-105.2,-0.41,-1.88,0.57,-0.01,-0.95,0.01,-194.4,-411.9,347.0,0.81,10.74,-0.31,0.0,0.9501052573267869,2.0068383093812017,0.08238334334947017,0.28,0,13,0.0
15.45832897999935,1240,4958.67,-93.1,-0.9,-105.4,0.11,-1.96,0.56,-0.01,-0.91,0.0,-198.3,-375.5,368.0,0.91,9.7,-0.14,0.0,0.9100549433962765,2.041396580775034,0.11998498413438086,0.28,0,13,0.0
15.46781143699991,1241,4958.68,-93.1,-1.0,-105.6,0.39,-1.92,0.5,0.0,-0.9,-0.05,-201.7,-328.1,465.0,0.99,8.27,-0.28,0.0,0.9013878188659973,2.022003956474863,0.1260790664913668,0.28,0,13,0.0
15.478434500999356,1242,4958.69,-93.0,-1.0,-105.8,0.79,-1.76,0.4,0.0,-0.88,-0.05,-204.6,-278.9,462.0,1.07,7.04,-0.1,0.0,0.8814193099768123,1.9702030352225124,0.14312662387294084,0.28,0,13,0.0
15.487871383999845,1243,4958.7,-92.9,-1.1,-105.9,0.82,-1.63,0.51,-0.03,-0.84,-0.05,-207.1,-234.6,454.0,1.13,5.81,-0.09,0.0,0.8420213774008353,1.8945711915892736,0.17887406531993955,0.28,0,13,0.0
15.498553866999828,1244,4958.71,-92.9,-1.2,-106.1,0.81,-1.49,0.58,-0.05,-0.86,-0.07,-209.2,-188.7,464.0,1.18,4.53,-0.12,0.0,0.864291617453276,1.7923727290940352,0.15347174876214886,0.28,0,13,0.0
15.507806245999745,1245,4958.72,-92.8,-1.3,-106.2,0.99,-1.33,0.46,-0.06,-0.89,-0.08,-210.7,-140.1,475.0,1.22,3.23,-0.13,0.0,0.8956003573022959,1.7206394160311451,0.11971974873486624,0.28,0,13,0.0
15.518530289999944,1246,4958.73,-92.7,-1.3,-106.3,1.1,-1.16,0.26,-0.07,-0.89,-0.1,-211.8,-92.5,475.0,1.24,1.93,-0.26,0.0,0.8983317872590283,1.619629587282228,0.11464855240257121,0.28,0,13,0.0
15.527745628999583,1247,4958.74,-92.6,-1.4,-106.5,1.09,-1.0,0.08,-0.07,-0.85,-0.09,-212.4,-43.8,489.0,1.25,0.57,-0.19,0.0,0.8576129663198895,1.4813844875656017,0.15226002587487586,0.28,0,13,0.0
15.538565952999306,1248,4958.75,-92.6,-1.4,-106.6,0.9,-0.95,-0.12,-0.06,-0.84,-0.09,-212.5,5.4,472.0,1.25,-0.67,-0.08,0.0,0.8469356528095862,1.314115672229808,0.15967859259747552,0.28,0,13,0.0
15.547739693999574,1249,4958.76,-92.5,-1.4,-106.6,0.57,-0.95,-0.34,-0.07,-0.84,-0.09,-212.2,40.4,347.0,1.23,-1.39,-0.1,0.0,0.8477027781009095,1.1588787684654507,0.15573323796002903,0.28,0,13,0.0
15.558056932999534,1250,4958.77,-92.5,-1.4,-106.7,0.24,-1.04,-0.52,-0.06,-0.84,-0.09,-211.6,62.3,249.0,1.22,-1.93,-0.15,0.0,0.8469356528095862,1.1872657663724664,0.1533703559863253,0.28,0,13,0.0
15.568401593999624,1251,4958.78,-92.6,-1.4,-106.9,-0.18,-1.17,-0.61,-0.07,-0.85,-0.09,-210.8,80.7,203.0,1.19,-2.41,-0.04,0.0,0.8576129663198895,1.3316906547693423,0.13983918162650155,0.28,0,13,0.0
15.578573030999905,1252,4958.79,-92.6,-1.4,-107.0,-0.61,-1.33,-0.62,-0.06,-0.88,-0.09,-209.9,95.3,145.0,1.17,-2.7,-0.13,0.0,0.8866228059327146,1.5891507165778833,0.10861275517340296,0.28,0,13,0.0
15.587735849999262,1253,4958.8,-92.7,-1.4,-107.1,-0.78,-1.46,-0.61,-0.03,-0.91,-0.1,-208.9,96.2,-2.0,1.14,-2.44,0.12,0.0,0.9159694318043589,1.7641145087550296,0.07768080671572353,0.28,0,13,0.0
15.598356830999364,1254,4958.81,-92.9,-1.3,-107.3,-0.63,-1.53,-0.56,-0.01,-0.91,-0.11,-208.1,72.6,-217.0,1.12,-1.48,0.52,0.0,0.9166787877986488,1.7468256925062673,0.07543202170700491,0.28,0,13,0.0
15.60778535999998,1255,4958.82,-92.9,-1.2,-107.4,-0.45,-1.55,-0.52,0.0,-0.92,-0.1,-207.7,27.3,-398.0,1.12,-0.12,0.31,0.0,0.9254188241007419,1.6957004452437938,0.06535814569681353,0.28,0,13,0.0
15.618353634999949,1256,4958.83,-93.0,-1.2,-107.6,-0.29,-1.55,-0.6,-0.03,-0.9,-0.09,-207.7,-13.4,-334.0,1.12,0.64,0.18,0.0,0.9049861877399014,1.687187008010671,0.08407496641650103,0.28,0,13,0.0
15.62780897599987,1257,4958.84,-93.1,-1.2,-107.8,-0.39,-1.6,-0.66,-0.08,-0.87,-0.08,-208.0,-31.5,-212.0,1.13,1.02,0.18,0.0,0.8773254812211941,1.7741758650145143,0.10950095947650407,0.28,0,13,0.0
15.638478967999617,1258,4958.85,-93.1,-1.2,-107.9,-0.76,-1.68,-0.63,-0.09,-0.86,-0.07,-208.4,-48.2,-190.0,1.14,1.53,0.09,0.0,0.8675252157718529,1.9485635735074183,0.11691520042732839,0.28,0,13,0.0
15.647782323999309,1259,4958.86,-93.2,-1.2,-108.1,-1.12,-1.78,-0.48,-0.07,-0.87,-0.06,-209.0,-64.7,-165.0,1.16,1.93,-0.12,0.0,0.8748714191239763,2.157127719909046,0.10737761713370098,0.28,0,13,0.0
15.658243301999391,1260,4958.87,-93.4,-1.1,-108.3,-1.38,-1.85,-0.29,-0.01,-0.93,-0.07,-209.8,-80.7,-170.0,1.19,2.41,0.05,0.0,0.9326842981416595,2.3261556267799453,0.04857344335369729,0.28,0,13,0.0
15.667884122999567,1261,4958.88,-93.5,-1.1,-108.5,-1.38,-1.74,-0.14,0.03,-0.99,-0.11,-210.7,-99.9,-193.0,1.21,2.98,0.09,0.0,0.9965440281292142,2.225219090336949,0.014980560901180162,0.28,0,13,0.0
15.67847705999975,1262,4958.89,-93.7,-1.1,-108.6,-1.12,-1.54,-0.06,0.05,-1.03,-0.15,-211.9,-120.3,-194.0,1.25,3.49,0.13,0.0,1.0420652570736633,1.9051509126575774,0.05929175404871667,0.28,0,13,0.0
15.687582315999862,1263,4958.9,-93.8,-1.1,-108.8,-0.78,-1.39,-0.06,0.03,-1.04,-0.17,-213.2,-136.8,-169.0,1.28,3.92,0.0,0.0,1.054229576515476,1.5950235107985085,0.07002695202071896,0.28,0,13,0.0
15.698406687999523,1264,4958.91,-93.9,-1.1,-108.9,-0.52,-1.41,-0.15,0.01,-1.03,-0.19,-214.7,-153.0,-163.0,1.33,4.34,0.13,0.0,1.0474254150057654,1.5102979838429236,0.06195833470078804,0.28,0,13,0.0
15.711662949000129,1265,4958.92,-94.0,-1.1,-109.1,-0.32,-1.53,-0.34,-0.03,-1.01,-0.17,-216.3,-167.8,-150.0,1.37,4.74,0.02,0.0,1.0246462804304712,1.599656213065795,0.03839561612298403,0.28,0,13,0.0
15.719766989999698,1266,4958.93,-94.0,-1.1,-109.2,-0.87,-1.8,-0.24,-0.05,-0.96,-0.18,-218.1,-181.1,-129.0,1.42,5.05,0.17,0.0,0.978008179924892,2.01357890334598,0.00807763469494327,0.28,0,13,0.0
15.727795936999428,1267,4958.94,-94.2,-1.1,-109.4,-1.54,-1.95,0.06,-0.03,-1.03,-0.18,-220.0,-190.5,-97.0,1.48,5.27,0.1,0.0,1.0460401521930216,2.48549793803978,0.058755250821722615,0.28,0,13,0.0
15.738464671999282,1268,4958.95,-94.4,-1.1,-109.6,-1.67,-2.03,0.49,0.0,-1.07,-0.18,-221.9,-197.6,-80.0,1.53,5.46,0.19,0.0,1.085034561661517,2.673929692419006,0.09579466708441353,0.28,0,13,0.0
15.747758576999331,1269,4958.96,-94.6,-1.2,-109.8,-1.68,-1.91,1.07,0.05,-1.12,-0.18,-223.9,-206.3,-89.0,1.59,5.72,0.08,0.0,1.1354734695271396,2.7596014204953585,0.14330890345103542,0.28,0,13,0.0
15.758496779999405,1270,4958.97,-94.8,-1.3,-110.0,-1.15,-1.64,1.46,0.1,-1.21,-0.19,-226.1,-216.8,-105.0,1.65,6.04,0.16,0.0,1.2289019488958426,2.478648825469231,0.23200263516334363,0.28,0,13,0.0
15.767786173999411,1271,4958.98,-94.8,-1.5,-110.1,-0.27,-1.49,1.44,0.1,-1.25,-0.13,-228.3,-227.3,-99.0,1.71,6.3,0.01,0.0,1.2607140833670416,2.0896411175127656,0.2585384742418517,0.28,0,13,0.0
15.77832453099927,1272,4958.99,-94.8,-1.6,-110.3,-0.06,-1.52,1.31,0.11,-1.26,-0.08,-230.7,-237.5,-106.0,1.77,6.59,0.42,0.0,1.2673200069437869,2.0075108966080357,0.2598415098622251,0.28,0,13,0.0
15.78780448299949,1273,4959.0,-94.8,-1.7,-110.4,-0.25,-1.56,1.17,0.13,-1.29,-0.02,-233.1,-250.1,-121.0,1.84,6.95,0.0,0.0,1.296688088940436,1.96596032513375,0.2834254000216967,0.28,1,14,3.0
15.798618090999298,1274,4959.01,-94.9,-1.9,-110.5,-0.97,-1.5,1.43,0.14,-1.35,0.01,-235.1,-259.4,-149.0,1.91,7.25,0.1,0.0,1.357276685130928,2.288187055290716,0.33713371628794486,0.28,0,14,3.0
15.807455145999484,1275,4959.02,-95.0,-2.1,-110.7,-1.22,-1.14,2.17,0.19,-1.47,0.08,-238.3,-249.7,355.0,1.98,5.34,3.04,3.49,1.4843853947004464,2.7380467490530545,0.45495757734031406,0.28,0,14,3.0
15.81843540599948,1276,4959.03,-95.1,-2.3,-110.7,0.46,-1.01,3.12,0.25,-1.58,0.2,-239.9,-112.4,1088.0,2.0,1.31,3.01,3.49,1.6121104180545451,3.3115102294874466,0.5710289486805245,0.28,0,14,3.0
15.827800183999898,1277,4959.04,-94.9,-2.7,-110.8,3.5,-1.27,3.49,0.13,-1.48,0.25,-240.1,10.8,999.0,2.0,-1.14,3.46,3.49,1.5065855435387663,5.103234268579094,0.45619399268145067,0.28,0,14,3.0
15.838210453000102,1278,4959.05,-94.4,-3.0,-110.9,4.9,-1.7,3.38,-0.06,-1.19,0.26,-239.7,46.0,370.0,1.98,-1.09,3.8,3.49,1.2195490970026586,6.190670399884007,0.1657743952224362,0.28,0,14,3.0
15.847805160999997,1279,4959.06,-93.9,-3.4,-111.1,4.3,-2.33,2.86,-0.33,-1.07,0.29,-239.4,23.4,-65.0,1.98,-0.12,3.59,3.49,1.156676272774712,5.665553812294082,0.1008435395745999,0.28,0,14,3.0
15.858407428999271,1280,4959.07,-93.5,-3.6,-111.4,3.19,-3.15,1.97,-0.55,-1.04,0.37,-239.4,-1.3,-98.0,1.98,0.02,3.41,3.49,1.233288287465668,4.896886766099457,0.17390644318024484,0.28,0,14,3.0
15.867735729999367,1281,4959.08,-93.2,-3.8,-111.8,2.49,-4.42,1.16,-0.64,-0.95,0.4,-239.4,0.0,-22.0,1.98,0.01,3.36,3.49,1.2133012816279394,5.204046502482467,0.15084104859566572,0.28,0,14,3.0
15.878535490000104,1282,4959.09,-93.0,-3.9,-112.3,2.02,-5.63,0.76,-0.53,-0.88,0.33,-239.4,-1.2,-19.0,1.98,0.06,3.44,3.49,1.0789810007595129,6.029502467036562,0.016190352372694505,0.28,0,14,3.0
15.88777888200002,1283,4959.1,-92.7,-4.0,-112.9,1.83,-6.22,0.66,-0.32,-0.89,0.22,-239.4,-1.7,-1.0,1.98,0.04,3.77,3.49,0.9710303805751909,6.517123598643806,0.089925062455395,0.28,0,14,3.0
15.898373137999442,1284,4959.11,-92.5,-4.1,-113.5,1.69,-6.26,0.62,-0.12,-0.95,0.17,-239.4,-1.4,-4.0,1.98,0.04,3.38,3.49,0.9725224933131367,6.513685592657969,0.08666429072310011,0.28,0,14,3.0
15.90762085499955,1285,4959.12,-92.3,-4.2,-114.1,1.58,-6.12,0.62,0.02,-1.04,0.15,-239.4,0.0,15.0,1.98,-0.03,3.66,3.49,1.050951949424901,6.350999921272241,0.008070137919109044,0.28,0,14,3.0
15.918482340999617,1286,4959.13,-92.1,-4.3,-114.7,1.43,-5.82,0.48,0.07,-1.11,0.13,-239.4,1.6,11.0,1.98,-0.07,3.73,3.49,1.1197767634667188,6.012295734575937,0.05953958260025449,0.28,0,14,3.0
15.927781906999371,1287,4959.14,-91.9,-4.3,-115.3,1.46,-5.43,0.21,0.09,-1.11,0.1,-239.4,5.9,47.0,1.98,-0.26,3.42,3.49,1.1181234278915724,5.626775275413085,0.05672852208460588,0.28,0,14,3.0
15.938165958999889,1288,4959.15,-91.7,-4.4,-115.8,1.45,-4.98,-0.09,0.11,-1.05,0.12,-239.3,18.8,159.0,1.97,-0.99,3.28,3.49,1.0625441167311596,5.18758132466374,0.0011262267057092767,0.28,0,14,3.0
15.948487026999828,1289,4959.16,-91.6,-4.3,-116.3,0.98,-4.73,-0.51,0.09,-0.98,0.14,-238.8,58.7,381.0,1.95,-2.45,3.29,3.49,0.9940321926376429,4.8573037788468625,0.06603798344005118,0.28,0,14,3.0
15.958401745999254,1290,4959.17,-91.5,-4.3,-116.7,0.36,-4.5,-0.95,0.08,-0.92,0.09,-237.9,112.2,474.0,1.92,-3.86,3.37,3.49,0.9278469701410896,4.61325264862006,0.12957874181787243,0.28,0,14,3.0
15.96765034300006,1291,4959.18,-91.4,-4.2,-117.2,0.0,-4.11,-1.32,0.05,-0.88,0.07,-236.4,165.9,527.0,1.87,-5.39,3.22,3.49,0.8841945487278238,4.316769625541767,0.16976653996651558,0.28,0,14,3.0
15.97851833599998,1292,4959.19,-91.4,-4.0,-117.6,-0.33,-3.72,-1.58,0.04,-0.88,0.07,-234.3,222.5,529.0,1.81,-6.81,3.42,3.49,0.8836854644046149,4.055083229725378,0.16687011180392985,0.28,0,14,0.0
15.987694894000015,1293,4959.2,-91.4,-3.9,-117.9,-0.34,-3.49,-1.7,0.05,-0.87,0.1,-231.7,272.5,496.0,1.73,-8.13,2.98,3.49,0.8771544903835355,3.8968833700792227,0.16993306410850906,0.28,0,14,0.0
15.998329410999759,1294,4959.21,-91.4,-3.7,-118.3,0.0,-3.34,-1.7,0.06,-0.87,0.1,-228.7,311.1,244.0,1.64,-7.76,0.43,0.0,0.8777812939451376,3.747745989258077,0.16592013533596883,0.28,0,14,0.0
16.00775437899938,1295,4959.22,-91.4,-3.5,-118.6,-0.02,-3.07,-1.72,0.03,-0.9,0.08,-226.0,234.6,-579.0,1.59,-5.0,0.33,0.0,0.9040464589831654,3.51904816676328,0.1368618708919822,0.28,0,14,0.0
16.01844415300002,1296,4959.23,-91.4,-3.4,-118.9,-0.08,-2.91,-1.76,0.0,-0.9,0.1,-224.3,158.0,-587.0,1.55,-3.57,-0.09,0.0,0.9055385138137417,3.40177894637497,0.13266241974017778,0.28,0,14,0.0
16.027543665999474,1297,4959.24,-91.4,-3.2,-119.2,-0.13,-2.8,-1.7,0.03,-0.87,0.09,-223.0,118.8,-383.0,1.52,-2.99,-0.03,0.0,0.8751571287488893,3.278246482496397,0.15978292870892963,0.28,0,14,0.0
16.038408994999372,1298,4959.25,-91.4,-3.1,-119.5,-0.17,-2.72,-1.53,0.1,-0.88,0.07,-221.9,105.1,-177.0,1.49,-2.83,0.22,0.0,0.8884255736976508,3.12541197284454,0.1435841940849648,0.28,0,14,0.0
16.047796436999306,1299,4959.26,-91.4,-2.9,-119.7,-0.08,-2.48,-1.42,0.14,-0.9,0.04,-220.8,105.1,-35.0,1.46,-2.95,-0.02,0.0,0.9117017056033185,2.8588808999326996,0.11790190093571118,0.28,0,14,0.0
16.058203003000017,1300,4959.27,-91.4,-2.8,-120.0,0.03,-2.07,-1.34,0.18,-0.91,0.0,-219.7,116.1,83.0,1.43,-3.36,-0.03,0.0,0.9276313923105449,2.466049472334243,0.09993276994391509,0.28,0,14,0.0
16.067832726999768,1301,4959.28,-91.3,-2.7,-120.2,0.13,-1.52,-1.25,0.2,-0.9,-0.04,-218.4,135.5,168.0,1.39,-3.97,-0.08,0.0,0.9228217596047463,1.972257589667232,0.10264755459671937,0.28,0,14,0.0
16.078472045000126,1302,4959.29,-91.3,-2.5,-120.3,0.22,-0.97,-1.16,0.21,-0.89,-0.04,-216.9,157.1,206.0,1.35,-4.58,-0.05,0.0,0.9153141537199128,1.5280379576437229,0.10795205727192192,0.28,0,14,0.0
16.087726060999557,1303,4959.3,-91.3,-2.4,-120.4,0.23,-0.44,-1.03,0.21,-0.87,-0.06,-215.2,180.1,212.0,1.3,-5.15,-0.11,0.0,0.8969949832635632,1.1434159348198711,0.12374580317370609,0.28,0,14,0.0
16.098511569999573,1304,4959.31,-91.3,-2.3,-120.4,0.11,0.02,-0.94,0.2,-0.87,-0.07,-213.1,204.5,234.0,1.24,-5.84,-0.07,0.0,0.8954328562209453,0.9466255859631092,0.12280177161199757,0.28,0,14,0.0
16.107709412000077,1305,4959.32,-91.3,-2.2,-120.3,-0.03,0.46,-0.88,0.18,-0.87,-0.07,-210.9,229.8,258.0,1.17,-6.59,-0.15,0.0,0.8911789943664516,0.9934284070832684,0.12451452079716141,0.28,0,14,0.0
16.118596753999554,1306,4959.33,-91.3,-2.2,-120.3,-0.22,0.81,-0.81,0.15,-0.9,-0.08,-208.4,255.1,233.0,1.11,-7.17,-0.08,0.0,0.9159148432032314,1.1664475984801033,0.09778309852117406,0.28,0,14,0.0
16.127963345999888,1307,4959.34,-91.3,-2.1,-120.2,-0.25,1.12,-0.7,0.12,-0.89,-0.09,-205.7,276.3,213.0,1.03,-7.75,-0.14,0.0,0.9025519375637061,1.3442098050527678,0.1089230840774853,0.28,0,14,0.0
16.138521281000067,1308,4959.35,-91.4,-2.0,-120.1,-0.36,1.3,-0.52,0.09,-0.89,-0.06,-202.9,295.7,206.0,0.96,-8.3,0.01,0.0,0.8965489389877164,1.445683229480096,0.1126275610004055,0.28,0,14,0.0
16.147416078999413,1309,4959.36,-91.4,-2.0,-119.9,-0.49,1.41,-0.44,0.08,-0.92,-0.07,-199.7,323.8,267.0,0.86,-9.17,0.0,0.0,0.9261209424259879,1.5562133529821673,0.08139444641089122,0.28,0,14,0.0
16.15815311699953,1310,4959.37,-91.5,-1.9,-119.8,-0.58,1.42,-0.34,0.05,-0.92,-0.07,-196.3,347.6,222.0,0.77,-9.65,-0.13,0.0,0.9240129869217207,1.571114254279427,0.08183235387685517,0.28,0,14,0.0
16.168024796999816,1311,4959.38,-91.6,-1.8,-119.6,-0.67,1.38,-0.12,0.03,-0.92,-0.07,-192.7,368.1,224.0,0.66,-10.29,-0.1,0.0,0.9231467922275417,1.5387332452377833,0.08104457759961348,0.28,0,14,0.0
16.17823918399972,1312,4959.39,-91.7,-1.8,-119.5,-0.61,1.34,0.09,0.02,-0.93,-0.07,-188.9,391.8,237.0,0.55,-10.96,0.02,0.0,0.9328451104015072,1.47505932084103,0.06991933423713492,0.28,0,14,0.0
16.18804660799924,1313,4959.4,-91.8,-1.8,-119.4,-0.5,1.24,0.25,0.01,-0.93,-0.07,-184.7,416.0,259.0,0.44,-11.69,-0.02,0.0,0.9326842981416595,1.3601838111078959,0.06867854356704284,0.28,0,14,0.0
16.198142942999766,1314,4959.41,-91.8,-1.8,-119.3,-0.43,1.16,0.36,0.02,-0.92,-0.07,-180.4,443.1,245.0,0.32,-12.3,-0.12,0.0,0.9228759396581969,1.2884486796143648,0.07691716400949533,0.28,0,14,0.0
16.207806040999458,1315,4959.42,-91.9,-1.8,-119.1,-0.34,1.14,0.45,0.03,-0.91,-0.09,-175.9,458.0,165.0,0.2,-12.6,-0.17,0.0,0.9149316914393119,1.2718883598806932,0.08316418398381276,0.28,0,14,0.0
16.218009805999827,1316,4959.43,-92.0,-1.8,-119.0,-0.25,1.23,0.52,0.06,-0.92,-0.12,-171.1,473.9,145.0,0.06,-12.98,0.06,0.0,0.9297311439335568,1.358602222874672,0.06699743685977644,0.28,0,14,0.0
16.22804018899933,1317,4959.44,-92.0,-1.9,-118.9,-0.2,1.44,0.55,0.06,-0.92,-0.12,-166.4,474.1,29.0,-0.06,-12.87,-0.13,0.0,0.9297311439335568,1.5543809056984714,0.06565748812258088,0.28,0,14,0.0
16.23935994800013,1318,4959.45,-92.0,-1.9,-118.7,-0.11,1.65,0.71,0.1,-0.88,-0.12,-161.7,468.2,-73.0,-0.18,-12.45,0.06,0.0,0.8937561188601731,1.799638852659055,0.09959986293204526,0.28,0,14,0.0
16.24730002599972,1319,4959.46,-92.0,-2.0,-118.5,-0.06,1.84,0.83,0.13,-0.9,-0.11,-157.3,433.3,-348.0,-0.3,-11.05,0.14,0.0,0.9159694318043589,2.019430612821347,0.07583881898810241,0.28,0,14,0.0
16.25796814399928,1320,4959.47,-92.0,-2.1,-118.3,-0.19,2.15,0.88,0.16,-0.92,-0.13,-153.3,372.7,-501.0,-0.39,-9.5,0.39,0.0,0.9428149341201592,2.3308796622734516,0.04801345033885607,0.28,0,14,0.0
16.268033426999864,1321,4959.48,-92.1,-2.2,-118.1,-0.4,2.44,0.78,0.13,-0.95,-0.13,-149.9,307.0,-604.0,-0.48,-7.59,0.12,0.0,0.9676259607927021,2.5926820090400597,0.022738375192986826,0.28,0,14,0.0
16.278031199999532,1322,4959.49,-92.1,-2.2,-117.8,-0.71,2.78,0.67,0.06,-0.94,-0.13,-147.4,253.9,-533.0,-0.54,-6.24,0.15,0.0,0.9508417323613851,2.946421558433212,0.03873215155181775,0.28,0,14,0.0
16.28808660300001,1323,4959.5,-92.2,-2.3,-117.5,-0.85,2.96,0.65,0.02,-0.91,-0.11,-145.1,207.5,-462.0,-0.59,-5.18,0.17,0.0,0.9168424073961675,3.1474751786153927,0.07127684698669468,0.28,0,14,0.0
16.29773759299951,1324,4959.51,-92.4,-2.3,-117.2,-0.79,3.03,0.77,0.02,-0.85,-0.11,-143.3,165.3,-439.0,-0.64,-3.97,0.17,0.0,0.8573214099741122,3.2245774917033705,0.12818188752057502,0.28,0,14,0.0
16.308067594000022,1325,4959.52,-92.4,-2.4,-116.9,-0.89,3.12,0.91,0.04,-0.85,-0.14,-142.0,125.6,-407.0,-0.67,-2.89,0.14,0.0,0.8623804264940154,3.369658736430145,0.12066041358065849,0.28,0,14,0.0
16.318021520999537,1326,4959.53,-92.6,-2.5,-116.6,-1.32,3.28,0.97,0.04,-0.87,-0.15,-141.0,89.6,-345.0,-0.69,-2.1,0.24,0.0,0.8837420438114281,3.666292405141739,0.09731282033798083,0.28,0,14,0.0
16.32794326899966,1327,4959.54,-92.7,-2.6,-116.3,-1.78,3.35,0.99,0.04,-0.89,-0.14,-140.3,59.7,-306.0,-0.71,-1.28,0.21,0.0,0.9018314698434514,3.9205866907900404,0.07763892641983838,0.28,0,14,0.0
16.338024743999995,1328,4959.55,-93.0,-2.6,-115.9,-1.91,3.39,1.02,0.05,-0.91,-0.14,-139.9,29.9,-324.0,-0.72,-0.38,0.32,0.0,0.9220629045786409,4.022511653183866,0.056259341850955935,0.28,0,14,0.0
16.34790274199986,1329,4959.56,-93.2,-2.7,-115.6,-1.84,3.5,1.07,0.06,-0.92,-0.16,-139.8,0.4,-266.0,-0.72,0.21,-0.05,0.0,0.9357350052231668,4.096400859290995,0.04173549638230145,0.28,0,14,0.0
16.35898294799972,1330,4959.57,-93.4,-2.8,-115.2,-1.75,3.78,1.14,0.06,-0.93,-0.2,-139.9,-10.8,-144.0,-0.71,0.41,-0.11,0.0,0.9531526635329727,4.318622465555423,0.02383148131104562,0.28,0,14,0.0
16.367224653999983,1331,4959.58,-93.6,-2.9,-114.8,-1.68,4.05,1.2,0.05,-0.94,-0.2,-140.0,-18.6,-89.0,-0.71,0.56,0.07,0.0,0.9623408959407264,4.545866254081833,0.01435038392522614,0.28,0,14,0.0
16.37793821699961,1332,4959.59,-93.7,-3.0,-114.4,-1.51,4.31,1.29,0.06,-0.93,-0.22,-140.3,-24.7,-81.0,-0.7,0.79,0.08,0.0,0.9575489543621256,4.745555815707998,0.0187594789937503,0.28,0,14,0.0
16.386944938999477,1333,4959.6,-93.9,-3.1,-113.9,-1.39,4.65,1.34,0.08,-0.94,-0.25,-140.6,-36.6,-124.0,-0.69,1.19,0.17,0.0,0.9759610647971567,5.034898211483525,0.0003404211875448482,0.28,0,14,0.0
16.398017324999273,1334,4959.61,-94.1,-3.2,-113.4,-1.43,4.98,1.33,0.1,-0.95,-0.27,-141.1,-57.4,-192.0,-0.68,1.83,0.23,0.0,0.9926731586982696,5.349224242822505,0.016044239259296655,0.28,0,14,0.0
16.408068269999603,1335,4959.62,-94.2,-3.3,-112.9,-1.53,5.35,1.23,0.07,-0.99,-0.27,-141.9,-84.2,-240.0,-0.65,2.6,0.23,0.0,1.0285426583277915,5.698798118901914,0.05087546411104216,0.28,0,14,0.0
16.417902006000077,1336,4959.63,-94.4,-3.4,-112.3,-1.76,5.58,0.91,0.02,-1.07,-0.23,-142.9,-110.2,-262.0,-0.62,3.34,0.16,0.0,1.0946232228488486,5.921325865040701,0.11461690805945735,0.28,0,14,0.0
16.428002455999376,1337,4959.64,-94.7,-3.4,-111.8,-2.16,5.69,0.3,-0.07,-1.16,-0.16,-144.2,-132.0,-210.0,-0.58,3.79,-0.01,0.0,1.173072887761029,6.093578587332734,0.18920524151220497,0.28,0,14,0.0
16.438259935000133,1338,4959.65,-95.0,-3.3,-111.2,-2.57,5.34,-0.47,-0.15,-1.2,-0.09,-145.6,-151.3,-218.0,-0.54,4.43,0.26,0.0,1.2126829758844642,5.944863328958875,0.2242390230429273,0.28,0,14,0.0
16.447244132999913,1339,4959.66,-95.3,-3.3,-110.7,-2.67,4.71,-1.09,-0.14,-1.22,-0.06,-147.2,-176.0,-237.0,-0.5,5.08,0.01,0.0,1.2294714311442947,5.522780097016357,0.23620692873670268,0.28,0,14,0.0
16.45805467699938,1340,4959.67,-95.5,-3.1,-110.3,-2.68,3.78,-1.66,-0.16,-1.21,-0.05,-149.3,-205.6,-267.0,-0.43,5.89,0.42,0.0,1.22155638429014,4.922032100667366,0.22372604424489706,0.28,0,14,0.0
16.468000293999467,1341,4959.68,-95.8,-2.9,-110.0,-2.98,2.99,-1.95,-0.17,-1.21,-0.06,-151.4,-227.7,-224.0,-0.38,6.41,0.13,0.0,1.2233560397529413,4.650053763130057,0.22101518571354428,0.28,0,14,0.0
16.479111947000092,1342,4959.69,-96.1,-2.7,-109.8,-3.1,2.21,-2.1,-0.18,-1.24,-0.04,-153.9,-243.4,-159.0,-0.3,6.75,0.08,0.0,1.2536347155371856,4.347884543085292,0.2462679842678328,0.28,0,14,0.0
16.487317848999737,1343,4959.7,-96.4,-2.5,-109.6,-2.83,1.41,-2.11,-0.19,-1.27,0.0,-156.3,-251.6,-92.0,-0.23,6.89,0.08,0.0,1.2841339493993607,3.8011971798368998,0.27123187376740776,0.28,0,14,0.0
16.4979833339994,1344,4959.71,-96.7,-2.2,-109.5,-2.52,0.62,-1.99,-0.19,-1.3,0.03,-158.9,-254.6,-40.0,-0.17,6.91,-0.02,0.0,1.314153720079961,3.270305796099197,0.29522661155904784,0.28,1,15,3.0
16.508174159999726,1345,4959.72,-96.9,-2.1,-109.5,-2.1,-0.11,-1.83,-0.16,-1.3,0.05,-161.4,-251.9,21.0,-0.1,6.75,-0.07,0.0,1.3107631364972088,2.7876513411831114,0.2859993074167697,0.28,0,15,3.0
16.51799060799931,1346,4959.73,-97.1,-1.9,-109.6,-1.83,-0.69,-1.77,-0.1,-1.37,0.07,-163.7,-227.1,450.0,-0.04,4.87,2.96,3.49,1.3754272063617181,2.637783160155512,0.34365010973565346,0.28,0,15,3.0
16.528152922999652,1347,4959.74,-97.3,-1.7,-109.7,-1.57,-1.16,-2.02,-0.05,-1.4,0.01,-165.0,-67.4,1349.0,-0.03,-0.12,2.91,3.49,1.4009282636880447,2.809074580711591,0.3617681437207405,0.28,0,15,3.0
16.537898619999396,1348,4959.75,-97.4,-1.5,-109.9,-1.41,-1.05,-2.14,0.05,-1.34,-0.05,-164.6,72.0,1116.0,-0.06,-2.86,3.18,3.49,1.341864374666829,2.7695125924970987,0.29665016960553436,0.28,0,15,3.0
16.548078468999847,1349,4959.76,-97.5,-1.3,-110.0,-0.84,-0.61,-2.04,0.16,-1.26,-0.14,-163.5,118.6,541.0,-0.09,-3.35,3.42,3.49,1.277810627597063,2.288951725135329,0.22794449408505302,0.28,0,15,3.0
16.55803699899934,1350,4959.77,-97.5,-1.1,-110.0,-0.3,0.34,-1.62,0.26,-1.16,-0.18,-162.4,111.8,45.0,-0.12,-2.65,3.65,3.49,1.202331069215131,1.6822603841260724,0.14941563698905846,0.28,0,15,3.0
16.568095959999482,1351,4959.78,-97.5,-1.0,-109.9,0.16,1.37,-1.05,0.34,-1.09,-0.15,-161.5,74.5,-266.0,-0.14,-1.52,3.64,3.49,1.1516075720487426,1.7334935823359716,0.09671829702621682,0.28,0,15,3.0
16.57796010399943,1352,4959.79,-97.5,-0.9,-109.8,0.43,2.36,-0.5,0.38,-1.04,-0.11,-161.0,30.0,-389.0,-0.14,-0.28,3.55,3.49,1.1126994203287788,2.45040812927153,0.05665394240012778,0.28,0,15,3.0
16.58808238199981,1353,4959.8,-97.5,-0.8,-109.5,0.68,3.21,0.0,0.38,-1.01,-0.03,-161.0,-1.9,-257.0,-0.14,0.03,3.56,3.49,1.0795369377654476,3.2812345237730267,0.023021630640060575,0.28,0,15,3.0
16.59798962900004,1354,4959.81,-97.4,-0.8,-109.1,1.22,3.86,0.38,0.34,-0.98,0.02,-161.0,0.6,-68.0,-0.14,0.02,3.39,3.49,1.037496987947435,4.066005410719469,0.018637952794392953,0.28,0,15,3.0
16.607038543999806,1355,4959.82,-97.2,-0.8,-108.7,1.83,4.55,0.54,0.25,-0.96,0.07,-161.0,-1.0,-25.0,-0.14,0.02,3.44,3.49,0.9944847912361455,4.93386258422344,0.06041714651556862,0.28,0,15,3.0
16.617964192999352,1356,4959.83,-97.0,-0.8,-108.2,2.2,5.19,0.5,0.09,-0.93,0.12,-161.0,-0.9,-12.0,-0.14,0.03,3.66,3.49,0.942019108086455,5.659160715159095,0.11062517307195396,0.28,0,15,3.0
16.628164920999552,1357,4959.84,-96.8,-0.8,-107.7,2.41,5.48,0.33,-0.03,-0.93,0.18,-161.1,-1.3,-2.0,-0.14,0.03,3.49,3.49,0.947734139935879,5.995615064361621,0.10281193839807945,0.28,0,15,3.0
16.637922322999657,1358,4959.85,-96.6,-0.7,-107.1,2.65,5.42,0.09,-0.13,-0.93,0.21,-161.1,-0.3,7.0,-0.14,0.0,3.69,3.49,0.9622369770487934,6.033821343062786,0.08654291925946167,0.28,0,15,3.0
16.648073958999703,1359,4959.86,-96.3,-0.7,-106.6,2.72,5.13,-0.13,-0.19,-0.93,0.22,-161.1,-0.1,1.0,-0.14,0.0,3.43,3.49,0.9743715923609433,5.807942837184264,0.07292013786836549,0.28,0,15,3.0
16.65784424499998,1360,4959.87,-96.0,-0.6,-106.1,2.6,4.69,-0.27,-0.22,-0.92,0.21,-161.1,-0.2,-1.0,-0.14,0.01,3.48,3.49,0.9689685237405806,5.369264381644846,0.07675674235895358,0.28,0,15,3.0
16.668160180000086,1361,4959.88,-95.8,-0.5,-105.7,2.51,4.29,-0.31,-0.23,-0.92,0.2,-161.1,-0.9,-2.0,-0.14,0.02,3.6,3.49,0.9691749068150702,4.979989959829236,0.07501935209877464,0.28,0,15,3.0
16.678137154999604,1362,4959.89,-95.5,-0.4,-105.3,2.5,3.9,-0.22,-0.2,-0.88,0.17,-161.1,-2.0,-12.0,-0.14,0.07,3.6,3.49,0.918313671900838,4.637714954587011,0.12336297527274676,0.28,0,15,0.0
16.688018699999702,1363,4959.9,-95.3,-0.4,-104.9,2.4,3.57,-0.15,-0.16,-0.89,0.15,-161.1,-3.1,-8.0,-0.14,0.09,3.51,3.49,0.916624241442479,4.304346640316043,0.12255135761648361,0.28,0,15,0.0
16.69806930300001,1364,4959.91,-95.1,-0.3,-104.6,2.16,3.24,-0.1,-0.13,-0.88,0.12,-161.2,-15.7,-310.0,-0.13,1.65,0.75,0.0,0.8976079322287654,3.8952791941014966,0.13873631349359317,0.28,0,15,0.0
16.70796942600009,1365,4959.92,-94.9,-0.3,-104.3,1.47,3.05,-0.1,-0.16,-0.91,0.11,-162.2,-139.3,-994.0,-0.09,5.3,0.37,0.0,0.9304837451562493,3.3872407649885177,0.10374329055478704,0.28,0,15,0.0
16.71814438199999,1366,4959.93,-94.8,-0.3,-104.0,0.82,2.49,-0.17,-0.22,-0.91,0.18,-164.2,-238.5,-882.0,-0.02,7.41,0.13,0.0,0.9533624704172071,2.6270515792424023,0.07924727398795273,0.28,0,15,0.0
16.7279938949996,1367,4959.94,-94.7,-0.2,-103.8,0.52,1.83,-0.02,-0.15,-0.87,0.16,-167.1,-300.9,-659.0,0.06,8.81,0.1,0.0,0.897217922246318,1.902550919160904,0.1326839857156651,0.28,0,15,0.0
16.738328766999985,1368,4959.95,-94.7,-0.2,-103.6,-0.08,1.09,0.38,-0.1,-0.86,0.11,-170.4,-344.0,-469.0,0.15,9.77,0.13,0.0,0.8727542609463445,1.1571084650973738,0.1540046940753258,0.28,0,15,0.0
16.74764586099991,1369,4959.96,-94.7,-0.3,-103.5,-1.03,0.61,0.91,-0.06,-0.92,0.05,-174.0,-366.1,-234.0,0.24,10.0,0.13,0.0,0.9233092656309694,1.5036954478883016,0.10138069560288687,0.28,0,15,0.0
16.758592798999416,1370,4959.97,-94.9,-0.4,-103.5,-1.47,0.37,1.35,-0.04,-0.99,-0.01,-177.8,-369.2,-88.0,0.35,10.04,0.14,0.0,0.9908582138732059,2.0298522113690938,0.03315511241343738,0.28,0,15,0.0
16.767540596999424,1371,4959.98,-95.0,-0.6,-103.4,-1.26,0.33,1.65,-0.02,-1.05,-0.07,-181.3,-363.9,36.0,0.44,9.73,0.0,0.0,1.0525207836427743,2.102141764962582,0.027937308209008416,0.28,0,15,0.0
16.778294491999986,1372,4959.99,-95.1,-0.8,-103.4,-0.57,0.44,1.73,-0.01,-1.07,-0.11,-184.9,-340.0,201.0,0.54,8.87,-0.2,0.0,1.0756858277396797,1.8738729946290384,0.050080305259795566,0.28,0,15,0.0
16.787695295999583,1373,4960.0,-95.1,-0.9,-103.3,-0.06,0.65,1.71,0.0,-1.05,-0.14,-188.1,-311.0,260.0,0.62,8.07,-0.16,0.0,1.059292216529509,1.8303551567933474,0.0330129601686322,0.28,0,15,0.0
16.79852749499969,1374,4960.01,-95.1,-1.1,-103.2,0.17,0.91,1.56,0.0,-1.03,-0.14,-190.3,-286.9,402.0,0.7,7.11,0.03,0.0,1.0394710193170371,1.8140011025354974,0.012927927697037322,0.28,0,15,0.0
16.80755632599994,1375,4960.02,-95.1,-1.2,-103.1,0.23,1.19,1.42,0.0,-0.98,-0.14,-193.4,-244.1,366.0,0.77,5.98,0.09,0.0,0.9899494936611665,1.866922601502269,0.035861725999656646,0.28,0,15,0.0
16.81862857499982,1376,4960.03,-95.2,-1.3,-102.9,0.17,1.37,1.35,-0.01,-0.96,-0.12,-195.7,-204.0,396.0,0.82,4.94,-0.35,0.0,0.9675226095549395,1.9308806281072894,0.05712283790376593,0.28,0,15,0.0
16.82770253199942,1377,4960.04,-95.2,-1.4,-102.8,0.28,1.5,1.31,-0.03,-0.96,-0.12,-197.4,-164.9,383.0,0.86,3.79,-0.06,0.0,0.9679359482941007,2.0110942295178513,0.05557530918131259,0.28,0,15,0.0
16.83856770300008,1378,4960.05,-95.1,-1.6,-102.6,0.57,1.55,1.27,-0.05,-0.96,-0.11,-198.8,-121.2,432.0,0.89,2.63,-0.11,0.0,0.9675742865537508,2.08333866665984,0.054818231503229176,0.28,0,15,0.0
16.84786709599939,1379,4960.06,-95.1,-1.7,-102.5,0.98,1.48,1.27,-0.07,-0.95,-0.09,-199.7,-77.2,424.0,0.91,1.38,-0.25,0.0,0.9568176419778223,2.182590204321462,0.06426337855757458,0.28,0,15,0.0
16.858339694999813,1380,4960.07,-95.0,-1.8,-102.3,1.37,1.32,1.31,-0.1,-0.94,-0.07,-200.2,-32.4,444.0,0.92,0.32,-0.21,0.0,0.9478923989567593,2.309848479879146,0.0717248491470649,0.28,0,15,0.0
16.867657584999506,1381,4960.08,-94.8,-2.0,-102.2,1.73,1.11,1.31,-0.13,-0.93,-0.06,-200.2,7.6,374.0,0.91,-0.65,-0.22,0.0,0.9409569596958196,2.437437178677637,0.07708708263984443,0.28,0,15,0.0
16.87867918399934,1382,4960.09,-94.6,-2.2,-102.1,1.96,0.88,1.26,-0.16,-0.92,-0.06,-199.9,32.1,256.0,0.9,-1.12,0.0,0.0,0.9357350052231668,2.4907027120874945,0.0806628563702474,0.28,0,15,0.0
16.887681393000094,1383,4960.1,-94.4,-2.3,-102.0,2.05,0.64,1.16,-0.18,-0.9,-0.06,-199.5,46.2,171.0,0.89,-1.44,-0.02,0.0,0.9197825830053535,2.440840019337605,0.09468297301629935,0.28,0,15,0.0
16.898608290000084,1384,4960.11,-94.2,-2.4,-101.9,2.06,0.41,1.01,-0.19,-0.9,-0.06,-199.0,56.8,112.0,0.87,-1.62,0.03,0.0,0.9217917335276988,2.3306222345116336,0.09082034604407507,0.28,0,15,0.0
16.907645545999912,1385,4960.12,-94.0,-2.5,-101.9,2.16,0.18,0.78,-0.19,-0.9,-0.07,-198.4,60.4,42.0,0.86,-1.59,0.04,0.0,0.922496612459905,2.3035624584542957,0.08831315776963145,0.28,0,15,0.0
16.918704030999834,1386,4960.13,-93.8,-2.6,-101.9,2.44,-0.05,0.41,-0.19,-0.9,-0.07,-197.8,55.7,-31.0,0.84,-1.35,0.02,0.0,0.922496612459905,2.4747121044679115,0.08654689461423892,0.28,0,15,0.0
16.927396053999473,1387,4960.14,-93.5,-2.6,-101.9,2.83,-0.4,-0.07,-0.21,-0.86,-0.07,-197.3,44.2,-99.0,0.83,-0.99,-0.08,0.0,0.888031530971733,2.8589858341726706,0.1185917365803626,0.28,0,15,0.0
16.93837035099932,1388,4960.15,-93.2,-2.6,-102.0,2.71,-0.72,-0.47,-0.22,-0.79,-0.08,-197.0,31.6,-113.0,0.82,-0.63,0.04,0.0,0.8239538822045807,2.8431320757221252,0.17901599764056475,0.28,0,15,0.0
16.947111249000045,1389,4960.16,-93.0,-2.5,-102.1,1.9,-1.07,-0.71,-0.21,-0.75,-0.08,-196.7,16.1,-143.0,0.82,-0.23,0.06,0.0,0.7829431652425354,2.2932509675131505,0.2156261803105578,0.28,0,15,0.0
16.95809253399966,1390,4960.17,-92.8,-2.4,-102.2,0.83,-1.4,-0.88,-0.19,-0.75,-0.1,-196.7,2.8,-128.0,0.82,0.08,-0.01,0.0,0.7801281945936834,1.8502162035827057,0.21407232794022157,0.28,0,15,0.0
16.968197119999786,1391,4960.18,-92.8,-2.3,-102.3,-0.04,-1.59,-0.94,-0.14,-0.79,-0.11,-196.7,-2.3,-41.0,0.82,0.02,-0.08,0.0,0.809814793641114,1.847511840286822,0.18069801431493526,0.28,0,15,0.0
16.978187183000045,1392,4960.19,-92.8,-2.3,-102.5,-0.61,-1.64,-0.9,-0.07,-0.84,-0.12,-196.7,-1.1,-16.0,0.82,0.05,-0.1,0.0,0.8514105942493315,1.967663589133061,0.1363201694325834,0.28,0,15,0.0
16.987992820999352,1393,4960.2,-93.0,-2.2,-102.7,-0.73,-1.63,-0.87,0.0,-0.88,-0.12,-196.7,-3.0,-23.0,0.82,0.13,-0.01,0.0,0.8881441324469806,1.986630312866488,0.09759489861023563,0.28,0,15,0.0
16.99810900400007,1394,4960.21,-93.0,-2.1,-102.8,-0.58,-1.57,-0.95,0.05,-0.88,-0.15,-196.8,-8.5,-59.0,0.82,0.37,0.01,0.0,0.8940917178902844,1.9245259156477992,0.08981436690359323,0.28,0,15,0.0
17.008046828999795,1395,4960.22,-93.1,-2.0,-103.0,-0.79,-1.33,-1.04,0.08,-0.85,-0.17,-196.9,-18.2,-85.0,0.83,0.65,0.29,0.0,0.8705170877128144,1.8640278967869555,0.1111212171394419,0.28,0,15,0.0
17.018194782000137,1396,4960.23,-93.2,-1.9,-103.1,-1.39,-0.93,-1.11,0.08,-0.86,-0.18,-197.2,-29.6,-113.0,0.84,1.03,0.0,0.0,0.882269800004511,2.007261816505261,0.09738113475079035,0.28,0,15,0.0
17.02711146099955,1397,4960.24,-93.4,-1.8,-103.2,-1.89,-0.41,-1.11,0.08,-0.92,-0.17,-197.6,-45.7,-148.0,0.85,1.47,0.1,0.0,0.9389888178247918,2.229865466793905,0.03984887459189934,0.28,0,15,0.0
17.037882902999627,1398,4960.25,-93.6,-1.7,-103.2,-2.0,0.1,-1.04,0.07,-0.98,-0.17,-198.2,-59.5,-134.0,0.87,1.77,0.16,0.0,0.9970957827611147,2.256457400439902,0.01789292853753499,0.28,0,15,0.0
17.04796625199924,1399,4960.26,-93.7,-1.6,-103.2,-1.66,0.57,-0.88,0.05,-1.02,-0.17,-198.9,-72.5,-135.0,0.89,2.15,0.07,0.0,1.0352777405121776,1.963389925613351,0.054953388562825944,0.28,0,15,0.0
17.05813795099948,1400,4960.27,-93.9,-1.5,-103.1,-1.0,0.96,-0.69,0.03,-1.04,-0.17,-199.7,-84.6,-114.0,0.91,2.41,-0.01,0.0,1.054229576515476,1.5484508387417406,0.07242712007480201,0.28,0,15,0.0
17.06790157499927,1401,4960.28,-94.0,-1.4,-103.0,-0.77,1.16,-0.45,0.0,-1.04,-0.17,-200.6,-95.4,-112.0,0.94,2.72,0.15,0.0,1.0538026380684384,1.4632156368765337,0.07056017799520908,0.28,0,15,0.0
17.078162214999793,1402,4960.29,-94.1,-1.4,-102.9,-0.92,1.19,-0.3,-0.02,-1.06,-0.17,-201.6,-105.5,-103.0,0.97,2.99,0.08,0.0,1.0737318100903968,1.5337861650177969,0.088679563016824,0.28,0,15,0.0
17.087904409999283,1403,4960.3,-94.3,-1.3,-102.8,-1.04,1.1,-0.21,-0.06,-1.06,-0.17,-202.7,-115.0,-104.0,1.0,3.27,0.08,0.0,1.0752209075348191,1.5282997088267734,0.08836528725202142,0.28,0,15,0.0
17.098254749999796,1404,4960.31,-94.4,-1.4,-102.7,-1.21,0.94,0.1,-0.08,-1.02,-0.15,-204.0,-127.0,-117.0,1.03,3.6,0.07,0.0,1.0340696301506973,1.5354803808580555,0.04626972967054155,0.28,0,15,0.0
17.107149862999904,1405,4960.32,-94.6,-1.4,-102.6,-1.22,0.87,0.56,-0.05,-1.06,-0.14,-205.3,-142.0,-153.0,1.07,4.08,0.1,0.0,1.0703737664946764,1.599656213065795,0.0809223886942303,0.28,0,15,0.0
17.118010317999506,1406,4960.33,-94.7,-1.5,-102.5,-0.83,0.77,0.75,-0.03,-1.1,-0.12,-206.9,-158.8,-159.0,1.12,4.53,0.24,0.0,1.106932698947863,1.3580500727145521,0.11513169472446849,0.28,0,15,0.0
17.128112442999736,1407,4960.34,-94.8,-1.5,-102.4,-0.5,0.58,0.78,-0.03,-1.12,-0.1,-208.6,-174.1,-149.0,1.16,4.89,-0.25,0.0,1.124855546281388,1.0930690737551767,0.13039345121683377,0.28,0,15,0.0
17.137888504999864,1408,4960.35,-94.9,-1.6,-102.3,-0.65,0.34,0.85,-0.03,-1.13,-0.1,-210.4,-187.1,-137.0,1.22,5.26,0.12,0.0,1.1348127598859645,1.1227644454648535,0.13754365152498205,0.28,0,15,0.0
17.14795007900011,1409,4960.36,-95.0,-1.7,-102.3,-1.33,0.34,1.2,0.0,-1.17,-0.05,-212.4,-201.1,-143.0,1.27,5.65,0.0,0.0,1.171067888723792,1.8233211456021674,0.1703228047555534,0.28,0,15,0.0
17.15813752699978,1410,4960.37,-95.1,-1.8,-102.3,-1.94,0.34,1.6,0.02,-1.31,0.06,-214.5,-216.5,-153.0,1.33,6.08,0.0,0.0,1.3115258289488623,2.5375578811132566,0.30456513008101127,0.28,1,16,3.0
17.167948815999807,1411,4960.38,-95.3,-2.0,-102.2,-1.33,0.16,2.04,0.03,-1.39,0.11,-216.8,-231.7,-138.0,1.39,6.43,0.08,0.0,1.3946684193742969,2.4405122413132863,0.3799535660963169,0.28,0,16,3.0
17.178096003000064,1412,4960.39,-95.3,-2.3,-102.2,0.28,0.11,2.48,0.0,-1.41,0.11,-219.1,-220.6,352.0,1.45,4.56,2.65,3.49,1.414284271283535,2.4981793370372753,0.3915780296454441,0.28,0,16,3.0
17.188173984999594,1413,4960.4,-95.2,-2.5,-102.2,1.98,-0.05,2.8,-0.04,-1.32,0.1,-220.3,-73.3,1219.0,1.46,-0.04,2.91,3.49,1.3243866504914643,3.429708442418976,0.2956468006763058,0.28,0,16,3.0
17.197854936999647,1414,4960.41,-95.0,-2.8,-102.1,2.57,-0.2,2.68,-0.1,-1.24,0.12,-220.1,58.8,1028.0,1.44,-2.38,3.17,3.49,1.2497999839974394,3.718507765219807,0.21663893149863522,0.28,0,16,3.0
17.207972544999393,1415,4960.42,-94.7,-3.0,-102.2,2.25,-0.52,2.24,-0.2,-1.14,0.14,-219.1,105.1,589.0,1.41,-3.28,3.64,3.49,1.1658473313431736,3.217219296224614,0.13003255326748198,0.28,0,16,3.0
17.21812700800001,1416,4960.43,-94.5,-3.2,-102.2,1.49,-0.83,1.69,-0.28,-1.16,0.14,-217.9,125.6,262.0,1.38,-3.44,3.52,3.49,1.201499063670047,2.4010622649152604,0.16237059988246827,0.28,0,16,3.0
17.227953956999954,1417,4960.44,-94.4,-3.4,-102.3,1.07,-1.0,1.05,-0.32,-1.22,0.16,-216.7,115.0,-38.0,1.35,-2.86,3.33,3.49,1.2713772060250255,1.8020543831971332,0.2276037673926976,0.28,0,16,3.0
17.238052648999656,1418,4960.45,-94.3,-3.5,-102.4,1.25,-1.33,0.57,-0.31,-1.25,0.21,-215.7,84.4,-286.0,1.33,-1.67,3.51,3.49,1.3048754729858325,1.9121453919616052,0.25587999366643466,0.28,0,16,3.0
17.248138707999715,1419,4960.46,-94.1,-3.5,-102.6,1.8,-1.94,0.19,-0.23,-1.2,0.23,-215.2,36.6,-386.0,1.32,-0.49,3.61,3.49,1.2433020550131813,2.6532432983049254,0.19042044417990778,0.28,0,16,3.0
17.258161961999576,1420,4960.47,-93.9,-3.5,-102.8,2.05,-2.41,-0.01,-0.1,-1.09,0.21,-215.1,0.4,-302.0,1.32,0.16,3.39,3.49,1.1145402639653716,3.1639690263970666,0.06042548006945614,0.28,0,16,3.0
17.26856140199925,1421,4960.48,-93.7,-3.6,-103.0,1.86,-2.7,-0.14,-0.01,-1.02,0.2,-215.2,-3.4,-94.0,1.32,0.09,3.46,3.49,1.0394710193170371,3.28164592849381,0.014350889287300772,0.28,0,16,3.0
17.27854946699972,1422,4960.49,-93.5,-3.5,-103.3,1.62,-2.88,-0.27,0.02,-1.02,0.2,-215.2,-5.8,-62.0,1.32,0.22,3.45,3.49,1.039615313469362,3.3153732821508957,0.013922463232276305,0.28,0,16,3.0
17.287669939999432,1423,4960.5,-93.3,-3.5,-103.6,1.74,-2.99,-0.36,0.01,-1.0,0.21,-215.3,-11.5,-67.0,1.33,0.41,3.58,3.49,1.0218610473053564,3.478117306819884,0.031043194808356267,0.28,0,16,3.0
17.298440689999552,1424,4960.51,-93.1,-3.5,-103.9,2.06,-3.1,-0.36,-0.01,-0.96,0.22,-215.5,-23.9,-121.0,1.33,0.84,3.51,3.49,0.9849365461794988,3.739411718439145,0.06660834201552968,0.28,0,16,3.0
17.30780105299982,1425,4960.52,-92.9,-3.5,-104.3,2.34,-3.3,-0.38,-0.03,-0.91,0.23,-215.9,-40.6,-153.0,1.35,1.3,3.5,3.49,0.939095309327014,4.063249930782009,0.11020058729065418,0.28,0,16,3.0
17.318352364999555,1426,4960.53,-92.6,-3.5,-104.6,2.33,-3.63,-0.35,-0.04,-0.84,0.23,-216.3,-46.9,-26.0,1.36,1.14,3.44,3.49,0.8718371407550839,4.327620593351502,0.1739095807453327,0.28,0,16,3.0
17.327547686999424,1427,4960.54,-92.4,-3.5,-105.0,2.19,-3.92,-0.28,-0.03,-0.79,0.21,-216.7,-35.1,55.0,1.37,0.88,3.56,3.49,0.8179853299418028,4.498988775269393,0.2232061637274415,0.28,0,16,3.0
17.33838815299987,1428,4960.55,-92.1,-3.4,-105.4,2.0,-4.08,-0.18,-0.03,-0.77,0.19,-217.1,-33.9,0.0,1.38,0.98,3.47,3.49,0.7936623967405789,4.547394858597612,0.2425785149900921,0.28,0,16,0.0
17.347689250999792,1429,4960.56,-91.9,-3.5,-105.8,1.71,-4.13,-0.06,-0.04,-0.79,0.17,-217.4,-35.5,35.0,1.39,0.81,3.17,3.49,0.8090735442467515,4.470413851088062,0.2226240201342412,0.28,0,16,0.0
17.358285534999595,1430,4960.57,-91.7,-3.5,-106.2,1.52,-4.07,0.02,-0.05,-0.83,0.16,-217.7,-34.8,-232.0,1.4,1.96,0.64,0.0,0.8467585252006619,4.344617359446054,0.1812402583967242,0.28,0,16,0.0
17.367367443999683,1431,4960.58,-91.6,-3.5,-106.6,1.04,-3.93,-0.12,-0.05,-0.93,0.13,-218.8,-140.2,-824.0,1.44,5.08,0.04,0.0,0.9403722667114338,4.067050528331311,0.0858739865482332,0.28,0,16,0.0
17.378138072999718,1432,4960.59,-91.5,-3.5,-107.0,0.47,-3.82,-0.5,-0.05,-0.95,0.13,-220.8,-226.2,-736.0,1.5,6.88,0.18,0.0,0.9601562372864116,3.881146737756768,0.06476821565379032,0.28,0,16,0.0
17.388243562999378,1433,4960.6,-91.4,-3.4,-107.4,-0.06,-3.69,-0.82,0.01,-0.94,0.1,-223.4,-276.4,-520.0,1.58,7.94,0.16,0.0,0.9453570753953238,3.7804893863096614,0.07797602999398068,0.28,0,16,0.0
17.399865505999514,1434,4960.61,-91.5,-3.3,-107.7,-0.58,-3.52,-1.15,0.07,-0.98,0.07,-226.4,-301.2,-279.0,1.66,8.29,0.0,0.0,0.9849873095629201,3.7482395867927116,0.03757887990985653,0.28,0,16,0.0
17.411772284999643,1435,4960.62,-91.5,-3.2,-108.1,-1.14,-3.35,-1.53,0.11,-0.99,0.05,-229.4,-302.8,-63.0,1.75,8.11,0.03,0.0,0.9973464794142505,3.8552561523198428,0.024715315857355757,0.28,0,16,0.0
17.419797963999372,1436,4960.63,-91.6,-3.0,-108.4,-1.39,-3.07,-1.95,0.13,-1.03,0.01,-232.4,-287.6,116.0,1.82,7.51,-0.08,0.0,1.0382196299434912,3.89352025806981,0.015834677978447287,0.28,0,16,0.0
17.427843024999675,1437,4960.64,-91.8,-2.8,-108.7,-1.4,-2.92,-2.09,0.13,-0.98,0.03,-235.0,-257.7,268.0,1.89,6.54,-0.21,0.0,0.9890399385262457,3.854153603581466,0.032678113170022116,0.28,0,16,0.0
17.438329461999274,1438,4960.65,-91.9,-2.6,-109.0,-1.3,-2.84,-2.11,0.12,-0.98,0.03,-237.3,-215.4,396.0,1.95,5.25,-0.31,0.0,0.9877752780870758,3.769310281735904,0.03326391813700813,0.28,0,16,0.0
17.447804785999324,1439,4960.66,-92.0,-2.4,-109.3,-0.92,-2.82,-2.15,0.1,-0.96,0.05,-239.1,-166.5,456.0,1.99,3.93,0.04,0.0,0.9664884893261791,3.6635092466104133,0.053459692759946664,0.28,0,16,0.0
17.458494190999772,1440,4960.67,-92.1,-2.2,-109.6,-0.58,-2.86,-2.05,0.06,-0.92,0.07,-240.5,-118.1,480.0,2.02,2.59,-0.31,0.0,0.924608025057105,3.5663006042676773,0.09343335388844032,0.28,0,16,0.0
17.467323961999682,1441,4960.68,-92.1,-2.0,-109.9,-0.4,-2.99,-1.88,0.03,-0.89,0.09,-241.3,-69.5,474.0,2.04,1.31,-0.05,0.0,0.8950418984606252,3.55450418483366,0.12053949087522176,0.28,0,16,0.0
17.478543808999348,1442,4960.69,-92.1,-1.9,-110.2,-0.44,-3.15,-1.65,0.0,-0.9,0.09,-241.7,-21.5,479.0,2.04,0.0,0.03,0.0,0.9044888059008801,3.583099217158241,0.10887073176626749,0.28,0,16,0.0
17.487659638999503,1443,4960.7,-92.1,-1.7,-110.5,-0.61,-3.29,-1.43,0.0,-0.94,0.07,-241.6,20.3,398.0,2.04,-0.93,-0.11,0.0,0.9426027795418386,3.6388322302628904,0.06934162296280277,0.28,0,16,0.0
17.49852940599976,1444,4960.71,-92.1,-1.6,-110.9,-0.7,-3.4,-1.23,0.0,-0.99,0.05,-241.2,50.8,329.0,2.02,-1.72,0.15,0.0,0.9912618221237011,3.6827842728023046,0.020268928773321537,0.28,0,16,0.0
17.507539983999777,1445,4960.72,-92.1,-1.5,-111.2,-0.5,-3.55,-1.04,0.0,-1.02,0.06,-240.5,79.5,300.0,2.0,-2.51,-0.06,0.0,1.0217631819555841,3.732840741312171,0.01002778243739022,0.28,0,16,0.0
17.51849157200013,1446,4960.73,-92.1,-1.4,-111.6,-0.09,-3.77,-0.91,0.01,-1.02,0.06,-239.5,107.0,275.0,1.97,-3.21,0.27,0.0,1.0218121158021176,3.8793169501859475,0.009875181958245216,0.28,0,16,0.0
17.527757234999626,1447,4960.74,-92.0,-1.3,-112.0,0.18,-4.03,-0.8,0.01,-1.0,0.05,-238.2,133.5,275.0,1.93,-3.98,-0.05,0.0,1.0012991560967182,4.112578266732441,0.010425022192211086,0.28,0,16,0.0
17.538450821999504,1448,4960.75,-92.0,-1.2,-112.4,0.26,-4.15,-0.71,0.03,-0.96,0.02,-236.7,162.3,281.0,1.89,-4.75,-0.09,0.0,0.9606768447297978,4.218317200021829,0.050026386887948915,0.28,0,16,0.0
17.547866825999336,1449,4960.76,-91.9,-1.1,-112.8,0.22,-4.17,-0.7,0.04,-0.96,0.0,-234.9,188.3,258.0,1.83,-5.4,0.0,0.0,0.9608329719571451,4.234064241364318,0.04887285446738954,0.28,0,16,0.0
17.558322343999862,1450,4960.77,-91.9,-1.0,-113.3,0.14,-4.08,-0.76,0.06,-0.95,-0.01,-232.8,212.5,244.0,1.77,-6.05,-0.02,0.0,0.951945376584182,4.152541390522194,0.05660524084354568,0.28,0,16,0.0
17.567688114999328,1451,4960.78,-91.8,-0.9,-113.7,-0.03,-3.89,-0.84,0.08,-0.94,-0.03,-230.5,236.5,241.0,1.71,-6.72,-0.06,0.0,0.9438749917229505,3.979773862922365,0.06338211319068154,0.28,0,16,0.0
17.578519161999793,1452,4960.79,-91.9,-0.8,-114.0,-0.18,-3.64,-0.88,0.11,-0.93,-0.05,-228.0,260.9,245.0,1.64,-7.39,-0.01,0.0,0.9378166132032425,3.7491865784460505,0.06805168187618171,0.28,0,16,0.0
17.587568777999877,1453,4960.8,-91.9,-0.7,-114.4,-0.36,-3.36,-0.82,0.13,-0.91,-0.06,-225.2,285.5,246.0,1.56,-8.07,-0.01,0.0,0.9211948762341224,3.4772978014544567,0.08297995046839568,0.28,0,16,0.0
17.59836665199964,1454,4960.81,-91.9,-0.6,-114.7,-0.55,-3.07,-0.75,0.16,-0.9,-0.07,-222.2,309.7,248.0,1.47,-8.74,-0.16,0.0,0.9167878707749137,3.207787399439059,0.08563921680905229,0.28,0,16,0.0
17.607368076000057,1455,4960.82,-92.0,-0.6,-115.0,-0.76,-2.75,-0.67,0.17,-0.9,-0.09,-218.9,338.3,282.0,1.38,-9.56,-0.25,0.0,0.9203260291874832,2.9306995751867846,0.0804590372285533,0.28,0,16,0.0
17.61831418299971,1456,4960.83,-92.1,-0.5,-115.3,-0.96,-2.4,-0.57,0.17,-0.9,-0.09,-215.3,363.9,234.0,1.28,-10.1,-0.06,0.0,0.9203260291874832,2.6469794105734934,0.07884985648398224,0.28,0,16,0.0
17.627691994999623,1457,4960.84,-92.2,-0.5,-115.5,-1.13,-2.07,-0.45,0.15,-0.9,-0.1,-211.6,384.5,239.0,1.18,-10.78,-0.01,0.0,0.917877987534291,2.4008956662045935,0.07967194017443102,0.28,0,16,0.0
17.638490624999577,1458,4960.85,-92.3,-0.4,-115.7,-1.21,-1.77,-0.34,0.13,-0.9,-0.11,-207.5,410.9,234.0,1.06,-11.39,-0.13,0.0,0.9159694318043589,2.1708523671590383,0.07994888598627581,0.28,0,16,0.0
17.6476607959994,1459,4960.86,-92.4,-0.4,-115.8,-1.13,-1.47,-0.24,0.12,-0.91,-0.13,-203.3,427.5,200.0,0.95,-11.9,-0.07,0.0,0.9270382947861432,1.8695988874622276,0.06750242254440164,0.28,0,16,0.0
17.658288373999312,1460,4960.87,-92.5,-0.4,-116.0,-1.01,-1.19,-0.16,0.11,-0.91,-0.12,-198.8,455.7,261.0,0.82,-12.71,-0.06,0.0,0.9244457799135654,1.5690124282490563,0.06869303866863985,0.28,0,16,0.0
17.667684078000093,1461,4960.88,-92.6,-0.4,-116.1,-0.95,-0.98,-0.03,0.11,-0.92,-0.13,-194.1,477.6,214.0,0.69,-13.2,-0.22,0.0,0.9356281312572854,1.3652106064633396,0.056360473578421444,0.28,0,16,0.0
17.678527708999354,1462,4960.89,-92.7,-0.4,-116.2,-0.79,-0.76,0.1,0.11,-0.94,-0.14,-189.2,499.5,232.0,0.55,-13.88,-0.14,0.0,0.9567131231461183,1.10077245605075,0.034569972055796705,0.28,0,16,0.0
17.68762812099976,1463,4960.9,-92.8,-0.4,-116.2,-0.44,-0.49,0.28,0.13,-0.95,-0.16,-184.0,526.6,287.0,0.41,-14.76,0.05,0.0,0.972111104761179,0.7156116265125938,0.018788550631921308,0.28,0,16,0.0
17.698408260999713,1464,4960.91,-92.8,-0.5,-116.3,-0.1,-0.19,0.51,0.15,-0.95,-0.16,-178.5,553.5,193.0,0.26,-15.09,0.08,0.0,0.9749871794028883,0.5533534132902769,0.015594226470407868,0.28,0,16,0.0
17.707539283999722,1465,4960.92,-92.8,-0.5,-116.3,0.21,0.09,0.78,0.19,-0.93,-0.16,-173.0,560.4,135.0,0.1,-15.4,0.06,0.0,0.9626006440887104,0.8127730310486441,0.02742114654889405,0.28,0,16,0.0
17.71842919199935,1466,4960.93,-92.7,-0.6,-116.2,0.24,0.43,0.95,0.17,-0.96,-0.16,-167.3,564.7,47.0,-0.04,-15.38,-0.2,0.0,0.9879777325425912,1.0700467279516348,0.0020031769331129157,0.28,0,16,0.0
17.7274030210001,1467,4960.94,-92.7,-0.7,-116.2,0.2,0.78,1.04,0.18,-0.93,-0.16,-161.6,566.3,-70.0,-0.19,-14.97,0.03,0.0,0.9606768447297979,1.3152946437965907,0.028717983450988194,0.28,0,16,0.0
17.73813707299996,1468,4960.95,-92.7,-0.8,-116.1,0.65,1.1,1.31,0.27,-0.87,-0.17,-156.3,509.1,-520.0,-0.33,-12.83,0.22,0.0,0.9266606714434362,1.8299180309511134,0.06147947360260286,0.28,0,16,0.0
17.748345572999824,1469,4960.96,-92.6,-1.0,-115.9,0.73,1.5,1.52,0.23,-0.93,-0.17,-151.8,422.0,-769.0,-0.44,-10.35,0.38,0.0,0.9729850975220536,2.2568340656769603,0.014851946573505748,0.28,0,16,0.0
17.758197725999707,1470,4960.97,-92.6,-1.1,-115.7,-0.01,2.08,1.54,0.12,-1.0,-0.2,-148.2,336.6,-778.0,-0.53,-8.26,0.35,0.0,1.0268398122394748,2.588068778065993,0.03822271278103717,0.28,0,16,0.0
17.768256178999764,1471,4960.98,-92.6,-1.3,-115.5,-0.6,2.5,1.35,0.04,-1.04,-0.17,-145.3,266.0,-708.0,-0.6,-6.44,0.24,0.0,1.0545615202537972,2.903876719146321,0.06462553237945234,0.28,0,16,0.0
17.779771857000014,1472,4960.99,-92.7,-1.4,-115.2,-0.45,2.53,1.24,0.0,-1.02,-0.11,-143.1,201.7,-658.0,-0.65,-4.72,0.28,0.0,1.0259142264341596,2.8532437680646914,0.035258673788618466,0.28,0,16,0.0
17.787513713999942,1473,4961.0,-92.8,-1.5,-115.0,0.02,2.42,1.3,0.0,-0.97,-0.12,-141.5,144.0,-579.0,-0.69,-3.28,0.05,0.0,0.9773944955850733,2.747143971472919,0.01299583591925857,0.28,0,16,0.0
17.79845113400006,1474,4961.01,-92.8,-1.6,-114.7,0.27,2.36,1.45,0.02,-0.93,-0.15,-140.7,106.9,-652.0,-0.71,-2.05,0.24,0.0,0.9422313940853383,2.782984010015149,0.04719575867061365,0.28,0,16,0.0
17.80721964499935,1475,4961.02,-92.8,-1.7,-114.5,0.19,2.38,1.56,0.05,-0.92,-0.15,-139.8,55.9,-531.0,-0.72,-0.89,0.16,0.0,0.9334880824091971,2.8520343616443333,0.05482028893981972,0.28,0,16,0.0
17.819635893999475,1476,4961.03,-92.8,-1.9,-114.2,-0.02,2.45,1.56,0.07,-0.94,-0.14,-139.5,13.3,-413.0,-0.73,0.05,0.06,0.0,0.9529428104561154,2.904565371961871,0.034658249675043384,0.28,0,16,0.0
17.827403428999787,1477,4961.04,-92.8,-2.0,-114.0,-0.16,2.52,1.53,0.09,-0.96,-0.14,-139.6,-6.9,-216.0,-0.72,0.19,0.1,0.0,0.9743202758846805,2.9524396691549857,0.013015168561548718,0.28,0,16,0.0
17.8382571129996,1478,4961.05,-92.8,-2.1,-113.7,-0.08,2.62,1.55,0.1,-0.97,-0.13,-139.6,-2.2,-17.0,-0.72,-0.03,-0.22,0.0,0.9837682653958706,3.045209352409125,0.003495835469351505,0.28,0,16,0.0
17.847856184999728,1479,4961.06,-92.8,-2.3,-113.4,0.05,2.73,1.6,0.12,-0.99,-0.13,-139.6,2.4,-2.0,-0.72,-0.02,0.01,0.0,1.00568384694197,3.1647116772306445,0.018051351155212947,0.28,0,16,0.0
17.85846116799985,1480,4961.07,-92.9,-2.4,-113.2,0.15,2.85,1.56,0.11,-0.99,-0.14,-139.6,-1.0,-16.0,-0.72,0.03,-0.01,0.0,1.0058826969383656,3.2524759799266776,0.01788519712857639,0.28,0,16,0.0
17.867298659999506,1481,4961.08,-92.8,-2.6,-112.9,0.16,2.98,1.54,0.1,-0.96,-0.15,-139.6,0.3,8.0,-0.72,-0.03,-0.12,0.0,0.9767804256842988,3.358213810941763,0.010992732642980618,0.28,0,16,0.0
17.878438344999267,1482,4961.09,-92.9,-2.7,-112.5,0.01,3.16,1.56,0.08,-0.95,-0.17,-139.6,-1.0,-19.0,-0.72,0.07,-0.03,0.0,0.9684007434941384,3.524102722679917,0.018984966536478187,0.28,0,16,0.0
17.887801269999727,1483,4961.1,-92.9,-2.8,-112.2,-0.14,3.4,1.58,0.06,-0.96,-0.17,-139.6,-4.8,-33.0,-0.72,0.19,0.09,0.0,0.9767804256842988,3.7517995682072356,0.010393178659391489,0.28,0,16,0.0
17.898624796999684,1484,4961.11,-92.9,-3.0,-111.8,-0.18,3.54,1.52,0.05,-0.98,-0.17,-139.7,-10.9,-60.0,-0.72,0.38,0.18,0.0,0.9958915603618699,3.856734369904155,0.00854359689781603,0.28,0,16,0.0
17.907478155999343,1485,4961.12,-92.9,-3.1,-111.5,-0.18,3.64,1.39,0.06,-1.01,-0.19,-139.9,-19.8,-96.0,-0.71,0.71,0.09,0.0,1.029465880930495,3.9005256056075317,0.04127555911711245,0.28,0,16,0.0
17.918609168999865,1486,4961.13,-93.0,-3.2,-111.1,-0.22,3.79,1.2,0.05,-0.99,-0.2,-140.2,-33.5,-117.0,-0.7,1.06,0.06,0.0,1.011236866416568,3.9815198103236913,0.022585613711121777,0.28,0,16,0.0
17.927814253999713,1487,4961.14,-93.0,-3.3,-110.7,-0.36,3.87,1.09,0.03,-0.97,-0.18,-140.6,-47.5,-142.0,-0.69,1.5,-0.07,0.0,0.9870157040290696,4.036657032743802,0.0016028377028491914,0.28,0,16,0.0
17.93848122899999,1488,4961.15,-93.1,-3.4,-110.3,-0.28,3.82,1.03,0.02,-0.94,-0.16,-141.2,-66.2,-185.0,-0.67,2.07,0.07,0.0,0.9537295214053091,3.9663207132051235,0.03419123992007744,0.28,0,16,0.0
17.947740405999866,1489,4961.16,-93.1,-3.5,-109.9,-0.19,3.76,1.01,0.03,-0.94,-0.15,-142.0,-86.2,-179.0,-0.65,2.54,0.02,0.0,0.9523654760647301,3.8979225236015145,0.03484417955544328,0.28,0,16,0.0
17.95858237199991,1490,4961.17,-93.2,-3.6,-109.5,-0.66,3.8,0.8,0.0,-1.06,-0.14,-143.0,-96.5,-92.0,-0.62,2.64,-0.23,0.0,1.0692053123698928,3.9389846407418245,0.08035574361472508,0.28,0,16,0.0
17.967682823999894,1491,4961.18,-93.4,-3.6,-109.2,-1.38,3.66,0.32,-0.04,-1.13,-0.05,-143.9,-97.3,-48.0,-0.59,2.7,0.2,0.0,1.1318127053536728,3.924589150471677,0.140103873866535,0.28,0,16,0.0
17.978586094000093,1492,4961.19,-93.5,-3.5,-108.8,-1.15,3.17,-0.01,-0.01,-1.14,0.01,-145.0,-110.1,-146.0,-0.56,3.28,0.0,0.0,1.1400877159236475,3.372165476366781,0.14541130674777947,0.28,0,16,0.0
17.98771935900004,1493,4961.2,-93.6,-3.5,-108.5,-0.38,2.6,-0.14,-0.01,-1.12,-0.03,-146.3,-132.8,-180.0,-0.53,3.81,0.06,0.0,1.120446339634344,2.6313494636782853,0.12325453184930646,0.28,0,16,0.0
17.998529339000015,1494,4961.21,-93.6,-3.4,-108.3,-0.14,2.31,-0.19,-0.08,-1.11,-0.1,-147.7,-144.3,-115.0,-0.49,4.02,0.09,0.0,1.1173629669896887,2.32202497833249,0.11776773602055812,0.28,0,16,0.0
18.007576136999887,1495,4961.22,-93.6,-3.4,-108.1,-0.24,2.09,-0.34,-0.13,-1.09,-0.06,-149.1,-146.5,-34.0,-0.45,3.95,0.16,0.0,1.0993634521849451,2.131032613546775,0.09777285679149816,0.28,0,16,0.0
18.019809626000097,1496,4961.23,-93.6,-3.4,-107.9,-0.14,1.62,-0.54,-0.15,-1.11,0.03,-150.6,-143.3,9.0,-0.41,3.86,-0.37,0.0,1.120490963818986,1.713359273474189,0.11652236105702829,0.28,0,16,0.0
18.027788022000095,1497,4961.24,-93.7,-3.3,-107.8,0.02,1.0,-0.78,-0.18,-1.14,0.09,-152.0,-138.3,39.0,-0.37,3.69,0.1,0.0,1.1576268828944842,1.2683847996566342,0.150585114529876,0.28,0,16,0.0
18.038589115999457,1498,4961.25,-93.7,-3.2,-107.7,0.07,0.36,-1.05,-0.2,-1.19,0.09,-153.3,-130.1,75.0,-0.33,3.41,-0.19,0.0,1.2100413216084813,1.1122050170719426,0.19893956217899555,0.28,0,16,0.0
18.04782560700005,1499,4961.26,-93.6,-3.1,-107.7,0.22,-0.4,-1.46,-0.24,-1.23,0.13,-154.5,-117.8,120.0,-0.3,3.01,-0.2,0.0,1.2599206324209473,1.5297058540778354,0.2438424955316323,0.28,0,16,0.0
18.058607625999684,1500,4961.27,-93.6,-2.9,-107.8,0.35,-1.13,-1.81,-0.26,-1.25,0.13,-155.6,-102.0,148.0,-0.28,2.55,-0.03,0.0,1.2833549781724463,2.1622904522750868,0.2619313044574687,0.28,0,16,0.0
18.06766906699977,1501,4961.28,-93.6,-2.7,-108.0,0.37,-1.84,-2.08,-0.24,-1.25,0.12,-156.5,-83.5,179.0,-0.25,2.02,-0.09,0.0,1.2784756548327387,2.8015888349292086,0.25191094149540594,0.28,0,16,0.0
18.078424569999697,1502,4961.29,-93.5,-2.5,-108.2,0.58,-2.5,-2.28,-0.18,-1.23,0.07,-157.2,-65.8,178.0,-0.24,1.54,0.03,0.0,1.2450702791409005,3.4328996489848054,0.21413545448749627,0.28,0,16,0.0
18.087850590000016,1503,4961.3,-93.4,-2.3,-108.5,0.82,-2.81,-2.36,-0.09,-1.2,0.02,-157.7,-47.0,180.0,-0.23,1.06,-0.17,0.0,1.203536455617361,3.7600664887738353,0.16914959834467758,0.28,0,16,0.0
18.0985175779997,1504,4961.31,-93.3,-2.1,-108.8,0.71,-2.83,-2.33,0.01,-1.14,-0.01,-158.1,-32.1,146.0,-0.22,0.74,0.01,0.0,1.1400877159236475,3.7338853758518082,0.10358684147794506,0.28,0,16,0.0
18.10778924599981,1505,4961.32,-93.2,-1.8,-109.1,0.39,-2.68,-2.04,0.11,-1.07,-0.05,-158.4,-25.1,79.0,-0.21,0.63,-0.04,0.0,1.0768008172359453,3.3905899191733586,0.03949394393443795,0.28,0,16,0.0
18.118551550999655,1506,4961.33,-93.2,-1.7,-109.4,0.2,-2.32,-1.53,0.22,-1.05,-0.09,-158.6,-21.0,51.0,-0.2,0.54,0.06,0.0,1.0765686229869418,2.786269907959385,0.03847651469172564,0.28,0,16,0.0
18.12760272000014,1507,4961.34,-93.2,-1.6,-109.6,0.14,-1.73,-0.91,0.3,-1.06,-0.1,-158.8,-21.4,0.0,-0.2,0.64,0.01,0.0,1.1061645447219868,1.959744881355734,0.06671098769823525,0.28,0,16,0.0
18.13855488899935,1508,4961.35,-93.1,-1.5,-109.7,0.34,-1.16,-0.32,0.32,-1.08,-0.07,-159.0,-26.0,-30.0,-0.19,0.77,0.16,0.0,1.128583182578936,1.250439922587247,0.08734703304408087,0.28,0,16,0.0
18.147732475999874,1509,4961.36,-93.1,-1.5,-109.8,0.58,-0.52,0.16,0.28,-1.07,-0.08,-159.3,-33.4,-67.0,-0.18,1.01,-0.01,0.0,1.1089183919477574,0.7952358140828417,0.06632859756464415,0.28,0,16,0.0
18.158359458999257,1510,4961.37,-93.0,-1.6,-109.8,0.73,0.1,0.52,0.21,-1.04,-0.06,-159.7,-42.6,-85.0,-0.17,1.27,0.07,0.0,1.06268527796333,0.9018314698434513,0.019693573908612372,0.28,0,16,0.0
18.16762504899998,1511,4961.38,-92.9,-1.6,-109.8,0.76,0.69,0.78,0.15,-1.0,-0.03,-160.2,-50.4,-73.0,-0.16,1.44,0.04,0.0,1.011632344283238,1.2892245731446481,0.0307321725760501,0.28,0,16,0.0
18.17845026299983,1512,4961.39,-92.9,-1.7,-109.7,0.68,1.16,0.94,0.09,-0.98,0.01,-160.8,-57.2,-71.0,-0.14,1.64,-0.16,0.0,0.9841747812253675,1.6406096427852666,0.057025940921242246,0.28,0,16,0.0
18.18781597999987,1513,4961.4,-92.8,-1.8,-109.5,0.62,1.41,1.07,0.03,-0.95,0.06,-161.4,-63.3,-59.0,-0.12,1.78,-0.19,0.0,0.9523654760647301,1.8754732736032256,0.08705854116024214,0.28,0,16,0.0
18.198385863000112,1514,4961.41,-92.7,-1.9,-109.4,0.54,1.55,1.23,0.01,-0.92,0.06,-162.0,-68.1,-52.0,-0.1,1.93,0.0,0.0,0.9220086767487604,2.0510972673181542,0.11506703366668758,0.28,0,16,0.0
18.207127486999525,1515,4961.42,-92.7,-2.0,-109.2,0.41,1.62,1.39,-0.01,-0.93,0.08,-162.8,-74.0,-54.0,-0.08,2.08,0.33,0.0,0.9334880824091971,2.173614501239813,0.10151587544612584,0.28,0,16,0.0
18.21854512199934,1516,4961.43,-92.7,-2.2,-109.0,0.35,1.6,1.47,-0.02,-0.93,0.09,-163.6,-79.3,-54.0,-0.06,2.22,0.09,0.0,0.9345587193964862,2.200772591614136,0.0984363336896601,0.28,0,16,0.0
18.22746806899977,1517,4961.44,-92.6,-2.3,-108.9,0.36,1.63,1.5,-0.03,-0.91,0.09,-164.4,-82.8,-37.0,-0.04,2.28,0.15,0.0,0.9149316914393119,2.2442147847298397,0.11570209441389767,0.28,0,16,0.0
18.238670015000025,1518,4961.45,-92.6,-2.5,-108.7,0.44,1.67,1.49,-0.02,-0.88,0.09,-165.2,-85.0,-24.0,-0.02,2.33,-0.14,0.0,0.8848163651289458,2.280920866667671,0.14290107230977855,0.28,0,16,0.0
18.247818934999486,1519,4961.46,-92.6,-2.6,-108.5,0.45,1.78,1.46,0.0,-0.86,0.1,-166.1,-87.6,-29.0,0.0,2.42,-0.08,0.0,0.8657944328765345,2.34574082114798,0.15868454447094604,0.28,0,16,0.0
18.25858596299986,1520,4961.47,-92.5,-2.7,-108.3,0.37,1.94,1.33,0.0,-0.86,0.1,-167.0,-88.8,-9.0,0.02,2.41,0.0,0.0,0.8657944328765345,2.3810501884672655,0.15551085358152716,0.28,0,16,0.0
18.26781538799969,1521,4961.48,-92.5,-2.8,-108.1,0.17,2.15,1.15,0.0,-0.84,0.1,-167.9,-89.4,-6.0,0.05,2.43,-0.15,0.0,0.845931439302264,2.4441562961480185,0.17186637021268159,0.28,0,16,0.0
18.278603456999917,1522,4961.49,-92.5,-2.9,-107.9,-0.06,2.33,0.99,-0.01,-0.86,0.12,-168.8,-89.1,4.0,0.07,2.39,-0.06,0.0,0.8683893136145792,2.532311197305734,0.146420325982359,0.28,0,16,0.0
18.287696035999943,1523,4961.5,-92.6,-3.0,-107.6,-0.15,2.47,0.77,-0.03,-0.89,0.13,-169.6,-83.5,55.0,0.09,2.15,-0.01,0.0,0.899944442729661,2.591582528109032,0.11256789292993163,0.28,0,16,0.0
18.298472798999683,1524,4961.51,-92.6,-3.1,-107.4,-0.15,2.53,0.58,-0.05,-0.92,0.14,-170.4,-74.3,77.0,0.11,1.93,-0.04,0.0,0.9319334740205439,2.5999615381770553,0.07896728440626777,0.28,0,16,0.0
18.307797597999524,1525,4961.52,-92.6,-3.1,-107.1,-0.06,2.56,0.4,-0.06,-0.95,0.14,-171.1,-63.7,100.0,0.13,1.59,-0.13,0.0,0.9621330469326994,2.591756161370124,0.047792357264230034,0.28,0,16,0.0
18.31853697799943,1526,4961.53,-92.6,-3.1,-106.9,0.06,2.5,0.22,-0.07,-0.95,0.14,-171.6,-53.1,106.0,0.14,1.29,-0.07,0.0,0.9628083921528727,2.5103784575238848,0.04617467180317547,0.28,0,16,0.0
18.3318167110001,1527,4961.54,-92.6,-3.1,-106.6,0.12,2.42,0.12,-0.08,-0.95,0.13,-172.1,-40.8,111.0,0.15,0.97,-0.01,0.0,0.9621850133939938,2.4259431155738174,0.04586208955081328,0.28,0,16,0.0
18.33986243399977,1528,4961.55,-92.6,-3.1,-106.4,0.07,2.35,0.1,-0.08,-0.94,0.11,-172.4,-31.1,101.0,0.16,0.73,-0.01,0.0,0.949789450352024,2.3531680772949475,0.05709249954092732,0.28,0,16,0.0
18.347720262999246,1529,4961.56,-92.6,-3.1,-106.1,-0.09,2.33,0.13,-0.08,-0.95,0.09,-172.7,-21.3,97.0,0.17,0.48,-0.06,0.0,0.957601169589929,2.335358644833808,0.048295164696961934,0.28,0,16,0.0
18.358523851999962,1530,4961.57,-92.7,-3.1,-105.9,-0.16,2.29,0.15,-0.07,-0.97,0.08,-172.8,-16.8,46.0,0.17,0.44,-0.06,0.0,0.9758073580374356,2.3004782111552373,0.029487196724466314,0.28,0,16,0.0
18.368758413999785,1531,4961.58,-92.7,-3.2,-105.7,-0.15,2.31,0.18,-0.07,-0.98,0.07,-173.0,-17.0,6.0,0.18,0.48,-0.04,0.0,0.9849873095629201,2.321852708506722,0.01990110029500214,0.28,0,16,0.0
18.378774058999625,1532,4961.59,-92.6,-3.2,-105.5,-0.17,2.31,0.21,-0.06,-0.99,0.06,-173.2,-18.1,-12.0,0.18,0.54,-0.03,0.0,0.9936297097007517,2.3257471917644015,0.011033526154027196,0.28,0,16,0.0
18.38768599299965,1533,4961.6,-92.6,-3.2,-105.2,-0.36,2.31,0.29,-0.06,-1.01,0.05,-173.4,-21.5,-26.0,0.19,0.63,0.1,0.0,1.013015300970326,2.3558013498595334,0.008185023813236159,0.28,0,16,0.0
18.398550911999337,1534,4961.61,-92.6,-3.2,-105.0,-0.61,2.29,0.43,-0.07,-1.03,0.03,-173.6,-26.3,-57.0,0.2,0.82,0.01,0.0,1.032811696293182,2.4085472800009553,0.027421790753370257,0.28,0,16,0.0
18.407715626000027,1535,4961.62,-92.7,-3.3,-104.8,-0.78,2.29,0.61,-0.08,-1.05,0.01,-174.0,-34.8,-77.0,0.21,1.07,0.23,0.0,1.0530906893520615,2.494914828205564,0.04674676813600476,0.28,0,16,0.0
18.418742697999733,1536,4961.63,-92.7,-3.4,-104.5,-0.67,2.35,0.76,-0.09,-1.07,0.0,-174.4,-44.1,-78.0,0.22,1.27,-0.06,0.0,1.0737783756436894,2.5591014047903613,0.06608576533908006,0.28,0,16,0.0
18.42780736399982,1537,4961.64,-92.8,-3.4,-104.3,-0.37,2.47,0.89,-0.09,-1.05,-0.02,-174.9,-50.6,-65.0,0.23,1.44,0.31,0.0,1.0540398474441086,2.651395858788348,0.045420292396709305,0.28,0,16,0.0
18.438677481999548,1538,4961.65,-92.8,-3.5,-104.0,-0.24,2.58,1.02,-0.09,-1.02,-0.03,-175.4,-58.3,-78.0,0.25,1.68,0.0,0.0,1.0244022647378324,2.7846723326093503,0.015467055496624305,0.28,0,16,0.0
18.44779338399985,1539,4961.66,-92.8,-3.6,-103.8,-0.25,2.7,1.1,-0.08,-1.01,-0.02,-176.1,-66.9,-85.0,0.27,1.93,0.02,0.0,1.0133607452432722,2.9261749776799064,0.004337025282022955,0.28,0,16,0.0
18.458610810999744,1540,4961.67,-92.9,-3.8,-103.5,-0.28,2.79,1.12,-0.08,-1.01,-0.01,-176.8,-76.2,-89.0,0.29,2.17,0.0,0.0,1.0132127121192271,3.0194204741969943,0.004105212314818196,0.28,0,16,0.0
18.46781459199974,1541,4961.68,-92.9,-3.9,-103.2,-0.28,2.85,1.14,-0.08,-0.99,0.0,-177.6,-81.9,-56.0,0.31,2.27,-0.2,0.0,0.9932270636667125,3.0822881111278355,0.015562827414942526,0.28,0,16,0.0
18.478488248999383,1542,4961.69,-92.9,-4.0,-102.9,-0.18,2.93,1.12,-0.07,-0.98,0.0,-178.4,-85.7,-43.0,0.33,2.37,0.2,0.0,0.9824968193332739,3.1419261608128224,0.025767210313413447,0.28,0,16,0.0
18.487878360999275,1543,4961.7,-92.9,-4.1,-102.6,-0.05,2.96,1.09,-0.08,-0.97,0.0,-179.3,-89.0,-41.0,0.36,2.46,0.01,0.0,0.9732933781753578,3.154710763287183,0.03427123844190294,0.28,0,16,0.0
18.498478626999713,1544,4961.71,-92.9,-4.2,-102.3,0.04,2.97,1.05,-0.08,-0.95,0.0,-180.2,-89.6,-3.0,0.38,2.41,-0.16,0.0,0.953362470417207,3.150396800404673,0.0531181032760526,0.28,0,16,0.0
18.50789843199982,1545,4961.72,-92.9,-4.3,-102.0,0.04,2.98,1.02,-0.09,-0.94,-0.01,-181.1,-87.1,18.0,0.41,2.33,0.04,0.0,0.9443516294262428,3.149984126944134,0.060886365381676466,0.28,0,16,0.0
18.518460816999323,1546,4961.73,-92.9,-4.4,-101.7,0.0,2.97,0.99,-0.09,-0.93,0.0,-182.0,-84.1,28.0,0.43,2.24,-0.07,0.0,0.9343446901438462,3.1306548835666956,0.06947543857079153,0.28,0,16,0.0
18.52788481599964,1547,4961.74,-92.9,-4.5,-101.4,0.06,2.98,0.93,-0.1,-0.93,0.0,-182.8,-77.3,65.0,0.45,1.99,-0.01,0.0,0.9353608929178086,3.1223228532616547,0.06709005108089272,0.28,0,16,0.0
18.538496420999763,1548,4961.75,-92.9,-4.6,-101.1,0.18,2.91,0.85,-0.12,-0.92,0.0,-183.5,-69.5,74.0,0.47,1.78,-0.03,0.0,0.9277930803794562,3.0369392486515108,0.07316470634686023,0.28,0,16,0.0
18.547700843999337,1549,4961.76,-92.8,-4.7,-100.8,0.33,2.8,0.74,-0.13,-0.93,0.01,-184.1,-61.2,83.0,0.48,1.54,-0.22,0.0,0.939095309327014,2.9148756405719953,0.0606252278513163,0.28,0,16,0.0
18.558524131000013,1550,4961.77,-92.8,-4.8,-100.5,0.36,2.68,0.63,-0.15,-0.92,0.0,-184.7,-53.0,84.0,0.5,1.32,-0.08,0.0,0.932148056909416,2.7764905906557655,0.06622103066353602,0.28,0,16,0.0
18.56787692799935,1551,4961.78,-92.8,-4.9,-100.3,0.35,2.59,0.49,-0.16,-0.92,0.0,-185.1,-41.7,110.0,0.51,0.98,-0.25,0.0,0.9338094023943002,2.659078787851161,0.06326849147507885,0.28,0,16,0.0
18.578494839000086,1552,4961.79,-92.7,-4.9,-100.0,0.28,2.42,0.33,-0.16,-0.94,0.0,-185.5,-29.3,110.0,0.52,0.69,-0.14,0.0,0.9535197952848173,2.4583937845674764,0.042686936612870485,0.28,0,16,0.0
18.587520093999956,1553,4961.8,-92.7,-5.0,-99.8,0.26,2.26,0.15,-0.17,-0.95,-0.01,-185.7,-19.4,106.0,0.52,0.39,-0.01,0.0,0.9651424765287248,2.279846486059971,0.030442970261583824,0.28,0,16,0.0
18.5986055329995,1554,4961.81,-92.7,-5.0,-99.6,0.31,2.08,-0.01,-0.16,-0.97,-0.01,-185.8,-9.9,93.0,0.52,0.16,0.07,0.0,0.9831581764904364,2.102997860198626,0.012178724893874837,0.28,0,16,0.0
18.607695103999504,1555,4961.82,-92.6,-5.1,-99.4,0.38,1.92,-0.2,-0.16,-0.99,-0.02,-185.8,-2.1,72.0,0.52,0.0,-0.1,0.0,1.0030453628824572,1.9674348782107123,0.007554292268183049,0.28,0,16,0.0
18.6186656509999,1556,4961.83,-92.6,-5.1,-99.2,0.52,1.75,-0.36,-0.15,-0.99,-0.03,-185.9,0.1,26.0,0.52,0.0,0.11,0.0,1.0017484714238398,1.8607794065928396,0.006132252793374371,0.28,0,16,0.0
18.627736256999924,1557,4961.84,-92.6,-5.1,-99.0,0.58,1.59,-0.49,-0.14,-0.99,-0.03,-185.9,-1.5,-5.0,0.52,0.07,-0.13,0.0,1.000299955013495,1.7619875141441836,0.004590061655368904,0.28,0,16,0.0
18.638405973999397,1558,4961.85,-92.5,-5.0,-98.9,0.58,1.44,-0.58,-0.14,-0.99,-0.03,-185.9,-3.5,-19.0,0.53,0.14,0.13,0.0,1.000299955013495,1.6572265988693278,0.004498260422261535,0.28,0,16,0.0
18.647676799999317,1559,4961.86,-92.5,-5.0,-98.7,0.6,1.31,-0.66,-0.13,-1.0,-0.04,-186.0,-9.6,-61.0,0.53,0.38,0.0,0.0,1.0092076099594176,1.5848343762046557,0.013137797060820411,0.28,0,16,0.0
18.65848176399959,1560,4961.87,-92.4,-4.9,-98.6,0.64,1.19,-0.73,-0.12,-1.0,-0.03,-186.1,-16.0,-45.0,0.53,0.47,0.08,0.0,1.0076209604806758,1.5357734207883662,0.011320124630437078,0.28,0,16,0.0
18.667732774999422,1561,4961.88,-92.3,-4.9,-98.5,0.65,1.1,-0.79,-0.11,-1.01,-0.03,-186.3,-18.0,-27.0,0.54,0.51,0.01,0.0,1.0164152694642086,1.50219838902856,0.01971214494169038,0.28,0,16,0.0
18.678550366999843,1562,4961.89,-92.3,-4.8,-98.4,0.68,1.03,-0.89,-0.1,-1.02,-0.03,-186.5,-22.3,-43.0,0.54,0.66,0.02,0.0,1.025329215423027,1.5216438479486585,0.028053569082498564,0.28,0,16,0.0
18.687767998999334,1563,4961.9,-92.2,-4.7,-98.3,0.71,0.91,-1.03,-0.1,-1.01,-0.02,-186.7,-26.2,-41.0,0.55,0.77,0.02,0.0,1.0151354589413177,1.5469647701224485,0.017502616348773592,0.28,0,16,0.0
