t_s,timestamp,state,phase,phase_progress,belt_length,belt_velocity,target_belt_length,profile,assist_gain,force_n,assist_force_n,impedance_force_n,current_a,saturated,faults
0.0202,163.5400,INIT,STANCE,,-68.800,-12.300,-68.800,0.0000,0.0000,0.0185,0.0000,0.0185,0.0000,1,
0.0283,163.5500,INIT,STANCE,,-69.000,-14.500,-69.000,0.0000,0.0000,0.0218,0.0000,0.0218,0.0000,1,
0.0402,163.5600,INIT,STANCE,,-69.100,-12.800,-69.100,0.0000,0.0000,0.0192,0.0000,0.0192,0.0000,1,
0.0483,163.5700,INIT,STANCE,,-69.200,-8.900,-69.200,0.0000,0.0000,0.0134,0.0000,0.0134,0.0000,1,
0.0603,163.5800,INIT,STANCE,,-69.300,-4.500,-69.300,0.0000,0.0000,0.0067,0.0000,0.0067,0.0000,1,
0.0683,163.5900,INIT,STANCE,,-69.300,-2.000,-69.300,0.0000,0.0000,0.0030,0.0000,0.0030,0.0000,1,
0.0802,163.6000,INIT,STANCE,,-69.300,-0.800,-69.300,0.0000,0.0000,0.0012,0.0000,0.0012,0.0000,1,
0.0883,163.6100,INIT,STANCE,,-69.300,-0.600,-69.300,0.0000,0.0000,0.0009,0.0000,0.0009,0.0000,1,
0.1002,163.6200,INIT,STANCE,,-69.300,-0.500,-69.300,0.0000,0.0000,0.0008,0.0000,0.0008,0.0000,1,
0.1082,163.6300,INIT,STANCE,,-69.300,-0.800,-69.300,0.0000,0.0000,0.0012,0.0000,0.0012,0.0000,1,
0.1202,163.6400,INIT,STANCE,,-69.300,-1.000,-69.300,0.0000,0.0000,0.0015,0.0000,0.0015,0.0000,1,
0.1284,163.6500,INIT,STANCE,,-69.300,-1.600,-69.300,0.0000,0.0000,0.0024,0.0000,0.0024,0.0000,1,
0.1403,163.6600,INIT,STANCE,,-69.400,-2.000,-69.400,0.0000,0.0000,0.0030,0.0000,0.0030,0.0000,1,
0.1483,163.6700,INIT,STANCE,,-69.400,-2.600,-69.400,0.0000,0.0000,0.0039,0.0000,0.0039,0.0000,1,
0.1603,163.6800,INIT,STANCE,,-69.400,-1.500,-69.400,0.0000,0.0000,0.0023,0.0000,0.0023,0.0000,1,
0.1683,163.6900,INIT,STANCE,,-69.400,-0.700,-69.400,0.0000,0.0000,0.0010,0.0000,0.0010,0.0000,1,
0.1803,163.7000,INIT,STANCE,,-69.400,0.000,-69.400,0.0000,0.0000,0.0000,0.0000,0.0000,0.0000,0,
0.1883,163.7100,INIT,STANCE,,-69.400,0.000,-69.400,0.0000,0.0000,0.0000,0.0000,0.0000,0.0000,0,
0.2003,163.7200,INIT,STANCE,,-69.400,0.000,-69.400,0.0000,0.0000,0.0000,0.0000,0.0000,0.0000,0,
0.2083,163.7300,INIT,STANCE,,-69.400,0.000,-69.400,0.0000,0.0000,0.0000,0.0000,0.0000,0.0000,0,
0.2203,163.7400,INIT,STANCE,,-69.400,0.100,-69.400,0.0000,0.0000,-0.0002,0.0000,-0.0002,0.0000,0,
0.2283,163.7500,INIT,STANCE,,-69.400,-0.100,-69.400,0.0000,0.0000,0.0002,0.0000,0.0002,0.0000,1,
0.2403,163.7600,INIT,STANCE,,-69.400,0.100,-69.400,0.0000,0.0000,-0.0002,0.0000,-0.0002,0.0000,0,
0.2483,163.7700,INIT,STANCE,,-69.400,0.000,-69.400,0.0000,0.0000,0.0000,0.0000,0.0000,0.0000,0,
0.2602,163.7800,INIT,STANCE,,-69.400,0.000,-69.400,0.0000,0.0000,0.0000,0.0000,0.0000,0.0000,0,
0.2682,163.7900,INIT,STANCE,,-69.400,0.000,-69.400,0.0000,0.0000,0.0000,0.0000,0.0000,0.0000,0,
0.2804,163.8000,INIT,STANCE,,-69.400,0.000,-69.400,0.0000,0.0000,0.0000,0.0000,0.0000,0.0000,0,
0.2883,163.8100,INIT,STANCE,,-69.400,-0.100,-69.400,0.0000,0.0000,0.0002,0.0000,0.0002,0.0000,1,
0.3002,163.8200,INIT,STANCE,,-69.400,0.100,-69.400,0.0000,0.0000,-0.0002,0.0000,-0.0002,0.0000,0,
0.3082,163.8300,INIT,STANCE,,-69.400,0.000,-69.400,0.0000,0.0000,0.0000,0.0000,0.0000,0.0000,0,
0.3202,163.8400,INIT,STANCE,,-69.400,0.000,-69.400,0.0000,0.0000,0.0000,0.0000,0.0000,0.0000,0,
0.3282,163.8500,INIT,STANCE,,-69.400,0.000,-69.400,0.0000,0.0000,0.0000,0.0000,0.0000,0.0000,0,
0.3402,163.8600,INIT,STANCE,,-69.400,0.100,-69.400,0.0000,0.0000,-0.0002,0.0000,-0.0002,0.0000,0,
0.3483,163.8700,INIT,STANCE,,-69.400,0.000,-69.400,0.0000,0.0000,0.0000,0.0000,0.0000,0.0000,0,
0.3601,163.8800,INIT,STANCE,,-69.400,0.000,-69.400,0.0000,0.0000,0.0000,0.0000,0.0000,0.0000,0,
0.3683,163.8900,INIT,STANCE,,-69.400,0.000,-69.400,0.0000,0.0000,0.0000,0.0000,0.0000,0.0000,0,
0.3802,163.9000,INIT,STANCE,,-69.400,0.000,-69.400,0.0000,0.0000,0.0000,0.0000,0.0000,0.0000,0,
0.3883,163.9100,INIT,STANCE,,-69.400,0.200,-69.400,0.0000,0.0000,-0.0003,0.0000,-0.0003,0.0000,0,
0.4042,163.9200,INIT,STANCE,,-69.400,0.000,-69.400,0.0000,0.0000,0.0000,0.0000,0.0000,0.0000,0,
0.4123,163.9300,INIT,STANCE,,-69.400,0.100,-69.400,0.0000,0.0000,-0.0002,0.0000,-0.0002,0.0000,0,
0.4243,163.9400,INIT,STANCE,,-69.400,0.000,-69.400,0.0000,0.0000,0.0000,0.0000,0.0000,0.0000,0,
0.4322,163.9500,INIT,STANCE,,-69.400,0.000,-69.400,0.0000,0.0000,0.0000,0.0000,0.0000,0.0000,0,
0.4443,163.9600,INIT,STANCE,,-69.400,0.200,-69.400,0.0000,0.0000,-0.0003,0.0000,-0.0003,0.0000,0,
0.4523,163.9700,INIT,STANCE,,-69.400,0.000,-69.400,0.0000,0.0000,0.0000,0.0000,0.0000,0.0000,0,
0.4642,163.9800,INIT,STANCE,,-69.400,0.100,-69.400,0.0000,0.0000,-0.0002,0.0000,-0.0002,0.0000,0,
0.4720,163.9900,INIT,STANCE,,-69.400,0.200,-69.400,0.0000,0.0000,-0.0003,0.0000,-0.0003,0.0000,0,
0.4802,164.0000,INIT,STANCE,,-69.400,0.200,-69.400,0.0000,0.0000,-0.0003,0.0000,-0.0003,0.0000,0,
0.4923,164.0100,INIT,STANCE,,-69.400,0.300,-69.400,0.0000,0.0000,-0.0004,0.0000,-0.0004,0.0000,0,
0.5043,164.0200,INIT,STANCE,,-69.400,-0.400,-69.400,0.0000,0.0000,0.0006,0.0000,0.0006,0.0000,1,
0.5123,164.0300,INIT,STANCE,,-69.400,0.000,-69.400,0.0000,0.0000,0.0000,0.0000,0.0000,0.0000,0,
0.5243,164.0400,INIT,STANCE,,-69.400,0.500,-69.400,0.0000,0.0000,-0.0008,0.0000,-0.0008,0.0000,0,
0.5322,164.0500,INIT,STANCE,,-69.400,-0.400,-69.400,0.0000,0.0000,0.0006,0.0000,0.0006,0.0000,1,
0.5443,164.0600,INIT,STANCE,,-69.400,0.100,-69.400,0.0000,0.0000,-0.0002,0.0000,-0.0002,0.0000,0,
0.5523,164.0700,INIT,STANCE,,-69.400,0.800,-69.400,0.0000,0.0000,-0.0012,0.0000,-0.0012,0.0000,0,
0.5643,164.0800,INIT,STANCE,,-69.400,-0.400,-69.400,0.0000,0.0000,0.0006,0.0000,0.0006,0.0000,1,
0.5721,164.0900,INIT,STANCE,,-69.400,0.000,-69.400,0.0000,0.0000,0.0000,0.0000,0.0000,0.0000,0,
0.5842,164.1000,INIT,STANCE,,-69.400,0.100,-69.400,0.0000,0.0000,-0.0002,0.0000,-0.0002,0.0000,0,
0.5963,164.1100,INIT,STANCE,,-69.400,-0.100,-69.400,0.0000,0.0000,0.0002,0.0000,0.0002,0.0000,1,
0.6043,164.1200,INIT,STANCE,,-69.400,0.200,-69.400,0.0000,0.0000,-0.0003,0.0000,-0.0003,0.0000,0,
0.6163,164.1300,INIT,STANCE,,-69.400,0.000,-69.400,0.0000,0.0000,0.0000,0.0000,0.0000,0.0000,0,
0.6243,164.1400,INIT,STANCE,,-69.400,-0.100,-69.400,0.0000,0.0000,0.0002,0.0000,0.0002,0.0000,1,
0.6363,164.1500,INIT,STANCE,,-69.400,0.000,-69.400,0.0000,0.0000,0.0000,0.0000,0.0000,0.0000,0,
0.6443,164.1600,INIT,STANCE,,-69.400,0.000,-69.400,0.0000,0.0000,0.0000,0.0000,0.0000,0.0000,0,
0.6563,164.1700,INIT,STANCE,,-69.400,-0.100,-69.400,0.0000,0.0000,0.0002,0.0000,0.0002,0.0000,1,
0.6683,164.1800,INIT,STANCE,,-69.400,-0.100,-69.400,0.0000,0.0000,0.0002,0.0000,0.0002,0.0000,1,
0.6763,164.1900,INIT,STANCE,,-69.400,0.000,-69.400,0.0000,0.0000,0.0000,0.0000,0.0000,0.0000,0,
0.6883,164.2000,INIT,STANCE,,-69.400,0.300,-69.400,0.0000,0.0000,-0.0004,0.0000,-0.0004,0.0000,0,
0.6962,164.2100,INIT,STANCE,,-69.400,-0.300,-69.400,0.0000,0.0000,0.0004,0.0000,0.0004,0.0000,1,
0.7083,164.2200,INIT,STANCE,,-69.400,0.100,-69.400,0.0000,0.0000,-0.0002,0.0000,-0.0002,0.0000,0,
0.7163,164.2300,INIT,STANCE,,-69.400,0.000,-69.400,0.0000,0.0000,0.0000,0.0000,0.0000,0.0000,0,
0.7283,164.2400,INIT,STANCE,,-69.400,-0.200,-69.400,0.0000,0.0000,0.0003,0.0000,0.0003,0.0000,1,
0.7363,164.2500,INIT,STANCE,,-69.400,0.200,-69.400,0.0000,0.0000,-0.0003,0.0000,-0.0003,0.0000,0,
0.7483,164.2600,INIT,STANCE,,-69.400,-0.200,-69.400,0.0000,0.0000,0.0003,0.0000,0.0003,0.0000,1,
0.7563,164.2700,INIT,STANCE,,-69.400,0.000,-69.400,0.0000,0.0000,0.0000,0.0000,0.0000,0.0000,0,
0.7683,164.2800,INIT,STANCE,,-69.400,0.200,-69.400,0.0000,0.0000,-0.0003,0.0000,-0.0003,0.0000,0,
0.7763,164.2900,INIT,STANCE,,-69.400,0.000,-69.400,0.0000,0.0000,0.0000,0.0000,0.0000,0.0000,0,
0.7883,164.3000,INIT,STANCE,,-69.400,-0.300,-69.400,0.0000,0.0000,0.0004,0.0000,0.0004,0.0000,1,
0.7963,164.3100,INIT,STANCE,,-69.400,0.300,-69.400,0.0000,0.0000,-0.0004,0.0000,-0.0004,0.0000,0,
0.8082,164.3200,INIT,STANCE,,-69.400,-0.300,-69.400,0.0000,0.0000,0.0004,0.0000,0.0004,0.0000,1,
0.8163,164.3300,INIT,STANCE,,-69.400,0.300,-69.400,0.0000,0.0000,-0.0004,0.0000,-0.0004,0.0000,0,
0.8283,164.3400,INIT,STANCE,,-69.400,-0.400,-69.400,0.0000,0.0000,0.0006,0.0000,0.0006,0.0000,1,
0.8363,164.3500,INIT,STANCE,,-69.400,0.200,-69.400,0.0000,0.0000,-0.0003,0.0000,-0.0003,0.0000,0,
0.8483,164.3600,INIT,STANCE,,-69.400,-0.100,-69.400,0.0000,0.0000,0.0002,0.0000,0.0002,0.0000,1,
0.8563,164.3700,INIT,STANCE,,-69.400,0.000,-69.400,0.0000,0.0000,0.0000,0.0000,0.0000,0.0000,0,
0.8683,164.3800,INIT,STANCE,,-69.400,0.000,-69.400,0.0000,0.0000,0.0000,0.0000,0.0000,0.0000,0,
0.8763,164.3900,INIT,STANCE,,-69.400,0.100,-69.400,0.0000,0.0000,-0.0002,0.0000,-0.0002,0.0000,0,
0.8883,164.4000,INIT,STANCE,,-69.400,-0.200,-69.400,0.0000,0.0000,0.0003,0.0000,0.0003,0.0000,1,
0.8963,164.4100,INIT,STANCE,,-69.400,0.100,-69.400,0.0000,0.0000,-0.0002,0.0000,-0.0002,0.0000,0,
0.9082,164.4200,INIT,STANCE,,-69.400,0.000,-69.400,0.0000,0.0000,0.0000,0.0000,0.0000,0.0000,0,
0.9162,164.4300,INIT,STANCE,,-69.400,0.000,-69.400,0.0000,0.0000,0.0000,0.0000,0.0000,0.0000,0,
0.9283,164.4400,INIT,STANCE,,-69.400,-0.100,-69.400,0.0000,0.0000,0.0002,0.0000,0.0002,0.0000,1,
0.9363,164.4500,INIT,STANCE,,-69.400,0.100,-69.400,0.0000,0.0000,-0.0002,0.0000,-0.0002,0.0000,0,
0.9483,164.4600,INIT,STANCE,,-69.400,0.100,-69.400,0.0000,0.0000,-0.0002,0.0000,-0.0002,0.0000,0,
0.9563,164.4700,INIT,STANCE,,-69.400,-0.100,-69.400,0.0000,0.0000,0.0002,0.0000,0.0002,0.0000,1,
0.9683,164.4800,INIT,STANCE,,-69.400,0.200,-69.400,0.0000,0.0000,-0.0003,0.0000,-0.0003,0.0000,0,
0.9763,164.4900,INIT,STANCE,,-69.400,-0.100,-69.400,0.0000,0.0000,0.0002,0.0000,0.0002,0.0000,1,
0.9883,164.5000,INIT,STANCE,,-69.400,0.000,-69.400,0.0000,0.0000,0.0000,0.0000,0.0000,0.0000,0,
0.9963,164.5100,INIT,STANCE,,-69.400,0.000,-69.400,0.0000,0.0000,0.0000,0.0000,0.0000,0.0000,0,
1.0083,164.5200,INIT,STANCE,,-69.400,0.000,-69.400,0.0000,0.0000,0.0000,0.0000,0.0000,0.0000,0,
1.0161,164.5300,INIT,STANCE,,-69.400,0.000,-69.400,0.0000,0.0000,0.0000,0.0000,0.0000,0.0000,0,
1.0283,164.5400,INIT,STANCE,,-69.400,0.100,-69.400,0.0000,0.0000,-0.0002,0.0000,-0.0002,0.0000,0,
1.0363,164.5500,INIT,STANCE,,-69.400,0.000,-69.400,0.0000,0.0000,0.0000,0.0000,0.0000,0.0000,0,
1.0483,164.5600,INIT,STANCE,,-69.400,0.000,-69.400,0.0000,0.0000,0.0000,0.0000,0.0000,0.0000,0,
1.0562,164.5700,INIT,STANCE,,-69.400,-0.200,-69.400,0.0000,0.0000,0.0003,0.0000,0.0003,0.0000,1,
1.0682,164.5800,INIT,STANCE,,-69.400,0.200,-69.400,0.0000,0.0000,-0.0003,0.0000,-0.0003,0.0000,0,
1.0762,164.5900,INIT,STANCE,,-69.400,0.000,-69.400,0.0000,0.0000,0.0000,0.0000,0.0000,0.0000,0,
1.0881,164.6000,INIT,STANCE,,-69.400,0.000,-69.400,0.0000,0.0000,0.0000,0.0000,0.0000,0.0000,0,
1.1003,164.6100,INIT,STANCE,,-69.400,0.000,-69.400,0.0000,0.0000,0.0000,0.0000,0.0000,0.0000,0,
1.1083,164.6200,INIT,STANCE,,-69.400,0.100,-69.400,0.0000,0.0000,-0.0002,0.0000,-0.0002,0.0000,0,
1.1203,164.6300,INIT,STANCE,,-69.400,0.000,-69.400,0.0000,0.0000,0.0000,0.0000,0.0000,0.0000,0,
1.1282,164.6400,INIT,STANCE,,-69.400,0.000,-69.400,0.0000,0.0000,0.0000,0.0000,0.0000,0.0000,0,
1.1402,164.6500,INIT,STANCE,,-69.400,0.000,-69.400,0.0000,0.0000,0.0000,0.0000,0.0000,0.0000,0,
1.1483,164.6600,INIT,STANCE,,-69.400,0.000,-69.400,0.0000,0.0000,0.0000,0.0000,0.0000,0.0000,0,
1.1603,164.6700,INIT,STANCE,,-69.400,0.000,-69.400,0.0000,0.0000,0.0000,0.0000,0.0000,0.0000,0,
1.1683,164.6800,INIT,STANCE,,-69.400,0.000,-69.400,0.0000,0.0000,0.0000,0.0000,0.0000,0.0000,0,
1.1803,164.6900,INIT,STANCE,,-69.400,0.000,-69.400,0.0000,0.0000,0.0000,0.0000,0.0000,0.0000,0,
1.1883,164.7000,INIT,STANCE,,-69.400,0.000,-69.400,0.0000,0.0000,0.0000,0.0000,0.0000,0.0000,0,
1.2003,164.7100,INIT,STANCE,,-69.400,0.000,-69.400,0.0000,0.0000,0.0000,0.0000,0.0000,0.0000,0,
1.2083,164.7200,INIT,STANCE,,-69.400,0.000,-69.400,0.0000,0.0000,0.0000,0.0000,0.0000,0.0000,0,
1.2203,164.7300,INIT,STANCE,,-69.400,-0.500,-69.400,0.0000,0.0000,0.0008,0.0000,0.0008,0.0000,1,
1.2281,164.7400,INIT,STANCE,,-69.400,0.300,-69.400,0.0000,0.0000,-0.0004,0.0000,-0.0004,0.0000,0,
1.2403,164.7500,INIT,STANCE,,-69.400,-0.100,-69.400,0.0000,0.0000,0.0002,0.0000,0.0002,0.0000,1,
1.2483,164.7600,INIT,STANCE,,-69.400,0.100,-69.400,0.0000,0.0000,-0.0002,0.0000,-0.0002,0.0000,0,
1.2603,164.7700,INIT,STANCE,,-69.400,0.000,-69.400,0.0000,0.0000,0.0000,0.0000,0.0000,0.0000,0,
1.2681,164.7800,INIT,STANCE,,-69.400,0.000,-69.400,0.0000,0.0000,0.0000,0.0000,0.0000,0.0000,0,
1.2803,164.7900,INIT,STANCE,,-69.400,0.100,-69.400,0.0000,0.0000,-0.0002,0.0000,-0.0002,0.0000,0,
1.2883,164.8000,INIT,STANCE,,-69.400,-0.100,-69.400,0.0000,0.0000,0.0002,0.0000,0.0002,0.0000,1,
1.3003,164.8100,INIT,STANCE,,-69.400,0.100,-69.400,0.0000,0.0000,-0.0002,0.0000,-0.0002,0.0000,0,
1.3082,164.8200,INIT,STANCE,,-69.400,0.000,-69.400,0.0000,0.0000,0.0000,0.0000,0.0000,0.0000,0,
1.3203,164.8300,INIT,STANCE,,-69.400,0.700,-69.400,0.0000,0.0000,-0.0010,0.0000,-0.0010,0.0000,0,
1.3283,164.8400,INIT,STANCE,,-69.400,1.600,-69.400,0.0000,0.0000,-0.0024,0.0000,-0.0024,0.0000,0,
1.3402,164.8500,INIT,STANCE,,-69.400,1.600,-69.400,0.0000,0.0000,-0.0024,0.0000,-0.0024,0.0000,0,
1.3482,164.8600,INIT,STANCE,,-69.300,4.400,-69.300,0.0000,0.0000,-0.0066,0.0000,-0.0066,0.0000,0,
1.3602,164.8700,INIT,STANCE,,-69.200,11.300,-69.200,0.0000,0.0000,-0.0169,0.0000,-0.0169,0.0000,0,
1.3683,164.8800,INIT,STANCE,,-69.100,17.500,-69.100,0.0000,0.0000,-0.0262,0.0000,-0.0262,0.0000,0,
1.3803,164.8900,INIT,STANCE,,-68.900,20.000,-68.900,0.0000,0.0000,-0.0300,0.0000,-0.0300,0.0000,0,
1.3883,164.9000,INIT,STANCE,,-68.700,21.000,-68.700,0.0000,0.0000,-0.0315,0.0000,-0.0315,0.0000,0,
1.4003,164.9100,INIT,STANCE,,-68.400,23.900,-68.400,0.0000,0.0000,-0.0358,0.0000,-0.0358,0.0000,0,
1.4083,164.9200,INIT,STANCE,,-68.200,29.900,-68.200,0.0000,0.0000,-0.0449,0.0000,-0.0449,0.0000,0,
1.4203,164.9300,INIT,STANCE,,-67.800,33.400,-67.800,0.0000,0.0000,-0.0501,0.0000,-0.0501,0.0000,0,
1.4283,164.9400,INIT,STANCE,,-67.500,33.100,-67.500,0.0000,0.0000,-0.0497,0.0000,-0.0497,0.0000,0,
1.4403,164.9500,INIT,STANCE,,-67.200,29.100,-67.200,0.0000,0.0000,-0.0437,0.0000,-0.0437,0.0000,0,
1.4483,164.9600,INIT,STANCE,,-67.000,21.900,-67.000,0.0000,0.0000,-0.0328,0.0000,-0.0328,0.0000,0,
1.4602,164.9700,INIT,STANCE,,-66.800,12.300,-66.800,0.0000,0.0000,-0.0185,0.0000,-0.0185,0.0000,0,
1.4683,164.9800,INIT,STANCE,,-66.800,0.100,-66.800,0.0000,0.0000,-0.0002,0.0000,-0.0002,0.0000,0,
1.4803,164.9900,INIT,STANCE,,-66.800,-2.700,-66.800,0.0000,0.0000,0.0041,0.0000,0.0041,0.0000,1,
1.4883,165.0000,INIT,STANCE,,-66.800,-1.000,-66.800,0.0000,0.0000,0.0015,0.0000,0.0015,0.0000,1,
1.5003,165.0100,INIT,STANCE,,-66.800,1.600,-66.800,0.0000,0.0000,-0.0024,0.0000,-0.0024,0.0000,0,
1.5082,165.0200,INIT,STANCE,,-66.800,-1.300,-66.800,0.0000,0.0000,0.0020,0.0000,0.0020,0.0000,1,
1.5203,165.0300,INIT,STANCE,,-66.800,0.700,-66.800,0.0000,0.0000,-0.0010,0.0000,-0.0010,0.0000,0,
1.5282,165.0400,INIT,STANCE,,-66.800,-0.200,-66.800,0.0000,0.0000,0.0003,0.0000,0.0003,0.0000,1,
1.5403,165.0500,INIT,STANCE,,-66.800,-0.700,-66.800,0.0000,0.0000,0.0010,0.0000,0.0010,0.0000,1,
1.5482,165.0600,INIT,STANCE,,-66.800,0.700,-66.800,0.0000,0.0000,-0.0010,0.0000,-0.0010,0.0000,0,
1.5603,165.0700,INIT,STANCE,,-66.800,0.700,-66.800,0.0000,0.0000,-0.0010,0.0000,-0.0010,0.0000,0,
1.5683,165.0800,INIT,STANCE,,-66.800,0.400,-66.800,0.0000,0.0000,-0.0006,0.0000,-0.0006,0.0000,0,
1.5803,165.0900,INIT,STANCE,,-66.800,0.600,-66.800,0.0000,0.0000,-0.0009,0.0000,-0.0009,0.0000,0,
1.5883,165.1000,INIT,STANCE,,-66.800,0.300,-66.800,0.0000,0.0000,-0.0004,0.0000,-0.0004,0.0000,0,
1.6003,165.1100,INIT,STANCE,,-66.800,0.600,-66.800,0.0000,0.0000,-0.0009,0.0000,-0.0009,0.0000,0,
1.6083,165.1200,INIT,STANCE,,-66.800,0.400,-66.800,0.0000,0.0000,-0.0006,0.0000,-0.0006,0.0000,0,
1.6203,165.1300,INIT,STANCE,,-66.700,0.500,-66.700,0.0000,0.0000,-0.0008,0.0000,-0.0008,0.0000,0,
1.6283,165.1400,INIT,STANCE,,-66.700,0.200,-66.700,0.0000,0.0000,-0.0003,0.0000,-0.0003,0.0000,0,
1.6403,165.1500,INIT,STANCE,,-66.700,0.000,-66.700,0.0000,0.0000,0.0000,0.0000,0.0000,0.0000,0,
1.6482,165.1600,INIT,STANCE,,-66.700,0.000,-66.700,0.0000,0.0000,0.0000,0.0000,0.0000,0.0000,0,
1.6602,165.1800,INIT,STANCE,,-66.700,0.000,-66.700,0.0000,0.0000,0.0000,0.0000,0.0000,0.0000,0,
1.6802,165.2000,INIT,STANCE,,-66.700,-0.100,-66.700,0.0000,0.0000,0.0002,0.0000,0.0002,0.0000,1,
1.6881,165.2100,INIT,STANCE,,-66.700,0.100,-66.700,0.0000,0.0000,-0.0002,0.0000,-0.0002,0.0000,0,
1.7082,165.2300,INIT,STANCE,,-66.700,0.000,-66.700,0.0000,0.0000,0.0000,0.0000,0.0000,0.0000,0,
1.7203,165.2400,INIT,STANCE,,-66.700,0.000,-66.700,0.0000,0.0000,0.0000,0.0000,0.0000,0.0000,0,
1.7402,165.2600,INIT,STANCE,,-66.700,0.700,-66.700,0.0000,0.0000,-0.0010,0.0000,-0.0010,0.0000,0,
1.7602,165.2800,INIT,STANCE,,-66.700,2.400,-66.700,0.0000,0.0000,-0.0036,0.0000,-0.0036,0.0000,0,
1.7803,165.3000,INIT,STANCE,,-66.500,12.900,-66.500,0.0000,0.0000,-0.0194,0.0000,-0.0194,0.0000,0,
1.8002,165.3200,INIT,STANCE,,-66.300,12.000,-66.300,0.0000,0.0000,-0.0180,0.0000,-0.0180,0.0000,0,
1.8202,165.3400,INIT,STANCE,,-66.000,11.600,-66.000,0.0000,0.0000,-0.0174,0.0000,-0.0174,0.0000,0,
1.8402,165.3600,INIT,STANCE,,-65.800,14.700,-65.800,0.0000,0.0000,-0.0221,0.0000,-0.0221,0.0000,0,
1.8602,165.3800,INIT,STANCE,,-65.400,16.500,-65.400,0.0000,0.0000,-0.0248,0.0000,-0.0248,0.0000,0,
1.8802,165.3900,INIT,STANCE,,-65.300,18.400,-65.300,0.0000,0.0000,-0.0276,0.0000,-0.0276,0.0000,0,
1.8882,165.4100,INIT,STANCE,,-64.900,18.500,-64.900,0.0000,0.0000,-0.0278,0.0000,-0.0278,0.0000,0,
1.9002,165.4200,INIT,STANCE,,-64.700,18.800,-64.700,0.0000,0.0000,-0.0282,0.0000,-0.0282,0.0000,0,
1.9082,165.4300,INIT,STANCE,,-64.500,16.800,-64.500,0.0000,0.0000,-0.0252,0.0000,-0.0252,0.0000,0,
1.9202,165.4400,INIT,STANCE,,-64.400,17.300,-64.400,0.0000,0.0000,-0.0260,0.0000,-0.0260,0.0000,0,
1.9402,165.4600,INIT,STANCE,,-64.100,5.200,-64.100,0.0000,0.0000,-0.0078,0.0000,-0.0078,0.0000,0,
1.9603,165.4800,INIT,STANCE,,-64.100,0.100,-64.100,0.0000,0.0000,-0.0002,0.0000,-0.0002,0.0000,0,
1.9801,165.5000,INIT,STANCE,,-64.100,0.000,-64.100,0.0000,0.0000,0.0000,0.0000,0.0000,0.0000,0,
2.0001,165.5200,INIT,STANCE,,-64.100,0.000,-64.100,0.0000,0.0000,0.0000,0.0000,0.0000,0.0000,0,
2.0202,165.5400,INIT,STANCE,,-64.100,-0.100,-64.100,0.0000,0.0000,0.0002,0.0000,0.0002,0.0000,1,
2.0402,165.5600,INIT,STANCE,,-64.100,0.000,-64.100,0.0000,0.0000,0.0000,0.0000,0.0000,0.0000,0,
2.0602,165.5700,INIT,STANCE,,-64.100,0.100,-64.100,0.0000,0.0000,-0.0002,0.0000,-0.0002,0.0000,0,
2.0682,165.5800,INIT,STANCE,,-64.100,0.000,-64.100,0.0000,0.0000,0.0000,0.0000,0.0000,0.0000,0,
2.0802,165.6000,INIT,STANCE,,-64.100,0.000,-64.100,0.0000,0.0000,0.0000,0.0000,0.0000,0.0000,0,
2.1002,165.6100,INIT,STANCE,,-64.100,0.000,-64.100,0.0000,0.0000,0.0000,0.0000,0.0000,0.0000,0,
2.1083,165.6200,INIT,STANCE,,-64.100,-0.300,-64.100,0.0000,0.0000,0.0004,0.0000,0.0004,0.0000,1,
2.1203,165.6300,INIT,STANCE,,-64.100,-0.500,-64.100,0.0000,0.0000,0.0008,0.0000,0.0008,0.0000,1,
2.1282,165.6400,INIT,STANCE,,-64.100,-0.400,-64.100,0.0000,0.0000,0.0006,0.0000,0.0006,0.0000,1,
2.1403,165.6500,INIT,STANCE,,-64.100,-0.400,-64.100,0.0000,0.0000,0.0006,0.0000,0.0006,0.0000,1,
2.1483,165.6600,INIT,STANCE,,-64.100,0.300,-64.100,0.0000,0.0000,-0.0004,0.0000,-0.0004,0.0000,0,
2.1603,165.6700,INIT,STANCE,,-64.100,-0.200,-64.100,0.0000,0.0000,0.0003,0.0000,0.0003,0.0000,1,
2.1681,165.6800,INIT,STANCE,,-64.100,-0.300,-64.100,0.0000,0.0000,0.0004,0.0000,0.0004,0.0000,1,
2.1803,165.6900,INIT,STANCE,,-64.100,0.000,-64.100,0.0000,0.0000,0.0000,0.0000,0.0000,0.0000,0,
2.1883,165.7000,INIT,STANCE,,-64.100,-0.100,-64.100,0.0000,0.0000,0.0002,0.0000,0.0002,0.0000,1,
2.2003,165.7100,INIT,STANCE,,-64.100,-0.100,-64.100,0.0000,0.0000,0.0002,0.0000,0.0002,0.0000,1,
2.2082,165.7200,INIT,STANCE,,-64.100,0.000,-64.100,0.0000,0.0000,0.0000,0.0000,0.0000,0.0000,0,
2.2203,165.7300,INIT,STANCE,,-64.100,0.100,-64.100,0.0000,0.0000,-0.0002,0.0000,-0.0002,0.0000,0,
2.2283,165.7400,INIT,STANCE,,-64.100,0.000,-64.100,0.0000,0.0000,0.0000,0.0000,0.0000,0.0000,0,
2.2403,165.7500,INIT,STANCE,,-64.100,0.000,-64.100,0.0000,0.0000,0.0000,0.0000,0.0000,0.0000,0,
2.2483,165.7600,INIT,STANCE,,-64.100,-0.200,-64.100,0.0000,0.0000,0.0003,0.0000,0.0003,0.0000,1,
2.2601,165.7700,INIT,STANCE,,-64.100,0.200,-64.100,0.0000,0.0000,-0.0003,0.0000,-0.0003,0.0000,0,
2.2683,165.7800,INIT,STANCE,,-64.100,-0.200,-64.100,0.0000,0.0000,0.0003,0.0000,0.0003,0.0000,1,
2.2803,165.7900,INIT,STANCE,,-64.100,0.000,-64.100,0.0000,0.0000,0.0000,0.0000,0.0000,0.0000,0,
2.2883,165.8000,INIT,STANCE,,-64.100,0.000,-64.100,0.0000,0.0000,0.0000,0.0000,0.0000,0.0000,0,
2.3003,165.8100,INIT,STANCE,,-64.100,0.100,-64.100,0.0000,0.0000,-0.0002,0.0000,-0.0002,0.0000,0,
2.3082,165.8200,INIT,STANCE,,-64.100,0.100,-64.100,0.0000,0.0000,-0.0002,0.0000,-0.0002,0.0000,0,
2.3202,165.8300,INIT,STANCE,,-64.100,0.000,-64.100,0.0000,0.0000,0.0000,0.0000,0.0000,0.0000,0,
2.3283,165.8400,INIT,STANCE,,-64.100,0.000,-64.100,0.0000,0.0000,0.0000,0.0000,0.0000,0.0000,0,
2.3403,165.8500,INIT,STANCE,,-64.100,0.000,-64.100,0.0000,0.0000,0.0000,0.0000,0.0000,0.0000,0,
2.3483,165.8600,INIT,STANCE,,-64.100,-0.100,-64.100,0.0000,0.0000,0.0002,0.0000,0.0002,0.0000,1,
2.3602,165.8700,INIT,STANCE,,-64.100,0.100,-64.100,0.0000,0.0000,-0.0002,0.0000,-0.0002,0.0000,0,
2.3723,165.8800,INIT,STANCE,,-64.100,-0.100,-64.100,0.0000,0.0000,0.0002,0.0000,0.0002,0.0000,1,
2.3843,165.9000,INIT,STANCE,,-64.100,-0.200,-64.100,0.0000,0.0000,0.0003,0.0000,0.0003,0.0000,1,
2.3923,165.9100,INIT,STANCE,,-64.100,0.300,-64.100,0.0000,0.0000,-0.0004,0.0000,-0.0004,0.0000,0,
2.4043,165.9200,INIT,STANCE,,-64.100,-0.100,-64.100,0.0000,0.0000,0.0002,0.0000,0.0002,0.0000,1,
2.4123,165.9300,INIT,STANCE,,-64.100,0.100,-64.100,0.0000,0.0000,-0.0002,0.0000,-0.0002,0.0000,0,
2.4243,165.9400,INIT,STANCE,,-64.100,0.100,-64.100,0.0000,0.0000,-0.0002,0.0000,-0.0002,0.0000,0,
2.4322,165.9500,INIT,STANCE,,-64.100,0.000,-64.100,0.0000,0.0000,0.0000,0.0000,0.0000,0.0000,0,
2.4443,165.9600,INIT,STANCE,,-64.100,0.100,-64.100,0.0000,0.0000,-0.0002,0.0000,-0.0002,0.0000,0,
2.4523,165.9700,INIT,STANCE,,-64.100,0.000,-64.100,0.0000,0.0000,0.0000,0.0000,0.0000,0.0000,0,
2.4643,165.9800,INIT,STANCE,,-64.100,0.000,-64.100,0.0000,0.0000,0.0000,0.0000,0.0000,0.0000,0,
2.4723,165.9900,INIT,STANCE,,-64.100,0.200,-64.100,0.0000,0.0000,-0.0003,0.0000,-0.0003,0.0000,0,
2.4843,166.0000,INIT,STANCE,,-64.100,0.000,-64.100,0.0000,0.0000,0.0000,0.0000,0.0000,0.0000,0,
2.4922,166.0100,INIT,STANCE,,-64.100,0.100,-64.100,0.0000,0.0000,-0.0002,0.0000,-0.0002,0.0000,0,
2.5043,166.0200,INIT,STANCE,,-64.100,-0.300,-64.100,0.0000,0.0000,0.0004,0.0000,0.0004,0.0000,1,
2.5122,166.0300,INIT,STANCE,,-64.100,-0.100,-64.100,0.0000,0.0000,0.0002,0.0000,0.0002,0.0000,1,
2.5243,166.0400,INIT,STANCE,,-64.100,-0.100,-64.100,0.0000,0.0000,0.0002,0.0000,0.0002,0.0000,1,
2.5323,166.0500,INIT,STANCE,,-64.200,-0.300,-64.200,0.0000,0.0000,0.0004,0.0000,0.0004,0.0000,1,
2.5443,166.0600,INIT,STANCE,,-64.200,0.000,-64.200,0.0000,0.0000,0.0000,0.0000,0.0000,0.0000,0,
2.5523,166.0700,INIT,STANCE,,-64.200,-0.300,-64.200,0.0000,0.0000,0.0004,0.0000,0.0004,0.0000,1,
2.5643,166.0800,INIT,STANCE,,-64.200,-0.600,-64.200,0.0000,0.0000,0.0009,0.0000,0.0009,0.0000,1,
2.5723,166.0900,INIT,STANCE,,-64.200,-0.500,-64.200,0.0000,0.0000,0.0008,0.0000,0.0008,0.0000,1,
2.5842,166.1000,INIT,STANCE,,-64.200,-0.600,-64.200,0.0000,0.0000,0.0009,0.0000,0.0009,0.0000,1,
2.5922,166.1100,INIT,STANCE,,-64.200,-0.600,-64.200,0.0000,0.0000,0.0009,0.0000,0.0009,0.0000,1,
2.6083,166.1200,INIT,STANCE,,-64.200,-0.300,-64.200,0.0000,0.0000,0.0004,0.0000,0.0004,0.0000,1,
2.6163,166.1300,INIT,STANCE,,-64.200,0.000,-64.200,0.0000,0.0000,0.0000,0.0000,0.0000,0.0000,0,
2.6323,166.1400,INIT,STANCE,,-64.200,-0.500,-64.200,0.0000,0.0000,0.0008,0.0000,0.0008,0.0000,1,
2.6403,166.1600,INIT,STANCE,,-64.200,-1.400,-64.200,0.0000,0.0000,0.0021,0.0000,0.0021,0.0000,1,
2.6523,166.1700,INIT,STANCE,,-64.200,-0.900,-64.200,0.0000,0.0000,0.0014,0.0000,0.0014,0.0000,1,
2.6603,166.1800,INIT,STANCE,,-64.200,-0.400,-64.200,0.0000,0.0000,0.0006,0.0000,0.0006,0.0000,1,
2.6723,166.1900,INIT,STANCE,,-64.200,-1.000,-64.200,0.0000,0.0000,0.0015,0.0000,0.0015,0.0000,1,
2.6803,166.2000,INIT,STANCE,,-64.300,-1.400,-64.300,0.0000,0.0000,0.0021,0.0000,0.0021,0.0000,1,
2.6923,166.2100,INIT,STANCE,,-64.300,-2.500,-64.300,0.0000,0.0000,0.0037,0.0000,0.0037,0.0000,1,
2.7003,166.2200,INIT,STANCE,,-64.300,-3.700,-64.300,0.0000,0.0000,0.0056,0.0000,0.0056,0.0000,1,
2.7123,166.2300,INIT,STANCE,,-64.400,-4.500,-64.400,0.0000,0.0000,0.0067,0.0000,0.0067,0.0000,1,
2.7203,166.2400,INIT,STANCE,,-64.400,-2.800,-64.400,0.0000,0.0000,0.0042,0.0000,0.0042,0.0000,1,
2.7323,166.2500,INIT,STANCE,,-64.400,-0.100,-64.400,0.0000,0.0000,0.0002,0.0000,0.0002,0.0000,1,
2.7402,166.2600,INIT,STANCE,,-64.400,-0.100,-64.400,0.0000,0.0000,0.0002,0.0000,0.0002,0.0000,1,
2.7523,166.2700,INIT,STANCE,,-64.400,-0.200,-64.400,0.0000,0.0000,0.0003,0.0000,0.0003,0.0000,1,
2.7603,166.2800,INIT,STANCE,,-64.400,0.000,-64.400,0.0000,0.0000,0.0000,0.0000,0.0000,0.0000,0,
2.7722,166.2900,INIT,STANCE,,-64.400,0.000,-64.400,0.0000,0.0000,0.0000,0.0000,0.0000,0.0000,0,
2.7803,166.3000,INIT,STANCE,,-64.400,-0.100,-64.400,0.0000,0.0000,0.0002,0.0000,0.0002,0.0000,1,
2.7922,166.3100,INIT,STANCE,,-64.400,0.000,-64.400,0.0000,0.0000,0.0000,0.0000,0.0000,0.0000,0,
2.8043,166.3200,INIT,STANCE,,-64.400,-0.200,-64.400,0.0000,0.0000,0.0003,0.0000,0.0003,0.0000,1,
2.8122,166.3300,INIT,STANCE,,-64.400,-0.600,-64.400,0.0000,0.0000,0.0009,0.0000,0.0009,0.0000,1,
2.8243,166.3400,INIT,STANCE,,-64.400,-0.800,-64.400,0.0000,0.0000,0.0012,0.0000,0.0012,0.0000,1,
2.8323,166.3500,INIT,STANCE,,-64.400,-1.100,-64.400,0.0000,0.0000,0.0017,0.0000,0.0017,0.0000,1,
2.8444,166.3600,INIT,STANCE,,-64.400,-0.500,-64.400,0.0000,0.0000,0.0008,0.0000,0.0008,0.0000,1,
2.8523,166.3700,INIT,STANCE,,-64.400,-1.000,-64.400,0.0000,0.0000,0.0015,0.0000,0.0015,0.0000,1,
2.8642,166.3800,INIT,STANCE,,-64.400,0.000,-64.400,0.0000,0.0000,0.0000,0.0000,0.0000,0.0000,0,
2.8723,166.3900,INIT,STANCE,,-64.400,0.000,-64.400,0.0000,0.0000,0.0000,0.0000,0.0000,0.0000,0,
2.8843,166.4000,INIT,STANCE,,-64.400,-0.300,-64.400,0.0000,0.0000,0.0004,0.0000,0.0004,0.0000,1,
2.8923,166.4100,INIT,STANCE,,-64.400,0.100,-64.400,0.0000,0.0000,-0.0002,0.0000,-0.0002,0.0000,0,
2.9043,166.4200,INIT,STANCE,,-64.400,0.000,-64.400,0.0000,0.0000,0.0000,0.0000,0.0000,0.0000,0,
2.9123,166.4300,INIT,STANCE,,-64.400,0.000,-64.400,0.0000,0.0000,0.0000,0.0000,0.0000,0.0000,0,
2.9243,166.4400,INIT,STANCE,,-64.400,0.100,-64.400,0.0000,0.0000,-0.0002,0.0000,-0.0002,0.0000,0,
2.9322,166.4500,INIT,STANCE,,-64.400,0.100,-64.400,0.0000,0.0000,-0.0002,0.0000,-0.0002,0.0000,0,
2.9443,166.4600,INIT,STANCE,,-64.400,0.600,-64.400,0.0000,0.0000,-0.0009,0.0000,-0.0009,0.0000,0,
2.9523,166.4700,INIT,STANCE,,-64.400,1.800,-64.400,0.0000,0.0000,-0.0027,0.0000,-0.0027,0.0000,0,
2.9643,166.4800,INIT,STANCE,,-64.400,3.100,-64.400,0.0000,0.0000,-0.0047,0.0000,-0.0047,0.0000,0,
2.9723,166.4900,INIT,STANCE,,-64.400,4.200,-64.400,0.0000,0.0000,-0.0063,0.0000,-0.0063,0.0000,0,
2.9843,166.5000,INIT,STANCE,,-64.300,3.900,-64.300,0.0000,0.0000,-0.0059,0.0000,-0.0059,0.0000,0,
2.9922,166.5100,INIT,STANCE,,-64.300,5.900,-64.300,0.0000,0.0000,-0.0089,0.0000,-0.0089,0.0000,0,
3.0043,166.5200,INIT,STANCE,,-64.200,11.500,-64.200,0.0000,0.0000,-0.0173,0.0000,-0.0173,0.0000,0,
3.0122,166.5300,INIT,STANCE,,-64.000,18.000,-64.000,0.0000,0.0000,-0.0270,0.0000,-0.0270,0.0000,0,
3.0242,166.5400,INIT,STANCE,,-63.800,28.200,-63.800,0.0000,0.0000,-0.0423,0.0000,-0.0423,0.0000,0,
3.0322,166.5500,INIT,STANCE,,-63.400,37.600,-63.400,0.0000,0.0000,-0.0564,0.0000,-0.0564,0.0000,0,
3.0442,166.5600,INIT,STANCE,,-63.000,48.300,-63.000,0.0000,0.0000,-0.0725,0.0000,-0.0725,0.0000,0,
3.0522,166.5700,INIT,STANCE,,-62.400,61.800,-62.400,0.0000,0.0000,-0.0927,0.0000,-0.0927,0.0000,0,
3.0642,166.5800,INIT,STANCE,,-61.700,79.400,-61.700,0.0000,0.0000,-0.1191,0.0000,-0.1191,0.0000,0,
3.0722,166.5900,INIT,STANCE,,-60.700,98.300,-60.700,0.0000,0.0000,-0.1474,0.0000,-0.1474,0.0000,0,
3.0843,166.6000,INIT,STANCE,,-59.600,114.700,-59.600,0.0000,0.0000,-0.1721,0.0000,-0.1721,0.0000,0,
3.0922,166.6100,INIT,STANCE,,-58.400,130.200,-58.400,0.0000,0.0000,-0.1953,0.0000,-0.1953,0.0000,0,
3.1042,166.6200,INIT,STANCE,,-57.000,141.700,-57.000,0.0000,0.0000,-0.2125,0.0000,-0.2125,0.0000,0,
3.1123,166.6300,INIT,STANCE,,-55.500,152.800,-55.500,0.0000,0.0000,-0.2292,0.0000,-0.2292,0.0000,0,
3.1242,166.6400,INIT,STANCE,,-53.900,161.700,-53.900,0.0000,0.0000,-0.2425,0.0000,-0.2425,0.0000,0,
3.1322,166.6500,INIT,STANCE,,-52.200,167.600,-52.200,0.0000,0.0000,-0.2514,0.0000,-0.2514,0.0000,0,
3.1441,166.6600,INIT,STANCE,,-50.600,167.400,-50.600,0.0000,0.0000,-0.2511,0.0000,-0.2511,0.0000,0,
3.1523,166.6700,INIT,STANCE,,-48.900,160.600,-48.900,0.0000,0.0000,-0.2409,0.0000,-0.2409,0.0000,0,
3.1642,166.6800,INIT,STANCE,,-47.400,149.000,-47.400,0.0000,0.0000,-0.2235,0.0000,-0.2235,0.0000,0,
3.1722,166.6900,INIT,STANCE,,-46.000,133.500,-46.000,0.0000,0.0000,-0.2003,0.0000,-0.2003,0.0000,0,
3.1843,166.7000,INIT,STANCE,,-44.800,119.000,-44.800,0.0000,0.0000,-0.1785,0.0000,-0.1785,0.0000,0,
3.1923,166.7100,INIT,STANCE,,-43.700,104.600,-43.700,0.0000,0.0000,-0.1569,0.0000,-0.1569,0.0000,0,
3.2043,166.7200,INIT,STANCE,,-42.700,91.000,-42.700,0.0000,0.0000,-0.1365,0.0000,-0.1365,0.0000,0,
3.2163,166.7300,INIT,STANCE,,-41.900,79.800,-41.900,0.0000,0.0000,-0.1197,0.0000,-0.1197,0.0000,0,
3.2243,166.7400,INIT,STANCE,,-41.200,70.200,-41.200,0.0000,0.0000,-0.1053,0.0000,-0.1053,0.0000,0,
3.2363,166.7500,INIT,STANCE,,-40.500,64.100,-40.500,0.0000,0.0000,-0.0961,0.0000,-0.0961,0.0000,0,
3.2443,166.7600,INIT,STANCE,,-39.900,57.400,-39.900,0.0000,0.0000,-0.0861,0.0000,-0.0861,0.0000,0,
3.2563,166.7700,INIT,STANCE,,-39.400,47.500,-39.400,0.0000,0.0000,-0.0713,0.0000,-0.0713,0.0000,0,
3.2643,166.7800,INIT,STANCE,,-39.000,39.900,-39.000,0.0000,0.0000,-0.0599,0.0000,-0.0599,0.0000,0,
3.2763,166.7900,INIT,STANCE,,-38.600,32.700,-38.600,0.0000,0.0000,-0.0491,0.0000,-0.0491,0.0000,0,
3.2843,166.8000,INIT,STANCE,,-38.400,27.900,-38.400,0.0000,0.0000,-0.0418,0.0000,-0.0418,0.0000,0,
3.2963,166.8100,INIT,STANCE,,-38.100,25.200,-38.100,0.0000,0.0000,-0.0378,0.0000,-0.0378,0.0000,0,
3.3043,166.8200,INIT,STANCE,,-37.900,22.500,-37.900,0.0000,0.0000,-0.0338,0.0000,-0.0338,0.0000,0,
3.3163,166.8300,INIT,STANCE,,-37.700,17.900,-37.700,0.0000,0.0000,-0.0268,0.0000,-0.0268,0.0000,0,
3.3243,166.8400,INIT,STANCE,,-37.500,10.600,-37.500,0.0000,0.0000,-0.0159,0.0000,-0.0159,0.0000,0,
3.3362,166.8500,INIT,STANCE,,-37.500,1.500,-37.500,0.0000,0.0000,-0.0023,0.0000,-0.0023,0.0000,0,
3.3443,166.8600,INIT,STANCE,,-37.500,-1.300,-37.500,0.0000,0.0000,0.0020,0.0000,0.0020,0.0000,1,
3.3562,166.8700,INIT,STANCE,,-37.500,0.600,-37.500,0.0000,0.0000,-0.0009,0.0000,-0.0009,0.0000,0,
3.3640,166.8800,INIT,STANCE,,-37.500,-0.900,-37.500,0.0000,0.0000,0.0014,0.0000,0.0014,0.0000,1,
3.3763,166.8900,INIT,STANCE,,-37.500,-2.500,-37.500,0.0000,0.0000,0.0037,0.0000,0.0037,0.0000,1,
3.3842,166.9000,INIT,STANCE,,-37.500,-1.600,-37.500,0.0000,0.0000,0.0024,0.0000,0.0024,0.0000,1,
3.3962,166.9100,INIT,STANCE,,-37.500,0.700,-37.500,0.0000,0.0000,-0.0010,0.0000,-0.0010,0.0000,0,
3.4043,166.9200,INIT,STANCE,,-37.500,0.700,-37.500,0.0000,0.0000,-0.0010,0.0000,-0.0010,0.0000,0,
3.4163,166.9300,INIT,STANCE,,-37.500,0.000,-37.500,0.0000,0.0000,0.0000,0.0000,0.0000,0.0000,0,
3.4242,166.9400,INIT,STANCE,,-37.500,0.000,-37.500,0.0000,0.0000,0.0000,0.0000,0.0000,0.0000,0,
3.4363,166.9500,INIT,STANCE,,-37.500,0.100,-37.500,0.0000,0.0000,-0.0002,0.0000,-0.0002,0.0000,0,
3.4443,166.9600,INIT,STANCE,,-37.500,-0.100,-37.500,0.0000,0.0000,0.0002,0.0000,0.0002,0.0000,1,
3.4563,166.9700,INIT,STANCE,,-37.500,-0.100,-37.500,0.0000,0.0000,0.0002,0.0000,0.0002,0.0000,1,
3.4643,166.9800,INIT,STANCE,,-37.500,-1.900,-37.500,0.0000,0.0000,0.0029,0.0000,0.0029,0.0000,1,
3.4763,166.9900,INIT,STANCE,,-37.600,-3.000,-37.600,0.0000,0.0000,0.0045,0.0000,0.0045,0.0000,1,
3.4842,167.0000,INIT,STANCE,,-37.600,-4.200,-37.600,0.0000,0.0000,0.0063,0.0000,0.0063,0.0000,1,
3.4963,167.0100,INIT,STANCE,,-37.700,-9.200,-37.700,0.0000,0.0000,0.0138,0.0000,0.0138,0.0000,1,
3.5043,167.0200,INIT,STANCE,,-37.800,-14.500,-37.800,0.0000,0.0000,0.0218,0.0000,0.0218,0.0000,1,
3.5163,167.0300,INIT,STANCE,,-38.100,-24.600,-38.100,0.0000,0.0000,0.0369,0.0000,0.0369,0.0000,1,
3.5243,167.0400,INIT,STANCE,,-38.400,-34.900,-38.400,0.0000,0.0000,0.0524,0.0000,0.0524,0.0000,1,
3.5363,167.0500,INIT,STANCE,,-38.800,-46.900,-38.800,0.0000,0.0000,0.0703,0.0000,0.0703,0.0000,1,
3.5444,167.0600,INIT,STANCE,,-39.400,-59.700,-39.400,0.0000,0.0000,0.0896,0.0000,0.0896,0.0000,1,
3.5562,167.0700,INIT,STANCE,,-40.100,-72.400,-40.100,0.0000,0.0000,0.1086,0.0000,0.1086,0.0000,1,
3.5644,167.0800,INIT,STANCE,,-40.900,-82.100,-40.900,0.0000,0.0000,0.1231,0.0000,0.1231,0.0000,1,
3.5763,167.0900,INIT,STANCE,,-41.700,-90.700,-41.700,0.0000,0.0000,0.1361,0.0000,0.1361,0.0000,1,
3.5843,167.1000,INIT,STANCE,,-42.700,-98.800,-42.700,0.0000,0.0000,0.1482,0.0000,0.1482,0.0000,1,
3.5963,167.1100,INIT,STANCE,,-43.700,-103.300,-43.700,0.0000,0.0000,0.1550,0.0000,0.1550,0.0000,1,
3.6043,167.1200,INIT,STANCE,,-44.800,-105.000,-44.800,0.0000,0.0000,0.1575,0.0000,0.1575,0.0000,1,
3.6163,167.1300,INIT,STANCE,,-45.800,-103.600,-45.800,0.0000,0.0000,0.1554,0.0000,0.1554,0.0000,1,
3.6243,167.1400,INIT,STANCE,,-46.800,-100.400,-46.800,0.0000,0.0000,0.1506,0.0000,0.1506,0.0000,1,
3.6363,167.1500,INIT,STANCE,,-47.800,-95.700,-47.800,0.0000,0.0000,0.1436,0.0000,0.1436,0.0000,1,
3.6443,167.1600,INIT,STANCE,,-48.700,-88.200,-48.700,0.0000,0.0000,0.1323,0.0000,0.1323,0.0000,1,
3.6562,167.1700,INIT,STANCE,,-49.500,-78.400,-49.500,0.0000,0.0000,0.1176,0.0000,0.1176,0.0000,1,
3.6643,167.1800,INIT,STANCE,,-50.200,-67.600,-50.200,0.0000,0.0000,0.1014,0.0000,0.1014,0.0000,1,
3.6763,167.1900,INIT,STANCE,,-50.800,-55.000,-50.800,0.0000,0.0000,0.0825,0.0000,0.0825,0.0000,1,
3.6842,167.2000,INIT,STANCE,,-51.300,-39.000,-51.300,0.0000,0.0000,0.0585,0.0000,0.0585,0.0000,1,
3.6963,167.2100,INIT,STANCE,,-51.500,-21.700,-51.500,0.0000,0.0000,0.0326,0.0000,0.0326,0.0000,1,
3.7083,167.2200,INIT,STANCE,,-51.600,-4.200,-51.600,0.0000,0.0000,0.0063,0.0000,0.0063,0.0000,1,
3.7163,167.2300,INIT,STANCE,,-51.600,3.900,-51.600,0.0000,0.0000,-0.0059,0.0000,-0.0059,0.0000,0,
3.7283,167.2400,INIT,STANCE,,-51.600,2.300,-51.600,0.0000,0.0000,-0.0034,0.0000,-0.0034,0.0000,0,
3.7362,167.2500,INIT,STANCE,,-51.600,-0.500,-51.600,0.0000,0.0000,0.0008,0.0000,0.0008,0.0000,1,
3.7483,167.2600,INIT,STANCE,,-51.600,0.000,-51.600,0.0000,0.0000,0.0000,0.0000,0.0000,0.0000,0,
3.7563,167.2700,INIT,STANCE,,-51.600,-0.900,-51.600,0.0000,0.0000,0.0014,0.0000,0.0014,0.0000,1,
3.7683,167.2800,INIT,STANCE,,-51.600,-3.000,-51.600,0.0000,0.0000,0.0045,0.0000,0.0045,0.0000,1,
3.7763,167.2900,INIT,STANCE,,-51.700,-7.100,-51.700,0.0000,0.0000,0.0106,0.0000,0.0106,0.0000,1,
3.7881,167.3000,INIT,STANCE,,-51.800,-14.300,-51.800,0.0000,0.0000,0.0215,0.0000,0.0215,0.0000,1,
3.7963,167.3100,INIT,STANCE,,-52.000,-28.300,-52.000,0.0000,0.0000,0.0425,0.0000,0.0425,0.0000,1,
3.8083,167.3200,INIT,STANCE,,-52.400,-42.800,-52.400,0.0000,0.0000,0.0642,0.0000,0.0642,0.0000,1,
3.8163,167.3300,INIT,STANCE,,-52.900,-60.400,-52.900,0.0000,0.0000,0.0906,0.0000,0.0906,0.0000,1,
3.8283,167.3400,INIT,STANCE,,-53.700,-76.400,-53.700,0.0000,0.0000,0.1146,0.0000,0.1146,0.0000,1,
3.8363,167.3500,INIT,STANCE,,-54.500,-91.000,-54.500,0.0000,0.0000,0.1365,0.0000,0.1365,0.0000,1,
3.8482,167.3600,INIT,STANCE,,-55.500,-105.800,-55.500,0.0000,0.0000,0.1587,0.0000,0.1587,0.0000,1,
3.8563,167.3700,INIT,STANCE,,-56.700,-120.300,-56.700,0.0000,0.0000,0.1804,0.0000,0.1804,0.0000,1,
3.8683,167.3800,INIT,STANCE,,-58.000,-131.500,-58.000,0.0000,0.0000,0.1973,0.0000,0.1973,0.0000,1,
3.8761,167.3900,INIT,STANCE,,-59.400,-139.600,-59.400,0.0000,0.0000,0.2094,0.0000,0.2094,0.0000,1,
3.8883,167.4000,INIT,STANCE,,-60.800,-142.500,-60.800,0.0000,0.0000,0.2137,0.0000,0.2137,0.0000,1,
3.8963,167.4100,INIT,STANCE,,-62.200,-142.600,-62.200,0.0000,0.0000,0.2139,0.0000,0.2139,0.0000,1,
3.9083,167.4200,INIT,STANCE,,-63.600,-138.000,-63.600,0.0000,0.0000,0.2070,0.0000,0.2070,0.0000,1,
3.9163,167.4300,INIT,STANCE,,-64.900,-129.700,-64.900,0.0000,0.0000,0.1946,0.0000,0.1946,0.0000,1,
3.9283,167.4400,INIT,STANCE,,-66.200,-120.700,-66.200,0.0000,0.0000,0.1811,0.0000,0.1811,0.0000,1,
3.9363,167.4500,INIT,STANCE,,-67.300,-109.500,-67.300,0.0000,0.0000,0.1643,0.0000,0.1643,0.0000,1,
3.9483,167.4600,INIT,STANCE,,-68.300,-97.400,-68.300,0.0000,0.0000,0.1461,0.0000,0.1461,0.0000,1,
3.9563,167.4700,INIT,STANCE,,-69.200,-85.100,-69.200,0.0000,0.0000,0.1276,0.0000,0.1276,0.0000,1,
3.9683,167.4800,INIT,STANCE,,-70.000,-70.000,-70.000,0.0000,0.0000,0.1050,0.0000,0.1050,0.0000,1,
3.9763,167.4900,INIT,STANCE,,-70.600,-55.600,-70.600,0.0000,0.0000,0.0834,0.0000,0.0834,0.0000,1,
3.9883,167.5000,INIT,STANCE,,-71.000,-44.700,-71.000,0.0000,0.0000,0.0671,0.0000,0.0671,0.0000,1,
3.9963,167.5100,INIT,STANCE,,-71.400,-37.300,-71.400,0.0000,0.0000,0.0559,0.0000,0.0559,0.0000,1,
4.0083,167.5200,INIT,STANCE,,-71.800,-30.700,-71.800,0.0000,0.0000,0.0461,0.0000,0.0461,0.0000,1,
4.0163,167.5300,INIT,STANCE,,-72.000,-23.000,-72.000,0.0000,0.0000,0.0345,0.0000,0.0345,0.0000,1,
4.0283,167.5400,INIT,STANCE,,-72.200,-17.500,-72.200,0.0000,0.0000,0.0262,0.0000,0.0262,0.0000,1,
4.0363,167.5500,INIT,STANCE,,-72.300,-14.800,-72.300,0.0000,0.0000,0.0222,0.0000,0.0222,0.0000,1,
4.0483,167.5600,INIT,STANCE,,-72.500,-18.000,-72.500,0.0000,0.0000,0.0270,0.0000,0.0270,0.0000,1,
4.0563,167.5700,INIT,STANCE,,-72.700,-23.500,-72.700,0.0000,0.0000,0.0353,0.0000,0.0353,0.0000,1,
4.0683,167.5800,INIT,STANCE,,-73.000,-29.100,-73.000,0.0000,0.0000,0.0437,0.0000,0.0437,0.0000,1,
4.0763,167.5900,INIT,STANCE,,-73.300,-36.900,-73.300,0.0000,0.0000,0.0553,0.0000,0.0553,0.0000,1,
4.0883,167.6000,INIT,STANCE,,-73.800,-47.700,-73.800,0.0000,0.0000,0.0716,0.0000,0.0716,0.0000,1,
4.0963,167.6100,INIT,STANCE,,-74.400,-61.600,-74.400,0.0000,0.0000,0.0924,0.0000,0.0924,0.0000,1,
4.1083,167.6200,INIT,STANCE,,-75.100,-72.900,-75.100,0.0000,0.0000,0.1094,0.0000,0.1094,0.0000,1,
4.1162,167.6300,INIT,STANCE,,-75.800,-84.100,-75.800,0.0000,0.0000,0.1261,0.0000,0.1261,0.0000,1,
4.1283,167.6400,INIT,STANCE,,-76.800,-99.600,-76.800,0.0000,0.0000,0.1494,0.0000,0.1494,0.0000,1,
4.1363,167.6500,INIT,STANCE,,-77.900,-112.200,-77.900,0.0000,0.0000,0.1683,0.0000,0.1683,0.0000,1,
4.1483,167.6600,INIT,STANCE,,-79.100,-123.300,-79.100,0.0000,0.0000,0.1850,0.0000,0.1850,0.0000,1,
4.1563,167.6700,INIT,STANCE,,-80.400,-135.600,-80.400,0.0000,0.0000,0.2034,0.0000,0.2034,0.0000,1,
4.1683,167.6800,INIT,STANCE,,-81.700,-146.700,-81.700,0.0000,0.0000,0.2200,0.0000,0.2200,0.0000,1,
4.1763,167.6900,INIT,STANCE,,-83.400,-161.000,-83.400,0.0000,0.0000,0.2415,0.0000,0.2415,0.0000,1,
4.1882,167.7000,INIT,STANCE,,-85.100,-174.100,-85.100,0.0000,0.0000,0.2611,0.0000,0.2611,0.0000,1,
4.1963,167.7100,INIT,STANCE,,-87.000,-188.600,-87.000,0.0000,0.0000,0.2829,0.0000,0.2829,0.0000,1,
4.2083,167.7200,INIT,STANCE,,-89.000,-203.600,-89.000,0.0000,0.0000,0.3054,0.0000,0.3054,0.0000,1,
4.2162,167.7300,INIT,STANCE,,-91.100,-216.700,-91.100,0.0000,0.0000,0.3251,0.0000,0.3251,0.0000,1,
4.2283,167.7400,INIT,STANCE,,-93.300,-226.300,-93.300,0.0000,0.0000,0.3395,0.0000,0.3395,0.0000,1,
4.2363,167.7500,INIT,STANCE,,-95.700,-239.400,-95.700,0.0000,0.0000,0.3591,0.0000,0.3591,0.0000,1,
4.2483,167.7600,INIT,STANCE,,-98.200,-255.500,-98.200,0.0000,0.0000,0.3833,0.0000,0.3833,0.0000,1,
4.2563,167.7700,INIT,STANCE,,-100.900,-270.200,-100.900,0.0000,0.0000,0.4053,0.0000,0.4053,0.0000,1,
4.2683,167.7800,INIT,STANCE,,-103.700,-286.600,-103.700,0.0000,0.0000,0.4299,0.0000,0.4299,0.0000,1,
4.2763,167.7900,INIT,STANCE,,-106.700,-307.000,-106.700,0.0000,0.0000,0.4605,0.0000,0.4605,0.0000,1,
4.2883,167.8000,INIT,STANCE,,-109.900,-323.400,-109.900,0.0000,0.0000,0.4851,0.0000,0.4851,0.0000,1,
4.2963,167.8100,INIT,STANCE,,-113.200,-335.000,-113.200,0.0000,0.0000,0.5025,0.0000,0.5025,0.0000,1,
4.3083,167.8200,INIT,STANCE,,-116.600,-349.400,-116.600,0.0000,0.0000,0.5241,0.0000,0.5241,0.0000,1,
4.3162,167.8300,INIT,STANCE,,-120.200,-358.700,-120.200,0.0000,0.0000,0.5381,0.0000,0.5381,0.0000,1,
4.3283,167.8400,INIT,STANCE,,-123.800,-365.100,-123.800,0.0000,0.0000,0.5477,0.0000,0.5477,0.0000,1,
4.3360,167.8500,INIT,STANCE,,-127.400,-355.200,-127.400,0.0000,0.0000,0.5328,0.0000,0.5328,0.0000,1,
4.3483,167.8600,INIT,STANCE,,-130.500,-329.100,-130.500,0.0000,0.0000,0.4937,0.0000,0.4937,0.0000,1,
4.3563,167.8700,INIT,STANCE,,-133.900,-295.900,-133.900,0.0000,0.0000,0.4438,0.0000,0.4438,0.0000,1,
4.3682,167.8800,INIT,STANCE,,-136.500,-255.700,-136.500,0.0000,0.0000,0.3836,0.0000,0.3836,0.0000,1,
4.3763,167.8900,INIT,STANCE,,-138.800,-210.200,-138.800,0.0000,0.0000,0.3153,0.0000,0.3153,0.0000,1,
4.3883,167.9000,INIT,STANCE,,-140.600,-164.400,-140.600,0.0000,0.0000,0.2466,0.0000,0.2466,0.0000,1,
4.3963,167.9100,INIT,STANCE,,-141.900,-118.800,-141.900,0.0000,0.0000,0.1782,0.0000,0.1782,0.0000,1,
4.4082,167.9200,INIT,STANCE,,-142.800,-72.700,-142.800,0.0000,0.0000,0.1091,0.0000,0.1091,0.0000,1,
4.4162,167.9300,INIT,STANCE,,-143.200,-25.400,-143.200,0.0000,0.0000,0.0381,0.0000,0.0381,0.0000,1,
4.4283,167.9400,INIT,STANCE,,-143.100,19.500,-143.100,0.0000,0.0000,-0.0293,0.0000,-0.0293,0.0000,0,
4.4363,167.9500,INIT,STANCE,,-142.700,49.200,-142.700,0.0000,0.0000,-0.0738,0.0000,-0.0738,0.0000,0,
4.4483,167.9600,INIT,STANCE,,-142.000,74.800,-142.000,0.0000,0.0000,-0.1122,0.0000,-0.1122,0.0000,0,
4.4563,167.9700,INIT,STANCE,,-141.100,98.400,-141.100,0.0000,0.0000,-0.1476,0.0000,-0.1476,0.0000,0,
4.4683,167.9800,INIT,STANCE,,-139.900,124.300,-139.900,0.0000,0.0000,-0.1865,0.0000,-0.1865,0.0000,0,
4.4763,167.9900,INIT,STANCE,,-138.500,148.200,-138.500,0.0000,0.0000,-0.2223,0.0000,-0.2223,0.0000,0,
4.4883,168.0000,INIT,STANCE,,-137.800,159.600,-137.800,0.0000,0.0000,-0.2394,0.0000,-0.2394,0.0000,0,
4.4963,168.0100,INIT,STANCE,,-135.200,197.400,-135.200,0.0000,0.0000,-0.2961,0.0000,-0.2961,0.0000,0,
4.5083,168.0200,INIT,STANCE,,-133.000,221.800,-133.000,0.0000,0.0000,-0.3327,0.0000,-0.3327,0.0000,0,
4.5162,168.0300,INIT,STANCE,,-130.600,243.400,-130.600,0.0000,0.0000,-0.3651,0.0000,-0.3651,0.0000,0,
4.5283,168.0400,INIT,STANCE,,-128.000,267.500,-128.000,0.0000,0.0000,-0.4012,0.0000,-0.4012,0.0000,0,
4.5363,168.0500,INIT,STANCE,,-125.200,294.800,-125.200,0.0000,0.0000,-0.4422,0.0000,-0.4422,0.0000,0,
4.5483,168.0600,INIT,STANCE,,-122.100,314.100,-122.100,0.0000,0.0000,-0.4712,0.0000,-0.4712,0.0000,0,
4.5563,168.0700,INIT,STANCE,,-118.800,331.100,-118.800,0.0000,0.0000,-0.4967,0.0000,-0.4967,0.0000,0,
4.5683,168.0800,INIT,STANCE,,-115.400,350.000,-115.400,0.0000,0.0000,-0.5250,0.0000,-0.5250,0.0000,0,
4.5762,168.0900,INIT,STANCE,,-111.700,369.500,-111.700,0.0000,0.0000,-0.5543,0.0000,-0.5543,0.0000,0,
4.5882,168.1000,INIT,STANCE,,-107.900,395.700,-107.900,0.0000,0.0000,-0.5936,0.0000,-0.5936,0.0000,0,
4.5963,168.1100,INIT,STANCE,,-103.800,416.500,-103.800,0.0000,0.0000,-0.6248,0.0000,-0.6248,0.0000,0,
4.6082,168.1200,INIT,STANCE,,-99.500,438.500,-99.500,0.0000,0.0000,-0.6578,0.0000,-0.6578,0.0000,0,
4.6161,168.1300,INIT,STANCE,,-94.900,459.100,-94.900,0.0000,0.0000,-0.6887,0.0000,-0.6887,0.0000,0,
4.6280,168.1400,INIT,STANCE,,-90.200,476.700,-90.200,0.0000,0.0000,-0.7150,0.0000,-0.7150,0.0000,0,
4.6363,168.1500,INIT,STANCE,,-85.300,492.800,-85.300,0.0000,0.0000,-0.7392,0.0000,-0.7392,0.0000,0,
4.6483,168.1600,INIT,STANCE,,-80.300,502.000,-80.300,0.0000,0.0000,-0.7530,0.0000,-0.7530,0.0000,0,
4.6562,168.1700,INIT,STANCE,,-75.200,519.200,-75.200,0.0000,0.0000,-0.7788,0.0000,-0.7788,0.0000,0,
4.6723,168.1800,INIT,STANCE,,-69.900,537.600,-69.900,0.0000,0.0000,-0.8064,0.0000,-0.8064,0.0000,0,
4.6802,168.2000,INIT,STANCE,,-58.900,560.700,-58.900,0.0000,0.0000,-0.8411,0.0000,-0.8411,0.0000,0,
4.6923,168.2100,INIT,STANCE,,-53.300,558.900,-53.300,0.0000,0.0000,-0.8383,0.0000,-0.8383,0.0000,0,
4.7002,168.2200,INIT,STANCE,,-47.700,560.900,-47.700,0.0000,0.0000,-0.8413,0.0000,-0.8413,0.0000,0,
4.7123,168.2300,INIT,STANCE,,-42.100,555.600,-42.100,0.0000,0.0000,-0.8334,0.0000,-0.8334,0.0000,0,
4.7202,168.2400,INIT,STANCE,,-36.600,541.900,-36.600,0.0000,0.0000,-0.8128,0.0000,-0.8128,0.0000,0,
4.7322,168.2500,INIT,STANCE,,-31.400,507.100,-31.400,0.0000,0.0000,-0.7607,0.0000,-0.7607,0.0000,0,
4.7403,168.2600,INIT,STANCE,,-26.800,438.800,-26.800,0.0000,0.0000,-0.6582,0.0000,-0.6582,0.0000,0,
4.7523,168.2700,INIT,STANCE,,-22.900,360.800,-22.900,0.0000,0.0000,-0.5412,0.0000,-0.5412,0.0000,0,
4.7603,168.2800,INIT,STANCE,,-19.900,274.100,-19.900,0.0000,0.0000,-0.4112,0.0000,-0.4112,0.0000,0,
4.7723,168.2900,INIT,STANCE,,-17.800,195.900,-17.800,0.0000,0.0000,-0.2939,0.0000,-0.2939,0.0000,0,
4.7803,168.3000,INIT,STANCE,,-16.300,131.200,-16.300,0.0000,0.0000,-0.1968,0.0000,-0.1968,0.0000,0,
4.7923,168.3100,INIT,STANCE,,-15.300,79.100,-15.300,0.0000,0.0000,-0.1186,0.0000,-0.1186,0.0000,0,
4.8003,168.3200,INIT,STANCE,,-14.800,34.300,-14.800,0.0000,0.0000,-0.0514,0.0000,-0.0514,0.0000,0,
4.8122,168.3300,INIT,STANCE,,-14.700,1.400,-14.700,0.0000,0.0000,-0.0021,0.0000,-0.0021,0.0000,0,
4.8200,168.3400,INIT,STANCE,,-14.800,-6.600,-14.800,0.0000,0.0000,0.0099,0.0000,0.0099,0.0000,1,
4.8323,168.3500,INIT,STANCE,,-14.900,-4.900,-14.900,0.0000,0.0000,0.0074,0.0000,0.0074,0.0000,1,
4.8402,168.3600,INIT,STANCE,,-14.900,-7.100,-14.900,0.0000,0.0000,0.0106,0.0000,0.0106,0.0000,1,
4.8522,168.3700,INIT,STANCE,,-15.000,-12.700,-15.000,0.0000,0.0000,0.0191,0.0000,0.0191,0.0000,1,
4.8602,168.3800,INIT,STANCE,,-15.300,-29.200,-15.300,0.0000,0.0000,0.0438,0.0000,0.0438,0.0000,1,
4.8721,168.3900,INIT,STANCE,,-15.700,-45.000,-15.700,0.0000,0.0000,0.0675,0.0000,0.0675,0.0000,1,
4.8802,168.4000,INIT,STANCE,,-16.200,-59.100,-16.200,0.0000,0.0000,0.0887,0.0000,0.0887,0.0000,1,
4.8923,168.4100,INIT,STANCE,,-16.900,-67.000,-16.900,0.0000,0.0000,0.1005,0.0000,0.1005,0.0000,1,
4.9003,168.4200,INIT,STANCE,,-17.500,-66.700,-17.500,0.0000,0.0000,0.1001,0.0000,0.1001,0.0000,1,
4.9122,168.4300,INIT,STANCE,,-18.200,-60.500,-18.200,0.0000,0.0000,0.0907,0.0000,0.0907,0.0000,1,
4.9203,168.4400,INIT,STANCE,,-18.700,-51.100,-18.700,0.0000,0.0000,0.0767,0.0000,0.0767,0.0000,1,
4.9323,168.4500,INIT,STANCE,,-19.100,-40.100,-19.100,0.0000,0.0000,0.0602,0.0000,0.0602,0.0000,1,
4.9403,168.4600,INIT,STANCE,,-19.400,-24.900,-19.400,0.0000,0.0000,0.0374,0.0000,0.0374,0.0000,1,
4.9523,168.4700,INIT,STANCE,,-19.600,-13.600,-19.600,0.0000,0.0000,0.0204,0.0000,0.0204,0.0000,1,
4.9602,168.4800,INIT,STANCE,,-19.700,-10.400,-19.700,0.0000,0.0000,0.0156,0.0000,0.0156,0.0000,1,
4.9723,168.4900,INIT,STANCE,,-19.800,-14.100,-19.800,0.0000,0.0000,0.0211,0.0000,0.0211,0.0000,1,
4.9803,168.5000,INIT,STANCE,,-20.100,-26.400,-20.100,0.0000,0.0000,0.0396,0.0000,0.0396,0.0000,1,
4.9923,168.5100,INIT,STANCE,,-20.400,-41.400,-20.400,0.0000,0.0000,0.0621,0.0000,0.0621,0.0000,1,
5.0003,168.5200,INIT,STANCE,,-21.000,-60.100,-21.000,0.0000,0.0000,0.0902,0.0000,0.0902,0.0000,1,
5.0122,168.5300,INIT,STANCE,,-21.700,-82.800,-21.700,0.0000,0.0000,0.1242,0.0000,0.1242,0.0000,1,
5.0203,168.5400,INIT,STANCE,,-22.700,-103.500,-22.700,0.0000,0.0000,0.1552,0.0000,0.1552,0.0000,1,
5.0322,168.5500,INIT,STANCE,,-23.900,-122.700,-23.900,0.0000,0.0000,0.1841,0.0000,0.1841,0.0000,1,
5.0403,168.5600,INIT,STANCE,,-25.200,-138.800,-25.200,0.0000,0.0000,0.2082,0.0000,0.2082,0.0000,1,
5.0522,168.5700,INIT,STANCE,,-26.700,-149.700,-26.700,0.0000,0.0000,0.2245,0.0000,0.2245,0.0000,1,
5.0603,168.5800,INIT,STANCE,,-28.200,-152.800,-28.200,0.0000,0.0000,0.2292,0.0000,0.2292,0.0000,1,
5.0723,168.5900,INIT,STANCE,,-29.700,-151.700,-29.700,0.0000,0.0000,0.2275,0.0000,0.2275,0.0000,1,
5.0803,168.6000,INIT,STANCE,,-31.200,-147.200,-31.200,0.0000,0.0000,0.2208,0.0000,0.2208,0.0000,1,
5.0923,168.6100,INIT,STANCE,,-32.600,-138.400,-32.600,0.0000,0.0000,0.2076,0.0000,0.2076,0.0000,1,
5.1002,168.6200,INIT,STANCE,,-33.900,-124.300,-33.900,0.0000,0.0000,0.1865,0.0000,0.1865,0.0000,1,
5.1123,168.6300,INIT,STANCE,,-35.000,-106.000,-35.000,0.0000,0.0000,0.1590,0.0000,0.1590,0.0000,1,
5.1203,168.6400,INIT,STANCE,,-35.900,-82.700,-35.900,0.0000,0.0000,0.1241,0.0000,0.1241,0.0000,1,
5.1323,168.6500,INIT,STANCE,,-36.600,-58.200,-36.600,0.0000,0.0000,0.0873,0.0000,0.0873,0.0000,1,
5.1402,168.6600,INIT,STANCE,,-37.000,-33.100,-37.000,0.0000,0.0000,0.0497,0.0000,0.0497,0.0000,1,
5.1523,168.6700,INIT,STANCE,,-37.200,-11.700,-37.200,0.0000,0.0000,0.0175,0.0000,0.0175,0.0000,1,
5.1603,168.6800,INIT,STANCE,,-37.200,4.000,-37.200,0.0000,0.0000,-0.0060,0.0000,-0.0060,0.0000,0,
5.1723,168.6900,INIT,STANCE,,-37.200,1.900,-37.200,0.0000,0.0000,-0.0029,0.0000,-0.0029,0.0000,0,
5.1803,168.7000,INIT,STANCE,,-37.200,-1.000,-37.200,0.0000,0.0000,0.0015,0.0000,0.0015,0.0000,1,
5.1923,168.7100,INIT,STANCE,,-37.200,-0.900,-37.200,0.0000,0.0000,0.0014,0.0000,0.0014,0.0000,1,
5.2002,168.7200,INIT,STANCE,,-37.200,-2.800,-37.200,0.0000,0.0000,0.0042,0.0000,0.0042,0.0000,1,
5.2123,168.7300,INIT,STANCE,,-37.200,-4.800,-37.200,0.0000,0.0000,0.0072,0.0000,0.0072,0.0000,1,
5.2203,168.7400,INIT,STANCE,,-37.300,-7.700,-37.300,0.0000,0.0000,0.0116,0.0000,0.0116,0.0000,1,
5.2322,168.7500,INIT,STANCE,,-37.400,-15.400,-37.400,0.0000,0.0000,0.0231,0.0000,0.0231,0.0000,1,
5.2403,168.7600,INIT,STANCE,,-37.700,-27.500,-37.700,0.0000,0.0000,0.0413,0.0000,0.0413,0.0000,1,
5.2523,168.7700,INIT,STANCE,,-38.000,-37.500,-38.000,0.0000,0.0000,0.0563,0.0000,0.0563,0.0000,1,
5.2603,168.7800,INIT,STANCE,,-38.500,-48.700,-38.500,0.0000,0.0000,0.0731,0.0000,0.0731,0.0000,1,
5.2723,168.7900,INIT,STANCE,,-39.000,-62.000,-39.000,0.0000,0.0000,0.0930,0.0000,0.0930,0.0000,1,
5.2803,168.8000,INIT,STANCE,,-39.700,-72.000,-39.700,0.0000,0.0000,0.1080,0.0000,0.1080,0.0000,1,
5.2922,168.8100,INIT,STANCE,,-40.500,-77.600,-40.500,0.0000,0.0000,0.1164,0.0000,0.1164,0.0000,1,
5.3003,168.8200,INIT,STANCE,,-41.300,-77.700,-41.300,0.0000,0.0000,0.1166,0.0000,0.1166,0.0000,1,
5.3123,168.8300,INIT,STANCE,,-42.000,-76.600,-42.000,0.0000,0.0000,0.1149,0.0000,0.1149,0.0000,1,
5.3203,168.8400,INIT,STANCE,,-42.800,-71.700,-42.800,0.0000,0.0000,0.1076,0.0000,0.1076,0.0000,1,
5.3323,168.8500,INIT,STANCE,,-43.400,-61.400,-43.400,0.0000,0.0000,0.0921,0.0000,0.0921,0.0000,1,
5.3402,168.8600,INIT,STANCE,,-44.000,-48.500,-44.000,0.0000,0.0000,0.0727,0.0000,0.0727,0.0000,1,
5.3523,168.8700,INIT,STANCE,,-44.300,-33.800,-44.300,0.0000,0.0000,0.0507,0.0000,0.0507,0.0000,1,
5.3601,168.8800,INIT,STANCE,,-44.600,-18.000,-44.600,0.0000,0.0000,0.0270,0.0000,0.0270,0.0000,1,
5.3721,168.8900,INIT,STANCE,,-44.700,-4.100,-44.700,0.0000,0.0000,0.0061,0.0000,0.0061,0.0000,1,
5.3802,168.9000,INIT,STANCE,,-44.600,2.500,-44.600,0.0000,0.0000,-0.0037,0.0000,-0.0037,0.0000,0,
5.3923,168.9100,INIT,STANCE,,-44.600,1.200,-44.600,0.0000,0.0000,-0.0018,0.0000,-0.0018,0.0000,0,
5.4003,168.9200,INIT,STANCE,,-44.600,-0.900,-44.600,0.0000,0.0000,0.0014,0.0000,0.0014,0.0000,1,
5.4123,168.9300,INIT,STANCE,,-44.600,-0.200,-44.600,0.0000,0.0000,0.0003,0.0000,0.0003,0.0000,1,
5.4242,168.9400,INIT,STANCE,,-44.600,0.100,-44.600,0.0000,0.0000,-0.0002,0.0000,-0.0002,0.0000,0,
5.4323,168.9500,INIT,STANCE,,-44.600,-0.100,-44.600,0.0000,0.0000,0.0002,0.0000,0.0002,0.0000,1,
5.4443,168.9600,INIT,STANCE,,-44.600,-0.800,-44.600,0.0000,0.0000,0.0012,0.0000,0.0012,0.0000,1,
5.4523,168.9700,INIT,STANCE,,-44.600,-1.000,-44.600,0.0000,0.0000,0.0015,0.0000,0.0015,0.0000,1,
5.4643,168.9800,INIT,STANCE,,-44.700,-0.700,-44.700,0.0000,0.0000,0.0010,0.0000,0.0010,0.0000,1,
5.4723,168.9900,INIT,STANCE,,-44.700,-1.800,-44.700,0.0000,0.0000,0.0027,0.0000,0.0027,0.0000,1,
5.4882,169.0000,INIT,STANCE,,-44.700,-2.400,-44.700,0.0000,0.0000,0.0036,0.0000,0.0036,0.0000,1,
5.4963,169.0100,INIT,STANCE,,-44.800,-7.400,-44.800,0.0000,0.0000,0.0111,0.0000,0.0111,0.0000,1,
5.5083,169.0200,INIT,STANCE,,-44.900,-16.100,-44.900,0.0000,0.0000,0.0242,0.0000,0.0242,0.0000,1,
5.5163,169.0300,INIT,STANCE,,-45.100,-25.200,-45.100,0.0000,0.0000,0.0378,0.0000,0.0378,0.0000,1,
5.5283,169.0400,INIT,STANCE,,-45.400,-34.600,-45.400,0.0000,0.0000,0.0519,0.0000,0.0519,0.0000,1,
5.5363,169.0500,INIT,STANCE,,-45.800,-41.700,-45.800,0.0000,0.0000,0.0626,0.0000,0.0626,0.0000,1,
5.5483,169.0600,INIT,STANCE,,-46.300,-47.600,-46.300,0.0000,0.0000,0.0714,0.0000,0.0714,0.0000,1,
5.5562,169.0700,INIT,STANCE,,-46.800,-55.000,-46.800,0.0000,0.0000,0.0825,0.0000,0.0825,0.0000,1,
5.5683,169.0800,INIT,STANCE,,-47.400,-63.700,-47.400,0.0000,0.0000,0.0956,0.0000,0.0956,0.0000,1,
5.5763,169.0900,INIT,STANCE,,-48.100,-74.100,-48.100,0.0000,0.0000,0.1111,0.0000,0.1111,0.0000,1,
5.5882,169.1000,INIT,STANCE,,-48.900,-82.100,-48.900,0.0000,0.0000,0.1231,0.0000,0.1231,0.0000,1,
5.5963,169.1100,INIT,STANCE,,-49.800,-89.800,-49.800,0.0000,0.0000,0.1347,0.0000,0.1347,0.0000,1,
5.6083,169.1200,INIT,STANCE,,-50.800,-98.200,-50.800,0.0000,0.0000,0.1473,0.0000,0.1473,0.0000,1,
5.6163,169.1300,INIT,STANCE,,-51.800,-104.200,-51.800,0.0000,0.0000,0.1563,0.0000,0.1563,0.0000,1,
5.6283,169.1400,INIT,STANCE,,-52.900,-110.600,-52.900,0.0000,0.0000,0.1659,0.0000,0.1659,0.0000,1,
5.6363,169.1500,INIT,STANCE,,-54.000,-118.800,-54.000,0.0000,0.0000,0.1782,0.0000,0.1782,0.0000,1,
5.6482,169.1600,INIT,STANCE,,-55.300,-124.900,-55.300,0.0000,0.0000,0.1874,0.0000,0.1874,0.0000,1,
5.6562,169.1700,INIT,STANCE,,-56.600,-133.600,-56.600,0.0000,0.0000,0.2004,0.0000,0.2004,0.0000,1,
5.6681,169.1800,INIT,STANCE,,-58.000,-143.600,-58.000,0.0000,0.0000,0.2154,0.0000,0.2154,0.0000,1,
5.6763,169.1900,INIT,STANCE,,-59.500,-156.600,-59.500,0.0000,0.0000,0.2349,0.0000,0.2349,0.0000,1,
5.6882,169.2000,INIT,STANCE,,-61.200,-171.200,-61.200,0.0000,0.0000,0.2568,0.0000,0.2568,0.0000,1,
5.6963,169.2100,INIT,STANCE,,-63.000,-187.000,-63.000,0.0000,0.0000,0.2805,0.0000,0.2805,0.0000,1,
5.7083,169.2200,INIT,STANCE,,-65.000,-204.100,-65.000,0.0000,0.0000,0.3061,0.0000,0.3061,0.0000,1,
5.7162,169.2300,INIT,STANCE,,-67.100,-221.000,-67.100,0.0000,0.0000,0.3315,0.0000,0.3315,0.0000,1,
5.7282,169.2400,INIT,STANCE,,-69.500,-239.900,-69.500,0.0000,0.0000,0.3599,0.0000,0.3599,0.0000,1,
5.7363,169.2500,INIT,STANCE,0.0000,-72.000,-252.500,-72.000,0.0000,0.0000,0.3788,0.0000,0.3788,0.0000,1,
5.7482,169.2600,INIT,STANCE,0.0092,-74.600,-259.700,-74.600,0.0000,0.0000,0.3896,0.0000,0.3896,0.0000,1,
5.7562,169.2700,INIT,STANCE,0.0183,-77.200,-264.200,-77.200,0.0000,0.0000,0.3963,0.0000,0.3963,0.0000,1,
5.7681,169.2800,INIT,STANCE,0.0275,-79.800,-262.700,-79.800,0.0000,0.0000,0.3941,0.0000,0.3941,0.0000,1,
5.7762,169.2900,INIT,STANCE,0.0366,-82.400,-254.300,-82.400,0.0000,0.0000,0.3815,0.0000,0.3815,0.0000,1,
5.7882,169.3000,INIT,STANCE,0.0458,-84.900,-242.500,-84.900,0.0000,0.0000,0.3638,0.0000,0.3638,0.0000,1,
5.7962,169.3100,INIT,STANCE,0.0549,-87.200,-228.900,-87.200,0.0000,0.0000,0.3433,0.0000,0.3433,0.0000,1,
5.8082,169.3200,INIT,STANCE,0.0641,-89.400,-211.400,-89.400,0.0000,0.0000,0.3171,0.0000,0.3171,0.0000,1,
5.8162,169.3300,INIT,STANCE,0.0733,-91.300,-189.900,-91.300,0.0000,0.0000,0.2848,0.0000,0.2848,0.0000,1,
5.8282,169.3400,INIT,STANCE,0.0824,-93.100,-166.700,-93.100,0.0000,0.0000,0.2500,0.0000,0.2500,0.0000,1,
5.8362,169.3500,INIT,STANCE,0.0916,-94.600,-145.900,-94.600,0.0000,0.0000,0.2189,0.0000,0.2189,0.0000,1,
5.8483,169.3600,INIT,STANCE,0.1007,-95.900,-125.000,-95.900,0.0000,0.0000,0.1875,0.0000,0.1875,0.0000,1,
5.8562,169.3700,INIT,STANCE,0.1099,-97.000,-101.600,-97.000,0.0000,0.0000,0.1524,0.0000,0.1524,0.0000,1,
5.8683,169.3800,INIT,STANCE,0.1190,-97.800,-75.000,-97.800,0.0000,0.0000,0.1125,0.0000,0.1125,0.0000,1,
5.8761,169.3900,INIT,STANCE,0.1282,-98.400,-43.800,-98.400,0.0000,0.0000,0.0657,0.0000,0.0657,0.0000,1,
5.8882,169.4000,INIT,STANCE,0.1374,-98.600,-9.100,-98.600,0.0000,0.0000,0.0136,0.0000,0.0136,0.0000,1,
5.8961,169.4100,INIT,STANCE,0.1465,-98.500,17.800,-98.500,0.0000,0.0000,-0.0267,0.0000,-0.0267,0.0000,0,
5.9082,169.4200,INIT,STANCE,0.1557,-98.200,29.600,-98.200,0.0000,0.0000,-0.0444,0.0000,-0.0444,0.0000,0,
5.9162,169.4300,INIT,STANCE,0.1648,-97.800,39.600,-97.800,0.0000,0.0000,-0.0594,0.0000,-0.0594,0.0000,0,
5.9282,169.4400,INIT,STANCE,0.1740,-97.400,48.400,-97.400,0.0000,0.0000,-0.0726,0.0000,-0.0726,0.0000,0,
5.9362,169.4500,INIT,STANCE,0.1832,-96.800,59.900,-96.800,0.0000,0.0000,-0.0898,0.0000,-0.0898,0.0000,0,
5.9483,169.4600,INIT,STANCE,0.1923,-96.100,75.100,-96.100,0.0000,0.0000,-0.1127,0.0000,-0.1127,0.0000,0,
5.9563,169.4700,INIT,STANCE,0.2015,-95.200,92.700,-95.200,0.0000,0.0000,-0.1391,0.0000,-0.1391,0.0000,0,
5.9682,169.4800,INIT,STANCE,0.2106,-94.200,109.200,-94.200,0.0000,0.0000,-0.1638,0.0000,-0.1638,0.0000,0,
5.9763,169.4900,INIT,STANCE,0.2198,-93.000,129.000,-93.000,0.0000,0.0000,-0.1935,0.0000,-0.1935,0.0000,0,
5.9881,169.5000,INIT,STANCE,0.2289,-91.500,150.500,-91.500,0.0000,0.0000,-0.2258,0.0000,-0.2258,0.0000,0,
5.9962,169.5100,INIT,STANCE,0.2381,-89.900,172.300,-89.900,0.0000,0.0000,-0.2585,0.0000,-0.2585,0.0000,0,
6.0082,169.5200,INIT,STANCE,0.2473,-88.000,193.800,-88.000,0.0000,0.0000,-0.2907,0.0000,-0.2907,0.0000,0,
6.0161,169.5300,INIT,SWING,0.0096,-85.900,213.900,-85.900,0.0302,0.0000,-0.3209,0.0000,-0.3209,0.0000,0,
6.0282,169.5400,INIT,SWING,0.0234,-83.600,234.000,-83.600,0.0733,0.0000,-0.3510,0.0000,-0.3510,0.0000,0,
6.0362,169.5500,INIT,SWING,0.0371,-81.200,254.800,-81.200,0.1163,0.0000,-0.3822,0.0000,-0.3822,0.0000,0,
6.0482,169.5600,INIT,SWING,0.0508,-78.400,278.500,-78.400,0.1590,0.0000,-0.4178,0.0000,-0.4178,0.0000,0,
6.0563,169.5700,INIT,SWING,0.0646,-75.500,301.200,-75.500,0.2014,0.0000,-0.4518,0.0000,-0.4518,0.0000,0,
6.0683,169.5800,INIT,SWING,0.0783,-72.300,328.000,-72.300,0.2435,0.0000,-0.4920,0.0000,-0.4920,0.0000,0,
6.0763,169.5900,INIT,SWING,0.0920,-68.800,353.600,-68.800,0.2851,0.0000,-0.5304,0.0000,-0.5304,0.0000,0,
6.0883,169.6000,INIT,SWING,0.1058,-65.200,372.800,-65.200,0.3262,0.0000,-0.5592,0.0000,-0.5592,0.0000,0,
6.0962,169.6100,INIT,SWING,0.1195,-61.300,399.300,-61.300,0.3667,0.0000,-0.5989,0.0000,-0.5989,0.0000,0,
6.1082,169.6200,INIT,SWING,0.1332,-57.100,417.100,-57.100,0.4065,0.0000,-0.6257,0.0000,-0.6257,0.0000,0,
6.1162,169.6300,INIT,SWING,0.1470,-52.800,440.300,-52.800,0.4455,0.0000,-0.6604,0.0000,-0.6604,0.0000,0,
6.1282,169.6400,INIT,SWING,0.1607,-48.300,459.900,-48.300,0.4837,0.0000,-0.6898,0.0000,-0.6898,0.0000,0,
6.1363,169.6500,INIT,SWING,0.1745,-43.600,470.500,-43.600,0.5210,0.0000,-0.7057,0.0000,-0.7057,0.0000,0,
6.1483,169.6600,INIT,SWING,0.1882,-38.800,479.000,-38.800,0.5574,0.0000,-0.7185,0.0000,-0.7185,0.0000,0,
6.1563,169.6700,INIT,SWING,0.2019,-34.000,485.500,-34.000,0.5927,0.0000,-0.7283,0.0000,-0.7283,0.0000,0,
6.1683,169.6800,INIT,SWING,0.2157,-29.200,473.000,-29.200,0.6269,0.0000,-0.7095,0.0000,-0.7095,0.0000,0,
6.1763,169.6900,INIT,SWING,0.2294,-24.600,458.500,-24.600,0.6599,0.0000,-0.6877,0.0000,-0.6877,0.0000,0,
6.1883,169.7000,INIT,SWING,0.2431,-20.200,429.900,-20.200,0.6917,0.0000,-0.6449,0.0000,-0.6449,0.0000,0,
6.1963,169.7100,INIT,SWING,0.2569,-16.100,398.200,-16.100,0.7222,0.0000,-0.5973,0.0000,-0.5973,0.0000,0,
6.2083,169.7200,INIT,SWING,0.2706,-12.400,355.800,-12.400,0.7514,0.0000,-0.5337,0.0000,-0.5337,0.0000,0,
6.2162,169.7300,INIT,SWING,0.2843,-9.200,303.000,-9.200,0.7791,0.0000,-0.4545,0.0000,-0.4545,0.0000,0,
6.2283,169.7400,INIT,SWING,0.2981,-6.500,247.400,-6.500,0.8055,0.0000,-0.3711,0.0000,-0.3711,0.0000,0,
6.2363,169.7500,INIT,SWING,0.3118,-4.500,178.100,-4.500,0.8303,0.0000,-0.2671,0.0000,-0.2671,0.0000,0,
6.2483,169.7600,INIT,SWING,0.3255,-3.100,125.900,-3.100,0.8535,0.0000,-0.1889,0.0000,-0.1889,0.0000,0,
6.2562,169.7700,INIT,SWING,0.3393,-2.200,76.400,-2.200,0.8752,0.0000,-0.1146,0.0000,-0.1146,0.0000,0,
6.2683,169.7800,INIT,SWING,0.3530,-1.800,32.400,-1.800,0.8953,0.0000,-0.0486,0.0000,-0.0486,0.0000,0,
6.2762,169.7900,INIT,SWING,0.3668,-1.700,-4.300,-1.700,0.9137,0.0000,0.0065,0.0000,0.0065,0.0000,1,
6.2882,169.8000,INIT,SWING,0.3805,-1.800,-5.300,-1.800,0.9303,0.0000,0.0080,0.0000,0.0080,0.0000,1,
6.2963,169.8100,INIT,SWING,0.3942,-1.800,0.000,-1.800,0.9453,0.0000,0.0000,0.0000,0.0000,0.0000,0,
6.3082,169.8200,INIT,SWING,0.4080,-1.800,-2.600,-1.800,0.9585,0.0000,0.0039,0.0000,0.0039,0.0000,1,
6.3162,169.8300,INIT,SWING,0.4217,-1.900,-9.500,-1.900,0.9699,0.0000,0.0143,0.0000,0.0143,0.0000,1,
6.3242,169.8400,INIT,SWING,0.4354,-2.100,-22.700,-2.100,0.9795,0.0000,0.0340,0.0000,0.0340,0.0000,1,
6.3363,169.8500,INIT,SWING,0.4492,-2.400,-30.600,-2.400,0.9873,0.0000,0.0459,0.0000,0.0459,0.0000,1,
6.3483,169.8600,INIT,SWING,0.4629,-2.700,-38.000,-2.700,0.9932,0.0000,0.0570,0.0000,0.0570,0.0000,1,
6.3562,169.8700,INIT,SWING,0.4766,-3.100,-43.900,-3.100,0.9973,0.0000,0.0659,0.0000,0.0659,0.0000,1,
6.3680,169.8800,INIT,SWING,0.4904,-3.600,-47.500,-3.600,0.9995,0.0000,0.0713,0.0000,0.0713,0.0000,1,
6.3763,169.8900,INIT,SWING,0.5041,-4.000,-38.800,-4.000,0.9999,0.0000,0.0582,0.0000,0.0582,0.0000,1,
6.3883,169.9000,INIT,SWING,0.5179,-4.300,-18.700,-4.300,0.9984,0.0000,0.0280,0.0000,0.0280,0.0000,1,
6.3963,169.9100,INIT,SWING,0.5316,-4.300,1.400,-4.300,0.9951,0.0000,-0.0021,0.0000,-0.0021,0.0000,0,
6.4083,169.9200,INIT,SWING,0.5453,-4.300,6.500,-4.300,0.9899,0.0000,-0.0097,0.0000,-0.0097,0.0000,0,
6.4162,169.9300,INIT,SWING,0.5591,-4.200,2.600,-4.200,0.9828,0.0000,-0.0039,0.0000,-0.0039,0.0000,0,
6.4283,169.9400,INIT,SWING,0.5728,-4.200,-0.100,-4.200,0.9740,0.0000,0.0002,0.0000,0.0002,0.0000,1,
6.4363,169.9500,INIT,SWING,0.5865,-4.200,0.100,-4.200,0.9633,0.0000,-0.0002,0.0000,-0.0002,0.0000,0,
6.4483,169.9600,INIT,SWING,0.6003,-4.200,-0.400,-4.200,0.9508,0.0000,0.0006,0.0000,0.0006,0.0000,1,
6.4562,169.9700,INIT,SWING,0.6140,-4.200,0.100,-4.200,0.9365,0.0000,-0.0002,0.0000,-0.0002,0.0000,0,
6.4682,169.9800,INIT,SWING,0.6277,-4.200,-0.700,-4.200,0.9205,0.0000,0.0010,0.0000,0.0010,0.0000,1,
6.4760,169.9900,INIT,SWING,0.6415,-4.200,-1.700,-4.200,0.9028,0.0000,0.0026,0.0000,0.0026,0.0000,1,
6.4882,170.0000,INIT,SWING,0.6552,-4.300,-1.300,-4.300,0.8834,0.0000,0.0020,0.0000,0.0020,0.0000,1,
6.5002,170.0100,INIT,SWING,0.6690,-4.300,-2.700,-4.300,0.8624,0.0000,0.0041,0.0000,0.0041,0.0000,1,
6.5082,170.0200,INIT,SWING,0.6827,-4.300,-3.500,-4.300,0.8398,0.0000,0.0053,0.0000,0.0053,0.0000,1,
6.5203,170.0300,INIT,SWING,0.6964,-4.300,-3.600,-4.300,0.8156,0.0000,0.0054,0.0000,0.0054,0.0000,1,
6.5283,170.0400,INIT,SWING,0.7102,-4.400,-4.800,-4.400,0.7898,0.0000,0.0072,0.0000,0.0072,0.0000,1,
6.5403,170.0500,INIT,SWING,0.7239,-4.400,-4.900,-4.400,0.7626,0.0000,0.0074,0.0000,0.0074,0.0000,1,
6.5483,170.0600,INIT,SWING,0.7376,-4.500,-4.600,-4.500,0.7340,0.0000,0.0069,0.0000,0.0069,0.0000,1,
6.5603,170.0700,INIT,SWING,0.7514,-4.500,-5.200,-4.500,0.7040,0.0000,0.0078,0.0000,0.0078,0.0000,1,
6.5682,170.0800,INIT,SWING,0.7651,-4.600,-6.400,-4.600,0.6728,0.0000,0.0096,0.0000,0.0096,0.0000,1,
6.5803,170.0900,INIT,SWING,0.7788,-4.700,-4.200,-4.700,0.6402,0.0000,0.0063,0.0000,0.0063,0.0000,1,
6.5883,170.1000,INIT,SWING,0.7926,-4.700,-2.100,-4.700,0.6065,0.0000,0.0032,0.0000,0.0032,0.0000,1,
6.6003,170.1100,INIT,SWING,0.8063,-4.700,-2.400,-4.700,0.5716,0.0000,0.0036,0.0000,0.0036,0.0000,1,
6.6083,170.1200,INIT,SWING,0.8201,-4.800,-6.700,-4.800,0.5357,0.0000,0.0100,0.0000,0.0100,0.0000,1,
6.6202,170.1300,INIT,SWING,0.8338,-4.900,-14.900,-4.900,0.4988,0.0000,0.0224,0.0000,0.0224,0.0000,1,
6.6280,170.1400,INIT,SWING,0.8475,-5.100,-28.500,-5.100,0.4609,0.0000,0.0428,0.0000,0.0428,0.0000,1,
6.6360,170.1500,INIT,SWING,0.8613,-5.500,-44.000,-5.500,0.4222,0.0000,0.0660,0.0000,0.0660,0.0000,1,
6.6481,170.1600,INIT,SWING,0.8750,-6.100,-62.800,-6.100,0.3827,0.0000,0.0942,0.0000,0.0942,0.0000,1,
6.6603,170.1700,INIT,SWING,0.8887,-6.800,-77.700,-6.800,0.3425,0.0000,0.1166,0.0000,0.1166,0.0000,1,
6.6683,170.1800,INIT,SWING,0.9025,-7.600,-78.600,-7.600,0.3016,0.0000,0.1179,0.0000,0.1179,0.0000,1,
6.6803,170.1900,INIT,SWING,0.9162,-8.400,-80.800,-8.400,0.2602,0.0000,0.1212,0.0000,0.1212,0.0000,1,
6.6883,170.2000,INIT,SWING,0.9299,-9.200,-83.700,-9.200,0.2183,0.0000,0.1255,0.0000,0.1255,0.0000,1,
6.7003,170.2100,INIT,SWING,0.9437,-10.100,-86.500,-10.100,0.1760,0.0000,0.1298,0.0000,0.1298,0.0000,1,
6.7083,170.2200,INIT,SWING,0.9574,-11.000,-91.000,-11.000,0.1334,0.0000,0.1365,0.0000,0.1365,0.0000,1,
6.7203,170.2300,INIT,SWING,0.9712,-11.900,-96.400,-11.900,0.0905,0.0000,0.1446,0.0000,0.1446,0.0000,1,
6.7282,170.2400,INIT,SWING,0.9849,-12.900,-99.300,-12.900,0.0475,0.0000,0.1489,0.0000,0.1489,0.0000,1,
6.7403,170.2500,INIT,SWING,0.9986,-13.900,-102.400,-13.900,0.0043,0.0000,0.1536,0.0000,0.1536,0.0000,1,
6.7483,170.2600,INIT,STANCE,0.2582,-15.000,-104.000,-15.000,0.0000,0.0000,0.1560,0.0000,0.1560,0.0000,1,
6.7603,170.2700,INIT,STANCE,0.2674,-16.000,-105.100,-16.000,0.0000,0.0000,0.1576,0.0000,0.1576,0.0000,1,
6.7682,170.2800,INIT,STANCE,0.2766,-17.100,-105.100,-17.100,0.0000,0.0000,0.1576,0.0000,0.1576,0.0000,1,
6.7802,170.2900,INIT,STANCE,0.2857,-18.100,-101.400,-18.100,0.0000,0.0000,0.1521,0.0000,0.1521,0.0000,1,
6.7882,170.3000,INIT,STANCE,0.2949,-19.100,-97.400,-19.100,0.0000,0.0000,0.1461,0.0000,0.1461,0.0000,1,
6.8003,170.3100,INIT,STANCE,0.3040,-20.000,-93.000,-20.000,0.0000,0.0000,0.1395,0.0000,0.1395,0.0000,1,
6.8082,170.3200,INIT,STANCE,0.3132,-20.900,-88.100,-20.900,0.0000,0.0000,0.1321,0.0000,0.1321,0.0000,1,
6.8202,170.3300,INIT,STANCE,0.3223,-21.800,-83.800,-21.800,0.0000,0.0000,0.1257,0.0000,0.1257,0.0000,1,
6.8283,170.3400,INIT,STANCE,0.3315,-22.600,-78.000,-22.600,0.0000,0.0000,0.1170,0.0000,0.1170,0.0000,1,
6.8402,170.3500,INIT,STANCE,0.3407,-23.300,-72.700,-23.300,0.0000,0.0000,0.1091,0.0000,0.1091,0.0000,1,
6.8483,170.3600,INIT,STANCE,0.3498,-24.000,-69.000,-24.000,0.0000,0.0000,0.1035,0.0000,0.1035,0.0000,1,
6.8603,170.3700,INIT,STANCE,0.3590,-24.700,-67.300,-24.700,0.0000,0.0000,0.1009,0.0000,0.1009,0.0000,1,
6.8683,170.3800,INIT,STANCE,0.3681,-25.400,-62.900,-25.400,0.0000,0.0000,0.0944,0.0000,0.0944,0.0000,1,
6.8803,170.3900,INIT,STANCE,0.3773,-25.900,-58.200,-25.900,0.0000,0.0000,0.0873,0.0000,0.0873,0.0000,1,
6.8883,170.4000,INIT,STANCE,0.3864,-26.500,-57.200,-26.500,0.0000,0.0000,0.0858,0.0000,0.0858,0.0000,1,
6.9003,170.4100,INIT,STANCE,0.3956,-27.100,-59.000,-27.100,0.0000,0.0000,0.0885,0.0000,0.0885,0.0000,1,
6.9083,170.4200,INIT,STANCE,0.4048,-27.700,-56.200,-27.700,0.0000,0.0000,0.0843,0.0000,0.0843,0.0000,1,
6.9202,170.4300,INIT,STANCE,0.4139,-28.200,-53.900,-28.200,0.0000,0.0000,0.0809,0.0000,0.0809,0.0000,1,
6.9283,170.4400,INIT,STANCE,0.4231,-28.800,-52.600,-28.800,0.0000,0.0000,0.0789,0.0000,0.0789,0.0000,1,
6.9402,170.4500,INIT,STANCE,0.4322,-29.300,-54.200,-29.300,0.0000,0.0000,0.0813,0.0000,0.0813,0.0000,1,
6.9483,170.4600,INIT,STANCE,0.4414,-29.800,-58.100,-29.800,0.0000,0.0000,0.0872,0.0000,0.0872,0.0000,1,
6.9602,170.4700,INIT,STANCE,0.4505,-30.400,-58.700,-30.400,0.0000,0.0000,0.0881,0.0000,0.0881,0.0000,1,
6.9683,170.4800,INIT,STANCE,0.4597,-31.000,-59.700,-31.000,0.0000,0.0000,0.0896,0.0000,0.0896,0.0000,1,
6.9803,170.4900,INIT,STANCE,0.4689,-31.700,-63.100,-31.700,0.0000,0.0000,0.0946,0.0000,0.0946,0.0000,1,
6.9882,170.5000,INIT,STANCE,0.4780,-32.300,-68.900,-32.300,0.0000,0.0000,0.1034,0.0000,0.1034,0.0000,1,
7.0002,170.5100,INIT,STANCE,0.4872,-33.000,-72.300,-33.000,0.0000,0.0000,0.1085,0.0000,0.1085,0.0000,1,
7.0082,170.5200,INIT,STANCE,0.4963,-33.800,-77.000,-33.800,0.0000,0.0000,0.1155,0.0000,0.1155,0.0000,1,
7.0203,170.5300,INIT,STANCE,0.5055,-34.600,-86.300,-34.600,0.0000,0.0000,0.1295,0.0000,0.1295,0.0000,1,
7.0283,170.5400,INIT,STANCE,0.5147,-35.600,-95.800,-35.600,0.0000,0.0000,0.1437,0.0000,0.1437,0.0000,1,
7.0403,170.5500,INIT,STANCE,0.5238,-36.600,-103.400,-36.600,0.0000,0.0000,0.1551,0.0000,0.1551,0.0000,1,
7.0482,170.5600,INIT,STANCE,0.5330,-37.700,-113.300,-37.700,0.0000,0.0000,0.1699,0.0000,0.1699,0.0000,1,
7.0602,170.5700,INIT,STANCE,0.5421,-38.900,-121.600,-38.900,0.0000,0.0000,0.1824,0.0000,0.1824,0.0000,1,
7.0682,170.5800,INIT,STANCE,0.5513,-40.200,-132.000,-40.200,0.0000,0.0000,0.1980,0.0000,0.1980,0.0000,1,
7.0802,170.5900,INIT,STANCE,0.5604,-41.500,-142.100,-41.500,0.0000,0.0000,0.2132,0.0000,0.2132,0.0000,1,
7.0921,170.6000,INIT,STANCE,0.5696,-43.000,-153.100,-43.000,0.0000,0.0000,0.2296,0.0000,0.2296,0.0000,1,
7.1003,170.6200,INIT,STANCE,0.5879,-46.400,-176.200,-46.400,0.0000,0.0000,0.2643,0.0000,0.2643,0.0000,1,
7.1123,170.6300,INIT,STANCE,0.5971,-48.200,-188.700,-48.200,0.0000,0.0000,0.2830,0.0000,0.2830,0.0000,1,
7.1202,170.6400,INIT,STANCE,0.6062,-50.200,-202.700,-50.200,0.0000,0.0000,0.3040,0.0000,0.3040,0.0000,1,
7.1323,170.6500,INIT,STANCE,0.6154,-52.300,-217.100,-52.300,0.0000,0.0000,0.3256,0.0000,0.3256,0.0000,1,
7.1403,170.6600,INIT,STANCE,0.6245,-54.600,-226.700,-54.600,0.0000,0.0000,0.3400,0.0000,0.3400,0.0000,1,
7.1523,170.6700,INIT,STANCE,0.6337,-56.900,-237.800,-56.900,0.0000,0.0000,0.3567,0.0000,0.3567,0.0000,1,
7.1602,170.6800,INIT,STANCE,0.6429,-59.400,-254.400,-59.400,0.0000,0.0000,0.3816,0.0000,0.3816,0.0000,1,
7.1722,170.6900,INIT,STANCE,0.6520,-62.100,-270.800,-62.100,0.0000,0.0000,0.4062,0.0000,0.4062,0.0000,1,
7.1803,170.7000,INIT,STANCE,0.0000,-64.900,-284.800,-64.900,0.0000,0.0000,0.4272,0.0000,0.4272,0.0000,1,
7.1922,170.7100,BASELINE_COLLECTION,STANCE,0.0115,-67.800,-302.500,-67.800,0.0000,0.0000,0.4537,0.0000,0.4537,0.0000,1,
7.2002,170.7200,BASELINE_COLLECTION,STANCE,0.0230,-71.000,-323.200,-71.000,0.0000,0.0000,0.4848,0.0000,0.4848,0.0000,1,
7.2122,170.7300,BASELINE_COLLECTION,STANCE,0.0345,-74.300,-338.200,-74.300,0.0000,0.0000,0.5073,0.0000,0.5073,0.0000,1,
7.2202,170.7400,BASELINE_COLLECTION,STANCE,0.0460,-77.800,-354.000,-77.800,0.0000,0.0000,0.5310,0.0000,0.5310,0.0000,1,
7.2321,170.7500,BASELINE_COLLECTION,STANCE,0.0575,-81.500,-367.500,-81.500,0.0000,0.0000,0.5513,0.0000,0.5513,0.0000,1,
7.2402,170.7600,BASELINE_COLLECTION,STANCE,0.0690,-84.800,-375.900,-84.800,0.0000,0.0000,0.5638,0.0000,0.5638,0.0000,1,
7.2523,170.7700,BASELINE_COLLECTION,STANCE,0.0805,-88.600,-380.800,-88.600,0.0000,0.0000,0.5712,0.0000,0.5712,0.0000,1,
7.2602,170.7800,BASELINE_COLLECTION,STANCE,0.0920,-92.400,-370.300,-92.400,0.0000,0.0000,0.5554,0.0000,0.5554,0.0000,1,
7.2723,170.7900,BASELINE_COLLECTION,STANCE,0.1034,-96.000,-358.600,-96.000,0.0000,0.0000,0.5379,0.0000,0.5379,0.0000,1,
7.2803,170.8000,BASELINE_COLLECTION,STANCE,0.1149,-99.500,-347.300,-99.500,0.0000,0.0000,0.5210,0.0000,0.5210,0.0000,1,
7.2922,170.8100,BASELINE_COLLECTION,STANCE,0.1264,-102.800,-326.600,-102.800,0.0000,0.0000,0.4899,0.0000,0.4899,0.0000,1,
7.3003,170.8200,BASELINE_COLLECTION,STANCE,0.1379,-106.000,-307.800,-106.000,0.0000,0.0000,0.4617,0.0000,0.4617,0.0000,1,
7.3123,170.8300,BASELINE_COLLECTION,STANCE,0.1494,-108.900,-285.200,-108.900,0.0000,0.0000,0.4278,0.0000,0.4278,0.0000,1,
7.3202,170.8400,BASELINE_COLLECTION,STANCE,0.1609,-111.600,-255.100,-111.600,0.0000,0.0000,0.3826,0.0000,0.3826,0.0000,1,
7.3322,170.8500,BASELINE_COLLECTION,STANCE,0.1724,-113.900,-222.800,-113.900,0.0000,0.0000,0.3342,0.0000,0.3342,0.0000,1,
7.3402,170.8600,BASELINE_COLLECTION,STANCE,0.1839,-115.900,-185.100,-115.900,0.0000,0.0000,0.2777,0.0000,0.2777,0.0000,1,
7.3522,170.8700,BASELINE_COLLECTION,STANCE,0.1954,-117.400,-143.900,-117.400,0.0000,0.0000,0.2159,0.0000,0.2159,0.0000,1,
7.3640,170.8800,BASELINE_COLLECTION,STANCE,0.2069,-118.600,-100.700,-118.600,0.0000,0.0000,0.1511,0.0000,0.1511,0.0000,1,
7.3722,170.8900,BASELINE_COLLECTION,STANCE,0.2184,-119.300,-57.600,-119.300,0.0000,0.0000,0.0864,0.0000,0.0864,0.0000,1,
7.3803,170.9000,BASELINE_COLLECTION,STANCE,0.2299,-119.500,-11.900,-119.500,0.0000,0.0000,0.0179,0.0000,0.0179,0.0000,1,
7.3922,170.9100,BASELINE_COLLECTION,STANCE,0.2414,-119.400,23.700,-119.400,0.0000,0.0000,-0.0355,0.0000,-0.0355,0.0000,0,
7.4043,170.9200,BASELINE_COLLECTION,SWING,0.0043,-119.000,41.300,-119.000,0.0135,0.0000,-0.0619,0.0000,-0.0619,0.0000,0,
7.4162,170.9300,BASELINE_COLLECTION,SWING,0.0216,-118.500,55.500,-118.500,0.0677,0.0000,-0.0833,0.0000,-0.0833,0.0000,0,
7.4243,170.9400,BASELINE_COLLECTION,SWING,0.0388,-117.900,69.100,-117.900,0.1216,0.0000,-0.1036,0.0000,-0.1036,0.0000,0,
7.4363,170.9500,BASELINE_COLLECTION,SWING,0.0560,-117.100,85.100,-117.100,0.1751,0.0000,-0.1276,0.0000,-0.1276,0.0000,0,
7.4443,170.9600,BASELINE_COLLECTION,SWING,0.0733,-116.100,103.700,-116.100,0.2282,0.0000,-0.1555,0.0000,-0.1555,0.0000,0,
7.4563,170.9700,BASELINE_COLLECTION,SWING,0.0905,-114.900,120.300,-114.900,0.2806,0.0000,-0.1804,0.0000,-0.1804,0.0000,0,
7.4643,170.9800,BASELINE_COLLECTION,SWING,0.1078,-113.600,135.900,-113.600,0.3321,0.0000,-0.2039,0.0000,-0.2039,0.0000,0,
7.4763,170.9900,BASELINE_COLLECTION,SWING,0.1250,-112.200,151.300,-112.200,0.3827,0.0000,-0.2270,0.0000,-0.2270,0.0000,0,
7.4842,171.0000,BASELINE_COLLECTION,SWING,0.1422,-111.100,161.600,-111.100,0.4321,0.0000,-0.2424,0.0000,-0.2424,0.0000,0,
7.4963,171.0100,BASELINE_COLLECTION,SWING,0.1595,-108.500,187.800,-108.500,0.4803,0.0000,-0.2817,0.0000,-0.2817,0.0000,0,
7.5041,171.0200,BASELINE_COLLECTION,SWING,0.1767,-106.500,205.500,-106.500,0.5271,0.0000,-0.3083,0.0000,-0.3083,0.0000,0,
7.5162,171.0300,BASELINE_COLLECTION,SWING,0.1940,-104.400,220.800,-104.400,0.5723,0.0000,-0.3312,0.0000,-0.3312,0.0000,0,
7.5243,171.0400,BASELINE_COLLECTION,SWING,0.2112,-102.000,236.000,-102.000,0.6159,0.0000,-0.3540,0.0000,-0.3540,0.0000,0,
7.5363,171.0500,BASELINE_COLLECTION,SWING,0.2284,-99.600,252.700,-99.600,0.6576,0.0000,-0.3790,0.0000,-0.3790,0.0000,0,
7.5443,171.0600,BASELINE_COLLECTION,SWING,0.2457,-96.900,268.300,-96.900,0.6975,0.0000,-0.4025,0.0000,-0.4025,0.0000,0,
7.5562,171.0700,BASELINE_COLLECTION,SWING,0.2629,-94.200,277.100,-94.200,0.7352,0.0000,-0.4157,0.0000,-0.4157,0.0000,0,
7.5643,171.0800,BASELINE_COLLECTION,SWING,0.2802,-91.300,286.300,-91.300,0.7709,0.0000,-0.4294,0.0000,-0.4294,0.0000,0,
7.5763,171.0900,BASELINE_COLLECTION,SWING,0.2974,-88.400,294.900,-88.400,0.8042,0.0000,-0.4423,0.0000,-0.4423,0.0000,0,
7.5842,171.1000,BASELINE_COLLECTION,SWING,0.3147,-85.500,292.500,-85.500,0.8352,0.0000,-0.4388,0.0000,-0.4388,0.0000,0,
7.5963,171.1100,BASELINE_COLLECTION,SWING,0.3319,-82.600,283.800,-82.600,0.8638,0.0000,-0.4257,0.0000,-0.4257,0.0000,0,
7.6043,171.1200,BASELINE_COLLECTION,SWING,0.3491,-79.800,276.500,-79.800,0.8898,0.0000,-0.4148,0.0000,-0.4148,0.0000,0,
7.6162,171.1300,BASELINE_COLLECTION,SWING,0.3664,-77.100,269.300,-77.100,0.9132,0.0000,-0.4040,0.0000,-0.4040,0.0000,0,
7.6243,171.1400,BASELINE_COLLECTION,SWING,0.3836,-74.500,262.400,-74.500,0.9339,0.0000,-0.3936,0.0000,-0.3936,0.0000,0,
7.6363,171.1500,BASELINE_COLLECTION,SWING,0.4009,-71.900,258.700,-71.900,0.9519,0.0000,-0.3881,0.0000,-0.3881,0.0000,0,
7.6443,171.1600,BASELINE_COLLECTION,SWING,0.4181,-69.300,253.200,-69.300,0.9671,0.0000,-0.3798,0.0000,-0.3798,0.0000,0,
7.6562,171.1700,BASELINE_COLLECTION,SWING,0.4353,-66.900,241.100,-66.900,0.9794,0.0000,-0.3616,0.0000,-0.3616,0.0000,0,
7.6643,171.1800,BASELINE_COLLECTION,SWING,0.4526,-64.500,229.700,-64.500,0.9889,0.0000,-0.3445,0.0000,-0.3445,0.0000,0,
7.6762,171.1900,BASELINE_COLLECTION,SWING,0.4698,-62.300,216.500,-62.300,0.9955,0.0000,-0.3247,0.0000,-0.3247,0.0000,0,
7.6843,171.2000,BASELINE_COLLECTION,SWING,0.4871,-60.300,199.600,-60.300,0.9992,0.0000,-0.2994,0.0000,-0.2994,0.0000,0,
7.6962,171.2100,BASELINE_COLLECTION,SWING,0.5043,-58.400,179.700,-58.400,0.9999,0.0000,-0.2696,0.0000,-0.2696,0.0000,0,
7.7043,171.2200,BASELINE_COLLECTION,SWING,0.5216,-56.800,160.000,-56.800,0.9977,0.0000,-0.2400,0.0000,-0.2400,0.0000,0,
7.7162,171.2300,BASELINE_COLLECTION,SWING,0.5388,-55.300,144.100,-55.300,0.9926,0.0000,-0.2162,0.0000,-0.2162,0.0000,0,
7.7242,171.2400,BASELINE_COLLECTION,SWING,0.5560,-54.000,131.500,-54.000,0.9845,0.0000,-0.1973,0.0000,-0.1973,0.0000,0,
7.7363,171.2500,BASELINE_COLLECTION,SWING,0.5733,-52.800,120.100,-52.800,0.9736,0.0000,-0.1802,0.0000,-0.1802,0.0000,0,
7.7443,171.2600,BASELINE_COLLECTION,SWING,0.5905,-51.700,109.700,-51.700,0.9598,0.0000,-0.1646,0.0000,-0.1646,0.0000,0,
7.7561,171.2700,BASELINE_COLLECTION,SWING,0.6078,-50.700,100.100,-50.700,0.9432,0.0000,-0.1502,0.0000,-0.1502,0.0000,0,
7.7642,171.2800,BASELINE_COLLECTION,SWING,0.6250,-49.700,87.100,-49.700,0.9239,0.0000,-0.1306,0.0000,-0.1306,0.0000,0,
7.7762,171.2900,BASELINE_COLLECTION,SWING,0.6422,-49.000,71.000,-49.000,0.9018,0.0000,-0.1065,0.0000,-0.1065,0.0000,0,
7.7842,171.3000,BASELINE_COLLECTION,SWING,0.6595,-48.400,53.200,-48.400,0.8771,0.0000,-0.0798,0.0000,-0.0798,0.0000,0,
7.7962,171.3100,BASELINE_COLLECTION,SWING,0.6767,-48.000,33.800,-48.000,0.8498,0.0000,-0.0507,0.0000,-0.0507,0.0000,0,
7.8042,171.3200,BASELINE_COLLECTION,SWING,0.6940,-47.800,3.900,-47.800,0.8200,0.0000,-0.0059,0.0000,-0.0059,0.0000,0,
7.8161,171.3300,BASELINE_COLLECTION,SWING,0.7112,-47.900,-12.100,-47.900,0.7878,0.0000,0.0181,0.0000,0.0181,0.0000,1,
7.8242,171.3400,BASELINE_COLLECTION,SWING,0.7284,-48.100,-11.200,-48.100,0.7533,0.0000,0.0168,0.0000,0.0168,0.0000,1,
7.8363,171.3500,BASELINE_COLLECTION,SWING,0.7457,-48.200,-10.900,-48.200,0.7166,0.0000,0.0163,0.0000,0.0163,0.0000,1,
7.8443,171.3600,BASELINE_COLLECTION,SWING,0.7629,-48.300,-14.300,-48.300,0.6778,0.0000,0.0215,0.0000,0.0215,0.0000,1,
7.8563,171.3700,BASELINE_COLLECTION,SWING,0.7802,-48.500,-21.700,-48.500,0.6370,0.0000,0.0326,0.0000,0.0326,0.0000,1,
7.8643,171.3800,BASELINE_COLLECTION,SWING,0.7974,-48.700,-27.100,-48.700,0.5943,0.0000,0.0407,0.0000,0.0407,0.0000,1,
7.8762,171.3900,BASELINE_COLLECTION,SWING,0.8147,-49.000,-32.700,-49.000,0.5499,0.0000,0.0491,0.0000,0.0491,0.0000,1,
7.8842,171.4000,BASELINE_COLLECTION,SWING,0.8319,-49.400,-38.100,-49.400,0.5039,0.0000,0.0572,0.0000,0.0572,0.0000,1,
7.8962,171.4100,BASELINE_COLLECTION,SWING,0.8491,-49.800,-42.400,-49.800,0.4564,0.0000,0.0636,0.0000,0.0636,0.0000,1,
7.9042,171.4200,BASELINE_COLLECTION,SWING,0.8664,-50.200,-41.900,-50.200,0.4076,0.0000,0.0629,0.0000,0.0629,0.0000,1,
7.9162,171.4300,BASELINE_COLLECTION,SWING,0.8836,-50.600,-33.900,-50.600,0.3575,0.0000,0.0508,0.0000,0.0508,0.0000,1,
7.9242,171.4400,BASELINE_COLLECTION,SWING,0.9009,-50.800,-16.600,-50.800,0.3064,0.0000,0.0249,0.0000,0.0249,0.0000,1,
7.9362,171.4500,BASELINE_COLLECTION,SWING,0.9181,-50.900,1.500,-50.900,0.2545,0.0000,-0.0023,0.0000,-0.0023,0.0000,0,
7.9442,171.4600,BASELINE_COLLECTION,SWING,0.9353,-50.800,5.200,-50.800,0.2017,0.0000,-0.0078,0.0000,-0.0078,0.0000,0,
7.9562,171.4700,BASELINE_COLLECTION,SWING,0.9526,-50.800,-1.000,-50.800,0.1484,0.0000,0.0015,0.0000,0.0015,0.0000,1,
7.9641,171.4800,BASELINE_COLLECTION,SWING,0.9698,-50.800,-1.900,-50.800,0.0946,0.0000,0.0029,0.0000,0.0029,0.0000,1,
7.9763,171.4900,BASELINE_COLLECTION,SWING,0.9871,-50.800,-2.000,-50.800,0.0406,0.0000,0.0030,0.0000,0.0030,0.0000,1,
7.9843,171.5000,BASELINE_COLLECTION,STANCE,0.2529,-50.900,-4.000,-50.900,0.0000,0.0000,0.0060,0.0000,0.0060,0.0000,1,
7.9962,171.5100,BASELINE_COLLECTION,STANCE,0.2644,-50.900,-9.200,-50.900,0.0000,0.0000,0.0138,0.0000,0.0138,0.0000,1,
8.0043,171.5200,BASELINE_COLLECTION,STANCE,0.2759,-51.100,-18.700,-51.100,0.0000,0.0000,0.0280,0.0000,0.0280,0.0000,1,
8.0162,171.5300,BASELINE_COLLECTION,STANCE,0.2874,-51.300,-26.400,-51.300,0.0000,0.0000,0.0396,0.0000,0.0396,0.0000,1,
8.0242,171.5400,BASELINE_COLLECTION,STANCE,0.2989,-51.700,-36.600,-51.700,0.0000,0.0000,0.0549,0.0000,0.0549,0.0000,1,
8.0363,171.5500,BASELINE_COLLECTION,STANCE,0.3103,-52.100,-48.400,-52.100,0.0000,0.0000,0.0726,0.0000,0.0726,0.0000,1,
8.0442,171.5600,BASELINE_COLLECTION,STANCE,0.3218,-52.700,-62.200,-52.700,0.0000,0.0000,0.0933,0.0000,0.0933,0.0000,1,
8.0563,171.5700,BASELINE_COLLECTION,STANCE,0.3333,-53.400,-78.100,-53.400,0.0000,0.0000,0.1171,0.0000,0.1171,0.0000,1,
8.0642,171.5800,BASELINE_COLLECTION,STANCE,0.3448,-54.300,-92.600,-54.300,0.0000,0.0000,0.1389,0.0000,0.1389,0.0000,1,
8.0762,171.5900,BASELINE_COLLECTION,STANCE,0.3563,-55.400,-106.800,-55.400,0.0000,0.0000,0.1602,0.0000,0.1602,0.0000,1,
8.0841,171.6000,BASELINE_COLLECTION,STANCE,0.3678,-56.500,-121.900,-56.500,0.0000,0.0000,0.1829,0.0000,0.1829,0.0000,1,
8.0922,171.6100,BASELINE_COLLECTION,STANCE,0.3793,-57.800,-136.200,-57.800,0.0000,0.0000,0.2043,0.0000,0.2043,0.0000,1,
8.1043,171.6200,BASELINE_COLLECTION,STANCE,0.3908,-59.300,-150.800,-59.300,0.0000,0.0000,0.2262,0.0000,0.2262,0.0000,1,
8.1163,171.6300,BASELINE_COLLECTION,STANCE,0.4023,-60.900,-163.600,-60.900,0.0000,0.0000,0.2454,0.0000,0.2454,0.0000,1,
8.1243,171.6400,BASELINE_COLLECTION,STANCE,0.4138,-62.500,-170.300,-62.500,0.0000,0.0000,0.2555,0.0000,0.2555,0.0000,1,
8.1363,171.6500,BASELINE_COLLECTION,STANCE,0.4253,-64.300,-174.300,-64.300,0.0000,0.0000,0.2615,0.0000,0.2615,0.0000,1,
8.1442,171.6600,BASELINE_COLLECTION,STANCE,0.4368,-66.100,-174.300,-66.100,0.0000,0.0000,0.2615,0.0000,0.2615,0.0000,1,
8.1561,171.6700,BASELINE_COLLECTION,STANCE,0.4483,-67.800,-170.200,-67.800,0.0000,0.0000,0.2553,0.0000,0.2553,0.0000,1,
8.1643,171.6800,BASELINE_COLLECTION,STANCE,0.0000,-69.400,-163.200,-69.400,0.0000,0.0000,0.2448,0.0000,0.2448,0.0000,1,
8.1762,171.6900,BASELINE_COLLECTION,STANCE,0.0170,-71.000,-149.000,-71.000,0.0000,0.0000,0.2235,0.0000,0.2235,0.0000,1,
8.1841,171.7000,BASELINE_COLLECTION,STANCE,0.0340,-72.300,-130.200,-72.300,0.0000,0.0000,0.1953,0.0000,0.1953,0.0000,1,
8.1961,171.7100,BASELINE_COLLECTION,STANCE,0.0510,-73.500,-104.300,-73.500,0.0000,0.0000,0.1565,0.0000,0.1565,0.0000,1,
8.2041,171.7200,BASELINE_COLLECTION,STANCE,0.0680,-74.300,-78.400,-74.300,0.0000,0.0000,0.1176,0.0000,0.1176,0.0000,1,
8.2161,171.7300,BASELINE_COLLECTION,STANCE,0.0850,-74.900,-48.500,-74.900,0.0000,0.0000,0.0727,0.0000,0.0727,0.0000,1,
8.2242,171.7400,BASELINE_COLLECTION,STANCE,0.1020,-75.200,-15.300,-75.200,0.0000,0.0000,0.0230,0.0000,0.0230,0.0000,1,
8.2363,171.7500,BASELINE_COLLECTION,STANCE,0.1190,-75.100,12.500,-75.100,0.0000,0.0000,-0.0187,0.0000,-0.0187,0.0000,0,
8.2442,171.7600,BASELINE_COLLECTION,STANCE,0.1361,-74.900,26.100,-74.900,0.0000,0.0000,-0.0392,0.0000,-0.0392,0.0000,0,
8.2563,171.7700,BASELINE_COLLECTION,STANCE,0.1531,-74.600,37.700,-74.600,0.0000,0.0000,-0.0566,0.0000,-0.0566,0.0000,0,
8.2642,171.7800,BASELINE_COLLECTION,STANCE,0.1701,-74.100,45.600,-74.100,0.0000,0.0000,-0.0684,0.0000,-0.0684,0.0000,0,
8.2763,171.7900,BASELINE_COLLECTION,STANCE,0.1871,-73.600,50.000,-73.600,0.0000,0.0000,-0.0750,0.0000,-0.0750,0.0000,0,
8.2842,171.8000,BASELINE_COLLECTION,STANCE,0.2041,-73.100,56.200,-73.100,0.0000,0.0000,-0.0843,0.0000,-0.0843,0.0000,0,
8.2963,171.8100,BASELINE_COLLECTION,STANCE,0.2211,-72.500,64.600,-72.500,0.0000,0.0000,-0.0969,0.0000,-0.0969,0.0000,0,
8.3042,171.8200,BASELINE_COLLECTION,STANCE,0.2381,-71.700,75.500,-71.700,0.0000,0.0000,-0.1133,0.0000,-0.1133,0.0000,0,
8.3161,171.8300,BASELINE_COLLECTION,SWING,0.0077,-70.900,83.100,-70.900,0.0240,0.0000,-0.1246,0.0000,-0.1246,0.0000,0,
8.3241,171.8400,BASELINE_COLLECTION,SWING,0.0332,-70.000,91.100,-70.000,0.1040,0.0000,-0.1366,0.0000,-0.1366,0.0000,0,
8.3363,171.8500,BASELINE_COLLECTION,SWING,0.0587,-69.100,97.800,-69.100,0.1833,0.0000,-0.1467,0.0000,-0.1467,0.0000,0,
8.3443,171.8600,BASELINE_COLLECTION,SWING,0.0842,-68.100,99.200,-68.100,0.2614,0.0000,-0.1488,0.0000,-0.1488,0.0000,0,
8.3562,171.8700,BASELINE_COLLECTION,SWING,0.1097,-67.100,95.100,-67.100,0.3378,0.0000,-0.1426,0.0000,-0.1426,0.0000,0,
8.3642,171.8800,BASELINE_COLLECTION,SWING,0.1352,-66.200,86.800,-66.200,0.4121,0.0000,-0.1302,0.0000,-0.1302,0.0000,0,
8.3762,171.8900,BASELINE_COLLECTION,SWING,0.1607,-65.400,73.400,-65.400,0.4837,0.0000,-0.1101,0.0000,-0.1101,0.0000,0,
8.3842,171.9000,BASELINE_COLLECTION,SWING,0.1862,-64.800,63.600,-64.800,0.5522,0.0000,-0.0954,0.0000,-0.0954,0.0000,0,
8.3962,171.9100,BASELINE_COLLECTION,SWING,0.2117,-64.200,60.500,-64.200,0.6172,0.0000,-0.0907,0.0000,-0.0907,0.0000,0,
8.4042,171.9200,BASELINE_COLLECTION,SWING,0.2372,-63.600,59.000,-63.600,0.6782,0.0000,-0.0885,0.0000,-0.0885,0.0000,0,
8.4162,171.9300,BASELINE_COLLECTION,SWING,0.2628,-63.000,56.000,-63.000,0.7349,0.0000,-0.0840,0.0000,-0.0840,0.0000,0,
8.4241,171.9400,BASELINE_COLLECTION,SWING,0.2883,-62.400,54.400,-62.400,0.7868,0.0000,-0.0816,0.0000,-0.0816,0.0000,0,
8.4361,171.9500,BASELINE_COLLECTION,SWING,0.3138,-62.000,52.700,-62.000,0.8337,0.0000,-0.0791,0.0000,-0.0791,0.0000,0,
8.4442,171.9600,BASELINE_COLLECTION,SWING,0.3393,-61.400,49.700,-61.400,0.8752,0.0000,-0.0746,0.0000,-0.0746,0.0000,0,
8.4562,171.9700,BASELINE_COLLECTION,SWING,0.3648,-61.000,43.400,-61.000,0.9111,0.0000,-0.0651,0.0000,-0.0651,0.0000,0,
8.4641,171.9800,BASELINE_COLLECTION,SWING,0.3903,-60.600,33.700,-60.600,0.9412,0.0000,-0.0506,0.0000,-0.0506,0.0000,0,
8.4721,171.9900,BASELINE_COLLECTION,SWING,0.4158,-60.300,23.000,-60.300,0.9652,0.0000,-0.0345,0.0000,-0.0345,0.0000,0,
8.4842,172.0000,BASELINE_COLLECTION,SWING,0.4413,-60.200,15.100,-60.200,0.9831,0.0000,-0.0226,0.0000,-0.0226,0.0000,0,
8.5003,172.0100,BASELINE_COLLECTION,SWING,0.4668,-60.200,-5.700,-60.200,0.9946,0.0000,0.0086,0.0000,0.0086,0.0000,1,
8.5083,172.0200,BASELINE_COLLECTION,SWING,0.4923,-60.300,-7.000,-60.300,0.9997,0.0000,0.0105,0.0000,0.0105,0.0000,1,
8.5203,172.0300,BASELINE_COLLECTION,SWING,0.5179,-60.300,-3.900,-60.300,0.9984,0.0000,0.0059,0.0000,0.0059,0.0000,1,
8.5283,172.0400,BASELINE_COLLECTION,SWING,0.5434,-60.400,-7.200,-60.400,0.9907,0.0000,0.0108,0.0000,0.0108,0.0000,1,
8.5403,172.0500,BASELINE_COLLECTION,SWING,0.5689,-60.500,-17.900,-60.500,0.9767,0.0000,0.0268,0.0000,0.0268,0.0000,1,
8.5483,172.0600,BASELINE_COLLECTION,SWING,0.5944,-60.800,-37.400,-60.800,0.9564,0.0000,0.0561,0.0000,0.0561,0.0000,1,
8.5603,172.0700,BASELINE_COLLECTION,SWING,0.6199,-61.300,-60.800,-61.300,0.9299,0.0000,0.0912,0.0000,0.0912,0.0000,1,
8.5682,172.0800,BASELINE_COLLECTION,SWING,0.6454,-62.100,-84.500,-62.100,0.8975,0.0000,0.1268,0.0000,0.1268,0.0000,1,
8.5803,172.0900,BASELINE_COLLECTION,SWING,0.6709,-63.200,-112.300,-63.200,0.8593,0.0000,0.1684,0.0000,0.1684,0.0000,1,
8.5883,172.1000,BASELINE_COLLECTION,SWING,0.6964,-64.500,-141.300,-64.500,0.8156,0.0000,0.2120,0.0000,0.2120,0.0000,1,
8.6003,172.1100,BASELINE_COLLECTION,SWING,0.7219,-66.100,-169.700,-66.100,0.7666,0.0000,0.2545,0.0000,0.2545,0.0000,1,
8.6083,172.1200,BASELINE_COLLECTION,SWING,0.7474,-68.000,-196.000,-68.000,0.7128,0.0000,0.2940,0.0000,0.2940,0.0000,1,
8.6203,172.1300,BASELINE_COLLECTION,SWING,0.7730,-70.100,-221.500,-70.100,0.6543,0.0000,0.3322,0.0000,0.3322,0.0000,1,
8.6283,172.1400,BASELINE_COLLECTION,SWING,0.7985,-72.500,-244.700,-72.500,0.5917,0.0000,0.3670,0.0000,0.3670,0.0000,1,
8.6402,172.1500,BASELINE_COLLECTION,SWING,0.8240,-75.100,-263.300,-75.100,0.5252,0.0000,0.3950,0.0000,0.3950,0.0000,1,
8.6482,172.1600,BASELINE_COLLECTION,SWING,0.8495,-77.800,-280.800,-77.800,0.4554,0.0000,0.4212,0.0000,0.4212,0.0000,1,
8.6601,172.1700,BASELINE_COLLECTION,SWING,0.8750,-80.700,-292.800,-80.700,0.3827,0.0000,0.4392,0.0000,0.4392,0.0000,1,
8.6683,172.1800,BASELINE_COLLECTION,SWING,0.9005,-83.700,-298.500,-83.700,0.3075,0.0000,0.4478,0.0000,0.4478,0.0000,1,
8.6803,172.1900,BASELINE_COLLECTION,SWING,0.9260,-86.700,-301.500,-86.700,0.2303,0.0000,0.4522,0.0000,0.4522,0.0000,1,
8.6883,172.2000,BASELINE_COLLECTION,SWING,0.9515,-89.700,-297.900,-89.700,0.1517,0.0000,0.4468,0.0000,0.4468,0.0000,1,
8.7003,172.2100,BASELINE_COLLECTION,SWING,0.9770,-92.600,-285.900,-92.600,0.0721,0.0000,0.4288,0.0000,0.4288,0.0000,1,
8.7083,172.2200,BASELINE_COLLECTION,STANCE,0.2517,-95.400,-274.700,-95.400,0.0000,0.0000,0.4120,0.0000,0.4120,0.0000,1,
8.7203,172.2300,BASELINE_COLLECTION,STANCE,0.2687,-98.100,-266.500,-98.100,0.0000,0.0000,0.3997,0.0000,0.3997,0.0000,1,
8.7282,172.2400,BASELINE_COLLECTION,STANCE,0.2857,-100.600,-253.000,-100.600,0.0000,0.0000,0.3795,0.0000,0.3795,0.0000,1,
8.7403,172.2500,BASELINE_COLLECTION,STANCE,0.3027,-103.100,-238.200,-103.100,0.0000,0.0000,0.3573,0.0000,0.3573,0.0000,1,
8.7482,172.2600,BASELINE_COLLECTION,STANCE,0.3197,-105.400,-223.800,-105.400,0.0000,0.0000,0.3357,0.0000,0.3357,0.0000,1,
8.7603,172.2700,BASELINE_COLLECTION,STANCE,0.3367,-107.500,-207.000,-107.500,0.0000,0.0000,0.3105,0.0000,0.3105,0.0000,1,
8.7684,172.2800,BASELINE_COLLECTION,STANCE,0.3537,-109.400,-185.200,-109.400,0.0000,0.0000,0.2778,0.0000,0.2778,0.0000,1,
8.7803,172.2900,BASELINE_COLLECTION,STANCE,0.3707,-111.100,-157.200,-111.100,0.0000,0.0000,0.2358,0.0000,0.2358,0.0000,1,
8.7883,172.3000,BASELINE_COLLECTION,STANCE,0.3878,-112.400,-123.900,-112.400,0.0000,0.0000,0.1859,0.0000,0.1859,0.0000,1,
8.8003,172.3100,BASELINE_COLLECTION,STANCE,0.4048,-113.400,-88.100,-113.400,0.0000,0.0000,0.1321,0.0000,0.1321,0.0000,1,
8.8082,172.3200,BASELINE_COLLECTION,STANCE,0.4218,-114.000,-52.400,-114.000,0.0000,0.0000,0.0786,0.0000,0.0786,0.0000,1,
8.8202,172.3300,BASELINE_COLLECTION,STANCE,0.4388,-114.300,-13.600,-114.300,0.0000,0.0000,0.0204,0.0000,0.0204,0.0000,1,
8.8282,172.3400,BASELINE_COLLECTION,STANCE,0.4558,-114.200,18.000,-114.200,0.0000,0.0000,-0.0270,0.0000,-0.0270,0.0000,0,
8.8402,172.3500,BASELINE_COLLECTION,STANCE,0.4728,-113.900,33.100,-113.900,0.0000,0.0000,-0.0497,0.0000,-0.0497,0.0000,0,
8.8483,172.3600,BASELINE_COLLECTION,STANCE,0.4898,-113.500,42.900,-113.500,0.0000,0.0000,-0.0644,0.0000,-0.0644,0.0000,0,
8.8603,172.3700,BASELINE_COLLECTION,STANCE,0.5068,-113.000,54.600,-113.000,0.0000,0.0000,-0.0819,0.0000,-0.0819,0.0000,0,
8.8723,172.3800,BASELINE_COLLECTION,STANCE,0.5238,-112.400,68.200,-112.400,0.0000,0.0000,-0.1023,0.0000,-0.1023,0.0000,0,
8.8803,172.4000,BASELINE_COLLECTION,STANCE,0.5578,-110.600,103.200,-110.600,0.0000,0.0000,-0.1548,0.0000,-0.1548,0.0000,0,
8.8923,172.4100,BASELINE_COLLECTION,STANCE,0.5748,-109.400,121.100,-109.400,0.0000,0.0000,-0.1817,0.0000,-0.1817,0.0000,0,
8.9003,172.4200,BASELINE_COLLECTION,STANCE,0.5918,-108.100,140.000,-108.100,0.0000,0.0000,-0.2100,0.0000,-0.2100,0.0000,0,
8.9123,172.4300,BASELINE_COLLECTION,STANCE,0.6088,-106.600,160.600,-106.600,0.0000,0.0000,-0.2409,0.0000,-0.2409,0.0000,0,
8.9202,172.4400,BASELINE_COLLECTION,STANCE,0.6259,-104.800,182.600,-104.800,0.0000,0.0000,-0.2739,0.0000,-0.2739,0.0000,0,
8.9323,172.4500,BASELINE_COLLECTION,STANCE,0.6429,-102.800,204.100,-102.800,0.0000,0.0000,-0.3061,0.0000,-0.3061,0.0000,0,
8.9402,172.4600,BASELINE_COLLECTION,STANCE,0.6599,-100.600,226.800,-100.600,0.0000,0.0000,-0.3402,0.0000,-0.3402,0.0000,0,
8.9523,172.4700,BASELINE_COLLECTION,STANCE,0.6769,-98.200,251.000,-98.200,0.0000,0.0000,-0.3765,0.0000,-0.3765,0.0000,0,
8.9603,172.4800,BASELINE_COLLECTION,STANCE,0.6939,-95.500,273.300,-95.500,0.0000,0.0000,-0.4100,0.0000,-0.4100,0.0000,0,
8.9722,172.4900,BASELINE_COLLECTION,STANCE,0.7109,-92.700,292.700,-92.700,0.0000,0.0000,-0.4390,0.0000,-0.4390,0.0000,0,
8.9802,172.5000,BASELINE_COLLECTION,STANCE,0.7279,-89.500,319.200,-89.500,0.0000,0.0000,-0.4788,0.0000,-0.4788,0.0000,0,
8.9922,172.5100,BASELINE_COLLECTION,STANCE,0.7449,-86.200,341.800,-86.200,0.0000,0.0000,-0.5127,0.0000,-0.5127,0.0000,0,
9.0002,172.5200,BASELINE_COLLECTION,STANCE,0.7619,-82.700,358.200,-82.700,0.0000,0.0000,-0.5373,0.0000,-0.5373,0.0000,0,
9.0122,172.5300,BASELINE_COLLECTION,STANCE,0.7789,-78.900,376.400,-78.900,0.0000,0.0000,-0.5646,0.0000,-0.5646,0.0000,0,
9.0202,172.5400,BASELINE_COLLECTION,STANCE,0.7959,-75.100,392.400,-75.100,0.0000,0.0000,-0.5886,0.0000,-0.5886,0.0000,0,
9.0322,172.5500,BASELINE_COLLECTION,STANCE,0.8129,-71.000,409.600,-71.000,0.0000,0.0000,-0.6144,0.0000,-0.6144,0.0000,0,
9.0403,172.5600,BASELINE_COLLECTION,STANCE,0.8299,-66.900,415.900,-66.900,0.0000,0.0000,-0.6239,0.0000,-0.6239,0.0000,0,
9.0522,172.5700,BASELINE_COLLECTION,STANCE,0.8469,-62.700,413.400,-62.700,0.0000,0.0000,-0.6201,0.0000,-0.6201,0.0000,0,
9.0602,172.5800,BASELINE_COLLECTION,STANCE,0.8639,-58.600,406.300,-58.600,0.0000,0.0000,-0.6095,0.0000,-0.6095,0.0000,0,
9.0722,172.5900,BASELINE_COLLECTION,STANCE,0.8810,-54.700,385.100,-54.700,0.0000,0.0000,-0.5776,0.0000,-0.5776,0.0000,0,
9.0803,172.6000,BASELINE_COLLECTION,STANCE,0.8980,-51.000,359.000,-51.000,0.0000,0.0000,-0.5385,0.0000,-0.5385,0.0000,0,
9.0923,172.6100,BASELINE_COLLECTION,STANCE,0.9150,-47.800,309.300,-47.800,0.0000,0.0000,-0.4640,0.0000,-0.4640,0.0000,0,
9.1002,172.6200,BASELINE_COLLECTION,STANCE,0.9320,-45.100,254.900,-45.100,0.0000,0.0000,-0.3824,0.0000,-0.3824,0.0000,0,
9.1123,172.6300,BASELINE_COLLECTION,STANCE,0.9490,-42.900,204.700,-42.900,0.0000,0.0000,-0.3070,0.0000,-0.3070,0.0000,0,
9.1203,172.6400,BASELINE_COLLECTION,STANCE,0.9660,-41.100,155.700,-41.100,0.0000,0.0000,-0.2335,0.0000,-0.2335,0.0000,0,
9.1323,172.6500,BASELINE_COLLECTION,STANCE,0.9830,-39.900,114.000,-39.900,0.0000,0.0000,-0.1710,0.0000,-0.1710,0.0000,0,
9.1403,172.6600,BASELINE_COLLECTION,STANCE,1.0000,-39.000,82.200,-39.000,0.0000,0.0000,-0.1233,0.0000,-0.1233,0.0000,0,
9.1523,172.6700,BASELINE_COLLECTION,STANCE,1.0000,-38.300,59.700,-38.300,0.0000,0.0000,-0.0896,0.0000,-0.0896,0.0000,0,
9.1603,172.6800,BASELINE_COLLECTION,STANCE,1.0000,-37.800,42.300,-37.800,0.0000,0.0000,-0.0634,0.0000,-0.0634,0.0000,0,
9.1721,172.6900,BASELINE_COLLECTION,STANCE,1.0000,-37.500,29.600,-37.500,0.0000,0.0000,-0.0444,0.0000,-0.0444,0.0000,0,
9.1802,172.7000,BASELINE_COLLECTION,STANCE,1.0000,-37.300,17.400,-37.300,0.0000,0.0000,-0.0261,0.0000,-0.0261,0.0000,0,
9.1921,172.7100,BASELINE_COLLECTION,STANCE,1.0000,-37.200,10.200,-37.200,0.0000,0.0000,-0.0153,0.0000,-0.0153,0.0000,0,
9.2002,172.7200,BASELINE_COLLECTION,STANCE,1.0000,-37.100,0.400,-37.100,0.0000,0.0000,-0.0006,0.0000,-0.0006,0.0000,0,
9.2121,172.7300,BASELINE_COLLECTION,STANCE,1.0000,-37.200,-0.700,-37.200,0.0000,0.0000,0.0010,0.0000,0.0010,0.0000,1,
9.2202,172.7400,BASELINE_COLLECTION,STANCE,1.0000,-37.200,0.200,-37.200,0.0000,0.0000,-0.0003,0.0000,-0.0003,0.0000,0,
9.2320,172.7500,BASELINE_COLLECTION,STANCE,1.0000,-37.200,-0.400,-37.200,0.0000,0.0000,0.0006,0.0000,0.0006,0.0000,1,
9.2403,172.7600,BASELINE_COLLECTION,STANCE,1.0000,-37.200,0.000,-37.200,0.0000,0.0000,0.0000,0.0000,0.0000,0.0000,0,
9.2523,172.7700,BASELINE_COLLECTION,STANCE,1.0000,-37.200,0.100,-37.200,0.0000,0.0000,-0.0002,0.0000,-0.0002,0.0000,0,
9.2603,172.7800,BASELINE_COLLECTION,STANCE,1.0000,-37.200,-0.100,-37.200,0.0000,0.0000,0.0002,0.0000,0.0002,0.0000,1,
9.2724,172.7900,BASELINE_COLLECTION,STANCE,1.0000,-37.200,-0.300,-37.200,0.0000,0.0000,0.0004,0.0000,0.0004,0.0000,1,
9.2803,172.8000,BASELINE_COLLECTION,STANCE,1.0000,-37.200,0.100,-37.200,0.0000,0.0000,-0.0002,0.0000,-0.0002,0.0000,0,
9.2923,172.8100,BASELINE_COLLECTION,STANCE,1.0000,-37.200,-1.000,-37.200,0.0000,0.0000,0.0015,0.0000,0.0015,0.0000,1,
9.3003,172.8200,BASELINE_COLLECTION,STANCE,1.0000,-37.200,-0.300,-37.200,0.0000,0.0000,0.0004,0.0000,0.0004,0.0000,1,
9.3123,172.8300,BASELINE_COLLECTION,STANCE,1.0000,-37.200,-2.800,-37.200,0.0000,0.0000,0.0042,0.0000,0.0042,0.0000,1,
9.3203,172.8400,BASELINE_COLLECTION,STANCE,1.0000,-37.200,-4.900,-37.200,0.0000,0.0000,0.0074,0.0000,0.0074,0.0000,1,
9.3323,172.8500,BASELINE_COLLECTION,STANCE,1.0000,-37.300,-7.400,-37.300,0.0000,0.0000,0.0111,0.0000,0.0111,0.0000,1,
9.3403,172.8600,BASELINE_COLLECTION,STANCE,1.0000,-37.400,-14.300,-37.400,0.0000,0.0000,0.0215,0.0000,0.0215,0.0000,1,
9.3522,172.8700,BASELINE_COLLECTION,STANCE,1.0000,-37.600,-21.800,-37.600,0.0000,0.0000,0.0327,0.0000,0.0327,0.0000,1,
9.3640,172.8800,BASELINE_COLLECTION,STANCE,1.0000,-37.900,-25.700,-37.900,0.0000,0.0000,0.0386,0.0000,0.0386,0.0000,1,
9.3721,172.8900,BASELINE_COLLECTION,STANCE,1.0000,-38.100,-29.100,-38.100,0.0000,0.0000,0.0437,0.0000,0.0437,0.0000,1,
9.3799,172.9000,BASELINE_COLLECTION,STANCE,1.0000,-38.500,-33.300,-38.500,0.0000,0.0000,0.0499,0.0000,0.0499,0.0000,1,
9.3961,172.9100,BASELINE_COLLECTION,STANCE,1.0000,-38.800,-39.200,-38.800,0.0000,0.0000,0.0588,0.0000,0.0588,0.0000,1,
9.4042,172.9200,BASELINE_COLLECTION,STANCE,1.0000,-39.300,-43.400,-39.300,0.0000,0.0000,0.0651,0.0000,0.0651,0.0000,1,
9.4123,172.9300,BASELINE_COLLECTION,STANCE,1.0000,-39.700,-49.300,-39.700,0.0000,0.0000,0.0740,0.0000,0.0740,0.0000,1,
9.4243,172.9400,BASELINE_COLLECTION,STANCE,1.0000,-40.300,-56.700,-40.300,0.0000,0.0000,0.0851,0.0000,0.0851,0.0000,1,
9.4363,172.9500,BASELINE_COLLECTION,STANCE,1.0000,-40.900,-59.400,-40.900,0.0000,0.0000,0.0891,0.0000,0.0891,0.0000,1,
9.4443,172.9600,BASELINE_COLLECTION,STANCE,1.0000,-41.500,-62.500,-41.500,0.0000,0.0000,0.0938,0.0000,0.0938,0.0000,1,
9.4602,172.9700,BASELINE_COLLECTION,STANCE,1.0000,-42.200,-69.500,-42.200,0.0000,0.0000,0.1042,0.0000,0.1042,0.0000,1,
9.4683,172.9800,BASELINE_COLLECTION,STANCE,1.0000,-42.900,-76.000,-42.900,0.0000,0.0000,0.1140,0.0000,0.1140,0.0000,1,
9.4803,172.9900,BASELINE_COLLECTION,STANCE,1.0000,-43.700,-77.000,-43.700,0.0000,0.0000,0.1155,0.0000,0.1155,0.0000,1,
9.4883,173.0000,BASELINE_COLLECTION,STANCE,1.0000,-44.100,-76.600,-44.100,0.0000,0.0000,0.1149,0.0000,0.1149,0.0000,1,
9.5003,173.0100,BASELINE_COLLECTION,STANCE,1.0000,-45.300,-76.500,-45.300,0.0000,0.0000,0.1148,0.0000,0.1148,0.0000,1,
9.5083,173.0200,BASELINE_COLLECTION,STANCE,1.0000,-46.000,-71.700,-46.000,0.0000,0.0000,0.1076,0.0000,0.1076,0.0000,1,
9.5203,173.0300,BASELINE_COLLECTION,STANCE,1.0000,-46.700,-62.200,-46.700,0.0000,0.0000,0.0933,0.0000,0.0933,0.0000,1,
9.5283,173.0400,BASELINE_COLLECTION,STANCE,1.0000,-47.200,-51.600,-47.200,0.0000,0.0000,0.0774,0.0000,0.0774,0.0000,1,
9.5404,173.0500,BASELINE_COLLECTION,STANCE,1.0000,-47.700,-44.000,-47.700,0.0000,0.0000,0.0660,0.0000,0.0660,0.0000,1,
9.5483,173.0600,BASELINE_COLLECTION,STANCE,1.0000,-48.100,-38.500,-48.100,0.0000,0.0000,0.0578,0.0000,0.0578,0.0000,1,
9.5602,173.0700,BASELINE_COLLECTION,STANCE,1.0000,-48.400,-30.100,-48.400,0.0000,0.0000,0.0452,0.0000,0.0452,0.0000,1,
9.5683,173.0800,BASELINE_COLLECTION,STANCE,1.0000,-48.700,-23.100,-48.700,0.0000,0.0000,0.0347,0.0000,0.0347,0.0000,1,
9.5802,173.0900,BASELINE_COLLECTION,STANCE,1.0000,-48.900,-21.700,-48.900,0.0000,0.0000,0.0326,0.0000,0.0326,0.0000,1,
9.5923,173.1000,BASELINE_COLLECTION,STANCE,1.0000,-49.100,-22.200,-49.100,0.0000,0.0000,0.0333,0.0000,0.0333,0.0000,1,
9.6003,173.1200,BASELINE_COLLECTION,STANCE,1.0000,-49.600,-29.000,-49.600,0.0000,0.0000,0.0435,0.0000,0.0435,0.0000,1,
9.6162,173.1300,BASELINE_COLLECTION,STANCE,1.0000,-49.900,-34.000,-49.900,0.0000,0.0000,0.0510,0.0000,0.0510,0.0000,1,
9.6243,173.1400,BASELINE_COLLECTION,STANCE,1.0000,-50.300,-39.900,-50.300,0.0000,0.0000,0.0599,0.0000,0.0599,0.0000,1,
9.6363,173.1500,BASELINE_COLLECTION,STANCE,1.0000,-50.800,-46.800,-50.800,0.0000,0.0000,0.0702,0.0000,0.0702,0.0000,1,
9.6443,173.1600,BASELINE_COLLECTION,STANCE,1.0000,-51.300,-50.400,-51.300,0.0000,0.0000,0.0756,0.0000,0.0756,0.0000,1,
9.6563,173.1700,BASELINE_COLLECTION,STANCE,1.0000,-51.800,-54.200,-51.800,0.0000,0.0000,0.0813,0.0000,0.0813,0.0000,1,
9.6643,173.1800,BASELINE_COLLECTION,STANCE,1.0000,-52.400,-58.200,-52.400,0.0000,0.0000,0.0873,0.0000,0.0873,0.0000,1,
9.6763,173.1900,BASELINE_COLLECTION,STANCE,1.0000,-52.900,-61.500,-52.900,0.0000,0.0000,0.0922,0.0000,0.0922,0.0000,1,
9.6843,173.2000,BASELINE_COLLECTION,STANCE,1.0000,-53.600,-64.500,-53.600,0.0000,0.0000,0.0968,0.0000,0.0968,0.0000,1,
9.6963,173.2100,BASELINE_COLLECTION,STANCE,1.0000,-54.200,-64.000,-54.200,0.0000,0.0000,0.0960,0.0000,0.0960,0.0000,1,
9.7043,173.2200,BASELINE_COLLECTION,STANCE,1.0000,-54.900,-62.400,-54.900,0.0000,0.0000,0.0936,0.0000,0.0936,0.0000,1,
9.7162,173.2300,BASELINE_COLLECTION,STANCE,1.0000,-55.500,-60.300,-55.500,0.0000,0.0000,0.0905,0.0000,0.0905,0.0000,1,
9.7243,173.2400,BASELINE_COLLECTION,STANCE,1.0000,-56.100,-60.100,-56.100,0.0000,0.0000,0.0902,0.0000,0.0902,0.0000,1,
9.7363,173.2500,BASELINE_COLLECTION,STANCE,1.0000,-56.700,-56.700,-56.700,0.0000,0.0000,0.0851,0.0000,0.0851,0.0000,1,
9.7443,173.2600,BASELINE_COLLECTION,STANCE,1.0000,-57.200,-53.700,-57.200,0.0000,0.0000,0.0806,0.0000,0.0806,0.0000,1,
9.7562,173.2700,BASELINE_COLLECTION,STANCE,1.0000,-57.800,-52.800,-57.800,0.0000,0.0000,0.0792,0.0000,0.0792,0.0000,1,
9.7642,173.2800,BASELINE_COLLECTION,STANCE,1.0000,-58.300,-52.800,-58.300,0.0000,0.0000,0.0792,0.0000,0.0792,0.0000,1,
9.7761,173.2900,BASELINE_COLLECTION,STANCE,1.0000,-58.800,-52.100,-58.800,0.0000,0.0000,0.0781,0.0000,0.0781,0.0000,1,
9.7842,173.3000,BASELINE_COLLECTION,STANCE,1.0000,-59.300,-48.800,-59.300,0.0000,0.0000,0.0732,0.0000,0.0732,0.0000,1,
9.7962,173.3100,BASELINE_COLLECTION,STANCE,1.0000,-59.800,-47.200,-59.800,0.0000,0.0000,0.0708,0.0000,0.0708,0.0000,1,
9.8043,173.3200,BASELINE_COLLECTION,STANCE,1.0000,-60.200,-46.600,-60.200,0.0000,0.0000,0.0699,0.0000,0.0699,0.0000,1,
9.8163,173.3300,BASELINE_COLLECTION,STANCE,1.0000,-60.700,-46.600,-60.700,0.0000,0.0000,0.0699,0.0000,0.0699,0.0000,1,
9.8242,173.3400,BASELINE_COLLECTION,STANCE,1.0000,-61.200,-47.600,-61.200,0.0000,0.0000,0.0714,0.0000,0.0714,0.0000,1,
9.8363,173.3500,BASELINE_COLLECTION,STANCE,1.0000,-61.700,-47.800,-61.700,0.0000,0.0000,0.0717,0.0000,0.0717,0.0000,1,
9.8444,173.3600,BASELINE_COLLECTION,STANCE,1.0000,-62.100,-47.500,-62.100,0.0000,0.0000,0.0713,0.0000,0.0713,0.0000,1,
9.8563,173.3700,BASELINE_COLLECTION,STANCE,1.0000,-62.600,-48.700,-62.600,0.0000,0.0000,0.0731,0.0000,0.0731,0.0000,1,
9.8643,173.3800,BASELINE_COLLECTION,STANCE,1.0000,-63.100,-51.800,-63.100,0.0000,0.0000,0.0777,0.0000,0.0777,0.0000,1,
9.8763,173.3900,BASELINE_COLLECTION,STANCE,1.0000,-63.700,-56.700,-63.700,0.0000,0.0000,0.0851,0.0000,0.0851,0.0000,1,
9.8843,173.4000,BASELINE_COLLECTION,STANCE,1.0000,-64.300,-58.500,-64.300,0.0000,0.0000,0.0878,0.0000,0.0878,0.0000,1,
9.8963,173.4100,BASELINE_COLLECTION,STANCE,1.0000,-64.900,-61.100,-64.900,0.0000,0.0000,0.0917,0.0000,0.0917,0.0000,1,
9.9043,173.4200,BASELINE_COLLECTION,STANCE,1.0000,-65.500,-65.600,-65.500,0.0000,0.0000,0.0984,0.0000,0.0984,0.0000,1,
9.9163,173.4300,BASELINE_COLLECTION,STANCE,1.0000,-66.200,-71.000,-66.200,0.0000,0.0000,0.1065,0.0000,0.1065,0.0000,1,
9.9241,173.4400,BASELINE_COLLECTION,STANCE,1.0000,-67.000,-76.400,-67.000,0.0000,0.0000,0.1146,0.0000,0.1146,0.0000,1,
9.9320,173.4500,BASELINE_COLLECTION,STANCE,1.0000,-67.700,-81.100,-67.700,0.0000,0.0000,0.1216,0.0000,0.1216,0.0000,1,
9.9442,173.4600,BASELINE_COLLECTION,STANCE,1.0000,-68.600,-86.600,-68.600,0.0000,0.0000,0.1299,0.0000,0.1299,0.0000,1,
9.9562,173.4700,BASELINE_COLLECTION,STANCE,1.0000,-69.500,-93.300,-69.500,0.0000,0.0000,0.1399,0.0000,0.1399,0.0000,1,
9.9643,173.4800,BASELINE_COLLECTION,STANCE,0.0000,-70.500,-99.800,-70.500,0.0000,0.0000,0.1497,0.0000,0.1497,0.0000,1,
9.9761,173.4900,BASELINE_COLLECTION,STANCE,0.0093,-71.500,-106.900,-71.500,0.0000,0.0000,0.1604,0.0000,0.1604,0.0000,1,
9.9841,173.5000,BASELINE_COLLECTION,STANCE,0.0185,-72.600,-111.400,-72.600,0.0000,0.0000,0.1671,0.0000,0.1671,0.0000,1,
9.9962,173.5100,BASELINE_COLLECTION,STANCE,0.0278,-73.800,-114.500,-73.800,0.0000,0.0000,0.1718,0.0000,0.1718,0.0000,1,
10.0040,173.5200,BASELINE_COLLECTION,STANCE,0.0370,-75.000,-120.600,-75.000,0.0000,0.0000,0.1809,0.0000,0.1809,0.0000,1,
10.0161,173.5300,BASELINE_COLLECTION,STANCE,0.0463,-76.200,-129.900,-76.200,0.0000,0.0000,0.1949,0.0000,0.1949,0.0000,1,
10.0241,173.5400,BASELINE_COLLECTION,STANCE,0.0556,-77.600,-144.700,-77.600,0.0000,0.0000,0.2170,0.0000,0.2170,0.0000,1,
10.0363,173.5500,BASELINE_COLLECTION,STANCE,0.0648,-79.200,-159.400,-79.200,0.0000,0.0000,0.2391,0.0000,0.2391,0.0000,1,
10.0443,173.5600,BASELINE_COLLECTION,STANCE,0.0741,-80.900,-172.600,-80.900,0.0000,0.0000,0.2589,0.0000,0.2589,0.0000,1,
10.0563,173.5700,BASELINE_COLLECTION,STANCE,0.0833,-82.700,-186.200,-82.700,0.0000,0.0000,0.2793,0.0000,0.2793,0.0000,1,
10.0643,173.5800,BASELINE_COLLECTION,STANCE,0.0926,-84.600,-196.800,-84.600,0.0000,0.0000,0.2952,0.0000,0.2952,0.0000,1,
10.0763,173.5900,BASELINE_COLLECTION,STANCE,0.1019,-86.700,-207.300,-86.700,0.0000,0.0000,0.3110,0.0000,0.3110,0.0000,1,
10.0843,173.6000,BASELINE_COLLECTION,STANCE,0.1111,-88.800,-214.300,-88.800,0.0000,0.0000,0.3215,0.0000,0.3215,0.0000,1,
10.0963,173.6100,BASELINE_COLLECTION,STANCE,0.1204,-91.000,-218.700,-91.000,0.0000,0.0000,0.3281,0.0000,0.3281,0.0000,1,
10.1043,173.6200,BASELINE_COLLECTION,STANCE,0.1296,-93.200,-221.000,-93.200,0.0000,0.0000,0.3315,0.0000,0.3315,0.0000,1,
10.1163,173.6300,BASELINE_COLLECTION,STANCE,0.1389,-95.400,-226.600,-95.400,0.0000,0.0000,0.3399,0.0000,0.3399,0.0000,1,
10.1244,173.6400,BASELINE_COLLECTION,STANCE,0.1481,-97.700,-233.400,-97.700,0.0000,0.0000,0.3501,0.0000,0.3501,0.0000,1,
10.1362,173.6500,BASELINE_COLLECTION,STANCE,0.1574,-100.100,-236.400,-100.100,0.0000,0.0000,0.3546,0.0000,0.3546,0.0000,1,
10.1444,173.6600,BASELINE_COLLECTION,STANCE,0.1667,-102.400,-233.700,-102.400,0.0000,0.0000,0.3505,0.0000,0.3505,0.0000,1,
10.1562,173.6700,BASELINE_COLLECTION,STANCE,0.1759,-104.700,-227.500,-104.700,0.0000,0.0000,0.3412,0.0000,0.3412,0.0000,1,
10.1643,173.6800,BASELINE_COLLECTION,STANCE,0.1852,-106.900,-217.100,-106.900,0.0000,0.0000,0.3256,0.0000,0.3256,0.0000,1,
10.1764,173.6900,BASELINE_COLLECTION,STANCE,0.1944,-109.000,-198.300,-109.000,0.0000,0.0000,0.2975,0.0000,0.2975,0.0000,1,
10.1843,173.7000,BASELINE_COLLECTION,STANCE,0.2037,-110.800,-170.400,-110.800,0.0000,0.0000,0.2556,0.0000,0.2556,0.0000,1,
10.1963,173.7100,BASELINE_COLLECTION,STANCE,0.2130,-112.300,-136.400,-112.300,0.0000,0.0000,0.2046,0.0000,0.2046,0.0000,1,
10.2043,173.7200,BASELINE_COLLECTION,STANCE,0.2222,-113.300,-101.400,-113.300,0.0000,0.0000,0.1521,0.0000,0.1521,0.0000,1,
10.2161,173.7300,BASELINE_COLLECTION,STANCE,0.2315,-114.000,-62.800,-114.000,0.0000,0.0000,0.0942,0.0000,0.0942,0.0000,1,
10.2280,173.7400,BASELINE_COLLECTION,STANCE,0.2407,-114.400,-21.800,-114.400,0.0000,0.0000,0.0327,0.0000,0.0327,0.0000,1,
10.2399,173.7500,BASELINE_COLLECTION,SWING,0.0000,-114.300,16.900,-114.300,0.0000,0.0000,-0.0253,0.0000,-0.0253,0.0000,0,
10.2483,173.7600,BASELINE_COLLECTION,SWING,0.0139,-114.000,38.900,-114.000,0.0436,0.0000,-0.0583,0.0000,-0.0583,0.0000,0,
10.2561,173.7700,BASELINE_COLLECTION,SWING,0.0278,-113.500,55.500,-113.500,0.0872,0.0000,-0.0833,0.0000,-0.0833,0.0000,0,
10.2682,173.7800,BASELINE_COLLECTION,SWING,0.0417,-112.800,71.600,-112.800,0.1305,0.0000,-0.1074,0.0000,-0.1074,0.0000,0,
10.2762,173.7900,BASELINE_COLLECTION,SWING,0.0556,-112.000,88.500,-112.000,0.1736,0.0000,-0.1328,0.0000,-0.1328,0.0000,0,
10.2882,173.8000,BASELINE_COLLECTION,SWING,0.0694,-110.900,107.600,-110.900,0.2164,0.0000,-0.1614,0.0000,-0.1614,0.0000,0,
10.2963,173.8100,BASELINE_COLLECTION,SWING,0.0833,-109.700,126.600,-109.700,0.2588,0.0000,-0.1899,0.0000,-0.1899,0.0000,0,
10.3082,173.8200,BASELINE_COLLECTION,SWING,0.0972,-108.300,147.700,-108.300,0.3007,0.0000,-0.2215,0.0000,-0.2215,0.0000,0,
10.3162,173.8300,BASELINE_COLLECTION,SWING,0.1111,-106.700,169.300,-106.700,0.3420,0.0000,-0.2540,0.0000,-0.2540,0.0000,0,
10.3283,173.8400,BASELINE_COLLECTION,SWING,0.1250,-104.900,190.900,-104.900,0.3827,0.0000,-0.2863,0.0000,-0.2863,0.0000,0,
10.3402,173.8500,BASELINE_COLLECTION,SWING,0.1389,-102.800,211.500,-102.800,0.4226,0.0000,-0.3173,0.0000,-0.3173,0.0000,0,
10.3483,173.8600,BASELINE_COLLECTION,SWING,0.1528,-100.500,234.000,-100.500,0.4617,0.0000,-0.3510,0.0000,-0.3510,0.0000,0,
10.3602,173.8700,BASELINE_COLLECTION,SWING,0.1667,-98.000,258.900,-98.000,0.5000,0.0000,-0.3883,0.0000,-0.3883,0.0000,0,
10.3682,173.8800,BASELINE_COLLECTION,SWING,0.1806,-95.300,280.600,-95.300,0.5373,0.0000,-0.4209,0.0000,-0.4209,0.0000,0,
10.3803,173.8900,BASELINE_COLLECTION,SWING,0.1944,-92.300,301.800,-92.300,0.5736,0.0000,-0.4527,0.0000,-0.4527,0.0000,0,
10.3882,173.9000,BASELINE_COLLECTION,SWING,0.2083,-89.100,330.100,-89.100,0.6088,0.0000,-0.4952,0.0000,-0.4952,0.0000,0,
10.4002,173.9100,BASELINE_COLLECTION,SWING,0.2222,-85.600,353.900,-85.600,0.6428,0.0000,-0.5308,0.0000,-0.5308,0.0000,0,
10.4082,173.9200,BASELINE_COLLECTION,SWING,0.2361,-82.000,372.500,-82.000,0.6756,0.0000,-0.5587,0.0000,-0.5587,0.0000,0,
10.4202,173.9300,BASELINE_COLLECTION,SWING,0.2500,-78.100,392.900,-78.100,0.7071,0.0000,-0.5893,0.0000,-0.5893,0.0000,0,
10.4283,173.9400,BASELINE_COLLECTION,SWING,0.2639,-74.000,413.700,-74.000,0.7373,0.0000,-0.6206,0.0000,-0.6206,0.0000,0,
10.4403,173.9500,BASELINE_COLLECTION,SWING,0.2778,-69.700,438.900,-69.700,0.7660,0.0000,-0.6583,0.0000,-0.6583,0.0000,0,
10.4483,173.9600,BASELINE_COLLECTION,SWING,0.2917,-65.200,455.400,-65.200,0.7934,0.0000,-0.6831,0.0000,-0.6831,0.0000,0,
10.4602,173.9700,BASELINE_COLLECTION,SWING,0.3056,-60.500,479.200,-60.500,0.8192,0.0000,-0.7188,0.0000,-0.7188,0.0000,0,
10.4682,173.9800,BASELINE_COLLECTION,SWING,0.3194,-55.600,493.500,-55.600,0.8434,0.0000,-0.7402,0.0000,-0.7402,0.0000,0,
10.4802,173.9900,BASELINE_COLLECTION,SWING,0.3333,-50.500,516.800,-50.500,0.8660,0.0000,-0.7752,0.0000,-0.7752,0.0000,0,
10.4882,174.0000,BASELINE_COLLECTION,SWING,0.3472,-48.000,520.500,-48.000,0.8870,0.0000,-0.7808,0.0000,-0.7808,0.0000,0,
10.5003,174.0100,BASELINE_COLLECTION,SWING,0.3611,-39.600,516.400,-39.600,0.9063,0.0000,-0.7746,0.0000,-0.7746,0.0000,0,
10.5083,174.0200,BASELINE_COLLECTION,SWING,0.3750,-34.500,507.700,-34.500,0.9239,0.0000,-0.7615,0.0000,-0.7615,0.0000,0,
10.5202,174.0300,BASELINE_COLLECTION,SWING,0.3889,-29.600,471.500,-29.600,0.9397,0.0000,-0.7073,0.0000,-0.7073,0.0000,0,
10.5282,174.0400,BASELINE_COLLECTION,SWING,0.4028,-25.300,418.600,-25.300,0.9537,0.0000,-0.6279,0.0000,-0.6279,0.0000,0,
10.5402,174.0500,BASELINE_COLLECTION,SWING,0.4167,-21.500,351.200,-21.500,0.9659,0.0000,-0.5268,0.0000,-0.5268,0.0000,0,
10.5482,174.0600,BASELINE_COLLECTION,SWING,0.4306,-18.500,279.800,-18.500,0.9763,0.0000,-0.4197,0.0000,-0.4197,0.0000,0,
10.5602,174.0700,BASELINE_COLLECTION,SWING,0.4444,-16.200,216.100,-16.200,0.9848,0.0000,-0.3241,0.0000,-0.3241,0.0000,0,
10.5682,174.0800,BASELINE_COLLECTION,SWING,0.4583,-14.500,149.900,-14.500,0.9914,0.0000,-0.2249,0.0000,-0.2249,0.0000,0,
10.5802,174.0900,BASELINE_COLLECTION,SWING,0.4722,-13.400,91.000,-13.400,0.9962,0.0000,-0.1365,0.0000,-0.1365,0.0000,0,
10.5882,174.1000,BASELINE_COLLECTION,SWING,0.4861,-12.800,42.000,-12.800,0.9990,0.0000,-0.0630,0.0000,-0.0630,0.0000,0,
10.6001,174.1100,BASELINE_COLLECTION,SWING,0.5000,-12.700,3.500,-12.700,1.0000,0.0000,-0.0053,0.0000,-0.0053,0.0000,0,
10.6081,174.1200,BASELINE_COLLECTION,SWING,0.5139,-12.800,-9.600,-12.800,0.9990,0.0000,0.0144,0.0000,0.0144,0.0000,1,
10.6201,174.1300,BASELINE_COLLECTION,SWING,0.5278,-12.900,-9.100,-12.900,0.9962,0.0000,0.0136,0.0000,0.0136,0.0000,1,
10.6282,174.1400,BASELINE_COLLECTION,SWING,0.5417,-13.000,-17.100,-13.000,0.9914,0.0000,0.0257,0.0000,0.0257,0.0000,1,
10.6401,174.1500,BASELINE_COLLECTION,SWING,0.5556,-13.200,-27.300,-13.200,0.9848,0.0000,0.0410,0.0000,0.0410,0.0000,1,
10.6482,174.1600,BASELINE_COLLECTION,SWING,0.5694,-13.600,-43.600,-13.600,0.9763,0.0000,0.0654,0.0000,0.0654,0.0000,1,
10.6601,174.1700,BASELINE_COLLECTION,SWING,0.5833,-14.200,-61.500,-14.200,0.9659,0.0000,0.0922,0.0000,0.0922,0.0000,1,
10.6681,174.1800,BASELINE_COLLECTION,SWING,0.5972,-14.900,-77.100,-14.900,0.9537,0.0000,0.1156,0.0000,0.1156,0.0000,1,
10.6801,174.1900,BASELINE_COLLECTION,SWING,0.6111,-15.800,-87.600,-15.800,0.9397,0.0000,0.1314,0.0000,0.1314,0.0000,1,
10.6883,174.2000,BASELINE_COLLECTION,SWING,0.6250,-16.600,-84.700,-16.600,0.9239,0.0000,0.1270,0.0000,0.1270,0.0000,1,
10.7003,174.2100,BASELINE_COLLECTION,SWING,0.6389,-17.400,-69.600,-17.400,0.9063,0.0000,0.1044,0.0000,0.1044,0.0000,1,
10.7082,174.2200,BASELINE_COLLECTION,SWING,0.6528,-17.900,-50.800,-17.900,0.8870,0.0000,0.0762,0.0000,0.0762,0.0000,1,
10.7203,174.2300,BASELINE_COLLECTION,SWING,0.6667,-18.300,-35.600,-18.300,0.8660,0.0000,0.0534,0.0000,0.0534,0.0000,1,
10.7284,174.2400,BASELINE_COLLECTION,SWING,0.6806,-18.600,-26.100,-18.600,0.8434,0.0000,0.0392,0.0000,0.0392,0.0000,1,
10.7404,174.2500,BASELINE_COLLECTION,SWING,0.6944,-18.900,-26.000,-18.900,0.8192,0.0000,0.0390,0.0000,0.0390,0.0000,1,
10.7482,174.2600,BASELINE_COLLECTION,SWING,0.7083,-19.100,-27.400,-19.100,0.7934,0.0000,0.0411,0.0000,0.0411,0.0000,1,
10.7604,174.2700,BASELINE_COLLECTION,SWING,0.7222,-19.400,-30.300,-19.400,0.7660,0.0000,0.0455,0.0000,0.0455,0.0000,1,
10.7683,174.2800,BASELINE_COLLECTION,SWING,0.7361,-19.800,-33.900,-19.800,0.7373,0.0000,0.0508,0.0000,0.0508,0.0000,1,
10.7803,174.2900,BASELINE_COLLECTION,SWING,0.7500,-20.100,-41.200,-20.100,0.7071,0.0000,0.0618,0.0000,0.0618,0.0000,1,
10.7883,174.3000,BASELINE_COLLECTION,SWING,0.7639,-20.700,-52.900,-20.700,0.6756,0.0000,0.0794,0.0000,0.0794,0.0000,1,
10.8003,174.3100,BASELINE_COLLECTION,SWING,0.7778,-21.200,-63.500,-21.200,0.6428,0.0000,0.0953,0.0000,0.0953,0.0000,1,
10.8083,174.3200,BASELINE_COLLECTION,SWING,0.7917,-22.000,-75.900,-22.000,0.6088,0.0000,0.1139,0.0000,0.1139,0.0000,1,
10.8203,174.3300,BASELINE_COLLECTION,SWING,0.8056,-22.800,-87.400,-22.800,0.5736,0.0000,0.1311,0.0000,0.1311,0.0000,1,
10.8283,174.3400,BASELINE_COLLECTION,SWING,0.8194,-23.800,-98.600,-23.800,0.5373,0.0000,0.1479,0.0000,0.1479,0.0000,1,
10.8401,174.3500,BASELINE_COLLECTION,SWING,0.8333,-24.800,-109.000,-24.800,0.5000,0.0000,0.1635,0.0000,0.1635,0.0000,1,
10.8482,174.3600,BASELINE_COLLECTION,SWING,0.8472,-26.000,-117.600,-26.000,0.4617,0.0000,0.1764,0.0000,0.1764,0.0000,1,
10.8602,174.3700,BASELINE_COLLECTION,SWING,0.8611,-27.200,-126.900,-27.200,0.4226,0.0000,0.1904,0.0000,0.1904,0.0000,1,
10.8682,174.3800,BASELINE_COLLECTION,SWING,0.8750,-28.500,-132.300,-28.500,0.3827,0.0000,0.1985,0.0000,0.1985,0.0000,1,
10.8802,174.3900,BASELINE_COLLECTION,SWING,0.8889,-29.900,-137.100,-29.900,0.3420,0.0000,0.2056,0.0000,0.2056,0.0000,1,
10.8882,174.4000,BASELINE_COLLECTION,SWING,0.9028,-31.200,-137.500,-31.200,0.3007,0.0000,0.2063,0.0000,0.2063,0.0000,1,
10.9002,174.4100,BASELINE_COLLECTION,SWING,0.9167,-32.600,-136.700,-32.600,0.2588,0.0000,0.2050,0.0000,0.2050,0.0000,1,
10.9082,174.4200,BASELINE_COLLECTION,SWING,0.9306,-33.900,-130.800,-33.900,0.2164,0.0000,0.1962,0.0000,0.1962,0.0000,1,
10.9202,174.4300,BASELINE_COLLECTION,SWING,0.9444,-35.200,-119.900,-35.200,0.1736,0.0000,0.1799,0.0000,0.1799,0.0000,1,
10.9282,174.4400,BASELINE_COLLECTION,SWING,0.9583,-36.300,-104.900,-36.300,0.1305,0.0000,0.1574,0.0000,0.1574,0.0000,1,
10.9402,174.4500,BASELINE_COLLECTION,SWING,0.9722,-37.200,-87.800,-37.200,0.0872,0.0000,0.1317,0.0000,0.1317,0.0000,1,
10.9482,174.4600,BASELINE_COLLECTION,SWING,0.9861,-38.000,-68.900,-38.000,0.0436,0.0000,0.1034,0.0000,0.1034,0.0000,1,
10.9602,174.4700,BASELINE_COLLECTION,STANCE,0.2500,-38.500,-45.400,-38.500,0.0000,0.0000,0.0681,0.0000,0.0681,0.0000,1,
10.9682,174.4800,BASELINE_COLLECTION,STANCE,0.2593,-38.800,-23.800,-38.800,0.0000,0.0000,0.0357,0.0000,0.0357,0.0000,1,
10.9802,174.4900,BASELINE_COLLECTION,STANCE,0.2685,-38.900,-3.200,-38.900,0.0000,0.0000,0.0048,0.0000,0.0048,0.0000,1,
10.9882,174.5000,BASELINE_COLLECTION,STANCE,0.2778,-38.900,4.000,-38.900,0.0000,0.0000,-0.0060,0.0000,-0.0060,0.0000,0,
11.0002,174.5100,BASELINE_COLLECTION,STANCE,0.2870,-38.800,0.000,-38.800,0.0000,0.0000,0.0000,0.0000,0.0000,0.0000,0,
11.0082,174.5200,BASELINE_COLLECTION,STANCE,0.2963,-38.800,-0.400,-38.800,0.0000,0.0000,0.0006,0.0000,0.0006,0.0000,1,
11.0202,174.5300,BASELINE_COLLECTION,STANCE,0.3056,-38.800,-0.300,-38.800,0.0000,0.0000,0.0004,0.0000,0.0004,0.0000,1,
11.0282,174.5400,BASELINE_COLLECTION,STANCE,0.3148,-38.900,-2.000,-38.900,0.0000,0.0000,0.0030,0.0000,0.0030,0.0000,1,
11.0402,174.5500,BASELINE_COLLECTION,STANCE,0.3241,-38.900,-5.300,-38.900,0.0000,0.0000,0.0080,0.0000,0.0080,0.0000,1,
11.0482,174.5600,BASELINE_COLLECTION,STANCE,0.3333,-39.000,-10.600,-39.000,0.0000,0.0000,0.0159,0.0000,0.0159,0.0000,1,
11.0602,174.5700,BASELINE_COLLECTION,STANCE,0.3426,-39.200,-18.900,-39.200,0.0000,0.0000,0.0283,0.0000,0.0283,0.0000,1,
11.0682,174.5800,BASELINE_COLLECTION,STANCE,0.3519,-39.400,-31.500,-39.400,0.0000,0.0000,0.0473,0.0000,0.0473,0.0000,1,
11.0802,174.5900,BASELINE_COLLECTION,STANCE,0.3611,-39.800,-45.400,-39.800,0.0000,0.0000,0.0681,0.0000,0.0681,0.0000,1,
11.0882,174.6000,BASELINE_COLLECTION,STANCE,0.3704,-40.400,-59.600,-40.400,0.0000,0.0000,0.0894,0.0000,0.0894,0.0000,1,
11.1002,174.6100,BASELINE_COLLECTION,STANCE,0.3796,-41.100,-67.400,-41.100,0.0000,0.0000,0.1011,0.0000,0.1011,0.0000,1,
11.1082,174.6200,BASELINE_COLLECTION,STANCE,0.3889,-41.800,-74.600,-41.800,0.0000,0.0000,0.1119,0.0000,0.1119,0.0000,1,
11.1203,174.6300,BASELINE_COLLECTION,STANCE,0.3981,-42.600,-82.100,-42.600,0.0000,0.0000,0.1231,0.0000,0.1231,0.0000,1,
11.1282,174.6400,BASELINE_COLLECTION,STANCE,0.4074,-43.400,-86.000,-43.400,0.0000,0.0000,0.1290,0.0000,0.1290,0.0000,1,
11.1402,174.6500,BASELINE_COLLECTION,STANCE,0.4167,-44.300,-87.900,-44.300,0.0000,0.0000,0.1319,0.0000,0.1319,0.0000,1,
11.1482,174.6600,BASELINE_COLLECTION,STANCE,0.4259,-45.200,-89.200,-45.200,0.0000,0.0000,0.1338,0.0000,0.1338,0.0000,1,
11.1602,174.6700,BASELINE_COLLECTION,STANCE,0.4352,-46.100,-88.000,-46.100,0.0000,0.0000,0.1320,0.0000,0.1320,0.0000,1,
11.1682,174.6800,BASELINE_COLLECTION,STANCE,0.4444,-46.900,-84.700,-46.900,0.0000,0.0000,0.1270,0.0000,0.1270,0.0000,1,
11.1801,174.6900,BASELINE_COLLECTION,STANCE,0.4537,-47.800,-81.400,-47.800,0.0000,0.0000,0.1221,0.0000,0.1221,0.0000,1,
11.1883,174.7000,BASELINE_COLLECTION,STANCE,0.4630,-48.600,-75.400,-48.600,0.0000,0.0000,0.1131,0.0000,0.1131,0.0000,1,
11.2003,174.7100,BASELINE_COLLECTION,STANCE,0.4722,-49.200,-67.400,-49.200,0.0000,0.0000,0.1011,0.0000,0.1011,0.0000,1,
11.2083,174.7200,BASELINE_COLLECTION,STANCE,0.4815,-49.900,-60.700,-49.900,0.0000,0.0000,0.0911,0.0000,0.0911,0.0000,1,
11.2203,174.7300,BASELINE_COLLECTION,STANCE,0.4907,-50.400,-55.800,-50.400,0.0000,0.0000,0.0837,0.0000,0.0837,0.0000,1,
11.2283,174.7400,BASELINE_COLLECTION,STANCE,0.5000,-51.000,-49.000,-51.000,0.0000,0.0000,0.0735,0.0000,0.0735,0.0000,1,
11.2402,174.7500,BASELINE_COLLECTION,STANCE,0.5093,-51.400,-41.200,-51.400,0.0000,0.0000,0.0618,0.0000,0.0618,0.0000,1,
11.2482,174.7600,BASELINE_COLLECTION,STANCE,0.5185,-51.800,-35.300,-51.800,0.0000,0.0000,0.0529,0.0000,0.0529,0.0000,1,
11.2602,174.7700,BASELINE_COLLECTION,STANCE,0.5278,-52.100,-34.100,-52.100,0.0000,0.0000,0.0512,0.0000,0.0512,0.0000,1,
11.2682,174.7800,BASELINE_COLLECTION,STANCE,0.5370,-52.500,-34.800,-52.500,0.0000,0.0000,0.0522,0.0000,0.0522,0.0000,1,
11.2802,174.7900,BASELINE_COLLECTION,STANCE,0.5463,-52.900,-42.500,-52.900,0.0000,0.0000,0.0638,0.0000,0.0638,0.0000,1,
11.2923,174.8000,BASELINE_COLLECTION,STANCE,0.5556,-53.300,-53.200,-53.300,0.0000,0.0000,0.0798,0.0000,0.0798,0.0000,1,
11.3002,174.8200,BASELINE_COLLECTION,STANCE,0.5741,-54.700,-76.800,-54.700,0.0000,0.0000,0.1152,0.0000,0.1152,0.0000,1,
11.3122,174.8300,BASELINE_COLLECTION,STANCE,0.5833,-55.600,-93.400,-55.600,0.0000,0.0000,0.1401,0.0000,0.1401,0.0000,1,
11.3202,174.8400,BASELINE_COLLECTION,STANCE,0.5926,-56.600,-113.400,-56.600,0.0000,0.0000,0.1701,0.0000,0.1701,0.0000,1,
11.3323,174.8500,BASELINE_COLLECTION,STANCE,0.6019,-57.900,-133.900,-57.900,0.0000,0.0000,0.2009,0.0000,0.2009,0.0000,1,
11.3402,174.8600,BASELINE_COLLECTION,STANCE,0.6111,-59.200,-154.300,-59.200,0.0000,0.0000,0.2315,0.0000,0.2315,0.0000,1,
11.3523,174.8700,BASELINE_COLLECTION,STANCE,0.6204,-60.900,-176.600,-60.900,0.0000,0.0000,0.2649,0.0000,0.2649,0.0000,1,
11.3602,174.8800,BASELINE_COLLECTION,STANCE,0.6296,-62.900,-197.000,-62.900,0.0000,0.0000,0.2955,0.0000,0.2955,0.0000,1,
11.3724,174.8900,BASELINE_COLLECTION,STANCE,0.6389,-65.000,-215.400,-65.000,0.0000,0.0000,0.3231,0.0000,0.3231,0.0000,1,
11.3803,174.9000,BASELINE_COLLECTION,STANCE,0.6481,-67.200,-232.800,-67.200,0.0000,0.0000,0.3492,0.0000,0.3492,0.0000,1,
11.3925,174.9100,BASELINE_COLLECTION,STANCE,0.0000,-69.700,-249.800,-69.700,0.0000,0.0000,0.3747,0.0000,0.3747,0.0000,1,
11.4008,174.9200,BASELINE_COLLECTION,STANCE,0.0117,-72.300,-264.700,-72.300,0.0000,0.0000,0.3971,0.0000,0.3971,0.0000,1,
11.4123,174.9300,BASELINE_COLLECTION,STANCE,0.0233,-75.000,-275.400,-75.000,0.0000,0.0000,0.4131,0.0000,0.4131,0.0000,1,
11.4202,174.9400,BASELINE_COLLECTION,STANCE,0.0350,-77.900,-290.500,-77.900,0.0000,0.0000,0.4358,0.0000,0.4358,0.0000,1,
11.4323,174.9500,BASELINE_COLLECTION,STANCE,0.0466,-80.900,-308.000,-80.900,0.0000,0.0000,0.4620,0.0000,0.4620,0.0000,1,
11.4403,174.9600,BASELINE_COLLECTION,STANCE,0.0583,-84.100,-323.800,-84.100,0.0000,0.0000,0.4857,0.0000,0.4857,0.0000,1,
11.4523,174.9700,BASELINE_COLLECTION,STANCE,0.0699,-87.400,-342.600,-87.400,0.0000,0.0000,0.5139,0.0000,0.5139,0.0000,1,
11.4603,174.9800,BASELINE_COLLECTION,STANCE,0.0816,-91.000,-352.400,-91.000,0.0000,0.0000,0.5286,0.0000,0.5286,0.0000,1,
11.4724,174.9900,BASELINE_COLLECTION,STANCE,0.0932,-94.500,-355.900,-94.500,0.0000,0.0000,0.5338,0.0000,0.5338,0.0000,1,
11.4801,175.0000,BASELINE_COLLECTION,STANCE,0.1049,-96.700,-362.600,-96.700,0.0000,0.0000,0.5439,0.0000,0.5439,0.0000,1,
11.4922,175.0100,BASELINE_COLLECTION,STANCE,0.1166,-102.000,-370.800,-102.000,0.0000,0.0000,0.5562,0.0000,0.5562,0.0000,1,
11.5003,175.0200,BASELINE_COLLECTION,STANCE,0.1282,-106.000,-376.100,-106.000,0.0000,0.0000,0.5642,0.0000,0.5642,0.0000,1,
11.5163,175.0300,BASELINE_COLLECTION,STANCE,0.1399,-109.700,-379.200,-109.700,0.0000,0.0000,0.5688,0.0000,0.5688,0.0000,1,
11.5242,175.0400,BASELINE_COLLECTION,STANCE,0.1515,-113.500,-373.400,-113.500,0.0000,0.0000,0.5601,0.0000,0.5601,0.0000,1,
11.5363,175.0500,BASELINE_COLLECTION,STANCE,0.1632,-117.200,-361.800,-117.200,0.0000,0.0000,0.5427,0.0000,0.5427,0.0000,1,
11.5443,175.0600,BASELINE_COLLECTION,STANCE,0.1748,-120.600,-337.600,-120.600,0.0000,0.0000,0.5064,0.0000,0.5064,0.0000,1,
11.5563,175.0700,BASELINE_COLLECTION,STANCE,0.1865,-123.800,-305.100,-123.800,0.0000,0.0000,0.4577,0.0000,0.4577,0.0000,1,
11.5643,175.0800,BASELINE_COLLECTION,STANCE,0.1981,-126.600,-263.200,-126.600,0.0000,0.0000,0.3948,0.0000,0.3948,0.0000,1,
11.5763,175.0900,BASELINE_COLLECTION,STANCE,0.2098,-128.800,-213.300,-128.800,0.0000,0.0000,0.3200,0.0000,0.3200,0.0000,1,
11.5843,175.1000,BASELINE_COLLECTION,STANCE,0.2214,-130.600,-164.100,-130.600,0.0000,0.0000,0.2462,0.0000,0.2462,0.0000,1,
11.5963,175.1100,BASELINE_COLLECTION,STANCE,0.2331,-132.000,-118.900,-132.000,0.0000,0.0000,0.1784,0.0000,0.1784,0.0000,1,
11.6042,175.1200,BASELINE_COLLECTION,STANCE,0.2448,-132.800,-72.700,-132.800,0.0000,0.0000,0.1091,0.0000,0.1091,0.0000,1,
11.6162,175.1300,BASELINE_COLLECTION,SWING,0.0096,-133.200,-25.000,-133.200,0.0302,0.0000,0.0375,0.0000,0.0375,0.0000,1,
11.6242,175.1400,BASELINE_COLLECTION,SWING,0.0271,-133.200,14.600,-133.200,0.0850,0.0000,-0.0219,0.0000,-0.0219,0.0000,0,
11.6362,175.1500,BASELINE_COLLECTION,SWING,0.0446,-132.800,43.500,-132.800,0.1396,0.0000,-0.0653,0.0000,-0.0653,0.0000,0,
11.6442,175.1600,BASELINE_COLLECTION,SWING,0.0621,-132.200,69.800,-132.200,0.1937,0.0000,-0.1047,0.0000,-0.1047,0.0000,0,
11.6562,175.1700,BASELINE_COLLECTION,SWING,0.0795,-131.400,93.100,-131.400,0.2473,0.0000,-0.1396,0.0000,-0.1396,0.0000,0,
11.6642,175.1800,BASELINE_COLLECTION,SWING,0.0970,-130.300,116.500,-130.300,0.3001,0.0000,-0.1748,0.0000,-0.1748,0.0000,0,
11.6762,175.1900,BASELINE_COLLECTION,SWING,0.1145,-128.900,140.700,-128.900,0.3520,0.0000,-0.2110,0.0000,-0.2110,0.0000,0,
11.6842,175.2000,BASELINE_COLLECTION,SWING,0.1320,-127.300,166.800,-127.300,0.4029,0.0000,-0.2502,0.0000,-0.2502,0.0000,0,
11.6961,175.2100,BASELINE_COLLECTION,SWING,0.1495,-125.500,192.400,-125.500,0.4525,0.0000,-0.2886,0.0000,-0.2886,0.0000,0,
11.7042,175.2200,BASELINE_COLLECTION,SWING,0.1670,-123.400,216.300,-123.400,0.5008,0.0000,-0.3245,0.0000,-0.3245,0.0000,0,
11.7160,175.2300,BASELINE_COLLECTION,SWING,0.1844,-121.100,237.000,-121.100,0.5476,0.0000,-0.3555,0.0000,-0.3555,0.0000,0,
11.7242,175.2400,BASELINE_COLLECTION,SWING,0.2019,-118.600,258.800,-118.600,0.5927,0.0000,-0.3882,0.0000,-0.3882,0.0000,0,
11.7362,175.2500,BASELINE_COLLECTION,SWING,0.2194,-115.800,282.900,-115.800,0.6360,0.0000,-0.4243,0.0000,-0.4243,0.0000,0,
11.7440,175.2600,BASELINE_COLLECTION,SWING,0.2369,-112.800,305.400,-112.800,0.6774,0.0000,-0.4581,0.0000,-0.4581,0.0000,0,
11.7563,175.2700,BASELINE_COLLECTION,SWING,0.2544,-109.600,330.900,-109.600,0.7167,0.0000,-0.4963,0.0000,-0.4963,0.0000,0,
11.7643,175.2800,BASELINE_COLLECTION,SWING,0.2719,-106.100,356.900,-106.100,0.7539,0.0000,-0.5353,0.0000,-0.5353,0.0000,0,
11.7763,175.2900,BASELINE_COLLECTION,SWING,0.2893,-102.800,374.400,-102.800,0.7889,0.0000,-0.5616,0.0000,-0.5616,0.0000,0,
11.7843,175.3000,BASELINE_COLLECTION,SWING,0.3068,-98.900,399.800,-98.900,0.8214,0.0000,-0.5997,0.0000,-0.5997,0.0000,0,
11.7962,175.3100,BASELINE_COLLECTION,SWING,0.3243,-94.700,420.400,-94.700,0.8515,0.0000,-0.6306,0.0000,-0.6306,0.0000,0,
11.8041,175.3200,BASELINE_COLLECTION,SWING,0.3418,-90.400,441.000,-90.400,0.8790,0.0000,-0.6615,0.0000,-0.6615,0.0000,0,
11.8161,175.3300,BASELINE_COLLECTION,SWING,0.3593,-85.800,466.100,-85.800,0.9038,0.0000,-0.6992,0.0000,-0.6992,0.0000,0,
11.8242,175.3400,BASELINE_COLLECTION,SWING,0.3767,-80.500,481.600,-80.500,0.9260,0.0000,-0.7224,0.0000,-0.7224,0.0000,0,
11.8362,175.3500,BASELINE_COLLECTION,SWING,0.3942,-75.600,499.600,-75.600,0.9453,0.0000,-0.7494,0.0000,-0.7494,0.0000,0,
11.8442,175.3600,BASELINE_COLLECTION,SWING,0.4117,-70.400,524.700,-70.400,0.9618,0.0000,-0.7871,0.0000,-0.7871,0.0000,0,
11.8562,175.3700,BASELINE_COLLECTION,SWING,0.4292,-65.100,536.400,-65.100,0.9754,0.0000,-0.8046,0.0000,-0.8046,0.0000,0,
11.8642,175.3800,BASELINE_COLLECTION,SWING,0.4467,-59.600,553.500,-59.600,0.9860,0.0000,-0.8303,0.0000,-0.8303,0.0000,0,
11.8761,175.3900,BASELINE_COLLECTION,SWING,0.4642,-54.000,565.000,-54.000,0.9937,0.0000,-0.8475,0.0000,-0.8475,0.0000,0,
11.8842,175.4000,BASELINE_COLLECTION,SWING,0.4816,-48.200,578.400,-48.200,0.9983,0.0000,-0.8676,0.0000,-0.8676,0.0000,0,
11.8962,175.4100,BASELINE_COLLECTION,SWING,0.4991,-42.500,568.300,-42.500,1.0000,0.0000,-0.8524,0.0000,-0.8524,0.0000,0,
11.9042,175.4200,BASELINE_COLLECTION,SWING,0.5166,-37.000,545.500,-37.000,0.9986,0.0000,-0.8183,0.0000,-0.8183,0.0000,0,
11.9161,175.4300,BASELINE_COLLECTION,SWING,0.5341,-31.800,501.800,-31.800,0.9943,0.0000,-0.7527,0.0000,-0.7527,0.0000,0,
11.9243,175.4400,BASELINE_COLLECTION,SWING,0.5516,-27.300,421.700,-27.300,0.9869,0.0000,-0.6325,0.0000,-0.6325,0.0000,0,
11.9362,175.4500,BASELINE_COLLECTION,SWING,0.5691,-23.700,333.100,-23.700,0.9766,0.0000,-0.4997,0.0000,-0.4997,0.0000,0,
11.9443,175.4600,BASELINE_COLLECTION,SWING,0.5865,-21.000,237.500,-21.000,0.9633,0.0000,-0.3563,0.0000,-0.3563,0.0000,0,
11.9562,175.4700,BASELINE_COLLECTION,SWING,0.6040,-19.300,145.800,-19.300,0.9471,0.0000,-0.2187,0.0000,-0.2187,0.0000,0,
11.9642,175.4800,BASELINE_COLLECTION,SWING,0.6215,-18.400,67.400,-18.400,0.9280,0.0000,-0.1011,0.0000,-0.1011,0.0000,0,
11.9763,175.4900,BASELINE_COLLECTION,SWING,0.6390,-18.200,3.600,-18.200,0.9062,0.0000,-0.0054,0.0000,-0.0054,0.0000,0,
11.9843,175.5000,BASELINE_COLLECTION,SWING,0.6565,-18.400,-21.600,-18.400,0.8816,0.0000,0.0324,0.0000,0.0324,0.0000,1,
11.9962,175.5100,BASELINE_COLLECTION,SWING,0.6740,-18.600,-27.100,-18.600,0.8544,0.0000,0.0407,0.0000,0.0407,0.0000,1,
12.0043,175.5200,BASELINE_COLLECTION,SWING,0.6914,-19.000,-38.700,-19.000,0.8245,0.0000,0.0581,0.0000,0.0581,0.0000,1,
12.0163,175.5300,BASELINE_COLLECTION,SWING,0.7089,-19.400,-47.800,-19.400,0.7922,0.0000,0.0717,0.0000,0.0717,0.0000,1,
12.0242,175.5400,BASELINE_COLLECTION,SWING,0.7264,-20.000,-55.300,-20.000,0.7575,0.0000,0.0829,0.0000,0.0829,0.0000,1,
12.0363,175.5500,BASELINE_COLLECTION,SWING,0.7439,-20.600,-66.000,-20.600,0.7206,0.0000,0.0990,0.0000,0.0990,0.0000,1,
12.0443,175.5600,BASELINE_COLLECTION,SWING,0.7614,-21.300,-81.200,-21.300,0.6814,0.0000,0.1218,0.0000,0.1218,0.0000,1,
12.0562,175.5700,BASELINE_COLLECTION,SWING,0.7788,-22.300,-98.400,-22.300,0.6402,0.0000,0.1476,0.0000,0.1476,0.0000,1,
12.0643,175.5800,BASELINE_COLLECTION,SWING,0.7963,-23.300,-111.600,-23.300,0.5971,0.0000,0.1674,0.0000,0.1674,0.0000,1,
12.0763,175.5900,BASELINE_COLLECTION,SWING,0.8138,-24.500,-119.600,-24.500,0.5521,0.0000,0.1794,0.0000,0.1794,0.0000,1,
12.0843,175.6000,BASELINE_COLLECTION,SWING,0.8313,-25.700,-116.800,-25.700,0.5055,0.0000,0.1752,0.0000,0.1752,0.0000,1,
12.0961,175.6100,BASELINE_COLLECTION,SWING,0.8488,-26.700,-106.300,-26.700,0.4574,0.0000,0.1595,0.0000,0.1595,0.0000,1,
12.1044,175.6200,BASELINE_COLLECTION,SWING,0.8663,-27.700,-83.900,-27.700,0.4079,0.0000,0.1259,0.0000,0.1259,0.0000,1,
12.1161,175.6300,BASELINE_COLLECTION,SWING,0.8837,-28.400,-60.600,-28.400,0.3572,0.0000,0.0909,0.0000,0.0909,0.0000,1,
12.1241,175.6400,BASELINE_COLLECTION,SWING,0.9012,-28.800,-37.600,-28.800,0.3054,0.0000,0.0564,0.0000,0.0564,0.0000,1,
12.1363,175.6500,BASELINE_COLLECTION,SWING,0.9187,-29.100,-19.800,-29.100,0.2526,0.0000,0.0297,0.0000,0.0297,0.0000,1,
12.1443,175.6600,BASELINE_COLLECTION,SWING,0.9362,-29.200,-7.400,-29.200,0.1991,0.0000,0.0111,0.0000,0.0111,0.0000,1,
12.1562,175.6700,BASELINE_COLLECTION,SWING,0.9537,-29.200,1.200,-29.200,0.1450,0.0000,-0.0018,0.0000,-0.0018,0.0000,0,
12.1643,175.6800,BASELINE_COLLECTION,SWING,0.9712,-29.200,-0.200,-29.200,0.0905,0.0000,0.0003,0.0000,0.0003,0.0000,1,
12.1763,175.6900,BASELINE_COLLECTION,SWING,0.9886,-29.200,-2.400,-29.200,0.0357,0.0000,0.0036,0.0000,0.0036,0.0000,1,
12.1843,175.7000,BASELINE_COLLECTION,STANCE,0.2541,-29.300,-4.300,-29.300,0.0000,0.0000,0.0065,0.0000,0.0065,0.0000,1,
12.1963,175.7100,BASELINE_COLLECTION,STANCE,0.2657,-29.300,-10.900,-29.300,0.0000,0.0000,0.0163,0.0000,0.0163,0.0000,1,
12.2043,175.7200,BASELINE_COLLECTION,STANCE,0.2774,-29.500,-21.800,-29.500,0.0000,0.0000,0.0327,0.0000,0.0327,0.0000,1,
12.2163,175.7300,BASELINE_COLLECTION,STANCE,0.2890,-29.800,-32.800,-29.800,0.0000,0.0000,0.0492,0.0000,0.0492,0.0000,1,
12.2241,175.7400,BASELINE_COLLECTION,STANCE,0.3007,-30.200,-40.400,-30.200,0.0000,0.0000,0.0606,0.0000,0.0606,0.0000,1,
12.2362,175.7500,BASELINE_COLLECTION,STANCE,0.3124,-30.700,-47.600,-30.700,0.0000,0.0000,0.0714,0.0000,0.0714,0.0000,1,
12.2443,175.7600,BASELINE_COLLECTION,STANCE,0.3240,-31.200,-57.800,-31.200,0.0000,0.0000,0.0867,0.0000,0.0867,0.0000,1,
12.2561,175.7700,BASELINE_COLLECTION,STANCE,0.3357,-31.900,-71.600,-31.900,0.0000,0.0000,0.1074,0.0000,0.1074,0.0000,1,
12.2642,175.7800,BASELINE_COLLECTION,STANCE,0.3473,-32.700,-84.700,-32.700,0.0000,0.0000,0.1270,0.0000,0.1270,0.0000,1,
12.2762,175.7900,BASELINE_COLLECTION,STANCE,0.3590,-33.600,-91.400,-33.600,0.0000,0.0000,0.1371,0.0000,0.1371,0.0000,1,
12.2841,175.8000,BASELINE_COLLECTION,STANCE,0.3706,-34.500,-93.200,-34.500,0.0000,0.0000,0.1398,0.0000,0.1398,0.0000,1,
12.2961,175.8100,BASELINE_COLLECTION,STANCE,0.3823,-35.400,-91.600,-35.400,0.0000,0.0000,0.1374,0.0000,0.1374,0.0000,1,
12.3042,175.8200,BASELINE_COLLECTION,STANCE,0.3939,-36.300,-84.900,-36.300,0.0000,0.0000,0.1274,0.0000,0.1274,0.0000,1,
12.3161,175.8300,BASELINE_COLLECTION,STANCE,0.4056,-37.100,-75.100,-37.100,0.0000,0.0000,0.1127,0.0000,0.1127,0.0000,1,
12.3243,175.8400,BASELINE_COLLECTION,STANCE,0.4172,-37.800,-62.900,-37.800,0.0000,0.0000,0.0944,0.0000,0.0944,0.0000,1,
12.3360,175.8500,BASELINE_COLLECTION,STANCE,0.4289,-38.300,-43.600,-38.300,0.0000,0.0000,0.0654,0.0000,0.0654,0.0000,1,
12.3442,175.8600,BASELINE_COLLECTION,STANCE,0.4406,-38.500,-19.400,-38.500,0.0000,0.0000,0.0291,0.0000,0.0291,0.0000,1,
12.3562,175.8700,BASELINE_COLLECTION,STANCE,0.4522,-38.600,2.000,-38.600,0.0000,0.0000,-0.0030,0.0000,-0.0030,0.0000,0,
12.3640,175.8800,BASELINE_COLLECTION,STANCE,0.4639,-38.500,5.600,-38.500,0.0000,0.0000,-0.0084,0.0000,-0.0084,0.0000,0,
12.3763,175.8900,BASELINE_COLLECTION,STANCE,0.4755,-38.500,5.100,-38.500,0.0000,0.0000,-0.0076,0.0000,-0.0076,0.0000,0,
12.3841,175.9000,BASELINE_COLLECTION,STANCE,0.4872,-38.400,5.300,-38.400,0.0000,0.0000,-0.0080,0.0000,-0.0080,0.0000,0,
12.3962,175.9100,BASELINE_COLLECTION,STANCE,0.4988,-38.400,5.500,-38.400,0.0000,0.0000,-0.0083,0.0000,-0.0083,0.0000,0,
12.4041,175.9200,BASELINE_COLLECTION,STANCE,0.5105,-38.300,0.400,-38.300,0.0000,0.0000,-0.0006,0.0000,-0.0006,0.0000,0,
12.4162,175.9300,BASELINE_COLLECTION,STANCE,0.5221,-38.300,-0.600,-38.300,0.0000,0.0000,0.0009,0.0000,0.0009,0.0000,1,
12.4242,175.9400,BASELINE_COLLECTION,STANCE,0.5338,-38.300,0.300,-38.300,0.0000,0.0000,-0.0004,0.0000,-0.0004,0.0000,0,
12.4361,175.9500,BASELINE_COLLECTION,STANCE,0.5455,-38.300,-1.000,-38.300,0.0000,0.0000,0.0015,0.0000,0.0015,0.0000,1,
12.4481,175.9600,BASELINE_COLLECTION,STANCE,0.5571,-38.400,-3.100,-38.400,0.0000,0.0000,0.0047,0.0000,0.0047,0.0000,1,
12.4562,175.9700,BASELINE_COLLECTION,STANCE,0.5688,-38.400,-3.000,-38.400,0.0000,0.0000,0.0045,0.0000,0.0045,0.0000,1,
12.4682,175.9800,BASELINE_COLLECTION,STANCE,0.5804,-38.400,-2.100,-38.400,0.0000,0.0000,0.0032,0.0000,0.0032,0.0000,1,
12.4761,175.9900,BASELINE_COLLECTION,STANCE,0.5921,-38.500,-4.200,-38.500,0.0000,0.0000,0.0063,0.0000,0.0063,0.0000,1,
12.4884,176.0000,BASELINE_COLLECTION,STANCE,0.6037,-38.500,-6.700,-38.500,0.0000,0.0000,0.0100,0.0000,0.0100,0.0000,1,
12.4963,176.0100,BASELINE_COLLECTION,STANCE,0.6154,-38.700,-16.900,-38.700,0.0000,0.0000,0.0253,0.0000,0.0253,0.0000,1,
12.5083,176.0200,BASELINE_COLLECTION,STANCE,0.6270,-38.900,-24.200,-38.900,0.0000,0.0000,0.0363,0.0000,0.0363,0.0000,1,
12.5163,176.0300,BASELINE_COLLECTION,STANCE,0.6387,-39.200,-27.800,-39.200,0.0000,0.0000,0.0417,0.0000,0.0417,0.0000,1,
12.5283,176.0400,BASELINE_COLLECTION,STANCE,0.6503,-39.500,-32.200,-39.500,0.0000,0.0000,0.0483,0.0000,0.0483,0.0000,1,
12.5363,176.0500,BASELINE_COLLECTION,STANCE,0.6620,-39.800,-37.500,-39.800,0.0000,0.0000,0.0563,0.0000,0.0563,0.0000,1,
12.5482,176.0600,BASELINE_COLLECTION,STANCE,0.6737,-40.200,-41.900,-40.200,0.0000,0.0000,0.0629,0.0000,0.0629,0.0000,1,
12.5563,176.0700,BASELINE_COLLECTION,STANCE,0.6853,-40.600,-42.800,-40.600,0.0000,0.0000,0.0642,0.0000,0.0642,0.0000,1,
12.5683,176.0800,BASELINE_COLLECTION,STANCE,0.6970,-41.100,-40.100,-41.100,0.0000,0.0000,0.0602,0.0000,0.0602,0.0000,1,
12.5763,176.0900,BASELINE_COLLECTION,STANCE,0.7086,-41.400,-38.300,-41.400,0.0000,0.0000,0.0574,0.0000,0.0574,0.0000,1,
12.5883,176.1000,BASELINE_COLLECTION,STANCE,0.7203,-41.800,-36.900,-41.800,0.0000,0.0000,0.0553,0.0000,0.0553,0.0000,1,
12.5963,176.1100,BASELINE_COLLECTION,STANCE,0.7319,-42.200,-34.600,-42.200,0.0000,0.0000,0.0519,0.0000,0.0519,0.0000,1,
12.6083,176.1200,BASELINE_COLLECTION,STANCE,0.7436,-42.500,-31.600,-42.500,0.0000,0.0000,0.0474,0.0000,0.0474,0.0000,1,
12.6163,176.1300,BASELINE_COLLECTION,STANCE,0.7552,-42.800,-29.300,-42.800,0.0000,0.0000,0.0440,0.0000,0.0440,0.0000,1,
12.6281,176.1400,BASELINE_COLLECTION,STANCE,0.7669,-43.100,-22.000,-43.100,0.0000,0.0000,0.0330,0.0000,0.0330,0.0000,1,
12.6362,176.1500,BASELINE_COLLECTION,STANCE,0.7786,-43.200,-15.500,-43.200,0.0000,0.0000,0.0232,0.0000,0.0232,0.0000,1,
12.6483,176.1600,BASELINE_COLLECTION,STANCE,0.7902,-43.400,-12.700,-43.400,0.0000,0.0000,0.0191,0.0000,0.0191,0.0000,1,
12.6563,176.1700,BASELINE_COLLECTION,STANCE,0.8019,-43.400,-6.100,-43.400,0.0000,0.0000,0.0092,0.0000,0.0092,0.0000,1,
12.6683,176.1800,BASELINE_COLLECTION,STANCE,0.8135,-43.500,-2.200,-43.500,0.0000,0.0000,0.0033,0.0000,0.0033,0.0000,1,
12.6763,176.1900,BASELINE_COLLECTION,STANCE,0.8252,-43.500,-6.600,-43.500,0.0000,0.0000,0.0099,0.0000,0.0099,0.0000,1,
12.6881,176.2000,BASELINE_COLLECTION,STANCE,0.8368,-43.600,-14.200,-43.600,0.0000,0.0000,0.0213,0.0000,0.0213,0.0000,1,
12.6960,176.2100,BASELINE_COLLECTION,STANCE,0.8485,-43.800,-20.900,-43.800,0.0000,0.0000,0.0313,0.0000,0.0313,0.0000,1,
12.7081,176.2200,BASELINE_COLLECTION,STANCE,0.8601,-44.100,-31.300,-44.100,0.0000,0.0000,0.0469,0.0000,0.0469,0.0000,1,
12.7163,176.2300,BASELINE_COLLECTION,STANCE,0.8718,-44.500,-45.400,-44.500,0.0000,0.0000,0.0681,0.0000,0.0681,0.0000,1,
12.7324,176.2400,BASELINE_COLLECTION,STANCE,0.8834,-45.100,-63.100,-45.100,0.0000,0.0000,0.0946,0.0000,0.0946,0.0000,1,
12.7404,176.2600,BASELINE_COLLECTION,STANCE,0.9068,-46.800,-99.800,-46.800,0.0000,0.0000,0.1497,0.0000,0.1497,0.0000,1,
12.7524,176.2700,BASELINE_COLLECTION,STANCE,0.9184,-47.900,-119.500,-47.900,0.0000,0.0000,0.1792,0.0000,0.1792,0.0000,1,
12.7603,176.2800,BASELINE_COLLECTION,STANCE,0.9301,-49.300,-139.000,-49.300,0.0000,0.0000,0.2085,0.0000,0.2085,0.0000,1,
12.7723,176.2900,BASELINE_COLLECTION,STANCE,0.9417,-50.800,-158.700,-50.800,0.0000,0.0000,0.2380,0.0000,0.2380,0.0000,1,
12.7803,176.3000,BASELINE_COLLECTION,STANCE,0.9534,-52.500,-174.200,-52.500,0.0000,0.0000,0.2613,0.0000,0.2613,0.0000,1,
12.7923,176.3100,BASELINE_COLLECTION,STANCE,0.9650,-54.300,-185.900,-54.300,0.0000,0.0000,0.2788,0.0000,0.2788,0.0000,1,
12.8002,176.3200,BASELINE_COLLECTION,STANCE,0.9767,-56.200,-194.800,-56.200,0.0000,0.0000,0.2922,0.0000,0.2922,0.0000,1,
12.8124,176.3300,BASELINE_COLLECTION,STANCE,0.9883,-58.200,-203.500,-58.200,0.0000,0.0000,0.3053,0.0000,0.3053,0.0000,1,
12.8203,176.3400,BASELINE_COLLECTION,STANCE,1.0000,-60.400,-214.400,-60.400,0.0000,0.0000,0.3216,0.0000,0.3216,0.0000,1,
12.8320,176.3500,BASELINE_COLLECTION,STANCE,1.0000,-62.600,-223.300,-62.600,0.0000,0.0000,0.3350,0.0000,0.3350,0.0000,1,
12.8402,176.3600,BASELINE_COLLECTION,STANCE,1.0000,-64.900,-230.200,-64.900,0.0000,0.0000,0.3453,0.0000,0.3453,0.0000,1,
12.8523,176.3700,BASELINE_COLLECTION,STANCE,1.0000,-67.200,-239.300,-67.200,0.0000,0.0000,0.3590,0.0000,0.3590,0.0000,1,
12.8644,176.3800,BASELINE_COLLECTION,STANCE,0.0000,-69.700,-253.300,-69.700,0.0000,0.0000,0.3800,0.0000,0.3800,0.0000,1,
12.8722,176.3900,BASELINE_COLLECTION,STANCE,0.0113,-72.300,-265.300,-72.300,0.0000,0.0000,0.3980,0.0000,0.3980,0.0000,1,
12.8842,176.4000,BASELINE_COLLECTION,STANCE,0.0227,-75.000,-275.000,-75.000,0.0000,0.0000,0.4125,0.0000,0.4125,0.0000,1,
12.8922,176.4100,BASELINE_COLLECTION,STANCE,0.0340,-77.900,-288.100,-77.900,0.0000,0.0000,0.4322,0.0000,0.4322,0.0000,1,
12.9042,176.4200,BASELINE_COLLECTION,STANCE,0.0454,-80.800,-299.700,-80.800,0.0000,0.0000,0.4496,0.0000,0.4496,0.0000,1,
12.9123,176.4300,BASELINE_COLLECTION,STANCE,0.0567,-83.900,-309.700,-83.900,0.0000,0.0000,0.4646,0.0000,0.4646,0.0000,1,
12.9242,176.4400,BASELINE_COLLECTION,STANCE,0.0680,-87.100,-317.700,-87.100,0.0000,0.0000,0.4765,0.0000,0.4765,0.0000,1,
12.9323,176.4500,BASELINE_COLLECTION,STANCE,0.0794,-90.300,-317.200,-90.300,0.0000,0.0000,0.4758,0.0000,0.4758,0.0000,1,
12.9443,176.4600,BASELINE_COLLECTION,STANCE,0.0907,-93.400,-306.600,-93.400,0.0000,0.0000,0.4599,0.0000,0.4599,0.0000,1,
12.9522,176.4700,BASELINE_COLLECTION,STANCE,0.1020,-96.400,-300.000,-96.400,0.0000,0.0000,0.4500,0.0000,0.4500,0.0000,1,
12.9643,176.4800,BASELINE_COLLECTION,STANCE,0.1134,-99.300,-288.800,-99.300,0.0000,0.0000,0.4332,0.0000,0.4332,0.0000,1,
12.9722,176.4900,BASELINE_COLLECTION,STANCE,0.1247,-102.100,-270.000,-102.100,0.0000,0.0000,0.4050,0.0000,0.4050,0.0000,1,
12.9843,176.5000,BASELINE_COLLECTION,STANCE,0.1361,-104.600,-251.600,-104.600,0.0000,0.0000,0.3774,0.0000,0.3774,0.0000,1,
12.9923,176.5100,BASELINE_COLLECTION,STANCE,0.1474,-107.000,-228.400,-107.000,0.0000,0.0000,0.3426,0.0000,0.3426,0.0000,1,
13.0042,176.5200,BASELINE_COLLECTION,STANCE,0.1587,-109.100,-197.800,-109.100,0.0000,0.0000,0.2967,0.0000,0.2967,0.0000,1,
13.0123,176.5300,BASELINE_COLLECTION,STANCE,0.1701,-110.800,-161.400,-110.800,0.0000,0.0000,0.2421,0.0000,0.2421,0.0000,1,
13.0242,176.5400,BASELINE_COLLECTION,STANCE,0.1814,-112.200,-122.200,-112.200,0.0000,0.0000,0.1833,0.0000,0.1833,0.0000,1,
13.0322,176.5500,BASELINE_COLLECTION,STANCE,0.1927,-113.100,-81.700,-113.100,0.0000,0.0000,0.1226,0.0000,0.1226,0.0000,1,
13.0442,176.5600,BASELINE_COLLECTION,STANCE,0.2041,-113.600,-41.500,-113.600,0.0000,0.0000,0.0622,0.0000,0.0622,0.0000,1,
13.0519,176.5700,BASELINE_COLLECTION,STANCE,0.2154,-113.800,-3.900,-113.800,0.0000,0.0000,0.0059,0.0000,0.0059,0.0000,1,
13.0642,176.5800,BASELINE_COLLECTION,STANCE,0.2268,-113.600,22.700,-113.600,0.0000,0.0000,-0.0340,0.0000,-0.0340,0.0000,0,
13.0723,176.5900,BASELINE_COLLECTION,STANCE,0.2381,-113.300,41.300,-113.300,0.0000,0.0000,-0.0619,0.0000,-0.0619,0.0000,0,
13.0843,176.6000,BASELINE_COLLECTION,STANCE,0.2494,-112.700,59.100,-112.700,0.0000,0.0000,-0.0887,0.0000,-0.0887,0.0000,0,
13.0922,176.6100,BASELINE_COLLECTION,SWING,0.0162,-112.000,78.500,-112.000,0.0507,0.0000,-0.1178,0.0000,-0.1178,0.0000,0,
13.1042,176.6200,BASELINE_COLLECTION,SWING,0.0332,-111.100,100.500,-111.100,0.1040,0.0000,-0.1507,0.0000,-0.1507,0.0000,0,
13.1122,176.6300,BASELINE_COLLECTION,SWING,0.0502,-109.900,121.700,-109.900,0.1570,0.0000,-0.1826,0.0000,-0.1826,0.0000,0,
13.1243,176.6400,BASELINE_COLLECTION,SWING,0.0672,-108.500,144.400,-108.500,0.2095,0.0000,-0.2166,0.0000,-0.2166,0.0000,0,
13.1323,176.6500,BASELINE_COLLECTION,SWING,0.0842,-106.900,167.600,-106.900,0.2614,0.0000,-0.2514,0.0000,-0.2514,0.0000,0,
13.1442,176.6600,BASELINE_COLLECTION,SWING,0.1012,-105.100,188.900,-105.100,0.3126,0.0000,-0.2833,0.0000,-0.2833,0.0000,0,
13.1521,176.6700,BASELINE_COLLECTION,SWING,0.1182,-103.100,209.200,-103.100,0.3629,0.0000,-0.3138,0.0000,-0.3138,0.0000,0,
13.1643,176.6800,BASELINE_COLLECTION,SWING,0.1352,-100.800,232.500,-100.800,0.4121,0.0000,-0.3488,0.0000,-0.3488,0.0000,0,
13.1723,176.6900,BASELINE_COLLECTION,SWING,0.1522,-98.300,256.800,-98.300,0.4602,0.0000,-0.3852,0.0000,-0.3852,0.0000,0,
13.1842,176.7000,BASELINE_COLLECTION,SWING,0.1692,-95.600,277.800,-95.600,0.5069,0.0000,-0.4167,0.0000,-0.4167,0.0000,0,
13.1923,176.7100,BASELINE_COLLECTION,SWING,0.1862,-92.700,294.800,-92.700,0.5522,0.0000,-0.4422,0.0000,-0.4422,0.0000,0,
13.2043,176.7200,BASELINE_COLLECTION,SWING,0.2032,-89.600,319.100,-89.600,0.5960,0.0000,-0.4787,0.0000,-0.4787,0.0000,0,
13.2124,176.7300,BASELINE_COLLECTION,SWING,0.2202,-86.300,341.100,-86.300,0.6380,0.0000,-0.5117,0.0000,-0.5117,0.0000,0,
13.2242,176.7400,BASELINE_COLLECTION,SWING,0.2372,-82.700,357.300,-82.700,0.6782,0.0000,-0.5360,0.0000,-0.5360,0.0000,0,
13.2324,176.7500,BASELINE_COLLECTION,SWING,0.2543,-79.000,373.700,-79.000,0.7165,0.0000,-0.5605,0.0000,-0.5605,0.0000,0,
13.2443,176.7600,BASELINE_COLLECTION,SWING,0.2713,-75.200,387.200,-75.200,0.7527,0.0000,-0.5808,0.0000,-0.5808,0.0000,0,
13.2524,176.7700,BASELINE_COLLECTION,SWING,0.2883,-71.200,404.300,-71.200,0.7868,0.0000,-0.6065,0.0000,-0.6065,0.0000,0,
13.2643,176.7800,BASELINE_COLLECTION,SWING,0.3053,-67.100,411.300,-67.100,0.8186,0.0000,-0.6169,0.0000,-0.6169,0.0000,0,
13.2723,176.7900,BASELINE_COLLECTION,SWING,0.3223,-63.000,416.200,-63.000,0.8481,0.0000,-0.6243,0.0000,-0.6243,0.0000,0,
13.2843,176.8000,BASELINE_COLLECTION,SWING,0.3393,-58.800,421.600,-58.800,0.8752,0.0000,-0.6324,0.0000,-0.6324,0.0000,0,
13.2924,176.8100,BASELINE_COLLECTION,SWING,0.3563,-54.600,416.100,-54.600,0.8998,0.0000,-0.6242,0.0000,-0.6242,0.0000,0,
13.3043,176.8200,BASELINE_COLLECTION,SWING,0.3733,-50.500,409.300,-50.500,0.9218,0.0000,-0.6139,0.0000,-0.6139,0.0000,0,
13.3124,176.8300,BASELINE_COLLECTION,SWING,0.3903,-46.500,381.400,-46.500,0.9412,0.0000,-0.5721,0.0000,-0.5721,0.0000,0,
13.3243,176.8400,BASELINE_COLLECTION,SWING,0.4073,-42.900,352.800,-42.900,0.9579,0.0000,-0.5292,0.0000,-0.5292,0.0000,0,
13.3324,176.8500,BASELINE_COLLECTION,SWING,0.4243,-39.600,320.900,-39.600,0.9719,0.0000,-0.4814,0.0000,-0.4814,0.0000,0,
13.3442,176.8600,BASELINE_COLLECTION,SWING,0.4413,-36.700,285.500,-36.700,0.9831,0.0000,-0.4283,0.0000,-0.4283,0.0000,0,
13.3523,176.8700,BASELINE_COLLECTION,SWING,0.4583,-34.000,252.700,-34.000,0.9914,0.0000,-0.3790,0.0000,-0.3790,0.0000,0,
13.3640,176.8800,BASELINE_COLLECTION,SWING,0.4753,-31.700,219.200,-31.700,0.9970,0.0000,-0.3288,0.0000,-0.3288,0.0000,0,
13.3723,176.8900,BASELINE_COLLECTION,SWING,0.4923,-29.800,190.400,-29.800,0.9997,0.0000,-0.2856,0.0000,-0.2856,0.0000,0,
13.3841,176.9000,BASELINE_COLLECTION,SWING,0.5094,-28.000,168.900,-28.000,0.9996,0.0000,-0.2534,0.0000,-0.2534,0.0000,0,
13.3923,176.9100,BASELINE_COLLECTION,SWING,0.5264,-26.400,150.900,-26.400,0.9966,0.0000,-0.2264,0.0000,-0.2264,0.0000,0,
13.4042,176.9200,BASELINE_COLLECTION,SWING,0.5434,-25.100,132.000,-25.100,0.9907,0.0000,-0.1980,0.0000,-0.1980,0.0000,0,
13.4123,176.9300,BASELINE_COLLECTION,SWING,0.5604,-23.800,117.000,-23.800,0.9821,0.0000,-0.1755,0.0000,-0.1755,0.0000,0,
13.4241,176.9400,BASELINE_COLLECTION,SWING,0.5774,-22.800,97.800,-22.800,0.9706,0.0000,-0.1467,0.0000,-0.1467,0.0000,0,
13.4321,176.9500,BASELINE_COLLECTION,SWING,0.5944,-22.000,78.200,-22.000,0.9564,0.0000,-0.1173,0.0000,-0.1173,0.0000,0,
13.4442,176.9600,BASELINE_COLLECTION,SWING,0.6114,-21.300,57.700,-21.300,0.9394,0.0000,-0.0866,0.0000,-0.0866,0.0000,0,
13.4521,176.9700,BASELINE_COLLECTION,SWING,0.6284,-20.900,37.900,-20.900,0.9197,0.0000,-0.0568,0.0000,-0.0568,0.0000,0,
13.4642,176.9800,BASELINE_COLLECTION,SWING,0.6454,-20.600,18.400,-20.600,0.8975,0.0000,-0.0276,0.0000,-0.0276,0.0000,0,
13.4720,176.9900,BASELINE_COLLECTION,SWING,0.6624,-20.600,2.100,-20.600,0.8726,0.0000,-0.0032,0.0000,-0.0032,0.0000,0,
13.4842,177.0000,BASELINE_COLLECTION,SWING,0.6794,-20.600,-2.100,-20.600,0.8453,0.0000,0.0032,0.0000,0.0032,0.0000,1,
13.4921,177.0100,BASELINE_COLLECTION,SWING,0.6964,-20.600,-0.300,-20.600,0.8156,0.0000,0.0004,0.0000,0.0004,0.0000,1,
13.5043,177.0200,BASELINE_COLLECTION,SWING,0.7134,-20.600,-3.000,-20.600,0.7835,0.0000,0.0045,0.0000,0.0045,0.0000,1,
13.5124,177.0300,BASELINE_COLLECTION,SWING,0.7304,-20.700,-7.800,-20.700,0.7492,0.0000,0.0117,0.0000,0.0117,0.0000,1,
13.5243,177.0400,BASELINE_COLLECTION,SWING,0.7474,-20.800,-18.200,-20.800,0.7128,0.0000,0.0273,0.0000,0.0273,0.0000,1,
13.5323,177.0500,BASELINE_COLLECTION,SWING,0.7645,-21.100,-29.500,-21.100,0.6743,0.0000,0.0442,0.0000,0.0442,0.0000,1,
13.5442,177.0600,BASELINE_COLLECTION,SWING,0.7815,-21.500,-45.000,-21.500,0.6339,0.0000,0.0675,0.0000,0.0675,0.0000,1,
13.5523,177.0700,BASELINE_COLLECTION,SWING,0.7985,-22.000,-59.900,-22.000,0.5917,0.0000,0.0898,0.0000,0.0898,0.0000,1,
13.5642,177.0800,BASELINE_COLLECTION,SWING,0.8155,-22.700,-70.600,-22.700,0.5478,0.0000,0.1059,0.0000,0.1059,0.0000,1,
13.5720,177.0900,BASELINE_COLLECTION,SWING,0.8325,-23.500,-79.100,-23.500,0.5023,0.0000,0.1186,0.0000,0.1186,0.0000,1,
13.5842,177.1000,BASELINE_COLLECTION,SWING,0.8495,-24.300,-81.500,-24.300,0.4554,0.0000,0.1222,0.0000,0.1222,0.0000,1,
13.5921,177.1100,BASELINE_COLLECTION,SWING,0.8665,-25.100,-77.700,-25.100,0.4072,0.0000,0.1166,0.0000,0.1166,0.0000,1,
13.6040,177.1200,BASELINE_COLLECTION,SWING,0.8835,-25.800,-68.500,-25.800,0.3579,0.0000,0.1028,0.0000,0.1028,0.0000,1,
13.6123,177.1300,BASELINE_COLLECTION,SWING,0.9005,-26.400,-56.800,-26.400,0.3075,0.0000,0.0852,0.0000,0.0852,0.0000,1,
13.6243,177.1400,BASELINE_COLLECTION,SWING,0.9175,-26.900,-46.500,-26.900,0.2562,0.0000,0.0698,0.0000,0.0698,0.0000,1,
13.6323,177.1500,BASELINE_COLLECTION,SWING,0.9345,-27.300,-32.800,-27.300,0.2043,0.0000,0.0492,0.0000,0.0492,0.0000,1,
13.6442,177.1600,BASELINE_COLLECTION,SWING,0.9515,-27.500,-20.600,-27.500,0.1517,0.0000,0.0309,0.0000,0.0309,0.0000,1,
13.6521,177.1700,BASELINE_COLLECTION,SWING,0.9685,-27.600,-11.100,-27.600,0.0987,0.0000,0.0166,0.0000,0.0166,0.0000,1,
13.6642,177.1800,BASELINE_COLLECTION,SWING,0.9855,-27.700,-4.500,-27.700,0.0454,0.0000,0.0067,0.0000,0.0067,0.0000,1,
13.6723,177.1900,BASELINE_COLLECTION,STANCE,0.2517,-27.800,-6.500,-27.800,0.0000,0.0000,0.0097,0.0000,0.0097,0.0000,1,
13.6842,177.2000,BASELINE_COLLECTION,STANCE,0.2630,-27.900,-16.800,-27.900,0.0000,0.0000,0.0252,0.0000,0.0252,0.0000,1,
13.6923,177.2100,BASELINE_COLLECTION,STANCE,0.2744,-28.200,-31.100,-28.200,0.0000,0.0000,0.0467,0.0000,0.0467,0.0000,1,
13.7043,177.2200,BASELINE_COLLECTION,STANCE,0.2857,-28.600,-46.100,-28.600,0.0000,0.0000,0.0692,0.0000,0.0692,0.0000,1,
13.7123,177.2300,BASELINE_COLLECTION,STANCE,0.2971,-29.200,-64.200,-29.200,0.0000,0.0000,0.0963,0.0000,0.0963,0.0000,1,
13.7242,177.2400,BASELINE_COLLECTION,STANCE,0.3084,-29.900,-83.000,-29.900,0.0000,0.0000,0.1245,0.0000,0.1245,0.0000,1,
13.7323,177.2500,BASELINE_COLLECTION,STANCE,0.3197,-30.900,-97.900,-30.900,0.0000,0.0000,0.1469,0.0000,0.1469,0.0000,1,
13.7442,177.2600,BASELINE_COLLECTION,STANCE,0.3311,-31.900,-110.200,-31.900,0.0000,0.0000,0.1653,0.0000,0.1653,0.0000,1,
13.7523,177.2700,BASELINE_COLLECTION,STANCE,0.3424,-33.100,-119.700,-33.100,0.0000,0.0000,0.1796,0.0000,0.1796,0.0000,1,
13.7641,177.2800,BASELINE_COLLECTION,STANCE,0.3537,-34.300,-124.200,-34.300,0.0000,0.0000,0.1863,0.0000,0.1863,0.0000,1,
13.7723,177.2900,BASELINE_COLLECTION,STANCE,0.3651,-35.600,-127.700,-35.600,0.0000,0.0000,0.1915,0.0000,0.1915,0.0000,1,
13.7840,177.3000,BASELINE_COLLECTION,STANCE,0.3764,-36.900,-125.600,-36.900,0.0000,0.0000,0.1884,0.0000,0.1884,0.0000,1,
13.7923,177.3100,BASELINE_COLLECTION,STANCE,0.3878,-38.100,-123.500,-38.100,0.0000,0.0000,0.1852,0.0000,0.1852,0.0000,1,
13.8043,177.3200,BASELINE_COLLECTION,STANCE,0.3991,-39.300,-115.800,-39.300,0.0000,0.0000,0.1737,0.0000,0.1737,0.0000,1,
13.8121,177.3300,BASELINE_COLLECTION,STANCE,0.4104,-40.400,-108.200,-40.400,0.0000,0.0000,0.1623,0.0000,0.1623,0.0000,1,
13.8243,177.3400,BASELINE_COLLECTION,STANCE,0.4218,-41.400,-97.500,-41.400,0.0000,0.0000,0.1462,0.0000,0.1462,0.0000,1,
13.8322,177.3500,BASELINE_COLLECTION,STANCE,0.4331,-42.300,-86.800,-42.300,0.0000,0.0000,0.1302,0.0000,0.1302,0.0000,1,
13.8442,177.3600,BASELINE_COLLECTION,STANCE,0.4444,-43.100,-73.700,-43.100,0.0000,0.0000,0.1106,0.0000,0.1106,0.0000,1,
13.8523,177.3700,BASELINE_COLLECTION,STANCE,0.4558,-43.700,-57.400,-43.700,0.0000,0.0000,0.0861,0.0000,0.0861,0.0000,1,
13.8642,177.3800,BASELINE_COLLECTION,STANCE,0.4671,-44.200,-42.000,-44.200,0.0000,0.0000,0.0630,0.0000,0.0630,0.0000,1,
13.8723,177.3900,BASELINE_COLLECTION,STANCE,0.4785,-44.500,-26.600,-44.500,0.0000,0.0000,0.0399,0.0000,0.0399,0.0000,1,
13.8840,177.4000,BASELINE_COLLECTION,STANCE,0.4898,-44.700,-10.600,-44.700,0.0000,0.0000,0.0159,0.0000,0.0159,0.0000,1,
13.8921,177.4100,BASELINE_COLLECTION,STANCE,0.5011,-44.700,3.200,-44.700,0.0000,0.0000,-0.0048,0.0000,-0.0048,0.0000,0,
13.9043,177.4200,BASELINE_COLLECTION,STANCE,0.5125,-44.600,3.200,-44.600,0.0000,0.0000,-0.0048,0.0000,-0.0048,0.0000,0,
13.9123,177.4300,BASELINE_COLLECTION,STANCE,0.5238,-44.600,0.300,-44.600,0.0000,0.0000,-0.0004,0.0000,-0.0004,0.0000,0,
13.9243,177.4400,BASELINE_COLLECTION,STANCE,0.5351,-44.600,0.500,-44.600,0.0000,0.0000,-0.0008,0.0000,-0.0008,0.0000,0,
13.9322,177.4500,BASELINE_COLLECTION,STANCE,0.5465,-44.600,1.100,-44.600,0.0000,0.0000,-0.0017,0.0000,-0.0017,0.0000,0,
13.9443,177.4600,BASELINE_COLLECTION,STANCE,0.5578,-44.600,1.000,-44.600,0.0000,0.0000,-0.0015,0.0000,-0.0015,0.0000,0,
13.9523,177.4700,BASELINE_COLLECTION,STANCE,0.5692,-44.600,-0.200,-44.600,0.0000,0.0000,0.0003,0.0000,0.0003,0.0000,1,
13.9644,177.4800,BASELINE_COLLECTION,STANCE,0.5805,-44.600,-0.300,-44.600,0.0000,0.0000,0.0004,0.0000,0.0004,0.0000,1,
13.9722,177.4900,BASELINE_COLLECTION,STANCE,0.5918,-44.600,-0.700,-44.600,0.0000,0.0000,0.0010,0.0000,0.0010,0.0000,1,
13.9843,177.5000,BASELINE_COLLECTION,STANCE,0.6032,-44.600,-1.200,-44.600,0.0000,0.0000,0.0018,0.0000,0.0018,0.0000,1,
13.9922,177.5100,BASELINE_COLLECTION,STANCE,0.6145,-44.600,-1.200,-44.600,0.0000,0.0000,0.0018,0.0000,0.0018,0.0000,1,
14.0043,177.5200,BASELINE_COLLECTION,STANCE,0.6259,-44.600,-2.500,-44.600,0.0000,0.0000,0.0037,0.0000,0.0037,0.0000,1,
14.0121,177.5300,BASELINE_COLLECTION,STANCE,0.6372,-44.700,-3.300,-44.700,0.0000,0.0000,0.0049,0.0000,0.0049,0.0000,1,
14.0243,177.5400,BASELINE_COLLECTION,STANCE,0.6485,-44.700,-5.000,-44.700,0.0000,0.0000,0.0075,0.0000,0.0075,0.0000,1,
14.0321,177.5500,BASELINE_COLLECTION,STANCE,0.6599,-44.800,-7.300,-44.800,0.0000,0.0000,0.0109,0.0000,0.0109,0.0000,1,
14.0442,177.5600,BASELINE_COLLECTION,STANCE,0.6712,-44.900,-15.200,-44.900,0.0000,0.0000,0.0228,0.0000,0.0228,0.0000,1,
14.0521,177.5700,BASELINE_COLLECTION,STANCE,0.6825,-45.100,-18.700,-45.100,0.0000,0.0000,0.0280,0.0000,0.0280,0.0000,1,
14.0642,177.5800,BASELINE_COLLECTION,STANCE,0.6939,-45.300,-20.700,-45.300,0.0000,0.0000,0.0311,0.0000,0.0311,0.0000,1,
14.0721,177.5900,BASELINE_COLLECTION,STANCE,0.7052,-45.500,-21.600,-45.500,0.0000,0.0000,0.0324,0.0000,0.0324,0.0000,1,
14.0842,177.6000,BASELINE_COLLECTION,STANCE,0.7166,-45.700,-18.200,-45.700,0.0000,0.0000,0.0273,0.0000,0.0273,0.0000,1,
14.0921,177.6100,BASELINE_COLLECTION,STANCE,0.7279,-45.900,-15.200,-45.900,0.0000,0.0000,0.0228,0.0000,0.0228,0.0000,1,
14.1041,177.6200,BASELINE_COLLECTION,STANCE,0.7392,-46.000,-9.200,-46.000,0.0000,0.0000,0.0138,0.0000,0.0138,0.0000,1,
14.1121,177.6300,BASELINE_COLLECTION,STANCE,0.7506,-46.000,0.200,-46.000,0.0000,0.0000,-0.0003,0.0000,-0.0003,0.0000,0,
14.1242,177.6400,BASELINE_COLLECTION,STANCE,0.7619,-46.000,0.500,-46.000,0.0000,0.0000,-0.0008,0.0000,-0.0008,0.0000,0,
14.1321,177.6500,BASELINE_COLLECTION,STANCE,0.7732,-46.000,-0.100,-46.000,0.0000,0.0000,0.0002,0.0000,0.0002,0.0000,1,
14.1441,177.6600,BASELINE_COLLECTION,STANCE,0.7846,-46.000,0.100,-46.000,0.0000,0.0000,-0.0002,0.0000,-0.0002,0.0000,0,
14.1521,177.6700,BASELINE_COLLECTION,STANCE,0.7959,-46.000,0.000,-46.000,0.0000,0.0000,0.0000,0.0000,0.0000,0.0000,0,
14.1642,177.6800,BASELINE_COLLECTION,STANCE,0.8073,-46.000,0.200,-46.000,0.0000,0.0000,-0.0003,0.0000,-0.0003,0.0000,0,
14.1722,177.6900,BASELINE_COLLECTION,STANCE,0.8186,-46.000,0.700,-46.000,0.0000,0.0000,-0.0010,0.0000,-0.0010,0.0000,0,
14.1843,177.7000,BASELINE_COLLECTION,STANCE,0.8299,-46.000,1.300,-46.000,0.0000,0.0000,-0.0020,0.0000,-0.0020,0.0000,0,
14.1921,177.7100,BASELINE_COLLECTION,STANCE,0.8413,-45.900,0.600,-45.900,0.0000,0.0000,-0.0009,0.0000,-0.0009,0.0000,0,
14.2043,177.7200,BASELINE_COLLECTION,STANCE,0.8526,-45.900,0.300,-45.900,0.0000,0.0000,-0.0004,0.0000,-0.0004,0.0000,0,
14.2122,177.7300,BASELINE_COLLECTION,STANCE,0.8639,-45.900,-0.100,-45.900,0.0000,0.0000,0.0002,0.0000,0.0002,0.0000,1,
14.2243,177.7400,BASELINE_COLLECTION,STANCE,0.8753,-45.900,0.600,-45.900,0.0000,0.0000,-0.0009,0.0000,-0.0009,0.0000,0,
14.2322,177.7500,BASELINE_COLLECTION,STANCE,0.8866,-45.900,0.800,-45.900,0.0000,0.0000,-0.0012,0.0000,-0.0012,0.0000,0,
14.2442,177.7600,BASELINE_COLLECTION,STANCE,0.8980,-45.900,0.100,-45.900,0.0000,0.0000,-0.0002,0.0000,-0.0002,0.0000,0,
14.2521,177.7700,BASELINE_COLLECTION,STANCE,0.9093,-45.900,-0.200,-45.900,0.0000,0.0000,0.0003,0.0000,0.0003,0.0000,1,
14.2643,177.7800,BASELINE_COLLECTION,STANCE,0.9206,-45.900,-0.300,-45.900,0.0000,0.0000,0.0004,0.0000,0.0004,0.0000,1,
14.2721,177.7900,BASELINE_COLLECTION,STANCE,0.9320,-45.900,0.000,-45.900,0.0000,0.0000,0.0000,0.0000,0.0000,0.0000,0,
14.2843,177.8000,BASELINE_COLLECTION,STANCE,0.9433,-45.900,-1.500,-45.900,0.0000,0.0000,0.0023,0.0000,0.0023,0.0000,1,
14.2922,177.8100,BASELINE_COLLECTION,STANCE,0.9546,-46.000,-2.500,-46.000,0.0000,0.0000,0.0037,0.0000,0.0037,0.0000,1,
14.3042,177.8200,BASELINE_COLLECTION,STANCE,0.9660,-46.000,-3.700,-46.000,0.0000,0.0000,0.0056,0.0000,0.0056,0.0000,1,
14.3121,177.8300,BASELINE_COLLECTION,STANCE,0.9773,-46.000,-4.600,-46.000,0.0000,0.0000,0.0069,0.0000,0.0069,0.0000,1,
14.3243,177.8400,BASELINE_COLLECTION,STANCE,0.9887,-46.100,-12.900,-46.100,0.0000,0.0000,0.0194,0.0000,0.0194,0.0000,1,
14.3321,177.8500,BASELINE_COLLECTION,STANCE,1.0000,-46.400,-30.500,-46.400,0.0000,0.0000,0.0457,0.0000,0.0457,0.0000,1,
14.3442,177.8600,BASELINE_COLLECTION,STANCE,1.0000,-46.800,-47.400,-46.800,0.0000,0.0000,0.0711,0.0000,0.0711,0.0000,1,
14.3522,177.8700,BASELINE_COLLECTION,STANCE,1.0000,-47.400,-67.700,-47.400,0.0000,0.0000,0.1016,0.0000,0.1016,0.0000,1,
14.3642,177.8800,BASELINE_COLLECTION,STANCE,1.0000,-48.200,-88.500,-48.200,0.0000,0.0000,0.1328,0.0000,0.1328,0.0000,1,
14.3722,177.8900,BASELINE_COLLECTION,STANCE,1.0000,-49.300,-106.300,-49.300,0.0000,0.0000,0.1595,0.0000,0.1595,0.0000,1,
14.3843,177.9000,BASELINE_COLLECTION,STANCE,1.0000,-50.500,-126.800,-50.500,0.0000,0.0000,0.1902,0.0000,0.1902,0.0000,1,
14.3921,177.9100,BASELINE_COLLECTION,STANCE,1.0000,-51.900,-145.000,-51.900,0.0000,0.0000,0.2175,0.0000,0.2175,0.0000,1,
14.4042,177.9200,BASELINE_COLLECTION,STANCE,1.0000,-53.400,-161.300,-53.400,0.0000,0.0000,0.2420,0.0000,0.2420,0.0000,1,
14.4122,177.9300,BASELINE_COLLECTION,STANCE,1.0000,-55.200,-178.300,-55.200,0.0000,0.0000,0.2675,0.0000,0.2675,0.0000,1,
14.4242,177.9400,BASELINE_COLLECTION,STANCE,1.0000,-57.100,-196.900,-57.100,0.0000,0.0000,0.2954,0.0000,0.2954,0.0000,1,
14.4321,177.9500,BASELINE_COLLECTION,STANCE,1.0000,-59.200,-216.900,-59.200,0.0000,0.0000,0.3254,0.0000,0.3254,0.0000,1,
14.4443,177.9600,BASELINE_COLLECTION,STANCE,1.0000,-61.500,-237.900,-61.500,0.0000,0.0000,0.3569,0.0000,0.3569,0.0000,1,
14.4521,177.9700,BASELINE_COLLECTION,STANCE,1.0000,-64.000,-254.800,-64.000,0.0000,0.0000,0.3822,0.0000,0.3822,0.0000,1,
14.4642,177.9800,BASELINE_COLLECTION,STANCE,1.0000,-66.600,-268.900,-66.600,0.0000,0.0000,0.4033,0.0000,0.4033,0.0000,1,
14.4722,177.9900,BASELINE_COLLECTION,STANCE,0.0000,-69.400,-280.500,-69.400,0.0000,0.0000,0.4208,0.0000,0.4208,0.0000,1,
14.4842,178.0000,BASELINE_COLLECTION,STANCE,0.0104,-70.700,-282.300,-70.700,0.0000,0.0000,0.4235,0.0000,0.4235,0.0000,1,
14.4921,178.0100,BASELINE_COLLECTION,STANCE,0.0207,-75.300,-278.500,-75.300,0.0000,0.0000,0.4178,0.0000,0.4178,0.0000,1,
14.5042,178.0200,BASELINE_COLLECTION,STANCE,0.0311,-78.100,-274.300,-78.100,0.0000,0.0000,0.4115,0.0000,0.4115,0.0000,1,
14.5121,178.0300,BASELINE_COLLECTION,STANCE,0.0414,-80.800,-267.300,-80.800,0.0000,0.0000,0.4010,0.0000,0.4010,0.0000,1,
14.5242,178.0400,BASELINE_COLLECTION,STANCE,0.0518,-83.400,-258.800,-83.400,0.0000,0.0000,0.3882,0.0000,0.3882,0.0000,1,
14.5321,178.0500,BASELINE_COLLECTION,STANCE,0.0621,-85.900,-250.100,-85.900,0.0000,0.0000,0.3751,0.0000,0.3751,0.0000,1,
14.5442,178.0600,BASELINE_COLLECTION,STANCE,0.0725,-88.400,-240.300,-88.400,0.0000,0.0000,0.3605,0.0000,0.3605,0.0000,1,
14.5522,178.0700,BASELINE_COLLECTION,STANCE,0.0828,-90.700,-223.500,-90.700,0.0000,0.0000,0.3352,0.0000,0.3352,0.0000,1,
14.5642,178.0800,BASELINE_COLLECTION,STANCE,0.0932,-92.700,-199.800,-92.700,0.0000,0.0000,0.2997,0.0000,0.2997,0.0000,1,
14.5721,178.0900,BASELINE_COLLECTION,STANCE,0.1035,-94.500,-173.300,-94.500,0.0000,0.0000,0.2600,0.0000,0.2600,0.0000,1,
14.5842,178.1000,BASELINE_COLLECTION,STANCE,0.1139,-96.100,-146.100,-96.100,0.0000,0.0000,0.2191,0.0000,0.2191,0.0000,1,
14.5922,178.1100,BASELINE_COLLECTION,STANCE,0.1242,-97.300,-112.500,-97.300,0.0000,0.0000,0.1688,0.0000,0.1688,0.0000,1,
14.6042,178.1200,BASELINE_COLLECTION,STANCE,0.1346,-98.200,-74.800,-98.200,0.0000,0.0000,0.1122,0.0000,0.1122,0.0000,1,
14.6121,178.1300,BASELINE_COLLECTION,STANCE,0.1449,-98.700,-34.800,-98.700,0.0000,0.0000,0.0522,0.0000,0.0522,0.0000,1,
14.6243,178.1400,BASELINE_COLLECTION,STANCE,0.1553,-98.700,2.800,-98.700,0.0000,0.0000,-0.0042,0.0000,-0.0042,0.0000,0,
14.6321,178.1500,BASELINE_COLLECTION,STANCE,0.1656,-98.500,25.400,-98.500,0.0000,0.0000,-0.0381,0.0000,-0.0381,0.0000,0,
14.6443,178.1600,BASELINE_COLLECTION,STANCE,0.1760,-98.200,38.800,-98.200,0.0000,0.0000,-0.0582,0.0000,-0.0582,0.0000,0,
14.6521,178.1700,BASELINE_COLLECTION,STANCE,0.1863,-97.700,52.400,-97.700,0.0000,0.0000,-0.0786,0.0000,-0.0786,0.0000,0,
14.6643,178.1800,BASELINE_COLLECTION,STANCE,0.1967,-97.100,68.200,-97.100,0.0000,0.0000,-0.1023,0.0000,-0.1023,0.0000,0,
14.6722,178.1900,BASELINE_COLLECTION,STANCE,0.2070,-96.300,86.500,-96.300,0.0000,0.0000,-0.1298,0.0000,-0.1298,0.0000,0,
14.6842,178.2000,BASELINE_COLLECTION,STANCE,0.2174,-95.300,106.400,-95.300,0.0000,0.0000,-0.1596,0.0000,-0.1596,0.0000,0,
14.6922,178.2100,BASELINE_COLLECTION,STANCE,0.2277,-94.100,121.300,-94.100,0.0000,0.0000,-0.1820,0.0000,-0.1820,0.0000,0,
14.7043,178.2200,BASELINE_COLLECTION,STANCE,0.2381,-92.800,139.500,-92.800,0.0000,0.0000,-0.2092,0.0000,-0.2092,0.0000,0,
14.7121,178.2300,BASELINE_COLLECTION,STANCE,0.2484,-91.200,161.000,-91.200,0.0000,0.0000,-0.2415,0.0000,-0.2415,0.0000,0,
14.7242,178.2400,BASELINE_COLLECTION,SWING,0.0132,-89.400,185.100,-89.400,0.0415,0.0000,-0.2777,0.0000,-0.2777,0.0000,0,
14.7321,178.2500,BASELINE_COLLECTION,SWING,0.0287,-87.400,209.000,-87.400,0.0901,0.0000,-0.3135,0.0000,-0.3135,0.0000,0,
14.7441,178.2600,BASELINE_COLLECTION,SWING,0.0443,-85.200,230.900,-85.200,0.1386,0.0000,-0.3463,0.0000,-0.3463,0.0000,0,
14.7523,178.2700,BASELINE_COLLECTION,SWING,0.0598,-82.700,251.500,-82.700,0.1867,0.0000,-0.3773,0.0000,-0.3773,0.0000,0,
14.7643,178.2800,BASELINE_COLLECTION,SWING,0.0753,-80.100,274.300,-80.100,0.2344,0.0000,-0.4115,0.0000,-0.4115,0.0000,0,
14.7722,178.2900,BASELINE_COLLECTION,SWING,0.0908,-77.200,297.000,-77.200,0.2815,0.0000,-0.4455,0.0000,-0.4455,0.0000,0,
14.7882,178.3000,BASELINE_COLLECTION,SWING,0.1064,-74.000,319.200,-74.000,0.3280,0.0000,-0.4788,0.0000,-0.4788,0.0000,0,
14.8001,178.3100,BASELINE_COLLECTION,SWING,0.1219,-70.700,345.300,-70.700,0.3737,0.0000,-0.5180,0.0000,-0.5180,0.0000,0,
14.8082,178.3200,BASELINE_COLLECTION,SWING,0.1374,-67.100,365.400,-67.100,0.4184,0.0000,-0.5481,0.0000,-0.5481,0.0000,0,
14.8203,178.3300,BASELINE_COLLECTION,SWING,0.1530,-63.300,386.900,-63.300,0.4622,0.0000,-0.5804,0.0000,-0.5804,0.0000,0,
14.8322,178.3400,BASELINE_COLLECTION,SWING,0.1685,-59.200,411.000,-59.200,0.5049,0.0000,-0.6165,0.0000,-0.6165,0.0000,0,
14.8401,178.3600,BASELINE_COLLECTION,SWING,0.1995,-50.500,456.600,-50.500,0.5866,0.0000,-0.6849,0.0000,-0.6849,0.0000,0,
14.8523,178.3700,BASELINE_COLLECTION,SWING,0.2151,-45.800,469.100,-45.800,0.6254,0.0000,-0.7036,0.0000,-0.7036,0.0000,0,
14.8603,178.3800,BASELINE_COLLECTION,SWING,0.2306,-41.100,480.500,-41.100,0.6627,0.0000,-0.7208,0.0000,-0.7208,0.0000,0,
14.8723,178.3900,BASELINE_COLLECTION,SWING,0.2461,-36.200,490.200,-36.200,0.6984,0.0000,-0.7353,0.0000,-0.7353,0.0000,0,
14.8803,178.4000,BASELINE_COLLECTION,SWING,0.2616,-31.200,495.900,-31.200,0.7325,0.0000,-0.7439,0.0000,-0.7439,0.0000,0,
14.8922,178.4100,BASELINE_COLLECTION,SWING,0.2772,-26.400,485.200,-26.400,0.7648,0.0000,-0.7278,0.0000,-0.7278,0.0000,0,
14.9003,178.4200,BASELINE_COLLECTION,SWING,0.2927,-21.600,468.300,-21.600,0.7953,0.0000,-0.7025,0.0000,-0.7025,0.0000,0,
14.9123,178.4300,BASELINE_COLLECTION,SWING,0.3082,-17.200,434.000,-17.200,0.8239,0.0000,-0.6510,0.0000,-0.6510,0.0000,0,
14.9203,178.4400,BASELINE_COLLECTION,SWING,0.3238,-13.100,391.200,-13.100,0.8506,0.0000,-0.5868,0.0000,-0.5868,0.0000,0,
14.9323,178.4500,BASELINE_COLLECTION,SWING,0.3393,-9.600,323.700,-9.600,0.8752,0.0000,-0.4855,0.0000,-0.4855,0.0000,0,
14.9403,178.4600,BASELINE_COLLECTION,SWING,0.3548,-6.900,252.200,-6.900,0.8978,0.0000,-0.3783,0.0000,-0.3783,0.0000,0,
14.9522,178.4700,BASELINE_COLLECTION,SWING,0.3703,-5.000,160.800,-5.000,0.9182,0.0000,-0.2412,0.0000,-0.2412,0.0000,0,
14.9603,178.4800,BASELINE_COLLECTION,SWING,0.3859,-3.900,92.900,-3.900,0.9364,0.0000,-0.1394,0.0000,-0.1394,0.0000,0,
14.9721,178.4900,BASELINE_COLLECTION,SWING,0.4014,-3.300,36.100,-3.300,0.9524,0.0000,-0.0542,0.0000,-0.0542,0.0000,0,
14.9802,178.5000,BASELINE_COLLECTION,SWING,0.4169,-3.300,-5.800,-3.300,0.9661,0.0000,0.0087,0.0000,0.0087,0.0000,1,
14.9920,178.5100,BASELINE_COLLECTION,SWING,0.4325,-3.400,-15.300,-3.400,0.9776,0.0000,0.0230,0.0000,0.0230,0.0000,1,
15.0002,178.5200,BASELINE_COLLECTION,SWING,0.4480,-3.600,-10.000,-3.600,0.9867,0.0000,0.0150,0.0000,0.0150,0.0000,1,
15.0122,178.5300,BASELINE_COLLECTION,SWING,0.4635,-3.700,-10.300,-3.700,0.9934,0.0000,0.0155,0.0000,0.0155,0.0000,1,
15.0202,178.5400,BASELINE_COLLECTION,SWING,0.4790,-3.800,-21.600,-3.800,0.9978,0.0000,0.0324,0.0000,0.0324,0.0000,1,
15.0321,178.5500,BASELINE_COLLECTION,SWING,0.4946,-4.100,-33.200,-4.100,0.9999,0.0000,0.0498,0.0000,0.0498,0.0000,1,
15.0402,178.5600,BASELINE_COLLECTION,SWING,0.5101,-4.500,-42.200,-4.500,0.9995,0.0000,0.0633,0.0000,0.0633,0.0000,1,
15.0521,178.5700,BASELINE_COLLECTION,SWING,0.5256,-5.000,-48.800,-5.000,0.9968,0.0000,0.0732,0.0000,0.0732,0.0000,1,
15.0602,178.5800,BASELINE_COLLECTION,SWING,0.5411,-5.500,-53.200,-5.500,0.9917,0.0000,0.0798,0.0000,0.0798,0.0000,1,
15.0722,178.5900,BASELINE_COLLECTION,SWING,0.5567,-6.100,-55.100,-6.100,0.9842,0.0000,0.0827,0.0000,0.0827,0.0000,1,
15.0802,178.6000,BASELINE_COLLECTION,SWING,0.5722,-6.500,-43.100,-6.500,0.9744,0.0000,0.0646,0.0000,0.0646,0.0000,1,
15.0922,178.6100,BASELINE_COLLECTION,SWING,0.5877,-6.800,-22.500,-6.800,0.9623,0.0000,0.0338,0.0000,0.0338,0.0000,1,
15.1002,178.6200,BASELINE_COLLECTION,SWING,0.6033,-6.900,-0.900,-6.900,0.9478,0.0000,0.0014,0.0000,0.0014,0.0000,1,
15.1121,178.6300,BASELINE_COLLECTION,SWING,0.6188,-6.900,1.500,-6.900,0.9312,0.0000,-0.0023,0.0000,-0.0023,0.0000,0,
15.1202,178.6400,BASELINE_COLLECTION,SWING,0.6343,-6.900,-2.500,-6.900,0.9123,0.0000,0.0037,0.0000,0.0037,0.0000,1,
15.1322,178.6500,BASELINE_COLLECTION,SWING,0.6498,-6.900,-3.500,-6.900,0.8912,0.0000,0.0053,0.0000,0.0053,0.0000,1,
15.1402,178.6600,BASELINE_COLLECTION,SWING,0.6654,-7.000,-10.700,-7.000,0.8681,0.0000,0.0160,0.0000,0.0160,0.0000,1,
15.1522,178.6700,BASELINE_COLLECTION,SWING,0.6809,-7.200,-18.800,-7.200,0.8428,0.0000,0.0282,0.0000,0.0282,0.0000,1,
15.1602,178.6800,BASELINE_COLLECTION,SWING,0.6964,-7.500,-33.600,-7.500,0.8156,0.0000,0.0504,0.0000,0.0504,0.0000,1,
15.1722,178.6900,BASELINE_COLLECTION,SWING,0.7120,-7.900,-52.200,-7.900,0.7864,0.0000,0.0783,0.0000,0.0783,0.0000,1,
15.1802,178.7000,BASELINE_COLLECTION,SWING,0.7275,-8.600,-72.700,-8.600,0.7553,0.0000,0.1091,0.0000,0.1091,0.0000,1,
15.1922,178.7100,BASELINE_COLLECTION,SWING,0.7430,-9.400,-87.700,-9.400,0.7225,0.0000,0.1316,0.0000,0.1316,0.0000,1,
15.2001,178.7200,BASELINE_COLLECTION,SWING,0.7585,-10.400,-98.400,-10.400,0.6879,0.0000,0.1476,0.0000,0.1476,0.0000,1,
15.2121,178.7300,BASELINE_COLLECTION,SWING,0.7741,-11.400,-104.600,-11.400,0.6517,0.0000,0.1569,0.0000,0.1569,0.0000,1,
15.2203,178.7400,BASELINE_COLLECTION,SWING,0.7896,-12.500,-102.800,-12.500,0.6139,0.0000,0.1542,0.0000,0.1542,0.0000,1,
15.2322,178.7500,BASELINE_COLLECTION,SWING,0.8051,-13.400,-94.900,-13.400,0.5747,0.0000,0.1424,0.0000,0.1424,0.0000,1,
15.2403,178.7600,BASELINE_COLLECTION,SWING,0.8207,-14.300,-82.100,-14.300,0.5341,0.0000,0.1231,0.0000,0.1231,0.0000,1,
15.2522,178.7700,BASELINE_COLLECTION,SWING,0.8362,-15.000,-64.300,-15.000,0.4922,0.0000,0.0964,0.0000,0.0964,0.0000,1,
15.2603,178.7800,BASELINE_COLLECTION,SWING,0.8517,-15.500,-44.400,-15.500,0.4492,0.0000,0.0666,0.0000,0.0666,0.0000,1,
15.2722,178.7900,BASELINE_COLLECTION,SWING,0.8672,-15.800,-25.900,-15.800,0.4051,0.0000,0.0388,0.0000,0.0388,0.0000,1,
15.2803,178.8000,BASELINE_COLLECTION,SWING,0.8828,-15.900,-6.100,-15.900,0.3600,0.0000,0.0092,0.0000,0.0092,0.0000,1,
15.2923,178.8100,BASELINE_COLLECTION,SWING,0.8983,-15.900,2.500,-15.900,0.3141,0.0000,-0.0037,0.0000,-0.0037,0.0000,0,
15.3002,178.8200,BASELINE_COLLECTION,SWING,0.9138,-15.900,-0.300,-15.900,0.2674,0.0000,0.0004,0.0000,0.0004,0.0000,1,
15.3122,178.8300,BASELINE_COLLECTION,SWING,0.9293,-15.900,-1.700,-15.900,0.2201,0.0000,0.0026,0.0000,0.0026,0.0000,1,
15.3200,178.8400,BASELINE_COLLECTION,SWING,0.9449,-16.000,-6.900,-16.000,0.1723,0.0000,0.0104,0.0000,0.0104,0.0000,1,
15.3322,178.8500,BASELINE_COLLECTION,SWING,0.9604,-16.100,-15.900,-16.100,0.1241,0.0000,0.0238,0.0000,0.0238,0.0000,1,
15.3403,178.8600,BASELINE_COLLECTION,SWING,0.9759,-16.400,-27.200,-16.400,0.0755,0.0000,0.0408,0.0000,0.0408,0.0000,1,
15.3522,178.8700,BASELINE_COLLECTION,SWING,0.9915,-16.700,-41.000,-16.700,0.0268,0.0000,0.0615,0.0000,0.0615,0.0000,1,
15.3642,178.8800,BASELINE_COLLECTION,STANCE,0.2547,-17.200,-51.800,-17.200,0.0000,0.0000,0.0777,0.0000,0.0777,0.0000,1,
15.3721,178.8900,BASELINE_COLLECTION,STANCE,0.2650,-17.800,-63.800,-17.800,0.0000,0.0000,0.0957,0.0000,0.0957,0.0000,1,
15.3843,178.9000,BASELINE_COLLECTION,STANCE,0.2754,-18.500,-74.900,-18.500,0.0000,0.0000,0.1124,0.0000,0.1124,0.0000,1,
15.3922,178.9100,BASELINE_COLLECTION,STANCE,0.2857,-19.300,-85.100,-19.300,0.0000,0.0000,0.1276,0.0000,0.1276,0.0000,1,
15.4043,178.9200,BASELINE_COLLECTION,STANCE,0.2961,-20.200,-91.200,-20.200,0.0000,0.0000,0.1368,0.0000,0.1368,0.0000,1,
15.4122,178.9300,BASELINE_COLLECTION,STANCE,0.3064,-21.200,-95.200,-21.200,0.0000,0.0000,0.1428,0.0000,0.1428,0.0000,1,
15.4243,178.9400,BASELINE_COLLECTION,STANCE,0.3168,-22.200,-98.100,-22.200,0.0000,0.0000,0.1472,0.0000,0.1472,0.0000,1,
15.4322,178.9500,BASELINE_COLLECTION,STANCE,0.3271,-23.100,-96.600,-23.100,0.0000,0.0000,0.1449,0.0000,0.1449,0.0000,1,
15.4443,178.9600,BASELINE_COLLECTION,STANCE,0.3375,-24.100,-94.100,-24.100,0.0000,0.0000,0.1411,0.0000,0.1411,0.0000,1,
15.4522,178.9700,BASELINE_COLLECTION,STANCE,0.3478,-25.000,-89.800,-25.000,0.0000,0.0000,0.1347,0.0000,0.1347,0.0000,1,
15.4643,178.9800,BASELINE_COLLECTION,STANCE,0.3582,-25.900,-83.500,-25.900,0.0000,0.0000,0.1253,0.0000,0.1253,0.0000,1,
15.4722,178.9900,BASELINE_COLLECTION,STANCE,0.3685,-26.600,-77.400,-26.600,0.0000,0.0000,0.1161,0.0000,0.1161,0.0000,1,
15.4843,179.0000,BASELINE_COLLECTION,STANCE,0.3789,-27.000,-74.300,-27.000,0.0000,0.0000,0.1114,0.0000,0.1114,0.0000,1,
15.4922,179.0100,BASELINE_COLLECTION,STANCE,0.3892,-28.000,-62.700,-28.000,0.0000,0.0000,0.0941,0.0000,0.0941,0.0000,1,
15.5043,179.0200,BASELINE_COLLECTION,STANCE,0.3996,-28.600,-54.700,-28.600,0.0000,0.0000,0.0821,0.0000,0.0821,0.0000,1,
15.5122,179.0300,BASELINE_COLLECTION,STANCE,0.4099,-29.100,-48.500,-29.100,0.0000,0.0000,0.0727,0.0000,0.0727,0.0000,1,
15.5242,179.0400,BASELINE_COLLECTION,STANCE,0.4203,-29.600,-46.600,-29.600,0.0000,0.0000,0.0699,0.0000,0.0699,0.0000,1,
15.5322,179.0500,BASELINE_COLLECTION,STANCE,0.4306,-30.000,-45.300,-30.000,0.0000,0.0000,0.0679,0.0000,0.0679,0.0000,1,
15.5443,179.0600,BASELINE_COLLECTION,STANCE,0.4410,-30.500,-43.800,-30.500,0.0000,0.0000,0.0657,0.0000,0.0657,0.0000,1,
15.5522,179.0700,BASELINE_COLLECTION,STANCE,0.4513,-30.900,-47.400,-30.900,0.0000,0.0000,0.0711,0.0000,0.0711,0.0000,1,
15.5643,179.0800,BASELINE_COLLECTION,STANCE,0.4617,-31.500,-56.200,-31.500,0.0000,0.0000,0.0843,0.0000,0.0843,0.0000,1,
15.5723,179.0900,BASELINE_COLLECTION,STANCE,0.4720,-32.100,-70.200,-32.100,0.0000,0.0000,0.1053,0.0000,0.1053,0.0000,1,
15.5843,179.1000,BASELINE_COLLECTION,STANCE,0.4824,-32.900,-86.800,-32.900,0.0000,0.0000,0.1302,0.0000,0.1302,0.0000,1,
15.5923,179.1100,BASELINE_COLLECTION,STANCE,0.4928,-33.900,-106.900,-33.900,0.0000,0.0000,0.1604,0.0000,0.1604,0.0000,1,
15.6043,179.1200,BASELINE_COLLECTION,STANCE,0.5031,-35.200,-130.900,-35.200,0.0000,0.0000,0.1964,0.0000,0.1964,0.0000,1,
15.6122,179.1300,BASELINE_COLLECTION,STANCE,0.5135,-36.700,-155.200,-36.700,0.0000,0.0000,0.2328,0.0000,0.2328,0.0000,1,
15.6243,179.1400,BASELINE_COLLECTION,STANCE,0.5238,-38.400,-179.800,-38.400,0.0000,0.0000,0.2697,0.0000,0.2697,0.0000,1,
15.6323,179.1500,BASELINE_COLLECTION,STANCE,0.5342,-40.300,-204.300,-40.300,0.0000,0.0000,0.3065,0.0000,0.3065,0.0000,1,
15.6443,179.1600,BASELINE_COLLECTION,STANCE,0.5445,-42.300,-225.500,-42.300,0.0000,0.0000,0.3382,0.0000,0.3382,0.0000,1,
15.6523,179.1700,BASELINE_COLLECTION,STANCE,0.5549,-44.700,-243.900,-44.700,0.0000,0.0000,0.3659,0.0000,0.3659,0.0000,1,
15.6642,179.1800,BASELINE_COLLECTION,STANCE,0.5652,-47.200,-259.000,-47.200,0.0000,0.0000,0.3885,0.0000,0.3885,0.0000,1,
15.6722,179.1900,BASELINE_COLLECTION,STANCE,0.5756,-49.900,-273.000,-49.900,0.0000,0.0000,0.4095,0.0000,0.4095,0.0000,1,
15.6843,179.2000,BASELINE_COLLECTION,STANCE,0.5859,-52.800,-284.200,-52.800,0.0000,0.0000,0.4263,0.0000,0.4263,0.0000,1,
15.6922,179.2100,BASELINE_COLLECTION,STANCE,0.5963,-55.700,-291.300,-55.700,0.0000,0.0000,0.4370,0.0000,0.4370,0.0000,1,
15.7043,179.2200,BASELINE_COLLECTION,STANCE,0.6066,-58.600,-301.100,-58.600,0.0000,0.0000,0.4517,0.0000,0.4517,0.0000,1,
15.7123,179.2300,BASELINE_COLLECTION,STANCE,0.6170,-61.700,-312.000,-61.700,0.0000,0.0000,0.4680,0.0000,0.4680,0.0000,1,
15.7244,179.2400,BASELINE_COLLECTION,STANCE,0.0000,-64.900,-313.500,-64.900,0.0000,0.0000,0.4703,0.0000,0.4703,0.0000,1,
15.7323,179.2500,BASELINE_COLLECTION,STANCE,0.0133,-68.000,-310.400,-68.000,0.0000,0.0000,0.4656,0.0000,0.4656,0.0000,1,
15.7443,179.2600,BASELINE_COLLECTION,STANCE,0.0267,-71.000,-306.700,-71.000,0.0000,0.0000,0.4601,0.0000,0.4601,0.0000,1,
15.7522,179.2700,BASELINE_COLLECTION,STANCE,0.0400,-74.000,-292.100,-74.000,0.0000,0.0000,0.4382,0.0000,0.4382,0.0000,1,
15.7643,179.2800,BASELINE_COLLECTION,STANCE,0.0533,-76.800,-275.200,-76.800,0.0000,0.0000,0.4128,0.0000,0.4128,0.0000,1,
15.7723,179.2900,BASELINE_COLLECTION,STANCE,0.0667,-79.500,-259.900,-79.500,0.0000,0.0000,0.3898,0.0000,0.3898,0.0000,1,
15.7842,179.3000,BASELINE_COLLECTION,STANCE,0.0800,-82.000,-241.200,-82.000,0.0000,0.0000,0.3618,0.0000,0.3618,0.0000,1,
15.7920,179.3100,BASELINE_COLLECTION,STANCE,0.0933,-84.200,-219.200,-84.200,0.0000,0.0000,0.3288,0.0000,0.3288,0.0000,1,
15.8042,179.3200,BASELINE_COLLECTION,STANCE,0.1067,-86.200,-196.000,-86.200,0.0000,0.0000,0.2940,0.0000,0.2940,0.0000,1,
15.8123,179.3300,BASELINE_COLLECTION,STANCE,0.1200,-88.000,-165.800,-88.000,0.0000,0.0000,0.2487,0.0000,0.2487,0.0000,1,
15.8243,179.3400,BASELINE_COLLECTION,STANCE,0.1333,-89.400,-130.300,-89.400,0.0000,0.0000,0.1955,0.0000,0.1955,0.0000,1,
15.8321,179.3500,BASELINE_COLLECTION,STANCE,0.1467,-90.400,-90.900,-90.400,0.0000,0.0000,0.1363,0.0000,0.1363,0.0000,1,
15.8442,179.3600,BASELINE_COLLECTION,STANCE,0.1600,-91.100,-51.300,-91.100,0.0000,0.0000,0.0769,0.0000,0.0769,0.0000,1,
15.8524,179.3700,BASELINE_COLLECTION,STANCE,0.1733,-91.300,-13.300,-91.300,0.0000,0.0000,0.0200,0.0000,0.0200,0.0000,1,
15.8643,179.3800,BASELINE_COLLECTION,STANCE,0.1867,-91.200,11.400,-91.200,0.0000,0.0000,-0.0171,0.0000,-0.0171,0.0000,0,
15.8722,179.3900,BASELINE_COLLECTION,STANCE,0.2000,-91.100,22.800,-91.100,0.0000,0.0000,-0.0342,0.0000,-0.0342,0.0000,0,
15.8842,179.4000,BASELINE_COLLECTION,STANCE,0.2133,-90.700,33.600,-90.700,0.0000,0.0000,-0.0504,0.0000,-0.0504,0.0000,0,
15.8922,179.4100,BASELINE_COLLECTION,STANCE,0.2267,-90.300,48.500,-90.300,0.0000,0.0000,-0.0727,0.0000,-0.0727,0.0000,0,
15.9043,179.4200,BASELINE_COLLECTION,STANCE,0.2400,-89.700,65.500,-89.700,0.0000,0.0000,-0.0983,0.0000,-0.0983,0.0000,0,
15.9122,179.4300,BASELINE_COLLECTION,SWING,0.0050,-88.900,83.600,-88.900,0.0157,0.0000,-0.1254,0.0000,-0.1254,0.0000,0,
15.9242,179.4400,BASELINE_COLLECTION,SWING,0.0250,-88.000,102.500,-88.000,0.0785,0.0000,-0.1537,0.0000,-0.1537,0.0000,0,
15.9323,179.4500,BASELINE_COLLECTION,SWING,0.0450,-86.800,121.800,-86.800,0.1409,0.0000,-0.1827,0.0000,-0.1827,0.0000,0,
15.9442,179.4600,BASELINE_COLLECTION,SWING,0.0650,-85.500,140.800,-85.500,0.2028,0.0000,-0.2112,0.0000,-0.2112,0.0000,0,
15.9523,179.4700,BASELINE_COLLECTION,SWING,0.0850,-83.900,161.100,-83.900,0.2639,0.0000,-0.2417,0.0000,-0.2417,0.0000,0,
15.9642,179.4800,BASELINE_COLLECTION,SWING,0.1050,-82.100,181.100,-82.100,0.3239,0.0000,-0.2717,0.0000,-0.2717,0.0000,0,
15.9722,179.4900,BASELINE_COLLECTION,SWING,0.1250,-80.200,201.900,-80.200,0.3827,0.0000,-0.3029,0.0000,-0.3029,0.0000,0,
15.9842,179.5000,BASELINE_COLLECTION,SWING,0.1450,-78.000,223.100,-78.000,0.4399,0.0000,-0.3347,0.0000,-0.3347,0.0000,0,
15.9921,179.5100,BASELINE_COLLECTION,SWING,0.1650,-75.600,244.300,-75.600,0.4955,0.0000,-0.3664,0.0000,-0.3664,0.0000,0,
16.0042,179.5200,BASELINE_COLLECTION,SWING,0.1850,-73.100,266.800,-73.100,0.5490,0.0000,-0.4002,0.0000,-0.4002,0.0000,0,
16.0122,179.5300,BASELINE_COLLECTION,SWING,0.2050,-70.200,289.600,-70.200,0.6004,0.0000,-0.4344,0.0000,-0.4344,0.0000,0,
16.0241,179.5400,BASELINE_COLLECTION,SWING,0.2250,-67.200,305.500,-67.200,0.6494,0.0000,-0.4582,0.0000,-0.4582,0.0000,0,
16.0321,179.5500,BASELINE_COLLECTION,SWING,0.2450,-64.000,322.400,-64.000,0.6959,0.0000,-0.4836,0.0000,-0.4836,0.0000,0,
16.0442,179.5600,BASELINE_COLLECTION,SWING,0.2650,-60.700,340.800,-60.700,0.7396,0.0000,-0.5112,0.0000,-0.5112,0.0000,0,
16.0522,179.5700,BASELINE_COLLECTION,SWING,0.2850,-57.200,348.300,-57.200,0.7804,0.0000,-0.5225,0.0000,-0.5225,0.0000,0,
16.0642,179.5800,BASELINE_COLLECTION,SWING,0.3050,-53.700,355.800,-53.700,0.8181,0.0000,-0.5337,0.0000,-0.5337,0.0000,0,
16.0721,179.5900,BASELINE_COLLECTION,SWING,0.3250,-50.000,362.700,-50.000,0.8526,0.0000,-0.5441,0.0000,-0.5441,0.0000,0,
16.0842,179.6000,BASELINE_COLLECTION,SWING,0.3450,-46.500,359.400,-46.500,0.8838,0.0000,-0.5391,0.0000,-0.5391,0.0000,0,
16.0923,179.6100,BASELINE_COLLECTION,SWING,0.3650,-42.900,354.400,-42.900,0.9114,0.0000,-0.5316,0.0000,-0.5316,0.0000,0,
16.1043,179.6200,BASELINE_COLLECTION,SWING,0.3850,-39.400,345.900,-39.400,0.9354,0.0000,-0.5188,0.0000,-0.5188,0.0000,0,
16.1121,179.6300,BASELINE_COLLECTION,SWING,0.4050,-36.100,333.600,-36.100,0.9558,0.0000,-0.5004,0.0000,-0.5004,0.0000,0,
16.1242,179.6400,BASELINE_COLLECTION,SWING,0.4250,-32.800,316.600,-32.800,0.9724,0.0000,-0.4749,0.0000,-0.4749,0.0000,0,
16.1323,179.6500,BASELINE_COLLECTION,SWING,0.4450,-29.800,287.500,-29.800,0.9851,0.0000,-0.4313,0.0000,-0.4313,0.0000,0,
16.1443,179.6600,BASELINE_COLLECTION,SWING,0.4650,-27.200,256.600,-27.200,0.9940,0.0000,-0.3849,0.0000,-0.3849,0.0000,0,
16.1523,179.6700,BASELINE_COLLECTION,SWING,0.4850,-24.800,225.900,-24.800,0.9989,0.0000,-0.3389,0.0000,-0.3389,0.0000,0,
16.1643,179.6800,BASELINE_COLLECTION,SWING,0.5050,-22.800,191.700,-22.800,0.9999,0.0000,-0.2875,0.0000,-0.2875,0.0000,0,
16.1722,179.6900,BASELINE_COLLECTION,SWING,0.5250,-21.100,157.600,-21.100,0.9969,0.0000,-0.2364,0.0000,-0.2364,0.0000,0,
16.1842,179.7000,BASELINE_COLLECTION,SWING,0.5450,-19.800,123.300,-19.800,0.9900,0.0000,-0.1850,0.0000,-0.1850,0.0000,0,
16.1923,179.7100,BASELINE_COLLECTION,SWING,0.5650,-18.700,93.200,-18.700,0.9792,0.0000,-0.1398,0.0000,-0.1398,0.0000,0,
16.2042,179.7200,BASELINE_COLLECTION,SWING,0.5850,-18.000,64.900,-18.000,0.9646,0.0000,-0.0974,0.0000,-0.0974,0.0000,0,
16.2121,179.7300,BASELINE_COLLECTION,SWING,0.6050,-17.500,39.900,-17.500,0.9461,0.0000,-0.0599,0.0000,-0.0599,0.0000,0,
16.2241,179.7400,BASELINE_COLLECTION,SWING,0.6250,-17.300,16.500,-17.300,0.9239,0.0000,-0.0248,0.0000,-0.0248,0.0000,0,
16.2321,179.7500,BASELINE_COLLECTION,SWING,0.6450,-17.300,-3.600,-17.300,0.8980,0.0000,0.0054,0.0000,0.0054,0.0000,1,
16.2443,179.7600,BASELINE_COLLECTION,SWING,0.6650,-17.300,-2.800,-17.300,0.8686,0.0000,0.0042,0.0000,0.0042,0.0000,1,
16.2522,179.7700,BASELINE_COLLECTION,SWING,0.6850,-17.300,0.300,-17.300,0.8358,0.0000,-0.0004,0.0000,-0.0004,0.0000,0,
16.2643,179.7800,BASELINE_COLLECTION,SWING,0.7050,-17.300,-1.000,-17.300,0.7997,0.0000,0.0015,0.0000,0.0015,0.0000,1,
16.2721,179.7900,BASELINE_COLLECTION,SWING,0.7250,-17.400,-3.200,-17.400,0.7604,0.0000,0.0048,0.0000,0.0048,0.0000,1,
16.2843,179.8000,BASELINE_COLLECTION,SWING,0.7450,-17.400,-6.600,-17.400,0.7181,0.0000,0.0099,0.0000,0.0099,0.0000,1,
16.2922,179.8100,BASELINE_COLLECTION,SWING,0.7650,-17.500,-11.000,-17.500,0.6730,0.0000,0.0165,0.0000,0.0165,0.0000,1,
16.3043,179.8200,BASELINE_COLLECTION,SWING,0.7850,-17.600,-13.700,-17.600,0.6252,0.0000,0.0205,0.0000,0.0205,0.0000,1,
16.3122,179.8300,BASELINE_COLLECTION,SWING,0.8050,-17.800,-20.300,-17.800,0.5750,0.0000,0.0305,0.0000,0.0305,0.0000,1,
16.3283,179.8400,BASELINE_COLLECTION,SWING,0.8250,-18.100,-24.200,-18.100,0.5225,0.0000,0.0363,0.0000,0.0363,0.0000,1,
16.3363,179.8500,BASELINE_COLLECTION,SWING,0.8450,-18.300,-28.900,-18.300,0.4679,0.0000,0.0433,0.0000,0.0433,0.0000,1,
16.3482,179.8600,BASELINE_COLLECTION,SWING,0.8650,-18.600,-32.300,-18.600,0.4115,0.0000,0.0485,0.0000,0.0485,0.0000,1,
16.3563,179.8700,BASELINE_COLLECTION,SWING,0.8850,-19.000,-37.700,-19.000,0.3535,0.0000,0.0566,0.0000,0.0566,0.0000,1,
16.3683,179.8800,BASELINE_COLLECTION,SWING,0.9050,-19.400,-38.900,-19.400,0.2940,0.0000,0.0583,0.0000,0.0583,0.0000,1,
16.3763,179.8900,BASELINE_COLLECTION,SWING,0.9250,-19.800,-32.900,-19.800,0.2334,0.0000,0.0493,0.0000,0.0493,0.0000,1,
16.3883,179.9000,BASELINE_COLLECTION,SWING,0.9450,-20.000,-20.400,-20.000,0.1719,0.0000,0.0306,0.0000,0.0306,0.0000,1,
16.3963,179.9100,BASELINE_COLLECTION,SWING,0.9650,-20.100,-3.400,-20.100,0.1097,0.0000,0.0051,0.0000,0.0051,0.0000,1,
16.4083,179.9200,BASELINE_COLLECTION,SWING,0.9850,-20.100,2.200,-20.100,0.0471,0.0000,-0.0033,0.0000,-0.0033,0.0000,0,
16.4162,179.9300,BASELINE_COLLECTION,STANCE,0.2533,-20.100,-2.000,-20.100,0.0000,0.0000,0.0030,0.0000,0.0030,0.0000,1,
16.4283,179.9400,BASELINE_COLLECTION,STANCE,0.2667,-20.100,-1.500,-20.100,0.0000,0.0000,0.0023,0.0000,0.0023,0.0000,1,
16.4363,179.9500,BASELINE_COLLECTION,STANCE,0.2800,-20.100,-5.600,-20.100,0.0000,0.0000,0.0084,0.0000,0.0084,0.0000,1,
16.4483,179.9600,BASELINE_COLLECTION,STANCE,0.2933,-20.200,-15.600,-20.200,0.0000,0.0000,0.0234,0.0000,0.0234,0.0000,1,
16.4563,179.9700,BASELINE_COLLECTION,STANCE,0.3067,-20.500,-32.100,-20.500,0.0000,0.0000,0.0482,0.0000,0.0482,0.0000,1,
16.4683,179.9800,BASELINE_COLLECTION,STANCE,0.3200,-21.000,-49.500,-21.000,0.0000,0.0000,0.0742,0.0000,0.0742,0.0000,1,
16.4762,179.9900,BASELINE_COLLECTION,STANCE,0.3333,-21.600,-69.900,-21.600,0.0000,0.0000,0.1049,0.0000,0.1049,0.0000,1,
16.4883,180.0000,BASELINE_COLLECTION,STANCE,0.3467,-22.100,-83.600,-22.100,0.0000,0.0000,0.1254,0.0000,0.1254,0.0000,1,
16.4962,180.0100,BASELINE_COLLECTION,STANCE,0.3600,-23.600,-115.300,-23.600,0.0000,0.0000,0.1729,0.0000,0.1729,0.0000,1,
16.5083,180.0200,BASELINE_COLLECTION,STANCE,0.3733,-24.900,-131.200,-24.900,0.0000,0.0000,0.1968,0.0000,0.1968,0.0000,1,
16.5162,180.0300,BASELINE_COLLECTION,STANCE,0.3867,-26.300,-141.000,-26.300,0.0000,0.0000,0.2115,0.0000,0.2115,0.0000,1,
16.5282,180.0400,BASELINE_COLLECTION,STANCE,0.4000,-27.700,-144.400,-27.700,0.0000,0.0000,0.2166,0.0000,0.2166,0.0000,1,
16.5362,180.0500,BASELINE_COLLECTION,STANCE,0.4133,-29.200,-142.000,-29.200,0.0000,0.0000,0.2130,0.0000,0.2130,0.0000,1,
16.5482,180.0600,BASELINE_COLLECTION,STANCE,0.4267,-30.500,-135.900,-30.500,0.0000,0.0000,0.2039,0.0000,0.2039,0.0000,1,
16.5562,180.0700,BASELINE_COLLECTION,STANCE,0.4400,-31.800,-125.400,-31.800,0.0000,0.0000,0.1881,0.0000,0.1881,0.0000,1,
16.5682,180.0800,BASELINE_COLLECTION,STANCE,0.4533,-33.000,-110.600,-33.000,0.0000,0.0000,0.1659,0.0000,0.1659,0.0000,1,
16.5762,180.0900,BASELINE_COLLECTION,STANCE,0.4667,-34.000,-93.500,-34.000,0.0000,0.0000,0.1403,0.0000,0.1403,0.0000,1,
16.5881,180.1000,BASELINE_COLLECTION,STANCE,0.4800,-34.800,-73.200,-34.800,0.0000,0.0000,0.1098,0.0000,0.1098,0.0000,1,
16.6002,180.1100,BASELINE_COLLECTION,STANCE,0.4933,-35.300,-46.800,-35.300,0.0000,0.0000,0.0702,0.0000,0.0702,0.0000,1,
16.6082,180.1200,BASELINE_COLLECTION,STANCE,0.5067,-35.600,-18.900,-35.600,0.0000,0.0000,0.0283,0.0000,0.0283,0.0000,1,
16.6202,180.1300,BASELINE_COLLECTION,STANCE,0.5200,-35.600,0.400,-35.600,0.0000,0.0000,-0.0006,0.0000,-0.0006,0.0000,0,
16.6282,180.1400,BASELINE_COLLECTION,STANCE,0.5333,-35.600,6.000,-35.600,0.0000,0.0000,-0.0090,0.0000,-0.0090,0.0000,0,
16.6403,180.1500,BASELINE_COLLECTION,STANCE,0.5467,-35.500,7.700,-35.500,0.0000,0.0000,-0.0116,0.0000,-0.0116,0.0000,0,
16.6483,180.1600,BASELINE_COLLECTION,STANCE,0.5600,-35.400,11.600,-35.400,0.0000,0.0000,-0.0174,0.0000,-0.0174,0.0000,0,
16.6603,180.1700,BASELINE_COLLECTION,STANCE,0.5733,-35.300,14.300,-35.300,0.0000,0.0000,-0.0215,0.0000,-0.0215,0.0000,0,
16.6683,180.1800,BASELINE_COLLECTION,STANCE,0.5867,-35.200,10.700,-35.200,0.0000,0.0000,-0.0160,0.0000,-0.0160,0.0000,0,
16.6801,180.1900,BASELINE_COLLECTION,STANCE,0.6000,-35.100,5.800,-35.100,0.0000,0.0000,-0.0087,0.0000,-0.0087,0.0000,0,
16.6883,180.2000,BASELINE_COLLECTION,STANCE,0.6133,-35.100,-0.600,-35.100,0.0000,0.0000,0.0009,0.0000,0.0009,0.0000,1,
16.7003,180.2100,BASELINE_COLLECTION,STANCE,0.6267,-35.100,-0.700,-35.100,0.0000,0.0000,0.0010,0.0000,0.0010,0.0000,1,
16.7083,180.2200,BASELINE_COLLECTION,STANCE,0.6400,-35.100,-1.600,-35.100,0.0000,0.0000,0.0024,0.0000,0.0024,0.0000,1,
16.7203,180.2300,BASELINE_COLLECTION,STANCE,0.6533,-35.100,-5.800,-35.100,0.0000,0.0000,0.0087,0.0000,0.0087,0.0000,1,
16.7282,180.2400,BASELINE_COLLECTION,STANCE,0.6667,-35.200,-14.300,-35.200,0.0000,0.0000,0.0215,0.0000,0.0215,0.0000,1,
16.7402,180.2500,BASELINE_COLLECTION,STANCE,0.6800,-35.400,-22.200,-35.400,0.0000,0.0000,0.0333,0.0000,0.0333,0.0000,1,
16.7481,180.2600,BASELINE_COLLECTION,STANCE,0.6933,-35.700,-32.800,-35.700,0.0000,0.0000,0.0492,0.0000,0.0492,0.0000,1,
16.7600,180.2700,BASELINE_COLLECTION,STANCE,0.7067,-36.100,-42.200,-36.100,0.0000,0.0000,0.0633,0.0000,0.0633,0.0000,1,
16.7682,180.2800,BASELINE_COLLECTION,STANCE,0.7200,-36.600,-50.400,-36.600,0.0000,0.0000,0.0756,0.0000,0.0756,0.0000,1,
16.7804,180.2900,BASELINE_COLLECTION,STANCE,0.7333,-37.100,-58.200,-37.100,0.0000,0.0000,0.0873,0.0000,0.0873,0.0000,1,
16.7883,180.3000,BASELINE_COLLECTION,STANCE,0.7467,-37.800,-64.500,-37.800,0.0000,0.0000,0.0968,0.0000,0.0968,0.0000,1,
16.8003,180.3100,BASELINE_COLLECTION,STANCE,0.7600,-38.400,-65.300,-38.400,0.0000,0.0000,0.0979,0.0000,0.0979,0.0000,1,
16.8083,180.3200,BASELINE_COLLECTION,STANCE,0.7733,-39.100,-68.400,-39.100,0.0000,0.0000,0.1026,0.0000,0.1026,0.0000,1,
16.8203,180.3300,BASELINE_COLLECTION,STANCE,0.7867,-39.800,-70.800,-39.800,0.0000,0.0000,0.1062,0.0000,0.1062,0.0000,1,
16.8282,180.3400,BASELINE_COLLECTION,STANCE,0.8000,-40.500,-71.100,-40.500,0.0000,0.0000,0.1066,0.0000,0.1066,0.0000,1,
16.8403,180.3500,BASELINE_COLLECTION,STANCE,0.8133,-41.200,-67.500,-41.200,0.0000,0.0000,0.1013,0.0000,0.1013,0.0000,1,
16.8481,180.3600,BASELINE_COLLECTION,STANCE,0.8267,-41.800,-64.900,-41.800,0.0000,0.0000,0.0974,0.0000,0.0974,0.0000,1,
16.8602,180.3700,BASELINE_COLLECTION,STANCE,0.8400,-42.500,-62.400,-42.500,0.0000,0.0000,0.0936,0.0000,0.0936,0.0000,1,
16.8683,180.3800,BASELINE_COLLECTION,STANCE,0.8533,-43.100,-60.700,-43.100,0.0000,0.0000,0.0911,0.0000,0.0911,0.0000,1,
16.8803,180.3900,BASELINE_COLLECTION,STANCE,0.8667,-43.700,-58.700,-43.700,0.0000,0.0000,0.0881,0.0000,0.0881,0.0000,1,
16.8883,180.4000,BASELINE_COLLECTION,STANCE,0.8800,-44.300,-59.800,-44.300,0.0000,0.0000,0.0897,0.0000,0.0897,0.0000,1,
16.9002,180.4100,BASELINE_COLLECTION,STANCE,0.8933,-44.900,-65.100,-44.900,0.0000,0.0000,0.0976,0.0000,0.0976,0.0000,1,
16.9083,180.4200,BASELINE_COLLECTION,STANCE,0.9067,-45.600,-75.700,-45.600,0.0000,0.0000,0.1136,0.0000,0.1136,0.0000,1,
16.9202,180.4300,BASELINE_COLLECTION,STANCE,0.9200,-46.500,-87.600,-46.500,0.0000,0.0000,0.1314,0.0000,0.1314,0.0000,1,
16.9283,180.4400,BASELINE_COLLECTION,STANCE,0.9333,-47.400,-103.000,-47.400,0.0000,0.0000,0.1545,0.0000,0.1545,0.0000,1,
16.9402,180.4500,BASELINE_COLLECTION,STANCE,0.9467,-48.600,-124.100,-48.600,0.0000,0.0000,0.1861,0.0000,0.1861,0.0000,1,
16.9482,180.4600,BASELINE_COLLECTION,STANCE,0.9600,-50.000,-145.900,-50.000,0.0000,0.0000,0.2189,0.0000,0.2189,0.0000,1,
16.9602,180.4700,BASELINE_COLLECTION,STANCE,0.9733,-51.600,-170.300,-51.600,0.0000,0.0000,0.2555,0.0000,0.2555,0.0000,1,
16.9682,180.4800,BASELINE_COLLECTION,STANCE,0.9867,-53.500,-193.500,-53.500,0.0000,0.0000,0.2903,0.0000,0.2903,0.0000,1,
16.9802,180.4900,BASELINE_COLLECTION,STANCE,1.0000,-55.600,-215.100,-55.600,0.0000,0.0000,0.3226,0.0000,0.3226,0.0000,1,
16.9882,180.5000,BASELINE_COLLECTION,STANCE,1.0000,-57.900,-236.800,-57.900,0.0000,0.0000,0.3552,0.0000,0.3552,0.0000,1,
17.0003,180.5100,BASELINE_COLLECTION,STANCE,0.0000,-60.400,-259.400,-60.400,0.0000,0.0000,0.3891,0.0000,0.3891,0.0000,1,
17.0083,180.5200,BASELINE_COLLECTION,STANCE,0.0131,-63.100,-278.400,-63.100,0.0000,0.0000,0.4176,0.0000,0.4176,0.0000,1,
17.0201,180.5300,BASELINE_COLLECTION,STANCE,0.0262,-66.000,-297.500,-66.000,0.0000,0.0000,0.4463,0.0000,0.4463,0.0000,1,
17.0282,180.5400,BASELINE_COLLECTION,STANCE,0.0394,-69.200,-322.700,-69.200,0.0000,0.0000,0.4840,0.0000,0.4840,0.0000,1,
17.0401,180.5500,BASELINE_COLLECTION,STANCE,0.0525,-72.600,-347.500,-72.600,0.0000,0.0000,0.5212,0.0000,0.5212,0.0000,1,
17.0482,180.5600,BASELINE_COLLECTION,STANCE,0.0656,-76.200,-367.900,-76.200,0.0000,0.0000,0.5518,0.0000,0.5518,0.0000,1,
17.0603,180.5700,BASELINE_COLLECTION,STANCE,0.0787,-80.100,-389.900,-80.100,0.0000,0.0000,0.5848,0.0000,0.5848,0.0000,1,
17.0682,180.5800,BASELINE_COLLECTION,STANCE,0.0919,-84.100,-403.200,-84.100,0.0000,0.0000,0.6048,0.0000,0.6048,0.0000,1,
17.0803,180.5900,BASELINE_COLLECTION,STANCE,0.1050,-88.200,-412.800,-88.200,0.0000,0.0000,0.6192,0.0000,0.6192,0.0000,1,
17.0882,180.6000,BASELINE_COLLECTION,STANCE,0.1181,-92.200,-404.500,-92.200,0.0000,0.0000,0.6068,0.0000,0.6068,0.0000,1,
17.1002,180.6100,BASELINE_COLLECTION,STANCE,0.1312,-96.200,-391.800,-96.200,0.0000,0.0000,0.5877,0.0000,0.5877,0.0000,1,
17.1082,180.6200,BASELINE_COLLECTION,STANCE,0.1444,-100.000,-375.300,-100.000,0.0000,0.0000,0.5630,0.0000,0.5630,0.0000,1,
17.1202,180.6300,BASELINE_COLLECTION,STANCE,0.1575,-103.600,-349.300,-103.600,0.0000,0.0000,0.5240,0.0000,0.5240,0.0000,1,
17.1282,180.6400,BASELINE_COLLECTION,STANCE,0.1706,-106.900,-325.300,-106.900,0.0000,0.0000,0.4880,0.0000,0.4880,0.0000,1,
17.1402,180.6500,BASELINE_COLLECTION,STANCE,0.1837,-109.900,-292.700,-109.900,0.0000,0.0000,0.4390,0.0000,0.4390,0.0000,1,
17.1481,180.6600,BASELINE_COLLECTION,STANCE,0.1969,-112.600,-255.300,-112.600,0.0000,0.0000,0.3830,0.0000,0.3830,0.0000,1,
17.1602,180.6700,BASELINE_COLLECTION,STANCE,0.2100,-114.900,-216.800,-114.900,0.0000,0.0000,0.3252,0.0000,0.3252,0.0000,1,
17.1682,180.6800,BASELINE_COLLECTION,STANCE,0.2231,-116.800,-172.900,-116.800,0.0000,0.0000,0.2594,0.0000,0.2594,0.0000,1,
17.1802,180.6900,BASELINE_COLLECTION,STANCE,0.2362,-118.200,-126.900,-118.200,0.0000,0.0000,0.1904,0.0000,0.1904,0.0000,1,
17.1882,180.7000,BASELINE_COLLECTION,STANCE,0.2493,-119.100,-80.500,-119.100,0.0000,0.0000,0.1207,0.0000,0.1207,0.0000,1,
17.2002,180.7100,BASELINE_COLLECTION,SWING,0.0187,-119.600,-32.600,-119.600,0.0587,0.0000,0.0489,0.0000,0.0489,0.0000,1,
17.2082,180.7200,BASELINE_COLLECTION,SWING,0.0384,-119.600,11.100,-119.600,0.1203,0.0000,-0.0166,0.0000,-0.0166,0.0000,0,
17.2202,180.7300,BASELINE_COLLECTION,SWING,0.0581,-119.300,38.400,-119.300,0.1814,0.0000,-0.0576,0.0000,-0.0576,0.0000,0,
17.2282,180.7400,BASELINE_COLLECTION,SWING,0.0778,-118.800,60.100,-118.800,0.2419,0.0000,-0.0902,0.0000,-0.0902,0.0000,0,
17.2402,180.7500,BASELINE_COLLECTION,SWING,0.0974,-118.000,82.200,-118.000,0.3014,0.0000,-0.1233,0.0000,-0.1233,0.0000,0,
17.2482,180.7600,BASELINE_COLLECTION,SWING,0.1171,-117.000,105.500,-117.000,0.3597,0.0000,-0.1583,0.0000,-0.1583,0.0000,0,
17.2602,180.7700,BASELINE_COLLECTION,SWING,0.1368,-115.800,129.900,-115.800,0.4167,0.0000,-0.1949,0.0000,-0.1949,0.0000,0,
17.2682,180.7800,BASELINE_COLLECTION,SWING,0.1565,-114.400,151.800,-114.400,0.4721,0.0000,-0.2277,0.0000,-0.2277,0.0000,0,
17.2802,180.7900,BASELINE_COLLECTION,SWING,0.1762,-112.700,175.200,-112.700,0.5257,0.0000,-0.2628,0.0000,-0.2628,0.0000,0,
17.2882,180.8000,BASELINE_COLLECTION,SWING,0.1959,-110.800,198.800,-110.800,0.5772,0.0000,-0.2982,0.0000,-0.2982,0.0000,0,
17.3000,180.8100,BASELINE_COLLECTION,SWING,0.2156,-108.600,224.400,-108.600,0.6266,0.0000,-0.3366,0.0000,-0.3366,0.0000,0,
17.3082,180.8200,BASELINE_COLLECTION,SWING,0.2352,-106.200,248.000,-106.200,0.6736,0.0000,-0.3720,0.0000,-0.3720,0.0000,0,
17.3201,180.8300,BASELINE_COLLECTION,SWING,0.2549,-103.600,268.500,-103.600,0.7180,0.0000,-0.4027,0.0000,-0.4027,0.0000,0,
17.3283,180.8400,BASELINE_COLLECTION,SWING,0.2746,-100.700,290.200,-100.700,0.7596,0.0000,-0.4353,0.0000,-0.4353,0.0000,0,
17.3402,180.8500,BASELINE_COLLECTION,SWING,0.2943,-97.700,314.400,-97.700,0.7983,0.0000,-0.4716,0.0000,-0.4716,0.0000,0,
17.3483,180.8600,BASELINE_COLLECTION,SWING,0.3140,-94.400,332.300,-94.400,0.8340,0.0000,-0.4985,0.0000,-0.4985,0.0000,0,
17.3601,180.8700,BASELINE_COLLECTION,SWING,0.3337,-90.900,352.600,-90.900,0.8665,0.0000,-0.5289,0.0000,-0.5289,0.0000,0,
17.3682,180.8800,BASELINE_COLLECTION,SWING,0.3533,-87.200,377.900,-87.200,0.8957,0.0000,-0.5668,0.0000,-0.5668,0.0000,0,
17.3803,180.8900,BASELINE_COLLECTION,SWING,0.3730,-83.300,392.400,-83.300,0.9215,0.0000,-0.5886,0.0000,-0.5886,0.0000,0,
17.3883,180.9000,BASELINE_COLLECTION,SWING,0.3927,-79.300,410.000,-79.300,0.9437,0.0000,-0.6150,0.0000,-0.6150,0.0000,0,
17.4002,180.9100,BASELINE_COLLECTION,SWING,0.4124,-75.100,427.600,-75.100,0.9624,0.0000,-0.6414,0.0000,-0.6414,0.0000,0,
17.4083,180.9200,BASELINE_COLLECTION,SWING,0.4321,-70.700,447.000,-70.700,0.9773,0.0000,-0.6705,0.0000,-0.6705,0.0000,0,
17.4202,180.9300,BASELINE_COLLECTION,SWING,0.4518,-66.100,454.300,-66.100,0.9885,0.0000,-0.6815,0.0000,-0.6815,0.0000,0,
17.4282,180.9400,BASELINE_COLLECTION,SWING,0.4715,-61.500,463.100,-61.500,0.9960,0.0000,-0.6947,0.0000,-0.6947,0.0000,0,
17.4402,180.9500,BASELINE_COLLECTION,SWING,0.4911,-56.900,462.900,-56.900,0.9996,0.0000,-0.6944,0.0000,-0.6944,0.0000,0,
17.4482,180.9600,BASELINE_COLLECTION,SWING,0.5108,-52.200,464.300,-52.200,0.9994,0.0000,-0.6965,0.0000,-0.6965,0.0000,0,
17.4602,180.9700,BASELINE_COLLECTION,SWING,0.5305,-47.700,448.700,-47.700,0.9954,0.0000,-0.6731,0.0000,-0.6731,0.0000,0,
17.4682,180.9800,BASELINE_COLLECTION,SWING,0.5502,-43.400,411.700,-43.400,0.9876,0.0000,-0.6176,0.0000,-0.6176,0.0000,0,
17.4803,180.9900,BASELINE_COLLECTION,SWING,0.5699,-39.600,367.400,-39.600,0.9760,0.0000,-0.5511,0.0000,-0.5511,0.0000,0,
17.4883,181.0000,BASELINE_COLLECTION,SWING,0.5896,-38.000,344.400,-38.000,0.9607,0.0000,-0.5166,0.0000,-0.5166,0.0000,0,
17.5002,181.0100,BASELINE_COLLECTION,SWING,0.6093,-33.200,263.100,-33.200,0.9417,0.0000,-0.3947,0.0000,-0.3947,0.0000,0,
17.5083,181.0200,BASELINE_COLLECTION,SWING,0.6289,-30.900,209.300,-30.900,0.9191,0.0000,-0.3140,0.0000,-0.3140,0.0000,0,
17.5203,181.0300,BASELINE_COLLECTION,SWING,0.6486,-29.200,163.500,-29.200,0.8930,0.0000,-0.2452,0.0000,-0.2452,0.0000,0,
17.5283,181.0400,BASELINE_COLLECTION,SWING,0.6683,-27.800,128.400,-27.800,0.8634,0.0000,-0.1926,0.0000,-0.1926,0.0000,0,
17.5402,181.0500,BASELINE_COLLECTION,SWING,0.6880,-26.700,102.100,-26.700,0.8306,0.0000,-0.1532,0.0000,-0.1532,0.0000,0,
17.5483,181.0600,BASELINE_COLLECTION,SWING,0.7077,-25.800,80.300,-25.800,0.7946,0.0000,-0.1205,0.0000,-0.1205,0.0000,0,
17.5603,181.0700,BASELINE_COLLECTION,SWING,0.7274,-25.100,64.400,-25.100,0.7556,0.0000,-0.0966,0.0000,-0.0966,0.0000,0,
17.5681,181.0800,BASELINE_COLLECTION,SWING,0.7470,-24.600,53.000,-24.600,0.7136,0.0000,-0.0795,0.0000,-0.0795,0.0000,0,
17.5803,181.0900,BASELINE_COLLECTION,SWING,0.7667,-24.100,41.900,-24.100,0.6690,0.0000,-0.0629,0.0000,-0.0629,0.0000,0,
17.5882,181.1000,BASELINE_COLLECTION,SWING,0.7864,-23.800,30.700,-23.800,0.6218,0.0000,-0.0461,0.0000,-0.0461,0.0000,0,
17.6002,181.1100,BASELINE_COLLECTION,SWING,0.8061,-23.500,22.000,-23.500,0.5722,0.0000,-0.0330,0.0000,-0.0330,0.0000,0,
17.6082,181.1200,BASELINE_COLLECTION,SWING,0.8258,-23.400,15.300,-23.400,0.5204,0.0000,-0.0230,0.0000,-0.0230,0.0000,0,
17.6202,181.1300,BASELINE_COLLECTION,SWING,0.8455,-23.300,8.100,-23.300,0.4666,0.0000,-0.0121,0.0000,-0.0121,0.0000,0,
17.6282,181.1400,BASELINE_COLLECTION,SWING,0.8652,-23.200,2.800,-23.200,0.4111,0.0000,-0.0042,0.0000,-0.0042,0.0000,0,
17.6403,181.1500,BASELINE_COLLECTION,SWING,0.8848,-23.200,-1.000,-23.200,0.3539,0.0000,0.0015,0.0000,0.0015,0.0000,1,
17.6482,181.1600,BASELINE_COLLECTION,SWING,0.9045,-23.200,-0.100,-23.200,0.2955,0.0000,0.0002,0.0000,0.0002,0.0000,1,
17.6603,181.1700,BASELINE_COLLECTION,SWING,0.9242,-23.200,-2.900,-23.200,0.2358,0.0000,0.0043,0.0000,0.0043,0.0000,1,
17.6682,181.1800,BASELINE_COLLECTION,SWING,0.9439,-23.300,-6.900,-23.300,0.1753,0.0000,0.0104,0.0000,0.0104,0.0000,1,
17.6802,181.1900,BASELINE_COLLECTION,SWING,0.9636,-23.400,-15.500,-23.400,0.1142,0.0000,0.0232,0.0000,0.0232,0.0000,1,
17.6882,181.2000,BASELINE_COLLECTION,SWING,0.9833,-23.600,-22.700,-23.600,0.0525,0.0000,0.0340,0.0000,0.0340,0.0000,1,
17.7001,181.2100,BASELINE_COLLECTION,STANCE,0.2520,-23.900,-30.800,-23.900,0.0000,0.0000,0.0462,0.0000,0.0462,0.0000,1,
17.7120,181.2200,BASELINE_COLLECTION,STANCE,0.2651,-24.300,-39.500,-24.300,0.0000,0.0000,0.0593,0.0000,0.0593,0.0000,1,
17.7202,181.2300,BASELINE_COLLECTION,STANCE,0.2782,-24.700,-45.500,-24.700,0.0000,0.0000,0.0683,0.0000,0.0683,0.0000,1,
17.7283,181.2400,BASELINE_COLLECTION,STANCE,0.2913,-25.200,-49.000,-25.200,0.0000,0.0000,0.0735,0.0000,0.0735,0.0000,1,
17.7402,181.2600,BASELINE_COLLECTION,STANCE,0.3176,-26.200,-44.500,-26.200,0.0000,0.0000,0.0668,0.0000,0.0668,0.0000,1,
17.7521,181.2700,BASELINE_COLLECTION,STANCE,0.3307,-26.500,-34.400,-26.500,0.0000,0.0000,0.0516,0.0000,0.0516,0.0000,1,
17.7603,181.2800,BASELINE_COLLECTION,STANCE,0.3438,-26.800,-22.000,-26.800,0.0000,0.0000,0.0330,0.0000,0.0330,0.0000,1,
17.7723,181.2900,BASELINE_COLLECTION,STANCE,0.3570,-27.000,-12.900,-27.000,0.0000,0.0000,0.0194,0.0000,0.0194,0.0000,1,
17.7802,181.3000,BASELINE_COLLECTION,STANCE,0.3701,-27.000,-1.600,-27.000,0.0000,0.0000,0.0024,0.0000,0.0024,0.0000,1,
17.7923,181.3100,BASELINE_COLLECTION,STANCE,0.3832,-27.000,1.300,-27.000,0.0000,0.0000,-0.0020,0.0000,-0.0020,0.0000,0,
17.8002,181.3200,BASELINE_COLLECTION,STANCE,0.3963,-27.000,-0.600,-27.000,0.0000,0.0000,0.0009,0.0000,0.0009,0.0000,1,
17.8122,181.3300,BASELINE_COLLECTION,STANCE,0.4094,-27.000,-0.600,-27.000,0.0000,0.0000,0.0009,0.0000,0.0009,0.0000,1,
17.8203,181.3400,BASELINE_COLLECTION,STANCE,0.4226,-27.000,-2.000,-27.000,0.0000,0.0000,0.0030,0.0000,0.0030,0.0000,1,
17.8324,181.3500,BASELINE_COLLECTION,STANCE,0.4357,-27.100,-5.800,-27.100,0.0000,0.0000,0.0087,0.0000,0.0087,0.0000,1,
17.8402,181.3600,BASELINE_COLLECTION,STANCE,0.4488,-27.200,-13.000,-27.200,0.0000,0.0000,0.0195,0.0000,0.0195,0.0000,1,
17.8524,181.3700,BASELINE_COLLECTION,STANCE,0.4619,-27.400,-20.400,-27.400,0.0000,0.0000,0.0306,0.0000,0.0306,0.0000,1,
17.8603,181.3800,BASELINE_COLLECTION,STANCE,0.4751,-27.600,-29.200,-27.600,0.0000,0.0000,0.0438,0.0000,0.0438,0.0000,1,
17.8723,181.3900,BASELINE_COLLECTION,STANCE,0.4882,-28.000,-38.100,-28.000,0.0000,0.0000,0.0572,0.0000,0.0572,0.0000,1,
17.8802,181.4000,BASELINE_COLLECTION,STANCE,0.5013,-28.400,-50.700,-28.400,0.0000,0.0000,0.0761,0.0000,0.0761,0.0000,1,
17.8923,181.4100,BASELINE_COLLECTION,STANCE,0.5144,-29.000,-61.100,-29.000,0.0000,0.0000,0.0917,0.0000,0.0917,0.0000,1,
17.9002,181.4200,BASELINE_COLLECTION,STANCE,0.5276,-29.700,-70.400,-29.700,0.0000,0.0000,0.1056,0.0000,0.1056,0.0000,1,
17.9124,181.4300,BASELINE_COLLECTION,STANCE,0.5407,-30.400,-74.700,-30.400,0.0000,0.0000,0.1121,0.0000,0.1121,0.0000,1,
17.9203,181.4400,BASELINE_COLLECTION,STANCE,0.5538,-31.200,-77.300,-31.200,0.0000,0.0000,0.1159,0.0000,0.1159,0.0000,1,
17.9323,181.4500,BASELINE_COLLECTION,STANCE,0.5669,-32.000,-77.500,-32.000,0.0000,0.0000,0.1163,0.0000,0.1163,0.0000,1,
17.9403,181.4600,BASELINE_COLLECTION,STANCE,0.5801,-32.700,-74.300,-32.700,0.0000,0.0000,0.1114,0.0000,0.1114,0.0000,1,
17.9522,181.4700,BASELINE_COLLECTION,STANCE,0.5932,-33.400,-67.400,-33.400,0.0000,0.0000,0.1011,0.0000,0.1011,0.0000,1,
17.9602,181.4800,BASELINE_COLLECTION,STANCE,0.6063,-34.100,-61.300,-34.100,0.0000,0.0000,0.0920,0.0000,0.0920,0.0000,1,
17.9722,181.4900,BASELINE_COLLECTION,STANCE,0.6194,-34.600,-56.400,-34.600,0.0000,0.0000,0.0846,0.0000,0.0846,0.0000,1,
17.9803,181.5000,BASELINE_COLLECTION,STANCE,0.6325,-35.200,-51.100,-35.200,0.0000,0.0000,0.0767,0.0000,0.0767,0.0000,1,
17.9923,181.5100,BASELINE_COLLECTION,STANCE,0.6457,-35.600,-40.900,-35.600,0.0000,0.0000,0.0614,0.0000,0.0614,0.0000,1,
18.0001,181.5200,BASELINE_COLLECTION,STANCE,0.6588,-36.000,-32.300,-36.000,0.0000,0.0000,0.0485,0.0000,0.0485,0.0000,1,
18.0123,181.5300,BASELINE_COLLECTION,STANCE,0.6719,-36.200,-23.800,-36.200,0.0000,0.0000,0.0357,0.0000,0.0357,0.0000,1,
18.0202,181.5400,BASELINE_COLLECTION,STANCE,0.6850,-36.400,-13.800,-36.400,0.0000,0.0000,0.0207,0.0000,0.0207,0.0000,1,
18.0322,181.5500,BASELINE_COLLECTION,STANCE,0.6982,-36.500,-2.200,-36.500,0.0000,0.0000,0.0033,0.0000,0.0033,0.0000,1,
18.0402,181.5600,BASELINE_COLLECTION,STANCE,0.7113,-36.400,1.500,-36.400,0.0000,0.0000,-0.0023,0.0000,-0.0023,0.0000,0,
18.0524,181.5700,BASELINE_COLLECTION,STANCE,0.7244,-36.400,-0.200,-36.400,0.0000,0.0000,0.0003,0.0000,0.0003,0.0000,1,
18.0603,181.5800,BASELINE_COLLECTION,STANCE,0.7375,-36.400,0.700,-36.400,0.0000,0.0000,-0.0010,0.0000,-0.0010,0.0000,0,
18.0722,181.5900,BASELINE_COLLECTION,STANCE,0.7507,-36.400,2.500,-36.400,0.0000,0.0000,-0.0037,0.0000,-0.0037,0.0000,0,
18.0802,181.6000,BASELINE_COLLECTION,STANCE,0.7638,-36.400,3.200,-36.400,0.0000,0.0000,-0.0048,0.0000,-0.0048,0.0000,0,
18.0922,181.6100,BASELINE_COLLECTION,STANCE,0.7769,-36.400,1.600,-36.400,0.0000,0.0000,-0.0024,0.0000,-0.0024,0.0000,0,
18.1042,181.6200,BASELINE_COLLECTION,STANCE,0.7900,-36.400,-0.100,-36.400,0.0000,0.0000,0.0002,0.0000,0.0002,0.0000,1,
18.1123,181.6300,BASELINE_COLLECTION,STANCE,0.8031,-36.400,0.200,-36.400,0.0000,0.0000,-0.0003,0.0000,-0.0003,0.0000,0,
18.1243,181.6400,BASELINE_COLLECTION,STANCE,0.8163,-36.400,-0.100,-36.400,0.0000,0.0000,0.0002,0.0000,0.0002,0.0000,1,
18.1323,181.6500,BASELINE_COLLECTION,STANCE,0.8294,-36.400,0.000,-36.400,0.0000,0.0000,0.0000,0.0000,0.0000,0.0000,0,
18.1443,181.6600,BASELINE_COLLECTION,STANCE,0.8425,-36.400,-0.400,-36.400,0.0000,0.0000,0.0006,0.0000,0.0006,0.0000,1,
18.1523,181.6700,BASELINE_COLLECTION,STANCE,0.8556,-36.400,-1.200,-36.400,0.0000,0.0000,0.0018,0.0000,0.0018,0.0000,1,
18.1643,181.6800,BASELINE_COLLECTION,STANCE,0.8688,-36.400,-1.200,-36.400,0.0000,0.0000,0.0018,0.0000,0.0018,0.0000,1,
18.1722,181.6900,BASELINE_COLLECTION,STANCE,0.8819,-36.400,-2.200,-36.400,0.0000,0.0000,0.0033,0.0000,0.0033,0.0000,1,
18.1843,181.7000,BASELINE_COLLECTION,STANCE,0.8950,-36.400,-2.500,-36.400,0.0000,0.0000,0.0037,0.0000,0.0037,0.0000,1,
18.1923,181.7100,BASELINE_COLLECTION,STANCE,0.9081,-36.500,-5.700,-36.500,0.0000,0.0000,0.0086,0.0000,0.0086,0.0000,1,
18.2043,181.7200,BASELINE_COLLECTION,STANCE,0.9213,-36.600,-13.500,-36.600,0.0000,0.0000,0.0203,0.0000,0.0203,0.0000,1,
18.2123,181.7300,BASELINE_COLLECTION,STANCE,0.9344,-36.800,-21.400,-36.800,0.0000,0.0000,0.0321,0.0000,0.0321,0.0000,1,
18.2242,181.7400,BASELINE_COLLECTION,STANCE,0.9475,-37.000,-25.800,-37.000,0.0000,0.0000,0.0387,0.0000,0.0387,0.0000,1,
18.2322,181.7500,BASELINE_COLLECTION,STANCE,0.9606,-37.300,-30.700,-37.300,0.0000,0.0000,0.0461,0.0000,0.0461,0.0000,1,
18.2443,181.7600,BASELINE_COLLECTION,STANCE,0.9738,-37.600,-33.100,-37.600,0.0000,0.0000,0.0497,0.0000,0.0497,0.0000,1,
18.2522,181.7700,BASELINE_COLLECTION,STANCE,0.9869,-37.900,-28.300,-37.900,0.0000,0.0000,0.0425,0.0000,0.0425,0.0000,1,
18.2642,181.7800,BASELINE_COLLECTION,STANCE,1.0000,-38.200,-22.300,-38.200,0.0000,0.0000,0.0335,0.0000,0.0335,0.0000,1,
18.2724,181.7900,BASELINE_COLLECTION,STANCE,1.0000,-38.400,-18.800,-38.400,0.0000,0.0000,0.0282,0.0000,0.0282,0.0000,1,
18.2842,181.8000,BASELINE_COLLECTION,STANCE,1.0000,-38.500,-11.800,-38.500,0.0000,0.0000,0.0177,0.0000,0.0177,0.0000,1,
18.2923,181.8100,BASELINE_COLLECTION,STANCE,1.0000,-38.600,-6.200,-38.600,0.0000,0.0000,0.0093,0.0000,0.0093,0.0000,1,
18.3043,181.8200,BASELINE_COLLECTION,STANCE,1.0000,-38.600,-2.700,-38.600,0.0000,0.0000,0.0041,0.0000,0.0041,0.0000,1,
18.3122,181.8300,BASELINE_COLLECTION,STANCE,1.0000,-38.700,-1.900,-38.700,0.0000,0.0000,0.0029,0.0000,0.0029,0.0000,1,
18.3242,181.8400,BASELINE_COLLECTION,STANCE,1.0000,-38.700,-3.700,-38.700,0.0000,0.0000,0.0056,0.0000,0.0056,0.0000,1,
18.3323,181.8500,BASELINE_COLLECTION,STANCE,1.0000,-38.700,-4.800,-38.700,0.0000,0.0000,0.0072,0.0000,0.0072,0.0000,1,
18.3443,181.8600,BASELINE_COLLECTION,STANCE,1.0000,-38.800,-3.600,-38.800,0.0000,0.0000,0.0054,0.0000,0.0054,0.0000,1,
18.3522,181.8700,BASELINE_COLLECTION,STANCE,1.0000,-38.800,-0.600,-38.800,0.0000,0.0000,0.0009,0.0000,0.0009,0.0000,1,
18.3682,181.8800,BASELINE_COLLECTION,STANCE,1.0000,-38.800,-0.500,-38.800,0.0000,0.0000,0.0008,0.0000,0.0008,0.0000,1,
18.3762,181.8900,BASELINE_COLLECTION,STANCE,1.0000,-38.800,-0.900,-38.800,0.0000,0.0000,0.0014,0.0000,0.0014,0.0000,1,
18.3882,181.9000,BASELINE_COLLECTION,STANCE,1.0000,-38.800,-2.200,-38.800,0.0000,0.0000,0.0033,0.0000,0.0033,0.0000,1,
18.3963,181.9100,BASELINE_COLLECTION,STANCE,1.0000,-38.900,-3.500,-38.900,0.0000,0.0000,0.0053,0.0000,0.0053,0.0000,1,
18.4083,181.9200,BASELINE_COLLECTION,STANCE,1.0000,-38.900,-6.900,-38.900,0.0000,0.0000,0.0104,0.0000,0.0104,0.0000,1,
18.4163,181.9300,BASELINE_COLLECTION,STANCE,1.0000,-39.000,-11.700,-39.000,0.0000,0.0000,0.0175,0.0000,0.0175,0.0000,1,
18.4283,181.9400,BASELINE_COLLECTION,STANCE,1.0000,-39.200,-18.000,-39.200,0.0000,0.0000,0.0270,0.0000,0.0270,0.0000,1,
18.4363,181.9500,BASELINE_COLLECTION,STANCE,1.0000,-39.400,-28.000,-39.400,0.0000,0.0000,0.0420,0.0000,0.0420,0.0000,1,
18.4483,181.9600,BASELINE_COLLECTION,STANCE,1.0000,-39.800,-40.900,-39.800,0.0000,0.0000,0.0614,0.0000,0.0614,0.0000,1,
18.4563,181.9700,BASELINE_COLLECTION,STANCE,1.0000,-40.300,-56.000,-40.300,0.0000,0.0000,0.0840,0.0000,0.0840,0.0000,1,
18.4683,181.9800,BASELINE_COLLECTION,STANCE,1.0000,-41.000,-69.400,-41.000,0.0000,0.0000,0.1041,0.0000,0.1041,0.0000,1,
18.4763,181.9900,BASELINE_COLLECTION,STANCE,1.0000,-41.800,-86.100,-41.800,0.0000,0.0000,0.1291,0.0000,0.1291,0.0000,1,
18.4882,182.0000,BASELINE_COLLECTION,STANCE,1.0000,-42.300,-95.800,-42.300,0.0000,0.0000,0.1437,0.0000,0.1437,0.0000,1,
18.4963,182.0100,BASELINE_COLLECTION,STANCE,1.0000,-43.900,-123.400,-43.900,0.0000,0.0000,0.1851,0.0000,0.1851,0.0000,1,
18.5083,182.0200,BASELINE_COLLECTION,STANCE,1.0000,-45.300,-141.800,-45.300,0.0000,0.0000,0.2127,0.0000,0.2127,0.0000,1,
18.5163,182.0300,BASELINE_COLLECTION,STANCE,1.0000,-46.800,-158.600,-46.800,0.0000,0.0000,0.2379,0.0000,0.2379,0.0000,1,
18.5283,182.0400,BASELINE_COLLECTION,STANCE,1.0000,-48.500,-174.300,-48.500,0.0000,0.0000,0.2615,0.0000,0.2615,0.0000,1,
18.5363,182.0500,BASELINE_COLLECTION,STANCE,1.0000,-50.400,-192.800,-50.400,0.0000,0.0000,0.2892,0.0000,0.2892,0.0000,1,
18.5483,182.0600,BASELINE_COLLECTION,STANCE,1.0000,-52.400,-209.200,-52.400,0.0000,0.0000,0.3138,0.0000,0.3138,0.0000,1,
18.5563,182.0700,BASELINE_COLLECTION,STANCE,1.0000,-54.600,-223.000,-54.600,0.0000,0.0000,0.3345,0.0000,0.3345,0.0000,1,
18.5683,182.0800,BASELINE_COLLECTION,STANCE,1.0000,-57.000,-237.800,-57.000,0.0000,0.0000,0.3567,0.0000,0.3567,0.0000,1,
18.5763,182.0900,BASELINE_COLLECTION,STANCE,1.0000,-59.500,-257.800,-59.500,0.0000,0.0000,0.3867,0.0000,0.3867,0.0000,1,
18.5882,182.1000,BASELINE_COLLECTION,STANCE,0.0000,-62.200,-278.600,-62.200,0.0000,0.0000,0.4179,0.0000,0.4179,0.0000,1,
18.5967,182.1100,BASELINE_COLLECTION,STANCE,0.0105,-65.100,-297.200,-65.100,0.0000,0.0000,0.4458,0.0000,0.4458,0.0000,1,
18.6041,182.1200,BASELINE_COLLECTION,STANCE,0.0210,-68.300,-321.800,-68.300,0.0000,0.0000,0.4827,0.0000,0.4827,0.0000,1,
18.6163,182.1300,BASELINE_COLLECTION,STANCE,0.0314,-71.700,-349.800,-71.700,0.0000,0.0000,0.5247,0.0000,0.5247,0.0000,1,
18.6282,182.1400,BASELINE_COLLECTION,STANCE,0.0419,-75.300,-371.400,-75.300,0.0000,0.0000,0.5571,0.0000,0.5571,0.0000,1,
18.6363,182.1500,BASELINE_COLLECTION,STANCE,0.0524,-79.200,-393.500,-79.200,0.0000,0.0000,0.5903,0.0000,0.5903,0.0000,1,
18.6483,182.1600,BASELINE_COLLECTION,STANCE,0.0629,-83.300,-406.800,-83.300,0.0000,0.0000,0.6102,0.0000,0.6102,0.0000,1,
18.6563,182.1700,BASELINE_COLLECTION,STANCE,0.0734,-87.400,-417.900,-87.400,0.0000,0.0000,0.6269,0.0000,0.6269,0.0000,1,
18.6682,182.1800,BASELINE_COLLECTION,STANCE,0.0839,-91.600,-416.400,-91.600,0.0000,0.0000,0.6246,0.0000,0.6246,0.0000,1,
18.6762,182.1900,BASELINE_COLLECTION,STANCE,0.0943,-95.700,-406.800,-95.700,0.0000,0.0000,0.6102,0.0000,0.6102,0.0000,1,
18.6882,182.2000,BASELINE_COLLECTION,STANCE,0.1048,-99.700,-397.000,-99.700,0.0000,0.0000,0.5955,0.0000,0.5955,0.0000,1,
18.6962,182.2100,BASELINE_COLLECTION,STANCE,0.1153,-103.600,-374.000,-103.600,0.0000,0.0000,0.5610,0.0000,0.5610,0.0000,1,
18.7122,182.2200,BASELINE_COLLECTION,STANCE,0.1258,-107.100,-350.500,-107.100,0.0000,0.0000,0.5258,0.0000,0.5258,0.0000,1,
18.7202,182.2400,BASELINE_COLLECTION,STANCE,0.1468,-113.200,-271.900,-113.200,0.0000,0.0000,0.4078,0.0000,0.4078,0.0000,1,
18.7323,182.2500,BASELINE_COLLECTION,STANCE,0.1572,-115.700,-227.200,-115.700,0.0000,0.0000,0.3408,0.0000,0.3408,0.0000,1,
18.7403,182.2600,BASELINE_COLLECTION,STANCE,0.1677,-117.600,-180.000,-117.600,0.0000,0.0000,0.2700,0.0000,0.2700,0.0000,1,
18.7523,182.2700,BASELINE_COLLECTION,STANCE,0.1782,-119.100,-135.000,-119.100,0.0000,0.0000,0.2025,0.0000,0.2025,0.0000,1,
18.7603,182.2800,BASELINE_COLLECTION,STANCE,0.1887,-120.100,-86.700,-120.100,0.0000,0.0000,0.1300,0.0000,0.1300,0.0000,1,
18.7722,182.2900,BASELINE_COLLECTION,STANCE,0.1992,-120.700,-41.500,-120.700,0.0000,0.0000,0.0622,0.0000,0.0622,0.0000,1,
18.7801,182.3000,BASELINE_COLLECTION,STANCE,0.2096,-120.800,2.300,-120.800,0.0000,0.0000,-0.0034,0.0000,-0.0034,0.0000,0,
18.7882,182.3100,BASELINE_COLLECTION,STANCE,0.2201,-120.500,32.400,-120.500,0.0000,0.0000,-0.0486,0.0000,-0.0486,0.0000,0,
18.8003,182.3200,BASELINE_COLLECTION,STANCE,0.2306,-120.000,59.100,-120.000,0.0000,0.0000,-0.0887,0.0000,-0.0887,0.0000,0,
18.8163,182.3300,BASELINE_COLLECTION,STANCE,0.2411,-119.300,83.600,-119.300,0.0000,0.0000,-0.1254,0.0000,-0.1254,0.0000,0,
18.8243,182.3400,BASELINE_COLLECTION,SWING,0.0024,-118.300,108.500,-118.300,0.0074,0.0000,-0.1628,0.0000,-0.1628,0.0000,0,
18.8363,182.3500,BASELINE_COLLECTION,SWING,0.0181,-117.000,133.800,-117.000,0.0568,0.0000,-0.2007,0.0000,-0.2007,0.0000,0,
18.8483,182.3600,BASELINE_COLLECTION,SWING,0.0338,-115.400,160.500,-115.400,0.1060,0.0000,-0.2407,0.0000,-0.2407,0.0000,0,
18.8563,182.3700,BASELINE_COLLECTION,SWING,0.0495,-113.700,182.800,-113.700,0.1550,0.0000,-0.2742,0.0000,-0.2742,0.0000,0,
18.8683,182.3800,BASELINE_COLLECTION,SWING,0.0653,-111.700,206.200,-111.700,0.2036,0.0000,-0.3093,0.0000,-0.3093,0.0000,0,
18.8763,182.3900,BASELINE_COLLECTION,SWING,0.0810,-109.500,230.200,-109.500,0.2517,0.0000,-0.3453,0.0000,-0.3453,0.0000,0,
18.8882,182.4000,BASELINE_COLLECTION,SWING,0.0967,-107.000,254.800,-107.000,0.2991,0.0000,-0.3822,0.0000,-0.3822,0.0000,0,
18.8962,182.4100,BASELINE_COLLECTION,SWING,0.1124,-104.200,276.300,-104.200,0.3459,0.0000,-0.4145,0.0000,-0.4145,0.0000,0,
18.9082,182.4200,BASELINE_COLLECTION,SWING,0.1281,-101.400,298.200,-101.400,0.3918,0.0000,-0.4473,0.0000,-0.4473,0.0000,0,
18.9162,182.4300,BASELINE_COLLECTION,SWING,0.1439,-98.400,323.000,-98.400,0.4367,0.0000,-0.4845,0.0000,-0.4845,0.0000,0,
18.9282,182.4400,BASELINE_COLLECTION,SWING,0.1596,-94.800,345.400,-94.800,0.4806,0.0000,-0.5181,0.0000,-0.5181,0.0000,0,
18.9362,182.4500,BASELINE_COLLECTION,SWING,0.1753,-91.200,365.900,-91.200,0.5233,0.0000,-0.5488,0.0000,-0.5488,0.0000,0,
18.9483,182.4600,BASELINE_COLLECTION,SWING,0.1910,-87.300,393.600,-87.300,0.5648,0.0000,-0.5904,0.0000,-0.5904,0.0000,0,
18.9562,182.4700,BASELINE_COLLECTION,SWING,0.2068,-83.200,410.900,-83.200,0.6048,0.0000,-0.6163,0.0000,-0.6163,0.0000,0,
18.9683,182.4800,BASELINE_COLLECTION,SWING,0.2225,-79.000,430.500,-79.000,0.6434,0.0000,-0.6458,0.0000,-0.6458,0.0000,0,
18.9763,182.4900,BASELINE_COLLECTION,SWING,0.2382,-74.600,450.000,-74.600,0.6804,0.0000,-0.6750,0.0000,-0.6750,0.0000,0,
18.9883,182.5000,BASELINE_COLLECTION,SWING,0.2539,-69.800,475.900,-69.800,0.7158,0.0000,-0.7138,0.0000,-0.7138,0.0000,0,
18.9962,182.5100,BASELINE_COLLECTION,SWING,0.2697,-64.900,490.000,-64.900,0.7494,0.0000,-0.7350,0.0000,-0.7350,0.0000,0,
19.0083,182.5200,BASELINE_COLLECTION,SWING,0.2854,-59.900,510.900,-59.900,0.7812,0.0000,-0.7663,0.0000,-0.7663,0.0000,0,
19.0163,182.5300,BASELINE_COLLECTION,SWING,0.3011,-54.700,522.600,-54.700,0.8110,0.0000,-0.7839,0.0000,-0.7839,0.0000,0,
19.0283,182.5400,BASELINE_COLLECTION,SWING,0.3168,-49.300,546.200,-49.300,0.8389,0.0000,-0.8193,0.0000,-0.8193,0.0000,0,
19.0362,182.5500,BASELINE_COLLECTION,SWING,0.3325,-43.800,552.300,-43.800,0.8648,0.0000,-0.8284,0.0000,-0.8284,0.0000,0,
19.0483,182.5600,BASELINE_COLLECTION,SWING,0.3483,-38.200,555.000,-38.200,0.8885,0.0000,-0.8325,0.0000,-0.8325,0.0000,0,
19.0562,182.5700,BASELINE_COLLECTION,SWING,0.3640,-32.700,547.400,-32.700,0.9101,0.0000,-0.8211,0.0000,-0.8211,0.0000,0,
19.0683,182.5800,BASELINE_COLLECTION,SWING,0.3797,-27.500,512.800,-27.500,0.9294,0.0000,-0.7692,0.0000,-0.7692,0.0000,0,
19.0763,182.5900,BASELINE_COLLECTION,SWING,0.3954,-22.600,471.300,-22.600,0.9465,0.0000,-0.7070,0.0000,-0.7070,0.0000,0,
19.0883,182.6000,BASELINE_COLLECTION,SWING,0.4112,-18.400,403.000,-18.400,0.9613,0.0000,-0.6045,0.0000,-0.6045,0.0000,0,
19.0963,182.6100,BASELINE_COLLECTION,SWING,0.4269,-14.800,339.300,-14.800,0.9737,0.0000,-0.5090,0.0000,-0.5090,0.0000,0,
19.1083,182.6200,BASELINE_COLLECTION,SWING,0.4426,-11.900,267.100,-11.900,0.9838,0.0000,-0.4007,0.0000,-0.4007,0.0000,0,
19.1163,182.6300,BASELINE_COLLECTION,SWING,0.4583,-9.700,193.700,-9.700,0.9914,0.0000,-0.2905,0.0000,-0.2905,0.0000,0,
19.1283,182.6400,BASELINE_COLLECTION,SWING,0.4741,-8.200,131.200,-8.200,0.9967,0.0000,-0.1968,0.0000,-0.1968,0.0000,0,
19.1363,182.6500,BASELINE_COLLECTION,SWING,0.4898,-7.300,79.500,-7.300,0.9995,0.0000,-0.1193,0.0000,-0.1193,0.0000,0,
19.1483,182.6600,BASELINE_COLLECTION,SWING,0.5055,-6.900,25.800,-6.900,0.9999,0.0000,-0.0387,0.0000,-0.0387,0.0000,0,
19.1563,182.6700,BASELINE_COLLECTION,SWING,0.5212,-6.900,-10.400,-6.900,0.9978,0.0000,0.0156,0.0000,0.0156,0.0000,1,
19.1683,182.6800,BASELINE_COLLECTION,SWING,0.5369,-7.000,-13.300,-7.000,0.9933,0.0000,0.0200,0.0000,0.0200,0.0000,1,
19.1763,182.6900,BASELINE_COLLECTION,SWING,0.5527,-7.100,-10.400,-7.100,0.9863,0.0000,0.0156,0.0000,0.0156,0.0000,1,
19.1883,182.7000,BASELINE_COLLECTION,SWING,0.5684,-7.300,-17.800,-7.300,0.9770,0.0000,0.0267,0.0000,0.0267,0.0000,1,
19.1962,182.7100,BASELINE_COLLECTION,SWING,0.5841,-7.500,-26.000,-7.500,0.9653,0.0000,0.0390,0.0000,0.0390,0.0000,1,
19.2082,182.7200,BASELINE_COLLECTION,SWING,0.5998,-7.900,-38.700,-7.900,0.9512,0.0000,0.0581,0.0000,0.0581,0.0000,1,
19.2160,182.7300,BASELINE_COLLECTION,SWING,0.6156,-8.400,-57.400,-8.400,0.9348,0.0000,0.0861,0.0000,0.0861,0.0000,1,
19.2283,182.7400,BASELINE_COLLECTION,SWING,0.6313,-9.100,-76.600,-9.100,0.9161,0.0000,0.1149,0.0000,0.1149,0.0000,1,
19.2363,182.7500,BASELINE_COLLECTION,SWING,0.6470,-9.900,-91.000,-9.900,0.8952,0.0000,0.1365,0.0000,0.1365,0.0000,1,
19.2483,182.7600,BASELINE_COLLECTION,SWING,0.6627,-10.900,-94.000,-10.900,0.8721,0.0000,0.1410,0.0000,0.1410,0.0000,1,
19.2562,182.7700,BASELINE_COLLECTION,SWING,0.6785,-11.800,-84.600,-11.800,0.8469,0.0000,0.1269,0.0000,0.1269,0.0000,1,
19.2683,182.7800,BASELINE_COLLECTION,SWING,0.6942,-12.500,-72.000,-12.500,0.8196,0.0000,0.1080,0.0000,0.1080,0.0000,1,
19.2762,182.7900,BASELINE_COLLECTION,SWING,0.7099,-13.200,-56.200,-13.200,0.7903,0.0000,0.0843,0.0000,0.0843,0.0000,1,
19.2881,182.8000,BASELINE_COLLECTION,SWING,0.7256,-13.600,-37.200,-13.600,0.7591,0.0000,0.0558,0.0000,0.0558,0.0000,1,
19.2962,182.8100,BASELINE_COLLECTION,SWING,0.7414,-13.800,-21.800,-13.800,0.7261,0.0000,0.0327,0.0000,0.0327,0.0000,1,
19.3123,182.8200,BASELINE_COLLECTION,SWING,0.7571,-14.000,-9.500,-14.000,0.6912,0.0000,0.0143,0.0000,0.0143,0.0000,1,
19.3202,182.8400,BASELINE_COLLECTION,SWING,0.7885,-14.100,-7.400,-14.100,0.6166,0.0000,0.0111,0.0000,0.0111,0.0000,1,
19.3323,182.8500,BASELINE_COLLECTION,SWING,0.8042,-14.200,-16.000,-14.200,0.5769,0.0000,0.0240,0.0000,0.0240,0.0000,1,
19.3403,182.8600,BASELINE_COLLECTION,SWING,0.8200,-14.500,-28.000,-14.500,0.5359,0.0000,0.0420,0.0000,0.0420,0.0000,1,
19.3522,182.8700,BASELINE_COLLECTION,SWING,0.8357,-14.800,-40.600,-14.800,0.4936,0.0000,0.0609,0.0000,0.0609,0.0000,1,
19.3602,182.8800,BASELINE_COLLECTION,SWING,0.8514,-15.300,-56.900,-15.300,0.4500,0.0000,0.0853,0.0000,0.0853,0.0000,1,
19.3723,182.8900,BASELINE_COLLECTION,SWING,0.8671,-16.000,-73.700,-16.000,0.4054,0.0000,0.1106,0.0000,0.1106,0.0000,1,
19.3803,182.9000,BASELINE_COLLECTION,SWING,0.8829,-16.900,-91.100,-16.900,0.3598,0.0000,0.1366,0.0000,0.1366,0.0000,1,
19.3923,182.9100,BASELINE_COLLECTION,SWING,0.8986,-17.900,-106.100,-17.900,0.3132,0.0000,0.1591,0.0000,0.1591,0.0000,1,
19.4043,182.9200,BASELINE_COLLECTION,SWING,0.9143,-19.100,-119.300,-19.100,0.2660,0.0000,0.1789,0.0000,0.1789,0.0000,1,
19.4123,182.9300,BASELINE_COLLECTION,SWING,0.9300,-20.300,-130.300,-20.300,0.2180,0.0000,0.1955,0.0000,0.1955,0.0000,1,
19.4243,182.9400,BASELINE_COLLECTION,SWING,0.9458,-21.700,-138.700,-21.700,0.1696,0.0000,0.2080,0.0000,0.2080,0.0000,1,
19.4322,182.9500,BASELINE_COLLECTION,SWING,0.9615,-23.100,-143.000,-23.100,0.1207,0.0000,0.2145,0.0000,0.2145,0.0000,1,
19.4442,182.9600,BASELINE_COLLECTION,SWING,0.9772,-24.500,-141.600,-24.500,0.0716,0.0000,0.2124,0.0000,0.2124,0.0000,1,
19.4521,182.9700,BASELINE_COLLECTION,SWING,0.9929,-25.900,-134.400,-25.900,0.0222,0.0000,0.2016,0.0000,0.2016,0.0000,1,
19.4641,182.9800,BASELINE_COLLECTION,STANCE,0.2558,-27.200,-123.400,-27.200,0.0000,0.0000,0.1851,0.0000,0.1851,0.0000,1,
19.4722,182.9900,BASELINE_COLLECTION,STANCE,0.2662,-28.300,-106.600,-28.300,0.0000,0.0000,0.1599,0.0000,0.1599,0.0000,1,
19.4841,183.0000,BASELINE_COLLECTION,STANCE,0.2767,-28.900,-95.100,-28.900,0.0000,0.0000,0.1426,0.0000,0.1426,0.0000,1,
19.4922,183.0100,BASELINE_COLLECTION,STANCE,0.2872,-30.100,-67.000,-30.100,0.0000,0.0000,0.1005,0.0000,0.1005,0.0000,1,
19.5041,183.0200,BASELINE_COLLECTION,STANCE,0.2977,-30.600,-45.900,-30.600,0.0000,0.0000,0.0688,0.0000,0.0688,0.0000,1,
19.5122,183.0300,BASELINE_COLLECTION,STANCE,0.3082,-30.900,-28.700,-30.900,0.0000,0.0000,0.0430,0.0000,0.0430,0.0000,1,
19.5242,183.0400,BASELINE_COLLECTION,STANCE,0.3187,-31.100,-18.100,-31.100,0.0000,0.0000,0.0272,0.0000,0.0272,0.0000,1,
19.5322,183.0500,BASELINE_COLLECTION,STANCE,0.3291,-31.200,-11.600,-31.200,0.0000,0.0000,0.0174,0.0000,0.0174,0.0000,1,
19.5442,183.0600,BASELINE_COLLECTION,STANCE,0.3396,-31.400,-13.100,-31.400,0.0000,0.0000,0.0197,0.0000,0.0197,0.0000,1,
19.5522,183.0700,BASELINE_COLLECTION,STANCE,0.3501,-31.500,-17.400,-31.500,0.0000,0.0000,0.0261,0.0000,0.0261,0.0000,1,
19.5641,183.0800,BASELINE_COLLECTION,STANCE,0.3606,-31.700,-24.800,-31.700,0.0000,0.0000,0.0372,0.0000,0.0372,0.0000,1,
19.5723,183.0900,BASELINE_COLLECTION,STANCE,0.3711,-32.100,-37.700,-32.100,0.0000,0.0000,0.0566,0.0000,0.0566,0.0000,1,
19.5841,183.1000,BASELINE_COLLECTION,STANCE,0.3816,-32.600,-50.800,-32.600,0.0000,0.0000,0.0762,0.0000,0.0762,0.0000,1,
19.5922,183.1100,BASELINE_COLLECTION,STANCE,0.3920,-33.100,-63.000,-33.100,0.0000,0.0000,0.0945,0.0000,0.0945,0.0000,1,
19.6041,183.1200,BASELINE_COLLECTION,STANCE,0.4025,-33.900,-77.000,-33.900,0.0000,0.0000,0.1155,0.0000,0.1155,0.0000,1,
19.6122,183.1300,BASELINE_COLLECTION,STANCE,0.4130,-34.700,-91.300,-34.700,0.0000,0.0000,0.1369,0.0000,0.1369,0.0000,1,
19.6242,183.1400,BASELINE_COLLECTION,STANCE,0.4235,-35.700,-102.900,-35.700,0.0000,0.0000,0.1544,0.0000,0.1544,0.0000,1,
19.6322,183.1500,BASELINE_COLLECTION,STANCE,0.4340,-36.800,-110.200,-36.800,0.0000,0.0000,0.1653,0.0000,0.1653,0.0000,1,
19.6441,183.1600,BASELINE_COLLECTION,STANCE,0.4444,-38.000,-117.600,-38.000,0.0000,0.0000,0.1764,0.0000,0.1764,0.0000,1,
19.6522,183.1700,BASELINE_COLLECTION,STANCE,0.4549,-39.200,-120.700,-39.200,0.0000,0.0000,0.1811,0.0000,0.1811,0.0000,1,
19.6641,183.1800,BASELINE_COLLECTION,STANCE,0.4654,-40.400,-121.300,-40.400,0.0000,0.0000,0.1820,0.0000,0.1820,0.0000,1,
19.6721,183.1900,BASELINE_COLLECTION,STANCE,0.4759,-41.600,-117.500,-41.600,0.0000,0.0000,0.1762,0.0000,0.1762,0.0000,1,
19.6842,183.2000,BASELINE_COLLECTION,STANCE,0.4864,-42.700,-109.600,-42.700,0.0000,0.0000,0.1644,0.0000,0.1644,0.0000,1,
19.6922,183.2100,BASELINE_COLLECTION,STANCE,0.4969,-43.700,-98.000,-43.700,0.0000,0.0000,0.1470,0.0000,0.1470,0.0000,1,
19.7042,183.2200,BASELINE_COLLECTION,STANCE,0.5073,-44.600,-84.400,-44.600,0.0000,0.0000,0.1266,0.0000,0.1266,0.0000,1,
19.7121,183.2300,BASELINE_COLLECTION,STANCE,0.5178,-45.400,-72.500,-45.400,0.0000,0.0000,0.1087,0.0000,0.1087,0.0000,1,
19.7242,183.2400,BASELINE_COLLECTION,STANCE,0.5283,-46.000,-57.500,-46.000,0.0000,0.0000,0.0863,0.0000,0.0863,0.0000,1,
19.7322,183.2500,BASELINE_COLLECTION,STANCE,0.5388,-46.500,-43.200,-46.500,0.0000,0.0000,0.0648,0.0000,0.0648,0.0000,1,
19.7442,183.2600,BASELINE_COLLECTION,STANCE,0.5493,-46.800,-31.500,-46.800,0.0000,0.0000,0.0473,0.0000,0.0473,0.0000,1,
19.7522,183.2700,BASELINE_COLLECTION,STANCE,0.5597,-47.100,-22.000,-47.100,0.0000,0.0000,0.0330,0.0000,0.0330,0.0000,1,
19.7642,183.2800,BASELINE_COLLECTION,STANCE,0.5702,-47.300,-16.600,-47.300,0.0000,0.0000,0.0249,0.0000,0.0249,0.0000,1,
19.7722,183.2900,BASELINE_COLLECTION,STANCE,0.5807,-47.400,-11.800,-47.400,0.0000,0.0000,0.0177,0.0000,0.0177,0.0000,1,
19.7842,183.3000,BASELINE_COLLECTION,STANCE,0.5912,-47.500,-13.400,-47.500,0.0000,0.0000,0.0201,0.0000,0.0201,0.0000,1,
19.7922,183.3100,BASELINE_COLLECTION,STANCE,0.6017,-47.700,-14.900,-47.700,0.0000,0.0000,0.0224,0.0000,0.0224,0.0000,1,
19.8042,183.3200,BASELINE_COLLECTION,STANCE,0.6122,-47.800,-20.500,-47.800,0.0000,0.0000,0.0307,0.0000,0.0307,0.0000,1,
19.8122,183.3300,BASELINE_COLLECTION,STANCE,0.6226,-48.100,-28.400,-48.100,0.0000,0.0000,0.0426,0.0000,0.0426,0.0000,1,
19.8242,183.3400,BASELINE_COLLECTION,STANCE,0.6331,-48.400,-32.800,-48.400,0.0000,0.0000,0.0492,0.0000,0.0492,0.0000,1,
19.8322,183.3500,BASELINE_COLLECTION,STANCE,0.6436,-48.800,-38.500,-48.800,0.0000,0.0000,0.0578,0.0000,0.0578,0.0000,1,
19.8441,183.3600,BASELINE_COLLECTION,STANCE,0.6541,-49.200,-48.800,-49.200,0.0000,0.0000,0.0732,0.0000,0.0732,0.0000,1,
19.8522,183.3700,BASELINE_COLLECTION,STANCE,0.6646,-49.800,-61.000,-49.800,0.0000,0.0000,0.0915,0.0000,0.0915,0.0000,1,
19.8641,183.3800,BASELINE_COLLECTION,STANCE,0.6751,-50.500,-74.700,-50.500,0.0000,0.0000,0.1121,0.0000,0.1121,0.0000,1,
19.8722,183.3900,BASELINE_COLLECTION,STANCE,0.6855,-51.400,-89.400,-51.400,0.0000,0.0000,0.1341,0.0000,0.1341,0.0000,1,
19.8842,183.4000,BASELINE_COLLECTION,STANCE,0.6960,-52.400,-104.100,-52.400,0.0000,0.0000,0.1561,0.0000,0.1561,0.0000,1,
19.8922,183.4100,BASELINE_COLLECTION,STANCE,0.7065,-53.500,-119.400,-53.500,0.0000,0.0000,0.1791,0.0000,0.1791,0.0000,1,
19.9042,183.4200,BASELINE_COLLECTION,STANCE,0.7170,-54.800,-134.800,-54.800,0.0000,0.0000,0.2022,0.0000,0.2022,0.0000,1,
19.9122,183.4300,BASELINE_COLLECTION,STANCE,0.7275,-56.300,-150.400,-56.300,0.0000,0.0000,0.2256,0.0000,0.2256,0.0000,1,
19.9242,183.4400,BASELINE_COLLECTION,STANCE,0.7379,-57.900,-167.900,-57.900,0.0000,0.0000,0.2519,0.0000,0.2519,0.0000,1,
19.9321,183.4500,BASELINE_COLLECTION,STANCE,0.7484,-59.700,-186.200,-59.700,0.0000,0.0000,0.2793,0.0000,0.2793,0.0000,1,
19.9442,183.4600,BASELINE_COLLECTION,STANCE,0.0000,-61.700,-204.400,-61.700,0.0000,0.0000,0.3066,0.0000,0.3066,0.0000,1,
19.9496,183.4700,BASELINE_COLLECTION,STANCE,0.0123,-63.800,-220.900,-63.800,0.0000,0.0000,0.3314,0.0000,0.3314,0.0000,1,
19.9601,183.4800,BASELINE_COLLECTION,STANCE,0.0245,-66.200,-238.100,-66.200,0.0000,0.0000,0.3572,0.0000,0.3572,0.0000,1,
19.9721,183.4900,BASELINE_COLLECTION,STANCE,0.0368,-68.700,-258.600,-68.700,0.0000,0.0000,0.3879,0.0000,0.3879,0.0000,1,
19.9841,183.5000,BASELINE_COLLECTION,STANCE,0.0490,-71.400,-279.000,-71.400,0.0000,0.0000,0.4185,0.0000,0.4185,0.0000,1,
19.9922,183.5100,BASELINE_COLLECTION,STANCE,0.0613,-74.300,-294.600,-74.300,0.0000,0.0000,0.4419,0.0000,0.4419,0.0000,1,
20.0042,183.5200,BASELINE_COLLECTION,STANCE,0.0735,-77.400,-311.800,-77.400,0.0000,0.0000,0.4677,0.0000,0.4677,0.0000,1,
20.0122,183.5300,BASELINE_COLLECTION,STANCE,0.0858,-80.600,-329.700,-80.600,0.0000,0.0000,0.4945,0.0000,0.4945,0.0000,1,
20.0241,183.5400,BASELINE_COLLECTION,STANCE,0.0980,-84.100,-346.700,-84.100,0.0000,0.0000,0.5201,0.0000,0.5201,0.0000,1,
20.0322,183.5500,BASELINE_COLLECTION,STANCE,0.1103,-87.700,-366.400,-87.700,0.0000,0.0000,0.5496,0.0000,0.5496,0.0000,1,
20.0441,183.5600,BASELINE_COLLECTION,STANCE,0.1225,-91.400,-375.100,-91.400,0.0000,0.0000,0.5627,0.0000,0.5627,0.0000,1,
20.0522,183.5700,BASELINE_COLLECTION,STANCE,0.1348,-95.200,-382.100,-95.200,0.0000,0.0000,0.5732,0.0000,0.5732,0.0000,1,
20.0642,183.5800,BASELINE_COLLECTION,STANCE,0.1471,-99.100,-394.800,-99.100,0.0000,0.0000,0.5922,0.0000,0.5922,0.0000,1,
20.0722,183.5900,BASELINE_COLLECTION,STANCE,0.1593,-103.100,-400.900,-103.100,0.0000,0.0000,0.6013,0.0000,0.6013,0.0000,1,
20.0842,183.6000,BASELINE_COLLECTION,STANCE,0.1716,-107.200,-411.000,-107.200,0.0000,0.0000,0.6165,0.0000,0.6165,0.0000,1,
20.0921,183.6100,BASELINE_COLLECTION,STANCE,0.1838,-111.300,-410.300,-111.300,0.0000,0.0000,0.6155,0.0000,0.6155,0.0000,1,
20.1042,183.6200,BASELINE_COLLECTION,STANCE,0.1961,-115.400,-406.800,-115.400,0.0000,0.0000,0.6102,0.0000,0.6102,0.0000,1,
20.1122,183.6300,BASELINE_COLLECTION,STANCE,0.2083,-119.400,-400.100,-119.400,0.0000,0.0000,0.6002,0.0000,0.6002,0.0000,1,
20.1241,183.6400,BASELINE_COLLECTION,STANCE,0.2206,-123.300,-388.900,-123.300,0.0000,0.0000,0.5833,0.0000,0.5833,0.0000,1,
20.1322,183.6500,BASELINE_COLLECTION,STANCE,0.2328,-127.100,-367.000,-127.100,0.0000,0.0000,0.5505,0.0000,0.5505,0.0000,1,
20.1442,183.6600,BASELINE_COLLECTION,STANCE,0.2451,-130.500,-326.200,-130.500,0.0000,0.0000,0.4893,0.0000,0.4893,0.0000,1,
20.1522,183.6700,BASELINE_COLLECTION,SWING,0.0110,-133.400,-285.500,-133.400,0.0346,0.0000,0.4283,0.0000,0.4283,0.0000,1,
20.1642,183.6800,BASELINE_COLLECTION,SWING,0.0294,-136.000,-239.500,-136.000,0.0923,0.0000,0.3593,0.0000,0.3593,0.0000,1,
20.1722,183.6900,BASELINE_COLLECTION,SWING,0.0478,-138.000,-191.500,-138.000,0.1496,0.0000,0.2873,0.0000,0.2873,0.0000,1,
20.1841,183.7000,BASELINE_COLLECTION,SWING,0.0662,-139.600,-143.800,-139.600,0.2064,0.0000,0.2157,0.0000,0.2157,0.0000,1,
20.1921,183.7100,BASELINE_COLLECTION,SWING,0.0846,-140.700,-95.900,-140.700,0.2625,0.0000,0.1439,0.0000,0.1439,0.0000,1,
20.2042,183.7200,BASELINE_COLLECTION,SWING,0.1029,-141.400,-47.100,-141.400,0.3178,0.0000,0.0707,0.0000,0.0707,0.0000,1,
20.2122,183.7300,BASELINE_COLLECTION,SWING,0.1213,-141.500,0.400,-141.500,0.3720,0.0000,-0.0006,0.0000,-0.0006,0.0000,0,
20.2241,183.7400,BASELINE_COLLECTION,SWING,0.1397,-141.200,33.100,-141.200,0.4249,0.0000,-0.0497,0.0000,-0.0497,0.0000,0,
20.2322,183.7500,BASELINE_COLLECTION,SWING,0.1581,-140.700,59.000,-140.700,0.4765,0.0000,-0.0885,0.0000,-0.0885,0.0000,0,
20.2441,183.7600,BASELINE_COLLECTION,SWING,0.1765,-140.000,85.100,-140.000,0.5264,0.0000,-0.1276,0.0000,-0.1276,0.0000,0,
20.2522,183.7700,BASELINE_COLLECTION,SWING,0.1949,-139.000,107.800,-139.000,0.5746,0.0000,-0.1617,0.0000,-0.1617,0.0000,0,
20.2642,183.7800,BASELINE_COLLECTION,SWING,0.2132,-137.700,132.500,-137.700,0.6209,0.0000,-0.1988,0.0000,-0.1988,0.0000,0,
20.2722,183.7900,BASELINE_COLLECTION,SWING,0.2316,-136.200,157.800,-136.200,0.6651,0.0000,-0.2367,0.0000,-0.2367,0.0000,0,
20.2842,183.8000,BASELINE_COLLECTION,SWING,0.2500,-134.500,182.500,-134.500,0.7071,0.0000,-0.2737,0.0000,-0.2737,0.0000,0,
20.2923,183.8100,BASELINE_COLLECTION,SWING,0.2684,-132.500,204.400,-132.500,0.7467,0.0000,-0.3066,0.0000,-0.3066,0.0000,0,
20.3040,183.8200,BASELINE_COLLECTION,SWING,0.2868,-130.300,224.400,-130.300,0.7839,0.0000,-0.3366,0.0000,-0.3366,0.0000,0,
20.3122,183.8300,BASELINE_COLLECTION,SWING,0.3051,-127.900,247.100,-127.900,0.8184,0.0000,-0.3706,0.0000,-0.3706,0.0000,0,
20.3241,183.8400,BASELINE_COLLECTION,SWING,0.3235,-125.200,274.500,-125.200,0.8502,0.0000,-0.4118,0.0000,-0.4118,0.0000,0,
20.3322,183.8500,BASELINE_COLLECTION,SWING,0.3419,-122.300,296.200,-122.300,0.8792,0.0000,-0.4443,0.0000,-0.4443,0.0000,0,
20.3443,183.8600,BASELINE_COLLECTION,SWING,0.3603,-119.200,315.400,-119.200,0.9052,0.0000,-0.4731,0.0000,-0.4731,0.0000,0,
20.3523,183.8700,BASELINE_COLLECTION,SWING,0.3787,-115.900,336.800,-115.900,0.9282,0.0000,-0.5052,0.0000,-0.5052,0.0000,0,
20.3639,183.8800,BASELINE_COLLECTION,SWING,0.3971,-112.400,358.700,-112.400,0.9482,0.0000,-0.5381,0.0000,-0.5381,0.0000,0,
20.3721,183.8900,BASELINE_COLLECTION,SWING,0.4154,-108.600,385.400,-108.600,0.9649,0.0000,-0.5781,0.0000,-0.5781,0.0000,0,
20.3842,183.9000,BASELINE_COLLECTION,SWING,0.4338,-104.600,408.800,-104.600,0.9785,0.0000,-0.6132,0.0000,-0.6132,0.0000,0,
20.3923,183.9100,BASELINE_COLLECTION,SWING,0.4522,-100.400,430.700,-100.400,0.9887,0.0000,-0.6461,0.0000,-0.6461,0.0000,0,
20.4043,183.9200,BASELINE_COLLECTION,SWING,0.4706,-95.900,456.200,-95.900,0.9957,0.0000,-0.6843,0.0000,-0.6843,0.0000,0,
20.4122,183.9300,BASELINE_COLLECTION,SWING,0.4890,-91.200,473.700,-91.200,0.9994,0.0000,-0.7106,0.0000,-0.7106,0.0000,0,
20.4243,183.9400,BASELINE_COLLECTION,SWING,0.5074,-86.300,499.400,-86.300,0.9997,0.0000,-0.7491,0.0000,-0.7491,0.0000,0,
20.4323,183.9500,BASELINE_COLLECTION,SWING,0.5257,-81.200,511.000,-81.200,0.9967,0.0000,-0.7665,0.0000,-0.7665,0.0000,0,
20.4483,183.9600,BASELINE_COLLECTION,SWING,0.5441,-76.000,524.900,-76.000,0.9904,0.0000,-0.7873,0.0000,-0.7873,0.0000,0,
20.4563,183.9700,BASELINE_COLLECTION,SWING,0.5625,-70.600,545.700,-70.600,0.9808,0.0000,-0.8186,0.0000,-0.8186,0.0000,0,
20.4682,183.9800,BASELINE_COLLECTION,SWING,0.5809,-65.000,562.500,-65.000,0.9679,0.0000,-0.8438,0.0000,-0.8438,0.0000,0,
20.4762,183.9900,BASELINE_COLLECTION,SWING,0.5993,-59.300,586.700,-59.300,0.9518,0.0000,-0.8801,0.0000,-0.8801,0.0000,0,
20.4883,184.0000,BASELINE_COLLECTION,SWING,0.6176,-56.000,593.600,-56.000,0.9325,0.0000,-0.8904,0.0000,-0.8904,0.0000,0,
20.4962,184.0100,BASELINE_COLLECTION,SWING,0.6360,-46.600,604.700,-46.600,0.9101,0.0000,-0.9071,0.0000,-0.9071,0.0000,0,
20.5083,184.0200,BASELINE_COLLECTION,SWING,0.6544,-40.600,606.700,-40.600,0.8846,0.0000,-0.9101,0.0000,-0.9101,0.0000,0,
20.5162,184.0300,BASELINE_COLLECTION,SWING,0.6728,-34.500,614.200,-34.500,0.8562,0.0000,-0.9213,0.0000,-0.9213,0.0000,0,
20.5282,184.0400,BASELINE_COLLECTION,SWING,0.6912,-28.400,599.500,-28.400,0.8250,0.0000,-0.8992,0.0000,-0.8992,0.0000,0,
20.5362,184.0500,BASELINE_COLLECTION,SWING,0.7096,-22.700,554.800,-22.700,0.7910,0.0000,-0.8322,0.0000,-0.8322,0.0000,0,
20.5482,184.0600,BASELINE_COLLECTION,SWING,0.7279,-17.800,463.500,-17.800,0.7544,0.0000,-0.6953,0.0000,-0.6953,0.0000,0,
20.5562,184.0700,BASELINE_COLLECTION,SWING,0.7463,-13.800,362.400,-13.800,0.7152,0.0000,-0.5436,0.0000,-0.5436,0.0000,0,
20.5682,184.0800,BASELINE_COLLECTION,SWING,0.7647,-11.000,242.600,-11.000,0.6737,0.0000,-0.3639,0.0000,-0.3639,0.0000,0,
20.5761,184.0900,BASELINE_COLLECTION,SWING,0.7831,-9.400,132.000,-9.400,0.6299,0.0000,-0.1980,0.0000,-0.1980,0.0000,0,
20.5883,184.1000,BASELINE_COLLECTION,SWING,0.8015,-8.700,43.900,-8.700,0.5840,0.0000,-0.0659,0.0000,-0.0659,0.0000,0,
20.5962,184.1100,BASELINE_COLLECTION,SWING,0.8199,-8.700,-15.800,-8.700,0.5362,0.0000,0.0237,0.0000,0.0237,0.0000,1,
20.6082,184.1200,BASELINE_COLLECTION,SWING,0.8382,-9.000,-30.300,-9.000,0.4866,0.0000,0.0455,0.0000,0.0455,0.0000,1,
20.6162,184.1300,BASELINE_COLLECTION,SWING,0.8566,-9.300,-39.400,-9.300,0.4354,0.0000,0.0591,0.0000,0.0591,0.0000,1,
20.6282,184.1400,BASELINE_COLLECTION,SWING,0.8750,-9.800,-51.400,-9.800,0.3827,0.0000,0.0771,0.0000,0.0771,0.0000,1,
20.6362,184.1500,BASELINE_COLLECTION,SWING,0.8934,-10.400,-65.600,-10.400,0.3287,0.0000,0.0984,0.0000,0.0984,0.0000,1,
20.6483,184.1600,BASELINE_COLLECTION,SWING,0.9118,-11.200,-81.600,-11.200,0.2737,0.0000,0.1224,0.0000,0.1224,0.0000,1,
20.6562,184.1700,BASELINE_COLLECTION,SWING,0.9301,-12.100,-100.100,-12.100,0.2177,0.0000,0.1502,0.0000,0.1502,0.0000,1,
20.6683,184.1800,BASELINE_COLLECTION,SWING,0.9485,-13.300,-124.800,-13.300,0.1610,0.0000,0.1872,0.0000,0.1872,0.0000,1,
20.6762,184.1900,BASELINE_COLLECTION,SWING,0.9669,-14.700,-152.000,-14.700,0.1038,0.0000,0.2280,0.0000,0.2280,0.0000,1,
20.6883,184.2000,BASELINE_COLLECTION,SWING,0.9853,-16.400,-170.300,-16.400,0.0462,0.0000,0.2555,0.0000,0.2555,0.0000,1,
20.6962,184.2100,BASELINE_COLLECTION,STANCE,0.2525,-18.100,-177.500,-18.100,0.0000,0.0000,0.2662,0.0000,0.2662,0.0000,1,
20.7083,184.2200,BASELINE_COLLECTION,STANCE,0.2647,-19.900,-173.300,-19.900,0.0000,0.0000,0.2600,0.0000,0.2600,0.0000,1,
20.7162,184.2300,BASELINE_COLLECTION,STANCE,0.2770,-21.600,-163.000,-21.600,0.0000,0.0000,0.2445,0.0000,0.2445,0.0000,1,
20.7283,184.2400,BASELINE_COLLECTION,STANCE,0.2892,-23.100,-144.400,-23.100,0.0000,0.0000,0.2166,0.0000,0.2166,0.0000,1,
20.7363,184.2500,BASELINE_COLLECTION,STANCE,0.3015,-24.300,-117.200,-24.300,0.0000,0.0000,0.1758,0.0000,0.1758,0.0000,1,
20.7483,184.2600,BASELINE_COLLECTION,STANCE,0.3137,-25.300,-86.400,-25.300,0.0000,0.0000,0.1296,0.0000,0.1296,0.0000,1,
20.7563,184.2700,BASELINE_COLLECTION,STANCE,0.3260,-26.000,-57.700,-26.000,0.0000,0.0000,0.0866,0.0000,0.0866,0.0000,1,
20.7723,184.2800,BASELINE_COLLECTION,STANCE,0.3382,-26.400,-34.200,-26.400,0.0000,0.0000,0.0513,0.0000,0.0513,0.0000,1,
20.7803,184.2900,BASELINE_COLLECTION,STANCE,0.3505,-26.600,-21.500,-26.600,0.0000,0.0000,0.0323,0.0000,0.0323,0.0000,1,
20.7921,184.3100,BASELINE_COLLECTION,STANCE,0.3750,-26.900,-17.300,-26.900,0.0000,0.0000,0.0260,0.0000,0.0260,0.0000,1,
20.8040,184.3200,BASELINE_COLLECTION,STANCE,0.3873,-27.200,-24.300,-27.200,0.0000,0.0000,0.0365,0.0000,0.0365,0.0000,1,
20.8163,184.3300,BASELINE_COLLECTION,STANCE,0.3995,-27.500,-32.400,-27.500,0.0000,0.0000,0.0486,0.0000,0.0486,0.0000,1,
20.8243,184.3400,BASELINE_COLLECTION,STANCE,0.4118,-27.900,-44.900,-27.900,0.0000,0.0000,0.0673,0.0000,0.0673,0.0000,1,
20.8363,184.3500,BASELINE_COLLECTION,STANCE,0.4240,-28.400,-62.700,-28.400,0.0000,0.0000,0.0941,0.0000,0.0941,0.0000,1,
20.8442,184.3600,BASELINE_COLLECTION,STANCE,0.4363,-29.200,-78.200,-29.200,0.0000,0.0000,0.1173,0.0000,0.1173,0.0000,1,
20.8563,184.3700,BASELINE_COLLECTION,STANCE,0.4485,-30.100,-91.900,-30.100,0.0000,0.0000,0.1379,0.0000,0.1379,0.0000,1,
20.8643,184.3800,BASELINE_COLLECTION,STANCE,0.4608,-31.000,-101.200,-31.000,0.0000,0.0000,0.1518,0.0000,0.1518,0.0000,1,
20.8763,184.3900,BASELINE_COLLECTION,STANCE,0.4730,-32.100,-107.800,-32.100,0.0000,0.0000,0.1617,0.0000,0.1617,0.0000,1,
20.8883,184.4000,BASELINE_COLLECTION,STANCE,0.4853,-33.200,-108.000,-33.200,0.0000,0.0000,0.1620,0.0000,0.1620,0.0000,1,
20.8962,184.4100,BASELINE_COLLECTION,STANCE,0.4975,-34.200,-103.400,-34.200,0.0000,0.0000,0.1551,0.0000,0.1551,0.0000,1,
20.9082,184.4200,BASELINE_COLLECTION,STANCE,0.5098,-35.200,-92.800,-35.200,0.0000,0.0000,0.1392,0.0000,0.1392,0.0000,1,
20.9162,184.4300,BASELINE_COLLECTION,STANCE,0.5221,-36.000,-76.600,-36.000,0.0000,0.0000,0.1149,0.0000,0.1149,0.0000,1,
20.9283,184.4400,BASELINE_COLLECTION,STANCE,0.5343,-36.700,-58.100,-36.700,0.0000,0.0000,0.0872,0.0000,0.0872,0.0000,1,
20.9363,184.4500,BASELINE_COLLECTION,STANCE,0.5466,-37.100,-38.200,-37.100,0.0000,0.0000,0.0573,0.0000,0.0573,0.0000,1,
20.9482,184.4600,BASELINE_COLLECTION,STANCE,0.5588,-37.400,-21.300,-37.400,0.0000,0.0000,0.0319,0.0000,0.0319,0.0000,1,
20.9562,184.4700,BASELINE_COLLECTION,STANCE,0.5711,-37.500,-6.200,-37.500,0.0000,0.0000,0.0093,0.0000,0.0093,0.0000,1,
20.9682,184.4800,BASELINE_COLLECTION,STANCE,0.5833,-37.500,2.400,-37.500,0.0000,0.0000,-0.0036,0.0000,-0.0036,0.0000,0,
20.9762,184.4900,BASELINE_COLLECTION,STANCE,0.5956,-37.500,-0.200,-37.500,0.0000,0.0000,0.0003,0.0000,0.0003,0.0000,1,
20.9882,184.5000,BASELINE_COLLECTION,STANCE,0.6078,-37.500,-2.500,-37.500,0.0000,0.0000,0.0037,0.0000,0.0037,0.0000,1,
20.9962,184.5100,BASELINE_COLLECTION,STANCE,0.6201,-37.500,-2.500,-37.500,0.0000,0.0000,0.0037,0.0000,0.0037,0.0000,1,
21.0083,184.5200,BASELINE_COLLECTION,STANCE,0.6324,-37.500,-4.300,-37.500,0.0000,0.0000,0.0065,0.0000,0.0065,0.0000,1,
21.0163,184.5300,BASELINE_COLLECTION,STANCE,0.6446,-37.600,-10.800,-37.600,0.0000,0.0000,0.0162,0.0000,0.0162,0.0000,1,
21.0282,184.5400,BASELINE_COLLECTION,STANCE,0.6569,-37.800,-16.800,-37.800,0.0000,0.0000,0.0252,0.0000,0.0252,0.0000,1,
21.0362,184.5500,BASELINE_COLLECTION,STANCE,0.6691,-38.000,-25.800,-38.000,0.0000,0.0000,0.0387,0.0000,0.0387,0.0000,1,
21.0482,184.5600,BASELINE_COLLECTION,STANCE,0.6814,-38.300,-37.200,-38.300,0.0000,0.0000,0.0558,0.0000,0.0558,0.0000,1,
21.0563,184.5700,BASELINE_COLLECTION,STANCE,0.6936,-38.800,-49.600,-38.800,0.0000,0.0000,0.0744,0.0000,0.0744,0.0000,1,
21.0680,184.5800,BASELINE_COLLECTION,STANCE,0.7059,-39.400,-62.600,-39.400,0.0000,0.0000,0.0939,0.0000,0.0939,0.0000,1,
21.0761,184.5900,BASELINE_COLLECTION,STANCE,0.7181,-40.100,-74.100,-40.100,0.0000,0.0000,0.1111,0.0000,0.1111,0.0000,1,
21.0883,184.6000,BASELINE_COLLECTION,STANCE,0.7304,-40.900,-81.000,-40.900,0.0000,0.0000,0.1215,0.0000,0.1215,0.0000,1,
21.0963,184.6100,BASELINE_COLLECTION,STANCE,0.7426,-41.700,-84.900,-41.700,0.0000,0.0000,0.1274,0.0000,0.1274,0.0000,1,
21.1083,184.6200,BASELINE_COLLECTION,STANCE,0.7549,-42.600,-85.800,-42.600,0.0000,0.0000,0.1287,0.0000,0.1287,0.0000,1,
21.1162,184.6300,BASELINE_COLLECTION,STANCE,0.7672,-43.400,-82.600,-43.400,0.0000,0.0000,0.1239,0.0000,0.1239,0.0000,1,
21.1282,184.6400,BASELINE_COLLECTION,STANCE,0.7794,-44.200,-74.700,-44.200,0.0000,0.0000,0.1121,0.0000,0.1121,0.0000,1,
21.1362,184.6500,BASELINE_COLLECTION,STANCE,0.7917,-44.900,-66.300,-44.900,0.0000,0.0000,0.0994,0.0000,0.0994,0.0000,1,
21.1482,184.6600,BASELINE_COLLECTION,STANCE,0.8039,-45.500,-56.000,-45.500,0.0000,0.0000,0.0840,0.0000,0.0840,0.0000,1,
21.1562,184.6700,BASELINE_COLLECTION,STANCE,0.8162,-45.900,-42.700,-45.900,0.0000,0.0000,0.0641,0.0000,0.0641,0.0000,1,
21.1682,184.6800,BASELINE_COLLECTION,STANCE,0.8284,-46.300,-27.100,-46.300,0.0000,0.0000,0.0407,0.0000,0.0407,0.0000,1,
21.1763,184.6900,BASELINE_COLLECTION,STANCE,0.8407,-46.400,-13.800,-46.400,0.0000,0.0000,0.0207,0.0000,0.0207,0.0000,1,
21.1882,184.7000,BASELINE_COLLECTION,STANCE,0.8529,-46.500,-0.700,-46.500,0.0000,0.0000,0.0010,0.0000,0.0010,0.0000,1,
21.1963,184.7100,BASELINE_COLLECTION,STANCE,0.8652,-46.500,2.500,-46.500,0.0000,0.0000,-0.0037,0.0000,-0.0037,0.0000,0,
21.2083,184.7200,BASELINE_COLLECTION,STANCE,0.8775,-46.500,-0.900,-46.500,0.0000,0.0000,0.0014,0.0000,0.0014,0.0000,1,
21.2163,184.7300,BASELINE_COLLECTION,STANCE,0.8897,-46.500,-0.200,-46.500,0.0000,0.0000,0.0003,0.0000,0.0003,0.0000,1,
21.2282,184.7400,BASELINE_COLLECTION,STANCE,0.9020,-46.500,-0.800,-46.500,0.0000,0.0000,0.0012,0.0000,0.0012,0.0000,1,
21.2363,184.7500,BASELINE_COLLECTION,STANCE,0.9142,-46.500,-1.100,-46.500,0.0000,0.0000,0.0017,0.0000,0.0017,0.0000,1,
21.2483,184.7600,BASELINE_COLLECTION,STANCE,0.9265,-46.500,-2.400,-46.500,0.0000,0.0000,0.0036,0.0000,0.0036,0.0000,1,
21.2563,184.7700,BASELINE_COLLECTION,STANCE,0.9387,-46.600,-6.300,-46.600,0.0000,0.0000,0.0095,0.0000,0.0095,0.0000,1,
21.2683,184.7800,BASELINE_COLLECTION,STANCE,0.9510,-46.700,-12.100,-46.700,0.0000,0.0000,0.0181,0.0000,0.0181,0.0000,1,
21.2763,184.7900,BASELINE_COLLECTION,STANCE,0.9632,-46.800,-15.900,-46.800,0.0000,0.0000,0.0238,0.0000,0.0238,0.0000,1,
21.2883,184.8000,BASELINE_COLLECTION,STANCE,0.9755,-47.000,-18.600,-47.000,0.0000,0.0000,0.0279,0.0000,0.0279,0.0000,1,
21.2963,184.8100,BASELINE_COLLECTION,STANCE,0.9877,-47.200,-23.400,-47.200,0.0000,0.0000,0.0351,0.0000,0.0351,0.0000,1,
21.3083,184.8200,BASELINE_COLLECTION,STANCE,1.0000,-47.500,-28.200,-47.500,0.0000,0.0000,0.0423,0.0000,0.0423,0.0000,1,
21.3163,184.8300,BASELINE_COLLECTION,STANCE,1.0000,-47.800,-33.500,-47.800,0.0000,0.0000,0.0503,0.0000,0.0503,0.0000,1,
21.3283,184.8400,BASELINE_COLLECTION,STANCE,1.0000,-48.200,-38.600,-48.200,0.0000,0.0000,0.0579,0.0000,0.0579,0.0000,1,
21.3403,184.8500,BASELINE_COLLECTION,STANCE,1.0000,-48.600,-40.000,-48.600,0.0000,0.0000,0.0600,0.0000,0.0600,0.0000,1,
21.3483,184.8600,BASELINE_COLLECTION,STANCE,1.0000,-49.000,-42.300,-49.000,0.0000,0.0000,0.0634,0.0000,0.0634,0.0000,1,
21.3602,184.8700,BASELINE_COLLECTION,STANCE,1.0000,-49.400,-46.700,-49.400,0.0000,0.0000,0.0701,0.0000,0.0701,0.0000,1,
21.3680,184.8800,BASELINE_COLLECTION,STANCE,1.0000,-49.900,-50.000,-49.900,0.0000,0.0000,0.0750,0.0000,0.0750,0.0000,1,
21.3803,184.8900,BASELINE_COLLECTION,STANCE,1.0000,-50.400,-52.700,-50.400,0.0000,0.0000,0.0791,0.0000,0.0791,0.0000,1,
21.3883,184.9000,BASELINE_COLLECTION,STANCE,1.0000,-51.000,-55.900,-51.000,0.0000,0.0000,0.0838,0.0000,0.0838,0.0000,1,
21.4002,184.9100,BASELINE_COLLECTION,STANCE,1.0000,-51.600,-57.800,-51.600,0.0000,0.0000,0.0867,0.0000,0.0867,0.0000,1,
21.4082,184.9200,BASELINE_COLLECTION,STANCE,1.0000,-52.200,-61.000,-52.200,0.0000,0.0000,0.0915,0.0000,0.0915,0.0000,1,
21.4203,184.9300,BASELINE_COLLECTION,STANCE,1.0000,-52.800,-68.600,-52.800,0.0000,0.0000,0.1029,0.0000,0.1029,0.0000,1,
21.4282,184.9400,BASELINE_COLLECTION,STANCE,1.0000,-53.600,-77.500,-53.600,0.0000,0.0000,0.1163,0.0000,0.1163,0.0000,1,
21.4403,184.9500,BASELINE_COLLECTION,STANCE,1.0000,-54.400,-86.800,-54.400,0.0000,0.0000,0.1302,0.0000,0.1302,0.0000,1,
21.4483,184.9600,BASELINE_COLLECTION,STANCE,1.0000,-55.400,-99.500,-55.400,0.0000,0.0000,0.1492,0.0000,0.1492,0.0000,1,
21.4603,184.9700,BASELINE_COLLECTION,STANCE,1.0000,-56.500,-116.100,-56.500,0.0000,0.0000,0.1741,0.0000,0.1741,0.0000,1,
21.4683,184.9800,BASELINE_COLLECTION,STANCE,1.0000,-57.800,-135.100,-57.800,0.0000,0.0000,0.2026,0.0000,0.2026,0.0000,1,
21.4803,184.9900,BASELINE_COLLECTION,STANCE,1.0000,-59.300,-158.000,-59.300,0.0000,0.0000,0.2370,0.0000,0.2370,0.0000,1,
21.4882,185.0000,BASELINE_COLLECTION,STANCE,1.0000,-59.900,-166.700,-59.900,0.0000,0.0000,0.2500,0.0000,0.2500,0.0000,1,
21.5002,185.0100,BASELINE_COLLECTION,STANCE,1.0000,-63.000,-203.000,-63.000,0.0000,0.0000,0.3045,0.0000,0.3045,0.0000,1,
21.5083,185.0200,BASELINE_COLLECTION,STANCE,1.0000,-65.200,-223.500,-65.200,0.0000,0.0000,0.3352,0.0000,0.3352,0.0000,1,
21.5203,185.0300,BASELINE_COLLECTION,STANCE,0.0000,-67.600,-249.400,-67.600,0.0000,0.0000,0.3741,0.0000,0.3741,0.0000,1,
21.5281,185.0400,BASELINE_COLLECTION,STANCE,0.0106,-70.300,-282.700,-70.300,0.0000,0.0000,0.4240,0.0000,0.4240,0.0000,1,
21.5362,185.0500,BASELINE_COLLECTION,STANCE,0.0212,-73.300,-312.700,-73.300,0.0000,0.0000,0.4690,0.0000,0.4690,0.0000,1,
21.5482,185.0600,BASELINE_COLLECTION,STANCE,0.0318,-76.600,-340.500,-76.600,0.0000,0.0000,0.5108,0.0000,0.5108,0.0000,1,
21.5602,185.0700,BASELINE_COLLECTION,STANCE,0.0425,-80.200,-368.300,-80.200,0.0000,0.0000,0.5524,0.0000,0.5524,0.0000,1,
21.5681,185.0800,BASELINE_COLLECTION,STANCE,0.0531,-84.100,-391.900,-84.100,0.0000,0.0000,0.5878,0.0000,0.5878,0.0000,1,
21.5802,185.0900,BASELINE_COLLECTION,STANCE,0.0637,-88.200,-412.400,-88.200,0.0000,0.0000,0.6186,0.0000,0.6186,0.0000,1,
21.5882,185.1000,BASELINE_COLLECTION,STANCE,0.0743,-92.300,-411.800,-92.300,0.0000,0.0000,0.6177,0.0000,0.6177,0.0000,1,
21.6002,185.1100,BASELINE_COLLECTION,STANCE,0.0849,-96.400,-406.100,-96.400,0.0000,0.0000,0.6092,0.0000,0.6092,0.0000,1,
21.6083,185.1200,BASELINE_COLLECTION,STANCE,0.0955,-100.400,-394.700,-100.400,0.0000,0.0000,0.5920,0.0000,0.5920,0.0000,1,
21.6202,185.1300,BASELINE_COLLECTION,STANCE,0.1062,-104.200,-373.200,-104.200,0.0000,0.0000,0.5598,0.0000,0.5598,0.0000,1,
21.6283,185.1400,BASELINE_COLLECTION,STANCE,0.1168,-107.800,-352.000,-107.800,0.0000,0.0000,0.5280,0.0000,0.5280,0.0000,1,
21.6403,185.1500,BASELINE_COLLECTION,STANCE,0.1274,-111.100,-322.800,-111.100,0.0000,0.0000,0.4842,0.0000,0.4842,0.0000,1,
21.6483,185.1600,BASELINE_COLLECTION,STANCE,0.1380,-114.100,-290.000,-114.100,0.0000,0.0000,0.4350,0.0000,0.4350,0.0000,1,
21.6603,185.1700,BASELINE_COLLECTION,STANCE,0.1486,-116.700,-254.000,-116.700,0.0000,0.0000,0.3810,0.0000,0.3810,0.0000,1,
21.6684,185.1800,BASELINE_COLLECTION,STANCE,0.1592,-119.000,-212.800,-119.000,0.0000,0.0000,0.3192,0.0000,0.3192,0.0000,1,
21.6802,185.1900,BASELINE_COLLECTION,STANCE,0.1699,-120.800,-168.400,-120.800,0.0000,0.0000,0.2526,0.0000,0.2526,0.0000,1,
21.6882,185.2000,BASELINE_COLLECTION,STANCE,0.1805,-122.200,-123.700,-122.200,0.0000,0.0000,0.1856,0.0000,0.1856,0.0000,1,
21.7002,185.2100,BASELINE_COLLECTION,STANCE,0.1911,-123.100,-76.900,-123.100,0.0000,0.0000,0.1154,0.0000,0.1154,0.0000,1,
21.7083,185.2200,BASELINE_COLLECTION,STANCE,0.2017,-123.600,-31.100,-123.600,0.0000,0.0000,0.0467,0.0000,0.0467,0.0000,1,
21.7203,185.2300,BASELINE_COLLECTION,STANCE,0.2123,-123.600,6.500,-123.600,0.0000,0.0000,-0.0097,0.0000,-0.0097,0.0000,0,
21.7283,185.2400,BASELINE_COLLECTION,STANCE,0.2229,-123.300,33.500,-123.300,0.0000,0.0000,-0.0503,0.0000,-0.0503,0.0000,0,
21.7402,185.2500,BASELINE_COLLECTION,STANCE,0.2335,-122.900,55.400,-122.900,0.0000,0.0000,-0.0831,0.0000,-0.0831,0.0000,0,
21.7483,185.2600,BASELINE_COLLECTION,STANCE,0.2442,-122.100,77.600,-122.100,0.0000,0.0000,-0.1164,0.0000,-0.1164,0.0000,0,
21.7603,185.2700,BASELINE_COLLECTION,SWING,0.0072,-121.200,101.600,-121.200,0.0225,0.0000,-0.1524,0.0000,-0.1524,0.0000,0,
21.7683,185.2800,BASELINE_COLLECTION,SWING,0.0231,-120.000,124.500,-120.000,0.0725,0.0000,-0.1867,0.0000,-0.1867,0.0000,0,
21.7843,185.2900,BASELINE_COLLECTION,SWING,0.0390,-118.600,147.500,-118.600,0.1223,0.0000,-0.2213,0.0000,-0.2213,0.0000,0,
21.7923,185.3100,BASELINE_COLLECTION,SWING,0.0709,-115.100,192.200,-115.100,0.2208,0.0000,-0.2883,0.0000,-0.2883,0.0000,0,
21.8042,185.3200,BASELINE_COLLECTION,SWING,0.0868,-113.100,213.300,-113.100,0.2693,0.0000,-0.3200,0.0000,-0.3200,0.0000,0,
21.8121,185.3300,BASELINE_COLLECTION,SWING,0.1027,-110.800,235.400,-110.800,0.3171,0.0000,-0.3531,0.0000,-0.3531,0.0000,0,
21.8243,185.3400,BASELINE_COLLECTION,SWING,0.1186,-108.300,260.400,-108.300,0.3641,0.0000,-0.3906,0.0000,-0.3906,0.0000,0,
21.8322,185.3500,BASELINE_COLLECTION,SWING,0.1346,-105.500,283.200,-105.500,0.4102,0.0000,-0.4248,0.0000,-0.4248,0.0000,0,
21.8441,185.3600,BASELINE_COLLECTION,SWING,0.1505,-102.500,302.200,-102.500,0.4553,0.0000,-0.4533,0.0000,-0.4533,0.0000,0,
21.8523,185.3700,BASELINE_COLLECTION,SWING,0.1664,-99.300,325.900,-99.300,0.4993,0.0000,-0.4888,0.0000,-0.4888,0.0000,0,
21.8643,185.3800,BASELINE_COLLECTION,SWING,0.1823,-95.900,347.800,-95.900,0.5420,0.0000,-0.5217,0.0000,-0.5217,0.0000,0,
21.8722,185.3900,BASELINE_COLLECTION,SWING,0.1982,-92.300,363.600,-92.300,0.5833,0.0000,-0.5454,0.0000,-0.5454,0.0000,0,
21.8842,185.4000,BASELINE_COLLECTION,SWING,0.2142,-88.500,391.000,-88.500,0.6232,0.0000,-0.5865,0.0000,-0.5865,0.0000,0,
21.8922,185.4100,BASELINE_COLLECTION,SWING,0.2301,-84.500,410.300,-84.500,0.6615,0.0000,-0.6155,0.0000,-0.6155,0.0000,0,
21.9043,185.4200,BASELINE_COLLECTION,SWING,0.2460,-80.200,427.700,-80.200,0.6982,0.0000,-0.6415,0.0000,-0.6415,0.0000,0,
21.9123,185.4300,BASELINE_COLLECTION,SWING,0.2619,-75.800,446.800,-75.800,0.7331,0.0000,-0.6702,0.0000,-0.6702,0.0000,0,
21.9243,185.4400,BASELINE_COLLECTION,SWING,0.2779,-71.200,470.300,-71.200,0.7662,0.0000,-0.7055,0.0000,-0.7055,0.0000,0,
21.9323,185.4500,BASELINE_COLLECTION,SWING,0.2938,-66.400,483.000,-66.400,0.7974,0.0000,-0.7245,0.0000,-0.7245,0.0000,0,
21.9443,185.4600,BASELINE_COLLECTION,SWING,0.3097,-61.500,488.800,-61.500,0.8266,0.0000,-0.7332,0.0000,-0.7332,0.0000,0,
21.9523,185.4700,BASELINE_COLLECTION,SWING,0.3256,-56.700,477.200,-56.700,0.8537,0.0000,-0.7158,0.0000,-0.7158,0.0000,0,
21.9643,185.4800,BASELINE_COLLECTION,SWING,0.3416,-52.000,464.900,-52.000,0.8787,0.0000,-0.6974,0.0000,-0.6974,0.0000,0,
21.9723,185.4900,BASELINE_COLLECTION,SWING,0.3575,-47.500,438.500,-47.500,0.9014,0.0000,-0.6578,0.0000,-0.6578,0.0000,0,
21.9843,185.5000,BASELINE_COLLECTION,SWING,0.3734,-43.400,395.300,-43.400,0.9220,0.0000,-0.5929,0.0000,-0.5929,0.0000,0,
21.9922,185.5100,BASELINE_COLLECTION,SWING,0.3893,-39.800,345.000,-39.800,0.9402,0.0000,-0.5175,0.0000,-0.5175,0.0000,0,
22.0043,185.5200,BASELINE_COLLECTION,SWING,0.4053,-36.700,294.900,-36.700,0.9560,0.0000,-0.4423,0.0000,-0.4423,0.0000,0,
22.0123,185.5300,BASELINE_COLLECTION,SWING,0.4212,-34.100,247.300,-34.100,0.9695,0.0000,-0.3710,0.0000,-0.3710,0.0000,0,
22.0242,185.5400,BASELINE_COLLECTION,SWING,0.4371,-32.000,197.700,-32.000,0.9805,0.0000,-0.2965,0.0000,-0.2965,0.0000,0,
22.0323,185.5500,BASELINE_COLLECTION,SWING,0.4530,-30.300,157.200,-30.300,0.9891,0.0000,-0.2358,0.0000,-0.2358,0.0000,0,
22.0443,185.5600,BASELINE_COLLECTION,SWING,0.4689,-28.900,131.000,-28.900,0.9952,0.0000,-0.1965,0.0000,-0.1965,0.0000,0,
22.0563,185.5700,BASELINE_COLLECTION,SWING,0.4849,-27.700,112.200,-27.700,0.9989,0.0000,-0.1683,0.0000,-0.1683,0.0000,0,
22.0643,185.5800,BASELINE_COLLECTION,SWING,0.5008,-26.700,98.900,-26.700,1.0000,0.0000,-0.1484,0.0000,-0.1484,0.0000,0,
22.0762,185.5900,BASELINE_COLLECTION,SWING,0.5167,-25.800,85.300,-25.800,0.9986,0.0000,-0.1280,0.0000,-0.1280,0.0000,0,
22.0883,185.6000,BASELINE_COLLECTION,SWING,0.5326,-25.000,78.800,-25.000,0.9947,0.0000,-0.1182,0.0000,-0.1182,0.0000,0,
22.0963,185.6100,BASELINE_COLLECTION,SWING,0.5486,-24.200,74.300,-24.200,0.9884,0.0000,-0.1114,0.0000,-0.1114,0.0000,0,
22.1083,185.6200,BASELINE_COLLECTION,SWING,0.5645,-23.600,65.400,-23.600,0.9795,0.0000,-0.0981,0.0000,-0.0981,0.0000,0,
22.1202,185.6300,BASELINE_COLLECTION,SWING,0.5804,-23.000,56.200,-23.000,0.9683,0.0000,-0.0843,0.0000,-0.0843,0.0000,0,
22.1283,185.6400,BASELINE_COLLECTION,SWING,0.5963,-22.500,49.700,-22.500,0.9545,0.0000,-0.0746,0.0000,-0.0746,0.0000,0,
22.1403,185.6500,BASELINE_COLLECTION,SWING,0.6123,-22.000,45.500,-22.000,0.9385,0.0000,-0.0683,0.0000,-0.0683,0.0000,0,
22.1483,185.6600,BASELINE_COLLECTION,SWING,0.6282,-21.600,37.400,-21.600,0.9200,0.0000,-0.0561,0.0000,-0.0561,0.0000,0,
22.1602,185.6700,BASELINE_COLLECTION,SWING,0.6441,-21.300,25.100,-21.300,0.8993,0.0000,-0.0377,0.0000,-0.0377,0.0000,0,
22.1683,185.6800,BASELINE_COLLECTION,SWING,0.6600,-21.200,5.500,-21.200,0.8763,0.0000,-0.0083,0.0000,-0.0083,0.0000,0,
22.1803,185.6900,BASELINE_COLLECTION,SWING,0.6760,-21.200,-4.900,-21.200,0.8511,0.0000,0.0074,0.0000,0.0074,0.0000,1,
22.1883,185.7000,BASELINE_COLLECTION,SWING,0.6919,-21.200,-3.000,-21.200,0.8237,0.0000,0.0045,0.0000,0.0045,0.0000,1,
22.2003,185.7100,BASELINE_COLLECTION,SWING,0.7078,-21.300,-3.800,-21.300,0.7944,0.0000,0.0057,0.0000,0.0057,0.0000,1,
22.2083,185.7200,BASELINE_COLLECTION,SWING,0.7237,-21.300,-6.000,-21.300,0.7630,0.0000,0.0090,0.0000,0.0090,0.0000,1,
22.2203,185.7300,BASELINE_COLLECTION,SWING,0.7396,-21.400,-11.500,-21.400,0.7297,0.0000,0.0173,0.0000,0.0173,0.0000,1,
22.2282,185.7400,BASELINE_COLLECTION,SWING,0.7556,-21.600,-15.300,-21.600,0.6946,0.0000,0.0230,0.0000,0.0230,0.0000,1,
22.2403,185.7500,BASELINE_COLLECTION,SWING,0.7715,-21.800,-25.300,-21.800,0.6578,0.0000,0.0380,0.0000,0.0380,0.0000,1,
22.2482,185.7600,BASELINE_COLLECTION,SWING,0.7874,-22.100,-33.000,-22.100,0.6193,0.0000,0.0495,0.0000,0.0495,0.0000,1,
22.2603,185.7700,BASELINE_COLLECTION,SWING,0.8033,-22.500,-40.000,-22.500,0.5793,0.0000,0.0600,0.0000,0.0600,0.0000,1,
22.2682,185.7800,BASELINE_COLLECTION,SWING,0.8193,-22.900,-49.700,-22.900,0.5378,0.0000,0.0746,0.0000,0.0746,0.0000,1,
22.2803,185.7900,BASELINE_COLLECTION,SWING,0.8352,-23.500,-57.000,-23.500,0.4949,0.0000,0.0855,0.0000,0.0855,0.0000,1,
22.2882,185.8000,BASELINE_COLLECTION,SWING,0.8511,-24.100,-54.800,-24.100,0.4509,0.0000,0.0822,0.0000,0.0822,0.0000,1,
22.3002,185.8100,BASELINE_COLLECTION,SWING,0.8670,-24.600,-46.800,-24.600,0.4057,0.0000,0.0702,0.0000,0.0702,0.0000,1,
22.3082,185.8200,BASELINE_COLLECTION,SWING,0.8830,-24.900,-34.400,-24.900,0.3595,0.0000,0.0516,0.0000,0.0516,0.0000,1,
22.3202,185.8300,BASELINE_COLLECTION,SWING,0.8989,-25.200,-22.800,-25.200,0.3123,0.0000,0.0342,0.0000,0.0342,0.0000,1,
22.3283,185.8400,BASELINE_COLLECTION,SWING,0.9148,-25.400,-12.000,-25.400,0.2645,0.0000,0.0180,0.0000,0.0180,0.0000,1,
22.3402,185.8500,BASELINE_COLLECTION,SWING,0.9307,-25.400,-1.000,-25.400,0.2159,0.0000,0.0015,0.0000,0.0015,0.0000,1,
22.3482,185.8600,BASELINE_COLLECTION,SWING,0.9467,-25.400,0.300,-25.400,0.1668,0.0000,-0.0004,0.0000,-0.0004,0.0000,0,
22.3603,185.8700,BASELINE_COLLECTION,SWING,0.9626,-25.400,-2.800,-25.400,0.1173,0.0000,0.0042,0.0000,0.0042,0.0000,1,
22.3722,185.8800,BASELINE_COLLECTION,SWING,0.9785,-25.400,-3.000,-25.400,0.0675,0.0000,0.0045,0.0000,0.0045,0.0000,1,
22.3802,185.8900,BASELINE_COLLECTION,SWING,0.9944,-25.500,-5.200,-25.500,0.0175,0.0000,0.0078,0.0000,0.0078,0.0000,1,
22.3922,185.9000,BASELINE_COLLECTION,STANCE,0.2569,-25.600,-15.300,-25.600,0.0000,0.0000,0.0230,0.0000,0.0230,0.0000,1,
22.4003,185.9100,BASELINE_COLLECTION,STANCE,0.2675,-25.900,-31.700,-25.900,0.0000,0.0000,0.0476,0.0000,0.0476,0.0000,1,
22.4123,185.9200,BASELINE_COLLECTION,STANCE,0.2781,-26.300,-49.500,-26.300,0.0000,0.0000,0.0742,0.0000,0.0742,0.0000,1,
22.4202,185.9300,BASELINE_COLLECTION,STANCE,0.2887,-26.900,-69.500,-26.900,0.0000,0.0000,0.1042,0.0000,0.1042,0.0000,1,
22.4323,185.9400,BASELINE_COLLECTION,STANCE,0.2994,-27.800,-86.000,-27.800,0.0000,0.0000,0.1290,0.0000,0.1290,0.0000,1,
22.4403,185.9500,BASELINE_COLLECTION,STANCE,0.3100,-28.700,-101.500,-28.700,0.0000,0.0000,0.1522,0.0000,0.1522,0.0000,1,
22.4563,185.9600,BASELINE_COLLECTION,STANCE,0.3206,-29.800,-115.900,-29.800,0.0000,0.0000,0.1739,0.0000,0.1739,0.0000,1,
22.4642,185.9800,BASELINE_COLLECTION,STANCE,0.3418,-32.400,-133.500,-32.400,0.0000,0.0000,0.2003,0.0000,0.2003,0.0000,1,
22.4763,185.9900,BASELINE_COLLECTION,STANCE,0.3524,-33.700,-135.600,-33.700,0.0000,0.0000,0.2034,0.0000,0.2034,0.0000,1,
22.4843,186.0000,BASELINE_COLLECTION,STANCE,0.3631,-34.400,-134.600,-34.400,0.0000,0.0000,0.2019,0.0000,0.2019,0.0000,1,
22.4963,186.0100,BASELINE_COLLECTION,STANCE,0.3737,-36.400,-125.300,-36.400,0.0000,0.0000,0.1880,0.0000,0.1880,0.0000,1,
22.5043,186.0200,BASELINE_COLLECTION,STANCE,0.3843,-37.600,-114.200,-37.600,0.0000,0.0000,0.1713,0.0000,0.1713,0.0000,1,
22.5163,186.0300,BASELINE_COLLECTION,STANCE,0.3949,-38.600,-98.300,-38.600,0.0000,0.0000,0.1474,0.0000,0.1474,0.0000,1,
22.5243,186.0400,BASELINE_COLLECTION,STANCE,0.4055,-39.400,-79.900,-39.400,0.0000,0.0000,0.1199,0.0000,0.1199,0.0000,1,
22.5362,186.0500,BASELINE_COLLECTION,STANCE,0.4161,-40.100,-61.300,-40.100,0.0000,0.0000,0.0920,0.0000,0.0920,0.0000,1,
22.5442,186.0600,BASELINE_COLLECTION,STANCE,0.4268,-40.600,-38.400,-40.600,0.0000,0.0000,0.0576,0.0000,0.0576,0.0000,1,
22.5562,186.0700,BASELINE_COLLECTION,STANCE,0.4374,-40.800,-10.500,-40.800,0.0000,0.0000,0.0158,0.0000,0.0158,0.0000,1,
22.5642,186.0800,BASELINE_COLLECTION,STANCE,0.4480,-40.700,10.600,-40.700,0.0000,0.0000,-0.0159,0.0000,-0.0159,0.0000,0,
22.5762,186.0900,BASELINE_COLLECTION,STANCE,0.4586,-40.600,13.100,-40.600,0.0000,0.0000,-0.0197,0.0000,-0.0197,0.0000,0,
22.5842,186.1000,BASELINE_COLLECTION,STANCE,0.4692,-40.400,14.800,-40.400,0.0000,0.0000,-0.0222,0.0000,-0.0222,0.0000,0,
22.5963,186.1100,BASELINE_COLLECTION,STANCE,0.4798,-40.300,18.000,-40.300,0.0000,0.0000,-0.0270,0.0000,-0.0270,0.0000,0,
22.6043,186.1200,BASELINE_COLLECTION,STANCE,0.4904,-40.100,15.500,-40.100,0.0000,0.0000,-0.0232,0.0000,-0.0232,0.0000,0,
22.6203,186.1300,BASELINE_COLLECTION,STANCE,0.5011,-40.000,9.200,-40.000,0.0000,0.0000,-0.0138,0.0000,-0.0138,0.0000,0,
22.6283,186.1400,BASELINE_COLLECTION,STANCE,0.5117,-39.900,3.100,-39.900,0.0000,0.0000,-0.0047,0.0000,-0.0047,0.0000,0,
22.6403,186.1500,BASELINE_COLLECTION,STANCE,0.5223,-39.900,-0.900,-39.900,0.0000,0.0000,0.0014,0.0000,0.0014,0.0000,1,
22.6482,186.1600,BASELINE_COLLECTION,STANCE,0.5329,-40.000,-3.500,-40.000,0.0000,0.0000,0.0053,0.0000,0.0053,0.0000,1,
22.6603,186.1700,BASELINE_COLLECTION,STANCE,0.5435,-40.000,-8.100,-40.000,0.0000,0.0000,0.0121,0.0000,0.0121,0.0000,1,
22.6722,186.1800,BASELINE_COLLECTION,STANCE,0.5541,-40.200,-15.400,-40.200,0.0000,0.0000,0.0231,0.0000,0.0231,0.0000,1,
22.6802,186.1900,BASELINE_COLLECTION,STANCE,0.5648,-40.400,-21.600,-40.400,0.0000,0.0000,0.0324,0.0000,0.0324,0.0000,1,
22.6922,186.2000,BASELINE_COLLECTION,STANCE,0.5754,-40.600,-26.400,-40.600,0.0000,0.0000,0.0396,0.0000,0.0396,0.0000,1,
22.7003,186.2100,BASELINE_COLLECTION,STANCE,0.5860,-40.900,-32.800,-40.900,0.0000,0.0000,0.0492,0.0000,0.0492,0.0000,1,
22.7123,186.2200,BASELINE_COLLECTION,STANCE,0.5966,-41.300,-42.000,-41.300,0.0000,0.0000,0.0630,0.0000,0.0630,0.0000,1,
22.7203,186.2300,BASELINE_COLLECTION,STANCE,0.6072,-41.800,-54.500,-41.800,0.0000,0.0000,0.0818,0.0000,0.0818,0.0000,1,
22.7322,186.2400,BASELINE_COLLECTION,STANCE,0.6178,-42.400,-67.000,-42.400,0.0000,0.0000,0.1005,0.0000,0.1005,0.0000,1,
22.7403,186.2500,BASELINE_COLLECTION,STANCE,0.6285,-43.200,-76.800,-43.200,0.0000,0.0000,0.1152,0.0000,0.1152,0.0000,1,
22.7523,186.2700,BASELINE_COLLECTION,STANCE,0.6497,-44.900,-87.700,-44.900,0.0000,0.0000,0.1316,0.0000,0.1316,0.0000,1,
22.7723,186.2800,BASELINE_COLLECTION,STANCE,0.6603,-45.800,-90.500,-45.800,0.0000,0.0000,0.1358,0.0000,0.1358,0.0000,1,
22.7802,186.3000,BASELINE_COLLECTION,STANCE,0.6815,-47.500,-85.900,-47.500,0.0000,0.0000,0.1289,0.0000,0.1289,0.0000,1,
22.7924,186.3100,BASELINE_COLLECTION,STANCE,0.6921,-48.400,-81.900,-48.400,0.0000,0.0000,0.1229,0.0000,0.1229,0.0000,1,
22.8122,186.3300,BASELINE_COLLECTION,STANCE,0.7134,-49.800,-68.400,-49.800,0.0000,0.0000,0.1026,0.0000,0.1026,0.0000,1,
22.8281,186.3500,BASELINE_COLLECTION,STANCE,0.7346,-51.000,-54.800,-51.000,0.0000,0.0000,0.0822,0.0000,0.0822,0.0000,1,
22.8523,186.3600,BASELINE_COLLECTION,STANCE,0.7452,-51.500,-46.300,-51.500,0.0000,0.0000,0.0694,0.0000,0.0694,0.0000,1,
22.8603,186.3700,BASELINE_COLLECTION,STANCE,0.7558,-51.900,-39.100,-51.900,0.0000,0.0000,0.0587,0.0000,0.0587,0.0000,1,
22.8723,186.3800,BASELINE_COLLECTION,STANCE,0.7665,-52.300,-35.700,-52.300,0.0000,0.0000,0.0536,0.0000,0.0536,0.0000,1,
22.8803,186.3900,BASELINE_COLLECTION,STANCE,0.7771,-52.700,-35.800,-52.700,0.0000,0.0000,0.0537,0.0000,0.0537,0.0000,1,
22.8923,186.4000,BASELINE_COLLECTION,STANCE,0.7877,-53.000,-37.700,-53.000,0.0000,0.0000,0.0566,0.0000,0.0566,0.0000,1,
22.9003,186.4200,BASELINE_COLLECTION,STANCE,0.8089,-53.900,-43.200,-53.900,0.0000,0.0000,0.0648,0.0000,0.0648,0.0000,1,
22.9123,186.4300,BASELINE_COLLECTION,STANCE,0.8195,-54.300,-47.400,-54.300,0.0000,0.0000,0.0711,0.0000,0.0711,0.0000,1,
22.9202,186.4400,BASELINE_COLLECTION,STANCE,0.8301,-54.800,-54.100,-54.800,0.0000,0.0000,0.0811,0.0000,0.0811,0.0000,1,
22.9402,186.4500,BASELINE_COLLECTION,STANCE,0.8408,-55.400,-62.600,-55.400,0.0000,0.0000,0.0939,0.0000,0.0939,0.0000,1,
22.9523,186.4700,BASELINE_COLLECTION,STANCE,0.8620,-56.900,-83.100,-56.900,0.0000,0.0000,0.1246,0.0000,0.1246,0.0000,1,
22.9602,186.4800,BASELINE_COLLECTION,STANCE,0.8726,-57.900,-93.800,-57.900,0.0000,0.0000,0.1407,0.0000,0.1407,0.0000,1,
22.9802,186.4900,BASELINE_COLLECTION,STANCE,0.8832,-58.900,-104.900,-58.900,0.0000,0.0000,0.1574,0.0000,0.1574,0.0000,1,
22.9923,186.5100,BASELINE_COLLECTION,STANCE,0.9045,-61.200,-125.100,-61.200,0.0000,0.0000,0.1876,0.0000,0.1876,0.0000,1,
23.0003,186.5200,BASELINE_COLLECTION,STANCE,0.9151,-62.500,-132.300,-62.500,0.0000,0.0000,0.1985,0.0000,0.1985,0.0000,1,
23.0203,186.5300,BASELINE_COLLECTION,STANCE,0.9257,-63.900,-140.100,-63.900,0.0000,0.0000,0.2102,0.0000,0.2102,0.0000,1,
23.0324,186.5500,BASELINE_COLLECTION,STANCE,0.0000,-66.900,-156.400,-66.900,0.0000,0.0000,0.2346,0.0000,0.2346,0.0000,1,
23.0401,186.5600,BASELINE_COLLECTION,STANCE,0.0110,-68.500,-167.600,-68.500,0.0000,0.0000,0.2514,0.0000,0.2514,0.0000,1,
23.0482,186.5700,BASELINE_COLLECTION,STANCE,0.0219,-70.300,-180.200,-70.300,0.0000,0.0000,0.2703,0.0000,0.2703,0.0000,1,
23.0602,186.5800,BASELINE_COLLECTION,STANCE,0.0329,-72.200,-192.500,-72.200,0.0000,0.0000,0.2888,0.0000,0.2888,0.0000,1,
23.0722,186.5900,BASELINE_COLLECTION,STANCE,0.0439,-74.100,-204.600,-74.100,0.0000,0.0000,0.3069,0.0000,0.3069,0.0000,1,
23.0800,186.6000,BASELINE_COLLECTION,STANCE,0.0548,-76.300,-219.400,-76.300,0.0000,0.0000,0.3291,0.0000,0.3291,0.0000,1,
23.1002,186.6200,BASELINE_COLLECTION,STANCE,0.0768,-81.100,-248.400,-81.100,0.0000,0.0000,0.3726,0.0000,0.3726,0.0000,1,
23.1122,186.6300,BASELINE_COLLECTION,STANCE,0.0877,-83.700,-261.900,-83.700,0.0000,0.0000,0.3928,0.0000,0.3928,0.0000,1,
23.1202,186.6400,BASELINE_COLLECTION,STANCE,0.0987,-86.400,-277.100,-86.400,0.0000,0.0000,0.4157,0.0000,0.4157,0.0000,1,
23.1402,186.6500,BASELINE_COLLECTION,STANCE,0.1096,-89.300,-293.200,-89.300,0.0000,0.0000,0.4398,0.0000,0.4398,0.0000,1,
23.1522,186.6700,BASELINE_COLLECTION,STANCE,0.1316,-95.400,-315.300,-95.400,0.0000,0.0000,0.4730,0.0000,0.4730,0.0000,1,
23.1722,186.6800,BASELINE_COLLECTION,STANCE,0.1425,-98.700,-332.600,-98.700,0.0000,0.0000,0.4989,0.0000,0.4989,0.0000,1,
23.1802,186.7000,BASELINE_COLLECTION,STANCE,0.1645,-105.600,-361.900,-105.600,0.0000,0.0000,0.5428,0.0000,0.5428,0.0000,1,
23.2003,186.7100,BASELINE_COLLECTION,STANCE,0.1754,-109.400,-378.500,-109.400,0.0000,0.0000,0.5677,0.0000,0.5677,0.0000,1,
23.2122,186.7200,BASELINE_COLLECTION,STANCE,0.1864,-113.300,-386.900,-113.300,0.0000,0.0000,0.5804,0.0000,0.5804,0.0000,1,
23.2203,186.7300,BASELINE_COLLECTION,STANCE,0.1974,-117.200,-394.000,-117.200,0.0000,0.0000,0.5910,0.0000,0.5910,0.0000,1,
23.2322,186.7500,BASELINE_COLLECTION,STANCE,0.2193,-125.000,-385.600,-125.000,0.0000,0.0000,0.5784,0.0000,0.5784,0.0000,1,
23.2402,186.7600,BASELINE_COLLECTION,STANCE,0.2303,-128.600,-355.500,-128.600,0.0000,0.0000,0.5333,0.0000,0.5333,0.0000,1,
23.2523,186.7700,BASELINE_COLLECTION,STANCE,0.2412,-132.000,-316.600,-132.000,0.0000,0.0000,0.4749,0.0000,0.4749,0.0000,1,
23.2603,186.7800,BASELINE_COLLECTION,SWING,0.0033,-134.800,-278.100,-134.800,0.0103,0.0000,0.4172,0.0000,0.4172,0.0000,1,
23.2802,186.8000,BASELINE_COLLECTION,SWING,0.0362,-139.300,-185.900,-139.300,0.1134,0.0000,0.2788,0.0000,0.2788,0.0000,1,
23.3002,186.8200,BASELINE_COLLECTION,SWING,0.0691,-141.900,-94.100,-141.900,0.2153,0.0000,0.1411,0.0000,0.1411,0.0000,1,
23.3202,186.8300,BASELINE_COLLECTION,SWING,0.0855,-142.500,-49.600,-142.500,0.2655,0.0000,0.0744,0.0000,0.0744,0.0000,1,
23.3323,186.8500,BASELINE_COLLECTION,SWING,0.1184,-142.500,30.500,-142.500,0.3635,0.0000,-0.0457,0.0000,-0.0457,0.0000,0,
23.3523,186.8600,BASELINE_COLLECTION,SWING,0.1349,-142.000,56.500,-142.000,0.4111,0.0000,-0.0848,0.0000,-0.0848,0.0000,0,
23.3603,186.8700,BASELINE_COLLECTION,SWING,0.1513,-141.300,81.800,-141.300,0.4577,0.0000,-0.1227,0.0000,-0.1227,0.0000,0,
23.3722,186.8900,BASELINE_COLLECTION,SWING,0.1842,-139.000,132.800,-139.000,0.5469,0.0000,-0.1992,0.0000,-0.1992,0.0000,0,
23.3802,186.9000,BASELINE_COLLECTION,SWING,0.2007,-137.700,156.000,-137.700,0.5895,0.0000,-0.2340,0.0000,-0.2340,0.0000,0,
23.3922,186.9100,BASELINE_COLLECTION,SWING,0.2171,-135.800,183.400,-135.800,0.6304,0.0000,-0.2751,0.0000,-0.2751,0.0000,0,
23.4003,186.9200,BASELINE_COLLECTION,SWING,0.2336,-133.800,207.600,-133.800,0.6696,0.0000,-0.3114,0.0000,-0.3114,0.0000,0,
23.4201,186.9300,BASELINE_COLLECTION,SWING,0.2500,-131.700,227.900,-131.700,0.7071,0.0000,-0.3419,0.0000,-0.3419,0.0000,0,
23.4322,186.9500,BASELINE_COLLECTION,SWING,0.2829,-126.300,280.400,-126.300,0.7763,0.0000,-0.4206,0.0000,-0.4206,0.0000,0,
23.4523,186.9700,BASELINE_COLLECTION,SWING,0.3158,-120.200,322.500,-120.200,0.8372,0.0000,-0.4838,0.0000,-0.4838,0.0000,0,
23.4723,186.9800,BASELINE_COLLECTION,SWING,0.3322,-116.800,343.500,-116.800,0.8643,0.0000,-0.5152,0.0000,-0.5152,0.0000,0,
23.4803,187.0000,BASELINE_COLLECTION,SWING,0.3651,-111.000,380.200,-111.000,0.9116,0.0000,-0.5703,0.0000,-0.5703,0.0000,0,
23.4923,187.0100,BASELINE_COLLECTION,SWING,0.3816,-105.700,414.800,-105.700,0.9316,0.0000,-0.6222,0.0000,-0.6222,0.0000,0,
23.5003,187.0200,BASELINE_COLLECTION,SWING,0.3980,-101.400,434.300,-101.400,0.9491,0.0000,-0.6515,0.0000,-0.6515,0.0000,0,
23.5203,187.0400,BASELINE_COLLECTION,SWING,0.4309,-92.200,474.100,-92.200,0.9765,0.0000,-0.7112,0.0000,-0.7112,0.0000,0,
23.5323,187.0500,BASELINE_COLLECTION,SWING,0.4474,-87.300,500.100,-87.300,0.9864,0.0000,-0.7502,0.0000,-0.7502,0.0000,0,
23.5523,187.0600,BASELINE_COLLECTION,SWING,0.4638,-82.200,511.900,-82.200,0.9935,0.0000,-0.7679,0.0000,-0.7679,0.0000,0,
23.5603,187.0800,BASELINE_COLLECTION,SWING,0.4967,-71.700,542.800,-71.700,0.9999,0.0000,-0.8142,0.0000,-0.8142,0.0000,0,
23.5722,187.0900,BASELINE_COLLECTION,SWING,0.5132,-66.100,561.500,-66.100,0.9991,0.0000,-0.8423,0.0000,-0.8423,0.0000,0,
23.5804,187.1000,BASELINE_COLLECTION,SWING,0.5296,-60.300,579.500,-60.300,0.9957,0.0000,-0.8692,0.0000,-0.8692,0.0000,0,
23.6004,187.1100,BASELINE_COLLECTION,SWING,0.5461,-54.500,581.700,-54.500,0.9896,0.0000,-0.8726,0.0000,-0.8726,0.0000,0,
23.6123,187.1300,BASELINE_COLLECTION,SWING,0.5789,-42.800,577.600,-42.800,0.9694,0.0000,-0.8664,0.0000,-0.8664,0.0000,0,
23.6203,187.1400,BASELINE_COLLECTION,SWING,0.5954,-37.200,555.400,-37.200,0.9554,0.0000,-0.8331,0.0000,-0.8331,0.0000,0,
23.6403,187.1600,BASELINE_COLLECTION,SWING,0.6283,-27.500,417.600,-27.500,0.9199,0.0000,-0.6264,0.0000,-0.6264,0.0000,0,
23.6522,187.1700,BASELINE_COLLECTION,SWING,0.6447,-23.900,339.000,-23.900,0.8984,0.0000,-0.5085,0.0000,-0.5085,0.0000,0,
23.6723,187.1800,BASELINE_COLLECTION,SWING,0.6612,-21.100,251.400,-21.100,0.8745,0.0000,-0.3771,0.0000,-0.3771,0.0000,0,
23.6801,187.1900,BASELINE_COLLECTION,SWING,0.6776,-19.100,177.100,-19.100,0.8483,0.0000,-0.2656,0.0000,-0.2656,0.0000,0,
23.6923,187.2000,BASELINE_COLLECTION,SWING,0.6941,-17.700,123.800,-17.700,0.8198,0.0000,-0.1857,0.0000,-0.1857,0.0000,0,
23.7002,187.2200,BASELINE_COLLECTION,SWING,0.7270,-16.200,43.700,-16.200,0.7564,0.0000,-0.0656,0.0000,-0.0656,0.0000,0,
23.7203,187.2300,BASELINE_COLLECTION,SWING,0.7434,-16.000,10.500,-16.000,0.7216,0.0000,-0.0158,0.0000,-0.0158,0.0000,0,
23.7322,187.2400,BASELINE_COLLECTION,SWING,0.7599,-16.100,-6.200,-16.100,0.6848,0.0000,0.0093,0.0000,0.0093,0.0000,1,
23.7401,187.2600,BASELINE_COLLECTION,SWING,0.7928,-16.100,0.200,-16.100,0.6060,0.0000,-0.0003,0.0000,-0.0003,0.0000,0,
23.7603,187.2800,BASELINE_COLLECTION,SWING,0.8257,-16.100,-2.200,-16.100,0.5207,0.0000,0.0033,0.0000,0.0033,0.0000,1,
23.7722,187.2900,BASELINE_COLLECTION,SWING,0.8421,-16.200,-6.000,-16.200,0.4759,0.0000,0.0090,0.0000,0.0090,0.0000,1,
23.7803,187.3000,BASELINE_COLLECTION,SWING,0.8586,-16.300,-10.200,-16.300,0.4299,0.0000,0.0153,0.0000,0.0153,0.0000,1,
23.8002,187.3100,BASELINE_COLLECTION,SWING,0.8750,-16.400,-17.200,-16.400,0.3827,0.0000,0.0258,0.0000,0.0258,0.0000,1,
23.8122,187.3300,BASELINE_COLLECTION,SWING,0.9079,-17.000,-37.900,-17.000,0.2853,0.0000,0.0568,0.0000,0.0568,0.0000,1,
23.8203,187.3400,BASELINE_COLLECTION,SWING,0.9243,-17.500,-51.900,-17.500,0.2355,0.0000,0.0779,0.0000,0.0779,0.0000,1,
23.8403,187.3600,BASELINE_COLLECTION,SWING,0.9572,-19.000,-95.600,-19.000,0.1339,0.0000,0.1434,0.0000,0.1434,0.0000,1,
23.8522,187.3700,BASELINE_COLLECTION,SWING,0.9737,-20.200,-121.400,-20.200,0.0826,0.0000,0.1821,0.0000,0.1821,0.0000,1,
23.8723,187.3800,BASELINE_COLLECTION,SWING,0.9901,-21.500,-144.500,-21.500,0.0310,0.0000,0.2167,0.0000,0.2167,0.0000,1,
23.8803,187.4000,BASELINE_COLLECTION,STANCE,0.2654,-24.800,-170.800,-24.800,0.0000,0.0000,0.2562,0.0000,0.2562,0.0000,1,
23.9002,187.4100,BASELINE_COLLECTION,STANCE,0.2763,-26.500,-162.100,-26.500,0.0000,0.0000,0.2432,0.0000,0.2432,0.0000,1,
23.9123,187.4200,BASELINE_COLLECTION,STANCE,0.2873,-28.000,-143.800,-28.000,0.0000,0.0000,0.2157,0.0000,0.2157,0.0000,1,
23.9202,187.4300,BASELINE_COLLECTION,STANCE,0.2982,-29.300,-121.800,-29.300,0.0000,0.0000,0.1827,0.0000,0.1827,0.0000,1,
23.9323,187.4400,BASELINE_COLLECTION,STANCE,0.3092,-30.300,-99.700,-30.300,0.0000,0.0000,0.1496,0.0000,0.1496,0.0000,1,
23.9402,187.4600,BASELINE_COLLECTION,STANCE,0.3311,-31.800,-51.200,-31.800,0.0000,0.0000,0.0768,0.0000,0.0768,0.0000,1,
23.9602,187.4700,BASELINE_COLLECTION,STANCE,0.3421,-32.100,-29.900,-32.100,0.0000,0.0000,0.0449,0.0000,0.0449,0.0000,1,
23.9722,187.4900,BASELINE_COLLECTION,STANCE,0.3640,-32.400,-5.000,-32.400,0.0000,0.0000,0.0075,0.0000,0.0075,0.0000,1,
23.9802,187.5000,BASELINE_COLLECTION,STANCE,0.3750,-32.400,-3.300,-32.400,0.0000,0.0000,0.0049,0.0000,0.0049,0.0000,1,
23.9922,187.5100,BASELINE_COLLECTION,STANCE,0.3860,-32.500,-10.100,-32.500,0.0000,0.0000,0.0152,0.0000,0.0152,0.0000,1,
24.0003,187.5200,BASELINE_COLLECTION,STANCE,0.3969,-32.700,-26.000,-32.700,0.0000,0.0000,0.0390,0.0000,0.0390,0.0000,1,
24.0123,187.5300,BASELINE_COLLECTION,STANCE,0.4079,-33.100,-43.200,-33.100,0.0000,0.0000,0.0648,0.0000,0.0648,0.0000,1,
24.0323,187.5400,BASELINE_COLLECTION,STANCE,0.4189,-33.600,-63.000,-33.600,0.0000,0.0000,0.0945,0.0000,0.0945,0.0000,1,
24.0403,187.5600,BASELINE_COLLECTION,STANCE,0.4408,-35.400,-103.100,-35.400,0.0000,0.0000,0.1546,0.0000,0.1546,0.0000,1,
24.0603,187.5800,BASELINE_COLLECTION,STANCE,0.4627,-37.800,-125.100,-37.800,0.0000,0.0000,0.1876,0.0000,0.1876,0.0000,1,
24.0802,187.6000,BASELINE_COLLECTION,STANCE,0.4846,-40.300,-123.800,-40.300,0.0000,0.0000,0.1857,0.0000,0.1857,0.0000,1,
24.1002,187.6200,BASELINE_COLLECTION,STANCE,0.5066,-42.500,-98.800,-42.500,0.0000,0.0000,0.1482,0.0000,0.1482,0.0000,1,
24.1202,187.6300,BASELINE_COLLECTION,STANCE,0.5175,-43.400,-78.100,-43.400,0.0000,0.0000,0.1171,0.0000,0.1171,0.0000,1,
24.1322,187.6500,BASELINE_COLLECTION,STANCE,0.5395,-44.200,-19.400,-44.200,0.0000,0.0000,0.0291,0.0000,0.0291,0.0000,1,
24.1401,187.6600,BASELINE_COLLECTION,STANCE,0.5504,-44.200,8.400,-44.200,0.0000,0.0000,-0.0126,0.0000,-0.0126,0.0000,0,
24.1602,187.6700,BASELINE_COLLECTION,STANCE,0.5614,-44.000,20.400,-44.000,0.0000,0.0000,-0.0306,0.0000,-0.0306,0.0000,0,
24.1722,187.6800,BASELINE_COLLECTION,STANCE,0.5724,-43.800,28.500,-43.800,0.0000,0.0000,-0.0428,0.0000,-0.0428,0.0000,0,
24.1801,187.6900,BASELINE_COLLECTION,STANCE,0.5833,-43.400,38.100,-43.400,0.0000,0.0000,-0.0572,0.0000,-0.0572,0.0000,0,
24.1922,187.7000,BASELINE_COLLECTION,STANCE,0.5943,-43.000,46.800,-43.000,0.0000,0.0000,-0.0702,0.0000,-0.0702,0.0000,0,
24.2001,187.7200,BASELINE_COLLECTION,STANCE,0.6162,-42.100,41.500,-42.100,0.0000,0.0000,-0.0622,0.0000,-0.0622,0.0000,0,
24.2202,187.7300,BASELINE_COLLECTION,STANCE,0.6272,-41.700,28.600,-41.700,0.0000,0.0000,-0.0429,0.0000,-0.0429,0.0000,0,
24.2322,187.7400,BASELINE_COLLECTION,STANCE,0.6382,-41.600,9.800,-41.600,0.0000,0.0000,-0.0147,0.0000,-0.0147,0.0000,0,
24.2401,187.7500,BASELINE_COLLECTION,STANCE,0.6491,-41.600,-4.400,-41.600,0.0000,0.0000,0.0066,0.0000,0.0066,0.0000,1,
24.2522,187.7700,BASELINE_COLLECTION,STANCE,0.6711,-41.700,-12.300,-41.700,0.0000,0.0000,0.0185,0.0000,0.0185,0.0000,1,
24.2642,187.7800,BASELINE_COLLECTION,STANCE,0.6820,-41.900,-21.400,-41.900,0.0000,0.0000,0.0321,0.0000,0.0321,0.0000,1,
24.2723,187.7900,BASELINE_COLLECTION,STANCE,0.6930,-42.200,-27.300,-42.200,0.0000,0.0000,0.0410,0.0000,0.0410,0.0000,1,
24.2843,187.8000,BASELINE_COLLECTION,STANCE,0.7039,-42.500,-34.700,-42.500,0.0000,0.0000,0.0521,0.0000,0.0521,0.0000,1,
24.2922,187.8100,BASELINE_COLLECTION,STANCE,0.7149,-42.900,-42.500,-42.900,0.0000,0.0000,0.0638,0.0000,0.0638,0.0000,1,
24.3043,187.8200,BASELINE_COLLECTION,STANCE,0.7259,-43.400,-45.200,-43.400,0.0000,0.0000,0.0678,0.0000,0.0678,0.0000,1,
24.3123,187.8300,BASELINE_COLLECTION,STANCE,0.7368,-43.800,-44.100,-43.800,0.0000,0.0000,0.0662,0.0000,0.0662,0.0000,1,
24.3243,187.8400,BASELINE_COLLECTION,STANCE,0.7478,-44.200,-42.600,-44.200,0.0000,0.0000,0.0639,0.0000,0.0639,0.0000,1,
24.3323,187.8500,BASELINE_COLLECTION,STANCE,0.7588,-44.600,-39.400,-44.600,0.0000,0.0000,0.0591,0.0000,0.0591,0.0000,1,
24.3443,187.8600,BASELINE_COLLECTION,STANCE,0.7697,-45.000,-36.800,-45.000,0.0000,0.0000,0.0552,0.0000,0.0552,0.0000,1,
24.3523,187.8700,BASELINE_COLLECTION,STANCE,0.7807,-45.400,-31.000,-45.400,0.0000,0.0000,0.0465,0.0000,0.0465,0.0000,1,
24.3641,187.8800,BASELINE_COLLECTION,STANCE,0.7917,-45.600,-22.600,-45.600,0.0000,0.0000,0.0339,0.0000,0.0339,0.0000,1,
24.3722,187.8900,BASELINE_COLLECTION,STANCE,0.8026,-45.800,-14.500,-45.800,0.0000,0.0000,0.0218,0.0000,0.0218,0.0000,1,
24.3842,187.9000,BASELINE_COLLECTION,STANCE,0.8136,-45.900,-5.800,-45.900,0.0000,0.0000,0.0087,0.0000,0.0087,0.0000,1,
24.3923,187.9100,BASELINE_COLLECTION,STANCE,0.8246,-45.900,0.000,-45.900,0.0000,0.0000,0.0000,0.0000,0.0000,0.0000,0,
24.4043,187.9200,BASELINE_COLLECTION,STANCE,0.8355,-45.900,0.300,-45.900,0.0000,0.0000,-0.0004,0.0000,-0.0004,0.0000,0,
24.4123,187.9300,BASELINE_COLLECTION,STANCE,0.8465,-45.900,-0.100,-45.900,0.0000,0.0000,0.0002,0.0000,0.0002,0.0000,1,
24.4243,187.9400,BASELINE_COLLECTION,STANCE,0.8575,-45.900,-0.200,-45.900,0.0000,0.0000,0.0003,0.0000,0.0003,0.0000,1,
24.4323,187.9500,BASELINE_COLLECTION,STANCE,0.8684,-45.900,-0.300,-45.900,0.0000,0.0000,0.0004,0.0000,0.0004,0.0000,1,
24.4442,187.9600,BASELINE_COLLECTION,STANCE,0.8794,-45.900,-1.600,-45.900,0.0000,0.0000,0.0024,0.0000,0.0024,0.0000,1,
24.4522,187.9700,BASELINE_COLLECTION,STANCE,0.8904,-45.900,-2.700,-45.900,0.0000,0.0000,0.0041,0.0000,0.0041,0.0000,1,
24.4642,187.9800,BASELINE_COLLECTION,STANCE,0.9013,-45.900,-4.100,-45.900,0.0000,0.0000,0.0061,0.0000,0.0061,0.0000,1,
24.4723,187.9900,BASELINE_COLLECTION,STANCE,0.9123,-46.000,-4.800,-46.000,0.0000,0.0000,0.0072,0.0000,0.0072,0.0000,1,
24.4842,188.0000,BASELINE_COLLECTION,STANCE,0.9232,-46.000,-4.000,-46.000,0.0000,0.0000,0.0060,0.0000,0.0060,0.0000,1,
24.4923,188.0100,BASELINE_COLLECTION,STANCE,0.9342,-46.100,-5.300,-46.100,0.0000,0.0000,0.0080,0.0000,0.0080,0.0000,1,
24.5042,188.0200,BASELINE_COLLECTION,STANCE,0.9452,-46.200,-14.000,-46.200,0.0000,0.0000,0.0210,0.0000,0.0210,0.0000,1,
24.5123,188.0300,BASELINE_COLLECTION,STANCE,0.9561,-46.400,-24.400,-46.400,0.0000,0.0000,0.0366,0.0000,0.0366,0.0000,1,
24.5243,188.0400,BASELINE_COLLECTION,STANCE,0.9671,-46.700,-33.600,-46.700,0.0000,0.0000,0.0504,0.0000,0.0504,0.0000,1,
24.5323,188.0500,BASELINE_COLLECTION,STANCE,0.9781,-47.100,-42.500,-47.100,0.0000,0.0000,0.0638,0.0000,0.0638,0.0000,1,
24.5442,188.0600,BASELINE_COLLECTION,STANCE,0.9890,-47.600,-52.100,-47.600,0.0000,0.0000,0.0781,0.0000,0.0781,0.0000,1,
24.5523,188.0700,BASELINE_COLLECTION,STANCE,1.0000,-48.200,-62.900,-48.200,0.0000,0.0000,0.0944,0.0000,0.0944,0.0000,1,
24.5643,188.0800,BASELINE_COLLECTION,STANCE,1.0000,-48.900,-70.400,-48.900,0.0000,0.0000,0.1056,0.0000,0.1056,0.0000,1,
24.5723,188.0900,BASELINE_COLLECTION,STANCE,1.0000,-49.600,-79.100,-49.600,0.0000,0.0000,0.1186,0.0000,0.1186,0.0000,1,
24.5842,188.1000,BASELINE_COLLECTION,STANCE,1.0000,-50.500,-87.100,-50.500,0.0000,0.0000,0.1306,0.0000,0.1306,0.0000,1,
24.5922,188.1100,BASELINE_COLLECTION,STANCE,1.0000,-51.400,-94.600,-51.400,0.0000,0.0000,0.1419,0.0000,0.1419,0.0000,1,
24.6043,188.1200,BASELINE_COLLECTION,STANCE,1.0000,-52.400,-98.500,-52.400,0.0000,0.0000,0.1477,0.0000,0.1477,0.0000,1,
24.6123,188.1300,BASELINE_COLLECTION,STANCE,1.0000,-53.400,-104.500,-53.400,0.0000,0.0000,0.1568,0.0000,0.1568,0.0000,1,
24.6243,188.1400,BASELINE_COLLECTION,STANCE,1.0000,-54.500,-111.100,-54.500,0.0000,0.0000,0.1666,0.0000,0.1666,0.0000,1,
24.6323,188.1500,BASELINE_COLLECTION,STANCE,1.0000,-55.700,-118.700,-55.700,0.0000,0.0000,0.1781,0.0000,0.1781,0.0000,1,
24.6443,188.1600,BASELINE_COLLECTION,STANCE,1.0000,-56.900,-128.900,-56.900,0.0000,0.0000,0.1934,0.0000,0.1934,0.0000,1,
24.6522,188.1700,BASELINE_COLLECTION,STANCE,1.0000,-58.300,-141.400,-58.300,0.0000,0.0000,0.2121,0.0000,0.2121,0.0000,1,
24.6643,188.1800,BASELINE_COLLECTION,STANCE,1.0000,-59.800,-156.000,-59.800,0.0000,0.0000,0.2340,0.0000,0.2340,0.0000,1,
24.6723,188.1900,BASELINE_COLLECTION,STANCE,1.0000,-61.500,-170.100,-61.500,0.0000,0.0000,0.2551,0.0000,0.2551,0.0000,1,
24.6842,188.2000,BASELINE_COLLECTION,STANCE,1.0000,-63.300,-184.500,-63.300,0.0000,0.0000,0.2767,0.0000,0.2767,0.0000,1,
24.6923,188.2100,BASELINE_COLLECTION,STANCE,1.0000,-65.200,-201.200,-65.200,0.0000,0.0000,0.3018,0.0000,0.3018,0.0000,1,
24.7042,188.2200,BASELINE_COLLECTION,STANCE,1.0000,-67.400,-223.200,-67.400,0.0000,0.0000,0.3348,0.0000,0.3348,0.0000,1,
24.7123,188.2300,BASELINE_COLLECTION,STANCE,0.0000,-69.800,-250.700,-69.800,0.0000,0.0000,0.3760,0.0000,0.3760,0.0000,1,
24.7242,188.2400,BASELINE_COLLECTION,STANCE,0.0099,-72.500,-277.300,-72.500,0.0000,0.0000,0.4160,0.0000,0.4160,0.0000,1,
24.7322,188.2500,BASELINE_COLLECTION,STANCE,0.0198,-75.500,-300.900,-75.500,0.0000,0.0000,0.4513,0.0000,0.4513,0.0000,1,
24.7443,188.2600,BASELINE_COLLECTION,STANCE,0.0298,-78.600,-325.700,-78.600,0.0000,0.0000,0.4885,0.0000,0.4885,0.0000,1,
24.7523,188.2700,BASELINE_COLLECTION,STANCE,0.0397,-82.100,-351.200,-82.100,0.0000,0.0000,0.5268,0.0000,0.5268,0.0000,1,
24.7643,188.2800,BASELINE_COLLECTION,STANCE,0.0496,-85.800,-381.300,-85.800,0.0000,0.0000,0.5720,0.0000,0.5720,0.0000,1,
24.7723,188.2900,BASELINE_COLLECTION,STANCE,0.0595,-89.800,-411.200,-89.800,0.0000,0.0000,0.6168,0.0000,0.6168,0.0000,1,
24.7843,188.3000,BASELINE_COLLECTION,STANCE,0.0694,-94.000,-425.500,-94.000,0.0000,0.0000,0.6382,0.0000,0.6382,0.0000,1,
24.7923,188.3100,BASELINE_COLLECTION,STANCE,0.0794,-98.400,-443.700,-98.400,0.0000,0.0000,0.6655,0.0000,0.6655,0.0000,1,
24.8043,188.3200,BASELINE_COLLECTION,STANCE,0.0893,-102.900,-445.800,-102.900,0.0000,0.0000,0.6687,0.0000,0.6687,0.0000,1,
24.8123,188.3300,BASELINE_COLLECTION,STANCE,0.0992,-107.400,-450.600,-107.400,0.0000,0.0000,0.6759,0.0000,0.6759,0.0000,1,
24.8242,188.3400,BASELINE_COLLECTION,STANCE,0.1091,-111.900,-445.800,-111.900,0.0000,0.0000,0.6687,0.0000,0.6687,0.0000,1,
24.8321,188.3500,BASELINE_COLLECTION,STANCE,0.1190,-116.300,-440.100,-116.300,0.0000,0.0000,0.6602,0.0000,0.6602,0.0000,1,
24.8401,188.3600,BASELINE_COLLECTION,STANCE,0.1290,-120.600,-428.700,-120.600,0.0000,0.0000,0.6431,0.0000,0.6431,0.0000,1,
24.8522,188.3700,BASELINE_COLLECTION,STANCE,0.1389,-124.800,-414.400,-124.800,0.0000,0.0000,0.6216,0.0000,0.6216,0.0000,1,
24.8602,188.3800,BASELINE_COLLECTION,STANCE,0.1488,-128.700,-382.800,-128.700,0.0000,0.0000,0.5742,0.0000,0.5742,0.0000,1,
24.8723,188.3900,BASELINE_COLLECTION,STANCE,0.1587,-132.300,-347.900,-132.300,0.0000,0.0000,0.5218,0.0000,0.5218,0.0000,1,
24.8843,188.4000,BASELINE_COLLECTION,STANCE,0.1687,-135.600,-313.400,-135.600,0.0000,0.0000,0.4701,0.0000,0.4701,0.0000,1,
24.8923,188.4100,BASELINE_COLLECTION,STANCE,0.1786,-138.400,-268.900,-138.400,0.0000,0.0000,0.4033,0.0000,0.4033,0.0000,1,
24.9043,188.4200,BASELINE_COLLECTION,STANCE,0.1885,-140.700,-222.100,-140.700,0.0000,0.0000,0.3332,0.0000,0.3332,0.0000,1,
24.9123,188.4300,BASELINE_COLLECTION,STANCE,0.1984,-142.700,-177.100,-142.700,0.0000,0.0000,0.2656,0.0000,0.2656,0.0000,1,
24.9242,188.4400,BASELINE_COLLECTION,STANCE,0.2083,-144.100,-131.400,-144.100,0.0000,0.0000,0.1971,0.0000,0.1971,0.0000,1,
24.9323,188.4500,BASELINE_COLLECTION,STANCE,0.2183,-145.100,-83.800,-145.100,0.0000,0.0000,0.1257,0.0000,0.1257,0.0000,1,
24.9442,188.4600,BASELINE_COLLECTION,STANCE,0.2282,-145.600,-34.400,-145.600,0.0000,0.0000,0.0516,0.0000,0.0516,0.0000,1,
24.9523,188.4700,BASELINE_COLLECTION,STANCE,0.2381,-145.600,11.900,-145.600,0.0000,0.0000,-0.0179,0.0000,-0.0179,0.0000,0,
24.9642,188.4800,BASELINE_COLLECTION,STANCE,0.2480,-145.300,42.900,-145.300,0.0000,0.0000,-0.0644,0.0000,-0.0644,0.0000,0,
24.9722,188.4900,BASELINE_COLLECTION,SWING,0.0119,-144.700,70.000,-144.700,0.0374,0.0000,-0.1050,0.0000,-0.1050,0.0000,0,
24.9842,188.5000,BASELINE_COLLECTION,SWING,0.0268,-143.800,96.400,-143.800,0.0841,0.0000,-0.1446,0.0000,-0.1446,0.0000,0,
24.9923,188.5100,BASELINE_COLLECTION,SWING,0.0417,-142.700,122.300,-142.700,0.1305,0.0000,-0.1835,0.0000,-0.1835,0.0000,0,
25.0042,188.5200,BASELINE_COLLECTION,SWING,0.0565,-141.300,146.700,-141.300,0.1767,0.0000,-0.2200,0.0000,-0.2200,0.0000,0,
25.0123,188.5300,BASELINE_COLLECTION,SWING,0.0714,-139.600,171.200,-139.600,0.2225,0.0000,-0.2568,0.0000,-0.2568,0.0000,0,
25.0243,188.5400,BASELINE_COLLECTION,SWING,0.0863,-137.700,196.500,-137.700,0.2678,0.0000,-0.2948,0.0000,-0.2948,0.0000,0,
25.0323,188.5500,BASELINE_COLLECTION,SWING,0.1012,-135.600,220.700,-135.600,0.3126,0.0000,-0.3311,0.0000,-0.3311,0.0000,0,
25.0443,188.5600,BASELINE_COLLECTION,SWING,0.1161,-133.200,244.900,-133.200,0.3566,0.0000,-0.3674,0.0000,-0.3674,0.0000,0,
25.0523,188.5700,BASELINE_COLLECTION,SWING,0.1310,-130.600,265.000,-130.600,0.3999,0.0000,-0.3975,0.0000,-0.3975,0.0000,0,
25.0643,188.5800,BASELINE_COLLECTION,SWING,0.1458,-127.800,288.000,-127.800,0.4423,0.0000,-0.4320,0.0000,-0.4320,0.0000,0,
25.0723,188.5900,BASELINE_COLLECTION,SWING,0.1607,-124.700,314.000,-124.700,0.4837,0.0000,-0.4710,0.0000,-0.4710,0.0000,0,
25.0842,188.6000,BASELINE_COLLECTION,SWING,0.1756,-121.500,333.800,-121.500,0.5241,0.0000,-0.5007,0.0000,-0.5007,0.0000,0,
25.0922,188.6100,BASELINE_COLLECTION,SWING,0.1905,-118.000,353.700,-118.000,0.5633,0.0000,-0.5305,0.0000,-0.5305,0.0000,0,
25.1042,188.6200,BASELINE_COLLECTION,SWING,0.2054,-114.300,376.200,-114.300,0.6013,0.0000,-0.5643,0.0000,-0.5643,0.0000,0,
25.1123,188.6300,BASELINE_COLLECTION,SWING,0.2202,-110.400,398.200,-110.400,0.6380,0.0000,-0.5973,0.0000,-0.5973,0.0000,0,
25.1242,188.6400,BASELINE_COLLECTION,SWING,0.2351,-106.200,425.000,-106.200,0.6733,0.0000,-0.6375,0.0000,-0.6375,0.0000,0,
25.1362,188.6500,BASELINE_COLLECTION,SWING,0.2500,-101.800,443.700,-101.800,0.7071,0.0000,-0.6655,0.0000,-0.6655,0.0000,0,
25.1442,188.6600,BASELINE_COLLECTION,SWING,0.2649,-97.200,469.000,-97.200,0.7394,0.0000,-0.7035,0.0000,-0.7035,0.0000,0,
25.1563,188.6700,BASELINE_COLLECTION,SWING,0.2798,-92.400,481.800,-92.400,0.7700,0.0000,-0.7227,0.0000,-0.7227,0.0000,0,
25.1643,188.6800,BASELINE_COLLECTION,SWING,0.2946,-87.500,505.100,-87.500,0.7990,0.0000,-0.7577,0.0000,-0.7577,0.0000,0,
25.1763,188.6900,BASELINE_COLLECTION,SWING,0.3095,-82.300,516.500,-82.300,0.8262,0.0000,-0.7748,0.0000,-0.7748,0.0000,0,
25.1842,188.7000,BASELINE_COLLECTION,SWING,0.3244,-77.100,530.700,-77.100,0.8517,0.0000,-0.7961,0.0000,-0.7961,0.0000,0,
25.1963,188.7100,BASELINE_COLLECTION,SWING,0.3393,-71.600,552.400,-71.600,0.8752,0.0000,-0.8286,0.0000,-0.8286,0.0000,0,
25.2043,188.7200,BASELINE_COLLECTION,SWING,0.3542,-66.000,566.900,-66.000,0.8969,0.0000,-0.8503,0.0000,-0.8503,0.0000,0,
25.2163,188.7300,BASELINE_COLLECTION,SWING,0.3690,-60.200,581.300,-60.200,0.9166,0.0000,-0.8720,0.0000,-0.8720,0.0000,0,
25.2242,188.7400,BASELINE_COLLECTION,SWING,0.3839,-54.400,581.100,-54.400,0.9342,0.0000,-0.8717,0.0000,-0.8717,0.0000,0,
25.2363,188.7500,BASELINE_COLLECTION,SWING,0.3988,-48.600,579.800,-48.600,0.9499,0.0000,-0.8697,0.0000,-0.8697,0.0000,0,
25.2443,188.7600,BASELINE_COLLECTION,SWING,0.4137,-43.000,549.800,-43.000,0.9635,0.0000,-0.8247,0.0000,-0.8247,0.0000,0,
25.2562,188.7700,BASELINE_COLLECTION,SWING,0.4286,-37.800,500.200,-37.800,0.9749,0.0000,-0.7503,0.0000,-0.7503,0.0000,0,
25.2642,188.7800,BASELINE_COLLECTION,SWING,0.4435,-33.200,433.700,-33.200,0.9843,0.0000,-0.6505,0.0000,-0.6505,0.0000,0,
25.2763,188.7900,BASELINE_COLLECTION,SWING,0.4583,-29.400,359.700,-29.400,0.9914,0.0000,-0.5395,0.0000,-0.5395,0.0000,0,
25.2842,188.8000,BASELINE_COLLECTION,SWING,0.4732,-26.300,296.600,-26.300,0.9965,0.0000,-0.4449,0.0000,-0.4449,0.0000,0,
25.2963,188.8100,BASELINE_COLLECTION,SWING,0.4881,-23.700,237.900,-23.700,0.9993,0.0000,-0.3569,0.0000,-0.3569,0.0000,0,
25.3043,188.8200,BASELINE_COLLECTION,SWING,0.5030,-21.700,190.100,-21.700,1.0000,0.0000,-0.2852,0.0000,-0.2852,0.0000,0,
25.3163,188.8300,BASELINE_COLLECTION,SWING,0.5179,-20.000,152.100,-20.000,0.9984,0.0000,-0.2281,0.0000,-0.2281,0.0000,0,
25.3243,188.8400,BASELINE_COLLECTION,SWING,0.5327,-18.700,123.200,-18.700,0.9947,0.0000,-0.1848,0.0000,-0.1848,0.0000,0,
25.3362,188.8500,BASELINE_COLLECTION,SWING,0.5476,-17.600,100.300,-17.600,0.9888,0.0000,-0.1505,0.0000,-0.1505,0.0000,0,
25.3442,188.8600,BASELINE_COLLECTION,SWING,0.5625,-16.800,82.600,-16.800,0.9808,0.0000,-0.1239,0.0000,-0.1239,0.0000,0,
25.3562,188.8700,BASELINE_COLLECTION,SWING,0.5774,-16.100,65.300,-16.100,0.9706,0.0000,-0.0979,0.0000,-0.0979,0.0000,0,
25.3640,188.8800,BASELINE_COLLECTION,SWING,0.5923,-15.500,49.000,-15.500,0.9583,0.0000,-0.0735,0.0000,-0.0735,0.0000,0,
25.3762,188.8900,BASELINE_COLLECTION,SWING,0.6071,-15.100,39.300,-15.100,0.9439,0.0000,-0.0589,0.0000,-0.0589,0.0000,0,
25.3842,188.9000,BASELINE_COLLECTION,SWING,0.6220,-14.700,35.200,-14.700,0.9274,0.0000,-0.0528,0.0000,-0.0528,0.0000,0,
25.3963,188.9100,BASELINE_COLLECTION,SWING,0.6369,-14.400,30.500,-14.400,0.9089,0.0000,-0.0457,0.0000,-0.0457,0.0000,0,
25.4042,188.9200,BASELINE_COLLECTION,SWING,0.6518,-14.200,20.900,-14.200,0.8884,0.0000,-0.0313,0.0000,-0.0313,0.0000,0,
25.4163,188.9300,BASELINE_COLLECTION,SWING,0.6667,-14.100,7.400,-14.100,0.8660,0.0000,-0.0111,0.0000,-0.0111,0.0000,0,
25.4243,188.9400,BASELINE_COLLECTION,SWING,0.6815,-14.100,-1.400,-14.100,0.8417,0.0000,0.0021,0.0000,0.0021,0.0000,1,
25.4363,188.9500,BASELINE_COLLECTION,SWING,0.6964,-14.100,-0.600,-14.100,0.8156,0.0000,0.0009,0.0000,0.0009,0.0000,1,
25.4442,188.9600,BASELINE_COLLECTION,SWING,0.7113,-14.100,-1.700,-14.100,0.7876,0.0000,0.0026,0.0000,0.0026,0.0000,1,
25.4562,188.9700,BASELINE_COLLECTION,SWING,0.7262,-14.100,-6.800,-14.100,0.7580,0.0000,0.0102,0.0000,0.0102,0.0000,1,
25.4643,188.9800,BASELINE_COLLECTION,SWING,0.7411,-14.200,-14.400,-14.200,0.7267,0.0000,0.0216,0.0000,0.0216,0.0000,1,
25.4763,188.9900,BASELINE_COLLECTION,SWING,0.7560,-14.400,-20.300,-14.400,0.6938,0.0000,0.0305,0.0000,0.0305,0.0000,1,
25.4842,189.0000,BASELINE_COLLECTION,SWING,0.7708,-14.500,-23.000,-14.500,0.6593,0.0000,0.0345,0.0000,0.0345,0.0000,1,
25.4963,189.0100,BASELINE_COLLECTION,SWING,0.7857,-15.000,-39.700,-15.000,0.6235,0.0000,0.0596,0.0000,0.0596,0.0000,1,
25.5042,189.0200,BASELINE_COLLECTION,SWING,0.8006,-15.500,-57.300,-15.500,0.5863,0.0000,0.0859,0.0000,0.0859,0.0000,1,
25.5162,189.0300,BASELINE_COLLECTION,SWING,0.8155,-16.300,-79.200,-16.300,0.5478,0.0000,0.1188,0.0000,0.1188,0.0000,1,
25.5242,189.0400,BASELINE_COLLECTION,SWING,0.8304,-17.200,-103.200,-17.200,0.5081,0.0000,0.1548,0.0000,0.1548,0.0000,1,
25.5362,189.0500,BASELINE_COLLECTION,SWING,0.8452,-18.400,-129.900,-18.400,0.4673,0.0000,0.1949,0.0000,0.1949,0.0000,1,
25.5442,189.0600,BASELINE_COLLECTION,SWING,0.8601,-19.900,-152.500,-19.900,0.4254,0.0000,0.2288,0.0000,0.2288,0.0000,1,
25.5562,189.0700,BASELINE_COLLECTION,SWING,0.8750,-21.500,-166.700,-21.500,0.3827,0.0000,0.2500,0.0000,0.2500,0.0000,1,
25.5643,189.0800,BASELINE_COLLECTION,SWING,0.8899,-23.200,-172.000,-23.200,0.3391,0.0000,0.2580,0.0000,0.2580,0.0000,1,
25.5762,189.0900,BASELINE_COLLECTION,SWING,0.9048,-24.900,-167.900,-24.900,0.2948,0.0000,0.2519,0.0000,0.2519,0.0000,1,
25.5843,189.1000,BASELINE_COLLECTION,SWING,0.9196,-26.500,-153.900,-26.500,0.2498,0.0000,0.2308,0.0000,0.2308,0.0000,1,
25.5963,189.1100,BASELINE_COLLECTION,SWING,0.9345,-27.900,-133.100,-27.900,0.2043,0.0000,0.1996,0.0000,0.1996,0.0000,1,
25.6042,189.1200,BASELINE_COLLECTION,SWING,0.9494,-29.100,-107.300,-29.100,0.1583,0.0000,0.1610,0.0000,0.1610,0.0000,1,
25.6162,189.1300,BASELINE_COLLECTION,SWING,0.9643,-30.000,-82.800,-30.000,0.1120,0.0000,0.1242,0.0000,0.1242,0.0000,1,
25.6242,189.1400,BASELINE_COLLECTION,SWING,0.9792,-30.600,-52.800,-30.600,0.0654,0.0000,0.0792,0.0000,0.0792,0.0000,1,
25.6362,189.1500,BASELINE_COLLECTION,SWING,0.9940,-30.900,-25.000,-30.900,0.0187,0.0000,0.0375,0.0000,0.0375,0.0000,1,
25.6443,189.1600,BASELINE_COLLECTION,STANCE,0.2560,-31.100,-6.400,-31.100,0.0000,0.0000,0.0096,0.0000,0.0096,0.0000,1,
25.6563,189.1700,BASELINE_COLLECTION,STANCE,0.2659,-31.000,2.200,-31.000,0.0000,0.0000,-0.0033,0.0000,-0.0033,0.0000,0,
25.6642,189.1800,BASELINE_COLLECTION,STANCE,0.2758,-31.000,-2.000,-31.000,0.0000,0.0000,0.0030,0.0000,0.0030,0.0000,1,
25.6763,189.1900,BASELINE_COLLECTION,STANCE,0.2857,-31.100,-5.500,-31.100,0.0000,0.0000,0.0083,0.0000,0.0083,0.0000,1,
25.6842,189.2000,BASELINE_COLLECTION,STANCE,0.2956,-31.200,-10.100,-31.200,0.0000,0.0000,0.0152,0.0000,0.0152,0.0000,1,
25.6962,189.2100,BASELINE_COLLECTION,STANCE,0.3056,-31.400,-22.800,-31.400,0.0000,0.0000,0.0342,0.0000,0.0342,0.0000,1,
25.7042,189.2200,BASELINE_COLLECTION,STANCE,0.3155,-31.700,-38.800,-31.700,0.0000,0.0000,0.0582,0.0000,0.0582,0.0000,1,
25.7164,189.2300,BASELINE_COLLECTION,STANCE,0.3254,-32.200,-59.200,-32.200,0.0000,0.0000,0.0888,0.0000,0.0888,0.0000,1,
25.7243,189.2400,BASELINE_COLLECTION,STANCE,0.3353,-32.900,-75.900,-32.900,0.0000,0.0000,0.1139,0.0000,0.1139,0.0000,1,
25.7363,189.2500,BASELINE_COLLECTION,STANCE,0.3452,-33.800,-88.300,-33.800,0.0000,0.0000,0.1325,0.0000,0.1325,0.0000,1,
25.7443,189.2600,BASELINE_COLLECTION,STANCE,0.3552,-34.700,-99.300,-34.700,0.0000,0.0000,0.1489,0.0000,0.1489,0.0000,1,
25.7563,189.2700,BASELINE_COLLECTION,STANCE,0.3651,-35.800,-105.300,-35.800,0.0000,0.0000,0.1580,0.0000,0.1580,0.0000,1,
25.7643,189.2800,BASELINE_COLLECTION,STANCE,0.3750,-36.800,-103.900,-36.800,0.0000,0.0000,0.1559,0.0000,0.1559,0.0000,1,
25.7763,189.2900,BASELINE_COLLECTION,STANCE,0.3849,-37.800,-98.900,-37.800,0.0000,0.0000,0.1484,0.0000,0.1484,0.0000,1,
25.7843,189.3000,BASELINE_COLLECTION,STANCE,0.3948,-38.800,-87.400,-38.800,0.0000,0.0000,0.1311,0.0000,0.1311,0.0000,1,
25.7964,189.3100,BASELINE_COLLECTION,STANCE,0.4048,-39.500,-71.900,-39.500,0.0000,0.0000,0.1079,0.0000,0.1079,0.0000,1,
25.8043,189.3200,BASELINE_COLLECTION,STANCE,0.4147,-40.100,-54.300,-40.100,0.0000,0.0000,0.0814,0.0000,0.0814,0.0000,1,
25.8163,189.3300,BASELINE_COLLECTION,STANCE,0.4246,-40.500,-30.300,-40.500,0.0000,0.0000,0.0455,0.0000,0.0455,0.0000,1,
25.8243,189.3400,BASELINE_COLLECTION,STANCE,0.4345,-40.600,-4.100,-40.600,0.0000,0.0000,0.0061,0.0000,0.0061,0.0000,1,
25.8363,189.3500,BASELINE_COLLECTION,STANCE,0.4444,-40.600,11.400,-40.600,0.0000,0.0000,-0.0171,0.0000,-0.0171,0.0000,0,
25.8442,189.3600,BASELINE_COLLECTION,STANCE,0.4544,-40.400,15.800,-40.400,0.0000,0.0000,-0.0237,0.0000,-0.0237,0.0000,0,
25.8564,189.3700,BASELINE_COLLECTION,STANCE,0.4643,-40.200,21.200,-40.200,0.0000,0.0000,-0.0318,0.0000,-0.0318,0.0000,0,
25.8643,189.3800,BASELINE_COLLECTION,STANCE,0.4742,-40.000,22.600,-40.000,0.0000,0.0000,-0.0339,0.0000,-0.0339,0.0000,0,
25.8763,189.3900,BASELINE_COLLECTION,STANCE,0.4841,-39.700,27.600,-39.700,0.0000,0.0000,-0.0414,0.0000,-0.0414,0.0000,0,
25.8843,189.4000,BASELINE_COLLECTION,STANCE,0.4940,-39.500,25.000,-39.500,0.0000,0.0000,-0.0375,0.0000,-0.0375,0.0000,0,
25.8964,189.4100,BASELINE_COLLECTION,STANCE,0.5040,-39.200,22.100,-39.200,0.0000,0.0000,-0.0332,0.0000,-0.0332,0.0000,0,
25.9043,189.4200,BASELINE_COLLECTION,STANCE,0.5139,-39.100,12.700,-39.100,0.0000,0.0000,-0.0191,0.0000,-0.0191,0.0000,0,
25.9163,189.4300,BASELINE_COLLECTION,STANCE,0.5238,-39.000,2.000,-39.000,0.0000,0.0000,-0.0030,0.0000,-0.0030,0.0000,0,
25.9243,189.4400,BASELINE_COLLECTION,STANCE,0.5337,-39.000,-3.300,-39.000,0.0000,0.0000,0.0049,0.0000,0.0049,0.0000,1,
25.9363,189.4500,BASELINE_COLLECTION,STANCE,0.5437,-39.100,-5.300,-39.100,0.0000,0.0000,0.0080,0.0000,0.0080,0.0000,1,
25.9444,189.4600,BASELINE_COLLECTION,STANCE,0.5536,-39.200,-14.700,-39.200,0.0000,0.0000,0.0221,0.0000,0.0221,0.0000,1,
25.9563,189.4700,BASELINE_COLLECTION,STANCE,0.5635,-39.400,-27.100,-39.400,0.0000,0.0000,0.0407,0.0000,0.0407,0.0000,1,
25.9643,189.4800,BASELINE_COLLECTION,STANCE,0.5734,-39.800,-42.500,-39.800,0.0000,0.0000,0.0638,0.0000,0.0638,0.0000,1,
25.9763,189.4900,BASELINE_COLLECTION,STANCE,0.5833,-40.300,-59.600,-40.300,0.0000,0.0000,0.0894,0.0000,0.0894,0.0000,1,
25.9843,189.5000,BASELINE_COLLECTION,STANCE,0.5933,-41.000,-74.400,-41.000,0.0000,0.0000,0.1116,0.0000,0.1116,0.0000,1,
25.9962,189.5100,BASELINE_COLLECTION,STANCE,0.6032,-41.900,-92.100,-41.900,0.0000,0.0000,0.1381,0.0000,0.1381,0.0000,1,
26.0043,189.5200,BASELINE_COLLECTION,STANCE,0.6131,-43.000,-109.300,-43.000,0.0000,0.0000,0.1640,0.0000,0.1640,0.0000,1,
26.0163,189.5300,BASELINE_COLLECTION,STANCE,0.6230,-44.100,-122.500,-44.100,0.0000,0.0000,0.1837,0.0000,0.1837,0.0000,1,
26.0243,189.5400,BASELINE_COLLECTION,STANCE,0.6329,-45.400,-131.300,-45.400,0.0000,0.0000,0.1970,0.0000,0.1970,0.0000,1,
26.0363,189.5500,BASELINE_COLLECTION,STANCE,0.6429,-46.800,-134.800,-46.800,0.0000,0.0000,0.2022,0.0000,0.2022,0.0000,1,
26.0443,189.5600,BASELINE_COLLECTION,STANCE,0.6528,-48.100,-134.700,-48.100,0.0000,0.0000,0.2020,0.0000,0.2020,0.0000,1,
26.0563,189.5700,BASELINE_COLLECTION,STANCE,0.6627,-49.400,-129.500,-49.400,0.0000,0.0000,0.1943,0.0000,0.1943,0.0000,1,
26.0644,189.5800,BASELINE_COLLECTION,STANCE,0.6726,-50.700,-121.000,-50.700,0.0000,0.0000,0.1815,0.0000,0.1815,0.0000,1,
26.0764,189.5900,BASELINE_COLLECTION,STANCE,0.6825,-51.800,-108.700,-51.800,0.0000,0.0000,0.1631,0.0000,0.1631,0.0000,1,
26.0844,189.6000,BASELINE_COLLECTION,STANCE,0.6925,-52.800,-94.000,-52.800,0.0000,0.0000,0.1410,0.0000,0.1410,0.0000,1,
26.0963,189.6100,BASELINE_COLLECTION,STANCE,0.7024,-53.600,-77.600,-53.600,0.0000,0.0000,0.1164,0.0000,0.1164,0.0000,1,
26.1044,189.6200,BASELINE_COLLECTION,STANCE,0.7123,-54.300,-59.000,-54.300,0.0000,0.0000,0.0885,0.0000,0.0885,0.0000,1,
26.1163,189.6300,BASELINE_COLLECTION,STANCE,0.7222,-54.700,-42.600,-54.700,0.0000,0.0000,0.0639,0.0000,0.0639,0.0000,1,
26.1244,189.6400,BASELINE_COLLECTION,STANCE,0.7321,-55.100,-27.800,-55.100,0.0000,0.0000,0.0417,0.0000,0.0417,0.0000,1,
26.1362,189.6500,BASELINE_COLLECTION,STANCE,0.7421,-55.300,-15.400,-55.300,0.0000,0.0000,0.0231,0.0000,0.0231,0.0000,1,
26.1442,189.6600,BASELINE_COLLECTION,STANCE,0.7520,-55.300,-2.400,-55.300,0.0000,0.0000,0.0036,0.0000,0.0036,0.0000,1,
26.1563,189.6700,BASELINE_COLLECTION,STANCE,0.7619,-55.300,3.300,-55.300,0.0000,0.0000,-0.0049,0.0000,-0.0049,0.0000,0,
26.1643,189.6800,BASELINE_COLLECTION,STANCE,0.7718,-55.300,-0.800,-55.300,0.0000,0.0000,0.0012,0.0000,0.0012,0.0000,1,
26.1764,189.6900,BASELINE_COLLECTION,STANCE,0.7817,-55.300,-2.000,-55.300,0.0000,0.0000,0.0030,0.0000,0.0030,0.0000,1,
26.1844,189.7000,BASELINE_COLLECTION,STANCE,0.7917,-55.300,-2.300,-55.300,0.0000,0.0000,0.0034,0.0000,0.0034,0.0000,1,
26.1964,189.7100,BASELINE_COLLECTION,STANCE,0.8016,-55.400,-8.200,-55.400,0.0000,0.0000,0.0123,0.0000,0.0123,0.0000,1,
26.2041,189.7200,BASELINE_COLLECTION,STANCE,0.8115,-55.500,-18.000,-55.500,0.0000,0.0000,0.0270,0.0000,0.0270,0.0000,1,
26.2163,189.7300,BASELINE_COLLECTION,STANCE,0.8214,-55.800,-29.100,-55.800,0.0000,0.0000,0.0437,0.0000,0.0437,0.0000,1,
26.2243,189.7400,BASELINE_COLLECTION,STANCE,0.8313,-56.200,-37.300,-56.200,0.0000,0.0000,0.0559,0.0000,0.0559,0.0000,1,
26.2363,189.7500,BASELINE_COLLECTION,STANCE,0.8413,-56.600,-42.500,-56.600,0.0000,0.0000,0.0638,0.0000,0.0638,0.0000,1,
26.2443,189.7600,BASELINE_COLLECTION,STANCE,0.8512,-57.000,-49.300,-57.000,0.0000,0.0000,0.0740,0.0000,0.0740,0.0000,1,
26.2563,189.7700,BASELINE_COLLECTION,STANCE,0.8611,-57.600,-57.400,-57.600,0.0000,0.0000,0.0861,0.0000,0.0861,0.0000,1,
26.2643,189.7800,BASELINE_COLLECTION,STANCE,0.8710,-58.200,-65.700,-58.200,0.0000,0.0000,0.0986,0.0000,0.0986,0.0000,1,
26.2764,189.7900,BASELINE_COLLECTION,STANCE,0.8810,-58.900,-74.300,-58.900,0.0000,0.0000,0.1114,0.0000,0.1114,0.0000,1,
26.2844,189.8000,BASELINE_COLLECTION,STANCE,0.8909,-59.700,-81.800,-59.700,0.0000,0.0000,0.1227,0.0000,0.1227,0.0000,1,
26.2962,189.8100,BASELINE_COLLECTION,STANCE,0.9008,-60.600,-92.000,-60.600,0.0000,0.0000,0.1380,0.0000,0.1380,0.0000,1,
26.3042,189.8200,BASELINE_COLLECTION,STANCE,0.9107,-61.600,-102.500,-61.600,0.0000,0.0000,0.1537,0.0000,0.1537,0.0000,1,
26.3162,189.8300,BASELINE_COLLECTION,STANCE,0.9206,-62.700,-111.200,-62.700,0.0000,0.0000,0.1668,0.0000,0.1668,0.0000,1,
26.3243,189.8400,BASELINE_COLLECTION,STANCE,0.9306,-63.900,-121.200,-63.900,0.0000,0.0000,0.1818,0.0000,0.1818,0.0000,1,
26.3363,189.8500,BASELINE_COLLECTION,STANCE,0.9405,-65.100,-128.400,-65.100,0.0000,0.0000,0.1926,0.0000,0.1926,0.0000,1,
26.3441,189.8600,BASELINE_COLLECTION,STANCE,0.9504,-66.500,-136.300,-66.500,0.0000,0.0000,0.2045,0.0000,0.2045,0.0000,1,
26.3563,189.8700,BASELINE_COLLECTION,STANCE,0.9603,-67.900,-146.800,-67.900,0.0000,0.0000,0.2202,0.0000,0.2202,0.0000,1,
26.3641,189.8800,BASELINE_COLLECTION,STANCE,0.9702,-69.400,-157.300,-69.400,0.0000,0.0000,0.2360,0.0000,0.2360,0.0000,1,
26.3763,189.8900,BASELINE_COLLECTION,STANCE,0.0000,-71.100,-168.800,-71.100,0.0000,0.0000,0.2532,0.0000,0.2532,0.0000,1,
26.3842,189.9000,BASELINE_COLLECTION,STANCE,0.0100,-72.900,-180.700,-72.900,0.0000,0.0000,0.2711,0.0000,0.2711,0.0000,1,
26.3962,189.9100,BASELINE_COLLECTION,STANCE,0.0201,-74.700,-192.400,-74.700,0.0000,0.0000,0.2886,0.0000,0.2886,0.0000,1,
26.4043,189.9200,BASELINE_COLLECTION,STANCE,0.0301,-76.800,-207.700,-76.800,0.0000,0.0000,0.3115,0.0000,0.3115,0.0000,1,
26.4162,189.9300,BASELINE_COLLECTION,STANCE,0.0402,-79.000,-221.800,-79.000,0.0000,0.0000,0.3327,0.0000,0.3327,0.0000,1,
26.4243,189.9400,BASELINE_COLLECTION,STANCE,0.0502,-81.300,-235.100,-81.300,0.0000,0.0000,0.3527,0.0000,0.3527,0.0000,1,
26.4363,189.9500,BASELINE_COLLECTION,STANCE,0.0602,-83.700,-248.500,-83.700,0.0000,0.0000,0.3728,0.0000,0.3728,0.0000,1,
26.4442,189.9600,BASELINE_COLLECTION,STANCE,0.0703,-86.300,-265.300,-86.300,0.0000,0.0000,0.3980,0.0000,0.3980,0.0000,1,
26.4563,189.9700,BASELINE_COLLECTION,STANCE,0.0803,-89.100,-282.500,-89.100,0.0000,0.0000,0.4238,0.0000,0.4238,0.0000,1,
26.4642,189.9800,BASELINE_COLLECTION,STANCE,0.0904,-92.100,-296.800,-92.100,0.0000,0.0000,0.4452,0.0000,0.4452,0.0000,1,
26.4762,189.9900,BASELINE_COLLECTION,STANCE,0.1004,-95.100,-312.800,-95.100,0.0000,0.0000,0.4692,0.0000,0.4692,0.0000,1,
26.4841,190.0000,BASELINE_COLLECTION,STANCE,0.1104,-96.800,-322.900,-96.800,0.0000,0.0000,0.4844,0.0000,0.4844,0.0000,1,
26.4964,190.0100,BASELINE_COLLECTION,STANCE,0.1205,-101.800,-345.000,-101.800,0.0000,0.0000,0.5175,0.0000,0.5175,0.0000,1,
26.5043,190.0200,BASELINE_COLLECTION,STANCE,0.1305,-105.400,-357.200,-105.400,0.0000,0.0000,0.5358,0.0000,0.5358,0.0000,1,
26.5164,190.0300,BASELINE_COLLECTION,STANCE,0.1406,-109.000,-367.800,-109.000,0.0000,0.0000,0.5517,0.0000,0.5517,0.0000,1,
26.5242,190.0400,BASELINE_COLLECTION,STANCE,0.1506,-112.700,-368.300,-112.700,0.0000,0.0000,0.5524,0.0000,0.5524,0.0000,1,
26.5364,190.0500,BASELINE_COLLECTION,STANCE,0.1606,-116.400,-369.500,-116.400,0.0000,0.0000,0.5543,0.0000,0.5543,0.0000,1,
26.5442,190.0600,BASELINE_COLLECTION,STANCE,0.1707,-120.100,-363.800,-120.100,0.0000,0.0000,0.5457,0.0000,0.5457,0.0000,1,
26.5563,190.0700,BASELINE_COLLECTION,STANCE,0.1807,-123.700,-356.700,-123.700,0.0000,0.0000,0.5351,0.0000,0.5351,0.0000,1,
26.5683,190.0800,BASELINE_COLLECTION,STANCE,0.1908,-127.100,-338.800,-127.100,0.0000,0.0000,0.5082,0.0000,0.5082,0.0000,1,
26.5764,190.0900,BASELINE_COLLECTION,STANCE,0.2008,-130.300,-306.800,-130.300,0.0000,0.0000,0.4602,0.0000,0.4602,0.0000,1,
26.5884,190.1000,BASELINE_COLLECTION,STANCE,0.2108,-133.100,-272.300,-133.100,0.0000,0.0000,0.4085,0.0000,0.4085,0.0000,1,
26.5963,190.1100,BASELINE_COLLECTION,STANCE,0.2209,-135.600,-232.700,-135.600,0.0000,0.0000,0.3490,0.0000,0.3490,0.0000,1,
26.6084,190.1200,BASELINE_COLLECTION,STANCE,0.2309,-137.600,-189.300,-137.600,0.0000,0.0000,0.2840,0.0000,0.2840,0.0000,1,
26.6163,190.1300,BASELINE_COLLECTION,STANCE,0.2410,-139.200,-143.500,-139.200,0.0000,0.0000,0.2152,0.0000,0.2152,0.0000,1,
26.6283,190.1400,BASELINE_COLLECTION,SWING,0.0015,-140.300,-99.800,-140.300,0.0047,0.0000,0.1497,0.0000,0.1497,0.0000,1,
26.6363,190.1500,BASELINE_COLLECTION,SWING,0.0166,-141.000,-52.500,-141.000,0.0520,0.0000,0.0788,0.0000,0.0788,0.0000,1,
26.6482,190.1600,BASELINE_COLLECTION,SWING,0.0316,-141.200,-4.800,-141.200,0.0992,0.0000,0.0072,0.0000,0.0072,0.0000,1,
26.6562,190.1700,BASELINE_COLLECTION,SWING,0.0467,-141.000,28.800,-141.000,0.1461,0.0000,-0.0432,0.0000,-0.0432,0.0000,0,
26.6683,190.1800,BASELINE_COLLECTION,SWING,0.0617,-140.500,54.300,-140.500,0.1928,0.0000,-0.0814,0.0000,-0.0814,0.0000,0,
26.6764,190.1900,BASELINE_COLLECTION,SWING,0.0768,-139.800,79.800,-139.800,0.2390,0.0000,-0.1197,0.0000,-0.1197,0.0000,0,
26.6884,190.2000,BASELINE_COLLECTION,SWING,0.0919,-138.800,105.000,-138.800,0.2846,0.0000,-0.1575,0.0000,-0.1575,0.0000,0,
26.6964,190.2100,BASELINE_COLLECTION,SWING,0.1069,-137.600,131.500,-137.600,0.3296,0.0000,-0.1973,0.0000,-0.1973,0.0000,0,
26.7083,190.2200,BASELINE_COLLECTION,SWING,0.1220,-136.100,156.600,-136.100,0.3739,0.0000,-0.2349,0.0000,-0.2349,0.0000,0,
26.7164,190.2300,BASELINE_COLLECTION,SWING,0.1370,-134.300,182.400,-134.300,0.4174,0.0000,-0.2736,0.0000,-0.2736,0.0000,0,
26.7283,190.2400,BASELINE_COLLECTION,SWING,0.1521,-132.400,205.500,-132.400,0.4599,0.0000,-0.3083,0.0000,-0.3083,0.0000,0,
26.7364,190.2500,BASELINE_COLLECTION,SWING,0.1672,-130.200,227.100,-130.200,0.5014,0.0000,-0.3407,0.0000,-0.3407,0.0000,0,
26.7482,190.2600,BASELINE_COLLECTION,SWING,0.1822,-127.700,252.000,-127.700,0.5417,0.0000,-0.3780,0.0000,-0.3780,0.0000,0,
26.7562,190.2700,BASELINE_COLLECTION,SWING,0.1973,-125.000,280.600,-125.000,0.5809,0.0000,-0.4209,0.0000,-0.4209,0.0000,0,
26.7682,190.2800,BASELINE_COLLECTION,SWING,0.2123,-122.000,302.000,-122.000,0.6187,0.0000,-0.4530,0.0000,-0.4530,0.0000,0,
26.7802,190.2900,BASELINE_COLLECTION,SWING,0.2274,-118.900,322.100,-118.900,0.6552,0.0000,-0.4832,0.0000,-0.4832,0.0000,0,
26.7882,190.3000,BASELINE_COLLECTION,SWING,0.2425,-115.500,344.600,-115.500,0.6902,0.0000,-0.5169,0.0000,-0.5169,0.0000,0,
26.8003,190.3100,BASELINE_COLLECTION,SWING,0.2575,-111.900,365.900,-111.900,0.7236,0.0000,-0.5488,0.0000,-0.5488,0.0000,0,
26.8083,190.3200,BASELINE_COLLECTION,SWING,0.2726,-108.100,393.400,-108.100,0.7555,0.0000,-0.5901,0.0000,-0.5901,0.0000,0,
26.8204,190.3300,BASELINE_COLLECTION,SWING,0.2877,-104.000,415.100,-104.000,0.7856,0.0000,-0.6227,0.0000,-0.6227,0.0000,0,
26.8283,190.3400,BASELINE_COLLECTION,SWING,0.3027,-99.700,436.400,-99.700,0.8140,0.0000,-0.6546,0.0000,-0.6546,0.0000,0,
26.8403,190.3500,BASELINE_COLLECTION,SWING,0.3178,-95.200,457.400,-95.200,0.8406,0.0000,-0.6861,0.0000,-0.6861,0.0000,0,
26.8483,190.3600,BASELINE_COLLECTION,SWING,0.3328,-90.500,474.300,-90.500,0.8652,0.0000,-0.7115,0.0000,-0.7115,0.0000,0,
26.8602,190.3700,BASELINE_COLLECTION,SWING,0.3479,-85.600,496.100,-85.600,0.8880,0.0000,-0.7442,0.0000,-0.7442,0.0000,0,
26.8680,190.3800,BASELINE_COLLECTION,SWING,0.3630,-80.500,507.600,-80.500,0.9087,0.0000,-0.7614,0.0000,-0.7614,0.0000,0,
26.8762,190.3900,BASELINE_COLLECTION,SWING,0.3780,-75.300,523.600,-75.300,0.9275,0.0000,-0.7854,0.0000,-0.7854,0.0000,0,
26.8882,190.4000,BASELINE_COLLECTION,SWING,0.3931,-69.900,546.400,-69.900,0.9441,0.0000,-0.8196,0.0000,-0.8196,0.0000,0,
26.9004,190.4100,BASELINE_COLLECTION,SWING,0.4081,-64.400,559.200,-64.400,0.9586,0.0000,-0.8388,0.0000,-0.8388,0.0000,0,
26.9083,190.4200,BASELINE_COLLECTION,SWING,0.4232,-58.700,575.700,-58.700,0.9710,0.0000,-0.8636,0.0000,-0.8636,0.0000,0,
26.9203,190.4300,BASELINE_COLLECTION,SWING,0.4383,-52.900,585.700,-52.900,0.9812,0.0000,-0.8786,0.0000,-0.8786,0.0000,0,
26.9283,190.4400,BASELINE_COLLECTION,SWING,0.4533,-46.900,590.200,-46.900,0.9893,0.0000,-0.8853,0.0000,-0.8853,0.0000,0,
26.9403,190.4500,BASELINE_COLLECTION,SWING,0.4684,-41.100,575.300,-41.100,0.9951,0.0000,-0.8629,0.0000,-0.8629,0.0000,0,
26.9483,190.4600,BASELINE_COLLECTION,SWING,0.4834,-35.600,549.700,-35.600,0.9986,0.0000,-0.8246,0.0000,-0.8246,0.0000,0,
26.9603,190.4700,BASELINE_COLLECTION,SWING,0.4985,-30.400,500.700,-30.400,1.0000,0.0000,-0.7510,0.0000,-0.7510,0.0000,0,
26.9683,190.4800,BASELINE_COLLECTION,SWING,0.5136,-25.800,433.300,-25.800,0.9991,0.0000,-0.6500,0.0000,-0.6500,0.0000,0,
26.9803,190.4900,BASELINE_COLLECTION,SWING,0.5286,-22.000,366.800,-22.000,0.9960,0.0000,-0.5502,0.0000,-0.5502,0.0000,0,
26.9883,190.5000,BASELINE_COLLECTION,SWING,0.5437,-18.800,297.900,-18.800,0.9906,0.0000,-0.4468,0.0000,-0.4468,0.0000,0,
27.0002,190.5100,BASELINE_COLLECTION,SWING,0.5587,-16.200,235.900,-16.200,0.9830,0.0000,-0.3538,0.0000,-0.3538,0.0000,0,
27.0083,190.5200,BASELINE_COLLECTION,SWING,0.5738,-14.300,178.900,-14.300,0.9732,0.0000,-0.2684,0.0000,-0.2684,0.0000,0,
27.0203,190.5300,BASELINE_COLLECTION,SWING,0.5889,-12.800,126.800,-12.800,0.9613,0.0000,-0.1902,0.0000,-0.1902,0.0000,0,
27.0283,190.5400,BASELINE_COLLECTION,SWING,0.6039,-11.900,81.300,-11.900,0.9472,0.0000,-0.1220,0.0000,-0.1220,0.0000,0,
27.0403,190.5500,BASELINE_COLLECTION,SWING,0.6190,-11.300,45.900,-11.300,0.9310,0.0000,-0.0688,0.0000,-0.0688,0.0000,0,
27.0483,190.5600,BASELINE_COLLECTION,SWING,0.6340,-11.100,14.800,-11.100,0.9126,0.0000,-0.0222,0.0000,-0.0222,0.0000,0,
27.0602,190.5700,BASELINE_COLLECTION,SWING,0.6491,-11.100,-7.400,-11.100,0.8923,0.0000,0.0111,0.0000,0.0111,0.0000,1,
27.0682,190.5800,BASELINE_COLLECTION,SWING,0.6642,-11.200,-4.600,-11.200,0.8699,0.0000,0.0069,0.0000,0.0069,0.0000,1,
27.0802,190.5900,BASELINE_COLLECTION,SWING,0.6792,-11.200,0.600,-11.200,0.8456,0.0000,-0.0009,0.0000,-0.0009,0.0000,0,
27.0883,190.6000,BASELINE_COLLECTION,SWING,0.6943,-11.200,-0.100,-11.200,0.8195,0.0000,0.0002,0.0000,0.0002,0.0000,1,
27.1002,190.6100,BASELINE_COLLECTION,SWING,0.7093,-11.200,-0.500,-11.200,0.7914,0.0000,0.0008,0.0000,0.0008,0.0000,1,
27.1083,190.6200,BASELINE_COLLECTION,SWING,0.7244,-11.200,-2.100,-11.200,0.7616,0.0000,0.0032,0.0000,0.0032,0.0000,1,
27.1203,190.6300,BASELINE_COLLECTION,SWING,0.7395,-11.200,-4.300,-11.200,0.7301,0.0000,0.0065,0.0000,0.0065,0.0000,1,
27.1283,190.6400,BASELINE_COLLECTION,SWING,0.7545,-11.300,-10.400,-11.300,0.6970,0.0000,0.0156,0.0000,0.0156,0.0000,1,
27.1403,190.6500,BASELINE_COLLECTION,SWING,0.7696,-11.500,-18.500,-11.500,0.6623,0.0000,0.0278,0.0000,0.0278,0.0000,1,
27.1483,190.6600,BASELINE_COLLECTION,SWING,0.7846,-11.700,-31.000,-11.700,0.6261,0.0000,0.0465,0.0000,0.0465,0.0000,1,
27.1603,190.6700,BASELINE_COLLECTION,SWING,0.7997,-12.200,-46.700,-12.200,0.5886,0.0000,0.0701,0.0000,0.0701,0.0000,1,
27.1722,190.6800,BASELINE_COLLECTION,SWING,0.8148,-12.800,-68.900,-12.800,0.5497,0.0000,0.1034,0.0000,0.1034,0.0000,1,
27.1803,190.6900,BASELINE_COLLECTION,SWING,0.8298,-13.600,-95.000,-13.600,0.5095,0.0000,0.1425,0.0000,0.1425,0.0000,1,
27.1923,190.7000,BASELINE_COLLECTION,SWING,0.8449,-14.800,-123.800,-14.800,0.4683,0.0000,0.1857,0.0000,0.1857,0.0000,1,
27.2003,190.7100,BASELINE_COLLECTION,SWING,0.8599,-16.200,-145.000,-16.200,0.4260,0.0000,0.2175,0.0000,0.2175,0.0000,1,
27.2123,190.7200,BASELINE_COLLECTION,SWING,0.8750,-17.700,-155.100,-17.700,0.3827,0.0000,0.2326,0.0000,0.2326,0.0000,1,
27.2203,190.7300,BASELINE_COLLECTION,SWING,0.8901,-19.200,-148.800,-19.200,0.3386,0.0000,0.2232,0.0000,0.2232,0.0000,1,
27.2323,190.7400,BASELINE_COLLECTION,SWING,0.9051,-20.600,-136.000,-20.600,0.2937,0.0000,0.2040,0.0000,0.2040,0.0000,1,
27.2403,190.7500,BASELINE_COLLECTION,SWING,0.9202,-21.900,-122.400,-21.900,0.2481,0.0000,0.1836,0.0000,0.1836,0.0000,1,
27.2523,190.7600,BASELINE_COLLECTION,SWING,0.9352,-23.000,-101.900,-23.000,0.2020,0.0000,0.1529,0.0000,0.1529,0.0000,1,
27.2602,190.7700,BASELINE_COLLECTION,SWING,0.9503,-23.900,-79.900,-23.900,0.1555,0.0000,0.1199,0.0000,0.1199,0.0000,1,
27.2723,190.7800,BASELINE_COLLECTION,SWING,0.9654,-24.500,-57.100,-24.500,0.1086,0.0000,0.0857,0.0000,0.0857,0.0000,1,
27.2803,190.7900,BASELINE_COLLECTION,SWING,0.9804,-24.900,-34.900,-24.900,0.0615,0.0000,0.0524,0.0000,0.0524,0.0000,1,
27.2923,190.8000,BASELINE_COLLECTION,SWING,0.9955,-25.100,-13.700,-25.100,0.0142,0.0000,0.0205,0.0000,0.0205,0.0000,1,
27.3003,190.8100,BASELINE_COLLECTION,STANCE,0.2570,-25.200,-3.500,-25.200,0.0000,0.0000,0.0053,0.0000,0.0053,0.0000,1,
27.3123,190.8200,BASELINE_COLLECTION,STANCE,0.2671,-25.200,-3.000,-25.200,0.0000,0.0000,0.0045,0.0000,0.0045,0.0000,1,
27.3203,190.8300,BASELINE_COLLECTION,STANCE,0.2771,-25.300,-7.400,-25.300,0.0000,0.0000,0.0111,0.0000,0.0111,0.0000,1,
27.3323,190.8400,BASELINE_COLLECTION,STANCE,0.2871,-25.400,-16.100,-25.400,0.0000,0.0000,0.0242,0.0000,0.0242,0.0000,1,
27.3403,190.8500,BASELINE_COLLECTION,STANCE,0.2972,-25.700,-31.200,-25.700,0.0000,0.0000,0.0468,0.0000,0.0468,0.0000,1,
27.3523,190.8600,BASELINE_COLLECTION,STANCE,0.3072,-26.100,-50.400,-26.100,0.0000,0.0000,0.0756,0.0000,0.0756,0.0000,1,
27.3602,190.8700,BASELINE_COLLECTION,STANCE,0.3173,-26.800,-72.600,-26.800,0.0000,0.0000,0.1089,0.0000,0.1089,0.0000,1,
27.3723,190.8800,BASELINE_COLLECTION,STANCE,0.3273,-27.600,-91.100,-27.600,0.0000,0.0000,0.1366,0.0000,0.1366,0.0000,1,
27.3803,190.8900,BASELINE_COLLECTION,STANCE,0.3373,-28.600,-109.000,-28.600,0.0000,0.0000,0.1635,0.0000,0.1635,0.0000,1,
27.3923,190.9000,BASELINE_COLLECTION,STANCE,0.3474,-29.800,-122.600,-29.800,0.0000,0.0000,0.1839,0.0000,0.1839,0.0000,1,
27.4003,190.9100,BASELINE_COLLECTION,STANCE,0.3574,-31.100,-129.900,-31.100,0.0000,0.0000,0.1949,0.0000,0.1949,0.0000,1,
27.4123,190.9200,BASELINE_COLLECTION,STANCE,0.3675,-32.400,-133.100,-32.400,0.0000,0.0000,0.1996,0.0000,0.1996,0.0000,1,
27.4203,190.9300,BASELINE_COLLECTION,STANCE,0.3775,-33.800,-128.400,-33.800,0.0000,0.0000,0.1926,0.0000,0.1926,0.0000,1,
27.4324,190.9400,BASELINE_COLLECTION,STANCE,0.3876,-35.000,-118.500,-35.000,0.0000,0.0000,0.1777,0.0000,0.1777,0.0000,1,
27.4403,190.9500,BASELINE_COLLECTION,STANCE,0.3976,-36.000,-102.300,-36.000,0.0000,0.0000,0.1535,0.0000,0.1535,0.0000,1,
27.4523,190.9600,BASELINE_COLLECTION,STANCE,0.4076,-36.900,-80.700,-36.900,0.0000,0.0000,0.1211,0.0000,0.1211,0.0000,1,
27.4603,190.9700,BASELINE_COLLECTION,STANCE,0.4177,-37.600,-57.400,-37.600,0.0000,0.0000,0.0861,0.0000,0.0861,0.0000,1,
27.4723,190.9900,BASELINE_COLLECTION,STANCE,0.4378,-38.000,-1.500,-38.000,0.0000,0.0000,0.0023,0.0000,0.0023,0.0000,1,
27.4920,191.0100,BASELINE_COLLECTION,STANCE,0.4578,-37.800,16.600,-37.800,0.0000,0.0000,-0.0249,0.0000,-0.0249,0.0000,0,
27.5123,191.0300,BASELINE_COLLECTION,STANCE,0.4779,-37.400,13.100,-37.400,0.0000,0.0000,-0.0197,0.0000,-0.0197,0.0000,0,
27.5203,191.0400,BASELINE_COLLECTION,STANCE,0.4880,-37.400,0.300,-37.400,0.0000,0.0000,-0.0004,0.0000,-0.0004,0.0000,0,
27.5323,191.0500,BASELINE_COLLECTION,STANCE,0.4980,-37.400,-4.600,-37.400,0.0000,0.0000,0.0069,0.0000,0.0069,0.0000,1,
27.5403,191.0600,BASELINE_COLLECTION,STANCE,0.5080,-37.500,-1.000,-37.500,0.0000,0.0000,0.0015,0.0000,0.0015,0.0000,1,
27.5603,191.0800,BASELINE_COLLECTION,STANCE,0.5281,-37.500,-3.300,-37.500,0.0000,0.0000,0.0049,0.0000,0.0049,0.0000,1,
27.5723,191.0900,BASELINE_COLLECTION,STANCE,0.5382,-37.500,-6.700,-37.500,0.0000,0.0000,0.0100,0.0000,0.0100,0.0000,1,
27.5803,191.1000,BASELINE_COLLECTION,STANCE,0.5482,-37.600,-11.900,-37.600,0.0000,0.0000,0.0179,0.0000,0.0179,0.0000,1,
27.5923,191.1100,BASELINE_COLLECTION,STANCE,0.5582,-37.800,-15.700,-37.800,0.0000,0.0000,0.0235,0.0000,0.0235,0.0000,1,
27.6002,191.1200,BASELINE_COLLECTION,STANCE,0.5683,-38.000,-23.100,-38.000,0.0000,0.0000,0.0347,0.0000,0.0347,0.0000,1,
27.6123,191.1300,BASELINE_COLLECTION,STANCE,0.5783,-38.300,-31.700,-38.300,0.0000,0.0000,0.0476,0.0000,0.0476,0.0000,1,
27.6202,191.1400,BASELINE_COLLECTION,STANCE,0.5884,-38.700,-42.400,-38.700,0.0000,0.0000,0.0636,0.0000,0.0636,0.0000,1,
27.6323,191.1500,BASELINE_COLLECTION,STANCE,0.5984,-39.200,-52.000,-39.200,0.0000,0.0000,0.0780,0.0000,0.0780,0.0000,1,
27.6402,191.1600,BASELINE_COLLECTION,STANCE,0.6084,-39.700,-56.700,-39.700,0.0000,0.0000,0.0851,0.0000,0.0851,0.0000,1,
27.6602,191.1700,BASELINE_COLLECTION,STANCE,0.6185,-40.300,-57.400,-40.300,0.0000,0.0000,0.0861,0.0000,0.0861,0.0000,1,
27.6723,191.1900,BASELINE_COLLECTION,STANCE,0.6386,-41.400,-48.600,-41.400,0.0000,0.0000,0.0729,0.0000,0.0729,0.0000,1,
27.6842,191.2000,BASELINE_COLLECTION,STANCE,0.6486,-41.800,-43.600,-41.800,0.0000,0.0000,0.0654,0.0000,0.0654,0.0000,1,
27.6922,191.2100,BASELINE_COLLECTION,STANCE,0.6586,-42.200,-37.300,-42.200,0.0000,0.0000,0.0559,0.0000,0.0559,0.0000,1,
27.7042,191.2200,BASELINE_COLLECTION,STANCE,0.6687,-42.500,-32.600,-42.500,0.0000,0.0000,0.0489,0.0000,0.0489,0.0000,1,
27.7123,191.2300,BASELINE_COLLECTION,STANCE,0.6787,-42.800,-29.300,-42.800,0.0000,0.0000,0.0440,0.0000,0.0440,0.0000,1,
27.7243,191.2400,BASELINE_COLLECTION,STANCE,0.6888,-43.100,-19.300,-43.100,0.0000,0.0000,0.0290,0.0000,0.0290,0.0000,1,
27.7321,191.2500,BASELINE_COLLECTION,STANCE,0.6988,-43.200,-11.500,-43.200,0.0000,0.0000,0.0173,0.0000,0.0173,0.0000,1,
27.7442,191.2600,BASELINE_COLLECTION,STANCE,0.7088,-43.300,-5.500,-43.300,0.0000,0.0000,0.0083,0.0000,0.0083,0.0000,1,
27.7523,191.2700,BASELINE_COLLECTION,STANCE,0.7189,-43.300,-2.500,-43.300,0.0000,0.0000,0.0037,0.0000,0.0037,0.0000,1,
27.7601,191.2800,BASELINE_COLLECTION,STANCE,0.7289,-43.300,0.000,-43.300,0.0000,0.0000,0.0000,0.0000,0.0000,0.0000,0,
27.7723,191.2900,BASELINE_COLLECTION,STANCE,0.7390,-43.300,-0.200,-43.300,0.0000,0.0000,0.0003,0.0000,0.0003,0.0000,1,
27.7843,191.3000,BASELINE_COLLECTION,STANCE,0.7490,-43.300,-0.100,-43.300,0.0000,0.0000,0.0002,0.0000,0.0002,0.0000,1,
27.7924,191.3100,BASELINE_COLLECTION,STANCE,0.7590,-43.300,0.000,-43.300,0.0000,0.0000,0.0000,0.0000,0.0000,0.0000,0,
27.8043,191.3200,BASELINE_COLLECTION,STANCE,0.7691,-43.300,-0.400,-43.300,0.0000,0.0000,0.0006,0.0000,0.0006,0.0000,1,
27.8123,191.3300,BASELINE_COLLECTION,STANCE,0.7791,-43.300,-0.400,-43.300,0.0000,0.0000,0.0006,0.0000,0.0006,0.0000,1,
27.8241,191.3400,BASELINE_COLLECTION,STANCE,0.7892,-43.300,-1.000,-43.300,0.0000,0.0000,0.0015,0.0000,0.0015,0.0000,1,
27.8323,191.3500,BASELINE_COLLECTION,STANCE,0.7992,-43.400,-1.600,-43.400,0.0000,0.0000,0.0024,0.0000,0.0024,0.0000,1,
27.8483,191.3600,BASELINE_COLLECTION,STANCE,0.8092,-43.400,-2.600,-43.400,0.0000,0.0000,0.0039,0.0000,0.0039,0.0000,1,
27.8563,191.3700,BASELINE_COLLECTION,STANCE,0.8193,-43.400,-3.500,-43.400,0.0000,0.0000,0.0053,0.0000,0.0053,0.0000,1,
27.8682,191.3800,BASELINE_COLLECTION,STANCE,0.8293,-43.500,-7.000,-43.500,0.0000,0.0000,0.0105,0.0000,0.0105,0.0000,1,
27.8763,191.3900,BASELINE_COLLECTION,STANCE,0.8394,-43.600,-17.600,-43.600,0.0000,0.0000,0.0264,0.0000,0.0264,0.0000,1,
27.8882,191.4000,BASELINE_COLLECTION,STANCE,0.8494,-43.900,-27.600,-43.900,0.0000,0.0000,0.0414,0.0000,0.0414,0.0000,1,
27.8963,191.4100,BASELINE_COLLECTION,STANCE,0.8594,-44.200,-40.400,-44.200,0.0000,0.0000,0.0606,0.0000,0.0606,0.0000,1,
27.9083,191.4200,BASELINE_COLLECTION,STANCE,0.8695,-44.700,-52.200,-44.700,0.0000,0.0000,0.0783,0.0000,0.0783,0.0000,1,
27.9163,191.4300,BASELINE_COLLECTION,STANCE,0.8795,-45.300,-63.800,-45.300,0.0000,0.0000,0.0957,0.0000,0.0957,0.0000,1,
27.9283,191.4400,BASELINE_COLLECTION,STANCE,0.8896,-46.000,-73.000,-46.000,0.0000,0.0000,0.1095,0.0000,0.1095,0.0000,1,
27.9363,191.4500,BASELINE_COLLECTION,STANCE,0.8996,-46.800,-80.800,-46.800,0.0000,0.0000,0.1212,0.0000,0.1212,0.0000,1,
27.9484,191.4600,BASELINE_COLLECTION,STANCE,0.9096,-47.700,-89.400,-47.700,0.0000,0.0000,0.1341,0.0000,0.1341,0.0000,1,
27.9564,191.4700,BASELINE_COLLECTION,STANCE,0.9197,-48.600,-97.600,-48.600,0.0000,0.0000,0.1464,0.0000,0.1464,0.0000,1,
27.9683,191.4800,BASELINE_COLLECTION,STANCE,0.9297,-49.600,-102.600,-49.600,0.0000,0.0000,0.1539,0.0000,0.1539,0.0000,1,
27.9763,191.4900,BASELINE_COLLECTION,STANCE,0.9398,-50.700,-108.300,-50.700,0.0000,0.0000,0.1625,0.0000,0.1625,0.0000,1,
27.9884,191.5000,BASELINE_COLLECTION,STANCE,0.9498,-51.800,-115.500,-51.800,0.0000,0.0000,0.1733,0.0000,0.1733,0.0000,1,
27.9964,191.5100,BASELINE_COLLECTION,STANCE,0.9598,-53.000,-123.600,-53.000,0.0000,0.0000,0.1854,0.0000,0.1854,0.0000,1,
28.0083,191.5200,BASELINE_COLLECTION,STANCE,0.9699,-54.300,-131.200,-54.300,0.0000,0.0000,0.1968,0.0000,0.1968,0.0000,1,
28.0162,191.5300,BASELINE_COLLECTION,STANCE,0.9799,-55.700,-140.400,-55.700,0.0000,0.0000,0.2106,0.0000,0.2106,0.0000,1,
28.0283,191.5400,BASELINE_COLLECTION,STANCE,0.9900,-57.200,-151.100,-57.200,0.0000,0.0000,0.2266,0.0000,0.2266,0.0000,1,
28.0363,191.5500,BASELINE_COLLECTION,STANCE,1.0000,-58.800,-162.600,-58.800,0.0000,0.0000,0.2439,0.0000,0.2439,0.0000,1,
28.0483,191.5600,BASELINE_COLLECTION,STANCE,1.0000,-60.500,-175.900,-60.500,0.0000,0.0000,0.2639,0.0000,0.2639,0.0000,1,
28.0563,191.5700,BASELINE_COLLECTION,STANCE,1.0000,-62.300,-188.000,-62.300,0.0000,0.0000,0.2820,0.0000,0.2820,0.0000,1,
28.0683,191.5800,BASELINE_COLLECTION,STANCE,1.0000,-64.100,-198.100,-64.100,0.0000,0.0000,0.2972,0.0000,0.2972,0.0000,1,
28.0763,191.5900,BASELINE_COLLECTION,STANCE,1.0000,-66.400,-213.200,-66.400,0.0000,0.0000,0.3198,0.0000,0.3198,0.0000,1,
28.0883,191.6000,BASELINE_COLLECTION,STANCE,1.0000,-68.600,-228.700,-68.600,0.0000,0.0000,0.3430,0.0000,0.3430,0.0000,1,
28.0964,191.6100,BASELINE_COLLECTION,STANCE,0.0000,-70.800,-242.400,-70.800,0.0000,0.0000,0.3636,0.0000,0.3636,0.0000,1,
28.1083,191.6200,BASELINE_COLLECTION,STANCE,0.0097,-73.600,-256.700,-73.600,0.0000,0.0000,0.3851,0.0000,0.3851,0.0000,1,
28.1163,191.6300,BASELINE_COLLECTION,STANCE,0.0194,-76.200,-268.900,-76.200,0.0000,0.0000,0.4033,0.0000,0.4033,0.0000,1,
28.1282,191.6400,BASELINE_COLLECTION,STANCE,0.0291,-79.000,-284.200,-79.000,0.0000,0.0000,0.4263,0.0000,0.4263,0.0000,1,
28.1363,191.6500,BASELINE_COLLECTION,STANCE,0.0388,-81.900,-300.100,-81.900,0.0000,0.0000,0.4502,0.0000,0.4502,0.0000,1,
28.1482,191.6600,BASELINE_COLLECTION,STANCE,0.0484,-85.100,-319.000,-85.100,0.0000,0.0000,0.4785,0.0000,0.4785,0.0000,1,
28.1562,191.6700,BASELINE_COLLECTION,STANCE,0.0581,-88.400,-338.700,-88.400,0.0000,0.0000,0.5081,0.0000,0.5081,0.0000,1,
28.1683,191.6800,BASELINE_COLLECTION,STANCE,0.0678,-91.900,-349.800,-91.900,0.0000,0.0000,0.5247,0.0000,0.5247,0.0000,1,
28.1763,191.6900,BASELINE_COLLECTION,STANCE,0.0775,-95.400,-359.200,-95.400,0.0000,0.0000,0.5388,0.0000,0.5388,0.0000,1,
28.1883,191.7000,BASELINE_COLLECTION,STANCE,0.0872,-98.700,-369.500,-98.700,0.0000,0.0000,0.5543,0.0000,0.5543,0.0000,1,
28.1963,191.7100,BASELINE_COLLECTION,STANCE,0.0969,-102.800,-374.300,-102.800,0.0000,0.0000,0.5615,0.0000,0.5615,0.0000,1,
28.2082,191.7200,BASELINE_COLLECTION,STANCE,0.1066,-106.600,-381.400,-106.600,0.0000,0.0000,0.5721,0.0000,0.5721,0.0000,1,
28.2163,191.7300,BASELINE_COLLECTION,STANCE,0.1163,-110.500,-379.200,-110.500,0.0000,0.0000,0.5688,0.0000,0.5688,0.0000,1,
28.2283,191.7400,BASELINE_COLLECTION,STANCE,0.1260,-114.200,-368.300,-114.200,0.0000,0.0000,0.5524,0.0000,0.5524,0.0000,1,
28.2362,191.7500,BASELINE_COLLECTION,STANCE,0.1357,-117.700,-350.900,-117.700,0.0000,0.0000,0.5263,0.0000,0.5263,0.0000,1,
28.2483,191.7600,BASELINE_COLLECTION,STANCE,0.1453,-121.100,-323.700,-121.100,0.0000,0.0000,0.4855,0.0000,0.4855,0.0000,1,
28.2563,191.7700,BASELINE_COLLECTION,STANCE,0.1550,-124.100,-289.700,-124.100,0.0000,0.0000,0.4345,0.0000,0.4345,0.0000,1,
28.2683,191.7800,BASELINE_COLLECTION,STANCE,0.1647,-126.700,-247.700,-126.700,0.0000,0.0000,0.3715,0.0000,0.3715,0.0000,1,
28.2763,191.7900,BASELINE_COLLECTION,STANCE,0.1744,-128.800,-200.400,-128.800,0.0000,0.0000,0.3006,0.0000,0.3006,0.0000,1,
28.2883,191.8000,BASELINE_COLLECTION,STANCE,0.1841,-130.500,-155.100,-130.500,0.0000,0.0000,0.2326,0.0000,0.2326,0.0000,1,
28.2962,191.8100,BASELINE_COLLECTION,STANCE,0.1938,-131.800,-108.800,-131.800,0.0000,0.0000,0.1632,0.0000,0.1632,0.0000,1,
28.3040,191.8200,BASELINE_COLLECTION,STANCE,0.2035,-132.500,-62.200,-132.500,0.0000,0.0000,0.0933,0.0000,0.0933,0.0000,1,
28.3162,191.8300,BASELINE_COLLECTION,STANCE,0.2132,-132.800,-14.000,-132.800,0.0000,0.0000,0.0210,0.0000,0.0210,0.0000,1,
28.3242,191.8400,BASELINE_COLLECTION,STANCE,0.2229,-132.700,24.900,-132.700,0.0000,0.0000,-0.0374,0.0000,-0.0374,0.0000,0,
28.3363,191.8500,BASELINE_COLLECTION,STANCE,0.2326,-132.200,53.800,-132.200,0.0000,0.0000,-0.0807,0.0000,-0.0807,0.0000,0,
28.3482,191.8600,BASELINE_COLLECTION,STANCE,0.2422,-131.500,79.000,-131.500,0.0000,0.0000,-0.1185,0.0000,-0.1185,0.0000,0,
28.3563,191.8700,BASELINE_COLLECTION,SWING,0.0029,-130.500,103.100,-130.500,0.0091,0.0000,-0.1546,0.0000,-0.1546,0.0000,0,
28.3680,191.8800,BASELINE_COLLECTION,SWING,0.0174,-129.300,128.400,-129.300,0.0548,0.0000,-0.1926,0.0000,-0.1926,0.0000,0,
28.3763,191.8900,BASELINE_COLLECTION,SWING,0.0320,-127.900,154.600,-127.900,0.1003,0.0000,-0.2319,0.0000,-0.2319,0.0000,0,
28.3883,191.9000,BASELINE_COLLECTION,SWING,0.0465,-126.100,181.500,-126.100,0.1456,0.0000,-0.2722,0.0000,-0.2722,0.0000,0,
28.3963,191.9100,BASELINE_COLLECTION,SWING,0.0610,-124.200,206.000,-124.200,0.1906,0.0000,-0.3090,0.0000,-0.3090,0.0000,0,
28.4082,191.9200,BASELINE_COLLECTION,SWING,0.0756,-121.900,227.800,-121.900,0.2352,0.0000,-0.3417,0.0000,-0.3417,0.0000,0,
28.4162,191.9300,BASELINE_COLLECTION,SWING,0.0901,-119.500,248.700,-119.500,0.2793,0.0000,-0.3730,0.0000,-0.3730,0.0000,0,
28.4282,191.9400,BASELINE_COLLECTION,SWING,0.1047,-116.900,271.100,-116.900,0.3229,0.0000,-0.4067,0.0000,-0.4067,0.0000,0,
28.4363,191.9500,BASELINE_COLLECTION,SWING,0.1192,-114.000,293.500,-114.000,0.3657,0.0000,-0.4403,0.0000,-0.4403,0.0000,0,
28.4483,191.9600,BASELINE_COLLECTION,SWING,0.1337,-110.900,315.300,-110.900,0.4078,0.0000,-0.4730,0.0000,-0.4730,0.0000,0,
28.4562,191.9700,BASELINE_COLLECTION,SWING,0.1483,-107.600,343.200,-107.600,0.4491,0.0000,-0.5148,0.0000,-0.5148,0.0000,0,
28.4681,191.9800,BASELINE_COLLECTION,SWING,0.1628,-104.000,363.700,-104.000,0.4894,0.0000,-0.5455,0.0000,-0.5455,0.0000,0,
28.4762,191.9900,BASELINE_COLLECTION,SWING,0.1773,-100.200,386.700,-100.200,0.5287,0.0000,-0.5800,0.0000,-0.5800,0.0000,0,
28.4882,192.0000,BASELINE_COLLECTION,SWING,0.1919,-98.700,395.800,-98.700,0.5669,0.0000,-0.5937,0.0000,-0.5937,0.0000,0,
28.4963,192.0100,BASELINE_COLLECTION,SWING,0.2064,-91.900,426.800,-91.900,0.6039,0.0000,-0.6402,0.0000,-0.6402,0.0000,0,
28.5083,192.0200,BASELINE_COLLECTION,SWING,0.2209,-87.500,454.800,-87.500,0.6397,0.0000,-0.6822,0.0000,-0.6822,0.0000,0,
28.5163,192.0300,BASELINE_COLLECTION,SWING,0.2355,-82.800,470.100,-82.800,0.6741,0.0000,-0.7052,0.0000,-0.7052,0.0000,0,
28.5282,192.0400,BASELINE_COLLECTION,SWING,0.2500,-78.000,485.000,-78.000,0.7071,0.0000,-0.7275,0.0000,-0.7275,0.0000,0,
28.5363,192.0500,BASELINE_COLLECTION,SWING,0.2645,-73.000,504.000,-73.000,0.7386,0.0000,-0.7560,0.0000,-0.7560,0.0000,0,
28.5482,192.0600,BASELINE_COLLECTION,SWING,0.2791,-67.800,526.500,-67.800,0.7686,0.0000,-0.7898,0.0000,-0.7898,0.0000,0,
28.5563,192.0700,BASELINE_COLLECTION,SWING,0.2936,-62.500,545.000,-62.500,0.7970,0.0000,-0.8175,0.0000,-0.8175,0.0000,0,
28.5682,192.0800,BASELINE_COLLECTION,SWING,0.3081,-56.900,564.400,-56.900,0.8238,0.0000,-0.8466,0.0000,-0.8466,0.0000,0,
28.5763,192.0900,BASELINE_COLLECTION,SWING,0.3227,-51.100,583.500,-51.100,0.8488,0.0000,-0.8752,0.0000,-0.8752,0.0000,0,
28.5882,192.1000,BASELINE_COLLECTION,SWING,0.3372,-45.200,587.800,-45.200,0.8720,0.0000,-0.8817,0.0000,-0.8817,0.0000,0,
28.5962,192.1100,BASELINE_COLLECTION,SWING,0.3517,-39.400,578.100,-39.400,0.8935,0.0000,-0.8672,0.0000,-0.8672,0.0000,0,
28.6082,192.1200,BASELINE_COLLECTION,SWING,0.3663,-33.700,562.700,-33.700,0.9130,0.0000,-0.8441,0.0000,-0.8441,0.0000,0,
28.6162,192.1300,BASELINE_COLLECTION,SWING,0.3808,-28.300,523.200,-28.300,0.9307,0.0000,-0.7848,0.0000,-0.7848,0.0000,0,
28.6282,192.1400,BASELINE_COLLECTION,SWING,0.3953,-23.400,473.300,-23.400,0.9464,0.0000,-0.7100,0.0000,-0.7100,0.0000,0,
28.6362,192.1500,BASELINE_COLLECTION,SWING,0.4099,-19.200,403.000,-19.200,0.9602,0.0000,-0.6045,0.0000,-0.6045,0.0000,0,
28.6482,192.1600,BASELINE_COLLECTION,SWING,0.4244,-15.500,350.500,-15.500,0.9719,0.0000,-0.5258,0.0000,-0.5258,0.0000,0,
28.6562,192.1700,BASELINE_COLLECTION,SWING,0.4390,-12.400,289.200,-12.400,0.9817,0.0000,-0.4338,0.0000,-0.4338,0.0000,0,
28.6682,192.1800,BASELINE_COLLECTION,SWING,0.4535,-10.000,226.700,-10.000,0.9893,0.0000,-0.3400,0.0000,-0.3400,0.0000,0,
28.6762,192.1900,BASELINE_COLLECTION,SWING,0.4680,-8.100,176.300,-8.100,0.9950,0.0000,-0.2645,0.0000,-0.2645,0.0000,0,
28.6883,192.2000,BASELINE_COLLECTION,SWING,0.4826,-6.600,126.300,-6.600,0.9985,0.0000,-0.1895,0.0000,-0.1895,0.0000,0,
28.6961,192.2100,BASELINE_COLLECTION,SWING,0.4971,-5.800,63.500,-5.800,1.0000,0.0000,-0.0953,0.0000,-0.0953,0.0000,0,
28.7082,192.2200,BASELINE_COLLECTION,SWING,0.5116,-5.600,9.900,-5.600,0.9993,0.0000,-0.0149,0.0000,-0.0149,0.0000,0,
28.7162,192.2300,BASELINE_COLLECTION,SWING,0.5262,-5.700,-14.200,-5.700,0.9966,0.0000,0.0213,0.0000,0.0213,0.0000,1,
28.7282,192.2400,BASELINE_COLLECTION,SWING,0.5407,-5.800,-16.400,-5.800,0.9918,0.0000,0.0246,0.0000,0.0246,0.0000,1,
28.7362,192.2500,BASELINE_COLLECTION,SWING,0.5552,-6.000,-23.100,-6.000,0.9850,0.0000,0.0347,0.0000,0.0347,0.0000,1,
28.7482,192.2600,BASELINE_COLLECTION,SWING,0.5698,-6.300,-30.300,-6.300,0.9761,0.0000,0.0455,0.0000,0.0455,0.0000,1,
28.7562,192.2700,BASELINE_COLLECTION,SWING,0.5843,-6.700,-42.400,-6.700,0.9651,0.0000,0.0636,0.0000,0.0636,0.0000,1,
28.7682,192.2800,BASELINE_COLLECTION,SWING,0.5988,-7.200,-49.800,-7.200,0.9522,0.0000,0.0747,0.0000,0.0747,0.0000,1,
28.7762,192.2900,BASELINE_COLLECTION,SWING,0.6134,-7.700,-60.400,-7.700,0.9372,0.0000,0.0906,0.0000,0.0906,0.0000,1,
28.7882,192.3000,BASELINE_COLLECTION,SWING,0.6279,-8.500,-76.800,-8.500,0.9203,0.0000,0.1152,0.0000,0.1152,0.0000,1,
28.7962,192.3100,BASELINE_COLLECTION,SWING,0.6424,-9.400,-96.300,-9.400,0.9015,0.0000,0.1444,0.0000,0.1444,0.0000,1,
28.8082,192.3200,BASELINE_COLLECTION,SWING,0.6570,-10.500,-117.900,-10.500,0.8808,0.0000,0.1769,0.0000,0.1769,0.0000,1,
28.8162,192.3300,BASELINE_COLLECTION,SWING,0.6715,-11.800,-132.000,-11.800,0.8583,0.0000,0.1980,0.0000,0.1980,0.0000,1,
28.8281,192.3400,BASELINE_COLLECTION,SWING,0.6860,-13.100,-133.400,-13.100,0.8340,0.0000,0.2001,0.0000,0.2001,0.0000,1,
28.8362,192.3500,BASELINE_COLLECTION,SWING,0.7006,-14.300,-118.600,-14.300,0.8079,0.0000,0.1779,0.0000,0.1779,0.0000,1,
28.8482,192.3600,BASELINE_COLLECTION,SWING,0.7151,-15.400,-101.100,-15.400,0.7802,0.0000,0.1517,0.0000,0.1517,0.0000,1,
28.8562,192.3700,BASELINE_COLLECTION,SWING,0.7297,-16.300,-85.000,-16.300,0.7508,0.0000,0.1275,0.0000,0.1275,0.0000,1,
28.8682,192.3800,BASELINE_COLLECTION,SWING,0.7442,-17.000,-66.800,-17.000,0.7199,0.0000,0.1002,0.0000,0.1002,0.0000,1,
28.8761,192.3900,BASELINE_COLLECTION,SWING,0.7587,-17.600,-45.900,-17.600,0.6875,0.0000,0.0688,0.0000,0.0688,0.0000,1,
28.8880,192.4000,BASELINE_COLLECTION,SWING,0.7733,-17.900,-25.700,-17.900,0.6536,0.0000,0.0386,0.0000,0.0386,0.0000,1,
28.8963,192.4100,BASELINE_COLLECTION,SWING,0.7878,-18.000,-10.200,-18.000,0.6184,0.0000,0.0153,0.0000,0.0153,0.0000,1,
28.9083,192.4200,BASELINE_COLLECTION,SWING,0.8023,-18.100,0.000,-18.100,0.5819,0.0000,0.0000,0.0000,0.0000,0.0000,0,
28.9202,192.4300,BASELINE_COLLECTION,SWING,0.8169,-18.000,-0.600,-18.000,0.5441,0.0000,0.0009,0.0000,0.0009,0.0000,1,
28.9283,192.4400,BASELINE_COLLECTION,SWING,0.8314,-18.100,-3.700,-18.100,0.5053,0.0000,0.0056,0.0000,0.0056,0.0000,1,
28.9402,192.4500,BASELINE_COLLECTION,SWING,0.8459,-18.200,-11.100,-18.200,0.4653,0.0000,0.0166,0.0000,0.0166,0.0000,1,
28.9482,192.4600,BASELINE_COLLECTION,SWING,0.8605,-18.400,-26.500,-18.400,0.4245,0.0000,0.0398,0.0000,0.0398,0.0000,1,
28.9602,192.4700,BASELINE_COLLECTION,SWING,0.8750,-18.700,-42.700,-18.700,0.3827,0.0000,0.0641,0.0000,0.0641,0.0000,1,
28.9681,192.4800,BASELINE_COLLECTION,SWING,0.8895,-19.300,-61.400,-19.300,0.3401,0.0000,0.0921,0.0000,0.0921,0.0000,1,
28.9802,192.4900,BASELINE_COLLECTION,SWING,0.9041,-20.000,-77.400,-20.000,0.2968,0.0000,0.1161,0.0000,0.1161,0.0000,1,
28.9882,192.5000,BASELINE_COLLECTION,SWING,0.9186,-20.900,-94.400,-20.900,0.2529,0.0000,0.1416,0.0000,0.1416,0.0000,1,
29.0003,192.5100,BASELINE_COLLECTION,SWING,0.9331,-22.000,-112.100,-22.000,0.2085,0.0000,0.1681,0.0000,0.1681,0.0000,1,
29.0082,192.5200,BASELINE_COLLECTION,SWING,0.9477,-23.200,-124.300,-23.200,0.1636,0.0000,0.1865,0.0000,0.1865,0.0000,1,
29.0203,192.5300,BASELINE_COLLECTION,SWING,0.9622,-24.500,-131.600,-24.500,0.1184,0.0000,0.1974,0.0000,0.1974,0.0000,1,
29.0282,192.5400,BASELINE_COLLECTION,SWING,0.9767,-25.800,-133.500,-25.800,0.0730,0.0000,0.2003,0.0000,0.2003,0.0000,1,
29.0402,192.5500,BASELINE_COLLECTION,SWING,0.9913,-27.200,-130.600,-27.200,0.0274,0.0000,0.1959,0.0000,0.1959,0.0000,1,
29.0482,192.5600,BASELINE_COLLECTION,STANCE,0.2539,-28.400,-121.800,-28.400,0.0000,0.0000,0.1827,0.0000,0.1827,0.0000,1,
29.0603,192.5700,BASELINE_COLLECTION,STANCE,0.2636,-29.500,-108.900,-29.500,0.0000,0.0000,0.1634,0.0000,0.1634,0.0000,1,
29.0683,192.5800,BASELINE_COLLECTION,STANCE,0.2733,-30.500,-91.700,-30.500,0.0000,0.0000,0.1376,0.0000,0.1376,0.0000,1,
29.0803,192.5900,BASELINE_COLLECTION,STANCE,0.2829,-31.300,-72.200,-31.300,0.0000,0.0000,0.1083,0.0000,0.1083,0.0000,1,
29.0882,192.6000,BASELINE_COLLECTION,STANCE,0.2926,-31.900,-51.600,-31.900,0.0000,0.0000,0.0774,0.0000,0.0774,0.0000,1,
29.1003,192.6100,BASELINE_COLLECTION,STANCE,0.3023,-32.300,-32.500,-32.300,0.0000,0.0000,0.0488,0.0000,0.0488,0.0000,1,
29.1082,192.6200,BASELINE_COLLECTION,STANCE,0.3120,-32.500,-14.300,-32.500,0.0000,0.0000,0.0215,0.0000,0.0215,0.0000,1,
29.1202,192.6300,BASELINE_COLLECTION,STANCE,0.3217,-32.500,-3.000,-32.500,0.0000,0.0000,0.0045,0.0000,0.0045,0.0000,1,
29.1281,192.6400,BASELINE_COLLECTION,STANCE,0.3314,-32.500,0.200,-32.500,0.0000,0.0000,-0.0003,0.0000,-0.0003,0.0000,0,
29.1401,192.6500,BASELINE_COLLECTION,STANCE,0.3411,-32.500,-3.000,-32.500,0.0000,0.0000,0.0045,0.0000,0.0045,0.0000,1,
29.1482,192.6600,BASELINE_COLLECTION,STANCE,0.3508,-32.600,-9.100,-32.600,0.0000,0.0000,0.0136,0.0000,0.0136,0.0000,1,
29.1602,192.6700,BASELINE_COLLECTION,STANCE,0.3605,-32.700,-14.000,-32.700,0.0000,0.0000,0.0210,0.0000,0.0210,0.0000,1,
29.1682,192.6800,BASELINE_COLLECTION,STANCE,0.3702,-32.900,-21.800,-32.900,0.0000,0.0000,0.0327,0.0000,0.0327,0.0000,1,
29.1802,192.6900,BASELINE_COLLECTION,STANCE,0.3798,-33.200,-34.300,-33.200,0.0000,0.0000,0.0514,0.0000,0.0514,0.0000,1,
29.1882,192.7000,BASELINE_COLLECTION,STANCE,0.3895,-33.700,-49.000,-33.700,0.0000,0.0000,0.0735,0.0000,0.0735,0.0000,1,
29.2002,192.7100,BASELINE_COLLECTION,STANCE,0.3992,-34.300,-68.000,-34.300,0.0000,0.0000,0.1020,0.0000,0.1020,0.0000,1,
29.2082,192.7200,BASELINE_COLLECTION,STANCE,0.4089,-35.100,-89.300,-35.100,0.0000,0.0000,0.1339,0.0000,0.1339,0.0000,1,
29.2201,192.7300,BASELINE_COLLECTION,STANCE,0.4186,-36.100,-104.100,-36.100,0.0000,0.0000,0.1561,0.0000,0.1561,0.0000,1,
29.2282,192.7400,BASELINE_COLLECTION,STANCE,0.4283,-37.200,-117.200,-37.200,0.0000,0.0000,0.1758,0.0000,0.1758,0.0000,1,
29.2403,192.7500,BASELINE_COLLECTION,STANCE,0.4380,-38.500,-127.200,-38.500,0.0000,0.0000,0.1908,0.0000,0.1908,0.0000,1,
29.2483,192.7600,BASELINE_COLLECTION,STANCE,0.4477,-39.800,-132.700,-39.800,0.0000,0.0000,0.1990,0.0000,0.1990,0.0000,1,
29.2603,192.7700,BASELINE_COLLECTION,STANCE,0.4574,-41.100,-133.700,-41.100,0.0000,0.0000,0.2005,0.0000,0.2005,0.0000,1,
29.2683,192.7800,BASELINE_COLLECTION,STANCE,0.4671,-42.500,-129.900,-42.500,0.0000,0.0000,0.1949,0.0000,0.1949,0.0000,1,
29.2803,192.7900,BASELINE_COLLECTION,STANCE,0.4767,-43.700,-122.200,-43.700,0.0000,0.0000,0.1833,0.0000,0.1833,0.0000,1,
29.2883,192.8000,BASELINE_COLLECTION,STANCE,0.4864,-44.900,-110.500,-44.900,0.0000,0.0000,0.1658,0.0000,0.1658,0.0000,1,
29.3002,192.8100,BASELINE_COLLECTION,STANCE,0.4961,-45.900,-96.800,-45.900,0.0000,0.0000,0.1452,0.0000,0.1452,0.0000,1,
29.3083,192.8200,BASELINE_COLLECTION,STANCE,0.5058,-46.700,-79.600,-46.700,0.0000,0.0000,0.1194,0.0000,0.1194,0.0000,1,
29.3202,192.8300,BASELINE_COLLECTION,STANCE,0.5155,-47.400,-61.400,-47.400,0.0000,0.0000,0.0921,0.0000,0.0921,0.0000,1,
29.3283,192.8400,BASELINE_COLLECTION,STANCE,0.5252,-47.900,-45.100,-47.900,0.0000,0.0000,0.0677,0.0000,0.0677,0.0000,1,
29.3402,192.8500,BASELINE_COLLECTION,STANCE,0.5349,-48.200,-27.300,-48.200,0.0000,0.0000,0.0410,0.0000,0.0410,0.0000,1,
29.3482,192.8600,BASELINE_COLLECTION,STANCE,0.5446,-48.400,-9.800,-48.400,0.0000,0.0000,0.0147,0.0000,0.0147,0.0000,1,
29.3602,192.8700,BASELINE_COLLECTION,STANCE,0.5543,-48.400,2.200,-48.400,0.0000,0.0000,-0.0033,0.0000,-0.0033,0.0000,0,
29.3682,192.8800,BASELINE_COLLECTION,STANCE,0.5640,-48.300,2.200,-48.300,0.0000,0.0000,-0.0033,0.0000,-0.0033,0.0000,0,
29.3802,192.8900,BASELINE_COLLECTION,STANCE,0.5736,-48.300,-1.100,-48.300,0.0000,0.0000,0.0017,0.0000,0.0017,0.0000,1,
29.3881,192.9000,BASELINE_COLLECTION,STANCE,0.5833,-48.400,-0.100,-48.400,0.0000,0.0000,0.0002,0.0000,0.0002,0.0000,1,
29.4003,192.9100,BASELINE_COLLECTION,STANCE,0.5930,-48.400,-0.800,-48.400,0.0000,0.0000,0.0012,0.0000,0.0012,0.0000,1,
29.4082,192.9200,BASELINE_COLLECTION,STANCE,0.6027,-48.400,-1.200,-48.400,0.0000,0.0000,0.0018,0.0000,0.0018,0.0000,1,
29.4202,192.9300,BASELINE_COLLECTION,STANCE,0.6124,-48.400,-0.600,-48.400,0.0000,0.0000,0.0009,0.0000,0.0009,0.0000,1,
29.4282,192.9400,BASELINE_COLLECTION,STANCE,0.6221,-48.400,-1.700,-48.400,0.0000,0.0000,0.0026,0.0000,0.0026,0.0000,1,
29.4402,192.9500,BASELINE_COLLECTION,STANCE,0.6318,-48.400,-2.100,-48.400,0.0000,0.0000,0.0032,0.0000,0.0032,0.0000,1,
29.4482,192.9600,BASELINE_COLLECTION,STANCE,0.6415,-48.400,-3.300,-48.400,0.0000,0.0000,0.0049,0.0000,0.0049,0.0000,1,
29.4642,192.9700,BASELINE_COLLECTION,STANCE,0.6512,-48.500,-6.500,-48.500,0.0000,0.0000,0.0097,0.0000,0.0097,0.0000,1,
29.4722,192.9900,BASELINE_COLLECTION,STANCE,0.6705,-48.800,-19.900,-48.800,0.0000,0.0000,0.0298,0.0000,0.0298,0.0000,1,
29.4843,193.0000,BASELINE_COLLECTION,STANCE,0.6802,-48.900,-24.500,-48.900,0.0000,0.0000,0.0367,0.0000,0.0367,0.0000,1,
29.4922,193.0100,BASELINE_COLLECTION,STANCE,0.6899,-49.400,-37.400,-49.400,0.0000,0.0000,0.0561,0.0000,0.0561,0.0000,1,
29.5042,193.0200,BASELINE_COLLECTION,STANCE,0.6996,-49.800,-48.000,-49.800,0.0000,0.0000,0.0720,0.0000,0.0720,0.0000,1,
29.5122,193.0300,BASELINE_COLLECTION,STANCE,0.7093,-50.400,-59.000,-50.400,0.0000,0.0000,0.0885,0.0000,0.0885,0.0000,1,
29.5242,193.0400,BASELINE_COLLECTION,STANCE,0.7190,-51.100,-69.300,-51.100,0.0000,0.0000,0.1040,0.0000,0.1040,0.0000,1,
29.5322,193.0500,BASELINE_COLLECTION,STANCE,0.7287,-51.800,-78.400,-51.800,0.0000,0.0000,0.1176,0.0000,0.1176,0.0000,1,
29.5441,193.0600,BASELINE_COLLECTION,STANCE,0.7384,-52.700,-87.600,-52.700,0.0000,0.0000,0.1314,0.0000,0.1314,0.0000,1,
29.5522,193.0700,BASELINE_COLLECTION,STANCE,0.7481,-53.600,-97.300,-53.600,0.0000,0.0000,0.1459,0.0000,0.1459,0.0000,1,
29.5643,193.0800,BASELINE_COLLECTION,STANCE,0.7578,-54.600,-106.300,-54.600,0.0000,0.0000,0.1595,0.0000,0.1595,0.0000,1,
29.5723,193.0900,BASELINE_COLLECTION,STANCE,0.7674,-55.700,-116.400,-55.700,0.0000,0.0000,0.1746,0.0000,0.1746,0.0000,1,
29.5843,193.1000,BASELINE_COLLECTION,STANCE,0.7771,-57.000,-130.500,-57.000,0.0000,0.0000,0.1958,0.0000,0.1958,0.0000,1,
29.5922,193.1100,BASELINE_COLLECTION,STANCE,0.7868,-58.400,-147.700,-58.400,0.0000,0.0000,0.2215,0.0000,0.2215,0.0000,1,
29.6043,193.1200,BASELINE_COLLECTION,STANCE,0.7965,-60.100,-167.900,-60.100,0.0000,0.0000,0.2519,0.0000,0.2519,0.0000,1,
29.6123,193.1300,BASELINE_COLLECTION,STANCE,0.8062,-61.900,-187.500,-61.900,0.0000,0.0000,0.2812,0.0000,0.2812,0.0000,1,
29.6242,193.1400,BASELINE_COLLECTION,STANCE,0.8159,-63.900,-208.800,-63.900,0.0000,0.0000,0.3132,0.0000,0.3132,0.0000,1,
29.6323,193.1500,BASELINE_COLLECTION,STANCE,0.8256,-66.100,-231.100,-66.100,0.0000,0.0000,0.3467,0.0000,0.3467,0.0000,1,
29.6443,193.1600,BASELINE_COLLECTION,STANCE,0.8353,-68.600,-256.200,-68.600,0.0000,0.0000,0.3843,0.0000,0.3843,0.0000,1,
29.6522,193.1700,BASELINE_COLLECTION,STANCE,0.0000,-71.400,-283.600,-71.400,0.0000,0.0000,0.4254,0.0000,0.4254,0.0000,1,
29.6641,193.1800,BASELINE_COLLECTION,STANCE,0.0107,-74.400,-308.600,-74.400,0.0000,0.0000,0.4629,0.0000,0.4629,0.0000,1,
29.6763,193.1900,BASELINE_COLLECTION,STANCE,0.0214,-77.700,-339.400,-77.700,0.0000,0.0000,0.5091,0.0000,0.5091,0.0000,1,
29.6843,193.2000,BASELINE_COLLECTION,STANCE,0.0321,-81.400,-373.800,-81.400,0.0000,0.0000,0.5607,0.0000,0.5607,0.0000,1,
29.6963,193.2100,BASELINE_COLLECTION,STANCE,0.0427,-85.300,-403.100,-85.300,0.0000,0.0000,0.6047,0.0000,0.6047,0.0000,1,
29.7043,193.2200,BASELINE_COLLECTION,STANCE,0.0534,-89.600,-430.100,-89.600,0.0000,0.0000,0.6452,0.0000,0.6452,0.0000,1,
29.7162,193.2300,BASELINE_COLLECTION,STANCE,0.0641,-93.400,-438.000,-93.400,0.0000,0.0000,0.6570,0.0000,0.6570,0.0000,1,
29.7243,193.2400,BASELINE_COLLECTION,STANCE,0.0748,-98.400,-451.400,-98.400,0.0000,0.0000,0.6771,0.0000,0.6771,0.0000,1,
29.7363,193.2500,BASELINE_COLLECTION,STANCE,0.0855,-102.800,-449.800,-102.800,0.0000,0.0000,0.6747,0.0000,0.6747,0.0000,1,
29.7442,193.2600,BASELINE_COLLECTION,STANCE,0.0962,-107.400,-450.100,-107.400,0.0000,0.0000,0.6752,0.0000,0.6752,0.0000,1,
29.7563,193.2700,BASELINE_COLLECTION,STANCE,0.1068,-111.800,-437.800,-111.800,0.0000,0.0000,0.6567,0.0000,0.6567,0.0000,1,
29.7642,193.2800,BASELINE_COLLECTION,STANCE,0.1175,-116.000,-421.400,-116.000,0.0000,0.0000,0.6321,0.0000,0.6321,0.0000,1,
29.7762,193.2900,BASELINE_COLLECTION,STANCE,0.1282,-120.100,-398.200,-120.100,0.0000,0.0000,0.5973,0.0000,0.5973,0.0000,1,
29.7842,193.3000,BASELINE_COLLECTION,STANCE,0.1389,-123.900,-370.400,-123.900,0.0000,0.0000,0.5556,0.0000,0.5556,0.0000,1,
29.7962,193.3100,BASELINE_COLLECTION,STANCE,0.1496,-127.400,-328.500,-127.400,0.0000,0.0000,0.4928,0.0000,0.4928,0.0000,1,
29.8042,193.3200,BASELINE_COLLECTION,STANCE,0.1603,-130.300,-278.700,-130.300,0.0000,0.0000,0.4180,0.0000,0.4180,0.0000,1,
29.8163,193.3300,BASELINE_COLLECTION,STANCE,0.1709,-132.800,-233.100,-132.800,0.0000,0.0000,0.3497,0.0000,0.3497,0.0000,1,
29.8243,193.3400,BASELINE_COLLECTION,STANCE,0.1816,-134.800,-186.800,-134.800,0.0000,0.0000,0.2802,0.0000,0.2802,0.0000,1,
29.8363,193.3500,BASELINE_COLLECTION,STANCE,0.1923,-136.300,-138.300,-136.300,0.0000,0.0000,0.2075,0.0000,0.2075,0.0000,1,
29.8442,193.3600,BASELINE_COLLECTION,STANCE,0.2030,-137.400,-90.700,-137.400,0.0000,0.0000,0.1361,0.0000,0.1361,0.0000,1,
29.8563,193.3700,BASELINE_COLLECTION,STANCE,0.2137,-138.000,-42.700,-138.000,0.0000,0.0000,0.0641,0.0000,0.0641,0.0000,1,
29.8643,193.3800,BASELINE_COLLECTION,STANCE,0.2244,-138.000,5.500,-138.000,0.0000,0.0000,-0.0083,0.0000,-0.0083,0.0000,0,
29.8762,193.3900,BASELINE_COLLECTION,STANCE,0.2350,-137.700,41.400,-137.700,0.0000,0.0000,-0.0621,0.0000,-0.0621,0.0000,0,
29.8842,193.4000,BASELINE_COLLECTION,STANCE,0.2457,-137.100,69.600,-137.100,0.0000,0.0000,-0.1044,0.0000,-0.1044,0.0000,0,
29.8962,193.4100,BASELINE_COLLECTION,SWING,0.0096,-136.200,95.700,-136.200,0.0302,0.0000,-0.1436,0.0000,-0.1436,0.0000,0,
29.9042,193.4200,BASELINE_COLLECTION,SWING,0.0256,-135.100,122.500,-135.100,0.0805,0.0000,-0.1837,0.0000,-0.1837,0.0000,0,
29.9163,193.4300,BASELINE_COLLECTION,SWING,0.0417,-133.700,147.500,-133.700,0.1305,0.0000,-0.2213,0.0000,-0.2213,0.0000,0,
29.9242,193.4400,BASELINE_COLLECTION,SWING,0.0577,-132.100,170.900,-132.100,0.1803,0.0000,-0.2564,0.0000,-0.2564,0.0000,0,
29.9363,193.4500,BASELINE_COLLECTION,SWING,0.0737,-130.200,192.400,-130.200,0.2295,0.0000,-0.2886,0.0000,-0.2886,0.0000,0,
29.9442,193.4600,BASELINE_COLLECTION,SWING,0.0897,-128.100,217.800,-128.100,0.2782,0.0000,-0.3267,0.0000,-0.3267,0.0000,0,
29.9563,193.4700,BASELINE_COLLECTION,SWING,0.1058,-125.700,244.900,-125.700,0.3262,0.0000,-0.3674,0.0000,-0.3674,0.0000,0,
29.9642,193.4800,BASELINE_COLLECTION,SWING,0.1218,-123.100,268.500,-123.100,0.3734,0.0000,-0.4027,0.0000,-0.4027,0.0000,0,
29.9762,193.4900,BASELINE_COLLECTION,SWING,0.1378,-120.300,288.600,-120.300,0.4196,0.0000,-0.4329,0.0000,-0.4329,0.0000,0,
29.9842,193.5000,BASELINE_COLLECTION,SWING,0.1538,-117.300,310.300,-117.300,0.4647,0.0000,-0.4655,0.0000,-0.4655,0.0000,0,
29.9963,193.5100,BASELINE_COLLECTION,SWING,0.1699,-114.000,331.700,-114.000,0.5087,0.0000,-0.4975,0.0000,-0.4975,0.0000,0,
30.0042,193.5200,BASELINE_COLLECTION,SWING,0.1859,-110.500,354.100,-110.500,0.5514,0.0000,-0.5312,0.0000,-0.5312,0.0000,0,
30.0162,193.5300,BASELINE_COLLECTION,SWING,0.2019,-106.800,382.600,-106.800,0.5927,0.0000,-0.5739,0.0000,-0.5739,0.0000,0,
30.0243,193.5400,BASELINE_COLLECTION,SWING,0.2179,-102.800,402.600,-102.800,0.6324,0.0000,-0.6039,0.0000,-0.6039,0.0000,0,
30.0363,193.5500,BASELINE_COLLECTION,SWING,0.2340,-98.600,428.400,-98.600,0.6706,0.0000,-0.6426,0.0000,-0.6426,0.0000,0,
30.0442,193.5600,BASELINE_COLLECTION,SWING,0.2500,-94.200,447.400,-94.200,0.7071,0.0000,-0.6711,0.0000,-0.6711,0.0000,0,
30.0562,193.5700,BASELINE_COLLECTION,SWING,0.2660,-89.600,470.000,-89.600,0.7418,0.0000,-0.7050,0.0000,-0.7050,0.0000,0,
30.0642,193.5800,BASELINE_COLLECTION,SWING,0.2821,-84.700,490.900,-84.700,0.7746,0.0000,-0.7363,0.0000,-0.7363,0.0000,0,
30.0763,193.5900,BASELINE_COLLECTION,SWING,0.2981,-79.700,503.400,-79.700,0.8055,0.0000,-0.7551,0.0000,-0.7551,0.0000,0,
30.0883,193.6000,BASELINE_COLLECTION,SWING,0.3141,-74.600,520.200,-74.600,0.8343,0.0000,-0.7803,0.0000,-0.7803,0.0000,0,
30.0962,193.6100,BASELINE_COLLECTION,SWING,0.3301,-69.200,543.700,-69.200,0.8609,0.0000,-0.8156,0.0000,-0.8156,0.0000,0,
30.1083,193.6200,BASELINE_COLLECTION,SWING,0.3462,-63.700,561.700,-63.700,0.8855,0.0000,-0.8426,0.0000,-0.8426,0.0000,0,
30.1163,193.6300,BASELINE_COLLECTION,SWING,0.3622,-57.900,580.600,-57.900,0.9077,0.0000,-0.8709,0.0000,-0.8709,0.0000,0,
30.1282,193.6400,BASELINE_COLLECTION,SWING,0.3782,-52.600,595.500,-52.600,0.9277,0.0000,-0.8932,0.0000,-0.8932,0.0000,0,
30.1362,193.6500,BASELINE_COLLECTION,SWING,0.3942,-46.000,598.600,-46.000,0.9453,0.0000,-0.8979,0.0000,-0.8979,0.0000,0,
30.1482,193.6600,BASELINE_COLLECTION,SWING,0.4103,-40.100,577.000,-40.100,0.9605,0.0000,-0.8655,0.0000,-0.8655,0.0000,0,
30.1561,193.6700,BASELINE_COLLECTION,SWING,0.4263,-34.500,550.300,-34.500,0.9733,0.0000,-0.8254,0.0000,-0.8254,0.0000,0,
30.1682,193.6800,BASELINE_COLLECTION,SWING,0.4423,-29.400,497.500,-29.400,0.9836,0.0000,-0.7462,0.0000,-0.7462,0.0000,0,
30.1762,193.6900,BASELINE_COLLECTION,SWING,0.4583,-24.800,433.100,-24.800,0.9914,0.0000,-0.6497,0.0000,-0.6497,0.0000,0,
30.1882,193.7000,BASELINE_COLLECTION,SWING,0.4744,-21.000,366.400,-21.000,0.9968,0.0000,-0.5496,0.0000,-0.5496,0.0000,0,
30.1962,193.7100,BASELINE_COLLECTION,SWING,0.4904,-17.700,312.700,-17.700,0.9995,0.0000,-0.4690,0.0000,-0.4690,0.0000,0,
30.2082,193.7200,BASELINE_COLLECTION,SWING,0.5064,-14.900,261.800,-14.900,0.9998,0.0000,-0.3927,0.0000,-0.3927,0.0000,0,
30.2160,193.7300,BASELINE_COLLECTION,SWING,0.5224,-12.600,216.700,-12.600,0.9975,0.0000,-0.3251,0.0000,-0.3251,0.0000,0,
30.2283,193.7400,BASELINE_COLLECTION,SWING,0.5385,-10.700,180.700,-10.700,0.9927,0.0000,-0.2711,0.0000,-0.2711,0.0000,0,
30.2362,193.7500,BASELINE_COLLECTION,SWING,0.5545,-9.100,148.100,-9.100,0.9854,0.0000,-0.2221,0.0000,-0.2221,0.0000,0,
30.2482,193.7600,BASELINE_COLLECTION,SWING,0.5705,-7.800,119.200,-7.800,0.9756,0.0000,-0.1788,0.0000,-0.1788,0.0000,0,
30.2562,193.7700,BASELINE_COLLECTION,SWING,0.5865,-6.900,92.100,-6.900,0.9633,0.0000,-0.1381,0.0000,-0.1381,0.0000,0,
30.2682,193.7800,BASELINE_COLLECTION,SWING,0.6026,-6.300,44.600,-6.300,0.9485,0.0000,-0.0669,0.0000,-0.0669,0.0000,0,
30.2762,193.7900,BASELINE_COLLECTION,SWING,0.6186,-6.100,7.800,-6.100,0.9314,0.0000,-0.0117,0.0000,-0.0117,0.0000,0,
30.2882,193.8000,BASELINE_COLLECTION,SWING,0.6346,-6.100,-5.800,-6.100,0.9119,0.0000,0.0087,0.0000,0.0087,0.0000,1,
30.2962,193.8100,BASELINE_COLLECTION,SWING,0.6506,-6.100,-0.300,-6.100,0.8901,0.0000,0.0004,0.0000,0.0004,0.0000,1,
30.3082,193.8200,BASELINE_COLLECTION,SWING,0.6667,-6.200,-2.700,-6.200,0.8660,0.0000,0.0041,0.0000,0.0041,0.0000,1,
30.3161,193.8300,BASELINE_COLLECTION,SWING,0.6827,-6.200,-5.800,-6.200,0.8398,0.0000,0.0087,0.0000,0.0087,0.0000,1,
30.3283,193.8400,BASELINE_COLLECTION,SWING,0.6987,-6.300,-15.800,-6.300,0.8114,0.0000,0.0237,0.0000,0.0237,0.0000,1,
30.3362,193.8500,BASELINE_COLLECTION,SWING,0.7147,-6.600,-31.100,-6.600,0.7809,0.0000,0.0467,0.0000,0.0467,0.0000,1,
30.3482,193.8600,BASELINE_COLLECTION,SWING,0.7308,-7.000,-40.600,-7.000,0.7485,0.0000,0.0609,0.0000,0.0609,0.0000,1,
30.3562,193.8700,BASELINE_COLLECTION,SWING,0.7468,-7.400,-44.800,-7.400,0.7142,0.0000,0.0672,0.0000,0.0672,0.0000,1,
30.3682,193.8800,BASELINE_COLLECTION,SWING,0.7628,-7.900,-53.000,-7.900,0.6781,0.0000,0.0795,0.0000,0.0795,0.0000,1,
30.3763,193.8900,BASELINE_COLLECTION,SWING,0.7788,-8.500,-67.200,-8.500,0.6402,0.0000,0.1008,0.0000,0.1008,0.0000,1,
30.3882,193.9000,BASELINE_COLLECTION,SWING,0.7949,-9.300,-83.000,-9.300,0.6007,0.0000,0.1245,0.0000,0.1245,0.0000,1,
30.3963,193.9100,BASELINE_COLLECTION,SWING,0.8109,-10.300,-102.200,-10.300,0.5597,0.0000,0.1533,0.0000,0.1533,0.0000,1,
30.4083,193.9200,BASELINE_COLLECTION,SWING,0.8269,-11.500,-128.300,-11.500,0.5173,0.0000,0.1925,0.0000,0.1925,0.0000,1,
30.4163,193.9300,BASELINE_COLLECTION,SWING,0.8429,-13.000,-155.400,-13.000,0.4736,0.0000,0.2331,0.0000,0.2331,0.0000,1,
30.4282,193.9400,BASELINE_COLLECTION,SWING,0.8590,-14.700,-174.000,-14.700,0.4287,0.0000,0.2610,0.0000,0.2610,0.0000,1,
30.4363,193.9500,BASELINE_COLLECTION,SWING,0.8750,-16.400,-169.800,-16.400,0.3827,0.0000,0.2547,0.0000,0.2547,0.0000,1,
30.4482,193.9600,BASELINE_COLLECTION,SWING,0.8910,-17.900,-149.200,-17.900,0.3357,0.0000,0.2238,0.0000,0.2238,0.0000,1,
30.4563,193.9700,BASELINE_COLLECTION,SWING,0.9071,-19.300,-122.300,-19.300,0.2879,0.0000,0.1835,0.0000,0.1835,0.0000,1,
30.4682,193.9800,BASELINE_COLLECTION,SWING,0.9231,-20.300,-93.700,-20.300,0.2393,0.0000,0.1406,0.0000,0.1406,0.0000,1,
30.4763,193.9900,BASELINE_COLLECTION,SWING,0.9391,-21.000,-65.400,-21.000,0.1902,0.0000,0.0981,0.0000,0.0981,0.0000,1,
30.4883,194.0000,BASELINE_COLLECTION,SWING,0.9551,-21.300,-51.500,-21.300,0.1405,0.0000,0.0772,0.0000,0.0772,0.0000,1,
30.4963,194.0100,BASELINE_COLLECTION,SWING,0.9712,-21.700,-19.200,-21.700,0.0905,0.0000,0.0288,0.0000,0.0288,0.0000,1,
30.5083,194.0200,BASELINE_COLLECTION,SWING,0.9872,-21.800,-6.600,-21.800,0.0403,0.0000,0.0099,0.0000,0.0099,0.0000,1,
30.5163,194.0300,BASELINE_COLLECTION,STANCE,0.2521,-21.900,-1.300,-21.900,0.0000,0.0000,0.0020,0.0000,0.0020,0.0000,1,
30.5283,194.0400,BASELINE_COLLECTION,STANCE,0.2628,-21.900,-1.200,-21.900,0.0000,0.0000,0.0018,0.0000,0.0018,0.0000,1,
30.5363,194.0500,BASELINE_COLLECTION,STANCE,0.2735,-21.900,-4.600,-21.900,0.0000,0.0000,0.0069,0.0000,0.0069,0.0000,1,
30.5482,194.0600,BASELINE_COLLECTION,STANCE,0.2842,-22.000,-8.700,-22.000,0.0000,0.0000,0.0130,0.0000,0.0130,0.0000,1,
30.5562,194.0700,BASELINE_COLLECTION,STANCE,0.2949,-22.100,-16.900,-22.100,0.0000,0.0000,0.0253,0.0000,0.0253,0.0000,1,
30.5642,194.0800,BASELINE_COLLECTION,STANCE,0.3056,-22.400,-29.300,-22.400,0.0000,0.0000,0.0440,0.0000,0.0440,0.0000,1,
30.5802,194.0900,BASELINE_COLLECTION,STANCE,0.3162,-22.800,-42.000,-22.800,0.0000,0.0000,0.0630,0.0000,0.0630,0.0000,1,
30.5883,194.1000,BASELINE_COLLECTION,STANCE,0.3269,-23.300,-59.200,-23.300,0.0000,0.0000,0.0888,0.0000,0.0888,0.0000,1,
30.6002,194.1100,BASELINE_COLLECTION,STANCE,0.3376,-24.000,-75.100,-24.000,0.0000,0.0000,0.1127,0.0000,0.1127,0.0000,1,
30.6083,194.1200,BASELINE_COLLECTION,STANCE,0.3483,-24.800,-88.300,-24.800,0.0000,0.0000,0.1325,0.0000,0.1325,0.0000,1,
30.6203,194.1300,BASELINE_COLLECTION,STANCE,0.3590,-25.800,-97.800,-25.800,0.0000,0.0000,0.1467,0.0000,0.1467,0.0000,1,
30.6283,194.1400,BASELINE_COLLECTION,STANCE,0.3697,-26.800,-105.300,-26.800,0.0000,0.0000,0.1580,0.0000,0.1580,0.0000,1,
30.6402,194.1500,BASELINE_COLLECTION,STANCE,0.3803,-27.900,-105.600,-27.900,0.0000,0.0000,0.1584,0.0000,0.1584,0.0000,1,
30.6483,194.1600,BASELINE_COLLECTION,STANCE,0.3910,-28.900,-103.900,-28.900,0.0000,0.0000,0.1559,0.0000,0.1559,0.0000,1,
30.6602,194.1700,BASELINE_COLLECTION,STANCE,0.4017,-30.000,-99.800,-30.000,0.0000,0.0000,0.1497,0.0000,0.1497,0.0000,1,
30.6683,194.1800,BASELINE_COLLECTION,STANCE,0.4124,-30.900,-90.800,-30.900,0.0000,0.0000,0.1362,0.0000,0.1362,0.0000,1,
30.6802,194.1900,BASELINE_COLLECTION,STANCE,0.4231,-31.700,-80.700,-31.700,0.0000,0.0000,0.1211,0.0000,0.1211,0.0000,1,
30.6883,194.2000,BASELINE_COLLECTION,STANCE,0.4338,-32.500,-69.400,-32.500,0.0000,0.0000,0.1041,0.0000,0.1041,0.0000,1,
30.7002,194.2100,BASELINE_COLLECTION,STANCE,0.4444,-33.000,-52.900,-33.000,0.0000,0.0000,0.0794,0.0000,0.0794,0.0000,1,
30.7083,194.2200,BASELINE_COLLECTION,STANCE,0.4551,-33.400,-32.300,-33.400,0.0000,0.0000,0.0485,0.0000,0.0485,0.0000,1,
30.7202,194.2300,BASELINE_COLLECTION,STANCE,0.4658,-33.600,-13.800,-33.600,0.0000,0.0000,0.0207,0.0000,0.0207,0.0000,1,
30.7283,194.2400,BASELINE_COLLECTION,STANCE,0.4765,-33.700,0.200,-33.700,0.0000,0.0000,-0.0003,0.0000,-0.0003,0.0000,0,
30.7403,194.2500,BASELINE_COLLECTION,STANCE,0.4872,-33.600,2.000,-33.600,0.0000,0.0000,-0.0030,0.0000,-0.0030,0.0000,0,
30.7483,194.2600,BASELINE_COLLECTION,STANCE,0.4979,-33.600,-2.000,-33.600,0.0000,0.0000,0.0030,0.0000,0.0030,0.0000,1,
30.7602,194.2700,BASELINE_COLLECTION,STANCE,0.5085,-33.700,-1.800,-33.700,0.0000,0.0000,0.0027,0.0000,0.0027,0.0000,1,
30.7683,194.2800,BASELINE_COLLECTION,STANCE,0.5192,-33.700,-4.200,-33.700,0.0000,0.0000,0.0063,0.0000,0.0063,0.0000,1,
30.7803,194.2900,BASELINE_COLLECTION,STANCE,0.5299,-33.800,-8.900,-33.800,0.0000,0.0000,0.0134,0.0000,0.0134,0.0000,1,
30.7882,194.3000,BASELINE_COLLECTION,STANCE,0.5406,-33.900,-18.500,-33.900,0.0000,0.0000,0.0278,0.0000,0.0278,0.0000,1,
30.8002,194.3100,BASELINE_COLLECTION,STANCE,0.5513,-34.200,-38.200,-34.200,0.0000,0.0000,0.0573,0.0000,0.0573,0.0000,1,
30.8082,194.3200,BASELINE_COLLECTION,STANCE,0.5620,-34.800,-59.200,-34.800,0.0000,0.0000,0.0888,0.0000,0.0888,0.0000,1,
30.8203,194.3300,BASELINE_COLLECTION,STANCE,0.5726,-35.500,-79.300,-35.500,0.0000,0.0000,0.1190,0.0000,0.1190,0.0000,1,
30.8283,194.3400,BASELINE_COLLECTION,STANCE,0.5833,-36.400,-97.000,-36.400,0.0000,0.0000,0.1455,0.0000,0.1455,0.0000,1,
30.8403,194.3500,BASELINE_COLLECTION,STANCE,0.5940,-37.500,-116.000,-37.500,0.0000,0.0000,0.1740,0.0000,0.1740,0.0000,1,
30.8482,194.3600,BASELINE_COLLECTION,STANCE,0.6047,-38.800,-132.000,-38.800,0.0000,0.0000,0.1980,0.0000,0.1980,0.0000,1,
30.8602,194.3700,BASELINE_COLLECTION,STANCE,0.6154,-40.200,-145.200,-40.200,0.0000,0.0000,0.2178,0.0000,0.2178,0.0000,1,
30.8683,194.3800,BASELINE_COLLECTION,STANCE,0.6261,-41.700,-153.400,-41.700,0.0000,0.0000,0.2301,0.0000,0.2301,0.0000,1,
30.8803,194.3900,BASELINE_COLLECTION,STANCE,0.6368,-43.300,-156.500,-43.300,0.0000,0.0000,0.2348,0.0000,0.2348,0.0000,1,
30.8881,194.4000,BASELINE_COLLECTION,STANCE,0.6474,-44.800,-154.300,-44.800,0.0000,0.0000,0.2315,0.0000,0.2315,0.0000,1,
30.9001,194.4100,BASELINE_COLLECTION,STANCE,0.6581,-46.300,-148.600,-46.300,0.0000,0.0000,0.2229,0.0000,0.2229,0.0000,1,
30.9080,194.4200,BASELINE_COLLECTION,STANCE,0.6688,-47.800,-139.700,-47.800,0.0000,0.0000,0.2095,0.0000,0.2095,0.0000,1,
30.9161,194.4300,BASELINE_COLLECTION,STANCE,0.6795,-49.100,-127.300,-49.100,0.0000,0.0000,0.1910,0.0000,0.1910,0.0000,1,
30.9283,194.4400,BASELINE_COLLECTION,STANCE,0.6902,-50.300,-112.200,-50.300,0.0000,0.0000,0.1683,0.0000,0.1683,0.0000,1,
30.9403,194.4500,BASELINE_COLLECTION,STANCE,0.7009,-51.300,-95.400,-51.300,0.0000,0.0000,0.1431,0.0000,0.1431,0.0000,1,
30.9481,194.4600,BASELINE_COLLECTION,STANCE,0.7115,-52.100,-75.900,-52.100,0.0000,0.0000,0.1139,0.0000,0.1139,0.0000,1,
30.9602,194.4700,BASELINE_COLLECTION,STANCE,0.7222,-52.700,-57.400,-52.700,0.0000,0.0000,0.0861,0.0000,0.0861,0.0000,1,
30.9682,194.4800,BASELINE_COLLECTION,STANCE,0.7329,-53.200,-41.500,-53.200,0.0000,0.0000,0.0622,0.0000,0.0622,0.0000,1,
30.9802,194.4900,BASELINE_COLLECTION,STANCE,0.7436,-53.500,-26.300,-53.500,0.0000,0.0000,0.0394,0.0000,0.0394,0.0000,1,
30.9881,194.5000,BASELINE_COLLECTION,STANCE,0.7543,-53.700,-12.700,-53.700,0.0000,0.0000,0.0191,0.0000,0.0191,0.0000,1,
31.0002,194.5100,BASELINE_COLLECTION,STANCE,0.7650,-53.700,-2.800,-53.700,0.0000,0.0000,0.0042,0.0000,0.0042,0.0000,1,
31.0082,194.5200,BASELINE_COLLECTION,STANCE,0.7756,-53.700,0.800,-53.700,0.0000,0.0000,-0.0012,0.0000,-0.0012,0.0000,0,
31.0202,194.5300,BASELINE_COLLECTION,STANCE,0.7863,-53.700,-1.000,-53.700,0.0000,0.0000,0.0015,0.0000,0.0015,0.0000,1,
31.0282,194.5400,BASELINE_COLLECTION,STANCE,0.7970,-53.700,-1.000,-53.700,0.0000,0.0000,0.0015,0.0000,0.0015,0.0000,1,
31.0402,194.5500,BASELINE_COLLECTION,STANCE,0.8077,-53.700,-1.700,-53.700,0.0000,0.0000,0.0026,0.0000,0.0026,0.0000,1,
31.0482,194.5600,BASELINE_COLLECTION,STANCE,0.8184,-53.800,-3.700,-53.800,0.0000,0.0000,0.0056,0.0000,0.0056,0.0000,1,
31.0602,194.5700,BASELINE_COLLECTION,STANCE,0.8291,-53.800,-8.000,-53.800,0.0000,0.0000,0.0120,0.0000,0.0120,0.0000,1,
31.0682,194.5800,BASELINE_COLLECTION,STANCE,0.8397,-54.000,-16.000,-54.000,0.0000,0.0000,0.0240,0.0000,0.0240,0.0000,1,
31.0802,194.5900,BASELINE_COLLECTION,STANCE,0.8504,-54.200,-28.100,-54.200,0.0000,0.0000,0.0421,0.0000,0.0421,0.0000,1,
31.0882,194.6000,BASELINE_COLLECTION,STANCE,0.8611,-54.600,-41.200,-54.600,0.0000,0.0000,0.0618,0.0000,0.0618,0.0000,1,
31.1002,194.6100,BASELINE_COLLECTION,STANCE,0.8718,-55.100,-56.700,-55.100,0.0000,0.0000,0.0851,0.0000,0.0851,0.0000,1,
31.1082,194.6200,BASELINE_COLLECTION,STANCE,0.8825,-55.800,-74.100,-55.800,0.0000,0.0000,0.1111,0.0000,0.1111,0.0000,1,
31.1202,194.6300,BASELINE_COLLECTION,STANCE,0.8932,-56.600,-91.700,-56.600,0.0000,0.0000,0.1376,0.0000,0.1376,0.0000,1,
31.1282,194.6400,BASELINE_COLLECTION,STANCE,0.9038,-57.700,-109.200,-57.700,0.0000,0.0000,0.1638,0.0000,0.1638,0.0000,1,
31.1402,194.6500,BASELINE_COLLECTION,STANCE,0.9145,-58.900,-129.200,-58.900,0.0000,0.0000,0.1938,0.0000,0.1938,0.0000,1,
31.1482,194.6600,BASELINE_COLLECTION,STANCE,0.9252,-60.300,-148.800,-60.300,0.0000,0.0000,0.2232,0.0000,0.2232,0.0000,1,
31.1603,194.6700,BASELINE_COLLECTION,STANCE,0.9359,-62.000,-169.800,-62.000,0.0000,0.0000,0.2547,0.0000,0.2547,0.0000,1,
31.1682,194.6800,BASELINE_COLLECTION,STANCE,0.9466,-63.800,-187.300,-63.800,0.0000,0.0000,0.2810,0.0000,0.2810,0.0000,1,
31.1802,194.6900,BASELINE_COLLECTION,STANCE,0.9573,-65.800,-205.400,-65.800,0.0000,0.0000,0.3081,0.0000,0.3081,0.0000,1,
31.1882,194.7000,BASELINE_COLLECTION,STANCE,0.9679,-68.000,-226.200,-68.000,0.0000,0.0000,0.3393,0.0000,0.3393,0.0000,1,
31.2002,194.7100,BASELINE_COLLECTION,STANCE,0.0000,-70.400,-247.200,-70.400,0.0000,0.0000,0.3708,0.0000,0.3708,0.0000,1,
31.2087,194.7200,BASELINE_COLLECTION,STANCE,0.0108,-73.000,-263.400,-73.000,0.0000,0.0000,0.3951,0.0000,0.3951,0.0000,1,
31.2201,194.7300,BASELINE_COLLECTION,STANCE,0.0216,-75.700,-277.700,-75.700,0.0000,0.0000,0.4165,0.0000,0.4165,0.0000,1,
31.2282,194.7400,BASELINE_COLLECTION,STANCE,0.0325,-78.600,-295.900,-78.600,0.0000,0.0000,0.4438,0.0000,0.4438,0.0000,1,
31.2402,194.7500,BASELINE_COLLECTION,STANCE,0.0433,-81.700,-314.700,-81.700,0.0000,0.0000,0.4720,0.0000,0.4720,0.0000,1,
31.2482,194.7600,BASELINE_COLLECTION,STANCE,0.0541,-85.000,-334.300,-85.000,0.0000,0.0000,0.5015,0.0000,0.5015,0.0000,1,
31.2603,194.7700,BASELINE_COLLECTION,STANCE,0.0649,-88.500,-357.400,-88.500,0.0000,0.0000,0.5361,0.0000,0.5361,0.0000,1,
31.2722,194.7800,BASELINE_COLLECTION,STANCE,0.0758,-92.200,-373.100,-92.200,0.0000,0.0000,0.5597,0.0000,0.5597,0.0000,1,
31.2803,194.7900,BASELINE_COLLECTION,STANCE,0.0866,-96.000,-389.600,-96.000,0.0000,0.0000,0.5844,0.0000,0.5844,0.0000,1,
31.2924,194.8000,BASELINE_COLLECTION,STANCE,0.0974,-100.100,-406.600,-100.100,0.0000,0.0000,0.6099,0.0000,0.6099,0.0000,1,
31.3003,194.8100,BASELINE_COLLECTION,STANCE,0.1082,-104.200,-416.700,-104.200,0.0000,0.0000,0.6250,0.0000,0.6250,0.0000,1,
31.3122,194.8200,BASELINE_COLLECTION,STANCE,0.1190,-108.500,-430.000,-108.500,0.0000,0.0000,0.6450,0.0000,0.6450,0.0000,1,
31.3203,194.8300,BASELINE_COLLECTION,STANCE,0.1299,-112.800,-429.500,-112.800,0.0000,0.0000,0.6442,0.0000,0.6442,0.0000,1,
31.3323,194.8400,BASELINE_COLLECTION,STANCE,0.1407,-117.000,-426.300,-117.000,0.0000,0.0000,0.6395,0.0000,0.6395,0.0000,1,
31.3404,194.8500,BASELINE_COLLECTION,STANCE,0.1515,-121.200,-416.400,-121.200,0.0000,0.0000,0.6246,0.0000,0.6246,0.0000,1,
31.3523,194.8600,BASELINE_COLLECTION,STANCE,0.1623,-125.300,-401.800,-125.300,0.0000,0.0000,0.6027,0.0000,0.6027,0.0000,1,
31.3601,194.8700,BASELINE_COLLECTION,STANCE,0.1732,-129.100,-367.600,-129.100,0.0000,0.0000,0.5514,0.0000,0.5514,0.0000,1,
31.3722,194.8800,BASELINE_COLLECTION,STANCE,0.1840,-132.500,-326.500,-132.500,0.0000,0.0000,0.4898,0.0000,0.4898,0.0000,1,
31.3803,194.8900,BASELINE_COLLECTION,STANCE,0.1948,-135.500,-284.800,-135.500,0.0000,0.0000,0.4272,0.0000,0.4272,0.0000,1,
31.3922,194.9000,BASELINE_COLLECTION,STANCE,0.2056,-138.000,-237.500,-138.000,0.0000,0.0000,0.3563,0.0000,0.3563,0.0000,1,
31.4003,194.9100,BASELINE_COLLECTION,STANCE,0.2165,-140.000,-190.200,-140.000,0.0000,0.0000,0.2853,0.0000,0.2853,0.0000,1,
31.4123,194.9200,BASELINE_COLLECTION,STANCE,0.2273,-141.600,-142.100,-141.600,0.0000,0.0000,0.2132,0.0000,0.2132,0.0000,1,
31.4202,194.9300,BASELINE_COLLECTION,STANCE,0.2381,-142.700,-95.100,-142.700,0.0000,0.0000,0.1426,0.0000,0.1426,0.0000,1,
31.4323,194.9400,BASELINE_COLLECTION,STANCE,0.2489,-143.300,-47.000,-143.300,0.0000,0.0000,0.0705,0.0000,0.0705,0.0000,1,
31.4404,194.9500,BASELINE_COLLECTION,SWING,0.0146,-143.500,1.500,-143.500,0.0459,0.0000,-0.0023,0.0000,-0.0023,0.0000,0,
31.4523,194.9600,BASELINE_COLLECTION,SWING,0.0308,-143.200,35.400,-143.200,0.0967,0.0000,-0.0531,0.0000,-0.0531,0.0000,0,
31.4602,194.9700,BASELINE_COLLECTION,SWING,0.0471,-142.600,62.800,-142.600,0.1474,0.0000,-0.0942,0.0000,-0.0942,0.0000,0,
31.4722,194.9800,BASELINE_COLLECTION,SWING,0.0633,-141.800,87.800,-141.800,0.1976,0.0000,-0.1317,0.0000,-0.1317,0.0000,0,
31.4802,194.9900,BASELINE_COLLECTION,SWING,0.0795,-140.800,111.900,-140.800,0.2473,0.0000,-0.1678,0.0000,-0.1678,0.0000,0,
31.4923,195.0000,BASELINE_COLLECTION,SWING,0.0958,-140.100,125.200,-140.100,0.2964,0.0000,-0.1878,0.0000,-0.1878,0.0000,0,
31.5003,195.0100,BASELINE_COLLECTION,SWING,0.1120,-137.900,162.400,-137.900,0.3447,0.0000,-0.2436,0.0000,-0.2436,0.0000,0,
31.5123,195.0200,BASELINE_COLLECTION,SWING,0.1282,-136.100,187.600,-136.100,0.3921,0.0000,-0.2814,0.0000,-0.2814,0.0000,0,
31.5203,195.0300,BASELINE_COLLECTION,SWING,0.1445,-134.100,212.500,-134.100,0.4385,0.0000,-0.3188,0.0000,-0.3188,0.0000,0,
31.5322,195.0400,BASELINE_COLLECTION,SWING,0.1607,-131.800,233.400,-131.800,0.4837,0.0000,-0.3501,0.0000,-0.3501,0.0000,0,
31.5403,195.0500,BASELINE_COLLECTION,SWING,0.1769,-129.300,254.600,-129.300,0.5277,0.0000,-0.3819,0.0000,-0.3819,0.0000,0,
31.5522,195.0600,BASELINE_COLLECTION,SWING,0.1932,-126.600,281.700,-126.600,0.5703,0.0000,-0.4225,0.0000,-0.4225,0.0000,0,
31.5602,195.0700,BASELINE_COLLECTION,SWING,0.2094,-123.600,307.100,-123.600,0.6115,0.0000,-0.4607,0.0000,-0.4607,0.0000,0,
31.5722,195.0800,BASELINE_COLLECTION,SWING,0.2256,-120.400,326.000,-120.400,0.6510,0.0000,-0.4890,0.0000,-0.4890,0.0000,0,
31.5802,195.0900,BASELINE_COLLECTION,SWING,0.2419,-117.000,346.700,-117.000,0.6888,0.0000,-0.5201,0.0000,-0.5201,0.0000,0,
31.5922,195.1000,BASELINE_COLLECTION,SWING,0.2581,-113.400,368.400,-113.400,0.7249,0.0000,-0.5526,0.0000,-0.5526,0.0000,0,
31.6003,195.1100,BASELINE_COLLECTION,SWING,0.2744,-109.500,393.100,-109.500,0.7591,0.0000,-0.5897,0.0000,-0.5897,0.0000,0,
31.6123,195.1200,BASELINE_COLLECTION,SWING,0.2906,-105.400,419.700,-105.400,0.7913,0.0000,-0.6295,0.0000,-0.6295,0.0000,0,
31.6203,195.1300,BASELINE_COLLECTION,SWING,0.3068,-101.100,440.800,-101.100,0.8214,0.0000,-0.6612,0.0000,-0.6612,0.0000,0,
31.6322,195.1400,BASELINE_COLLECTION,SWING,0.3231,-96.500,467.100,-96.500,0.8494,0.0000,-0.7006,0.0000,-0.7006,0.0000,0,
31.6403,195.1500,BASELINE_COLLECTION,SWING,0.3393,-91.700,483.300,-91.700,0.8752,0.0000,-0.7249,0.0000,-0.7249,0.0000,0,
31.6523,195.1600,BASELINE_COLLECTION,SWING,0.3555,-86.700,510.900,-86.700,0.8987,0.0000,-0.7663,0.0000,-0.7663,0.0000,0,
31.6603,195.1700,BASELINE_COLLECTION,SWING,0.3718,-81.500,523.200,-81.500,0.9199,0.0000,-0.7848,0.0000,-0.7848,0.0000,0,
31.6723,195.1800,BASELINE_COLLECTION,SWING,0.3880,-76.100,538.500,-76.100,0.9387,0.0000,-0.8077,0.0000,-0.8077,0.0000,0,
31.6803,195.1900,BASELINE_COLLECTION,SWING,0.4042,-70.600,556.800,-70.600,0.9551,0.0000,-0.8352,0.0000,-0.8352,0.0000,0,
31.6922,195.2000,BASELINE_COLLECTION,SWING,0.4205,-65.000,568.500,-65.000,0.9689,0.0000,-0.8528,0.0000,-0.8528,0.0000,0,
31.7003,195.2100,BASELINE_COLLECTION,SWING,0.4367,-59.100,592.900,-59.100,0.9803,0.0000,-0.8893,0.0000,-0.8893,0.0000,0,
31.7123,195.2200,BASELINE_COLLECTION,SWING,0.4529,-53.100,613.900,-53.100,0.9891,0.0000,-0.9208,0.0000,-0.9208,0.0000,0,
31.7203,195.2300,BASELINE_COLLECTION,SWING,0.4692,-46.800,632.800,-46.800,0.9953,0.0000,-0.9492,0.0000,-0.9492,0.0000,0,
31.7323,195.2400,BASELINE_COLLECTION,SWING,0.4854,-40.400,631.700,-40.400,0.9989,0.0000,-0.9476,0.0000,-0.9476,0.0000,0,
31.7402,195.2500,BASELINE_COLLECTION,SWING,0.5016,-34.100,630.200,-34.100,1.0000,0.0000,-0.9453,0.0000,-0.9453,0.0000,0,
31.7522,195.2600,BASELINE_COLLECTION,SWING,0.5179,-28.000,608.600,-28.000,0.9984,0.0000,-0.9129,0.0000,-0.9129,0.0000,0,
31.7602,195.2700,BASELINE_COLLECTION,SWING,0.5341,-22.100,569.600,-22.100,0.9943,0.0000,-0.8544,0.0000,-0.8544,0.0000,0,
31.7722,195.2800,BASELINE_COLLECTION,SWING,0.5503,-16.900,492.900,-16.900,0.9875,0.0000,-0.7393,0.0000,-0.7393,0.0000,0,
31.7802,195.2900,BASELINE_COLLECTION,SWING,0.5666,-12.600,405.100,-12.600,0.9782,0.0000,-0.6077,0.0000,-0.6077,0.0000,0,
31.7923,195.3000,BASELINE_COLLECTION,SWING,0.5828,-9.200,305.400,-9.200,0.9664,0.0000,-0.4581,0.0000,-0.4581,0.0000,0,
31.8003,195.3100,BASELINE_COLLECTION,SWING,0.5990,-6.900,207.200,-6.900,0.9520,0.0000,-0.3108,0.0000,-0.3108,0.0000,0,
31.8123,195.3200,BASELINE_COLLECTION,SWING,0.6153,-5.500,99.900,-5.500,0.9352,0.0000,-0.1499,0.0000,-0.1499,0.0000,0,
31.8203,195.3300,BASELINE_COLLECTION,SWING,0.6315,-5.100,23.800,-5.100,0.9159,0.0000,-0.0357,0.0000,-0.0357,0.0000,0,
31.8323,195.3400,BASELINE_COLLECTION,SWING,0.6477,-5.200,-13.600,-5.200,0.8942,0.0000,0.0204,0.0000,0.0204,0.0000,1,
31.8403,195.3500,BASELINE_COLLECTION,SWING,0.6640,-5.300,-15.700,-5.300,0.8702,0.0000,0.0235,0.0000,0.0235,0.0000,1,
31.8523,195.3600,BASELINE_COLLECTION,SWING,0.6802,-5.500,-17.800,-5.500,0.8440,0.0000,0.0267,0.0000,0.0267,0.0000,1,
31.8603,195.3700,BASELINE_COLLECTION,SWING,0.6964,-5.700,-28.000,-5.700,0.8156,0.0000,0.0420,0.0000,0.0420,0.0000,1,
31.8723,195.3800,BASELINE_COLLECTION,SWING,0.7127,-6.100,-41.500,-6.100,0.7850,0.0000,0.0622,0.0000,0.0622,0.0000,1,
31.8803,195.3900,BASELINE_COLLECTION,SWING,0.7289,-6.600,-54.800,-6.600,0.7524,0.0000,0.0822,0.0000,0.0822,0.0000,1,
31.8922,195.4000,BASELINE_COLLECTION,SWING,0.7451,-7.200,-60.100,-7.200,0.7178,0.0000,0.0902,0.0000,0.0902,0.0000,1,
31.9002,195.4100,BASELINE_COLLECTION,SWING,0.7614,-7.800,-66.600,-7.800,0.6814,0.0000,0.0999,0.0000,0.0999,0.0000,1,
31.9123,195.4200,BASELINE_COLLECTION,SWING,0.7776,-8.600,-79.700,-8.600,0.6432,0.0000,0.1196,0.0000,0.1196,0.0000,1,
31.9243,195.4300,BASELINE_COLLECTION,SWING,0.7938,-9.500,-94.600,-9.500,0.6034,0.0000,0.1419,0.0000,0.1419,0.0000,1,
31.9324,195.4500,BASELINE_COLLECTION,SWING,0.8263,-11.800,-125.200,-11.800,0.5190,0.0000,0.1878,0.0000,0.1878,0.0000,1,
31.9443,195.4600,BASELINE_COLLECTION,SWING,0.8425,-13.100,-127.500,-13.100,0.4748,0.0000,0.1913,0.0000,0.1913,0.0000,1,
31.9522,195.4700,BASELINE_COLLECTION,SWING,0.8588,-14.200,-113.200,-14.200,0.4293,0.0000,0.1698,0.0000,0.1698,0.0000,1,
31.9643,195.4800,BASELINE_COLLECTION,SWING,0.8750,-15.200,-93.600,-15.200,0.3827,0.0000,0.1404,0.0000,0.1404,0.0000,1,
31.9762,195.4900,BASELINE_COLLECTION,SWING,0.8912,-16.000,-74.600,-16.000,0.3351,0.0000,0.1119,0.0000,0.1119,0.0000,1,
31.9843,195.5000,BASELINE_COLLECTION,SWING,0.9075,-16.700,-56.700,-16.700,0.2866,0.0000,0.0851,0.0000,0.0851,0.0000,1,
31.9963,195.5100,BASELINE_COLLECTION,SWING,0.9237,-17.100,-36.800,-17.100,0.2374,0.0000,0.0552,0.0000,0.0552,0.0000,1,
32.0043,195.5200,BASELINE_COLLECTION,SWING,0.9399,-17.300,-19.400,-17.300,0.1876,0.0000,0.0291,0.0000,0.0291,0.0000,1,
32.0163,195.5300,BASELINE_COLLECTION,SWING,0.9562,-17.500,-9.600,-17.500,0.1373,0.0000,0.0144,0.0000,0.0144,0.0000,1,
32.0243,195.5400,BASELINE_COLLECTION,SWING,0.9724,-17.500,-6.500,-17.500,0.0866,0.0000,0.0097,0.0000,0.0097,0.0000,1,
32.0363,195.5500,BASELINE_COLLECTION,SWING,0.9886,-17.600,-9.600,-17.600,0.0357,0.0000,0.0144,0.0000,0.0144,0.0000,1,
32.0442,195.5600,BASELINE_COLLECTION,STANCE,0.2532,-17.800,-17.700,-17.800,0.0000,0.0000,0.0266,0.0000,0.0266,0.0000,1,
32.0563,195.5700,BASELINE_COLLECTION,STANCE,0.2641,-18.000,-30.600,-18.000,0.0000,0.0000,0.0459,0.0000,0.0459,0.0000,1,
32.0643,195.5800,BASELINE_COLLECTION,STANCE,0.2749,-18.400,-43.100,-18.400,0.0000,0.0000,0.0646,0.0000,0.0646,0.0000,1,
32.0761,195.5900,BASELINE_COLLECTION,STANCE,0.2857,-18.900,-55.200,-18.900,0.0000,0.0000,0.0828,0.0000,0.0828,0.0000,1,
32.0842,195.6000,BASELINE_COLLECTION,STANCE,0.2965,-19.600,-65.800,-19.600,0.0000,0.0000,0.0987,0.0000,0.0987,0.0000,1,
32.0963,195.6100,BASELINE_COLLECTION,STANCE,0.3074,-20.300,-74.800,-20.300,0.0000,0.0000,0.1122,0.0000,0.1122,0.0000,1,
32.1043,195.6200,BASELINE_COLLECTION,STANCE,0.3182,-21.100,-84.100,-21.100,0.0000,0.0000,0.1261,0.0000,0.1261,0.0000,1,
32.1163,195.6300,BASELINE_COLLECTION,STANCE,0.3290,-22.000,-93.100,-22.000,0.0000,0.0000,0.1396,0.0000,0.1396,0.0000,1,
32.1243,195.6400,BASELINE_COLLECTION,STANCE,0.3398,-23.000,-99.800,-23.000,0.0000,0.0000,0.1497,0.0000,0.1497,0.0000,1,
32.1363,195.6500,BASELINE_COLLECTION,STANCE,0.3506,-24.000,-104.600,-24.000,0.0000,0.0000,0.1569,0.0000,0.1569,0.0000,1,
32.1442,195.6600,BASELINE_COLLECTION,STANCE,0.3615,-25.100,-105.900,-25.100,0.0000,0.0000,0.1589,0.0000,0.1589,0.0000,1,
32.1563,195.6700,BASELINE_COLLECTION,STANCE,0.3723,-26.100,-103.900,-26.100,0.0000,0.0000,0.1559,0.0000,0.1559,0.0000,1,
32.1641,195.6800,BASELINE_COLLECTION,STANCE,0.3831,-27.100,-98.600,-27.100,0.0000,0.0000,0.1479,0.0000,0.1479,0.0000,1,
32.1763,195.6900,BASELINE_COLLECTION,STANCE,0.3939,-28.100,-90.100,-28.100,0.0000,0.0000,0.1351,0.0000,0.1351,0.0000,1,
32.1841,195.7000,BASELINE_COLLECTION,STANCE,0.4048,-28.900,-80.400,-28.900,0.0000,0.0000,0.1206,0.0000,0.1206,0.0000,1,
32.1963,195.7100,BASELINE_COLLECTION,STANCE,0.4156,-29.600,-70.800,-29.600,0.0000,0.0000,0.1062,0.0000,0.1062,0.0000,1,
32.2043,195.7200,BASELINE_COLLECTION,STANCE,0.4264,-30.200,-55.900,-30.200,0.0000,0.0000,0.0838,0.0000,0.0838,0.0000,1,
32.2163,195.7300,BASELINE_COLLECTION,STANCE,0.4372,-30.700,-42.200,-30.700,0.0000,0.0000,0.0633,0.0000,0.0633,0.0000,1,
32.2242,195.7400,BASELINE_COLLECTION,STANCE,0.4481,-31.000,-31.000,-31.000,0.0000,0.0000,0.0465,0.0000,0.0465,0.0000,1,
32.2363,195.7500,BASELINE_COLLECTION,STANCE,0.4589,-31.300,-19.400,-31.300,0.0000,0.0000,0.0291,0.0000,0.0291,0.0000,1,
32.2442,195.7600,BASELINE_COLLECTION,STANCE,0.4697,-31.400,-12.900,-31.400,0.0000,0.0000,0.0194,0.0000,0.0194,0.0000,1,
32.2563,195.7700,BASELINE_COLLECTION,STANCE,0.4805,-31.500,-9.600,-31.500,0.0000,0.0000,0.0144,0.0000,0.0144,0.0000,1,
32.2643,195.7800,BASELINE_COLLECTION,STANCE,0.4913,-31.600,-6.900,-31.600,0.0000,0.0000,0.0104,0.0000,0.0104,0.0000,1,
32.2763,195.7900,BASELINE_COLLECTION,STANCE,0.5022,-31.700,-13.600,-31.700,0.0000,0.0000,0.0204,0.0000,0.0204,0.0000,1,
32.2843,195.8000,BASELINE_COLLECTION,STANCE,0.5130,-31.900,-24.600,-31.900,0.0000,0.0000,0.0369,0.0000,0.0369,0.0000,1,
32.2963,195.8100,BASELINE_COLLECTION,STANCE,0.5238,-32.200,-36.300,-32.200,0.0000,0.0000,0.0544,0.0000,0.0544,0.0000,1,
32.3041,195.8200,BASELINE_COLLECTION,STANCE,0.5346,-32.700,-47.400,-32.700,0.0000,0.0000,0.0711,0.0000,0.0711,0.0000,1,
32.3163,195.8300,BASELINE_COLLECTION,STANCE,0.5455,-33.200,-57.600,-33.200,0.0000,0.0000,0.0864,0.0000,0.0864,0.0000,1,
32.3242,195.8400,BASELINE_COLLECTION,STANCE,0.5563,-33.900,-69.200,-33.900,0.0000,0.0000,0.1038,0.0000,0.1038,0.0000,1,
32.3362,195.8500,BASELINE_COLLECTION,STANCE,0.5671,-34.700,-81.700,-34.700,0.0000,0.0000,0.1226,0.0000,0.1226,0.0000,1,
32.3441,195.8600,BASELINE_COLLECTION,STANCE,0.5779,-35.500,-91.600,-35.500,0.0000,0.0000,0.1374,0.0000,0.1374,0.0000,1,
32.3562,195.8700,BASELINE_COLLECTION,STANCE,0.5887,-36.500,-97.500,-36.500,0.0000,0.0000,0.1462,0.0000,0.1462,0.0000,1,
32.3641,195.8800,BASELINE_COLLECTION,STANCE,0.5996,-37.500,-100.900,-37.500,0.0000,0.0000,0.1514,0.0000,0.1514,0.0000,1,
32.3763,195.8900,BASELINE_COLLECTION,STANCE,0.6104,-38.600,-99.500,-38.600,0.0000,0.0000,0.1492,0.0000,0.1492,0.0000,1,
32.3843,195.9000,BASELINE_COLLECTION,STANCE,0.6212,-39.500,-95.300,-39.500,0.0000,0.0000,0.1429,0.0000,0.1429,0.0000,1,
32.3963,195.9100,BASELINE_COLLECTION,STANCE,0.6320,-40.400,-88.900,-40.400,0.0000,0.0000,0.1334,0.0000,0.1334,0.0000,1,
32.4043,195.9200,BASELINE_COLLECTION,STANCE,0.6429,-41.300,-78.600,-41.300,0.0000,0.0000,0.1179,0.0000,0.1179,0.0000,1,
32.4163,195.9300,BASELINE_COLLECTION,STANCE,0.6537,-42.000,-68.800,-42.000,0.0000,0.0000,0.1032,0.0000,0.1032,0.0000,1,
32.4242,195.9400,BASELINE_COLLECTION,STANCE,0.6645,-42.600,-56.900,-42.600,0.0000,0.0000,0.0853,0.0000,0.0853,0.0000,1,
32.4362,195.9500,BASELINE_COLLECTION,STANCE,0.6753,-43.100,-43.700,-43.100,0.0000,0.0000,0.0656,0.0000,0.0656,0.0000,1,
32.4441,195.9600,BASELINE_COLLECTION,STANCE,0.6861,-43.400,-28.800,-43.400,0.0000,0.0000,0.0432,0.0000,0.0432,0.0000,1,
32.4562,195.9700,BASELINE_COLLECTION,STANCE,0.6970,-43.600,-13.300,-43.600,0.0000,0.0000,0.0200,0.0000,0.0200,0.0000,1,
32.4642,195.9800,BASELINE_COLLECTION,STANCE,0.7078,-43.600,-0.400,-43.600,0.0000,0.0000,0.0006,0.0000,0.0006,0.0000,1,
32.4762,195.9900,BASELINE_COLLECTION,STANCE,0.7186,-43.600,2.000,-43.600,0.0000,0.0000,-0.0030,0.0000,-0.0030,0.0000,0,
32.4842,196.0000,BASELINE_COLLECTION,STANCE,0.7294,-43.600,0.300,-43.600,0.0000,0.0000,-0.0004,0.0000,-0.0004,0.0000,0,
32.4963,196.0100,BASELINE_COLLECTION,STANCE,0.7403,-43.600,0.000,-43.600,0.0000,0.0000,0.0000,0.0000,0.0000,0.0000,0,
32.5042,196.0200,BASELINE_COLLECTION,STANCE,0.7511,-43.600,0.000,-43.600,0.0000,0.0000,0.0000,0.0000,0.0000,0.0000,0,
32.5162,196.0300,BASELINE_COLLECTION,STANCE,0.7619,-43.600,-1.400,-43.600,0.0000,0.0000,0.0021,0.0000,0.0021,0.0000,1,
32.5242,196.0400,BASELINE_COLLECTION,STANCE,0.7727,-43.600,-1.600,-43.600,0.0000,0.0000,0.0024,0.0000,0.0024,0.0000,1,
32.5363,196.0500,BASELINE_COLLECTION,STANCE,0.7835,-43.700,-3.800,-43.700,0.0000,0.0000,0.0057,0.0000,0.0057,0.0000,1,
32.5443,196.0600,BASELINE_COLLECTION,STANCE,0.7944,-43.700,-8.500,-43.700,0.0000,0.0000,0.0128,0.0000,0.0128,0.0000,1,
32.5563,196.0700,BASELINE_COLLECTION,STANCE,0.8052,-43.900,-12.900,-43.900,0.0000,0.0000,0.0194,0.0000,0.0194,0.0000,1,
32.5642,196.0800,BASELINE_COLLECTION,STANCE,0.8160,-44.000,-19.200,-44.000,0.0000,0.0000,0.0288,0.0000,0.0288,0.0000,1,
32.5762,196.0900,BASELINE_COLLECTION,STANCE,0.8268,-44.300,-27.600,-44.300,0.0000,0.0000,0.0414,0.0000,0.0414,0.0000,1,
32.5840,196.1000,BASELINE_COLLECTION,STANCE,0.8377,-44.600,-36.300,-44.600,0.0000,0.0000,0.0544,0.0000,0.0544,0.0000,1,
32.5962,196.1100,BASELINE_COLLECTION,STANCE,0.8485,-45.000,-47.600,-45.000,0.0000,0.0000,0.0714,0.0000,0.0714,0.0000,1,
32.6042,196.1200,BASELINE_COLLECTION,STANCE,0.8593,-45.600,-59.400,-45.600,0.0000,0.0000,0.0891,0.0000,0.0891,0.0000,1,
32.6162,196.1300,BASELINE_COLLECTION,STANCE,0.8701,-46.300,-69.700,-46.300,0.0000,0.0000,0.1046,0.0000,0.1046,0.0000,1,
32.6242,196.1400,BASELINE_COLLECTION,STANCE,0.8810,-47.000,-81.800,-47.000,0.0000,0.0000,0.1227,0.0000,0.1227,0.0000,1,
32.6363,196.1500,BASELINE_COLLECTION,STANCE,0.8918,-48.000,-98.600,-48.000,0.0000,0.0000,0.1479,0.0000,0.1479,0.0000,1,
32.6442,196.1600,BASELINE_COLLECTION,STANCE,0.9026,-49.100,-115.300,-49.100,0.0000,0.0000,0.1729,0.0000,0.1729,0.0000,1,
32.6563,196.1700,BASELINE_COLLECTION,STANCE,0.9134,-50.400,-133.800,-50.400,0.0000,0.0000,0.2007,0.0000,0.2007,0.0000,1,
32.6641,196.1800,BASELINE_COLLECTION,STANCE,0.9242,-51.800,-153.400,-51.800,0.0000,0.0000,0.2301,0.0000,0.2301,0.0000,1,
32.6762,196.1900,BASELINE_COLLECTION,STANCE,0.9351,-53.500,-173.800,-53.500,0.0000,0.0000,0.2607,0.0000,0.2607,0.0000,1,
32.6841,196.2000,BASELINE_COLLECTION,STANCE,0.9459,-55.400,-193.800,-55.400,0.0000,0.0000,0.2907,0.0000,0.2907,0.0000,1,
32.6963,196.2100,BASELINE_COLLECTION,STANCE,0.9567,-57.500,-217.900,-57.500,0.0000,0.0000,0.3269,0.0000,0.3269,0.0000,1,
32.7040,196.2200,BASELINE_COLLECTION,STANCE,0.9675,-59.900,-246.100,-59.900,0.0000,0.0000,0.3691,0.0000,0.3691,0.0000,1,
32.7161,196.2300,BASELINE_COLLECTION,STANCE,0.9784,-62.500,-273.500,-62.500,0.0000,0.0000,0.4103,0.0000,0.4103,0.0000,1,
32.7241,196.2400,BASELINE_COLLECTION,STANCE,0.9892,-65.400,-299.200,-65.400,0.0000,0.0000,0.4488,0.0000,0.4488,0.0000,1,
32.7361,196.2500,BASELINE_COLLECTION,STANCE,1.0000,-68.600,-328.900,-68.600,0.0000,0.0000,0.4933,0.0000,0.4933,0.0000,1,
32.7440,196.2600,BASELINE_COLLECTION,STANCE,0.0000,-72.100,-356.500,-72.100,0.0000,0.0000,0.5348,0.0000,0.5348,0.0000,1,
32.7561,196.2700,BASELINE_COLLECTION,STANCE,0.0108,-75.800,-379.000,-75.800,0.0000,0.0000,0.5685,0.0000,0.5685,0.0000,1,
32.7640,196.2800,BASELINE_COLLECTION,STANCE,0.0215,-79.800,-408.100,-79.800,0.0000,0.0000,0.6122,0.0000,0.6122,0.0000,1,
32.7761,196.2900,BASELINE_COLLECTION,STANCE,0.0323,-84.100,-435.000,-84.100,0.0000,0.0000,0.6525,0.0000,0.6525,0.0000,1,
32.7841,196.3000,BASELINE_COLLECTION,STANCE,0.0430,-88.600,-462.600,-88.600,0.0000,0.0000,0.6939,0.0000,0.6939,0.0000,1,
32.7963,196.3100,BASELINE_COLLECTION,STANCE,0.0538,-93.300,-470.500,-93.300,0.0000,0.0000,0.7057,0.0000,0.7057,0.0000,1,
32.8041,196.3200,BASELINE_COLLECTION,STANCE,0.0645,-98.100,-480.200,-98.100,0.0000,0.0000,0.7203,0.0000,0.7203,0.0000,1,
32.8162,196.3300,BASELINE_COLLECTION,STANCE,0.0753,-102.900,-478.600,-102.900,0.0000,0.0000,0.7179,0.0000,0.7179,0.0000,1,
32.8241,196.3400,BASELINE_COLLECTION,STANCE,0.0860,-107.700,-478.600,-107.700,0.0000,0.0000,0.7179,0.0000,0.7179,0.0000,1,
32.8360,196.3500,BASELINE_COLLECTION,STANCE,0.0968,-111.900,-465.900,-111.900,0.0000,0.0000,0.6988,0.0000,0.6988,0.0000,1,
32.8440,196.3600,BASELINE_COLLECTION,STANCE,0.1075,-116.900,-444.400,-116.900,0.0000,0.0000,0.6666,0.0000,0.6666,0.0000,1,
32.8562,196.3700,BASELINE_COLLECTION,STANCE,0.1183,-121.200,-417.800,-121.200,0.0000,0.0000,0.6267,0.0000,0.6267,0.0000,1,
32.8642,196.3800,BASELINE_COLLECTION,STANCE,0.1290,-125.100,-384.900,-125.100,0.0000,0.0000,0.5774,0.0000,0.5774,0.0000,1,
32.8762,196.3900,BASELINE_COLLECTION,STANCE,0.1398,-128.700,-337.900,-128.700,0.0000,0.0000,0.5069,0.0000,0.5069,0.0000,1,
32.8842,196.4000,BASELINE_COLLECTION,STANCE,0.1505,-131.700,-289.600,-131.700,0.0000,0.0000,0.4344,0.0000,0.4344,0.0000,1,
32.8963,196.4100,BASELINE_COLLECTION,STANCE,0.1613,-134.300,-243.800,-134.300,0.0000,0.0000,0.3657,0.0000,0.3657,0.0000,1,
32.9040,196.4200,BASELINE_COLLECTION,STANCE,0.1720,-136.400,-194.500,-136.400,0.0000,0.0000,0.2918,0.0000,0.2918,0.0000,1,
32.9160,196.4300,BASELINE_COLLECTION,STANCE,0.1828,-138.000,-144.600,-138.000,0.0000,0.0000,0.2169,0.0000,0.2169,0.0000,1,
32.9240,196.4400,BASELINE_COLLECTION,STANCE,0.1935,-139.100,-95.300,-139.100,0.0000,0.0000,0.1429,0.0000,0.1429,0.0000,1,
32.9321,196.4500,BASELINE_COLLECTION,STANCE,0.2043,-139.700,-48.200,-139.700,0.0000,0.0000,0.0723,0.0000,0.0723,0.0000,1,
32.9443,196.4600,BASELINE_COLLECTION,STANCE,0.2151,-139.900,-5.900,-139.900,0.0000,0.0000,0.0089,0.0000,0.0089,0.0000,1,
32.9564,196.4700,BASELINE_COLLECTION,STANCE,0.2258,-139.700,23.300,-139.700,0.0000,0.0000,-0.0350,0.0000,-0.0350,0.0000,0,
32.9643,196.4800,BASELINE_COLLECTION,STANCE,0.2366,-139.300,50.600,-139.300,0.0000,0.0000,-0.0759,0.0000,-0.0759,0.0000,0,
32.9763,196.4900,BASELINE_COLLECTION,STANCE,0.2473,-138.600,75.500,-138.600,0.0000,0.0000,-0.1133,0.0000,-0.1133,0.0000,0,
32.9843,196.5000,BASELINE_COLLECTION,SWING,0.0121,-137.700,102.800,-137.700,0.0380,0.0000,-0.1542,0.0000,-0.1542,0.0000,0,
32.9963,196.5100,BASELINE_COLLECTION,SWING,0.0282,-136.500,128.600,-136.500,0.0886,0.0000,-0.1929,0.0000,-0.1929,0.0000,0,
33.0043,196.5200,BASELINE_COLLECTION,SWING,0.0444,-135.000,154.100,-135.000,0.1389,0.0000,-0.2311,0.0000,-0.2311,0.0000,0,
33.0163,196.5300,BASELINE_COLLECTION,SWING,0.0605,-133.300,177.500,-133.300,0.1889,0.0000,-0.2662,0.0000,-0.2662,0.0000,0,
33.0243,196.5400,BASELINE_COLLECTION,SWING,0.0766,-131.400,198.900,-131.400,0.2384,0.0000,-0.2984,0.0000,-0.2984,0.0000,0,
33.0363,196.5500,BASELINE_COLLECTION,SWING,0.0927,-129.200,221.000,-129.200,0.2873,0.0000,-0.3315,0.0000,-0.3315,0.0000,0,
33.0442,196.5600,BASELINE_COLLECTION,SWING,0.1089,-126.800,248.300,-126.800,0.3354,0.0000,-0.3725,0.0000,-0.3725,0.0000,0,
33.0562,196.5700,BASELINE_COLLECTION,SWING,0.1250,-124.200,274.100,-124.200,0.3827,0.0000,-0.4112,0.0000,-0.4112,0.0000,0,
33.0640,196.5800,BASELINE_COLLECTION,SWING,0.1411,-121.300,294.400,-121.300,0.4290,0.0000,-0.4416,0.0000,-0.4416,0.0000,0,
33.0763,196.5900,BASELINE_COLLECTION,SWING,0.1573,-118.200,314.600,-118.200,0.4742,0.0000,-0.4719,0.0000,-0.4719,0.0000,0,
33.0842,196.6000,BASELINE_COLLECTION,SWING,0.1734,-114.900,337.100,-114.900,0.5182,0.0000,-0.5057,0.0000,-0.5057,0.0000,0,
33.0963,196.6100,BASELINE_COLLECTION,SWING,0.1895,-111.400,358.400,-111.400,0.5608,0.0000,-0.5376,0.0000,-0.5376,0.0000,0,
33.1043,196.6200,BASELINE_COLLECTION,SWING,0.2056,-107.600,385.500,-107.600,0.6020,0.0000,-0.5783,0.0000,-0.5783,0.0000,0,
33.1163,196.6300,BASELINE_COLLECTION,SWING,0.2218,-103.600,406.700,-103.600,0.6417,0.0000,-0.6100,0.0000,-0.6100,0.0000,0,
33.1243,196.6400,BASELINE_COLLECTION,SWING,0.2379,-99.400,430.500,-99.400,0.6797,0.0000,-0.6458,0.0000,-0.6458,0.0000,0,
33.1363,196.6500,BASELINE_COLLECTION,SWING,0.2540,-94.900,452.300,-94.900,0.7160,0.0000,-0.6784,0.0000,-0.6784,0.0000,0,
33.1443,196.6600,BASELINE_COLLECTION,SWING,0.2702,-90.300,471.300,-90.300,0.7504,0.0000,-0.7070,0.0000,-0.7070,0.0000,0,
33.1563,196.6700,BASELINE_COLLECTION,SWING,0.2863,-85.400,493.700,-85.400,0.7830,0.0000,-0.7406,0.0000,-0.7406,0.0000,0,
33.1642,196.6800,BASELINE_COLLECTION,SWING,0.3024,-80.900,504.300,-80.900,0.8135,0.0000,-0.7565,0.0000,-0.7565,0.0000,0,
33.1763,196.6900,BASELINE_COLLECTION,SWING,0.3185,-75.200,520.800,-75.200,0.8419,0.0000,-0.7812,0.0000,-0.7812,0.0000,0,
33.1842,196.7000,BASELINE_COLLECTION,SWING,0.3347,-69.900,540.600,-69.900,0.8681,0.0000,-0.8109,0.0000,-0.8109,0.0000,0,
33.1963,196.7100,BASELINE_COLLECTION,SWING,0.3508,-64.400,555.200,-64.400,0.8922,0.0000,-0.8328,0.0000,-0.8328,0.0000,0,
33.2042,196.7200,BASELINE_COLLECTION,SWING,0.3669,-58.600,578.100,-58.600,0.9139,0.0000,-0.8672,0.0000,-0.8672,0.0000,0,
33.2163,196.7300,BASELINE_COLLECTION,SWING,0.3831,-52.800,594.800,-52.800,0.9333,0.0000,-0.8922,0.0000,-0.8922,0.0000,0,
33.2242,196.7400,BASELINE_COLLECTION,SWING,0.3992,-46.700,610.000,-46.700,0.9503,0.0000,-0.9150,0.0000,-0.9150,0.0000,0,
33.2362,196.7500,BASELINE_COLLECTION,SWING,0.4153,-40.600,611.100,-40.600,0.9648,0.0000,-0.9167,0.0000,-0.9167,0.0000,0,
33.2441,196.7600,BASELINE_COLLECTION,SWING,0.4315,-34.500,611.100,-34.500,0.9769,0.0000,-0.9167,0.0000,-0.9167,0.0000,0,
33.2562,196.7700,BASELINE_COLLECTION,SWING,0.4476,-28.400,597.900,-28.400,0.9865,0.0000,-0.8969,0.0000,-0.8969,0.0000,0,
33.2643,196.7800,BASELINE_COLLECTION,SWING,0.4637,-22.600,573.000,-22.600,0.9935,0.0000,-0.8595,0.0000,-0.8595,0.0000,0,
33.2763,196.7900,BASELINE_COLLECTION,SWING,0.4798,-17.300,510.000,-17.300,0.9980,0.0000,-0.7650,0.0000,-0.7650,0.0000,0,
33.2842,196.8000,BASELINE_COLLECTION,SWING,0.4960,-12.700,426.400,-12.700,0.9999,0.0000,-0.6396,0.0000,-0.6396,0.0000,0,
33.2963,196.8100,BASELINE_COLLECTION,SWING,0.5121,-9.200,321.600,-9.200,0.9993,0.0000,-0.4824,0.0000,-0.4824,0.0000,0,
33.3041,196.8200,BASELINE_COLLECTION,SWING,0.5282,-6.700,213.100,-6.700,0.9961,0.0000,-0.3196,0.0000,-0.3196,0.0000,0,
33.3162,196.8300,BASELINE_COLLECTION,SWING,0.5444,-5.400,89.800,-5.400,0.9903,0.0000,-0.1347,0.0000,-0.1347,0.0000,0,
33.3240,196.8400,BASELINE_COLLECTION,SWING,0.5605,-5.200,-4.900,-5.200,0.9820,0.0000,0.0074,0.0000,0.0074,0.0000,1,
33.3363,196.8500,BASELINE_COLLECTION,SWING,0.5766,-5.600,-41.900,-5.600,0.9712,0.0000,0.0629,0.0000,0.0629,0.0000,1,
33.3441,196.8600,BASELINE_COLLECTION,SWING,0.5927,-6.100,-61.900,-6.100,0.9579,0.0000,0.0929,0.0000,0.0929,0.0000,1,
33.3562,196.8700,BASELINE_COLLECTION,SWING,0.6089,-6.900,-79.500,-6.900,0.9421,0.0000,0.1193,0.0000,0.1193,0.0000,1,
33.3641,196.8800,BASELINE_COLLECTION,SWING,0.6250,-7.800,-91.800,-7.800,0.9239,0.0000,0.1377,0.0000,0.1377,0.0000,1,
33.3763,196.8900,BASELINE_COLLECTION,SWING,0.6411,-8.800,-108.100,-8.800,0.9033,0.0000,0.1621,0.0000,0.1621,0.0000,1,
33.3843,196.9000,BASELINE_COLLECTION,SWING,0.6573,-10.000,-126.800,-10.000,0.8804,0.0000,0.1902,0.0000,0.1902,0.0000,1,
33.3961,196.9100,BASELINE_COLLECTION,SWING,0.6734,-11.400,-149.800,-11.400,0.8553,0.0000,0.2247,0.0000,0.2247,0.0000,1,
33.4043,196.9200,BASELINE_COLLECTION,SWING,0.6895,-13.100,-174.200,-13.100,0.8279,0.0000,0.2613,0.0000,0.2613,0.0000,1,
33.4163,196.9300,BASELINE_COLLECTION,SWING,0.7056,-15.000,-199.700,-15.000,0.7985,0.0000,0.2995,0.0000,0.2995,0.0000,1,
33.4243,196.9400,BASELINE_COLLECTION,SWING,0.7218,-17.200,-220.600,-17.200,0.7669,0.0000,0.3309,0.0000,0.3309,0.0000,1,
33.4363,196.9500,BASELINE_COLLECTION,SWING,0.7379,-19.500,-230.900,-19.500,0.7335,0.0000,0.3463,0.0000,0.3463,0.0000,1,
33.4442,196.9600,BASELINE_COLLECTION,SWING,0.7540,-21.800,-227.100,-21.800,0.6981,0.0000,0.3407,0.0000,0.3407,0.0000,1,
33.4562,196.9700,BASELINE_COLLECTION,SWING,0.7702,-23.900,-209.300,-23.900,0.6609,0.0000,0.3140,0.0000,0.3140,0.0000,1,
33.4640,196.9800,BASELINE_COLLECTION,SWING,0.7863,-25.800,-178.900,-25.800,0.6221,0.0000,0.2684,0.0000,0.2684,0.0000,1,
33.4763,196.9900,BASELINE_COLLECTION,SWING,0.8024,-27.400,-143.600,-27.400,0.5816,0.0000,0.2154,0.0000,0.2154,0.0000,1,
33.4841,197.0000,BASELINE_COLLECTION,SWING,0.8185,-28.000,-124.200,-28.000,0.5397,0.0000,0.1863,0.0000,0.1863,0.0000,1,
33.4962,197.0100,BASELINE_COLLECTION,SWING,0.8347,-29.500,-71.500,-29.500,0.4963,0.0000,0.1072,0.0000,0.1072,0.0000,1,
33.5043,197.0200,BASELINE_COLLECTION,SWING,0.8508,-30.000,-40.300,-30.000,0.4517,0.0000,0.0604,0.0000,0.0604,0.0000,1,
33.5162,197.0300,BASELINE_COLLECTION,SWING,0.8669,-30.100,-10.600,-30.100,0.4060,0.0000,0.0159,0.0000,0.0159,0.0000,1,
33.5241,197.0400,BASELINE_COLLECTION,SWING,0.8831,-30.100,6.400,-30.100,0.3592,0.0000,-0.0096,0.0000,-0.0096,0.0000,0,
33.5363,197.0500,BASELINE_COLLECTION,SWING,0.8992,-30.100,4.500,-30.100,0.3114,0.0000,-0.0067,0.0000,-0.0067,0.0000,0,
33.5439,197.0600,BASELINE_COLLECTION,SWING,0.9153,-30.100,-1.100,-30.100,0.2629,0.0000,0.0017,0.0000,0.0017,0.0000,1,
33.5563,197.0700,BASELINE_COLLECTION,SWING,0.9315,-30.100,0.300,-30.100,0.2137,0.0000,-0.0004,0.0000,-0.0004,0.0000,0,
33.5642,197.0800,BASELINE_COLLECTION,SWING,0.9476,-30.100,-0.800,-30.100,0.1639,0.0000,0.0012,0.0000,0.0012,0.0000,1,
33.5762,197.0900,BASELINE_COLLECTION,SWING,0.9637,-30.100,-2.600,-30.100,0.1138,0.0000,0.0039,0.0000,0.0039,0.0000,1,
33.5841,197.1000,BASELINE_COLLECTION,SWING,0.9798,-30.100,-6.800,-30.100,0.0633,0.0000,0.0102,0.0000,0.0102,0.0000,1,
33.5963,197.1100,BASELINE_COLLECTION,SWING,0.9960,-30.200,-11.500,-30.200,0.0127,0.0000,0.0173,0.0000,0.0173,0.0000,1,
33.6041,197.1200,BASELINE_COLLECTION,STANCE,0.2581,-30.400,-19.500,-30.400,0.0000,0.0000,0.0293,0.0000,0.0293,0.0000,1,
33.6163,197.1300,BASELINE_COLLECTION,STANCE,0.2688,-30.700,-33.500,-30.700,0.0000,0.0000,0.0503,0.0000,0.0503,0.0000,1,
33.6242,197.1400,BASELINE_COLLECTION,STANCE,0.2796,-31.100,-46.800,-31.100,0.0000,0.0000,0.0702,0.0000,0.0702,0.0000,1,
33.6362,197.1500,BASELINE_COLLECTION,STANCE,0.2903,-31.700,-61.800,-31.700,0.0000,0.0000,0.0927,0.0000,0.0927,0.0000,1,
33.6441,197.1600,BASELINE_COLLECTION,STANCE,0.3011,-32.400,-76.800,-32.400,0.0000,0.0000,0.1152,0.0000,0.1152,0.0000,1,
33.6562,197.1700,BASELINE_COLLECTION,STANCE,0.3118,-33.200,-84.800,-33.200,0.0000,0.0000,0.1272,0.0000,0.1272,0.0000,1,
33.6641,197.1800,BASELINE_COLLECTION,STANCE,0.3226,-34.100,-87.800,-34.100,0.0000,0.0000,0.1317,0.0000,0.1317,0.0000,1,
33.6761,197.1900,BASELINE_COLLECTION,STANCE,0.3333,-35.000,-88.500,-35.000,0.0000,0.0000,0.1328,0.0000,0.1328,0.0000,1,
33.6840,197.2000,BASELINE_COLLECTION,STANCE,0.3441,-35.900,-84.500,-35.900,0.0000,0.0000,0.1268,0.0000,0.1268,0.0000,1,
33.6963,197.2100,BASELINE_COLLECTION,STANCE,0.3548,-36.700,-78.400,-36.700,0.0000,0.0000,0.1176,0.0000,0.1176,0.0000,1,
33.7082,197.2200,BASELINE_COLLECTION,STANCE,0.3656,-37.400,-71.100,-37.400,0.0000,0.0000,0.1066,0.0000,0.1066,0.0000,1,
33.7161,197.2300,BASELINE_COLLECTION,STANCE,0.3763,-38.100,-60.600,-38.100,0.0000,0.0000,0.0909,0.0000,0.0909,0.0000,1,
33.7283,197.2400,BASELINE_COLLECTION,STANCE,0.3871,-38.500,-43.900,-38.500,0.0000,0.0000,0.0659,0.0000,0.0659,0.0000,1,
33.7363,197.2500,BASELINE_COLLECTION,STANCE,0.3978,-38.900,-28.800,-38.900,0.0000,0.0000,0.0432,0.0000,0.0432,0.0000,1,
33.7483,197.2600,BASELINE_COLLECTION,STANCE,0.4086,-39.000,-12.000,-39.000,0.0000,0.0000,0.0180,0.0000,0.0180,0.0000,1,
33.7563,197.2700,BASELINE_COLLECTION,STANCE,0.4194,-39.100,1.600,-39.100,0.0000,0.0000,-0.0024,0.0000,-0.0024,0.0000,0,
33.7683,197.2800,BASELINE_COLLECTION,STANCE,0.4301,-39.000,3.800,-39.000,0.0000,0.0000,-0.0057,0.0000,-0.0057,0.0000,0,
33.7763,197.2900,BASELINE_COLLECTION,STANCE,0.4409,-39.000,0.500,-39.000,0.0000,0.0000,-0.0008,0.0000,-0.0008,0.0000,0,
33.7883,197.3000,BASELINE_COLLECTION,STANCE,0.4516,-39.000,0.000,-39.000,0.0000,0.0000,0.0000,0.0000,0.0000,0.0000,0,
33.7963,197.3100,BASELINE_COLLECTION,STANCE,0.4624,-39.000,-0.100,-39.000,0.0000,0.0000,0.0002,0.0000,0.0002,0.0000,1,
33.8083,197.3200,BASELINE_COLLECTION,STANCE,0.4731,-39.000,-0.100,-39.000,0.0000,0.0000,0.0002,0.0000,0.0002,0.0000,1,
33.8163,197.3300,BASELINE_COLLECTION,STANCE,0.4839,-39.000,-1.600,-39.000,0.0000,0.0000,0.0024,0.0000,0.0024,0.0000,1,
33.8282,197.3400,BASELINE_COLLECTION,STANCE,0.4946,-39.100,-3.500,-39.100,0.0000,0.0000,0.0053,0.0000,0.0053,0.0000,1,
33.8362,197.3500,BASELINE_COLLECTION,STANCE,0.5054,-39.100,-6.400,-39.100,0.0000,0.0000,0.0096,0.0000,0.0096,0.0000,1,
33.8483,197.3600,BASELINE_COLLECTION,STANCE,0.5161,-39.200,-15.000,-39.200,0.0000,0.0000,0.0225,0.0000,0.0225,0.0000,1,
33.8563,197.3700,BASELINE_COLLECTION,STANCE,0.5269,-39.400,-24.100,-39.400,0.0000,0.0000,0.0362,0.0000,0.0362,0.0000,1,
33.8683,197.3800,BASELINE_COLLECTION,STANCE,0.5376,-39.800,-35.100,-39.800,0.0000,0.0000,0.0527,0.0000,0.0527,0.0000,1,
33.8763,197.3900,BASELINE_COLLECTION,STANCE,0.5484,-40.200,-46.300,-40.200,0.0000,0.0000,0.0694,0.0000,0.0694,0.0000,1,
33.8883,197.4000,BASELINE_COLLECTION,STANCE,0.5591,-40.700,-54.800,-40.700,0.0000,0.0000,0.0822,0.0000,0.0822,0.0000,1,
33.8963,197.4100,BASELINE_COLLECTION,STANCE,0.5699,-41.300,-62.400,-41.300,0.0000,0.0000,0.0936,0.0000,0.0936,0.0000,1,
33.9083,197.4200,BASELINE_COLLECTION,STANCE,0.5806,-42.000,-70.900,-42.000,0.0000,0.0000,0.1064,0.0000,0.1064,0.0000,1,
33.9162,197.4300,BASELINE_COLLECTION,STANCE,0.5914,-42.800,-78.900,-42.800,0.0000,0.0000,0.1184,0.0000,0.1184,0.0000,1,
33.9282,197.4400,BASELINE_COLLECTION,STANCE,0.6022,-43.600,-82.800,-43.600,0.0000,0.0000,0.1242,0.0000,0.1242,0.0000,1,
33.9363,197.4500,BASELINE_COLLECTION,STANCE,0.6129,-44.400,-82.500,-44.400,0.0000,0.0000,0.1237,0.0000,0.1237,0.0000,1,
33.9483,197.4600,BASELINE_COLLECTION,STANCE,0.6237,-45.200,-81.200,-45.200,0.0000,0.0000,0.1218,0.0000,0.1218,0.0000,1,
33.9563,197.4700,BASELINE_COLLECTION,STANCE,0.6344,-46.000,-76.000,-46.000,0.0000,0.0000,0.1140,0.0000,0.1140,0.0000,1,
33.9683,197.4800,BASELINE_COLLECTION,STANCE,0.6452,-46.700,-68.600,-46.700,0.0000,0.0000,0.1029,0.0000,0.1029,0.0000,1,
33.9762,197.4900,BASELINE_COLLECTION,STANCE,0.6559,-47.400,-60.600,-47.400,0.0000,0.0000,0.0909,0.0000,0.0909,0.0000,1,
33.9882,197.5000,BASELINE_COLLECTION,STANCE,0.6667,-47.900,-53.000,-47.900,0.0000,0.0000,0.0795,0.0000,0.0795,0.0000,1,
33.9963,197.5100,BASELINE_COLLECTION,STANCE,0.6774,-48.400,-42.400,-48.400,0.0000,0.0000,0.0636,0.0000,0.0636,0.0000,1,
34.0082,197.5200,BASELINE_COLLECTION,STANCE,0.6882,-48.700,-30.800,-48.700,0.0000,0.0000,0.0462,0.0000,0.0462,0.0000,1,
34.0162,197.5300,BASELINE_COLLECTION,STANCE,0.6989,-49.000,-21.200,-49.000,0.0000,0.0000,0.0318,0.0000,0.0318,0.0000,1,
34.0283,197.5400,BASELINE_COLLECTION,STANCE,0.7097,-49.100,-10.700,-49.100,0.0000,0.0000,0.0160,0.0000,0.0160,0.0000,1,
34.0362,197.5500,BASELINE_COLLECTION,STANCE,0.7204,-49.100,-0.300,-49.100,0.0000,0.0000,0.0004,0.0000,0.0004,0.0000,1,
34.0483,197.5600,BASELINE_COLLECTION,STANCE,0.7312,-49.100,0.100,-49.100,0.0000,0.0000,-0.0002,0.0000,-0.0002,0.0000,0,
34.0562,197.5700,BASELINE_COLLECTION,STANCE,0.7419,-49.100,-1.300,-49.100,0.0000,0.0000,0.0020,0.0000,0.0020,0.0000,1,
34.0683,197.5800,BASELINE_COLLECTION,STANCE,0.7527,-49.100,-2.200,-49.100,0.0000,0.0000,0.0033,0.0000,0.0033,0.0000,1,
34.0763,197.5900,BASELINE_COLLECTION,STANCE,0.7634,-49.200,-4.800,-49.200,0.0000,0.0000,0.0072,0.0000,0.0072,0.0000,1,
34.0883,197.6000,BASELINE_COLLECTION,STANCE,0.7742,-49.300,-13.500,-49.300,0.0000,0.0000,0.0203,0.0000,0.0203,0.0000,1,
34.0963,197.6100,BASELINE_COLLECTION,STANCE,0.7849,-49.500,-24.400,-49.500,0.0000,0.0000,0.0366,0.0000,0.0366,0.0000,1,
34.1083,197.6200,BASELINE_COLLECTION,STANCE,0.7957,-49.800,-34.600,-49.800,0.0000,0.0000,0.0519,0.0000,0.0519,0.0000,1,
34.1163,197.6300,BASELINE_COLLECTION,STANCE,0.8065,-50.200,-46.400,-50.200,0.0000,0.0000,0.0696,0.0000,0.0696,0.0000,1,
34.1283,197.6400,BASELINE_COLLECTION,STANCE,0.8172,-50.800,-59.600,-50.800,0.0000,0.0000,0.0894,0.0000,0.0894,0.0000,1,
34.1363,197.6500,BASELINE_COLLECTION,STANCE,0.8280,-51.500,-71.600,-51.500,0.0000,0.0000,0.1074,0.0000,0.1074,0.0000,1,
34.1483,197.6600,BASELINE_COLLECTION,STANCE,0.8387,-52.300,-86.100,-52.300,0.0000,0.0000,0.1291,0.0000,0.1291,0.0000,1,
34.1563,197.6700,BASELINE_COLLECTION,STANCE,0.8495,-53.300,-105.100,-53.300,0.0000,0.0000,0.1576,0.0000,0.1576,0.0000,1,
34.1682,197.6800,BASELINE_COLLECTION,STANCE,0.8602,-54.500,-123.500,-54.500,0.0000,0.0000,0.1852,0.0000,0.1852,0.0000,1,
34.1762,197.6900,BASELINE_COLLECTION,STANCE,0.8710,-55.800,-142.000,-55.800,0.0000,0.0000,0.2130,0.0000,0.2130,0.0000,1,
34.1882,197.7000,BASELINE_COLLECTION,STANCE,0.8817,-57.400,-162.100,-57.400,0.0000,0.0000,0.2432,0.0000,0.2432,0.0000,1,
34.1960,197.7100,BASELINE_COLLECTION,STANCE,0.8925,-59.200,-183.900,-59.200,0.0000,0.0000,0.2759,0.0000,0.2759,0.0000,1,
34.2084,197.7200,BASELINE_COLLECTION,STANCE,0.9032,-61.100,-205.300,-61.100,0.0000,0.0000,0.3080,0.0000,0.3080,0.0000,1,
34.2163,197.7300,BASELINE_COLLECTION,STANCE,0.9140,-63.300,-226.400,-63.300,0.0000,0.0000,0.3396,0.0000,0.3396,0.0000,1,
34.2282,197.7400,BASELINE_COLLECTION,STANCE,0.9247,-65.700,-246.700,-65.700,0.0000,0.0000,0.3700,0.0000,0.3700,0.0000,1,
34.2362,197.7500,BASELINE_COLLECTION,STANCE,0.9355,-68.400,-271.400,-68.400,0.0000,0.0000,0.4071,0.0000,0.4071,0.0000,1,
34.2483,197.7600,BASELINE_COLLECTION,STANCE,0.0000,-71.300,-296.500,-71.300,0.0000,0.0000,0.4448,0.0000,0.4448,0.0000,1,
34.2566,197.7700,BASELINE_COLLECTION,STANCE,0.0111,-74.400,-315.700,-74.400,0.0000,0.0000,0.4735,0.0000,0.4735,0.0000,1,
34.2683,197.7800,BASELINE_COLLECTION,STANCE,0.0222,-77.700,-336.600,-77.700,0.0000,0.0000,0.5049,0.0000,0.5049,0.0000,1,
34.2762,197.7900,BASELINE_COLLECTION,STANCE,0.0333,-81.200,-360.000,-81.200,0.0000,0.0000,0.5400,0.0000,0.5400,0.0000,1,
34.2883,197.8000,BASELINE_COLLECTION,STANCE,0.0444,-85.000,-385.800,-85.000,0.0000,0.0000,0.5787,0.0000,0.5787,0.0000,1,
34.2963,197.8100,BASELINE_COLLECTION,STANCE,0.0556,-89.000,-415.600,-89.000,0.0000,0.0000,0.6234,0.0000,0.6234,0.0000,1,
34.3082,197.8200,BASELINE_COLLECTION,STANCE,0.0667,-93.300,-431.400,-93.300,0.0000,0.0000,0.6471,0.0000,0.6471,0.0000,1,
34.3162,197.8300,BASELINE_COLLECTION,STANCE,0.0778,-97.800,-451.800,-97.800,0.0000,0.0000,0.6777,0.0000,0.6777,0.0000,1,
34.3282,197.8400,BASELINE_COLLECTION,STANCE,0.0889,-102.400,-463.700,-102.400,0.0000,0.0000,0.6956,0.0000,0.6956,0.0000,1,
34.3403,197.8500,BASELINE_COLLECTION,STANCE,0.1000,-107.100,-477.600,-107.100,0.0000,0.0000,0.7164,0.0000,0.7164,0.0000,1,
34.3481,197.8600,BASELINE_COLLECTION,STANCE,0.1111,-111.900,-482.800,-111.900,0.0000,0.0000,0.7242,0.0000,0.7242,0.0000,1,
34.3603,197.8700,BASELINE_COLLECTION,STANCE,0.1222,-116.800,-485.200,-116.800,0.0000,0.0000,0.7278,0.0000,0.7278,0.0000,1,
34.3681,197.8800,BASELINE_COLLECTION,STANCE,0.1333,-121.600,-481.800,-121.600,0.0000,0.0000,0.7227,0.0000,0.7227,0.0000,1,
34.3803,197.8900,BASELINE_COLLECTION,STANCE,0.1444,-126.400,-470.700,-126.400,0.0000,0.0000,0.7060,0.0000,0.7060,0.0000,1,
34.3883,197.9000,BASELINE_COLLECTION,STANCE,0.1556,-130.800,-435.800,-130.800,0.0000,0.0000,0.6537,0.0000,0.6537,0.0000,1,
34.4004,197.9100,BASELINE_COLLECTION,STANCE,0.1667,-135.000,-399.600,-135.000,0.0000,0.0000,0.5994,0.0000,0.5994,0.0000,1,
34.4083,197.9200,BASELINE_COLLECTION,STANCE,0.1778,-138.600,-351.100,-138.600,0.0000,0.0000,0.5267,0.0000,0.5267,0.0000,1,
34.4203,197.9300,BASELINE_COLLECTION,STANCE,0.1889,-141.800,-304.400,-141.800,0.0000,0.0000,0.4566,0.0000,0.4566,0.0000,1,
34.4283,197.9400,BASELINE_COLLECTION,STANCE,0.2000,-144.500,-259.500,-144.500,0.0000,0.0000,0.3892,0.0000,0.3892,0.0000,1,
34.4403,197.9500,BASELINE_COLLECTION,STANCE,0.2111,-146.800,-209.300,-146.800,0.0000,0.0000,0.3140,0.0000,0.3140,0.0000,1,
34.4482,197.9600,BASELINE_COLLECTION,STANCE,0.2222,-148.500,-158.200,-148.500,0.0000,0.0000,0.2373,0.0000,0.2373,0.0000,1,
34.4602,197.9700,BASELINE_COLLECTION,STANCE,0.2333,-149.800,-108.100,-149.800,0.0000,0.0000,0.1621,0.0000,0.1621,0.0000,1,
34.4682,197.9800,BASELINE_COLLECTION,STANCE,0.2444,-150.500,-61.200,-150.500,0.0000,0.0000,0.0918,0.0000,0.0918,0.0000,1,
34.4803,197.9900,BASELINE_COLLECTION,SWING,0.0083,-150.800,-12.900,-150.800,0.0262,0.0000,0.0194,0.0000,0.0194,0.0000,1,
34.4883,198.0000,BASELINE_COLLECTION,SWING,0.0250,-150.700,12.000,-150.700,0.0785,0.0000,-0.0180,0.0000,-0.0180,0.0000,0,
34.5003,198.0100,BASELINE_COLLECTION,SWING,0.0417,-150.100,53.000,-150.100,0.1305,0.0000,-0.0795,0.0000,-0.0795,0.0000,0,
34.5082,198.0200,BASELINE_COLLECTION,SWING,0.0583,-149.500,76.400,-149.500,0.1822,0.0000,-0.1146,0.0000,-0.1146,0.0000,0,
34.5203,198.0300,BASELINE_COLLECTION,SWING,0.0750,-148.500,101.300,-148.500,0.2334,0.0000,-0.1520,0.0000,-0.1520,0.0000,0,
34.5281,198.0400,BASELINE_COLLECTION,SWING,0.0917,-147.300,127.300,-147.300,0.2840,0.0000,-0.1910,0.0000,-0.1910,0.0000,0,
34.5402,198.0500,BASELINE_COLLECTION,SWING,0.1083,-145.900,152.900,-145.900,0.3338,0.0000,-0.2294,0.0000,-0.2294,0.0000,0,
34.5482,198.0600,BASELINE_COLLECTION,SWING,0.1250,-144.200,179.500,-144.200,0.3827,0.0000,-0.2692,0.0000,-0.2692,0.0000,0,
34.5602,198.0700,BASELINE_COLLECTION,SWING,0.1417,-142.200,204.500,-142.200,0.4305,0.0000,-0.3068,0.0000,-0.3068,0.0000,0,
34.5681,198.0800,BASELINE_COLLECTION,SWING,0.1583,-140.000,227.000,-140.000,0.4772,0.0000,-0.3405,0.0000,-0.3405,0.0000,0,
34.5802,198.0900,BASELINE_COLLECTION,SWING,0.1750,-137.500,252.000,-137.500,0.5225,0.0000,-0.3780,0.0000,-0.3780,0.0000,0,
34.5881,198.1000,BASELINE_COLLECTION,SWING,0.1917,-134.800,279.900,-134.800,0.5664,0.0000,-0.4199,0.0000,-0.4199,0.0000,0,
34.6002,198.1100,BASELINE_COLLECTION,SWING,0.2083,-131.900,302.400,-131.900,0.6088,0.0000,-0.4536,0.0000,-0.4536,0.0000,0,
34.6082,198.1200,BASELINE_COLLECTION,SWING,0.2250,-128.700,323.000,-128.700,0.6494,0.0000,-0.4845,0.0000,-0.4845,0.0000,0,
34.6203,198.1300,BASELINE_COLLECTION,SWING,0.2417,-125.300,351.400,-125.300,0.6884,0.0000,-0.5271,0.0000,-0.5271,0.0000,0,
34.6283,198.1400,BASELINE_COLLECTION,SWING,0.2583,-121.600,372.400,-121.600,0.7254,0.0000,-0.5586,0.0000,-0.5586,0.0000,0,
34.6402,198.1500,BASELINE_COLLECTION,SWING,0.2750,-117.800,391.100,-117.800,0.7604,0.0000,-0.5867,0.0000,-0.5867,0.0000,0,
34.6483,198.1600,BASELINE_COLLECTION,SWING,0.2917,-113.700,413.000,-113.700,0.7934,0.0000,-0.6195,0.0000,-0.6195,0.0000,0,
34.6602,198.1700,BASELINE_COLLECTION,SWING,0.3083,-109.400,437.400,-109.400,0.8241,0.0000,-0.6561,0.0000,-0.6561,0.0000,0,
34.6682,198.1800,BASELINE_COLLECTION,SWING,0.3250,-104.800,462.400,-104.800,0.8526,0.0000,-0.6936,0.0000,-0.6936,0.0000,0,
34.6801,198.1900,BASELINE_COLLECTION,SWING,0.3417,-100.100,484.000,-100.100,0.8788,0.0000,-0.7260,0.0000,-0.7260,0.0000,0,
34.6882,198.2000,BASELINE_COLLECTION,SWING,0.3583,-95.100,507.500,-95.100,0.9026,0.0000,-0.7612,0.0000,-0.7612,0.0000,0,
34.7002,198.2100,BASELINE_COLLECTION,SWING,0.3750,-89.900,528.800,-89.900,0.9239,0.0000,-0.7932,0.0000,-0.7932,0.0000,0,
34.7082,198.2200,BASELINE_COLLECTION,SWING,0.3917,-84.400,550.700,-84.400,0.9426,0.0000,-0.8261,0.0000,-0.8261,0.0000,0,
34.7202,198.2300,BASELINE_COLLECTION,SWING,0.4083,-78.800,562.200,-78.800,0.9588,0.0000,-0.8433,0.0000,-0.8433,0.0000,0,
34.7282,198.2400,BASELINE_COLLECTION,SWING,0.4250,-73.100,575.800,-73.100,0.9724,0.0000,-0.8637,0.0000,-0.8637,0.0000,0,
34.7402,198.2500,BASELINE_COLLECTION,SWING,0.4417,-67.200,592.900,-67.200,0.9833,0.0000,-0.8893,0.0000,-0.8893,0.0000,0,
34.7482,198.2600,BASELINE_COLLECTION,SWING,0.4583,-61.200,613.400,-61.200,0.9914,0.0000,-0.9201,0.0000,-0.9201,0.0000,0,
34.7602,198.2700,BASELINE_COLLECTION,SWING,0.4750,-54.900,631.600,-54.900,0.9969,0.0000,-0.9474,0.0000,-0.9474,0.0000,0,
34.7682,198.2800,BASELINE_COLLECTION,SWING,0.4917,-48.400,654.700,-48.400,0.9997,0.0000,-0.9821,0.0000,-0.9821,0.0000,0,
34.7803,198.2900,BASELINE_COLLECTION,SWING,0.5083,-41.900,648.500,-41.900,0.9997,0.0000,-0.9728,0.0000,-0.9728,0.0000,0,
34.7882,198.3000,BASELINE_COLLECTION,SWING,0.5250,-35.400,643.600,-35.400,0.9969,0.0000,-0.9654,0.0000,-0.9654,0.0000,0,
34.8002,198.3100,BASELINE_COLLECTION,SWING,0.5417,-29.100,633.000,-29.100,0.9914,0.0000,-0.9495,0.0000,-0.9495,0.0000,0,
34.8083,198.3200,BASELINE_COLLECTION,SWING,0.5583,-22.900,612.600,-22.900,0.9833,0.0000,-0.9189,0.0000,-0.9189,0.0000,0,
34.8202,198.3300,BASELINE_COLLECTION,SWING,0.5750,-17.100,555.500,-17.100,0.9724,0.0000,-0.8333,0.0000,-0.8333,0.0000,0,
34.8282,198.3400,BASELINE_COLLECTION,SWING,0.5917,-12.100,468.100,-12.100,0.9588,0.0000,-0.7022,0.0000,-0.7022,0.0000,0,
34.8402,198.3500,BASELINE_COLLECTION,SWING,0.6083,-8.200,352.800,-8.200,0.9426,0.0000,-0.5292,0.0000,-0.5292,0.0000,0,
34.8481,198.3600,BASELINE_COLLECTION,SWING,0.6250,-5.700,209.600,-5.700,0.9239,0.0000,-0.3144,0.0000,-0.3144,0.0000,0,
34.8602,198.3700,BASELINE_COLLECTION,SWING,0.6417,-4.600,60.200,-4.600,0.9026,0.0000,-0.0903,0.0000,-0.0903,0.0000,0,
34.8681,198.3800,BASELINE_COLLECTION,SWING,0.6583,-4.700,-21.600,-4.700,0.8788,0.0000,0.0324,0.0000,0.0324,0.0000,1,
34.8802,198.3900,BASELINE_COLLECTION,SWING,0.6750,-5.100,-44.900,-5.100,0.8526,0.0000,0.0673,0.0000,0.0673,0.0000,1,
34.8881,198.4000,BASELINE_COLLECTION,SWING,0.6917,-5.600,-57.000,-5.600,0.8241,0.0000,0.0855,0.0000,0.0855,0.0000,1,
34.9002,198.4100,BASELINE_COLLECTION,SWING,0.7083,-6.300,-78.400,-6.300,0.7934,0.0000,0.1176,0.0000,0.1176,0.0000,1,
34.9082,198.4200,BASELINE_COLLECTION,SWING,0.7250,-7.200,-87.100,-7.200,0.7604,0.0000,0.1306,0.0000,0.1306,0.0000,1,
34.9201,198.4300,BASELINE_COLLECTION,SWING,0.7417,-8.100,-93.300,-8.100,0.7254,0.0000,0.1399,0.0000,0.1399,0.0000,1,
34.9282,198.4400,BASELINE_COLLECTION,SWING,0.7583,-9.100,-104.100,-9.100,0.6884,0.0000,0.1561,0.0000,0.1561,0.0000,1,
34.9401,198.4500,BASELINE_COLLECTION,SWING,0.7750,-10.200,-114.400,-10.200,0.6494,0.0000,0.1716,0.0000,0.1716,0.0000,1,
34.9521,198.4600,BASELINE_COLLECTION,SWING,0.7917,-11.400,-127.300,-11.400,0.6088,0.0000,0.1910,0.0000,0.1910,0.0000,1,
34.9602,198.4700,BASELINE_COLLECTION,SWING,0.8083,-12.800,-141.000,-12.800,0.5664,0.0000,0.2115,0.0000,0.2115,0.0000,1,
34.9682,198.4800,BASELINE_COLLECTION,SWING,0.8250,-14.300,-156.200,-14.300,0.5225,0.0000,0.2343,0.0000,0.2343,0.0000,1,
34.9802,198.4900,BASELINE_COLLECTION,SWING,0.8417,-16.000,-170.400,-16.000,0.4772,0.0000,0.2556,0.0000,0.2556,0.0000,1,
34.9922,198.5000,BASELINE_COLLECTION,SWING,0.8583,-17.800,-182.600,-17.800,0.4305,0.0000,0.2739,0.0000,0.2739,0.0000,1,
35.0002,198.5100,BASELINE_COLLECTION,SWING,0.8750,-19.600,-187.500,-19.600,0.3827,0.0000,0.2812,0.0000,0.2812,0.0000,1,
35.0123,198.5200,BASELINE_COLLECTION,SWING,0.8917,-21.500,-178.000,-21.500,0.3338,0.0000,0.2670,0.0000,0.2670,0.0000,1,
35.0242,198.5300,BASELINE_COLLECTION,SWING,0.9083,-23.100,-155.200,-23.100,0.2840,0.0000,0.2328,0.0000,0.2328,0.0000,1,
35.0323,198.5500,BASELINE_COLLECTION,SWING,0.9417,-25.400,-89.000,-25.400,0.1822,0.0000,0.1335,0.0000,0.1335,0.0000,1,
35.0441,198.5600,BASELINE_COLLECTION,SWING,0.9583,-26.100,-54.300,-26.100,0.1305,0.0000,0.0814,0.0000,0.0814,0.0000,1,
35.0522,198.5700,BASELINE_COLLECTION,SWING,0.9750,-26.400,-22.200,-26.400,0.0785,0.0000,0.0333,0.0000,0.0333,0.0000,1,
35.0641,198.5800,BASELINE_COLLECTION,SWING,0.9917,-26.500,0.800,-26.500,0.0262,0.0000,-0.0012,0.0000,-0.0012,0.0000,0,
35.0722,198.5900,BASELINE_COLLECTION,STANCE,0.2556,-26.400,4.600,-26.400,0.0000,0.0000,-0.0069,0.0000,-0.0069,0.0000,0,
35.0841,198.6000,BASELINE_COLLECTION,STANCE,0.2667,-26.400,0.200,-26.400,0.0000,0.0000,-0.0003,0.0000,-0.0003,0.0000,0,
35.0922,198.6100,BASELINE_COLLECTION,STANCE,0.2778,-26.400,-2.000,-26.400,0.0000,0.0000,0.0030,0.0000,0.0030,0.0000,1,
35.1041,198.6200,BASELINE_COLLECTION,STANCE,0.2889,-26.400,-2.800,-26.400,0.0000,0.0000,0.0042,0.0000,0.0042,0.0000,1,
35.1123,198.6300,BASELINE_COLLECTION,STANCE,0.3000,-26.500,-2.700,-26.500,0.0000,0.0000,0.0041,0.0000,0.0041,0.0000,1,
35.1241,198.6400,BASELINE_COLLECTION,STANCE,0.3111,-26.500,-5.100,-26.500,0.0000,0.0000,0.0076,0.0000,0.0076,0.0000,1,
35.1322,198.6500,BASELINE_COLLECTION,STANCE,0.3222,-26.600,-6.100,-26.600,0.0000,0.0000,0.0092,0.0000,0.0092,0.0000,1,
35.1402,198.6600,BASELINE_COLLECTION,STANCE,0.3333,-26.600,-6.500,-26.600,0.0000,0.0000,0.0097,0.0000,0.0097,0.0000,1,
35.1523,198.6700,BASELINE_COLLECTION,STANCE,0.3444,-26.700,-11.800,-26.700,0.0000,0.0000,0.0177,0.0000,0.0177,0.0000,1,
35.1642,198.6800,BASELINE_COLLECTION,STANCE,0.3556,-26.900,-19.500,-26.900,0.0000,0.0000,0.0293,0.0000,0.0293,0.0000,1,
35.1722,198.6900,BASELINE_COLLECTION,STANCE,0.3667,-27.200,-29.200,-27.200,0.0000,0.0000,0.0438,0.0000,0.0438,0.0000,1,
35.1842,198.7000,BASELINE_COLLECTION,STANCE,0.3778,-27.500,-37.400,-27.500,0.0000,0.0000,0.0561,0.0000,0.0561,0.0000,1,
35.1923,198.7100,BASELINE_COLLECTION,STANCE,0.3889,-27.900,-45.700,-27.900,0.0000,0.0000,0.0685,0.0000,0.0685,0.0000,1,
35.2043,198.7200,BASELINE_COLLECTION,STANCE,0.4000,-28.500,-56.600,-28.500,0.0000,0.0000,0.0849,0.0000,0.0849,0.0000,1,
35.2123,198.7300,BASELINE_COLLECTION,STANCE,0.4111,-29.100,-63.700,-29.100,0.0000,0.0000,0.0956,0.0000,0.0956,0.0000,1,
35.2243,198.7400,BASELINE_COLLECTION,STANCE,0.4222,-29.800,-70.200,-29.800,0.0000,0.0000,0.1053,0.0000,0.1053,0.0000,1,
35.2323,198.7500,BASELINE_COLLECTION,STANCE,0.4333,-30.500,-69.500,-30.500,0.0000,0.0000,0.1042,0.0000,0.1042,0.0000,1,
35.2442,198.7600,BASELINE_COLLECTION,STANCE,0.4444,-31.200,-68.300,-31.200,0.0000,0.0000,0.1024,0.0000,0.1024,0.0000,1,
35.2523,198.7700,BASELINE_COLLECTION,STANCE,0.4556,-31.800,-65.700,-31.800,0.0000,0.0000,0.0986,0.0000,0.0986,0.0000,1,
35.2641,198.7800,BASELINE_COLLECTION,STANCE,0.4667,-32.500,-60.500,-32.500,0.0000,0.0000,0.0907,0.0000,0.0907,0.0000,1,
35.2723,198.7900,BASELINE_COLLECTION,STANCE,0.4778,-33.000,-48.400,-33.000,0.0000,0.0000,0.0726,0.0000,0.0726,0.0000,1,
35.2843,198.8000,BASELINE_COLLECTION,STANCE,0.4889,-33.400,-33.100,-33.400,0.0000,0.0000,0.0497,0.0000,0.0497,0.0000,1,
35.2923,198.8100,BASELINE_COLLECTION,STANCE,0.5000,-33.600,-19.500,-33.600,0.0000,0.0000,0.0293,0.0000,0.0293,0.0000,1,
35.3041,198.8200,BASELINE_COLLECTION,STANCE,0.5111,-33.700,-5.900,-33.700,0.0000,0.0000,0.0089,0.0000,0.0089,0.0000,1,
35.3122,198.8300,BASELINE_COLLECTION,STANCE,0.5222,-33.700,2.800,-33.700,0.0000,0.0000,-0.0042,0.0000,-0.0042,0.0000,0,
35.3241,198.8400,BASELINE_COLLECTION,STANCE,0.5333,-33.700,0.000,-33.700,0.0000,0.0000,0.0000,0.0000,0.0000,0.0000,0,
35.3322,198.8500,BASELINE_COLLECTION,STANCE,0.5444,-33.700,-0.500,-33.700,0.0000,0.0000,0.0008,0.0000,0.0008,0.0000,1,
35.3441,198.8600,BASELINE_COLLECTION,STANCE,0.5556,-33.700,0.300,-33.700,0.0000,0.0000,-0.0004,0.0000,-0.0004,0.0000,0,
35.3523,198.8700,BASELINE_COLLECTION,STANCE,0.5667,-33.700,-2.800,-33.700,0.0000,0.0000,0.0042,0.0000,0.0042,0.0000,1,
35.3642,198.8800,BASELINE_COLLECTION,STANCE,0.5778,-33.700,-4.600,-33.700,0.0000,0.0000,0.0069,0.0000,0.0069,0.0000,1,
35.3763,198.8900,BASELINE_COLLECTION,STANCE,0.5889,-33.800,-6.900,-33.800,0.0000,0.0000,0.0104,0.0000,0.0104,0.0000,1,
35.3841,198.9000,BASELINE_COLLECTION,STANCE,0.6000,-33.900,-14.300,-33.900,0.0000,0.0000,0.0215,0.0000,0.0215,0.0000,1,
35.3963,198.9100,BASELINE_COLLECTION,STANCE,0.6111,-34.100,-27.900,-34.100,0.0000,0.0000,0.0418,0.0000,0.0418,0.0000,1,
35.4041,198.9200,BASELINE_COLLECTION,STANCE,0.6222,-34.500,-44.200,-34.500,0.0000,0.0000,0.0663,0.0000,0.0663,0.0000,1,
35.4163,198.9300,BASELINE_COLLECTION,STANCE,0.6333,-35.100,-58.200,-35.100,0.0000,0.0000,0.0873,0.0000,0.0873,0.0000,1,
35.4241,198.9400,BASELINE_COLLECTION,STANCE,0.6444,-35.700,-68.500,-35.700,0.0000,0.0000,0.1028,0.0000,0.1028,0.0000,1,
35.4362,198.9500,BASELINE_COLLECTION,STANCE,0.6556,-36.500,-79.600,-36.500,0.0000,0.0000,0.1194,0.0000,0.1194,0.0000,1,
35.4441,198.9600,BASELINE_COLLECTION,STANCE,0.6667,-37.400,-89.800,-37.400,0.0000,0.0000,0.1347,0.0000,0.1347,0.0000,1,
35.4563,198.9700,BASELINE_COLLECTION,STANCE,0.6778,-38.300,-96.200,-38.300,0.0000,0.0000,0.1443,0.0000,0.1443,0.0000,1,
35.4640,198.9800,BASELINE_COLLECTION,STANCE,0.6889,-39.300,-101.600,-39.300,0.0000,0.0000,0.1524,0.0000,0.1524,0.0000,1,
35.4763,198.9900,BASELINE_COLLECTION,STANCE,0.7000,-40.400,-105.000,-40.400,0.0000,0.0000,0.1575,0.0000,0.1575,0.0000,1,
35.4840,199.0000,BASELINE_COLLECTION,STANCE,0.7111,-40.900,-104.600,-40.900,0.0000,0.0000,0.1569,0.0000,0.1569,0.0000,1,
35.4962,199.0100,BASELINE_COLLECTION,STANCE,0.7222,-42.400,-99.800,-42.400,0.0000,0.0000,0.1497,0.0000,0.1497,0.0000,1,
35.5082,199.0200,BASELINE_COLLECTION,STANCE,0.7333,-43.400,-93.100,-43.400,0.0000,0.0000,0.1396,0.0000,0.1396,0.0000,1,
35.5162,199.0300,BASELINE_COLLECTION,STANCE,0.7444,-44.200,-84.400,-44.200,0.0000,0.0000,0.1266,0.0000,0.1266,0.0000,1,
35.5283,199.0400,BASELINE_COLLECTION,STANCE,0.7556,-45.000,-76.600,-45.000,0.0000,0.0000,0.1149,0.0000,0.1149,0.0000,1,
35.5363,199.0500,BASELINE_COLLECTION,STANCE,0.7667,-45.700,-66.600,-45.700,0.0000,0.0000,0.0999,0.0000,0.0999,0.0000,1,
35.5483,199.0600,BASELINE_COLLECTION,STANCE,0.7778,-46.300,-54.600,-46.300,0.0000,0.0000,0.0819,0.0000,0.0819,0.0000,1,
35.5563,199.0700,BASELINE_COLLECTION,STANCE,0.7889,-46.800,-42.900,-46.800,0.0000,0.0000,0.0644,0.0000,0.0644,0.0000,1,
35.5683,199.0800,BASELINE_COLLECTION,STANCE,0.8000,-47.100,-32.800,-47.100,0.0000,0.0000,0.0492,0.0000,0.0492,0.0000,1,
35.5763,199.0900,BASELINE_COLLECTION,STANCE,0.8111,-47.400,-25.900,-47.400,0.0000,0.0000,0.0388,0.0000,0.0388,0.0000,1,
35.5882,199.1000,BASELINE_COLLECTION,STANCE,0.8222,-47.600,-18.100,-47.600,0.0000,0.0000,0.0272,0.0000,0.0272,0.0000,1,
35.5963,199.1100,BASELINE_COLLECTION,STANCE,0.8333,-47.800,-11.900,-47.800,0.0000,0.0000,0.0179,0.0000,0.0179,0.0000,1,
35.6083,199.1200,BASELINE_COLLECTION,STANCE,0.8444,-47.900,-10.600,-47.900,0.0000,0.0000,0.0159,0.0000,0.0159,0.0000,1,
35.6163,199.1300,BASELINE_COLLECTION,STANCE,0.8556,-48.000,-13.200,-48.000,0.0000,0.0000,0.0198,0.0000,0.0198,0.0000,1,
35.6283,199.1400,BASELINE_COLLECTION,STANCE,0.8667,-48.100,-11.500,-48.100,0.0000,0.0000,0.0173,0.0000,0.0173,0.0000,1,
35.6363,199.1500,BASELINE_COLLECTION,STANCE,0.8778,-48.200,-8.900,-48.200,0.0000,0.0000,0.0134,0.0000,0.0134,0.0000,1,
35.6483,199.1600,BASELINE_COLLECTION,STANCE,0.8889,-48.300,-9.400,-48.300,0.0000,0.0000,0.0141,0.0000,0.0141,0.0000,1,
35.6563,199.1700,BASELINE_COLLECTION,STANCE,0.9000,-48.400,-16.800,-48.400,0.0000,0.0000,0.0252,0.0000,0.0252,0.0000,1,
35.6683,199.1800,BASELINE_COLLECTION,STANCE,0.9111,-48.700,-23.900,-48.700,0.0000,0.0000,0.0358,0.0000,0.0358,0.0000,1,
35.6763,199.1900,BASELINE_COLLECTION,STANCE,0.9222,-49.000,-34.400,-49.000,0.0000,0.0000,0.0516,0.0000,0.0516,0.0000,1,
35.6882,199.2000,BASELINE_COLLECTION,STANCE,0.9333,-49.400,-49.500,-49.400,0.0000,0.0000,0.0742,0.0000,0.0742,0.0000,1,
35.6962,199.2100,BASELINE_COLLECTION,STANCE,0.9444,-50.000,-67.800,-50.000,0.0000,0.0000,0.1017,0.0000,0.1017,0.0000,1,
35.7082,199.2200,BASELINE_COLLECTION,STANCE,0.9556,-50.900,-90.300,-50.900,0.0000,0.0000,0.1354,0.0000,0.1354,0.0000,1,
35.7162,199.2300,BASELINE_COLLECTION,STANCE,0.9667,-51.900,-112.600,-51.900,0.0000,0.0000,0.1689,0.0000,0.1689,0.0000,1,
35.7282,199.2400,BASELINE_COLLECTION,STANCE,0.9778,-53.200,-135.200,-53.200,0.0000,0.0000,0.2028,0.0000,0.2028,0.0000,1,
35.7362,199.2500,BASELINE_COLLECTION,STANCE,0.9889,-54.700,-157.900,-54.700,0.0000,0.0000,0.2369,0.0000,0.2369,0.0000,1,
35.7482,199.2600,BASELINE_COLLECTION,STANCE,1.0000,-56.500,-182.900,-56.500,0.0000,0.0000,0.2744,0.0000,0.2744,0.0000,1,
35.7562,199.2700,BASELINE_COLLECTION,STANCE,1.0000,-58.500,-209.800,-58.500,0.0000,0.0000,0.3147,0.0000,0.3147,0.0000,1,
35.7682,199.2800,BASELINE_COLLECTION,STANCE,1.0000,-60.800,-239.300,-60.800,0.0000,0.0000,0.3590,0.0000,0.3590,0.0000,1,
35.7762,199.2900,BASELINE_COLLECTION,STANCE,1.0000,-63.300,-266.600,-63.300,0.0000,0.0000,0.3999,0.0000,0.3999,0.0000,1,
35.7881,199.3000,BASELINE_COLLECTION,STANCE,1.0000,-66.200,-291.600,-66.200,0.0000,0.0000,0.4374,0.0000,0.4374,0.0000,1,
35.7962,199.3100,BASELINE_COLLECTION,STANCE,1.0000,-69.300,-321.000,-69.300,0.0000,0.0000,0.4815,0.0000,0.4815,0.0000,1,
35.8082,199.3200,BASELINE_COLLECTION,STANCE,0.0000,-72.700,-349.100,-72.700,0.0000,0.0000,0.5237,0.0000,0.5237,0.0000,1,
35.8167,199.3300,BASELINE_COLLECTION,STANCE,0.0107,-76.400,-372.600,-76.400,0.0000,0.0000,0.5589,0.0000,0.5589,0.0000,1,
35.8240,199.3400,BASELINE_COLLECTION,STANCE,0.0214,-80.300,-397.700,-80.300,0.0000,0.0000,0.5966,0.0000,0.5966,0.0000,1,
35.8361,199.3500,BASELINE_COLLECTION,STANCE,0.0321,-84.400,-418.200,-84.400,0.0000,0.0000,0.6273,0.0000,0.6273,0.0000,1,
35.8481,199.3600,BASELINE_COLLECTION,STANCE,0.0427,-88.700,-440.000,-88.700,0.0000,0.0000,0.6600,0.0000,0.6600,0.0000,1,
35.8562,199.3700,BASELINE_COLLECTION,STANCE,0.0534,-93.200,-445.300,-93.200,0.0000,0.0000,0.6680,0.0000,0.6680,0.0000,1,
35.8682,199.3800,BASELINE_COLLECTION,STANCE,0.0641,-97.700,-455.000,-97.700,0.0000,0.0000,0.6825,0.0000,0.6825,0.0000,1,
35.8762,199.3900,BASELINE_COLLECTION,STANCE,0.0748,-102.300,-458.400,-102.300,0.0000,0.0000,0.6876,0.0000,0.6876,0.0000,1,
35.8881,199.4000,BASELINE_COLLECTION,STANCE,0.0855,-106.900,-463.700,-106.900,0.0000,0.0000,0.6956,0.0000,0.6956,0.0000,1,
35.8961,199.4100,BASELINE_COLLECTION,STANCE,0.0962,-111.500,-458.700,-111.500,0.0000,0.0000,0.6881,0.0000,0.6881,0.0000,1,
35.9082,199.4200,BASELINE_COLLECTION,STANCE,0.1068,-116.000,-446.300,-116.000,0.0000,0.0000,0.6694,0.0000,0.6694,0.0000,1,
35.9162,199.4300,BASELINE_COLLECTION,STANCE,0.1175,-120.300,-423.300,-120.300,0.0000,0.0000,0.6350,0.0000,0.6350,0.0000,1,
35.9281,199.4400,BASELINE_COLLECTION,STANCE,0.1282,-124.300,-393.100,-124.300,0.0000,0.0000,0.5897,0.0000,0.5897,0.0000,1,
35.9362,199.4500,BASELINE_COLLECTION,STANCE,0.1389,-128.000,-347.700,-128.000,0.0000,0.0000,0.5215,0.0000,0.5215,0.0000,1,
35.9483,199.4600,BASELINE_COLLECTION,STANCE,0.1496,-131.100,-299.300,-131.100,0.0000,0.0000,0.4490,0.0000,0.4490,0.0000,1,
35.9562,199.4700,BASELINE_COLLECTION,STANCE,0.1603,-133.800,-254.200,-133.800,0.0000,0.0000,0.3813,0.0000,0.3813,0.0000,1,
35.9683,199.4800,BASELINE_COLLECTION,STANCE,0.1709,-136.000,-206.300,-136.000,0.0000,0.0000,0.3095,0.0000,0.3095,0.0000,1,
35.9762,199.4900,BASELINE_COLLECTION,STANCE,0.1816,-137.700,-157.500,-137.700,0.0000,0.0000,0.2363,0.0000,0.2363,0.0000,1,
35.9882,199.5000,BASELINE_COLLECTION,STANCE,0.1923,-138.900,-107.800,-138.900,0.0000,0.0000,0.1617,0.0000,0.1617,0.0000,1,
35.9962,199.5100,BASELINE_COLLECTION,STANCE,0.2030,-139.700,-60.600,-139.700,0.0000,0.0000,0.0909,0.0000,0.0909,0.0000,1,
36.0081,199.5200,BASELINE_COLLECTION,STANCE,0.2137,-140.000,-17.200,-140.000,0.0000,0.0000,0.0258,0.0000,0.0258,0.0000,1,
36.0162,199.5300,BASELINE_COLLECTION,STANCE,0.2244,-139.900,19.700,-139.900,0.0000,0.0000,-0.0295,0.0000,-0.0295,0.0000,0,
36.0282,199.5400,BASELINE_COLLECTION,STANCE,0.2350,-139.500,42.900,-139.500,0.0000,0.0000,-0.0644,0.0000,-0.0644,0.0000,0,
36.0362,199.5500,BASELINE_COLLECTION,STANCE,0.2457,-138.900,67.600,-138.900,0.0000,0.0000,-0.1014,0.0000,-0.1014,0.0000,0,
36.0482,199.5600,BASELINE_COLLECTION,SWING,0.0096,-138.100,93.800,-138.100,0.0302,0.0000,-0.1407,0.0000,-0.1407,0.0000,0,
36.0562,199.5700,BASELINE_COLLECTION,SWING,0.0256,-136.900,122.000,-136.900,0.0805,0.0000,-0.1830,0.0000,-0.1830,0.0000,0,
36.0681,199.5800,BASELINE_COLLECTION,SWING,0.0417,-135.600,145.800,-135.600,0.1305,0.0000,-0.2187,0.0000,-0.2187,0.0000,0,
36.0762,199.5900,BASELINE_COLLECTION,SWING,0.0577,-133.900,172.200,-133.900,0.1803,0.0000,-0.2583,0.0000,-0.2583,0.0000,0,
36.0881,199.6000,BASELINE_COLLECTION,SWING,0.0737,-132.100,195.100,-132.100,0.2295,0.0000,-0.2927,0.0000,-0.2927,0.0000,0,
36.0962,199.6100,BASELINE_COLLECTION,SWING,0.0897,-129.900,217.500,-129.900,0.2782,0.0000,-0.3262,0.0000,-0.3262,0.0000,0,
36.1082,199.6200,BASELINE_COLLECTION,SWING,0.1058,-127.500,244.300,-127.500,0.3262,0.0000,-0.3664,0.0000,-0.3664,0.0000,0,
36.1162,199.6300,BASELINE_COLLECTION,SWING,0.1218,-124.900,271.900,-124.900,0.3734,0.0000,-0.4078,0.0000,-0.4078,0.0000,0,
36.1282,199.6400,BASELINE_COLLECTION,SWING,0.1378,-122.100,294.000,-122.100,0.4196,0.0000,-0.4410,0.0000,-0.4410,0.0000,0,
36.1362,199.6500,BASELINE_COLLECTION,SWING,0.1538,-119.000,315.200,-119.000,0.4647,0.0000,-0.4728,0.0000,-0.4728,0.0000,0,
36.1483,199.6600,BASELINE_COLLECTION,SWING,0.1699,-115.700,337.900,-115.700,0.5087,0.0000,-0.5069,0.0000,-0.5069,0.0000,0,
36.1562,199.6700,BASELINE_COLLECTION,SWING,0.1859,-112.000,360.700,-112.000,0.5514,0.0000,-0.5411,0.0000,-0.5411,0.0000,0,
36.1683,199.6800,BASELINE_COLLECTION,SWING,0.2019,-108.400,387.100,-108.400,0.5927,0.0000,-0.5806,0.0000,-0.5806,0.0000,0,
36.1763,199.6900,BASELINE_COLLECTION,SWING,0.2179,-104.300,410.100,-104.300,0.6324,0.0000,-0.6152,0.0000,-0.6152,0.0000,0,
36.1883,199.7000,BASELINE_COLLECTION,SWING,0.2340,-100.000,432.600,-100.000,0.6706,0.0000,-0.6489,0.0000,-0.6489,0.0000,0,
36.1962,199.7100,BASELINE_COLLECTION,SWING,0.2500,-95.400,456.200,-95.400,0.7071,0.0000,-0.6843,0.0000,-0.6843,0.0000,0,
36.2082,199.7200,BASELINE_COLLECTION,SWING,0.2660,-90.900,474.000,-90.900,0.7418,0.0000,-0.7110,0.0000,-0.7110,0.0000,0,
36.2161,199.7300,BASELINE_COLLECTION,SWING,0.2821,-85.900,500.700,-85.900,0.7746,0.0000,-0.7510,0.0000,-0.7510,0.0000,0,
36.2282,199.7400,BASELINE_COLLECTION,SWING,0.2981,-80.800,513.900,-80.800,0.8055,0.0000,-0.7709,0.0000,-0.7709,0.0000,0,
36.2362,199.7500,BASELINE_COLLECTION,SWING,0.3141,-75.500,529.600,-75.500,0.8343,0.0000,-0.7944,0.0000,-0.7944,0.0000,0,
36.2482,199.7600,BASELINE_COLLECTION,SWING,0.3301,-70.000,549.900,-70.000,0.8609,0.0000,-0.8248,0.0000,-0.8248,0.0000,0,
36.2562,199.7700,BASELINE_COLLECTION,SWING,0.3462,-64.500,560.900,-64.500,0.8855,0.0000,-0.8413,0.0000,-0.8413,0.0000,0,
36.2681,199.7800,BASELINE_COLLECTION,SWING,0.3622,-58.700,584.400,-58.700,0.9077,0.0000,-0.8766,0.0000,-0.8766,0.0000,0,
36.2762,199.7900,BASELINE_COLLECTION,SWING,0.3782,-52.700,607.200,-52.700,0.9277,0.0000,-0.9108,0.0000,-0.9108,0.0000,0,
36.2881,199.8000,BASELINE_COLLECTION,SWING,0.3942,-46.500,626.400,-46.500,0.9453,0.0000,-0.9396,0.0000,-0.9396,0.0000,0,
36.2962,199.8100,BASELINE_COLLECTION,SWING,0.4103,-40.200,632.600,-40.200,0.9605,0.0000,-0.9489,0.0000,-0.9489,0.0000,0,
36.3082,199.8200,BASELINE_COLLECTION,SWING,0.4263,-33.800,642.600,-33.800,0.9733,0.0000,-0.9639,0.0000,-0.9639,0.0000,0,
36.3162,199.8300,BASELINE_COLLECTION,SWING,0.4423,-27.400,635.000,-27.400,0.9836,0.0000,-0.9525,0.0000,-0.9525,0.0000,0,
36.3281,199.8400,BASELINE_COLLECTION,SWING,0.4583,-21.000,632.700,-21.000,0.9914,0.0000,-0.9491,0.0000,-0.9491,0.0000,0,
36.3402,199.8500,BASELINE_COLLECTION,SWING,0.4744,-14.800,620.500,-14.800,0.9968,0.0000,-0.9307,0.0000,-0.9307,0.0000,0,
36.3482,199.8600,BASELINE_COLLECTION,SWING,0.4904,-8.900,565.700,-8.900,0.9995,0.0000,-0.8486,0.0000,-0.8486,0.0000,0,
36.3603,199.8700,BASELINE_COLLECTION,SWING,0.5064,-4.400,465.500,-4.400,0.9998,0.0000,-0.6983,0.0000,-0.6983,0.0000,0,
36.3681,199.8800,BASELINE_COLLECTION,SWING,0.5224,-0.500,304.800,-0.500,0.9975,0.0000,-0.4572,0.0000,-0.4572,0.0000,0,
36.3802,199.8900,BASELINE_COLLECTION,SWING,0.5385,1.300,145.800,1.300,0.9927,0.0000,-0.2187,0.0000,-0.2187,0.0000,0,
36.3882,199.9000,BASELINE_COLLECTION,SWING,0.5545,2.000,45.100,2.000,0.9854,0.0000,-0.0677,0.0000,-0.0677,0.0000,0,
36.4003,199.9100,BASELINE_COLLECTION,SWING,0.5705,2.100,-7.000,2.100,0.9756,0.0000,0.0105,0.0000,0.0105,0.0000,1,
36.4083,199.9200,BASELINE_COLLECTION,SWING,0.5865,1.900,-14.300,1.900,0.9633,0.0000,0.0215,0.0000,0.0215,0.0000,1,
36.4203,199.9300,BASELINE_COLLECTION,SWING,0.6026,1.900,-3.100,1.900,0.9485,0.0000,0.0047,0.0000,0.0047,0.0000,1,
36.4282,199.9400,BASELINE_COLLECTION,SWING,0.6186,1.900,-0.300,1.900,0.9314,0.0000,0.0004,0.0000,0.0004,0.0000,1,
36.4403,199.9500,BASELINE_COLLECTION,SWING,0.6346,1.900,-1.400,1.900,0.9119,0.0000,0.0021,0.0000,0.0021,0.0000,1,
36.4481,199.9600,BASELINE_COLLECTION,SWING,0.6506,1.800,-3.100,1.800,0.8901,0.0000,0.0047,0.0000,0.0047,0.0000,1,
36.4603,199.9700,BASELINE_COLLECTION,SWING,0.6667,1.800,-7.800,1.800,0.8660,0.0000,0.0117,0.0000,0.0117,0.0000,1,
36.4682,199.9800,BASELINE_COLLECTION,SWING,0.6827,1.700,-13.800,1.700,0.8398,0.0000,0.0207,0.0000,0.0207,0.0000,1,
36.4802,199.9900,BASELINE_COLLECTION,SWING,0.6987,1.500,-21.000,1.500,0.8114,0.0000,0.0315,0.0000,0.0315,0.0000,1,
36.4881,200.0000,BASELINE_COLLECTION,SWING,0.7147,1.400,-24.900,1.400,0.7809,0.0000,0.0374,0.0000,0.0374,0.0000,1,
36.5003,200.0100,BASELINE_COLLECTION,SWING,0.7308,0.700,-45.700,0.700,0.7485,0.0000,0.0685,0.0000,0.0685,0.0000,1,
36.5083,200.0200,BASELINE_COLLECTION,SWING,0.7468,0.100,-64.300,0.100,0.7142,0.0000,0.0964,0.0000,0.0964,0.0000,1,
36.5202,200.0300,BASELINE_COLLECTION,SWING,0.7628,-0.600,-94.500,-0.600,0.6781,0.0000,0.1418,0.0000,0.1418,0.0000,1,
36.5282,200.0400,BASELINE_COLLECTION,SWING,0.7788,-1.900,-146.500,-1.900,0.6402,0.0000,0.2198,0.0000,0.2198,0.0000,1,
36.5401,200.0500,BASELINE_COLLECTION,SWING,0.7949,-3.800,-214.200,-3.800,0.6007,0.0000,0.3213,0.0000,0.3213,0.0000,1,
36.5483,200.0600,BASELINE_COLLECTION,SWING,0.8109,-6.300,-261.300,-6.300,0.5597,0.0000,0.3920,0.0000,0.3920,0.0000,1,
36.5603,200.0700,BASELINE_COLLECTION,SWING,0.8269,-9.100,-279.900,-9.100,0.5173,0.0000,0.4199,0.0000,0.4199,0.0000,1,
36.5683,200.0800,BASELINE_COLLECTION,SWING,0.8429,-11.800,-271.000,-11.800,0.4736,0.0000,0.4065,0.0000,0.4065,0.0000,1,
36.5803,200.0900,BASELINE_COLLECTION,SWING,0.8590,-14.400,-248.600,-14.400,0.4287,0.0000,0.3729,0.0000,0.3729,0.0000,1,
36.5883,200.1000,BASELINE_COLLECTION,SWING,0.8750,-16.700,-214.900,-16.700,0.3827,0.0000,0.3224,0.0000,0.3224,0.0000,1,
36.6003,200.1100,BASELINE_COLLECTION,SWING,0.8910,-18.500,-172.300,-18.500,0.3357,0.0000,0.2585,0.0000,0.2585,0.0000,1,
36.6082,200.1200,BASELINE_COLLECTION,SWING,0.9071,-19.900,-129.300,-19.900,0.2879,0.0000,0.1940,0.0000,0.1940,0.0000,1,
36.6203,200.1300,BASELINE_COLLECTION,SWING,0.9231,-20.900,-84.400,-20.900,0.2393,0.0000,0.1266,0.0000,0.1266,0.0000,1,
36.6283,200.1400,BASELINE_COLLECTION,SWING,0.9391,-21.500,-40.600,-21.500,0.1902,0.0000,0.0609,0.0000,0.0609,0.0000,1,
36.6402,200.1500,BASELINE_COLLECTION,SWING,0.9551,-21.600,2.700,-21.600,0.1405,0.0000,-0.0041,0.0000,-0.0041,0.0000,0,
36.6481,200.1600,BASELINE_COLLECTION,SWING,0.9712,-21.300,28.800,-21.300,0.0905,0.0000,-0.0432,0.0000,-0.0432,0.0000,0,
36.6603,200.1700,BASELINE_COLLECTION,SWING,0.9872,-21.000,41.100,-21.000,0.0403,0.0000,-0.0617,0.0000,-0.0617,0.0000,0,
36.6681,200.1800,BASELINE_COLLECTION,STANCE,0.2521,-20.500,45.600,-20.500,0.0000,0.0000,-0.0684,0.0000,-0.0684,0.0000,0,
36.6803,200.1900,BASELINE_COLLECTION,STANCE,0.2628,-20.100,38.300,-20.100,0.0000,0.0000,-0.0574,0.0000,-0.0574,0.0000,0,
36.6882,200.2000,BASELINE_COLLECTION,STANCE,0.2735,-19.800,23.600,-19.800,0.0000,0.0000,-0.0354,0.0000,-0.0354,0.0000,0,
36.7003,200.2100,BASELINE_COLLECTION,STANCE,0.2842,-19.700,2.800,-19.700,0.0000,0.0000,-0.0042,0.0000,-0.0042,0.0000,0,
36.7082,200.2200,BASELINE_COLLECTION,STANCE,0.2949,-19.800,-5.400,-19.800,0.0000,0.0000,0.0081,0.0000,0.0081,0.0000,1,
36.7203,200.2300,BASELINE_COLLECTION,STANCE,0.3056,-19.800,-5.200,-19.800,0.0000,0.0000,0.0078,0.0000,0.0078,0.0000,1,
36.7283,200.2400,BASELINE_COLLECTION,STANCE,0.3162,-19.900,-10.200,-19.900,0.0000,0.0000,0.0153,0.0000,0.0153,0.0000,1,
36.7403,200.2500,BASELINE_COLLECTION,STANCE,0.3269,-20.000,-15.200,-20.000,0.0000,0.0000,0.0228,0.0000,0.0228,0.0000,1,
36.7483,200.2600,BASELINE_COLLECTION,STANCE,0.3376,-20.200,-15.600,-20.200,0.0000,0.0000,0.0234,0.0000,0.0234,0.0000,1,
36.7602,200.2700,BASELINE_COLLECTION,STANCE,0.3483,-20.400,-17.800,-20.400,0.0000,0.0000,0.0267,0.0000,0.0267,0.0000,1,
36.7681,200.2800,BASELINE_COLLECTION,STANCE,0.3590,-20.500,-16.800,-20.500,0.0000,0.0000,0.0252,0.0000,0.0252,0.0000,1,
36.7802,200.2900,BASELINE_COLLECTION,STANCE,0.3697,-20.700,-9.900,-20.700,0.0000,0.0000,0.0149,0.0000,0.0149,0.0000,1,
36.7883,200.3000,BASELINE_COLLECTION,STANCE,0.3803,-20.700,-2.800,-20.700,0.0000,0.0000,0.0042,0.0000,0.0042,0.0000,1,
36.8002,200.3100,BASELINE_COLLECTION,STANCE,0.3910,-20.700,-0.800,-20.700,0.0000,0.0000,0.0012,0.0000,0.0012,0.0000,1,
36.8080,200.3200,BASELINE_COLLECTION,STANCE,0.4017,-20.700,-1.300,-20.700,0.0000,0.0000,0.0020,0.0000,0.0020,0.0000,1,
36.8203,200.3300,BASELINE_COLLECTION,STANCE,0.4124,-20.800,-4.100,-20.800,0.0000,0.0000,0.0061,0.0000,0.0061,0.0000,1,
36.8283,200.3400,BASELINE_COLLECTION,STANCE,0.4231,-20.800,-9.400,-20.800,0.0000,0.0000,0.0141,0.0000,0.0141,0.0000,1,
36.8403,200.3500,BASELINE_COLLECTION,STANCE,0.4338,-21.000,-15.300,-21.000,0.0000,0.0000,0.0230,0.0000,0.0230,0.0000,1,
36.8482,200.3600,BASELINE_COLLECTION,STANCE,0.4444,-21.200,-27.100,-21.200,0.0000,0.0000,0.0407,0.0000,0.0407,0.0000,1,
36.8602,200.3700,BASELINE_COLLECTION,STANCE,0.4551,-21.600,-43.400,-21.600,0.0000,0.0000,0.0651,0.0000,0.0651,0.0000,1,
36.8682,200.3800,BASELINE_COLLECTION,STANCE,0.4658,-22.100,-59.600,-22.100,0.0000,0.0000,0.0894,0.0000,0.0894,0.0000,1,
36.8802,200.3900,BASELINE_COLLECTION,STANCE,0.4765,-22.800,-74.100,-22.800,0.0000,0.0000,0.1111,0.0000,0.1111,0.0000,1,
36.8881,200.4000,BASELINE_COLLECTION,STANCE,0.4872,-23.700,-90.900,-23.700,0.0000,0.0000,0.1363,0.0000,0.1363,0.0000,1,
36.9002,200.4100,BASELINE_COLLECTION,STANCE,0.4979,-24.700,-108.300,-24.700,0.0000,0.0000,0.1625,0.0000,0.1625,0.0000,1,
36.9082,200.4200,BASELINE_COLLECTION,STANCE,0.5085,-25.900,-121.600,-25.900,0.0000,0.0000,0.1824,0.0000,0.1824,0.0000,1,
36.9203,200.4300,BASELINE_COLLECTION,STANCE,0.5192,-27.200,-131.800,-27.200,0.0000,0.0000,0.1977,0.0000,0.1977,0.0000,1,
36.9283,200.4400,BASELINE_COLLECTION,STANCE,0.5299,-28.600,-139.200,-28.600,0.0000,0.0000,0.2088,0.0000,0.2088,0.0000,1,
36.9403,200.4500,BASELINE_COLLECTION,STANCE,0.5406,-30.000,-145.500,-30.000,0.0000,0.0000,0.2182,0.0000,0.2182,0.0000,1,
36.9481,200.4600,BASELINE_COLLECTION,STANCE,0.5513,-31.300,-147.900,-31.300,0.0000,0.0000,0.2219,0.0000,0.2219,0.0000,1,
36.9562,200.4700,BASELINE_COLLECTION,STANCE,0.5620,-32.800,-148.300,-32.800,0.0000,0.0000,0.2225,0.0000,0.2225,0.0000,1,
36.9681,200.4800,BASELINE_COLLECTION,STANCE,0.5726,-34.300,-144.300,-34.300,0.0000,0.0000,0.2165,0.0000,0.2165,0.0000,1,
36.9802,200.4900,BASELINE_COLLECTION,STANCE,0.5833,-35.800,-136.600,-35.800,0.0000,0.0000,0.2049,0.0000,0.2049,0.0000,1,
36.9883,200.5000,BASELINE_COLLECTION,STANCE,0.5940,-37.100,-126.200,-37.100,0.0000,0.0000,0.1893,0.0000,0.1893,0.0000,1,
37.0003,200.5100,BASELINE_COLLECTION,STANCE,0.6047,-38.300,-114.300,-38.300,0.0000,0.0000,0.1714,0.0000,0.1714,0.0000,1,
37.0082,200.5200,BASELINE_COLLECTION,STANCE,0.6154,-39.300,-102.500,-39.300,0.0000,0.0000,0.1537,0.0000,0.1537,0.0000,1,
37.0202,200.5300,BASELINE_COLLECTION,STANCE,0.6261,-40.300,-92.400,-40.300,0.0000,0.0000,0.1386,0.0000,0.1386,0.0000,1,
37.0282,200.5400,BASELINE_COLLECTION,STANCE,0.6368,-41.100,-79.700,-41.100,0.0000,0.0000,0.1196,0.0000,0.1196,0.0000,1,
37.0402,200.5500,BASELINE_COLLECTION,STANCE,0.6474,-41.900,-71.500,-41.900,0.0000,0.0000,0.1072,0.0000,0.1072,0.0000,1,
37.0482,200.5600,BASELINE_COLLECTION,STANCE,0.6581,-42.500,-64.100,-42.500,0.0000,0.0000,0.0961,0.0000,0.0961,0.0000,1,
37.0602,200.5700,BASELINE_COLLECTION,STANCE,0.6688,-43.100,-59.900,-43.100,0.0000,0.0000,0.0898,0.0000,0.0898,0.0000,1,
37.0683,200.5800,BASELINE_COLLECTION,STANCE,0.6795,-43.700,-55.900,-43.700,0.0000,0.0000,0.0838,0.0000,0.0838,0.0000,1,
37.0802,200.5900,BASELINE_COLLECTION,STANCE,0.6902,-44.300,-55.400,-44.300,0.0000,0.0000,0.0831,0.0000,0.0831,0.0000,1,
37.0882,200.6000,BASELINE_COLLECTION,STANCE,0.7009,-44.800,-57.800,-44.800,0.0000,0.0000,0.0867,0.0000,0.0867,0.0000,1,
37.1003,200.6100,BASELINE_COLLECTION,STANCE,0.7115,-45.400,-62.200,-45.400,0.0000,0.0000,0.0933,0.0000,0.0933,0.0000,1,
37.1082,200.6200,BASELINE_COLLECTION,STANCE,0.7222,-46.100,-64.900,-46.100,0.0000,0.0000,0.0974,0.0000,0.0974,0.0000,1,
37.1202,200.6300,BASELINE_COLLECTION,STANCE,0.7329,-46.800,-69.500,-46.800,0.0000,0.0000,0.1042,0.0000,0.1042,0.0000,1,
37.1282,200.6400,BASELINE_COLLECTION,STANCE,0.7436,-47.500,-75.400,-47.500,0.0000,0.0000,0.1131,0.0000,0.1131,0.0000,1,
37.1401,200.6500,BASELINE_COLLECTION,STANCE,0.7543,-48.300,-83.700,-48.300,0.0000,0.0000,0.1255,0.0000,0.1255,0.0000,1,
37.1481,200.6600,BASELINE_COLLECTION,STANCE,0.7650,-49.200,-88.000,-49.200,0.0000,0.0000,0.1320,0.0000,0.1320,0.0000,1,
37.1602,200.6700,BASELINE_COLLECTION,STANCE,0.7756,-50.100,-94.400,-50.100,0.0000,0.0000,0.1416,0.0000,0.1416,0.0000,1,
37.1682,200.6800,BASELINE_COLLECTION,STANCE,0.7863,-51.100,-102.900,-51.100,0.0000,0.0000,0.1544,0.0000,0.1544,0.0000,1,
37.1802,200.6900,BASELINE_COLLECTION,STANCE,0.7970,-52.200,-111.400,-52.200,0.0000,0.0000,0.1671,0.0000,0.1671,0.0000,1,
37.1882,200.7000,BASELINE_COLLECTION,STANCE,0.8077,-53.400,-122.400,-53.400,0.0000,0.0000,0.1836,0.0000,0.1836,0.0000,1,
37.2001,200.7100,BASELINE_COLLECTION,STANCE,0.8184,-54.700,-132.800,-54.700,0.0000,0.0000,0.1992,0.0000,0.1992,0.0000,1,
37.2082,200.7200,BASELINE_COLLECTION,STANCE,0.8291,-55.900,-142.600,-55.900,0.0000,0.0000,0.2139,0.0000,0.2139,0.0000,1,
37.2202,200.7300,BASELINE_COLLECTION,STANCE,0.8397,-57.500,-156.200,-57.500,0.0000,0.0000,0.2343,0.0000,0.2343,0.0000,1,
37.2282,200.7400,BASELINE_COLLECTION,STANCE,0.8504,-59.100,-172.300,-59.100,0.0000,0.0000,0.2585,0.0000,0.2585,0.0000,1,
37.2402,200.7500,BASELINE_COLLECTION,STANCE,0.8611,-61.000,-190.000,-61.000,0.0000,0.0000,0.2850,0.0000,0.2850,0.0000,1,
37.2482,200.7600,BASELINE_COLLECTION,STANCE,0.8718,-63.200,-209.300,-63.200,0.0000,0.0000,0.3140,0.0000,0.3140,0.0000,1,
37.2602,200.7700,BASELINE_COLLECTION,STANCE,0.8825,-65.400,-226.700,-65.400,0.0000,0.0000,0.3400,0.0000,0.3400,0.0000,1,
37.2682,200.7800,BASELINE_COLLECTION,STANCE,0.8932,-67.800,-247.400,-67.800,0.0000,0.0000,0.3711,0.0000,0.3711,0.0000,1,
37.2801,200.7900,BASELINE_COLLECTION,STANCE,0.0000,-70.500,-272.500,-70.500,0.0000,0.0000,0.4088,0.0000,0.4088,0.0000,1,
37.2857,200.8000,BASELINE_COLLECTION,STANCE,0.0113,-73.400,-294.200,-73.400,0.0000,0.0000,0.4413,0.0000,0.4413,0.0000,1,
37.2960,200.8100,BASELINE_COLLECTION,STANCE,0.0227,-76.500,-319.000,-76.500,0.0000,0.0000,0.4785,0.0000,0.4785,0.0000,1,
37.3081,200.8200,BASELINE_COLLECTION,STANCE,0.0340,-79.900,-352.300,-79.900,0.0000,0.0000,0.5284,0.0000,0.5284,0.0000,1,
37.3203,200.8300,BASELINE_COLLECTION,STANCE,0.0454,-83.600,-387.400,-83.600,0.0000,0.0000,0.5811,0.0000,0.5811,0.0000,1,
37.3282,200.8400,BASELINE_COLLECTION,STANCE,0.0567,-87.800,-423.900,-87.800,0.0000,0.0000,0.6359,0.0000,0.6359,0.0000,1,
37.3402,200.8500,BASELINE_COLLECTION,STANCE,0.0680,-92.200,-439.800,-92.200,0.0000,0.0000,0.6597,0.0000,0.6597,0.0000,1,
37.3483,200.8600,BASELINE_COLLECTION,STANCE,0.0794,-96.200,-449.200,-96.200,0.0000,0.0000,0.6738,0.0000,0.6738,0.0000,1,
37.3602,200.8700,BASELINE_COLLECTION,STANCE,0.0907,-101.200,-456.900,-101.200,0.0000,0.0000,0.6854,0.0000,0.6854,0.0000,1,
37.3680,200.8800,BASELINE_COLLECTION,STANCE,0.1020,-105.700,-457.300,-105.700,0.0000,0.0000,0.6860,0.0000,0.6860,0.0000,1,
37.3803,200.8900,BASELINE_COLLECTION,STANCE,0.1134,-110.300,-455.400,-110.300,0.0000,0.0000,0.6831,0.0000,0.6831,0.0000,1,
37.3882,200.9000,BASELINE_COLLECTION,STANCE,0.1247,-114.800,-445.400,-114.800,0.0000,0.0000,0.6681,0.0000,0.6681,0.0000,1,
37.4003,200.9100,BASELINE_COLLECTION,STANCE,0.1361,-119.200,-433.000,-119.200,0.0000,0.0000,0.6495,0.0000,0.6495,0.0000,1,
37.4083,200.9200,BASELINE_COLLECTION,STANCE,0.1474,-123.400,-415.500,-123.400,0.0000,0.0000,0.6232,0.0000,0.6232,0.0000,1,
37.4203,200.9300,BASELINE_COLLECTION,STANCE,0.1587,-127.400,-387.200,-127.400,0.0000,0.0000,0.5808,0.0000,0.5808,0.0000,1,
37.4283,200.9400,BASELINE_COLLECTION,STANCE,0.1701,-130.900,-342.400,-130.900,0.0000,0.0000,0.5136,0.0000,0.5136,0.0000,1,
37.4402,200.9500,BASELINE_COLLECTION,STANCE,0.1814,-134.100,-300.500,-134.100,0.0000,0.0000,0.4507,0.0000,0.4507,0.0000,1,
37.4483,200.9600,BASELINE_COLLECTION,STANCE,0.1927,-136.800,-254.300,-136.800,0.0000,0.0000,0.3815,0.0000,0.3815,0.0000,1,
37.4602,200.9700,BASELINE_COLLECTION,STANCE,0.2041,-139.000,-205.800,-139.000,0.0000,0.0000,0.3087,0.0000,0.3087,0.0000,1,
37.4682,200.9800,BASELINE_COLLECTION,STANCE,0.2154,-140.700,-157.500,-140.700,0.0000,0.0000,0.2363,0.0000,0.2363,0.0000,1,
37.4802,200.9900,BASELINE_COLLECTION,STANCE,0.2268,-141.900,-109.200,-141.900,0.0000,0.0000,0.1638,0.0000,0.1638,0.0000,1,
37.4880,201.0000,BASELINE_COLLECTION,STANCE,0.2381,-142.400,-79.200,-142.400,0.0000,0.0000,0.1188,0.0000,0.1188,0.0000,1,
37.5002,201.0100,BASELINE_COLLECTION,STANCE,0.2494,-143.000,-17.300,-143.000,0.0000,0.0000,0.0260,0.0000,0.0260,0.0000,1,
37.5083,201.0200,BASELINE_COLLECTION,SWING,0.0162,-142.900,19.700,-142.900,0.0507,0.0000,-0.0295,0.0000,-0.0295,0.0000,0,
37.5202,201.0300,BASELINE_COLLECTION,SWING,0.0332,-142.500,47.000,-142.500,0.1040,0.0000,-0.0705,0.0000,-0.0705,0.0000,0,
37.5282,201.0400,BASELINE_COLLECTION,SWING,0.0502,-141.900,71.700,-141.900,0.1570,0.0000,-0.1076,0.0000,-0.1076,0.0000,0,
37.5402,201.0500,BASELINE_COLLECTION,SWING,0.0672,-141.000,95.700,-141.000,0.2095,0.0000,-0.1436,0.0000,-0.1436,0.0000,0,
37.5483,201.0600,BASELINE_COLLECTION,SWING,0.0842,-139.900,120.500,-139.900,0.2614,0.0000,-0.1807,0.0000,-0.1807,0.0000,0,
37.5603,201.0700,BASELINE_COLLECTION,SWING,0.1012,-138.500,144.800,-138.500,0.3126,0.0000,-0.2172,0.0000,-0.2172,0.0000,0,
37.5723,201.0800,BASELINE_COLLECTION,SWING,0.1182,-136.900,171.500,-136.900,0.3629,0.0000,-0.2572,0.0000,-0.2572,0.0000,0,
37.5802,201.0900,BASELINE_COLLECTION,SWING,0.1352,-135.000,197.700,-135.000,0.4121,0.0000,-0.2965,0.0000,-0.2965,0.0000,0,
37.5922,201.1000,BASELINE_COLLECTION,SWING,0.1522,-132.800,221.300,-132.800,0.4602,0.0000,-0.3320,0.0000,-0.3320,0.0000,0,
37.6003,201.1100,BASELINE_COLLECTION,SWING,0.1692,-130.500,241.200,-130.500,0.5069,0.0000,-0.3618,0.0000,-0.3618,0.0000,0,
37.6123,201.1200,BASELINE_COLLECTION,SWING,0.1862,-127.900,264.600,-127.900,0.5522,0.0000,-0.3969,0.0000,-0.3969,0.0000,0,
37.6201,201.1300,BASELINE_COLLECTION,SWING,0.2032,-125.100,291.300,-125.100,0.5960,0.0000,-0.4370,0.0000,-0.4370,0.0000,0,
37.6323,201.1400,BASELINE_COLLECTION,SWING,0.2202,-122.000,313.500,-122.000,0.6380,0.0000,-0.4703,0.0000,-0.4703,0.0000,0,
37.6403,201.1500,BASELINE_COLLECTION,SWING,0.2372,-119.000,331.500,-119.000,0.6782,0.0000,-0.4973,0.0000,-0.4973,0.0000,0,
37.6523,201.1600,BASELINE_COLLECTION,SWING,0.2543,-115.600,354.100,-115.600,0.7165,0.0000,-0.5312,0.0000,-0.5312,0.0000,0,
37.6603,201.1700,BASELINE_COLLECTION,SWING,0.2713,-111.900,375.700,-111.900,0.7527,0.0000,-0.5635,0.0000,-0.5635,0.0000,0,
37.6723,201.1800,BASELINE_COLLECTION,SWING,0.2883,-107.900,404.300,-107.900,0.7868,0.0000,-0.6065,0.0000,-0.6065,0.0000,0,
37.6802,201.1900,BASELINE_COLLECTION,SWING,0.3053,-103.700,426.800,-103.700,0.8186,0.0000,-0.6402,0.0000,-0.6402,0.0000,0,
37.6922,201.2000,BASELINE_COLLECTION,SWING,0.3223,-99.300,450.400,-99.300,0.8481,0.0000,-0.6756,0.0000,-0.6756,0.0000,0,
37.7042,201.2100,BASELINE_COLLECTION,SWING,0.3393,-94.600,472.300,-94.600,0.8752,0.0000,-0.7085,0.0000,-0.7085,0.0000,0,
37.7123,201.2200,BASELINE_COLLECTION,SWING,0.3563,-89.800,495.400,-89.800,0.8998,0.0000,-0.7431,0.0000,-0.7431,0.0000,0,
37.7243,201.2300,BASELINE_COLLECTION,SWING,0.3733,-84.600,517.500,-84.600,0.9218,0.0000,-0.7762,0.0000,-0.7762,0.0000,0,
37.7323,201.2400,BASELINE_COLLECTION,SWING,0.3903,-79.400,530.300,-79.400,0.9412,0.0000,-0.7954,0.0000,-0.7954,0.0000,0,
37.7443,201.2500,BASELINE_COLLECTION,SWING,0.4073,-74.000,546.700,-74.000,0.9579,0.0000,-0.8201,0.0000,-0.8201,0.0000,0,
37.7523,201.2600,BASELINE_COLLECTION,SWING,0.4243,-68.400,565.300,-68.400,0.9719,0.0000,-0.8479,0.0000,-0.8479,0.0000,0,
37.7643,201.2700,BASELINE_COLLECTION,SWING,0.4413,-62.600,577.100,-62.600,0.9831,0.0000,-0.8657,0.0000,-0.8657,0.0000,0,
37.7722,201.2800,BASELINE_COLLECTION,SWING,0.4583,-56.700,595.100,-56.700,0.9914,0.0000,-0.8927,0.0000,-0.8927,0.0000,0,
37.7842,201.2900,BASELINE_COLLECTION,SWING,0.4753,-50.600,619.600,-50.600,0.9970,0.0000,-0.9294,0.0000,-0.9294,0.0000,0,
37.7922,201.3000,BASELINE_COLLECTION,SWING,0.4923,-44.400,624.200,-44.400,0.9997,0.0000,-0.9363,0.0000,-0.9363,0.0000,0,
37.8042,201.3100,BASELINE_COLLECTION,SWING,0.5094,-38.100,622.100,-38.100,0.9996,0.0000,-0.9332,0.0000,-0.9332,0.0000,0,
37.8122,201.3200,BASELINE_COLLECTION,SWING,0.5264,-32.000,612.100,-32.000,0.9966,0.0000,-0.9182,0.0000,-0.9182,0.0000,0,
37.8241,201.3300,BASELINE_COLLECTION,SWING,0.5434,-26.100,569.000,-26.100,0.9907,0.0000,-0.8535,0.0000,-0.8535,0.0000,0,
37.8322,201.3400,BASELINE_COLLECTION,SWING,0.5604,-20.900,495.900,-20.900,0.9821,0.0000,-0.7439,0.0000,-0.7439,0.0000,0,
37.8441,201.3500,BASELINE_COLLECTION,SWING,0.5774,-16.600,393.100,-16.600,0.9706,0.0000,-0.5897,0.0000,-0.5897,0.0000,0,
37.8523,201.3600,BASELINE_COLLECTION,SWING,0.5944,-13.500,283.400,-13.500,0.9564,0.0000,-0.4251,0.0000,-0.4251,0.0000,0,
37.8643,201.3700,BASELINE_COLLECTION,SWING,0.6114,-11.500,158.600,-11.500,0.9394,0.0000,-0.2379,0.0000,-0.2379,0.0000,0,
37.8723,201.3800,BASELINE_COLLECTION,SWING,0.6284,-10.700,48.900,-10.700,0.9197,0.0000,-0.0733,0.0000,-0.0733,0.0000,0,
37.8843,201.3900,BASELINE_COLLECTION,SWING,0.6454,-10.800,-25.300,-10.800,0.8975,0.0000,0.0380,0.0000,0.0380,0.0000,1,
37.8923,201.4000,BASELINE_COLLECTION,SWING,0.6624,-11.200,-52.300,-11.200,0.8726,0.0000,0.0784,0.0000,0.0784,0.0000,1,
37.9043,201.4100,BASELINE_COLLECTION,SWING,0.6794,-11.900,-70.700,-11.900,0.8453,0.0000,0.1061,0.0000,0.1061,0.0000,1,
37.9122,201.4200,BASELINE_COLLECTION,SWING,0.6964,-12.700,-93.300,-12.700,0.8156,0.0000,0.1399,0.0000,0.1399,0.0000,1,
37.9243,201.4300,BASELINE_COLLECTION,SWING,0.7134,-13.800,-117.500,-13.800,0.7835,0.0000,0.1762,0.0000,0.1762,0.0000,1,
37.9322,201.4400,BASELINE_COLLECTION,SWING,0.7304,-15.200,-144.500,-15.200,0.7492,0.0000,0.2167,0.0000,0.2167,0.0000,1,
37.9442,201.4500,BASELINE_COLLECTION,SWING,0.7474,-16.800,-169.300,-16.800,0.7128,0.0000,0.2540,0.0000,0.2540,0.0000,1,
37.9520,201.4600,BASELINE_COLLECTION,SWING,0.7645,-18.600,-187.800,-18.600,0.6743,0.0000,0.2817,0.0000,0.2817,0.0000,1,
37.9643,201.4700,BASELINE_COLLECTION,SWING,0.7815,-20.600,-194.500,-20.600,0.6339,0.0000,0.2918,0.0000,0.2918,0.0000,1,
37.9722,201.4800,BASELINE_COLLECTION,SWING,0.7985,-22.500,-189.500,-22.500,0.5917,0.0000,0.2843,0.0000,0.2843,0.0000,1,
37.9843,201.4900,BASELINE_COLLECTION,SWING,0.8155,-24.300,-171.300,-24.300,0.5478,0.0000,0.2570,0.0000,0.2570,0.0000,1,
37.9923,201.5000,BASELINE_COLLECTION,SWING,0.8325,-25.800,-141.800,-25.800,0.5023,0.0000,0.2127,0.0000,0.2127,0.0000,1,
38.0043,201.5100,BASELINE_COLLECTION,SWING,0.8495,-27.000,-106.700,-27.000,0.4554,0.0000,0.1600,0.0000,0.1600,0.0000,1,
38.0123,201.5200,BASELINE_COLLECTION,SWING,0.8665,-27.800,-68.700,-27.800,0.4072,0.0000,0.1031,0.0000,0.1031,0.0000,1,
38.0243,201.5300,BASELINE_COLLECTION,SWING,0.8835,-28.200,-31.700,-28.200,0.3579,0.0000,0.0476,0.0000,0.0476,0.0000,1,
38.0323,201.5400,BASELINE_COLLECTION,SWING,0.9005,-28.300,-2.100,-28.300,0.3075,0.0000,0.0032,0.0000,0.0032,0.0000,1,
38.0443,201.5500,BASELINE_COLLECTION,SWING,0.9175,-28.200,7.100,-28.200,0.2562,0.0000,-0.0106,0.0000,-0.0106,0.0000,0,
38.0523,201.5600,BASELINE_COLLECTION,SWING,0.9345,-28.200,0.000,-28.200,0.2043,0.0000,0.0000,0.0000,0.0000,0.0000,0,
38.0643,201.5700,BASELINE_COLLECTION,SWING,0.9515,-28.200,-3.500,-28.200,0.1517,0.0000,0.0053,0.0000,0.0053,0.0000,1,
38.0723,201.5800,BASELINE_COLLECTION,SWING,0.9685,-28.300,-4.800,-28.300,0.0987,0.0000,0.0072,0.0000,0.0072,0.0000,1,
38.0843,201.5900,BASELINE_COLLECTION,SWING,0.9855,-28.400,-7.900,-28.400,0.0454,0.0000,0.0119,0.0000,0.0119,0.0000,1,
38.0923,201.6000,BASELINE_COLLECTION,STANCE,0.2517,-28.500,-17.400,-28.500,0.0000,0.0000,0.0261,0.0000,0.0261,0.0000,1,
38.1043,201.6100,BASELINE_COLLECTION,STANCE,0.2630,-28.800,-30.200,-28.800,0.0000,0.0000,0.0453,0.0000,0.0453,0.0000,1,
38.1123,201.6200,BASELINE_COLLECTION,STANCE,0.2744,-29.200,-51.000,-29.200,0.0000,0.0000,0.0765,0.0000,0.0765,0.0000,1,
38.1243,201.6300,BASELINE_COLLECTION,STANCE,0.2857,-29.900,-74.700,-29.900,0.0000,0.0000,0.1121,0.0000,0.1121,0.0000,1,
38.1323,201.6400,BASELINE_COLLECTION,STANCE,0.2971,-30.800,-93.500,-30.800,0.0000,0.0000,0.1403,0.0000,0.1403,0.0000,1,
38.1443,201.6500,BASELINE_COLLECTION,STANCE,0.3084,-31.800,-108.500,-31.800,0.0000,0.0000,0.1628,0.0000,0.1628,0.0000,1,
38.1523,201.6600,BASELINE_COLLECTION,STANCE,0.3197,-33.000,-120.100,-33.000,0.0000,0.0000,0.1802,0.0000,0.1802,0.0000,1,
38.1643,201.6700,BASELINE_COLLECTION,STANCE,0.3311,-34.200,-124.500,-34.200,0.0000,0.0000,0.1867,0.0000,0.1867,0.0000,1,
38.1723,201.6800,BASELINE_COLLECTION,STANCE,0.3424,-35.400,-122.700,-35.400,0.0000,0.0000,0.1841,0.0000,0.1841,0.0000,1,
38.1843,201.6900,BASELINE_COLLECTION,STANCE,0.3537,-36.600,-114.400,-36.600,0.0000,0.0000,0.1716,0.0000,0.1716,0.0000,1,
38.1922,201.7000,BASELINE_COLLECTION,STANCE,0.3651,-37.700,-102.200,-37.700,0.0000,0.0000,0.1533,0.0000,0.1533,0.0000,1,
38.2042,201.7100,BASELINE_COLLECTION,STANCE,0.3764,-38.600,-84.300,-38.600,0.0000,0.0000,0.1265,0.0000,0.1265,0.0000,1,
38.2122,201.7200,BASELINE_COLLECTION,STANCE,0.3878,-39.300,-64.400,-39.300,0.0000,0.0000,0.0966,0.0000,0.0966,0.0000,1,
38.2242,201.7300,BASELINE_COLLECTION,STANCE,0.3991,-39.800,-44.400,-39.800,0.0000,0.0000,0.0666,0.0000,0.0666,0.0000,1,
38.2322,201.7400,BASELINE_COLLECTION,STANCE,0.4104,-40.100,-24.800,-40.100,0.0000,0.0000,0.0372,0.0000,0.0372,0.0000,1,
38.2443,201.7500,BASELINE_COLLECTION,STANCE,0.4218,-40.300,-8.500,-40.300,0.0000,0.0000,0.0128,0.0000,0.0128,0.0000,1,
38.2523,201.7600,BASELINE_COLLECTION,STANCE,0.4331,-40.300,2.500,-40.300,0.0000,0.0000,-0.0037,0.0000,-0.0037,0.0000,0,
38.2643,201.7700,BASELINE_COLLECTION,STANCE,0.4444,-40.200,0.300,-40.200,0.0000,0.0000,-0.0004,0.0000,-0.0004,0.0000,0,
38.2723,201.7800,BASELINE_COLLECTION,STANCE,0.4558,-40.300,-1.600,-40.300,0.0000,0.0000,0.0024,0.0000,0.0024,0.0000,1,
38.2843,201.7900,BASELINE_COLLECTION,STANCE,0.4671,-40.300,0.600,-40.300,0.0000,0.0000,-0.0009,0.0000,-0.0009,0.0000,0,
38.2922,201.8000,BASELINE_COLLECTION,STANCE,0.4785,-40.300,-0.600,-40.300,0.0000,0.0000,0.0009,0.0000,0.0009,0.0000,1,
38.3043,201.8200,BASELINE_COLLECTION,STANCE,0.5011,-40.300,-2.300,-40.300,0.0000,0.0000,0.0034,0.0000,0.0034,0.0000,1,
38.3122,201.8200,BASELINE_COLLECTION,STANCE,0.5011,-40.300,-2.100,-40.300,0.0000,0.0000,0.0032,0.0000,0.0032,0.0000,1,
38.3243,201.8300,BASELINE_COLLECTION,STANCE,0.5125,-40.300,-2.200,-40.300,0.0000,0.0000,0.0033,0.0000,0.0033,0.0000,1,
38.3322,201.8400,BASELINE_COLLECTION,STANCE,0.5238,-40.300,-3.100,-40.300,0.0000,0.0000,0.0047,0.0000,0.0047,0.0000,1,
38.3442,201.8500,BASELINE_COLLECTION,STANCE,0.5351,-40.400,-5.300,-40.400,0.0000,0.0000,0.0080,0.0000,0.0080,0.0000,1,
38.3522,201.8600,BASELINE_COLLECTION,STANCE,0.5465,-40.500,-11.200,-40.500,0.0000,0.0000,0.0168,0.0000,0.0168,0.0000,1,
38.3642,201.8700,BASELINE_COLLECTION,STANCE,0.5578,-40.600,-16.300,-40.600,0.0000,0.0000,0.0245,0.0000,0.0245,0.0000,1,
38.3722,201.8800,BASELINE_COLLECTION,STANCE,0.5692,-40.800,-17.900,-40.800,0.0000,0.0000,0.0268,0.0000,0.0268,0.0000,1,
38.3842,201.9000,BASELINE_COLLECTION,STANCE,0.5918,-41.000,-17.700,-41.000,0.0000,0.0000,0.0266,0.0000,0.0266,0.0000,1,
38.3922,201.9100,BASELINE_COLLECTION,STANCE,0.6032,-41.200,-17.800,-41.200,0.0000,0.0000,0.0267,0.0000,0.0267,0.0000,1,
38.4042,201.9200,BASELINE_COLLECTION,STANCE,0.6145,-41.300,-15.400,-41.300,0.0000,0.0000,0.0231,0.0000,0.0231,0.0000,1,
38.4122,201.9300,BASELINE_COLLECTION,STANCE,0.6259,-41.500,-12.600,-41.500,0.0000,0.0000,0.0189,0.0000,0.0189,0.0000,1,
38.4242,201.9400,BASELINE_COLLECTION,STANCE,0.6372,-41.600,-8.100,-41.600,0.0000,0.0000,0.0121,0.0000,0.0121,0.0000,1,
38.4322,201.9500,BASELINE_COLLECTION,STANCE,0.6485,-41.600,-2.600,-41.600,0.0000,0.0000,0.0039,0.0000,0.0039,0.0000,1,
38.4443,201.9600,BASELINE_COLLECTION,STANCE,0.6599,-41.600,0.400,-41.600,0.0000,0.0000,-0.0006,0.0000,-0.0006,0.0000,0,
38.4523,201.9700,BASELINE_COLLECTION,STANCE,0.6712,-41.600,0.000,-41.600,0.0000,0.0000,0.0000,0.0000,0.0000,0.0000,0,
38.4642,201.9800,BASELINE_COLLECTION,STANCE,0.6825,-41.600,0.000,-41.600,0.0000,0.0000,0.0000,0.0000,0.0000,0.0000,0,
38.4722,201.9900,BASELINE_COLLECTION,STANCE,0.6939,-41.600,0.200,-41.600,0.0000,0.0000,-0.0003,0.0000,-0.0003,0.0000,0,
38.4842,202.0000,BASELINE_COLLECTION,STANCE,0.7052,-41.600,0.000,-41.600,0.0000,0.0000,0.0000,0.0000,0.0000,0.0000,0,
38.4922,202.0100,BASELINE_COLLECTION,STANCE,0.7166,-41.600,0.000,-41.600,0.0000,0.0000,0.0000,0.0000,0.0000,0.0000,0,
38.5043,202.0200,BASELINE_COLLECTION,STANCE,0.7279,-41.600,0.100,-41.600,0.0000,0.0000,-0.0002,0.0000,-0.0002,0.0000,0,
38.5123,202.0300,BASELINE_COLLECTION,STANCE,0.7392,-41.600,0.000,-41.600,0.0000,0.0000,0.0000,0.0000,0.0000,0.0000,0,
38.5242,202.0400,BASELINE_COLLECTION,STANCE,0.7506,-41.600,0.200,-41.600,0.0000,0.0000,-0.0003,0.0000,-0.0003,0.0000,0,
38.5323,202.0500,BASELINE_COLLECTION,STANCE,0.7619,-41.600,0.100,-41.600,0.0000,0.0000,-0.0002,0.0000,-0.0002,0.0000,0,
38.5443,202.0600,BASELINE_COLLECTION,STANCE,0.7732,-41.600,-0.100,-41.600,0.0000,0.0000,0.0002,0.0000,0.0002,0.0000,1,
38.5522,202.0700,BASELINE_COLLECTION,STANCE,0.7846,-41.600,0.100,-41.600,0.0000,0.0000,-0.0002,0.0000,-0.0002,0.0000,0,
38.5643,202.0800,BASELINE_COLLECTION,STANCE,0.7959,-41.600,0.400,-41.600,0.0000,0.0000,-0.0006,0.0000,-0.0006,0.0000,0,
38.5723,202.0900,BASELINE_COLLECTION,STANCE,0.8073,-41.600,-0.300,-41.600,0.0000,0.0000,0.0004,0.0000,0.0004,0.0000,1,
38.5843,202.1000,BASELINE_COLLECTION,STANCE,0.8186,-41.600,0.000,-41.600,0.0000,0.0000,0.0000,0.0000,0.0000,0.0000,0,
38.5923,202.1100,BASELINE_COLLECTION,STANCE,0.8299,-41.600,-0.300,-41.600,0.0000,0.0000,0.0004,0.0000,0.0004,0.0000,1,
38.6043,202.1200,BASELINE_COLLECTION,STANCE,0.8413,-41.600,0.000,-41.600,0.0000,0.0000,0.0000,0.0000,0.0000,0.0000,0,
38.6123,202.1300,BASELINE_COLLECTION,STANCE,0.8526,-41.600,-0.600,-41.600,0.0000,0.0000,0.0009,0.0000,0.0009,0.0000,1,
38.6242,202.1400,BASELINE_COLLECTION,STANCE,0.8639,-41.600,-0.800,-41.600,0.0000,0.0000,0.0012,0.0000,0.0012,0.0000,1,
38.6322,202.1500,BASELINE_COLLECTION,STANCE,0.8753,-41.600,-0.800,-41.600,0.0000,0.0000,0.0012,0.0000,0.0012,0.0000,1,
38.6443,202.1600,BASELINE_COLLECTION,STANCE,0.8866,-41.600,-1.300,-41.600,0.0000,0.0000,0.0020,0.0000,0.0020,0.0000,1,
38.6523,202.1700,BASELINE_COLLECTION,STANCE,0.8980,-41.700,-3.800,-41.700,0.0000,0.0000,0.0057,0.0000,0.0057,0.0000,1,
38.6643,202.1800,BASELINE_COLLECTION,STANCE,0.9093,-41.700,-8.900,-41.700,0.0000,0.0000,0.0134,0.0000,0.0134,0.0000,1,
38.6723,202.1900,BASELINE_COLLECTION,STANCE,0.9206,-41.900,-17.400,-41.900,0.0000,0.0000,0.0261,0.0000,0.0261,0.0000,1,
38.6842,202.2000,BASELINE_COLLECTION,STANCE,0.9320,-42.100,-22.800,-42.100,0.0000,0.0000,0.0342,0.0000,0.0342,0.0000,1,
38.6922,202.2100,BASELINE_COLLECTION,STANCE,0.9433,-42.400,-32.000,-42.400,0.0000,0.0000,0.0480,0.0000,0.0480,0.0000,1,
38.7083,202.2200,BASELINE_COLLECTION,STANCE,0.9546,-42.800,-44.800,-42.800,0.0000,0.0000,0.0672,0.0000,0.0672,0.0000,1,
38.7164,202.2300,BASELINE_COLLECTION,STANCE,0.9660,-43.300,-58.500,-43.300,0.0000,0.0000,0.0878,0.0000,0.0878,0.0000,1,
38.7283,202.2400,BASELINE_COLLECTION,STANCE,0.9773,-44.000,-72.700,-44.000,0.0000,0.0000,0.1091,0.0000,0.1091,0.0000,1,
38.7363,202.2500,BASELINE_COLLECTION,STANCE,0.9887,-44.900,-89.900,-44.900,0.0000,0.0000,0.1348,0.0000,0.1348,0.0000,1,
38.7483,202.2600,BASELINE_COLLECTION,STANCE,1.0000,-45.900,-110.700,-45.900,0.0000,0.0000,0.1661,0.0000,0.1661,0.0000,1,
38.7563,202.2700,BASELINE_COLLECTION,STANCE,1.0000,-47.200,-131.800,-47.200,0.0000,0.0000,0.1977,0.0000,0.1977,0.0000,1,
38.7682,202.2800,BASELINE_COLLECTION,STANCE,1.0000,-48.600,-153.700,-48.600,0.0000,0.0000,0.2305,0.0000,0.2305,0.0000,1,
38.7763,202.2900,BASELINE_COLLECTION,STANCE,1.0000,-50.300,-176.300,-50.300,0.0000,0.0000,0.2645,0.0000,0.2645,0.0000,1,
38.7883,202.3000,BASELINE_COLLECTION,STANCE,1.0000,-52.200,-197.200,-52.200,0.0000,0.0000,0.2958,0.0000,0.2958,0.0000,1,
38.7963,202.3100,BASELINE_COLLECTION,STANCE,1.0000,-54.300,-214.900,-54.300,0.0000,0.0000,0.3224,0.0000,0.3224,0.0000,1,
38.8083,202.3200,BASELINE_COLLECTION,STANCE,1.0000,-56.600,-231.100,-56.600,0.0000,0.0000,0.3467,0.0000,0.3467,0.0000,1,
38.8163,202.3300,BASELINE_COLLECTION,STANCE,1.0000,-59.000,-249.600,-59.000,0.0000,0.0000,0.3744,0.0000,0.3744,0.0000,1,
38.8283,202.3400,BASELINE_COLLECTION,STANCE,1.0000,-61.600,-267.400,-61.600,0.0000,0.0000,0.4011,0.0000,0.4011,0.0000,1,
38.8363,202.3500,BASELINE_COLLECTION,STANCE,1.0000,-64.400,-281.600,-64.400,0.0000,0.0000,0.4224,0.0000,0.4224,0.0000,1,
38.8482,202.3600,BASELINE_COLLECTION,STANCE,1.0000,-67.300,-295.000,-67.300,0.0000,0.0000,0.4425,0.0000,0.4425,0.0000,1,
38.8562,202.3700,BASELINE_COLLECTION,STANCE,1.0000,-70.400,-310.200,-70.400,0.0000,0.0000,0.4653,0.0000,0.4653,0.0000,1,
38.8682,202.3800,BASELINE_COLLECTION,STANCE,0.0000,-73.600,-318.200,-73.600,0.0000,0.0000,0.4773,0.0000,0.4773,0.0000,1,
38.8767,202.3900,BASELINE_COLLECTION,STANCE,0.0105,-76.800,-325.900,-76.800,0.0000,0.0000,0.4888,0.0000,0.4888,0.0000,1,
38.8882,202.4000,BASELINE_COLLECTION,STANCE,0.0210,-80.100,-337.500,-80.100,0.0000,0.0000,0.5062,0.0000,0.5062,0.0000,1,
38.8961,202.4100,BASELINE_COLLECTION,STANCE,0.0314,-83.600,-347.800,-83.600,0.0000,0.0000,0.5217,0.0000,0.5217,0.0000,1,
38.9082,202.4200,BASELINE_COLLECTION,STANCE,0.0419,-87.100,-360.400,-87.100,0.0000,0.0000,0.5406,0.0000,0.5406,0.0000,1,
38.9162,202.4300,BASELINE_COLLECTION,STANCE,0.0524,-90.800,-364.500,-90.800,0.0000,0.0000,0.5467,0.0000,0.5467,0.0000,1,
38.9282,202.4400,BASELINE_COLLECTION,STANCE,0.0629,-94.400,-359.700,-94.400,0.0000,0.0000,0.5395,0.0000,0.5395,0.0000,1,
38.9363,202.4500,BASELINE_COLLECTION,STANCE,0.0734,-98.000,-360.800,-98.000,0.0000,0.0000,0.5412,0.0000,0.5412,0.0000,1,
38.9483,202.4600,BASELINE_COLLECTION,STANCE,0.0839,-101.600,-356.500,-101.600,0.0000,0.0000,0.5348,0.0000,0.5348,0.0000,1,
38.9562,202.4700,BASELINE_COLLECTION,STANCE,0.0943,-105.100,-354.300,-105.100,0.0000,0.0000,0.5314,0.0000,0.5314,0.0000,1,
38.9682,202.4800,BASELINE_COLLECTION,STANCE,0.1048,-108.700,-353.100,-108.700,0.0000,0.0000,0.5297,0.0000,0.5297,0.0000,1,
38.9761,202.4900,BASELINE_COLLECTION,STANCE,0.1153,-112.100,-343.600,-112.100,0.0000,0.0000,0.5154,0.0000,0.5154,0.0000,1,
38.9923,202.5000,BASELINE_COLLECTION,STANCE,0.1258,-115.500,-334.700,-115.500,0.0000,0.0000,0.5020,0.0000,0.5020,0.0000,1,
39.0043,202.5100,BASELINE_COLLECTION,STANCE,0.1363,-118.800,-319.300,-118.800,0.0000,0.0000,0.4790,0.0000,0.4790,0.0000,1,
39.0163,202.5300,BASELINE_COLLECTION,STANCE,0.1572,-124.600,-271.300,-124.600,0.0000,0.0000,0.4070,0.0000,0.4070,0.0000,1,
39.0283,202.5400,BASELINE_COLLECTION,STANCE,0.1677,-127.100,-234.400,-127.100,0.0000,0.0000,0.3516,0.0000,0.3516,0.0000,1,
39.0363,202.5500,BASELINE_COLLECTION,STANCE,0.1782,-129.100,-187.700,-129.100,0.0000,0.0000,0.2815,0.0000,0.2815,0.0000,1,
39.0483,202.5600,BASELINE_COLLECTION,STANCE,0.1887,-130.700,-140.700,-130.700,0.0000,0.0000,0.2110,0.0000,0.2110,0.0000,1,
39.0563,202.5700,BASELINE_COLLECTION,STANCE,0.1992,-131.800,-96.700,-131.800,0.0000,0.0000,0.1451,0.0000,0.1451,0.0000,1,
39.0722,202.5800,BASELINE_COLLECTION,STANCE,0.2096,-132.400,-53.400,-132.400,0.0000,0.0000,0.0801,0.0000,0.0801,0.0000,1,
39.0803,202.5900,BASELINE_COLLECTION,STANCE,0.2201,-132.600,-7.700,-132.600,0.0000,0.0000,0.0116,0.0000,0.0116,0.0000,1,
39.0922,202.6000,BASELINE_COLLECTION,STANCE,0.2306,-132.500,24.700,-132.500,0.0000,0.0000,-0.0370,0.0000,-0.0370,0.0000,0,
39.1003,202.6100,BASELINE_COLLECTION,STANCE,0.2411,-132.100,46.500,-132.100,0.0000,0.0000,-0.0698,0.0000,-0.0698,0.0000,0,
39.1123,202.6200,BASELINE_COLLECTION,SWING,0.0024,-131.500,67.300,-131.500,0.0074,0.0000,-0.1009,0.0000,-0.1009,0.0000,0,
39.1203,202.6300,BASELINE_COLLECTION,SWING,0.0181,-130.600,88.600,-130.600,0.0568,0.0000,-0.1329,0.0000,-0.1329,0.0000,0,
39.1323,202.6400,BASELINE_COLLECTION,SWING,0.0338,-129.600,111.300,-129.600,0.1060,0.0000,-0.1669,0.0000,-0.1669,0.0000,0,
39.1403,202.6500,BASELINE_COLLECTION,SWING,0.0495,-128.300,136.100,-128.300,0.1550,0.0000,-0.2041,0.0000,-0.2041,0.0000,0,
39.1523,202.6600,BASELINE_COLLECTION,SWING,0.0653,-126.800,161.300,-126.800,0.2036,0.0000,-0.2420,0.0000,-0.2420,0.0000,0,
39.1603,202.6700,BASELINE_COLLECTION,SWING,0.0810,-125.000,186.300,-125.000,0.2517,0.0000,-0.2795,0.0000,-0.2795,0.0000,0,
39.1722,202.6800,BASELINE_COLLECTION,SWING,0.0967,-123.000,210.500,-123.000,0.2991,0.0000,-0.3158,0.0000,-0.3158,0.0000,0,
39.1803,202.6900,BASELINE_COLLECTION,SWING,0.1124,-120.700,231.500,-120.700,0.3459,0.0000,-0.3473,0.0000,-0.3473,0.0000,0,
39.1922,202.7000,BASELINE_COLLECTION,SWING,0.1281,-118.200,252.400,-118.200,0.3918,0.0000,-0.3786,0.0000,-0.3786,0.0000,0,
39.2003,202.7100,BASELINE_COLLECTION,SWING,0.1439,-115.600,273.600,-115.600,0.4367,0.0000,-0.4104,0.0000,-0.4104,0.0000,0,
39.2123,202.7300,BASELINE_COLLECTION,SWING,0.1753,-109.600,317.600,-109.600,0.5233,0.0000,-0.4764,0.0000,-0.4764,0.0000,0,
39.2323,202.7400,BASELINE_COLLECTION,SWING,0.1910,-106.200,342.600,-106.200,0.5648,0.0000,-0.5139,0.0000,-0.5139,0.0000,0,
39.2403,202.7500,BASELINE_COLLECTION,SWING,0.2068,-102.700,360.700,-102.700,0.6048,0.0000,-0.5411,0.0000,-0.5411,0.0000,0,
39.2523,202.7600,BASELINE_COLLECTION,SWING,0.2225,-98.900,383.800,-98.900,0.6434,0.0000,-0.5757,0.0000,-0.5757,0.0000,0,
39.2602,202.7700,BASELINE_COLLECTION,SWING,0.2382,-94.900,402.900,-94.900,0.6804,0.0000,-0.6043,0.0000,-0.6043,0.0000,0,
39.2722,202.7800,BASELINE_COLLECTION,SWING,0.2539,-90.800,419.800,-90.800,0.7158,0.0000,-0.6297,0.0000,-0.6297,0.0000,0,
39.2802,202.8000,BASELINE_COLLECTION,SWING,0.2854,-82.000,448.000,-82.000,0.7812,0.0000,-0.6720,0.0000,-0.6720,0.0000,0,
39.3003,202.8100,BASELINE_COLLECTION,SWING,0.3011,-77.400,459.300,-77.400,0.8110,0.0000,-0.6890,0.0000,-0.6890,0.0000,0,
39.3123,202.8200,BASELINE_COLLECTION,SWING,0.3168,-72.700,476.900,-72.700,0.8389,0.0000,-0.7153,0.0000,-0.7153,0.0000,0,
39.3202,202.8300,BASELINE_COLLECTION,SWING,0.3325,-67.800,496.300,-67.800,0.8648,0.0000,-0.7445,0.0000,-0.7445,0.0000,0,
39.3323,202.8500,BASELINE_COLLECTION,SWING,0.3640,-57.600,514.600,-57.600,0.9101,0.0000,-0.7719,0.0000,-0.7719,0.0000,0,
39.3523,202.8600,BASELINE_COLLECTION,SWING,0.3797,-52.500,513.300,-52.500,0.9294,0.0000,-0.7699,0.0000,-0.7699,0.0000,0,
39.3643,202.8700,BASELINE_COLLECTION,SWING,0.3954,-47.500,495.100,-47.500,0.9465,0.0000,-0.7427,0.0000,-0.7427,0.0000,0,
39.3722,202.8900,BASELINE_COLLECTION,SWING,0.4269,-38.600,406.000,-38.600,0.9737,0.0000,-0.6090,0.0000,-0.6090,0.0000,0,
39.3843,202.9000,BASELINE_COLLECTION,SWING,0.4426,-34.900,353.400,-34.900,0.9838,0.0000,-0.5301,0.0000,-0.5301,0.0000,0,
39.3922,202.9100,BASELINE_COLLECTION,SWING,0.4583,-31.700,293.900,-31.700,0.9914,0.0000,-0.4408,0.0000,-0.4408,0.0000,0,
39.4043,202.9200,BASELINE_COLLECTION,SWING,0.4741,-29.200,232.900,-29.200,0.9967,0.0000,-0.3493,0.0000,-0.3493,0.0000,0,
39.4123,202.9300,BASELINE_COLLECTION,SWING,0.4898,-27.300,180.400,-27.300,0.9995,0.0000,-0.2706,0.0000,-0.2706,0.0000,0,
39.4243,202.9400,BASELINE_COLLECTION,SWING,0.5055,-25.800,131.800,-25.800,0.9999,0.0000,-0.1977,0.0000,-0.1977,0.0000,0,
39.4323,202.9500,BASELINE_COLLECTION,SWING,0.5212,-24.800,88.400,-24.800,0.9978,0.0000,-0.1326,0.0000,-0.1326,0.0000,0,
39.4443,202.9600,BASELINE_COLLECTION,SWING,0.5369,-24.100,52.400,-24.100,0.9933,0.0000,-0.0786,0.0000,-0.0786,0.0000,0,
39.4523,202.9700,BASELINE_COLLECTION,SWING,0.5527,-23.900,20.000,-23.900,0.9863,0.0000,-0.0300,0.0000,-0.0300,0.0000,0,
39.4643,202.9800,BASELINE_COLLECTION,SWING,0.5684,-23.800,-4.900,-23.800,0.9770,0.0000,0.0074,0.0000,0.0074,0.0000,1,
39.4722,202.9900,BASELINE_COLLECTION,SWING,0.5841,-23.900,-2.500,-23.900,0.9653,0.0000,0.0037,0.0000,0.0037,0.0000,1,
39.4843,203.0000,BASELINE_COLLECTION,SWING,0.5998,-23.900,0.100,-23.900,0.9512,0.0000,-0.0002,0.0000,-0.0002,0.0000,0,
39.4923,203.0100,BASELINE_COLLECTION,SWING,0.6156,-23.900,-1.000,-23.900,0.9348,0.0000,0.0015,0.0000,0.0015,0.0000,1,
39.5043,203.0200,BASELINE_COLLECTION,SWING,0.6313,-23.900,0.100,-23.900,0.9161,0.0000,-0.0002,0.0000,-0.0002,0.0000,0,
39.5123,203.0300,BASELINE_COLLECTION,SWING,0.6470,-23.900,-0.600,-23.900,0.8952,0.0000,0.0009,0.0000,0.0009,0.0000,1,
39.5243,203.0400,BASELINE_COLLECTION,SWING,0.6627,-23.900,-1.300,-23.900,0.8721,0.0000,0.0020,0.0000,0.0020,0.0000,1,
39.5323,203.0500,BASELINE_COLLECTION,SWING,0.6785,-23.900,-3.300,-23.900,0.8469,0.0000,0.0049,0.0000,0.0049,0.0000,1,
39.5443,203.0600,BASELINE_COLLECTION,SWING,0.6942,-24.000,-11.600,-24.000,0.8196,0.0000,0.0174,0.0000,0.0174,0.0000,1,
39.5522,203.0700,BASELINE_COLLECTION,SWING,0.7099,-24.200,-19.300,-24.200,0.7903,0.0000,0.0290,0.0000,0.0290,0.0000,1,
39.5642,203.0800,BASELINE_COLLECTION,SWING,0.7256,-24.500,-30.000,-24.500,0.7591,0.0000,0.0450,0.0000,0.0450,0.0000,1,
39.5723,203.0900,BASELINE_COLLECTION,SWING,0.7414,-24.800,-40.500,-24.800,0.7261,0.0000,0.0607,0.0000,0.0607,0.0000,1,
39.5842,203.1000,BASELINE_COLLECTION,SWING,0.7571,-25.300,-55.500,-25.300,0.6912,0.0000,0.0833,0.0000,0.0833,0.0000,1,
39.5923,203.1100,BASELINE_COLLECTION,SWING,0.7728,-26.000,-70.600,-26.000,0.6547,0.0000,0.1059,0.0000,0.1059,0.0000,1,
39.6043,203.1200,BASELINE_COLLECTION,SWING,0.7885,-26.800,-81.400,-26.800,0.6166,0.0000,0.1221,0.0000,0.1221,0.0000,1,
39.6123,203.1300,BASELINE_COLLECTION,SWING,0.8042,-27.600,-86.000,-27.600,0.5769,0.0000,0.1290,0.0000,0.1290,0.0000,1,
39.6243,203.1400,BASELINE_COLLECTION,SWING,0.8200,-28.500,-93.200,-28.500,0.5359,0.0000,0.1398,0.0000,0.1398,0.0000,1,
39.6320,203.1500,BASELINE_COLLECTION,SWING,0.8357,-29.500,-98.200,-29.500,0.4936,0.0000,0.1473,0.0000,0.1473,0.0000,1,
39.6442,203.1600,BASELINE_COLLECTION,SWING,0.8514,-30.500,-101.100,-30.500,0.4500,0.0000,0.1517,0.0000,0.1517,0.0000,1,
39.6523,203.1700,BASELINE_COLLECTION,SWING,0.8671,-31.500,-99.100,-31.500,0.4054,0.0000,0.1487,0.0000,0.1487,0.0000,1,
39.6642,203.1800,BASELINE_COLLECTION,SWING,0.8829,-32.500,-92.100,-32.500,0.3598,0.0000,0.1381,0.0000,0.1381,0.0000,1,
39.6723,203.1900,BASELINE_COLLECTION,SWING,0.8986,-33.300,-80.900,-33.300,0.3132,0.0000,0.1214,0.0000,0.1214,0.0000,1,
39.6842,203.2000,BASELINE_COLLECTION,SWING,0.9143,-34.000,-63.700,-34.000,0.2660,0.0000,0.0956,0.0000,0.0956,0.0000,1,
39.6923,203.2100,BASELINE_COLLECTION,SWING,0.9300,-34.500,-44.400,-34.500,0.2180,0.0000,0.0666,0.0000,0.0666,0.0000,1,
39.7042,203.2200,BASELINE_COLLECTION,SWING,0.9458,-34.800,-24.400,-34.800,0.1696,0.0000,0.0366,0.0000,0.0366,0.0000,1,
39.7123,203.2300,BASELINE_COLLECTION,SWING,0.9615,-34.900,-5.800,-34.900,0.1207,0.0000,0.0087,0.0000,0.0087,0.0000,1,
39.7242,203.2400,BASELINE_COLLECTION,SWING,0.9772,-34.900,4.400,-34.900,0.0716,0.0000,-0.0066,0.0000,-0.0066,0.0000,0,
39.7322,203.2500,BASELINE_COLLECTION,SWING,0.9929,-34.900,0.400,-34.900,0.0222,0.0000,-0.0006,0.0000,-0.0006,0.0000,0,
39.7443,203.2600,BASELINE_COLLECTION,STANCE,0.2558,-34.900,-1.100,-34.900,0.0000,0.0000,0.0017,0.0000,0.0017,0.0000,1,
39.7523,203.2700,BASELINE_COLLECTION,STANCE,0.2662,-34.900,0.900,-34.900,0.0000,0.0000,-0.0014,0.0000,-0.0014,0.0000,0,
39.7643,203.2800,BASELINE_COLLECTION,STANCE,0.2767,-34.900,-2.200,-34.900,0.0000,0.0000,0.0033,0.0000,0.0033,0.0000,1,
39.7723,203.2900,BASELINE_COLLECTION,STANCE,0.2872,-34.900,-4.000,-34.900,0.0000,0.0000,0.0060,0.0000,0.0060,0.0000,1,
39.7842,203.3000,BASELINE_COLLECTION,STANCE,0.2977,-35.000,-7.100,-35.000,0.0000,0.0000,0.0106,0.0000,0.0106,0.0000,1,
39.7922,203.3100,BASELINE_COLLECTION,STANCE,0.3082,-35.100,-13.700,-35.100,0.0000,0.0000,0.0205,0.0000,0.0205,0.0000,1,
39.8043,203.3200,BASELINE_COLLECTION,STANCE,0.3187,-35.300,-20.900,-35.300,0.0000,0.0000,0.0313,0.0000,0.0313,0.0000,1,
39.8123,203.3300,BASELINE_COLLECTION,STANCE,0.3291,-35.500,-27.600,-35.500,0.0000,0.0000,0.0414,0.0000,0.0414,0.0000,1,
39.8243,203.3400,BASELINE_COLLECTION,STANCE,0.3396,-35.900,-38.600,-35.900,0.0000,0.0000,0.0579,0.0000,0.0579,0.0000,1,
39.8323,203.3500,BASELINE_COLLECTION,STANCE,0.3501,-36.300,-46.300,-36.300,0.0000,0.0000,0.0694,0.0000,0.0694,0.0000,1,
39.8442,203.3600,BASELINE_COLLECTION,STANCE,0.3606,-36.900,-53.900,-36.900,0.0000,0.0000,0.0809,0.0000,0.0809,0.0000,1,
39.8522,203.3700,BASELINE_COLLECTION,STANCE,0.3711,-37.500,-65.100,-37.500,0.0000,0.0000,0.0976,0.0000,0.0976,0.0000,1,
39.8643,203.3800,BASELINE_COLLECTION,STANCE,0.3816,-38.200,-70.300,-38.200,0.0000,0.0000,0.1055,0.0000,0.1055,0.0000,1,
39.8723,203.3900,BASELINE_COLLECTION,STANCE,0.3920,-38.900,-74.500,-38.900,0.0000,0.0000,0.1118,0.0000,0.1118,0.0000,1,
39.8843,203.4000,BASELINE_COLLECTION,STANCE,0.4025,-39.700,-77.500,-39.700,0.0000,0.0000,0.1163,0.0000,0.1163,0.0000,1,
39.8923,203.4100,BASELINE_COLLECTION,STANCE,0.4130,-40.500,-80.700,-40.500,0.0000,0.0000,0.1211,0.0000,0.1211,0.0000,1,
39.9043,203.4200,BASELINE_COLLECTION,STANCE,0.4235,-41.300,-79.700,-41.300,0.0000,0.0000,0.1196,0.0000,0.1196,0.0000,1,
39.9122,203.4300,BASELINE_COLLECTION,STANCE,0.4340,-42.100,-79.100,-42.100,0.0000,0.0000,0.1186,0.0000,0.1186,0.0000,1,
39.9242,203.4400,BASELINE_COLLECTION,STANCE,0.4444,-42.800,-76.800,-42.800,0.0000,0.0000,0.1152,0.0000,0.1152,0.0000,1,
39.9362,203.4500,BASELINE_COLLECTION,STANCE,0.4549,-43.600,-71.000,-43.600,0.0000,0.0000,0.1065,0.0000,0.1065,0.0000,1,
39.9442,203.4600,BASELINE_COLLECTION,STANCE,0.4654,-44.200,-62.300,-44.200,0.0000,0.0000,0.0934,0.0000,0.0934,0.0000,1,
39.9563,203.4700,BASELINE_COLLECTION,STANCE,0.4759,-44.800,-53.100,-44.800,0.0000,0.0000,0.0796,0.0000,0.0796,0.0000,1,
39.9643,203.4800,BASELINE_COLLECTION,STANCE,0.4864,-45.200,-41.400,-45.200,0.0000,0.0000,0.0621,0.0000,0.0621,0.0000,1,
39.9762,203.4900,BASELINE_COLLECTION,STANCE,0.4969,-45.500,-26.100,-45.500,0.0000,0.0000,0.0392,0.0000,0.0392,0.0000,1,
39.9842,203.5000,BASELINE_COLLECTION,STANCE,0.5073,-45.700,-6.700,-45.700,0.0000,0.0000,0.0100,0.0000,0.0100,0.0000,1,
39.9963,203.5100,BASELINE_COLLECTION,STANCE,0.5178,-45.600,5.400,-45.600,0.0000,0.0000,-0.0081,0.0000,-0.0081,0.0000,0,
40.0043,203.5200,BASELINE_COLLECTION,STANCE,0.5283,-45.600,8.100,-45.600,0.0000,0.0000,-0.0121,0.0000,-0.0121,0.0000,0,
40.0163,203.5300,BASELINE_COLLECTION,STANCE,0.5388,-45.500,8.200,-45.500,0.0000,0.0000,-0.0123,0.0000,-0.0123,0.0000,0,
40.0243,203.5400,BASELINE_COLLECTION,STANCE,0.5493,-45.400,7.600,-45.400,0.0000,0.0000,-0.0114,0.0000,-0.0114,0.0000,0,
40.0362,203.5500,BASELINE_COLLECTION,STANCE,0.5597,-45.300,6.600,-45.300,0.0000,0.0000,-0.0099,0.0000,-0.0099,0.0000,0,
40.0442,203.5600,BASELINE_COLLECTION,STANCE,0.5702,-45.300,1.900,-45.300,0.0000,0.0000,-0.0029,0.0000,-0.0029,0.0000,0,
40.0562,203.5700,BASELINE_COLLECTION,STANCE,0.5807,-45.300,-0.600,-45.300,0.0000,0.0000,0.0009,0.0000,0.0009,0.0000,1,
40.0643,203.5800,BASELINE_COLLECTION,STANCE,0.5912,-45.300,0.000,-45.300,0.0000,0.0000,0.0000,0.0000,0.0000,0.0000,0,
40.0762,203.5900,BASELINE_COLLECTION,STANCE,0.6017,-45.300,0.000,-45.300,0.0000,0.0000,0.0000,0.0000,0.0000,0.0000,0,
40.0843,203.6000,BASELINE_COLLECTION,STANCE,0.6122,-45.300,-1.300,-45.300,0.0000,0.0000,0.0020,0.0000,0.0020,0.0000,1,
40.0962,203.6100,BASELINE_COLLECTION,STANCE,0.6226,-45.300,-2.600,-45.300,0.0000,0.0000,0.0039,0.0000,0.0039,0.0000,1,
40.1042,203.6200,BASELINE_COLLECTION,STANCE,0.6331,-45.400,-1.200,-45.400,0.0000,0.0000,0.0018,0.0000,0.0018,0.0000,1,
40.1162,203.6300,BASELINE_COLLECTION,STANCE,0.6436,-45.400,-2.400,-45.400,0.0000,0.0000,0.0036,0.0000,0.0036,0.0000,1,
40.1243,203.6400,BASELINE_COLLECTION,STANCE,0.6541,-45.400,-5.800,-45.400,0.0000,0.0000,0.0087,0.0000,0.0087,0.0000,1,
40.1362,203.6500,BASELINE_COLLECTION,STANCE,0.6646,-45.500,-11.200,-45.500,0.0000,0.0000,0.0168,0.0000,0.0168,0.0000,1,
40.1441,203.6600,BASELINE_COLLECTION,STANCE,0.6751,-45.700,-15.400,-45.700,0.0000,0.0000,0.0231,0.0000,0.0231,0.0000,1,
40.1563,203.6700,BASELINE_COLLECTION,STANCE,0.6855,-45.900,-22.700,-45.900,0.0000,0.0000,0.0340,0.0000,0.0340,0.0000,1,
40.1640,203.6800,BASELINE_COLLECTION,STANCE,0.6960,-46.100,-29.300,-46.100,0.0000,0.0000,0.0440,0.0000,0.0440,0.0000,1,
40.1762,203.6900,BASELINE_COLLECTION,STANCE,0.7065,-46.500,-38.600,-46.500,0.0000,0.0000,0.0579,0.0000,0.0579,0.0000,1,
40.1843,203.7000,BASELINE_COLLECTION,STANCE,0.7170,-46.900,-47.600,-46.900,0.0000,0.0000,0.0714,0.0000,0.0714,0.0000,1,
40.1962,203.7100,BASELINE_COLLECTION,STANCE,0.7275,-47.500,-56.300,-47.500,0.0000,0.0000,0.0844,0.0000,0.0844,0.0000,1,
40.2041,203.7200,BASELINE_COLLECTION,STANCE,0.7379,-48.100,-64.400,-48.100,0.0000,0.0000,0.0966,0.0000,0.0966,0.0000,1,
40.2162,203.7300,BASELINE_COLLECTION,STANCE,0.7484,-48.800,-67.100,-48.800,0.0000,0.0000,0.1006,0.0000,0.1006,0.0000,1,
40.2242,203.7400,BASELINE_COLLECTION,STANCE,0.7589,-49.400,-67.600,-49.400,0.0000,0.0000,0.1014,0.0000,0.1014,0.0000,1,
40.2363,203.7500,BASELINE_COLLECTION,STANCE,0.7694,-50.100,-67.900,-50.100,0.0000,0.0000,0.1019,0.0000,0.1019,0.0000,1,
40.2442,203.7600,BASELINE_COLLECTION,STANCE,0.7799,-50.800,-68.500,-50.800,0.0000,0.0000,0.1028,0.0000,0.1028,0.0000,1,
40.2563,203.7700,BASELINE_COLLECTION,STANCE,0.7904,-51.500,-64.100,-51.500,0.0000,0.0000,0.0961,0.0000,0.0961,0.0000,1,
40.2642,203.7800,BASELINE_COLLECTION,STANCE,0.8008,-52.100,-61.200,-52.100,0.0000,0.0000,0.0918,0.0000,0.0918,0.0000,1,
40.2763,203.7900,BASELINE_COLLECTION,STANCE,0.8113,-52.700,-58.200,-52.700,0.0000,0.0000,0.0873,0.0000,0.0873,0.0000,1,
40.2842,203.8000,BASELINE_COLLECTION,STANCE,0.8218,-53.300,-57.600,-53.300,0.0000,0.0000,0.0864,0.0000,0.0864,0.0000,1,
40.2962,203.8100,BASELINE_COLLECTION,STANCE,0.8323,-53.800,-54.700,-53.800,0.0000,0.0000,0.0821,0.0000,0.0821,0.0000,1,
40.3041,203.8200,BASELINE_COLLECTION,STANCE,0.8428,-54.400,-52.700,-54.400,0.0000,0.0000,0.0791,0.0000,0.0791,0.0000,1,
40.3121,203.8300,BASELINE_COLLECTION,STANCE,0.8532,-54.900,-51.100,-54.900,0.0000,0.0000,0.0767,0.0000,0.0767,0.0000,1,
40.3242,203.8400,BASELINE_COLLECTION,STANCE,0.8637,-55.400,-50.500,-55.400,0.0000,0.0000,0.0757,0.0000,0.0757,0.0000,1,
40.3363,203.8500,BASELINE_COLLECTION,STANCE,0.8742,-55.900,-54.200,-55.900,0.0000,0.0000,0.0813,0.0000,0.0813,0.0000,1,
40.3443,203.8600,BASELINE_COLLECTION,STANCE,0.8847,-56.500,-57.500,-56.500,0.0000,0.0000,0.0863,0.0000,0.0863,0.0000,1,
40.3563,203.8700,BASELINE_COLLECTION,STANCE,0.8952,-57.100,-58.700,-57.100,0.0000,0.0000,0.0881,0.0000,0.0881,0.0000,1,
40.3643,203.8800,BASELINE_COLLECTION,STANCE,0.9057,-57.700,-61.300,-57.700,0.0000,0.0000,0.0920,0.0000,0.0920,0.0000,1,
40.3763,203.8900,BASELINE_COLLECTION,STANCE,0.9161,-58.300,-66.000,-58.300,0.0000,0.0000,0.0990,0.0000,0.0990,0.0000,1,
40.3844,203.9000,BASELINE_COLLECTION,STANCE,0.9266,-59.000,-71.400,-59.000,0.0000,0.0000,0.1071,0.0000,0.1071,0.0000,1,
40.3963,203.9100,BASELINE_COLLECTION,STANCE,0.9371,-59.800,-76.100,-59.800,0.0000,0.0000,0.1141,0.0000,0.1141,0.0000,1,
40.4043,203.9200,BASELINE_COLLECTION,STANCE,0.9476,-60.600,-83.700,-60.600,0.0000,0.0000,0.1255,0.0000,0.1255,0.0000,1,
40.4163,203.9300,BASELINE_COLLECTION,STANCE,0.9581,-61.500,-90.700,-61.500,0.0000,0.0000,0.1361,0.0000,0.1361,0.0000,1,
40.4243,203.9400,BASELINE_COLLECTION,STANCE,0.9686,-62.400,-97.500,-62.400,0.0000,0.0000,0.1462,0.0000,0.1462,0.0000,1,
40.4363,203.9500,BASELINE_COLLECTION,STANCE,0.9790,-63.500,-107.800,-63.500,0.0000,0.0000,0.1617,0.0000,0.1617,0.0000,1,
40.4442,203.9600,BASELINE_COLLECTION,STANCE,0.9895,-64.600,-118.400,-64.600,0.0000,0.0000,0.1776,0.0000,0.1776,0.0000,1,
40.4563,203.9700,BASELINE_COLLECTION,STANCE,1.0000,-65.900,-129.800,-65.900,0.0000,0.0000,0.1947,0.0000,0.1947,0.0000,1,
40.4643,203.9800,BASELINE_COLLECTION,STANCE,1.0000,-67.300,-146.200,-67.300,0.0000,0.0000,0.2193,0.0000,0.2193,0.0000,1,
40.4762,203.9900,BASELINE_COLLECTION,STANCE,1.0000,-68.900,-163.600,-68.900,0.0000,0.0000,0.2454,0.0000,0.2454,0.0000,1,
40.4842,204.0000,BASELINE_COLLECTION,STANCE,1.0000,-69.700,-172.500,-69.700,0.0000,0.0000,0.2587,0.0000,0.2587,0.0000,1,
40.4963,204.0100,BASELINE_COLLECTION,STANCE,0.0000,-72.600,-201.200,-72.600,0.0000,0.0000,0.3018,0.0000,0.3018,0.0000,1,
40.5048,204.0200,BASELINE_COLLECTION,STANCE,0.0102,-74.700,-221.300,-74.700,0.0000,0.0000,0.3320,0.0000,0.3320,0.0000,1,
40.5163,204.0300,BASELINE_COLLECTION,STANCE,0.0204,-77.200,-242.700,-77.200,0.0000,0.0000,0.3640,0.0000,0.3640,0.0000,1,
40.5242,204.0400,BASELINE_COLLECTION,STANCE,0.0307,-79.700,-264.200,-79.700,0.0000,0.0000,0.3963,0.0000,0.3963,0.0000,1,
40.5363,204.0500,BASELINE_COLLECTION,STANCE,0.0409,-82.500,-285.400,-82.500,0.0000,0.0000,0.4281,0.0000,0.4281,0.0000,1,
40.5443,204.0600,BASELINE_COLLECTION,STANCE,0.0511,-85.500,-308.900,-85.500,0.0000,0.0000,0.4633,0.0000,0.4633,0.0000,1,
40.5562,204.0700,BASELINE_COLLECTION,STANCE,0.0613,-88.800,-334.700,-88.800,0.0000,0.0000,0.5020,0.0000,0.5020,0.0000,1,
40.5642,204.0800,BASELINE_COLLECTION,STANCE,0.0716,-92.300,-350.700,-92.300,0.0000,0.0000,0.5261,0.0000,0.5261,0.0000,1,
40.5763,204.0900,BASELINE_COLLECTION,STANCE,0.0818,-95.900,-367.700,-95.900,0.0000,0.0000,0.5515,0.0000,0.5515,0.0000,1,
40.5843,204.1000,BASELINE_COLLECTION,STANCE,0.0920,-99.700,-383.900,-99.700,0.0000,0.0000,0.5758,0.0000,0.5758,0.0000,1,
40.5963,204.1100,BASELINE_COLLECTION,STANCE,0.1022,-103.600,-389.700,-103.600,0.0000,0.0000,0.5846,0.0000,0.5846,0.0000,1,
40.6042,204.1200,BASELINE_COLLECTION,STANCE,0.1125,-107.500,-397.800,-107.500,0.0000,0.0000,0.5967,0.0000,0.5967,0.0000,1,
40.6162,204.1300,BASELINE_COLLECTION,STANCE,0.1227,-111.500,-394.000,-111.500,0.0000,0.0000,0.5910,0.0000,0.5910,0.0000,1,
40.6240,204.1400,BASELINE_COLLECTION,STANCE,0.1329,-115.400,-390.500,-115.400,0.0000,0.0000,0.5857,0.0000,0.5857,0.0000,1,
40.6362,204.1500,BASELINE_COLLECTION,STANCE,0.1431,-119.300,-385.200,-119.300,0.0000,0.0000,0.5778,0.0000,0.5778,0.0000,1,
40.6482,204.1600,BASELINE_COLLECTION,STANCE,0.1534,-123.100,-380.700,-123.100,0.0000,0.0000,0.5710,0.0000,0.5710,0.0000,1,
40.6563,204.1700,BASELINE_COLLECTION,STANCE,0.1636,-126.900,-372.100,-126.900,0.0000,0.0000,0.5582,0.0000,0.5582,0.0000,1,
40.6683,204.1800,BASELINE_COLLECTION,STANCE,0.1738,-130.400,-352.000,-130.400,0.0000,0.0000,0.5280,0.0000,0.5280,0.0000,1,
40.6763,204.1900,BASELINE_COLLECTION,STANCE,0.1840,-133.900,-337.000,-133.900,0.0000,0.0000,0.5055,0.0000,0.5055,0.0000,1,
40.6883,204.2000,BASELINE_COLLECTION,STANCE,0.1943,-137.100,-315.500,-137.100,0.0000,0.0000,0.4733,0.0000,0.4733,0.0000,1,
40.6963,204.2100,BASELINE_COLLECTION,STANCE,0.2045,-140.100,-288.200,-140.100,0.0000,0.0000,0.4323,0.0000,0.4323,0.0000,1,
40.7083,204.2200,BASELINE_COLLECTION,STANCE,0.2147,-142.800,-263.200,-142.800,0.0000,0.0000,0.3948,0.0000,0.3948,0.0000,1,
40.7163,204.2300,BASELINE_COLLECTION,STANCE,0.2249,-145.200,-233.000,-145.200,0.0000,0.0000,0.3495,0.0000,0.3495,0.0000,1,
40.7283,204.2400,BASELINE_COLLECTION,STANCE,0.2352,-147.300,-194.200,-147.300,0.0000,0.0000,0.2913,0.0000,0.2913,0.0000,1,
40.7362,204.2500,BASELINE_COLLECTION,STANCE,0.2454,-148.900,-150.200,-148.900,0.0000,0.0000,0.2253,0.0000,0.2253,0.0000,1,
40.7482,204.2600,BASELINE_COLLECTION,SWING,0.0084,-150.100,-104.100,-150.100,0.0265,0.0000,0.1561,0.0000,0.1561,0.0000,1,
40.7562,204.2700,BASELINE_COLLECTION,SWING,0.0238,-150.800,-58.000,-150.800,0.0746,0.0000,0.0870,0.0000,0.0870,0.0000,1,
40.7683,204.2800,BASELINE_COLLECTION,SWING,0.0391,-151.100,-10.800,-151.100,0.1226,0.0000,0.0162,0.0000,0.0162,0.0000,1,
40.7763,204.2900,BASELINE_COLLECTION,SWING,0.0544,-150.900,20.600,-150.900,0.1702,0.0000,-0.0309,0.0000,-0.0309,0.0000,0,
40.7883,204.3000,BASELINE_COLLECTION,SWING,0.0698,-150.600,39.900,-150.600,0.2175,0.0000,-0.0599,0.0000,-0.0599,0.0000,0,
40.7963,204.3100,BASELINE_COLLECTION,SWING,0.0851,-150.100,55.700,-150.100,0.2642,0.0000,-0.0835,0.0000,-0.0835,0.0000,0,
40.8082,204.3200,BASELINE_COLLECTION,SWING,0.1005,-149.400,75.900,-149.400,0.3104,0.0000,-0.1139,0.0000,-0.1139,0.0000,0,
40.8162,204.3300,BASELINE_COLLECTION,SWING,0.1158,-148.500,98.100,-148.500,0.3558,0.0000,-0.1472,0.0000,-0.1472,0.0000,0,
40.8282,204.3400,BASELINE_COLLECTION,SWING,0.1311,-147.300,123.600,-147.300,0.4004,0.0000,-0.1854,0.0000,-0.1854,0.0000,0,
40.8362,204.3500,BASELINE_COLLECTION,SWING,0.1465,-145.900,149.700,-145.900,0.4441,0.0000,-0.2245,0.0000,-0.2245,0.0000,0,
40.8482,204.3600,BASELINE_COLLECTION,SWING,0.1618,-144.200,175.900,-144.200,0.4867,0.0000,-0.2639,0.0000,-0.2639,0.0000,0,
40.8562,204.3700,BASELINE_COLLECTION,SWING,0.1771,-142.300,200.300,-142.300,0.5282,0.0000,-0.3005,0.0000,-0.3005,0.0000,0,
40.8683,204.3800,BASELINE_COLLECTION,SWING,0.1925,-140.100,222.900,-140.100,0.5685,0.0000,-0.3344,0.0000,-0.3344,0.0000,0,
40.8763,204.3900,BASELINE_COLLECTION,SWING,0.2078,-137.700,246.600,-137.700,0.6075,0.0000,-0.3699,0.0000,-0.3699,0.0000,0,
40.8882,204.4000,BASELINE_COLLECTION,SWING,0.2232,-135.100,271.000,-135.100,0.6450,0.0000,-0.4065,0.0000,-0.4065,0.0000,0,
40.8963,204.4100,BASELINE_COLLECTION,SWING,0.2385,-132.200,292.300,-132.200,0.6811,0.0000,-0.4385,0.0000,-0.4385,0.0000,0,
40.9083,204.4200,BASELINE_COLLECTION,SWING,0.2538,-129.200,311.000,-129.200,0.7156,0.0000,-0.4665,0.0000,-0.4665,0.0000,0,
40.9163,204.4300,BASELINE_COLLECTION,SWING,0.2692,-125.900,337.600,-125.900,0.7484,0.0000,-0.5064,0.0000,-0.5064,0.0000,0,
40.9283,204.4400,BASELINE_COLLECTION,SWING,0.2845,-122.400,359.500,-122.400,0.7795,0.0000,-0.5393,0.0000,-0.5393,0.0000,0,
40.9363,204.4500,BASELINE_COLLECTION,SWING,0.2998,-118.700,375.300,-118.700,0.8087,0.0000,-0.5630,0.0000,-0.5630,0.0000,0,
40.9483,204.4600,BASELINE_COLLECTION,SWING,0.3152,-114.800,395.000,-114.800,0.8361,0.0000,-0.5925,0.0000,-0.5925,0.0000,0,
40.9563,204.4700,BASELINE_COLLECTION,SWING,0.3305,-110.700,415.200,-110.700,0.8616,0.0000,-0.6228,0.0000,-0.6228,0.0000,0,
40.9682,204.4800,BASELINE_COLLECTION,SWING,0.3459,-106.300,441.100,-106.300,0.8850,0.0000,-0.6617,0.0000,-0.6617,0.0000,0,
40.9762,204.4900,BASELINE_COLLECTION,SWING,0.3612,-101.800,456.100,-101.800,0.9064,0.0000,-0.6842,0.0000,-0.6842,0.0000,0,
40.9842,204.5000,BASELINE_COLLECTION,SWING,0.3765,-97.100,478.900,-97.100,0.9257,0.0000,-0.7183,0.0000,-0.7183,0.0000,0,
40.9961,204.5100,BASELINE_COLLECTION,SWING,0.3919,-92.200,490.300,-92.200,0.9429,0.0000,-0.7355,0.0000,-0.7355,0.0000,0,
41.0039,204.5200,BASELINE_COLLECTION,SWING,0.4072,-87.200,511.400,-87.200,0.9578,0.0000,-0.7671,0.0000,-0.7671,0.0000,0,
41.0162,204.5300,BASELINE_COLLECTION,SWING,0.4225,-82.000,518.700,-82.000,0.9705,0.0000,-0.7781,0.0000,-0.7781,0.0000,0,
41.0283,204.5400,BASELINE_COLLECTION,SWING,0.4379,-76.800,529.300,-76.800,0.9810,0.0000,-0.7939,0.0000,-0.7939,0.0000,0,
41.0363,204.5500,BASELINE_COLLECTION,SWING,0.4532,-71.300,549.600,-71.300,0.9892,0.0000,-0.8244,0.0000,-0.8244,0.0000,0,
41.0482,204.5600,BASELINE_COLLECTION,SWING,0.4686,-65.700,563.600,-65.700,0.9951,0.0000,-0.8454,0.0000,-0.8454,0.0000,0,
41.0562,204.5700,BASELINE_COLLECTION,SWING,0.4839,-60.000,574.800,-60.000,0.9987,0.0000,-0.8622,0.0000,-0.8622,0.0000,0,
41.0723,204.5800,BASELINE_COLLECTION,SWING,0.4992,-54.300,566.600,-54.300,1.0000,0.0000,-0.8499,0.0000,-0.8499,0.0000,0,
41.0803,204.5900,BASELINE_COLLECTION,SWING,0.5146,-48.700,545.500,-48.700,0.9990,0.0000,-0.8183,0.0000,-0.8183,0.0000,0,
41.0922,204.6000,BASELINE_COLLECTION,SWING,0.5299,-43.700,486.600,-43.700,0.9956,0.0000,-0.7299,0.0000,-0.7299,0.0000,0,
41.1002,204.6100,BASELINE_COLLECTION,SWING,0.5452,-39.300,419.500,-39.300,0.9899,0.0000,-0.6292,0.0000,-0.6292,0.0000,0,
41.1122,204.6200,BASELINE_COLLECTION,SWING,0.5606,-35.600,351.100,-35.600,0.9819,0.0000,-0.5267,0.0000,-0.5267,0.0000,0,
41.1202,204.6300,BASELINE_COLLECTION,SWING,0.5759,-32.500,281.700,-32.500,0.9717,0.0000,-0.4225,0.0000,-0.4225,0.0000,0,
41.1322,204.6400,BASELINE_COLLECTION,SWING,0.5913,-30.200,212.400,-30.200,0.9592,0.0000,-0.3186,0.0000,-0.3186,0.0000,0,
41.1402,204.6500,BASELINE_COLLECTION,SWING,0.6066,-28.500,156.600,-28.500,0.9445,0.0000,-0.2349,0.0000,-0.2349,0.0000,0,
41.1523,204.6600,BASELINE_COLLECTION,SWING,0.6219,-27.300,107.100,-27.300,0.9275,0.0000,-0.1606,0.0000,-0.1606,0.0000,0,
41.1602,204.6700,BASELINE_COLLECTION,SWING,0.6373,-26.500,63.100,-26.500,0.9084,0.0000,-0.0946,0.0000,-0.0946,0.0000,0,
41.1723,204.6800,BASELINE_COLLECTION,SWING,0.6526,-26.100,24.500,-26.100,0.8873,0.0000,-0.0367,0.0000,-0.0367,0.0000,0,
41.1803,204.6900,BASELINE_COLLECTION,SWING,0.6679,-26.100,-0.100,-26.100,0.8640,0.0000,0.0002,0.0000,0.0002,0.0000,1,
41.1923,204.7000,BASELINE_COLLECTION,SWING,0.6833,-26.100,-4.100,-26.100,0.8388,0.0000,0.0061,0.0000,0.0061,0.0000,1,
41.2003,204.7100,BASELINE_COLLECTION,SWING,0.6986,-26.100,2.100,-26.100,0.8116,0.0000,-0.0032,0.0000,-0.0032,0.0000,0,
41.2123,204.7200,BASELINE_COLLECTION,SWING,0.7140,-26.100,0.300,-26.100,0.7825,0.0000,-0.0004,0.0000,-0.0004,0.0000,0,
41.2203,204.7300,BASELINE_COLLECTION,SWING,0.7293,-26.100,0.000,-26.100,0.7516,0.0000,0.0000,0.0000,0.0000,0.0000,0,
41.2323,204.7400,BASELINE_COLLECTION,SWING,0.7446,-26.100,1.700,-26.100,0.7189,0.0000,-0.0026,0.0000,-0.0026,0.0000,0,
41.2403,204.7500,BASELINE_COLLECTION,SWING,0.7600,-26.100,2.900,-26.100,0.6846,0.0000,-0.0043,0.0000,-0.0043,0.0000,0,
41.2522,204.7600,BASELINE_COLLECTION,SWING,0.7753,-26.000,3.900,-26.000,0.6487,0.0000,-0.0059,0.0000,-0.0059,0.0000,0,
41.2603,204.7700,BASELINE_COLLECTION,SWING,0.7906,-26.000,3.300,-26.000,0.6113,0.0000,-0.0049,0.0000,-0.0049,0.0000,0,
41.2722,204.7800,BASELINE_COLLECTION,SWING,0.8060,-26.000,1.000,-26.000,0.5725,0.0000,-0.0015,0.0000,-0.0015,0.0000,0,
41.2803,204.7900,BASELINE_COLLECTION,SWING,0.8213,-26.000,0.100,-26.000,0.5323,0.0000,-0.0002,0.0000,-0.0002,0.0000,0,
41.2923,204.8000,BASELINE_COLLECTION,SWING,0.8367,-26.000,0.000,-26.000,0.4909,0.0000,0.0000,0.0000,0.0000,0.0000,0,
41.3003,204.8100,BASELINE_COLLECTION,SWING,0.8520,-26.000,-0.200,-26.000,0.4484,0.0000,0.0003,0.0000,0.0003,0.0000,1,
41.3122,204.8200,BASELINE_COLLECTION,SWING,0.8673,-26.000,-0.200,-26.000,0.4048,0.0000,0.0003,0.0000,0.0003,0.0000,1,
41.3203,204.8300,BASELINE_COLLECTION,SWING,0.8827,-26.000,-0.100,-26.000,0.3603,0.0000,0.0002,0.0000,0.0002,0.0000,1,
41.3322,204.8400,BASELINE_COLLECTION,SWING,0.8980,-26.000,-1.600,-26.000,0.3150,0.0000,0.0024,0.0000,0.0024,0.0000,1,
41.3403,204.8500,BASELINE_COLLECTION,SWING,0.9133,-26.000,-3.000,-26.000,0.2689,0.0000,0.0045,0.0000,0.0045,0.0000,1,
41.3522,204.8600,BASELINE_COLLECTION,SWING,0.9287,-26.100,-4.400,-26.100,0.2222,0.0000,0.0066,0.0000,0.0066,0.0000,1,
41.3641,204.8700,BASELINE_COLLECTION,SWING,0.9440,-26.100,-4.500,-26.100,0.1750,0.0000,0.0067,0.0000,0.0067,0.0000,1,
41.3722,204.8900,BASELINE_COLLECTION,SWING,0.9747,-26.300,-11.900,-26.300,0.0794,0.0000,0.0179,0.0000,0.0179,0.0000,1,
41.3843,204.9000,BASELINE_COLLECTION,SWING,0.9900,-26.400,-20.800,-26.400,0.0313,0.0000,0.0312,0.0000,0.0312,0.0000,1,
41.3923,204.9100,BASELINE_COLLECTION,STANCE,0.2536,-26.700,-30.900,-26.700,0.0000,0.0000,0.0463,0.0000,0.0463,0.0000,1,
41.4043,204.9200,BASELINE_COLLECTION,STANCE,0.2638,-27.100,-35.100,-27.100,0.0000,0.0000,0.0527,0.0000,0.0527,0.0000,1,
41.4123,204.9300,BASELINE_COLLECTION,STANCE,0.2740,-27.400,-34.600,-27.400,0.0000,0.0000,0.0519,0.0000,0.0519,0.0000,1,
41.4243,204.9400,BASELINE_COLLECTION,STANCE,0.2843,-27.800,-34.800,-27.800,0.0000,0.0000,0.0522,0.0000,0.0522,0.0000,1,
41.4323,204.9500,BASELINE_COLLECTION,STANCE,0.2945,-28.100,-38.700,-28.100,0.0000,0.0000,0.0581,0.0000,0.0581,0.0000,1,
41.4442,204.9600,BASELINE_COLLECTION,STANCE,0.3047,-28.500,-40.200,-28.500,0.0000,0.0000,0.0603,0.0000,0.0603,0.0000,1,
41.4522,204.9700,BASELINE_COLLECTION,STANCE,0.3149,-28.900,-33.800,-28.900,0.0000,0.0000,0.0507,0.0000,0.0507,0.0000,1,
41.4683,204.9800,BASELINE_COLLECTION,STANCE,0.3252,-29.200,-25.100,-29.200,0.0000,0.0000,0.0377,0.0000,0.0377,0.0000,1,
41.4763,204.9900,BASELINE_COLLECTION,STANCE,0.3354,-29.400,-16.800,-29.400,0.0000,0.0000,0.0252,0.0000,0.0252,0.0000,1,
41.4883,205.0000,BASELINE_COLLECTION,STANCE,0.3456,-29.500,-13.300,-29.500,0.0000,0.0000,0.0200,0.0000,0.0200,0.0000,1,
41.4963,205.0100,BASELINE_COLLECTION,STANCE,0.3558,-29.600,-7.400,-29.600,0.0000,0.0000,0.0111,0.0000,0.0111,0.0000,1,
41.5082,205.0200,BASELINE_COLLECTION,STANCE,0.3661,-29.600,-1.400,-29.600,0.0000,0.0000,0.0021,0.0000,0.0021,0.0000,1,
41.5162,205.0300,BASELINE_COLLECTION,STANCE,0.3763,-29.600,0.200,-29.600,0.0000,0.0000,-0.0003,0.0000,-0.0003,0.0000,0,
41.5283,205.0400,BASELINE_COLLECTION,STANCE,0.3865,-29.600,-0.600,-29.600,0.0000,0.0000,0.0009,0.0000,0.0009,0.0000,1,
41.5363,205.0500,BASELINE_COLLECTION,STANCE,0.3967,-29.600,-2.000,-29.600,0.0000,0.0000,0.0030,0.0000,0.0030,0.0000,1,
41.5483,205.0600,BASELINE_COLLECTION,STANCE,0.4070,-29.700,-6.000,-29.700,0.0000,0.0000,0.0090,0.0000,0.0090,0.0000,1,
41.5563,205.0700,BASELINE_COLLECTION,STANCE,0.4172,-29.800,-12.400,-29.800,0.0000,0.0000,0.0186,0.0000,0.0186,0.0000,1,
41.5683,205.0800,BASELINE_COLLECTION,STANCE,0.4274,-30.000,-20.800,-30.000,0.0000,0.0000,0.0312,0.0000,0.0312,0.0000,1,
41.5763,205.0900,BASELINE_COLLECTION,STANCE,0.4376,-30.300,-32.800,-30.300,0.0000,0.0000,0.0492,0.0000,0.0492,0.0000,1,
41.5883,205.1000,BASELINE_COLLECTION,STANCE,0.4479,-30.700,-50.600,-30.700,0.0000,0.0000,0.0759,0.0000,0.0759,0.0000,1,
41.5963,205.1100,BASELINE_COLLECTION,STANCE,0.4581,-31.400,-69.600,-31.400,0.0000,0.0000,0.1044,0.0000,0.1044,0.0000,1,
41.6083,205.1200,BASELINE_COLLECTION,STANCE,0.4683,-32.200,-89.600,-32.200,0.0000,0.0000,0.1344,0.0000,0.1344,0.0000,1,
41.6162,205.1300,BASELINE_COLLECTION,STANCE,0.4785,-33.200,-107.900,-33.200,0.0000,0.0000,0.1619,0.0000,0.1619,0.0000,1,
41.6283,205.1400,BASELINE_COLLECTION,STANCE,0.4888,-34.400,-124.000,-34.400,0.0000,0.0000,0.1860,0.0000,0.1860,0.0000,1,
41.6363,205.1500,BASELINE_COLLECTION,STANCE,0.4990,-35.700,-134.700,-35.700,0.0000,0.0000,0.2020,0.0000,0.2020,0.0000,1,
41.6483,205.1600,BASELINE_COLLECTION,STANCE,0.5092,-37.100,-140.200,-37.100,0.0000,0.0000,0.2103,0.0000,0.2103,0.0000,1,
41.6563,205.1700,BASELINE_COLLECTION,STANCE,0.5194,-38.500,-141.600,-38.500,0.0000,0.0000,0.2124,0.0000,0.2124,0.0000,1,
41.6683,205.1800,BASELINE_COLLECTION,STANCE,0.5297,-39.900,-139.500,-39.900,0.0000,0.0000,0.2092,0.0000,0.2092,0.0000,1,
41.6762,205.1900,BASELINE_COLLECTION,STANCE,0.5399,-41.300,-133.100,-41.300,0.0000,0.0000,0.1996,0.0000,0.1996,0.0000,1,
41.6883,205.2000,BASELINE_COLLECTION,STANCE,0.5501,-42.600,-124.200,-42.600,0.0000,0.0000,0.1863,0.0000,0.1863,0.0000,1,
41.6963,205.2100,BASELINE_COLLECTION,STANCE,0.5603,-43.700,-111.600,-43.700,0.0000,0.0000,0.1674,0.0000,0.1674,0.0000,1,
41.7083,205.2200,BASELINE_COLLECTION,STANCE,0.5706,-44.700,-94.200,-44.700,0.0000,0.0000,0.1413,0.0000,0.1413,0.0000,1,
41.7162,205.2300,BASELINE_COLLECTION,STANCE,0.5808,-45.500,-75.100,-45.500,0.0000,0.0000,0.1127,0.0000,0.1127,0.0000,1,
41.7283,205.2400,BASELINE_COLLECTION,STANCE,0.5910,-46.100,-53.400,-46.100,0.0000,0.0000,0.0801,0.0000,0.0801,0.0000,1,
41.7402,205.2500,BASELINE_COLLECTION,STANCE,0.6012,-46.500,-30.800,-46.500,0.0000,0.0000,0.0462,0.0000,0.0462,0.0000,1,
41.7483,205.2600,BASELINE_COLLECTION,STANCE,0.6115,-46.700,-9.200,-46.700,0.0000,0.0000,0.0138,0.0000,0.0138,0.0000,1,
41.7603,205.2700,BASELINE_COLLECTION,STANCE,0.6217,-46.600,7.600,-46.600,0.0000,0.0000,-0.0114,0.0000,-0.0114,0.0000,0,
41.7683,205.2800,BASELINE_COLLECTION,STANCE,0.6319,-46.500,10.400,-46.500,0.0000,0.0000,-0.0156,0.0000,-0.0156,0.0000,0,
41.7803,205.2900,BASELINE_COLLECTION,STANCE,0.6421,-46.400,15.500,-46.400,0.0000,0.0000,-0.0232,0.0000,-0.0232,0.0000,0,
41.7883,205.3000,BASELINE_COLLECTION,STANCE,0.6524,-46.200,18.900,-46.200,0.0000,0.0000,-0.0283,0.0000,-0.0283,0.0000,0,
41.8003,205.3100,BASELINE_COLLECTION,STANCE,0.6626,-46.000,22.800,-46.000,0.0000,0.0000,-0.0342,0.0000,-0.0342,0.0000,0,
41.8083,205.3200,BASELINE_COLLECTION,STANCE,0.6728,-45.700,25.700,-45.700,0.0000,0.0000,-0.0386,0.0000,-0.0386,0.0000,0,
41.8202,205.3300,BASELINE_COLLECTION,STANCE,0.6830,-45.500,21.800,-45.500,0.0000,0.0000,-0.0327,0.0000,-0.0327,0.0000,0,
41.8283,205.3400,BASELINE_COLLECTION,STANCE,0.6933,-45.400,12.600,-45.400,0.0000,0.0000,-0.0189,0.0000,-0.0189,0.0000,0,
41.8403,205.3500,BASELINE_COLLECTION,STANCE,0.7035,-45.300,-2.200,-45.300,0.0000,0.0000,0.0033,0.0000,0.0033,0.0000,1,
41.8482,205.3600,BASELINE_COLLECTION,STANCE,0.7137,-45.400,-6.500,-45.400,0.0000,0.0000,0.0097,0.0000,0.0097,0.0000,1,
41.8603,205.3700,BASELINE_COLLECTION,STANCE,0.7239,-45.500,-8.500,-45.500,0.0000,0.0000,0.0128,0.0000,0.0128,0.0000,1,
41.8683,205.3800,BASELINE_COLLECTION,STANCE,0.7342,-45.600,-12.300,-45.600,0.0000,0.0000,0.0185,0.0000,0.0185,0.0000,1,
41.8803,205.3900,BASELINE_COLLECTION,STANCE,0.7444,-45.800,-19.800,-45.800,0.0000,0.0000,0.0297,0.0000,0.0297,0.0000,1,
41.8882,205.4000,BASELINE_COLLECTION,STANCE,0.7546,-46.000,-27.800,-46.000,0.0000,0.0000,0.0417,0.0000,0.0417,0.0000,1,
41.9003,205.4100,BASELINE_COLLECTION,STANCE,0.7648,-46.300,-35.500,-46.300,0.0000,0.0000,0.0532,0.0000,0.0532,0.0000,1,
41.9083,205.4200,BASELINE_COLLECTION,STANCE,0.7751,-46.800,-46.100,-46.800,0.0000,0.0000,0.0692,0.0000,0.0692,0.0000,1,
41.9203,205.4300,BASELINE_COLLECTION,STANCE,0.7853,-47.300,-56.500,-47.300,0.0000,0.0000,0.0848,0.0000,0.0848,0.0000,1,
41.9283,205.4400,BASELINE_COLLECTION,STANCE,0.7955,-47.900,-67.500,-47.900,0.0000,0.0000,0.1013,0.0000,0.1013,0.0000,1,
41.9403,205.4500,BASELINE_COLLECTION,STANCE,0.8057,-48.700,-75.200,-48.700,0.0000,0.0000,0.1128,0.0000,0.1128,0.0000,1,
41.9482,205.4600,BASELINE_COLLECTION,STANCE,0.8160,-49.500,-78.600,-49.500,0.0000,0.0000,0.1179,0.0000,0.1179,0.0000,1,
41.9603,205.4700,BASELINE_COLLECTION,STANCE,0.8262,-50.300,-80.600,-50.300,0.0000,0.0000,0.1209,0.0000,0.1209,0.0000,1,
41.9683,205.4800,BASELINE_COLLECTION,STANCE,0.8364,-51.000,-77.800,-51.000,0.0000,0.0000,0.1167,0.0000,0.1167,0.0000,1,
41.9803,205.4900,BASELINE_COLLECTION,STANCE,0.8466,-51.800,-71.300,-51.800,0.0000,0.0000,0.1070,0.0000,0.1070,0.0000,1,
41.9883,205.5000,BASELINE_COLLECTION,STANCE,0.8569,-52.400,-63.900,-52.400,0.0000,0.0000,0.0959,0.0000,0.0959,0.0000,1,
42.0003,205.5100,BASELINE_COLLECTION,STANCE,0.8671,-53.000,-56.800,-53.000,0.0000,0.0000,0.0852,0.0000,0.0852,0.0000,1,
42.0082,205.5200,BASELINE_COLLECTION,STANCE,0.8773,-53.600,-51.200,-53.600,0.0000,0.0000,0.0768,0.0000,0.0768,0.0000,1,
42.0203,205.5300,BASELINE_COLLECTION,STANCE,0.8875,-54.000,-40.500,-54.000,0.0000,0.0000,0.0607,0.0000,0.0607,0.0000,1,
42.0282,205.5400,BASELINE_COLLECTION,STANCE,0.8978,-54.300,-30.800,-54.300,0.0000,0.0000,0.0462,0.0000,0.0462,0.0000,1,
42.0403,205.5500,BASELINE_COLLECTION,STANCE,0.9080,-54.600,-21.900,-54.600,0.0000,0.0000,0.0328,0.0000,0.0328,0.0000,1,
42.0483,205.5600,BASELINE_COLLECTION,STANCE,0.9182,-54.800,-15.900,-54.800,0.0000,0.0000,0.0238,0.0000,0.0238,0.0000,1,
42.0604,205.5700,BASELINE_COLLECTION,STANCE,0.9284,-54.900,-10.400,-54.900,0.0000,0.0000,0.0156,0.0000,0.0156,0.0000,1,
42.0683,205.5800,BASELINE_COLLECTION,STANCE,0.9387,-55.000,-11.000,-55.000,0.0000,0.0000,0.0165,0.0000,0.0165,0.0000,1,
42.0803,205.5900,BASELINE_COLLECTION,STANCE,0.9489,-55.100,-13.500,-55.100,0.0000,0.0000,0.0203,0.0000,0.0203,0.0000,1,
42.0883,205.6000,BASELINE_COLLECTION,STANCE,0.9591,-55.300,-15.600,-55.300,0.0000,0.0000,0.0234,0.0000,0.0234,0.0000,1,
42.1002,205.6100,BASELINE_COLLECTION,STANCE,0.9693,-55.400,-16.800,-55.400,0.0000,0.0000,0.0252,0.0000,0.0252,0.0000,1,
42.1083,205.6200,BASELINE_COLLECTION,STANCE,0.9796,-55.700,-25.000,-55.700,0.0000,0.0000,0.0375,0.0000,0.0375,0.0000,1,
42.1203,205.6300,BASELINE_COLLECTION,STANCE,0.9898,-55.900,-30.100,-55.900,0.0000,0.0000,0.0452,0.0000,0.0452,0.0000,1,
42.1283,205.6400,BASELINE_COLLECTION,STANCE,1.0000,-56.300,-33.100,-56.300,0.0000,0.0000,0.0497,0.0000,0.0497,0.0000,1,
42.1402,205.6500,BASELINE_COLLECTION,STANCE,1.0000,-56.600,-35.400,-56.600,0.0000,0.0000,0.0531,0.0000,0.0531,0.0000,1,
42.1482,205.6600,BASELINE_COLLECTION,STANCE,1.0000,-57.000,-38.100,-57.000,0.0000,0.0000,0.0572,0.0000,0.0572,0.0000,1,
42.1603,205.6700,BASELINE_COLLECTION,STANCE,1.0000,-57.400,-42.600,-57.400,0.0000,0.0000,0.0639,0.0000,0.0639,0.0000,1,
42.1683,205.6800,BASELINE_COLLECTION,STANCE,1.0000,-57.800,-45.300,-57.800,0.0000,0.0000,0.0679,0.0000,0.0679,0.0000,1,
42.1803,205.6900,BASELINE_COLLECTION,STANCE,1.0000,-58.300,-50.400,-58.300,0.0000,0.0000,0.0756,0.0000,0.0756,0.0000,1,
42.1883,205.7000,BASELINE_COLLECTION,STANCE,1.0000,-58.900,-54.500,-58.900,0.0000,0.0000,0.0818,0.0000,0.0818,0.0000,1,
42.2003,205.7100,BASELINE_COLLECTION,STANCE,1.0000,-59.400,-56.500,-59.400,0.0000,0.0000,0.0848,0.0000,0.0848,0.0000,1,
42.2083,205.7200,BASELINE_COLLECTION,STANCE,1.0000,-60.000,-61.500,-60.000,0.0000,0.0000,0.0922,0.0000,0.0922,0.0000,1,
42.2203,205.7300,BASELINE_COLLECTION,STANCE,1.0000,-60.700,-69.700,-60.700,0.0000,0.0000,0.1046,0.0000,0.1046,0.0000,1,
42.2283,205.7400,BASELINE_COLLECTION,STANCE,1.0000,-61.500,-78.800,-61.500,0.0000,0.0000,0.1182,0.0000,0.1182,0.0000,1,
42.2402,205.7500,BASELINE_COLLECTION,STANCE,1.0000,-62.300,-87.800,-62.300,0.0000,0.0000,0.1317,0.0000,0.1317,0.0000,1,
42.2484,205.7600,BASELINE_COLLECTION,STANCE,1.0000,-63.300,-99.200,-63.300,0.0000,0.0000,0.1488,0.0000,0.1488,0.0000,1,
42.2604,205.7700,BASELINE_COLLECTION,STANCE,1.0000,-64.400,-113.500,-64.400,0.0000,0.0000,0.1703,0.0000,0.1703,0.0000,1,
42.2684,205.7800,BASELINE_COLLECTION,STANCE,1.0000,-65.600,-129.500,-65.600,0.0000,0.0000,0.1943,0.0000,0.1943,0.0000,1,
42.2803,205.7900,BASELINE_COLLECTION,STANCE,1.0000,-67.000,-149.600,-67.000,0.0000,0.0000,0.2244,0.0000,0.2244,0.0000,1,
42.2882,205.8000,BASELINE_COLLECTION,STANCE,1.0000,-68.700,-172.700,-68.700,0.0000,0.0000,0.2591,0.0000,0.2591,0.0000,1,
42.3002,205.8100,BASELINE_COLLECTION,STANCE,1.0000,-70.600,-196.000,-70.600,0.0000,0.0000,0.2940,0.0000,0.2940,0.0000,1,
42.3083,205.8200,BASELINE_COLLECTION,STANCE,1.0000,-72.700,-219.100,-72.700,0.0000,0.0000,0.3286,0.0000,0.3286,0.0000,1,
42.3204,205.8300,BASELINE_COLLECTION,STANCE,0.0000,-75.000,-242.300,-75.000,0.0000,0.0000,0.3635,0.0000,0.3635,0.0000,1,
42.3285,205.8400,BASELINE_COLLECTION,STANCE,0.0092,-77.600,-267.600,-77.600,0.0000,0.0000,0.4014,0.0000,0.4014,0.0000,1,
42.3362,205.8500,BASELINE_COLLECTION,STANCE,0.0183,-80.500,-294.300,-80.500,0.0000,0.0000,0.4415,0.0000,0.4415,0.0000,1,
42.3483,205.8600,BASELINE_COLLECTION,STANCE,0.0275,-83.600,-321.100,-83.600,0.0000,0.0000,0.4817,0.0000,0.4817,0.0000,1,
42.3603,205.8700,BASELINE_COLLECTION,STANCE,0.0366,-87.000,-349.600,-87.000,0.0000,0.0000,0.5244,0.0000,0.5244,0.0000,1,
42.3681,205.8800,BASELINE_COLLECTION,STANCE,0.0458,-90.700,-369.700,-90.700,0.0000,0.0000,0.5545,0.0000,0.5545,0.0000,1,
42.3803,205.8900,BASELINE_COLLECTION,STANCE,0.0549,-94.500,-379.100,-94.500,0.0000,0.0000,0.5687,0.0000,0.5687,0.0000,1,
42.3882,205.9000,BASELINE_COLLECTION,STANCE,0.0641,-98.300,-392.900,-98.300,0.0000,0.0000,0.5893,0.0000,0.5893,0.0000,1,
42.4003,205.9100,BASELINE_COLLECTION,STANCE,0.0733,-102.300,-396.300,-102.300,0.0000,0.0000,0.5945,0.0000,0.5945,0.0000,1,
42.4083,205.9200,BASELINE_COLLECTION,STANCE,0.0824,-106.300,-402.000,-106.300,0.0000,0.0000,0.6030,0.0000,0.6030,0.0000,1,
42.4203,205.9300,BASELINE_COLLECTION,STANCE,0.0916,-110.300,-402.900,-110.300,0.0000,0.0000,0.6043,0.0000,0.6043,0.0000,1,
42.4283,205.9400,BASELINE_COLLECTION,STANCE,0.1007,-114.300,-396.300,-114.300,0.0000,0.0000,0.5945,0.0000,0.5945,0.0000,1,
42.4403,205.9500,BASELINE_COLLECTION,STANCE,0.1099,-118.200,-386.600,-118.200,0.0000,0.0000,0.5799,0.0000,0.5799,0.0000,1,
42.4483,205.9600,BASELINE_COLLECTION,STANCE,0.1190,-122.000,-370.000,-122.000,0.0000,0.0000,0.5550,0.0000,0.5550,0.0000,1,
42.4603,205.9700,BASELINE_COLLECTION,STANCE,0.1282,-125.500,-347.400,-125.500,0.0000,0.0000,0.5211,0.0000,0.5211,0.0000,1,
42.4682,205.9800,BASELINE_COLLECTION,STANCE,0.1374,-128.800,-310.900,-128.800,0.0000,0.0000,0.4663,0.0000,0.4663,0.0000,1,
42.4803,205.9900,BASELINE_COLLECTION,STANCE,0.1465,-131.600,-270.700,-131.600,0.0000,0.0000,0.4060,0.0000,0.4060,0.0000,1,
42.4884,206.0000,BASELINE_COLLECTION,STANCE,0.1557,-132.800,-251.200,-132.800,0.0000,0.0000,0.3768,0.0000,0.3768,0.0000,1,
42.5003,206.0100,BASELINE_COLLECTION,STANCE,0.1648,-136.000,-179.800,-136.000,0.0000,0.0000,0.2697,0.0000,0.2697,0.0000,1,
42.5082,206.0200,BASELINE_COLLECTION,STANCE,0.1740,-137.500,-131.200,-137.500,0.0000,0.0000,0.1968,0.0000,0.1968,0.0000,1,
42.5203,206.0300,BASELINE_COLLECTION,STANCE,0.1832,-138.500,-85.300,-138.500,0.0000,0.0000,0.1280,0.0000,0.1280,0.0000,1,
42.5283,206.0400,BASELINE_COLLECTION,STANCE,0.1923,-139.000,-41.700,-139.000,0.0000,0.0000,0.0626,0.0000,0.0626,0.0000,1,
42.5403,206.0500,BASELINE_COLLECTION,STANCE,0.2015,-139.100,3.500,-139.100,0.0000,0.0000,-0.0053,0.0000,-0.0053,0.0000,0,
42.5483,206.0600,BASELINE_COLLECTION,STANCE,0.2106,-138.900,31.600,-138.900,0.0000,0.0000,-0.0474,0.0000,-0.0474,0.0000,0,
42.5601,206.0700,BASELINE_COLLECTION,STANCE,0.2198,-138.400,55.800,-138.400,0.0000,0.0000,-0.0837,0.0000,-0.0837,0.0000,0,
42.5681,206.0800,BASELINE_COLLECTION,STANCE,0.2289,-137.600,81.500,-137.600,0.0000,0.0000,-0.1222,0.0000,-0.1222,0.0000,0,
42.5803,206.0900,BASELINE_COLLECTION,STANCE,0.2381,-136.600,107.900,-136.600,0.0000,0.0000,-0.1619,0.0000,-0.1619,0.0000,0,
42.5883,206.1000,BASELINE_COLLECTION,STANCE,0.2473,-135.400,133.500,-135.400,0.0000,0.0000,-0.2003,0.0000,-0.2003,0.0000,0,
42.6003,206.1100,BASELINE_COLLECTION,SWING,0.0096,-133.900,158.900,-133.900,0.0302,0.0000,-0.2384,0.0000,-0.2384,0.0000,0,
42.6082,206.1200,BASELINE_COLLECTION,SWING,0.0234,-132.100,181.000,-132.100,0.0733,0.0000,-0.2715,0.0000,-0.2715,0.0000,0,
42.6202,206.1300,BASELINE_COLLECTION,SWING,0.0371,-130.200,203.500,-130.200,0.1163,0.0000,-0.3053,0.0000,-0.3053,0.0000,0,
42.6283,206.1400,BASELINE_COLLECTION,SWING,0.0508,-128.000,228.100,-128.000,0.1590,0.0000,-0.3422,0.0000,-0.3422,0.0000,0,
42.6402,206.1500,BASELINE_COLLECTION,SWING,0.0646,-125.500,253.900,-125.500,0.2014,0.0000,-0.3809,0.0000,-0.3809,0.0000,0,
42.6482,206.1600,BASELINE_COLLECTION,SWING,0.0783,-122.800,277.000,-122.800,0.2435,0.0000,-0.4155,0.0000,-0.4155,0.0000,0,
42.6602,206.1700,BASELINE_COLLECTION,SWING,0.0920,-119.900,296.900,-119.900,0.2851,0.0000,-0.4453,0.0000,-0.4453,0.0000,0,
42.6682,206.1800,BASELINE_COLLECTION,SWING,0.1058,-116.800,319.800,-116.800,0.3262,0.0000,-0.4797,0.0000,-0.4797,0.0000,0,
42.6803,206.1900,BASELINE_COLLECTION,SWING,0.1195,-113.400,342.800,-113.400,0.3667,0.0000,-0.5142,0.0000,-0.5142,0.0000,0,
42.6883,206.2000,BASELINE_COLLECTION,SWING,0.1332,-109.800,367.500,-109.800,0.4065,0.0000,-0.5513,0.0000,-0.5513,0.0000,0,
42.7001,206.2100,BASELINE_COLLECTION,SWING,0.1470,-106.300,392.200,-106.300,0.4455,0.0000,-0.5883,0.0000,-0.5883,0.0000,0,
42.7080,206.2200,BASELINE_COLLECTION,SWING,0.1607,-102.300,410.800,-102.300,0.4837,0.0000,-0.6162,0.0000,-0.6162,0.0000,0,
42.7203,206.2300,BASELINE_COLLECTION,SWING,0.1745,-97.600,438.900,-97.600,0.5210,0.0000,-0.6583,0.0000,-0.6583,0.0000,0,
42.7283,206.2400,BASELINE_COLLECTION,SWING,0.1882,-93.000,454.600,-93.000,0.5574,0.0000,-0.6819,0.0000,-0.6819,0.0000,0,
42.7403,206.2500,BASELINE_COLLECTION,SWING,0.2019,-88.300,480.600,-88.300,0.5927,0.0000,-0.7209,0.0000,-0.7209,0.0000,0,
42.7484,206.2600,BASELINE_COLLECTION,SWING,0.2157,-83.400,495.800,-83.400,0.6269,0.0000,-0.7437,0.0000,-0.7437,0.0000,0,
42.7604,206.2700,BASELINE_COLLECTION,SWING,0.2294,-78.400,509.000,-78.400,0.6599,0.0000,-0.7635,0.0000,-0.7635,0.0000,0,
42.7684,206.2800,BASELINE_COLLECTION,SWING,0.2431,-73.200,527.400,-73.200,0.6917,0.0000,-0.7911,0.0000,-0.7911,0.0000,0,
42.7804,206.2900,BASELINE_COLLECTION,SWING,0.2569,-67.700,547.100,-67.700,0.7222,0.0000,-0.8207,0.0000,-0.8207,0.0000,0,
42.7883,206.3000,BASELINE_COLLECTION,SWING,0.2706,-62.200,562.500,-62.200,0.7514,0.0000,-0.8438,0.0000,-0.8438,0.0000,0,
42.8003,206.3100,BASELINE_COLLECTION,SWING,0.2843,-56.500,571.300,-56.500,0.7791,0.0000,-0.8569,0.0000,-0.8569,0.0000,0,
42.8083,206.3200,BASELINE_COLLECTION,SWING,0.2981,-50.700,585.000,-50.700,0.8055,0.0000,-0.8775,0.0000,-0.8775,0.0000,0,
42.8203,206.3300,BASELINE_COLLECTION,SWING,0.3118,-44.800,578.700,-44.800,0.8303,0.0000,-0.8681,0.0000,-0.8681,0.0000,0,
42.8283,206.3400,BASELINE_COLLECTION,SWING,0.3255,-39.200,560.400,-39.200,0.8535,0.0000,-0.8406,0.0000,-0.8406,0.0000,0,
42.8403,206.3500,BASELINE_COLLECTION,SWING,0.3393,-33.700,530.300,-33.700,0.8752,0.0000,-0.7954,0.0000,-0.7954,0.0000,0,
42.8481,206.3600,BASELINE_COLLECTION,SWING,0.3530,-28.800,470.100,-28.800,0.8953,0.0000,-0.7052,0.0000,-0.7052,0.0000,0,
42.8603,206.3700,BASELINE_COLLECTION,SWING,0.3668,-24.600,406.700,-24.600,0.9137,0.0000,-0.6100,0.0000,-0.6100,0.0000,0,
42.8683,206.3800,BASELINE_COLLECTION,SWING,0.3805,-20.900,344.500,-20.900,0.9303,0.0000,-0.5168,0.0000,-0.5168,0.0000,0,
42.8803,206.3900,BASELINE_COLLECTION,SWING,0.3942,-17.900,287.700,-17.900,0.9453,0.0000,-0.4315,0.0000,-0.4315,0.0000,0,
42.8883,206.4000,BASELINE_COLLECTION,SWING,0.4080,-15.400,236.300,-15.400,0.9585,0.0000,-0.3545,0.0000,-0.3545,0.0000,0,
42.9003,206.4100,BASELINE_COLLECTION,SWING,0.4217,-13.400,186.600,-13.400,0.9699,0.0000,-0.2799,0.0000,-0.2799,0.0000,0,
42.9083,206.4200,BASELINE_COLLECTION,SWING,0.4354,-11.800,141.100,-11.800,0.9795,0.0000,-0.2117,0.0000,-0.2117,0.0000,0,
42.9202,206.4300,BASELINE_COLLECTION,SWING,0.4492,-10.700,95.700,-10.700,0.9873,0.0000,-0.1436,0.0000,-0.1436,0.0000,0,
42.9280,206.4400,BASELINE_COLLECTION,SWING,0.4629,-10.100,49.600,-10.100,0.9932,0.0000,-0.0744,0.0000,-0.0744,0.0000,0,
42.9403,206.4500,BASELINE_COLLECTION,SWING,0.4766,-9.900,8.400,-9.900,0.9973,0.0000,-0.0126,0.0000,-0.0126,0.0000,0,
42.9482,206.4600,BASELINE_COLLECTION,SWING,0.4904,-10.000,-11.100,-10.000,0.9995,0.0000,0.0166,0.0000,0.0166,0.0000,1,
42.9602,206.4700,BASELINE_COLLECTION,SWING,0.5041,-10.100,-9.600,-10.100,0.9999,0.0000,0.0144,0.0000,0.0144,0.0000,1,
42.9682,206.4800,BASELINE_COLLECTION,SWING,0.5179,-10.100,-5.200,-10.100,0.9984,0.0000,0.0078,0.0000,0.0078,0.0000,1,
42.9802,206.4900,BASELINE_COLLECTION,SWING,0.5316,-10.200,-7.300,-10.200,0.9951,0.0000,0.0109,0.0000,0.0109,0.0000,1,
42.9882,206.5000,BASELINE_COLLECTION,SWING,0.5453,-10.300,-18.400,-10.300,0.9899,0.0000,0.0276,0.0000,0.0276,0.0000,1,
43.0002,206.5100,BASELINE_COLLECTION,SWING,0.5591,-10.600,-35.000,-10.600,0.9828,0.0000,0.0525,0.0000,0.0525,0.0000,1,
43.0081,206.5200,BASELINE_COLLECTION,SWING,0.5728,-11.100,-53.300,-11.100,0.9740,0.0000,0.0799,0.0000,0.0799,0.0000,1,
43.0201,206.5300,BASELINE_COLLECTION,SWING,0.5865,-11.800,-69.200,-11.800,0.9633,0.0000,0.1038,0.0000,0.1038,0.0000,1,
43.0283,206.5400,BASELINE_COLLECTION,SWING,0.6003,-12.500,-78.500,-12.500,0.9508,0.0000,0.1178,0.0000,0.1178,0.0000,1,
43.0364,206.5500,BASELINE_COLLECTION,SWING,0.6140,-13.300,-83.700,-13.300,0.9365,0.0000,0.1255,0.0000,0.1255,0.0000,1,
43.0484,206.5600,BASELINE_COLLECTION,SWING,0.6277,-14.200,-83.900,-14.200,0.9205,0.0000,0.1259,0.0000,0.1259,0.0000,1,
43.0603,206.5700,BASELINE_COLLECTION,SWING,0.6415,-15.000,-76.800,-15.000,0.9028,0.0000,0.1152,0.0000,0.1152,0.0000,1,
43.0682,206.5800,BASELINE_COLLECTION,SWING,0.6552,-15.700,-66.400,-15.700,0.8834,0.0000,0.0996,0.0000,0.0996,0.0000,1,
43.0803,206.5900,BASELINE_COLLECTION,SWING,0.6690,-16.300,-55.900,-16.300,0.8624,0.0000,0.0838,0.0000,0.0838,0.0000,1,
43.0884,206.6000,BASELINE_COLLECTION,SWING,0.6827,-16.800,-47.600,-16.800,0.8398,0.0000,0.0714,0.0000,0.0714,0.0000,1,
43.1003,206.6100,BASELINE_COLLECTION,SWING,0.6964,-17.200,-39.800,-17.200,0.8156,0.0000,0.0597,0.0000,0.0597,0.0000,1,
43.1082,206.6200,BASELINE_COLLECTION,SWING,0.7102,-17.600,-39.400,-17.600,0.7898,0.0000,0.0591,0.0000,0.0591,0.0000,1,
43.1203,206.6300,BASELINE_COLLECTION,SWING,0.7239,-18.000,-40.500,-18.000,0.7626,0.0000,0.0607,0.0000,0.0607,0.0000,1,
43.1283,206.6400,BASELINE_COLLECTION,SWING,0.7376,-18.400,-44.600,-18.400,0.7340,0.0000,0.0669,0.0000,0.0669,0.0000,1,
43.1403,206.6500,BASELINE_COLLECTION,SWING,0.7514,-18.900,-51.400,-18.900,0.7040,0.0000,0.0771,0.0000,0.0771,0.0000,1,
43.1483,206.6600,BASELINE_COLLECTION,SWING,0.7651,-19.500,-59.200,-19.500,0.6728,0.0000,0.0888,0.0000,0.0888,0.0000,1,
43.1602,206.6700,BASELINE_COLLECTION,SWING,0.7788,-20.100,-64.800,-20.100,0.6402,0.0000,0.0972,0.0000,0.0972,0.0000,1,
43.1683,206.6800,BASELINE_COLLECTION,SWING,0.7926,-20.800,-72.200,-20.800,0.6065,0.0000,0.1083,0.0000,0.1083,0.0000,1,
43.1803,206.6900,BASELINE_COLLECTION,SWING,0.8063,-21.600,-78.800,-21.600,0.5716,0.0000,0.1182,0.0000,0.1182,0.0000,1,
43.1881,206.7000,BASELINE_COLLECTION,SWING,0.8201,-22.400,-85.100,-22.400,0.5357,0.0000,0.1276,0.0000,0.1276,0.0000,1,
43.2003,206.7100,BASELINE_COLLECTION,SWING,0.8338,-23.300,-90.500,-23.300,0.4988,0.0000,0.1358,0.0000,0.1358,0.0000,1,
43.2083,206.7200,BASELINE_COLLECTION,SWING,0.8475,-24.200,-94.200,-24.200,0.4609,0.0000,0.1413,0.0000,0.1413,0.0000,1,
43.2203,206.7300,BASELINE_COLLECTION,SWING,0.8613,-25.200,-96.500,-25.200,0.4222,0.0000,0.1447,0.0000,0.1447,0.0000,1,
43.2283,206.7400,BASELINE_COLLECTION,SWING,0.8750,-26.200,-98.400,-26.200,0.3827,0.0000,0.1476,0.0000,0.1476,0.0000,1,
43.2403,206.7500,BASELINE_COLLECTION,SWING,0.8887,-27.100,-96.000,-27.100,0.3425,0.0000,0.1440,0.0000,0.1440,0.0000,1,
43.2483,206.7600,BASELINE_COLLECTION,SWING,0.9025,-28.100,-89.200,-28.100,0.3016,0.0000,0.1338,0.0000,0.1338,0.0000,1,
43.2603,206.7700,BASELINE_COLLECTION,SWING,0.9162,-28.900,-81.900,-28.900,0.2602,0.0000,0.1229,0.0000,0.1229,0.0000,1,
43.2683,206.7800,BASELINE_COLLECTION,SWING,0.9299,-29.700,-73.100,-29.700,0.2183,0.0000,0.1096,0.0000,0.1096,0.0000,1,
43.2803,206.7900,BASELINE_COLLECTION,SWING,0.9437,-30.300,-59.700,-30.300,0.1760,0.0000,0.0896,0.0000,0.0896,0.0000,1,
43.2883,206.8000,BASELINE_COLLECTION,SWING,0.9574,-30.800,-46.000,-30.800,0.1334,0.0000,0.0690,0.0000,0.0690,0.0000,1,
43.3002,206.8100,BASELINE_COLLECTION,SWING,0.9712,-31.200,-35.600,-31.200,0.0905,0.0000,0.0534,0.0000,0.0534,0.0000,1,
43.3122,206.8200,BASELINE_COLLECTION,SWING,0.9849,-31.500,-26.800,-31.500,0.0475,0.0000,0.0402,0.0000,0.0402,0.0000,1,
43.3203,206.8300,BASELINE_COLLECTION,SWING,0.9986,-31.700,-21.300,-31.700,0.0043,0.0000,0.0319,0.0000,0.0319,0.0000,1,
43.3323,206.8400,BASELINE_COLLECTION,STANCE,0.2582,-31.900,-22.500,-31.900,0.0000,0.0000,0.0338,0.0000,0.0338,0.0000,1,
43.3402,206.8500,BASELINE_COLLECTION,STANCE,0.2674,-32.200,-26.400,-32.200,0.0000,0.0000,0.0396,0.0000,0.0396,0.0000,1,
43.3523,206.8600,BASELINE_COLLECTION,STANCE,0.2766,-32.500,-31.900,-32.500,0.0000,0.0000,0.0478,0.0000,0.0478,0.0000,1,
43.3603,206.8700,BASELINE_COLLECTION,STANCE,0.2857,-32.900,-39.900,-32.900,0.0000,0.0000,0.0599,0.0000,0.0599,0.0000,1,
43.3720,206.8800,BASELINE_COLLECTION,STANCE,0.2949,-33.300,-49.400,-33.300,0.0000,0.0000,0.0741,0.0000,0.0741,0.0000,1,
43.3801,206.8900,BASELINE_COLLECTION,STANCE,0.3040,-33.900,-61.800,-33.900,0.0000,0.0000,0.0927,0.0000,0.0927,0.0000,1,
43.3921,206.9000,BASELINE_COLLECTION,STANCE,0.3132,-34.600,-76.100,-34.600,0.0000,0.0000,0.1141,0.0000,0.1141,0.0000,1,
43.4003,206.9100,BASELINE_COLLECTION,STANCE,0.3223,-35.500,-91.300,-35.500,0.0000,0.0000,0.1369,0.0000,0.1369,0.0000,1,
43.4123,206.9200,BASELINE_COLLECTION,STANCE,0.3315,-36.500,-102.900,-36.500,0.0000,0.0000,0.1544,0.0000,0.1544,0.0000,1,
43.4203,206.9300,BASELINE_COLLECTION,STANCE,0.3407,-37.600,-111.400,-37.600,0.0000,0.0000,0.1671,0.0000,0.1671,0.0000,1,
43.4322,206.9400,BASELINE_COLLECTION,STANCE,0.3498,-38.700,-116.400,-38.700,0.0000,0.0000,0.1746,0.0000,0.1746,0.0000,1,
43.4403,206.9500,BASELINE_COLLECTION,STANCE,0.3590,-39.900,-119.100,-39.900,0.0000,0.0000,0.1787,0.0000,0.1787,0.0000,1,
43.4523,206.9600,BASELINE_COLLECTION,STANCE,0.3681,-41.100,-116.700,-41.100,0.0000,0.0000,0.1751,0.0000,0.1751,0.0000,1,
43.4603,206.9700,BASELINE_COLLECTION,STANCE,0.3773,-42.200,-109.900,-42.200,0.0000,0.0000,0.1649,0.0000,0.1649,0.0000,1,
43.4722,206.9800,BASELINE_COLLECTION,STANCE,0.3864,-43.300,-102.300,-43.300,0.0000,0.0000,0.1535,0.0000,0.1535,0.0000,1,
43.4802,206.9900,BASELINE_COLLECTION,STANCE,0.3956,-44.200,-91.700,-44.200,0.0000,0.0000,0.1376,0.0000,0.1376,0.0000,1,
43.4881,207.0000,BASELINE_COLLECTION,STANCE,0.4048,-44.600,-86.100,-44.600,0.0000,0.0000,0.1291,0.0000,0.1291,0.0000,1,
43.5002,207.0100,BASELINE_COLLECTION,STANCE,0.4139,-45.700,-63.800,-45.700,0.0000,0.0000,0.0957,0.0000,0.0957,0.0000,1,
43.5082,207.0200,BASELINE_COLLECTION,STANCE,0.4231,-46.300,-47.100,-46.300,0.0000,0.0000,0.0707,0.0000,0.0707,0.0000,1,
43.5202,207.0300,BASELINE_COLLECTION,STANCE,0.4322,-46.600,-32.400,-46.600,0.0000,0.0000,0.0486,0.0000,0.0486,0.0000,1,
43.5282,207.0400,BASELINE_COLLECTION,STANCE,0.4414,-46.900,-19.200,-46.900,0.0000,0.0000,0.0288,0.0000,0.0288,0.0000,1,
43.5403,207.0500,BASELINE_COLLECTION,STANCE,0.4505,-47.000,-6.700,-47.000,0.0000,0.0000,0.0100,0.0000,0.0100,0.0000,1,
43.5522,207.0600,BASELINE_COLLECTION,STANCE,0.4597,-47.000,-0.600,-47.000,0.0000,0.0000,0.0009,0.0000,0.0009,0.0000,1,
43.5602,207.0700,BASELINE_COLLECTION,STANCE,0.4689,-47.000,0.200,-47.000,0.0000,0.0000,-0.0003,0.0000,-0.0003,0.0000,0,
43.5683,207.0800,BASELINE_COLLECTION,STANCE,0.4780,-47.000,-0.900,-47.000,0.0000,0.0000,0.0014,0.0000,0.0014,0.0000,1,
43.5802,207.0900,BASELINE_COLLECTION,STANCE,0.4872,-47.000,-2.300,-47.000,0.0000,0.0000,0.0034,0.0000,0.0034,0.0000,1,
43.5923,207.1000,BASELINE_COLLECTION,STANCE,0.4963,-47.000,-5.700,-47.000,0.0000,0.0000,0.0086,0.0000,0.0086,0.0000,1,
43.6003,207.1100,BASELINE_COLLECTION,STANCE,0.5055,-47.100,-8.300,-47.100,0.0000,0.0000,0.0125,0.0000,0.0125,0.0000,1,
43.6124,207.1200,BASELINE_COLLECTION,STANCE,0.5147,-47.200,-10.800,-47.200,0.0000,0.0000,0.0162,0.0000,0.0162,0.0000,1,
43.6203,207.1300,BASELINE_COLLECTION,STANCE,0.5238,-47.400,-15.400,-47.400,0.0000,0.0000,0.0231,0.0000,0.0231,0.0000,1,
43.6323,207.1400,BASELINE_COLLECTION,STANCE,0.5330,-47.600,-22.600,-47.600,0.0000,0.0000,0.0339,0.0000,0.0339,0.0000,1,
43.6402,207.1500,BASELINE_COLLECTION,STANCE,0.5421,-47.800,-30.800,-47.800,0.0000,0.0000,0.0462,0.0000,0.0462,0.0000,1,
43.6522,207.1600,BASELINE_COLLECTION,STANCE,0.5513,-48.200,-37.500,-48.200,0.0000,0.0000,0.0563,0.0000,0.0563,0.0000,1,
43.6603,207.1700,BASELINE_COLLECTION,STANCE,0.5604,-48.600,-41.800,-48.600,0.0000,0.0000,0.0627,0.0000,0.0627,0.0000,1,
43.6723,207.1800,BASELINE_COLLECTION,STANCE,0.5696,-49.100,-48.200,-49.100,0.0000,0.0000,0.0723,0.0000,0.0723,0.0000,1,
43.6803,207.1900,BASELINE_COLLECTION,STANCE,0.5788,-49.600,-58.300,-49.600,0.0000,0.0000,0.0874,0.0000,0.0874,0.0000,1,
43.6923,207.2000,BASELINE_COLLECTION,STANCE,0.5879,-50.300,-68.400,-50.300,0.0000,0.0000,0.1026,0.0000,0.1026,0.0000,1,
43.7003,207.2100,BASELINE_COLLECTION,STANCE,0.5971,-51.000,-78.200,-51.000,0.0000,0.0000,0.1173,0.0000,0.1173,0.0000,1,
43.7123,207.2200,BASELINE_COLLECTION,STANCE,0.6062,-51.900,-87.600,-51.900,0.0000,0.0000,0.1314,0.0000,0.1314,0.0000,1,
43.7203,207.2300,BASELINE_COLLECTION,STANCE,0.6154,-52.800,-97.700,-52.800,0.0000,0.0000,0.1466,0.0000,0.1466,0.0000,1,
43.7322,207.2400,BASELINE_COLLECTION,STANCE,0.6245,-53.900,-107.700,-53.900,0.0000,0.0000,0.1615,0.0000,0.1615,0.0000,1,
43.7402,207.2500,BASELINE_COLLECTION,STANCE,0.6337,-55.000,-115.100,-55.000,0.0000,0.0000,0.1726,0.0000,0.1726,0.0000,1,
43.7523,207.2600,BASELINE_COLLECTION,STANCE,0.6429,-56.200,-124.500,-56.200,0.0000,0.0000,0.1867,0.0000,0.1867,0.0000,1,
43.7600,207.2700,BASELINE_COLLECTION,STANCE,0.6520,-57.500,-136.000,-57.500,0.0000,0.0000,0.2040,0.0000,0.2040,0.0000,1,
43.7681,207.2800,BASELINE_COLLECTION,STANCE,0.6612,-59.000,-151.400,-59.000,0.0000,0.0000,0.2271,0.0000,0.2271,0.0000,1,
43.7802,207.2900,BASELINE_COLLECTION,STANCE,0.6703,-60.600,-169.700,-60.600,0.0000,0.0000,0.2545,0.0000,0.2545,0.0000,1,
43.7922,207.3000,BASELINE_COLLECTION,STANCE,0.6795,-62.500,-188.100,-62.500,0.0000,0.0000,0.2822,0.0000,0.2822,0.0000,1,
43.8002,207.3100,BASELINE_COLLECTION,STANCE,0.6886,-64.500,-206.900,-64.500,0.0000,0.0000,0.3104,0.0000,0.3104,0.0000,1,
43.8122,207.3200,BASELINE_COLLECTION,STANCE,0.6978,-66.700,-228.600,-66.700,0.0000,0.0000,0.3429,0.0000,0.3429,0.0000,1,
43.8202,207.3300,BASELINE_COLLECTION,STANCE,0.7070,-69.200,-254.000,-69.200,0.0000,0.0000,0.3810,0.0000,0.3810,0.0000,1,
43.8322,207.3400,BASELINE_COLLECTION,STANCE,0.7161,-71.900,-280.100,-71.900,0.0000,0.0000,0.4202,0.0000,0.4202,0.0000,1,
43.8401,207.3500,BASELINE_COLLECTION,STANCE,0.0000,-74.800,-304.600,-74.800,0.0000,0.0000,0.4569,0.0000,0.4569,0.0000,1,
43.8521,207.3700,BASELINE_COLLECTION,STANCE,0.0219,-81.600,-364.700,-81.600,0.0000,0.0000,0.5471,0.0000,0.5471,0.0000,1,
43.8723,207.3800,BASELINE_COLLECTION,STANCE,0.0329,-85.500,-397.100,-85.500,0.0000,0.0000,0.5957,0.0000,0.5957,0.0000,1,
43.8802,207.3900,BASELINE_COLLECTION,STANCE,0.0439,-89.700,-429.100,-89.700,0.0000,0.0000,0.6437,0.0000,0.6437,0.0000,1,
43.8922,207.4000,BASELINE_COLLECTION,STANCE,0.0548,-94.100,-442.200,-94.100,0.0000,0.0000,0.6633,0.0000,0.6633,0.0000,1,
43.9002,207.4100,BASELINE_COLLECTION,STANCE,0.0658,-98.600,-453.900,-98.600,0.0000,0.0000,0.6808,0.0000,0.6808,0.0000,1,
43.9123,207.4200,BASELINE_COLLECTION,STANCE,0.0768,-103.100,-447.300,-103.100,0.0000,0.0000,0.6710,0.0000,0.6710,0.0000,1,
43.9203,207.4300,BASELINE_COLLECTION,STANCE,0.0877,-107.500,-438.200,-107.500,0.0000,0.0000,0.6573,0.0000,0.6573,0.0000,1,
43.9322,207.4400,BASELINE_COLLECTION,STANCE,0.0987,-111.800,-413.400,-111.800,0.0000,0.0000,0.6201,0.0000,0.6201,0.0000,1,
43.9402,207.4500,BASELINE_COLLECTION,STANCE,0.1096,-115.700,-386.700,-115.700,0.0000,0.0000,0.5800,0.0000,0.5800,0.0000,1,
43.9523,207.4600,BASELINE_COLLECTION,STANCE,0.1206,-119.400,-356.700,-119.400,0.0000,0.0000,0.5351,0.0000,0.5351,0.0000,1,
43.9601,207.4700,BASELINE_COLLECTION,STANCE,0.1316,-122.700,-323.200,-122.700,0.0000,0.0000,0.4848,0.0000,0.4848,0.0000,1,
43.9722,207.4800,BASELINE_COLLECTION,STANCE,0.1425,-125.700,-286.000,-125.700,0.0000,0.0000,0.4290,0.0000,0.4290,0.0000,1,
43.9802,207.4900,BASELINE_COLLECTION,STANCE,0.1535,-128.200,-239.900,-128.200,0.0000,0.0000,0.3599,0.0000,0.3599,0.0000,1,
43.9922,207.5000,BASELINE_COLLECTION,STANCE,0.1645,-130.300,-191.700,-130.300,0.0000,0.0000,0.2875,0.0000,0.2875,0.0000,1,
44.0003,207.5100,BASELINE_COLLECTION,STANCE,0.1754,-131.900,-145.900,-131.900,0.0000,0.0000,0.2189,0.0000,0.2189,0.0000,1,
44.0122,207.5200,BASELINE_COLLECTION,STANCE,0.1864,-133.000,-98.600,-133.000,0.0000,0.0000,0.1479,0.0000,0.1479,0.0000,1,
44.0202,207.5300,BASELINE_COLLECTION,STANCE,0.1974,-133.700,-50.600,-133.700,0.0000,0.0000,0.0759,0.0000,0.0759,0.0000,1,
44.0321,207.5400,BASELINE_COLLECTION,STANCE,0.2083,-133.900,-5.100,-133.900,0.0000,0.0000,0.0076,0.0000,0.0076,0.0000,1,
44.0401,207.5500,BASELINE_COLLECTION,STANCE,0.2193,-133.700,25.800,-133.700,0.0000,0.0000,-0.0387,0.0000,-0.0387,0.0000,0,
44.0523,207.5600,BASELINE_COLLECTION,STANCE,0.2303,-133.300,46.900,-133.300,0.0000,0.0000,-0.0703,0.0000,-0.0703,0.0000,0,
44.0604,207.5700,BASELINE_COLLECTION,STANCE,0.2412,-132.700,70.000,-132.700,0.0000,0.0000,-0.1050,0.0000,-0.1050,0.0000,0,
44.0723,207.5800,BASELINE_COLLECTION,SWING,0.0033,-131.800,94.700,-131.800,0.0103,0.0000,-0.1421,0.0000,-0.1421,0.0000,0,
44.0844,207.5900,BASELINE_COLLECTION,SWING,0.0197,-130.700,117.900,-130.700,0.0620,0.0000,-0.1769,0.0000,-0.1769,0.0000,0,
44.0924,207.6100,BASELINE_COLLECTION,SWING,0.0526,-127.700,166.700,-127.700,0.1646,0.0000,-0.2500,0.0000,-0.2500,0.0000,0,
44.1043,207.6200,BASELINE_COLLECTION,SWING,0.0691,-125.900,192.400,-125.900,0.2153,0.0000,-0.2886,0.0000,-0.2886,0.0000,0,
44.1123,207.6300,BASELINE_COLLECTION,SWING,0.0855,-123.800,215.800,-123.800,0.2655,0.0000,-0.3237,0.0000,-0.3237,0.0000,0,
44.1243,207.6400,BASELINE_COLLECTION,SWING,0.1020,-121.500,236.500,-121.500,0.3149,0.0000,-0.3548,0.0000,-0.3548,0.0000,0,
44.1323,207.6500,BASELINE_COLLECTION,SWING,0.1184,-119.000,258.200,-119.000,0.3635,0.0000,-0.3873,0.0000,-0.3873,0.0000,0,
44.1442,207.6600,BASELINE_COLLECTION,SWING,0.1349,-116.200,281.100,-116.200,0.4111,0.0000,-0.4217,0.0000,-0.4217,0.0000,0,
44.1523,207.6700,BASELINE_COLLECTION,SWING,0.1513,-113.300,302.100,-113.300,0.4577,0.0000,-0.4532,0.0000,-0.4532,0.0000,0,
44.1644,207.6800,BASELINE_COLLECTION,SWING,0.1678,-110.100,325.300,-110.100,0.5030,0.0000,-0.4880,0.0000,-0.4880,0.0000,0,
44.1724,207.6900,BASELINE_COLLECTION,SWING,0.1842,-106.700,350.900,-106.700,0.5469,0.0000,-0.5263,0.0000,-0.5263,0.0000,0,
44.1842,207.7000,BASELINE_COLLECTION,SWING,0.2007,-103.000,369.200,-103.000,0.5895,0.0000,-0.5538,0.0000,-0.5538,0.0000,0,
44.1923,207.7100,BASELINE_COLLECTION,SWING,0.2171,-99.200,393.600,-99.200,0.6304,0.0000,-0.5904,0.0000,-0.5904,0.0000,0,
44.2043,207.7200,BASELINE_COLLECTION,SWING,0.2336,-95.100,415.300,-95.100,0.6696,0.0000,-0.6230,0.0000,-0.6230,0.0000,0,
44.2123,207.7300,BASELINE_COLLECTION,SWING,0.2500,-90.800,435.100,-90.800,0.7071,0.0000,-0.6527,0.0000,-0.6527,0.0000,0,
44.2243,207.7400,BASELINE_COLLECTION,SWING,0.2664,-86.300,461.000,-86.300,0.7427,0.0000,-0.6915,0.0000,-0.6915,0.0000,0,
44.2323,207.7500,BASELINE_COLLECTION,SWING,0.2829,-81.500,475.500,-81.500,0.7763,0.0000,-0.7133,0.0000,-0.7133,0.0000,0,
44.2442,207.7600,BASELINE_COLLECTION,SWING,0.2993,-76.700,493.400,-76.700,0.8078,0.0000,-0.7401,0.0000,-0.7401,0.0000,0,
44.2523,207.7700,BASELINE_COLLECTION,SWING,0.3158,-71.600,515.200,-71.600,0.8372,0.0000,-0.7728,0.0000,-0.7728,0.0000,0,
44.2643,207.7800,BASELINE_COLLECTION,SWING,0.3322,-66.300,530.400,-66.300,0.8643,0.0000,-0.7956,0.0000,-0.7956,0.0000,0,
44.2724,207.7900,BASELINE_COLLECTION,SWING,0.3487,-60.900,543.300,-60.900,0.8891,0.0000,-0.8149,0.0000,-0.8149,0.0000,0,
44.2843,207.8000,BASELINE_COLLECTION,SWING,0.3651,-55.500,541.400,-55.500,0.9116,0.0000,-0.8121,0.0000,-0.8121,0.0000,0,
44.2923,207.8100,BASELINE_COLLECTION,SWING,0.3816,-50.100,539.400,-50.100,0.9316,0.0000,-0.8091,0.0000,-0.8091,0.0000,0,
44.3043,207.8200,BASELINE_COLLECTION,SWING,0.3980,-44.800,513.500,-44.800,0.9491,0.0000,-0.7702,0.0000,-0.7702,0.0000,0,
44.3123,207.8300,BASELINE_COLLECTION,SWING,0.4145,-39.900,478.900,-39.900,0.9641,0.0000,-0.7183,0.0000,-0.7183,0.0000,0,
44.3243,207.8400,BASELINE_COLLECTION,SWING,0.4309,-35.500,434.700,-35.500,0.9765,0.0000,-0.6521,0.0000,-0.6521,0.0000,0,
44.3324,207.8500,BASELINE_COLLECTION,SWING,0.4474,-31.500,381.300,-31.500,0.9864,0.0000,-0.5720,0.0000,-0.5720,0.0000,0,
44.3442,207.8600,BASELINE_COLLECTION,SWING,0.4638,-28.000,327.600,-28.000,0.9935,0.0000,-0.4914,0.0000,-0.4914,0.0000,0,
44.3523,207.8700,BASELINE_COLLECTION,SWING,0.4803,-25.100,283.800,-25.100,0.9981,0.0000,-0.4257,0.0000,-0.4257,0.0000,0,
44.3642,207.8800,BASELINE_COLLECTION,SWING,0.4967,-22.500,240.200,-22.500,0.9999,0.0000,-0.3603,0.0000,-0.3603,0.0000,0,
44.3721,207.8900,BASELINE_COLLECTION,SWING,0.5132,-20.400,202.700,-20.400,0.9991,0.0000,-0.3040,0.0000,-0.3040,0.0000,0,
44.3843,207.9000,BASELINE_COLLECTION,SWING,0.5296,-18.600,175.600,-18.600,0.9957,0.0000,-0.2634,0.0000,-0.2634,0.0000,0,
44.3923,207.9100,BASELINE_COLLECTION,SWING,0.5461,-16.900,155.800,-16.900,0.9896,0.0000,-0.2337,0.0000,-0.2337,0.0000,0,
44.4042,207.9200,BASELINE_COLLECTION,SWING,0.5625,-15.500,138.500,-15.500,0.9808,0.0000,-0.2078,0.0000,-0.2078,0.0000,0,
44.4124,207.9300,BASELINE_COLLECTION,SWING,0.5789,-14.300,119.300,-14.300,0.9694,0.0000,-0.1789,0.0000,-0.1789,0.0000,0,
44.4242,207.9400,BASELINE_COLLECTION,SWING,0.5954,-13.200,103.700,-13.200,0.9554,0.0000,-0.1555,0.0000,-0.1555,0.0000,0,
44.4323,207.9500,BASELINE_COLLECTION,SWING,0.6118,-12.200,87.400,-12.200,0.9389,0.0000,-0.1311,0.0000,-0.1311,0.0000,0,
44.4443,207.9600,BASELINE_COLLECTION,SWING,0.6283,-11.500,69.200,-11.500,0.9199,0.0000,-0.1038,0.0000,-0.1038,0.0000,0,
44.4523,207.9700,BASELINE_COLLECTION,SWING,0.6447,-10.900,51.900,-10.900,0.8984,0.0000,-0.0779,0.0000,-0.0779,0.0000,0,
44.4644,207.9800,BASELINE_COLLECTION,SWING,0.6612,-10.500,36.100,-10.500,0.8745,0.0000,-0.0542,0.0000,-0.0542,0.0000,0,
44.4723,207.9900,BASELINE_COLLECTION,SWING,0.6776,-10.300,20.200,-10.300,0.8483,0.0000,-0.0303,0.0000,-0.0303,0.0000,0,
44.4844,208.0000,BASELINE_COLLECTION,SWING,0.6941,-10.200,12.700,-10.200,0.8198,0.0000,-0.0191,0.0000,-0.0191,0.0000,0,
44.4922,208.0100,BASELINE_COLLECTION,SWING,0.7105,-10.200,-1.700,-10.200,0.7891,0.0000,0.0026,0.0000,0.0026,0.0000,1,
44.5042,208.0200,BASELINE_COLLECTION,SWING,0.7270,-10.200,-1.400,-10.200,0.7564,0.0000,0.0021,0.0000,0.0021,0.0000,1,
44.5120,208.0300,BASELINE_COLLECTION,SWING,0.7434,-10.200,-4.200,-10.200,0.7216,0.0000,0.0063,0.0000,0.0063,0.0000,1,
44.5242,208.0400,BASELINE_COLLECTION,SWING,0.7599,-10.300,-10.200,-10.300,0.6848,0.0000,0.0153,0.0000,0.0153,0.0000,1,
44.5323,208.0500,BASELINE_COLLECTION,SWING,0.7763,-10.500,-16.500,-10.500,0.6463,0.0000,0.0248,0.0000,0.0248,0.0000,1,
44.5444,208.0600,BASELINE_COLLECTION,SWING,0.7928,-10.700,-27.500,-10.700,0.6060,0.0000,0.0413,0.0000,0.0413,0.0000,1,
44.5523,208.0700,BASELINE_COLLECTION,SWING,0.8092,-11.100,-44.500,-11.100,0.5641,0.0000,0.0668,0.0000,0.0668,0.0000,1,
44.5641,208.0800,BASELINE_COLLECTION,SWING,0.8257,-11.700,-62.600,-11.700,0.5207,0.0000,0.0939,0.0000,0.0939,0.0000,1,
44.5723,208.0900,BASELINE_COLLECTION,SWING,0.8421,-12.300,-71.500,-12.300,0.4759,0.0000,0.1072,0.0000,0.1072,0.0000,1,
44.5842,208.1000,BASELINE_COLLECTION,SWING,0.8586,-13.100,-76.600,-13.100,0.4299,0.0000,0.1149,0.0000,0.1149,0.0000,1,
44.5922,208.1100,BASELINE_COLLECTION,SWING,0.8750,-13.800,-71.100,-13.800,0.3827,0.0000,0.1066,0.0000,0.1066,0.0000,1,
44.6043,208.1200,BASELINE_COLLECTION,SWING,0.8914,-14.500,-64.600,-14.500,0.3345,0.0000,0.0969,0.0000,0.0969,0.0000,1,
44.6122,208.1300,BASELINE_COLLECTION,SWING,0.9079,-15.100,-56.800,-15.100,0.2853,0.0000,0.0852,0.0000,0.0852,0.0000,1,
44.6242,208.1400,BASELINE_COLLECTION,SWING,0.9243,-15.600,-43.500,-15.600,0.2355,0.0000,0.0653,0.0000,0.0653,0.0000,1,
44.6321,208.1500,BASELINE_COLLECTION,SWING,0.9408,-15.900,-31.300,-15.900,0.1849,0.0000,0.0469,0.0000,0.0469,0.0000,1,
44.6442,208.1600,BASELINE_COLLECTION,SWING,0.9572,-16.200,-20.300,-16.200,0.1339,0.0000,0.0305,0.0000,0.0305,0.0000,1,
44.6523,208.1700,BASELINE_COLLECTION,SWING,0.9737,-16.300,-12.500,-16.300,0.0826,0.0000,0.0187,0.0000,0.0187,0.0000,1,
44.6642,208.1800,BASELINE_COLLECTION,SWING,0.9901,-16.400,-8.400,-16.400,0.0310,0.0000,0.0126,0.0000,0.0126,0.0000,1,
44.6723,208.1900,BASELINE_COLLECTION,STANCE,0.2544,-16.500,-14.300,-16.500,0.0000,0.0000,0.0215,0.0000,0.0215,0.0000,1,
44.6843,208.2000,BASELINE_COLLECTION,STANCE,0.2654,-16.700,-22.200,-16.700,0.0000,0.0000,0.0333,0.0000,0.0333,0.0000,1,
44.6923,208.2100,BASELINE_COLLECTION,STANCE,0.2763,-17.000,-31.800,-17.000,0.0000,0.0000,0.0477,0.0000,0.0477,0.0000,1,
44.7042,208.2200,BASELINE_COLLECTION,STANCE,0.2873,-17.400,-45.600,-17.400,0.0000,0.0000,0.0684,0.0000,0.0684,0.0000,1,
44.7122,208.2300,BASELINE_COLLECTION,STANCE,0.2982,-18.000,-63.300,-18.000,0.0000,0.0000,0.0949,0.0000,0.0949,0.0000,1,
44.7242,208.2400,BASELINE_COLLECTION,STANCE,0.3092,-18.800,-81.800,-18.800,0.0000,0.0000,0.1227,0.0000,0.1227,0.0000,1,
44.7324,208.2500,BASELINE_COLLECTION,STANCE,0.3202,-19.700,-99.700,-19.700,0.0000,0.0000,0.1496,0.0000,0.1496,0.0000,1,
44.7443,208.2600,BASELINE_COLLECTION,STANCE,0.3311,-20.800,-114.000,-20.800,0.0000,0.0000,0.1710,0.0000,0.1710,0.0000,1,
44.7524,208.2700,BASELINE_COLLECTION,STANCE,0.3421,-22.000,-127.700,-22.000,0.0000,0.0000,0.1915,0.0000,0.1915,0.0000,1,
44.7643,208.2800,BASELINE_COLLECTION,STANCE,0.3531,-23.400,-136.800,-23.400,0.0000,0.0000,0.2052,0.0000,0.2052,0.0000,1,
44.7723,208.2900,BASELINE_COLLECTION,STANCE,0.3640,-24.800,-140.000,-24.800,0.0000,0.0000,0.2100,0.0000,0.2100,0.0000,1,
44.7843,208.3000,BASELINE_COLLECTION,STANCE,0.3750,-26.200,-138.300,-26.200,0.0000,0.0000,0.2075,0.0000,0.2075,0.0000,1,
44.7923,208.3100,BASELINE_COLLECTION,STANCE,0.3860,-27.500,-131.700,-27.500,0.0000,0.0000,0.1975,0.0000,0.1975,0.0000,1,
44.8043,208.3200,BASELINE_COLLECTION,STANCE,0.3969,-28.800,-120.600,-28.800,0.0000,0.0000,0.1809,0.0000,0.1809,0.0000,1,
44.8123,208.3300,BASELINE_COLLECTION,STANCE,0.4079,-29.900,-106.400,-29.900,0.0000,0.0000,0.1596,0.0000,0.1596,0.0000,1,
44.8244,208.3400,BASELINE_COLLECTION,STANCE,0.4189,-30.800,-88.400,-30.800,0.0000,0.0000,0.1326,0.0000,0.1326,0.0000,1,
44.8323,208.3500,BASELINE_COLLECTION,STANCE,0.4298,-31.600,-67.200,-31.600,0.0000,0.0000,0.1008,0.0000,0.1008,0.0000,1,
44.8442,208.3600,BASELINE_COLLECTION,STANCE,0.4408,-32.100,-43.500,-32.100,0.0000,0.0000,0.0653,0.0000,0.0653,0.0000,1,
44.8522,208.3700,BASELINE_COLLECTION,STANCE,0.4518,-32.300,-17.900,-32.300,0.0000,0.0000,0.0268,0.0000,0.0268,0.0000,1,
44.8642,208.3800,BASELINE_COLLECTION,STANCE,0.4627,-32.400,2.000,-32.400,0.0000,0.0000,-0.0030,0.0000,-0.0030,0.0000,0,
44.8723,208.3900,BASELINE_COLLECTION,STANCE,0.4737,-32.300,5.200,-32.300,0.0000,0.0000,-0.0078,0.0000,-0.0078,0.0000,0,
44.8842,208.4000,BASELINE_COLLECTION,STANCE,0.4846,-32.300,0.000,-32.300,0.0000,0.0000,0.0000,0.0000,0.0000,0.0000,0,
44.8922,208.4100,BASELINE_COLLECTION,STANCE,0.4956,-32.300,-1.000,-32.300,0.0000,0.0000,0.0015,0.0000,0.0015,0.0000,1,
44.9042,208.4200,BASELINE_COLLECTION,STANCE,0.5066,-32.300,0.300,-32.300,0.0000,0.0000,-0.0004,0.0000,-0.0004,0.0000,0,
44.9122,208.4300,BASELINE_COLLECTION,STANCE,0.5175,-32.300,-1.500,-32.300,0.0000,0.0000,0.0023,0.0000,0.0023,0.0000,1,
44.9243,208.4400,BASELINE_COLLECTION,STANCE,0.5285,-32.300,-4.900,-32.300,0.0000,0.0000,0.0074,0.0000,0.0074,0.0000,1,
44.9322,208.4500,BASELINE_COLLECTION,STANCE,0.5395,-32.400,-9.100,-32.400,0.0000,0.0000,0.0136,0.0000,0.0136,0.0000,1,
44.9443,208.4600,BASELINE_COLLECTION,STANCE,0.5504,-32.600,-16.800,-32.600,0.0000,0.0000,0.0252,0.0000,0.0252,0.0000,1,
44.9523,208.4700,BASELINE_COLLECTION,STANCE,0.5614,-32.800,-28.000,-32.800,0.0000,0.0000,0.0420,0.0000,0.0420,0.0000,1,
44.9642,208.4800,BASELINE_COLLECTION,STANCE,0.5724,-33.100,-37.900,-33.100,0.0000,0.0000,0.0568,0.0000,0.0568,0.0000,1,
44.9723,208.4900,BASELINE_COLLECTION,STANCE,0.5833,-33.600,-51.000,-33.600,0.0000,0.0000,0.0765,0.0000,0.0765,0.0000,1,
44.9842,208.5000,BASELINE_COLLECTION,STANCE,0.5943,-34.200,-66.200,-34.200,0.0000,0.0000,0.0993,0.0000,0.0993,0.0000,1,
44.9923,208.5100,BASELINE_COLLECTION,STANCE,0.6053,-35.000,-81.600,-35.000,0.0000,0.0000,0.1224,0.0000,0.1224,0.0000,1,
45.0042,208.5200,BASELINE_COLLECTION,STANCE,0.6162,-35.900,-92.200,-35.900,0.0000,0.0000,0.1383,0.0000,0.1383,0.0000,1,
45.0123,208.5300,BASELINE_COLLECTION,STANCE,0.6272,-36.900,-99.900,-36.900,0.0000,0.0000,0.1499,0.0000,0.1499,0.0000,1,
45.0243,208.5400,BASELINE_COLLECTION,STANCE,0.6382,-37.900,-104.000,-37.900,0.0000,0.0000,0.1560,0.0000,0.1560,0.0000,1,
45.0321,208.5500,BASELINE_COLLECTION,STANCE,0.6491,-39.000,-105.500,-39.000,0.0000,0.0000,0.1583,0.0000,0.1583,0.0000,1,
45.0482,208.5600,BASELINE_COLLECTION,STANCE,0.6601,-40.000,-105.000,-40.000,0.0000,0.0000,0.1575,0.0000,0.1575,0.0000,1,
45.0603,208.5700,BASELINE_COLLECTION,STANCE,0.6711,-41.000,-99.700,-41.000,0.0000,0.0000,0.1496,0.0000,0.1496,0.0000,1,
45.0683,208.5800,BASELINE_COLLECTION,STANCE,0.6820,-42.000,-92.100,-42.000,0.0000,0.0000,0.1381,0.0000,0.1381,0.0000,1,
45.0803,208.5900,BASELINE_COLLECTION,STANCE,0.6930,-42.800,-84.400,-42.800,0.0000,0.0000,0.1266,0.0000,0.1266,0.0000,1,
45.0883,208.6000,BASELINE_COLLECTION,STANCE,0.7039,-43.600,-75.700,-43.600,0.0000,0.0000,0.1136,0.0000,0.1136,0.0000,1,
45.1003,208.6100,BASELINE_COLLECTION,STANCE,0.7149,-44.300,-67.200,-44.300,0.0000,0.0000,0.1008,0.0000,0.1008,0.0000,1,
45.1083,208.6200,BASELINE_COLLECTION,STANCE,0.7259,-44.900,-58.100,-44.900,0.0000,0.0000,0.0872,0.0000,0.0872,0.0000,1,
45.1203,208.6300,BASELINE_COLLECTION,STANCE,0.7368,-45.500,-50.800,-45.500,0.0000,0.0000,0.0762,0.0000,0.0762,0.0000,1,
45.1283,208.6400,BASELINE_COLLECTION,STANCE,0.7478,-45.900,-41.500,-45.900,0.0000,0.0000,0.0622,0.0000,0.0622,0.0000,1,
45.1403,208.6500,BASELINE_COLLECTION,STANCE,0.7588,-46.300,-33.000,-46.300,0.0000,0.0000,0.0495,0.0000,0.0495,0.0000,1,
45.1483,208.6600,BASELINE_COLLECTION,STANCE,0.7697,-46.600,-28.700,-46.600,0.0000,0.0000,0.0430,0.0000,0.0430,0.0000,1,
45.1603,208.6700,BASELINE_COLLECTION,STANCE,0.7807,-46.800,-26.600,-46.800,0.0000,0.0000,0.0399,0.0000,0.0399,0.0000,1,
45.1683,208.6800,BASELINE_COLLECTION,STANCE,0.7917,-47.100,-27.500,-47.100,0.0000,0.0000,0.0413,0.0000,0.0413,0.0000,1,
45.1803,208.6900,BASELINE_COLLECTION,STANCE,0.8026,-47.400,-33.200,-47.400,0.0000,0.0000,0.0498,0.0000,0.0498,0.0000,1,
45.1882,208.7000,BASELINE_COLLECTION,STANCE,0.8136,-47.800,-42.700,-47.800,0.0000,0.0000,0.0641,0.0000,0.0641,0.0000,1,
45.2002,208.7100,BASELINE_COLLECTION,STANCE,0.8246,-48.300,-54.400,-48.300,0.0000,0.0000,0.0816,0.0000,0.0816,0.0000,1,
45.2082,208.7200,BASELINE_COLLECTION,STANCE,0.8355,-48.900,-65.500,-48.900,0.0000,0.0000,0.0983,0.0000,0.0983,0.0000,1,
45.2201,208.7300,BASELINE_COLLECTION,STANCE,0.8465,-49.700,-81.000,-49.700,0.0000,0.0000,0.1215,0.0000,0.1215,0.0000,1,
45.2282,208.7400,BASELINE_COLLECTION,STANCE,0.8575,-50.600,-100.400,-50.600,0.0000,0.0000,0.1506,0.0000,0.1506,0.0000,1,
45.2403,208.7500,BASELINE_COLLECTION,STANCE,0.8684,-51.800,-119.800,-51.800,0.0000,0.0000,0.1797,0.0000,0.1797,0.0000,1,
45.2483,208.7600,BASELINE_COLLECTION,STANCE,0.8794,-53.100,-139.000,-53.100,0.0000,0.0000,0.2085,0.0000,0.2085,0.0000,1,
45.2603,208.7700,BASELINE_COLLECTION,STANCE,0.8904,-54.600,-157.900,-54.600,0.0000,0.0000,0.2369,0.0000,0.2369,0.0000,1,
45.2682,208.7800,BASELINE_COLLECTION,STANCE,0.9013,-56.300,-176.000,-56.300,0.0000,0.0000,0.2640,0.0000,0.2640,0.0000,1,
45.2802,208.7900,BASELINE_COLLECTION,STANCE,0.9123,-58.200,-195.400,-58.200,0.0000,0.0000,0.2931,0.0000,0.2931,0.0000,1,
45.2882,208.8000,BASELINE_COLLECTION,STANCE,0.9232,-60.300,-218.100,-60.300,0.0000,0.0000,0.3271,0.0000,0.3271,0.0000,1,
45.3002,208.8100,BASELINE_COLLECTION,STANCE,0.9342,-62.700,-239.800,-62.700,0.0000,0.0000,0.3597,0.0000,0.3597,0.0000,1,
45.3081,208.8200,BASELINE_COLLECTION,STANCE,0.9452,-65.200,-260.300,-65.200,0.0000,0.0000,0.3905,0.0000,0.3905,0.0000,1,
45.3162,208.8300,BASELINE_COLLECTION,STANCE,0.9561,-68.000,-283.100,-68.000,0.0000,0.0000,0.4247,0.0000,0.4247,0.0000,1,
45.3283,208.8400,BASELINE_COLLECTION,STANCE,0.0000,-71.000,-309.800,-71.000,0.0000,0.0000,0.4647,0.0000,0.4647,0.0000,1,
45.3404,208.8500,BASELINE_COLLECTION,STANCE,0.0112,-74.200,-330.500,-74.200,0.0000,0.0000,0.4958,0.0000,0.4958,0.0000,1,
45.3483,208.8600,BASELINE_COLLECTION,STANCE,0.0224,-77.700,-352.000,-77.700,0.0000,0.0000,0.5280,0.0000,0.5280,0.0000,1,
45.3603,208.8700,BASELINE_COLLECTION,STANCE,0.0336,-81.400,-373.800,-81.400,0.0000,0.0000,0.5607,0.0000,0.5607,0.0000,1,
45.3681,208.8800,BASELINE_COLLECTION,STANCE,0.0447,-85.300,-399.800,-85.300,0.0000,0.0000,0.5997,0.0000,0.5997,0.0000,1,
45.3803,208.8900,BASELINE_COLLECTION,STANCE,0.0559,-89.500,-428.600,-89.500,0.0000,0.0000,0.6429,0.0000,0.6429,0.0000,1,
45.3882,208.9000,BASELINE_COLLECTION,STANCE,0.0671,-93.900,-440.500,-93.900,0.0000,0.0000,0.6608,0.0000,0.6608,0.0000,1,
45.4043,208.9100,BASELINE_COLLECTION,STANCE,0.0783,-98.400,-458.900,-98.400,0.0000,0.0000,0.6884,0.0000,0.6884,0.0000,1,
45.4123,208.9300,BASELINE_COLLECTION,STANCE,0.1007,-107.800,-479.900,-107.800,0.0000,0.0000,0.7198,0.0000,0.7198,0.0000,1,
45.4242,208.9400,BASELINE_COLLECTION,STANCE,0.1119,-112.600,-482.400,-112.600,0.0000,0.0000,0.7236,0.0000,0.7236,0.0000,1,
45.4324,208.9500,BASELINE_COLLECTION,STANCE,0.1230,-117.500,-484.800,-117.500,0.0000,0.0000,0.7272,0.0000,0.7272,0.0000,1,
45.4443,208.9600,BASELINE_COLLECTION,STANCE,0.1342,-122.300,-482.700,-122.300,0.0000,0.0000,0.7240,0.0000,0.7240,0.0000,1,
45.4523,208.9700,BASELINE_COLLECTION,STANCE,0.1454,-127.100,-475.100,-127.100,0.0000,0.0000,0.7127,0.0000,0.7127,0.0000,1,
45.4643,208.9800,BASELINE_COLLECTION,STANCE,0.1566,-131.600,-443.800,-131.600,0.0000,0.0000,0.6657,0.0000,0.6657,0.0000,1,
45.4722,208.9900,BASELINE_COLLECTION,STANCE,0.1678,-135.900,-411.200,-135.900,0.0000,0.0000,0.6168,0.0000,0.6168,0.0000,1,
45.4843,209.0000,BASELINE_COLLECTION,STANCE,0.1790,-137.600,-390.200,-137.600,0.0000,0.0000,0.5853,0.0000,0.5853,0.0000,1,
45.4922,209.0100,BASELINE_COLLECTION,STANCE,0.1902,-143.000,-321.300,-143.000,0.0000,0.0000,0.4820,0.0000,0.4820,0.0000,1,
45.5043,209.0200,BASELINE_COLLECTION,STANCE,0.2013,-145.900,-274.600,-145.900,0.0000,0.0000,0.4119,0.0000,0.4119,0.0000,1,
45.5123,209.0300,BASELINE_COLLECTION,STANCE,0.2125,-148.300,-222.700,-148.300,0.0000,0.0000,0.3341,0.0000,0.3341,0.0000,1,
45.5243,209.0400,BASELINE_COLLECTION,STANCE,0.2237,-150.100,-171.900,-150.100,0.0000,0.0000,0.2579,0.0000,0.2579,0.0000,1,
45.5322,209.0500,BASELINE_COLLECTION,STANCE,0.2349,-151.500,-121.400,-151.500,0.0000,0.0000,0.1821,0.0000,0.1821,0.0000,1,
45.5443,209.0600,BASELINE_COLLECTION,STANCE,0.2461,-152.400,-71.800,-152.400,0.0000,0.0000,0.1077,0.0000,0.1077,0.0000,1,
45.5523,209.0700,BASELINE_COLLECTION,SWING,0.0109,-152.800,-23.400,-152.800,0.0343,0.0000,0.0351,0.0000,0.0351,0.0000,1,
45.5643,209.0800,BASELINE_COLLECTION,SWING,0.0277,-152.700,17.300,-152.700,0.0869,0.0000,-0.0260,0.0000,-0.0260,0.0000,0,
45.5723,209.0900,BASELINE_COLLECTION,SWING,0.0445,-152.300,45.700,-152.300,0.1392,0.0000,-0.0685,0.0000,-0.0685,0.0000,0,
45.5841,209.1000,BASELINE_COLLECTION,SWING,0.0612,-151.700,70.000,-151.700,0.1912,0.0000,-0.1050,0.0000,-0.1050,0.0000,0,
45.5963,209.1100,BASELINE_COLLECTION,SWING,0.0780,-150.800,94.800,-150.800,0.2427,0.0000,-0.1422,0.0000,-0.1422,0.0000,0,
45.6042,209.1200,BASELINE_COLLECTION,SWING,0.0948,-149.700,120.100,-149.700,0.2934,0.0000,-0.1802,0.0000,-0.1802,0.0000,0,
45.6163,209.1300,BASELINE_COLLECTION,SWING,0.1116,-148.300,143.800,-148.300,0.3434,0.0000,-0.2157,0.0000,-0.2157,0.0000,0,
45.6242,209.1400,BASELINE_COLLECTION,SWING,0.1284,-146.700,168.200,-146.700,0.3924,0.0000,-0.2523,0.0000,-0.2523,0.0000,0,
45.6362,209.1500,BASELINE_COLLECTION,SWING,0.1451,-144.900,195.100,-144.900,0.4403,0.0000,-0.2927,0.0000,-0.2927,0.0000,0,
45.6442,209.1600,BASELINE_COLLECTION,SWING,0.1619,-142.700,219.600,-142.700,0.4870,0.0000,-0.3294,0.0000,-0.3294,0.0000,0,
45.6562,209.1700,BASELINE_COLLECTION,SWING,0.1787,-140.400,241.400,-140.400,0.5324,0.0000,-0.3621,0.0000,-0.3621,0.0000,0,
45.6643,209.1800,BASELINE_COLLECTION,SWING,0.1955,-137.800,265.600,-137.800,0.5762,0.0000,-0.3984,0.0000,-0.3984,0.0000,0,
45.6762,209.1900,BASELINE_COLLECTION,SWING,0.2122,-135.000,292.200,-135.000,0.6185,0.0000,-0.4383,0.0000,-0.4383,0.0000,0,
45.6842,209.2000,BASELINE_COLLECTION,SWING,0.2290,-131.900,313.400,-131.900,0.6590,0.0000,-0.4701,0.0000,-0.4701,0.0000,0,
45.6963,209.2100,BASELINE_COLLECTION,SWING,0.2458,-128.600,333.300,-128.600,0.6977,0.0000,-0.5000,0.0000,-0.5000,0.0000,0,
45.7043,209.2200,BASELINE_COLLECTION,SWING,0.2626,-125.100,361.400,-125.100,0.7345,0.0000,-0.5421,0.0000,-0.5421,0.0000,0,
45.7163,209.2300,BASELINE_COLLECTION,SWING,0.2794,-121.300,381.700,-121.300,0.7692,0.0000,-0.5726,0.0000,-0.5726,0.0000,0,
45.7242,209.2400,BASELINE_COLLECTION,SWING,0.2961,-117.400,402.500,-117.400,0.8018,0.0000,-0.6038,0.0000,-0.6038,0.0000,0,
45.7362,209.2500,BASELINE_COLLECTION,SWING,0.3129,-113.200,425.800,-113.200,0.8322,0.0000,-0.6387,0.0000,-0.6387,0.0000,0,
45.7442,209.2600,BASELINE_COLLECTION,SWING,0.3297,-108.800,451.600,-108.800,0.8603,0.0000,-0.6774,0.0000,-0.6774,0.0000,0,
45.7563,209.2700,BASELINE_COLLECTION,SWING,0.3465,-104.100,475.100,-104.100,0.8859,0.0000,-0.7127,0.0000,-0.7127,0.0000,0,
45.7642,209.2800,BASELINE_COLLECTION,SWING,0.3633,-99.200,496.800,-99.200,0.9091,0.0000,-0.7452,0.0000,-0.7452,0.0000,0,
45.7763,209.2900,BASELINE_COLLECTION,SWING,0.3800,-94.100,515.100,-94.100,0.9298,0.0000,-0.7727,0.0000,-0.7727,0.0000,0,
45.7843,209.3000,BASELINE_COLLECTION,SWING,0.3968,-88.800,537.500,-88.800,0.9479,0.0000,-0.8063,0.0000,-0.8063,0.0000,0,
45.7962,209.3100,BASELINE_COLLECTION,SWING,0.4136,-83.300,550.000,-83.300,0.9634,0.0000,-0.8250,0.0000,-0.8250,0.0000,0,
45.8040,209.3200,BASELINE_COLLECTION,SWING,0.4304,-77.700,560.100,-77.700,0.9762,0.0000,-0.8402,0.0000,-0.8402,0.0000,0,
45.8162,209.3300,BASELINE_COLLECTION,SWING,0.4471,-72.000,583.600,-72.000,0.9862,0.0000,-0.8754,0.0000,-0.8754,0.0000,0,
45.8241,209.3400,BASELINE_COLLECTION,SWING,0.4639,-66.000,605.900,-66.000,0.9936,0.0000,-0.9088,0.0000,-0.9088,0.0000,0,
45.8362,209.3500,BASELINE_COLLECTION,SWING,0.4807,-59.800,626.400,-59.800,0.9982,0.0000,-0.9396,0.0000,-0.9396,0.0000,0,
45.8440,209.3600,BASELINE_COLLECTION,SWING,0.4975,-53.500,633.000,-53.500,1.0000,0.0000,-0.9495,0.0000,-0.9495,0.0000,0,
45.8562,209.3700,BASELINE_COLLECTION,SWING,0.5143,-47.100,634.400,-47.100,0.9990,0.0000,-0.9516,0.0000,-0.9516,0.0000,0,
45.8641,209.3800,BASELINE_COLLECTION,SWING,0.5310,-40.800,628.700,-40.800,0.9952,0.0000,-0.9431,0.0000,-0.9431,0.0000,0,
45.8762,209.3900,BASELINE_COLLECTION,SWING,0.5478,-34.600,620.200,-34.600,0.9887,0.0000,-0.9303,0.0000,-0.9303,0.0000,0,
45.8842,209.4000,BASELINE_COLLECTION,SWING,0.5646,-28.700,572.000,-28.700,0.9795,0.0000,-0.8580,0.0000,-0.8580,0.0000,0,
45.8963,209.4100,BASELINE_COLLECTION,SWING,0.5814,-23.500,491.300,-23.500,0.9675,0.0000,-0.7369,0.0000,-0.7369,0.0000,0,
45.9042,209.4200,BASELINE_COLLECTION,SWING,0.5982,-19.300,385.500,-19.300,0.9528,0.0000,-0.5783,0.0000,-0.5783,0.0000,0,
45.9162,209.4300,BASELINE_COLLECTION,SWING,0.6149,-16.100,291.100,-16.100,0.9355,0.0000,-0.4367,0.0000,-0.4367,0.0000,0,
45.9242,209.4400,BASELINE_COLLECTION,SWING,0.6317,-13.900,194.800,-13.900,0.9156,0.0000,-0.2922,0.0000,-0.2922,0.0000,0,
45.9362,209.4500,BASELINE_COLLECTION,SWING,0.6485,-12.500,112.500,-12.500,0.8932,0.0000,-0.1688,0.0000,-0.1688,0.0000,0,
45.9442,209.4600,BASELINE_COLLECTION,SWING,0.6653,-11.800,49.200,-11.800,0.8682,0.0000,-0.0738,0.0000,-0.0738,0.0000,0,
45.9562,209.4700,BASELINE_COLLECTION,SWING,0.6820,-11.700,2.500,-11.700,0.8409,0.0000,-0.0037,0.0000,-0.0037,0.0000,0,
45.9642,209.4800,BASELINE_COLLECTION,SWING,0.6988,-11.800,-13.100,-11.800,0.8112,0.0000,0.0197,0.0000,0.0197,0.0000,1,
45.9761,209.4900,BASELINE_COLLECTION,SWING,0.7156,-11.900,-10.400,-11.900,0.7792,0.0000,0.0156,0.0000,0.0156,0.0000,1,
45.9840,209.5000,BASELINE_COLLECTION,SWING,0.7324,-12.000,-8.300,-12.000,0.7451,0.0000,0.0125,0.0000,0.0125,0.0000,1,
45.9921,209.5100,BASELINE_COLLECTION,SWING,0.7492,-12.100,-9.000,-12.100,0.7090,0.0000,0.0135,0.0000,0.0135,0.0000,1,
46.0042,209.5200,BASELINE_COLLECTION,SWING,0.7659,-12.100,-7.000,-12.100,0.6708,0.0000,0.0105,0.0000,0.0105,0.0000,1,
46.0163,209.5300,BASELINE_COLLECTION,SWING,0.7827,-12.200,-7.700,-12.200,0.6308,0.0000,0.0116,0.0000,0.0116,0.0000,1,
46.0243,209.5400,BASELINE_COLLECTION,SWING,0.7995,-12.300,-7.900,-12.300,0.5891,0.0000,0.0119,0.0000,0.0119,0.0000,1,
46.0363,209.5500,BASELINE_COLLECTION,SWING,0.8163,-12.400,-8.100,-12.400,0.5457,0.0000,0.0121,0.0000,0.0121,0.0000,1,
46.0442,209.5600,BASELINE_COLLECTION,SWING,0.8331,-12.500,-16.200,-12.500,0.5008,0.0000,0.0243,0.0000,0.0243,0.0000,1,
46.0562,209.5700,BASELINE_COLLECTION,SWING,0.8498,-12.800,-27.600,-12.800,0.4545,0.0000,0.0414,0.0000,0.0414,0.0000,1,
46.0642,209.5800,BASELINE_COLLECTION,SWING,0.8666,-13.100,-37.200,-13.100,0.4069,0.0000,0.0558,0.0000,0.0558,0.0000,1,
46.0763,209.5900,BASELINE_COLLECTION,SWING,0.8834,-13.500,-47.700,-13.500,0.3582,0.0000,0.0716,0.0000,0.0716,0.0000,1,
46.0843,209.6000,BASELINE_COLLECTION,SWING,0.9002,-14.100,-60.800,-14.100,0.3085,0.0000,0.0912,0.0000,0.0912,0.0000,1,
46.0963,209.6100,BASELINE_COLLECTION,SWING,0.9169,-14.800,-73.600,-14.800,0.2580,0.0000,0.1104,0.0000,0.1104,0.0000,1,
46.1042,209.6200,BASELINE_COLLECTION,SWING,0.9337,-15.600,-88.500,-15.600,0.2067,0.0000,0.1328,0.0000,0.1328,0.0000,1,
46.1163,209.6300,BASELINE_COLLECTION,SWING,0.9505,-16.600,-104.900,-16.600,0.1549,0.0000,0.1574,0.0000,0.1574,0.0000,1,
46.1242,209.6400,BASELINE_COLLECTION,SWING,0.9673,-17.800,-116.900,-17.800,0.1026,0.0000,0.1754,0.0000,0.1754,0.0000,1,
46.1363,209.6500,BASELINE_COLLECTION,SWING,0.9841,-19.000,-123.500,-19.000,0.0501,0.0000,0.1852,0.0000,0.1852,0.0000,1,
46.1443,209.6600,BASELINE_COLLECTION,STANCE,0.2506,-20.300,-126.600,-20.300,0.0000,0.0000,0.1899,0.0000,0.1899,0.0000,1,
46.1563,209.6700,BASELINE_COLLECTION,STANCE,0.2617,-21.500,-124.300,-21.500,0.0000,0.0000,0.1865,0.0000,0.1865,0.0000,1,
46.1643,209.6800,BASELINE_COLLECTION,STANCE,0.2729,-22.700,-117.400,-22.700,0.0000,0.0000,0.1761,0.0000,0.1761,0.0000,1,
46.1763,209.6900,BASELINE_COLLECTION,STANCE,0.2841,-23.800,-103.600,-23.800,0.0000,0.0000,0.1554,0.0000,0.1554,0.0000,1,
46.1843,209.7000,BASELINE_COLLECTION,STANCE,0.2953,-24.700,-82.500,-24.700,0.0000,0.0000,0.1237,0.0000,0.1237,0.0000,1,
46.1962,209.7100,BASELINE_COLLECTION,STANCE,0.3065,-25.300,-54.800,-25.300,0.0000,0.0000,0.0822,0.0000,0.0822,0.0000,1,
46.2043,209.7200,BASELINE_COLLECTION,STANCE,0.3177,-25.700,-27.400,-25.700,0.0000,0.0000,0.0411,0.0000,0.0411,0.0000,1,
46.2162,209.7300,BASELINE_COLLECTION,STANCE,0.3289,-25.800,-6.000,-25.800,0.0000,0.0000,0.0090,0.0000,0.0090,0.0000,1,
46.2242,209.7400,BASELINE_COLLECTION,STANCE,0.3400,-25.800,3.500,-25.800,0.0000,0.0000,-0.0053,0.0000,-0.0053,0.0000,0,
46.2362,209.7500,BASELINE_COLLECTION,STANCE,0.3512,-25.800,0.100,-25.800,0.0000,0.0000,-0.0002,0.0000,-0.0002,0.0000,0,
46.2442,209.7600,BASELINE_COLLECTION,STANCE,0.3624,-25.800,-3.400,-25.800,0.0000,0.0000,0.0051,0.0000,0.0051,0.0000,1,
46.2562,209.7700,BASELINE_COLLECTION,STANCE,0.3736,-25.800,-6.000,-25.800,0.0000,0.0000,0.0090,0.0000,0.0090,0.0000,1,
46.2642,209.7800,BASELINE_COLLECTION,STANCE,0.3848,-25.900,-10.300,-25.900,0.0000,0.0000,0.0155,0.0000,0.0155,0.0000,1,
46.2761,209.7900,BASELINE_COLLECTION,STANCE,0.3960,-26.100,-20.100,-26.100,0.0000,0.0000,0.0302,0.0000,0.0302,0.0000,1,
46.2841,209.8000,BASELINE_COLLECTION,STANCE,0.4072,-26.400,-31.200,-26.400,0.0000,0.0000,0.0468,0.0000,0.0468,0.0000,1,
46.2921,209.8100,BASELINE_COLLECTION,STANCE,0.4183,-26.800,-45.300,-26.800,0.0000,0.0000,0.0679,0.0000,0.0679,0.0000,1,
46.3042,209.8200,BASELINE_COLLECTION,STANCE,0.4295,-27.300,-55.800,-27.300,0.0000,0.0000,0.0837,0.0000,0.0837,0.0000,1,
46.3163,209.8300,BASELINE_COLLECTION,STANCE,0.4407,-27.900,-65.000,-27.900,0.0000,0.0000,0.0975,0.0000,0.0975,0.0000,1,
46.3242,209.8400,BASELINE_COLLECTION,STANCE,0.4519,-28.700,-74.900,-28.700,0.0000,0.0000,0.1124,0.0000,0.1124,0.0000,1,
46.3363,209.8500,BASELINE_COLLECTION,STANCE,0.4631,-29.500,-83.500,-29.500,0.0000,0.0000,0.1253,0.0000,0.1253,0.0000,1,
46.3443,209.8600,BASELINE_COLLECTION,STANCE,0.4743,-30.300,-88.700,-30.300,0.0000,0.0000,0.1331,0.0000,0.1331,0.0000,1,
46.3562,209.8700,BASELINE_COLLECTION,STANCE,0.4855,-31.300,-91.500,-31.300,0.0000,0.0000,0.1373,0.0000,0.1373,0.0000,1,
46.3640,209.8800,BASELINE_COLLECTION,STANCE,0.4966,-32.200,-92.300,-32.200,0.0000,0.0000,0.1384,0.0000,0.1384,0.0000,1,
46.3763,209.8900,BASELINE_COLLECTION,STANCE,0.5078,-33.100,-88.100,-33.100,0.0000,0.0000,0.1321,0.0000,0.1321,0.0000,1,
46.3843,209.9000,BASELINE_COLLECTION,STANCE,0.5190,-33.900,-80.700,-33.900,0.0000,0.0000,0.1211,0.0000,0.1211,0.0000,1,
46.3962,209.9100,BASELINE_COLLECTION,STANCE,0.5302,-34.700,-73.900,-34.700,0.0000,0.0000,0.1109,0.0000,0.1109,0.0000,1,
46.4042,209.9200,BASELINE_COLLECTION,STANCE,0.5414,-35.300,-62.500,-35.300,0.0000,0.0000,0.0938,0.0000,0.0938,0.0000,1,
46.4163,209.9300,BASELINE_COLLECTION,STANCE,0.5526,-35.900,-47.900,-35.900,0.0000,0.0000,0.0718,0.0000,0.0718,0.0000,1,
46.4242,209.9400,BASELINE_COLLECTION,STANCE,0.5638,-36.200,-33.100,-36.200,0.0000,0.0000,0.0497,0.0000,0.0497,0.0000,1,
46.4363,209.9500,BASELINE_COLLECTION,STANCE,0.5749,-36.400,-15.200,-36.400,0.0000,0.0000,0.0228,0.0000,0.0228,0.0000,1,
46.4443,209.9600,BASELINE_COLLECTION,STANCE,0.5861,-36.500,0.000,-36.500,0.0000,0.0000,0.0000,0.0000,0.0000,0.0000,0,
46.4563,209.9700,BASELINE_COLLECTION,STANCE,0.5973,-36.400,4.700,-36.400,0.0000,0.0000,-0.0071,0.0000,-0.0071,0.0000,0,
46.4643,209.9800,BASELINE_COLLECTION,STANCE,0.6085,-36.400,5.100,-36.400,0.0000,0.0000,-0.0076,0.0000,-0.0076,0.0000,0,
46.4762,209.9900,BASELINE_COLLECTION,STANCE,0.6197,-36.400,3.300,-36.400,0.0000,0.0000,-0.0049,0.0000,-0.0049,0.0000,0,
46.4842,210.0000,BASELINE_COLLECTION,STANCE,0.6309,-36.300,1.700,-36.300,0.0000,0.0000,-0.0026,0.0000,-0.0026,0.0000,0,
46.4962,210.0100,BASELINE_COLLECTION,STANCE,0.6421,-36.400,-0.300,-36.400,0.0000,0.0000,0.0004,0.0000,0.0004,0.0000,1,
46.5042,210.0200,BASELINE_COLLECTION,STANCE,0.6532,-36.400,0.000,-36.400,0.0000,0.0000,0.0000,0.0000,0.0000,0.0000,0,
46.5163,210.0300,BASELINE_COLLECTION,STANCE,0.6644,-36.400,-2.000,-36.400,0.0000,0.0000,0.0030,0.0000,0.0030,0.0000,1,
46.5242,210.0400,BASELINE_COLLECTION,STANCE,0.6756,-36.400,-3.900,-36.400,0.0000,0.0000,0.0059,0.0000,0.0059,0.0000,1,
46.5402,210.0500,BASELINE_COLLECTION,STANCE,0.6868,-36.400,-5.300,-36.400,0.0000,0.0000,0.0080,0.0000,0.0080,0.0000,1,
46.5482,210.0600,BASELINE_COLLECTION,STANCE,0.6980,-36.500,-13.500,-36.500,0.0000,0.0000,0.0203,0.0000,0.0203,0.0000,1,
46.5603,210.0700,BASELINE_COLLECTION,STANCE,0.7092,-36.800,-26.800,-36.800,0.0000,0.0000,0.0402,0.0000,0.0402,0.0000,1,
46.5683,210.0800,BASELINE_COLLECTION,STANCE,0.7204,-37.100,-40.400,-37.100,0.0000,0.0000,0.0606,0.0000,0.0606,0.0000,1,
46.5803,210.0900,BASELINE_COLLECTION,STANCE,0.7315,-37.600,-55.200,-37.600,0.0000,0.0000,0.0828,0.0000,0.0828,0.0000,1,
46.5882,210.1000,BASELINE_COLLECTION,STANCE,0.7427,-38.200,-65.800,-38.200,0.0000,0.0000,0.0987,0.0000,0.0987,0.0000,1,
46.6003,210.1100,BASELINE_COLLECTION,STANCE,0.7539,-38.900,-78.600,-38.900,0.0000,0.0000,0.1179,0.0000,0.1179,0.0000,1,
46.6083,210.1200,BASELINE_COLLECTION,STANCE,0.7651,-39.800,-91.400,-39.800,0.0000,0.0000,0.1371,0.0000,0.1371,0.0000,1,
46.6203,210.1300,BASELINE_COLLECTION,STANCE,0.7763,-40.800,-100.800,-40.800,0.0000,0.0000,0.1512,0.0000,0.1512,0.0000,1,
46.6283,210.1400,BASELINE_COLLECTION,STANCE,0.7875,-41.800,-108.400,-41.800,0.0000,0.0000,0.1626,0.0000,0.1626,0.0000,1,
46.6403,210.1500,BASELINE_COLLECTION,STANCE,0.7987,-43.000,-113.200,-43.000,0.0000,0.0000,0.1698,0.0000,0.1698,0.0000,1,
46.6483,210.1600,BASELINE_COLLECTION,STANCE,0.8098,-44.100,-113.600,-44.100,0.0000,0.0000,0.1704,0.0000,0.1704,0.0000,1,
46.6603,210.1700,BASELINE_COLLECTION,STANCE,0.8210,-45.200,-111.400,-45.200,0.0000,0.0000,0.1671,0.0000,0.1671,0.0000,1,
46.6683,210.1800,BASELINE_COLLECTION,STANCE,0.8322,-46.300,-104.100,-46.300,0.0000,0.0000,0.1561,0.0000,0.1561,0.0000,1,
46.6803,210.1900,BASELINE_COLLECTION,STANCE,0.8434,-47.300,-95.100,-47.300,0.0000,0.0000,0.1426,0.0000,0.1426,0.0000,1,
46.6883,210.2000,BASELINE_COLLECTION,STANCE,0.8546,-48.100,-84.400,-48.100,0.0000,0.0000,0.1266,0.0000,0.1266,0.0000,1,
46.7002,210.2100,BASELINE_COLLECTION,STANCE,0.8658,-48.900,-70.000,-48.900,0.0000,0.0000,0.1050,0.0000,0.1050,0.0000,1,
46.7082,210.2200,BASELINE_COLLECTION,STANCE,0.8770,-49.500,-57.000,-49.500,0.0000,0.0000,0.0855,0.0000,0.0855,0.0000,1,
46.7203,210.2300,BASELINE_COLLECTION,STANCE,0.8881,-50.000,-44.300,-50.000,0.0000,0.0000,0.0664,0.0000,0.0664,0.0000,1,
46.7282,210.2400,BASELINE_COLLECTION,STANCE,0.8993,-50.300,-34.100,-50.300,0.0000,0.0000,0.0512,0.0000,0.0512,0.0000,1,
46.7362,210.2500,BASELINE_COLLECTION,STANCE,0.9105,-50.600,-26.000,-50.600,0.0000,0.0000,0.0390,0.0000,0.0390,0.0000,1,
46.7483,210.2600,BASELINE_COLLECTION,STANCE,0.9217,-50.800,-17.900,-50.800,0.0000,0.0000,0.0268,0.0000,0.0268,0.0000,1,
46.7603,210.2700,BASELINE_COLLECTION,STANCE,0.9329,-51.000,-13.900,-51.000,0.0000,0.0000,0.0209,0.0000,0.0209,0.0000,1,
46.7683,210.2800,BASELINE_COLLECTION,STANCE,0.9441,-51.100,-13.800,-51.100,0.0000,0.0000,0.0207,0.0000,0.0207,0.0000,1,
46.7803,210.2900,BASELINE_COLLECTION,STANCE,0.9553,-51.300,-13.500,-51.300,0.0000,0.0000,0.0203,0.0000,0.0203,0.0000,1,
46.7883,210.3000,BASELINE_COLLECTION,STANCE,0.9664,-51.400,-14.100,-51.400,0.0000,0.0000,0.0211,0.0000,0.0211,0.0000,1,
46.8002,210.3100,BASELINE_COLLECTION,STANCE,0.9776,-51.600,-20.200,-51.600,0.0000,0.0000,0.0303,0.0000,0.0303,0.0000,1,
46.8082,210.3200,BASELINE_COLLECTION,STANCE,0.9888,-51.800,-27.900,-51.800,0.0000,0.0000,0.0418,0.0000,0.0418,0.0000,1,
46.8203,210.3300,BASELINE_COLLECTION,STANCE,1.0000,-52.200,-39.000,-52.200,0.0000,0.0000,0.0585,0.0000,0.0585,0.0000,1,
46.8282,210.3400,BASELINE_COLLECTION,STANCE,1.0000,-52.700,-51.200,-52.700,0.0000,0.0000,0.0768,0.0000,0.0768,0.0000,1,
46.8402,210.3500,BASELINE_COLLECTION,STANCE,1.0000,-53.300,-65.100,-53.300,0.0000,0.0000,0.0976,0.0000,0.0976,0.0000,1,
46.8482,210.3600,BASELINE_COLLECTION,STANCE,1.0000,-54.000,-75.200,-54.000,0.0000,0.0000,0.1128,0.0000,0.1128,0.0000,1,
46.8603,210.3700,BASELINE_COLLECTION,STANCE,1.0000,-54.800,-82.100,-54.800,0.0000,0.0000,0.1231,0.0000,0.1231,0.0000,1,
46.8682,210.3800,BASELINE_COLLECTION,STANCE,1.0000,-55.700,-87.400,-55.700,0.0000,0.0000,0.1311,0.0000,0.1311,0.0000,1,
46.8802,210.3900,BASELINE_COLLECTION,STANCE,1.0000,-56.600,-93.000,-56.600,0.0000,0.0000,0.1395,0.0000,0.1395,0.0000,1,
46.8882,210.4000,BASELINE_COLLECTION,STANCE,1.0000,-57.500,-96.500,-57.500,0.0000,0.0000,0.1447,0.0000,0.1447,0.0000,1,
46.9002,210.4100,BASELINE_COLLECTION,STANCE,1.0000,-58.500,-98.900,-58.500,0.0000,0.0000,0.1484,0.0000,0.1484,0.0000,1,
46.9083,210.4200,BASELINE_COLLECTION,STANCE,1.0000,-59.500,-99.900,-59.500,0.0000,0.0000,0.1499,0.0000,0.1499,0.0000,1,
46.9202,210.4300,BASELINE_COLLECTION,STANCE,1.0000,-60.500,-100.700,-60.500,0.0000,0.0000,0.1511,0.0000,0.1511,0.0000,1,
46.9283,210.4400,BASELINE_COLLECTION,STANCE,1.0000,-61.500,-102.000,-61.500,0.0000,0.0000,0.1530,0.0000,0.1530,0.0000,1,
46.9403,210.4500,BASELINE_COLLECTION,STANCE,1.0000,-62.600,-102.700,-62.600,0.0000,0.0000,0.1541,0.0000,0.1541,0.0000,1,
46.9482,210.4600,BASELINE_COLLECTION,STANCE,1.0000,-63.600,-104.000,-63.600,0.0000,0.0000,0.1560,0.0000,0.1560,0.0000,1,
46.9602,210.4700,BASELINE_COLLECTION,STANCE,1.0000,-64.600,-106.000,-64.600,0.0000,0.0000,0.1590,0.0000,0.1590,0.0000,1,
46.9682,210.4800,BASELINE_COLLECTION,STANCE,1.0000,-65.700,-107.800,-65.700,0.0000,0.0000,0.1617,0.0000,0.1617,0.0000,1,
46.9802,210.4900,BASELINE_COLLECTION,STANCE,1.0000,-66.800,-111.100,-66.800,0.0000,0.0000,0.1666,0.0000,0.1666,0.0000,1,
46.9882,210.5000,BASELINE_COLLECTION,STANCE,1.0000,-68.000,-115.200,-68.000,0.0000,0.0000,0.1728,0.0000,0.1728,0.0000,1,
47.0002,210.5100,BASELINE_COLLECTION,STANCE,1.0000,-69.200,-122.700,-69.200,0.0000,0.0000,0.1841,0.0000,0.1841,0.0000,1,
47.0082,210.5200,BASELINE_COLLECTION,STANCE,1.0000,-70.400,-130.900,-70.400,0.0000,0.0000,0.1964,0.0000,0.1964,0.0000,1,
47.0202,210.5300,BASELINE_COLLECTION,STANCE,0.0000,-71.800,-139.600,-71.800,0.0000,0.0000,0.2094,0.0000,0.2094,0.0000,1,
47.0281,210.5400,BASELINE_COLLECTION,STANCE,0.0099,-73.300,-147.600,-73.300,0.0000,0.0000,0.2214,0.0000,0.2214,0.0000,1,
47.0402,210.5500,BASELINE_COLLECTION,STANCE,0.0197,-74.800,-156.100,-74.800,0.0000,0.0000,0.2341,0.0000,0.2341,0.0000,1,
47.0481,210.5600,BASELINE_COLLECTION,STANCE,0.0296,-76.400,-166.000,-76.400,0.0000,0.0000,0.2490,0.0000,0.2490,0.0000,1,
47.0601,210.5700,BASELINE_COLLECTION,STANCE,0.0394,-78.200,-178.100,-78.200,0.0000,0.0000,0.2671,0.0000,0.2671,0.0000,1,
47.0680,210.5800,BASELINE_COLLECTION,STANCE,0.0493,-80.000,-189.400,-80.000,0.0000,0.0000,0.2841,0.0000,0.2841,0.0000,1,
47.0761,210.5900,BASELINE_COLLECTION,STANCE,0.0592,-82.000,-201.900,-82.000,0.0000,0.0000,0.3029,0.0000,0.3029,0.0000,1,
47.0883,210.6000,BASELINE_COLLECTION,STANCE,0.0690,-84.100,-215.600,-84.100,0.0000,0.0000,0.3234,0.0000,0.3234,0.0000,1,
47.1002,210.6100,BASELINE_COLLECTION,STANCE,0.0789,-86.400,-231.600,-86.400,0.0000,0.0000,0.3474,0.0000,0.3474,0.0000,1,
47.1082,210.6200,BASELINE_COLLECTION,STANCE,0.0888,-88.800,-250.700,-88.800,0.0000,0.0000,0.3760,0.0000,0.3760,0.0000,1,
47.1201,210.6300,BASELINE_COLLECTION,STANCE,0.0986,-91.500,-268.100,-91.500,0.0000,0.0000,0.4022,0.0000,0.4022,0.0000,1,
47.1282,210.6400,BASELINE_COLLECTION,STANCE,0.1085,-94.300,-285.800,-94.300,0.0000,0.0000,0.4287,0.0000,0.4287,0.0000,1,
47.1402,210.6500,BASELINE_COLLECTION,STANCE,0.1183,-97.300,-309.300,-97.300,0.0000,0.0000,0.4640,0.0000,0.4640,0.0000,1,
47.1482,210.6600,BASELINE_COLLECTION,STANCE,0.1282,-100.500,-328.400,-100.500,0.0000,0.0000,0.4926,0.0000,0.4926,0.0000,1,
47.1602,210.6700,BASELINE_COLLECTION,STANCE,0.1381,-103.900,-344.900,-103.900,0.0000,0.0000,0.5173,0.0000,0.5173,0.0000,1,
47.1682,210.6800,BASELINE_COLLECTION,STANCE,0.1479,-107.500,-364.300,-107.500,0.0000,0.0000,0.5464,0.0000,0.5464,0.0000,1,
47.1802,210.6900,BASELINE_COLLECTION,STANCE,0.1578,-111.200,-374.700,-111.200,0.0000,0.0000,0.5621,0.0000,0.5621,0.0000,1,
47.1882,210.7000,BASELINE_COLLECTION,STANCE,0.1677,-115.000,-384.500,-115.000,0.0000,0.0000,0.5767,0.0000,0.5767,0.0000,1,
47.2002,210.7100,BASELINE_COLLECTION,STANCE,0.1775,-118.900,-391.000,-118.900,0.0000,0.0000,0.5865,0.0000,0.5865,0.0000,1,
47.2083,210.7200,BASELINE_COLLECTION,STANCE,0.1874,-122.800,-391.100,-122.800,0.0000,0.0000,0.5867,0.0000,0.5867,0.0000,1,
47.2202,210.7300,BASELINE_COLLECTION,STANCE,0.1972,-126.700,-380.700,-126.700,0.0000,0.0000,0.5710,0.0000,0.5710,0.0000,1,
47.2281,210.7400,BASELINE_COLLECTION,STANCE,0.2071,-130.300,-349.800,-130.300,0.0000,0.0000,0.5247,0.0000,0.5247,0.0000,1,
47.2402,210.7500,BASELINE_COLLECTION,STANCE,0.2170,-133.600,-317.100,-133.600,0.0000,0.0000,0.4757,0.0000,0.4757,0.0000,1,
47.2482,210.7600,BASELINE_COLLECTION,STANCE,0.2268,-136.500,-276.500,-136.500,0.0000,0.0000,0.4148,0.0000,0.4148,0.0000,1,
47.2602,210.7700,BASELINE_COLLECTION,STANCE,0.2367,-138.900,-230.800,-138.900,0.0000,0.0000,0.3462,0.0000,0.3462,0.0000,1,
47.2681,210.7800,BASELINE_COLLECTION,STANCE,0.2465,-141.100,-181.300,-141.100,0.0000,0.0000,0.2720,0.0000,0.2720,0.0000,1,
47.2802,210.7900,BASELINE_COLLECTION,SWING,0.0096,-142.600,-135.000,-142.600,0.0302,0.0000,0.2025,0.0000,0.2025,0.0000,1,
47.2882,210.8000,BASELINE_COLLECTION,SWING,0.0244,-143.600,-86.900,-143.600,0.0766,0.0000,0.1304,0.0000,0.1304,0.0000,1,
47.3001,210.8100,BASELINE_COLLECTION,SWING,0.0392,-144.100,-37.600,-144.100,0.1228,0.0000,0.0564,0.0000,0.0564,0.0000,1,
47.3082,210.8200,BASELINE_COLLECTION,SWING,0.0540,-144.200,8.700,-144.200,0.1688,0.0000,-0.0130,0.0000,-0.0130,0.0000,0,
47.3202,210.8300,BASELINE_COLLECTION,SWING,0.0688,-143.900,37.700,-143.900,0.2144,0.0000,-0.0566,0.0000,-0.0566,0.0000,0,
47.3282,210.8400,BASELINE_COLLECTION,SWING,0.0836,-143.300,63.500,-143.300,0.2596,0.0000,-0.0953,0.0000,-0.0953,0.0000,0,
47.3402,210.8500,BASELINE_COLLECTION,SWING,0.0984,-142.500,90.800,-142.500,0.3042,0.0000,-0.1362,0.0000,-0.1362,0.0000,0,
47.3483,210.8600,BASELINE_COLLECTION,SWING,0.1132,-141.300,118.900,-141.300,0.3481,0.0000,-0.1784,0.0000,-0.1784,0.0000,0,
47.3602,210.8700,BASELINE_COLLECTION,SWING,0.1280,-139.900,143.300,-139.900,0.3913,0.0000,-0.2150,0.0000,-0.2150,0.0000,0,
47.3680,210.8800,BASELINE_COLLECTION,SWING,0.1428,-138.300,168.500,-138.300,0.4336,0.0000,-0.2528,0.0000,-0.2528,0.0000,0,
47.3800,210.8900,BASELINE_COLLECTION,SWING,0.1575,-136.500,195.100,-136.500,0.4750,0.0000,-0.2927,0.0000,-0.2927,0.0000,0,
47.3882,210.9000,BASELINE_COLLECTION,SWING,0.1723,-134.300,221.300,-134.300,0.5153,0.0000,-0.3320,0.0000,-0.3320,0.0000,0,
47.4002,210.9100,BASELINE_COLLECTION,SWING,0.1871,-132.000,243.000,-132.000,0.5546,0.0000,-0.3645,0.0000,-0.3645,0.0000,0,
47.4082,210.9200,BASELINE_COLLECTION,SWING,0.2019,-129.400,263.900,-129.400,0.5927,0.0000,-0.3958,0.0000,-0.3958,0.0000,0,
47.4202,210.9300,BASELINE_COLLECTION,SWING,0.2167,-126.600,291.600,-126.600,0.6294,0.0000,-0.4374,0.0000,-0.4374,0.0000,0,
47.4282,210.9400,BASELINE_COLLECTION,SWING,0.2315,-123.500,316.600,-123.500,0.6649,0.0000,-0.4749,0.0000,-0.4749,0.0000,0,
47.4401,210.9500,BASELINE_COLLECTION,SWING,0.2463,-120.200,335.500,-120.200,0.6988,0.0000,-0.5032,0.0000,-0.5032,0.0000,0,
47.4482,210.9600,BASELINE_COLLECTION,SWING,0.2611,-116.700,356.400,-116.700,0.7313,0.0000,-0.5346,0.0000,-0.5346,0.0000,0,
47.4602,210.9700,BASELINE_COLLECTION,SWING,0.2759,-112.900,378.000,-112.900,0.7622,0.0000,-0.5670,0.0000,-0.5670,0.0000,0,
47.4682,210.9800,BASELINE_COLLECTION,SWING,0.2907,-109.000,403.300,-109.000,0.7915,0.0000,-0.6049,0.0000,-0.6049,0.0000,0,
47.4802,210.9900,BASELINE_COLLECTION,SWING,0.3055,-104.800,426.100,-104.800,0.8190,0.0000,-0.6391,0.0000,-0.6391,0.0000,0,
47.4882,211.0000,BASELINE_COLLECTION,SWING,0.3203,-102.800,434.500,-102.800,0.8448,0.0000,-0.6518,0.0000,-0.6518,0.0000,0,
47.5002,211.0100,BASELINE_COLLECTION,SWING,0.3351,-96.100,468.100,-96.100,0.8687,0.0000,-0.7022,0.0000,-0.7022,0.0000,0,
47.5082,211.0200,BASELINE_COLLECTION,SWING,0.3499,-91.200,483.800,-91.200,0.8908,0.0000,-0.7257,0.0000,-0.7257,0.0000,0,
47.5202,211.0300,BASELINE_COLLECTION,SWING,0.3646,-86.200,508.600,-86.200,0.9109,0.0000,-0.7629,0.0000,-0.7629,0.0000,0,
47.5282,211.0400,BASELINE_COLLECTION,SWING,0.3794,-81.000,518.500,-81.000,0.9291,0.0000,-0.7778,0.0000,-0.7778,0.0000,0,
47.5402,211.0500,BASELINE_COLLECTION,SWING,0.3942,-75.900,530.700,-75.900,0.9453,0.0000,-0.7961,0.0000,-0.7961,0.0000,0,
47.5482,211.0600,BASELINE_COLLECTION,SWING,0.4090,-70.200,547.800,-70.200,0.9594,0.0000,-0.8217,0.0000,-0.8217,0.0000,0,
47.5602,211.0700,BASELINE_COLLECTION,SWING,0.4238,-64.700,558.500,-64.700,0.9715,0.0000,-0.8377,0.0000,-0.8377,0.0000,0,
47.5682,211.0800,BASELINE_COLLECTION,SWING,0.4386,-59.000,581.100,-59.000,0.9815,0.0000,-0.8717,0.0000,-0.8717,0.0000,0,
47.5802,211.0900,BASELINE_COLLECTION,SWING,0.4534,-53.000,600.300,-53.000,0.9893,0.0000,-0.9004,0.0000,-0.9004,0.0000,0,
47.5882,211.1000,BASELINE_COLLECTION,SWING,0.4682,-47.000,620.600,-47.000,0.9950,0.0000,-0.9309,0.0000,-0.9309,0.0000,0,
47.6002,211.1100,BASELINE_COLLECTION,SWING,0.4830,-41.200,620.300,-41.200,0.9986,0.0000,-0.9304,0.0000,-0.9304,0.0000,0,
47.6082,211.1200,BASELINE_COLLECTION,SWING,0.4978,-34.500,608.600,-34.500,1.0000,0.0000,-0.9129,0.0000,-0.9129,0.0000,0,
47.6202,211.1300,BASELINE_COLLECTION,SWING,0.5126,-28.700,566.000,-28.700,0.9992,0.0000,-0.8490,0.0000,-0.8490,0.0000,0,
47.6282,211.1400,BASELINE_COLLECTION,SWING,0.5274,-23.300,500.300,-23.300,0.9963,0.0000,-0.7505,0.0000,-0.7505,0.0000,0,
47.6402,211.1500,BASELINE_COLLECTION,SWING,0.5422,-19.000,414.600,-19.000,0.9912,0.0000,-0.6219,0.0000,-0.6219,0.0000,0,
47.6482,211.1600,BASELINE_COLLECTION,SWING,0.5570,-15.500,335.000,-15.500,0.9840,0.0000,-0.5025,0.0000,-0.5025,0.0000,0,
47.6602,211.1700,BASELINE_COLLECTION,SWING,0.5717,-12.600,246.600,-12.600,0.9747,0.0000,-0.3699,0.0000,-0.3699,0.0000,0,
47.6682,211.1800,BASELINE_COLLECTION,SWING,0.5865,-10.700,167.900,-10.700,0.9633,0.0000,-0.2519,0.0000,-0.2519,0.0000,0,
47.6801,211.1900,BASELINE_COLLECTION,SWING,0.6013,-9.500,108.000,-9.500,0.9498,0.0000,-0.1620,0.0000,-0.1620,0.0000,0,
47.6882,211.2000,BASELINE_COLLECTION,SWING,0.6161,-8.700,60.700,-8.700,0.9342,0.0000,-0.0911,0.0000,-0.0911,0.0000,0,
47.7002,211.2100,BASELINE_COLLECTION,SWING,0.6309,-8.400,20.300,-8.400,0.9166,0.0000,-0.0305,0.0000,-0.0305,0.0000,0,
47.7082,211.2200,BASELINE_COLLECTION,SWING,0.6457,-8.400,-2.900,-8.400,0.8970,0.0000,0.0043,0.0000,0.0043,0.0000,1,
47.7202,211.2300,BASELINE_COLLECTION,SWING,0.6605,-8.400,-4.200,-8.400,0.8755,0.0000,0.0063,0.0000,0.0063,0.0000,1,
47.7283,211.2400,BASELINE_COLLECTION,SWING,0.6753,-8.500,-5.000,-8.500,0.8522,0.0000,0.0075,0.0000,0.0075,0.0000,1,
47.7403,211.2500,BASELINE_COLLECTION,SWING,0.6901,-8.500,-7.900,-8.500,0.8269,0.0000,0.0119,0.0000,0.0119,0.0000,1,
47.7483,211.2600,BASELINE_COLLECTION,SWING,0.7049,-8.600,-9.100,-8.600,0.7999,0.0000,0.0136,0.0000,0.0136,0.0000,1,
47.7603,211.2700,BASELINE_COLLECTION,SWING,0.7197,-8.800,-14.400,-8.800,0.7712,0.0000,0.0216,0.0000,0.0216,0.0000,1,
47.7682,211.2800,BASELINE_COLLECTION,SWING,0.7345,-8.900,-19.300,-8.900,0.7408,0.0000,0.0290,0.0000,0.0290,0.0000,1,
47.7802,211.2900,BASELINE_COLLECTION,SWING,0.7493,-9.200,-27.500,-9.200,0.7087,0.0000,0.0413,0.0000,0.0413,0.0000,1,
47.7883,211.3000,BASELINE_COLLECTION,SWING,0.7641,-9.500,-38.100,-9.500,0.6752,0.0000,0.0572,0.0000,0.0572,0.0000,1,
47.8002,211.3100,BASELINE_COLLECTION,SWING,0.7788,-10.000,-53.900,-10.000,0.6402,0.0000,0.0809,0.0000,0.0809,0.0000,1,
47.8082,211.3200,BASELINE_COLLECTION,SWING,0.7936,-10.700,-68.900,-10.700,0.6038,0.0000,0.1034,0.0000,0.1034,0.0000,1,
47.8203,211.3300,BASELINE_COLLECTION,SWING,0.8084,-11.400,-79.800,-11.400,0.5662,0.0000,0.1197,0.0000,0.1197,0.0000,1,
47.8283,211.3400,BASELINE_COLLECTION,SWING,0.8232,-12.200,-79.700,-12.200,0.5272,0.0000,0.1196,0.0000,0.1196,0.0000,1,
47.8403,211.3500,BASELINE_COLLECTION,SWING,0.8380,-13.000,-66.600,-13.000,0.4872,0.0000,0.0999,0.0000,0.0999,0.0000,1,
47.8481,211.3600,BASELINE_COLLECTION,SWING,0.8528,-13.500,-42.400,-13.500,0.4461,0.0000,0.0636,0.0000,0.0636,0.0000,1,
47.8603,211.3700,BASELINE_COLLECTION,SWING,0.8676,-13.700,-19.600,-13.700,0.4040,0.0000,0.0294,0.0000,0.0294,0.0000,1,
47.8682,211.3800,BASELINE_COLLECTION,SWING,0.8824,-13.800,-6.800,-13.800,0.3611,0.0000,0.0102,0.0000,0.0102,0.0000,1,
47.8803,211.3900,BASELINE_COLLECTION,SWING,0.8972,-13.900,-5.400,-13.900,0.3174,0.0000,0.0081,0.0000,0.0081,0.0000,1,
47.8883,211.4000,BASELINE_COLLECTION,SWING,0.9120,-13.900,-10.100,-13.900,0.2730,0.0000,0.0152,0.0000,0.0152,0.0000,1,
47.9003,211.4100,BASELINE_COLLECTION,SWING,0.9268,-14.100,-23.200,-14.100,0.2280,0.0000,0.0348,0.0000,0.0348,0.0000,1,
47.9083,211.4200,BASELINE_COLLECTION,SWING,0.9416,-14.500,-41.200,-14.500,0.1825,0.0000,0.0618,0.0000,0.0618,0.0000,1,
47.9203,211.4300,BASELINE_COLLECTION,SWING,0.9564,-15.000,-61.000,-15.000,0.1367,0.0000,0.0915,0.0000,0.0915,0.0000,1,
47.9323,211.4400,BASELINE_COLLECTION,SWING,0.9712,-15.800,-83.400,-15.800,0.0905,0.0000,0.1251,0.0000,0.1251,0.0000,1,
47.9403,211.4500,BASELINE_COLLECTION,SWING,0.9859,-16.800,-105.700,-16.800,0.0441,0.0000,0.1585,0.0000,0.1585,0.0000,1,
47.9523,211.4600,BASELINE_COLLECTION,STANCE,0.2505,-18.000,-123.600,-18.000,0.0000,0.0000,0.1854,0.0000,0.1854,0.0000,1,
47.9603,211.4700,BASELINE_COLLECTION,STANCE,0.2604,-19.300,-139.000,-19.300,0.0000,0.0000,0.2085,0.0000,0.2085,0.0000,1,
47.9723,211.4800,BASELINE_COLLECTION,STANCE,0.2702,-20.800,-149.000,-20.800,0.0000,0.0000,0.2235,0.0000,0.2235,0.0000,1,
47.9801,211.4900,BASELINE_COLLECTION,STANCE,0.2801,-22.300,-156.000,-22.300,0.0000,0.0000,0.2340,0.0000,0.2340,0.0000,1,
47.9923,211.5000,BASELINE_COLLECTION,STANCE,0.2899,-23.900,-156.300,-23.900,0.0000,0.0000,0.2345,0.0000,0.2345,0.0000,1,
48.0003,211.5100,BASELINE_COLLECTION,STANCE,0.2998,-25.400,-149.600,-25.400,0.0000,0.0000,0.2244,0.0000,0.2244,0.0000,1,
48.0123,211.5200,BASELINE_COLLECTION,STANCE,0.3097,-26.800,-136.600,-26.800,0.0000,0.0000,0.2049,0.0000,0.2049,0.0000,1,
48.0203,211.5300,BASELINE_COLLECTION,STANCE,0.3195,-28.100,-119.200,-28.100,0.0000,0.0000,0.1788,0.0000,0.1788,0.0000,1,
48.0323,211.5400,BASELINE_COLLECTION,STANCE,0.3294,-29.100,-97.600,-29.100,0.0000,0.0000,0.1464,0.0000,0.1464,0.0000,1,
48.0403,211.5500,BASELINE_COLLECTION,STANCE,0.3393,-29.900,-73.000,-29.900,0.0000,0.0000,0.1095,0.0000,0.1095,0.0000,1,
48.0523,211.5600,BASELINE_COLLECTION,STANCE,0.3491,-30.500,-44.500,-30.500,0.0000,0.0000,0.0668,0.0000,0.0668,0.0000,1,
48.0602,211.5700,BASELINE_COLLECTION,STANCE,0.3590,-30.700,-15.700,-30.700,0.0000,0.0000,0.0235,0.0000,0.0235,0.0000,1,
48.0721,211.5800,BASELINE_COLLECTION,STANCE,0.3688,-30.700,6.800,-30.700,0.0000,0.0000,-0.0102,0.0000,-0.0102,0.0000,0,
48.0803,211.5900,BASELINE_COLLECTION,STANCE,0.3787,-30.600,6.600,-30.600,0.0000,0.0000,-0.0099,0.0000,-0.0099,0.0000,0,
48.0922,211.6000,BASELINE_COLLECTION,STANCE,0.3886,-30.600,-2.200,-30.600,0.0000,0.0000,0.0033,0.0000,0.0033,0.0000,1,
48.1043,211.6100,BASELINE_COLLECTION,STANCE,0.3984,-30.600,0.500,-30.600,0.0000,0.0000,-0.0008,0.0000,-0.0008,0.0000,0,
48.1122,211.6300,BASELINE_COLLECTION,STANCE,0.4181,-30.600,-2.500,-30.600,0.0000,0.0000,0.0037,0.0000,0.0037,0.0000,1,
48.1243,211.6400,BASELINE_COLLECTION,STANCE,0.4280,-30.700,-3.500,-30.700,0.0000,0.0000,0.0053,0.0000,0.0053,0.0000,1,
48.1323,211.6500,BASELINE_COLLECTION,STANCE,0.4379,-30.700,-5.400,-30.700,0.0000,0.0000,0.0081,0.0000,0.0081,0.0000,1,
48.1443,211.6600,BASELINE_COLLECTION,STANCE,0.4477,-30.800,-12.800,-30.800,0.0000,0.0000,0.0192,0.0000,0.0192,0.0000,1,
48.1523,211.6700,BASELINE_COLLECTION,STANCE,0.4576,-31.000,-24.700,-31.000,0.0000,0.0000,0.0370,0.0000,0.0370,0.0000,1,
48.1643,211.6800,BASELINE_COLLECTION,STANCE,0.4675,-31.300,-34.600,-31.300,0.0000,0.0000,0.0519,0.0000,0.0519,0.0000,1,
48.1723,211.6900,BASELINE_COLLECTION,STANCE,0.4773,-31.700,-43.400,-31.700,0.0000,0.0000,0.0651,0.0000,0.0651,0.0000,1,
48.1842,211.7000,BASELINE_COLLECTION,STANCE,0.4872,-32.300,-53.400,-32.300,0.0000,0.0000,0.0801,0.0000,0.0801,0.0000,1,
48.1922,211.7100,BASELINE_COLLECTION,STANCE,0.4970,-32.900,-60.100,-32.900,0.0000,0.0000,0.0902,0.0000,0.0902,0.0000,1,
48.2042,211.7200,BASELINE_COLLECTION,STANCE,0.5069,-33.500,-63.800,-33.500,0.0000,0.0000,0.0957,0.0000,0.0957,0.0000,1,
48.2122,211.7300,BASELINE_COLLECTION,STANCE,0.5168,-34.100,-67.700,-34.100,0.0000,0.0000,0.1016,0.0000,0.1016,0.0000,1,
48.2243,211.7400,BASELINE_COLLECTION,STANCE,0.5266,-34.900,-70.900,-34.900,0.0000,0.0000,0.1064,0.0000,0.1064,0.0000,1,
48.2323,211.7500,BASELINE_COLLECTION,STANCE,0.5365,-35.600,-69.900,-35.600,0.0000,0.0000,0.1049,0.0000,0.1049,0.0000,1,
48.2442,211.7600,BASELINE_COLLECTION,STANCE,0.5464,-36.200,-66.500,-36.200,0.0000,0.0000,0.0998,0.0000,0.0998,0.0000,1,
48.2522,211.7700,BASELINE_COLLECTION,STANCE,0.5562,-36.900,-61.800,-36.900,0.0000,0.0000,0.0927,0.0000,0.0927,0.0000,1,
48.2642,211.7800,BASELINE_COLLECTION,STANCE,0.5661,-37.500,-58.300,-37.500,0.0000,0.0000,0.0874,0.0000,0.0874,0.0000,1,
48.2721,211.7900,BASELINE_COLLECTION,STANCE,0.5759,-38.000,-51.200,-38.000,0.0000,0.0000,0.0768,0.0000,0.0768,0.0000,1,
48.2843,211.8000,BASELINE_COLLECTION,STANCE,0.5858,-38.400,-42.000,-38.400,0.0000,0.0000,0.0630,0.0000,0.0630,0.0000,1,
48.2922,211.8100,BASELINE_COLLECTION,STANCE,0.5957,-38.800,-35.200,-38.800,0.0000,0.0000,0.0528,0.0000,0.0528,0.0000,1,
48.3042,211.8200,BASELINE_COLLECTION,STANCE,0.6055,-39.100,-30.100,-39.100,0.0000,0.0000,0.0452,0.0000,0.0452,0.0000,1,
48.3122,211.8300,BASELINE_COLLECTION,STANCE,0.6154,-39.400,-24.700,-39.400,0.0000,0.0000,0.0370,0.0000,0.0370,0.0000,1,
48.3242,211.8400,BASELINE_COLLECTION,STANCE,0.6252,-39.600,-20.600,-39.600,0.0000,0.0000,0.0309,0.0000,0.0309,0.0000,1,
48.3322,211.8500,BASELINE_COLLECTION,STANCE,0.6351,-39.800,-19.300,-39.800,0.0000,0.0000,0.0290,0.0000,0.0290,0.0000,1,
48.3442,211.8600,BASELINE_COLLECTION,STANCE,0.6450,-40.000,-15.600,-40.000,0.0000,0.0000,0.0234,0.0000,0.0234,0.0000,1,
48.3522,211.8700,BASELINE_COLLECTION,STANCE,0.6548,-40.100,-17.400,-40.100,0.0000,0.0000,0.0261,0.0000,0.0261,0.0000,1,
48.3641,211.8800,BASELINE_COLLECTION,STANCE,0.6647,-40.300,-20.200,-40.300,0.0000,0.0000,0.0303,0.0000,0.0303,0.0000,1,
48.3720,211.8900,BASELINE_COLLECTION,STANCE,0.6746,-40.500,-19.100,-40.500,0.0000,0.0000,0.0287,0.0000,0.0287,0.0000,1,
48.3842,211.9000,BASELINE_COLLECTION,STANCE,0.6844,-40.700,-20.100,-40.700,0.0000,0.0000,0.0302,0.0000,0.0302,0.0000,1,
48.3922,211.9100,BASELINE_COLLECTION,STANCE,0.6943,-40.900,-22.900,-40.900,0.0000,0.0000,0.0343,0.0000,0.0343,0.0000,1,
48.4042,211.9200,BASELINE_COLLECTION,STANCE,0.7041,-41.200,-30.500,-41.200,0.0000,0.0000,0.0457,0.0000,0.0457,0.0000,1,
48.4123,211.9300,BASELINE_COLLECTION,STANCE,0.7140,-41.600,-40.500,-41.600,0.0000,0.0000,0.0607,0.0000,0.0607,0.0000,1,
48.4242,211.9400,BASELINE_COLLECTION,STANCE,0.7239,-42.100,-51.100,-42.100,0.0000,0.0000,0.0767,0.0000,0.0767,0.0000,1,
48.4322,211.9500,BASELINE_COLLECTION,STANCE,0.7337,-42.700,-61.900,-42.700,0.0000,0.0000,0.0929,0.0000,0.0929,0.0000,1,
48.4442,211.9600,BASELINE_COLLECTION,STANCE,0.7436,-43.400,-71.000,-43.400,0.0000,0.0000,0.1065,0.0000,0.1065,0.0000,1,
48.4523,211.9700,BASELINE_COLLECTION,STANCE,0.7535,-44.100,-79.500,-44.100,0.0000,0.0000,0.1193,0.0000,0.1193,0.0000,1,
48.4641,211.9800,BASELINE_COLLECTION,STANCE,0.7633,-45.000,-89.500,-45.000,0.0000,0.0000,0.1343,0.0000,0.1343,0.0000,1,
48.4723,211.9900,BASELINE_COLLECTION,STANCE,0.7732,-46.000,-100.200,-46.000,0.0000,0.0000,0.1503,0.0000,0.1503,0.0000,1,
48.4842,212.0000,BASELINE_COLLECTION,STANCE,0.7830,-46.400,-103.700,-46.400,0.0000,0.0000,0.1555,0.0000,0.1555,0.0000,1,
48.4923,212.0100,BASELINE_COLLECTION,STANCE,0.7929,-48.200,-117.800,-48.200,0.0000,0.0000,0.1767,0.0000,0.1767,0.0000,1,
48.5041,212.0200,BASELINE_COLLECTION,STANCE,0.8028,-49.400,-129.800,-49.400,0.0000,0.0000,0.1947,0.0000,0.1947,0.0000,1,
48.5122,212.0300,BASELINE_COLLECTION,STANCE,0.8126,-50.800,-141.900,-50.800,0.0000,0.0000,0.2129,0.0000,0.2129,0.0000,1,
48.5242,212.0400,BASELINE_COLLECTION,STANCE,0.8225,-52.300,-153.900,-52.300,0.0000,0.0000,0.2308,0.0000,0.2308,0.0000,1,
48.5322,212.0500,BASELINE_COLLECTION,STANCE,0.8323,-53.900,-166.900,-53.900,0.0000,0.0000,0.2504,0.0000,0.2504,0.0000,1,
48.5442,212.0600,BASELINE_COLLECTION,STANCE,0.8422,-55.700,-181.400,-55.700,0.0000,0.0000,0.2721,0.0000,0.2721,0.0000,1,
48.5523,212.0700,BASELINE_COLLECTION,STANCE,0.8521,-57.600,-198.800,-57.600,0.0000,0.0000,0.2982,0.0000,0.2982,0.0000,1,
48.5641,212.0800,BASELINE_COLLECTION,STANCE,0.8619,-59.800,-219.000,-59.800,0.0000,0.0000,0.3285,0.0000,0.3285,0.0000,1,
48.5722,212.0900,BASELINE_COLLECTION,STANCE,0.8718,-62.100,-237.600,-62.100,0.0000,0.0000,0.3564,0.0000,0.3564,0.0000,1,
48.5842,212.1000,BASELINE_COLLECTION,STANCE,0.8817,-64.600,-256.200,-64.600,0.0000,0.0000,0.3843,0.0000,0.3843,0.0000,1,
48.5921,212.1100,BASELINE_COLLECTION,STANCE,0.8915,-67.300,-279.900,-67.300,0.0000,0.0000,0.4199,0.0000,0.4199,0.0000,1,
48.6042,212.1200,BASELINE_COLLECTION,STANCE,0.9014,-70.300,-310.600,-70.300,0.0000,0.0000,0.4659,0.0000,0.4659,0.0000,1,
48.6123,212.1300,BASELINE_COLLECTION,STANCE,0.0000,-73.600,-339.700,-73.600,0.0000,0.0000,0.5095,0.0000,0.5095,0.0000,1,
48.6240,212.1400,BASELINE_COLLECTION,STANCE,0.0104,-77.200,-370.400,-77.200,0.0000,0.0000,0.5556,0.0000,0.5556,0.0000,1,
48.6322,212.1500,BASELINE_COLLECTION,STANCE,0.0208,-81.100,-400.700,-81.100,0.0000,0.0000,0.6010,0.0000,0.6010,0.0000,1,
48.6441,212.1600,BASELINE_COLLECTION,STANCE,0.0313,-85.300,-424.400,-85.300,0.0000,0.0000,0.6366,0.0000,0.6366,0.0000,1,
48.6522,212.1700,BASELINE_COLLECTION,STANCE,0.0417,-89.700,-440.800,-89.700,0.0000,0.0000,0.6612,0.0000,0.6612,0.0000,1,
48.6641,212.1800,BASELINE_COLLECTION,STANCE,0.0521,-94.100,-437.400,-94.100,0.0000,0.0000,0.6561,0.0000,0.6561,0.0000,1,
48.6722,212.1900,BASELINE_COLLECTION,STANCE,0.0625,-98.500,-437.500,-98.500,0.0000,0.0000,0.6562,0.0000,0.6562,0.0000,1,
48.6842,212.2000,BASELINE_COLLECTION,STANCE,0.0729,-102.800,-424.900,-102.800,0.0000,0.0000,0.6373,0.0000,0.6373,0.0000,1,
48.6923,212.2100,BASELINE_COLLECTION,STANCE,0.0833,-106.900,-414.600,-106.900,0.0000,0.0000,0.6219,0.0000,0.6219,0.0000,1,
48.7042,212.2200,BASELINE_COLLECTION,STANCE,0.0938,-111.000,-395.400,-111.000,0.0000,0.0000,0.5931,0.0000,0.5931,0.0000,1,
48.7123,212.2300,BASELINE_COLLECTION,STANCE,0.1042,-114.800,-371.600,-114.800,0.0000,0.0000,0.5574,0.0000,0.5574,0.0000,1,
48.7242,212.2400,BASELINE_COLLECTION,STANCE,0.1146,-118.300,-343.800,-118.300,0.0000,0.0000,0.5157,0.0000,0.5157,0.0000,1,
48.7323,212.2500,BASELINE_COLLECTION,STANCE,0.1250,-121.500,-307.700,-121.500,0.0000,0.0000,0.4616,0.0000,0.4616,0.0000,1,
48.7442,212.2600,BASELINE_COLLECTION,STANCE,0.1354,-124.300,-266.900,-124.300,0.0000,0.0000,0.4003,0.0000,0.4003,0.0000,1,
48.7523,212.2700,BASELINE_COLLECTION,STANCE,0.1458,-126.600,-219.600,-126.600,0.0000,0.0000,0.3294,0.0000,0.3294,0.0000,1,
48.7642,212.2800,BASELINE_COLLECTION,STANCE,0.1563,-128.500,-171.100,-128.500,0.0000,0.0000,0.2566,0.0000,0.2566,0.0000,1,
48.7723,212.2900,BASELINE_COLLECTION,STANCE,0.1667,-129.900,-124.300,-129.900,0.0000,0.0000,0.1865,0.0000,0.1865,0.0000,1,
48.7842,212.3000,BASELINE_COLLECTION,STANCE,0.1771,-130.800,-77.100,-130.800,0.0000,0.0000,0.1156,0.0000,0.1156,0.0000,1,
48.7922,212.3100,BASELINE_COLLECTION,STANCE,0.1875,-131.200,-31.900,-131.200,0.0000,0.0000,0.0478,0.0000,0.0478,0.0000,1,
48.8041,212.3200,BASELINE_COLLECTION,STANCE,0.1979,-131.300,9.500,-131.300,0.0000,0.0000,-0.0143,0.0000,-0.0143,0.0000,0,
48.8123,212.3300,BASELINE_COLLECTION,STANCE,0.2083,-131.000,38.000,-131.000,0.0000,0.0000,-0.0570,0.0000,-0.0570,0.0000,0,
48.8243,212.3400,BASELINE_COLLECTION,STANCE,0.2188,-130.400,62.700,-130.400,0.0000,0.0000,-0.0941,0.0000,-0.0941,0.0000,0,
48.8323,212.3500,BASELINE_COLLECTION,STANCE,0.2292,-129.600,88.700,-129.600,0.0000,0.0000,-0.1331,0.0000,-0.1331,0.0000,0,
48.8443,212.3600,BASELINE_COLLECTION,STANCE,0.2396,-128.500,113.600,-128.500,0.0000,0.0000,-0.1704,0.0000,-0.1704,0.0000,0,
48.8523,212.3700,BASELINE_COLLECTION,SWING,0.0000,-127.200,139.300,-127.200,0.0000,0.0000,-0.2090,0.0000,-0.2090,0.0000,0,
48.8643,212.3800,BASELINE_COLLECTION,SWING,0.0156,-125.700,164.200,-125.700,0.0491,0.0000,-0.2463,0.0000,-0.2463,0.0000,0,
48.8723,212.3900,BASELINE_COLLECTION,SWING,0.0312,-123.900,187.600,-123.900,0.0980,0.0000,-0.2814,0.0000,-0.2814,0.0000,0,
48.8842,212.4000,BASELINE_COLLECTION,SWING,0.0469,-121.800,210.300,-121.800,0.1467,0.0000,-0.3155,0.0000,-0.3155,0.0000,0,
48.8922,212.4100,BASELINE_COLLECTION,SWING,0.0625,-119.600,232.000,-119.600,0.1951,0.0000,-0.3480,0.0000,-0.3480,0.0000,0,
48.9042,212.4200,BASELINE_COLLECTION,SWING,0.0781,-117.100,254.000,-117.100,0.2430,0.0000,-0.3810,0.0000,-0.3810,0.0000,0,
48.9123,212.4300,BASELINE_COLLECTION,SWING,0.0938,-114.400,276.600,-114.400,0.2903,0.0000,-0.4149,0.0000,-0.4149,0.0000,0,
48.9243,212.4400,BASELINE_COLLECTION,SWING,0.1094,-111.500,298.500,-111.500,0.3369,0.0000,-0.4478,0.0000,-0.4478,0.0000,0,
48.9322,212.4500,BASELINE_COLLECTION,SWING,0.1250,-108.300,324.700,-108.300,0.3827,0.0000,-0.4870,0.0000,-0.4870,0.0000,0,
48.9443,212.4600,BASELINE_COLLECTION,SWING,0.1406,-104.900,346.400,-104.900,0.4276,0.0000,-0.5196,0.0000,-0.5196,0.0000,0,
48.9523,212.4700,BASELINE_COLLECTION,SWING,0.1563,-101.300,366.200,-101.300,0.4714,0.0000,-0.5493,0.0000,-0.5493,0.0000,0,
48.9642,212.4800,BASELINE_COLLECTION,SWING,0.1719,-97.500,392.600,-97.500,0.5141,0.0000,-0.5889,0.0000,-0.5889,0.0000,0,
48.9722,212.4900,BASELINE_COLLECTION,SWING,0.1875,-93.400,410.100,-93.400,0.5556,0.0000,-0.6152,0.0000,-0.6152,0.0000,0,
48.9842,212.5000,BASELINE_COLLECTION,SWING,0.2031,-89.100,434.600,-89.100,0.5957,0.0000,-0.6519,0.0000,-0.6519,0.0000,0,
48.9923,212.5100,BASELINE_COLLECTION,SWING,0.2187,-84.700,453.200,-84.700,0.6344,0.0000,-0.6798,0.0000,-0.6798,0.0000,0,
49.0042,212.5200,BASELINE_COLLECTION,SWING,0.2344,-80.000,465.900,-80.000,0.6716,0.0000,-0.6988,0.0000,-0.6988,0.0000,0,
49.0122,212.5300,BASELINE_COLLECTION,SWING,0.2500,-75.300,479.200,-75.300,0.7071,0.0000,-0.7188,0.0000,-0.7188,0.0000,0,
49.0242,212.5400,BASELINE_COLLECTION,SWING,0.2656,-70.300,502.000,-70.300,0.7410,0.0000,-0.7530,0.0000,-0.7530,0.0000,0,
49.0323,212.5500,BASELINE_COLLECTION,SWING,0.2813,-65.200,518.000,-65.200,0.7730,0.0000,-0.7770,0.0000,-0.7770,0.0000,0,
49.0442,212.5600,BASELINE_COLLECTION,SWING,0.2969,-59.900,539.800,-59.900,0.8032,0.0000,-0.8097,0.0000,-0.8097,0.0000,0,
49.0522,212.5700,BASELINE_COLLECTION,SWING,0.3125,-54.400,550.600,-54.400,0.8315,0.0000,-0.8259,0.0000,-0.8259,0.0000,0,
49.0641,212.5800,BASELINE_COLLECTION,SWING,0.3281,-48.800,564.800,-48.800,0.8577,0.0000,-0.8472,0.0000,-0.8472,0.0000,0,
49.0721,212.5900,BASELINE_COLLECTION,SWING,0.3438,-43.200,553.800,-43.200,0.8819,0.0000,-0.8307,0.0000,-0.8307,0.0000,0,
49.0840,212.6000,BASELINE_COLLECTION,SWING,0.3594,-37.700,541.700,-37.700,0.9040,0.0000,-0.8126,0.0000,-0.8126,0.0000,0,
49.0922,212.6100,BASELINE_COLLECTION,SWING,0.3750,-32.500,520.400,-32.500,0.9239,0.0000,-0.7806,0.0000,-0.7806,0.0000,0,
49.1043,212.6200,BASELINE_COLLECTION,SWING,0.3906,-27.600,465.000,-27.600,0.9415,0.0000,-0.6975,0.0000,-0.6975,0.0000,0,
49.1123,212.6300,BASELINE_COLLECTION,SWING,0.4063,-23.400,399.600,-23.400,0.9569,0.0000,-0.5994,0.0000,-0.5994,0.0000,0,
49.1242,212.6400,BASELINE_COLLECTION,SWING,0.4219,-19.900,328.200,-19.900,0.9700,0.0000,-0.4923,0.0000,-0.4923,0.0000,0,
49.1323,212.6500,BASELINE_COLLECTION,SWING,0.4375,-17.100,259.100,-17.100,0.9808,0.0000,-0.3887,0.0000,-0.3887,0.0000,0,
49.1442,212.6600,BASELINE_COLLECTION,SWING,0.4531,-15.000,192.300,-15.000,0.9892,0.0000,-0.2885,0.0000,-0.2885,0.0000,0,
49.1522,212.6700,BASELINE_COLLECTION,SWING,0.4687,-13.500,135.800,-13.500,0.9952,0.0000,-0.2037,0.0000,-0.2037,0.0000,0,
49.1642,212.6800,BASELINE_COLLECTION,SWING,0.4844,-12.500,85.000,-12.500,0.9988,0.0000,-0.1275,0.0000,-0.1275,0.0000,0,
49.1722,212.6900,BASELINE_COLLECTION,SWING,0.5000,-11.900,41.900,-11.900,1.0000,0.0000,-0.0629,0.0000,-0.0629,0.0000,0,
49.1842,212.7000,BASELINE_COLLECTION,SWING,0.5156,-11.700,9.500,-11.700,0.9988,0.0000,-0.0143,0.0000,-0.0143,0.0000,0,
49.1922,212.7100,BASELINE_COLLECTION,SWING,0.5313,-11.800,-5.700,-11.800,0.9952,0.0000,0.0086,0.0000,0.0086,0.0000,1,
49.2042,212.7200,BASELINE_COLLECTION,SWING,0.5469,-11.800,-2.400,-11.800,0.9892,0.0000,0.0036,0.0000,0.0036,0.0000,1,
49.2123,212.7300,BASELINE_COLLECTION,SWING,0.5625,-11.800,0.000,-11.800,0.9808,0.0000,0.0000,0.0000,0.0000,0.0000,0,
49.2242,212.7400,BASELINE_COLLECTION,SWING,0.5781,-11.800,-1.200,-11.800,0.9700,0.0000,0.0018,0.0000,0.0018,0.0000,1,
49.2322,212.7500,BASELINE_COLLECTION,SWING,0.5938,-11.800,-2.600,-11.800,0.9569,0.0000,0.0039,0.0000,0.0039,0.0000,1,
49.2442,212.7600,BASELINE_COLLECTION,SWING,0.6094,-11.900,-3.800,-11.900,0.9415,0.0000,0.0057,0.0000,0.0057,0.0000,1,
49.2523,212.7700,BASELINE_COLLECTION,SWING,0.6250,-11.900,-9.000,-11.900,0.9239,0.0000,0.0135,0.0000,0.0135,0.0000,1,
49.2642,212.7800,BASELINE_COLLECTION,SWING,0.6406,-12.100,-20.200,-12.100,0.9040,0.0000,0.0303,0.0000,0.0303,0.0000,1,
49.2723,212.7900,BASELINE_COLLECTION,SWING,0.6562,-12.400,-28.700,-12.400,0.8819,0.0000,0.0430,0.0000,0.0430,0.0000,1,
49.2842,212.8000,BASELINE_COLLECTION,SWING,0.6719,-12.700,-36.600,-12.700,0.8577,0.0000,0.0549,0.0000,0.0549,0.0000,1,
49.2923,212.8100,BASELINE_COLLECTION,SWING,0.6875,-13.100,-47.700,-13.100,0.8315,0.0000,0.0716,0.0000,0.0716,0.0000,1,
49.3042,212.8200,BASELINE_COLLECTION,SWING,0.7031,-13.700,-62.700,-13.700,0.8032,0.0000,0.0941,0.0000,0.0941,0.0000,1,
49.3123,212.8300,BASELINE_COLLECTION,SWING,0.7188,-14.500,-79.800,-14.500,0.7730,0.0000,0.1197,0.0000,0.1197,0.0000,1,
49.3241,212.8400,BASELINE_COLLECTION,SWING,0.7344,-15.400,-95.200,-15.400,0.7410,0.0000,0.1428,0.0000,0.1428,0.0000,1,
49.3362,212.8500,BASELINE_COLLECTION,SWING,0.7500,-16.400,-110.600,-16.400,0.7071,0.0000,0.1659,0.0000,0.1659,0.0000,1,
49.3441,212.8600,BASELINE_COLLECTION,SWING,0.7656,-17.700,-126.400,-17.700,0.6716,0.0000,0.1896,0.0000,0.1896,0.0000,1,
49.3562,212.8700,BASELINE_COLLECTION,SWING,0.7813,-19.000,-141.200,-19.000,0.6344,0.0000,0.2118,0.0000,0.2118,0.0000,1,
49.3641,212.8800,BASELINE_COLLECTION,SWING,0.7969,-20.500,-155.000,-20.500,0.5957,0.0000,0.2325,0.0000,0.2325,0.0000,1,
49.3763,212.8900,BASELINE_COLLECTION,SWING,0.8125,-22.200,-169.500,-22.200,0.5556,0.0000,0.2543,0.0000,0.2543,0.0000,1,
49.3842,212.9000,BASELINE_COLLECTION,SWING,0.8281,-24.000,-180.600,-24.000,0.5141,0.0000,0.2709,0.0000,0.2709,0.0000,1,
49.3962,212.9100,BASELINE_COLLECTION,SWING,0.8438,-25.800,-179.200,-25.800,0.4714,0.0000,0.2688,0.0000,0.2688,0.0000,1,
49.4043,212.9200,BASELINE_COLLECTION,SWING,0.8594,-27.500,-170.300,-27.500,0.4276,0.0000,0.2555,0.0000,0.2555,0.0000,1,
49.4162,212.9300,BASELINE_COLLECTION,SWING,0.8750,-29.100,-152.200,-29.100,0.3827,0.0000,0.2283,0.0000,0.2283,0.0000,1,
49.4242,212.9400,BASELINE_COLLECTION,SWING,0.8906,-30.400,-124.700,-30.400,0.3369,0.0000,0.1871,0.0000,0.1871,0.0000,1,
49.4363,212.9500,BASELINE_COLLECTION,SWING,0.9062,-31.500,-92.900,-31.500,0.2903,0.0000,0.1394,0.0000,0.1394,0.0000,1,
49.4443,212.9600,BASELINE_COLLECTION,SWING,0.9219,-32.200,-61.300,-32.200,0.2430,0.0000,0.0920,0.0000,0.0920,0.0000,1,
49.4563,212.9700,BASELINE_COLLECTION,SWING,0.9375,-32.600,-28.700,-32.600,0.1951,0.0000,0.0430,0.0000,0.0430,0.0000,1,
49.4643,212.9800,BASELINE_COLLECTION,SWING,0.9531,-32.600,-1.000,-32.600,0.1467,0.0000,0.0015,0.0000,0.0015,0.0000,1,
49.4763,212.9900,BASELINE_COLLECTION,SWING,0.9688,-32.600,5.900,-32.600,0.0980,0.0000,-0.0089,0.0000,-0.0089,0.0000,0,
49.4843,213.0000,BASELINE_COLLECTION,SWING,0.9844,-32.600,2.900,-32.600,0.0491,0.0000,-0.0043,0.0000,-0.0043,0.0000,0,
49.4963,213.0100,BASELINE_COLLECTION,SWING,1.0000,-32.600,-0.400,-32.600,0.0000,0.0000,0.0006,0.0000,0.0006,0.0000,1,
49.5043,213.0200,BASELINE_COLLECTION,STANCE,0.2604,-32.600,-0.800,-32.600,0.0000,0.0000,0.0012,0.0000,0.0012,0.0000,1,
49.5163,213.0300,BASELINE_COLLECTION,STANCE,0.2708,-32.600,-1.300,-32.600,0.0000,0.0000,0.0020,0.0000,0.0020,0.0000,1,
49.5242,213.0400,BASELINE_COLLECTION,STANCE,0.2812,-32.600,-1.000,-32.600,0.0000,0.0000,0.0015,0.0000,0.0015,0.0000,1,
49.5362,213.0500,BASELINE_COLLECTION,STANCE,0.2917,-32.600,-2.300,-32.600,0.0000,0.0000,0.0034,0.0000,0.0034,0.0000,1,
49.5442,213.0600,BASELINE_COLLECTION,STANCE,0.3021,-32.700,-2.700,-32.700,0.0000,0.0000,0.0041,0.0000,0.0041,0.0000,1,
49.5563,213.0700,BASELINE_COLLECTION,STANCE,0.3125,-32.700,-4.100,-32.700,0.0000,0.0000,0.0061,0.0000,0.0061,0.0000,1,
49.5682,213.0800,BASELINE_COLLECTION,STANCE,0.3229,-32.800,-8.800,-32.800,0.0000,0.0000,0.0132,0.0000,0.0132,0.0000,1,
49.5762,213.0900,BASELINE_COLLECTION,STANCE,0.3333,-32.900,-16.800,-32.900,0.0000,0.0000,0.0252,0.0000,0.0252,0.0000,1,
49.5883,213.1000,BASELINE_COLLECTION,STANCE,0.3438,-33.100,-27.200,-33.100,0.0000,0.0000,0.0408,0.0000,0.0408,0.0000,1,
49.5963,213.1100,BASELINE_COLLECTION,STANCE,0.3542,-33.500,-39.900,-33.500,0.0000,0.0000,0.0599,0.0000,0.0599,0.0000,1,
49.6083,213.1200,BASELINE_COLLECTION,STANCE,0.3646,-34.000,-51.700,-34.000,0.0000,0.0000,0.0776,0.0000,0.0776,0.0000,1,
49.6163,213.1300,BASELINE_COLLECTION,STANCE,0.3750,-34.500,-63.400,-34.500,0.0000,0.0000,0.0951,0.0000,0.0951,0.0000,1,
49.6283,213.1400,BASELINE_COLLECTION,STANCE,0.3854,-35.300,-75.700,-35.300,0.0000,0.0000,0.1136,0.0000,0.1136,0.0000,1,
49.6363,213.1500,BASELINE_COLLECTION,STANCE,0.3958,-36.100,-80.900,-36.100,0.0000,0.0000,0.1214,0.0000,0.1214,0.0000,1,
49.6483,213.1600,BASELINE_COLLECTION,STANCE,0.4063,-36.900,-83.200,-36.900,0.0000,0.0000,0.1248,0.0000,0.1248,0.0000,1,
49.6563,213.1700,BASELINE_COLLECTION,STANCE,0.4167,-37.800,-84.900,-37.800,0.0000,0.0000,0.1274,0.0000,0.1274,0.0000,1,
49.6683,213.1800,BASELINE_COLLECTION,STANCE,0.4271,-38.600,-81.500,-38.600,0.0000,0.0000,0.1222,0.0000,0.1222,0.0000,1,
49.6763,213.1900,BASELINE_COLLECTION,STANCE,0.4375,-39.400,-75.300,-39.400,0.0000,0.0000,0.1129,0.0000,0.1129,0.0000,1,
49.6883,213.2000,BASELINE_COLLECTION,STANCE,0.4479,-40.100,-67.700,-40.100,0.0000,0.0000,0.1016,0.0000,0.1016,0.0000,1,
49.6963,213.2100,BASELINE_COLLECTION,STANCE,0.4583,-40.700,-56.600,-40.700,0.0000,0.0000,0.0849,0.0000,0.0849,0.0000,1,
49.7082,213.2200,BASELINE_COLLECTION,STANCE,0.4688,-41.100,-40.000,-41.100,0.0000,0.0000,0.0600,0.0000,0.0600,0.0000,1,
49.7163,213.2300,BASELINE_COLLECTION,STANCE,0.4792,-41.400,-23.800,-41.400,0.0000,0.0000,0.0357,0.0000,0.0357,0.0000,1,
49.7283,213.2400,BASELINE_COLLECTION,STANCE,0.4896,-41.500,-7.600,-41.500,0.0000,0.0000,0.0114,0.0000,0.0114,0.0000,1,
49.7403,213.2500,BASELINE_COLLECTION,STANCE,0.5000,-41.600,1.700,-41.600,0.0000,0.0000,-0.0026,0.0000,-0.0026,0.0000,0,
49.7482,213.2600,BASELINE_COLLECTION,STANCE,0.5104,-41.500,0.900,-41.500,0.0000,0.0000,-0.0014,0.0000,-0.0014,0.0000,0,
49.7602,213.2700,BASELINE_COLLECTION,STANCE,0.5208,-41.500,-2.300,-41.500,0.0000,0.0000,0.0034,0.0000,0.0034,0.0000,1,
49.7683,213.2800,BASELINE_COLLECTION,STANCE,0.5313,-41.600,-2.600,-41.600,0.0000,0.0000,0.0039,0.0000,0.0039,0.0000,1,
49.7803,213.2900,BASELINE_COLLECTION,STANCE,0.5417,-41.600,-6.000,-41.600,0.0000,0.0000,0.0090,0.0000,0.0090,0.0000,1,
49.7883,213.3000,BASELINE_COLLECTION,STANCE,0.5521,-41.700,-10.500,-41.700,0.0000,0.0000,0.0158,0.0000,0.0158,0.0000,1,
49.8003,213.3100,BASELINE_COLLECTION,STANCE,0.5625,-41.900,-21.600,-41.900,0.0000,0.0000,0.0324,0.0000,0.0324,0.0000,1,
49.8083,213.3200,BASELINE_COLLECTION,STANCE,0.5729,-42.200,-30.200,-42.200,0.0000,0.0000,0.0453,0.0000,0.0453,0.0000,1,
49.8203,213.3300,BASELINE_COLLECTION,STANCE,0.5833,-42.500,-41.500,-42.500,0.0000,0.0000,0.0622,0.0000,0.0622,0.0000,1,
49.8282,213.3400,BASELINE_COLLECTION,STANCE,0.5938,-43.000,-51.800,-43.000,0.0000,0.0000,0.0777,0.0000,0.0777,0.0000,1,
49.8403,213.3500,BASELINE_COLLECTION,STANCE,0.6042,-43.600,-59.400,-43.600,0.0000,0.0000,0.0891,0.0000,0.0891,0.0000,1,
49.8482,213.3600,BASELINE_COLLECTION,STANCE,0.6146,-44.300,-68.200,-44.300,0.0000,0.0000,0.1023,0.0000,0.1023,0.0000,1,
49.8603,213.3700,BASELINE_COLLECTION,STANCE,0.6250,-45.000,-76.300,-45.000,0.0000,0.0000,0.1144,0.0000,0.1144,0.0000,1,
49.8682,213.3800,BASELINE_COLLECTION,STANCE,0.6354,-45.800,-84.100,-45.800,0.0000,0.0000,0.1261,0.0000,0.1261,0.0000,1,
49.8802,213.3900,BASELINE_COLLECTION,STANCE,0.6458,-46.700,-86.700,-46.700,0.0000,0.0000,0.1300,0.0000,0.1300,0.0000,1,
49.8881,213.4000,BASELINE_COLLECTION,STANCE,0.6563,-47.500,-87.200,-47.500,0.0000,0.0000,0.1308,0.0000,0.1308,0.0000,1,
49.9003,213.4100,BASELINE_COLLECTION,STANCE,0.6667,-48.400,-87.400,-48.400,0.0000,0.0000,0.1311,0.0000,0.1311,0.0000,1,
49.9082,213.4200,BASELINE_COLLECTION,STANCE,0.6771,-49.300,-83.700,-49.300,0.0000,0.0000,0.1255,0.0000,0.1255,0.0000,1,
49.9202,213.4300,BASELINE_COLLECTION,STANCE,0.6875,-50.100,-79.100,-50.100,0.0000,0.0000,0.1186,0.0000,0.1186,0.0000,1,
49.9282,213.4400,BASELINE_COLLECTION,STANCE,0.6979,-50.800,-74.800,-50.800,0.0000,0.0000,0.1122,0.0000,0.1122,0.0000,1,
49.9403,213.4500,BASELINE_COLLECTION,STANCE,0.7083,-51.500,-67.600,-51.500,0.0000,0.0000,0.1014,0.0000,0.1014,0.0000,1,
49.9483,213.4600,BASELINE_COLLECTION,STANCE,0.7188,-52.200,-59.000,-52.200,0.0000,0.0000,0.0885,0.0000,0.0885,0.0000,1,
49.9603,213.4700,BASELINE_COLLECTION,STANCE,0.7292,-52.700,-51.400,-52.700,0.0000,0.0000,0.0771,0.0000,0.0771,0.0000,1,
49.9683,213.4800,BASELINE_COLLECTION,STANCE,0.7396,-53.200,-45.000,-53.200,0.0000,0.0000,0.0675,0.0000,0.0675,0.0000,1,
49.9803,213.4900,BASELINE_COLLECTION,STANCE,0.7500,-53.600,-38.500,-53.600,0.0000,0.0000,0.0578,0.0000,0.0578,0.0000,1,
49.9883,213.5000,BASELINE_COLLECTION,STANCE,0.7604,-53.900,-30.800,-53.900,0.0000,0.0000,0.0462,0.0000,0.0462,0.0000,1,
50.0002,213.5100,BASELINE_COLLECTION,STANCE,0.7708,-54.200,-26.800,-54.200,0.0000,0.0000,0.0402,0.0000,0.0402,0.0000,1,
50.0083,213.5200,BASELINE_COLLECTION,STANCE,0.7813,-54.400,-24.100,-54.400,0.0000,0.0000,0.0362,0.0000,0.0362,0.0000,1,
50.0202,213.5300,BASELINE_COLLECTION,STANCE,0.7917,-54.700,-25.700,-54.700,0.0000,0.0000,0.0386,0.0000,0.0386,0.0000,1,
50.0283,213.5400,BASELINE_COLLECTION,STANCE,0.8021,-54.900,-25.700,-54.900,0.0000,0.0000,0.0386,0.0000,0.0386,0.0000,1,
50.0402,213.5500,BASELINE_COLLECTION,STANCE,0.8125,-55.200,-28.300,-55.200,0.0000,0.0000,0.0425,0.0000,0.0425,0.0000,1,
50.0481,213.5600,BASELINE_COLLECTION,STANCE,0.8229,-55.500,-31.900,-55.500,0.0000,0.0000,0.0478,0.0000,0.0478,0.0000,1,
50.0603,213.5700,BASELINE_COLLECTION,STANCE,0.8333,-55.900,-40.300,-55.900,0.0000,0.0000,0.0604,0.0000,0.0604,0.0000,1,
50.0683,213.5800,BASELINE_COLLECTION,STANCE,0.8438,-56.300,-46.600,-56.300,0.0000,0.0000,0.0699,0.0000,0.0699,0.0000,1,
50.0802,213.5900,BASELINE_COLLECTION,STANCE,0.8542,-56.900,-53.800,-56.900,0.0000,0.0000,0.0807,0.0000,0.0807,0.0000,1,
50.0882,213.6000,BASELINE_COLLECTION,STANCE,0.8646,-57.500,-63.900,-57.500,0.0000,0.0000,0.0959,0.0000,0.0959,0.0000,1,
50.1002,213.6100,BASELINE_COLLECTION,STANCE,0.8750,-58.200,-77.100,-58.200,0.0000,0.0000,0.1156,0.0000,0.1156,0.0000,1,
50.1082,213.6200,BASELINE_COLLECTION,STANCE,0.8854,-59.100,-93.100,-59.100,0.0000,0.0000,0.1396,0.0000,0.1396,0.0000,1,
50.1202,213.6300,BASELINE_COLLECTION,STANCE,0.8958,-60.100,-110.600,-60.100,0.0000,0.0000,0.1659,0.0000,0.1659,0.0000,1,
50.1282,213.6400,BASELINE_COLLECTION,STANCE,0.9062,-61.400,-128.500,-61.400,0.0000,0.0000,0.1928,0.0000,0.1928,0.0000,1,
50.1402,213.6500,BASELINE_COLLECTION,STANCE,0.9167,-62.800,-147.100,-62.800,0.0000,0.0000,0.2206,0.0000,0.2206,0.0000,1,
50.1481,213.6600,BASELINE_COLLECTION,STANCE,0.9271,-64.400,-168.700,-64.400,0.0000,0.0000,0.2530,0.0000,0.2530,0.0000,1,
50.1602,213.6700,BASELINE_COLLECTION,STANCE,0.9375,-66.200,-190.300,-66.200,0.0000,0.0000,0.2855,0.0000,0.2855,0.0000,1,
50.1683,213.6800,BASELINE_COLLECTION,STANCE,0.9479,-68.300,-215.900,-68.300,0.0000,0.0000,0.3239,0.0000,0.3239,0.0000,1,
50.1803,213.6900,BASELINE_COLLECTION,STANCE,0.0000,-70.700,-242.800,-70.700,0.0000,0.0000,0.3642,0.0000,0.3642,0.0000,1,
50.1881,213.7000,BASELINE_COLLECTION,STANCE,0.0107,-73.200,-265.800,-73.200,0.0000,0.0000,0.3987,0.0000,0.3987,0.0000,1,
50.2000,213.7100,BASELINE_COLLECTION,STANCE,0.0214,-76.100,-286.800,-76.100,0.0000,0.0000,0.4302,0.0000,0.4302,0.0000,1,
50.2082,213.7200,BASELINE_COLLECTION,STANCE,0.0321,-79.100,-308.200,-79.100,0.0000,0.0000,0.4623,0.0000,0.4623,0.0000,1,
50.2203,213.7300,BASELINE_COLLECTION,STANCE,0.0427,-82.300,-327.400,-82.300,0.0000,0.0000,0.4911,0.0000,0.4911,0.0000,1,
50.2282,213.7400,BASELINE_COLLECTION,STANCE,0.0534,-85.700,-347.500,-85.700,0.0000,0.0000,0.5212,0.0000,0.5212,0.0000,1,
50.2402,213.7500,BASELINE_COLLECTION,STANCE,0.0641,-89.300,-367.400,-89.300,0.0000,0.0000,0.5511,0.0000,0.5511,0.0000,1,
50.2481,213.7600,BASELINE_COLLECTION,STANCE,0.0748,-93.100,-375.700,-93.100,0.0000,0.0000,0.5635,0.0000,0.5635,0.0000,1,
50.2602,213.7700,BASELINE_COLLECTION,STANCE,0.0855,-96.900,-389.700,-96.900,0.0000,0.0000,0.5846,0.0000,0.5846,0.0000,1,
50.2682,213.7800,BASELINE_COLLECTION,STANCE,0.0962,-100.900,-400.300,-100.900,0.0000,0.0000,0.6005,0.0000,0.6005,0.0000,1,
50.2802,213.7900,BASELINE_COLLECTION,STANCE,0.1068,-104.900,-408.900,-104.900,0.0000,0.0000,0.6133,0.0000,0.6133,0.0000,1,
50.2883,213.8000,BASELINE_COLLECTION,STANCE,0.1175,-109.100,-419.700,-109.100,0.0000,0.0000,0.6295,0.0000,0.6295,0.0000,1,
50.3002,213.8100,BASELINE_COLLECTION,STANCE,0.1282,-113.300,-420.000,-113.300,0.0000,0.0000,0.6300,0.0000,0.6300,0.0000,1,
50.3082,213.8200,BASELINE_COLLECTION,STANCE,0.1389,-117.500,-420.600,-117.500,0.0000,0.0000,0.6309,0.0000,0.6309,0.0000,1,
50.3202,213.8300,BASELINE_COLLECTION,STANCE,0.1496,-121.700,-415.000,-121.700,0.0000,0.0000,0.6225,0.0000,0.6225,0.0000,1,
50.3282,213.8400,BASELINE_COLLECTION,STANCE,0.1603,-125.800,-405.100,-125.800,0.0000,0.0000,0.6077,0.0000,0.6077,0.0000,1,
50.3403,213.8500,BASELINE_COLLECTION,STANCE,0.1709,-129.600,-374.400,-129.600,0.0000,0.0000,0.5616,0.0000,0.5616,0.0000,1,
50.3483,213.8600,BASELINE_COLLECTION,STANCE,0.1816,-133.100,-339.700,-133.100,0.0000,0.0000,0.5095,0.0000,0.5095,0.0000,1,
50.3602,213.8700,BASELINE_COLLECTION,STANCE,0.1923,-136.300,-296.500,-136.300,0.0000,0.0000,0.4448,0.0000,0.4448,0.0000,1,
50.3681,213.8800,BASELINE_COLLECTION,STANCE,0.2030,-138.900,-246.900,-138.900,0.0000,0.0000,0.3704,0.0000,0.3704,0.0000,1,
50.3802,213.8900,BASELINE_COLLECTION,STANCE,0.2137,-141.000,-199.200,-141.000,0.0000,0.0000,0.2988,0.0000,0.2988,0.0000,1,
50.3883,213.9000,BASELINE_COLLECTION,STANCE,0.2244,-142.700,-151.900,-142.700,0.0000,0.0000,0.2279,0.0000,0.2279,0.0000,1,
50.4002,213.9100,BASELINE_COLLECTION,STANCE,0.2350,-143.900,-102.600,-143.900,0.0000,0.0000,0.1539,0.0000,0.1539,0.0000,1,
50.4082,213.9200,BASELINE_COLLECTION,STANCE,0.2457,-144.500,-53.300,-144.500,0.0000,0.0000,0.0799,0.0000,0.0799,0.0000,1,
50.4202,213.9300,BASELINE_COLLECTION,SWING,0.0096,-144.700,-7.100,-144.700,0.0302,0.0000,0.0106,0.0000,0.0106,0.0000,1,
50.4283,213.9400,BASELINE_COLLECTION,SWING,0.0256,-144.600,24.200,-144.600,0.0805,0.0000,-0.0363,0.0000,-0.0363,0.0000,0,
50.4402,213.9500,BASELINE_COLLECTION,SWING,0.0417,-144.200,48.200,-144.200,0.1305,0.0000,-0.0723,0.0000,-0.0723,0.0000,0,
50.4483,213.9600,BASELINE_COLLECTION,SWING,0.0577,-143.500,73.000,-143.500,0.1803,0.0000,-0.1095,0.0000,-0.1095,0.0000,0,
50.4602,213.9700,BASELINE_COLLECTION,SWING,0.0737,-142.600,98.900,-142.600,0.2295,0.0000,-0.1484,0.0000,-0.1484,0.0000,0,
50.4722,213.9800,BASELINE_COLLECTION,SWING,0.0897,-141.500,123.200,-141.500,0.2782,0.0000,-0.1848,0.0000,-0.1848,0.0000,0,
50.4803,213.9900,BASELINE_COLLECTION,SWING,0.1058,-140.100,147.500,-140.100,0.3262,0.0000,-0.2213,0.0000,-0.2213,0.0000,0,
50.4923,214.0000,BASELINE_COLLECTION,SWING,0.1218,-139.300,159.000,-139.300,0.3734,0.0000,-0.2385,0.0000,-0.2385,0.0000,0,
50.5003,214.0100,BASELINE_COLLECTION,SWING,0.1378,-136.500,197.900,-136.500,0.4196,0.0000,-0.2969,0.0000,-0.2969,0.0000,0,
50.5123,214.0200,BASELINE_COLLECTION,SWING,0.1538,-134.300,223.700,-134.300,0.4647,0.0000,-0.3356,0.0000,-0.3356,0.0000,0,
50.5203,214.0300,BASELINE_COLLECTION,SWING,0.1699,-131.900,245.800,-131.900,0.5087,0.0000,-0.3687,0.0000,-0.3687,0.0000,0,
50.5323,214.0400,BASELINE_COLLECTION,SWING,0.1859,-129.300,267.300,-129.300,0.5514,0.0000,-0.4010,0.0000,-0.4010,0.0000,0,
50.5402,214.0500,BASELINE_COLLECTION,SWING,0.2019,-126.500,293.300,-126.500,0.5927,0.0000,-0.4400,0.0000,-0.4400,0.0000,0,
50.5523,214.0600,BASELINE_COLLECTION,SWING,0.2179,-123.400,317.800,-123.400,0.6324,0.0000,-0.4767,0.0000,-0.4767,0.0000,0,
50.5602,214.0700,BASELINE_COLLECTION,SWING,0.2340,-120.100,336.100,-120.100,0.6706,0.0000,-0.5042,0.0000,-0.5042,0.0000,0,
50.5722,214.0800,BASELINE_COLLECTION,SWING,0.2500,-116.600,357.500,-116.600,0.7071,0.0000,-0.5363,0.0000,-0.5363,0.0000,0,
50.5800,214.0900,BASELINE_COLLECTION,SWING,0.2660,-112.800,378.700,-112.800,0.7418,0.0000,-0.5680,0.0000,-0.5680,0.0000,0,
50.5922,214.1000,BASELINE_COLLECTION,SWING,0.2821,-108.900,405.300,-108.900,0.7746,0.0000,-0.6079,0.0000,-0.6079,0.0000,0,
50.6000,214.1100,BASELINE_COLLECTION,SWING,0.2981,-104.600,429.100,-104.600,0.8055,0.0000,-0.6437,0.0000,-0.6437,0.0000,0,
50.6122,214.1200,BASELINE_COLLECTION,SWING,0.3141,-100.200,450.300,-100.200,0.8343,0.0000,-0.6754,0.0000,-0.6754,0.0000,0,
50.6202,214.1300,BASELINE_COLLECTION,SWING,0.3301,-95.500,474.700,-95.500,0.8609,0.0000,-0.7120,0.0000,-0.7120,0.0000,0,
50.6323,214.1400,BASELINE_COLLECTION,SWING,0.3462,-90.700,493.800,-90.700,0.8855,0.0000,-0.7407,0.0000,-0.7407,0.0000,0,
50.6403,214.1500,BASELINE_COLLECTION,SWING,0.3622,-85.500,520.000,-85.500,0.9077,0.0000,-0.7800,0.0000,-0.7800,0.0000,0,
50.6523,214.1600,BASELINE_COLLECTION,SWING,0.3782,-80.200,534.500,-80.200,0.9277,0.0000,-0.8017,0.0000,-0.8017,0.0000,0,
50.6602,214.1700,BASELINE_COLLECTION,SWING,0.3942,-74.800,551.600,-74.800,0.9453,0.0000,-0.8274,0.0000,-0.8274,0.0000,0,
50.6723,214.1800,BASELINE_COLLECTION,SWING,0.4103,-69.100,572.400,-69.100,0.9605,0.0000,-0.8586,0.0000,-0.8586,0.0000,0,
50.6803,214.1900,BASELINE_COLLECTION,SWING,0.4263,-63.300,582.000,-63.300,0.9733,0.0000,-0.8730,0.0000,-0.8730,0.0000,0,
50.6923,214.2000,BASELINE_COLLECTION,SWING,0.4423,-57.400,599.700,-57.400,0.9836,0.0000,-0.8996,0.0000,-0.8996,0.0000,0,
50.7003,214.2100,BASELINE_COLLECTION,SWING,0.4583,-51.200,621.400,-51.200,0.9914,0.0000,-0.9321,0.0000,-0.9321,0.0000,0,
50.7122,214.2200,BASELINE_COLLECTION,SWING,0.4744,-44.900,628.500,-44.900,0.9968,0.0000,-0.9427,0.0000,-0.9427,0.0000,0,
50.7203,214.2300,BASELINE_COLLECTION,SWING,0.4904,-38.700,628.000,-38.700,0.9995,0.0000,-0.9420,0.0000,-0.9420,0.0000,0,
50.7322,214.2400,BASELINE_COLLECTION,SWING,0.5064,-32.300,634.600,-32.300,0.9998,0.0000,-0.9519,0.0000,-0.9519,0.0000,0,
50.7403,214.2500,BASELINE_COLLECTION,SWING,0.5224,-26.100,622.000,-26.100,0.9975,0.0000,-0.9330,0.0000,-0.9330,0.0000,0,
50.7522,214.2600,BASELINE_COLLECTION,SWING,0.5385,-20.000,590.300,-20.000,0.9927,0.0000,-0.8854,0.0000,-0.8854,0.0000,0,
50.7602,214.2700,BASELINE_COLLECTION,SWING,0.5545,-14.500,529.600,-14.500,0.9854,0.0000,-0.7944,0.0000,-0.7944,0.0000,0,
50.7723,214.2800,BASELINE_COLLECTION,SWING,0.5705,-9.900,425.300,-9.900,0.9756,0.0000,-0.6380,0.0000,-0.6380,0.0000,0,
50.7803,214.2900,BASELINE_COLLECTION,SWING,0.5865,-6.500,303.200,-6.500,0.9633,0.0000,-0.4548,0.0000,-0.4548,0.0000,0,
50.7923,214.3000,BASELINE_COLLECTION,SWING,0.6026,-4.600,144.600,-4.600,0.9485,0.0000,-0.2169,0.0000,-0.2169,0.0000,0,
50.8003,214.3100,BASELINE_COLLECTION,SWING,0.6186,-3.900,43.000,-3.900,0.9314,0.0000,-0.0645,0.0000,-0.0645,0.0000,0,
50.8123,214.3200,BASELINE_COLLECTION,SWING,0.6346,-3.900,-11.400,-3.900,0.9119,0.0000,0.0171,0.0000,0.0171,0.0000,1,
50.8203,214.3300,BASELINE_COLLECTION,SWING,0.6506,-4.100,-23.000,-4.100,0.8901,0.0000,0.0345,0.0000,0.0345,0.0000,1,
50.8322,214.3400,BASELINE_COLLECTION,SWING,0.6667,-4.300,-18.900,-4.300,0.8660,0.0000,0.0283,0.0000,0.0283,0.0000,1,
50.8403,214.3500,BASELINE_COLLECTION,SWING,0.6827,-4.500,-20.100,-4.500,0.8398,0.0000,0.0302,0.0000,0.0302,0.0000,1,
50.8522,214.3600,BASELINE_COLLECTION,SWING,0.6987,-4.700,-28.400,-4.700,0.8114,0.0000,0.0426,0.0000,0.0426,0.0000,1,
50.8603,214.3700,BASELINE_COLLECTION,SWING,0.7147,-5.100,-38.800,-5.100,0.7809,0.0000,0.0582,0.0000,0.0582,0.0000,1,
50.8723,214.3800,BASELINE_COLLECTION,SWING,0.7308,-5.600,-54.000,-5.600,0.7485,0.0000,0.0810,0.0000,0.0810,0.0000,1,
50.8802,214.3900,BASELINE_COLLECTION,SWING,0.7468,-6.300,-74.700,-6.300,0.7142,0.0000,0.1121,0.0000,0.1121,0.0000,1,
50.8923,214.4000,BASELINE_COLLECTION,SWING,0.7628,-7.100,-84.100,-7.100,0.6781,0.0000,0.1261,0.0000,0.1261,0.0000,1,
50.9003,214.4100,BASELINE_COLLECTION,SWING,0.7788,-8.000,-91.500,-8.000,0.6402,0.0000,0.1373,0.0000,0.1373,0.0000,1,
50.9123,214.4200,BASELINE_COLLECTION,SWING,0.7949,-9.000,-103.300,-9.000,0.6007,0.0000,0.1550,0.0000,0.1550,0.0000,1,
50.9203,214.4300,BASELINE_COLLECTION,SWING,0.8109,-10.100,-116.200,-10.100,0.5597,0.0000,0.1743,0.0000,0.1743,0.0000,1,
50.9323,214.4400,BASELINE_COLLECTION,SWING,0.8269,-11.400,-131.700,-11.400,0.5173,0.0000,0.1975,0.0000,0.1975,0.0000,1,
50.9402,214.4500,BASELINE_COLLECTION,SWING,0.8429,-12.800,-150.600,-12.800,0.4736,0.0000,0.2259,0.0000,0.2259,0.0000,1,
50.9523,214.4600,BASELINE_COLLECTION,SWING,0.8590,-14.400,-165.700,-14.400,0.4287,0.0000,0.2485,0.0000,0.2485,0.0000,1,
50.9603,214.4700,BASELINE_COLLECTION,SWING,0.8750,-16.100,-170.100,-16.100,0.3827,0.0000,0.2551,0.0000,0.2551,0.0000,1,
50.9722,214.4800,BASELINE_COLLECTION,SWING,0.8910,-17.800,-157.500,-17.800,0.3357,0.0000,0.2363,0.0000,0.2363,0.0000,1,
50.9802,214.4900,BASELINE_COLLECTION,SWING,0.9071,-19.200,-136.900,-19.200,0.2879,0.0000,0.2054,0.0000,0.2054,0.0000,1,
50.9923,214.5000,BASELINE_COLLECTION,SWING,0.9231,-20.400,-113.200,-20.400,0.2393,0.0000,0.1698,0.0000,0.1698,0.0000,1,
51.0002,214.5100,BASELINE_COLLECTION,SWING,0.9391,-21.300,-86.100,-21.300,0.1902,0.0000,0.1291,0.0000,0.1291,0.0000,1,
51.0123,214.5200,BASELINE_COLLECTION,SWING,0.9551,-22.000,-59.000,-22.000,0.1405,0.0000,0.0885,0.0000,0.0885,0.0000,1,
51.0203,214.5300,BASELINE_COLLECTION,SWING,0.9712,-22.400,-31.500,-22.400,0.0905,0.0000,0.0473,0.0000,0.0473,0.0000,1,
51.0323,214.5400,BASELINE_COLLECTION,SWING,0.9872,-22.600,-10.200,-22.600,0.0403,0.0000,0.0153,0.0000,0.0153,0.0000,1,
51.0400,214.5500,BASELINE_COLLECTION,STANCE,0.2521,-22.600,0.600,-22.600,0.0000,0.0000,-0.0009,0.0000,-0.0009,0.0000,0,
51.0523,214.5600,BASELINE_COLLECTION,STANCE,0.2628,-22.600,-0.700,-22.600,0.0000,0.0000,0.0010,0.0000,0.0010,0.0000,1,
51.0601,214.5700,BASELINE_COLLECTION,STANCE,0.2735,-22.600,-6.200,-22.600,0.0000,0.0000,0.0093,0.0000,0.0093,0.0000,1,
51.0722,214.5800,BASELINE_COLLECTION,STANCE,0.2842,-22.700,-14.200,-22.700,0.0000,0.0000,0.0213,0.0000,0.0213,0.0000,1,
51.0802,214.5900,BASELINE_COLLECTION,STANCE,0.2949,-23.000,-27.100,-23.000,0.0000,0.0000,0.0407,0.0000,0.0407,0.0000,1,
51.0920,214.6000,BASELINE_COLLECTION,STANCE,0.3056,-23.400,-43.800,-23.400,0.0000,0.0000,0.0657,0.0000,0.0657,0.0000,1,
51.1000,214.6100,BASELINE_COLLECTION,STANCE,0.3162,-23.900,-63.200,-23.900,0.0000,0.0000,0.0948,0.0000,0.0948,0.0000,1,
51.1082,214.6200,BASELINE_COLLECTION,STANCE,0.3269,-24.700,-84.800,-24.700,0.0000,0.0000,0.1272,0.0000,0.1272,0.0000,1,
51.1243,214.6300,BASELINE_COLLECTION,STANCE,0.3376,-25.700,-102.200,-25.700,0.0000,0.0000,0.1533,0.0000,0.1533,0.0000,1,
51.1323,214.6500,BASELINE_COLLECTION,STANCE,0.3590,-28.000,-125.200,-28.000,0.0000,0.0000,0.1878,0.0000,0.1878,0.0000,1,
51.1443,214.6600,BASELINE_COLLECTION,STANCE,0.3697,-29.300,-130.600,-29.300,0.0000,0.0000,0.1959,0.0000,0.1959,0.0000,1,
51.1523,214.6700,BASELINE_COLLECTION,STANCE,0.3803,-30.700,-133.400,-30.700,0.0000,0.0000,0.2001,0.0000,0.2001,0.0000,1,
51.1683,214.6800,BASELINE_COLLECTION,STANCE,0.3910,-32.000,-131.600,-32.000,0.0000,0.0000,0.1974,0.0000,0.1974,0.0000,1,
51.1763,214.6900,BASELINE_COLLECTION,STANCE,0.4017,-33.300,-125.600,-33.300,0.0000,0.0000,0.1884,0.0000,0.1884,0.0000,1,
51.1883,214.7000,BASELINE_COLLECTION,STANCE,0.4124,-34.500,-116.600,-34.500,0.0000,0.0000,0.1749,0.0000,0.1749,0.0000,1,
51.1962,214.7100,BASELINE_COLLECTION,STANCE,0.4231,-35.500,-104.100,-35.500,0.0000,0.0000,0.1561,0.0000,0.1561,0.0000,1,
51.2083,214.7200,BASELINE_COLLECTION,STANCE,0.4338,-36.500,-87.400,-36.500,0.0000,0.0000,0.1311,0.0000,0.1311,0.0000,1,
51.2163,214.7300,BASELINE_COLLECTION,STANCE,0.4444,-37.200,-69.900,-37.200,0.0000,0.0000,0.1049,0.0000,0.1049,0.0000,1,
51.2283,214.7400,BASELINE_COLLECTION,STANCE,0.4551,-37.800,-51.100,-37.800,0.0000,0.0000,0.0767,0.0000,0.0767,0.0000,1,
51.2362,214.7500,BASELINE_COLLECTION,STANCE,0.4658,-38.200,-29.300,-38.200,0.0000,0.0000,0.0440,0.0000,0.0440,0.0000,1,
51.2482,214.7600,BASELINE_COLLECTION,STANCE,0.4765,-38.300,-10.100,-38.300,0.0000,0.0000,0.0152,0.0000,0.0152,0.0000,1,
51.2563,214.7700,BASELINE_COLLECTION,STANCE,0.4872,-38.300,2.000,-38.300,0.0000,0.0000,-0.0030,0.0000,-0.0030,0.0000,0,
51.2683,214.7800,BASELINE_COLLECTION,STANCE,0.4979,-38.300,0.800,-38.300,0.0000,0.0000,-0.0012,0.0000,-0.0012,0.0000,0,
51.2763,214.7900,BASELINE_COLLECTION,STANCE,0.5085,-38.300,-0.300,-38.300,0.0000,0.0000,0.0004,0.0000,0.0004,0.0000,1,
51.2883,214.8000,BASELINE_COLLECTION,STANCE,0.5192,-38.300,-1.000,-38.300,0.0000,0.0000,0.0015,0.0000,0.0015,0.0000,1,
51.2963,214.8100,BASELINE_COLLECTION,STANCE,0.5299,-38.300,-1.300,-38.300,0.0000,0.0000,0.0020,0.0000,0.0020,0.0000,1,
51.3081,214.8200,BASELINE_COLLECTION,STANCE,0.5406,-38.300,-2.800,-38.300,0.0000,0.0000,0.0042,0.0000,0.0042,0.0000,1,
51.3202,214.8300,BASELINE_COLLECTION,STANCE,0.5513,-38.400,-6.000,-38.400,0.0000,0.0000,0.0090,0.0000,0.0090,0.0000,1,
51.3283,214.8400,BASELINE_COLLECTION,STANCE,0.5620,-38.500,-12.400,-38.500,0.0000,0.0000,0.0186,0.0000,0.0186,0.0000,1,
51.3402,214.8500,BASELINE_COLLECTION,STANCE,0.5726,-38.700,-25.500,-38.700,0.0000,0.0000,0.0382,0.0000,0.0382,0.0000,1,
51.3483,214.8600,BASELINE_COLLECTION,STANCE,0.5833,-39.100,-41.200,-39.100,0.0000,0.0000,0.0618,0.0000,0.0618,0.0000,1,
51.3602,214.8700,BASELINE_COLLECTION,STANCE,0.5940,-39.600,-53.700,-39.600,0.0000,0.0000,0.0806,0.0000,0.0806,0.0000,1,
51.3681,214.8800,BASELINE_COLLECTION,STANCE,0.6047,-40.200,-66.400,-40.200,0.0000,0.0000,0.0996,0.0000,0.0996,0.0000,1,
51.3803,214.8900,BASELINE_COLLECTION,STANCE,0.6154,-40.900,-71.900,-40.900,0.0000,0.0000,0.1079,0.0000,0.1079,0.0000,1,
51.3882,214.9000,BASELINE_COLLECTION,STANCE,0.6261,-41.700,-75.700,-41.700,0.0000,0.0000,0.1136,0.0000,0.1136,0.0000,1,
51.4003,214.9100,BASELINE_COLLECTION,STANCE,0.6368,-42.400,-76.100,-42.400,0.0000,0.0000,0.1141,0.0000,0.1141,0.0000,1,
51.4082,214.9200,BASELINE_COLLECTION,STANCE,0.6474,-43.200,-74.200,-43.200,0.0000,0.0000,0.1113,0.0000,0.1113,0.0000,1,
51.4202,214.9300,BASELINE_COLLECTION,STANCE,0.6581,-43.900,-69.600,-43.900,0.0000,0.0000,0.1044,0.0000,0.1044,0.0000,1,
51.4283,214.9400,BASELINE_COLLECTION,STANCE,0.6688,-44.500,-64.300,-44.500,0.0000,0.0000,0.0964,0.0000,0.0964,0.0000,1,
51.4402,214.9500,BASELINE_COLLECTION,STANCE,0.6795,-45.100,-56.700,-45.100,0.0000,0.0000,0.0851,0.0000,0.0851,0.0000,1,
51.4482,214.9600,BASELINE_COLLECTION,STANCE,0.6902,-45.600,-47.800,-45.600,0.0000,0.0000,0.0717,0.0000,0.0717,0.0000,1,
51.4602,214.9700,BASELINE_COLLECTION,STANCE,0.7009,-46.100,-37.500,-46.100,0.0000,0.0000,0.0563,0.0000,0.0563,0.0000,1,
51.4682,214.9800,BASELINE_COLLECTION,STANCE,0.7115,-46.400,-28.200,-46.400,0.0000,0.0000,0.0423,0.0000,0.0423,0.0000,1,
51.4802,214.9900,BASELINE_COLLECTION,STANCE,0.7222,-46.600,-20.200,-46.600,0.0000,0.0000,0.0303,0.0000,0.0303,0.0000,1,
51.4881,215.0000,BASELINE_COLLECTION,STANCE,0.7329,-46.700,-18.200,-46.700,0.0000,0.0000,0.0273,0.0000,0.0273,0.0000,1,
51.5002,215.0100,BASELINE_COLLECTION,STANCE,0.7436,-46.900,-12.000,-46.900,0.0000,0.0000,0.0180,0.0000,0.0180,0.0000,1,
51.5082,215.0200,BASELINE_COLLECTION,STANCE,0.7543,-47.000,-8.200,-47.000,0.0000,0.0000,0.0123,0.0000,0.0123,0.0000,1,
51.5202,215.0300,BASELINE_COLLECTION,STANCE,0.7650,-47.100,-10.900,-47.100,0.0000,0.0000,0.0163,0.0000,0.0163,0.0000,1,
51.5282,215.0400,BASELINE_COLLECTION,STANCE,0.7756,-47.200,-12.700,-47.200,0.0000,0.0000,0.0191,0.0000,0.0191,0.0000,1,
51.5402,215.0500,BASELINE_COLLECTION,STANCE,0.7863,-47.300,-15.800,-47.300,0.0000,0.0000,0.0237,0.0000,0.0237,0.0000,1,
51.5481,215.0600,BASELINE_COLLECTION,STANCE,0.7970,-47.500,-19.700,-47.500,0.0000,0.0000,0.0295,0.0000,0.0295,0.0000,1,
51.5602,215.0700,BASELINE_COLLECTION,STANCE,0.8077,-47.800,-23.500,-47.800,0.0000,0.0000,0.0353,0.0000,0.0353,0.0000,1,
51.5681,215.0800,BASELINE_COLLECTION,STANCE,0.8184,-48.000,-31.000,-48.000,0.0000,0.0000,0.0465,0.0000,0.0465,0.0000,1,
51.5801,215.0900,BASELINE_COLLECTION,STANCE,0.8291,-48.400,-34.900,-48.400,0.0000,0.0000,0.0524,0.0000,0.0524,0.0000,1,
51.5882,215.1000,BASELINE_COLLECTION,STANCE,0.8397,-48.800,-38.500,-48.800,0.0000,0.0000,0.0578,0.0000,0.0578,0.0000,1,
51.6002,215.1100,BASELINE_COLLECTION,STANCE,0.8504,-49.200,-45.000,-49.200,0.0000,0.0000,0.0675,0.0000,0.0675,0.0000,1,
51.6082,215.1200,BASELINE_COLLECTION,STANCE,0.8611,-49.700,-54.700,-49.700,0.0000,0.0000,0.0821,0.0000,0.0821,0.0000,1,
51.6201,215.1300,BASELINE_COLLECTION,STANCE,0.8718,-50.300,-65.400,-50.300,0.0000,0.0000,0.0981,0.0000,0.0981,0.0000,1,
51.6282,215.1400,BASELINE_COLLECTION,STANCE,0.8825,-51.100,-77.500,-51.100,0.0000,0.0000,0.1163,0.0000,0.1163,0.0000,1,
51.6402,215.1500,BASELINE_COLLECTION,STANCE,0.8932,-51.900,-87.600,-51.900,0.0000,0.0000,0.1314,0.0000,0.1314,0.0000,1,
51.6482,215.1600,BASELINE_COLLECTION,STANCE,0.9038,-52.800,-98.000,-52.800,0.0000,0.0000,0.1470,0.0000,0.1470,0.0000,1,
51.6601,215.1700,BASELINE_COLLECTION,STANCE,0.9145,-53.900,-108.300,-53.900,0.0000,0.0000,0.1625,0.0000,0.1625,0.0000,1,
51.6682,215.1800,BASELINE_COLLECTION,STANCE,0.9252,-55.000,-120.500,-55.000,0.0000,0.0000,0.1807,0.0000,0.1807,0.0000,1,
51.6802,215.1900,BASELINE_COLLECTION,STANCE,0.9359,-56.300,-135.200,-56.300,0.0000,0.0000,0.2028,0.0000,0.2028,0.0000,1,
51.6881,215.2000,BASELINE_COLLECTION,STANCE,0.9466,-57.800,-151.900,-57.800,0.0000,0.0000,0.2279,0.0000,0.2279,0.0000,1,
51.6961,215.2100,BASELINE_COLLECTION,STANCE,0.9573,-59.500,-173.000,-59.500,0.0000,0.0000,0.2595,0.0000,0.2595,0.0000,1,
51.7082,215.2200,BASELINE_COLLECTION,STANCE,0.9679,-61.400,-195.600,-61.400,0.0000,0.0000,0.2934,0.0000,0.2934,0.0000,1,
51.7202,215.2300,BASELINE_COLLECTION,STANCE,0.9786,-63.500,-218.900,-63.500,0.0000,0.0000,0.3284,0.0000,0.3284,0.0000,1,
51.7282,215.2400,BASELINE_COLLECTION,STANCE,0.9893,-65.800,-239.900,-65.800,0.0000,0.0000,0.3599,0.0000,0.3599,0.0000,1,
51.7402,215.2500,BASELINE_COLLECTION,STANCE,1.0000,-68.400,-264.000,-68.400,0.0000,0.0000,0.3960,0.0000,0.3960,0.0000,1,
51.7483,215.2600,BASELINE_COLLECTION,STANCE,0.0000,-71.200,-287.300,-71.200,0.0000,0.0000,0.4309,0.0000,0.4309,0.0000,1,
51.7600,215.2700,MODEL_BUILDING,STANCE,0.0106,-74.200,-304.200,-74.200,0.0000,0.0000,0.4563,0.0000,0.4563,0.0000,1,
51.7721,215.2800,MODEL_BUILDING,STANCE,0.0212,-77.300,-321.100,-77.300,0.0000,0.0000,0.4817,0.0000,0.4817,0.0000,1,
51.7802,215.2900,MODEL_BUILDING,STANCE,0.0318,-80.700,-338.300,-80.700,0.0000,0.0000,0.5075,0.0000,0.5075,0.0000,1,
51.7948,215.3000,MODEL_BUILDING,STANCE,0.0425,-84.100,-352.000,-84.100,0.0000,0.0000,0.5280,0.0000,0.5280,0.0000,1,
51.7999,215.3200,MODEL_BUILDING,STANCE,0.0637,-91.400,-370.300,-91.400,0.0000,0.0000,0.5554,0.0000,0.5554,0.0000,1,
51.8119,215.3300,MODEL_BUILDING,STANCE,0.0743,-95.200,-369.700,-95.200,0.0000,0.0000,0.5545,0.0000,0.5545,0.0000,1,
51.8199,215.3400,MODEL_BUILDING,STANCE,0.0849,-98.900,-376.500,-98.900,0.0000,0.0000,0.5647,0.0000,0.5647,0.0000,1,
51.8319,215.3500,MODEL_BUILDING,STANCE,0.0955,-102.700,-375.700,-102.700,0.0000,0.0000,0.5635,0.0000,0.5635,0.0000,1,
51.8399,215.3600,MODEL_BUILDING,STANCE,0.1062,-106.400,-378.000,-106.400,0.0000,0.0000,0.5670,0.0000,0.5670,0.0000,1,
51.8519,215.3700,MODEL_BUILDING,STANCE,0.1168,-110.200,-373.200,-110.200,0.0000,0.0000,0.5598,0.0000,0.5598,0.0000,1,
51.8599,215.3800,MODEL_BUILDING,STANCE,0.1274,-113.800,-361.900,-113.800,0.0000,0.0000,0.5428,0.0000,0.5428,0.0000,1,
51.8719,215.3900,MODEL_BUILDING,STANCE,0.1380,-117.400,-347.800,-117.400,0.0000,0.0000,0.5217,0.0000,0.5217,0.0000,1,
51.8799,215.4000,MODEL_BUILDING,STANCE,0.1486,-120.700,-325.100,-120.700,0.0000,0.0000,0.4877,0.0000,0.4877,0.0000,1,
51.8919,215.4100,MODEL_BUILDING,STANCE,0.1592,-123.800,-296.400,-123.800,0.0000,0.0000,0.4446,0.0000,0.4446,0.0000,1,
51.8999,215.4200,MODEL_BUILDING,STANCE,0.1699,-126.500,-255.900,-126.500,0.0000,0.0000,0.3839,0.0000,0.3839,0.0000,1,
51.9119,215.4300,MODEL_BUILDING,STANCE,0.1805,-128.700,-207.800,-128.700,0.0000,0.0000,0.3117,0.0000,0.3117,0.0000,1,
51.9199,215.4400,MODEL_BUILDING,STANCE,0.1911,-130.500,-161.100,-130.500,0.0000,0.0000,0.2417,0.0000,0.2417,0.0000,1,
51.9319,215.4500,MODEL_BUILDING,STANCE,0.2017,-131.800,-115.000,-131.800,0.0000,0.0000,0.1725,0.0000,0.1725,0.0000,1,
51.9399,215.4600,MODEL_BUILDING,STANCE,0.2123,-132.600,-67.500,-132.600,0.0000,0.0000,0.1013,0.0000,0.1013,0.0000,1,
51.9519,215.4700,MODEL_BUILDING,STANCE,0.2229,-132.900,-18.100,-132.900,0.0000,0.0000,0.0272,0.0000,0.0272,0.0000,1,
51.9599,215.4800,MODEL_BUILDING,STANCE,0.2335,-132.800,20.100,-132.800,0.0000,0.0000,-0.0302,0.0000,-0.0302,0.0000,0,
51.9719,215.4900,MODEL_BUILDING,STANCE,0.2442,-132.400,45.800,-132.400,0.0000,0.0000,-0.0687,0.0000,-0.0687,0.0000,0,
51.9799,215.5000,MODEL_BUILDING,SWING,0.0072,-131.800,66.600,-131.800,0.0225,0.0000,-0.0999,0.0000,-0.0999,0.0000,0,
51.9919,215.5100,MODEL_BUILDING,SWING,0.0231,-131.000,87.500,-131.000,0.0725,0.0000,-0.1313,0.0000,-0.1313,0.0000,0,
51.9999,215.5200,MODEL_BUILDING,SWING,0.0390,-130.000,110.200,-130.000,0.1223,0.0000,-0.1653,0.0000,-0.1653,0.0000,0,
52.0159,215.5300,MODEL_BUILDING,SWING,0.0549,-128.700,133.100,-128.700,0.1717,0.0000,-0.1996,0.0000,-0.1996,0.0000,0,
52.0279,215.5400,MODEL_BUILDING,SWING,0.0709,-127.200,155.500,-127.200,0.2208,0.0000,-0.2333,0.0000,-0.2333,0.0000,0,
52.0359,215.5500,MODEL_BUILDING,SWING,0.0868,-125.500,181.500,-125.500,0.2693,0.0000,-0.2722,0.0000,-0.2722,0.0000,0,
52.0439,215.5600,MODEL_BUILDING,SWING,0.1027,-123.500,204.800,-123.500,0.3171,0.0000,-0.3072,0.0000,-0.3072,0.0000,0,
52.0559,215.5700,MODEL_BUILDING,SWING,0.1186,-121.300,227.700,-121.300,0.3641,0.0000,-0.3415,0.0000,-0.3415,0.0000,0,
52.0639,215.5800,MODEL_BUILDING,SWING,0.1346,-118.800,250.700,-118.800,0.4102,0.0000,-0.3760,0.0000,-0.3760,0.0000,0,
52.0759,215.5900,MODEL_BUILDING,SWING,0.1505,-116.200,273.600,-116.200,0.4553,0.0000,-0.4104,0.0000,-0.4104,0.0000,0,
52.0839,215.6000,MODEL_BUILDING,SWING,0.1664,-113.300,296.400,-113.300,0.4993,0.0000,-0.4446,0.0000,-0.4446,0.0000,0,
52.0959,215.6100,MODEL_BUILDING,SWING,0.1823,-110.200,321.000,-110.200,0.5420,0.0000,-0.4815,0.0000,-0.4815,0.0000,0,
52.1091,215.6200,MODEL_BUILDING,SWING,0.1982,-106.700,348.000,-106.700,0.5833,0.0000,-0.5220,0.0000,-0.5220,0.0000,0,
52.1199,215.6300,MODEL_BUILDING,SWING,0.2142,-103.100,368.600,-103.100,0.6232,0.0000,-0.5529,0.0000,-0.5529,0.0000,0,
52.1279,215.6400,MODEL_BUILDING,SWING,0.2301,-99.300,393.700,-99.300,0.6615,0.0000,-0.5906,0.0000,-0.5906,0.0000,0,
52.1359,215.6500,MODEL_BUILDING,SWING,0.2460,-95.200,414.700,-95.200,0.6982,0.0000,-0.6220,0.0000,-0.6220,0.0000,0,
52.1479,215.6600,MODEL_BUILDING,SWING,0.2619,-90.900,433.800,-90.900,0.7331,0.0000,-0.6507,0.0000,-0.6507,0.0000,0,
52.1559,215.6700,MODEL_BUILDING,SWING,0.2779,-86.400,460.100,-86.400,0.7662,0.0000,-0.6902,0.0000,-0.6902,0.0000,0,
52.1679,215.6800,MODEL_BUILDING,SWING,0.2938,-81.700,472.900,-81.700,0.7974,0.0000,-0.7094,0.0000,-0.7094,0.0000,0,
52.1759,215.6900,MODEL_BUILDING,SWING,0.3097,-76.800,489.100,-76.800,0.8266,0.0000,-0.7337,0.0000,-0.7337,0.0000,0,
52.1919,215.7000,MODEL_BUILDING,SWING,0.3256,-71.800,510.600,-71.800,0.8537,0.0000,-0.7659,0.0000,-0.7659,0.0000,0,
52.2039,215.7100,MODEL_BUILDING,SWING,0.3416,-66.600,526.500,-66.600,0.8787,0.0000,-0.7898,0.0000,-0.7898,0.0000,0,
52.2160,215.7300,MODEL_BUILDING,SWING,0.3734,-55.700,556.400,-55.700,0.9220,0.0000,-0.8346,0.0000,-0.8346,0.0000,0,
52.2279,215.7400,MODEL_BUILDING,SWING,0.3893,-50.000,573.500,-50.000,0.9402,0.0000,-0.8603,0.0000,-0.8603,0.0000,0,
52.2399,215.7500,MODEL_BUILDING,SWING,0.4053,-44.300,567.700,-44.300,0.9560,0.0000,-0.8516,0.0000,-0.8516,0.0000,0,
52.2519,215.7600,MODEL_BUILDING,SWING,0.4212,-38.700,554.700,-38.700,0.9695,0.0000,-0.8321,0.0000,-0.8321,0.0000,0,
52.2639,215.7700,MODEL_BUILDING,SWING,0.4371,-33.300,531.100,-33.300,0.9805,0.0000,-0.7967,0.0000,-0.7967,0.0000,0,
52.2759,215.7900,MODEL_BUILDING,SWING,0.4689,-24.000,411.700,-24.000,0.9952,0.0000,-0.6176,0.0000,-0.6176,0.0000,0,
52.2879,215.8000,MODEL_BUILDING,SWING,0.4849,-20.400,336.800,-20.400,0.9989,0.0000,-0.5052,0.0000,-0.5052,0.0000,0,
52.2999,215.8100,MODEL_BUILDING,SWING,0.5008,-17.500,264.700,-17.500,1.0000,0.0000,-0.3971,0.0000,-0.3971,0.0000,0,
52.3119,215.8200,MODEL_BUILDING,SWING,0.5167,-15.400,194.400,-15.400,0.9986,0.0000,-0.2916,0.0000,-0.2916,0.0000,0,
52.3239,215.8300,MODEL_BUILDING,SWING,0.5326,-13.900,129.500,-13.900,0.9947,0.0000,-0.1943,0.0000,-0.1943,0.0000,0,
52.3319,215.8500,MODEL_BUILDING,SWING,0.5645,-12.700,15.900,-12.700,0.9795,0.0000,-0.0238,0.0000,-0.0238,0.0000,0,
52.3399,215.8600,MODEL_BUILDING,SWING,0.5804,-12.800,-11.400,-12.800,0.9683,0.0000,0.0171,0.0000,0.0171,0.0000,1,
52.3519,215.8700,MODEL_BUILDING,SWING,0.5963,-12.900,-17.500,-12.900,0.9545,0.0000,0.0262,0.0000,0.0262,0.0000,1,
52.3599,215.8800,MODEL_BUILDING,SWING,0.6123,-13.200,-23.200,-13.200,0.9385,0.0000,0.0348,0.0000,0.0348,0.0000,1,
52.3719,215.8900,MODEL_BUILDING,SWING,0.6282,-13.400,-30.500,-13.400,0.9200,0.0000,0.0457,0.0000,0.0457,0.0000,1,
52.3799,215.9000,MODEL_BUILDING,SWING,0.6441,-13.800,-44.300,-13.800,0.8993,0.0000,0.0664,0.0000,0.0664,0.0000,1,
52.3919,215.9100,MODEL_BUILDING,SWING,0.6600,-14.400,-58.500,-14.400,0.8763,0.0000,0.0878,0.0000,0.0878,0.0000,1,
52.3999,215.9200,MODEL_BUILDING,SWING,0.6760,-15.100,-76.000,-15.100,0.8511,0.0000,0.1140,0.0000,0.1140,0.0000,1,
52.4119,215.9300,MODEL_BUILDING,SWING,0.6919,-16.000,-97.700,-16.000,0.8237,0.0000,0.1466,0.0000,0.1466,0.0000,1,
52.4199,215.9400,MODEL_BUILDING,SWING,0.7078,-17.100,-119.200,-17.100,0.7944,0.0000,0.1788,0.0000,0.1788,0.0000,1,
52.4319,215.9500,MODEL_BUILDING,SWING,0.7237,-18.400,-125.500,-18.400,0.7630,0.0000,0.1883,0.0000,0.1883,0.0000,1,
52.4399,215.9600,MODEL_BUILDING,SWING,0.7396,-19.500,-111.100,-19.500,0.7297,0.0000,0.1666,0.0000,0.1666,0.0000,1,
52.4519,215.9700,MODEL_BUILDING,SWING,0.7556,-20.500,-88.400,-20.500,0.6946,0.0000,0.1326,0.0000,0.1326,0.0000,1,
52.4600,215.9800,MODEL_BUILDING,SWING,0.7715,-21.200,-63.300,-21.200,0.6578,0.0000,0.0949,0.0000,0.0949,0.0000,1,
52.4719,215.9900,MODEL_BUILDING,SWING,0.7874,-21.700,-36.200,-21.700,0.6193,0.0000,0.0543,0.0000,0.0543,0.0000,1,
52.4799,216.0000,MODEL_BUILDING,SWING,0.8033,-21.800,-25.200,-21.800,0.5793,0.0000,0.0378,0.0000,0.0378,0.0000,1,
52.4959,216.0100,MODEL_BUILDING,SWING,0.8193,-21.900,0.900,-21.900,0.5378,0.0000,-0.0014,0.0000,-0.0014,0.0000,0,
52.5079,216.0200,MODEL_BUILDING,SWING,0.8352,-21.900,1.500,-21.900,0.4949,0.0000,-0.0023,0.0000,-0.0023,0.0000,0,
52.5199,216.0300,MODEL_BUILDING,SWING,0.8511,-21.900,-1.600,-21.900,0.4509,0.0000,0.0024,0.0000,0.0024,0.0000,1,
52.5319,216.0400,MODEL_BUILDING,SWING,0.8670,-21.900,0.000,-21.900,0.4057,0.0000,0.0000,0.0000,0.0000,0.0000,0,
52.5439,216.0500,MODEL_BUILDING,SWING,0.8830,-21.900,-1.500,-21.900,0.3595,0.0000,0.0023,0.0000,0.0023,0.0000,1,
52.5559,216.0700,MODEL_BUILDING,SWING,0.9148,-22.000,-4.400,-22.000,0.2645,0.0000,0.0066,0.0000,0.0066,0.0000,1,
52.5679,216.0800,MODEL_BUILDING,SWING,0.9307,-22.000,-6.900,-22.000,0.2159,0.0000,0.0104,0.0000,0.0104,0.0000,1,
52.5799,216.0900,MODEL_BUILDING,SWING,0.9467,-22.100,-14.900,-22.100,0.1668,0.0000,0.0224,0.0000,0.0224,0.0000,1,
52.5919,216.1000,MODEL_BUILDING,SWING,0.9626,-22.300,-22.900,-22.300,0.1173,0.0000,0.0343,0.0000,0.0343,0.0000,1,
52.6039,216.1100,MODEL_BUILDING,SWING,0.9785,-22.600,-29.100,-22.600,0.0675,0.0000,0.0437,0.0000,0.0437,0.0000,1,
52.6159,216.1300,MODEL_BUILDING,STANCE,0.2569,-23.400,-49.300,-23.400,0.0000,0.0000,0.0740,0.0000,0.0740,0.0000,1,
52.6280,216.1400,MODEL_BUILDING,STANCE,0.2675,-24.000,-57.300,-24.000,0.0000,0.0000,0.0859,0.0000,0.0859,0.0000,1,
52.6399,216.1500,MODEL_BUILDING,STANCE,0.2781,-24.600,-64.100,-24.600,0.0000,0.0000,0.0961,0.0000,0.0961,0.0000,1,
52.6519,216.1600,MODEL_BUILDING,STANCE,0.2887,-25.300,-66.000,-25.300,0.0000,0.0000,0.0990,0.0000,0.0990,0.0000,1,
52.6639,216.1700,MODEL_BUILDING,STANCE,0.2994,-25.900,-63.800,-25.900,0.0000,0.0000,0.0957,0.0000,0.0957,0.0000,1,
52.6759,216.1900,MODEL_BUILDING,STANCE,0.3206,-27.100,-55.500,-27.100,0.0000,0.0000,0.0833,0.0000,0.0833,0.0000,1,
52.6879,216.2000,MODEL_BUILDING,STANCE,0.3312,-27.600,-44.200,-27.600,0.0000,0.0000,0.0663,0.0000,0.0663,0.0000,1,
52.6999,216.2100,MODEL_BUILDING,STANCE,0.3418,-27.900,-30.800,-27.900,0.0000,0.0000,0.0462,0.0000,0.0462,0.0000,1,
52.7119,216.2200,MODEL_BUILDING,STANCE,0.3524,-28.200,-18.900,-28.200,0.0000,0.0000,0.0283,0.0000,0.0283,0.0000,1,
52.7239,216.2300,MODEL_BUILDING,STANCE,0.3631,-28.300,-11.000,-28.300,0.0000,0.0000,0.0165,0.0000,0.0165,0.0000,1,
52.7359,216.2500,MODEL_BUILDING,STANCE,0.3843,-28.400,-4.100,-28.400,0.0000,0.0000,0.0061,0.0000,0.0061,0.0000,1,
52.7479,216.2600,MODEL_BUILDING,STANCE,0.3949,-28.500,-5.300,-28.500,0.0000,0.0000,0.0080,0.0000,0.0080,0.0000,1,
52.7599,216.2700,READY,STANCE,0.4055,-28.500,-5.800,-28.500,0.0000,0.0000,0.0087,0.0000,0.0087,0.0000,1,
52.7719,216.2800,READY,STANCE,0.4161,-28.600,-8.200,-57.013,0.0000,0.0000,-0.1298,0.0000,-0.1298,0.0000,0,
52.7839,216.2900,READY,STANCE,0.4268,-28.700,-18.000,-57.013,0.0000,0.0000,-0.1146,0.0000,-0.1146,0.0000,0,
52.7959,216.3100,READY,STANCE,0.4480,-29.400,-43.100,-57.013,0.0000,0.0000,-0.0734,0.0000,-0.0734,0.0000,0,
52.8039,216.3200,READY,STANCE,0.4586,-29.900,-55.500,-57.013,0.0000,0.0000,-0.0523,0.0000,-0.0523,0.0000,0,
52.8119,216.3300,READY,STANCE,0.4692,-30.500,-61.600,-57.013,0.0000,0.0000,-0.0402,0.0000,-0.0402,0.0000,0,
52.8279,216.3400,READY,STANCE,0.4798,-31.200,-68.500,-57.013,0.0000,0.0000,-0.0263,0.0000,-0.0263,0.0000,0,
52.8399,216.3500,READY,STANCE,0.4904,-31.900,-73.600,-57.013,0.0000,0.0000,-0.0152,0.0000,-0.0152,0.0000,0,
52.8479,216.3600,READY,STANCE,0.5011,-32.600,-74.800,-57.013,0.0000,0.0000,-0.0099,0.0000,-0.0099,0.0000,0,
52.8559,216.3700,READY,STANCE,0.5117,-33.400,-72.200,-57.013,0.0000,0.0000,-0.0098,0.0000,-0.0098,0.0000,0,
52.8719,216.3800,READY,STANCE,0.5223,-34.100,-68.200,-57.013,0.0000,0.0000,-0.0123,0.0000,-0.0123,0.0000,0,
52.8799,216.3900,READY,STANCE,0.5329,-34.700,-64.200,-57.013,0.0000,0.0000,-0.0153,0.0000,-0.0153,0.0000,0,
52.8919,216.4000,READY,STANCE,0.5435,-35.300,-58.100,-57.013,0.0000,0.0000,-0.0214,0.0000,-0.0214,0.0000,0,
52.9039,216.4100,READY,STANCE,0.5541,-35.800,-49.000,-57.013,0.0000,0.0000,-0.0326,0.0000,-0.0326,0.0000,0,
52.9119,216.4300,READY,STANCE,0.5754,-36.600,-30.400,-57.013,0.0000,0.0000,-0.0565,0.0000,-0.0565,0.0000,0,
52.9199,216.4400,READY,STANCE,0.5860,-36.800,-23.600,-57.013,0.0000,0.0000,-0.0657,0.0000,-0.0657,0.0000,0,
52.9319,216.4500,READY,STANCE,0.5966,-37.000,-18.700,-57.013,0.0000,0.0000,-0.0720,0.0000,-0.0720,0.0000,0,
52.9399,216.4600,READY,STANCE,0.6072,-37.200,-18.600,-57.013,0.0000,0.0000,-0.0712,0.0000,-0.0712,0.0000,0,
52.9520,216.4700,READY,STANCE,0.6178,-37.400,-16.000,-57.013,0.0000,0.0000,-0.0741,0.0000,-0.0741,0.0000,0,
52.9601,216.4800,READY,STANCE,0.6285,-37.600,-14.900,-57.013,0.0000,0.0000,-0.0747,0.0000,-0.0747,0.0000,0,
52.9721,216.4900,READY,STANCE,0.6391,-37.700,-12.000,-57.013,0.0000,0.0000,-0.0786,0.0000,-0.0786,0.0000,0,
52.9801,216.5000,READY,STANCE,0.6497,-37.800,-6.900,-57.013,0.0000,0.0000,-0.0857,0.0000,-0.0857,0.0000,0,
52.9921,216.5100,READY,STANCE,0.6603,-37.800,-5.500,-57.013,0.0000,0.0000,-0.0878,0.0000,-0.0878,0.0000,0,
53.0002,216.5200,READY,STANCE,0.6709,-37.900,-9.400,-57.013,0.0000,0.0000,-0.0815,0.0000,-0.0815,0.0000,0,
53.0122,216.5300,READY,STANCE,0.6815,-38.000,-11.500,-57.013,0.0000,0.0000,-0.0778,0.0000,-0.0778,0.0000,0,
53.0202,216.5400,READY,STANCE,0.6921,-38.200,-15.000,-57.013,0.0000,0.0000,-0.0716,0.0000,-0.0716,0.0000,0,
53.0322,216.5500,READY,STANCE,0.7028,-38.300,-20.400,-57.013,0.0000,0.0000,-0.0630,0.0000,-0.0630,0.0000,0,
53.0401,216.5600,READY,STANCE,0.7134,-38.600,-26.500,-57.013,0.0000,0.0000,-0.0523,0.0000,-0.0523,0.0000,0,
53.0522,216.5700,READY,STANCE,0.7240,-38.900,-36.400,-57.013,0.0000,0.0000,-0.0360,0.0000,-0.0360,0.0000,0,
53.0601,216.5800,READY,STANCE,0.7346,-39.300,-44.900,-57.013,0.0000,0.0000,-0.0212,0.0000,-0.0212,0.0000,0,
53.0722,216.5900,READY,STANCE,0.7452,-39.900,-54.800,-57.013,0.0000,0.0000,-0.0034,0.0000,-0.0034,0.0000,0,
53.0802,216.6000,READY,STANCE,0.7558,-40.500,-65.100,-57.013,0.0000,0.0000,0.0151,0.0000,0.0151,0.0000,1,
53.0922,216.6100,READY,STANCE,0.7665,-41.200,-71.000,-57.013,0.0000,0.0000,0.0274,0.0000,0.0274,0.0000,1,
53.1001,216.6200,READY,STANCE,0.7771,-41.900,-78.400,-57.013,0.0000,0.0000,0.0420,0.0000,0.0420,0.0000,1,
53.1120,216.6300,READY,STANCE,0.7877,-42.800,-86.900,-57.013,0.0000,0.0000,0.0593,0.0000,0.0593,0.0000,1,
53.1201,216.6400,READY,STANCE,0.7983,-43.700,-93.700,-57.013,0.0000,0.0000,0.0740,0.0000,0.0740,0.0000,1,
53.1321,216.6500,READY,STANCE,0.8089,-44.700,-101.300,-57.013,0.0000,0.0000,0.0904,0.0000,0.0904,0.0000,1,
53.1441,216.6600,READY,STANCE,0.8195,-45.800,-109.000,-57.013,0.0000,0.0000,0.1074,0.0000,0.1074,0.0000,1,
53.1563,216.6700,READY,STANCE,0.8301,-46.900,-114.900,-57.013,0.0000,0.0000,0.1218,0.0000,0.1218,0.0000,1,
53.1682,216.6800,READY,STANCE,0.8408,-48.100,-124.100,-57.013,0.0000,0.0000,0.1416,0.0000,0.1416,0.0000,1,
53.1762,216.6900,READY,STANCE,0.8514,-49.400,-132.700,-57.013,0.0000,0.0000,0.1610,0.0000,0.1610,0.0000,1,
53.1883,216.7000,READY,STANCE,0.8620,-50.800,-140.200,-57.013,0.0000,0.0000,0.1792,0.0000,0.1792,0.0000,1,
53.1962,216.7100,READY,STANCE,0.8726,-52.200,-147.400,-57.013,0.0000,0.0000,0.1970,0.0000,0.1970,0.0000,1,
53.2082,216.7200,READY,STANCE,0.8832,-53.800,-155.600,-57.013,0.0000,0.0000,0.2173,0.0000,0.2173,0.0000,1,
53.2162,216.7300,READY,STANCE,0.8938,-55.400,-164.700,-57.013,0.0000,0.0000,0.2390,0.0000,0.2390,0.0000,1,
53.2282,216.7400,READY,STANCE,0.9045,-57.100,-176.700,-57.013,0.0000,0.0000,0.2655,0.0000,0.2655,0.0000,1,
53.2402,216.7500,READY,STANCE,0.9151,-59.000,-192.300,-57.013,0.0000,0.0000,0.2984,0.0000,0.2984,0.0000,1,
53.2482,216.7600,READY,STANCE,0.9257,-61.000,-211.100,-57.013,0.0000,0.0000,0.3366,0.0000,0.3366,0.0000,1,
53.2603,216.7700,READY,STANCE,0.9363,-63.300,-229.800,-57.013,0.0000,0.0000,0.3761,0.0000,0.3761,0.0000,1,
53.2682,216.7800,READY,STANCE,0.9469,-65.700,-250.200,-57.013,0.0000,0.0000,0.4187,0.0000,0.4187,0.0000,1,
53.2803,216.7900,READY,STANCE,0.9575,-68.400,-276.800,-57.013,0.0000,0.0000,0.4721,0.0000,0.4721,0.0000,1,
53.2882,216.8000,READY,STANCE,0.0000,-71.500,-305.600,-57.013,0.0000,0.0000,0.5308,0.0000,0.5308,0.0000,1,
53.2960,216.8100,WALKING,STANCE,0.0108,-74.900,-330.700,-57.013,0.0000,0.0000,0.5855,0.0000,0.5855,0.0000,1,
53.3080,216.8200,WALKING,STANCE,0.0216,-78.400,-356.700,-57.013,0.0000,0.0000,0.6420,0.0000,0.6420,0.0000,1,
53.3160,216.8300,WALKING,STANCE,0.0325,-82.000,-378.900,-57.013,0.0000,0.0000,0.6933,0.0000,0.6933,0.0000,1,
53.3280,216.8400,WALKING,STANCE,0.0433,-86.100,-401.300,-57.013,0.0000,0.0000,0.7474,0.0000,0.7474,0.0000,1,
53.3360,216.8500,WALKING,STANCE,0.0541,-90.100,-415.200,-57.013,0.0000,0.0000,0.7882,0.0000,0.7882,0.0000,1,
53.3480,216.8600,WALKING,STANCE,0.0649,-94.200,-409.500,-57.013,0.0000,0.0000,0.8002,0.0000,0.8002,0.0000,1,
53.3560,216.8700,WALKING,STANCE,0.0758,-98.300,-403.900,-57.013,0.0000,0.0000,0.8123,0.0000,0.8123,0.0000,1,
53.3720,216.8800,WALKING,STANCE,0.0866,-102.200,-384.400,-57.013,0.0000,0.0000,0.8025,0.0000,0.8025,0.0000,1,
53.3803,216.8900,WALKING,STANCE,0.0974,-106.000,-363.700,-57.013,0.0000,0.0000,0.7905,0.0000,0.7905,0.0000,1,
53.3923,216.9000,WALKING,STANCE,0.1082,-109.400,-339.100,-57.013,0.0000,0.0000,0.7706,0.0000,0.7706,0.0000,1,
53.4003,216.9100,WALKING,STANCE,0.1190,-112.600,-307.700,-57.013,0.0000,0.0000,0.7395,0.0000,0.7395,0.0000,1,
53.4122,216.9200,WALKING,STANCE,0.1299,-115.500,-277.200,-57.013,0.0000,0.0000,0.7082,0.0000,0.7082,0.0000,1,
53.4202,216.9300,WALKING,STANCE,0.1407,-118.000,-244.600,-57.013,0.0000,0.0000,0.6718,0.0000,0.6718,0.0000,1,
53.4322,216.9400,WALKING,STANCE,0.1515,-120.200,-208.400,-57.013,0.0000,0.0000,0.6285,0.0000,0.6285,0.0000,1,
53.4402,216.9500,WALKING,STANCE,0.1623,-122.000,-168.600,-57.013,0.0000,0.0000,0.5778,0.0000,0.5778,0.0000,1,
53.4523,216.9600,WALKING,STANCE,0.1732,-123.400,-126.900,-57.013,0.0000,0.0000,0.5223,0.0000,0.5223,0.0000,1,
53.4603,216.9700,WALKING,STANCE,0.1840,-124.400,-82.700,-57.013,0.0000,0.0000,0.4610,0.0000,0.4610,0.0000,1,
53.4723,216.9800,WALKING,STANCE,0.1948,-124.900,-35.300,-57.013,0.0000,0.0000,0.3924,0.0000,0.3924,0.0000,1,
53.4802,216.9900,WALKING,STANCE,0.2056,-124.900,6.500,-57.013,0.0000,0.0000,0.3297,0.0000,0.3297,0.0000,1,
53.4921,217.0000,WALKING,STANCE,0.2165,-124.800,20.300,-57.013,0.0000,0.0000,0.3085,0.0000,0.3085,0.0000,1,
53.5041,217.0100,WALKING,STANCE,0.2273,-124.200,56.400,-57.013,0.0000,0.0000,0.2513,0.0000,0.2513,0.0000,1,
53.5122,217.0300,WALKING,STANCE,0.2489,-122.600,93.900,-57.013,0.0000,0.0000,0.1871,0.0000,0.1871,0.0000,1,
53.5243,217.0400,WALKING,SWING,0.0146,-121.500,113.200,-57.013,0.0459,0.0000,0.1526,0.0000,0.1526,0.0000,1,
53.5322,217.0500,WALKING,SWING,0.0308,-120.300,131.200,-57.013,0.0967,0.0000,0.1196,0.0000,0.1196,0.0000,1,
53.5443,217.0600,WALKING,SWING,0.0471,-118.800,149.200,-57.013,0.1474,0.0000,0.0851,0.0000,0.0851,0.0000,1,
53.5522,217.0700,WALKING,SWING,0.0633,-117.200,169.100,-57.013,0.1976,0.0000,0.0473,0.0000,0.0473,0.0000,1,
53.5644,217.0800,WALKING,SWING,0.0795,-115.400,189.300,-57.013,0.2473,0.0000,0.0080,0.0000,0.0080,0.0000,1,
53.5723,217.0900,WALKING,SWING,0.0958,-113.300,208.900,-57.013,0.2964,0.0000,-0.0319,0.0000,-0.0319,0.0000,0,
53.5841,217.1000,WALKING,SWING,0.1120,-111.100,229.800,-57.013,0.3447,0.0000,-0.0743,0.0000,-0.0743,0.0000,0,
53.5922,217.1100,WALKING,SWING,0.1282,-108.600,254.900,-57.013,0.3921,0.0000,-0.1244,0.0000,-0.1244,0.0000,0,
53.6042,217.1200,WALKING,SWING,0.1445,-105.900,278.100,-57.013,0.4385,0.0000,-0.1727,0.0000,-0.1727,0.0000,0,
53.6123,217.1300,WALKING,SWING,0.1607,-103.000,296.200,-57.013,0.4837,0.0000,-0.2144,0.0000,-0.2144,0.0000,0,
53.6242,217.1400,WALKING,SWING,0.1769,-99.900,318.000,-57.013,0.5277,0.0000,-0.2626,0.0000,-0.2626,0.0000,0,
53.6322,217.1500,WALKING,SWING,0.1932,-96.600,339.000,-57.013,0.5703,0.0000,-0.3106,0.0000,-0.3106,0.0000,0,
53.6444,217.1600,WALKING,SWING,0.2094,-93.100,353.800,-57.013,0.6115,0.0000,-0.3503,0.0000,-0.3503,0.0000,0,
53.6522,217.1700,WALKING,SWING,0.2256,-89.400,378.000,-57.013,0.6510,0.0000,-0.4051,0.0000,-0.4051,0.0000,0,
53.6644,217.1800,WALKING,SWING,0.2419,-85.400,396.300,-57.013,0.6888,0.0000,-0.4525,0.0000,-0.4525,0.0000,0,
53.6722,217.1900,WALKING,SWING,0.2581,-81.400,409.000,-57.013,0.7249,0.0000,-0.4916,0.0000,-0.4916,0.0000,0,
53.6843,217.2000,WALKING,SWING,0.2744,-77.200,426.200,-57.013,0.7591,0.0000,-0.5384,0.0000,-0.5384,0.0000,0,
53.6923,217.2100,WALKING,SWING,0.2906,-72.800,446.300,-57.013,0.7913,0.0000,-0.5905,0.0000,-0.5905,0.0000,0,
53.7041,217.2200,WALKING,SWING,0.3068,-68.200,464.400,-57.013,0.8214,0.0000,-0.6407,0.0000,-0.6407,0.0000,0,
53.7122,217.2300,WALKING,SWING,0.3231,-63.500,471.500,-57.013,0.8494,0.0000,-0.6748,0.0000,-0.6748,0.0000,0,
53.7243,217.2400,WALKING,SWING,0.3393,-58.700,478.500,-57.013,0.8752,0.0000,-0.7093,0.0000,-0.7093,0.0000,0,
53.7323,217.2500,WALKING,SWING,0.3555,-54.000,472.000,-57.013,0.8987,0.0000,-0.7231,0.0000,-0.7231,0.0000,0,
53.7442,217.2600,WALKING,SWING,0.3718,-49.300,462.600,-57.013,0.9199,0.0000,-0.7325,0.0000,-0.7325,0.0000,0,
53.7522,217.2700,WALKING,SWING,0.3880,-44.900,429.800,-57.013,0.9387,0.0000,-0.7053,0.0000,-0.7053,0.0000,0,
53.7643,217.2800,WALKING,SWING,0.4042,-40.800,393.600,-57.013,0.9551,0.0000,-0.6715,0.0000,-0.6715,0.0000,0,
53.7722,217.2900,WALKING,SWING,0.4205,-37.200,352.200,-57.013,0.9689,0.0000,-0.6274,0.0000,-0.6274,0.0000,0,
53.7844,217.3000,WALKING,SWING,0.4367,-33.900,312.700,-57.013,0.9803,0.0000,-0.5846,0.0000,-0.5846,0.0000,0,
53.7922,217.3100,WALKING,SWING,0.4529,-31.100,266.700,-57.013,0.9891,0.0000,-0.5296,0.0000,-0.5296,0.0000,0,
53.8044,217.3200,WALKING,SWING,0.4692,-28.800,224.100,-57.013,0.9953,0.0000,-0.4772,0.0000,-0.4772,0.0000,0,
53.8122,217.3300,WALKING,SWING,0.4854,-26.800,189.900,-57.013,0.9989,0.0000,-0.4359,0.0000,-0.4359,0.0000,0,
53.8243,217.3400,WALKING,SWING,0.5016,-25.100,161.800,-57.013,1.0000,0.0000,-0.4023,0.0000,-0.4023,0.0000,0,
53.8322,217.3500,WALKING,SWING,0.5179,-23.600,138.800,-57.013,0.9984,0.0000,-0.3753,0.0000,-0.3753,0.0000,0,
53.8443,217.3600,WALKING,SWING,0.5341,-22.400,118.400,-57.013,0.9943,0.0000,-0.3507,0.0000,-0.3507,0.0000,0,
53.8521,217.3700,WALKING,SWING,0.5503,-21.300,103.400,-57.013,0.9875,0.0000,-0.3337,0.0000,-0.3337,0.0000,0,
53.8643,217.3800,WALKING,SWING,0.5666,-20.400,91.200,-57.013,0.9782,0.0000,-0.3199,0.0000,-0.3199,0.0000,0,
53.8722,217.3900,WALKING,SWING,0.5828,-19.600,82.000,-57.013,0.9664,0.0000,-0.3101,0.0000,-0.3101,0.0000,0,
53.8844,217.4000,WALKING,SWING,0.5990,-18.800,75.500,-57.013,0.9520,0.0000,-0.3043,0.0000,-0.3043,0.0000,0,
53.8923,217.4100,WALKING,SWING,0.6153,-18.100,68.900,-57.013,0.9352,0.0000,-0.2979,0.0000,-0.2979,0.0000,0,
53.9044,217.4200,WALKING,SWING,0.6315,-17.400,63.500,-57.013,0.9159,0.0000,-0.2933,0.0000,-0.2933,0.0000,0,
53.9122,217.4300,WALKING,SWING,0.6477,-16.800,58.400,-57.013,0.8942,0.0000,-0.2887,0.0000,-0.2887,0.0000,0,
53.9243,217.4400,WALKING,SWING,0.6640,-16.300,50.700,-57.013,0.8702,0.0000,-0.2796,0.0000,-0.2796,0.0000,0,
53.9322,217.4500,WALKING,SWING,0.6802,-15.900,36.000,-57.013,0.8440,0.0000,-0.2596,0.0000,-0.2596,0.0000,0,
53.9442,217.4600,WALKING,SWING,0.6964,-15.600,19.500,-57.013,0.8156,0.0000,-0.2363,0.0000,-0.2363,0.0000,0,
53.9521,217.4700,WALKING,SWING,0.7127,-15.600,2.700,-57.013,0.7850,0.0000,-0.2111,0.0000,-0.2111,0.0000,0,
53.9643,217.4800,WALKING,SWING,0.7289,-15.600,-2.600,-57.013,0.7524,0.0000,-0.2032,0.0000,-0.2032,0.0000,0,
53.9722,217.4900,WALKING,SWING,0.7451,-15.600,-0.700,-57.013,0.7178,0.0000,-0.2060,0.0000,-0.2060,0.0000,0,
53.9842,217.5000,WALKING,SWING,0.7614,-15.600,-1.000,-57.013,0.6814,0.0000,-0.2056,0.0000,-0.2056,0.0000,0,
53.9922,217.5100,WALKING,SWING,0.7776,-15.600,-4.800,-57.013,0.6432,0.0000,-0.1999,0.0000,-0.1999,0.0000,0,
54.0044,217.5200,WALKING,SWING,0.7938,-15.700,-10.200,-57.013,0.6034,0.0000,-0.1913,0.0000,-0.1913,0.0000,0,
54.0122,217.5300,WALKING,SWING,0.8101,-15.900,-16.300,-57.013,0.5619,0.0000,-0.1811,0.0000,-0.1811,0.0000,0,
54.0242,217.5400,WALKING,SWING,0.8263,-16.100,-25.900,-57.013,0.5190,0.0000,-0.1657,0.0000,-0.1657,0.0000,0,
54.0321,217.5500,WALKING,SWING,0.8425,-16.500,-39.000,-57.013,0.4748,0.0000,-0.1441,0.0000,-0.1441,0.0000,0,
54.0443,217.5600,WALKING,SWING,0.8588,-16.900,-48.600,-57.013,0.4293,0.0000,-0.1277,0.0000,-0.1277,0.0000,0,
54.0522,217.5700,WALKING,SWING,0.8750,-17.400,-51.300,-57.013,0.3827,0.0000,-0.1211,0.0000,-0.1211,0.0000,0,
54.0642,217.5800,WALKING,SWING,0.8912,-17.900,-48.200,-57.013,0.3351,0.0000,-0.1233,0.0000,-0.1233,0.0000,0,
54.0721,217.5900,WALKING,SWING,0.9075,-18.400,-41.800,-57.013,0.2866,0.0000,-0.1304,0.0000,-0.1304,0.0000,0,
54.0842,217.6000,WALKING,SWING,0.9237,-18.700,-33.500,-57.013,0.2374,0.0000,-0.1413,0.0000,-0.1413,0.0000,0,
54.0922,217.6100,WALKING,SWING,0.9399,-19.000,-23.000,-57.013,0.1876,0.0000,-0.1556,0.0000,-0.1556,0.0000,0,
54.1044,217.6200,WALKING,SWING,0.9562,-19.100,-10.700,-57.013,0.1373,0.0000,-0.1735,0.0000,-0.1735,0.0000,0,
54.1122,217.6300,WALKING,SWING,0.9724,-19.200,0.700,-57.013,0.0866,0.0000,-0.1901,0.0000,-0.1901,0.0000,0,
54.1242,217.6400,WALKING,SWING,0.9886,-19.200,0.100,-57.013,0.0357,0.0000,-0.1892,0.0000,-0.1892,0.0000,0,
54.1322,217.6500,WALKING,STANCE,0.2532,-19.200,-0.700,-57.013,0.0000,0.0000,-0.1880,0.0000,-0.1880,0.0000,0,
54.1443,217.6600,WALKING,STANCE,0.2641,-19.200,-1.400,-57.013,0.0000,0.0000,-0.1870,0.0000,-0.1870,0.0000,0,
54.1521,217.6700,WALKING,STANCE,0.2749,-19.200,-5.500,-57.013,0.0000,0.0000,-0.1808,0.0000,-0.1808,0.0000,0,
54.1642,217.6800,WALKING,STANCE,0.2857,-19.300,-13.400,-57.013,0.0000,0.0000,-0.1685,0.0000,-0.1685,0.0000,0,
54.1721,217.6900,WALKING,STANCE,0.2965,-19.500,-22.400,-57.013,0.0000,0.0000,-0.1540,0.0000,-0.1540,0.0000,0,
54.1844,217.7000,WALKING,STANCE,0.3074,-19.800,-36.200,-57.013,0.0000,0.0000,-0.1318,0.0000,-0.1318,0.0000,0,
54.1923,217.7100,WALKING,STANCE,0.3182,-20.300,-50.500,-57.013,0.0000,0.0000,-0.1078,0.0000,-0.1078,0.0000,0,
54.2044,217.7200,WALKING,STANCE,0.3290,-20.900,-68.600,-57.013,0.0000,0.0000,-0.0777,0.0000,-0.0777,0.0000,0,
54.2123,217.7300,WALKING,STANCE,0.3398,-21.700,-89.100,-57.013,0.0000,0.0000,-0.0429,0.0000,-0.0429,0.0000,0,
54.2243,217.7400,WALKING,STANCE,0.3506,-22.800,-106.400,-57.013,0.0000,0.0000,-0.0115,0.0000,-0.0115,0.0000,0,
54.2322,217.7500,WALKING,STANCE,0.3615,-23.900,-119.100,-57.013,0.0000,0.0000,0.0131,0.0000,0.0131,0.0000,1,
54.2444,217.7600,WALKING,STANCE,0.3723,-25.000,-126.700,-57.013,0.0000,0.0000,0.0300,0.0000,0.0300,0.0000,1,
54.2522,217.7700,WALKING,STANCE,0.3831,-26.500,-131.200,-57.013,0.0000,0.0000,0.0442,0.0000,0.0442,0.0000,1,
54.2643,217.7800,WALKING,STANCE,0.3939,-27.800,-130.700,-57.013,0.0000,0.0000,0.0500,0.0000,0.0500,0.0000,1,
54.2722,217.7900,WALKING,STANCE,0.4048,-29.100,-127.000,-57.013,0.0000,0.0000,0.0509,0.0000,0.0509,0.0000,1,
54.2844,217.8000,WALKING,STANCE,0.4156,-30.300,-119.800,-57.013,0.0000,0.0000,0.0461,0.0000,0.0461,0.0000,1,
54.2922,217.8100,WALKING,STANCE,0.4264,-31.400,-110.100,-57.013,0.0000,0.0000,0.0371,0.0000,0.0371,0.0000,1,
54.3043,217.8200,WALKING,STANCE,0.4372,-32.400,-97.200,-57.013,0.0000,0.0000,0.0227,0.0000,0.0227,0.0000,1,
54.3123,217.8300,WALKING,STANCE,0.4481,-33.300,-81.400,-57.013,0.0000,0.0000,0.0035,0.0000,0.0035,0.0000,1,
54.3242,217.8400,WALKING,STANCE,0.4589,-34.000,-64.900,-57.013,0.0000,0.0000,-0.0177,0.0000,-0.0177,0.0000,0,
54.3321,217.8500,WALKING,STANCE,0.4697,-34.500,-47.600,-57.013,0.0000,0.0000,-0.0412,0.0000,-0.0412,0.0000,0,
54.3443,217.8600,WALKING,STANCE,0.4805,-34.900,-29.900,-57.013,0.0000,0.0000,-0.0657,0.0000,-0.0657,0.0000,0,
54.3522,217.8700,WALKING,STANCE,0.4913,-35.100,-9.400,-57.013,0.0000,0.0000,-0.0955,0.0000,-0.0955,0.0000,0,
54.3642,217.8800,WALKING,STANCE,0.5022,-35.000,5.700,-57.013,0.0000,0.0000,-0.1186,0.0000,-0.1186,0.0000,0,
54.3720,217.8900,WALKING,STANCE,0.5130,-35.000,2.600,-57.013,0.0000,0.0000,-0.1140,0.0000,-0.1140,0.0000,0,
54.3839,217.9000,WALKING,STANCE,0.5238,-35.000,-0.800,-57.013,0.0000,0.0000,-0.1089,0.0000,-0.1089,0.0000,0,
54.3920,217.9100,WALKING,STANCE,0.5346,-35.000,0.000,-57.013,0.0000,0.0000,-0.1101,0.0000,-0.1101,0.0000,0,
54.4044,217.9200,WALKING,STANCE,0.5455,-35.000,-0.100,-57.013,0.0000,0.0000,-0.1099,0.0000,-0.1099,0.0000,0,
54.4123,217.9300,WALKING,STANCE,0.5563,-35.000,-0.900,-57.013,0.0000,0.0000,-0.1087,0.0000,-0.1087,0.0000,0,
54.4241,217.9400,WALKING,STANCE,0.5671,-35.000,-3.900,-57.013,0.0000,0.0000,-0.1042,0.0000,-0.1042,0.0000,0,
54.4322,217.9500,WALKING,STANCE,0.5779,-35.100,-6.200,-57.013,0.0000,0.0000,-0.1003,0.0000,-0.1003,0.0000,0,
54.4442,217.9600,WALKING,STANCE,0.5887,-35.200,-11.100,-57.013,0.0000,0.0000,-0.0924,0.0000,-0.0924,0.0000,0,
54.4522,217.9700,WALKING,STANCE,0.5996,-35.400,-21.500,-57.013,0.0000,0.0000,-0.0758,0.0000,-0.0758,0.0000,0,
54.4643,217.9800,WALKING,STANCE,0.6104,-35.600,-33.900,-57.013,0.0000,0.0000,-0.0562,0.0000,-0.0562,0.0000,0,
54.4722,217.9900,WALKING,STANCE,0.6212,-36.100,-50.800,-57.013,0.0000,0.0000,-0.0284,0.0000,-0.0284,0.0000,0,
54.4843,218.0000,WALKING,STANCE,0.6320,-36.400,-58.000,-57.013,0.0000,0.0000,-0.0161,0.0000,-0.0161,0.0000,0,
54.4923,218.0100,WALKING,STANCE,0.6429,-37.500,-83.300,-57.013,0.0000,0.0000,0.0274,0.0000,0.0274,0.0000,1,
54.5044,218.0200,WALKING,STANCE,0.6537,-38.400,-94.900,-57.013,0.0000,0.0000,0.0493,0.0000,0.0493,0.0000,1,
54.5123,218.0300,WALKING,STANCE,0.6645,-39.400,-105.000,-57.013,0.0000,0.0000,0.0694,0.0000,0.0694,0.0000,1,
54.5244,218.0400,WALKING,STANCE,0.6753,-40.600,-113.500,-57.013,0.0000,0.0000,0.0882,0.0000,0.0882,0.0000,1,
54.5322,218.0500,WALKING,STANCE,0.6861,-41.700,-117.000,-57.013,0.0000,0.0000,0.0989,0.0000,0.0989,0.0000,1,
54.5442,218.0600,WALKING,STANCE,0.6970,-42.900,-117.600,-57.013,0.0000,0.0000,0.1058,0.0000,0.1058,0.0000,1,
54.5522,218.0700,WALKING,STANCE,0.7078,-44.000,-113.900,-57.013,0.0000,0.0000,0.1058,0.0000,0.1058,0.0000,1,
54.5643,218.0800,WALKING,STANCE,0.7186,-45.100,-108.100,-57.013,0.0000,0.0000,0.1026,0.0000,0.1026,0.0000,1,
54.5722,218.0900,WALKING,STANCE,0.7294,-46.200,-99.000,-57.013,0.0000,0.0000,0.0944,0.0000,0.0944,0.0000,1,
54.5844,218.1000,WALKING,STANCE,0.7403,-47.100,-87.900,-57.013,0.0000,0.0000,0.0823,0.0000,0.0823,0.0000,1,
54.5922,218.1100,WALKING,STANCE,0.7511,-47.900,-78.200,-57.013,0.0000,0.0000,0.0717,0.0000,0.0717,0.0000,1,
54.6044,218.1200,WALKING,STANCE,0.7619,-48.600,-66.600,-57.013,0.0000,0.0000,0.0578,0.0000,0.0578,0.0000,1,
54.6122,218.1300,WALKING,STANCE,0.7727,-49.200,-53.200,-57.013,0.0000,0.0000,0.0407,0.0000,0.0407,0.0000,1,
54.6241,218.1400,WALKING,STANCE,0.7835,-49.600,-43.200,-57.013,0.0000,0.0000,0.0277,0.0000,0.0277,0.0000,1,
54.6323,218.1500,WALKING,STANCE,0.7944,-50.000,-35.000,-57.013,0.0000,0.0000,0.0174,0.0000,0.0174,0.0000,1,
54.6443,218.1600,WALKING,STANCE,0.8052,-50.300,-29.000,-57.013,0.0000,0.0000,0.0099,0.0000,0.0099,0.0000,1,
54.6522,218.1700,WALKING,STANCE,0.8160,-50.600,-24.500,-57.013,0.0000,0.0000,0.0047,0.0000,0.0047,0.0000,1,
54.6642,218.1800,WALKING,STANCE,0.8268,-50.800,-20.900,-57.013,0.0000,0.0000,0.0003,0.0000,0.0003,0.0000,1,
54.6721,218.1900,WALKING,STANCE,0.8377,-51.000,-20.200,-57.013,0.0000,0.0000,0.0002,0.0000,0.0002,0.0000,1,
54.6841,218.2000,WALKING,STANCE,0.8485,-51.200,-21.900,-57.013,0.0000,0.0000,0.0038,0.0000,0.0038,0.0000,1,
54.6923,218.2100,WALKING,STANCE,0.8593,-51.400,-24.500,-57.013,0.0000,0.0000,0.0087,0.0000,0.0087,0.0000,1,
54.7043,218.2200,WALKING,STANCE,0.8701,-51.700,-30.200,-57.013,0.0000,0.0000,0.0187,0.0000,0.0187,0.0000,1,
54.7122,218.2300,WALKING,STANCE,0.8810,-52.100,-42.100,-57.013,0.0000,0.0000,0.0386,0.0000,0.0386,0.0000,1,
54.7244,218.2400,WALKING,STANCE,0.8918,-52.600,-55.500,-57.013,0.0000,0.0000,0.0612,0.0000,0.0612,0.0000,1,
54.7321,218.2500,WALKING,STANCE,0.9026,-53.200,-69.200,-57.013,0.0000,0.0000,0.0847,0.0000,0.0847,0.0000,1,
54.7443,218.2600,WALKING,STANCE,0.9134,-54.100,-85.100,-57.013,0.0000,0.0000,0.1131,0.0000,0.1131,0.0000,1,
54.7521,218.2700,WALKING,STANCE,0.9242,-55.000,-101.300,-57.013,0.0000,0.0000,0.1419,0.0000,0.1419,0.0000,1,
54.7642,218.2800,WALKING,STANCE,0.9351,-56.200,-121.700,-57.013,0.0000,0.0000,0.1785,0.0000,0.1785,0.0000,1,
54.7721,218.2900,WALKING,STANCE,0.9459,-57.500,-141.000,-57.013,0.0000,0.0000,0.2139,0.0000,0.2139,0.0000,1,
54.7842,218.3000,WALKING,STANCE,0.9567,-59.100,-161.400,-57.013,0.0000,0.0000,0.2525,0.0000,0.2525,0.0000,1,
54.7922,218.3100,WALKING,STANCE,0.9675,-60.800,-181.000,-57.013,0.0000,0.0000,0.2904,0.0000,0.2904,0.0000,1,
54.8041,218.3200,WALKING,STANCE,0.9784,-62.800,-200.600,-57.013,0.0000,0.0000,0.3298,0.0000,0.3298,0.0000,1,
54.8122,218.3300,WALKING,STANCE,0.9892,-64.900,-219.100,-57.013,0.0000,0.0000,0.3681,0.0000,0.3681,0.0000,1,
54.8241,218.3400,WALKING,STANCE,1.0000,-67.200,-237.900,-57.013,0.0000,0.0000,0.4078,0.0000,0.4078,0.0000,1,
54.8322,218.3500,WALKING,STANCE,0.0000,-69.800,-257.900,-57.013,0.0000,0.0000,0.4508,0.0000,0.4508,0.0000,1,
54.8440,218.3600,WALKING,STANCE,0.0108,-72.500,-276.400,-57.013,0.0000,0.0000,0.4920,0.0000,0.4920,0.0000,1,
54.8521,218.3700,WALKING,STANCE,0.0215,-75.300,-290.500,-57.013,0.0000,0.0000,0.5272,0.0000,0.5272,0.0000,1,
54.8641,218.3800,WALKING,STANCE,0.0323,-78.000,-304.400,-57.013,0.0000,0.0000,0.5615,0.0000,0.5615,0.0000,1,
54.8722,218.3900,WALKING,STANCE,0.0430,-81.500,-319.500,-57.013,0.0000,0.0000,0.6017,0.0000,0.6017,0.0000,1,
54.8843,218.4000,WALKING,STANCE,0.0538,-84.800,-331.700,-57.013,0.0000,0.0000,0.6365,0.0000,0.6365,0.0000,1,
54.8921,218.4100,WALKING,STANCE,0.0645,-88.200,-346.600,-57.013,0.0000,0.0000,0.6758,0.0000,0.6758,0.0000,1,
54.9043,218.4200,WALKING,STANCE,0.0753,-91.700,-351.400,-57.013,0.0000,0.0000,0.7005,0.0000,0.7005,0.0000,1,
54.9121,218.4300,WALKING,STANCE,0.0860,-95.200,-354.900,-57.013,0.0000,0.0000,0.7233,0.0000,0.7233,0.0000,1,
54.9242,218.4400,WALKING,STANCE,0.0968,-98.900,-365.900,-57.013,0.0000,0.0000,0.7583,0.0000,0.7583,0.0000,1,
54.9321,218.4500,WALKING,STANCE,0.1075,-102.600,-373.300,-57.013,0.0000,0.0000,0.7879,0.0000,0.7879,0.0000,1,
54.9443,218.4600,WALKING,STANCE,0.1183,-106.400,-388.300,-57.013,0.0000,0.0000,0.8294,0.0000,0.8294,0.0000,1,
54.9522,218.4700,WALKING,STANCE,0.1290,-110.400,-400.700,-57.013,0.0000,0.0000,0.8680,0.0000,0.8680,0.0000,1,
54.9642,218.4800,WALKING,STANCE,0.1398,-114.500,-408.800,-57.013,0.0000,0.0000,0.9006,0.0000,0.9006,0.0000,1,
54.9721,218.4900,WALKING,STANCE,0.1505,-118.600,-416.000,-57.013,0.0000,0.0000,0.9319,0.0000,0.9319,0.0000,1,
54.9842,218.5000,WALKING,STANCE,0.1613,-122.800,-418.100,-57.013,0.0000,0.0000,0.9561,0.0000,0.9561,0.0000,1,
54.9922,218.5100,WALKING,STANCE,0.1720,-126.900,-411.200,-57.013,0.0000,0.0000,0.9662,0.0000,0.9662,0.0000,1,
55.0042,218.5200,WALKING,STANCE,0.1828,-130.900,-383.700,-57.013,0.0000,0.0000,0.9450,0.0000,0.9450,0.0000,1,
55.0122,218.5300,WALKING,STANCE,0.1935,-134.500,-353.100,-57.013,0.0000,0.0000,0.9171,0.0000,0.9171,0.0000,1,
55.0241,218.5400,WALKING,STANCE,0.2043,-137.700,-311.200,-57.013,0.0000,0.0000,0.8702,0.0000,0.8702,0.0000,1,
55.0321,218.5500,WALKING,STANCE,0.2151,-140.500,-266.500,-57.013,0.0000,0.0000,0.8172,0.0000,0.8172,0.0000,1,
55.0444,218.5600,WALKING,STANCE,0.2258,-142.900,-223.300,-57.013,0.0000,0.0000,0.7644,0.0000,0.7644,0.0000,1,
55.0563,218.5700,WALKING,STANCE,0.2366,-144.800,-177.200,-57.013,0.0000,0.0000,0.7047,0.0000,0.7047,0.0000,1,
55.0641,218.5800,WALKING,STANCE,0.2473,-146.300,-128.700,-57.013,0.0000,0.0000,0.6395,0.0000,0.6395,0.0000,1,
55.0762,218.5900,WALKING,SWING,0.0121,-147.200,-78.100,-57.013,0.0380,0.0000,0.5681,0.0000,0.5681,0.0000,1,
55.0882,218.6000,WALKING,SWING,0.0282,-147.600,-30.000,-57.013,0.0886,0.0000,0.4979,0.0000,0.4979,0.0000,1,
55.0962,218.6100,WALKING,SWING,0.0444,-147.600,13.000,-57.013,0.1389,0.0000,0.4334,0.0000,0.4334,0.0000,1,
55.1083,218.6200,WALKING,SWING,0.0605,-147.300,36.200,-57.013,0.1889,0.0000,0.3971,0.0000,0.3971,0.0000,1,
55.1203,218.6300,WALKING,SWING,0.0766,-146.800,60.400,-57.013,0.2384,0.0000,0.3583,0.0000,0.3583,0.0000,1,
55.1283,218.6400,WALKING,SWING,0.0927,-146.000,85.800,-57.013,0.2873,0.0000,0.3162,0.0000,0.3162,0.0000,1,
55.1403,218.6500,WALKING,SWING,0.1089,-145.000,112.300,-57.013,0.3354,0.0000,0.2715,0.0000,0.2715,0.0000,1,
55.1482,218.6600,WALKING,SWING,0.1250,-143.700,137.800,-57.013,0.3827,0.0000,0.2267,0.0000,0.2267,0.0000,1,
55.1602,218.6700,WALKING,SWING,0.1411,-142.100,161.800,-57.013,0.4290,0.0000,0.1827,0.0000,0.1827,0.0000,1,
55.1722,218.6800,WALKING,SWING,0.1573,-140.300,185.900,-57.013,0.4742,0.0000,0.1376,0.0000,0.1376,0.0000,1,
55.1802,218.6900,WALKING,SWING,0.1734,-138.300,210.000,-57.013,0.5182,0.0000,0.0914,0.0000,0.0914,0.0000,1,
55.1923,218.7000,WALKING,SWING,0.1895,-136.000,235.500,-57.013,0.5608,0.0000,0.0417,0.0000,0.0417,0.0000,1,
55.2042,218.7100,WALKING,SWING,0.2056,-133.500,260.800,-57.013,0.6020,0.0000,-0.0088,0.0000,-0.0088,0.0000,0,
55.2123,218.7300,WALKING,SWING,0.2379,-127.800,304.800,-57.013,0.6797,0.0000,-0.1033,0.0000,-0.1033,0.0000,0,
55.2242,218.7400,WALKING,SWING,0.2540,-124.600,333.100,-57.013,0.7160,0.0000,-0.1617,0.0000,-0.1617,0.0000,0,
55.2323,218.7500,WALKING,SWING,0.2702,-121.100,353.400,-57.013,0.7504,0.0000,-0.2097,0.0000,-0.2097,0.0000,0,
55.2443,218.7600,WALKING,SWING,0.2863,-117.400,373.300,-57.013,0.7830,0.0000,-0.2580,0.0000,-0.2580,0.0000,0,
55.2522,218.7700,WALKING,SWING,0.3024,-113.500,395.800,-57.013,0.8135,0.0000,-0.3113,0.0000,-0.3113,0.0000,0,
55.2642,218.7800,WALKING,SWING,0.3185,-109.400,421.300,-57.013,0.8419,0.0000,-0.3700,0.0000,-0.3700,0.0000,0,
55.2723,218.7900,WALKING,SWING,0.3347,-105.000,447.200,-57.013,0.8681,0.0000,-0.4309,0.0000,-0.4309,0.0000,0,
55.2843,218.8000,WALKING,SWING,0.3508,-100.400,467.700,-57.013,0.8922,0.0000,-0.4846,0.0000,-0.4846,0.0000,0,
55.2923,218.8100,WALKING,SWING,0.3669,-95.500,492.100,-57.013,0.9139,0.0000,-0.5457,0.0000,-0.5457,0.0000,0,
55.3041,218.8200,WALKING,SWING,0.3831,-90.500,511.500,-57.013,0.9333,0.0000,-0.5998,0.0000,-0.5998,0.0000,0,
55.3163,218.8300,WALKING,SWING,0.3992,-85.200,537.200,-57.013,0.9503,0.0000,-0.6649,0.0000,-0.6649,0.0000,0,
55.3242,218.8400,WALKING,SWING,0.4153,-79.700,549.700,-57.013,0.9648,0.0000,-0.7111,0.0000,-0.7111,0.0000,0,
55.3403,218.8500,WALKING,SWING,0.4315,-74.100,562.100,-57.013,0.9769,0.0000,-0.7577,0.0000,-0.7577,0.0000,0,
55.3522,218.8600,WALKING,SWING,0.4476,-68.400,579.500,-57.013,0.9865,0.0000,-0.8123,0.0000,-0.8123,0.0000,0,
55.3603,218.8700,WALKING,SWING,0.4637,-62.500,593.000,-57.013,0.9935,0.0000,-0.8621,0.0000,-0.8621,0.0000,0,
55.3722,218.8800,WALKING,SWING,0.4798,-56.400,611.100,-57.013,0.9980,0.0000,-0.9197,0.0000,-0.9197,0.0000,0,
55.3842,218.8900,WALKING,SWING,0.4960,-50.200,636.300,-57.013,0.9999,0.0000,-0.9885,0.0000,-0.9885,0.0000,0,
55.3923,218.9100,WALKING,SWING,0.5282,-37.400,630.700,-57.013,0.9961,0.0000,-1.0441,0.0000,-1.0441,0.0000,0,
55.4042,218.9200,WALKING,SWING,0.5444,-31.200,620.700,-57.013,0.9903,0.0000,-1.0601,0.0000,-1.0601,0.0000,0,
55.4123,218.9300,WALKING,SWING,0.5605,-25.200,589.100,-57.013,0.9820,0.0000,-1.0427,0.0000,-1.0427,0.0000,0,
55.4242,218.9400,WALKING,SWING,0.5766,-19.700,523.300,-57.013,0.9712,0.0000,-0.9715,0.0000,-0.9715,0.0000,0,
55.4323,218.9500,WALKING,SWING,0.5927,-15.100,431.700,-57.013,0.9579,0.0000,-0.8571,0.0000,-0.8571,0.0000,0,
55.4442,218.9600,WALKING,SWING,0.6089,-11.500,316.700,-57.013,0.9421,0.0000,-0.7026,0.0000,-0.7026,0.0000,0,
55.4522,218.9700,WALKING,SWING,0.6250,-9.200,192.700,-57.013,0.9239,0.0000,-0.5281,0.0000,-0.5281,0.0000,0,
55.4642,218.9800,WALKING,SWING,0.6411,-8.100,78.200,-57.013,0.9033,0.0000,-0.3619,0.0000,-0.3619,0.0000,0,
55.4723,218.9900,WALKING,SWING,0.6573,-8.000,-10.200,-57.013,0.8804,0.0000,-0.2298,0.0000,-0.2298,0.0000,0,
55.4842,219.0000,WALKING,SWING,0.6734,-8.100,-31.400,-57.013,0.8553,0.0000,-0.1975,0.0000,-0.1975,0.0000,0,
55.4923,219.0100,WALKING,SWING,0.6895,-9.000,-69.900,-57.013,0.8279,0.0000,-0.1352,0.0000,-0.1352,0.0000,0,
55.5042,219.0200,WALKING,SWING,0.7056,-9.900,-95.400,-57.013,0.7985,0.0000,-0.0925,0.0000,-0.0925,0.0000,0,
55.5123,219.0300,WALKING,SWING,0.7218,-11.000,-125.800,-57.013,0.7669,0.0000,-0.0414,0.0000,-0.0414,0.0000,0,
55.5242,219.0400,WALKING,SWING,0.7379,-12.500,-158.900,-57.013,0.7335,0.0000,0.0158,0.0000,0.0158,0.0000,1,
55.5322,219.0500,WALKING,SWING,0.7540,-14.400,-194.500,-57.013,0.6981,0.0000,0.0787,0.0000,0.0787,0.0000,1,
55.5442,219.0600,WALKING,SWING,0.7702,-16.500,-226.200,-57.013,0.6609,0.0000,0.1367,0.0000,0.1367,0.0000,1,
55.5522,219.0700,WALKING,SWING,0.7863,-18.900,-238.000,-57.013,0.6221,0.0000,0.1664,0.0000,0.1664,0.0000,1,
55.5642,219.0800,WALKING,SWING,0.8024,-21.200,-227.600,-57.013,0.5816,0.0000,0.1623,0.0000,0.1623,0.0000,1,
55.5723,219.0900,WALKING,SWING,0.8185,-23.400,-208.900,-57.013,0.5397,0.0000,0.1453,0.0000,0.1453,0.0000,1,
55.5842,219.1000,WALKING,SWING,0.8347,-25.300,-183.800,-57.013,0.4963,0.0000,0.1171,0.0000,0.1171,0.0000,1,
55.5922,219.1100,WALKING,SWING,0.8508,-26.900,-155.200,-57.013,0.4517,0.0000,0.0822,0.0000,0.0822,0.0000,1,
55.6042,219.1200,WALKING,SWING,0.8669,-28.300,-124.200,-57.013,0.4060,0.0000,0.0427,0.0000,0.0427,0.0000,1,
55.6123,219.1300,WALKING,SWING,0.8831,-29.300,-94.800,-57.013,0.3592,0.0000,0.0036,0.0000,0.0036,0.0000,1,
55.6242,219.1400,WALKING,SWING,0.8992,-30.100,-69.000,-57.013,0.3114,0.0000,-0.0311,0.0000,-0.0311,0.0000,0,
55.6322,219.1500,WALKING,SWING,0.9153,-30.600,-46.500,-57.013,0.2629,0.0000,-0.0623,0.0000,-0.0623,0.0000,0,
55.6441,219.1600,WALKING,SWING,0.9315,-30.900,-29.600,-57.013,0.2137,0.0000,-0.0862,0.0000,-0.0862,0.0000,0,
55.6522,219.1700,WALKING,SWING,0.9476,-31.200,-19.700,-57.013,0.1639,0.0000,-0.0995,0.0000,-0.0995,0.0000,0,
55.6642,219.1800,WALKING,SWING,0.9637,-31.300,-17.500,-57.013,0.1138,0.0000,-0.1023,0.0000,-0.1023,0.0000,0,
55.6722,219.1900,WALKING,SWING,0.9798,-31.500,-21.700,-57.013,0.0633,0.0000,-0.0950,0.0000,-0.0950,0.0000,0,
55.6842,219.2000,WALKING,SWING,0.9960,-31.800,-29.400,-57.013,0.0127,0.0000,-0.0820,0.0000,-0.0820,0.0000,0,
55.6923,219.2100,WALKING,STANCE,0.2581,-32.200,-41.100,-57.013,0.0000,0.0000,-0.0624,0.0000,-0.0624,0.0000,0,
55.7042,219.2200,WALKING,STANCE,0.2688,-32.700,-51.700,-57.013,0.0000,0.0000,-0.0440,0.0000,-0.0440,0.0000,0,
55.7123,219.2300,WALKING,STANCE,0.2796,-33.300,-60.700,-57.013,0.0000,0.0000,-0.0275,0.0000,-0.0275,0.0000,0,
55.7243,219.2400,WALKING,STANCE,0.2903,-33.900,-72.200,-57.013,0.0000,0.0000,-0.0073,0.0000,-0.0073,0.0000,0,
55.7323,219.2500,WALKING,STANCE,0.3011,-34.800,-86.600,-57.013,0.0000,0.0000,0.0188,0.0000,0.0188,0.0000,1,
55.7442,219.2600,WALKING,STANCE,0.3118,-35.700,-99.000,-57.013,0.0000,0.0000,0.0419,0.0000,0.0419,0.0000,1,
55.7522,219.2700,WALKING,STANCE,0.3226,-36.800,-105.900,-57.013,0.0000,0.0000,0.0578,0.0000,0.0578,0.0000,1,
55.7641,219.2800,WALKING,STANCE,0.3333,-37.900,-111.000,-57.013,0.0000,0.0000,0.0709,0.0000,0.0709,0.0000,1,
55.7723,219.2900,WALKING,STANCE,0.3441,-39.000,-111.300,-57.013,0.0000,0.0000,0.0769,0.0000,0.0769,0.0000,1,
55.7841,219.3000,WALKING,STANCE,0.3548,-40.100,-107.900,-57.013,0.0000,0.0000,0.0773,0.0000,0.0773,0.0000,1,
55.7922,219.3100,WALKING,STANCE,0.3656,-41.100,-100.200,-57.013,0.0000,0.0000,0.0707,0.0000,0.0707,0.0000,1,
55.8042,219.3200,WALKING,STANCE,0.3763,-42.000,-88.500,-57.013,0.0000,0.0000,0.0577,0.0000,0.0577,0.0000,1,
55.8122,219.3300,WALKING,STANCE,0.3871,-42.800,-73.200,-57.013,0.0000,0.0000,0.0387,0.0000,0.0387,0.0000,1,
55.8242,219.3400,WALKING,STANCE,0.3978,-43.400,-54.600,-57.013,0.0000,0.0000,0.0138,0.0000,0.0138,0.0000,1,
55.8321,219.3500,WALKING,STANCE,0.4086,-43.800,-33.500,-57.013,0.0000,0.0000,-0.0158,0.0000,-0.0158,0.0000,0,
55.8441,219.3600,WALKING,STANCE,0.4194,-44.000,-15.300,-57.013,0.0000,0.0000,-0.0421,0.0000,-0.0421,0.0000,0,
55.8563,219.3700,WALKING,STANCE,0.4301,-44.100,-0.700,-57.013,0.0000,0.0000,-0.0635,0.0000,-0.0635,0.0000,0,
55.8643,219.3800,WALKING,STANCE,0.4409,-44.000,3.500,-57.013,0.0000,0.0000,-0.0703,0.0000,-0.0703,0.0000,0,
55.8763,219.3900,WALKING,STANCE,0.4516,-44.000,-1.400,-57.013,0.0000,0.0000,-0.0630,0.0000,-0.0630,0.0000,0,
55.8842,219.4000,WALKING,STANCE,0.4624,-44.100,-3.200,-57.013,0.0000,0.0000,-0.0598,0.0000,-0.0598,0.0000,0,
55.8963,219.4100,WALKING,STANCE,0.4731,-44.100,-1.800,-57.013,0.0000,0.0000,-0.0619,0.0000,-0.0619,0.0000,0,
55.9042,219.4200,WALKING,STANCE,0.4839,-44.100,-4.800,-57.013,0.0000,0.0000,-0.0574,0.0000,-0.0574,0.0000,0,
55.9163,219.4300,WALKING,STANCE,0.4946,-44.200,-12.300,-57.013,0.0000,0.0000,-0.0456,0.0000,-0.0456,0.0000,0,
55.9242,219.4400,WALKING,STANCE,0.5054,-44.400,-19.800,-57.013,0.0000,0.0000,-0.0334,0.0000,-0.0334,0.0000,0,
55.9363,219.4500,WALKING,STANCE,0.5161,-44.600,-28.800,-57.013,0.0000,0.0000,-0.0189,0.0000,-0.0189,0.0000,0,
55.9442,219.4600,WALKING,STANCE,0.5269,-45.000,-41.200,-57.013,0.0000,0.0000,0.0017,0.0000,0.0017,0.0000,1,
55.9563,219.4700,WALKING,STANCE,0.5376,-45.500,-53.100,-57.013,0.0000,0.0000,0.0221,0.0000,0.0221,0.0000,1,
55.9643,219.4800,WALKING,STANCE,0.5484,-46.100,-58.200,-57.013,0.0000,0.0000,0.0327,0.0000,0.0327,0.0000,1,
55.9763,219.4900,WALKING,STANCE,0.5591,-46.700,-62.400,-57.013,0.0000,0.0000,0.0420,0.0000,0.0420,0.0000,1,
55.9842,219.5000,WALKING,STANCE,0.5699,-47.300,-65.400,-57.013,0.0000,0.0000,0.0495,0.0000,0.0495,0.0000,1,
55.9962,219.5100,WALKING,STANCE,0.5806,-48.000,-69.800,-57.013,0.0000,0.0000,0.0596,0.0000,0.0596,0.0000,1,
56.0042,219.5200,WALKING,STANCE,0.5914,-48.700,-68.100,-57.013,0.0000,0.0000,0.0606,0.0000,0.0606,0.0000,1,
56.0163,219.5300,WALKING,STANCE,0.6022,-49.400,-66.100,-57.013,0.0000,0.0000,0.0611,0.0000,0.0611,0.0000,1,
56.0243,219.5400,WALKING,STANCE,0.6129,-50.000,-65.200,-57.013,0.0000,0.0000,0.0627,0.0000,0.0627,0.0000,1,
56.0362,219.5500,WALKING,STANCE,0.6237,-50.700,-62.800,-57.013,0.0000,0.0000,0.0626,0.0000,0.0626,0.0000,1,
56.0441,219.5600,WALKING,STANCE,0.6344,-51.300,-56.900,-57.013,0.0000,0.0000,0.0568,0.0000,0.0568,0.0000,1,
56.0562,219.5700,WALKING,STANCE,0.6452,-51.800,-50.200,-57.013,0.0000,0.0000,0.0492,0.0000,0.0492,0.0000,1,
56.0644,219.5800,WALKING,STANCE,0.6559,-52.300,-44.400,-57.013,0.0000,0.0000,0.0430,0.0000,0.0430,0.0000,1,
56.0762,219.5900,WALKING,STANCE,0.6667,-52.700,-39.500,-57.013,0.0000,0.0000,0.0377,0.0000,0.0377,0.0000,1,
56.0844,219.6000,WALKING,STANCE,0.6774,-53.000,-35.600,-57.013,0.0000,0.0000,0.0333,0.0000,0.0333,0.0000,1,
56.0963,219.6100,WALKING,STANCE,0.6882,-53.400,-34.600,-57.013,0.0000,0.0000,0.0338,0.0000,0.0338,0.0000,1,
56.1044,219.6200,WALKING,STANCE,0.6989,-53.700,-31.700,-57.013,0.0000,0.0000,0.0310,0.0000,0.0310,0.0000,1,
56.1162,219.6300,WALKING,STANCE,0.7097,-54.000,-29.200,-57.013,0.0000,0.0000,0.0287,0.0000,0.0287,0.0000,1,
56.1242,219.6400,WALKING,STANCE,0.7204,-54.300,-31.500,-57.013,0.0000,0.0000,0.0337,0.0000,0.0337,0.0000,1,
56.1362,219.6500,WALKING,STANCE,0.7312,-54.600,-33.200,-57.013,0.0000,0.0000,0.0377,0.0000,0.0377,0.0000,1,
56.1443,219.6600,WALKING,STANCE,0.7419,-55.000,-36.700,-57.013,0.0000,0.0000,0.0450,0.0000,0.0450,0.0000,1,
56.1562,219.6700,WALKING,STANCE,0.7527,-55.400,-42.800,-57.013,0.0000,0.0000,0.0561,0.0000,0.0561,0.0000,1,
56.1642,219.6800,WALKING,STANCE,0.7634,-55.900,-50.400,-57.013,0.0000,0.0000,0.0700,0.0000,0.0700,0.0000,1,
56.1762,219.6900,WALKING,STANCE,0.7742,-56.400,-56.100,-57.013,0.0000,0.0000,0.0811,0.0000,0.0811,0.0000,1,
56.1841,219.7000,WALKING,STANCE,0.7849,-57.000,-61.300,-57.013,0.0000,0.0000,0.0919,0.0000,0.0919,0.0000,1,
56.1962,219.7100,WALKING,STANCE,0.7957,-57.700,-70.000,-57.013,0.0000,0.0000,0.1084,0.0000,0.1084,0.0000,1,
56.2042,219.7200,WALKING,STANCE,0.8065,-58.500,-79.700,-57.013,0.0000,0.0000,0.1270,0.0000,0.1270,0.0000,1,
56.2162,219.7300,WALKING,STANCE,0.8172,-59.300,-89.700,-57.013,0.0000,0.0000,0.1460,0.0000,0.1460,0.0000,1,
56.2244,219.7400,WALKING,STANCE,0.8280,-60.300,-103.400,-57.013,0.0000,0.0000,0.1715,0.0000,0.1715,0.0000,1,
56.2362,219.7500,WALKING,STANCE,0.8387,-61.500,-118.000,-57.013,0.0000,0.0000,0.1994,0.0000,0.1994,0.0000,1,
56.2444,219.7600,WALKING,STANCE,0.8495,-62.700,-132.700,-57.013,0.0000,0.0000,0.2275,0.0000,0.2275,0.0000,1,
56.2561,219.7700,WALKING,STANCE,0.8602,-64.200,-148.300,-57.013,0.0000,0.0000,0.2584,0.0000,0.2584,0.0000,1,
56.2642,219.7800,WALKING,STANCE,0.8710,-65.800,-163.300,-57.013,0.0000,0.0000,0.2889,0.0000,0.2889,0.0000,1,
56.2761,219.7900,WALKING,STANCE,0.8817,-67.500,-179.400,-57.013,0.0000,0.0000,0.3215,0.0000,0.3215,0.0000,1,
56.2841,219.8000,WALKING,STANCE,0.8925,-69.400,-196.700,-57.013,0.0000,0.0000,0.3570,0.0000,0.3570,0.0000,1,
56.2962,219.8100,WALKING,STANCE,0.9032,-71.500,-213.600,-57.013,0.0000,0.0000,0.3928,0.0000,0.3928,0.0000,1,
56.3042,219.8200,WALKING,STANCE,0.0000,-73.800,-228.800,-57.013,0.0000,0.0000,0.4271,0.0000,0.4271,0.0000,1,
56.3161,219.8300,WALKING,STANCE,0.0113,-76.100,-243.500,-57.013,0.0000,0.0000,0.4607,0.0000,0.4607,0.0000,1,
56.3242,219.8400,WALKING,STANCE,0.0227,-78.700,-261.500,-57.013,0.0000,0.0000,0.5007,0.0000,0.5007,0.0000,1,
56.3361,219.8500,WALKING,STANCE,0.0340,-81.400,-279.600,-57.013,0.0000,0.0000,0.5413,0.0000,0.5413,0.0000,1,
56.3441,219.8600,WALKING,STANCE,0.0454,-84.400,-300.300,-57.013,0.0000,0.0000,0.5874,0.0000,0.5874,0.0000,1,
56.3562,219.8700,WALKING,STANCE,0.0567,-87.600,-330.000,-57.013,0.0000,0.0000,0.6479,0.0000,0.6479,0.0000,1,
56.3642,219.8800,WALKING,STANCE,0.0680,-91.100,-355.100,-57.013,0.0000,0.0000,0.7031,0.0000,0.7031,0.0000,1,
56.3760,219.8900,WALKING,STANCE,0.0794,-94.700,-373.500,-57.013,0.0000,0.0000,0.7487,0.0000,0.7487,0.0000,1,
56.3881,219.9000,WALKING,STANCE,0.0907,-98.600,-396.000,-57.013,0.0000,0.0000,0.8019,0.0000,0.8019,0.0000,1,
56.3962,219.9100,WALKING,STANCE,0.1020,-102.700,-403.700,-57.013,0.0000,0.0000,0.8340,0.0000,0.8340,0.0000,1,
56.4083,219.9200,WALKING,STANCE,0.1134,-106.800,-412.400,-57.013,0.0000,0.0000,0.8675,0.0000,0.8675,0.0000,1,
56.4163,219.9300,WALKING,STANCE,0.1247,-110.900,-410.000,-57.013,0.0000,0.0000,0.8844,0.0000,0.8844,0.0000,1,
56.4283,219.9400,WALKING,STANCE,0.1361,-114.900,-404.000,-57.013,0.0000,0.0000,0.8954,0.0000,0.8954,0.0000,1,
56.4363,219.9500,WALKING,STANCE,0.1474,-118.900,-396.000,-57.013,0.0000,0.0000,0.9034,0.0000,0.9034,0.0000,1,
56.4483,219.9600,WALKING,STANCE,0.1587,-122.800,-384.900,-57.013,0.0000,0.0000,0.9063,0.0000,0.9063,0.0000,1,
56.4563,219.9700,WALKING,STANCE,0.1701,-126.600,-369.500,-57.013,0.0000,0.0000,0.9022,0.0000,0.9022,0.0000,1,
56.4682,219.9800,WALKING,STANCE,0.1814,-130.100,-340.400,-57.013,0.0000,0.0000,0.8760,0.0000,0.8760,0.0000,1,
56.4763,219.9900,WALKING,STANCE,0.1927,-133.300,-313.100,-57.013,0.0000,0.0000,0.8511,0.0000,0.8511,0.0000,1,
56.4883,220.0000,WALKING,STANCE,0.2041,-134.600,-298.600,-57.013,0.0000,0.0000,0.8358,0.0000,0.8358,0.0000,1,
56.4963,220.0100,WALKING,STANCE,0.2154,-138.700,-236.700,-57.013,0.0000,0.0000,0.7635,0.0000,0.7635,0.0000,1,
56.5083,220.0200,WALKING,STANCE,0.2268,-140.700,-193.300,-57.013,0.0000,0.0000,0.7084,0.0000,0.7084,0.0000,1,
56.5163,220.0300,WALKING,STANCE,0.2381,-142.400,-149.500,-57.013,0.0000,0.0000,0.6512,0.0000,0.6512,0.0000,1,
56.5283,220.0400,WALKING,STANCE,0.2494,-143.600,-104.500,-57.013,0.0000,0.0000,0.5897,0.0000,0.5897,0.0000,1,
56.5362,220.0500,WALKING,SWING,0.0162,-144.300,-56.800,-57.013,0.0507,0.0000,0.5216,0.0000,0.5216,0.0000,1,
56.5443,220.0600,WALKING,SWING,0.0332,-144.500,-11.700,-57.013,0.1040,0.0000,0.4550,0.0000,0.4550,0.0000,1,
56.5563,220.0700,WALKING,SWING,0.0502,-144.400,20.300,-57.013,0.1570,0.0000,0.4065,0.0000,0.4065,0.0000,1,
56.5683,220.0800,WALKING,SWING,0.0672,-144.100,42.600,-57.013,0.2095,0.0000,0.3715,0.0000,0.3715,0.0000,1,
56.5763,220.0900,WALKING,SWING,0.0842,-143.500,64.700,-57.013,0.2614,0.0000,0.3354,0.0000,0.3354,0.0000,1,
56.5883,220.1000,WALKING,SWING,0.1012,-142.700,88.700,-57.013,0.3126,0.0000,0.2954,0.0000,0.2954,0.0000,1,
56.6003,220.1100,WALKING,SWING,0.1182,-141.600,113.100,-57.013,0.3629,0.0000,0.2533,0.0000,0.2533,0.0000,1,
56.6083,220.1200,WALKING,SWING,0.1352,-140.300,137.100,-57.013,0.4121,0.0000,0.2108,0.0000,0.2108,0.0000,1,
56.6202,220.1300,WALKING,SWING,0.1522,-138.800,161.800,-57.013,0.4602,0.0000,0.1662,0.0000,0.1662,0.0000,1,
56.6282,220.1400,WALKING,SWING,0.1692,-137.000,187.300,-57.013,0.5069,0.0000,0.1190,0.0000,0.1190,0.0000,1,
56.6402,220.1500,WALKING,SWING,0.1862,-134.900,214.200,-57.013,0.5522,0.0000,0.0681,0.0000,0.0681,0.0000,1,
56.6482,220.1600,WALKING,SWING,0.2032,-132.600,238.900,-57.013,0.5960,0.0000,0.0196,0.0000,0.0196,0.0000,1,
56.6602,220.1700,WALKING,SWING,0.2202,-130.000,261.600,-57.013,0.6380,0.0000,-0.0275,0.0000,-0.0275,0.0000,0,
56.6683,220.1800,WALKING,SWING,0.2372,-127.200,288.800,-57.013,0.6782,0.0000,-0.0823,0.0000,-0.0823,0.0000,0,
56.6802,220.1900,WALKING,SWING,0.2543,-124.200,316.300,-57.013,0.7165,0.0000,-0.1385,0.0000,-0.1385,0.0000,0,
56.6883,220.2000,WALKING,SWING,0.2713,-120.900,336.600,-57.013,0.7527,0.0000,-0.1855,0.0000,-0.1855,0.0000,0,
56.7003,220.2100,WALKING,SWING,0.2883,-117.300,358.500,-57.013,0.7868,0.0000,-0.2363,0.0000,-0.2363,0.0000,0,
56.7083,220.2200,WALKING,SWING,0.3053,-113.600,381.000,-57.013,0.8186,0.0000,-0.2886,0.0000,-0.2886,0.0000,0,
56.7203,220.2300,WALKING,SWING,0.3223,-109.600,406.400,-57.013,0.8481,0.0000,-0.3467,0.0000,-0.3467,0.0000,0,
56.7283,220.2400,WALKING,SWING,0.3393,-105.400,433.500,-57.013,0.8752,0.0000,-0.4083,0.0000,-0.4083,0.0000,0,
56.7402,220.2500,WALKING,SWING,0.3563,-100.900,453.900,-57.013,0.8998,0.0000,-0.4614,0.0000,-0.4614,0.0000,0,
56.7482,220.2600,WALKING,SWING,0.3733,-96.200,479.700,-57.013,0.9218,0.0000,-0.5236,0.0000,-0.5236,0.0000,0,
56.7602,220.2700,WALKING,SWING,0.3903,-91.300,496.300,-57.013,0.9412,0.0000,-0.5730,0.0000,-0.5730,0.0000,0,
56.7682,220.2800,WALKING,SWING,0.4073,-86.100,521.300,-57.013,0.9579,0.0000,-0.6365,0.0000,-0.6365,0.0000,0,
56.7803,220.2900,WALKING,SWING,0.4243,-80.800,532.300,-57.013,0.9719,0.0000,-0.6795,0.0000,-0.6795,0.0000,0,
56.7882,220.3000,WALKING,SWING,0.4413,-75.400,546.400,-57.013,0.9831,0.0000,-0.7277,0.0000,-0.7277,0.0000,0,
56.8002,220.3100,WALKING,SWING,0.4583,-69.800,566.400,-57.013,0.9914,0.0000,-0.7857,0.0000,-0.7857,0.0000,0,
56.8082,220.3200,WALKING,SWING,0.4753,-64.100,577.200,-57.013,0.9970,0.0000,-0.8304,0.0000,-0.8304,0.0000,0,
56.8202,220.3300,WALKING,SWING,0.4923,-58.100,596.100,-57.013,0.9997,0.0000,-0.8887,0.0000,-0.8887,0.0000,0,
56.8281,220.3400,WALKING,SWING,0.5094,-52.100,613.800,-57.013,0.9996,0.0000,-0.9453,0.0000,-0.9453,0.0000,0,
56.8402,220.3500,WALKING,SWING,0.5264,-45.900,613.100,-57.013,0.9966,0.0000,-0.9752,0.0000,-0.9752,0.0000,0,
56.8481,220.3600,WALKING,SWING,0.5434,-39.900,595.700,-57.013,0.9907,0.0000,-0.9791,0.0000,-0.9791,0.0000,0,
56.8602,220.3700,WALKING,SWING,0.5604,-34.100,569.500,-57.013,0.9821,0.0000,-0.9688,0.0000,-0.9688,0.0000,0,
56.8682,220.3800,WALKING,SWING,0.5774,-28.800,507.100,-57.013,0.9706,0.0000,-0.9017,0.0000,-0.9017,0.0000,0,
56.8802,220.3900,WALKING,SWING,0.5944,-24.300,422.000,-57.013,0.9564,0.0000,-0.7966,0.0000,-0.7966,0.0000,0,
56.8882,220.4000,WALKING,SWING,0.6114,-20.700,327.600,-57.013,0.9394,0.0000,-0.6730,0.0000,-0.6730,0.0000,0,
56.9002,220.4100,WALKING,SWING,0.6284,-18.100,240.700,-57.013,0.9197,0.0000,-0.5556,0.0000,-0.5556,0.0000,0,
56.9082,220.4200,WALKING,SWING,0.6454,-16.200,161.700,-57.013,0.8975,0.0000,-0.4466,0.0000,-0.4466,0.0000,0,
56.9203,220.4300,WALKING,SWING,0.6624,-15.100,96.800,-57.013,0.8726,0.0000,-0.3548,0.0000,-0.3548,0.0000,0,
56.9282,220.4400,WALKING,SWING,0.6794,-14.500,45.000,-57.013,0.8453,0.0000,-0.2801,0.0000,-0.2801,0.0000,0,
56.9403,220.4500,WALKING,SWING,0.6964,-14.300,4.000,-57.013,0.8156,0.0000,-0.2196,0.0000,-0.2196,0.0000,0,
56.9522,220.4600,WALKING,SWING,0.7134,-14.400,-9.300,-57.013,0.7835,0.0000,-0.1991,0.0000,-0.1991,0.0000,0,
56.9602,220.4700,WALKING,SWING,0.7304,-14.500,-6.700,-57.013,0.7492,0.0000,-0.2025,0.0000,-0.2025,0.0000,0,
56.9723,220.4800,WALKING,SWING,0.7474,-14.500,-6.400,-57.013,0.7128,0.0000,-0.2030,0.0000,-0.2030,0.0000,0,
56.9803,220.4900,WALKING,SWING,0.7645,-14.600,-10.800,-57.013,0.6743,0.0000,-0.1959,0.0000,-0.1959,0.0000,0,
56.9923,220.5000,WALKING,SWING,0.7815,-14.800,-17.500,-57.013,0.6339,0.0000,-0.1848,0.0000,-0.1848,0.0000,0,
57.0003,220.5100,WALKING,SWING,0.7985,-15.000,-24.500,-57.013,0.5917,0.0000,-0.1733,0.0000,-0.1733,0.0000,0,
57.0123,220.5200,WALKING,SWING,0.8155,-15.300,-36.300,-57.013,0.5478,0.0000,-0.1541,0.0000,-0.1541,0.0000,0,
57.0201,220.5300,WALKING,SWING,0.8325,-15.800,-50.100,-57.013,0.5023,0.0000,-0.1309,0.0000,-0.1309,0.0000,0,
57.0323,220.5400,WALKING,SWING,0.8495,-16.400,-68.500,-57.013,0.4554,0.0000,-0.1003,0.0000,-0.1003,0.0000,0,
57.0403,220.5500,WALKING,SWING,0.8665,-17.200,-87.400,-57.013,0.4072,0.0000,-0.0680,0.0000,-0.0680,0.0000,0,
57.0523,220.5600,WALKING,SWING,0.8835,-18.200,-106.400,-57.013,0.3579,0.0000,-0.0345,0.0000,-0.0345,0.0000,0,
57.0603,220.5700,WALKING,SWING,0.9005,-19.400,-121.000,-57.013,0.3075,0.0000,-0.0066,0.0000,-0.0066,0.0000,0,
57.0723,220.5800,WALKING,SWING,0.9175,-20.600,-121.900,-57.013,0.2562,0.0000,0.0008,0.0000,0.0008,0.0000,1,
57.0801,220.5900,WALKING,SWING,0.9345,-21.800,-113.000,-57.013,0.2043,0.0000,-0.0066,0.0000,-0.0066,0.0000,0,
57.0923,220.6000,WALKING,SWING,0.9515,-22.800,-99.500,-57.013,0.1517,0.0000,-0.0218,0.0000,-0.0218,0.0000,0,
57.1002,220.6100,WALKING,SWING,0.9685,-23.700,-84.000,-57.013,0.0987,0.0000,-0.0406,0.0000,-0.0406,0.0000,0,
57.1123,220.6200,WALKING,SWING,0.9855,-24.500,-66.200,-57.013,0.0454,0.0000,-0.0633,0.0000,-0.0633,0.0000,0,
57.1202,220.6300,WALKING,STANCE,0.2517,-25.000,-49.800,-57.013,0.0000,0.0000,-0.0854,0.0000,-0.0854,0.0000,0,
57.1323,220.6400,WALKING,STANCE,0.2630,-25.400,-37.600,-57.013,0.0000,0.0000,-0.1017,0.0000,-0.1017,0.0000,0,
57.1402,220.6500,WALKING,STANCE,0.2744,-25.700,-30.900,-57.013,0.0000,0.0000,-0.1102,0.0000,-0.1102,0.0000,0,
57.1522,220.6600,WALKING,STANCE,0.2857,-26.000,-29.100,-57.013,0.0000,0.0000,-0.1114,0.0000,-0.1114,0.0000,0,
57.1603,220.6700,WALKING,STANCE,0.2971,-26.300,-30.500,-57.013,0.0000,0.0000,-0.1078,0.0000,-0.1078,0.0000,0,
57.1721,220.6800,WALKING,STANCE,0.3084,-26.700,-35.800,-57.013,0.0000,0.0000,-0.0979,0.0000,-0.0979,0.0000,0,
57.1800,220.6900,WALKING,STANCE,0.3197,-27.100,-40.600,-57.013,0.0000,0.0000,-0.0887,0.0000,-0.0887,0.0000,0,
57.1882,220.7000,WALKING,STANCE,0.3311,-27.500,-43.900,-57.013,0.0000,0.0000,-0.0817,0.0000,-0.0817,0.0000,0,
57.2042,220.7100,WALKING,STANCE,0.3424,-27.900,-47.000,-57.013,0.0000,0.0000,-0.0751,0.0000,-0.0751,0.0000,0,
57.2122,220.7300,WALKING,STANCE,0.3651,-29.000,-56.200,-57.013,0.0000,0.0000,-0.0558,0.0000,-0.0558,0.0000,0,
57.2243,220.7400,WALKING,STANCE,0.3764,-29.600,-60.300,-57.013,0.0000,0.0000,-0.0466,0.0000,-0.0466,0.0000,0,
57.2322,220.7500,WALKING,STANCE,0.3878,-30.200,-61.100,-57.013,0.0000,0.0000,-0.0424,0.0000,-0.0424,0.0000,0,
57.2441,220.7600,WALKING,STANCE,0.3991,-30.800,-59.600,-57.013,0.0000,0.0000,-0.0417,0.0000,-0.0417,0.0000,0,
57.2523,220.7700,WALKING,STANCE,0.4104,-31.400,-59.400,-57.013,0.0000,0.0000,-0.0390,0.0000,-0.0390,0.0000,0,
57.2642,220.7800,WALKING,STANCE,0.4218,-32.000,-59.600,-57.013,0.0000,0.0000,-0.0357,0.0000,-0.0357,0.0000,0,
57.2722,220.7900,WALKING,STANCE,0.4331,-32.600,-60.100,-57.013,0.0000,0.0000,-0.0319,0.0000,-0.0319,0.0000,0,
57.2841,220.8000,WALKING,STANCE,0.4444,-33.200,-57.600,-57.013,0.0000,0.0000,-0.0327,0.0000,-0.0327,0.0000,0,
57.2923,220.8100,WALKING,STANCE,0.4558,-33.700,-54.300,-57.013,0.0000,0.0000,-0.0351,0.0000,-0.0351,0.0000,0,
57.3043,220.8200,WALKING,STANCE,0.4671,-34.300,-52.300,-57.013,0.0000,0.0000,-0.0351,0.0000,-0.0351,0.0000,0,
57.3123,220.8300,WALKING,STANCE,0.4785,-34.800,-50.800,-57.013,0.0000,0.0000,-0.0349,0.0000,-0.0349,0.0000,0,
57.3243,220.8400,WALKING,STANCE,0.4898,-35.300,-46.100,-57.013,0.0000,0.0000,-0.0394,0.0000,-0.0394,0.0000,0,
57.3323,220.8500,WALKING,STANCE,0.5011,-35.700,-39.000,-57.013,0.0000,0.0000,-0.0481,0.0000,-0.0481,0.0000,0,
57.3443,220.8600,WALKING,STANCE,0.5125,-36.000,-32.000,-57.013,0.0000,0.0000,-0.0571,0.0000,-0.0571,0.0000,0,
57.3522,220.8700,WALKING,STANCE,0.5238,-36.300,-26.100,-57.013,0.0000,0.0000,-0.0644,0.0000,-0.0644,0.0000,0,
57.3643,220.8800,WALKING,STANCE,0.5351,-36.500,-21.800,-57.013,0.0000,0.0000,-0.0699,0.0000,-0.0699,0.0000,0,
57.3722,220.8900,WALKING,STANCE,0.5465,-36.700,-22.100,-57.013,0.0000,0.0000,-0.0684,0.0000,-0.0684,0.0000,0,
57.3842,220.9000,WALKING,STANCE,0.5578,-37.000,-22.000,-57.013,0.0000,0.0000,-0.0671,0.0000,-0.0671,0.0000,0,
57.3922,220.9100,WALKING,STANCE,0.5692,-37.200,-26.900,-57.013,0.0000,0.0000,-0.0587,0.0000,-0.0587,0.0000,0,
57.4043,220.9200,WALKING,STANCE,0.5805,-37.500,-31.000,-57.013,0.0000,0.0000,-0.0511,0.0000,-0.0511,0.0000,0,
57.4122,220.9300,WALKING,STANCE,0.5918,-37.800,-33.000,-57.013,0.0000,0.0000,-0.0466,0.0000,-0.0466,0.0000,0,
57.4243,220.9400,WALKING,STANCE,0.6032,-38.200,-36.300,-57.013,0.0000,0.0000,-0.0396,0.0000,-0.0396,0.0000,0,
57.4322,220.9500,WALKING,STANCE,0.6145,-38.600,-43.600,-57.013,0.0000,0.0000,-0.0267,0.0000,-0.0267,0.0000,0,
57.4442,220.9600,WALKING,STANCE,0.6259,-39.100,-52.100,-57.013,0.0000,0.0000,-0.0114,0.0000,-0.0114,0.0000,0,
57.4520,220.9700,WALKING,STANCE,0.6372,-39.700,-59.600,-57.013,0.0000,0.0000,0.0028,0.0000,0.0028,0.0000,1,
57.4643,220.9800,WALKING,STANCE,0.6485,-40.300,-66.500,-57.013,0.0000,0.0000,0.0162,0.0000,0.0162,0.0000,1,
57.4722,220.9900,WALKING,STANCE,0.6599,-41.000,-68.100,-57.013,0.0000,0.0000,0.0221,0.0000,0.0221,0.0000,1,
57.4842,221.0000,WALKING,STANCE,0.6712,-41.300,-67.900,-57.013,0.0000,0.0000,0.0233,0.0000,0.0233,0.0000,1,
57.4922,221.0100,WALKING,STANCE,0.6825,-42.400,-66.200,-57.013,0.0000,0.0000,0.0262,0.0000,0.0262,0.0000,1,
57.5043,221.0200,WALKING,STANCE,0.6939,-43.100,-62.200,-57.013,0.0000,0.0000,0.0237,0.0000,0.0237,0.0000,1,
57.5122,221.0300,WALKING,STANCE,0.7052,-43.600,-53.500,-57.013,0.0000,0.0000,0.0132,0.0000,0.0132,0.0000,1,
57.5243,221.0400,WALKING,STANCE,0.7166,-44.100,-42.900,-57.013,0.0000,0.0000,-0.0002,0.0000,-0.0002,0.0000,0,
57.5323,221.0500,WALKING,STANCE,0.7279,-44.500,-33.700,-57.013,0.0000,0.0000,-0.0120,0.0000,-0.0120,0.0000,0,
57.5442,221.0600,WALKING,STANCE,0.7392,-44.700,-24.400,-57.013,0.0000,0.0000,-0.0250,0.0000,-0.0250,0.0000,0,
57.5522,221.0700,WALKING,STANCE,0.7506,-44.900,-18.100,-57.013,0.0000,0.0000,-0.0334,0.0000,-0.0334,0.0000,0,
57.5643,221.0800,WALKING,STANCE,0.7619,-45.000,-8.100,-57.013,0.0000,0.0000,-0.0479,0.0000,-0.0479,0.0000,0,
57.5723,221.0900,WALKING,STANCE,0.7732,-45.100,-0.300,-57.013,0.0000,0.0000,-0.0591,0.0000,-0.0591,0.0000,0,
57.5843,221.1000,WALKING,STANCE,0.7846,-45.100,0.900,-57.013,0.0000,0.0000,-0.0609,0.0000,-0.0609,0.0000,0,
57.5962,221.1100,WALKING,STANCE,0.7959,-45.100,-0.400,-57.013,0.0000,0.0000,-0.0590,0.0000,-0.0590,0.0000,0,
57.6042,221.1200,WALKING,STANCE,0.8073,-45.100,0.300,-57.013,0.0000,0.0000,-0.0600,0.0000,-0.0600,0.0000,0,
57.6163,221.1300,WALKING,STANCE,0.8186,-45.100,-0.200,-57.013,0.0000,0.0000,-0.0593,0.0000,-0.0593,0.0000,0,
57.6243,221.1400,WALKING,STANCE,0.8299,-45.100,-0.100,-57.013,0.0000,0.0000,-0.0594,0.0000,-0.0594,0.0000,0,
57.6363,221.1500,WALKING,STANCE,0.8413,-45.100,-0.200,-57.013,0.0000,0.0000,-0.0593,0.0000,-0.0593,0.0000,0,
57.6442,221.1600,WALKING,STANCE,0.8526,-45.100,0.300,-57.013,0.0000,0.0000,-0.0600,0.0000,-0.0600,0.0000,0,
57.6563,221.1700,WALKING,STANCE,0.8639,-45.100,-0.600,-57.013,0.0000,0.0000,-0.0587,0.0000,-0.0587,0.0000,0,
57.6643,221.1800,WALKING,STANCE,0.8753,-45.100,0.300,-57.013,0.0000,0.0000,-0.0600,0.0000,-0.0600,0.0000,0,
57.6763,221.1900,WALKING,STANCE,0.8866,-45.100,-0.300,-57.013,0.0000,0.0000,-0.0591,0.0000,-0.0591,0.0000,0,
57.6842,221.2000,WALKING,STANCE,0.8980,-45.100,-1.100,-57.013,0.0000,0.0000,-0.0579,0.0000,-0.0579,0.0000,0,
57.6963,221.2100,WALKING,STANCE,0.9093,-45.100,-1.200,-57.013,0.0000,0.0000,-0.0578,0.0000,-0.0578,0.0000,0,
57.7043,221.2200,WALKING,STANCE,0.9206,-45.100,-2.100,-57.013,0.0000,0.0000,-0.0564,0.0000,-0.0564,0.0000,0,
57.7163,221.2300,WALKING,STANCE,0.9320,-45.100,-1.100,-57.013,0.0000,0.0000,-0.0579,0.0000,-0.0579,0.0000,0,
57.7243,221.2400,WALKING,STANCE,0.9433,-45.100,-1.200,-57.013,0.0000,0.0000,-0.0578,0.0000,-0.0578,0.0000,0,
57.7363,221.2500,WALKING,STANCE,0.9546,-45.100,-2.500,-57.013,0.0000,0.0000,-0.0558,0.0000,-0.0558,0.0000,0,
57.7443,221.2600,WALKING,STANCE,0.9660,-45.200,-4.900,-57.013,0.0000,0.0000,-0.0517,0.0000,-0.0517,0.0000,0,
57.7563,221.2700,WALKING,STANCE,0.9773,-45.300,-10.700,-57.013,0.0000,0.0000,-0.0425,0.0000,-0.0425,0.0000,0,
57.7643,221.2800,WALKING,STANCE,0.9887,-45.400,-17.200,-57.013,0.0000,0.0000,-0.0323,0.0000,-0.0323,0.0000,0,
57.7763,221.2900,WALKING,STANCE,1.0000,-45.600,-20.500,-57.013,0.0000,0.0000,-0.0263,0.0000,-0.0263,0.0000,0,
57.7843,221.3000,WALKING,STANCE,1.0000,-45.900,-26.600,-57.013,0.0000,0.0000,-0.0157,0.0000,-0.0157,0.0000,0,
57.7962,221.3100,WALKING,STANCE,1.0000,-46.200,-31.900,-57.013,0.0000,0.0000,-0.0062,0.0000,-0.0062,0.0000,0,
57.8042,221.3200,WALKING,STANCE,1.0000,-46.600,-40.500,-57.013,0.0000,0.0000,0.0087,0.0000,0.0087,0.0000,1,
57.8162,221.3300,WALKING,STANCE,1.0000,-47.000,-50.200,-57.013,0.0000,0.0000,0.0252,0.0000,0.0252,0.0000,1,
57.8242,221.3400,WALKING,STANCE,1.0000,-47.600,-63.600,-57.013,0.0000,0.0000,0.0483,0.0000,0.0483,0.0000,1,
57.8362,221.3500,WALKING,STANCE,1.0000,-48.300,-76.800,-57.013,0.0000,0.0000,0.0716,0.0000,0.0716,0.0000,1,
57.8442,221.3600,WALKING,STANCE,1.0000,-49.200,-88.700,-57.013,0.0000,0.0000,0.0940,0.0000,0.0940,0.0000,1,
57.8561,221.3700,WALKING,STANCE,1.0000,-50.200,-103.100,-57.013,0.0000,0.0000,0.1206,0.0000,0.1206,0.0000,1,
57.8642,221.3800,WALKING,STANCE,1.0000,-51.300,-117.500,-57.013,0.0000,0.0000,0.1477,0.0000,0.1477,0.0000,1,
57.8763,221.3900,WALKING,STANCE,1.0000,-52.600,-130.600,-57.013,0.0000,0.0000,0.1738,0.0000,0.1738,0.0000,1,
57.8843,221.4000,WALKING,STANCE,1.0000,-54.000,-144.000,-57.013,0.0000,0.0000,0.2009,0.0000,0.2009,0.0000,1,
57.8963,221.4100,WALKING,STANCE,1.0000,-55.500,-158.700,-57.013,0.0000,0.0000,0.2305,0.0000,0.2305,0.0000,1,
57.9044,221.4200,WALKING,STANCE,1.0000,-57.200,-175.200,-57.013,0.0000,0.0000,0.2637,0.0000,0.2637,0.0000,1,
57.9163,221.4300,WALKING,STANCE,1.0000,-59.100,-194.000,-57.013,0.0000,0.0000,0.3014,0.0000,0.3014,0.0000,1,
57.9242,221.4400,WALKING,STANCE,1.0000,-61.200,-213.200,-57.013,0.0000,0.0000,0.3407,0.0000,0.3407,0.0000,1,
57.9362,221.4500,WALKING,STANCE,1.0000,-63.400,-231.100,-57.013,0.0000,0.0000,0.3786,0.0000,0.3786,0.0000,1,
57.9442,221.4600,WALKING,STANCE,1.0000,-65.900,-249.400,-57.013,0.0000,0.0000,0.4185,0.0000,0.4185,0.0000,1,
57.9563,221.4700,WALKING,STANCE,1.0000,-68.500,-272.300,-57.013,0.0000,0.0000,0.4659,0.0000,0.4659,0.0000,1,
57.9642,221.4800,WALKING,STANCE,1.0000,-71.400,-297.200,-57.013,0.0000,0.0000,0.5177,0.0000,0.5177,0.0000,1,
57.9763,221.4900,WALKING,STANCE,0.0000,-74.500,-318.400,-57.013,0.0000,0.0000,0.5650,0.0000,0.5650,0.0000,1,
57.9881,221.5000,WALKING,STANCE,0.0100,-77.900,-343.200,-57.013,0.0000,0.0000,0.6192,0.0000,0.6192,0.0000,1,
57.9963,221.5100,WALKING,STANCE,0.0200,-81.500,-368.000,-57.013,0.0000,0.0000,0.6744,0.0000,0.6744,0.0000,1,
58.0082,221.5200,WALKING,STANCE,0.0299,-85.300,-389.400,-57.013,0.0000,0.0000,0.7255,0.0000,0.7255,0.0000,1,
58.0162,221.5300,WALKING,STANCE,0.0399,-89.400,-406.200,-57.013,0.0000,0.0000,0.7712,0.0000,0.7712,0.0000,1,
58.0282,221.5400,WALKING,STANCE,0.0499,-93.400,-406.100,-57.013,0.0000,0.0000,0.7911,0.0000,0.7911,0.0000,1,
58.0363,221.5500,WALKING,STANCE,0.0599,-97.500,-407.800,-57.013,0.0000,0.0000,0.8141,0.0000,0.8141,0.0000,1,
58.0482,221.5600,WALKING,STANCE,0.0699,-101.500,-399.800,-57.013,0.0000,0.0000,0.8221,0.0000,0.8221,0.0000,1,
58.0562,221.5700,WALKING,STANCE,0.0798,-105.400,-388.200,-57.013,0.0000,0.0000,0.8242,0.0000,0.8242,0.0000,1,
58.0683,221.5800,WALKING,STANCE,0.0898,-109.200,-375.300,-57.013,0.0000,0.0000,0.8239,0.0000,0.8239,0.0000,1,
58.0762,221.5900,WALKING,STANCE,0.0998,-112.900,-355.000,-57.013,0.0000,0.0000,0.8119,0.0000,0.8119,0.0000,1,
58.0882,221.6000,WALKING,STANCE,0.1098,-116.300,-336.300,-57.013,0.0000,0.0000,0.8009,0.0000,0.8009,0.0000,1,
58.0963,221.6100,WALKING,STANCE,0.1198,-119.500,-312.700,-57.013,0.0000,0.0000,0.7815,0.0000,0.7815,0.0000,1,
58.1082,221.6200,WALKING,STANCE,0.1297,-122.400,-286.600,-57.013,0.0000,0.0000,0.7568,0.0000,0.7568,0.0000,1,
58.1163,221.6300,WALKING,STANCE,0.1397,-125.100,-257.100,-57.013,0.0000,0.0000,0.7261,0.0000,0.7261,0.0000,1,
58.1283,221.6400,WALKING,STANCE,0.1497,-127.400,-220.000,-57.013,0.0000,0.0000,0.6819,0.0000,0.6819,0.0000,1,
58.1363,221.6500,WALKING,STANCE,0.1597,-129.300,-178.500,-57.013,0.0000,0.0000,0.6292,0.0000,0.6292,0.0000,1,
58.1482,221.6600,WALKING,STANCE,0.1697,-130.800,-136.000,-57.013,0.0000,0.0000,0.5729,0.0000,0.5729,0.0000,1,
58.1562,221.6700,WALKING,STANCE,0.1796,-131.900,-93.500,-57.013,0.0000,0.0000,0.5147,0.0000,0.5147,0.0000,1,
58.1683,221.6800,WALKING,STANCE,0.1896,-132.500,-50.500,-57.013,0.0000,0.0000,0.4532,0.0000,0.4532,0.0000,1,
58.1763,221.6900,WALKING,STANCE,0.1996,-132.700,-4.000,-57.013,0.0000,0.0000,0.3844,0.0000,0.3844,0.0000,1,
58.1883,221.7000,WALKING,STANCE,0.2096,-132.500,29.700,-57.013,0.0000,0.0000,0.3329,0.0000,0.3329,0.0000,1,
58.1963,221.7100,WALKING,STANCE,0.2196,-132.000,51.500,-57.013,0.0000,0.0000,0.2977,0.0000,0.2977,0.0000,1,
58.2083,221.7200,WALKING,STANCE,0.2295,-131.400,68.400,-57.013,0.0000,0.0000,0.2693,0.0000,0.2693,0.0000,1,
58.2163,221.7300,WALKING,STANCE,0.2395,-130.600,82.300,-57.013,0.0000,0.0000,0.2445,0.0000,0.2445,0.0000,1,
58.2283,221.7400,WALKING,STANCE,0.2495,-129.700,94.100,-57.013,0.0000,0.0000,0.2223,0.0000,0.2223,0.0000,1,
58.2363,221.7500,WALKING,SWING,0.0142,-128.700,104.400,-57.013,0.0447,0.0000,0.2018,0.0000,0.2018,0.0000,1,
58.2483,221.7600,WALKING,SWING,0.0292,-127.600,118.800,-57.013,0.0916,0.0000,0.1747,0.0000,0.1747,0.0000,1,
58.2563,221.7700,WALKING,SWING,0.0442,-126.300,136.200,-57.013,0.1383,0.0000,0.1421,0.0000,0.1421,0.0000,1,
58.2683,221.7800,WALKING,SWING,0.0591,-124.800,154.200,-57.013,0.1847,0.0000,0.1076,0.0000,0.1076,0.0000,1,
58.2764,221.7900,WALKING,SWING,0.0741,-123.100,174.100,-57.013,0.2307,0.0000,0.0693,0.0000,0.0693,0.0000,1,
58.2883,221.8000,WALKING,SWING,0.0891,-121.200,194.200,-57.013,0.2762,0.0000,0.0296,0.0000,0.0296,0.0000,1,
58.2962,221.8100,WALKING,SWING,0.1040,-119.100,214.900,-57.013,0.3211,0.0000,-0.0119,0.0000,-0.0119,0.0000,0,
58.3084,221.8200,WALKING,SWING,0.1190,-116.800,237.700,-57.013,0.3652,0.0000,-0.0576,0.0000,-0.0576,0.0000,0,
58.3163,221.8300,WALKING,SWING,0.1340,-114.300,259.200,-57.013,0.4086,0.0000,-0.1024,0.0000,-0.1024,0.0000,0,
58.3283,221.8400,WALKING,SWING,0.1490,-111.600,280.200,-57.013,0.4511,0.0000,-0.1474,0.0000,-0.1474,0.0000,0,
58.3363,221.8500,WALKING,SWING,0.1639,-108.600,306.400,-57.013,0.4925,0.0000,-0.2017,0.0000,-0.2017,0.0000,0,
58.3483,221.8600,WALKING,SWING,0.1789,-105.300,329.500,-57.013,0.5329,0.0000,-0.2528,0.0000,-0.2528,0.0000,0,
58.3564,221.8700,WALKING,SWING,0.1939,-101.900,349.100,-57.013,0.5721,0.0000,-0.2992,0.0000,-0.2992,0.0000,0,
58.3683,221.8800,WALKING,SWING,0.2088,-98.300,373.600,-57.013,0.6100,0.0000,-0.3540,0.0000,-0.3540,0.0000,0,
58.3764,221.8900,WALKING,SWING,0.2238,-94.400,391.500,-57.013,0.6466,0.0000,-0.4003,0.0000,-0.4003,0.0000,0,
58.3883,221.9000,WALKING,SWING,0.2388,-90.300,411.900,-57.013,0.6817,0.0000,-0.4514,0.0000,-0.4514,0.0000,0,
58.3964,221.9100,WALKING,SWING,0.2537,-86.100,433.900,-57.013,0.7154,0.0000,-0.5054,0.0000,-0.5054,0.0000,0,
58.4084,221.9200,WALKING,SWING,0.2687,-81.600,446.300,-57.013,0.7474,0.0000,-0.5465,0.0000,-0.5465,0.0000,0,
58.4203,221.9300,WALKING,SWING,0.2837,-77.000,463.700,-57.013,0.7778,0.0000,-0.5956,0.0000,-0.5956,0.0000,0,
58.4284,221.9400,WALKING,SWING,0.2987,-72.300,485.300,-57.013,0.8065,0.0000,-0.6515,0.0000,-0.6515,0.0000,0,
58.4404,221.9500,WALKING,SWING,0.3136,-67.300,502.900,-57.013,0.8334,0.0000,-0.7029,0.0000,-0.7029,0.0000,0,
58.4484,221.9600,WALKING,SWING,0.3286,-62.200,517.600,-57.013,0.8585,0.0000,-0.7505,0.0000,-0.7505,0.0000,0,
58.4604,221.9700,WALKING,SWING,0.3436,-56.900,524.700,-57.013,0.8816,0.0000,-0.7876,0.0000,-0.7876,0.0000,0,
58.4684,221.9800,WALKING,SWING,0.3585,-51.600,530.900,-57.013,0.9029,0.0000,-0.8234,0.0000,-0.8234,0.0000,0,
58.4803,221.9900,WALKING,SWING,0.3735,-46.400,523.300,-57.013,0.9221,0.0000,-0.8380,0.0000,-0.8380,0.0000,0,
58.4882,222.0000,WALKING,SWING,0.3885,-43.300,512.900,-57.013,0.9392,0.0000,-0.8379,0.0000,-0.8379,0.0000,0,
58.5003,222.0100,WALKING,SWING,0.4034,-36.400,475.500,-57.013,0.9543,0.0000,-0.8163,0.0000,-0.8163,0.0000,0,
58.5083,222.0200,WALKING,SWING,0.4184,-31.900,427.600,-57.013,0.9673,0.0000,-0.7670,0.0000,-0.7670,0.0000,0,
58.5203,222.0300,WALKING,SWING,0.4334,-28.100,366.800,-57.013,0.9782,0.0000,-0.6948,0.0000,-0.6948,0.0000,0,
58.5283,222.0400,WALKING,SWING,0.4484,-24.800,314.700,-57.013,0.9869,0.0000,-0.6331,0.0000,-0.6331,0.0000,0,
58.5403,222.0500,WALKING,SWING,0.4633,-22.000,256.300,-57.013,0.9934,0.0000,-0.5595,0.0000,-0.5595,0.0000,0,
58.5483,222.0600,WALKING,SWING,0.4783,-19.800,203.000,-57.013,0.9977,0.0000,-0.4906,0.0000,-0.4906,0.0000,0,
58.5603,222.0700,WALKING,SWING,0.4933,-18.100,163.000,-57.013,0.9998,0.0000,-0.4391,0.0000,-0.4391,0.0000,0,
58.5683,222.0800,WALKING,SWING,0.5082,-16.700,128.400,-57.013,0.9997,0.0000,-0.3942,0.0000,-0.3942,0.0000,0,
58.5803,222.0900,WALKING,SWING,0.5232,-15.600,94.800,-57.013,0.9973,0.0000,-0.3493,0.0000,-0.3493,0.0000,0,
58.5883,222.1000,WALKING,SWING,0.5382,-14.900,66.500,-57.013,0.9928,0.0000,-0.3103,0.0000,-0.3103,0.0000,0,
58.6003,222.1100,WALKING,SWING,0.5531,-14.400,45.500,-57.013,0.9861,0.0000,-0.2813,0.0000,-0.2813,0.0000,0,
58.6083,222.1200,WALKING,SWING,0.5681,-14.100,26.700,-57.013,0.9772,0.0000,-0.2546,0.0000,-0.2546,0.0000,0,
58.6203,222.1300,WALKING,SWING,0.5831,-14.000,9.000,-57.013,0.9661,0.0000,-0.2286,0.0000,-0.2286,0.0000,0,
58.6283,222.1400,WALKING,SWING,0.5981,-13.900,-0.700,-57.013,0.9529,0.0000,-0.2145,0.0000,-0.2145,0.0000,0,
58.6402,222.1500,WALKING,SWING,0.6130,-14.000,-0.300,-57.013,0.9376,0.0000,-0.2146,0.0000,-0.2146,0.0000,0,
58.6483,222.1600,WALKING,SWING,0.6280,-14.000,-0.400,-57.013,0.9202,0.0000,-0.2145,0.0000,-0.2145,0.0000,0,
58.6603,222.1700,WALKING,SWING,0.6430,-14.000,-0.300,-57.013,0.9008,0.0000,-0.2146,0.0000,-0.2146,0.0000,0,
58.6683,222.1800,WALKING,SWING,0.6579,-14.000,-1.600,-57.013,0.8794,0.0000,-0.2127,0.0000,-0.2127,0.0000,0,
58.6803,222.1900,WALKING,SWING,0.6729,-14.000,-4.500,-57.013,0.8561,0.0000,-0.2083,0.0000,-0.2083,0.0000,0,
58.6883,222.2000,WALKING,SWING,0.6879,-14.100,-8.000,-57.013,0.8308,0.0000,-0.2026,0.0000,-0.2026,0.0000,0,
58.7003,222.2100,WALKING,SWING,0.7028,-14.200,-14.600,-57.013,0.8037,0.0000,-0.1922,0.0000,-0.1922,0.0000,0,
58.7083,222.2200,WALKING,SWING,0.7178,-14.400,-23.400,-57.013,0.7749,0.0000,-0.1780,0.0000,-0.1780,0.0000,0,
58.7203,222.2300,WALKING,SWING,0.7328,-14.700,-31.700,-57.013,0.7443,0.0000,-0.1640,0.0000,-0.1640,0.0000,0,
58.7282,222.2400,WALKING,SWING,0.7478,-15.100,-40.700,-57.013,0.7121,0.0000,-0.1485,0.0000,-0.1485,0.0000,0,
58.7403,222.2500,WALKING,SWING,0.7627,-15.500,-43.900,-57.013,0.6783,0.0000,-0.1417,0.0000,-0.1417,0.0000,0,
58.7483,222.2600,WALKING,SWING,0.7777,-16.000,-43.300,-57.013,0.6430,0.0000,-0.1401,0.0000,-0.1401,0.0000,0,
58.7603,222.2700,WALKING,SWING,0.7927,-16.400,-37.400,-57.013,0.6063,0.0000,-0.1470,0.0000,-0.1470,0.0000,0,
58.7683,222.2800,WALKING,SWING,0.8076,-16.700,-26.600,-57.013,0.5682,0.0000,-0.1617,0.0000,-0.1617,0.0000,0,
58.7803,222.2900,WALKING,SWING,0.8226,-16.800,-10.900,-57.013,0.5289,0.0000,-0.1847,0.0000,-0.1847,0.0000,0,
58.7883,222.3000,WALKING,SWING,0.8376,-16.800,-0.700,-57.013,0.4884,0.0000,-0.2000,0.0000,-0.2000,0.0000,0,
58.8003,222.3100,WALKING,SWING,0.8525,-16.800,0.000,-57.013,0.4469,0.0000,-0.2011,0.0000,-0.2011,0.0000,0,
58.8082,222.3200,WALKING,SWING,0.8675,-16.900,-2.600,-57.013,0.4043,0.0000,-0.1967,0.0000,-0.1967,0.0000,0,
58.8203,222.3300,WALKING,SWING,0.8825,-16.900,-7.300,-57.013,0.3609,0.0000,-0.1896,0.0000,-0.1896,0.0000,0,
58.8282,222.3400,WALKING,SWING,0.8975,-17.000,-11.200,-57.013,0.3166,0.0000,-0.1833,0.0000,-0.1833,0.0000,0,
58.8403,222.3500,WALKING,SWING,0.9124,-17.200,-18.700,-57.013,0.2717,0.0000,-0.1710,0.0000,-0.1710,0.0000,0,
58.8482,222.3600,WALKING,SWING,0.9274,-17.500,-34.100,-57.013,0.2261,0.0000,-0.1464,0.0000,-0.1464,0.0000,0,
58.8603,222.3700,WALKING,SWING,0.9424,-17.900,-49.200,-57.013,0.1801,0.0000,-0.1218,0.0000,-0.1218,0.0000,0,
58.8683,222.3800,WALKING,SWING,0.9573,-18.500,-65.100,-57.013,0.1336,0.0000,-0.0949,0.0000,-0.0949,0.0000,0,
58.8803,222.3900,WALKING,SWING,0.9723,-19.300,-82.900,-57.013,0.0869,0.0000,-0.0642,0.0000,-0.0642,0.0000,0,
58.8883,222.4000,WALKING,SWING,0.9873,-20.200,-95.500,-57.013,0.0400,0.0000,-0.0408,0.0000,-0.0408,0.0000,0,
58.9004,222.4100,WALKING,STANCE,0.2515,-21.200,-107.100,-57.013,0.0000,0.0000,-0.0184,0.0000,-0.0184,0.0000,0,
58.9082,222.4200,WALKING,STANCE,0.2615,-22.400,-116.600,-57.013,0.0000,0.0000,0.0018,0.0000,0.0018,0.0000,1,
58.9203,222.4300,WALKING,STANCE,0.2715,-23.600,-120.800,-57.013,0.0000,0.0000,0.0141,0.0000,0.0141,0.0000,1,
58.9282,222.4400,WALKING,STANCE,0.2814,-24.800,-119.600,-57.013,0.0000,0.0000,0.0183,0.0000,0.0183,0.0000,1,
58.9402,222.4500,WALKING,STANCE,0.2914,-25.900,-112.100,-57.013,0.0000,0.0000,0.0126,0.0000,0.0126,0.0000,1,
58.9483,222.4600,WALKING,STANCE,0.3014,-27.000,-99.900,-57.013,0.0000,0.0000,-0.0002,0.0000,-0.0002,0.0000,0,
58.9603,222.4700,WALKING,STANCE,0.3114,-27.900,-82.500,-57.013,0.0000,0.0000,-0.0218,0.0000,-0.0218,0.0000,0,
58.9683,222.4800,WALKING,STANCE,0.3214,-28.500,-61.600,-57.013,0.0000,0.0000,-0.0502,0.0000,-0.0502,0.0000,0,
58.9803,222.4900,WALKING,STANCE,0.3313,-29.000,-38.000,-57.013,0.0000,0.0000,-0.0831,0.0000,-0.0831,0.0000,0,
58.9883,222.5000,WALKING,STANCE,0.3413,-29.200,-12.400,-57.013,0.0000,0.0000,-0.1205,0.0000,-0.1205,0.0000,0,
59.0003,222.5100,WALKING,STANCE,0.3513,-29.200,7.600,-57.013,0.0000,0.0000,-0.1505,0.0000,-0.1505,0.0000,0,
59.0083,222.5200,WALKING,STANCE,0.3613,-29.100,7.400,-57.013,0.0000,0.0000,-0.1507,0.0000,-0.1507,0.0000,0,
59.0203,222.5300,WALKING,STANCE,0.3713,-29.000,4.600,-57.013,0.0000,0.0000,-0.1470,0.0000,-0.1470,0.0000,0,
59.0284,222.5400,WALKING,STANCE,0.3812,-29.000,4.400,-57.013,0.0000,0.0000,-0.1467,0.0000,-0.1467,0.0000,0,
59.0402,222.5500,WALKING,STANCE,0.3912,-28.900,6.000,-57.013,0.0000,0.0000,-0.1496,0.0000,-0.1496,0.0000,0,
59.0523,222.5600,WALKING,STANCE,0.4012,-28.900,4.400,-57.013,0.0000,0.0000,-0.1472,0.0000,-0.1472,0.0000,0,
59.0603,222.5700,WALKING,STANCE,0.4112,-28.900,-1.100,-57.013,0.0000,0.0000,-0.1389,0.0000,-0.1389,0.0000,0,
59.0722,222.5800,WALKING,STANCE,0.4212,-28.900,-0.800,-57.013,0.0000,0.0000,-0.1394,0.0000,-0.1394,0.0000,0,
59.0802,222.5900,WALKING,STANCE,0.4311,-28.900,-0.400,-57.013,0.0000,0.0000,-0.1400,0.0000,-0.1400,0.0000,0,
59.0922,222.6000,WALKING,STANCE,0.4411,-28.900,-2.500,-57.013,0.0000,0.0000,-0.1368,0.0000,-0.1368,0.0000,0,
59.1003,222.6100,WALKING,STANCE,0.4511,-29.000,-6.100,-57.013,0.0000,0.0000,-0.1309,0.0000,-0.1309,0.0000,0,
59.1123,222.6200,WALKING,STANCE,0.4611,-29.100,-12.000,-57.013,0.0000,0.0000,-0.1216,0.0000,-0.1216,0.0000,0,
59.1203,222.6300,WALKING,STANCE,0.4711,-29.200,-19.300,-57.013,0.0000,0.0000,-0.1101,0.0000,-0.1101,0.0000,0,
59.1324,222.6400,WALKING,STANCE,0.4810,-29.500,-27.000,-57.013,0.0000,0.0000,-0.0971,0.0000,-0.0971,0.0000,0,
59.1402,222.6500,WALKING,STANCE,0.4910,-29.800,-36.500,-57.013,0.0000,0.0000,-0.0813,0.0000,-0.0813,0.0000,0,
59.1522,222.6600,WALKING,STANCE,0.5010,-30.200,-41.800,-57.013,0.0000,0.0000,-0.0714,0.0000,-0.0714,0.0000,0,
59.1602,222.6700,WALKING,STANCE,0.5110,-30.700,-48.300,-57.013,0.0000,0.0000,-0.0591,0.0000,-0.0591,0.0000,0,
59.1724,222.6800,WALKING,STANCE,0.5210,-31.200,-55.100,-57.013,0.0000,0.0000,-0.0464,0.0000,-0.0464,0.0000,0,
59.1802,222.6900,WALKING,STANCE,0.5309,-31.800,-61.600,-57.013,0.0000,0.0000,-0.0337,0.0000,-0.0337,0.0000,0,
59.1922,222.7000,WALKING,STANCE,0.5409,-32.500,-67.300,-57.013,0.0000,0.0000,-0.0216,0.0000,-0.0216,0.0000,0,
59.2001,222.7100,WALKING,STANCE,0.5509,-33.200,-68.100,-57.013,0.0000,0.0000,-0.0169,0.0000,-0.0169,0.0000,0,
59.2121,222.7200,WALKING,STANCE,0.5609,-33.800,-64.900,-57.013,0.0000,0.0000,-0.0187,0.0000,-0.0187,0.0000,0,
59.2204,222.7300,WALKING,STANCE,0.5709,-34.400,-61.400,-57.013,0.0000,0.0000,-0.0210,0.0000,-0.0210,0.0000,0,
59.2322,222.7400,WALKING,STANCE,0.5808,-35.000,-56.400,-57.013,0.0000,0.0000,-0.0255,0.0000,-0.0255,0.0000,0,
59.2444,222.7500,WALKING,STANCE,0.5908,-35.500,-47.800,-57.013,0.0000,0.0000,-0.0359,0.0000,-0.0359,0.0000,0,
59.2523,222.7700,WALKING,STANCE,0.6108,-36.300,-31.000,-57.013,0.0000,0.0000,-0.0571,0.0000,-0.0571,0.0000,0,
59.2644,222.7800,WALKING,STANCE,0.6208,-36.500,-21.600,-57.013,0.0000,0.0000,-0.0702,0.0000,-0.0702,0.0000,0,
59.2723,222.7900,WALKING,STANCE,0.6307,-36.700,-17.000,-57.013,0.0000,0.0000,-0.0761,0.0000,-0.0761,0.0000,0,
59.2843,222.8000,WALKING,STANCE,0.6407,-36.900,-12.500,-57.013,0.0000,0.0000,-0.0818,0.0000,-0.0818,0.0000,0,
59.2923,222.8100,WALKING,STANCE,0.6507,-36.900,-7.300,-57.013,0.0000,0.0000,-0.0896,0.0000,-0.0896,0.0000,0,
59.3043,222.8200,WALKING,STANCE,0.6607,-37.000,-11.500,-57.013,0.0000,0.0000,-0.0828,0.0000,-0.0828,0.0000,0,
59.3122,222.8300,WALKING,STANCE,0.6707,-37.200,-20.100,-57.013,0.0000,0.0000,-0.0689,0.0000,-0.0689,0.0000,0,
59.3243,222.8400,WALKING,STANCE,0.6806,-37.500,-30.000,-57.013,0.0000,0.0000,-0.0526,0.0000,-0.0526,0.0000,0,
59.3322,222.8500,WALKING,STANCE,0.6906,-37.900,-42.800,-57.013,0.0000,0.0000,-0.0314,0.0000,-0.0314,0.0000,0,
59.3443,222.8600,WALKING,STANCE,0.7006,-38.400,-57.800,-57.013,0.0000,0.0000,-0.0064,0.0000,-0.0064,0.0000,0,
59.3522,222.8700,WALKING,STANCE,0.7106,-39.100,-79.600,-57.013,0.0000,0.0000,0.0298,0.0000,0.0298,0.0000,1,
59.3643,222.8800,WALKING,STANCE,0.7206,-40.100,-103.500,-57.013,0.0000,0.0000,0.0707,0.0000,0.0707,0.0000,1,
59.3722,222.8900,WALKING,STANCE,0.7305,-41.300,-127.300,-57.013,0.0000,0.0000,0.1124,0.0000,0.1124,0.0000,1,
59.3842,222.9000,WALKING,STANCE,0.7405,-42.700,-153.200,-57.013,0.0000,0.0000,0.1582,0.0000,0.1582,0.0000,1,
59.3922,222.9100,WALKING,STANCE,0.7505,-44.400,-178.100,-57.013,0.0000,0.0000,0.2041,0.0000,0.2041,0.0000,1,
59.4043,222.9200,WALKING,STANCE,0.7605,-46.400,-202.500,-57.013,0.0000,0.0000,0.2507,0.0000,0.2507,0.0000,1,
59.4123,222.9300,WALKING,STANCE,0.7705,-48.600,-226.300,-57.013,0.0000,0.0000,0.2974,0.0000,0.2974,0.0000,1,
59.4244,222.9400,WALKING,STANCE,0.7804,-51.000,-250.800,-57.013,0.0000,0.0000,0.3461,0.0000,0.3461,0.0000,1,
59.4323,222.9500,WALKING,STANCE,0.7904,-53.700,-270.800,-57.013,0.0000,0.0000,0.3896,0.0000,0.3896,0.0000,1,
59.4444,222.9600,WALKING,STANCE,0.8004,-56.500,-287.100,-57.013,0.0000,0.0000,0.4281,0.0000,0.4281,0.0000,1,
59.4521,222.9700,WALKING,STANCE,0.8104,-59.500,-310.300,-57.013,0.0000,0.0000,0.4779,0.0000,0.4779,0.0000,1,
59.4643,222.9800,WALKING,STANCE,0.8204,-62.800,-336.000,-57.013,0.0000,0.0000,0.5329,0.0000,0.5329,0.0000,1,
59.4723,222.9900,WALKING,STANCE,0.8303,-66.300,-359.800,-57.013,0.0000,0.0000,0.5861,0.0000,0.5861,0.0000,1,
59.4843,223.0000,WALKING,STANCE,0.8403,-68.700,-378.400,-57.013,0.0000,0.0000,0.6260,0.0000,0.6260,0.0000,1,
59.4923,223.0100,WALKING,STANCE,0.0000,-74.600,-418.900,-57.013,0.0000,0.0000,0.7163,0.0000,0.7163,0.0000,1,
59.5040,223.0200,WALKING,STANCE,0.0110,-79.000,-441.500,-57.013,0.0000,0.0000,0.7722,0.0000,0.7722,0.0000,1,
59.5122,223.0300,WALKING,STANCE,0.0219,-83.500,-457.000,-57.013,0.0000,0.0000,0.8179,0.0000,0.8179,0.0000,1,
59.5242,223.0400,WALKING,STANCE,0.0329,-88.200,-469.600,-57.013,0.0000,0.0000,0.8603,0.0000,0.8603,0.0000,1,
59.5323,223.0500,WALKING,STANCE,0.0439,-92.400,-464.300,-57.013,0.0000,0.0000,0.8734,0.0000,0.8734,0.0000,1,
59.5443,223.0600,WALKING,STANCE,0.0548,-97.000,-457.100,-57.013,0.0000,0.0000,0.8856,0.0000,0.8856,0.0000,1,
59.5521,223.0700,WALKING,STANCE,0.0658,-101.500,-443.500,-57.013,0.0000,0.0000,0.8877,0.0000,0.8877,0.0000,1,
59.5643,223.0800,WALKING,STANCE,0.0768,-105.800,-424.000,-57.013,0.0000,0.0000,0.8799,0.0000,0.8799,0.0000,1,
59.5722,223.0900,WALKING,STANCE,0.0877,-109.800,-399.200,-57.013,0.0000,0.0000,0.8627,0.0000,0.8627,0.0000,1,
59.5843,223.1000,WALKING,STANCE,0.0987,-113.600,-362.600,-57.013,0.0000,0.0000,0.8268,0.0000,0.8268,0.0000,1,
59.5923,223.1100,WALKING,STANCE,0.1096,-117.000,-325.700,-57.013,0.0000,0.0000,0.7885,0.0000,0.7885,0.0000,1,
59.6044,223.1200,WALKING,STANCE,0.1206,-119.900,-282.800,-57.013,0.0000,0.0000,0.7386,0.0000,0.7386,0.0000,1,
59.6122,223.1300,WALKING,STANCE,0.1316,-122.400,-237.800,-57.013,0.0000,0.0000,0.6836,0.0000,0.6836,0.0000,1,
59.6243,223.1400,WALKING,STANCE,0.1425,-124.500,-190.900,-57.013,0.0000,0.0000,0.6238,0.0000,0.6238,0.0000,1,
59.6323,223.1500,WALKING,STANCE,0.1535,-126.100,-142.600,-57.013,0.0000,0.0000,0.5593,0.0000,0.5593,0.0000,1,
59.6443,223.1600,WALKING,STANCE,0.1645,-127.200,-94.200,-57.013,0.0000,0.0000,0.4922,0.0000,0.4922,0.0000,1,
59.6524,223.1700,WALKING,STANCE,0.1754,-127.800,-46.300,-57.013,0.0000,0.0000,0.4234,0.0000,0.4234,0.0000,1,
59.6643,223.1800,WALKING,STANCE,0.1864,-127.900,1.500,-57.013,0.0000,0.0000,0.3522,0.0000,0.3522,0.0000,1,
59.6723,223.1900,WALKING,STANCE,0.1974,-127.600,34.500,-57.013,0.0000,0.0000,0.3012,0.0000,0.3012,0.0000,1,
59.6844,223.2000,WALKING,STANCE,0.2083,-127.100,61.100,-57.013,0.0000,0.0000,0.2588,0.0000,0.2588,0.0000,1,
59.6963,223.2100,WALKING,STANCE,0.2193,-126.300,88.200,-57.013,0.0000,0.0000,0.2141,0.0000,0.2141,0.0000,1,
59.7043,223.2200,WALKING,STANCE,0.2303,-125.300,112.800,-57.013,0.0000,0.0000,0.1722,0.0000,0.1722,0.0000,1,
59.7163,223.2300,WALKING,STANCE,0.2412,-123.900,138.600,-57.013,0.0000,0.0000,0.1265,0.0000,0.1265,0.0000,1,
59.7244,223.2400,WALKING,SWING,0.0033,-122.400,163.500,-57.013,0.0103,0.0000,0.0817,0.0000,0.0817,0.0000,1,
59.7363,223.2500,WALKING,SWING,0.0197,-120.600,187.600,-57.013,0.0620,0.0000,0.0365,0.0000,0.0365,0.0000,1,
59.7444,223.2600,WALKING,SWING,0.0362,-118.500,210.500,-57.013,0.1134,0.0000,-0.0083,0.0000,-0.0083,0.0000,0,
59.7563,223.2700,WALKING,SWING,0.0526,-116.300,234.200,-57.013,0.1646,0.0000,-0.0549,0.0000,-0.0549,0.0000,0,
59.7644,223.2800,WALKING,SWING,0.0691,-113.800,255.500,-57.013,0.2153,0.0000,-0.0993,0.0000,-0.0993,0.0000,0,
59.7762,223.2900,WALKING,SWING,0.0855,-111.100,277.400,-57.013,0.2655,0.0000,-0.1457,0.0000,-0.1457,0.0000,0,
59.7843,223.3000,WALKING,SWING,0.1020,-108.100,302.800,-57.013,0.3149,0.0000,-0.1988,0.0000,-0.1988,0.0000,0,
59.7963,223.3100,WALKING,SWING,0.1184,-104.900,324.800,-57.013,0.3635,0.0000,-0.2478,0.0000,-0.2478,0.0000,0,
59.8043,223.3200,WALKING,SWING,0.1349,-101.600,345.100,-57.013,0.4111,0.0000,-0.2947,0.0000,-0.2947,0.0000,0,
59.8163,223.3300,WALKING,SWING,0.1513,-97.900,370.900,-57.013,0.4577,0.0000,-0.3519,0.0000,-0.3519,0.0000,0,
59.8244,223.3400,WALKING,SWING,0.1678,-94.100,389.600,-57.013,0.5030,0.0000,-0.3990,0.0000,-0.3990,0.0000,0,
59.8363,223.3500,WALKING,SWING,0.1842,-90.000,412.500,-57.013,0.5469,0.0000,-0.4538,0.0000,-0.4538,0.0000,0,
59.8443,223.3600,WALKING,SWING,0.2007,-85.700,437.700,-57.013,0.5895,0.0000,-0.5131,0.0000,-0.5131,0.0000,0,
59.8563,223.3700,WALKING,SWING,0.2171,-81.200,453.400,-57.013,0.6304,0.0000,-0.5592,0.0000,-0.5592,0.0000,0,
59.8643,223.3800,WALKING,SWING,0.2336,-76.600,471.500,-57.013,0.6696,0.0000,-0.6093,0.0000,-0.6093,0.0000,0,
59.8762,223.3900,WALKING,SWING,0.2500,-71.700,495.100,-57.013,0.7071,0.0000,-0.6692,0.0000,-0.6692,0.0000,0,
59.8842,223.4000,WALKING,SWING,0.2664,-66.600,513.800,-57.013,0.7427,0.0000,-0.7228,0.0000,-0.7228,0.0000,0,
59.8963,223.4100,WALKING,SWING,0.2829,-61.400,531.300,-57.013,0.7763,0.0000,-0.7750,0.0000,-0.7750,0.0000,0,
59.9043,223.4200,WALKING,SWING,0.2993,-56.000,543.600,-57.013,0.8078,0.0000,-0.8205,0.0000,-0.8205,0.0000,0,
59.9163,223.4300,WALKING,SWING,0.3158,-50.400,566.600,-57.013,0.8372,0.0000,-0.8830,0.0000,-0.8830,0.0000,0,
59.9244,223.4400,WALKING,SWING,0.3322,-44.700,567.700,-57.013,0.8643,0.0000,-0.9131,0.0000,-0.9131,0.0000,0,
59.9363,223.4500,WALKING,SWING,0.3487,-39.100,556.200,-57.013,0.8891,0.0000,-0.9239,0.0000,-0.9239,0.0000,0,
59.9444,223.4600,WALKING,SWING,0.3651,-33.700,531.200,-57.013,0.9116,0.0000,-0.9134,0.0000,-0.9134,0.0000,0,
59.9563,223.4700,WALKING,SWING,0.3816,-28.700,476.900,-57.013,0.9316,0.0000,-0.8569,0.0000,-0.8569,0.0000,0,
59.9644,223.4800,WALKING,SWING,0.3980,-24.400,414.900,-57.013,0.9491,0.0000,-0.7854,0.0000,-0.7854,0.0000,0,
59.9763,223.4900,WALKING,SWING,0.4145,-20.700,342.000,-57.013,0.9641,0.0000,-0.6946,0.0000,-0.6946,0.0000,0,
59.9844,223.5000,WALKING,SWING,0.4309,-17.700,279.300,-57.013,0.9765,0.0000,-0.6155,0.0000,-0.6155,0.0000,0,
59.9963,223.5100,WALKING,SWING,0.4474,-15.300,228.200,-57.013,0.9864,0.0000,-0.5509,0.0000,-0.5509,0.0000,0,
60.0044,223.5200,WALKING,SWING,0.4638,-13.400,178.600,-57.013,0.9935,0.0000,-0.4860,0.0000,-0.4860,0.0000,0,
