t_s,timestamp,state,phase,phase_progress,belt_length,belt_velocity,target_belt_length,profile,assist_gain,force_n,current_a,saturated,faults
0.0096,141.5700,INIT,STANCE,0.0000,-78.800,0.000,-78.800,0.0000,0.0000,0.0000,0.0000,0,
0.0177,141.5800,INIT,STANCE,0.0139,-78.800,0.500,-78.800,0.0000,0.0000,-0.0025,0.0000,0,
0.0297,141.5900,INIT,STANCE,0.0278,-78.800,0.000,-78.800,0.0000,0.0000,0.0000,0.0000,0,
0.0377,141.6000,INIT,STANCE,0.0417,-78.800,0.000,-78.800,0.0000,0.0000,0.0000,0.0000,0,
0.0498,141.6100,INIT,STANCE,0.0556,-78.800,0.000,-78.800,0.0000,0.0000,0.0000,0.0000,0,
0.0577,141.6200,INIT,STANCE,0.0694,-78.800,0.300,-78.800,0.0000,0.0000,-0.0015,0.0000,0,
0.0697,141.6300,INIT,STANCE,0.0833,-78.800,0.300,-78.800,0.0000,0.0000,-0.0015,0.0000,0,
0.0778,141.6400,INIT,STANCE,0.0972,-78.800,0.000,-78.800,0.0000,0.0000,0.0000,0.0000,0,
0.0897,141.6500,INIT,STANCE,0.1111,-78.800,0.100,-78.800,0.0000,0.0000,-0.0005,0.0000,0,
0.0977,141.6600,INIT,STANCE,0.1250,-78.800,0.200,-78.800,0.0000,0.0000,-0.0010,0.0000,0,
0.1097,141.6700,INIT,STANCE,0.1389,-78.800,-0.400,-78.800,0.0000,0.0000,0.0020,0.0483,0,
0.1177,141.6800,INIT,STANCE,0.1528,-78.800,0.600,-78.800,0.0000,0.0000,-0.0030,0.0000,0,
0.1297,141.6900,INIT,STANCE,0.1667,-78.800,-0.100,-78.800,0.0000,0.0000,0.0005,0.0466,0,
0.1377,141.7000,INIT,STANCE,0.1806,-78.800,1.500,-78.800,0.0000,0.0000,-0.0075,0.0000,0,
0.1498,141.7100,INIT,STANCE,0.1944,-78.800,-1.000,-78.800,0.0000,0.0000,0.0050,0.0517,0,
0.1577,141.7200,INIT,STANCE,0.2083,-78.800,2.100,-78.800,0.0000,0.0000,-0.0105,0.0000,0,
0.1697,141.7300,INIT,STANCE,0.2222,-78.800,-1.300,-78.800,0.0000,0.0000,0.0065,0.0534,0,
0.1778,141.7400,INIT,STANCE,0.2361,-78.800,1.000,-78.800,0.0000,0.0000,-0.0050,0.0000,0,
0.1897,141.7500,INIT,STANCE,0.2500,-78.800,-0.400,-78.800,0.0000,0.0000,0.0020,0.0483,0,
0.1978,141.7600,INIT,STANCE,0.2639,-78.800,0.400,-78.800,0.0000,0.0000,-0.0020,0.0000,0,
0.2096,141.7700,INIT,STANCE,0.2778,-78.800,-0.600,-78.800,0.0000,0.0000,0.0030,0.0494,0,
0.2177,141.7800,INIT,STANCE,0.2917,-78.800,1.200,-78.800,0.0000,0.0000,-0.0060,0.0000,0,
0.2297,141.7900,INIT,STANCE,0.3056,-78.800,-1.300,-78.800,0.0000,0.0000,0.0065,0.0534,0,
0.2376,141.8000,INIT,STANCE,0.3194,-78.800,1.300,-78.800,0.0000,0.0000,-0.0065,0.0000,0,
0.2497,141.8100,INIT,STANCE,0.3333,-78.800,-1.700,-78.800,0.0000,0.0000,0.0085,0.0557,0,
0.2577,141.8200,INIT,STANCE,0.3472,-78.800,1.400,-78.800,0.0000,0.0000,-0.0070,0.0000,0,
0.2697,141.8300,INIT,STANCE,0.3611,-78.800,-0.900,-78.800,0.0000,0.0000,0.0045,0.0511,0,
0.2777,141.8400,INIT,STANCE,0.3750,-78.800,1.000,-78.800,0.0000,0.0000,-0.0050,0.0000,0,
0.2897,141.8500,INIT,STANCE,0.3889,-78.800,-1.300,-78.800,0.0000,0.0000,0.0065,0.0534,0,
0.2977,141.8600,INIT,STANCE,0.4028,-78.800,2.100,-78.800,0.0000,0.0000,-0.0105,0.0000,0,
0.3097,141.8700,INIT,STANCE,0.4167,-78.800,-2.400,-78.800,0.0000,0.0000,0.0120,0.0598,0,
0.3175,141.8800,INIT,STANCE,0.4306,-78.800,1.900,-78.800,0.0000,0.0000,-0.0095,0.0000,0,
0.3296,141.8900,INIT,STANCE,0.4444,-78.800,-1.300,-78.800,0.0000,0.0000,0.0065,0.0534,0,
0.3377,141.9000,INIT,STANCE,0.4583,-78.800,1.400,-78.800,0.0000,0.0000,-0.0070,0.0000,0,
0.3497,141.9100,INIT,STANCE,0.4722,-78.800,-1.200,-78.800,0.0000,0.0000,0.0060,0.0529,0,
0.3577,141.9200,INIT,STANCE,0.4861,-78.800,1.200,-78.800,0.0000,0.0000,-0.0060,0.0000,0,
0.3697,141.9300,INIT,STANCE,0.5000,-78.800,-1.100,-78.800,0.0000,0.0000,0.0055,0.0523,0,
0.3777,141.9400,INIT,STANCE,0.5139,-78.800,1.500,-78.800,0.0000,0.0000,-0.0075,0.0000,0,
0.3897,141.9500,INIT,STANCE,0.5278,-78.800,-2.100,-78.800,0.0000,0.0000,0.0105,0.0580,0,
0.3977,141.9600,INIT,STANCE,0.5417,-78.800,1.800,-78.800,0.0000,0.0000,-0.0090,0.0000,0,
0.4096,141.9700,INIT,STANCE,0.5556,-78.800,-0.300,-78.800,0.0000,0.0000,0.0015,0.0477,0,
0.4177,141.9800,INIT,STANCE,0.5694,-78.800,1.400,-78.800,0.0000,0.0000,-0.0070,0.0000,0,
0.4297,141.9900,INIT,STANCE,0.5833,-78.800,-0.900,-78.800,0.0000,0.0000,0.0045,0.0511,0,
0.4497,142.0000,INIT,STANCE,0.5972,-78.800,0.400,-78.800,0.0000,0.0000,-0.0020,0.0000,0,
0.4577,142.0100,INIT,STANCE,0.6111,-78.800,0.300,-78.800,0.0000,0.0000,-0.0015,0.0000,0,
0.4697,142.0200,INIT,STANCE,0.6250,-78.700,3.300,-78.700,0.0000,0.0000,-0.0165,0.0000,0,
0.4777,142.0300,INIT,STANCE,0.6389,-78.700,3.400,-78.700,0.0000,0.0000,-0.0170,0.0000,0,
0.4898,142.0400,INIT,STANCE,0.6528,-78.700,2.000,-78.700,0.0000,0.0000,-0.0100,0.0000,0,
0.4977,142.0500,INIT,STANCE,0.6667,-78.700,1.800,-78.700,0.0000,0.0000,-0.0090,0.0000,0,
0.5097,142.0600,INIT,STANCE,0.6806,-78.600,1.800,-78.600,0.0000,0.0000,-0.0090,0.0000,0,
0.5177,142.0700,INIT,STANCE,0.6944,-78.600,2.900,-78.600,0.0000,0.0000,-0.0145,0.0000,0,
0.5297,142.0800,INIT,STANCE,0.7083,-78.600,2.600,-78.600,0.0000,0.0000,-0.0130,0.0000,0,
0.5377,142.0900,INIT,STANCE,0.7222,-78.600,1.600,-78.600,0.0000,0.0000,-0.0080,0.0000,0,
0.5497,142.1000,INIT,STANCE,0.7361,-78.600,0.800,-78.600,0.0000,0.0000,-0.0040,0.0000,0,
0.5577,142.1100,INIT,STANCE,0.7500,-78.600,0.100,-78.600,0.0000,0.0000,-0.0005,0.0000,0,
0.5697,142.1200,INIT,STANCE,0.7639,-78.600,0.400,-78.600,0.0000,0.0000,-0.0020,0.0000,0,
0.5777,142.1300,INIT,STANCE,0.7778,-78.600,0.500,-78.600,0.0000,0.0000,-0.0025,0.0000,0,
0.5897,142.1400,INIT,STANCE,0.7917,-78.500,1.000,-78.500,0.0000,0.0000,-0.0050,0.0000,0,
0.5977,142.1500,INIT,STANCE,0.8056,-78.500,2.100,-78.500,0.0000,0.0000,-0.0105,0.0000,0,
0.6097,142.1600,INIT,STANCE,0.8194,-78.500,3.300,-78.500,0.0000,0.0000,-0.0165,0.0000,0,
0.6177,142.1700,INIT,STANCE,0.8333,-78.400,9.300,-78.400,0.0000,0.0000,-0.0465,0.0000,0,
0.6297,142.1800,INIT,STANCE,0.8472,-78.300,17.200,-78.300,0.0000,0.0000,-0.0860,0.0000,0,
0.6378,142.1900,INIT,STANCE,0.8611,-78.100,23.300,-78.100,0.0000,0.0000,-0.1165,0.0000,0,
0.6497,142.2000,INIT,STANCE,0.8750,-77.800,29.000,-77.800,0.0000,0.0000,-0.1450,0.0000,0,
0.6576,142.2100,INIT,STANCE,0.8889,-77.500,35.900,-77.500,0.0000,0.0000,-0.1795,0.0000,0,
0.6697,142.2200,INIT,STANCE,0.9028,-77.100,40.100,-77.100,0.0000,0.0000,-0.2005,0.0000,0,
0.6777,142.2300,INIT,STANCE,0.9167,-76.700,40.000,-76.700,0.0000,0.0000,-0.2000,0.0000,0,
0.6897,142.2400,INIT,STANCE,0.9306,-76.300,37.900,-76.300,0.0000,0.0000,-0.1895,0.0000,0,
0.6977,142.2500,INIT,STANCE,0.9444,-75.900,36.000,-75.900,0.0000,0.0000,-0.1800,0.0000,0,
0.7097,142.2600,INIT,STANCE,0.9583,-75.600,33.800,-75.600,0.0000,0.0000,-0.1690,0.0000,0,
0.7177,142.2700,INIT,STANCE,0.9722,-75.200,30.700,-75.200,0.0000,0.0000,-0.1535,0.0000,0,
0.7297,142.2800,INIT,STANCE,0.9861,-74.900,31.300,-74.900,0.0000,0.0000,-0.1565,0.0000,0,
0.7377,142.2900,INIT,STANCE,1.0000,-74.600,31.000,-74.600,0.0000,0.0000,-0.1550,0.0000,0,
0.7497,142.3000,INIT,SWING,0.0208,-74.300,31.100,-74.300,0.0654,0.0000,-0.1555,0.0000,0,
0.7577,142.3100,INIT,SWING,0.0417,-74.000,28.000,-74.000,0.1305,0.0000,-0.1400,0.0000,0,
0.7697,142.3200,INIT,SWING,0.0625,-73.800,22.600,-73.800,0.1951,0.0000,-0.1130,0.0000,0,
0.7776,142.3300,INIT,SWING,0.0833,-73.600,21.100,-73.600,0.2588,0.0000,-0.1055,0.0000,0,
0.7897,142.3400,INIT,SWING,0.1042,-73.400,20.100,-73.400,0.3214,0.0000,-0.1005,0.0000,0,
0.7977,142.3500,INIT,SWING,0.1250,-73.200,20.000,-73.200,0.3827,0.0000,-0.1000,0.0000,0,
0.8097,142.3600,INIT,SWING,0.1458,-72.900,21.900,-72.900,0.4423,0.0000,-0.1095,0.0000,0,
0.8177,142.3700,INIT,SWING,0.1667,-72.700,22.400,-72.700,0.5000,0.0000,-0.1120,0.0000,0,
0.8296,142.3800,INIT,SWING,0.1875,-72.500,25.600,-72.500,0.5556,0.0000,-0.1280,0.0000,0,
0.8374,142.3900,INIT,SWING,0.2083,-72.200,26.700,-72.200,0.6088,0.0000,-0.1335,0.0000,0,
0.8497,142.4000,INIT,SWING,0.2292,-71.900,29.600,-71.900,0.6593,0.0000,-0.1480,0.0000,0,
0.8578,142.4100,INIT,SWING,0.2500,-71.600,30.800,-71.600,0.7071,0.0000,-0.1540,0.0000,0,
0.8697,142.4200,INIT,SWING,0.2708,-71.300,31.600,-71.300,0.7518,0.0000,-0.1580,0.0000,0,
0.8777,142.4300,INIT,SWING,0.2917,-71.000,32.100,-71.000,0.7934,0.0000,-0.1605,0.0000,0,
0.8897,142.4400,INIT,SWING,0.3125,-70.700,31.400,-70.700,0.8315,0.0000,-0.1570,0.0000,0,
0.8976,142.4500,INIT,SWING,0.3333,-70.300,32.000,-70.300,0.8660,0.0000,-0.1600,0.0000,0,
0.9097,142.4600,INIT,SWING,0.3542,-70.000,31.100,-70.000,0.8969,0.0000,-0.1555,0.0000,0,
0.9177,142.4700,INIT,SWING,0.3750,-69.700,33.300,-69.700,0.9239,0.0000,-0.1665,0.0000,0,
0.9297,142.4800,INIT,SWING,0.3958,-69.400,35.200,-69.400,0.9469,0.0000,-0.1760,0.0000,0,
0.9377,142.4900,INIT,SWING,0.4167,-69.000,36.700,-69.000,0.9659,0.0000,-0.1835,0.0000,0,
0.9498,142.5000,INIT,SWING,0.4375,-68.600,35.800,-68.600,0.9808,0.0000,-0.1790,0.0000,0,
0.9577,142.5100,INIT,SWING,0.4583,-68.300,37.900,-68.300,0.9914,0.0000,-0.1895,0.0000,0,
0.9697,142.5200,INIT,SWING,0.4792,-67.900,41.100,-67.900,0.9979,0.0000,-0.2055,0.0000,0,
0.9777,142.5300,INIT,SWING,0.5000,-67.400,43.200,-67.400,1.0000,0.0000,-0.2160,0.0000,0,
0.9896,142.5400,INIT,SWING,0.5208,-67.000,46.400,-67.000,0.9979,0.0000,-0.2320,0.0000,0,
0.9977,142.5500,INIT,SWING,0.5417,-66.500,51.400,-66.500,0.9914,0.0000,-0.2570,0.0000,0,
1.0097,142.5600,INIT,SWING,0.5625,-65.900,54.000,-65.900,0.9808,0.0000,-0.2700,0.0000,0,
1.0177,142.5700,INIT,SWING,0.5833,-65.400,57.500,-65.400,0.9659,0.0000,-0.2875,0.0000,0,
1.0297,142.5800,INIT,SWING,0.6042,-64.800,59.500,-64.800,0.9469,0.0000,-0.2975,0.0000,0,
1.0376,142.5900,INIT,SWING,0.6250,-64.200,63.300,-64.200,0.9239,0.0000,-0.3165,0.0000,0,
1.0497,142.6000,INIT,SWING,0.6458,-63.500,63.500,-63.500,0.8969,0.0000,-0.3175,0.0000,0,
1.0577,142.6100,INIT,SWING,0.6667,-62.900,57.300,-62.900,0.8660,0.0000,-0.2865,0.0000,0,
1.0697,142.6200,INIT,SWING,0.6875,-62.400,48.700,-62.400,0.8315,0.0000,-0.2435,0.0000,0,
1.0777,142.6300,INIT,SWING,0.7083,-62.000,38.600,-62.000,0.7934,0.0000,-0.1930,0.0000,0,
1.0897,142.6400,INIT,SWING,0.7292,-61.700,28.500,-61.700,0.7518,0.0000,-0.1425,0.0000,0,
1.0976,142.6500,INIT,SWING,0.7500,-61.500,16.300,-61.500,0.7071,0.0000,-0.0815,0.0000,0,
1.1096,142.6600,INIT,SWING,0.7708,-61.400,7.600,-61.400,0.6593,0.0000,-0.0380,0.0000,0,
1.1177,142.6700,INIT,SWING,0.7917,-61.300,3.000,-61.300,0.6088,0.0000,-0.0150,0.0000,0,
1.1297,142.6800,INIT,SWING,0.8125,-61.300,0.200,-61.300,0.5556,0.0000,-0.0010,0.0000,0,
1.1377,142.6900,INIT,SWING,0.8333,-61.300,-0.200,-61.300,0.5000,0.0000,0.0010,0.0471,0,
1.1497,142.7000,INIT,SWING,0.8542,-61.300,-0.200,-61.300,0.4423,0.0000,0.0010,0.0471,0,
1.1577,142.7100,INIT,SWING,0.8750,-61.300,0.300,-61.300,0.3827,0.0000,-0.0015,0.0000,0,
1.1697,142.7200,INIT,SWING,0.8958,-61.300,1.200,-61.300,0.3214,0.0000,-0.0060,0.0000,0,
1.1777,142.7300,INIT,SWING,0.9167,-61.300,0.300,-61.300,0.2588,0.0000,-0.0015,0.0000,0,
1.1897,142.7400,INIT,SWING,0.9375,-61.300,-0.700,-61.300,0.1951,0.0000,0.0035,0.0500,0,
1.1977,142.7500,INIT,SWING,0.9583,-61.300,0.000,-61.300,0.1305,0.0000,0.0000,0.0000,0,
1.2096,142.7600,INIT,SWING,0.9792,-61.300,0.100,-61.300,0.0654,0.0000,-0.0005,0.0000,0,
1.2218,142.7700,INIT,STANCE,0.0000,-61.300,1.100,-61.300,0.0000,0.0000,-0.0055,0.0000,0,
1.2296,142.7800,BASELINE_COLLECTION,STANCE,0.0139,-61.300,-0.700,-61.300,0.0000,0.0000,0.0035,0.0500,0,
1.2417,142.7900,BASELINE_COLLECTION,STANCE,0.0278,-61.300,0.000,-61.300,0.0000,0.0000,0.0000,0.0000,0,
1.2496,142.8000,BASELINE_COLLECTION,STANCE,0.0417,-61.300,0.300,-61.300,0.0000,0.0000,-0.0015,0.0000,0,
1.2618,142.8100,BASELINE_COLLECTION,STANCE,0.0556,-61.300,1.200,-61.300,0.0000,0.0000,-0.0060,0.0000,0,
1.2697,142.8200,BASELINE_COLLECTION,STANCE,0.0694,-61.300,0.800,-61.300,0.0000,0.0000,-0.0040,0.0000,0,
1.2817,142.8300,BASELINE_COLLECTION,STANCE,0.0833,-61.300,-1.300,-61.300,0.0000,0.0000,0.0065,0.0534,0,
1.2897,142.8400,BASELINE_COLLECTION,STANCE,0.0972,-61.300,1.000,-61.300,0.0000,0.0000,-0.0050,0.0000,0,
1.3017,142.8500,BASELINE_COLLECTION,STANCE,0.1111,-61.300,0.400,-61.300,0.0000,0.0000,-0.0020,0.0000,0,
1.3097,142.8600,BASELINE_COLLECTION,STANCE,0.1250,-61.300,1.200,-61.300,0.0000,0.0000,-0.0060,0.0000,0,
1.3216,142.8700,BASELINE_COLLECTION,STANCE,0.1389,-61.300,1.400,-61.300,0.0000,0.0000,-0.0070,0.0000,0,
1.3297,142.8800,BASELINE_COLLECTION,STANCE,0.1528,-61.300,-0.600,-61.300,0.0000,0.0000,0.0030,0.0494,0,
1.3417,142.8900,BASELINE_COLLECTION,STANCE,0.1667,-61.300,0.100,-61.300,0.0000,0.0000,-0.0005,0.0000,0,
1.3497,142.9000,BASELINE_COLLECTION,STANCE,0.1806,-61.300,-0.100,-61.300,0.0000,0.0000,0.0005,0.0466,0,
1.3617,142.9100,BASELINE_COLLECTION,STANCE,0.1944,-61.300,0.900,-61.300,0.0000,0.0000,-0.0045,0.0000,0,
1.3697,142.9200,BASELINE_COLLECTION,STANCE,0.2083,-61.300,-1.300,-61.300,0.0000,0.0000,0.0065,0.0534,0,
1.3818,142.9300,BASELINE_COLLECTION,STANCE,0.2222,-61.300,-0.100,-61.300,0.0000,0.0000,0.0005,0.0466,0,
1.3897,142.9400,BASELINE_COLLECTION,STANCE,0.2361,-61.300,0.100,-61.300,0.0000,0.0000,-0.0005,0.0000,0,
1.4017,142.9500,BASELINE_COLLECTION,STANCE,0.2500,-61.300,-1.600,-61.300,0.0000,0.0000,0.0080,0.0552,0,
1.4097,142.9600,BASELINE_COLLECTION,STANCE,0.2639,-61.300,-0.400,-61.300,0.0000,0.0000,0.0020,0.0483,0,
1.4217,142.9700,BASELINE_COLLECTION,STANCE,0.2778,-61.300,-4.600,-61.300,0.0000,0.0000,0.0230,0.0724,0,
1.4298,142.9800,BASELINE_COLLECTION,STANCE,0.2917,-61.400,-7.800,-61.400,0.0000,0.0000,0.0390,0.0908,0,
1.4417,142.9900,BASELINE_COLLECTION,STANCE,0.3056,-61.500,-12.400,-61.500,0.0000,0.0000,0.0620,0.1172,0,
1.4497,143.0000,BASELINE_COLLECTION,STANCE,0.3194,-61.600,-17.100,-61.600,0.0000,0.0000,0.0855,0.1443,0,
1.4617,143.0100,BASELINE_COLLECTION,STANCE,0.3333,-62.000,-31.500,-62.000,0.0000,0.0000,0.1575,0.2270,0,
1.4697,143.0200,BASELINE_COLLECTION,STANCE,0.3472,-62.400,-40.800,-62.400,0.0000,0.0000,0.2040,0.2805,0,
1.4818,143.0300,BASELINE_COLLECTION,STANCE,0.3611,-62.800,-49.700,-62.800,0.0000,0.0000,0.2485,0.3000,1,
1.4897,143.0400,BASELINE_COLLECTION,STANCE,0.3750,-63.400,-62.300,-63.400,0.0000,0.0000,0.3115,0.3000,1,
1.5017,143.0500,BASELINE_COLLECTION,STANCE,0.3889,-64.100,-74.000,-64.100,0.0000,0.0000,0.3700,0.3000,1,
1.5097,143.0600,BASELINE_COLLECTION,STANCE,0.4028,-64.900,-83.500,-64.900,0.0000,0.0000,0.4175,0.3000,1,
1.5217,143.0700,BASELINE_COLLECTION,STANCE,0.4167,-65.800,-95.200,-65.800,0.0000,0.0000,0.4760,0.3000,1,
1.5296,143.0800,BASELINE_COLLECTION,STANCE,0.4306,-66.900,-112.500,-66.900,0.0000,0.0000,0.5625,0.3000,1,
1.5417,143.0900,BASELINE_COLLECTION,STANCE,0.4444,-68.200,-132.800,-68.200,0.0000,0.0000,0.6640,0.3000,1,
1.5498,143.1000,BASELINE_COLLECTION,STANCE,0.4583,-69.700,-155.000,-69.700,0.0000,0.0000,0.7750,0.3000,1,
1.5617,143.1100,BASELINE_COLLECTION,STANCE,0.4722,-71.400,-178.100,-71.400,0.0000,0.0000,0.8905,0.3000,1,
1.5697,143.1200,BASELINE_COLLECTION,STANCE,0.4861,-73.300,-197.600,-73.300,0.0000,0.0000,0.9880,0.3000,1,
1.5818,143.1300,BASELINE_COLLECTION,STANCE,0.5000,-75.400,-216.400,-75.400,0.0000,0.0000,1.0820,0.3000,1,
1.5897,143.1400,BASELINE_COLLECTION,STANCE,0.5139,-77.700,-239.300,-77.700,0.0000,0.0000,1.1965,0.3000,1,
1.6017,143.1500,BASELINE_COLLECTION,STANCE,0.5278,-80.300,-261.400,-80.300,0.0000,0.0000,1.3070,0.3000,1,
1.6097,143.1600,BASELINE_COLLECTION,STANCE,0.5417,-83.000,-281.200,-83.000,0.0000,0.0000,1.4060,0.3000,1,
1.6216,143.1700,BASELINE_COLLECTION,STANCE,0.5556,-86.000,-299.400,-86.000,0.0000,0.0000,1.4970,0.3000,1,
1.6297,143.1800,BASELINE_COLLECTION,STANCE,0.5694,-89.100,-314.300,-89.100,0.0000,0.0000,1.5715,0.3000,1,
1.6417,143.1900,BASELINE_COLLECTION,STANCE,0.5833,-92.300,-321.900,-92.300,0.0000,0.0000,1.6095,0.3000,1,
1.6497,143.2000,BASELINE_COLLECTION,STANCE,0.5972,-95.500,-331.000,-95.500,0.0000,0.0000,1.6550,0.3000,1,
1.6617,143.2100,BASELINE_COLLECTION,STANCE,0.6111,-98.900,-341.000,-98.900,0.0000,0.0000,1.7050,0.3000,1,
1.6697,143.2200,BASELINE_COLLECTION,STANCE,0.6250,-102.300,-340.600,-102.300,0.0000,0.0000,1.7030,0.3000,1,
1.6817,143.2300,BASELINE_COLLECTION,STANCE,0.6389,-105.700,-341.100,-105.700,0.0000,0.0000,1.7055,0.3000,1,
1.6897,143.2400,BASELINE_COLLECTION,STANCE,0.6528,-109.400,-332.900,-109.400,0.0000,0.0000,1.6645,0.3000,1,
1.7017,143.2500,BASELINE_COLLECTION,STANCE,0.6667,-112.500,-309.200,-112.500,0.0000,0.0000,1.5460,0.3000,1,
1.7097,143.2600,BASELINE_COLLECTION,STANCE,0.6806,-115.400,-274.100,-115.400,0.0000,0.0000,1.3705,0.3000,1,
1.7217,143.2700,BASELINE_COLLECTION,STANCE,0.6944,-117.800,-228.500,-117.800,0.0000,0.0000,1.1425,0.3000,1,
1.7296,143.2800,BASELINE_COLLECTION,STANCE,0.7083,-119.800,-173.900,-119.800,0.0000,0.0000,0.8695,0.3000,1,
1.7417,143.2900,BASELINE_COLLECTION,STANCE,0.7222,-121.100,-114.500,-121.100,0.0000,0.0000,0.5725,0.3000,1,
1.7498,143.3000,BASELINE_COLLECTION,STANCE,0.7361,-121.800,-55.900,-121.800,0.0000,0.0000,0.2795,0.3000,1,
1.7617,143.3100,BASELINE_COLLECTION,STANCE,0.7500,-121.900,8.900,-121.900,0.0000,0.0000,-0.0445,0.0000,0,
1.7698,143.3200,BASELINE_COLLECTION,STANCE,0.7639,-121.500,58.300,-121.500,0.0000,0.0000,-0.2915,0.0000,0,
1.7817,143.3300,BASELINE_COLLECTION,STANCE,0.7778,-120.600,99.700,-120.600,0.0000,0.0000,-0.4985,0.0000,0,
1.7897,143.3400,BASELINE_COLLECTION,STANCE,0.7917,-119.400,136.800,-119.400,0.0000,0.0000,-0.6840,0.0000,0,
1.8016,143.3500,BASELINE_COLLECTION,STANCE,0.8056,-117.900,161.500,-117.900,0.0000,0.0000,-0.8075,0.0000,0,
1.8097,143.3600,BASELINE_COLLECTION,STANCE,0.8194,-116.100,185.600,-116.100,0.0000,0.0000,-0.9280,0.0000,0,
1.8216,143.3700,BASELINE_COLLECTION,STANCE,0.8333,-114.000,209.800,-114.000,0.0000,0.0000,-1.0490,0.0000,0,
1.8298,143.3800,BASELINE_COLLECTION,STANCE,0.8472,-111.800,231.500,-111.800,0.0000,0.0000,-1.1575,0.0000,0,
1.8417,143.3900,BASELINE_COLLECTION,STANCE,0.8611,-109.200,256.500,-109.200,0.0000,0.0000,-1.2825,0.0000,0,
1.8497,143.4000,BASELINE_COLLECTION,STANCE,0.8750,-106.500,280.700,-106.500,0.0000,0.0000,-1.4035,0.0000,0,
1.8617,143.4100,BASELINE_COLLECTION,STANCE,0.8889,-103.600,300.900,-103.600,0.0000,0.0000,-1.5045,0.0000,0,
1.8697,143.4200,BASELINE_COLLECTION,STANCE,0.9028,-100.400,323.900,-100.400,0.0000,0.0000,-1.6195,0.0000,0,
1.8818,143.4300,BASELINE_COLLECTION,STANCE,0.9167,-97.000,346.500,-97.000,0.0000,0.0000,-1.7325,0.0000,0,
1.8897,143.4400,BASELINE_COLLECTION,STANCE,0.9306,-93.400,363.200,-93.400,0.0000,0.0000,-1.8160,0.0000,0,
1.9018,143.4500,BASELINE_COLLECTION,STANCE,0.9444,-89.600,386.400,-89.600,0.0000,0.0000,-1.9320,0.0000,0,
1.9097,143.4600,BASELINE_COLLECTION,STANCE,0.9583,-85.600,406.900,-85.600,0.0000,0.0000,-2.0345,0.0000,0,
1.9217,143.4700,BASELINE_COLLECTION,STANCE,0.9722,-81.400,421.000,-81.400,0.0000,0.0000,-2.1050,0.0000,0,
1.9297,143.4800,BASELINE_COLLECTION,STANCE,0.9861,-77.100,439.400,-77.100,0.0000,0.0000,-2.1970,0.0000,0,
1.9417,143.4900,BASELINE_COLLECTION,SWING,0.0000,-72.500,460.800,-72.500,0.0000,0.0000,-2.3040,0.0000,0,
1.9497,143.5000,BASELINE_COLLECTION,SWING,0.0208,-67.700,480.600,-67.700,0.0654,0.0000,-2.4030,0.0000,0,
1.9617,143.5100,BASELINE_COLLECTION,SWING,0.0417,-62.800,496.200,-62.800,0.1305,0.0000,-2.4810,0.0000,0,
1.9697,143.5200,BASELINE_COLLECTION,SWING,0.0625,-57.700,513.000,-57.700,0.1951,0.0000,-2.5650,0.0000,0,
1.9818,143.5300,BASELINE_COLLECTION,SWING,0.0833,-52.500,530.500,-52.500,0.2588,0.0000,-2.6525,0.0000,0,
1.9898,143.5400,BASELINE_COLLECTION,SWING,0.1042,-47.100,544.200,-47.100,0.3214,0.0000,-2.7210,0.0000,0,
2.0017,143.5500,BASELINE_COLLECTION,SWING,0.1250,-41.600,548.800,-41.600,0.3827,0.0000,-2.7440,0.0000,0,
2.0097,143.5600,BASELINE_COLLECTION,SWING,0.1458,-36.100,555.100,-36.100,0.4423,0.0000,-2.7755,0.0000,0,
2.0256,143.5700,BASELINE_COLLECTION,SWING,0.1667,-30.500,550.000,-30.500,0.5000,0.0000,-2.7500,0.0000,0,
2.0338,143.5900,BASELINE_COLLECTION,SWING,0.2083,-20.100,495.400,-20.100,0.6088,0.0000,-2.4770,0.0000,0,
2.0456,143.6000,BASELINE_COLLECTION,SWING,0.2292,-15.400,459.500,-15.400,0.6593,0.0000,-2.2975,0.0000,0,
2.0537,143.6100,BASELINE_COLLECTION,SWING,0.2500,-11.100,407.000,-11.100,0.7071,0.0000,-2.0350,0.0000,0,
2.0657,143.6200,BASELINE_COLLECTION,SWING,0.2708,-7.500,338.900,-7.500,0.7518,0.0000,-1.6945,0.0000,0,
2.0737,143.6300,BASELINE_COLLECTION,SWING,0.2917,-4.900,223.800,-4.900,0.7934,0.0000,-1.1190,0.0000,0,
2.0857,143.6400,BASELINE_COLLECTION,SWING,0.3125,-3.400,129.100,-3.400,0.8315,0.0000,-0.6455,0.0000,0,
2.0937,143.6500,BASELINE_COLLECTION,SWING,0.3333,-2.500,66.000,-2.500,0.8660,0.0000,-0.3300,0.0000,0,
2.1097,143.6600,BASELINE_COLLECTION,SWING,0.3542,-2.300,12.300,-2.300,0.8969,0.0000,-0.0615,0.0000,0,
2.1178,143.6700,BASELINE_COLLECTION,SWING,0.3750,-2.300,-10.500,-2.300,0.9239,0.0000,0.0525,0.1063,0,
2.1297,143.6800,BASELINE_COLLECTION,SWING,0.3958,-2.400,-4.500,-2.400,0.9469,0.0000,0.0225,0.0718,0,
2.1377,143.6900,BASELINE_COLLECTION,SWING,0.4167,-2.400,0.500,-2.400,0.9659,0.0000,-0.0025,0.0000,0,
2.1497,143.7000,BASELINE_COLLECTION,SWING,0.4375,-2.400,-0.500,-2.400,0.9808,0.0000,0.0025,0.0489,0,
2.1576,143.7100,BASELINE_COLLECTION,SWING,0.4583,-2.400,-2.500,-2.400,0.9914,0.0000,0.0125,0.0603,0,
2.1697,143.7200,BASELINE_COLLECTION,SWING,0.4792,-2.500,-5.400,-2.500,0.9979,0.0000,0.0270,0.0770,0,
2.1776,143.7300,BASELINE_COLLECTION,SWING,0.5000,-2.600,-12.700,-2.600,1.0000,0.0000,0.0635,0.1190,0,
2.1897,143.7400,BASELINE_COLLECTION,SWING,0.5208,-2.800,-27.500,-2.800,0.9979,0.0000,0.1375,0.2040,0,
2.1977,143.7500,BASELINE_COLLECTION,SWING,0.5417,-3.200,-50.000,-3.200,0.9914,0.0000,0.2500,0.3000,1,
2.2096,143.7600,BASELINE_COLLECTION,SWING,0.5625,-3.900,-73.500,-3.900,0.9808,0.0000,0.3675,0.3000,1,
2.2177,143.7700,BASELINE_COLLECTION,SWING,0.5833,-4.800,-95.400,-4.800,0.9659,0.0000,0.4770,0.3000,1,
2.2297,143.7800,BASELINE_COLLECTION,SWING,0.6042,-6.000,-128.600,-6.000,0.9469,0.0000,0.6430,0.3000,1,
2.2376,143.7900,BASELINE_COLLECTION,SWING,0.6250,-7.300,-147.400,-7.300,0.9239,0.0000,0.7370,0.3000,1,
2.2496,143.8000,BASELINE_COLLECTION,SWING,0.6458,-8.900,-152.200,-8.900,0.8969,0.0000,0.7610,0.3000,1,
2.2575,143.8100,BASELINE_COLLECTION,SWING,0.6667,-10.500,-159.200,-10.500,0.8660,0.0000,0.7960,0.3000,1,
2.2696,143.8200,BASELINE_COLLECTION,SWING,0.6875,-12.200,-176.300,-12.200,0.8315,0.0000,0.8815,0.3000,1,
2.2776,143.8300,BASELINE_COLLECTION,SWING,0.7083,-14.000,-189.200,-14.000,0.7934,0.0000,0.9460,0.3000,1,
2.2896,143.8400,BASELINE_COLLECTION,SWING,0.7292,-15.700,-186.700,-15.700,0.7518,0.0000,0.9335,0.3000,1,
2.2976,143.8500,BASELINE_COLLECTION,SWING,0.7500,-17.700,-168.400,-17.700,0.7071,0.0000,0.8420,0.3000,1,
2.3096,143.8600,BASELINE_COLLECTION,SWING,0.7708,-19.200,-144.400,-19.200,0.6593,0.0000,0.7220,0.3000,1,
2.3177,143.8700,BASELINE_COLLECTION,SWING,0.7917,-20.400,-114.500,-20.400,0.6088,0.0000,0.5725,0.3000,1,
2.3296,143.8800,BASELINE_COLLECTION,SWING,0.8125,-21.300,-80.500,-21.300,0.5556,0.0000,0.4025,0.3000,1,
2.3376,143.8900,BASELINE_COLLECTION,SWING,0.8333,-22.000,-54.400,-22.000,0.5000,0.0000,0.2720,0.3000,1,
2.3496,143.9000,BASELINE_COLLECTION,SWING,0.8542,-22.400,-35.500,-22.400,0.4423,0.0000,0.1775,0.2500,0,
2.3576,143.9100,BASELINE_COLLECTION,SWING,0.8750,-22.700,-29.300,-22.700,0.3827,0.0000,0.1465,0.2144,0,
2.3696,143.9200,BASELINE_COLLECTION,SWING,0.8958,-23.000,-33.600,-23.000,0.3214,0.0000,0.1680,0.2391,0,
2.3776,143.9300,BASELINE_COLLECTION,SWING,0.9167,-23.400,-44.100,-23.400,0.2588,0.0000,0.2205,0.2994,0,
2.3898,143.9400,BASELINE_COLLECTION,SWING,0.9375,-23.900,-59.800,-23.900,0.1951,0.0000,0.2990,0.3000,1,
2.3977,143.9500,BASELINE_COLLECTION,SWING,0.9583,-24.700,-77.800,-24.700,0.1305,0.0000,0.3890,0.3000,1,
2.4137,143.9600,BASELINE_COLLECTION,SWING,0.9792,-25.500,-87.900,-25.500,0.0654,0.0000,0.4395,0.3000,1,
2.4218,143.9700,BASELINE_COLLECTION,STANCE,0.0000,-26.400,-95.100,-26.400,0.0000,0.0000,0.4755,0.3000,1,
2.4337,143.9900,BASELINE_COLLECTION,STANCE,0.0278,-28.400,-100.500,-28.400,0.0000,0.0000,0.5025,0.3000,1,
2.4537,144.0000,BASELINE_COLLECTION,STANCE,0.0417,-28.900,-98.800,-28.900,0.0000,0.0000,0.4940,0.3000,1,
2.4618,144.0100,BASELINE_COLLECTION,STANCE,0.0556,-30.300,-88.000,-30.300,0.0000,0.0000,0.4400,0.3000,1,
2.4737,144.0200,BASELINE_COLLECTION,STANCE,0.0694,-31.100,-76.700,-31.100,0.0000,0.0000,0.3835,0.3000,1,
2.4817,144.0300,BASELINE_COLLECTION,STANCE,0.0833,-31.800,-62.900,-31.800,0.0000,0.0000,0.3145,0.3000,1,
2.4937,144.0400,BASELINE_COLLECTION,STANCE,0.0972,-32.300,-48.300,-32.300,0.0000,0.0000,0.2415,0.3000,1,
2.5018,144.0500,BASELINE_COLLECTION,STANCE,0.1111,-32.700,-31.400,-32.700,0.0000,0.0000,0.1570,0.2264,0,
2.5137,144.0600,BASELINE_COLLECTION,STANCE,0.1250,-32.900,-17.100,-32.900,0.0000,0.0000,0.0855,0.1443,0,
2.5217,144.0700,BASELINE_COLLECTION,STANCE,0.1389,-33.000,-12.300,-33.000,0.0000,0.0000,0.0615,0.1167,0,
2.5337,144.0800,BASELINE_COLLECTION,STANCE,0.1528,-33.200,-15.400,-33.200,0.0000,0.0000,0.0770,0.1345,0,
2.5417,144.0900,BASELINE_COLLECTION,STANCE,0.1667,-33.400,-27.700,-33.400,0.0000,0.0000,0.1385,0.2052,0,
2.5538,144.1000,BASELINE_COLLECTION,STANCE,0.1806,-33.800,-49.200,-33.800,0.0000,0.0000,0.2460,0.3000,1,
2.5618,144.1100,BASELINE_COLLECTION,STANCE,0.1944,-34.500,-74.500,-34.500,0.0000,0.0000,0.3725,0.3000,1,
2.5738,144.1200,BASELINE_COLLECTION,STANCE,0.2083,-35.300,-94.300,-35.300,0.0000,0.0000,0.4715,0.3000,1,
2.5817,144.1300,BASELINE_COLLECTION,STANCE,0.2222,-36.500,-110.400,-36.500,0.0000,0.0000,0.5520,0.3000,1,
2.5938,144.1400,BASELINE_COLLECTION,STANCE,0.2361,-37.600,-119.400,-37.600,0.0000,0.0000,0.5970,0.3000,1,
2.6017,144.1500,BASELINE_COLLECTION,STANCE,0.2500,-38.900,-125.200,-38.900,0.0000,0.0000,0.6260,0.3000,1,
2.6137,144.1600,BASELINE_COLLECTION,STANCE,0.2639,-40.200,-130.800,-40.200,0.0000,0.0000,0.6540,0.3000,1,
2.6217,144.1700,BASELINE_COLLECTION,STANCE,0.2778,-41.500,-132.300,-41.500,0.0000,0.0000,0.6615,0.3000,1,
2.6338,144.1800,BASELINE_COLLECTION,STANCE,0.2917,-42.800,-131.400,-42.800,0.0000,0.0000,0.6570,0.3000,1,
2.6417,144.1900,BASELINE_COLLECTION,STANCE,0.3056,-44.100,-127.400,-44.100,0.0000,0.0000,0.6370,0.3000,1,
2.6537,144.2000,BASELINE_COLLECTION,STANCE,0.3194,-45.200,-123.500,-45.200,0.0000,0.0000,0.6175,0.3000,1,
2.6618,144.2100,BASELINE_COLLECTION,STANCE,0.3333,-46.500,-117.000,-46.500,0.0000,0.0000,0.5850,0.3000,1,
2.6737,144.2200,BASELINE_COLLECTION,STANCE,0.3472,-47.700,-109.600,-47.700,0.0000,0.0000,0.5480,0.3000,1,
2.6816,144.2300,BASELINE_COLLECTION,STANCE,0.3611,-48.700,-102.200,-48.700,0.0000,0.0000,0.5110,0.3000,1,
2.6937,144.2400,BASELINE_COLLECTION,STANCE,0.3750,-49.700,-94.900,-49.700,0.0000,0.0000,0.4745,0.3000,1,
2.7017,144.2500,BASELINE_COLLECTION,STANCE,0.3889,-50.600,-89.600,-50.600,0.0000,0.0000,0.4480,0.3000,1,
2.7137,144.2600,BASELINE_COLLECTION,STANCE,0.4028,-51.400,-82.800,-51.400,0.0000,0.0000,0.4140,0.3000,1,
2.7217,144.2700,BASELINE_COLLECTION,STANCE,0.4167,-52.200,-75.600,-52.200,0.0000,0.0000,0.3780,0.3000,1,
2.7337,144.2800,BASELINE_COLLECTION,STANCE,0.4306,-52.900,-70.200,-52.900,0.0000,0.0000,0.3510,0.3000,1,
2.7415,144.2900,BASELINE_COLLECTION,STANCE,0.4444,-53.600,-66.500,-53.600,0.0000,0.0000,0.3325,0.3000,1,
2.7537,144.3000,BASELINE_COLLECTION,STANCE,0.4583,-54.200,-59.300,-54.200,0.0000,0.0000,0.2965,0.3000,1,
2.7617,144.3100,BASELINE_COLLECTION,STANCE,0.4722,-54.800,-53.800,-54.800,0.0000,0.0000,0.2690,0.3000,1,
2.7738,144.3200,BASELINE_COLLECTION,STANCE,0.4861,-55.300,-47.000,-55.300,0.0000,0.0000,0.2350,0.3000,1,
2.7817,144.3300,BASELINE_COLLECTION,STANCE,0.5000,-55.700,-44.000,-55.700,0.0000,0.0000,0.2200,0.2989,0,
2.7936,144.3400,BASELINE_COLLECTION,STANCE,0.5139,-56.100,-39.000,-56.100,0.0000,0.0000,0.1950,0.2701,0,
2.8016,144.3500,BASELINE_COLLECTION,STANCE,0.5278,-56.500,-32.500,-56.500,0.0000,0.0000,0.1625,0.2328,0,
2.8137,144.3600,BASELINE_COLLECTION,STANCE,0.5417,-56.800,-29.100,-56.800,0.0000,0.0000,0.1455,0.2132,0,
2.8217,144.3700,BASELINE_COLLECTION,STANCE,0.5556,-57.100,-31.700,-57.100,0.0000,0.0000,0.1585,0.2282,0,
2.8337,144.3800,BASELINE_COLLECTION,STANCE,0.5694,-57.400,-38.100,-57.400,0.0000,0.0000,0.1905,0.2649,0,
2.8417,144.3900,BASELINE_COLLECTION,STANCE,0.5833,-57.900,-43.900,-57.900,0.0000,0.0000,0.2195,0.2983,0,
2.8536,144.4000,BASELINE_COLLECTION,STANCE,0.5972,-58.400,-53.000,-58.400,0.0000,0.0000,0.2650,0.3000,1,
2.8656,144.4100,BASELINE_COLLECTION,STANCE,0.6111,-58.900,-60.900,-58.900,0.0000,0.0000,0.3045,0.3000,1,
2.8738,144.4300,BASELINE_COLLECTION,STANCE,0.6389,-60.300,-70.700,-60.300,0.0000,0.0000,0.3535,0.3000,1,
2.8818,144.4400,BASELINE_COLLECTION,STANCE,0.6528,-61.000,-75.000,-61.000,0.0000,0.0000,0.3750,0.3000,1,
2.8937,144.4500,BASELINE_COLLECTION,STANCE,0.6667,-61.800,-77.700,-61.800,0.0000,0.0000,0.3885,0.3000,1,
2.9057,144.4600,BASELINE_COLLECTION,STANCE,0.6806,-62.600,-82.200,-62.600,0.0000,0.0000,0.4110,0.3000,1,
2.9138,144.4700,BASELINE_COLLECTION,STANCE,0.6944,-63.400,-86.700,-63.400,0.0000,0.0000,0.4335,0.3000,1,
2.9258,144.4800,BASELINE_COLLECTION,STANCE,0.7083,-64.300,-91.500,-64.300,0.0000,0.0000,0.4575,0.3000,1,
2.9337,144.4900,BASELINE_COLLECTION,STANCE,0.7222,-65.300,-96.600,-65.300,0.0000,0.0000,0.4830,0.3000,1,
2.9457,144.5000,BASELINE_COLLECTION,STANCE,0.7361,-66.300,-103.600,-66.300,0.0000,0.0000,0.5180,0.3000,1,
2.9538,144.5100,BASELINE_COLLECTION,STANCE,0.7500,-67.400,-108.900,-67.400,0.0000,0.0000,0.5445,0.3000,1,
2.9658,144.5200,BASELINE_COLLECTION,STANCE,0.7639,-68.500,-114.500,-68.500,0.0000,0.0000,0.5725,0.3000,1,
2.9737,144.5300,BASELINE_COLLECTION,STANCE,0.7778,-69.700,-121.500,-69.700,0.0000,0.0000,0.6075,0.3000,1,
2.9858,144.5400,BASELINE_COLLECTION,STANCE,0.7917,-71.000,-128.400,-71.000,0.0000,0.0000,0.6420,0.3000,1,
2.9937,144.5500,BASELINE_COLLECTION,STANCE,0.8056,-72.300,-137.100,-72.300,0.0000,0.0000,0.6855,0.3000,1,
3.0057,144.5600,BASELINE_COLLECTION,STANCE,0.8194,-73.700,-146.500,-73.700,0.0000,0.0000,0.7325,0.3000,1,
3.0136,144.5700,BASELINE_COLLECTION,STANCE,0.8333,-75.300,-157.100,-75.300,0.0000,0.0000,0.7855,0.3000,1,
3.0256,144.5800,BASELINE_COLLECTION,STANCE,0.8472,-76.900,-166.900,-76.900,0.0000,0.0000,0.8345,0.3000,1,
3.0337,144.5900,BASELINE_COLLECTION,STANCE,0.8611,-78.700,-178.600,-78.700,0.0000,0.0000,0.8930,0.3000,1,
3.0456,144.6000,BASELINE_COLLECTION,STANCE,0.8750,-80.500,-191.100,-80.500,0.0000,0.0000,0.9555,0.3000,1,
3.0536,144.6100,BASELINE_COLLECTION,STANCE,0.8889,-82.500,-204.400,-82.500,0.0000,0.0000,1.0220,0.3000,1,
3.0657,144.6200,BASELINE_COLLECTION,STANCE,0.9028,-84.700,-220.500,-84.700,0.0000,0.0000,1.1025,0.3000,1,
3.0738,144.6300,BASELINE_COLLECTION,STANCE,0.9167,-87.000,-241.000,-87.000,0.0000,0.0000,1.2050,0.3000,1,
3.0857,144.6400,BASELINE_COLLECTION,STANCE,0.9306,-89.600,-259.900,-89.600,0.0000,0.0000,1.2995,0.3000,1,
3.0938,144.6500,BASELINE_COLLECTION,STANCE,0.9444,-92.300,-272.900,-92.300,0.0000,0.0000,1.3645,0.3000,1,
3.1057,144.6600,BASELINE_COLLECTION,STANCE,0.9583,-95.100,-287.700,-95.100,0.0000,0.0000,1.4385,0.3000,1,
3.1136,144.6700,BASELINE_COLLECTION,STANCE,0.9722,-98.100,-305.900,-98.100,0.0000,0.0000,1.5295,0.3000,1,
3.1257,144.6800,BASELINE_COLLECTION,STANCE,0.9861,-101.300,-319.500,-101.300,0.0000,0.0000,1.5975,0.3000,1,
3.1336,144.6900,BASELINE_COLLECTION,SWING,0.0000,-104.200,-334.400,-104.200,0.0000,0.0000,1.6720,0.3000,1,
3.1457,144.7000,BASELINE_COLLECTION,SWING,0.0208,-107.700,-356.100,-107.700,0.0654,0.0000,1.7805,0.3000,1,
3.1537,144.7100,BASELINE_COLLECTION,SWING,0.0417,-111.800,-375.400,-111.800,0.1305,0.0000,1.8770,0.3000,1,
3.1657,144.7200,BASELINE_COLLECTION,SWING,0.0625,-115.700,-398.800,-115.700,0.1951,0.0000,1.9940,0.3000,1,
3.1737,144.7300,BASELINE_COLLECTION,SWING,0.0833,-119.900,-422.400,-119.900,0.2588,0.0000,2.1120,0.3000,1,
3.1858,144.7400,BASELINE_COLLECTION,SWING,0.1042,-124.300,-450.600,-124.300,0.3214,0.0000,2.2530,0.3000,1,
3.1937,144.7500,BASELINE_COLLECTION,SWING,0.1250,-128.900,-462.900,-128.900,0.3827,0.0000,2.3145,0.3000,1,
3.2057,144.7600,BASELINE_COLLECTION,SWING,0.1458,-133.500,-461.500,-133.500,0.4423,0.0000,2.3075,0.3000,1,
3.2137,144.7700,BASELINE_COLLECTION,SWING,0.1667,-138.000,-440.100,-138.000,0.5000,0.0000,2.2005,0.3000,1,
3.2255,144.7800,BASELINE_COLLECTION,SWING,0.1875,-142.100,-400.700,-142.100,0.5556,0.0000,2.0035,0.3000,1,
3.2376,144.7900,BASELINE_COLLECTION,SWING,0.2083,-145.800,-351.400,-145.800,0.6088,0.0000,1.7570,0.3000,1,
3.2457,144.8000,BASELINE_COLLECTION,SWING,0.2292,-148.900,-288.500,-148.900,0.6593,0.0000,1.4425,0.3000,1,
3.2577,144.8100,BASELINE_COLLECTION,SWING,0.2500,-151.300,-223.100,-151.300,0.7071,0.0000,1.1155,0.3000,1,
3.2656,144.8200,BASELINE_COLLECTION,SWING,0.2708,-153.100,-156.400,-153.100,0.7518,0.0000,0.7820,0.3000,1,
3.2778,144.8300,BASELINE_COLLECTION,SWING,0.2917,-154.200,-85.900,-154.200,0.7934,0.0000,0.4295,0.3000,1,
3.2857,144.8400,BASELINE_COLLECTION,SWING,0.3125,-154.600,-17.100,-154.600,0.8315,0.0000,0.0855,0.1443,0,
3.2978,144.8500,BASELINE_COLLECTION,SWING,0.3333,-154.300,39.600,-154.300,0.8660,0.0000,-0.1980,0.0000,0,
3.3058,144.8600,BASELINE_COLLECTION,SWING,0.3542,-153.600,86.700,-153.600,0.8969,0.0000,-0.4335,0.0000,0,
3.3176,144.8700,BASELINE_COLLECTION,SWING,0.3750,-152.400,127.700,-152.400,0.9239,0.0000,-0.6385,0.0000,0,
3.3256,144.8800,BASELINE_COLLECTION,SWING,0.3958,-150.900,156.700,-150.900,0.9469,0.0000,-0.7835,0.0000,0,
3.3378,144.8900,BASELINE_COLLECTION,SWING,0.4167,-149.200,181.300,-149.200,0.9659,0.0000,-0.9065,0.0000,0,
3.3457,144.9000,BASELINE_COLLECTION,SWING,0.4375,-147.200,206.500,-147.200,0.9808,0.0000,-1.0325,0.0000,0,
3.3577,144.9100,BASELINE_COLLECTION,SWING,0.4583,-145.000,233.100,-145.000,0.9914,0.0000,-1.1655,0.0000,0,
3.3658,144.9200,BASELINE_COLLECTION,SWING,0.4792,-142.500,257.600,-142.500,0.9979,0.0000,-1.2880,0.0000,0,
3.3777,144.9300,BASELINE_COLLECTION,SWING,0.5000,-139.700,280.100,-139.700,1.0000,0.0000,-1.4005,0.0000,0,
3.3857,144.9400,BASELINE_COLLECTION,SWING,0.5208,-136.800,304.200,-136.800,0.9979,0.0000,-1.5210,0.0000,0,
3.3977,144.9500,BASELINE_COLLECTION,SWING,0.5417,-133.500,329.900,-133.500,0.9914,0.0000,-1.6495,0.0000,0,
3.4058,144.9600,BASELINE_COLLECTION,SWING,0.5625,-130.100,348.300,-130.100,0.9808,0.0000,-1.7415,0.0000,0,
3.4177,144.9700,BASELINE_COLLECTION,SWING,0.5833,-126.500,374.600,-126.500,0.9659,0.0000,-1.8730,0.0000,0,
3.4256,144.9800,BASELINE_COLLECTION,SWING,0.6042,-122.500,397.000,-122.500,0.9469,0.0000,-1.9850,0.0000,0,
3.4377,144.9900,BASELINE_COLLECTION,SWING,0.6250,-118.500,412.300,-118.500,0.9239,0.0000,-2.0615,0.0000,0,
3.4458,145.0000,BASELINE_COLLECTION,SWING,0.6458,-116.600,421.200,-116.600,0.8969,0.0000,-2.1060,0.0000,0,
3.4578,145.0100,BASELINE_COLLECTION,SWING,0.6667,-110.100,452.900,-110.100,0.8660,0.0000,-2.2645,0.0000,0,
3.4657,145.0200,BASELINE_COLLECTION,SWING,0.6875,-105.500,480.600,-105.500,0.8315,0.0000,-2.4030,0.0000,0,
3.4777,145.0300,BASELINE_COLLECTION,SWING,0.7083,-100.500,500.500,-100.500,0.7934,0.0000,-2.5025,0.0000,0,
3.4856,145.0400,BASELINE_COLLECTION,SWING,0.7292,-95.400,522.700,-95.400,0.7518,0.0000,-2.6135,0.0000,0,
3.4977,145.0500,BASELINE_COLLECTION,SWING,0.7500,-90.000,541.600,-90.000,0.7071,0.0000,-2.7080,0.0000,0,
3.5057,145.0600,BASELINE_COLLECTION,SWING,0.7708,-84.400,562.500,-84.400,0.6593,0.0000,-2.8125,0.0000,0,
3.5177,145.0700,BASELINE_COLLECTION,SWING,0.7917,-78.600,573.800,-78.600,0.6088,0.0000,-2.8690,0.0000,0,
3.5255,145.0800,BASELINE_COLLECTION,SWING,0.8125,-72.700,593.100,-72.700,0.5556,0.0000,-2.9655,0.0000,0,
3.5376,145.0900,BASELINE_COLLECTION,SWING,0.8333,-66.800,613.000,-66.800,0.5000,0.0000,-3.0650,0.0000,0,
3.5457,145.1000,BASELINE_COLLECTION,SWING,0.8542,-60.400,631.500,-60.400,0.4423,0.0000,-3.1575,0.0000,0,
3.5577,145.1100,BASELINE_COLLECTION,SWING,0.8750,-54.000,646.200,-54.000,0.3827,0.0000,-3.2310,0.0000,0,
3.5657,145.1200,BASELINE_COLLECTION,SWING,0.8958,-47.500,664.900,-47.500,0.3214,0.0000,-3.3245,0.0000,0,
3.5777,145.1300,BASELINE_COLLECTION,SWING,0.9167,-40.500,669.500,-40.500,0.2588,0.0000,-3.3475,0.0000,0,
3.5857,145.1400,BASELINE_COLLECTION,SWING,0.9375,-34.000,674.100,-34.000,0.1951,0.0000,-3.3705,0.0000,0,
3.5977,145.1500,BASELINE_COLLECTION,SWING,0.9583,-27.200,667.200,-27.200,0.1305,0.0000,-3.3360,0.0000,0,
3.6057,145.1600,BASELINE_COLLECTION,SWING,0.9792,-20.600,649.600,-20.600,0.0654,0.0000,-3.2480,0.0000,0,
3.6177,145.1700,BASELINE_COLLECTION,SWING,1.0000,-14.300,615.000,-14.300,0.0000,0.0000,-3.0750,0.0000,0,
3.6256,145.1800,BASELINE_COLLECTION,STANCE,0.0139,-8.700,547.000,-8.700,0.0000,0.0000,-2.7350,0.0000,0,
3.6376,145.1900,BASELINE_COLLECTION,STANCE,0.0278,-4.000,427.200,-4.000,0.0000,0.0000,-2.1360,0.0000,0,
3.6457,145.2000,BASELINE_COLLECTION,STANCE,0.0417,-0.500,286.700,-0.500,0.0000,0.0000,-1.4335,0.0000,0,
3.6579,145.2100,BASELINE_COLLECTION,STANCE,0.0556,1.300,152.800,1.300,0.0000,0.0000,-0.7640,0.0000,0,
3.6656,145.2200,BASELINE_COLLECTION,STANCE,0.0694,1.900,19.200,1.900,0.0000,0.0000,-0.0960,0.0000,0,
3.6777,145.2300,BASELINE_COLLECTION,STANCE,0.0833,1.600,-32.400,1.600,0.0000,0.0000,0.1620,0.2322,0,
3.6856,145.2400,BASELINE_COLLECTION,STANCE,0.0972,1.400,-10.600,1.400,0.0000,0.0000,0.0530,0.1069,0,
3.6977,145.2500,BASELINE_COLLECTION,STANCE,0.1111,1.500,4.300,1.500,0.0000,0.0000,-0.0215,0.0000,0,
3.7058,145.2600,BASELINE_COLLECTION,STANCE,0.1250,1.500,-3.000,1.500,0.0000,0.0000,0.0150,0.0632,0,
3.7177,145.2700,BASELINE_COLLECTION,STANCE,0.1389,1.400,-2.300,1.400,0.0000,0.0000,0.0115,0.0592,0,
3.7255,145.2800,BASELINE_COLLECTION,STANCE,0.1528,1.400,-3.800,1.400,0.0000,0.0000,0.0190,0.0678,0,
3.7377,145.2900,BASELINE_COLLECTION,STANCE,0.1667,1.300,-9.900,1.300,0.0000,0.0000,0.0495,0.1029,0,
3.7457,145.3000,BASELINE_COLLECTION,STANCE,0.1806,1.200,-21.300,1.200,0.0000,0.0000,0.1065,0.1684,0,
3.7577,145.3100,BASELINE_COLLECTION,STANCE,0.1944,0.800,-40.400,0.800,0.0000,0.0000,0.2020,0.2782,0,
3.7697,145.3200,BASELINE_COLLECTION,STANCE,0.2083,0.200,-67.800,0.200,0.0000,0.0000,0.3390,0.3000,1,
3.7778,145.3300,BASELINE_COLLECTION,STANCE,0.2222,-0.600,-105.700,-0.600,0.0000,0.0000,0.5285,0.3000,1,
3.7896,145.3400,BASELINE_COLLECTION,STANCE,0.2361,-1.900,-138.500,-1.900,0.0000,0.0000,0.6925,0.3000,1,
3.7977,145.3500,BASELINE_COLLECTION,STANCE,0.2500,-3.500,-178.700,-3.500,0.0000,0.0000,0.8935,0.3000,1,
3.8098,145.3600,BASELINE_COLLECTION,STANCE,0.2639,-5.800,-237.700,-5.800,0.0000,0.0000,1.1885,0.3000,1,
3.8177,145.3700,BASELINE_COLLECTION,STANCE,0.2778,-8.300,-261.200,-8.300,0.0000,0.0000,1.3060,0.3000,1,
3.8297,145.3800,BASELINE_COLLECTION,STANCE,0.2917,-10.900,-255.200,-10.900,0.0000,0.0000,1.2760,0.3000,1,
3.8378,145.3900,BASELINE_COLLECTION,STANCE,0.3056,-13.400,-247.500,-13.400,0.0000,0.0000,1.2375,0.3000,1,
3.8496,145.4000,BASELINE_COLLECTION,STANCE,0.3194,-15.800,-237.200,-15.800,0.0000,0.0000,1.1860,0.3000,1,
3.8576,145.4100,BASELINE_COLLECTION,STANCE,0.3333,-18.100,-215.800,-18.100,0.0000,0.0000,1.0790,0.3000,1,
3.8656,145.4200,BASELINE_COLLECTION,STANCE,0.3472,-20.000,-185.400,-20.000,0.0000,0.0000,0.9270,0.3000,1,
3.8777,145.4300,BASELINE_COLLECTION,STANCE,0.3611,-21.600,-150.200,-21.600,0.0000,0.0000,0.7510,0.3000,1,
3.8898,145.4400,BASELINE_COLLECTION,STANCE,0.3750,-22.900,-116.500,-22.900,0.0000,0.0000,0.5825,0.3000,1,
3.8978,145.4500,BASELINE_COLLECTION,STANCE,0.3889,-23.900,-90.500,-23.900,0.0000,0.0000,0.4525,0.3000,1,
3.9097,145.4600,BASELINE_COLLECTION,STANCE,0.4028,-24.700,-75.000,-24.700,0.0000,0.0000,0.3750,0.3000,1,
3.9178,145.4700,BASELINE_COLLECTION,STANCE,0.4167,-25.400,-67.900,-25.400,0.0000,0.0000,0.3395,0.3000,1,
3.9297,145.4800,BASELINE_COLLECTION,STANCE,0.4306,-26.000,-67.800,-26.000,0.0000,0.0000,0.3390,0.3000,1,
3.9377,145.4900,BASELINE_COLLECTION,STANCE,0.4444,-26.700,-73.500,-26.700,0.0000,0.0000,0.3675,0.3000,1,
3.9497,145.5000,BASELINE_COLLECTION,STANCE,0.4583,-27.600,-83.800,-27.600,0.0000,0.0000,0.4190,0.3000,1,
3.9577,145.5100,BASELINE_COLLECTION,STANCE,0.4722,-28.500,-93.800,-28.500,0.0000,0.0000,0.4690,0.3000,1,
3.9696,145.5200,BASELINE_COLLECTION,STANCE,0.4861,-29.500,-101.000,-29.500,0.0000,0.0000,0.5050,0.3000,1,
3.9776,145.5300,BASELINE_COLLECTION,STANCE,0.5000,-30.500,-101.800,-30.500,0.0000,0.0000,0.5090,0.3000,1,
3.9897,145.5400,BASELINE_COLLECTION,STANCE,0.5139,-31.500,-97.100,-31.500,0.0000,0.0000,0.4855,0.3000,1,
3.9978,145.5500,BASELINE_COLLECTION,STANCE,0.5278,-32.400,-87.600,-32.400,0.0000,0.0000,0.4380,0.3000,1,
4.0096,145.5600,BASELINE_COLLECTION,STANCE,0.5417,-33.100,-69.900,-33.100,0.0000,0.0000,0.3495,0.3000,1,
4.0177,145.5700,BASELINE_COLLECTION,STANCE,0.5556,-33.700,-49.800,-33.700,0.0000,0.0000,0.2490,0.3000,1,
4.0297,145.5800,BASELINE_COLLECTION,STANCE,0.5694,-34.100,-31.300,-34.100,0.0000,0.0000,0.1565,0.2259,0,
4.0377,145.5900,BASELINE_COLLECTION,STANCE,0.5833,-34.300,-18.800,-34.300,0.0000,0.0000,0.0940,0.1540,0,
4.0498,145.6000,BASELINE_COLLECTION,STANCE,0.5972,-34.400,-13.600,-34.400,0.0000,0.0000,0.0680,0.1241,0,
4.0576,145.6100,BASELINE_COLLECTION,STANCE,0.6111,-34.600,-16.800,-34.600,0.0000,0.0000,0.0840,0.1425,0,
4.0696,145.6200,BASELINE_COLLECTION,STANCE,0.6250,-34.800,-30.300,-34.800,0.0000,0.0000,0.1515,0.2201,0,
4.0776,145.6300,BASELINE_COLLECTION,STANCE,0.6389,-35.300,-50.500,-35.300,0.0000,0.0000,0.2525,0.3000,1,
4.0897,145.6400,BASELINE_COLLECTION,STANCE,0.6528,-35.900,-73.000,-35.900,0.0000,0.0000,0.3650,0.3000,1,
4.0977,145.6500,BASELINE_COLLECTION,STANCE,0.6667,-36.800,-93.700,-36.800,0.0000,0.0000,0.4685,0.3000,1,
4.1098,145.6600,BASELINE_COLLECTION,STANCE,0.6806,-37.800,-106.400,-37.800,0.0000,0.0000,0.5320,0.3000,1,
4.1177,145.6700,BASELINE_COLLECTION,STANCE,0.6944,-39.000,-114.000,-39.000,0.0000,0.0000,0.5700,0.3000,1,
4.1298,145.6800,BASELINE_COLLECTION,STANCE,0.7083,-40.200,-122.600,-40.200,0.0000,0.0000,0.6130,0.3000,1,
4.1377,145.6900,BASELINE_COLLECTION,STANCE,0.7222,-41.400,-128.800,-41.400,0.0000,0.0000,0.6440,0.3000,1,
4.1498,145.7000,BASELINE_COLLECTION,STANCE,0.7361,-42.800,-133.500,-42.800,0.0000,0.0000,0.6675,0.3000,1,
4.1577,145.7100,BASELINE_COLLECTION,STANCE,0.7500,-44.100,-135.200,-44.100,0.0000,0.0000,0.6760,0.3000,1,
4.1696,145.7200,BASELINE_COLLECTION,STANCE,0.7639,-45.500,-136.700,-45.500,0.0000,0.0000,0.6835,0.3000,1,
4.1777,145.7300,BASELINE_COLLECTION,STANCE,0.7778,-46.800,-136.200,-46.800,0.0000,0.0000,0.6810,0.3000,1,
4.1897,145.7400,BASELINE_COLLECTION,STANCE,0.7917,-48.200,-133.700,-48.200,0.0000,0.0000,0.6685,0.3000,1,
4.1977,145.7500,BASELINE_COLLECTION,STANCE,0.8056,-49.500,-129.600,-49.500,0.0000,0.0000,0.6480,0.3000,1,
4.2097,145.7600,BASELINE_COLLECTION,STANCE,0.8194,-50.800,-124.700,-50.800,0.0000,0.0000,0.6235,0.3000,1,
4.2177,145.7700,BASELINE_COLLECTION,STANCE,0.8333,-52.000,-119.600,-52.000,0.0000,0.0000,0.5980,0.3000,1,
4.2297,145.7800,BASELINE_COLLECTION,STANCE,0.8472,-53.100,-112.700,-53.100,0.0000,0.0000,0.5635,0.3000,1,
4.2378,145.7900,BASELINE_COLLECTION,STANCE,0.8611,-54.200,-101.600,-54.200,0.0000,0.0000,0.5080,0.3000,1,
4.2498,145.8000,BASELINE_COLLECTION,STANCE,0.8750,-55.100,-91.500,-55.100,0.0000,0.0000,0.4575,0.3000,1,
4.2577,145.8100,BASELINE_COLLECTION,STANCE,0.8889,-56.000,-83.700,-56.000,0.0000,0.0000,0.4185,0.3000,1,
4.2697,145.8200,BASELINE_COLLECTION,STANCE,0.9028,-56.700,-73.800,-56.700,0.0000,0.0000,0.3690,0.3000,1,
4.2777,145.8300,BASELINE_COLLECTION,STANCE,0.9167,-57.400,-65.000,-57.400,0.0000,0.0000,0.3250,0.3000,1,
4.2897,145.8400,BASELINE_COLLECTION,STANCE,0.9306,-58.000,-56.900,-58.000,0.0000,0.0000,0.2845,0.3000,1,
4.2977,145.8500,BASELINE_COLLECTION,STANCE,0.9444,-58.600,-53.600,-58.600,0.0000,0.0000,0.2680,0.3000,1,
4.3097,145.8600,BASELINE_COLLECTION,STANCE,0.9583,-59.100,-46.800,-59.100,0.0000,0.0000,0.2340,0.3000,1,
4.3177,145.8700,BASELINE_COLLECTION,STANCE,0.9722,-59.500,-39.500,-59.500,0.0000,0.0000,0.1975,0.2730,0,
4.3297,145.8800,BASELINE_COLLECTION,STANCE,0.9861,-59.800,-37.700,-59.800,0.0000,0.0000,0.1885,0.2626,0,
4.3377,145.8900,BASELINE_COLLECTION,STANCE,1.0000,-60.200,-38.000,-60.200,0.0000,0.0000,0.1900,0.2644,0,
4.3497,145.9000,BASELINE_COLLECTION,SWING,0.0208,-60.600,-42.900,-60.600,0.0654,0.0000,0.2145,0.2925,0,
4.3577,145.9100,BASELINE_COLLECTION,SWING,0.0417,-61.100,-53.300,-61.100,0.1305,0.0000,0.2665,0.3000,1,
4.3697,145.9200,BASELINE_COLLECTION,SWING,0.0625,-61.700,-61.200,-61.700,0.1951,0.0000,0.3060,0.3000,1,
4.3777,145.9300,BASELINE_COLLECTION,SWING,0.0833,-62.400,-69.100,-62.400,0.2588,0.0000,0.3455,0.3000,1,
4.3897,145.9400,BASELINE_COLLECTION,SWING,0.1042,-63.100,-79.300,-63.100,0.3214,0.0000,0.3965,0.3000,1,
4.3978,145.9500,BASELINE_COLLECTION,SWING,0.1250,-64.000,-93.600,-64.000,0.3827,0.0000,0.4680,0.3000,1,
4.4097,145.9600,BASELINE_COLLECTION,SWING,0.1458,-65.100,-104.300,-65.100,0.4423,0.0000,0.5215,0.3000,1,
4.4177,145.9700,BASELINE_COLLECTION,SWING,0.1667,-66.200,-115.000,-66.200,0.5000,0.0000,0.5750,0.3000,1,
4.4298,145.9800,BASELINE_COLLECTION,SWING,0.1875,-67.400,-125.100,-67.400,0.5556,0.0000,0.6255,0.3000,1,
4.4378,145.9900,BASELINE_COLLECTION,SWING,0.2083,-68.700,-135.700,-68.700,0.6088,0.0000,0.6785,0.3000,1,
4.4497,146.0000,BASELINE_COLLECTION,SWING,0.2292,-69.400,-139.500,-69.400,0.6593,0.0000,0.6975,0.3000,1,
4.4577,146.0100,BASELINE_COLLECTION,SWING,0.2500,-71.600,-148.500,-71.600,0.7071,0.0000,0.7425,0.3000,1,
4.4697,146.0200,BASELINE_COLLECTION,SWING,0.2708,-73.100,-148.500,-73.100,0.7518,0.0000,0.7425,0.3000,1,
4.4777,146.0300,BASELINE_COLLECTION,SWING,0.2917,-74.600,-150.700,-74.600,0.7934,0.0000,0.7535,0.3000,1,
4.4897,146.0400,BASELINE_COLLECTION,SWING,0.3125,-76.200,-156.700,-76.200,0.8315,0.0000,0.7835,0.3000,1,
4.4975,146.0500,BASELINE_COLLECTION,SWING,0.3333,-77.800,-164.500,-77.800,0.8660,0.0000,0.8225,0.3000,1,
4.5097,146.0600,BASELINE_COLLECTION,SWING,0.3542,-79.500,-172.300,-79.500,0.8969,0.0000,0.8615,0.3000,1,
4.5176,146.0700,BASELINE_COLLECTION,SWING,0.3750,-81.300,-180.700,-81.300,0.9239,0.0000,0.9035,0.3000,1,
4.5297,146.0800,BASELINE_COLLECTION,SWING,0.3958,-83.200,-192.100,-83.200,0.9469,0.0000,0.9605,0.3000,1,
4.5378,146.0900,BASELINE_COLLECTION,SWING,0.4167,-85.200,-205.600,-85.200,0.9659,0.0000,1.0280,0.3000,1,
4.5497,146.1000,BASELINE_COLLECTION,SWING,0.4375,-87.400,-223.700,-87.400,0.9808,0.0000,1.1185,0.3000,1,
4.5577,146.1100,BASELINE_COLLECTION,SWING,0.4583,-89.700,-241.200,-89.700,0.9914,0.0000,1.2060,0.3000,1,
4.5697,146.1200,BASELINE_COLLECTION,SWING,0.4792,-92.300,-256.300,-92.300,0.9979,0.0000,1.2815,0.3000,1,
4.5778,146.1300,BASELINE_COLLECTION,SWING,0.5000,-95.000,-274.300,-95.000,1.0000,0.0000,1.3715,0.3000,1,
4.5896,146.1400,BASELINE_COLLECTION,SWING,0.5208,-97.900,-298.400,-97.900,0.9979,0.0000,1.4920,0.3000,1,
4.5977,146.1500,BASELINE_COLLECTION,SWING,0.5417,-101.000,-319.800,-101.000,0.9914,0.0000,1.5990,0.3000,1,
4.6097,146.1600,BASELINE_COLLECTION,SWING,0.5625,-104.400,-343.000,-104.400,0.9808,0.0000,1.7150,0.3000,1,
4.6176,146.1700,BASELINE_COLLECTION,SWING,0.5833,-108.100,-372.800,-108.100,0.9659,0.0000,1.8640,0.3000,1,
4.6297,146.1800,BASELINE_COLLECTION,SWING,0.6042,-112.000,-395.200,-112.000,0.9469,0.0000,1.9760,0.3000,1,
4.6377,146.1900,BASELINE_COLLECTION,SWING,0.6250,-116.000,-419.900,-116.000,0.9239,0.0000,2.0995,0.3000,1,
4.6496,146.2000,BASELINE_COLLECTION,SWING,0.6458,-120.500,-442.800,-120.500,0.8969,0.0000,2.2140,0.3000,1,
4.6577,146.2100,BASELINE_COLLECTION,SWING,0.6667,-125.000,-462.400,-125.000,0.8660,0.0000,2.3120,0.3000,1,
4.6697,146.2200,BASELINE_COLLECTION,SWING,0.6875,-129.700,-454.000,-129.700,0.8315,0.0000,2.2700,0.3000,1,
4.6777,146.2300,BASELINE_COLLECTION,SWING,0.7083,-134.100,-432.500,-134.100,0.7934,0.0000,2.1625,0.3000,1,
4.6897,146.2400,BASELINE_COLLECTION,SWING,0.7292,-138.100,-391.500,-138.100,0.7518,0.0000,1.9575,0.3000,1,
4.6977,146.2500,BASELINE_COLLECTION,SWING,0.7500,-141.700,-338.400,-141.700,0.7071,0.0000,1.6920,0.3000,1,
4.7096,146.2600,BASELINE_COLLECTION,SWING,0.7708,-144.700,-279.600,-144.700,0.6593,0.0000,1.3980,0.3000,1,
4.7177,146.2700,BASELINE_COLLECTION,SWING,0.7917,-147.000,-212.300,-147.000,0.6088,0.0000,1.0615,0.3000,1,
4.7296,146.2800,BASELINE_COLLECTION,SWING,0.8125,-148.700,-142.800,-148.700,0.5556,0.0000,0.7140,0.3000,1,
4.7376,146.2900,BASELINE_COLLECTION,SWING,0.8333,-149.600,-73.100,-149.600,0.5000,0.0000,0.3655,0.3000,1,
4.7498,146.3000,BASELINE_COLLECTION,SWING,0.8542,-149.900,-3.900,-149.900,0.4423,0.0000,0.0195,0.0684,0,
4.7578,146.3100,BASELINE_COLLECTION,SWING,0.8750,-149.500,50.600,-149.500,0.3827,0.0000,-0.2530,0.0000,0,
4.7697,146.3200,BASELINE_COLLECTION,SWING,0.8958,-148.700,96.900,-148.700,0.3214,0.0000,-0.4845,0.0000,0,
4.7777,146.3300,BASELINE_COLLECTION,SWING,0.9167,-147.400,136.500,-147.400,0.2588,0.0000,-0.6825,0.0000,0,
4.7897,146.3400,BASELINE_COLLECTION,SWING,0.9375,-145.900,165.200,-145.900,0.1951,0.0000,-0.8260,0.0000,0,
4.7978,146.3500,BASELINE_COLLECTION,SWING,0.9583,-144.000,190.900,-144.000,0.1305,0.0000,-0.9545,0.0000,0,
4.8096,146.3600,BASELINE_COLLECTION,SWING,0.9792,-141.900,214.800,-141.900,0.0654,0.0000,-1.0740,0.0000,0,
4.8176,146.3700,BASELINE_COLLECTION,STANCE,0.0000,-139.600,238.200,-139.600,0.0000,0.0000,-1.1910,0.0000,0,
4.8297,146.3800,BASELINE_COLLECTION,STANCE,0.0139,-137.100,262.600,-137.100,0.0000,0.0000,-1.3130,0.0000,0,
4.8377,146.3900,BASELINE_COLLECTION,STANCE,0.0278,-134.300,287.800,-134.300,0.0000,0.0000,-1.4390,0.0000,0,
4.8498,146.4000,BASELINE_COLLECTION,STANCE,0.0417,-131.200,307.600,-131.200,0.0000,0.0000,-1.5380,0.0000,0,
4.8576,146.4100,BASELINE_COLLECTION,STANCE,0.0556,-128.000,329.900,-128.000,0.0000,0.0000,-1.6495,0.0000,0,
4.8697,146.4200,BASELINE_COLLECTION,STANCE,0.0694,-124.500,357.900,-124.500,0.0000,0.0000,-1.7895,0.0000,0,
4.8775,146.4300,BASELINE_COLLECTION,STANCE,0.0833,-120.800,376.200,-120.800,0.0000,0.0000,-1.8810,0.0000,0,
4.8935,146.4400,BASELINE_COLLECTION,STANCE,0.0972,-116.900,395.300,-116.900,0.0000,0.0000,-1.9765,0.0000,0,
4.9017,146.4500,BASELINE_COLLECTION,STANCE,0.1111,-112.800,416.300,-112.800,0.0000,0.0000,-2.0815,0.0000,0,
4.9097,146.4600,BASELINE_COLLECTION,STANCE,0.1250,-108.500,442.400,-108.500,0.0000,0.0000,-2.2120,0.0000,0,
4.9217,146.4700,BASELINE_COLLECTION,STANCE,0.1389,-103.900,464.200,-103.900,0.0000,0.0000,-2.3210,0.0000,0,
4.9337,146.4800,BASELINE_COLLECTION,STANCE,0.1528,-99.600,483.500,-99.600,0.0000,0.0000,-2.4175,0.0000,0,
4.9417,146.4900,BASELINE_COLLECTION,STANCE,0.1667,-94.600,504.700,-94.600,0.0000,0.0000,-2.5235,0.0000,0,
4.9537,146.5000,BASELINE_COLLECTION,STANCE,0.1806,-89.400,525.900,-89.400,0.0000,0.0000,-2.6295,0.0000,0,
4.9617,146.5100,BASELINE_COLLECTION,STANCE,0.1944,-84.000,544.000,-84.000,0.0000,0.0000,-2.7200,0.0000,0,
4.9737,146.5200,BASELINE_COLLECTION,STANCE,0.2083,-78.500,556.000,-78.500,0.0000,0.0000,-2.7800,0.0000,0,
4.9857,146.5300,BASELINE_COLLECTION,STANCE,0.2222,-72.800,574.200,-72.800,0.0000,0.0000,-2.8710,0.0000,0,
4.9977,146.5500,BASELINE_COLLECTION,STANCE,0.2500,-60.900,610.300,-60.900,0.0000,0.0000,-3.0515,0.0000,0,
5.0057,146.5600,BASELINE_COLLECTION,STANCE,0.2639,-54.700,622.500,-54.700,0.0000,0.0000,-3.1125,0.0000,0,
5.0177,146.5700,BASELINE_COLLECTION,STANCE,0.2778,-48.300,643.700,-48.300,0.0000,0.0000,-3.2185,0.0000,0,
5.0256,146.5800,BASELINE_COLLECTION,STANCE,0.2917,-41.900,642.000,-41.900,0.0000,0.0000,-3.2100,0.0000,0,
5.0377,146.5900,BASELINE_COLLECTION,STANCE,0.3056,-35.500,642.200,-35.500,0.0000,0.0000,-3.2110,0.0000,0,
5.0457,146.6000,BASELINE_COLLECTION,STANCE,0.3194,-29.100,637.600,-29.100,0.0000,0.0000,-3.1880,0.0000,0,
5.0577,146.6100,BASELINE_COLLECTION,STANCE,0.3333,-22.800,615.100,-22.800,0.0000,0.0000,-3.0755,0.0000,0,
5.0657,146.6200,BASELINE_COLLECTION,STANCE,0.3472,-17.000,570.500,-17.000,0.0000,0.0000,-2.8525,0.0000,0,
5.0777,146.6300,BASELINE_COLLECTION,STANCE,0.3611,-11.700,510.200,-11.700,0.0000,0.0000,-2.5510,0.0000,0,
5.0857,146.6400,BASELINE_COLLECTION,STANCE,0.3750,-7.200,411.400,-7.200,0.0000,0.0000,-2.0570,0.0000,0,
5.0977,146.6500,BASELINE_COLLECTION,STANCE,0.3889,-4.100,260.700,-4.100,0.0000,0.0000,-1.3035,0.0000,0,
5.1057,146.6600,BASELINE_COLLECTION,STANCE,0.4028,-2.500,115.000,-2.500,0.0000,0.0000,-0.5750,0.0000,0,
5.1177,146.6700,BASELINE_COLLECTION,STANCE,0.4167,-2.200,6.300,-2.200,0.0000,0.0000,-0.0315,0.0000,0,
5.1257,146.6800,BASELINE_COLLECTION,STANCE,0.4306,-2.500,-34.900,-2.500,0.0000,0.0000,0.1745,0.2466,0,
5.1377,146.6900,BASELINE_COLLECTION,STANCE,0.4444,-2.900,-41.100,-2.900,0.0000,0.0000,0.2055,0.2822,0,
5.1457,146.7000,BASELINE_COLLECTION,STANCE,0.4583,-3.300,-51.900,-3.300,0.0000,0.0000,0.2595,0.3000,1,
5.1577,146.7100,BASELINE_COLLECTION,STANCE,0.4722,-4.000,-71.600,-4.000,0.0000,0.0000,0.3580,0.3000,1,
5.1658,146.7200,BASELINE_COLLECTION,STANCE,0.4861,-4.800,-87.000,-4.800,0.0000,0.0000,0.4350,0.3000,1,
5.1777,146.7300,BASELINE_COLLECTION,STANCE,0.5000,-5.800,-110.600,-5.800,0.0000,0.0000,0.5530,0.3000,1,
5.1857,146.7400,BASELINE_COLLECTION,STANCE,0.5139,-7.100,-128.800,-7.100,0.0000,0.0000,0.6440,0.3000,1,
5.1977,146.7500,BASELINE_COLLECTION,STANCE,0.5278,-8.400,-133.400,-8.400,0.0000,0.0000,0.6670,0.3000,1,
5.2057,146.7600,BASELINE_COLLECTION,STANCE,0.5417,-9.800,-143.500,-9.800,0.0000,0.0000,0.7175,0.3000,1,
5.2177,146.7700,BASELINE_COLLECTION,STANCE,0.5556,-11.400,-164.100,-11.400,0.0000,0.0000,0.8205,0.3000,1,
5.2256,146.7800,BASELINE_COLLECTION,STANCE,0.5694,-13.200,-184.000,-13.200,0.0000,0.0000,0.9200,0.3000,1,
5.2377,146.7900,BASELINE_COLLECTION,STANCE,0.5833,-15.100,-190.100,-15.100,0.0000,0.0000,0.9505,0.3000,1,
5.2457,146.8000,BASELINE_COLLECTION,STANCE,0.5972,-16.900,-182.700,-16.900,0.0000,0.0000,0.9135,0.3000,1,
5.2577,146.8100,BASELINE_COLLECTION,STANCE,0.6111,-18.700,-173.400,-18.700,0.0000,0.0000,0.8670,0.3000,1,
5.2698,146.8200,BASELINE_COLLECTION,STANCE,0.6250,-20.300,-158.200,-20.300,0.0000,0.0000,0.7910,0.3000,1,
5.2777,146.8300,BASELINE_COLLECTION,STANCE,0.6389,-21.800,-135.500,-21.800,0.0000,0.0000,0.6775,0.3000,1,
5.2897,146.8400,BASELINE_COLLECTION,STANCE,0.6528,-22.900,-106.500,-22.900,0.0000,0.0000,0.5325,0.3000,1,
5.2977,146.8500,BASELINE_COLLECTION,STANCE,0.6667,-23.800,-81.500,-23.800,0.0000,0.0000,0.4075,0.3000,1,
5.3097,146.8600,BASELINE_COLLECTION,STANCE,0.6806,-24.500,-67.200,-24.500,0.0000,0.0000,0.3360,0.3000,1,
5.3178,146.8700,BASELINE_COLLECTION,STANCE,0.6944,-25.100,-65.400,-25.100,0.0000,0.0000,0.3270,0.3000,1,
5.3296,146.8800,BASELINE_COLLECTION,STANCE,0.7083,-25.900,-74.100,-25.900,0.0000,0.0000,0.3705,0.3000,1,
5.3377,146.8900,BASELINE_COLLECTION,STANCE,0.7222,-26.700,-90.900,-26.700,0.0000,0.0000,0.4545,0.3000,1,
5.3497,146.9000,BASELINE_COLLECTION,STANCE,0.7361,-27.800,-110.600,-27.800,0.0000,0.0000,0.5530,0.3000,1,
5.3577,146.9100,BASELINE_COLLECTION,STANCE,0.7500,-29.000,-128.900,-29.000,0.0000,0.0000,0.6445,0.3000,1,
5.3697,146.9200,BASELINE_COLLECTION,STANCE,0.7639,-30.400,-143.600,-30.400,0.0000,0.0000,0.7180,0.3000,1,
5.3777,146.9300,BASELINE_COLLECTION,STANCE,0.7778,-31.900,-153.400,-31.900,0.0000,0.0000,0.7670,0.3000,1,
5.3897,146.9400,BASELINE_COLLECTION,STANCE,0.7917,-33.400,-151.800,-33.400,0.0000,0.0000,0.7590,0.3000,1,
5.3977,146.9500,BASELINE_COLLECTION,STANCE,0.8056,-34.900,-141.800,-34.900,0.0000,0.0000,0.7090,0.3000,1,
5.4097,146.9600,BASELINE_COLLECTION,STANCE,0.8194,-36.200,-124.600,-36.200,0.0000,0.0000,0.6230,0.3000,1,
5.4177,146.9700,BASELINE_COLLECTION,STANCE,0.8333,-37.300,-102.300,-37.300,0.0000,0.0000,0.5115,0.3000,1,
5.4296,146.9800,BASELINE_COLLECTION,STANCE,0.8472,-38.100,-74.000,-38.100,0.0000,0.0000,0.3700,0.3000,1,
5.4377,146.9900,BASELINE_COLLECTION,STANCE,0.8611,-38.600,-40.200,-38.600,0.0000,0.0000,0.2010,0.2770,0,
5.4498,147.0000,BASELINE_COLLECTION,STANCE,0.8750,-38.800,-21.000,-38.800,0.0000,0.0000,0.1050,0.1667,0,
5.4577,147.0100,BASELINE_COLLECTION,STANCE,0.8889,-38.800,7.000,-38.800,0.0000,0.0000,-0.0350,0.0000,0,
5.4698,147.0200,BASELINE_COLLECTION,STANCE,0.9028,-38.700,-1.000,-38.700,0.0000,0.0000,0.0050,0.0517,0,
5.4777,147.0300,BASELINE_COLLECTION,STANCE,0.9167,-38.800,-1.000,-38.800,0.0000,0.0000,0.0050,0.0517,0,
5.4897,147.0400,BASELINE_COLLECTION,STANCE,0.9306,-38.800,-6.800,-38.800,0.0000,0.0000,0.0340,0.0851,0,
5.4977,147.0500,BASELINE_COLLECTION,STANCE,0.9444,-38.900,-12.700,-38.900,0.0000,0.0000,0.0635,0.1190,0,
5.5097,147.0600,BASELINE_COLLECTION,STANCE,0.9583,-39.100,-20.900,-39.100,0.0000,0.0000,0.1045,0.1661,0,
5.5177,147.0700,BASELINE_COLLECTION,STANCE,0.9722,-39.400,-35.200,-39.400,0.0000,0.0000,0.1760,0.2483,0,
5.5296,147.0800,BASELINE_COLLECTION,STANCE,0.9861,-39.900,-50.700,-39.900,0.0000,0.0000,0.2535,0.3000,1,
5.5377,147.0900,BASELINE_COLLECTION,SWING,0.0000,-40.500,-63.700,-40.500,0.0000,0.0000,0.3185,0.3000,1,
5.5497,147.1000,BASELINE_COLLECTION,SWING,0.0208,-41.100,-71.500,-41.100,0.0654,0.0000,0.3575,0.3000,1,
5.5577,147.1100,BASELINE_COLLECTION,SWING,0.0417,-41.900,-78.200,-41.900,0.1305,0.0000,0.3910,0.3000,1,
5.5697,147.1200,BASELINE_COLLECTION,SWING,0.0625,-42.700,-83.900,-42.700,0.1951,0.0000,0.4195,0.3000,1,
5.5778,147.1300,BASELINE_COLLECTION,SWING,0.0833,-43.600,-88.500,-43.600,0.2588,0.0000,0.4425,0.3000,1,
5.5897,147.1400,BASELINE_COLLECTION,SWING,0.1042,-44.500,-93.000,-44.500,0.3214,0.0000,0.4650,0.3000,1,
5.5977,147.1500,BASELINE_COLLECTION,SWING,0.1250,-45.500,-95.700,-45.500,0.3827,0.0000,0.4785,0.3000,1,
5.6097,147.1600,BASELINE_COLLECTION,SWING,0.1458,-46.400,-94.900,-46.400,0.4423,0.0000,0.4745,0.3000,1,
5.6177,147.1700,BASELINE_COLLECTION,SWING,0.1667,-47.400,-92.400,-47.400,0.5000,0.0000,0.4620,0.3000,1,
5.6297,147.1800,BASELINE_COLLECTION,SWING,0.1875,-48.300,-89.200,-48.300,0.5556,0.0000,0.4460,0.3000,1,
5.6376,147.1900,BASELINE_COLLECTION,SWING,0.2083,-49.100,-83.300,-49.100,0.6088,0.0000,0.4165,0.3000,1,
5.6497,147.2000,BASELINE_COLLECTION,SWING,0.2292,-49.900,-75.500,-49.900,0.6593,0.0000,0.3775,0.3000,1,
5.6617,147.2100,BASELINE_COLLECTION,SWING,0.2500,-50.600,-67.200,-50.600,0.7071,0.0000,0.3360,0.3000,1,
5.6698,147.2200,BASELINE_COLLECTION,SWING,0.2708,-51.200,-55.800,-51.200,0.7518,0.0000,0.2790,0.3000,1,
5.6817,147.2300,BASELINE_COLLECTION,SWING,0.2917,-51.700,-43.300,-51.700,0.7934,0.0000,0.2165,0.2948,0,
5.6897,147.2400,BASELINE_COLLECTION,SWING,0.3125,-52.000,-33.800,-52.000,0.8315,0.0000,0.1690,0.2402,0,
5.7017,147.2500,BASELINE_COLLECTION,SWING,0.3333,-52.300,-23.100,-52.300,0.8660,0.0000,0.1155,0.1787,0,
5.7098,147.2600,BASELINE_COLLECTION,SWING,0.3542,-52.500,-18.800,-52.500,0.8969,0.0000,0.0940,0.1540,0,
5.7217,147.2700,BASELINE_COLLECTION,SWING,0.3750,-52.700,-17.400,-52.700,0.9239,0.0000,0.0870,0.1460,0,
5.7298,147.2800,BASELINE_COLLECTION,SWING,0.3958,-52.900,-21.000,-52.900,0.9469,0.0000,0.1050,0.1667,0,
5.7416,147.2900,BASELINE_COLLECTION,SWING,0.4167,-53.100,-26.500,-53.100,0.9659,0.0000,0.1325,0.1983,0,
5.7497,147.3000,BASELINE_COLLECTION,SWING,0.4375,-53.400,-32.200,-53.400,0.9808,0.0000,0.1610,0.2310,0,
5.7617,147.3100,BASELINE_COLLECTION,SWING,0.4583,-53.700,-33.800,-53.700,0.9914,0.0000,0.1690,0.2402,0,
5.7697,147.3200,BASELINE_COLLECTION,SWING,0.4792,-54.100,-34.400,-54.100,0.9979,0.0000,0.1720,0.2437,0,
5.7817,147.3300,BASELINE_COLLECTION,SWING,0.5000,-54.400,-39.600,-54.400,1.0000,0.0000,0.1980,0.2736,0,
5.7897,147.3400,BASELINE_COLLECTION,SWING,0.5208,-54.900,-42.600,-54.900,0.9979,0.0000,0.2130,0.2908,0,
5.8017,147.3500,BASELINE_COLLECTION,SWING,0.5417,-55.300,-46.800,-55.300,0.9914,0.0000,0.2340,0.3000,1,
5.8097,147.3600,BASELINE_COLLECTION,SWING,0.5625,-55.800,-55.900,-55.800,0.9808,0.0000,0.2795,0.3000,1,
5.8217,147.3700,BASELINE_COLLECTION,SWING,0.5833,-56.400,-62.200,-56.400,0.9659,0.0000,0.3110,0.3000,1,
5.8297,147.3800,BASELINE_COLLECTION,SWING,0.6042,-57.100,-68.500,-57.100,0.9469,0.0000,0.3425,0.3000,1,
5.8417,147.3900,BASELINE_COLLECTION,SWING,0.6250,-57.900,-77.800,-57.900,0.9239,0.0000,0.3890,0.3000,1,
5.8496,147.4000,BASELINE_COLLECTION,SWING,0.6458,-58.700,-88.100,-58.700,0.8969,0.0000,0.4405,0.3000,1,
5.8615,147.4100,BASELINE_COLLECTION,SWING,0.6667,-59.700,-99.900,-59.700,0.8660,0.0000,0.4995,0.3000,1,
5.8697,147.4200,BASELINE_COLLECTION,SWING,0.6875,-60.800,-114.500,-60.800,0.8315,0.0000,0.5725,0.3000,1,
5.8817,147.4300,BASELINE_COLLECTION,SWING,0.7083,-62.000,-128.900,-62.000,0.7934,0.0000,0.6445,0.3000,1,
5.8896,147.4400,BASELINE_COLLECTION,SWING,0.7292,-63.400,-142.700,-63.400,0.7518,0.0000,0.7135,0.3000,1,
5.9016,147.4500,BASELINE_COLLECTION,SWING,0.7500,-64.900,-155.800,-64.900,0.7071,0.0000,0.7790,0.3000,1,
5.9096,147.4600,BASELINE_COLLECTION,SWING,0.7708,-66.600,-171.300,-66.600,0.6593,0.0000,0.8565,0.3000,1,
5.9216,147.4700,BASELINE_COLLECTION,SWING,0.7917,-68.400,-189.100,-68.400,0.6088,0.0000,0.9455,0.3000,1,
5.9297,147.4800,BASELINE_COLLECTION,SWING,0.8125,-70.400,-204.500,-70.400,0.5556,0.0000,1.0225,0.3000,1,
5.9417,147.4900,BASELINE_COLLECTION,SWING,0.8333,-72.500,-214.600,-72.500,0.5000,0.0000,1.0730,0.3000,1,
5.9497,147.5000,BASELINE_COLLECTION,SWING,0.8542,-74.700,-220.400,-74.700,0.4423,0.0000,1.1020,0.3000,1,
5.9616,147.5100,BASELINE_COLLECTION,SWING,0.8750,-77.000,-226.700,-77.000,0.3827,0.0000,1.1335,0.3000,1,
5.9696,147.5200,BASELINE_COLLECTION,SWING,0.8958,-79.300,-234.700,-79.300,0.3214,0.0000,1.1735,0.3000,1,
5.9817,147.5300,BASELINE_COLLECTION,SWING,0.9167,-81.700,-244.500,-81.700,0.2588,0.0000,1.2225,0.3000,1,
5.9897,147.5400,BASELINE_COLLECTION,SWING,0.9375,-84.200,-257.300,-84.200,0.1951,0.0000,1.2865,0.3000,1,
6.0017,147.5500,BASELINE_COLLECTION,SWING,0.9583,-86.900,-272.200,-86.900,0.1305,0.0000,1.3610,0.3000,1,
6.0096,147.5600,BASELINE_COLLECTION,SWING,0.9792,-89.700,-284.400,-89.700,0.0654,0.0000,1.4220,0.3000,1,
6.0218,147.5700,BASELINE_COLLECTION,STANCE,0.0000,-92.600,-291.100,-92.600,0.0000,0.0000,1.4555,0.3000,1,
6.0337,147.5800,BASELINE_COLLECTION,STANCE,0.0139,-95.600,-305.100,-95.600,0.0000,0.0000,1.5255,0.3000,1,
6.0416,147.5900,BASELINE_COLLECTION,STANCE,0.0278,-98.800,-325.700,-98.800,0.0000,0.0000,1.6285,0.3000,1,
6.0537,147.6000,BASELINE_COLLECTION,STANCE,0.0417,-102.200,-343.200,-102.200,0.0000,0.0000,1.7160,0.3000,1,
6.0616,147.6100,BASELINE_COLLECTION,STANCE,0.0556,-105.800,-366.700,-105.800,0.0000,0.0000,1.8335,0.3000,1,
6.0736,147.6200,BASELINE_COLLECTION,STANCE,0.0694,-109.600,-387.500,-109.600,0.0000,0.0000,1.9375,0.3000,1,
6.0816,147.6300,BASELINE_COLLECTION,STANCE,0.0833,-113.600,-399.400,-113.600,0.0000,0.0000,1.9970,0.3000,1,
6.0937,147.6400,BASELINE_COLLECTION,STANCE,0.0972,-117.600,-405.800,-117.600,0.0000,0.0000,2.0290,0.3000,1,
6.1017,147.6500,BASELINE_COLLECTION,STANCE,0.1111,-121.600,-393.700,-121.600,0.0000,0.0000,1.9685,0.3000,1,
6.1137,147.6600,BASELINE_COLLECTION,STANCE,0.1250,-125.400,-368.400,-125.400,0.0000,0.0000,1.8420,0.3000,1,
6.1217,147.6700,BASELINE_COLLECTION,STANCE,0.1389,-128.800,-322.200,-128.800,0.0000,0.0000,1.6110,0.3000,1,
6.1336,147.6800,BASELINE_COLLECTION,STANCE,0.1528,-131.600,-268.000,-131.600,0.0000,0.0000,1.3400,0.3000,1,
6.1417,147.6900,BASELINE_COLLECTION,STANCE,0.1667,-133.900,-209.900,-133.900,0.0000,0.0000,1.0495,0.3000,1,
6.1537,147.7000,BASELINE_COLLECTION,STANCE,0.1806,-135.500,-145.400,-135.500,0.0000,0.0000,0.7270,0.3000,1,
6.1616,147.7100,BASELINE_COLLECTION,STANCE,0.1944,-136.500,-79.000,-136.500,0.0000,0.0000,0.3950,0.3000,1,
6.1736,147.7200,BASELINE_COLLECTION,STANCE,0.2083,-136.900,-15.900,-136.900,0.0000,0.0000,0.0795,0.1374,0,
6.1816,147.7300,BASELINE_COLLECTION,STANCE,0.2222,-136.700,34.700,-136.700,0.0000,0.0000,-0.1735,0.0000,0,
6.1936,147.7400,BASELINE_COLLECTION,STANCE,0.2361,-136.000,80.700,-136.000,0.0000,0.0000,-0.4035,0.0000,0,
6.2016,147.7500,BASELINE_COLLECTION,STANCE,0.2500,-134.900,128.000,-134.900,0.0000,0.0000,-0.6400,0.0000,0,
6.2136,147.7600,BASELINE_COLLECTION,STANCE,0.2639,-133.300,165.700,-133.300,0.0000,0.0000,-0.8285,0.0000,0,
6.2217,147.7700,BASELINE_COLLECTION,STANCE,0.2778,-131.500,191.900,-131.500,0.0000,0.0000,-0.9595,0.0000,0,
6.2336,147.7800,BASELINE_COLLECTION,STANCE,0.2917,-129.400,215.500,-129.400,0.0000,0.0000,-1.0775,0.0000,0,
6.2416,147.7900,BASELINE_COLLECTION,STANCE,0.3056,-127.100,241.500,-127.100,0.0000,0.0000,-1.2075,0.0000,0,
6.2536,147.8000,BASELINE_COLLECTION,STANCE,0.3194,-124.500,267.600,-124.500,0.0000,0.0000,-1.3380,0.0000,0,
6.2616,147.8100,BASELINE_COLLECTION,STANCE,0.3333,-121.600,288.500,-121.600,0.0000,0.0000,-1.4425,0.0000,0,
6.2736,147.8200,BASELINE_COLLECTION,STANCE,0.3472,-118.600,308.400,-118.600,0.0000,0.0000,-1.5420,0.0000,0,
6.2816,147.8300,BASELINE_COLLECTION,STANCE,0.3611,-115.700,328.400,-115.700,0.0000,0.0000,-1.6420,0.0000,0,
6.2936,147.8400,BASELINE_COLLECTION,STANCE,0.3750,-111.900,351.500,-111.900,0.0000,0.0000,-1.7575,0.0000,0,
6.3015,147.8500,BASELINE_COLLECTION,STANCE,0.3889,-108.200,378.900,-108.200,0.0000,0.0000,-1.8945,0.0000,0,
6.3136,147.8600,BASELINE_COLLECTION,STANCE,0.4028,-104.300,401.700,-104.300,0.0000,0.0000,-2.0085,0.0000,0,
6.3218,147.8700,BASELINE_COLLECTION,STANCE,0.4167,-100.100,423.900,-100.100,0.0000,0.0000,-2.1195,0.0000,0,
6.3336,147.8800,BASELINE_COLLECTION,STANCE,0.4306,-95.700,447.200,-95.700,0.0000,0.0000,-2.2360,0.0000,0,
6.3416,147.8900,BASELINE_COLLECTION,STANCE,0.4444,-91.100,462.300,-91.100,0.0000,0.0000,-2.3115,0.0000,0,
6.3536,147.9000,BASELINE_COLLECTION,STANCE,0.4583,-86.300,487.600,-86.300,0.0000,0.0000,-2.4380,0.0000,0,
6.3616,147.9100,BASELINE_COLLECTION,STANCE,0.4722,-81.400,498.800,-81.400,0.0000,0.0000,-2.4940,0.0000,0,
6.3736,147.9200,BASELINE_COLLECTION,STANCE,0.4861,-76.300,513.200,-76.300,0.0000,0.0000,-2.5660,0.0000,0,
6.3816,147.9300,BASELINE_COLLECTION,STANCE,0.5000,-71.000,536.800,-71.000,0.0000,0.0000,-2.6840,0.0000,0,
6.3936,147.9400,BASELINE_COLLECTION,STANCE,0.5139,-65.500,551.900,-65.500,0.0000,0.0000,-2.7595,0.0000,0,
6.4016,147.9500,BASELINE_COLLECTION,STANCE,0.5278,-59.900,568.700,-59.900,0.0000,0.0000,-2.8435,0.0000,0,
6.4136,147.9600,BASELINE_COLLECTION,STANCE,0.5417,-54.100,576.400,-54.100,0.0000,0.0000,-2.8820,0.0000,0,
6.4217,147.9700,BASELINE_COLLECTION,STANCE,0.5556,-48.300,585.600,-48.300,0.0000,0.0000,-2.9280,0.0000,0,
6.4336,147.9800,BASELINE_COLLECTION,STANCE,0.5694,-42.600,566.100,-42.600,0.0000,0.0000,-2.8305,0.0000,0,
6.4416,147.9900,BASELINE_COLLECTION,STANCE,0.5833,-37.000,550.300,-37.000,0.0000,0.0000,-2.7515,0.0000,0,
6.4536,148.0000,BASELINE_COLLECTION,STANCE,0.5972,-35.000,543.000,-35.000,0.0000,0.0000,-2.7150,0.0000,0,
6.4616,148.0100,BASELINE_COLLECTION,STANCE,0.6111,-26.500,482.100,-26.500,0.0000,0.0000,-2.4105,0.0000,0,
6.4736,148.0200,BASELINE_COLLECTION,STANCE,0.6250,-22.100,433.900,-22.100,0.0000,0.0000,-2.1695,0.0000,0,
6.4816,148.0300,BASELINE_COLLECTION,STANCE,0.6389,-17.900,377.700,-17.900,0.0000,0.0000,-1.8885,0.0000,0,
6.4936,148.0400,BASELINE_COLLECTION,STANCE,0.6528,-14.300,340.500,-14.300,0.0000,0.0000,-1.7025,0.0000,0,
6.5016,148.0500,BASELINE_COLLECTION,STANCE,0.6667,-11.200,293.500,-11.200,0.0000,0.0000,-1.4675,0.0000,0,
6.5136,148.0600,BASELINE_COLLECTION,STANCE,0.6806,-8.600,245.300,-8.600,0.0000,0.0000,-1.2265,0.0000,0,
6.5217,148.0700,BASELINE_COLLECTION,STANCE,0.6944,-6.500,198.700,-6.500,0.0000,0.0000,-0.9935,0.0000,0,
6.5336,148.0800,BASELINE_COLLECTION,STANCE,0.7083,-5.000,130.200,-5.000,0.0000,0.0000,-0.6510,0.0000,0,
6.5416,148.0900,BASELINE_COLLECTION,STANCE,0.7222,-4.000,83.100,-4.000,0.0000,0.0000,-0.4155,0.0000,0,
6.5536,148.1000,BASELINE_COLLECTION,STANCE,0.7361,-3.400,49.500,-3.400,0.0000,0.0000,-0.2475,0.0000,0,
6.5616,148.1100,BASELINE_COLLECTION,STANCE,0.7500,-3.100,17.100,-3.100,0.0000,0.0000,-0.0855,0.0000,0,
6.5736,148.1200,BASELINE_COLLECTION,STANCE,0.7639,-3.100,-5.000,-3.100,0.0000,0.0000,0.0250,0.0747,0,
6.5816,148.1300,BASELINE_COLLECTION,STANCE,0.7778,-3.200,-12.100,-3.200,0.0000,0.0000,0.0605,0.1155,0,
6.5936,148.1400,BASELINE_COLLECTION,STANCE,0.7917,-3.400,-22.100,-3.400,0.0000,0.0000,0.1105,0.1730,0,
6.6015,148.1500,BASELINE_COLLECTION,STANCE,0.8056,-3.700,-33.000,-3.700,0.0000,0.0000,0.1650,0.2356,0,
6.6136,148.1600,BASELINE_COLLECTION,STANCE,0.8194,-4.100,-47.300,-4.100,0.0000,0.0000,0.2365,0.3000,1,
6.6217,148.1700,BASELINE_COLLECTION,STANCE,0.8333,-4.800,-71.900,-4.800,0.0000,0.0000,0.3595,0.3000,1,
6.6336,148.1800,BASELINE_COLLECTION,STANCE,0.8472,-5.700,-105.700,-5.700,0.0000,0.0000,0.5285,0.3000,1,
6.6416,148.1900,BASELINE_COLLECTION,STANCE,0.8611,-7.000,-132.600,-7.000,0.0000,0.0000,0.6630,0.3000,1,
6.6537,148.2000,BASELINE_COLLECTION,STANCE,0.8750,-8.400,-138.700,-8.400,0.0000,0.0000,0.6935,0.3000,1,
6.6616,148.2100,BASELINE_COLLECTION,STANCE,0.8889,-9.900,-154.200,-9.900,0.0000,0.0000,0.7710,0.3000,1,
6.6736,148.2200,BASELINE_COLLECTION,STANCE,0.9028,-11.500,-171.900,-11.500,0.0000,0.0000,0.8595,0.3000,1,
6.6816,148.2300,BASELINE_COLLECTION,STANCE,0.9167,-13.300,-174.700,-13.300,0.0000,0.0000,0.8735,0.3000,1,
6.6936,148.2400,BASELINE_COLLECTION,STANCE,0.9306,-15.000,-164.900,-15.000,0.0000,0.0000,0.8245,0.3000,1,
6.7016,148.2500,BASELINE_COLLECTION,STANCE,0.9444,-16.500,-154.900,-16.500,0.0000,0.0000,0.7745,0.3000,1,
6.7136,148.2600,BASELINE_COLLECTION,STANCE,0.9583,-18.000,-141.700,-18.000,0.0000,0.0000,0.7085,0.3000,1,
6.7217,148.2700,BASELINE_COLLECTION,STANCE,0.9722,-19.300,-119.700,-19.300,0.0000,0.0000,0.5985,0.3000,1,
6.7336,148.2800,BASELINE_COLLECTION,STANCE,0.9861,-20.300,-92.400,-20.300,0.0000,0.0000,0.4620,0.3000,1,
6.7416,148.2900,BASELINE_COLLECTION,STANCE,1.0000,-21.000,-70.200,-21.000,0.0000,0.0000,0.3510,0.3000,1,
6.7536,148.3000,BASELINE_COLLECTION,SWING,0.0208,-21.700,-59.700,-21.700,0.0654,0.0000,0.2985,0.3000,1,
6.7616,148.3100,BASELINE_COLLECTION,SWING,0.0417,-22.300,-61.100,-22.300,0.1305,0.0000,0.3055,0.3000,1,
6.7736,148.3200,BASELINE_COLLECTION,SWING,0.0625,-22.900,-71.800,-22.900,0.1951,0.0000,0.3590,0.3000,1,
6.7816,148.3300,BASELINE_COLLECTION,SWING,0.0833,-23.800,-89.400,-23.800,0.2588,0.0000,0.4470,0.3000,1,
6.7936,148.3400,BASELINE_COLLECTION,SWING,0.1042,-24.800,-111.000,-24.800,0.3214,0.0000,0.5550,0.3000,1,
6.8016,148.3500,BASELINE_COLLECTION,SWING,0.1250,-26.100,-129.100,-26.100,0.3827,0.0000,0.6455,0.3000,1,
6.8136,148.3600,BASELINE_COLLECTION,SWING,0.1458,-27.400,-140.800,-27.400,0.4423,0.0000,0.7040,0.3000,1,
6.8217,148.3700,BASELINE_COLLECTION,SWING,0.1667,-28.900,-144.700,-28.900,0.5000,0.0000,0.7235,0.3000,1,
6.8336,148.3800,BASELINE_COLLECTION,SWING,0.1875,-30.300,-142.600,-30.300,0.5556,0.0000,0.7130,0.3000,1,
6.8416,148.3900,BASELINE_COLLECTION,SWING,0.2083,-31.700,-132.100,-31.700,0.6088,0.0000,0.6605,0.3000,1,
6.8536,148.4000,BASELINE_COLLECTION,SWING,0.2292,-32.900,-113.300,-32.900,0.6593,0.0000,0.5665,0.3000,1,
6.8616,148.4100,BASELINE_COLLECTION,SWING,0.2500,-33.800,-86.200,-33.800,0.7071,0.0000,0.4310,0.3000,1,
6.8736,148.4200,BASELINE_COLLECTION,SWING,0.2708,-34.500,-57.000,-34.500,0.7518,0.0000,0.2850,0.3000,1,
6.8816,148.4300,BASELINE_COLLECTION,SWING,0.2917,-34.900,-29.500,-34.900,0.7934,0.0000,0.1475,0.2155,0,
6.8935,148.4400,BASELINE_COLLECTION,SWING,0.3125,-35.000,-5.800,-35.000,0.8315,0.0000,0.0290,0.0793,0,
6.9015,148.4500,BASELINE_COLLECTION,SWING,0.3333,-35.000,2.100,-35.000,0.8660,0.0000,-0.0105,0.0000,0,
6.9094,148.4600,BASELINE_COLLECTION,SWING,0.3542,-35.000,-2.400,-35.000,0.8969,0.0000,0.0120,0.0598,0,
6.9216,148.4700,BASELINE_COLLECTION,SWING,0.3750,-35.100,-9.400,-35.100,0.9239,0.0000,0.0470,0.1000,0,
6.9295,148.4800,BASELINE_COLLECTION,SWING,0.3958,-35.300,-28.000,-35.300,0.9469,0.0000,0.1400,0.2069,0,
6.9416,148.4900,BASELINE_COLLECTION,SWING,0.4167,-35.700,-54.400,-35.700,0.9659,0.0000,0.2720,0.3000,1,
6.9537,148.5000,BASELINE_COLLECTION,SWING,0.4375,-36.400,-77.900,-36.400,0.9808,0.0000,0.3895,0.3000,1,
6.9617,148.5100,BASELINE_COLLECTION,SWING,0.4583,-37.400,-96.200,-37.400,0.9914,0.0000,0.4810,0.3000,1,
6.9737,148.5200,BASELINE_COLLECTION,SWING,0.4792,-38.400,-106.900,-38.400,0.9979,0.0000,0.5345,0.3000,1,
6.9818,148.5300,BASELINE_COLLECTION,SWING,0.5000,-39.500,-113.200,-39.500,1.0000,0.0000,0.5660,0.3000,1,
6.9937,148.5400,BASELINE_COLLECTION,SWING,0.5208,-40.700,-119.000,-40.700,0.9979,0.0000,0.5950,0.3000,1,
7.0017,148.5500,BASELINE_COLLECTION,SWING,0.5417,-41.900,-121.800,-41.900,0.9914,0.0000,0.6090,0.3000,1,
7.0136,148.5600,BASELINE_COLLECTION,SWING,0.5625,-43.100,-124.100,-43.100,0.9808,0.0000,0.6205,0.3000,1,
7.0217,148.5700,BASELINE_COLLECTION,SWING,0.5833,-44.400,-122.600,-44.400,0.9659,0.0000,0.6130,0.3000,1,
7.0337,148.5800,BASELINE_COLLECTION,SWING,0.6042,-45.600,-121.800,-45.600,0.9469,0.0000,0.6090,0.3000,1,
7.0417,148.5900,BASELINE_COLLECTION,SWING,0.6250,-46.800,-118.000,-46.800,0.9239,0.0000,0.5900,0.3000,1,
7.0536,148.6000,BASELINE_COLLECTION,SWING,0.6458,-47.900,-114.400,-47.900,0.8969,0.0000,0.5720,0.3000,1,
7.0617,148.6100,BASELINE_COLLECTION,SWING,0.6667,-49.000,-109.600,-49.000,0.8660,0.0000,0.5480,0.3000,1,
7.0737,148.6200,BASELINE_COLLECTION,SWING,0.6875,-50.100,-102.800,-50.100,0.8315,0.0000,0.5140,0.3000,1,
7.0817,148.6300,BASELINE_COLLECTION,SWING,0.7083,-51.100,-95.300,-51.100,0.7934,0.0000,0.4765,0.3000,1,
7.0937,148.6400,BASELINE_COLLECTION,SWING,0.7292,-52.000,-84.600,-52.000,0.7518,0.0000,0.4230,0.3000,1,
7.1017,148.6500,BASELINE_COLLECTION,SWING,0.7500,-52.700,-73.400,-52.700,0.7071,0.0000,0.3670,0.3000,1,
7.1137,148.6600,BASELINE_COLLECTION,SWING,0.7708,-53.400,-64.000,-53.400,0.6593,0.0000,0.3200,0.3000,1,
7.1217,148.6700,BASELINE_COLLECTION,SWING,0.7917,-53.900,-52.200,-53.900,0.6088,0.0000,0.2610,0.3000,1,
7.1336,148.6800,BASELINE_COLLECTION,SWING,0.8125,-54.300,-41.600,-54.300,0.5556,0.0000,0.2080,0.2851,0,
7.1417,148.6900,BASELINE_COLLECTION,SWING,0.8333,-54.700,-32.700,-54.700,0.5000,0.0000,0.1635,0.2339,0,
7.1537,148.7000,BASELINE_COLLECTION,SWING,0.8542,-55.000,-26.000,-55.000,0.4423,0.0000,0.1300,0.1954,0,
7.1617,148.7100,BASELINE_COLLECTION,SWING,0.8750,-55.200,-24.000,-55.200,0.3827,0.0000,0.1200,0.1839,0,
7.1737,148.7200,BASELINE_COLLECTION,SWING,0.8958,-55.500,-26.700,-55.500,0.3214,0.0000,0.1335,0.1994,0,
7.1817,148.7300,BASELINE_COLLECTION,SWING,0.9167,-55.800,-38.700,-55.800,0.2588,0.0000,0.1935,0.2684,0,
7.1937,148.7400,BASELINE_COLLECTION,SWING,0.9375,-56.300,-47.200,-56.300,0.1951,0.0000,0.2360,0.3000,1,
7.2018,148.7500,BASELINE_COLLECTION,SWING,0.9583,-56.800,-55.900,-56.800,0.1305,0.0000,0.2795,0.3000,1,
7.2137,148.7600,BASELINE_COLLECTION,SWING,0.9792,-57.400,-66.400,-57.400,0.0654,0.0000,0.3320,0.3000,1,
7.2217,148.7700,BASELINE_COLLECTION,STANCE,0.0000,-58.100,-72.500,-58.100,0.0000,0.0000,0.3625,0.3000,1,
7.2336,148.7900,BASELINE_COLLECTION,STANCE,0.0278,-59.700,-85.200,-59.700,0.0000,0.0000,0.4260,0.3000,1,
7.2577,148.8000,BASELINE_COLLECTION,STANCE,0.0417,-60.700,-93.300,-60.700,0.0000,0.0000,0.4665,0.3000,1,
7.2657,148.8200,BASELINE_COLLECTION,STANCE,0.0694,-62.700,-105.300,-62.700,0.0000,0.0000,0.5265,0.3000,1,
7.2777,148.8300,BASELINE_COLLECTION,STANCE,0.0833,-63.800,-110.700,-63.800,0.0000,0.0000,0.5535,0.3000,1,
7.2857,148.8400,BASELINE_COLLECTION,STANCE,0.0972,-64.900,-113.800,-64.900,0.0000,0.0000,0.5690,0.3000,1,
7.2978,148.8500,BASELINE_COLLECTION,STANCE,0.1111,-66.000,-115.600,-66.000,0.0000,0.0000,0.5780,0.3000,1,
7.3057,148.8600,BASELINE_COLLECTION,STANCE,0.1250,-67.200,-116.600,-67.200,0.0000,0.0000,0.5830,0.3000,1,
7.3177,148.8700,BASELINE_COLLECTION,STANCE,0.1389,-68.400,-115.800,-68.400,0.0000,0.0000,0.5790,0.3000,1,
7.3257,148.8800,BASELINE_COLLECTION,STANCE,0.1528,-69.500,-114.500,-69.500,0.0000,0.0000,0.5725,0.3000,1,
7.3377,148.8900,BASELINE_COLLECTION,STANCE,0.1667,-70.700,-111.800,-70.700,0.0000,0.0000,0.5590,0.3000,1,
7.3457,148.9000,BASELINE_COLLECTION,STANCE,0.1806,-71.800,-110.100,-71.800,0.0000,0.0000,0.5505,0.3000,1,
7.3577,148.9100,BASELINE_COLLECTION,STANCE,0.1944,-72.800,-106.400,-72.800,0.0000,0.0000,0.5320,0.3000,1,
7.3657,148.9200,BASELINE_COLLECTION,STANCE,0.2083,-73.900,-103.700,-73.900,0.0000,0.0000,0.5185,0.3000,1,
7.3778,148.9300,BASELINE_COLLECTION,STANCE,0.2222,-74.900,-101.100,-74.900,0.0000,0.0000,0.5055,0.3000,1,
7.3858,148.9400,BASELINE_COLLECTION,STANCE,0.2361,-75.900,-99.800,-75.900,0.0000,0.0000,0.4990,0.3000,1,
7.3977,148.9500,BASELINE_COLLECTION,STANCE,0.2500,-76.900,-101.300,-76.900,0.0000,0.0000,0.5065,0.3000,1,
7.4057,148.9600,BASELINE_COLLECTION,STANCE,0.2639,-77.900,-104.800,-77.900,0.0000,0.0000,0.5240,0.3000,1,
7.4177,148.9700,BASELINE_COLLECTION,STANCE,0.2778,-79.000,-110.200,-79.000,0.0000,0.0000,0.5510,0.3000,1,
7.4257,148.9800,BASELINE_COLLECTION,STANCE,0.2917,-80.200,-117.700,-80.200,0.0000,0.0000,0.5885,0.3000,1,
7.4377,148.9900,BASELINE_COLLECTION,STANCE,0.3056,-81.400,-125.800,-81.400,0.0000,0.0000,0.6290,0.3000,1,
7.4457,149.0000,BASELINE_COLLECTION,STANCE,0.3194,-82.000,-130.500,-82.000,0.0000,0.0000,0.6525,0.3000,1,
7.4577,149.0100,BASELINE_COLLECTION,STANCE,0.3333,-84.200,-147.900,-84.200,0.0000,0.0000,0.7395,0.3000,1,
7.4657,149.0200,BASELINE_COLLECTION,STANCE,0.3472,-85.800,-164.400,-85.800,0.0000,0.0000,0.8220,0.3000,1,
7.4777,149.0300,BASELINE_COLLECTION,STANCE,0.3611,-87.600,-184.400,-87.600,0.0000,0.0000,0.9220,0.3000,1,
7.4857,149.0400,BASELINE_COLLECTION,STANCE,0.3750,-89.600,-208.300,-89.600,0.0000,0.0000,1.0415,0.3000,1,
7.4977,149.0500,BASELINE_COLLECTION,STANCE,0.3889,-91.800,-233.800,-91.800,0.0000,0.0000,1.1690,0.3000,1,
7.5057,149.0600,BASELINE_COLLECTION,STANCE,0.4028,-94.300,-261.400,-94.300,0.0000,0.0000,1.3070,0.3000,1,
7.5178,149.0700,BASELINE_COLLECTION,STANCE,0.4167,-97.200,-290.600,-97.200,0.0000,0.0000,1.4530,0.3000,1,
7.5257,149.0800,BASELINE_COLLECTION,STANCE,0.4306,-100.200,-312.900,-100.200,0.0000,0.0000,1.5645,0.3000,1,
7.5377,149.0900,BASELINE_COLLECTION,STANCE,0.4444,-103.500,-329.200,-103.500,0.0000,0.0000,1.6460,0.3000,1,
7.5456,149.1000,BASELINE_COLLECTION,STANCE,0.4583,-106.900,-343.100,-106.900,0.0000,0.0000,1.7155,0.3000,1,
7.5577,149.1100,BASELINE_COLLECTION,STANCE,0.4722,-110.300,-340.800,-110.300,0.0000,0.0000,1.7040,0.3000,1,
7.5657,149.1200,BASELINE_COLLECTION,STANCE,0.4861,-113.600,-321.700,-113.600,0.0000,0.0000,1.6085,0.3000,1,
7.5777,149.1300,BASELINE_COLLECTION,STANCE,0.5000,-116.600,-290.100,-116.600,0.0000,0.0000,1.4505,0.3000,1,
7.5856,149.1400,BASELINE_COLLECTION,STANCE,0.5139,-119.200,-245.300,-119.200,0.0000,0.0000,1.2265,0.3000,1,
7.5977,149.1500,BASELINE_COLLECTION,STANCE,0.5278,-121.300,-193.000,-121.300,0.0000,0.0000,0.9650,0.3000,1,
7.6057,149.1600,BASELINE_COLLECTION,STANCE,0.5417,-122.800,-136.700,-122.800,0.0000,0.0000,0.6835,0.3000,1,
7.6177,149.1700,BASELINE_COLLECTION,STANCE,0.5556,-123.800,-78.000,-123.800,0.0000,0.0000,0.3900,0.3000,1,
7.6256,149.1800,BASELINE_COLLECTION,STANCE,0.5694,-124.200,-20.400,-124.200,0.0000,0.0000,0.1020,0.1632,0,
7.6378,149.1900,BASELINE_COLLECTION,STANCE,0.5833,-124.000,31.300,-124.000,0.0000,0.0000,-0.1565,0.0000,0,
7.6457,149.2000,BASELINE_COLLECTION,STANCE,0.5972,-123.400,70.100,-123.400,0.0000,0.0000,-0.3505,0.0000,0,
7.6537,149.2100,BASELINE_COLLECTION,STANCE,0.6111,-122.500,104.800,-122.500,0.0000,0.0000,-0.5240,0.0000,0,
7.6656,149.2200,BASELINE_COLLECTION,STANCE,0.6250,-121.200,130.300,-121.200,0.0000,0.0000,-0.6515,0.0000,0,
7.6776,149.2300,BASELINE_COLLECTION,STANCE,0.6389,-119.800,150.400,-119.800,0.0000,0.0000,-0.7520,0.0000,0,
7.6855,149.2400,BASELINE_COLLECTION,STANCE,0.6528,-118.200,170.300,-118.200,0.0000,0.0000,-0.8515,0.0000,0,
7.6977,149.2500,BASELINE_COLLECTION,STANCE,0.6667,-116.300,191.600,-116.300,0.0000,0.0000,-0.9580,0.0000,0,
7.7056,149.2600,BASELINE_COLLECTION,STANCE,0.6806,-114.200,213.100,-114.200,0.0000,0.0000,-1.0655,0.0000,0,
7.7177,149.2700,BASELINE_COLLECTION,STANCE,0.6944,-112.000,232.600,-112.000,0.0000,0.0000,-1.1630,0.0000,0,
7.7257,149.2800,BASELINE_COLLECTION,STANCE,0.7083,-109.500,254.200,-109.500,0.0000,0.0000,-1.2710,0.0000,0,
7.7376,149.2900,BASELINE_COLLECTION,STANCE,0.7222,-106.800,277.000,-106.800,0.0000,0.0000,-1.3850,0.0000,0,
7.7456,149.3000,BASELINE_COLLECTION,STANCE,0.7361,-103.900,294.800,-103.900,0.0000,0.0000,-1.4740,0.0000,0,
7.7576,149.3100,BASELINE_COLLECTION,STANCE,0.7500,-100.800,314.300,-100.800,0.0000,0.0000,-1.5715,0.0000,0,
7.7657,149.3200,BASELINE_COLLECTION,STANCE,0.7639,-97.500,336.800,-97.500,0.0000,0.0000,-1.6840,0.0000,0,
7.7778,149.3300,BASELINE_COLLECTION,STANCE,0.7778,-94.000,352.100,-94.000,0.0000,0.0000,-1.7605,0.0000,0,
7.7857,149.3400,BASELINE_COLLECTION,STANCE,0.7917,-90.400,370.400,-90.400,0.0000,0.0000,-1.8520,0.0000,0,
7.7976,149.3500,BASELINE_COLLECTION,STANCE,0.8056,-86.500,390.600,-86.500,0.0000,0.0000,-1.9530,0.0000,0,
7.8056,149.3600,BASELINE_COLLECTION,STANCE,0.8194,-82.600,400.200,-82.600,0.0000,0.0000,-2.0010,0.0000,0,
7.8177,149.3700,BASELINE_COLLECTION,STANCE,0.8333,-78.500,409.000,-78.500,0.0000,0.0000,-2.0450,0.0000,0,
7.8255,149.3800,BASELINE_COLLECTION,STANCE,0.8472,-74.300,414.200,-74.300,0.0000,0.0000,-2.0710,0.0000,0,
7.8378,149.3900,BASELINE_COLLECTION,STANCE,0.8611,-70.000,422.300,-70.000,0.0000,0.0000,-2.1115,0.0000,0,
7.8457,149.4000,BASELINE_COLLECTION,STANCE,0.8750,-65.900,418.700,-65.900,0.0000,0.0000,-2.0935,0.0000,0,
7.8576,149.4100,BASELINE_COLLECTION,STANCE,0.8889,-61.800,417.700,-61.800,0.0000,0.0000,-2.0885,0.0000,0,
7.8656,149.4200,BASELINE_COLLECTION,STANCE,0.9028,-57.500,405.700,-57.500,0.0000,0.0000,-2.0285,0.0000,0,
7.8778,149.4300,BASELINE_COLLECTION,STANCE,0.9167,-53.600,388.100,-53.600,0.0000,0.0000,-1.9405,0.0000,0,
7.8857,149.4400,BASELINE_COLLECTION,STANCE,0.9306,-49.900,369.200,-49.900,0.0000,0.0000,-1.8460,0.0000,0,
7.8977,149.4500,BASELINE_COLLECTION,STANCE,0.9444,-46.400,338.400,-46.400,0.0000,0.0000,-1.6920,0.0000,0,
7.9057,149.4600,BASELINE_COLLECTION,STANCE,0.9583,-43.200,313.400,-43.200,0.0000,0.0000,-1.5670,0.0000,0,
7.9177,149.4700,BASELINE_COLLECTION,STANCE,0.9722,-40.200,287.600,-40.200,0.0000,0.0000,-1.4380,0.0000,0,
7.9257,149.4800,BASELINE_COLLECTION,STANCE,0.9861,-37.500,260.800,-37.500,0.0000,0.0000,-1.3040,0.0000,0,
7.9377,149.4900,BASELINE_COLLECTION,SWING,0.0000,-35.100,239.600,-35.100,0.0000,0.0000,-1.1980,0.0000,0,
7.9457,149.5000,BASELINE_COLLECTION,SWING,0.0208,-32.800,218.600,-32.800,0.0654,0.0000,-1.0930,0.0000,0,
7.9577,149.5100,BASELINE_COLLECTION,SWING,0.0417,-30.700,202.200,-30.700,0.1305,0.0000,-1.0110,0.0000,0,
7.9656,149.5200,BASELINE_COLLECTION,SWING,0.0625,-28.800,191.300,-28.800,0.1951,0.0000,-0.9565,0.0000,0,
7.9777,149.5300,BASELINE_COLLECTION,SWING,0.0833,-26.900,184.600,-26.900,0.2588,0.0000,-0.9230,0.0000,0,
7.9856,149.5400,BASELINE_COLLECTION,SWING,0.1042,-25.100,181.600,-25.100,0.3214,0.0000,-0.9080,0.0000,0,
7.9977,149.5500,BASELINE_COLLECTION,SWING,0.1250,-23.300,181.400,-23.300,0.3827,0.0000,-0.9070,0.0000,0,
8.0057,149.5600,BASELINE_COLLECTION,SWING,0.1458,-21.400,182.500,-21.400,0.4423,0.0000,-0.9125,0.0000,0,
8.0177,149.5700,BASELINE_COLLECTION,SWING,0.1667,-19.600,184.300,-19.600,0.5000,0.0000,-0.9215,0.0000,0,
8.0258,149.5800,BASELINE_COLLECTION,SWING,0.1875,-17.700,188.300,-17.700,0.5556,0.0000,-0.9415,0.0000,0,
8.0377,149.5900,BASELINE_COLLECTION,SWING,0.2083,-15.800,191.700,-15.800,0.6088,0.0000,-0.9585,0.0000,0,
8.0457,149.6000,BASELINE_COLLECTION,SWING,0.2292,-13.900,189.800,-13.900,0.6593,0.0000,-0.9490,0.0000,0,
8.0577,149.6100,BASELINE_COLLECTION,SWING,0.2500,-12.100,181.600,-12.100,0.7071,0.0000,-0.9080,0.0000,0,
8.0657,149.6200,BASELINE_COLLECTION,SWING,0.2708,-10.300,172.500,-10.300,0.7518,0.0000,-0.8625,0.0000,0,
8.0777,149.6300,BASELINE_COLLECTION,SWING,0.2917,-8.600,161.400,-8.600,0.7934,0.0000,-0.8070,0.0000,0,
8.0856,149.6400,BASELINE_COLLECTION,SWING,0.3125,-7.100,141.900,-7.100,0.8315,0.0000,-0.7095,0.0000,0,
8.0978,149.6500,BASELINE_COLLECTION,SWING,0.3333,-6.000,95.200,-6.000,0.8660,0.0000,-0.4760,0.0000,0,
8.1057,149.6600,BASELINE_COLLECTION,SWING,0.3542,-5.500,36.800,-5.500,0.8969,0.0000,-0.1840,0.0000,0,
8.1177,149.6700,BASELINE_COLLECTION,SWING,0.3750,-5.400,-6.500,-5.400,0.9239,0.0000,0.0325,0.0833,0,
8.1257,149.6800,BASELINE_COLLECTION,SWING,0.3958,-5.600,-11.600,-5.600,0.9469,0.0000,0.0580,0.1126,0,
8.1377,149.6900,BASELINE_COLLECTION,SWING,0.4167,-5.600,-6.900,-5.600,0.9659,0.0000,0.0345,0.0856,0,
8.1457,149.7000,BASELINE_COLLECTION,SWING,0.4375,-5.700,-1.200,-5.700,0.9808,0.0000,0.0060,0.0529,0,
8.1577,149.7100,BASELINE_COLLECTION,SWING,0.4583,-5.700,-1.600,-5.700,0.9914,0.0000,0.0080,0.0552,0,
8.1658,149.7200,BASELINE_COLLECTION,SWING,0.4792,-5.700,-6.700,-5.700,0.9979,0.0000,0.0335,0.0845,0,
8.1777,149.7300,BASELINE_COLLECTION,SWING,0.5000,-5.900,-20.100,-5.900,1.0000,0.0000,0.1005,0.1615,0,
8.1856,149.7400,BASELINE_COLLECTION,SWING,0.5208,-6.200,-35.900,-6.200,0.9979,0.0000,0.1795,0.2523,0,
8.1977,149.7500,BASELINE_COLLECTION,SWING,0.5417,-6.700,-48.000,-6.700,0.9914,0.0000,0.2400,0.3000,1,
8.2057,149.7600,BASELINE_COLLECTION,SWING,0.5625,-7.100,-47.000,-7.100,0.9808,0.0000,0.2350,0.3000,1,
8.2177,149.7700,BASELINE_COLLECTION,SWING,0.5833,-7.600,-42.100,-7.600,0.9659,0.0000,0.2105,0.2879,0,
8.2257,149.7800,BASELINE_COLLECTION,SWING,0.6042,-8.000,-43.700,-8.000,0.9469,0.0000,0.2185,0.2971,0,
8.2377,149.7900,BASELINE_COLLECTION,SWING,0.6250,-8.500,-57.600,-8.500,0.9239,0.0000,0.2880,0.3000,1,
8.2457,149.8000,BASELINE_COLLECTION,SWING,0.6458,-9.200,-75.000,-9.200,0.8969,0.0000,0.3750,0.3000,1,
8.2577,149.8100,BASELINE_COLLECTION,SWING,0.6667,-10.100,-96.100,-10.100,0.8660,0.0000,0.4805,0.3000,1,
8.2657,149.8200,BASELINE_COLLECTION,SWING,0.6875,-11.300,-131.400,-11.300,0.8315,0.0000,0.6570,0.3000,1,
8.2777,149.8300,BASELINE_COLLECTION,SWING,0.7083,-12.800,-161.500,-12.800,0.7934,0.0000,0.8075,0.3000,1,
8.2856,149.8400,BASELINE_COLLECTION,SWING,0.7292,-14.500,-171.300,-14.500,0.7518,0.0000,0.8565,0.3000,1,
8.2976,149.8500,BASELINE_COLLECTION,SWING,0.7500,-16.200,-165.100,-16.200,0.7071,0.0000,0.8255,0.3000,1,
8.3057,149.8600,BASELINE_COLLECTION,SWING,0.7708,-17.800,-156.300,-17.800,0.6593,0.0000,0.7815,0.3000,1,
8.3176,149.8700,BASELINE_COLLECTION,SWING,0.7917,-19.300,-138.400,-19.300,0.6088,0.0000,0.6920,0.3000,1,
8.3257,149.8800,BASELINE_COLLECTION,SWING,0.8125,-20.500,-115.400,-20.500,0.5556,0.0000,0.5770,0.3000,1,
8.3377,149.8900,BASELINE_COLLECTION,SWING,0.8333,-21.500,-95.400,-21.500,0.5000,0.0000,0.4770,0.3000,1,
8.3457,149.9000,BASELINE_COLLECTION,SWING,0.8542,-22.300,-81.700,-22.300,0.4423,0.0000,0.4085,0.3000,1,
8.3577,149.9100,BASELINE_COLLECTION,SWING,0.8750,-23.100,-74.200,-23.100,0.3827,0.0000,0.3710,0.3000,1,
8.3657,149.9200,BASELINE_COLLECTION,SWING,0.8958,-23.900,-76.400,-23.900,0.3214,0.0000,0.3820,0.3000,1,
8.3777,149.9300,BASELINE_COLLECTION,SWING,0.9167,-24.700,-88.600,-24.700,0.2588,0.0000,0.4430,0.3000,1,
8.3857,149.9400,BASELINE_COLLECTION,SWING,0.9375,-25.700,-105.000,-25.700,0.1951,0.0000,0.5250,0.3000,1,
8.3977,149.9500,BASELINE_COLLECTION,SWING,0.9583,-26.900,-123.900,-26.900,0.1305,0.0000,0.6195,0.3000,1,
8.4056,149.9600,BASELINE_COLLECTION,SWING,0.9792,-28.200,-142.100,-28.200,0.0654,0.0000,0.7105,0.3000,1,
8.4177,149.9700,BASELINE_COLLECTION,STANCE,0.0000,-29.700,-152.300,-29.700,0.0000,0.0000,0.7615,0.3000,1,
8.4257,149.9800,BASELINE_COLLECTION,STANCE,0.0139,-31.300,-153.400,-31.300,0.0000,0.0000,0.7670,0.3000,1,
8.4376,149.9900,BASELINE_COLLECTION,STANCE,0.0278,-32.800,-145.200,-32.800,0.0000,0.0000,0.7260,0.3000,1,
8.4457,150.0000,BASELINE_COLLECTION,STANCE,0.0417,-33.400,-137.500,-33.400,0.0000,0.0000,0.6875,0.3000,1,
8.4577,150.0100,BASELINE_COLLECTION,STANCE,0.0556,-35.200,-101.100,-35.200,0.0000,0.0000,0.5055,0.3000,1,
8.4657,150.0200,BASELINE_COLLECTION,STANCE,0.0694,-35.900,-65.900,-35.900,0.0000,0.0000,0.3295,0.3000,1,
8.4777,150.0300,BASELINE_COLLECTION,STANCE,0.0833,-36.300,-29.800,-36.300,0.0000,0.0000,0.1490,0.2172,0,
8.4857,150.0400,BASELINE_COLLECTION,STANCE,0.0972,-36.400,5.000,-36.400,0.0000,0.0000,-0.0250,0.0000,0,
8.4977,150.0500,BASELINE_COLLECTION,STANCE,0.1111,-36.300,12.400,-36.300,0.0000,0.0000,-0.0620,0.0000,0,
8.5056,150.0600,BASELINE_COLLECTION,STANCE,0.1250,-36.200,4.600,-36.200,0.0000,0.0000,-0.0230,0.0000,0,
8.5176,150.0700,BASELINE_COLLECTION,STANCE,0.1389,-36.200,-4.500,-36.200,0.0000,0.0000,0.0225,0.0718,0,
8.5258,150.0800,BASELINE_COLLECTION,STANCE,0.1528,-36.300,-2.400,-36.300,0.0000,0.0000,0.0120,0.0598,0,
8.5377,150.0900,BASELINE_COLLECTION,STANCE,0.1667,-36.300,-3.100,-36.300,0.0000,0.0000,0.0155,0.0638,0,
8.5456,150.1000,BASELINE_COLLECTION,STANCE,0.1806,-36.300,-6.500,-36.300,0.0000,0.0000,0.0325,0.0833,0,
8.5577,150.1100,BASELINE_COLLECTION,STANCE,0.1944,-36.400,-12.400,-36.400,0.0000,0.0000,0.0620,0.1172,0,
8.5658,150.1200,BASELINE_COLLECTION,STANCE,0.2083,-36.600,-24.700,-36.600,0.0000,0.0000,0.1235,0.1879,0,
8.5778,150.1300,BASELINE_COLLECTION,STANCE,0.2222,-37.000,-40.900,-37.000,0.0000,0.0000,0.2045,0.2810,0,
8.5857,150.1400,BASELINE_COLLECTION,STANCE,0.2361,-37.500,-58.700,-37.500,0.0000,0.0000,0.2935,0.3000,1,
8.5977,150.1500,BASELINE_COLLECTION,STANCE,0.2500,-38.200,-69.000,-38.200,0.0000,0.0000,0.3450,0.3000,1,
8.6057,150.1600,BASELINE_COLLECTION,STANCE,0.2639,-38.900,-76.200,-38.900,0.0000,0.0000,0.3810,0.3000,1,
8.6177,150.1700,BASELINE_COLLECTION,STANCE,0.2778,-39.700,-82.100,-39.700,0.0000,0.0000,0.4105,0.3000,1,
8.6257,150.1800,BASELINE_COLLECTION,STANCE,0.2917,-40.600,-87.400,-40.600,0.0000,0.0000,0.4370,0.3000,1,
8.6377,150.1900,BASELINE_COLLECTION,STANCE,0.3056,-41.500,-91.100,-41.500,0.0000,0.0000,0.4555,0.3000,1,
8.6457,150.2000,BASELINE_COLLECTION,STANCE,0.3194,-42.400,-96.300,-42.400,0.0000,0.0000,0.4815,0.3000,1,
8.6577,150.2100,BASELINE_COLLECTION,STANCE,0.3333,-43.400,-97.800,-43.400,0.0000,0.0000,0.4890,0.3000,1,
8.6657,150.2200,BASELINE_COLLECTION,STANCE,0.3472,-44.400,-95.300,-44.400,0.0000,0.0000,0.4765,0.3000,1,
8.6777,150.2300,BASELINE_COLLECTION,STANCE,0.3611,-45.300,-92.300,-45.300,0.0000,0.0000,0.4615,0.3000,1,
8.6857,150.2400,BASELINE_COLLECTION,STANCE,0.3750,-46.200,-85.400,-46.200,0.0000,0.0000,0.4270,0.3000,1,
8.6978,150.2500,BASELINE_COLLECTION,STANCE,0.3889,-47.000,-77.800,-47.000,0.0000,0.0000,0.3890,0.3000,1,
8.7058,150.2600,BASELINE_COLLECTION,STANCE,0.4028,-47.700,-68.400,-47.700,0.0000,0.0000,0.3420,0.3000,1,
8.7176,150.2700,BASELINE_COLLECTION,STANCE,0.4167,-48.400,-58.700,-48.400,0.0000,0.0000,0.2935,0.3000,1,
8.7257,150.2800,BASELINE_COLLECTION,STANCE,0.4306,-48.900,-46.900,-48.900,0.0000,0.0000,0.2345,0.3000,1,
8.7376,150.2900,BASELINE_COLLECTION,STANCE,0.4444,-49.200,-37.600,-49.200,0.0000,0.0000,0.1880,0.2621,0,
8.7457,150.3000,BASELINE_COLLECTION,STANCE,0.4583,-49.600,-29.400,-49.600,0.0000,0.0000,0.1470,0.2149,0,
8.7577,150.3100,BASELINE_COLLECTION,STANCE,0.4722,-49.800,-20.800,-49.800,0.0000,0.0000,0.1040,0.1655,0,
8.7658,150.3200,BASELINE_COLLECTION,STANCE,0.4861,-50.000,-16.100,-50.000,0.0000,0.0000,0.0805,0.1385,0,
8.7777,150.3300,BASELINE_COLLECTION,STANCE,0.5000,-50.200,-19.000,-50.200,0.0000,0.0000,0.0950,0.1552,0,
8.7857,150.3400,BASELINE_COLLECTION,STANCE,0.5139,-50.400,-26.200,-50.400,0.0000,0.0000,0.1310,0.1966,0,
8.7977,150.3500,BASELINE_COLLECTION,STANCE,0.5278,-50.700,-34.200,-50.700,0.0000,0.0000,0.1710,0.2425,0,
8.8057,150.3600,BASELINE_COLLECTION,STANCE,0.5417,-51.100,-39.000,-51.100,0.0000,0.0000,0.1950,0.2701,0,
8.8177,150.3700,BASELINE_COLLECTION,STANCE,0.5556,-51.500,-44.100,-51.500,0.0000,0.0000,0.2205,0.2994,0,
8.8257,150.3800,BASELINE_COLLECTION,STANCE,0.5694,-52.000,-47.500,-52.000,0.0000,0.0000,0.2375,0.3000,1,
8.8377,150.3900,BASELINE_COLLECTION,STANCE,0.5833,-52.500,-50.500,-52.500,0.0000,0.0000,0.2525,0.3000,1,
8.8457,150.4000,BASELINE_COLLECTION,STANCE,0.5972,-53.000,-55.800,-53.000,0.0000,0.0000,0.2790,0.3000,1,
8.8578,150.4100,BASELINE_COLLECTION,STANCE,0.6111,-53.600,-62.400,-53.600,0.0000,0.0000,0.3120,0.3000,1,
8.8657,150.4200,BASELINE_COLLECTION,STANCE,0.6250,-54.300,-69.500,-54.300,0.0000,0.0000,0.3475,0.3000,1,
8.8777,150.4300,BASELINE_COLLECTION,STANCE,0.6389,-55.100,-79.300,-55.100,0.0000,0.0000,0.3965,0.3000,1,
8.8857,150.4400,BASELINE_COLLECTION,STANCE,0.6528,-55.900,-91.700,-55.900,0.0000,0.0000,0.4585,0.3000,1,
8.8977,150.4500,BASELINE_COLLECTION,STANCE,0.6667,-57.000,-105.500,-57.000,0.0000,0.0000,0.5275,0.3000,1,
8.9057,150.4600,BASELINE_COLLECTION,STANCE,0.6806,-58.100,-120.500,-58.100,0.0000,0.0000,0.6025,0.3000,1,
8.9176,150.4700,BASELINE_COLLECTION,STANCE,0.6944,-59.400,-134.300,-59.400,0.0000,0.0000,0.6715,0.3000,1,
8.9255,150.4800,BASELINE_COLLECTION,STANCE,0.7083,-60.900,-149.400,-60.900,0.0000,0.0000,0.7470,0.3000,1,
8.9335,150.4900,BASELINE_COLLECTION,STANCE,0.7222,-62.400,-160.900,-62.400,0.0000,0.0000,0.8045,0.3000,1,
8.9457,150.5000,BASELINE_COLLECTION,STANCE,0.7361,-64.100,-171.900,-64.100,0.0000,0.0000,0.8595,0.3000,1,
8.9577,150.5100,BASELINE_COLLECTION,STANCE,0.7500,-65.900,-183.000,-65.900,0.0000,0.0000,0.9150,0.3000,1,
8.9697,150.5200,BASELINE_COLLECTION,STANCE,0.7639,-67.800,-196.400,-67.800,0.0000,0.0000,0.9820,0.3000,1,
8.9777,150.5300,BASELINE_COLLECTION,STANCE,0.7778,-69.900,-208.200,-69.900,0.0000,0.0000,1.0410,0.3000,1,
8.9937,150.5400,BASELINE_COLLECTION,STANCE,0.7917,-72.000,-216.900,-72.000,0.0000,0.0000,1.0845,0.3000,1,
9.0015,150.5500,BASELINE_COLLECTION,STANCE,0.8056,-74.300,-222.800,-74.300,0.0000,0.0000,1.1140,0.3000,1,
9.0094,150.5600,BASELINE_COLLECTION,STANCE,0.8194,-76.500,-229.300,-76.500,0.0000,0.0000,1.1465,0.3000,1,
9.0215,150.5700,BASELINE_COLLECTION,STANCE,0.8333,-78.900,-235.100,-78.900,0.0000,0.0000,1.1755,0.3000,1,
9.0334,150.5800,BASELINE_COLLECTION,STANCE,0.8472,-81.200,-239.400,-81.200,0.0000,0.0000,1.1970,0.3000,1,
9.0416,150.5900,BASELINE_COLLECTION,STANCE,0.8611,-83.700,-246.500,-83.700,0.0000,0.0000,1.2325,0.3000,1,
9.0536,150.6000,BASELINE_COLLECTION,STANCE,0.8750,-86.300,-261.600,-86.300,0.0000,0.0000,1.3080,0.3000,1,
9.0616,150.6100,BASELINE_COLLECTION,STANCE,0.8889,-89.000,-281.800,-89.000,0.0000,0.0000,1.4090,0.3000,1,
9.0735,150.6200,BASELINE_COLLECTION,STANCE,0.9028,-91.900,-295.800,-91.900,0.0000,0.0000,1.4790,0.3000,1,
9.0816,150.6300,BASELINE_COLLECTION,STANCE,0.9167,-95.000,-309.700,-95.000,0.0000,0.0000,1.5485,0.3000,1,
9.0896,150.6400,BASELINE_COLLECTION,STANCE,0.9306,-98.200,-327.000,-98.200,0.0000,0.0000,1.6350,0.3000,1,
9.1016,150.6500,BASELINE_COLLECTION,STANCE,0.9444,-101.600,-338.800,-101.600,0.0000,0.0000,1.6940,0.3000,1,
9.1136,150.6600,BASELINE_COLLECTION,STANCE,0.9583,-105.000,-353.200,-105.000,0.0000,0.0000,1.7660,0.3000,1,
9.1216,150.6700,BASELINE_COLLECTION,STANCE,0.9722,-108.700,-374.600,-108.700,0.0000,0.0000,1.8730,0.3000,1,
9.1375,150.6800,BASELINE_COLLECTION,STANCE,0.9861,-112.600,-388.200,-112.600,0.0000,0.0000,1.9410,0.3000,1,
9.1454,150.7000,BASELINE_COLLECTION,SWING,0.0208,-120.600,-407.200,-120.600,0.0654,0.0000,2.0360,0.3000,1,
9.1577,150.7100,BASELINE_COLLECTION,SWING,0.0417,-124.700,-402.700,-124.700,0.1305,0.0000,2.0135,0.3000,1,
9.1656,150.7200,BASELINE_COLLECTION,SWING,0.0625,-128.500,-372.500,-128.500,0.1951,0.0000,1.8625,0.3000,1,
9.1777,150.7300,BASELINE_COLLECTION,SWING,0.0833,-131.900,-328.000,-131.900,0.2588,0.0000,1.6400,0.3000,1,
9.1857,150.7400,BASELINE_COLLECTION,SWING,0.1042,-134.900,-277.900,-134.900,0.3214,0.0000,1.3895,0.3000,1,
9.1977,150.7500,BASELINE_COLLECTION,SWING,0.1250,-137.000,-222.600,-137.000,0.3827,0.0000,1.1130,0.3000,1,
9.2058,150.7600,BASELINE_COLLECTION,SWING,0.1458,-138.900,-150.100,-138.900,0.4423,0.0000,0.7505,0.3000,1,
9.2178,150.7700,BASELINE_COLLECTION,SWING,0.1667,-140.000,-84.400,-140.000,0.5000,0.0000,0.4220,0.3000,1,
9.2257,150.7800,BASELINE_COLLECTION,SWING,0.1875,-140.300,-15.900,-140.300,0.5556,0.0000,0.0795,0.1374,0,
9.2377,150.7900,BASELINE_COLLECTION,SWING,0.2083,-140.100,40.400,-140.100,0.6088,0.0000,-0.2020,0.0000,0,
9.2457,150.8000,BASELINE_COLLECTION,SWING,0.2292,-139.400,85.200,-139.400,0.6593,0.0000,-0.4260,0.0000,0,
9.2577,150.8100,BASELINE_COLLECTION,SWING,0.2500,-138.300,122.900,-138.300,0.7071,0.0000,-0.6145,0.0000,0,
9.2658,150.8200,BASELINE_COLLECTION,SWING,0.2708,-136.800,153.500,-136.800,0.7518,0.0000,-0.7675,0.0000,0,
9.2777,150.8300,BASELINE_COLLECTION,SWING,0.2917,-135.100,179.500,-135.100,0.7934,0.0000,-0.8975,0.0000,0,
9.2856,150.8400,BASELINE_COLLECTION,SWING,0.3125,-133.100,204.200,-133.100,0.8315,0.0000,-1.0210,0.0000,0,
9.2977,150.8500,BASELINE_COLLECTION,SWING,0.3333,-130.900,226.100,-130.900,0.8660,0.0000,-1.1305,0.0000,0,
9.3057,150.8600,BASELINE_COLLECTION,SWING,0.3542,-128.500,249.300,-128.500,0.8969,0.0000,-1.2465,0.0000,0,
9.3178,150.8700,BASELINE_COLLECTION,SWING,0.3750,-125.800,276.600,-125.800,0.9239,0.0000,-1.3830,0.0000,0,
9.3257,150.8800,BASELINE_COLLECTION,SWING,0.3958,-122.900,300.200,-122.900,0.9469,0.0000,-1.5010,0.0000,0,
9.3376,150.8900,BASELINE_COLLECTION,SWING,0.4167,-119.800,319.300,-119.800,0.9659,0.0000,-1.5965,0.0000,0,
9.3456,150.9000,BASELINE_COLLECTION,SWING,0.4375,-116.400,340.500,-116.400,0.9808,0.0000,-1.7025,0.0000,0,
9.3577,150.9100,BASELINE_COLLECTION,SWING,0.4583,-112.900,361.800,-112.900,0.9914,0.0000,-1.8090,0.0000,0,
9.3657,150.9200,BASELINE_COLLECTION,SWING,0.4792,-109.100,386.100,-109.100,0.9979,0.0000,-1.9305,0.0000,0,
9.3777,150.9300,BASELINE_COLLECTION,SWING,0.5000,-105.000,410.000,-105.000,1.0000,0.0000,-2.0500,0.0000,0,
9.3856,150.9400,BASELINE_COLLECTION,SWING,0.5208,-100.800,427.800,-100.800,0.9979,0.0000,-2.1390,0.0000,0,
9.3977,150.9500,BASELINE_COLLECTION,SWING,0.5417,-96.400,450.700,-96.400,0.9914,0.0000,-2.2535,0.0000,0,
9.4057,150.9600,BASELINE_COLLECTION,SWING,0.5625,-91.800,466.400,-91.800,0.9808,0.0000,-2.3320,0.0000,0,
9.4177,150.9700,BASELINE_COLLECTION,SWING,0.5833,-86.900,492.600,-86.900,0.9659,0.0000,-2.4630,0.0000,0,
9.4257,150.9800,BASELINE_COLLECTION,SWING,0.6042,-81.900,505.000,-81.900,0.9469,0.0000,-2.5250,0.0000,0,
9.4377,150.9900,BASELINE_COLLECTION,SWING,0.6250,-76.700,520.400,-76.700,0.9239,0.0000,-2.6020,0.0000,0,
9.4456,151.0000,BASELINE_COLLECTION,SWING,0.6458,-74.300,529.100,-74.300,0.8969,0.0000,-2.6455,0.0000,0,
9.4575,151.0100,BASELINE_COLLECTION,SWING,0.6667,-65.900,554.200,-65.900,0.8660,0.0000,-2.7710,0.0000,0,
9.4656,151.0200,BASELINE_COLLECTION,SWING,0.6875,-60.300,567.100,-60.300,0.8315,0.0000,-2.8355,0.0000,0,
9.4777,151.0300,BASELINE_COLLECTION,SWING,0.7083,-55.200,572.400,-55.200,0.7934,0.0000,-2.8620,0.0000,0,
9.4854,151.0400,BASELINE_COLLECTION,SWING,0.7292,-48.900,577.400,-48.900,0.7518,0.0000,-2.8870,0.0000,0,
9.4977,151.0500,BASELINE_COLLECTION,SWING,0.7500,-43.200,560.100,-43.200,0.7071,0.0000,-2.8005,0.0000,0,
9.5057,151.0600,BASELINE_COLLECTION,SWING,0.7708,-37.700,546.600,-37.700,0.6593,0.0000,-2.7330,0.0000,0,
9.5177,151.0700,BASELINE_COLLECTION,SWING,0.7917,-32.200,527.400,-32.200,0.6088,0.0000,-2.6370,0.0000,0,
9.5257,151.0800,BASELINE_COLLECTION,SWING,0.8125,-27.500,484.100,-27.500,0.5556,0.0000,-2.4205,0.0000,0,
9.5377,151.0900,BASELINE_COLLECTION,SWING,0.8333,-22.800,438.100,-22.800,0.5000,0.0000,-2.1905,0.0000,0,
9.5457,151.1000,BASELINE_COLLECTION,SWING,0.8542,-18.800,389.800,-18.800,0.4423,0.0000,-1.9490,0.0000,0,
9.5577,151.1100,BASELINE_COLLECTION,SWING,0.8750,-15.100,357.400,-15.100,0.3827,0.0000,-1.7870,0.0000,0,
9.5657,151.1200,BASELINE_COLLECTION,SWING,0.8958,-11.800,317.500,-11.800,0.3214,0.0000,-1.5875,0.0000,0,
9.5777,151.1300,BASELINE_COLLECTION,SWING,0.9167,-8.900,278.400,-8.900,0.2588,0.0000,-1.3920,0.0000,0,
9.5857,151.1400,BASELINE_COLLECTION,SWING,0.9375,-6.400,240.600,-6.400,0.1951,0.0000,-1.2030,0.0000,0,
9.5977,151.1500,BASELINE_COLLECTION,SWING,0.9583,-4.400,185.300,-4.400,0.1305,0.0000,-0.9265,0.0000,0,
9.6056,151.1600,BASELINE_COLLECTION,SWING,0.9792,-2.700,155.400,-2.700,0.0654,0.0000,-0.7770,0.0000,0,
9.6177,151.1700,BASELINE_COLLECTION,SWING,1.0000,-1.400,120.000,-1.400,0.0000,0.0000,-0.6000,0.0000,0,
9.6297,151.1800,BASELINE_COLLECTION,STANCE,0.0139,-0.400,86.400,-0.400,0.0000,0.0000,-0.4320,0.0000,0,
9.6376,151.1900,BASELINE_COLLECTION,STANCE,0.0278,0.100,50.900,0.100,0.0000,0.0000,-0.2545,0.0000,0,
9.6497,151.2000,BASELINE_COLLECTION,STANCE,0.0417,0.300,8.000,0.300,0.0000,0.0000,-0.0400,0.0000,0,
9.6577,151.2100,BASELINE_COLLECTION,STANCE,0.0556,0.200,-11.000,0.200,0.0000,0.0000,0.0550,0.1092,0,
9.6697,151.2200,BASELINE_COLLECTION,STANCE,0.0694,0.100,-9.700,0.100,0.0000,0.0000,0.0485,0.1017,0,
9.6777,151.2300,BASELINE_COLLECTION,STANCE,0.0833,0.000,-11.100,0.000,0.0000,0.0000,0.0555,0.1098,0,
9.6897,151.2400,BASELINE_COLLECTION,STANCE,0.0972,-0.100,-20.700,-0.100,0.0000,0.0000,0.1035,0.1649,0,
9.6977,151.2500,BASELINE_COLLECTION,STANCE,0.1111,-0.400,-40.800,-0.400,0.0000,0.0000,0.2040,0.2805,0,
9.7097,151.2600,BASELINE_COLLECTION,STANCE,0.1250,-1.000,-64.300,-1.000,0.0000,0.0000,0.3215,0.3000,1,
9.7176,151.2700,BASELINE_COLLECTION,STANCE,0.1389,-1.800,-81.400,-1.800,0.0000,0.0000,0.4070,0.3000,1,
9.7297,151.2800,BASELINE_COLLECTION,STANCE,0.1528,-2.700,-103.600,-2.700,0.0000,0.0000,0.5180,0.3000,1,
9.7375,151.2900,BASELINE_COLLECTION,STANCE,0.1667,-4.000,-141.100,-4.000,0.0000,0.0000,0.7055,0.3000,1,
9.7497,151.3000,BASELINE_COLLECTION,STANCE,0.1806,-5.800,-186.300,-5.800,0.0000,0.0000,0.9315,0.3000,1,
9.7577,151.3100,BASELINE_COLLECTION,STANCE,0.1944,-7.900,-220.000,-7.900,0.0000,0.0000,1.1000,0.3000,1,
9.7696,151.3200,BASELINE_COLLECTION,STANCE,0.2083,-10.200,-244.100,-10.200,0.0000,0.0000,1.2205,0.3000,1,
9.7776,151.3300,BASELINE_COLLECTION,STANCE,0.2222,-12.800,-262.300,-12.800,0.0000,0.0000,1.3115,0.3000,1,
9.7896,151.3400,BASELINE_COLLECTION,STANCE,0.2361,-15.400,-259.500,-15.400,0.0000,0.0000,1.2975,0.3000,1,
9.7976,151.3500,BASELINE_COLLECTION,STANCE,0.2500,-17.900,-239.600,-17.900,0.0000,0.0000,1.1980,0.3000,1,
9.8097,151.3600,BASELINE_COLLECTION,STANCE,0.2639,-20.100,-214.200,-20.100,0.0000,0.0000,1.0710,0.3000,1,
9.8177,151.3700,BASELINE_COLLECTION,STANCE,0.2778,-22.100,-183.600,-22.100,0.0000,0.0000,0.9180,0.3000,1,
9.8296,151.3800,BASELINE_COLLECTION,STANCE,0.2917,-23.600,-145.200,-23.600,0.0000,0.0000,0.7260,0.3000,1,
9.8377,151.3900,BASELINE_COLLECTION,STANCE,0.3056,-24.800,-101.400,-24.800,0.0000,0.0000,0.5070,0.3000,1,
9.8497,151.4000,BASELINE_COLLECTION,STANCE,0.3194,-25.500,-60.800,-25.500,0.0000,0.0000,0.3040,0.3000,1,
9.8577,151.4100,BASELINE_COLLECTION,STANCE,0.3333,-25.900,-31.400,-25.900,0.0000,0.0000,0.1570,0.2264,0,
9.8696,151.4200,BASELINE_COLLECTION,STANCE,0.3472,-26.100,-17.900,-26.100,0.0000,0.0000,0.0895,0.1489,0,
9.8777,151.4300,BASELINE_COLLECTION,STANCE,0.3611,-26.300,-18.300,-26.300,0.0000,0.0000,0.0915,0.1511,0,
9.8897,151.4400,BASELINE_COLLECTION,STANCE,0.3750,-26.600,-35.700,-26.600,0.0000,0.0000,0.1785,0.2511,0,
9.8976,151.4500,BASELINE_COLLECTION,STANCE,0.3889,-27.100,-61.100,-27.100,0.0000,0.0000,0.3055,0.3000,1,
9.9097,151.4600,BASELINE_COLLECTION,STANCE,0.4028,-27.900,-83.800,-27.900,0.0000,0.0000,0.4190,0.3000,1,
9.9177,151.4700,BASELINE_COLLECTION,STANCE,0.4167,-28.900,-101.900,-28.900,0.0000,0.0000,0.5095,0.3000,1,
9.9297,151.4800,BASELINE_COLLECTION,STANCE,0.4306,-29.900,-109.800,-29.900,0.0000,0.0000,0.5490,0.3000,1,
9.9377,151.4900,BASELINE_COLLECTION,STANCE,0.4444,-31.000,-109.800,-31.000,0.0000,0.0000,0.5490,0.3000,1,
9.9497,151.5000,BASELINE_COLLECTION,STANCE,0.4583,-32.100,-103.400,-32.100,0.0000,0.0000,0.5170,0.3000,1,
9.9577,151.5100,BASELINE_COLLECTION,STANCE,0.4722,-33.000,-88.400,-33.000,0.0000,0.0000,0.4420,0.3000,1,
9.9697,151.5200,BASELINE_COLLECTION,STANCE,0.4861,-33.800,-69.200,-33.800,0.0000,0.0000,0.3460,0.3000,1,
9.9775,151.5300,BASELINE_COLLECTION,STANCE,0.5000,-34.300,-47.200,-34.300,0.0000,0.0000,0.2360,0.3000,1,
9.9895,151.5400,BASELINE_COLLECTION,STANCE,0.5139,-34.700,-24.400,-34.700,0.0000,0.0000,0.1220,0.1862,0,
9.9976,151.5500,BASELINE_COLLECTION,STANCE,0.5278,-34.700,-1.900,-34.700,0.0000,0.0000,0.0095,0.0569,0,
10.0097,151.5600,BASELINE_COLLECTION,STANCE,0.5417,-34.700,2.900,-34.700,0.0000,0.0000,-0.0145,0.0000,0,
10.0177,151.5700,BASELINE_COLLECTION,STANCE,0.5556,-34.700,-2.100,-34.700,0.0000,0.0000,0.0105,0.0580,0,
10.0296,151.5800,BASELINE_COLLECTION,STANCE,0.5694,-34.700,-5.200,-34.700,0.0000,0.0000,0.0260,0.0759,0,
10.0377,151.5900,BASELINE_COLLECTION,STANCE,0.5833,-34.900,-17.600,-34.900,0.0000,0.0000,0.0880,0.1471,0,
10.0496,151.6000,BASELINE_COLLECTION,STANCE,0.5972,-35.200,-31.400,-35.200,0.0000,0.0000,0.1570,0.2264,0,
10.0576,151.6100,BASELINE_COLLECTION,STANCE,0.6111,-35.500,-43.200,-35.500,0.0000,0.0000,0.2160,0.2943,0,
10.0655,151.6200,BASELINE_COLLECTION,STANCE,0.6250,-36.100,-57.700,-36.100,0.0000,0.0000,0.2885,0.3000,1,
10.0777,151.6300,BASELINE_COLLECTION,STANCE,0.6389,-36.700,-68.200,-36.700,0.0000,0.0000,0.3410,0.3000,1,
10.0897,151.6400,BASELINE_COLLECTION,STANCE,0.6528,-37.500,-78.000,-37.500,0.0000,0.0000,0.3900,0.3000,1,
10.0976,151.6500,BASELINE_COLLECTION,STANCE,0.6667,-38.300,-84.600,-38.300,0.0000,0.0000,0.4230,0.3000,1,
10.1097,151.6600,BASELINE_COLLECTION,STANCE,0.6806,-39.100,-90.800,-39.100,0.0000,0.0000,0.4540,0.3000,1,
10.1177,151.6700,BASELINE_COLLECTION,STANCE,0.6944,-40.200,-100.300,-40.200,0.0000,0.0000,0.5015,0.3000,1,
10.1297,151.6800,BASELINE_COLLECTION,STANCE,0.7083,-41.200,-107.800,-41.200,0.0000,0.0000,0.5390,0.3000,1,
10.1377,151.6900,BASELINE_COLLECTION,STANCE,0.7222,-42.400,-115.600,-42.400,0.0000,0.0000,0.5780,0.3000,1,
10.1497,151.7000,BASELINE_COLLECTION,STANCE,0.7361,-43.600,-120.400,-43.600,0.0000,0.0000,0.6020,0.3000,1,
10.1577,151.7100,BASELINE_COLLECTION,STANCE,0.7500,-44.800,-118.800,-44.800,0.0000,0.0000,0.5940,0.3000,1,
10.1697,151.7200,BASELINE_COLLECTION,STANCE,0.7639,-45.900,-115.800,-45.900,0.0000,0.0000,0.5790,0.3000,1,
10.1777,151.7300,BASELINE_COLLECTION,STANCE,0.7778,-47.100,-109.800,-47.100,0.0000,0.0000,0.5490,0.3000,1,
10.1896,151.7400,BASELINE_COLLECTION,STANCE,0.7917,-48.100,-104.300,-48.100,0.0000,0.0000,0.5215,0.3000,1,
10.1977,151.7500,BASELINE_COLLECTION,STANCE,0.8056,-49.100,-95.900,-49.100,0.0000,0.0000,0.4795,0.3000,1,
10.2097,151.7600,BASELINE_COLLECTION,STANCE,0.8194,-50.000,-85.700,-50.000,0.0000,0.0000,0.4285,0.3000,1,
10.2176,151.7700,BASELINE_COLLECTION,STANCE,0.8333,-50.800,-73.800,-50.800,0.0000,0.0000,0.3690,0.3000,1,
10.2297,151.7800,BASELINE_COLLECTION,STANCE,0.8472,-51.400,-59.300,-51.400,0.0000,0.0000,0.2965,0.3000,1,
10.2377,151.7900,BASELINE_COLLECTION,STANCE,0.8611,-51.900,-45.500,-51.900,0.0000,0.0000,0.2275,0.3000,1,
10.2497,151.8000,BASELINE_COLLECTION,STANCE,0.8750,-52.300,-30.900,-52.300,0.0000,0.0000,0.1545,0.2236,0,
10.2577,151.8100,BASELINE_COLLECTION,STANCE,0.8889,-52.500,-19.600,-52.500,0.0000,0.0000,0.0980,0.1586,0,
10.2696,151.8200,BASELINE_COLLECTION,STANCE,0.9028,-52.600,-12.400,-52.600,0.0000,0.0000,0.0620,0.1172,0,
10.2777,151.8300,BASELINE_COLLECTION,STANCE,0.9167,-52.700,-8.300,-52.700,0.0000,0.0000,0.0415,0.0937,0,
10.2897,151.8400,BASELINE_COLLECTION,STANCE,0.9306,-52.800,-13.800,-52.800,0.0000,0.0000,0.0690,0.1253,0,
10.2975,151.8500,BASELINE_COLLECTION,STANCE,0.9444,-53.000,-22.700,-53.000,0.0000,0.0000,0.1135,0.1764,0,
10.3097,151.8600,BASELINE_COLLECTION,STANCE,0.9583,-53.300,-30.800,-53.300,0.0000,0.0000,0.1540,0.2230,0,
10.3177,151.8700,BASELINE_COLLECTION,STANCE,0.9722,-53.700,-36.900,-53.700,0.0000,0.0000,0.1845,0.2580,0,
10.3297,151.8800,BASELINE_COLLECTION,STANCE,0.9861,-54.100,-38.500,-54.100,0.0000,0.0000,0.1925,0.2672,0,
10.3377,151.8900,BASELINE_COLLECTION,STANCE,1.0000,-54.500,-42.400,-54.500,0.0000,0.0000,0.2120,0.2897,0,
10.3497,151.9000,BASELINE_COLLECTION,SWING,0.0208,-54.900,-45.200,-54.900,0.0654,0.0000,0.2260,0.3000,1,
10.3577,151.9100,BASELINE_COLLECTION,SWING,0.0417,-55.400,-49.500,-55.400,0.1305,0.0000,0.2475,0.3000,1,
10.3697,151.9200,BASELINE_COLLECTION,SWING,0.0625,-55.900,-58.300,-55.900,0.1951,0.0000,0.2915,0.3000,1,
10.3776,151.9300,BASELINE_COLLECTION,SWING,0.0833,-56.600,-63.200,-56.600,0.2588,0.0000,0.3160,0.3000,1,
10.3896,151.9400,BASELINE_COLLECTION,SWING,0.1042,-57.200,-69.400,-57.200,0.3214,0.0000,0.3470,0.3000,1,
10.3976,151.9500,BASELINE_COLLECTION,SWING,0.1250,-58.000,-79.600,-58.000,0.3827,0.0000,0.3980,0.3000,1,
10.4095,151.9600,BASELINE_COLLECTION,SWING,0.1458,-58.900,-91.000,-58.900,0.4423,0.0000,0.4550,0.3000,1,
10.4176,151.9700,BASELINE_COLLECTION,SWING,0.1667,-59.900,-102.500,-59.900,0.5000,0.0000,0.5125,0.3000,1,
10.4297,151.9800,BASELINE_COLLECTION,SWING,0.1875,-61.000,-115.900,-61.000,0.5556,0.0000,0.5795,0.3000,1,
10.4376,151.9900,BASELINE_COLLECTION,SWING,0.2083,-62.200,-127.100,-62.200,0.6088,0.0000,0.6355,0.3000,1,
10.4496,152.0000,BASELINE_COLLECTION,SWING,0.2292,-62.700,-131.100,-62.700,0.6593,0.0000,0.6555,0.3000,1,
10.4576,152.0100,BASELINE_COLLECTION,SWING,0.2500,-65.000,-150.000,-65.000,0.7071,0.0000,0.7500,0.3000,1,
10.4696,152.0200,BASELINE_COLLECTION,SWING,0.2708,-66.600,-162.900,-66.600,0.7518,0.0000,0.8145,0.3000,1,
10.4776,152.0300,BASELINE_COLLECTION,SWING,0.2917,-68.300,-176.400,-68.300,0.7934,0.0000,0.8820,0.3000,1,
10.4896,152.0400,BASELINE_COLLECTION,SWING,0.3125,-70.200,-191.700,-70.200,0.8315,0.0000,0.9585,0.3000,1,
10.4976,152.0500,BASELINE_COLLECTION,SWING,0.3333,-72.200,-206.900,-72.200,0.8660,0.0000,1.0345,0.3000,1,
10.5096,152.0600,BASELINE_COLLECTION,SWING,0.3542,-74.400,-221.300,-74.400,0.8969,0.0000,1.1065,0.3000,1,
10.5176,152.0700,BASELINE_COLLECTION,SWING,0.3750,-76.700,-236.300,-76.700,0.9239,0.0000,1.1815,0.3000,1,
10.5297,152.0800,BASELINE_COLLECTION,SWING,0.3958,-79.200,-253.700,-79.200,0.9469,0.0000,1.2685,0.3000,1,
10.5377,152.0900,BASELINE_COLLECTION,SWING,0.4167,-81.800,-267.700,-81.800,0.9659,0.0000,1.3385,0.3000,1,
10.5496,152.1000,BASELINE_COLLECTION,SWING,0.4375,-84.600,-283.300,-84.600,0.9808,0.0000,1.4165,0.3000,1,
10.5576,152.1100,BASELINE_COLLECTION,SWING,0.4583,-87.600,-305.100,-87.600,0.9914,0.0000,1.5255,0.3000,1,
10.5696,152.1200,BASELINE_COLLECTION,SWING,0.4792,-90.800,-322.200,-90.800,0.9979,0.0000,1.6110,0.3000,1,
10.5776,152.1300,BASELINE_COLLECTION,SWING,0.5000,-94.100,-331.200,-94.100,1.0000,0.0000,1.6560,0.3000,1,
10.5896,152.1400,BASELINE_COLLECTION,SWING,0.5208,-97.500,-341.400,-97.500,0.9979,0.0000,1.7070,0.3000,1,
10.5976,152.1500,BASELINE_COLLECTION,SWING,0.5417,-100.800,-341.000,-100.800,0.9914,0.0000,1.7050,0.3000,1,
10.6096,152.1600,BASELINE_COLLECTION,SWING,0.5625,-104.300,-339.000,-104.300,0.9808,0.0000,1.6950,0.3000,1,
10.6176,152.1700,BASELINE_COLLECTION,SWING,0.5833,-107.700,-341.600,-107.700,0.9659,0.0000,1.7080,0.3000,1,
10.6297,152.1800,BASELINE_COLLECTION,SWING,0.6042,-111.100,-339.300,-111.100,0.9469,0.0000,1.6965,0.3000,1,
10.6377,152.1900,BASELINE_COLLECTION,SWING,0.6250,-114.500,-337.100,-114.500,0.9239,0.0000,1.6855,0.3000,1,
10.6497,152.2000,BASELINE_COLLECTION,SWING,0.6458,-117.800,-331.900,-117.800,0.8969,0.0000,1.6595,0.3000,1,
10.6577,152.2100,BASELINE_COLLECTION,SWING,0.6667,-121.000,-319.600,-121.000,0.8660,0.0000,1.5980,0.3000,1,
10.6697,152.2200,BASELINE_COLLECTION,SWING,0.6875,-124.100,-300.600,-124.100,0.8315,0.0000,1.5030,0.3000,1,
10.6777,152.2300,BASELINE_COLLECTION,SWING,0.7083,-126.900,-263.600,-126.900,0.7934,0.0000,1.3180,0.3000,1,
10.6895,152.2400,BASELINE_COLLECTION,SWING,0.7292,-129.200,-212.400,-129.200,0.7518,0.0000,1.0620,0.3000,1,
10.6976,152.2500,BASELINE_COLLECTION,SWING,0.7500,-130.900,-155.600,-130.900,0.7071,0.0000,0.7780,0.3000,1,
10.7096,152.2600,BASELINE_COLLECTION,SWING,0.7708,-132.100,-97.500,-132.100,0.6593,0.0000,0.4875,0.3000,1,
10.7176,152.2700,BASELINE_COLLECTION,SWING,0.7917,-132.600,-34.500,-132.600,0.6088,0.0000,0.1725,0.2443,0,
10.7296,152.2800,BASELINE_COLLECTION,SWING,0.8125,-132.500,24.500,-132.500,0.5556,0.0000,-0.1225,0.0000,0,
10.7375,152.2900,BASELINE_COLLECTION,SWING,0.8333,-132.000,66.900,-132.000,0.5000,0.0000,-0.3345,0.0000,0,
10.7497,152.3000,BASELINE_COLLECTION,SWING,0.8542,-131.100,103.900,-131.100,0.4423,0.0000,-0.5195,0.0000,0,
10.7577,152.3100,BASELINE_COLLECTION,SWING,0.8750,-129.800,132.900,-129.800,0.3827,0.0000,-0.6645,0.0000,0,
10.7697,152.3200,BASELINE_COLLECTION,SWING,0.8958,-128.300,156.700,-128.300,0.3214,0.0000,-0.7835,0.0000,0,
10.7777,152.3300,BASELINE_COLLECTION,SWING,0.9167,-126.600,181.800,-126.600,0.2588,0.0000,-0.9090,0.0000,0,
10.7897,152.3400,BASELINE_COLLECTION,SWING,0.9375,-124.600,207.400,-124.600,0.1951,0.0000,-1.0370,0.0000,0,
10.7977,152.3500,BASELINE_COLLECTION,SWING,0.9583,-122.300,229.200,-122.300,0.1305,0.0000,-1.1460,0.0000,0,
10.8097,152.3600,BASELINE_COLLECTION,SWING,0.9792,-119.900,249.500,-119.900,0.0654,0.0000,-1.2475,0.0000,0,
10.8177,152.3700,BASELINE_COLLECTION,STANCE,0.0000,-117.300,270.200,-117.300,0.0000,0.0000,-1.3510,0.0000,0,
10.8297,152.3800,BASELINE_COLLECTION,STANCE,0.0139,-114.400,292.000,-114.400,0.0000,0.0000,-1.4600,0.0000,0,
10.8375,152.3900,BASELINE_COLLECTION,STANCE,0.0278,-111.400,313.100,-111.400,0.0000,0.0000,-1.5655,0.0000,0,
10.8497,152.4000,BASELINE_COLLECTION,STANCE,0.0417,-108.000,338.100,-108.000,0.0000,0.0000,-1.6905,0.0000,0,
10.8577,152.4100,BASELINE_COLLECTION,STANCE,0.0556,-104.500,358.800,-104.500,0.0000,0.0000,-1.7940,0.0000,0,
10.8697,152.4200,BASELINE_COLLECTION,STANCE,0.0694,-100.800,377.300,-100.800,0.0000,0.0000,-1.8865,0.0000,0,
10.8777,152.4300,BASELINE_COLLECTION,STANCE,0.0833,-96.900,401.200,-96.900,0.0000,0.0000,-2.0060,0.0000,0,
10.8897,152.4400,BASELINE_COLLECTION,STANCE,0.0972,-92.700,417.200,-92.700,0.0000,0.0000,-2.0860,0.0000,0,
10.8977,152.4500,BASELINE_COLLECTION,STANCE,0.1111,-88.400,442.700,-88.400,0.0000,0.0000,-2.2135,0.0000,0,
10.9096,152.4600,BASELINE_COLLECTION,STANCE,0.1250,-83.900,457.100,-83.900,0.0000,0.0000,-2.2855,0.0000,0,
10.9176,152.4700,BASELINE_COLLECTION,STANCE,0.1389,-79.200,469.100,-79.200,0.0000,0.0000,-2.3455,0.0000,0,
10.9297,152.4800,BASELINE_COLLECTION,STANCE,0.1528,-74.400,483.700,-74.400,0.0000,0.0000,-2.4185,0.0000,0,
10.9376,152.4900,BASELINE_COLLECTION,STANCE,0.1667,-69.400,501.400,-69.400,0.0000,0.0000,-2.5070,0.0000,0,
10.9494,152.5000,BASELINE_COLLECTION,STANCE,0.1806,-64.400,506.200,-64.400,0.0000,0.0000,-2.5310,0.0000,0,
10.9576,152.5100,BASELINE_COLLECTION,STANCE,0.1944,-59.300,514.800,-59.300,0.0000,0.0000,-2.5740,0.0000,0,
10.9697,152.5200,BASELINE_COLLECTION,STANCE,0.2083,-54.200,508.300,-54.200,0.0000,0.0000,-2.5415,0.0000,0,
10.9777,152.5300,BASELINE_COLLECTION,STANCE,0.2222,-49.100,505.100,-49.100,0.0000,0.0000,-2.5255,0.0000,0,
10.9897,152.5400,BASELINE_COLLECTION,STANCE,0.2361,-44.200,483.700,-44.200,0.0000,0.0000,-2.4185,0.0000,0,
10.9976,152.5500,BASELINE_COLLECTION,STANCE,0.2500,-39.500,459.400,-39.500,0.0000,0.0000,-2.2970,0.0000,0,
11.0096,152.5600,BASELINE_COLLECTION,STANCE,0.2639,-35.100,432.300,-35.100,0.0000,0.0000,-2.1615,0.0000,0,
11.0176,152.5700,BASELINE_COLLECTION,STANCE,0.2778,-31.000,400.600,-31.000,0.0000,0.0000,-2.0030,0.0000,0,
11.0297,152.5800,BASELINE_COLLECTION,STANCE,0.2917,-27.200,369.500,-27.200,0.0000,0.0000,-1.8475,0.0000,0,
11.0375,152.5900,BASELINE_COLLECTION,STANCE,0.3056,-23.700,348.600,-23.700,0.0000,0.0000,-1.7430,0.0000,0,
11.0496,152.6000,BASELINE_COLLECTION,STANCE,0.3194,-20.300,323.300,-20.300,0.0000,0.0000,-1.6165,0.0000,0,
11.0576,152.6100,BASELINE_COLLECTION,STANCE,0.3333,-17.200,305.600,-17.200,0.0000,0.0000,-1.5280,0.0000,0,
11.0696,152.6200,BASELINE_COLLECTION,STANCE,0.3472,-14.300,292.700,-14.300,0.0000,0.0000,-1.4635,0.0000,0,
11.0778,152.6300,BASELINE_COLLECTION,STANCE,0.3611,-11.500,276.700,-11.500,0.0000,0.0000,-1.3835,0.0000,0,
11.0898,152.6400,BASELINE_COLLECTION,STANCE,0.3750,-8.800,262.300,-8.800,0.0000,0.0000,-1.3115,0.0000,0,
11.0977,152.6500,BASELINE_COLLECTION,STANCE,0.3889,-6.300,235.900,-6.300,0.0000,0.0000,-1.1795,0.0000,0,
11.1097,152.6600,BASELINE_COLLECTION,STANCE,0.4028,-4.300,180.200,-4.300,0.0000,0.0000,-0.9010,0.0000,0,
11.1177,152.6700,BASELINE_COLLECTION,STANCE,0.4167,-2.900,135.500,-2.900,0.0000,0.0000,-0.6775,0.0000,0,
11.1297,152.6800,BASELINE_COLLECTION,STANCE,0.4306,-1.800,89.100,-1.800,0.0000,0.0000,-0.4455,0.0000,0,
11.1376,152.6900,BASELINE_COLLECTION,STANCE,0.4444,-1.300,41.300,-1.300,0.0000,0.0000,-0.2065,0.0000,0,
11.1497,152.7000,BASELINE_COLLECTION,STANCE,0.4583,-1.100,1.800,-1.100,0.0000,0.0000,-0.0090,0.0000,0,
11.1577,152.7100,BASELINE_COLLECTION,STANCE,0.4722,-1.200,-7.200,-1.200,0.0000,0.0000,0.0360,0.0874,0,
11.1697,152.7200,BASELINE_COLLECTION,STANCE,0.4861,-1.300,-3.300,-1.300,0.0000,0.0000,0.0165,0.0649,0,
11.1777,152.7300,BASELINE_COLLECTION,STANCE,0.5000,-1.300,-5.100,-1.300,0.0000,0.0000,0.0255,0.0753,0,
11.1897,152.7400,BASELINE_COLLECTION,STANCE,0.5139,-1.400,-9.100,-1.400,0.0000,0.0000,0.0455,0.0983,0,
11.1977,152.7500,BASELINE_COLLECTION,STANCE,0.5278,-1.500,-18.700,-1.500,0.0000,0.0000,0.0935,0.1534,0,
11.2098,152.7600,BASELINE_COLLECTION,STANCE,0.5417,-1.800,-33.200,-1.800,0.0000,0.0000,0.1660,0.2368,0,
11.2177,152.7700,BASELINE_COLLECTION,STANCE,0.5556,-2.300,-54.200,-2.300,0.0000,0.0000,0.2710,0.3000,1,
11.2297,152.7800,BASELINE_COLLECTION,STANCE,0.5694,-3.000,-82.000,-3.000,0.0000,0.0000,0.4100,0.3000,1,
11.2376,152.7900,BASELINE_COLLECTION,STANCE,0.5833,-4.100,-117.100,-4.100,0.0000,0.0000,0.5855,0.3000,1,
11.2497,152.8000,BASELINE_COLLECTION,STANCE,0.5972,-5.500,-157.700,-5.500,0.0000,0.0000,0.7885,0.3000,1,
11.2577,152.8100,BASELINE_COLLECTION,STANCE,0.6111,-7.400,-191.500,-7.400,0.0000,0.0000,0.9575,0.3000,1,
11.2697,152.8200,BASELINE_COLLECTION,STANCE,0.6250,-9.400,-206.200,-9.400,0.0000,0.0000,1.0310,0.3000,1,
11.2777,152.8300,BASELINE_COLLECTION,STANCE,0.6389,-11.500,-221.600,-11.500,0.0000,0.0000,1.1080,0.3000,1,
11.2898,152.8400,BASELINE_COLLECTION,STANCE,0.6528,-13.900,-245.800,-13.900,0.0000,0.0000,1.2290,0.3000,1,
11.2977,152.8500,BASELINE_COLLECTION,STANCE,0.6667,-16.500,-267.000,-16.500,0.0000,0.0000,1.3350,0.3000,1,
11.3097,152.8600,BASELINE_COLLECTION,STANCE,0.6806,-19.200,-267.800,-19.200,0.0000,0.0000,1.3390,0.3000,1,
11.3177,152.8700,BASELINE_COLLECTION,STANCE,0.6944,-21.800,-249.600,-21.800,0.0000,0.0000,1.2480,0.3000,1,
11.3297,152.8800,BASELINE_COLLECTION,STANCE,0.7083,-24.100,-218.800,-24.100,0.0000,0.0000,1.0940,0.3000,1,
11.3377,152.8900,BASELINE_COLLECTION,STANCE,0.7222,-26.000,-174.300,-26.000,0.0000,0.0000,0.8715,0.3000,1,
11.3497,152.9000,BASELINE_COLLECTION,STANCE,0.7361,-27.400,-123.000,-27.400,0.0000,0.0000,0.6150,0.3000,1,
11.3617,152.9100,BASELINE_COLLECTION,STANCE,0.7500,-28.200,-71.300,-28.200,0.0000,0.0000,0.3565,0.3000,1,
11.3697,152.9200,BASELINE_COLLECTION,STANCE,0.7639,-28.600,-25.900,-28.600,0.0000,0.0000,0.1295,0.1948,0,
11.3817,152.9300,BASELINE_COLLECTION,STANCE,0.7778,-28.700,0.200,-28.700,0.0000,0.0000,-0.0010,0.0000,0,
11.3897,152.9400,BASELINE_COLLECTION,STANCE,0.7917,-28.700,-0.400,-28.700,0.0000,0.0000,0.0020,0.0483,0,
11.4017,152.9500,BASELINE_COLLECTION,STANCE,0.8056,-28.700,-11.600,-28.700,0.0000,0.0000,0.0580,0.1126,0,
11.4097,152.9600,BASELINE_COLLECTION,STANCE,0.8194,-29.000,-36.000,-29.000,0.0000,0.0000,0.1800,0.2529,0,
11.4217,152.9700,BASELINE_COLLECTION,STANCE,0.8333,-29.600,-72.700,-29.600,0.0000,0.0000,0.3635,0.3000,1,
11.4298,152.9800,BASELINE_COLLECTION,STANCE,0.8472,-30.600,-102.200,-30.600,0.0000,0.0000,0.5110,0.3000,1,
11.4417,152.9900,BASELINE_COLLECTION,STANCE,0.8611,-31.700,-122.900,-31.700,0.0000,0.0000,0.6145,0.3000,1,
11.4497,153.0000,BASELINE_COLLECTION,STANCE,0.8750,-32.300,-126.600,-32.300,0.0000,0.0000,0.6330,0.3000,1,
11.4617,153.0100,BASELINE_COLLECTION,STANCE,0.8889,-34.200,-122.800,-34.200,0.0000,0.0000,0.6140,0.3000,1,
11.4697,153.0200,BASELINE_COLLECTION,STANCE,0.9028,-35.400,-110.400,-35.400,0.0000,0.0000,0.5520,0.3000,1,
11.4817,153.0300,BASELINE_COLLECTION,STANCE,0.9167,-36.500,-90.300,-36.500,0.0000,0.0000,0.4515,0.3000,1,
11.4896,153.0400,BASELINE_COLLECTION,STANCE,0.9306,-37.200,-68.100,-37.200,0.0000,0.0000,0.3405,0.3000,1,
11.5017,153.0500,BASELINE_COLLECTION,STANCE,0.9444,-37.700,-41.100,-37.700,0.0000,0.0000,0.2055,0.2822,0,
11.5096,153.0600,BASELINE_COLLECTION,STANCE,0.9583,-37.900,-10.000,-37.900,0.0000,0.0000,0.0500,0.1034,0,
11.5217,153.0700,BASELINE_COLLECTION,STANCE,0.9722,-37.900,7.200,-37.900,0.0000,0.0000,-0.0360,0.0000,0,
11.5297,153.0800,BASELINE_COLLECTION,STANCE,0.9861,-37.800,1.300,-37.800,0.0000,0.0000,-0.0065,0.0000,0,
11.5417,153.0900,BASELINE_COLLECTION,SWING,0.0000,-37.900,-2.100,-37.900,0.0000,0.0000,0.0105,0.0580,0,
11.5497,153.1000,BASELINE_COLLECTION,SWING,0.0208,-37.900,-1.900,-37.900,0.0654,0.0000,0.0095,0.0569,0,
11.5617,153.1100,BASELINE_COLLECTION,SWING,0.0417,-37.900,-5.000,-37.900,0.1305,0.0000,0.0250,0.0747,0,
11.5696,153.1200,BASELINE_COLLECTION,SWING,0.0625,-38.000,-7.900,-38.000,0.1951,0.0000,0.0395,0.0914,0,
11.5817,153.1300,BASELINE_COLLECTION,SWING,0.0833,-38.100,-13.900,-38.100,0.2588,0.0000,0.0695,0.1259,0,
11.5897,153.1400,BASELINE_COLLECTION,SWING,0.1042,-38.300,-23.300,-38.300,0.3214,0.0000,0.1165,0.1799,0,
11.6018,153.1500,BASELINE_COLLECTION,SWING,0.1250,-38.600,-34.200,-38.600,0.3827,0.0000,0.1710,0.2425,0,
11.6097,153.1600,BASELINE_COLLECTION,SWING,0.1458,-39.100,-47.600,-39.100,0.4423,0.0000,0.2380,0.3000,1,
11.6217,153.1700,BASELINE_COLLECTION,SWING,0.1667,-39.600,-56.500,-39.600,0.5000,0.0000,0.2825,0.3000,1,
11.6297,153.1800,BASELINE_COLLECTION,SWING,0.1875,-40.200,-66.700,-40.200,0.5556,0.0000,0.3335,0.3000,1,
11.6456,153.1900,BASELINE_COLLECTION,SWING,0.2083,-40.900,-70.900,-40.900,0.6088,0.0000,0.3545,0.3000,1,
11.6537,153.2100,BASELINE_COLLECTION,SWING,0.2500,-42.400,-78.300,-42.400,0.7071,0.0000,0.3915,0.3000,1,
11.6657,153.2200,BASELINE_COLLECTION,SWING,0.2708,-43.300,-82.300,-43.300,0.7518,0.0000,0.4115,0.3000,1,
11.6736,153.2300,BASELINE_COLLECTION,SWING,0.2917,-44.100,-81.500,-44.100,0.7934,0.0000,0.4075,0.3000,1,
11.6856,153.2400,BASELINE_COLLECTION,SWING,0.3125,-44.900,-80.600,-44.900,0.8315,0.0000,0.4030,0.3000,1,
11.6938,153.2500,BASELINE_COLLECTION,SWING,0.3333,-45.700,-77.500,-45.700,0.8660,0.0000,0.3875,0.3000,1,
11.7057,153.2600,BASELINE_COLLECTION,SWING,0.3542,-46.400,-69.800,-46.400,0.8969,0.0000,0.3490,0.3000,1,
11.7136,153.2700,BASELINE_COLLECTION,SWING,0.3750,-47.000,-62.100,-47.000,0.9239,0.0000,0.3105,0.3000,1,
11.7256,153.2800,BASELINE_COLLECTION,SWING,0.3958,-47.600,-51.400,-47.600,0.9469,0.0000,0.2570,0.3000,1,
11.7337,153.2900,BASELINE_COLLECTION,SWING,0.4167,-48.000,-43.200,-48.000,0.9659,0.0000,0.2160,0.2943,0,
11.7457,153.3000,BASELINE_COLLECTION,SWING,0.4375,-48.400,-30.300,-48.400,0.9808,0.0000,0.1515,0.2201,0,
11.7537,153.3100,BASELINE_COLLECTION,SWING,0.4583,-48.600,-17.200,-48.600,0.9914,0.0000,0.0860,0.1448,0,
11.7656,153.3200,BASELINE_COLLECTION,SWING,0.4792,-48.700,-4.700,-48.700,0.9979,0.0000,0.0235,0.0730,0,
11.7737,153.3300,BASELINE_COLLECTION,SWING,0.5000,-48.700,-0.300,-48.700,1.0000,0.0000,0.0015,0.0477,0,
11.7856,153.3400,BASELINE_COLLECTION,SWING,0.5208,-48.700,-1.300,-48.700,0.9979,0.0000,0.0065,0.0534,0,
11.7936,153.3500,BASELINE_COLLECTION,SWING,0.5417,-48.700,-6.900,-48.700,0.9914,0.0000,0.0345,0.0856,0,
11.8056,153.3600,BASELINE_COLLECTION,SWING,0.5625,-48.900,-14.500,-48.900,0.9808,0.0000,0.0725,0.1293,0,
11.8137,153.3700,BASELINE_COLLECTION,SWING,0.5833,-49.000,-18.600,-49.000,0.9659,0.0000,0.0930,0.1529,0,
11.8256,153.3800,BASELINE_COLLECTION,SWING,0.6042,-49.200,-17.700,-49.200,0.9469,0.0000,0.0885,0.1477,0,
11.8337,153.3900,BASELINE_COLLECTION,SWING,0.6250,-49.400,-21.500,-49.400,0.9239,0.0000,0.1075,0.1695,0,
11.8457,153.4000,BASELINE_COLLECTION,SWING,0.6458,-49.700,-22.000,-49.700,0.8969,0.0000,0.1100,0.1724,0,
11.8537,153.4100,BASELINE_COLLECTION,SWING,0.6667,-49.900,-22.500,-49.900,0.8660,0.0000,0.1125,0.1753,0,
11.8656,153.4200,BASELINE_COLLECTION,SWING,0.6875,-50.100,-23.400,-50.100,0.8315,0.0000,0.1170,0.1805,0,
11.8737,153.4300,BASELINE_COLLECTION,SWING,0.7083,-50.400,-27.500,-50.400,0.7934,0.0000,0.1375,0.2040,0,
11.8856,153.4400,BASELINE_COLLECTION,SWING,0.7292,-50.700,-31.500,-50.700,0.7518,0.0000,0.1575,0.2270,0,
11.8937,153.4500,BASELINE_COLLECTION,SWING,0.7500,-51.000,-35.600,-51.000,0.7071,0.0000,0.1780,0.2506,0,
11.9057,153.4600,BASELINE_COLLECTION,SWING,0.7708,-51.400,-42.700,-51.400,0.6593,0.0000,0.2135,0.2914,0,
11.9137,153.4700,BASELINE_COLLECTION,SWING,0.7917,-51.900,-48.000,-51.900,0.6088,0.0000,0.2400,0.3000,1,
11.9256,153.4800,BASELINE_COLLECTION,SWING,0.8125,-52.400,-53.900,-52.400,0.5556,0.0000,0.2695,0.3000,1,
11.9337,153.4900,BASELINE_COLLECTION,SWING,0.8333,-53.000,-62.200,-53.000,0.5000,0.0000,0.3110,0.3000,1,
11.9456,153.5000,BASELINE_COLLECTION,SWING,0.8542,-53.700,-71.500,-53.700,0.4423,0.0000,0.3575,0.3000,1,
11.9537,153.5100,BASELINE_COLLECTION,SWING,0.8750,-54.400,-77.200,-54.400,0.3827,0.0000,0.3860,0.3000,1,
11.9656,153.5200,BASELINE_COLLECTION,SWING,0.8958,-55.300,-82.100,-55.300,0.3214,0.0000,0.4105,0.3000,1,
11.9737,153.5300,BASELINE_COLLECTION,SWING,0.9167,-56.100,-87.800,-56.100,0.2588,0.0000,0.4390,0.3000,1,
11.9856,153.5400,BASELINE_COLLECTION,SWING,0.9375,-57.000,-90.900,-57.000,0.1951,0.0000,0.4545,0.3000,1,
11.9937,153.5500,BASELINE_COLLECTION,SWING,0.9583,-57.900,-94.900,-57.900,0.1305,0.0000,0.4745,0.3000,1,
12.0056,153.5600,BASELINE_COLLECTION,SWING,0.9792,-58.900,-102.500,-58.900,0.0654,0.0000,0.5125,0.3000,1,
12.0137,153.5700,BASELINE_COLLECTION,STANCE,0.0000,-60.000,-110.700,-60.000,0.0000,0.0000,0.5535,0.3000,1,
12.0256,153.5800,BASELINE_COLLECTION,STANCE,0.0139,-61.200,-120.200,-61.200,0.0000,0.0000,0.6010,0.3000,1,
12.0336,153.5900,BASELINE_COLLECTION,STANCE,0.0278,-62.500,-130.800,-62.500,0.0000,0.0000,0.6540,0.3000,1,
12.0455,153.6000,BASELINE_COLLECTION,STANCE,0.0417,-63.900,-144.200,-63.900,0.0000,0.0000,0.7210,0.3000,1,
12.0536,153.6100,BASELINE_COLLECTION,STANCE,0.0556,-65.400,-157.600,-65.400,0.0000,0.0000,0.7880,0.3000,1,
12.0657,153.6200,BASELINE_COLLECTION,STANCE,0.0694,-67.100,-176.700,-67.100,0.0000,0.0000,0.8835,0.3000,1,
12.0736,153.6300,BASELINE_COLLECTION,STANCE,0.0833,-68.800,-194.400,-68.800,0.0000,0.0000,0.9720,0.3000,1,
12.0856,153.6400,BASELINE_COLLECTION,STANCE,0.0972,-71.100,-214.000,-71.100,0.0000,0.0000,1.0700,0.3000,1,
12.0937,153.6500,BASELINE_COLLECTION,STANCE,0.1111,-73.300,-227.400,-73.300,0.0000,0.0000,1.1370,0.3000,1,
12.1056,153.6600,BASELINE_COLLECTION,STANCE,0.1250,-75.700,-239.000,-75.700,0.0000,0.0000,1.1950,0.3000,1,
12.1137,153.6700,BASELINE_COLLECTION,STANCE,0.1389,-78.200,-251.700,-78.200,0.0000,0.0000,1.2585,0.3000,1,
12.1256,153.6800,BASELINE_COLLECTION,STANCE,0.1528,-80.800,-263.400,-80.800,0.0000,0.0000,1.3170,0.3000,1,
12.1336,153.6900,BASELINE_COLLECTION,STANCE,0.1667,-83.500,-273.000,-83.500,0.0000,0.0000,1.3650,0.3000,1,
12.1457,153.7000,BASELINE_COLLECTION,STANCE,0.1806,-86.300,-281.000,-86.300,0.0000,0.0000,1.4050,0.3000,1,
12.1537,153.7100,BASELINE_COLLECTION,STANCE,0.1944,-89.100,-284.000,-89.100,0.0000,0.0000,1.4200,0.3000,1,
12.1656,153.7200,BASELINE_COLLECTION,STANCE,0.2083,-91.900,-279.700,-91.900,0.0000,0.0000,1.3985,0.3000,1,
12.1737,153.7300,BASELINE_COLLECTION,STANCE,0.2222,-94.700,-276.900,-94.700,0.0000,0.0000,1.3845,0.3000,1,
12.1856,153.7400,BASELINE_COLLECTION,STANCE,0.2361,-97.500,-280.100,-97.500,0.0000,0.0000,1.4005,0.3000,1,
12.1937,153.7500,BASELINE_COLLECTION,STANCE,0.2500,-100.300,-280.300,-100.300,0.0000,0.0000,1.4015,0.3000,1,
12.2056,153.7600,BASELINE_COLLECTION,STANCE,0.2639,-103.100,-279.000,-103.100,0.0000,0.0000,1.3950,0.3000,1,
12.2137,153.7700,BASELINE_COLLECTION,STANCE,0.2778,-105.900,-278.500,-105.900,0.0000,0.0000,1.3925,0.3000,1,
12.2256,153.7800,BASELINE_COLLECTION,STANCE,0.2917,-108.600,-271.000,-108.600,0.0000,0.0000,1.3550,0.3000,1,
12.2337,153.7900,BASELINE_COLLECTION,STANCE,0.3056,-111.200,-251.900,-111.200,0.0000,0.0000,1.2595,0.3000,1,
12.2456,153.8000,BASELINE_COLLECTION,STANCE,0.3194,-113.500,-223.200,-113.500,0.0000,0.0000,1.1160,0.3000,1,
12.2536,153.8100,BASELINE_COLLECTION,STANCE,0.3333,-115.500,-186.800,-115.500,0.0000,0.0000,0.9340,0.3000,1,
12.2656,153.8200,BASELINE_COLLECTION,STANCE,0.3472,-117.100,-144.000,-117.100,0.0000,0.0000,0.7200,0.3000,1,
12.2737,153.8300,BASELINE_COLLECTION,STANCE,0.3611,-118.200,-96.700,-118.200,0.0000,0.0000,0.4835,0.3000,1,
12.2856,153.8400,BASELINE_COLLECTION,STANCE,0.3750,-118.800,-48.400,-118.800,0.0000,0.0000,0.2420,0.3000,1,
12.2937,153.8500,BASELINE_COLLECTION,STANCE,0.3889,-119.000,0.600,-119.000,0.0000,0.0000,-0.0030,0.0000,0,
12.3056,153.8600,BASELINE_COLLECTION,STANCE,0.4028,-118.700,33.500,-118.700,0.0000,0.0000,-0.1675,0.0000,0,
12.3137,153.8700,BASELINE_COLLECTION,STANCE,0.4167,-118.200,53.800,-118.200,0.0000,0.0000,-0.2690,0.0000,0,
12.3256,153.8800,BASELINE_COLLECTION,STANCE,0.4306,-117.600,61.400,-117.600,0.0000,0.0000,-0.3070,0.0000,0,
12.3337,153.8900,BASELINE_COLLECTION,STANCE,0.4444,-117.000,72.300,-117.000,0.0000,0.0000,-0.3615,0.0000,0,
12.3456,153.9000,BASELINE_COLLECTION,STANCE,0.4583,-116.100,88.500,-116.100,0.0000,0.0000,-0.4425,0.0000,0,
12.3537,153.9100,BASELINE_COLLECTION,STANCE,0.4722,-115.100,107.000,-115.100,0.0000,0.0000,-0.5350,0.0000,0,
12.3656,153.9200,BASELINE_COLLECTION,STANCE,0.4861,-113.900,126.100,-113.900,0.0000,0.0000,-0.6305,0.0000,0,
12.3737,153.9300,BASELINE_COLLECTION,STANCE,0.5000,-112.500,147.100,-112.500,0.0000,0.0000,-0.7355,0.0000,0,
12.3856,153.9400,BASELINE_COLLECTION,STANCE,0.5139,-110.900,168.700,-110.900,0.0000,0.0000,-0.8435,0.0000,0,
12.3937,153.9500,BASELINE_COLLECTION,STANCE,0.5278,-109.000,191.700,-109.000,0.0000,0.0000,-0.9585,0.0000,0,
12.4056,153.9600,BASELINE_COLLECTION,STANCE,0.5417,-107.000,215.900,-107.000,0.0000,0.0000,-1.0795,0.0000,0,
12.4137,153.9700,BASELINE_COLLECTION,STANCE,0.5556,-104.900,235.100,-104.900,0.0000,0.0000,-1.1755,0.0000,0,
12.4256,153.9800,BASELINE_COLLECTION,STANCE,0.5694,-102.400,254.800,-102.400,0.0000,0.0000,-1.2740,0.0000,0,
12.4337,153.9900,BASELINE_COLLECTION,STANCE,0.5833,-99.700,278.700,-99.700,0.0000,0.0000,-1.3935,0.0000,0,
12.4456,154.0000,BASELINE_COLLECTION,STANCE,0.5972,-97.900,292.700,-97.900,0.0000,0.0000,-1.4635,0.0000,0,
12.4537,154.0100,BASELINE_COLLECTION,STANCE,0.6111,-93.300,319.300,-93.300,0.0000,0.0000,-1.5965,0.0000,0,
12.4657,154.0200,BASELINE_COLLECTION,STANCE,0.6250,-89.900,342.500,-89.900,0.0000,0.0000,-1.7125,0.0000,0,
12.4737,154.0300,BASELINE_COLLECTION,STANCE,0.6389,-86.400,363.600,-86.400,0.0000,0.0000,-1.8180,0.0000,0,
12.4856,154.0400,BASELINE_COLLECTION,STANCE,0.6528,-82.600,376.500,-82.600,0.0000,0.0000,-1.8825,0.0000,0,
12.4936,154.0500,BASELINE_COLLECTION,STANCE,0.6667,-78.800,393.100,-78.800,0.0000,0.0000,-1.9655,0.0000,0,
12.5057,154.0600,BASELINE_COLLECTION,STANCE,0.6806,-74.700,410.100,-74.700,0.0000,0.0000,-2.0505,0.0000,0,
12.5137,154.0700,BASELINE_COLLECTION,STANCE,0.6944,-70.400,432.300,-70.400,0.0000,0.0000,-2.1615,0.0000,0,
12.5256,154.0800,BASELINE_COLLECTION,STANCE,0.7083,-66.000,445.300,-66.000,0.0000,0.0000,-2.2265,0.0000,0,
12.5337,154.0900,BASELINE_COLLECTION,STANCE,0.7222,-61.500,462.000,-61.500,0.0000,0.0000,-2.3100,0.0000,0,
12.5457,154.1000,BASELINE_COLLECTION,STANCE,0.7361,-56.800,471.200,-56.800,0.0000,0.0000,-2.3560,0.0000,0,
12.5537,154.1100,BASELINE_COLLECTION,STANCE,0.7500,-51.900,488.600,-51.900,0.0000,0.0000,-2.4430,0.0000,0,
12.5656,154.1200,BASELINE_COLLECTION,STANCE,0.7639,-47.000,496.500,-47.000,0.0000,0.0000,-2.4825,0.0000,0,
12.5737,154.1300,BASELINE_COLLECTION,STANCE,0.7778,-42.000,491.900,-42.000,0.0000,0.0000,-2.4595,0.0000,0,
12.5856,154.1400,BASELINE_COLLECTION,STANCE,0.7917,-37.200,478.500,-37.200,0.0000,0.0000,-2.3925,0.0000,0,
12.5936,154.1500,BASELINE_COLLECTION,STANCE,0.8056,-32.600,457.100,-32.600,0.0000,0.0000,-2.2855,0.0000,0,
12.6057,154.1600,BASELINE_COLLECTION,STANCE,0.8194,-28.300,414.800,-28.300,0.0000,0.0000,-2.0740,0.0000,0,
12.6137,154.1700,BASELINE_COLLECTION,STANCE,0.8333,-24.400,373.100,-24.400,0.0000,0.0000,-1.8655,0.0000,0,
12.6256,154.1800,BASELINE_COLLECTION,STANCE,0.8472,-21.000,325.700,-21.000,0.0000,0.0000,-1.6285,0.0000,0,
12.6337,154.1900,BASELINE_COLLECTION,STANCE,0.8611,-18.000,285.300,-18.000,0.0000,0.0000,-1.4265,0.0000,0,
12.6457,154.2000,BASELINE_COLLECTION,STANCE,0.8750,-15.400,254.100,-15.400,0.0000,0.0000,-1.2705,0.0000,0,
12.6537,154.2100,BASELINE_COLLECTION,STANCE,0.8889,-13.100,227.000,-13.100,0.0000,0.0000,-1.1350,0.0000,0,
12.6656,154.2200,BASELINE_COLLECTION,STANCE,0.9028,-11.000,202.700,-11.000,0.0000,0.0000,-1.0135,0.0000,0,
12.6737,154.2300,BASELINE_COLLECTION,STANCE,0.9167,-9.100,179.000,-9.100,0.0000,0.0000,-0.8950,0.0000,0,
12.6856,154.2400,BASELINE_COLLECTION,STANCE,0.9306,-7.500,152.300,-7.500,0.0000,0.0000,-0.7615,0.0000,0,
12.6936,154.2500,BASELINE_COLLECTION,STANCE,0.9444,-6.300,107.700,-6.300,0.0000,0.0000,-0.5385,0.0000,0,
12.7056,154.2600,BASELINE_COLLECTION,STANCE,0.9583,-5.700,48.400,-5.700,0.0000,0.0000,-0.2420,0.0000,0,
12.7137,154.2700,BASELINE_COLLECTION,STANCE,0.9722,-5.600,-3.700,-5.600,0.0000,0.0000,0.0185,0.0672,0,
12.7256,154.2800,BASELINE_COLLECTION,STANCE,0.9861,-5.700,-17.900,-5.700,0.0000,0.0000,0.0895,0.1489,0,
12.7337,154.2900,BASELINE_COLLECTION,STANCE,1.0000,-5.900,-20.600,-5.900,0.0000,0.0000,0.1030,0.1644,0,
12.7456,154.3000,BASELINE_COLLECTION,SWING,0.0208,-6.200,-22.800,-6.200,0.0654,0.0000,0.1140,0.1770,0,
12.7537,154.3100,BASELINE_COLLECTION,SWING,0.0417,-6.400,-24.100,-6.400,0.1305,0.0000,0.1205,0.1845,0,
12.7656,154.3200,BASELINE_COLLECTION,SWING,0.0625,-6.700,-31.300,-6.700,0.1951,0.0000,0.1565,0.2259,0,
12.7737,154.3300,BASELINE_COLLECTION,SWING,0.0833,-7.000,-33.100,-7.000,0.2588,0.0000,0.1655,0.2362,0,
12.7856,154.3400,BASELINE_COLLECTION,SWING,0.1042,-7.300,-34.500,-7.300,0.3214,0.0000,0.1725,0.2443,0,
12.7937,154.3500,BASELINE_COLLECTION,SWING,0.1250,-7.700,-40.700,-7.700,0.3827,0.0000,0.2035,0.2799,0,
12.8057,154.3600,BASELINE_COLLECTION,SWING,0.1458,-8.200,-50.900,-8.200,0.4423,0.0000,0.2545,0.3000,1,
12.8136,154.3700,BASELINE_COLLECTION,SWING,0.1667,-8.800,-66.600,-8.800,0.5000,0.0000,0.3330,0.3000,1,
12.8255,154.3800,BASELINE_COLLECTION,SWING,0.1875,-9.600,-84.400,-9.600,0.5556,0.0000,0.4220,0.3000,1,
12.8336,154.3900,BASELINE_COLLECTION,SWING,0.2083,-10.600,-109.700,-10.600,0.6088,0.0000,0.5485,0.3000,1,
12.8457,154.4000,BASELINE_COLLECTION,SWING,0.2292,-11.900,-142.700,-11.900,0.6593,0.0000,0.7135,0.3000,1,
12.8537,154.4100,BASELINE_COLLECTION,SWING,0.2500,-13.600,-179.000,-13.600,0.7071,0.0000,0.8950,0.3000,1,
12.8657,154.4200,BASELINE_COLLECTION,SWING,0.2708,-15.700,-217.500,-15.700,0.7518,0.0000,1.0875,0.3000,1,
12.8736,154.4300,BASELINE_COLLECTION,SWING,0.2917,-18.100,-244.700,-18.100,0.7934,0.0000,1.2235,0.3000,1,
12.8857,154.4400,BASELINE_COLLECTION,SWING,0.3125,-20.500,-241.200,-20.500,0.8315,0.0000,1.2060,0.3000,1,
12.8937,154.4500,BASELINE_COLLECTION,SWING,0.3333,-22.700,-214.700,-22.700,0.8660,0.0000,1.0735,0.3000,1,
12.9055,154.4600,BASELINE_COLLECTION,SWING,0.3542,-24.700,-179.700,-24.700,0.8969,0.0000,0.8985,0.3000,1,
12.9136,154.4700,BASELINE_COLLECTION,SWING,0.3750,-26.200,-140.400,-26.200,0.9239,0.0000,0.7020,0.3000,1,
12.9255,154.4800,BASELINE_COLLECTION,SWING,0.3958,-27.300,-100.700,-27.300,0.9469,0.0000,0.5035,0.3000,1,
12.9337,154.4900,BASELINE_COLLECTION,SWING,0.4167,-28.000,-60.500,-28.000,0.9659,0.0000,0.3025,0.3000,1,
12.9496,154.5000,BASELINE_COLLECTION,SWING,0.4375,-28.400,-28.000,-28.400,0.9808,0.0000,0.1400,0.2069,0,
12.9575,154.5100,BASELINE_COLLECTION,SWING,0.4583,-28.500,-4.700,-28.500,0.9914,0.0000,0.0235,0.0730,0,
12.9655,154.5200,BASELINE_COLLECTION,SWING,0.4792,-28.500,1.100,-28.500,0.9979,0.0000,-0.0055,0.0000,0,
12.9775,154.5300,BASELINE_COLLECTION,SWING,0.5000,-28.600,-8.300,-28.600,1.0000,0.0000,0.0415,0.0937,0,
12.9857,154.5400,BASELINE_COLLECTION,SWING,0.5208,-28.800,-28.700,-28.800,0.9979,0.0000,0.1435,0.2109,0,
12.9977,154.5500,BASELINE_COLLECTION,SWING,0.5417,-29.300,-60.400,-29.300,0.9914,0.0000,0.3020,0.3000,1,
13.0096,154.5600,BASELINE_COLLECTION,SWING,0.5625,-30.100,-88.100,-30.100,0.9808,0.0000,0.4405,0.3000,1,
13.0176,154.5700,BASELINE_COLLECTION,SWING,0.5833,-31.100,-102.900,-31.100,0.9659,0.0000,0.5145,0.3000,1,
13.0297,154.5800,BASELINE_COLLECTION,SWING,0.6042,-32.100,-108.200,-32.100,0.9469,0.0000,0.5410,0.3000,1,
13.0376,154.5900,BASELINE_COLLECTION,SWING,0.6250,-33.200,-103.500,-33.200,0.9239,0.0000,0.5175,0.3000,1,
13.0497,154.6000,BASELINE_COLLECTION,SWING,0.6458,-34.200,-94.200,-34.200,0.8969,0.0000,0.4710,0.3000,1,
13.0576,154.6100,BASELINE_COLLECTION,SWING,0.6667,-35.000,-81.200,-35.000,0.8660,0.0000,0.4060,0.3000,1,
13.0697,154.6200,BASELINE_COLLECTION,SWING,0.6875,-35.700,-61.900,-35.700,0.8315,0.0000,0.3095,0.3000,1,
13.0777,154.6300,BASELINE_COLLECTION,SWING,0.7083,-36.200,-42.700,-36.200,0.7934,0.0000,0.2135,0.2914,0,
13.0896,154.6400,BASELINE_COLLECTION,SWING,0.7292,-36.500,-22.500,-36.500,0.7518,0.0000,0.1125,0.1753,0,
13.0976,154.6500,BASELINE_COLLECTION,SWING,0.7500,-36.600,-5.200,-36.600,0.7071,0.0000,0.0260,0.0759,0,
13.1096,154.6600,BASELINE_COLLECTION,SWING,0.7708,-36.600,2.100,-36.600,0.6593,0.0000,-0.0105,0.0000,0,
13.1176,154.6700,BASELINE_COLLECTION,SWING,0.7917,-36.600,-1.400,-36.600,0.6088,0.0000,0.0070,0.0540,0,
13.1297,154.6800,BASELINE_COLLECTION,SWING,0.8125,-36.600,0.000,-36.600,0.5556,0.0000,0.0000,0.0000,0,
13.1377,154.6900,BASELINE_COLLECTION,SWING,0.8333,-36.600,-1.600,-36.600,0.5000,0.0000,0.0080,0.0552,0,
13.1497,154.7000,BASELINE_COLLECTION,SWING,0.8542,-36.600,0.900,-36.600,0.4423,0.0000,-0.0045,0.0000,0,
13.1576,154.7100,BASELINE_COLLECTION,SWING,0.8750,-36.600,-1.300,-36.600,0.3827,0.0000,0.0065,0.0534,0,
13.1696,154.7200,BASELINE_COLLECTION,SWING,0.8958,-36.600,0.900,-36.600,0.3214,0.0000,-0.0045,0.0000,0,
13.1776,154.7300,BASELINE_COLLECTION,SWING,0.9167,-36.600,-1.200,-36.600,0.2588,0.0000,0.0060,0.0529,0,
13.1897,154.7400,BASELINE_COLLECTION,SWING,0.9375,-36.600,0.800,-36.600,0.1951,0.0000,-0.0040,0.0000,0,
13.1977,154.7500,BASELINE_COLLECTION,SWING,0.9583,-36.600,-1.400,-36.600,0.1305,0.0000,0.0070,0.0540,0,
13.2097,154.7600,BASELINE_COLLECTION,SWING,0.9792,-36.600,-1.100,-36.600,0.0654,0.0000,0.0055,0.0523,0,
13.2178,154.7700,BASELINE_COLLECTION,STANCE,0.0000,-36.700,-4.200,-36.700,0.0000,0.0000,0.0210,0.0701,0,
13.2296,154.7800,BASELINE_COLLECTION,STANCE,0.0139,-36.700,-9.300,-36.700,0.0000,0.0000,0.0465,0.0994,0,
13.2376,154.7900,BASELINE_COLLECTION,STANCE,0.0278,-36.900,-13.500,-36.900,0.0000,0.0000,0.0675,0.1236,0,
13.2496,154.8000,BASELINE_COLLECTION,STANCE,0.0417,-37.000,-18.900,-37.000,0.0000,0.0000,0.0945,0.1546,0,
13.2577,154.8100,BASELINE_COLLECTION,STANCE,0.0556,-37.300,-30.100,-37.300,0.0000,0.0000,0.1505,0.2190,0,
13.2697,154.8200,BASELINE_COLLECTION,STANCE,0.0694,-37.600,-36.300,-37.600,0.0000,0.0000,0.1815,0.2546,0,
13.2776,154.8300,BASELINE_COLLECTION,STANCE,0.0833,-38.000,-34.800,-38.000,0.0000,0.0000,0.1740,0.2460,0,
13.2897,154.8400,BASELINE_COLLECTION,STANCE,0.0972,-38.300,-32.900,-38.300,0.0000,0.0000,0.1645,0.2351,0,
13.2977,154.8500,BASELINE_COLLECTION,STANCE,0.1111,-38.600,-30.500,-38.600,0.0000,0.0000,0.1525,0.2213,0,
13.3097,154.8600,BASELINE_COLLECTION,STANCE,0.1250,-39.000,-31.300,-39.000,0.0000,0.0000,0.1565,0.2259,0,
13.3176,154.8700,BASELINE_COLLECTION,STANCE,0.1389,-39.300,-31.200,-39.300,0.0000,0.0000,0.1560,0.2253,0,
13.3296,154.8800,BASELINE_COLLECTION,STANCE,0.1528,-39.600,-33.100,-39.600,0.0000,0.0000,0.1655,0.2362,0,
13.3376,154.8900,BASELINE_COLLECTION,STANCE,0.1667,-40.000,-37.200,-40.000,0.0000,0.0000,0.1860,0.2598,0,
13.3496,154.9000,BASELINE_COLLECTION,STANCE,0.1806,-40.400,-39.800,-40.400,0.0000,0.0000,0.1990,0.2747,0,
13.3576,154.9100,BASELINE_COLLECTION,STANCE,0.1944,-40.700,-35.400,-40.700,0.0000,0.0000,0.1770,0.2494,0,
13.3696,154.9200,BASELINE_COLLECTION,STANCE,0.2083,-41.000,-30.300,-41.000,0.0000,0.0000,0.1515,0.2201,0,
13.3776,154.9300,BASELINE_COLLECTION,STANCE,0.2222,-41.300,-27.300,-41.300,0.0000,0.0000,0.1365,0.2029,0,
13.3896,154.9400,BASELINE_COLLECTION,STANCE,0.2361,-41.600,-24.100,-41.600,0.0000,0.0000,0.1205,0.1845,0,
13.3976,154.9500,BASELINE_COLLECTION,STANCE,0.2500,-41.800,-23.900,-41.800,0.0000,0.0000,0.1195,0.1833,0,
13.4096,154.9600,BASELINE_COLLECTION,STANCE,0.2639,-42.100,-23.900,-42.100,0.0000,0.0000,0.1195,0.1833,0,
13.4176,154.9700,BASELINE_COLLECTION,STANCE,0.2778,-42.300,-24.700,-42.300,0.0000,0.0000,0.1235,0.1879,0,
13.4297,154.9800,BASELINE_COLLECTION,STANCE,0.2917,-42.600,-26.800,-42.600,0.0000,0.0000,0.1340,0.2000,0,
13.4376,154.9900,BASELINE_COLLECTION,STANCE,0.3056,-42.800,-25.700,-42.800,0.0000,0.0000,0.1285,0.1937,0,
13.4496,155.0000,BASELINE_COLLECTION,STANCE,0.3194,-43.000,-22.600,-43.000,0.0000,0.0000,0.1130,0.1759,0,
13.4577,155.0100,BASELINE_COLLECTION,STANCE,0.3333,-43.200,-13.900,-43.200,0.0000,0.0000,0.0695,0.1259,0,
13.4695,155.0200,BASELINE_COLLECTION,STANCE,0.3472,-43.300,-12.100,-43.300,0.0000,0.0000,0.0605,0.1155,0,
13.4776,155.0300,BASELINE_COLLECTION,STANCE,0.3611,-43.400,-8.400,-43.400,0.0000,0.0000,0.0420,0.0943,0,
13.4895,155.0400,BASELINE_COLLECTION,STANCE,0.3750,-43.500,-7.600,-43.500,0.0000,0.0000,0.0380,0.0897,0,
13.4976,155.0500,BASELINE_COLLECTION,STANCE,0.3889,-43.600,-13.800,-43.600,0.0000,0.0000,0.0690,0.1253,0,
13.5096,155.0600,BASELINE_COLLECTION,STANCE,0.4028,-43.800,-18.200,-43.800,0.0000,0.0000,0.0910,0.1506,0,
13.5176,155.0700,BASELINE_COLLECTION,STANCE,0.4167,-44.000,-21.100,-44.000,0.0000,0.0000,0.1055,0.1672,0,
13.5297,155.0800,BASELINE_COLLECTION,STANCE,0.4306,-44.200,-24.600,-44.200,0.0000,0.0000,0.1230,0.1874,0,
13.5376,155.0900,BASELINE_COLLECTION,STANCE,0.4444,-44.500,-23.900,-44.500,0.0000,0.0000,0.1195,0.1833,0,
13.5497,155.1000,BASELINE_COLLECTION,STANCE,0.4583,-44.700,-20.900,-44.700,0.0000,0.0000,0.1045,0.1661,0,
13.5577,155.1100,BASELINE_COLLECTION,STANCE,0.4722,-44.900,-20.100,-44.900,0.0000,0.0000,0.1005,0.1615,0,
13.5697,155.1200,BASELINE_COLLECTION,STANCE,0.4861,-45.100,-17.600,-45.100,0.0000,0.0000,0.0880,0.1471,0,
13.5776,155.1300,BASELINE_COLLECTION,STANCE,0.5000,-45.200,-12.800,-45.200,0.0000,0.0000,0.0640,0.1195,0,
13.5895,155.1400,BASELINE_COLLECTION,STANCE,0.5139,-45.300,-10.300,-45.300,0.0000,0.0000,0.0515,0.1052,0,
13.5976,155.1500,BASELINE_COLLECTION,STANCE,0.5278,-45.400,-4.400,-45.400,0.0000,0.0000,0.0220,0.0713,0,
13.6096,155.1600,BASELINE_COLLECTION,STANCE,0.5417,-45.400,-0.700,-45.400,0.0000,0.0000,0.0035,0.0500,0,
13.6176,155.1700,BASELINE_COLLECTION,STANCE,0.5556,-45.400,0.000,-45.400,0.0000,0.0000,0.0000,0.0000,0,
13.6297,155.1800,BASELINE_COLLECTION,STANCE,0.5694,-45.400,-0.600,-45.400,0.0000,0.0000,0.0030,0.0494,0,
13.6376,155.1900,BASELINE_COLLECTION,STANCE,0.5833,-45.400,-2.300,-45.400,0.0000,0.0000,0.0115,0.0592,0,
13.6496,155.2000,BASELINE_COLLECTION,STANCE,0.5972,-45.500,-4.700,-45.500,0.0000,0.0000,0.0235,0.0730,0,
13.6576,155.2100,BASELINE_COLLECTION,STANCE,0.6111,-45.500,-5.600,-45.500,0.0000,0.0000,0.0280,0.0782,0,
13.6696,155.2200,BASELINE_COLLECTION,STANCE,0.6250,-45.500,-1.500,-45.500,0.0000,0.0000,0.0075,0.0546,0,
13.6776,155.2300,BASELINE_COLLECTION,STANCE,0.6389,-45.500,0.100,-45.500,0.0000,0.0000,-0.0005,0.0000,0,
13.6897,155.2400,BASELINE_COLLECTION,STANCE,0.6528,-45.500,0.100,-45.500,0.0000,0.0000,-0.0005,0.0000,0,
13.6976,155.2500,BASELINE_COLLECTION,STANCE,0.6667,-45.500,-0.500,-45.500,0.0000,0.0000,0.0025,0.0489,0,
13.7096,155.2600,BASELINE_COLLECTION,STANCE,0.6806,-45.600,-0.900,-45.600,0.0000,0.0000,0.0045,0.0511,0,
13.7176,155.2700,BASELINE_COLLECTION,STANCE,0.6944,-45.600,-1.800,-45.600,0.0000,0.0000,0.0090,0.0563,0,
13.7297,155.2800,BASELINE_COLLECTION,STANCE,0.7083,-45.600,0.000,-45.600,0.0000,0.0000,0.0000,0.0000,0,
13.7376,155.2900,BASELINE_COLLECTION,STANCE,0.7222,-45.600,-0.100,-45.600,0.0000,0.0000,0.0005,0.0466,0,
13.7497,155.3000,BASELINE_COLLECTION,STANCE,0.7361,-45.600,0.200,-45.600,0.0000,0.0000,-0.0010,0.0000,0,
13.7577,155.3100,BASELINE_COLLECTION,STANCE,0.7500,-45.600,-1.800,-45.600,0.0000,0.0000,0.0090,0.0563,0,
13.7697,155.3200,BASELINE_COLLECTION,STANCE,0.7639,-45.600,-2.100,-45.600,0.0000,0.0000,0.0105,0.0580,0,
13.7777,155.3300,BASELINE_COLLECTION,STANCE,0.7778,-45.600,-4.500,-45.600,0.0000,0.0000,0.0225,0.0718,0,
13.7895,155.3400,BASELINE_COLLECTION,STANCE,0.7917,-45.700,-10.300,-45.700,0.0000,0.0000,0.0515,0.1052,0,
13.7976,155.3500,BASELINE_COLLECTION,STANCE,0.8056,-45.800,-12.100,-45.800,0.0000,0.0000,0.0605,0.1155,0,
13.8096,155.3600,BASELINE_COLLECTION,STANCE,0.8194,-46.000,-12.100,-46.000,0.0000,0.0000,0.0605,0.1155,0,
13.8176,155.3700,BASELINE_COLLECTION,STANCE,0.8333,-46.100,-8.300,-46.100,0.0000,0.0000,0.0415,0.0937,0,
13.8297,155.3800,BASELINE_COLLECTION,STANCE,0.8472,-46.100,-8.500,-46.100,0.0000,0.0000,0.0425,0.0948,0,
13.8376,155.3900,BASELINE_COLLECTION,STANCE,0.8611,-46.300,-16.100,-46.300,0.0000,0.0000,0.0805,0.1385,0,
13.8498,155.4000,BASELINE_COLLECTION,STANCE,0.8750,-46.500,-27.500,-46.500,0.0000,0.0000,0.1375,0.2040,0,
13.8577,155.4100,BASELINE_COLLECTION,STANCE,0.8889,-46.900,-41.700,-46.900,0.0000,0.0000,0.2085,0.2856,0,
13.8697,155.4200,BASELINE_COLLECTION,STANCE,0.9028,-47.400,-56.000,-47.400,0.0000,0.0000,0.2800,0.3000,1,
13.8778,155.4300,BASELINE_COLLECTION,STANCE,0.9167,-48.100,-69.500,-48.100,0.0000,0.0000,0.3475,0.3000,1,
13.8897,155.4400,BASELINE_COLLECTION,STANCE,0.9306,-48.800,-76.100,-48.800,0.0000,0.0000,0.3805,0.3000,1,
13.8977,155.4500,BASELINE_COLLECTION,STANCE,0.9444,-49.600,-79.200,-49.600,0.0000,0.0000,0.3960,0.3000,1,
13.9097,155.4600,BASELINE_COLLECTION,STANCE,0.9583,-50.400,-77.900,-50.400,0.0000,0.0000,0.3895,0.3000,1,
13.9177,155.4700,BASELINE_COLLECTION,STANCE,0.9722,-51.100,-74.100,-51.100,0.0000,0.0000,0.3705,0.3000,1,
13.9296,155.4800,BASELINE_COLLECTION,STANCE,0.9861,-51.900,-70.300,-51.900,0.0000,0.0000,0.3515,0.3000,1,
13.9377,155.4900,BASELINE_COLLECTION,SWING,0.0000,-52.500,-64.400,-52.500,0.0000,0.0000,0.3220,0.3000,1,
13.9497,155.5000,BASELINE_COLLECTION,SWING,0.0208,-53.100,-58.200,-53.100,0.0654,0.0000,0.2910,0.3000,1,
13.9577,155.5100,BASELINE_COLLECTION,SWING,0.0417,-53.600,-47.700,-53.600,0.1305,0.0000,0.2385,0.3000,1,
13.9698,155.5200,BASELINE_COLLECTION,SWING,0.0625,-54.000,-36.000,-54.000,0.1951,0.0000,0.1800,0.2529,0,
13.9777,155.5300,BASELINE_COLLECTION,SWING,0.0833,-54.300,-29.300,-54.300,0.2588,0.0000,0.1465,0.2144,0,
13.9896,155.5400,BASELINE_COLLECTION,SWING,0.1042,-54.600,-22.700,-54.600,0.3214,0.0000,0.1135,0.1764,0,
13.9976,155.5500,BASELINE_COLLECTION,SWING,0.1250,-54.800,-15.900,-54.800,0.3827,0.0000,0.0795,0.1374,0,
14.0097,155.5600,BASELINE_COLLECTION,SWING,0.1458,-54.900,-10.500,-54.900,0.4423,0.0000,0.0525,0.1063,0,
14.0176,155.5700,BASELINE_COLLECTION,SWING,0.1667,-55.000,-12.000,-55.000,0.5000,0.0000,0.0600,0.1149,0,
14.0297,155.5800,BASELINE_COLLECTION,SWING,0.1875,-55.100,-15.900,-55.100,0.5556,0.0000,0.0795,0.1374,0,
14.0377,155.5900,BASELINE_COLLECTION,SWING,0.2083,-55.300,-17.500,-55.300,0.6088,0.0000,0.0875,0.1466,0,
14.0497,155.6000,BASELINE_COLLECTION,SWING,0.2292,-55.500,-19.600,-55.500,0.6593,0.0000,0.0980,0.1586,0,
14.0577,155.6100,BASELINE_COLLECTION,SWING,0.2500,-55.700,-20.000,-55.700,0.7071,0.0000,0.1000,0.1609,0,
14.0698,155.6200,BASELINE_COLLECTION,SWING,0.2708,-55.900,-16.600,-55.900,0.7518,0.0000,0.0830,0.1414,0,
14.0778,155.6300,BASELINE_COLLECTION,SWING,0.2917,-56.000,-9.600,-56.000,0.7934,0.0000,0.0480,0.1011,0,
14.0897,155.6400,BASELINE_COLLECTION,SWING,0.3125,-56.000,-1.000,-56.000,0.8315,0.0000,0.0050,0.0517,0,
14.0977,155.6500,BASELINE_COLLECTION,SWING,0.3333,-56.000,0.100,-56.000,0.8660,0.0000,-0.0005,0.0000,0,
14.1097,155.6600,BASELINE_COLLECTION,SWING,0.3542,-56.000,-0.200,-56.000,0.8969,0.0000,0.0010,0.0471,0,
14.1175,155.6700,BASELINE_COLLECTION,SWING,0.3750,-56.000,-0.200,-56.000,0.9239,0.0000,0.0010,0.0471,0,
14.1297,155.6800,BASELINE_COLLECTION,SWING,0.3958,-56.100,-1.000,-56.100,0.9469,0.0000,0.0050,0.0517,0,
14.1417,155.6900,BASELINE_COLLECTION,SWING,0.4167,-56.100,1.100,-56.100,0.9659,0.0000,-0.0055,0.0000,0,
14.1497,155.7000,BASELINE_COLLECTION,SWING,0.4375,-56.000,-0.300,-56.000,0.9808,0.0000,0.0015,0.0477,0,
14.1618,155.7100,BASELINE_COLLECTION,SWING,0.4583,-56.000,1.100,-56.000,0.9914,0.0000,-0.0055,0.0000,0,
14.1698,155.7200,BASELINE_COLLECTION,SWING,0.4792,-56.000,-0.200,-56.000,0.9979,0.0000,0.0010,0.0471,0,
14.1817,155.7300,BASELINE_COLLECTION,SWING,0.5000,-56.000,1.700,-56.000,1.0000,0.0000,-0.0085,0.0000,0,
14.1897,155.7400,BASELINE_COLLECTION,SWING,0.5208,-56.000,4.400,-56.000,0.9979,0.0000,-0.0220,0.0000,0,
14.2016,155.7500,BASELINE_COLLECTION,SWING,0.5417,-55.900,8.300,-55.900,0.9914,0.0000,-0.0415,0.0000,0,
14.2097,155.7600,BASELINE_COLLECTION,SWING,0.5625,-55.800,11.800,-55.800,0.9808,0.0000,-0.0590,0.0000,0,
14.2218,155.7700,BASELINE_COLLECTION,SWING,0.5833,-55.700,15.500,-55.700,0.9659,0.0000,-0.0775,0.0000,0,
14.2297,155.7800,BASELINE_COLLECTION,SWING,0.6042,-55.500,20.200,-55.500,0.9469,0.0000,-0.1010,0.0000,0,
14.2417,155.7900,BASELINE_COLLECTION,SWING,0.6250,-55.200,27.300,-55.200,0.9239,0.0000,-0.1365,0.0000,0,
14.2498,155.8000,BASELINE_COLLECTION,SWING,0.6458,-54.900,38.000,-54.900,0.8969,0.0000,-0.1900,0.0000,0,
14.2617,155.8100,BASELINE_COLLECTION,SWING,0.6667,-54.400,49.800,-54.400,0.8660,0.0000,-0.2490,0.0000,0,
14.2697,155.8200,BASELINE_COLLECTION,SWING,0.6875,-53.800,64.500,-53.800,0.8315,0.0000,-0.3225,0.0000,0,
14.2818,155.8300,BASELINE_COLLECTION,SWING,0.7083,-53.100,79.900,-53.100,0.7934,0.0000,-0.3995,0.0000,0,
14.2897,155.8400,BASELINE_COLLECTION,SWING,0.7292,-52.200,94.600,-52.200,0.7518,0.0000,-0.4730,0.0000,0,
14.3018,155.8500,BASELINE_COLLECTION,SWING,0.7500,-51.100,110.300,-51.100,0.7071,0.0000,-0.5515,0.0000,0,
14.3097,155.8600,BASELINE_COLLECTION,SWING,0.7708,-49.900,123.600,-49.900,0.6593,0.0000,-0.6180,0.0000,0,
14.3217,155.8700,BASELINE_COLLECTION,SWING,0.7917,-48.600,133.100,-48.600,0.6088,0.0000,-0.6655,0.0000,0,
14.3297,155.8800,BASELINE_COLLECTION,SWING,0.8125,-47.200,139.700,-47.200,0.5556,0.0000,-0.6985,0.0000,0,
14.3416,155.8900,BASELINE_COLLECTION,SWING,0.8333,-45.800,142.500,-45.800,0.5000,0.0000,-0.7125,0.0000,0,
14.3497,155.9000,BASELINE_COLLECTION,SWING,0.8542,-44.400,142.100,-44.400,0.4423,0.0000,-0.7105,0.0000,0,
14.3617,155.9100,BASELINE_COLLECTION,SWING,0.8750,-43.000,137.100,-43.000,0.3827,0.0000,-0.6855,0.0000,0,
14.3697,155.9200,BASELINE_COLLECTION,SWING,0.8958,-41.700,129.300,-41.700,0.3214,0.0000,-0.6465,0.0000,0,
14.3817,155.9300,BASELINE_COLLECTION,SWING,0.9167,-40.400,116.000,-40.400,0.2588,0.0000,-0.5800,0.0000,0,
14.3895,155.9400,BASELINE_COLLECTION,SWING,0.9375,-39.400,101.600,-39.400,0.1951,0.0000,-0.5080,0.0000,0,
14.4017,155.9500,BASELINE_COLLECTION,SWING,0.9583,-38.500,82.400,-38.500,0.1305,0.0000,-0.4120,0.0000,0,
14.4096,155.9600,BASELINE_COLLECTION,SWING,0.9792,-37.800,65.600,-37.800,0.0654,0.0000,-0.3280,0.0000,0,
14.4217,155.9700,BASELINE_COLLECTION,STANCE,0.0000,-37.200,47.900,-37.200,0.0000,0.0000,-0.2395,0.0000,0,
14.4336,155.9800,BASELINE_COLLECTION,STANCE,0.0139,-36.900,28.800,-36.900,0.0000,0.0000,-0.1440,0.0000,0,
14.4417,155.9900,BASELINE_COLLECTION,STANCE,0.0278,-36.700,16.000,-36.700,0.0000,0.0000,-0.0800,0.0000,0,
14.4537,156.0000,BASELINE_COLLECTION,STANCE,0.0417,-36.700,10.000,-36.700,0.0000,0.0000,-0.0500,0.0000,0,
14.4617,156.0100,BASELINE_COLLECTION,STANCE,0.0556,-36.600,-0.900,-36.600,0.0000,0.0000,0.0045,0.0511,0,
14.4738,156.0200,BASELINE_COLLECTION,STANCE,0.0694,-36.600,0.400,-36.600,0.0000,0.0000,-0.0020,0.0000,0,
14.4817,156.0300,BASELINE_COLLECTION,STANCE,0.0833,-36.600,-0.100,-36.600,0.0000,0.0000,0.0005,0.0466,0,
14.4938,156.0400,BASELINE_COLLECTION,STANCE,0.0972,-36.600,0.900,-36.600,0.0000,0.0000,-0.0045,0.0000,0,
14.5017,156.0500,BASELINE_COLLECTION,STANCE,0.1111,-36.600,-0.400,-36.600,0.0000,0.0000,0.0020,0.0483,0,
14.5136,156.0600,BASELINE_COLLECTION,STANCE,0.1250,-36.600,0.600,-36.600,0.0000,0.0000,-0.0030,0.0000,0,
14.5216,156.0700,BASELINE_COLLECTION,STANCE,0.1389,-36.600,-0.500,-36.600,0.0000,0.0000,0.0025,0.0489,0,
14.5338,156.0800,BASELINE_COLLECTION,STANCE,0.1528,-36.600,0.600,-36.600,0.0000,0.0000,-0.0030,0.0000,0,
14.5416,156.0900,BASELINE_COLLECTION,STANCE,0.1667,-36.600,-0.100,-36.600,0.0000,0.0000,0.0005,0.0466,0,
14.5537,156.1000,BASELINE_COLLECTION,STANCE,0.1806,-36.600,-0.200,-36.600,0.0000,0.0000,0.0010,0.0471,0,
14.5617,156.1100,BASELINE_COLLECTION,STANCE,0.1944,-36.600,-0.400,-36.600,0.0000,0.0000,0.0020,0.0483,0,
14.5737,156.1200,BASELINE_COLLECTION,STANCE,0.2083,-36.600,2.100,-36.600,0.0000,0.0000,-0.0105,0.0000,0,
14.5817,156.1300,BASELINE_COLLECTION,STANCE,0.2222,-36.500,12.400,-36.500,0.0000,0.0000,-0.0620,0.0000,0,
14.5937,156.1400,BASELINE_COLLECTION,STANCE,0.2361,-36.300,27.600,-36.300,0.0000,0.0000,-0.1380,0.0000,0,
14.6017,156.1500,BASELINE_COLLECTION,STANCE,0.2500,-35.900,42.600,-35.900,0.0000,0.0000,-0.2130,0.0000,0,
14.6137,156.1600,BASELINE_COLLECTION,STANCE,0.2639,-35.400,50.900,-35.400,0.0000,0.0000,-0.2545,0.0000,0,
14.6216,156.1700,BASELINE_COLLECTION,STANCE,0.2778,-34.900,53.500,-34.900,0.0000,0.0000,-0.2675,0.0000,0,
14.6297,156.1800,BASELINE_COLLECTION,STANCE,0.2917,-34.400,45.600,-34.400,0.0000,0.0000,-0.2280,0.0000,0,
14.6416,156.1900,BASELINE_COLLECTION,STANCE,0.3056,-34.100,27.400,-34.100,0.0000,0.0000,-0.1370,0.0000,0,
14.6537,156.2000,BASELINE_COLLECTION,STANCE,0.3194,-34.000,3.100,-34.000,0.0000,0.0000,-0.0155,0.0000,0,
14.6615,156.2100,BASELINE_COLLECTION,STANCE,0.3333,-34.000,-5.600,-34.000,0.0000,0.0000,0.0280,0.0782,0,
14.6737,156.2200,BASELINE_COLLECTION,STANCE,0.3472,-34.100,-7.300,-34.100,0.0000,0.0000,0.0365,0.0879,0,
14.6815,156.2300,BASELINE_COLLECTION,STANCE,0.3611,-34.200,-9.600,-34.200,0.0000,0.0000,0.0480,0.1011,0,
14.6937,156.2400,BASELINE_COLLECTION,STANCE,0.3750,-34.300,-9.500,-34.300,0.0000,0.0000,0.0475,0.1006,0,
14.7017,156.2500,BASELINE_COLLECTION,STANCE,0.3889,-34.400,-12.500,-34.400,0.0000,0.0000,0.0625,0.1178,0,
14.7137,156.2600,BASELINE_COLLECTION,STANCE,0.4028,-34.500,-15.500,-34.500,0.0000,0.0000,0.0775,0.1351,0,
14.7217,156.2700,BASELINE_COLLECTION,STANCE,0.4167,-34.700,-17.400,-34.700,0.0000,0.0000,0.0870,0.1460,0,
14.7337,156.2800,BASELINE_COLLECTION,STANCE,0.4306,-34.900,-20.500,-34.900,0.0000,0.0000,0.1025,0.1638,0,
14.7416,156.2900,BASELINE_COLLECTION,STANCE,0.4444,-35.100,-22.600,-35.100,0.0000,0.0000,0.1130,0.1759,0,
14.7537,156.3000,BASELINE_COLLECTION,STANCE,0.4583,-35.300,-19.100,-35.300,0.0000,0.0000,0.0955,0.1557,0,
14.7617,156.3100,BASELINE_COLLECTION,STANCE,0.4722,-35.500,-10.600,-35.500,0.0000,0.0000,0.0530,0.1069,0,
14.7737,156.3200,BASELINE_COLLECTION,STANCE,0.4861,-35.500,-0.800,-35.500,0.0000,0.0000,0.0040,0.0506,0,
14.7817,156.3300,BASELINE_COLLECTION,STANCE,0.5000,-35.500,0.500,-35.500,0.0000,0.0000,-0.0025,0.0000,0,
14.7937,156.3400,BASELINE_COLLECTION,STANCE,0.5139,-35.500,0.000,-35.500,0.0000,0.0000,0.0000,0.0000,0,
14.8017,156.3500,BASELINE_COLLECTION,STANCE,0.5278,-35.500,-0.100,-35.500,0.0000,0.0000,0.0005,0.0466,0,
14.8137,156.3600,BASELINE_COLLECTION,STANCE,0.5417,-35.500,-0.300,-35.500,0.0000,0.0000,0.0015,0.0477,0,
14.8217,156.3700,BASELINE_COLLECTION,STANCE,0.5556,-35.500,0.300,-35.500,0.0000,0.0000,-0.0015,0.0000,0,
14.8337,156.3800,BASELINE_COLLECTION,STANCE,0.5694,-35.500,0.300,-35.500,0.0000,0.0000,-0.0015,0.0000,0,
14.8416,156.3900,BASELINE_COLLECTION,STANCE,0.5833,-35.500,0.100,-35.500,0.0000,0.0000,-0.0005,0.0000,0,
14.8538,156.4000,BASELINE_COLLECTION,STANCE,0.5972,-35.500,-0.800,-35.500,0.0000,0.0000,0.0040,0.0506,0,
14.8617,156.4100,BASELINE_COLLECTION,STANCE,0.6111,-35.500,-0.100,-35.500,0.0000,0.0000,0.0005,0.0466,0,
14.8737,156.4200,BASELINE_COLLECTION,STANCE,0.6250,-35.500,-1.200,-35.500,0.0000,0.0000,0.0060,0.0529,0,
14.8817,156.4300,BASELINE_COLLECTION,STANCE,0.6389,-35.500,-4.000,-35.500,0.0000,0.0000,0.0200,0.0690,0,
14.8936,156.4400,BASELINE_COLLECTION,STANCE,0.6528,-35.600,-9.000,-35.600,0.0000,0.0000,0.0450,0.0977,0,
14.9017,156.4500,BASELINE_COLLECTION,STANCE,0.6667,-35.800,-18.100,-35.800,0.0000,0.0000,0.0905,0.1500,0,
14.9137,156.4600,BASELINE_COLLECTION,STANCE,0.6806,-36.000,-25.500,-36.000,0.0000,0.0000,0.1275,0.1925,0,
14.9217,156.4700,BASELINE_COLLECTION,STANCE,0.6944,-36.300,-33.100,-36.300,0.0000,0.0000,0.1655,0.2362,0,
14.9337,156.4800,BASELINE_COLLECTION,STANCE,0.7083,-36.700,-37.600,-36.700,0.0000,0.0000,0.1880,0.2621,0,
14.9457,156.4900,BASELINE_COLLECTION,STANCE,0.7222,-37.100,-39.700,-37.100,0.0000,0.0000,0.1985,0.2741,0,
14.9536,156.5100,BASELINE_COLLECTION,STANCE,0.7500,-37.800,-33.400,-37.800,0.0000,0.0000,0.1670,0.2379,0,
14.9657,156.5200,BASELINE_COLLECTION,STANCE,0.7639,-38.100,-26.400,-38.100,0.0000,0.0000,0.1320,0.1977,0,
14.9738,156.5300,BASELINE_COLLECTION,STANCE,0.7778,-38.300,-23.300,-38.300,0.0000,0.0000,0.1165,0.1799,0,
14.9856,156.5400,BASELINE_COLLECTION,STANCE,0.7917,-38.600,-22.200,-38.600,0.0000,0.0000,0.1110,0.1736,0,
14.9936,156.5500,BASELINE_COLLECTION,STANCE,0.8056,-38.800,-26.300,-38.800,0.0000,0.0000,0.1315,0.1971,0,
15.0017,156.5600,BASELINE_COLLECTION,STANCE,0.8194,-39.100,-28.600,-39.100,0.0000,0.0000,0.1430,0.2103,0,
15.0137,156.5700,BASELINE_COLLECTION,STANCE,0.8333,-39.400,-29.600,-39.400,0.0000,0.0000,0.1480,0.2161,0,
15.0257,156.5800,BASELINE_COLLECTION,STANCE,0.8472,-39.700,-29.800,-39.700,0.0000,0.0000,0.1490,0.2172,0,
15.0338,156.5900,BASELINE_COLLECTION,STANCE,0.8611,-40.000,-29.700,-40.000,0.0000,0.0000,0.1485,0.2167,0,
15.0457,156.6000,BASELINE_COLLECTION,STANCE,0.8750,-40.300,-26.100,-40.300,0.0000,0.0000,0.1305,0.1960,0,
15.0537,156.6100,BASELINE_COLLECTION,STANCE,0.8889,-40.500,-16.900,-40.500,0.0000,0.0000,0.0845,0.1431,0,
15.0657,156.6200,BASELINE_COLLECTION,STANCE,0.9028,-40.600,-8.800,-40.600,0.0000,0.0000,0.0440,0.0966,0,
15.0738,156.6300,BASELINE_COLLECTION,STANCE,0.9167,-40.600,-3.600,-40.600,0.0000,0.0000,0.0180,0.0667,0,
15.0857,156.6400,BASELINE_COLLECTION,STANCE,0.9306,-40.700,-3.400,-40.700,0.0000,0.0000,0.0170,0.0655,0,
15.0937,156.6500,BASELINE_COLLECTION,STANCE,0.9444,-40.700,-5.800,-40.700,0.0000,0.0000,0.0290,0.0793,0,
15.1057,156.6600,BASELINE_COLLECTION,STANCE,0.9583,-40.800,-6.000,-40.800,0.0000,0.0000,0.0300,0.0805,0,
15.1137,156.6700,BASELINE_COLLECTION,STANCE,0.9722,-40.800,-3.000,-40.800,0.0000,0.0000,0.0150,0.0632,0,
15.1257,156.6800,BASELINE_COLLECTION,STANCE,0.9861,-40.800,-3.000,-40.800,0.0000,0.0000,0.0150,0.0632,0,
15.1337,156.6900,BASELINE_COLLECTION,SWING,0.0000,-40.900,-6.800,-40.900,0.0000,0.0000,0.0340,0.0851,0,
15.1457,156.7000,BASELINE_COLLECTION,SWING,0.0208,-41.000,-11.900,-41.000,0.0654,0.0000,0.0595,0.1144,0,
15.1537,156.7100,BASELINE_COLLECTION,SWING,0.0417,-41.100,-12.500,-41.100,0.1305,0.0000,0.0625,0.1178,0,
15.1657,156.7200,BASELINE_COLLECTION,SWING,0.0625,-41.200,-10.600,-41.200,0.1951,0.0000,0.0530,0.1069,0,
15.1737,156.7300,BASELINE_COLLECTION,SWING,0.0833,-41.300,-10.400,-41.300,0.2588,0.0000,0.0520,0.1057,0,
15.1857,156.7400,BASELINE_COLLECTION,SWING,0.1042,-41.400,-9.300,-41.400,0.3214,0.0000,0.0465,0.0994,0,
15.1937,156.7500,BASELINE_COLLECTION,SWING,0.1250,-41.500,-5.300,-41.500,0.3827,0.0000,0.0265,0.0764,0,
15.2057,156.7600,BASELINE_COLLECTION,SWING,0.1458,-41.500,-4.000,-41.500,0.4423,0.0000,0.0200,0.0690,0,
15.2137,156.7700,BASELINE_COLLECTION,SWING,0.1667,-41.600,-5.100,-41.600,0.5000,0.0000,0.0255,0.0753,0,
15.2257,156.7800,BASELINE_COLLECTION,SWING,0.1875,-41.700,-7.800,-41.700,0.5556,0.0000,0.0390,0.0908,0,
15.2337,156.7900,BASELINE_COLLECTION,SWING,0.2083,-41.800,-14.400,-41.800,0.6088,0.0000,0.0720,0.1287,0,
15.2457,156.8000,BASELINE_COLLECTION,SWING,0.2292,-42.000,-23.100,-42.000,0.6593,0.0000,0.1155,0.1787,0,
15.2538,156.8100,BASELINE_COLLECTION,SWING,0.2500,-42.300,-31.000,-42.300,0.7071,0.0000,0.1550,0.2241,0,
15.2658,156.8200,BASELINE_COLLECTION,SWING,0.2708,-42.600,-40.200,-42.600,0.7518,0.0000,0.2010,0.2770,0,
15.2737,156.8300,BASELINE_COLLECTION,SWING,0.2917,-43.100,-43.800,-43.100,0.7934,0.0000,0.2190,0.2977,0,
15.2857,156.8400,BASELINE_COLLECTION,SWING,0.3125,-43.500,-41.100,-43.500,0.8315,0.0000,0.2055,0.2822,0,
15.2937,156.8500,BASELINE_COLLECTION,SWING,0.3333,-43.900,-35.600,-43.900,0.8660,0.0000,0.1780,0.2506,0,
15.3057,156.8600,BASELINE_COLLECTION,SWING,0.3542,-44.200,-27.600,-44.200,0.8969,0.0000,0.1380,0.2046,0,
15.3137,156.8700,BASELINE_COLLECTION,SWING,0.3750,-44.400,-17.700,-44.400,0.9239,0.0000,0.0885,0.1477,0,
15.3256,156.8800,BASELINE_COLLECTION,SWING,0.3958,-44.500,-7.800,-44.500,0.9469,0.0000,0.0390,0.0908,0,
15.3337,156.8900,BASELINE_COLLECTION,SWING,0.4167,-44.500,0.100,-44.500,0.9659,0.0000,-0.0005,0.0000,0,
15.3456,156.9000,BASELINE_COLLECTION,SWING,0.4375,-44.500,-0.200,-44.500,0.9808,0.0000,0.0010,0.0471,0,
15.3537,156.9100,BASELINE_COLLECTION,SWING,0.4583,-44.500,-0.800,-44.500,0.9914,0.0000,0.0040,0.0506,0,
15.3657,156.9200,BASELINE_COLLECTION,SWING,0.4792,-44.500,-2.700,-44.500,0.9979,0.0000,0.0135,0.0615,0,
15.3737,156.9300,BASELINE_COLLECTION,SWING,0.5000,-44.600,-0.500,-44.600,1.0000,0.0000,0.0025,0.0489,0,
15.3856,156.9400,BASELINE_COLLECTION,SWING,0.5208,-44.600,-0.200,-44.600,0.9979,0.0000,0.0010,0.0471,0,
15.3937,156.9500,BASELINE_COLLECTION,SWING,0.5417,-44.600,-1.700,-44.600,0.9914,0.0000,0.0085,0.0557,0,
15.4057,156.9600,BASELINE_COLLECTION,SWING,0.5625,-44.600,-6.200,-44.600,0.9808,0.0000,0.0310,0.0816,0,
15.4136,156.9700,BASELINE_COLLECTION,SWING,0.5833,-44.700,-13.300,-44.700,0.9659,0.0000,0.0665,0.1224,0,
15.4255,156.9800,BASELINE_COLLECTION,SWING,0.6042,-44.900,-23.400,-44.900,0.9469,0.0000,0.1170,0.1805,0,
15.4337,156.9900,BASELINE_COLLECTION,SWING,0.6250,-45.200,-31.400,-45.200,0.9239,0.0000,0.1570,0.2264,0,
15.4456,157.0000,BASELINE_COLLECTION,SWING,0.6458,-45.400,-34.200,-45.400,0.8969,0.0000,0.1710,0.2425,0,
15.4536,157.0100,BASELINE_COLLECTION,SWING,0.6667,-45.900,-33.100,-45.900,0.8660,0.0000,0.1655,0.2362,0,
15.4656,157.0200,BASELINE_COLLECTION,SWING,0.6875,-46.200,-22.300,-46.200,0.8315,0.0000,0.1115,0.1741,0,
15.4737,157.0300,BASELINE_COLLECTION,SWING,0.7083,-46.300,-11.300,-46.300,0.7934,0.0000,0.0565,0.1109,0,
15.4857,157.0400,BASELINE_COLLECTION,SWING,0.7292,-46.400,-1.300,-46.400,0.7518,0.0000,0.0065,0.0534,0,
15.4937,157.0500,BASELINE_COLLECTION,SWING,0.7500,-46.400,0.000,-46.400,0.7071,0.0000,0.0000,0.0000,0,
15.5057,157.0600,BASELINE_COLLECTION,SWING,0.7708,-46.400,-0.100,-46.400,0.6593,0.0000,0.0005,0.0466,0,
15.5137,157.0700,BASELINE_COLLECTION,SWING,0.7917,-46.400,-0.100,-46.400,0.6088,0.0000,0.0005,0.0466,0,
15.5257,157.0800,BASELINE_COLLECTION,SWING,0.8125,-46.400,0.600,-46.400,0.5556,0.0000,-0.0030,0.0000,0,
15.5337,157.0900,BASELINE_COLLECTION,SWING,0.8333,-46.400,2.800,-46.400,0.5000,0.0000,-0.0140,0.0000,0,
15.5457,157.1000,BASELINE_COLLECTION,SWING,0.8542,-46.300,2.400,-46.300,0.4423,0.0000,-0.0120,0.0000,0,
15.5538,157.1100,BASELINE_COLLECTION,SWING,0.8750,-46.300,-0.300,-46.300,0.3827,0.0000,0.0015,0.0477,0,
15.5657,157.1200,BASELINE_COLLECTION,SWING,0.8958,-46.300,0.200,-46.300,0.3214,0.0000,-0.0010,0.0000,0,
15.5736,157.1300,BASELINE_COLLECTION,SWING,0.9167,-46.300,2.000,-46.300,0.2588,0.0000,-0.0100,0.0000,0,
15.5857,157.1400,BASELINE_COLLECTION,SWING,0.9375,-46.300,8.300,-46.300,0.1951,0.0000,-0.0415,0.0000,0,
15.5937,157.1500,BASELINE_COLLECTION,SWING,0.9583,-46.100,14.600,-46.100,0.1305,0.0000,-0.0730,0.0000,0,
15.6057,157.1600,BASELINE_COLLECTION,SWING,0.9792,-45.900,24.300,-45.900,0.0654,0.0000,-0.1215,0.0000,0,
15.6138,157.1700,BASELINE_COLLECTION,SWING,1.0000,-45.600,34.700,-45.600,0.0000,0.0000,-0.1735,0.0000,0,
15.6258,157.1800,BASELINE_COLLECTION,STANCE,0.0139,-45.200,45.200,-45.200,0.0000,0.0000,-0.2260,0.0000,0,
15.6336,157.1900,BASELINE_COLLECTION,STANCE,0.0278,-44.600,57.700,-44.600,0.0000,0.0000,-0.2885,0.0000,0,
15.6456,157.2000,BASELINE_COLLECTION,STANCE,0.0417,-44.000,73.000,-44.000,0.0000,0.0000,-0.3650,0.0000,0,
15.6537,157.2100,BASELINE_COLLECTION,STANCE,0.0556,-43.100,92.000,-43.100,0.0000,0.0000,-0.4600,0.0000,0,
15.6657,157.2200,BASELINE_COLLECTION,STANCE,0.0694,-42.000,110.800,-42.000,0.0000,0.0000,-0.5540,0.0000,0,
15.6737,157.2300,BASELINE_COLLECTION,STANCE,0.0833,-40.800,129.100,-40.800,0.0000,0.0000,-0.6455,0.0000,0,
15.6856,157.2400,BASELINE_COLLECTION,STANCE,0.0972,-39.400,147.200,-39.400,0.0000,0.0000,-0.7360,0.0000,0,
15.6936,157.2500,BASELINE_COLLECTION,STANCE,0.1111,-37.800,164.900,-37.800,0.0000,0.0000,-0.8245,0.0000,0,
15.7056,157.2600,BASELINE_COLLECTION,STANCE,0.1250,-36.000,183.700,-36.000,0.0000,0.0000,-0.9185,0.0000,0,
15.7137,157.2700,BASELINE_COLLECTION,STANCE,0.1389,-34.100,201.600,-34.100,0.0000,0.0000,-1.0080,0.0000,0,
15.7255,157.2800,BASELINE_COLLECTION,STANCE,0.1528,-31.900,217.200,-31.900,0.0000,0.0000,-1.0860,0.0000,0,
15.7337,157.2900,BASELINE_COLLECTION,STANCE,0.1667,-29.700,230.900,-29.700,0.0000,0.0000,-1.1545,0.0000,0,
15.7457,157.3000,BASELINE_COLLECTION,STANCE,0.1806,-27.300,245.000,-27.300,0.0000,0.0000,-1.2250,0.0000,0,
15.7537,157.3100,BASELINE_COLLECTION,STANCE,0.1944,-24.700,259.400,-24.700,0.0000,0.0000,-1.2970,0.0000,0,
15.7656,157.3200,BASELINE_COLLECTION,STANCE,0.2083,-22.000,270.200,-22.000,0.0000,0.0000,-1.3510,0.0000,0,
15.7736,157.3300,BASELINE_COLLECTION,STANCE,0.2222,-19.300,273.700,-19.300,0.0000,0.0000,-1.3685,0.0000,0,
15.7855,157.3400,BASELINE_COLLECTION,STANCE,0.2361,-16.500,276.900,-16.500,0.0000,0.0000,-1.3845,0.0000,0,
15.7936,157.3500,BASELINE_COLLECTION,STANCE,0.2500,-13.800,268.200,-13.800,0.0000,0.0000,-1.3410,0.0000,0,
15.8056,157.3600,BASELINE_COLLECTION,STANCE,0.2639,-11.300,241.000,-11.300,0.0000,0.0000,-1.2050,0.0000,0,
15.8137,157.3700,BASELINE_COLLECTION,STANCE,0.2778,-9.100,205.900,-9.100,0.0000,0.0000,-1.0295,0.0000,0,
15.8255,157.3800,BASELINE_COLLECTION,STANCE,0.2917,-7.300,167.400,-7.300,0.0000,0.0000,-0.8370,0.0000,0,
15.8337,157.3900,BASELINE_COLLECTION,STANCE,0.3056,-6.100,98.900,-6.100,0.0000,0.0000,-0.4945,0.0000,0,
15.8456,157.4000,BASELINE_COLLECTION,STANCE,0.3194,-5.700,23.600,-5.700,0.0000,0.0000,-0.1180,0.0000,0,
15.8537,157.4100,BASELINE_COLLECTION,STANCE,0.3333,-5.700,-8.900,-5.700,0.0000,0.0000,0.0445,0.0971,0,
15.8697,157.4200,BASELINE_COLLECTION,STANCE,0.3472,-5.700,0.600,-5.700,0.0000,0.0000,-0.0030,0.0000,0,
15.8777,157.4300,BASELINE_COLLECTION,STANCE,0.3611,-5.700,4.900,-5.700,0.0000,0.0000,-0.0245,0.0000,0,
15.8897,157.4400,BASELINE_COLLECTION,STANCE,0.3750,-5.600,7.000,-5.600,0.0000,0.0000,-0.0350,0.0000,0,
15.8976,157.4500,BASELINE_COLLECTION,STANCE,0.3889,-5.600,4.900,-5.600,0.0000,0.0000,-0.0245,0.0000,0,
15.9096,157.4600,BASELINE_COLLECTION,STANCE,0.4028,-5.500,2.000,-5.500,0.0000,0.0000,-0.0100,0.0000,0,
15.9177,157.4700,BASELINE_COLLECTION,STANCE,0.4167,-5.500,0.000,-5.500,0.0000,0.0000,0.0000,0.0000,0,
15.9297,157.4800,BASELINE_COLLECTION,STANCE,0.4306,-5.500,0.000,-5.500,0.0000,0.0000,0.0000,0.0000,0,
15.9377,157.4900,BASELINE_COLLECTION,STANCE,0.4444,-5.500,-0.600,-5.500,0.0000,0.0000,0.0030,0.0494,0,
15.9497,157.5000,BASELINE_COLLECTION,STANCE,0.4583,-5.500,-0.100,-5.500,0.0000,0.0000,0.0005,0.0466,0,
15.9577,157.5100,BASELINE_COLLECTION,STANCE,0.4722,-5.500,-1.200,-5.500,0.0000,0.0000,0.0060,0.0529,0,
15.9697,157.5200,BASELINE_COLLECTION,STANCE,0.4861,-5.600,-1.900,-5.600,0.0000,0.0000,0.0095,0.0569,0,
15.9776,157.5300,BASELINE_COLLECTION,STANCE,0.5000,-5.600,-5.600,-5.600,0.0000,0.0000,0.0280,0.0782,0,
15.9897,157.5400,BASELINE_COLLECTION,STANCE,0.5139,-5.700,-14.000,-5.700,0.0000,0.0000,0.0700,0.1264,0,
15.9977,157.5500,BASELINE_COLLECTION,STANCE,0.5278,-5.900,-26.500,-5.900,0.0000,0.0000,0.1325,0.1983,0,
16.0096,157.5600,BASELINE_COLLECTION,STANCE,0.5417,-6.300,-36.200,-6.300,0.0000,0.0000,0.1810,0.2540,0,
16.0177,157.5700,BASELINE_COLLECTION,STANCE,0.5556,-6.700,-38.100,-6.700,0.0000,0.0000,0.1905,0.2649,0,
16.0297,157.5800,BASELINE_COLLECTION,STANCE,0.5694,-7.000,-32.200,-7.000,0.0000,0.0000,0.1610,0.2310,0,
16.0377,157.5900,BASELINE_COLLECTION,STANCE,0.5833,-7.300,-28.300,-7.300,0.0000,0.0000,0.1415,0.2086,0,
16.0497,157.6000,BASELINE_COLLECTION,STANCE,0.5972,-7.600,-30.600,-7.600,0.0000,0.0000,0.1530,0.2218,0,
16.0577,157.6100,BASELINE_COLLECTION,STANCE,0.6111,-7.900,-33.200,-7.900,0.0000,0.0000,0.1660,0.2368,0,
16.0697,157.6200,BASELINE_COLLECTION,STANCE,0.6250,-8.300,-33.500,-8.300,0.0000,0.0000,0.1675,0.2385,0,
16.0777,157.6300,BASELINE_COLLECTION,STANCE,0.6389,-8.500,-27.600,-8.500,0.0000,0.0000,0.1380,0.2046,0,
16.0897,157.6400,BASELINE_COLLECTION,STANCE,0.6528,-8.800,-24.600,-8.800,0.0000,0.0000,0.1230,0.1874,0,
16.0977,157.6500,BASELINE_COLLECTION,STANCE,0.6667,-9.100,-27.900,-9.100,0.0000,0.0000,0.1395,0.2063,0,
16.1097,157.6600,BASELINE_COLLECTION,STANCE,0.6806,-9.400,-38.100,-9.400,0.0000,0.0000,0.1905,0.2649,0,
16.1176,157.6700,BASELINE_COLLECTION,STANCE,0.6944,-9.900,-53.000,-9.900,0.0000,0.0000,0.2650,0.3000,1,
16.1297,157.6800,BASELINE_COLLECTION,STANCE,0.7083,-10.500,-66.000,-10.500,0.0000,0.0000,0.3300,0.3000,1,
16.1377,157.6900,BASELINE_COLLECTION,STANCE,0.7222,-11.300,-76.200,-11.300,0.0000,0.0000,0.3810,0.3000,1,
16.1497,157.7000,BASELINE_COLLECTION,STANCE,0.7361,-12.000,-77.600,-12.000,0.0000,0.0000,0.3880,0.3000,1,
16.1577,157.7100,BASELINE_COLLECTION,STANCE,0.7500,-12.800,-72.700,-12.800,0.0000,0.0000,0.3635,0.3000,1,
16.1697,157.7200,BASELINE_COLLECTION,STANCE,0.7639,-13.500,-66.000,-13.500,0.0000,0.0000,0.3300,0.3000,1,
16.1777,157.7300,BASELINE_COLLECTION,STANCE,0.7778,-14.100,-63.200,-14.100,0.0000,0.0000,0.3160,0.3000,1,
16.1898,157.7400,BASELINE_COLLECTION,STANCE,0.7917,-14.700,-62.200,-14.700,0.0000,0.0000,0.3110,0.3000,1,
16.1977,157.7500,BASELINE_COLLECTION,STANCE,0.8056,-15.400,-68.300,-15.400,0.0000,0.0000,0.3415,0.3000,1,
16.2097,157.7600,BASELINE_COLLECTION,STANCE,0.8194,-16.100,-75.600,-16.100,0.0000,0.0000,0.3780,0.3000,1,
16.2177,157.7700,BASELINE_COLLECTION,STANCE,0.8333,-16.900,-82.400,-16.900,0.0000,0.0000,0.4120,0.3000,1,
16.2297,157.7800,BASELINE_COLLECTION,STANCE,0.8472,-17.800,-84.900,-17.800,0.0000,0.0000,0.4245,0.3000,1,
16.2376,157.7900,BASELINE_COLLECTION,STANCE,0.8611,-18.600,-81.700,-18.600,0.0000,0.0000,0.4085,0.3000,1,
16.2497,157.8000,BASELINE_COLLECTION,STANCE,0.8750,-19.400,-74.800,-19.400,0.0000,0.0000,0.3740,0.3000,1,
16.2577,157.8100,BASELINE_COLLECTION,STANCE,0.8889,-20.000,-62.400,-20.000,0.0000,0.0000,0.3120,0.3000,1,
16.2697,157.8200,BASELINE_COLLECTION,STANCE,0.9028,-20.600,-51.000,-20.600,0.0000,0.0000,0.2550,0.3000,1,
16.2777,157.8300,BASELINE_COLLECTION,STANCE,0.9167,-21.000,-39.500,-21.000,0.0000,0.0000,0.1975,0.2730,0,
16.2898,157.8400,BASELINE_COLLECTION,STANCE,0.9306,-21.300,-31.600,-21.300,0.0000,0.0000,0.1580,0.2276,0,
16.2978,157.8500,BASELINE_COLLECTION,STANCE,0.9444,-21.600,-25.400,-21.600,0.0000,0.0000,0.1270,0.1920,0,
16.3097,157.8600,BASELINE_COLLECTION,STANCE,0.9583,-21.900,-22.900,-21.900,0.0000,0.0000,0.1145,0.1776,0,
16.3176,157.8700,BASELINE_COLLECTION,STANCE,0.9722,-22.100,-20.000,-22.100,0.0000,0.0000,0.1000,0.1609,0,
16.3296,157.8800,BASELINE_COLLECTION,STANCE,0.9861,-22.300,-21.600,-22.300,0.0000,0.0000,0.1080,0.1701,0,
16.3377,157.8900,BASELINE_COLLECTION,STANCE,1.0000,-22.500,-25.800,-22.500,0.0000,0.0000,0.1290,0.1943,0,
16.3497,157.9000,BASELINE_COLLECTION,SWING,0.0208,-22.800,-34.400,-22.800,0.0654,0.0000,0.1720,0.2437,0,
16.3577,157.9100,BASELINE_COLLECTION,SWING,0.0417,-23.200,-42.200,-23.200,0.1305,0.0000,0.2110,0.2885,0,
16.3697,157.9200,BASELINE_COLLECTION,SWING,0.0625,-23.700,-48.600,-23.700,0.1951,0.0000,0.2430,0.3000,1,
16.3777,157.9300,BASELINE_COLLECTION,SWING,0.0833,-24.200,-54.300,-24.200,0.2588,0.0000,0.2715,0.3000,1,
16.3897,157.9400,BASELINE_COLLECTION,SWING,0.1042,-24.800,-55.000,-24.800,0.3214,0.0000,0.2750,0.3000,1,
16.3977,157.9500,BASELINE_COLLECTION,SWING,0.1250,-25.300,-53.800,-25.300,0.3827,0.0000,0.2690,0.3000,1,
16.4097,157.9600,BASELINE_COLLECTION,SWING,0.1458,-25.900,-55.000,-25.900,0.4423,0.0000,0.2750,0.3000,1,
16.4177,157.9700,BASELINE_COLLECTION,SWING,0.1667,-26.400,-57.600,-26.400,0.5000,0.0000,0.2880,0.3000,1,
16.4296,157.9800,BASELINE_COLLECTION,SWING,0.1875,-27.100,-65.400,-27.100,0.5556,0.0000,0.3270,0.3000,1,
16.4377,157.9900,BASELINE_COLLECTION,SWING,0.2083,-27.700,-70.100,-27.700,0.6088,0.0000,0.3505,0.3000,1,
16.4497,158.0000,BASELINE_COLLECTION,SWING,0.2292,-28.100,-73.500,-28.100,0.6593,0.0000,0.3675,0.3000,1,
16.4578,158.0100,BASELINE_COLLECTION,SWING,0.2500,-29.300,-86.100,-29.300,0.7071,0.0000,0.4305,0.3000,1,
16.4696,158.0200,BASELINE_COLLECTION,SWING,0.2708,-30.200,-94.300,-30.200,0.7518,0.0000,0.4715,0.3000,1,
16.4777,158.0300,BASELINE_COLLECTION,SWING,0.2917,-31.100,-102.000,-31.100,0.7934,0.0000,0.5100,0.3000,1,
16.4897,158.0400,BASELINE_COLLECTION,SWING,0.3125,-32.400,-113.100,-32.400,0.8315,0.0000,0.5655,0.3000,1,
16.4975,158.0500,BASELINE_COLLECTION,SWING,0.3333,-33.500,-118.400,-33.500,0.8660,0.0000,0.5920,0.3000,1,
16.5097,158.0600,BASELINE_COLLECTION,SWING,0.3542,-34.700,-121.200,-34.700,0.8969,0.0000,0.6060,0.3000,1,
16.5175,158.0700,BASELINE_COLLECTION,SWING,0.3750,-36.000,-119.400,-36.000,0.9239,0.0000,0.5970,0.3000,1,
16.5297,158.0800,BASELINE_COLLECTION,SWING,0.3958,-37.100,-114.900,-37.100,0.9469,0.0000,0.5745,0.3000,1,
16.5378,158.0900,BASELINE_COLLECTION,SWING,0.4167,-38.200,-108.300,-38.200,0.9659,0.0000,0.5415,0.3000,1,
16.5498,158.1000,BASELINE_COLLECTION,SWING,0.4375,-39.300,-100.400,-39.300,0.9808,0.0000,0.5020,0.3000,1,
16.5577,158.1100,BASELINE_COLLECTION,SWING,0.4583,-40.200,-91.500,-40.200,0.9914,0.0000,0.4575,0.3000,1,
16.5697,158.1200,BASELINE_COLLECTION,SWING,0.4792,-41.000,-79.100,-41.000,0.9979,0.0000,0.3955,0.3000,1,
16.5777,158.1300,BASELINE_COLLECTION,SWING,0.5000,-41.700,-67.900,-41.700,1.0000,0.0000,0.3395,0.3000,1,
16.5897,158.1400,BASELINE_COLLECTION,SWING,0.5208,-42.300,-57.700,-42.300,0.9979,0.0000,0.2885,0.3000,1,
16.5977,158.1500,BASELINE_COLLECTION,SWING,0.5417,-42.900,-50.500,-42.900,0.9914,0.0000,0.2525,0.3000,1,
16.6098,158.1600,BASELINE_COLLECTION,SWING,0.5625,-43.300,-40.800,-43.300,0.9808,0.0000,0.2040,0.2805,0,
16.6177,158.1700,BASELINE_COLLECTION,SWING,0.5833,-43.700,-33.000,-43.700,0.9659,0.0000,0.1650,0.2356,0,
16.6297,158.1800,BASELINE_COLLECTION,SWING,0.6042,-44.000,-27.500,-44.000,0.9469,0.0000,0.1375,0.2040,0,
16.6376,158.1900,BASELINE_COLLECTION,SWING,0.6250,-44.200,-25.700,-44.200,0.9239,0.0000,0.1285,0.1937,0,
16.6496,158.2000,BASELINE_COLLECTION,SWING,0.6458,-44.500,-26.200,-44.500,0.8969,0.0000,0.1310,0.1966,0,
16.6577,158.2100,BASELINE_COLLECTION,SWING,0.6667,-44.800,-30.700,-44.800,0.8660,0.0000,0.1535,0.2224,0,
16.6697,158.2200,BASELINE_COLLECTION,SWING,0.6875,-45.100,-40.700,-45.100,0.8315,0.0000,0.2035,0.2799,0,
16.6777,158.2300,BASELINE_COLLECTION,SWING,0.7083,-45.600,-45.800,-45.600,0.7934,0.0000,0.2290,0.3000,1,
16.6897,158.2400,BASELINE_COLLECTION,SWING,0.7292,-46.000,-44.000,-46.000,0.7518,0.0000,0.2200,0.2989,0,
16.6976,158.2500,BASELINE_COLLECTION,SWING,0.7500,-46.500,-42.100,-46.500,0.7071,0.0000,0.2105,0.2879,0,
16.7097,158.2600,BASELINE_COLLECTION,SWING,0.7708,-46.900,-41.200,-46.900,0.6593,0.0000,0.2060,0.2828,0,
16.7177,158.2700,BASELINE_COLLECTION,SWING,0.7917,-47.300,-39.900,-47.300,0.6088,0.0000,0.1995,0.2753,0,
16.7297,158.2800,BASELINE_COLLECTION,SWING,0.8125,-47.700,-42.900,-47.700,0.5556,0.0000,0.2145,0.2925,0,
16.7377,158.2900,BASELINE_COLLECTION,SWING,0.8333,-48.200,-49.100,-48.200,0.5000,0.0000,0.2455,0.3000,1,
16.7497,158.3000,BASELINE_COLLECTION,SWING,0.8542,-48.700,-48.900,-48.700,0.4423,0.0000,0.2445,0.3000,1,
16.7577,158.3100,BASELINE_COLLECTION,SWING,0.8750,-49.200,-49.800,-49.200,0.3827,0.0000,0.2490,0.3000,1,
16.7697,158.3200,BASELINE_COLLECTION,SWING,0.8958,-49.700,-49.600,-49.700,0.3214,0.0000,0.2480,0.3000,1,
16.7777,158.3300,BASELINE_COLLECTION,SWING,0.9167,-50.100,-49.400,-50.100,0.2588,0.0000,0.2470,0.3000,1,
16.7897,158.3400,BASELINE_COLLECTION,SWING,0.9375,-50.700,-54.300,-50.700,0.1951,0.0000,0.2715,0.3000,1,
16.7974,158.3500,BASELINE_COLLECTION,SWING,0.9583,-51.200,-57.400,-51.200,0.1305,0.0000,0.2870,0.3000,1,
16.8097,158.3600,BASELINE_COLLECTION,SWING,0.9792,-51.800,-59.300,-51.800,0.0654,0.0000,0.2965,0.3000,1,
16.8177,158.3700,BASELINE_COLLECTION,STANCE,0.0000,-52.400,-61.100,-52.400,0.0000,0.0000,0.3055,0.3000,1,
16.8297,158.3800,BASELINE_COLLECTION,STANCE,0.0139,-53.100,-68.600,-53.100,0.0000,0.0000,0.3430,0.3000,1,
16.8376,158.3900,BASELINE_COLLECTION,STANCE,0.0278,-53.800,-76.300,-53.800,0.0000,0.0000,0.3815,0.3000,1,
16.8495,158.4000,BASELINE_COLLECTION,STANCE,0.0417,-54.600,-83.300,-54.600,0.0000,0.0000,0.4165,0.3000,1,
16.8576,158.4100,BASELINE_COLLECTION,STANCE,0.0556,-55.500,-94.200,-55.500,0.0000,0.0000,0.4710,0.3000,1,
16.8697,158.4200,BASELINE_COLLECTION,STANCE,0.0694,-56.600,-106.600,-56.600,0.0000,0.0000,0.5330,0.3000,1,
16.8777,158.4300,BASELINE_COLLECTION,STANCE,0.0833,-57.700,-118.600,-57.700,0.0000,0.0000,0.5930,0.3000,1,
16.8898,158.4400,BASELINE_COLLECTION,STANCE,0.0972,-59.000,-132.700,-59.000,0.0000,0.0000,0.6635,0.3000,1,
16.8977,158.4500,BASELINE_COLLECTION,STANCE,0.1111,-60.400,-148.300,-60.400,0.0000,0.0000,0.7415,0.3000,1,
16.9097,158.4600,BASELINE_COLLECTION,STANCE,0.1250,-62.000,-162.800,-62.000,0.0000,0.0000,0.8140,0.3000,1,
16.9178,158.4700,BASELINE_COLLECTION,STANCE,0.1389,-63.800,-176.600,-63.800,0.0000,0.0000,0.8830,0.3000,1,
16.9297,158.4800,BASELINE_COLLECTION,STANCE,0.1528,-65.600,-189.700,-65.600,0.0000,0.0000,0.9485,0.3000,1,
16.9378,158.4900,BASELINE_COLLECTION,STANCE,0.1667,-67.600,-206.500,-67.600,0.0000,0.0000,1.0325,0.3000,1,
16.9497,158.5000,BASELINE_COLLECTION,STANCE,0.1806,-69.800,-223.100,-69.800,0.0000,0.0000,1.1155,0.3000,1,
16.9576,158.5100,BASELINE_COLLECTION,STANCE,0.1944,-72.100,-237.300,-72.100,0.0000,0.0000,1.1865,0.3000,1,
16.9696,158.5200,BASELINE_COLLECTION,STANCE,0.2083,-74.600,-247.200,-74.600,0.0000,0.0000,1.2360,0.3000,1,
16.9777,158.5300,BASELINE_COLLECTION,STANCE,0.2222,-77.100,-258.400,-77.100,0.0000,0.0000,1.2920,0.3000,1,
16.9898,158.5400,BASELINE_COLLECTION,STANCE,0.2361,-79.800,-267.800,-79.800,0.0000,0.0000,1.3390,0.3000,1,
16.9976,158.5500,BASELINE_COLLECTION,STANCE,0.2500,-82.500,-275.000,-82.500,0.0000,0.0000,1.3750,0.3000,1,
17.0055,158.5600,BASELINE_COLLECTION,STANCE,0.2639,-85.300,-284.700,-85.300,0.0000,0.0000,1.4235,0.3000,1,
17.0176,158.5700,BASELINE_COLLECTION,STANCE,0.2778,-88.300,-299.600,-88.300,0.0000,0.0000,1.4980,0.3000,1,
17.0297,158.5800,BASELINE_COLLECTION,STANCE,0.2917,-91.000,-306.400,-91.000,0.0000,0.0000,1.5320,0.3000,1,
17.0378,158.5900,BASELINE_COLLECTION,STANCE,0.3056,-94.400,-307.900,-94.400,0.0000,0.0000,1.5395,0.3000,1,
17.0536,158.6000,BASELINE_COLLECTION,STANCE,0.3194,-97.500,-310.200,-97.500,0.0000,0.0000,1.5510,0.3000,1,
17.0617,158.6100,BASELINE_COLLECTION,STANCE,0.3333,-100.600,-307.800,-100.600,0.0000,0.0000,1.5390,0.3000,1,
17.0735,158.6200,BASELINE_COLLECTION,STANCE,0.3472,-103.700,-307.000,-103.700,0.0000,0.0000,1.5350,0.3000,1,
17.0817,158.6300,BASELINE_COLLECTION,STANCE,0.3611,-106.800,-313.500,-106.800,0.0000,0.0000,1.5675,0.3000,1,
17.0937,158.6400,BASELINE_COLLECTION,STANCE,0.3750,-109.900,-318.400,-109.900,0.0000,0.0000,1.5920,0.3000,1,
17.1017,158.6500,BASELINE_COLLECTION,STANCE,0.3889,-113.100,-319.900,-113.100,0.0000,0.0000,1.5995,0.3000,1,
17.1137,158.6600,BASELINE_COLLECTION,STANCE,0.4028,-116.300,-318.600,-116.300,0.0000,0.0000,1.5930,0.3000,1,
17.1217,158.6700,BASELINE_COLLECTION,STANCE,0.4167,-119.400,-302.400,-119.400,0.0000,0.0000,1.5120,0.3000,1,
17.1336,158.6800,BASELINE_COLLECTION,STANCE,0.4306,-122.300,-275.000,-122.300,0.0000,0.0000,1.3750,0.3000,1,
17.1417,158.6900,BASELINE_COLLECTION,STANCE,0.4444,-124.800,-238.400,-124.800,0.0000,0.0000,1.1920,0.3000,1,
17.1537,158.7000,BASELINE_COLLECTION,STANCE,0.4583,-126.800,-189.400,-126.800,0.0000,0.0000,0.9470,0.3000,1,
17.1615,158.7100,BASELINE_COLLECTION,STANCE,0.4722,-128.300,-132.400,-128.300,0.0000,0.0000,0.6620,0.3000,1,
17.1737,158.7200,BASELINE_COLLECTION,STANCE,0.4861,-129.200,-72.600,-129.200,0.0000,0.0000,0.3630,0.3000,1,
17.1818,158.7300,BASELINE_COLLECTION,STANCE,0.5000,-129.500,-11.500,-129.500,0.0000,0.0000,0.0575,0.1121,0,
17.1937,158.7400,BASELINE_COLLECTION,STANCE,0.5139,-129.300,38.800,-129.300,0.0000,0.0000,-0.1940,0.0000,0,
17.2017,158.7500,BASELINE_COLLECTION,STANCE,0.5278,-128.600,77.900,-128.600,0.0000,0.0000,-0.3895,0.0000,0,
17.2137,158.7600,BASELINE_COLLECTION,STANCE,0.5417,-127.600,117.500,-127.600,0.0000,0.0000,-0.5875,0.0000,0,
17.2217,158.7700,BASELINE_COLLECTION,STANCE,0.5556,-126.200,151.300,-126.200,0.0000,0.0000,-0.7565,0.0000,0,
17.2337,158.7800,BASELINE_COLLECTION,STANCE,0.5694,-124.500,176.600,-124.500,0.0000,0.0000,-0.8830,0.0000,0,
17.2417,158.7900,BASELINE_COLLECTION,STANCE,0.5833,-122.500,199.200,-122.500,0.0000,0.0000,-0.9960,0.0000,0,
17.2538,158.8000,BASELINE_COLLECTION,STANCE,0.5972,-120.400,219.500,-120.400,0.0000,0.0000,-1.0975,0.0000,0,
17.2657,158.8100,BASELINE_COLLECTION,STANCE,0.6111,-118.100,240.500,-118.100,0.0000,0.0000,-1.2025,0.0000,0,
17.2736,158.8300,BASELINE_COLLECTION,STANCE,0.6389,-112.700,282.500,-112.700,0.0000,0.0000,-1.4125,0.0000,0,
17.2856,158.8400,BASELINE_COLLECTION,STANCE,0.6528,-109.800,304.500,-109.800,0.0000,0.0000,-1.5225,0.0000,0,
17.2937,158.8500,BASELINE_COLLECTION,STANCE,0.6667,-106.500,328.600,-106.500,0.0000,0.0000,-1.6430,0.0000,0,
17.3057,158.8600,BASELINE_COLLECTION,STANCE,0.6806,-103.100,347.000,-103.100,0.0000,0.0000,-1.7350,0.0000,0,
17.3136,158.8700,BASELINE_COLLECTION,STANCE,0.6944,-99.500,370.100,-99.500,0.0000,0.0000,-1.8505,0.0000,0,
17.3257,158.8800,BASELINE_COLLECTION,STANCE,0.7083,-95.600,392.700,-95.600,0.0000,0.0000,-1.9635,0.0000,0,
17.3337,158.8900,BASELINE_COLLECTION,STANCE,0.7222,-91.600,409.600,-91.600,0.0000,0.0000,-2.0480,0.0000,0,
17.3457,158.9000,BASELINE_COLLECTION,STANCE,0.7361,-87.300,435.600,-87.300,0.0000,0.0000,-2.1780,0.0000,0,
17.3538,158.9100,BASELINE_COLLECTION,STANCE,0.7500,-82.900,449.200,-82.900,0.0000,0.0000,-2.2460,0.0000,0,
17.3657,158.9200,BASELINE_COLLECTION,STANCE,0.7639,-78.700,462.600,-78.700,0.0000,0.0000,-2.3130,0.0000,0,
17.3777,158.9300,BASELINE_COLLECTION,STANCE,0.7778,-73.500,480.400,-73.500,0.0000,0.0000,-2.4020,0.0000,0,
17.3856,158.9400,BASELINE_COLLECTION,STANCE,0.7917,-68.600,497.900,-68.600,0.0000,0.0000,-2.4895,0.0000,0,
17.3977,158.9500,BASELINE_COLLECTION,STANCE,0.8056,-64.100,503.100,-64.100,0.0000,0.0000,-2.5155,0.0000,0,
17.4057,158.9600,BASELINE_COLLECTION,STANCE,0.8194,-58.500,509.300,-58.500,0.0000,0.0000,-2.5465,0.0000,0,
17.4177,158.9700,BASELINE_COLLECTION,STANCE,0.8333,-53.400,504.000,-53.400,0.0000,0.0000,-2.5200,0.0000,0,
17.4257,158.9800,BASELINE_COLLECTION,STANCE,0.8472,-48.400,492.400,-48.400,0.0000,0.0000,-2.4620,0.0000,0,
17.4378,158.9900,BASELINE_COLLECTION,STANCE,0.8611,-43.700,463.700,-43.700,0.0000,0.0000,-2.3185,0.0000,0,
17.4457,159.0000,BASELINE_COLLECTION,STANCE,0.8750,-41.000,444.100,-41.000,0.0000,0.0000,-2.2205,0.0000,0,
17.4577,159.0100,BASELINE_COLLECTION,STANCE,0.8889,-34.900,393.200,-34.900,0.0000,0.0000,-1.9660,0.0000,0,
17.4657,159.0200,BASELINE_COLLECTION,STANCE,0.9028,-31.200,352.600,-31.200,0.0000,0.0000,-1.7630,0.0000,0,
17.4777,159.0300,BASELINE_COLLECTION,STANCE,0.9167,-28.000,314.600,-28.000,0.0000,0.0000,-1.5730,0.0000,0,
17.4857,159.0400,BASELINE_COLLECTION,STANCE,0.9306,-25.300,288.000,-25.300,0.0000,0.0000,-1.4400,0.0000,0,
17.4976,159.0500,BASELINE_COLLECTION,STANCE,0.9444,-22.600,261.400,-22.600,0.0000,0.0000,-1.3070,0.0000,0,
17.5057,159.0600,BASELINE_COLLECTION,STANCE,0.9583,-20.200,234.900,-20.200,0.0000,0.0000,-1.1745,0.0000,0,
17.5177,159.0700,BASELINE_COLLECTION,STANCE,0.9722,-18.000,212.800,-18.000,0.0000,0.0000,-1.0640,0.0000,0,
17.5256,159.0800,BASELINE_COLLECTION,STANCE,0.9861,-16.000,193.500,-16.000,0.0000,0.0000,-0.9675,0.0000,0,
17.5378,159.0900,BASELINE_COLLECTION,SWING,0.0000,-14.200,168.300,-14.200,0.0000,0.0000,-0.8415,0.0000,0,
17.5456,159.1000,BASELINE_COLLECTION,SWING,0.0208,-12.700,138.900,-12.700,0.0654,0.0000,-0.6945,0.0000,0,
17.5577,159.1100,BASELINE_COLLECTION,SWING,0.0417,-11.600,105.400,-11.600,0.1305,0.0000,-0.5270,0.0000,0,
17.5657,159.1200,BASELINE_COLLECTION,SWING,0.0625,-10.800,68.900,-10.800,0.1951,0.0000,-0.3445,0.0000,0,
17.5777,159.1300,BASELINE_COLLECTION,SWING,0.0833,-10.300,29.400,-10.300,0.2588,0.0000,-0.1470,0.0000,0,
17.5856,159.1400,BASELINE_COLLECTION,SWING,0.1042,-10.300,-5.000,-10.300,0.3214,0.0000,0.0250,0.0747,0,
17.5977,159.1500,BASELINE_COLLECTION,SWING,0.1250,-10.400,-11.000,-10.400,0.3827,0.0000,0.0550,0.1092,0,
17.6056,159.1600,BASELINE_COLLECTION,SWING,0.1458,-10.500,-13.600,-10.500,0.4423,0.0000,0.0680,0.1241,0,
17.6177,159.1700,BASELINE_COLLECTION,SWING,0.1667,-10.700,-19.700,-10.700,0.5000,0.0000,0.0985,0.1592,0,
17.6256,159.1800,BASELINE_COLLECTION,SWING,0.1875,-11.000,-26.300,-11.000,0.5556,0.0000,0.1315,0.1971,0,
17.6377,159.1900,BASELINE_COLLECTION,SWING,0.2083,-11.300,-34.700,-11.300,0.6088,0.0000,0.1735,0.2454,0,
17.6455,159.2000,BASELINE_COLLECTION,SWING,0.2292,-11.700,-45.300,-11.700,0.6593,0.0000,0.2265,0.3000,1,
17.6577,159.2100,BASELINE_COLLECTION,SWING,0.2500,-12.300,-63.300,-12.300,0.7071,0.0000,0.3165,0.3000,1,
17.6697,159.2200,BASELINE_COLLECTION,SWING,0.2708,-13.000,-78.100,-13.000,0.7518,0.0000,0.3905,0.3000,1,
17.6777,159.2300,BASELINE_COLLECTION,SWING,0.2917,-13.800,-83.100,-13.800,0.7934,0.0000,0.4155,0.3000,1,
17.6898,159.2400,BASELINE_COLLECTION,SWING,0.3125,-14.700,-83.400,-14.700,0.8315,0.0000,0.4170,0.3000,1,
17.6978,159.2500,BASELINE_COLLECTION,SWING,0.3333,-15.500,-86.700,-15.500,0.8660,0.0000,0.4335,0.3000,1,
17.7096,159.2600,BASELINE_COLLECTION,SWING,0.3542,-16.300,-89.400,-16.300,0.8969,0.0000,0.4470,0.3000,1,
17.7177,159.2700,BASELINE_COLLECTION,SWING,0.3750,-17.300,-82.100,-17.300,0.9239,0.0000,0.4105,0.3000,1,
17.7298,159.2800,BASELINE_COLLECTION,SWING,0.3958,-18.000,-70.300,-18.000,0.9469,0.0000,0.3515,0.3000,1,
17.7377,159.2900,BASELINE_COLLECTION,SWING,0.4167,-18.600,-61.300,-18.600,0.9659,0.0000,0.3065,0.3000,1,
17.7498,159.3000,BASELINE_COLLECTION,SWING,0.4375,-19.300,-65.000,-19.300,0.9808,0.0000,0.3250,0.3000,1,
17.7577,159.3100,BASELINE_COLLECTION,SWING,0.4583,-20.000,-73.200,-20.000,0.9914,0.0000,0.3660,0.3000,1,
17.7698,159.3200,BASELINE_COLLECTION,SWING,0.4792,-20.800,-90.400,-20.800,0.9979,0.0000,0.4520,0.3000,1,
17.7777,159.3300,BASELINE_COLLECTION,SWING,0.5000,-21.900,-111.700,-21.900,1.0000,0.0000,0.5585,0.3000,1,
17.7897,159.3400,BASELINE_COLLECTION,SWING,0.5208,-23.100,-132.300,-23.100,0.9979,0.0000,0.6615,0.3000,1,
17.7977,159.3500,BASELINE_COLLECTION,SWING,0.5417,-24.600,-152.000,-24.600,0.9914,0.0000,0.7600,0.3000,1,
17.8097,159.3600,BASELINE_COLLECTION,SWING,0.5625,-26.200,-168.900,-26.200,0.9808,0.0000,0.8445,0.3000,1,
17.8177,159.3700,BASELINE_COLLECTION,SWING,0.5833,-28.000,-178.300,-28.000,0.9659,0.0000,0.8915,0.3000,1,
17.8297,159.3800,BASELINE_COLLECTION,SWING,0.6042,-29.800,-177.900,-29.800,0.9469,0.0000,0.8895,0.3000,1,
17.8377,159.3900,BASELINE_COLLECTION,SWING,0.6250,-31.500,-170.700,-31.500,0.9239,0.0000,0.8535,0.3000,1,
17.8497,159.4000,BASELINE_COLLECTION,SWING,0.6458,-33.200,-158.900,-33.200,0.8969,0.0000,0.7945,0.3000,1,
17.8577,159.4100,BASELINE_COLLECTION,SWING,0.6667,-34.600,-140.900,-34.600,0.8660,0.0000,0.7045,0.3000,1,
17.8697,159.4200,BASELINE_COLLECTION,SWING,0.6875,-35.900,-117.300,-35.900,0.8315,0.0000,0.5865,0.3000,1,
17.8777,159.4300,BASELINE_COLLECTION,SWING,0.7083,-36.900,-90.300,-36.900,0.7934,0.0000,0.4515,0.3000,1,
17.8898,159.4400,BASELINE_COLLECTION,SWING,0.7292,-37.600,-62.400,-37.600,0.7518,0.0000,0.3120,0.3000,1,
17.8976,159.4500,BASELINE_COLLECTION,SWING,0.7500,-38.000,-31.900,-38.000,0.7071,0.0000,0.1595,0.2293,0,
17.9097,159.4600,BASELINE_COLLECTION,SWING,0.7708,-38.100,-5.400,-38.100,0.6593,0.0000,0.0270,0.0770,0,
17.9177,159.4700,BASELINE_COLLECTION,SWING,0.7917,-38.100,3.100,-38.100,0.6088,0.0000,-0.0155,0.0000,0,
17.9295,159.4800,BASELINE_COLLECTION,SWING,0.8125,-38.100,-1.300,-38.100,0.5556,0.0000,0.0065,0.0534,0,
17.9377,159.4900,BASELINE_COLLECTION,SWING,0.8333,-38.100,-2.100,-38.100,0.5000,0.0000,0.0105,0.0580,0,
17.9497,159.5000,BASELINE_COLLECTION,SWING,0.8542,-38.200,-8.100,-38.200,0.4423,0.0000,0.0405,0.0925,0,
17.9577,159.5100,BASELINE_COLLECTION,SWING,0.8750,-38.300,-19.100,-38.300,0.3827,0.0000,0.0955,0.1557,0,
17.9697,159.5200,BASELINE_COLLECTION,SWING,0.8958,-38.600,-29.800,-38.600,0.3214,0.0000,0.1490,0.2172,0,
17.9777,159.5300,BASELINE_COLLECTION,SWING,0.9167,-39.000,-43.400,-39.000,0.2588,0.0000,0.2170,0.2954,0,
17.9897,159.5400,BASELINE_COLLECTION,SWING,0.9375,-39.500,-52.900,-39.500,0.1951,0.0000,0.2645,0.3000,1,
17.9977,159.5500,BASELINE_COLLECTION,SWING,0.9583,-40.100,-62.700,-40.100,0.1305,0.0000,0.3135,0.3000,1,
18.0097,159.5600,BASELINE_COLLECTION,SWING,0.9792,-40.800,-68.200,-40.800,0.0654,0.0000,0.3410,0.3000,1,
18.0178,159.5700,BASELINE_COLLECTION,STANCE,0.0000,-41.500,-72.600,-41.500,0.0000,0.0000,0.3630,0.3000,1,
18.0297,159.5800,BASELINE_COLLECTION,STANCE,0.0139,-42.200,-79.000,-42.200,0.0000,0.0000,0.3950,0.3000,1,
18.0377,159.5900,BASELINE_COLLECTION,STANCE,0.0278,-43.100,-85.500,-43.100,0.0000,0.0000,0.4275,0.3000,1,
18.0498,159.6000,BASELINE_COLLECTION,STANCE,0.0417,-44.000,-88.900,-44.000,0.0000,0.0000,0.4445,0.3000,1,
18.0577,159.6100,BASELINE_COLLECTION,STANCE,0.0556,-44.900,-93.200,-44.900,0.0000,0.0000,0.4660,0.3000,1,
18.0697,159.6200,BASELINE_COLLECTION,STANCE,0.0694,-45.800,-96.900,-45.800,0.0000,0.0000,0.4845,0.3000,1,
18.0778,159.6300,BASELINE_COLLECTION,STANCE,0.0833,-46.800,-95.400,-46.800,0.0000,0.0000,0.4770,0.3000,1,
18.0898,159.6400,BASELINE_COLLECTION,STANCE,0.0972,-47.700,-93.800,-47.700,0.0000,0.0000,0.4690,0.3000,1,
18.0977,159.6500,BASELINE_COLLECTION,STANCE,0.1111,-48.700,-89.700,-48.700,0.0000,0.0000,0.4485,0.3000,1,
18.1097,159.6600,BASELINE_COLLECTION,STANCE,0.1250,-49.500,-83.700,-49.500,0.0000,0.0000,0.4185,0.3000,1,
18.1177,159.6700,BASELINE_COLLECTION,STANCE,0.1389,-50.300,-78.400,-50.300,0.0000,0.0000,0.3920,0.3000,1,
18.1297,159.6800,BASELINE_COLLECTION,STANCE,0.1528,-51.000,-71.500,-51.000,0.0000,0.0000,0.3575,0.3000,1,
18.1376,159.6900,BASELINE_COLLECTION,STANCE,0.1667,-51.700,-61.600,-51.700,0.0000,0.0000,0.3080,0.3000,1,
18.1497,159.7000,BASELINE_COLLECTION,STANCE,0.1806,-52.200,-52.300,-52.200,0.0000,0.0000,0.2615,0.3000,1,
18.1578,159.7100,BASELINE_COLLECTION,STANCE,0.1944,-52.700,-44.300,-52.700,0.0000,0.0000,0.2215,0.3000,1,
18.1697,159.7200,BASELINE_COLLECTION,STANCE,0.2083,-53.100,-41.400,-53.100,0.0000,0.0000,0.2070,0.2839,0,
18.1778,159.7300,BASELINE_COLLECTION,STANCE,0.2222,-53.500,-36.500,-53.500,0.0000,0.0000,0.1825,0.2557,0,
18.1897,159.7400,BASELINE_COLLECTION,STANCE,0.2361,-53.800,-27.800,-53.800,0.0000,0.0000,0.1390,0.2057,0,
18.1977,159.7500,BASELINE_COLLECTION,STANCE,0.2500,-54.100,-23.800,-54.100,0.0000,0.0000,0.1190,0.1828,0,
18.2097,159.7600,BASELINE_COLLECTION,STANCE,0.2639,-54.300,-26.100,-54.300,0.0000,0.0000,0.1305,0.1960,0,
18.2177,159.7700,BASELINE_COLLECTION,STANCE,0.2778,-54.600,-31.000,-54.600,0.0000,0.0000,0.1550,0.2241,0,
18.2297,159.7800,BASELINE_COLLECTION,STANCE,0.2917,-55.000,-38.100,-55.000,0.0000,0.0000,0.1905,0.2649,0,
18.2376,159.7900,BASELINE_COLLECTION,STANCE,0.3056,-55.400,-46.200,-55.400,0.0000,0.0000,0.2310,0.3000,1,
18.2496,159.8000,BASELINE_COLLECTION,STANCE,0.3194,-55.900,-54.800,-55.900,0.0000,0.0000,0.2740,0.3000,1,
18.2577,159.8100,BASELINE_COLLECTION,STANCE,0.3333,-56.500,-57.600,-56.500,0.0000,0.0000,0.2880,0.3000,1,
18.2697,159.8200,BASELINE_COLLECTION,STANCE,0.3472,-57.100,-60.600,-57.100,0.0000,0.0000,0.3030,0.3000,1,
18.2777,159.8300,BASELINE_COLLECTION,STANCE,0.3611,-57.700,-63.900,-57.700,0.0000,0.0000,0.3195,0.3000,1,
18.2897,159.8400,BASELINE_COLLECTION,STANCE,0.3750,-58.400,-69.200,-58.400,0.0000,0.0000,0.3460,0.3000,1,
18.2977,159.8500,BASELINE_COLLECTION,STANCE,0.3889,-59.100,-74.000,-59.100,0.0000,0.0000,0.3700,0.3000,1,
18.3097,159.8600,BASELINE_COLLECTION,STANCE,0.4028,-59.900,-81.600,-59.900,0.0000,0.0000,0.4080,0.3000,1,
18.3177,159.8700,BASELINE_COLLECTION,STANCE,0.4167,-60.800,-91.200,-60.800,0.0000,0.0000,0.4560,0.3000,1,
18.3297,159.8800,BASELINE_COLLECTION,STANCE,0.4306,-61.800,-100.000,-61.800,0.0000,0.0000,0.5000,0.3000,1,
18.3378,159.8900,BASELINE_COLLECTION,STANCE,0.4444,-62.800,-110.800,-62.800,0.0000,0.0000,0.5540,0.3000,1,
18.3496,159.9000,BASELINE_COLLECTION,STANCE,0.4583,-64.000,-124.300,-64.000,0.0000,0.0000,0.6215,0.3000,1,
18.3577,159.9100,BASELINE_COLLECTION,STANCE,0.4722,-65.400,-137.800,-65.400,0.0000,0.0000,0.6890,0.3000,1,
18.3696,159.9200,BASELINE_COLLECTION,STANCE,0.4861,-66.900,-152.100,-66.900,0.0000,0.0000,0.7605,0.3000,1,
18.3776,159.9300,BASELINE_COLLECTION,STANCE,0.5000,-68.500,-168.000,-68.500,0.0000,0.0000,0.8400,0.3000,1,
18.3898,159.9400,BASELINE_COLLECTION,STANCE,0.5139,-70.300,-184.100,-70.300,0.0000,0.0000,0.9205,0.3000,1,
18.3977,159.9500,BASELINE_COLLECTION,STANCE,0.5278,-72.200,-198.800,-72.200,0.0000,0.0000,0.9940,0.3000,1,
18.4097,159.9600,BASELINE_COLLECTION,STANCE,0.5417,-74.300,-211.200,-74.300,0.0000,0.0000,1.0560,0.3000,1,
18.4178,159.9700,BASELINE_COLLECTION,STANCE,0.5556,-76.500,-225.700,-76.500,0.0000,0.0000,1.1285,0.3000,1,
18.4297,159.9800,BASELINE_COLLECTION,STANCE,0.5694,-78.900,-240.900,-78.900,0.0000,0.0000,1.2045,0.3000,1,
18.4378,159.9900,BASELINE_COLLECTION,STANCE,0.5833,-81.400,-254.800,-81.400,0.0000,0.0000,1.2740,0.3000,1,
18.4496,160.0000,BASELINE_COLLECTION,STANCE,0.5972,-82.600,-260.400,-82.600,0.0000,0.0000,1.3020,0.3000,1,
18.4577,160.0100,BASELINE_COLLECTION,STANCE,0.6111,-86.800,-279.000,-86.800,0.0000,0.0000,1.3950,0.3000,1,
18.4697,160.0200,BASELINE_COLLECTION,STANCE,0.6250,-89.600,-294.100,-89.600,0.0000,0.0000,1.4705,0.3000,1,
18.4777,160.0300,BASELINE_COLLECTION,STANCE,0.6389,-92.700,-306.300,-92.700,0.0000,0.0000,1.5315,0.3000,1,
18.4897,160.0400,BASELINE_COLLECTION,STANCE,0.6528,-95.800,-319.600,-95.800,0.0000,0.0000,1.5980,0.3000,1,
18.4976,160.0500,BASELINE_COLLECTION,STANCE,0.6667,-99.500,-333.200,-99.500,0.0000,0.0000,1.6660,0.3000,1,
18.5097,160.0600,BASELINE_COLLECTION,STANCE,0.6806,-102.900,-343.100,-102.900,0.0000,0.0000,1.7155,0.3000,1,
18.5177,160.0700,BASELINE_COLLECTION,STANCE,0.6944,-106.400,-363.000,-106.400,0.0000,0.0000,1.8150,0.3000,1,
18.5297,160.0800,BASELINE_COLLECTION,STANCE,0.7083,-110.200,-382.100,-110.200,0.0000,0.0000,1.9105,0.3000,1,
18.5377,160.0900,BASELINE_COLLECTION,STANCE,0.7222,-114.100,-397.200,-114.100,0.0000,0.0000,1.9860,0.3000,1,
18.5496,160.1000,BASELINE_COLLECTION,STANCE,0.7361,-118.200,-404.600,-118.200,0.0000,0.0000,2.0230,0.3000,1,
18.5577,160.1100,BASELINE_COLLECTION,STANCE,0.7500,-122.200,-398.200,-122.200,0.0000,0.0000,1.9910,0.3000,1,
18.5697,160.1200,BASELINE_COLLECTION,STANCE,0.7639,-126.000,-376.100,-126.000,0.0000,0.0000,1.8805,0.3000,1,
18.5777,160.1300,BASELINE_COLLECTION,STANCE,0.7778,-129.500,-327.200,-129.500,0.0000,0.0000,1.6360,0.3000,1,
18.5897,160.1400,BASELINE_COLLECTION,STANCE,0.7917,-132.300,-271.600,-132.300,0.0000,0.0000,1.3580,0.3000,1,
18.5977,160.1500,BASELINE_COLLECTION,STANCE,0.8056,-134.600,-208.000,-134.600,0.0000,0.0000,1.0400,0.3000,1,
18.6097,160.1600,BASELINE_COLLECTION,STANCE,0.8194,-136.200,-138.700,-136.200,0.0000,0.0000,0.6935,0.3000,1,
18.6175,160.1700,BASELINE_COLLECTION,STANCE,0.8333,-137.100,-69.300,-137.100,0.0000,0.0000,0.3465,0.3000,1,
18.6297,160.1800,BASELINE_COLLECTION,STANCE,0.8472,-137.400,-1.700,-137.400,0.0000,0.0000,0.0085,0.0557,0,
18.6378,160.1900,BASELINE_COLLECTION,STANCE,0.8611,-137.000,49.200,-137.000,0.0000,0.0000,-0.2460,0.0000,0,
18.6497,160.2000,BASELINE_COLLECTION,STANCE,0.8750,-136.200,95.000,-136.200,0.0000,0.0000,-0.4750,0.0000,0,
18.6575,160.2100,BASELINE_COLLECTION,STANCE,0.8889,-135.000,134.400,-135.000,0.0000,0.0000,-0.6720,0.0000,0,
18.6697,160.2200,BASELINE_COLLECTION,STANCE,0.9028,-133.400,162.000,-133.400,0.0000,0.0000,-0.8100,0.0000,0,
18.6777,160.2300,BASELINE_COLLECTION,STANCE,0.9167,-131.600,184.100,-131.600,0.0000,0.0000,-0.9205,0.0000,0,
18.6897,160.2400,BASELINE_COLLECTION,STANCE,0.9306,-129.600,207.300,-129.600,0.0000,0.0000,-1.0365,0.0000,0,
18.6977,160.2500,BASELINE_COLLECTION,STANCE,0.9444,-127.400,233.200,-127.400,0.0000,0.0000,-1.1660,0.0000,0,
18.7098,160.2600,BASELINE_COLLECTION,STANCE,0.9583,-124.900,260.300,-124.900,0.0000,0.0000,-1.3015,0.0000,0,
18.7178,160.2700,BASELINE_COLLECTION,STANCE,0.9722,-122.100,282.400,-122.100,0.0000,0.0000,-1.4120,0.0000,0,
18.7297,160.2800,BASELINE_COLLECTION,STANCE,0.9861,-119.100,302.600,-119.100,0.0000,0.0000,-1.5130,0.0000,0,
18.7375,160.2900,BASELINE_COLLECTION,STANCE,1.0000,-116.000,323.900,-116.000,0.0000,0.0000,-1.6195,0.0000,0,
18.7456,160.3000,BASELINE_COLLECTION,SWING,0.0208,-112.900,342.700,-112.900,0.0654,0.0000,-1.7135,0.0000,0,
18.7577,160.3100,BASELINE_COLLECTION,SWING,0.0417,-109.000,369.400,-109.000,0.1305,0.0000,-1.8470,0.0000,0,
18.7697,160.3200,BASELINE_COLLECTION,SWING,0.0625,-105.100,394.200,-105.100,0.1951,0.0000,-1.9710,0.0000,0,
18.7776,160.3300,BASELINE_COLLECTION,SWING,0.0833,-101.000,414.200,-101.000,0.2588,0.0000,-2.0710,0.0000,0,
18.7897,160.3400,BASELINE_COLLECTION,SWING,0.1042,-96.700,439.600,-96.700,0.3214,0.0000,-2.1980,0.0000,0,
18.7977,160.3500,BASELINE_COLLECTION,SWING,0.1250,-92.200,455.400,-92.200,0.3827,0.0000,-2.2770,0.0000,0,
18.8097,160.3600,BASELINE_COLLECTION,SWING,0.1458,-87.400,482.300,-87.400,0.4423,0.0000,-2.4115,0.0000,0,
18.8177,160.3700,BASELINE_COLLECTION,SWING,0.1667,-82.500,497.600,-82.500,0.5000,0.0000,-2.4880,0.0000,0,
18.8297,160.3800,BASELINE_COLLECTION,SWING,0.1875,-77.400,515.000,-77.400,0.5556,0.0000,-2.5750,0.0000,0,
18.8377,160.3900,BASELINE_COLLECTION,SWING,0.2083,-72.100,537.300,-72.100,0.6088,0.0000,-2.6865,0.0000,0,
18.8497,160.4000,BASELINE_COLLECTION,SWING,0.2292,-66.600,556.300,-66.600,0.6593,0.0000,-2.7815,0.0000,0,
18.8578,160.4100,BASELINE_COLLECTION,SWING,0.2500,-60.900,575.400,-60.900,0.7071,0.0000,-2.8770,0.0000,0,
18.8696,160.4200,BASELINE_COLLECTION,SWING,0.2708,-55.100,587.200,-55.100,0.7518,0.0000,-2.9360,0.0000,0,
18.8777,160.4300,BASELINE_COLLECTION,SWING,0.2917,-49.100,607.300,-49.100,0.7934,0.0000,-3.0365,0.0000,0,
18.8897,160.4400,BASELINE_COLLECTION,SWING,0.3125,-43.000,606.200,-43.000,0.8315,0.0000,-3.0310,0.0000,0,
18.8977,160.4500,BASELINE_COLLECTION,SWING,0.3333,-37.000,589.600,-37.000,0.8660,0.0000,-2.9480,0.0000,0,
18.9096,160.4600,BASELINE_COLLECTION,SWING,0.3542,-31.300,567.500,-31.300,0.8969,0.0000,-2.8375,0.0000,0,
18.9176,160.4700,BASELINE_COLLECTION,SWING,0.3750,-25.800,532.100,-25.800,0.9239,0.0000,-2.6605,0.0000,0,
18.9297,160.4800,BASELINE_COLLECTION,SWING,0.3958,-20.800,478.400,-20.800,0.9469,0.0000,-2.3920,0.0000,0,
18.9377,160.4900,BASELINE_COLLECTION,SWING,0.4167,-16.500,412.800,-16.500,0.9659,0.0000,-2.0640,0.0000,0,
18.9498,160.5000,BASELINE_COLLECTION,SWING,0.4375,-12.800,350.800,-12.800,0.9808,0.0000,-1.7540,0.0000,0,
18.9578,160.5100,BASELINE_COLLECTION,SWING,0.4583,-9.800,283.100,-9.800,0.9914,0.0000,-1.4155,0.0000,0,
18.9696,160.5200,BASELINE_COLLECTION,SWING,0.4792,-7.400,217.300,-7.400,0.9979,0.0000,-1.0865,0.0000,0,
18.9776,160.5300,BASELINE_COLLECTION,SWING,0.5000,-5.800,132.800,-5.800,1.0000,0.0000,-0.6640,0.0000,0,
18.9897,160.5400,BASELINE_COLLECTION,SWING,0.5208,-5.100,50.000,-5.100,0.9979,0.0000,-0.2500,0.0000,0,
18.9977,160.5500,BASELINE_COLLECTION,SWING,0.5417,-5.000,-1.100,-5.000,0.9914,0.0000,0.0055,0.0523,0,
19.0096,160.5600,BASELINE_COLLECTION,SWING,0.5625,-5.100,-15.100,-5.100,0.9808,0.0000,0.0755,0.1328,0,
19.0175,160.5700,BASELINE_COLLECTION,SWING,0.5833,-5.200,-8.400,-5.200,0.9659,0.0000,0.0420,0.0943,0,
19.0294,160.5800,BASELINE_COLLECTION,SWING,0.6042,-5.200,-5.900,-5.200,0.9469,0.0000,0.0295,0.0799,0,
19.0416,160.5900,BASELINE_COLLECTION,SWING,0.6250,-5.300,-12.900,-5.300,0.9239,0.0000,0.0645,0.1201,0,
19.0497,160.6000,BASELINE_COLLECTION,SWING,0.6458,-5.600,-32.700,-5.600,0.8969,0.0000,0.1635,0.2339,0,
19.0618,160.6100,BASELINE_COLLECTION,SWING,0.6667,-6.100,-60.400,-6.100,0.8660,0.0000,0.3020,0.3000,1,
19.0698,160.6200,BASELINE_COLLECTION,SWING,0.6875,-6.900,-78.000,-6.900,0.8315,0.0000,0.3900,0.3000,1,
19.0857,160.6300,BASELINE_COLLECTION,SWING,0.7083,-7.700,-80.300,-7.700,0.7934,0.0000,0.4015,0.3000,1,
19.0938,160.6500,BASELINE_COLLECTION,SWING,0.7500,-9.500,-103.200,-9.500,0.7071,0.0000,0.5160,0.3000,1,
19.1097,160.6600,BASELINE_COLLECTION,SWING,0.7708,-10.600,-113.000,-10.600,0.6593,0.0000,0.5650,0.3000,1,
19.1177,160.6700,BASELINE_COLLECTION,SWING,0.7917,-11.700,-109.900,-11.700,0.6088,0.0000,0.5495,0.3000,1,
19.1297,160.6800,BASELINE_COLLECTION,SWING,0.8125,-12.800,-102.400,-12.800,0.5556,0.0000,0.5120,0.3000,1,
19.1377,160.6900,BASELINE_COLLECTION,SWING,0.8333,-13.800,-100.600,-13.800,0.5000,0.0000,0.5030,0.3000,1,
19.1497,160.7000,BASELINE_COLLECTION,SWING,0.8542,-14.800,-95.100,-14.800,0.4423,0.0000,0.4755,0.3000,1,
19.1577,160.7100,BASELINE_COLLECTION,SWING,0.8750,-15.600,-82.400,-15.600,0.3827,0.0000,0.4120,0.3000,1,
19.1697,160.7200,BASELINE_COLLECTION,SWING,0.8958,-16.400,-67.300,-16.400,0.3214,0.0000,0.3365,0.3000,1,
19.1778,160.7300,BASELINE_COLLECTION,SWING,0.9167,-16.900,-52.600,-16.900,0.2588,0.0000,0.2630,0.3000,1,
19.1897,160.7400,BASELINE_COLLECTION,SWING,0.9375,-17.400,-45.200,-17.400,0.1951,0.0000,0.2260,0.3000,1,
19.1977,160.7500,BASELINE_COLLECTION,SWING,0.9583,-17.900,-47.700,-17.900,0.1305,0.0000,0.2385,0.3000,1,
19.2098,160.7600,BASELINE_COLLECTION,SWING,0.9792,-18.400,-55.500,-18.400,0.0654,0.0000,0.2775,0.3000,1,
19.2178,160.7700,BASELINE_COLLECTION,STANCE,0.0000,-19.000,-68.400,-19.000,0.0000,0.0000,0.3420,0.3000,1,
19.2297,160.7800,BASELINE_COLLECTION,STANCE,0.0139,-19.800,-79.800,-19.800,0.0000,0.0000,0.3990,0.3000,1,
19.2377,160.7900,BASELINE_COLLECTION,STANCE,0.0278,-20.700,-88.500,-20.700,0.0000,0.0000,0.4425,0.3000,1,
19.2497,160.8000,BASELINE_COLLECTION,STANCE,0.0417,-21.600,-99.500,-21.600,0.0000,0.0000,0.4975,0.3000,1,
19.2577,160.8100,BASELINE_COLLECTION,STANCE,0.0556,-22.700,-108.100,-22.700,0.0000,0.0000,0.5405,0.3000,1,
19.2697,160.8200,BASELINE_COLLECTION,STANCE,0.0694,-23.800,-111.700,-23.800,0.0000,0.0000,0.5585,0.3000,1,
19.2777,160.8300,BASELINE_COLLECTION,STANCE,0.0833,-24.900,-110.200,-24.900,0.0000,0.0000,0.5510,0.3000,1,
19.2897,160.8400,BASELINE_COLLECTION,STANCE,0.0972,-26.000,-103.600,-26.000,0.0000,0.0000,0.5180,0.3000,1,
19.2977,160.8500,BASELINE_COLLECTION,STANCE,0.1111,-26.900,-95.100,-26.900,0.0000,0.0000,0.4755,0.3000,1,
19.3097,160.8600,BASELINE_COLLECTION,STANCE,0.1250,-27.800,-82.200,-27.800,0.0000,0.0000,0.4110,0.3000,1,
19.3177,160.8700,BASELINE_COLLECTION,STANCE,0.1389,-28.500,-67.300,-28.500,0.0000,0.0000,0.3365,0.3000,1,
19.3297,160.8800,BASELINE_COLLECTION,STANCE,0.1528,-29.100,-49.000,-29.100,0.0000,0.0000,0.2450,0.3000,1,
19.3417,160.8900,BASELINE_COLLECTION,STANCE,0.1667,-29.400,-32.000,-29.400,0.0000,0.0000,0.1600,0.2299,0,
19.3497,160.9000,BASELINE_COLLECTION,STANCE,0.1806,-29.700,-16.600,-29.700,0.0000,0.0000,0.0830,0.1414,0,
19.3617,160.9100,BASELINE_COLLECTION,STANCE,0.1944,-29.700,-0.700,-29.700,0.0000,0.0000,0.0035,0.0500,0,
19.3697,160.9200,BASELINE_COLLECTION,STANCE,0.2083,-29.700,-0.200,-29.700,0.0000,0.0000,0.0010,0.0471,0,
19.3818,160.9300,BASELINE_COLLECTION,STANCE,0.2222,-29.700,-1.900,-29.700,0.0000,0.0000,0.0095,0.0569,0,
19.3897,160.9400,BASELINE_COLLECTION,STANCE,0.2361,-29.800,-7.600,-29.800,0.0000,0.0000,0.0380,0.0897,0,
19.4017,160.9500,BASELINE_COLLECTION,STANCE,0.2500,-29.900,-15.700,-29.900,0.0000,0.0000,0.0785,0.1362,0,
19.4097,160.9600,BASELINE_COLLECTION,STANCE,0.2639,-30.100,-26.200,-30.100,0.0000,0.0000,0.1310,0.1966,0,
19.4218,160.9700,BASELINE_COLLECTION,STANCE,0.2778,-30.500,-36.600,-30.500,0.0000,0.0000,0.1830,0.2563,0,
19.4298,160.9800,BASELINE_COLLECTION,STANCE,0.2917,-30.900,-44.700,-30.900,0.0000,0.0000,0.2235,0.3000,1,
19.4417,160.9900,BASELINE_COLLECTION,STANCE,0.3056,-31.400,-51.500,-31.400,0.0000,0.0000,0.2575,0.3000,1,
19.4497,161.0000,BASELINE_COLLECTION,STANCE,0.3194,-31.700,-54.600,-31.700,0.0000,0.0000,0.2730,0.3000,1,
19.4617,161.0100,BASELINE_COLLECTION,STANCE,0.3333,-32.600,-57.300,-32.600,0.0000,0.0000,0.2865,0.3000,1,
19.4697,161.0200,BASELINE_COLLECTION,STANCE,0.3472,-33.100,-53.200,-33.100,0.0000,0.0000,0.2660,0.3000,1,
19.4817,161.0300,BASELINE_COLLECTION,STANCE,0.3611,-33.600,-52.500,-33.600,0.0000,0.0000,0.2625,0.3000,1,
19.4897,161.0400,BASELINE_COLLECTION,STANCE,0.3750,-34.200,-52.700,-34.200,0.0000,0.0000,0.2635,0.3000,1,
19.5017,161.0500,BASELINE_COLLECTION,STANCE,0.3889,-34.700,-53.500,-34.700,0.0000,0.0000,0.2675,0.3000,1,
19.5097,161.0600,BASELINE_COLLECTION,STANCE,0.4028,-35.200,-51.100,-35.200,0.0000,0.0000,0.2555,0.3000,1,
19.5217,161.0700,BASELINE_COLLECTION,STANCE,0.4167,-35.600,-46.500,-35.600,0.0000,0.0000,0.2325,0.3000,1,
19.5297,161.0800,BASELINE_COLLECTION,STANCE,0.4306,-36.100,-44.700,-36.100,0.0000,0.0000,0.2235,0.3000,1,
19.5417,161.0900,BASELINE_COLLECTION,STANCE,0.4444,-36.500,-42.200,-36.500,0.0000,0.0000,0.2110,0.2885,0,
19.5497,161.1000,BASELINE_COLLECTION,STANCE,0.4583,-36.900,-40.500,-36.900,0.0000,0.0000,0.2025,0.2787,0,
19.5617,161.1100,BASELINE_COLLECTION,STANCE,0.4722,-37.400,-43.300,-37.400,0.0000,0.0000,0.2165,0.2948,0,
19.5697,161.1200,BASELINE_COLLECTION,STANCE,0.4861,-37.800,-42.100,-37.800,0.0000,0.0000,0.2105,0.2879,0,
19.5818,161.1300,BASELINE_COLLECTION,STANCE,0.5000,-38.200,-39.700,-38.200,0.0000,0.0000,0.1985,0.2741,0,
19.5898,161.1400,BASELINE_COLLECTION,STANCE,0.5139,-38.600,-40.500,-38.600,0.0000,0.0000,0.2025,0.2787,0,
19.6017,161.1500,BASELINE_COLLECTION,STANCE,0.5278,-39.000,-42.000,-39.000,0.0000,0.0000,0.2100,0.2874,0,
19.6096,161.1600,BASELINE_COLLECTION,STANCE,0.5417,-39.400,-42.000,-39.400,0.0000,0.0000,0.2100,0.2874,0,
19.6218,161.1700,BASELINE_COLLECTION,STANCE,0.5556,-39.900,-45.900,-39.900,0.0000,0.0000,0.2295,0.3000,1,
19.6296,161.1800,BASELINE_COLLECTION,STANCE,0.5694,-40.400,-48.500,-40.400,0.0000,0.0000,0.2425,0.3000,1,
19.6417,161.1900,BASELINE_COLLECTION,STANCE,0.5833,-40.800,-46.600,-40.800,0.0000,0.0000,0.2330,0.3000,1,
19.6497,161.2000,BASELINE_COLLECTION,STANCE,0.5972,-41.300,-46.300,-41.300,0.0000,0.0000,0.2315,0.3000,1,
19.6617,161.2100,BASELINE_COLLECTION,STANCE,0.6111,-41.800,-49.500,-41.800,0.0000,0.0000,0.2475,0.3000,1,
19.6697,161.2200,BASELINE_COLLECTION,STANCE,0.6250,-42.300,-53.000,-42.300,0.0000,0.0000,0.2650,0.3000,1,
19.6817,161.2300,BASELINE_COLLECTION,STANCE,0.6389,-42.900,-57.400,-42.900,0.0000,0.0000,0.2870,0.3000,1,
19.6898,161.2400,BASELINE_COLLECTION,STANCE,0.6528,-43.400,-58.200,-43.400,0.0000,0.0000,0.2910,0.3000,1,
19.7017,161.2500,BASELINE_COLLECTION,STANCE,0.6667,-44.000,-61.300,-44.000,0.0000,0.0000,0.3065,0.3000,1,
19.7096,161.2600,BASELINE_COLLECTION,STANCE,0.6806,-44.700,-67.300,-44.700,0.0000,0.0000,0.3365,0.3000,1,
19.7217,161.2700,BASELINE_COLLECTION,STANCE,0.6944,-45.400,-77.000,-45.400,0.0000,0.0000,0.3850,0.3000,1,
19.7298,161.2800,BASELINE_COLLECTION,STANCE,0.7083,-46.200,-82.500,-46.200,0.0000,0.0000,0.4125,0.3000,1,
19.7417,161.2900,BASELINE_COLLECTION,STANCE,0.7222,-47.100,-91.300,-47.100,0.0000,0.0000,0.4565,0.3000,1,
19.7497,161.3000,BASELINE_COLLECTION,STANCE,0.7361,-48.100,-101.200,-48.100,0.0000,0.0000,0.5060,0.3000,1,
19.7618,161.3100,BASELINE_COLLECTION,STANCE,0.7500,-49.200,-110.600,-49.200,0.0000,0.0000,0.5530,0.3000,1,
19.7697,161.3200,BASELINE_COLLECTION,STANCE,0.7639,-50.400,-121.000,-50.400,0.0000,0.0000,0.6050,0.3000,1,
19.7817,161.3300,BASELINE_COLLECTION,STANCE,0.7778,-51.700,-131.600,-51.700,0.0000,0.0000,0.6580,0.3000,1,
19.7896,161.3400,BASELINE_COLLECTION,STANCE,0.7917,-53.000,-139.900,-53.000,0.0000,0.0000,0.6995,0.3000,1,
19.8017,161.3500,BASELINE_COLLECTION,STANCE,0.8056,-54.500,-147.000,-54.500,0.0000,0.0000,0.7350,0.3000,1,
19.8095,161.3600,BASELINE_COLLECTION,STANCE,0.8194,-56.000,-154.100,-56.000,0.0000,0.0000,0.7705,0.3000,1,
19.8216,161.3700,BASELINE_COLLECTION,STANCE,0.8333,-57.600,-165.800,-57.600,0.0000,0.0000,0.8290,0.3000,1,
19.8297,161.3800,BASELINE_COLLECTION,STANCE,0.8472,-59.400,-181.100,-59.400,0.0000,0.0000,0.9055,0.3000,1,
19.8417,161.3900,BASELINE_COLLECTION,STANCE,0.8611,-61.300,-195.500,-61.300,0.0000,0.0000,0.9775,0.3000,1,
19.8497,161.4000,BASELINE_COLLECTION,STANCE,0.8750,-63.300,-207.900,-63.300,0.0000,0.0000,1.0395,0.3000,1,
19.8617,161.4100,BASELINE_COLLECTION,STANCE,0.8889,-65.500,-220.500,-65.500,0.0000,0.0000,1.1025,0.3000,1,
19.8737,161.4200,BASELINE_COLLECTION,STANCE,0.9028,-67.800,-234.600,-67.800,0.0000,0.0000,1.1730,0.3000,1,
19.8818,161.4300,BASELINE_COLLECTION,STANCE,0.9167,-70.200,-247.100,-70.200,0.0000,0.0000,1.2355,0.3000,1,
19.8937,161.4400,BASELINE_COLLECTION,STANCE,0.9306,-72.800,-256.400,-72.800,0.0000,0.0000,1.2820,0.3000,1,
19.9017,161.4500,BASELINE_COLLECTION,STANCE,0.9444,-75.400,-263.700,-75.400,0.0000,0.0000,1.3185,0.3000,1,
19.9137,161.4600,BASELINE_COLLECTION,STANCE,0.9583,-78.100,-276.200,-78.100,0.0000,0.0000,1.3810,0.3000,1,
19.9216,161.4700,BASELINE_COLLECTION,STANCE,0.9722,-81.000,-290.900,-81.000,0.0000,0.0000,1.4545,0.3000,1,
19.9337,161.4800,BASELINE_COLLECTION,STANCE,0.9861,-84.000,-306.500,-84.000,0.0000,0.0000,1.5325,0.3000,1,
19.9417,161.4900,BASELINE_COLLECTION,SWING,0.0000,-87.200,-324.000,-87.200,0.0000,0.0000,1.6200,0.3000,1,
19.9538,161.5000,BASELINE_COLLECTION,SWING,0.0208,-90.500,-336.900,-90.500,0.0654,0.0000,1.6845,0.3000,1,
19.9617,161.5100,BASELINE_COLLECTION,SWING,0.0417,-93.900,-345.500,-93.900,0.1305,0.0000,1.7275,0.3000,1,
19.9737,161.5200,BASELINE_COLLECTION,SWING,0.0625,-97.500,-364.000,-97.500,0.1951,0.0000,1.8200,0.3000,1,
19.9817,161.5300,BASELINE_COLLECTION,SWING,0.0833,-101.300,-379.200,-101.300,0.2588,0.0000,1.8960,0.3000,1,
19.9937,161.5400,BASELINE_COLLECTION,SWING,0.1042,-105.200,-396.300,-105.200,0.3214,0.0000,1.9815,0.3000,1,
20.0016,161.5500,BASELINE_COLLECTION,SWING,0.1250,-109.200,-409.400,-109.200,0.3827,0.0000,2.0470,0.3000,1,
20.0136,161.5600,BASELINE_COLLECTION,SWING,0.1458,-113.300,-402.700,-113.300,0.4423,0.0000,2.0135,0.3000,1,
20.0216,161.5700,BASELINE_COLLECTION,SWING,0.1667,-117.200,-384.800,-117.200,0.5000,0.0000,1.9240,0.3000,1,
20.0337,161.5800,BASELINE_COLLECTION,SWING,0.1875,-120.800,-351.900,-120.800,0.5556,0.0000,1.7595,0.3000,1,
20.0417,161.5900,BASELINE_COLLECTION,SWING,0.2083,-124.100,-311.500,-124.100,0.6088,0.0000,1.5575,0.3000,1,
20.0537,161.6000,BASELINE_COLLECTION,SWING,0.2292,-126.600,-264.900,-126.600,0.6593,0.0000,1.3245,0.3000,1,
20.0617,161.6100,BASELINE_COLLECTION,SWING,0.2500,-129.000,-196.800,-129.000,0.7071,0.0000,0.9840,0.3000,1,
20.0738,161.6200,BASELINE_COLLECTION,SWING,0.2708,-130.500,-132.500,-130.500,0.7518,0.0000,0.6625,0.3000,1,
20.0817,161.6300,BASELINE_COLLECTION,SWING,0.2917,-131.400,-68.500,-131.400,0.7934,0.0000,0.3425,0.3000,1,
20.0938,161.6400,BASELINE_COLLECTION,SWING,0.3125,-131.700,-6.200,-131.700,0.8315,0.0000,0.0310,0.0816,0,
20.1018,161.6500,BASELINE_COLLECTION,SWING,0.3333,-131.400,44.200,-131.400,0.8660,0.0000,-0.2210,0.0000,0,
20.1137,161.6600,BASELINE_COLLECTION,SWING,0.3542,-130.600,90.400,-130.600,0.8969,0.0000,-0.4520,0.0000,0,
20.1217,161.6700,BASELINE_COLLECTION,SWING,0.3750,-129.400,136.300,-129.400,0.9239,0.0000,-0.6815,0.0000,0,
20.1376,161.6800,BASELINE_COLLECTION,SWING,0.3958,-127.800,170.600,-127.800,0.9469,0.0000,-0.8530,0.0000,0,
20.1496,161.7000,BASELINE_COLLECTION,SWING,0.4375,-123.700,221.200,-123.700,0.9808,0.0000,-1.1060,0.0000,0,
20.1578,161.7100,BASELINE_COLLECTION,SWING,0.4583,-121.400,242.800,-121.400,0.9914,0.0000,-1.2140,0.0000,0,
20.1697,161.7200,BASELINE_COLLECTION,SWING,0.4792,-118.800,264.400,-118.800,0.9979,0.0000,-1.3220,0.0000,0,
20.1777,161.7300,BASELINE_COLLECTION,SWING,0.5000,-116.000,286.300,-116.000,1.0000,0.0000,-1.4315,0.0000,0,
20.1898,161.7400,BASELINE_COLLECTION,SWING,0.5208,-113.000,308.300,-113.000,0.9979,0.0000,-1.5415,0.0000,0,
20.1977,161.7500,BASELINE_COLLECTION,SWING,0.5417,-109.700,332.200,-109.700,0.9914,0.0000,-1.6610,0.0000,0,
20.2097,161.7600,BASELINE_COLLECTION,SWING,0.5625,-106.200,357.600,-106.200,0.9808,0.0000,-1.7880,0.0000,0,
20.2177,161.7700,BASELINE_COLLECTION,SWING,0.5833,-102.500,376.400,-102.500,0.9659,0.0000,-1.8820,0.0000,0,
20.2296,161.7800,BASELINE_COLLECTION,SWING,0.6042,-98.600,402.100,-98.600,0.9469,0.0000,-2.0105,0.0000,0,
20.2377,161.7900,BASELINE_COLLECTION,SWING,0.6250,-94.400,422.400,-94.400,0.9239,0.0000,-2.1120,0.0000,0,
20.2497,161.8000,BASELINE_COLLECTION,SWING,0.6458,-90.000,444.800,-90.000,0.8969,0.0000,-2.2240,0.0000,0,
20.2577,161.8100,BASELINE_COLLECTION,SWING,0.6667,-85.400,467.900,-85.400,0.8660,0.0000,-2.3395,0.0000,0,
20.2697,161.8200,BASELINE_COLLECTION,SWING,0.6875,-80.700,480.600,-80.700,0.8315,0.0000,-2.4030,0.0000,0,
20.2778,161.8300,BASELINE_COLLECTION,SWING,0.7083,-75.700,498.100,-75.700,0.7934,0.0000,-2.4905,0.0000,0,
20.2898,161.8400,BASELINE_COLLECTION,SWING,0.7292,-70.600,521.900,-70.600,0.7518,0.0000,-2.6095,0.0000,0,
20.2977,161.8500,BASELINE_COLLECTION,SWING,0.7500,-65.300,533.500,-65.300,0.7071,0.0000,-2.6675,0.0000,0,
20.3097,161.8600,BASELINE_COLLECTION,SWING,0.7708,-59.800,548.900,-59.800,0.6593,0.0000,-2.7445,0.0000,0,
20.3178,161.8700,BASELINE_COLLECTION,SWING,0.7917,-54.300,554.100,-54.300,0.6088,0.0000,-2.7705,0.0000,0,
20.3297,161.8800,BASELINE_COLLECTION,SWING,0.8125,-48.700,564.200,-48.700,0.5556,0.0000,-2.8210,0.0000,0,
20.3376,161.8900,BASELINE_COLLECTION,SWING,0.8333,-43.100,551.200,-43.100,0.5000,0.0000,-2.7560,0.0000,0,
20.3496,161.9000,BASELINE_COLLECTION,SWING,0.8542,-37.700,537.400,-37.700,0.4423,0.0000,-2.6870,0.0000,0,
20.3577,161.9100,BASELINE_COLLECTION,SWING,0.8750,-32.400,521.600,-32.400,0.3827,0.0000,-2.6080,0.0000,0,
20.3698,161.9200,BASELINE_COLLECTION,SWING,0.8958,-27.500,482.400,-27.500,0.3214,0.0000,-2.4120,0.0000,0,
20.3777,161.9300,BASELINE_COLLECTION,SWING,0.9167,-22.900,440.600,-22.900,0.2588,0.0000,-2.2030,0.0000,0,
20.3897,161.9400,BASELINE_COLLECTION,SWING,0.9375,-18.900,381.900,-18.900,0.1951,0.0000,-1.9095,0.0000,0,
20.3977,161.9500,BASELINE_COLLECTION,SWING,0.9583,-15.500,327.800,-15.500,0.1305,0.0000,-1.6390,0.0000,0,
20.4097,161.9600,BASELINE_COLLECTION,SWING,0.9792,-12.700,258.600,-12.700,0.0654,0.0000,-1.2930,0.0000,0,
20.4178,161.9700,BASELINE_COLLECTION,STANCE,0.0000,-10.600,183.200,-10.600,0.0000,0.0000,-0.9160,0.0000,0,
20.4297,161.9800,BASELINE_COLLECTION,STANCE,0.0139,-9.300,109.000,-9.300,0.0000,0.0000,-0.5450,0.0000,0,
20.4377,161.9900,BASELINE_COLLECTION,STANCE,0.0278,-8.700,38.300,-8.700,0.0000,0.0000,-0.1915,0.0000,0,
20.4497,162.0000,BASELINE_COLLECTION,STANCE,0.0417,-8.700,5.800,-8.700,0.0000,0.0000,-0.0290,0.0000,0,
20.4577,162.0100,BASELINE_COLLECTION,STANCE,0.0556,-8.900,-22.300,-8.900,0.0000,0.0000,0.1115,0.1741,0,
20.4698,162.0200,BASELINE_COLLECTION,STANCE,0.0694,-9.200,-29.000,-9.200,0.0000,0.0000,0.1450,0.2126,0,
20.4777,162.0300,BASELINE_COLLECTION,STANCE,0.0833,-9.500,-37.300,-9.500,0.0000,0.0000,0.1865,0.2603,0,
20.4898,162.0400,BASELINE_COLLECTION,STANCE,0.0972,-10.000,-47.700,-10.000,0.0000,0.0000,0.2385,0.3000,1,
20.4977,162.0500,BASELINE_COLLECTION,STANCE,0.1111,-10.500,-56.300,-10.500,0.0000,0.0000,0.2815,0.3000,1,
20.5097,162.0600,BASELINE_COLLECTION,STANCE,0.1250,-11.200,-70.300,-11.200,0.0000,0.0000,0.3515,0.3000,1,
20.5177,162.0700,BASELINE_COLLECTION,STANCE,0.1389,-12.000,-92.800,-12.000,0.0000,0.0000,0.4640,0.3000,1,
20.5297,162.0800,BASELINE_COLLECTION,STANCE,0.1528,-13.200,-122.200,-13.200,0.0000,0.0000,0.6110,0.3000,1,
20.5377,162.0900,BASELINE_COLLECTION,STANCE,0.1667,-14.600,-146.300,-14.600,0.0000,0.0000,0.7315,0.3000,1,
20.5497,162.1000,BASELINE_COLLECTION,STANCE,0.1806,-15.900,-154.200,-15.900,0.0000,0.0000,0.7710,0.3000,1,
20.5577,162.1100,BASELINE_COLLECTION,STANCE,0.1944,-17.500,-154.200,-17.500,0.0000,0.0000,0.7710,0.3000,1,
20.5696,162.1200,BASELINE_COLLECTION,STANCE,0.2083,-19.000,-150.200,-19.000,0.0000,0.0000,0.7510,0.3000,1,
20.5777,162.1300,BASELINE_COLLECTION,STANCE,0.2222,-20.400,-140.800,-20.400,0.0000,0.0000,0.7040,0.3000,1,
20.5897,162.1400,BASELINE_COLLECTION,STANCE,0.2361,-21.700,-123.300,-21.700,0.0000,0.0000,0.6165,0.3000,1,
20.5977,162.1500,BASELINE_COLLECTION,STANCE,0.2500,-22.800,-99.700,-22.800,0.0000,0.0000,0.4985,0.3000,1,
20.6097,162.1600,BASELINE_COLLECTION,STANCE,0.2639,-23.700,-78.100,-23.700,0.0000,0.0000,0.3905,0.3000,1,
20.6177,162.1700,BASELINE_COLLECTION,STANCE,0.2778,-24.300,-66.500,-24.300,0.0000,0.0000,0.3325,0.3000,1,
20.6297,162.1800,BASELINE_COLLECTION,STANCE,0.2917,-25.000,-63.200,-25.000,0.0000,0.0000,0.3160,0.3000,1,
20.6377,162.1900,BASELINE_COLLECTION,STANCE,0.3056,-25.700,-70.600,-25.700,0.0000,0.0000,0.3530,0.3000,1,
20.6496,162.2000,BASELINE_COLLECTION,STANCE,0.3194,-26.500,-84.400,-26.500,0.0000,0.0000,0.4220,0.3000,1,
20.6576,162.2100,BASELINE_COLLECTION,STANCE,0.3333,-27.400,-103.600,-27.400,0.0000,0.0000,0.5180,0.3000,1,
20.6737,162.2200,BASELINE_COLLECTION,STANCE,0.3472,-28.500,-121.000,-28.500,0.0000,0.0000,0.6050,0.3000,1,
20.6817,162.2300,BASELINE_COLLECTION,STANCE,0.3611,-29.800,-138.900,-29.800,0.0000,0.0000,0.6945,0.3000,1,
20.6937,162.2400,BASELINE_COLLECTION,STANCE,0.3750,-31.300,-152.400,-31.300,0.0000,0.0000,0.7620,0.3000,1,
20.7017,162.2500,BASELINE_COLLECTION,STANCE,0.3889,-32.900,-158.100,-32.900,0.0000,0.0000,0.7905,0.3000,1,
20.7137,162.2600,BASELINE_COLLECTION,STANCE,0.4028,-34.400,-156.400,-34.400,0.0000,0.0000,0.7820,0.3000,1,
20.7217,162.2700,BASELINE_COLLECTION,STANCE,0.4167,-35.900,-145.700,-35.900,0.0000,0.0000,0.7285,0.3000,1,
20.7336,162.2800,BASELINE_COLLECTION,STANCE,0.4306,-37.300,-128.200,-37.300,0.0000,0.0000,0.6410,0.3000,1,
20.7417,162.2900,BASELINE_COLLECTION,STANCE,0.4444,-38.400,-109.200,-38.400,0.0000,0.0000,0.5460,0.3000,1,
20.7537,162.3000,BASELINE_COLLECTION,STANCE,0.4583,-39.500,-82.600,-39.500,0.0000,0.0000,0.4130,0.3000,1,
20.7616,162.3100,BASELINE_COLLECTION,STANCE,0.4722,-40.100,-60.300,-40.100,0.0000,0.0000,0.3015,0.3000,1,
20.7737,162.3200,BASELINE_COLLECTION,STANCE,0.4861,-40.500,-35.200,-40.500,0.0000,0.0000,0.1760,0.2483,0,
20.7816,162.3300,BASELINE_COLLECTION,STANCE,0.5000,-40.700,-6.700,-40.700,0.0000,0.0000,0.0335,0.0845,0,
20.7936,162.3400,BASELINE_COLLECTION,STANCE,0.5139,-40.700,4.300,-40.700,0.0000,0.0000,-0.0215,0.0000,0,
20.8016,162.3500,BASELINE_COLLECTION,STANCE,0.5278,-40.700,-0.800,-40.700,0.0000,0.0000,0.0040,0.0506,0,
20.8136,162.3600,BASELINE_COLLECTION,STANCE,0.5417,-40.700,-0.900,-40.700,0.0000,0.0000,0.0045,0.0511,0,
20.8216,162.3700,BASELINE_COLLECTION,STANCE,0.5556,-40.700,-5.500,-40.700,0.0000,0.0000,0.0275,0.0776,0,
20.8336,162.3800,BASELINE_COLLECTION,STANCE,0.5694,-40.800,-10.600,-40.800,0.0000,0.0000,0.0530,0.1069,0,
20.8417,162.3900,BASELINE_COLLECTION,STANCE,0.5833,-40.900,-17.200,-40.900,0.0000,0.0000,0.0860,0.1448,0,
20.8536,162.4000,BASELINE_COLLECTION,STANCE,0.5972,-41.200,-29.600,-41.200,0.0000,0.0000,0.1480,0.2161,0,
20.8616,162.4100,BASELINE_COLLECTION,STANCE,0.6111,-41.600,-43.700,-41.600,0.0000,0.0000,0.2185,0.2971,0,
20.8736,162.4200,BASELINE_COLLECTION,STANCE,0.6250,-42.100,-57.000,-42.100,0.0000,0.0000,0.2850,0.3000,1,
20.8816,162.4300,BASELINE_COLLECTION,STANCE,0.6389,-42.800,-68.600,-42.800,0.0000,0.0000,0.3430,0.3000,1,
20.8936,162.4400,BASELINE_COLLECTION,STANCE,0.6528,-43.500,-70.100,-43.500,0.0000,0.0000,0.3505,0.3000,1,
20.9017,162.4500,BASELINE_COLLECTION,STANCE,0.6667,-44.200,-68.000,-44.200,0.0000,0.0000,0.3400,0.3000,1,
20.9137,162.4600,BASELINE_COLLECTION,STANCE,0.6806,-44.900,-66.500,-44.900,0.0000,0.0000,0.3325,0.3000,1,
20.9217,162.4700,BASELINE_COLLECTION,STANCE,0.6944,-45.500,-66.300,-45.500,0.0000,0.0000,0.3315,0.3000,1,
20.9336,162.4800,BASELINE_COLLECTION,STANCE,0.7083,-46.100,-59.900,-46.100,0.0000,0.0000,0.2995,0.3000,1,
20.9417,162.4900,BASELINE_COLLECTION,STANCE,0.7222,-46.700,-54.700,-46.700,0.0000,0.0000,0.2735,0.3000,1,
20.9537,162.5000,BASELINE_COLLECTION,STANCE,0.7361,-47.200,-47.800,-47.200,0.0000,0.0000,0.2390,0.3000,1,
20.9617,162.5100,BASELINE_COLLECTION,STANCE,0.7500,-47.600,-41.100,-47.600,0.0000,0.0000,0.2055,0.2822,0,
20.9735,162.5200,BASELINE_COLLECTION,STANCE,0.7639,-48.000,-36.000,-48.000,0.0000,0.0000,0.1800,0.2529,0,
20.9816,162.5300,BASELINE_COLLECTION,STANCE,0.7778,-48.300,-26.000,-48.300,0.0000,0.0000,0.1300,0.1954,0,
20.9937,162.5400,BASELINE_COLLECTION,STANCE,0.7917,-48.500,-16.100,-48.500,0.0000,0.0000,0.0805,0.1385,0,
21.0016,162.5500,BASELINE_COLLECTION,STANCE,0.8056,-48.600,-10.700,-48.600,0.0000,0.0000,0.0535,0.1075,0,
21.0136,162.5600,BASELINE_COLLECTION,STANCE,0.8194,-48.700,-7.000,-48.700,0.0000,0.0000,0.0350,0.0862,0,
21.0216,162.5700,BASELINE_COLLECTION,STANCE,0.8333,-48.800,-11.500,-48.800,0.0000,0.0000,0.0575,0.1121,0,
21.0336,162.5800,BASELINE_COLLECTION,STANCE,0.8472,-49.000,-19.600,-49.000,0.0000,0.0000,0.0980,0.1586,0,
21.0415,162.5900,BASELINE_COLLECTION,STANCE,0.8611,-49.200,-23.500,-49.200,0.0000,0.0000,0.1175,0.1810,0,
21.0533,162.6000,BASELINE_COLLECTION,STANCE,0.8750,-49.500,-27.800,-49.500,0.0000,0.0000,0.1390,0.2057,0,
21.0617,162.6100,BASELINE_COLLECTION,STANCE,0.8889,-49.700,-26.900,-49.700,0.0000,0.0000,0.1345,0.2006,0,
21.0776,162.6200,BASELINE_COLLECTION,STANCE,0.9028,-50.000,-25.100,-50.000,0.0000,0.0000,0.1255,0.1902,0,
21.0857,162.6400,BASELINE_COLLECTION,STANCE,0.9306,-50.500,-23.600,-50.500,0.0000,0.0000,0.1180,0.1816,0,
21.0977,162.6500,BASELINE_COLLECTION,STANCE,0.9444,-50.700,-24.700,-50.700,0.0000,0.0000,0.1235,0.1879,0,
21.1056,162.6600,BASELINE_COLLECTION,STANCE,0.9583,-50.900,-25.600,-50.900,0.0000,0.0000,0.1280,0.1931,0,
21.1177,162.6700,BASELINE_COLLECTION,STANCE,0.9722,-51.200,-29.200,-51.200,0.0000,0.0000,0.1460,0.2138,0,
21.1257,162.6800,BASELINE_COLLECTION,STANCE,0.9861,-51.600,-35.200,-51.600,0.0000,0.0000,0.1760,0.2483,0,
21.1377,162.6900,BASELINE_COLLECTION,SWING,0.0000,-52.000,-44.000,-52.000,0.0000,0.0000,0.2200,0.2989,0,
21.1457,162.7000,BASELINE_COLLECTION,SWING,0.0208,-52.500,-52.900,-52.500,0.0654,0.0000,0.2645,0.3000,1,
21.1577,162.7100,BASELINE_COLLECTION,SWING,0.0417,-53.100,-64.100,-53.100,0.1305,0.0000,0.3205,0.3000,1,
21.1657,162.7200,BASELINE_COLLECTION,SWING,0.0625,-53.800,-70.600,-53.800,0.1951,0.0000,0.3530,0.3000,1,
21.1777,162.7300,BASELINE_COLLECTION,SWING,0.0833,-54.600,-79.200,-54.600,0.2588,0.0000,0.3960,0.3000,1,
21.1856,162.7400,BASELINE_COLLECTION,SWING,0.1042,-55.400,-89.200,-55.400,0.3214,0.0000,0.4460,0.3000,1,
21.1977,162.7500,BASELINE_COLLECTION,SWING,0.1250,-56.400,-100.600,-56.400,0.3827,0.0000,0.5030,0.3000,1,
21.2057,162.7600,BASELINE_COLLECTION,SWING,0.1458,-57.500,-112.100,-57.500,0.4423,0.0000,0.5605,0.3000,1,
21.2177,162.7700,BASELINE_COLLECTION,SWING,0.1667,-58.700,-123.800,-58.700,0.5000,0.0000,0.6190,0.3000,1,
21.2257,162.7800,BASELINE_COLLECTION,SWING,0.1875,-60.000,-137.100,-60.000,0.5556,0.0000,0.6855,0.3000,1,
21.2378,162.7900,BASELINE_COLLECTION,SWING,0.2083,-61.500,-151.900,-61.500,0.6088,0.0000,0.7595,0.3000,1,
21.2456,162.8000,BASELINE_COLLECTION,SWING,0.2292,-63.100,-166.400,-63.100,0.6593,0.0000,0.8320,0.3000,1,
21.2576,162.8100,BASELINE_COLLECTION,SWING,0.2500,-64.900,-181.300,-64.900,0.7071,0.0000,0.9065,0.3000,1,
21.2658,162.8200,BASELINE_COLLECTION,SWING,0.2708,-66.800,-197.000,-66.800,0.7518,0.0000,0.9850,0.3000,1,
21.2777,162.8300,BASELINE_COLLECTION,SWING,0.2917,-68.900,-216.400,-68.900,0.7934,0.0000,1.0820,0.3000,1,
21.2857,162.8400,BASELINE_COLLECTION,SWING,0.3125,-71.200,-237.000,-71.200,0.8315,0.0000,1.1850,0.3000,1,
21.2977,162.8500,BASELINE_COLLECTION,SWING,0.3333,-73.700,-252.900,-73.700,0.8660,0.0000,1.2645,0.3000,1,
21.3057,162.8600,BASELINE_COLLECTION,SWING,0.3542,-76.300,-269.000,-76.300,0.8969,0.0000,1.3450,0.3000,1,
21.3177,162.8700,BASELINE_COLLECTION,SWING,0.3750,-79.100,-285.100,-79.100,0.9239,0.0000,1.4255,0.3000,1,
21.3257,162.8800,BASELINE_COLLECTION,SWING,0.3958,-82.100,-298.200,-82.100,0.9469,0.0000,1.4910,0.3000,1,
21.3378,162.8900,BASELINE_COLLECTION,SWING,0.4167,-85.200,-316.200,-85.200,0.9659,0.0000,1.5810,0.3000,1,
21.3457,162.9000,BASELINE_COLLECTION,SWING,0.4375,-88.500,-339.000,-88.500,0.9808,0.0000,1.6950,0.3000,1,
21.3578,162.9100,BASELINE_COLLECTION,SWING,0.4583,-92.000,-352.900,-92.000,0.9914,0.0000,1.7645,0.3000,1,
21.3657,162.9200,BASELINE_COLLECTION,SWING,0.4792,-95.600,-366.800,-95.600,0.9979,0.0000,1.8340,0.3000,1,
21.3777,162.9300,BASELINE_COLLECTION,SWING,0.5000,-99.400,-381.400,-99.400,1.0000,0.0000,1.9070,0.3000,1,
21.3856,162.9400,BASELINE_COLLECTION,SWING,0.5208,-103.300,-389.100,-103.300,0.9979,0.0000,1.9455,0.3000,1,
21.3976,162.9500,BASELINE_COLLECTION,SWING,0.5417,-107.300,-404.400,-107.300,0.9914,0.0000,2.0220,0.3000,1,
21.4055,162.9600,BASELINE_COLLECTION,SWING,0.5625,-111.400,-412.800,-111.400,0.9808,0.0000,2.0640,0.3000,1,
21.4176,162.9700,BASELINE_COLLECTION,SWING,0.5833,-115.500,-417.700,-115.500,0.9659,0.0000,2.0885,0.3000,1,
21.4254,162.9800,BASELINE_COLLECTION,SWING,0.6042,-119.700,-414.000,-119.700,0.9469,0.0000,2.0700,0.3000,1,
21.4377,162.9900,BASELINE_COLLECTION,SWING,0.6250,-123.800,-401.600,-123.800,0.9239,0.0000,2.0080,0.3000,1,
21.4455,163.0000,BASELINE_COLLECTION,SWING,0.6458,-125.500,-389.000,-125.500,0.8969,0.0000,1.9450,0.3000,1,
21.4574,163.0100,BASELINE_COLLECTION,SWING,0.6667,-130.900,-320.000,-130.900,0.8660,0.0000,1.6000,0.3000,1,
21.4657,163.0200,BASELINE_COLLECTION,SWING,0.6875,-133.800,-267.200,-133.800,0.8315,0.0000,1.3360,0.3000,1,
21.4777,163.0300,BASELINE_COLLECTION,SWING,0.7083,-136.000,-206.200,-136.000,0.7934,0.0000,1.0310,0.3000,1,
21.4857,163.0400,BASELINE_COLLECTION,SWING,0.7292,-137.600,-138.600,-137.600,0.7518,0.0000,0.6930,0.3000,1,
21.4977,163.0500,BASELINE_COLLECTION,SWING,0.7500,-138.500,-69.700,-138.500,0.7071,0.0000,0.3485,0.3000,1,
21.5057,163.0600,BASELINE_COLLECTION,SWING,0.7708,-138.800,-4.500,-138.800,0.6593,0.0000,0.0225,0.0718,0,
21.5176,163.0700,BASELINE_COLLECTION,SWING,0.7917,-138.500,45.200,-138.500,0.6088,0.0000,-0.2260,0.0000,0,
21.5255,163.0800,BASELINE_COLLECTION,SWING,0.8125,-137.700,88.600,-137.700,0.5556,0.0000,-0.4430,0.0000,0,
21.5376,163.0900,BASELINE_COLLECTION,SWING,0.8333,-136.600,123.800,-136.600,0.5000,0.0000,-0.6190,0.0000,0,
21.5455,163.1000,BASELINE_COLLECTION,SWING,0.8542,-135.100,152.000,-135.100,0.4423,0.0000,-0.7600,0.0000,0,
21.5576,163.1100,BASELINE_COLLECTION,SWING,0.8750,-133.400,177.200,-133.400,0.3827,0.0000,-0.8860,0.0000,0,
21.5655,163.1200,BASELINE_COLLECTION,SWING,0.8958,-131.500,198.900,-131.500,0.3214,0.0000,-0.9945,0.0000,0,
21.5777,163.1300,BASELINE_COLLECTION,SWING,0.9167,-129.300,221.900,-129.300,0.2588,0.0000,-1.1095,0.0000,0,
21.5855,163.1400,BASELINE_COLLECTION,SWING,0.9375,-126.900,248.500,-126.900,0.1951,0.0000,-1.2425,0.0000,0,
21.5977,163.1500,BASELINE_COLLECTION,SWING,0.9583,-124.300,274.600,-124.300,0.1305,0.0000,-1.3730,0.0000,0,
21.6054,163.1600,BASELINE_COLLECTION,SWING,0.9792,-121.400,294.300,-121.400,0.0654,0.0000,-1.4715,0.0000,0,
21.6175,163.1700,BASELINE_COLLECTION,SWING,1.0000,-118.300,315.200,-118.300,0.0000,0.0000,-1.5760,0.0000,0,
21.6255,163.1800,BASELINE_COLLECTION,STANCE,0.0139,-115.000,338.300,-115.000,0.0000,0.0000,-1.6915,0.0000,0,
21.6375,163.1900,BASELINE_COLLECTION,STANCE,0.0278,-111.500,359.700,-111.500,0.0000,0.0000,-1.7985,0.0000,0,
21.6495,163.2000,BASELINE_COLLECTION,STANCE,0.0417,-107.700,386.900,-107.700,0.0000,0.0000,-1.9345,0.0000,0,
21.6576,163.2100,BASELINE_COLLECTION,STANCE,0.0556,-103.700,407.900,-103.700,0.0000,0.0000,-2.0395,0.0000,0,
21.6698,163.2200,BASELINE_COLLECTION,STANCE,0.0694,-99.400,430.200,-99.400,0.0000,0.0000,-2.1510,0.0000,0,
21.6778,163.2300,BASELINE_COLLECTION,STANCE,0.0833,-95.000,450.500,-95.000,0.0000,0.0000,-2.2525,0.0000,0,
21.6897,163.2400,BASELINE_COLLECTION,STANCE,0.0972,-90.300,471.100,-90.300,0.0000,0.0000,-2.3555,0.0000,0,
21.6976,163.2500,BASELINE_COLLECTION,STANCE,0.1111,-85.400,495.400,-85.400,0.0000,0.0000,-2.4770,0.0000,0,
21.7097,163.2600,BASELINE_COLLECTION,STANCE,0.1250,-80.400,506.900,-80.400,0.0000,0.0000,-2.5345,0.0000,0,
21.7177,163.2700,BASELINE_COLLECTION,STANCE,0.1389,-75.200,522.100,-75.200,0.0000,0.0000,-2.6105,0.0000,0,
21.7297,163.2800,BASELINE_COLLECTION,STANCE,0.1528,-69.900,542.600,-69.900,0.0000,0.0000,-2.7130,0.0000,0,
21.7376,163.2900,BASELINE_COLLECTION,STANCE,0.1667,-64.400,554.500,-64.400,0.0000,0.0000,-2.7725,0.0000,0,
21.7497,163.3000,BASELINE_COLLECTION,STANCE,0.1806,-58.700,573.300,-58.700,0.0000,0.0000,-2.8665,0.0000,0,
21.7577,163.3100,BASELINE_COLLECTION,STANCE,0.1944,-52.900,583.700,-52.900,0.0000,0.0000,-2.9185,0.0000,0,
21.7697,163.3200,BASELINE_COLLECTION,STANCE,0.2083,-47.000,581.100,-47.000,0.0000,0.0000,-2.9055,0.0000,0,
21.7778,163.3300,BASELINE_COLLECTION,STANCE,0.2222,-41.300,564.100,-41.300,0.0000,0.0000,-2.8205,0.0000,0,
21.7897,163.3400,BASELINE_COLLECTION,STANCE,0.2361,-35.900,541.700,-35.900,0.0000,0.0000,-2.7085,0.0000,0,
21.7977,163.3500,BASELINE_COLLECTION,STANCE,0.2500,-30.700,498.200,-30.700,0.0000,0.0000,-2.4910,0.0000,0,
21.8097,163.3600,BASELINE_COLLECTION,STANCE,0.2639,-26.200,434.300,-26.200,0.0000,0.0000,-2.1715,0.0000,0,
21.8177,163.3700,BASELINE_COLLECTION,STANCE,0.2778,-22.200,372.900,-22.200,0.0000,0.0000,-1.8645,0.0000,0,
21.8296,163.3800,BASELINE_COLLECTION,STANCE,0.2917,-19.000,309.500,-19.000,0.0000,0.0000,-1.5475,0.0000,0,
21.8376,163.3900,BASELINE_COLLECTION,STANCE,0.3056,-16.200,260.800,-16.200,0.0000,0.0000,-1.3040,0.0000,0,
21.8496,163.4000,BASELINE_COLLECTION,STANCE,0.3194,-13.900,216.200,-13.900,0.0000,0.0000,-1.0810,0.0000,0,
21.8577,163.4100,BASELINE_COLLECTION,STANCE,0.3333,-12.000,177.000,-12.000,0.0000,0.0000,-0.8850,0.0000,0,
21.8697,163.4200,BASELINE_COLLECTION,STANCE,0.3472,-10.500,144.200,-10.500,0.0000,0.0000,-0.7210,0.0000,0,
21.8775,163.4300,BASELINE_COLLECTION,STANCE,0.3611,-9.300,111.200,-9.300,0.0000,0.0000,-0.5560,0.0000,0,
21.8897,163.4400,BASELINE_COLLECTION,STANCE,0.3750,-8.400,74.300,-8.400,0.0000,0.0000,-0.3715,0.0000,0,
21.8977,163.4500,BASELINE_COLLECTION,STANCE,0.3889,-8.000,29.300,-8.000,0.0000,0.0000,-0.1465,0.0000,0,
21.9097,163.4600,BASELINE_COLLECTION,STANCE,0.4028,-8.000,-7.700,-8.000,0.0000,0.0000,0.0385,0.0902,0,
21.9177,163.4700,BASELINE_COLLECTION,STANCE,0.4167,-8.100,-18.000,-8.100,0.0000,0.0000,0.0900,0.1494,0,
21.9297,163.4800,BASELINE_COLLECTION,STANCE,0.4306,-8.300,-20.800,-8.300,0.0000,0.0000,0.1040,0.1655,0,
21.9377,163.4900,BASELINE_COLLECTION,STANCE,0.4444,-8.600,-24.800,-8.600,0.0000,0.0000,0.1240,0.1885,0,
21.9495,163.5000,BASELINE_COLLECTION,STANCE,0.4583,-8.900,-31.000,-8.900,0.0000,0.0000,0.1550,0.2241,0,
21.9577,163.5100,BASELINE_COLLECTION,STANCE,0.4722,-9.200,-41.800,-9.200,0.0000,0.0000,0.2090,0.2862,0,
21.9696,163.5200,BASELINE_COLLECTION,STANCE,0.4861,-9.800,-58.000,-9.800,0.0000,0.0000,0.2900,0.3000,1,
21.9776,163.5300,BASELINE_COLLECTION,STANCE,0.5000,-10.500,-80.300,-10.500,0.0000,0.0000,0.4015,0.3000,1,
21.9897,163.5400,BASELINE_COLLECTION,STANCE,0.5139,-11.500,-113.500,-11.500,0.0000,0.0000,0.5675,0.3000,1,
21.9977,163.5500,BASELINE_COLLECTION,STANCE,0.5278,-12.900,-143.700,-12.900,0.0000,0.0000,0.7185,0.3000,1,
22.0097,163.5600,BASELINE_COLLECTION,STANCE,0.5417,-14.400,-158.900,-14.400,0.0000,0.0000,0.7945,0.3000,1,
22.0177,163.5700,BASELINE_COLLECTION,STANCE,0.5556,-16.000,-158.800,-16.000,0.0000,0.0000,0.7940,0.3000,1,
22.0297,163.5800,BASELINE_COLLECTION,STANCE,0.5694,-17.600,-154.700,-17.600,0.0000,0.0000,0.7735,0.3000,1,
22.0377,163.5900,BASELINE_COLLECTION,STANCE,0.5833,-19.100,-146.000,-19.100,0.0000,0.0000,0.7300,0.3000,1,
22.0495,163.6000,BASELINE_COLLECTION,STANCE,0.5972,-20.400,-125.400,-20.400,0.0000,0.0000,0.6270,0.3000,1,
22.0576,163.6100,BASELINE_COLLECTION,STANCE,0.6111,-21.500,-99.700,-21.500,0.0000,0.0000,0.4985,0.3000,1,
22.0696,163.6200,BASELINE_COLLECTION,STANCE,0.6250,-22.300,-76.900,-22.300,0.0000,0.0000,0.3845,0.3000,1,
22.0777,163.6300,BASELINE_COLLECTION,STANCE,0.6389,-23.000,-63.500,-23.000,0.0000,0.0000,0.3175,0.3000,1,
22.0897,163.6400,BASELINE_COLLECTION,STANCE,0.6528,-23.600,-62.500,-23.600,0.0000,0.0000,0.3125,0.3000,1,
22.0977,163.6500,BASELINE_COLLECTION,STANCE,0.6667,-24.300,-71.300,-24.300,0.0000,0.0000,0.3565,0.3000,1,
22.1096,163.6600,BASELINE_COLLECTION,STANCE,0.6806,-25.100,-85.000,-25.100,0.0000,0.0000,0.4250,0.3000,1,
22.1176,163.6700,BASELINE_COLLECTION,STANCE,0.6944,-26.100,-100.700,-26.100,0.0000,0.0000,0.5035,0.3000,1,
22.1296,163.6800,BASELINE_COLLECTION,STANCE,0.7083,-27.200,-117.600,-27.200,0.0000,0.0000,0.5880,0.3000,1,
22.1375,163.6900,BASELINE_COLLECTION,STANCE,0.7222,-28.500,-133.600,-28.500,0.0000,0.0000,0.6680,0.3000,1,
22.1495,163.7000,BASELINE_COLLECTION,STANCE,0.7361,-29.900,-144.300,-29.900,0.0000,0.0000,0.7215,0.3000,1,
22.1576,163.7100,BASELINE_COLLECTION,STANCE,0.7500,-31.400,-150.400,-31.400,0.0000,0.0000,0.7520,0.3000,1,
22.1696,163.7200,BASELINE_COLLECTION,STANCE,0.7639,-32.900,-150.900,-32.900,0.0000,0.0000,0.7545,0.3000,1,
22.1775,163.7300,BASELINE_COLLECTION,STANCE,0.7778,-34.300,-141.900,-34.300,0.0000,0.0000,0.7095,0.3000,1,
22.1896,163.7400,BASELINE_COLLECTION,STANCE,0.7917,-35.700,-127.000,-35.700,0.0000,0.0000,0.6350,0.3000,1,
22.1976,163.7500,BASELINE_COLLECTION,STANCE,0.8056,-36.800,-106.600,-36.800,0.0000,0.0000,0.5330,0.3000,1,
22.2096,163.7600,BASELINE_COLLECTION,STANCE,0.8194,-37.700,-84.800,-37.700,0.0000,0.0000,0.4240,0.3000,1,
22.2176,163.7700,BASELINE_COLLECTION,STANCE,0.8333,-38.400,-58.900,-38.400,0.0000,0.0000,0.2945,0.3000,1,
22.2296,163.7800,BASELINE_COLLECTION,STANCE,0.8472,-38.800,-35.000,-38.800,0.0000,0.0000,0.1750,0.2471,0,
22.2376,163.7900,BASELINE_COLLECTION,STANCE,0.8611,-39.000,-9.300,-39.000,0.0000,0.0000,0.0465,0.0994,0,
22.2495,163.8000,BASELINE_COLLECTION,STANCE,0.8750,-38.900,4.800,-38.900,0.0000,0.0000,-0.0240,0.0000,0,
22.2576,163.8100,BASELINE_COLLECTION,STANCE,0.8889,-38.900,-1.000,-38.900,0.0000,0.0000,0.0050,0.0517,0,
22.2696,163.8200,BASELINE_COLLECTION,STANCE,0.9028,-38.900,-0.900,-38.900,0.0000,0.0000,0.0045,0.0511,0,
22.2775,163.8300,BASELINE_COLLECTION,STANCE,0.9167,-39.000,-3.300,-39.000,0.0000,0.0000,0.0165,0.0649,0,
22.2896,163.8400,BASELINE_COLLECTION,STANCE,0.9306,-39.000,-5.000,-39.000,0.0000,0.0000,0.0250,0.0747,0,
22.2976,163.8500,BASELINE_COLLECTION,STANCE,0.9444,-39.100,-7.500,-39.100,0.0000,0.0000,0.0375,0.0891,0,
22.3096,163.8600,BASELINE_COLLECTION,STANCE,0.9583,-39.200,-17.200,-39.200,0.0000,0.0000,0.0860,0.1448,0,
22.3176,163.8700,BASELINE_COLLECTION,STANCE,0.9722,-39.500,-27.300,-39.500,0.0000,0.0000,0.1365,0.2029,0,
22.3296,163.8800,BASELINE_COLLECTION,STANCE,0.9861,-39.800,-40.200,-39.800,0.0000,0.0000,0.2010,0.2770,0,
22.3376,163.8900,BASELINE_COLLECTION,STANCE,1.0000,-40.300,-51.400,-40.300,0.0000,0.0000,0.2570,0.3000,1,
22.3495,163.9000,BASELINE_COLLECTION,SWING,0.0208,-40.900,-55.500,-40.900,0.0654,0.0000,0.2775,0.3000,1,
22.3576,163.9100,BASELINE_COLLECTION,SWING,0.0417,-41.400,-58.500,-41.400,0.1305,0.0000,0.2925,0.3000,1,
22.3696,163.9200,BASELINE_COLLECTION,SWING,0.0625,-42.100,-63.800,-42.100,0.1951,0.0000,0.3190,0.3000,1,
22.3775,163.9300,BASELINE_COLLECTION,SWING,0.0833,-42.700,-68.900,-42.700,0.2588,0.0000,0.3445,0.3000,1,
22.3895,163.9400,BASELINE_COLLECTION,SWING,0.1042,-43.400,-69.800,-43.400,0.3214,0.0000,0.3490,0.3000,1,
22.3976,163.9500,BASELINE_COLLECTION,SWING,0.1250,-44.100,-69.500,-44.100,0.3827,0.0000,0.3475,0.3000,1,
22.4096,163.9600,BASELINE_COLLECTION,SWING,0.1458,-44.800,-69.000,-44.800,0.4423,0.0000,0.3450,0.3000,1,
22.4176,163.9700,BASELINE_COLLECTION,SWING,0.1667,-45.500,-68.900,-45.500,0.5000,0.0000,0.3445,0.3000,1,
22.4296,163.9800,BASELINE_COLLECTION,SWING,0.1875,-46.100,-60.600,-46.100,0.5556,0.0000,0.3030,0.3000,1,
22.4376,163.9900,BASELINE_COLLECTION,SWING,0.2083,-46.700,-54.100,-46.700,0.6088,0.0000,0.2705,0.3000,1,
22.4495,164.0000,BASELINE_COLLECTION,SWING,0.2292,-47.000,-49.900,-47.000,0.6593,0.0000,0.2495,0.3000,1,
22.4576,164.0100,BASELINE_COLLECTION,SWING,0.2500,-47.600,-41.600,-47.600,0.7071,0.0000,0.2080,0.2851,0,
22.4696,164.0200,BASELINE_COLLECTION,SWING,0.2708,-48.000,-37.600,-48.000,0.7518,0.0000,0.1880,0.2621,0,
22.4776,164.0300,BASELINE_COLLECTION,SWING,0.2917,-48.300,-29.600,-48.300,0.7934,0.0000,0.1480,0.2161,0,
22.4895,164.0400,BASELINE_COLLECTION,SWING,0.3125,-48.600,-22.300,-48.600,0.8315,0.0000,0.1115,0.1741,0,
22.4976,164.0500,BASELINE_COLLECTION,SWING,0.3333,-48.800,-18.500,-48.800,0.8660,0.0000,0.0925,0.1523,0,
22.5096,164.0600,BASELINE_COLLECTION,SWING,0.3542,-49.000,-22.200,-49.000,0.8969,0.0000,0.1110,0.1736,0,
22.5176,164.0700,BASELINE_COLLECTION,SWING,0.3750,-49.200,-26.900,-49.200,0.9239,0.0000,0.1345,0.2006,0,
22.5296,164.0800,BASELINE_COLLECTION,SWING,0.3958,-49.500,-32.500,-49.500,0.9469,0.0000,0.1625,0.2328,0,
22.5376,164.0900,BASELINE_COLLECTION,SWING,0.4167,-49.900,-37.000,-49.900,0.9659,0.0000,0.1850,0.2586,0,
22.5497,164.1000,BASELINE_COLLECTION,SWING,0.4375,-50.300,-42.000,-50.300,0.9808,0.0000,0.2100,0.2874,0,
22.5577,164.1100,BASELINE_COLLECTION,SWING,0.4583,-50.700,-48.400,-50.700,0.9914,0.0000,0.2420,0.3000,1,
22.5698,164.1200,BASELINE_COLLECTION,SWING,0.4792,-51.300,-49.800,-51.300,0.9979,0.0000,0.2490,0.3000,1,
22.5778,164.1300,BASELINE_COLLECTION,SWING,0.5000,-51.800,-48.800,-51.800,1.0000,0.0000,0.2440,0.3000,1,
22.5897,164.1400,BASELINE_COLLECTION,SWING,0.5208,-52.300,-51.700,-52.300,0.9979,0.0000,0.2585,0.3000,1,
22.5977,164.1500,BASELINE_COLLECTION,SWING,0.5417,-52.800,-59.300,-52.800,0.9914,0.0000,0.2965,0.3000,1,
22.6097,164.1600,BASELINE_COLLECTION,SWING,0.5625,-53.500,-71.000,-53.500,0.9808,0.0000,0.3550,0.3000,1,
22.6177,164.1700,BASELINE_COLLECTION,SWING,0.5833,-54.300,-80.500,-54.300,0.9659,0.0000,0.4025,0.3000,1,
22.6297,164.1800,BASELINE_COLLECTION,SWING,0.6042,-55.200,-91.000,-55.200,0.9469,0.0000,0.4550,0.3000,1,
22.6377,164.1900,BASELINE_COLLECTION,SWING,0.6250,-56.200,-104.200,-56.200,0.9239,0.0000,0.5210,0.3000,1,
22.6497,164.2000,BASELINE_COLLECTION,SWING,0.6458,-57.300,-118.500,-57.300,0.8969,0.0000,0.5925,0.3000,1,
22.6577,164.2100,BASELINE_COLLECTION,SWING,0.6667,-58.600,-133.200,-58.600,0.8660,0.0000,0.6660,0.3000,1,
22.6697,164.2200,BASELINE_COLLECTION,SWING,0.6875,-60.000,-148.600,-60.000,0.8315,0.0000,0.7430,0.3000,1,
22.6778,164.2300,BASELINE_COLLECTION,SWING,0.7083,-61.600,-162.600,-61.600,0.7934,0.0000,0.8130,0.3000,1,
22.6897,164.2400,BASELINE_COLLECTION,SWING,0.7292,-63.300,-175.700,-63.300,0.7518,0.0000,0.8785,0.3000,1,
22.6976,164.2500,BASELINE_COLLECTION,SWING,0.7500,-65.200,-188.100,-65.200,0.7071,0.0000,0.9405,0.3000,1,
22.7097,164.2600,BASELINE_COLLECTION,SWING,0.7708,-67.200,-202.000,-67.200,0.6593,0.0000,1.0100,0.3000,1,
22.7177,164.2700,BASELINE_COLLECTION,SWING,0.7917,-69.300,-218.200,-69.300,0.6088,0.0000,1.0910,0.3000,1,
22.7298,164.2800,BASELINE_COLLECTION,SWING,0.8125,-71.600,-232.700,-71.600,0.5556,0.0000,1.1635,0.3000,1,
22.7376,164.2900,BASELINE_COLLECTION,SWING,0.8333,-74.000,-244.000,-74.000,0.5000,0.0000,1.2200,0.3000,1,
22.7496,164.3000,BASELINE_COLLECTION,SWING,0.8542,-76.500,-257.100,-76.500,0.4423,0.0000,1.2855,0.3000,1,
22.7577,164.3100,BASELINE_COLLECTION,SWING,0.8750,-79.200,-270.100,-79.200,0.3827,0.0000,1.3505,0.3000,1,
22.7697,164.3200,BASELINE_COLLECTION,SWING,0.8958,-82.000,-281.700,-82.000,0.3214,0.0000,1.4085,0.3000,1,
22.7777,164.3300,BASELINE_COLLECTION,SWING,0.9167,-84.900,-293.900,-84.900,0.2588,0.0000,1.4695,0.3000,1,
22.7896,164.3400,BASELINE_COLLECTION,SWING,0.9375,-87.900,-311.200,-87.900,0.1951,0.0000,1.5560,0.3000,1,
22.7977,164.3500,BASELINE_COLLECTION,SWING,0.9583,-91.100,-326.600,-91.100,0.1305,0.0000,1.6330,0.3000,1,
22.8096,164.3600,BASELINE_COLLECTION,SWING,0.9792,-94.500,-337.700,-94.500,0.0654,0.0000,1.6885,0.3000,1,
22.8176,164.3700,BASELINE_COLLECTION,STANCE,0.0000,-98.000,-353.800,-98.000,0.0000,0.0000,1.7690,0.3000,1,
22.8295,164.3800,BASELINE_COLLECTION,STANCE,0.0139,-101.600,-361.300,-101.600,0.0000,0.0000,1.8065,0.3000,1,
22.8376,164.3900,BASELINE_COLLECTION,STANCE,0.0278,-104.900,-370.400,-104.900,0.0000,0.0000,1.8520,0.3000,1,
22.8497,164.4000,BASELINE_COLLECTION,STANCE,0.0417,-109.100,-385.000,-109.100,0.0000,0.0000,1.9250,0.3000,1,
22.8577,164.4100,BASELINE_COLLECTION,STANCE,0.0556,-113.000,-391.400,-113.000,0.0000,0.0000,1.9570,0.3000,1,
22.8698,164.4200,BASELINE_COLLECTION,STANCE,0.0694,-116.900,-398.700,-116.900,0.0000,0.0000,1.9935,0.3000,1,
22.8777,164.4300,BASELINE_COLLECTION,STANCE,0.0833,-120.900,-398.000,-120.900,0.0000,0.0000,1.9900,0.3000,1,
22.8897,164.4400,BASELINE_COLLECTION,STANCE,0.0972,-124.900,-388.900,-124.900,0.0000,0.0000,1.9445,0.3000,1,
22.8978,164.4500,BASELINE_COLLECTION,STANCE,0.1111,-128.500,-353.400,-128.500,0.0000,0.0000,1.7670,0.3000,1,
22.9097,164.4600,BASELINE_COLLECTION,STANCE,0.1250,-131.700,-304.900,-131.700,0.0000,0.0000,1.5245,0.3000,1,
22.9177,164.4700,BASELINE_COLLECTION,STANCE,0.1389,-134.400,-251.300,-134.400,0.0000,0.0000,1.2565,0.3000,1,
22.9298,164.4800,BASELINE_COLLECTION,STANCE,0.1528,-136.300,-195.300,-136.300,0.0000,0.0000,0.9765,0.3000,1,
22.9377,164.4900,BASELINE_COLLECTION,STANCE,0.1667,-137.900,-121.300,-137.900,0.0000,0.0000,0.6065,0.3000,1,
22.9537,164.5000,BASELINE_COLLECTION,STANCE,0.1806,-138.700,-53.500,-138.700,0.0000,0.0000,0.2675,0.3000,1,
22.9618,164.5100,BASELINE_COLLECTION,STANCE,0.1944,-138.700,10.400,-138.700,0.0000,0.0000,-0.0520,0.0000,0,
22.9737,164.5200,BASELINE_COLLECTION,STANCE,0.2083,-138.300,60.600,-138.300,0.0000,0.0000,-0.3030,0.0000,0,
22.9817,164.5300,BASELINE_COLLECTION,STANCE,0.2222,-137.300,110.800,-137.300,0.0000,0.0000,-0.5540,0.0000,0,
22.9937,164.5400,BASELINE_COLLECTION,STANCE,0.2361,-135.900,154.600,-135.900,0.0000,0.0000,-0.7730,0.0000,0,
23.0017,164.5500,BASELINE_COLLECTION,STANCE,0.2500,-134.100,182.900,-134.100,0.0000,0.0000,-0.9145,0.0000,0,
23.0137,164.5600,BASELINE_COLLECTION,STANCE,0.2639,-132.200,206.100,-132.200,0.0000,0.0000,-1.0305,0.0000,0,
23.0217,164.5700,BASELINE_COLLECTION,STANCE,0.2778,-129.900,228.600,-129.900,0.0000,0.0000,-1.1430,0.0000,0,
23.0337,164.5800,BASELINE_COLLECTION,STANCE,0.2917,-127.500,253.300,-127.500,0.0000,0.0000,-1.2665,0.0000,0,
23.0417,164.5900,BASELINE_COLLECTION,STANCE,0.3056,-124.800,279.200,-124.800,0.0000,0.0000,-1.3960,0.0000,0,
23.0536,164.6000,BASELINE_COLLECTION,STANCE,0.3194,-121.800,299.400,-121.800,0.0000,0.0000,-1.4970,0.0000,0,
23.0657,164.6100,BASELINE_COLLECTION,STANCE,0.3333,-118.700,319.000,-118.700,0.0000,0.0000,-1.5950,0.0000,0,
23.0736,164.6300,BASELINE_COLLECTION,STANCE,0.3611,-111.800,363.600,-111.800,0.0000,0.0000,-1.8180,0.0000,0,
23.0816,164.6400,BASELINE_COLLECTION,STANCE,0.3750,-108.000,391.800,-108.000,0.0000,0.0000,-1.9590,0.0000,0,
23.0977,164.6500,BASELINE_COLLECTION,STANCE,0.3889,-103.900,414.000,-103.900,0.0000,0.0000,-2.0700,0.0000,0,
23.1097,164.6600,BASELINE_COLLECTION,STANCE,0.4028,-99.600,436.600,-99.600,0.0000,0.0000,-2.1830,0.0000,0,
23.1177,164.6700,BASELINE_COLLECTION,STANCE,0.4167,-95.100,457.300,-95.100,0.0000,0.0000,-2.2865,0.0000,0,
23.1297,164.6800,BASELINE_COLLECTION,STANCE,0.4306,-90.400,475.400,-90.400,0.0000,0.0000,-2.3770,0.0000,0,
23.1417,164.6900,BASELINE_COLLECTION,STANCE,0.4444,-85.400,499.200,-85.400,0.0000,0.0000,-2.4960,0.0000,0,
23.1496,164.7000,BASELINE_COLLECTION,STANCE,0.4583,-80.400,510.200,-80.400,0.0000,0.0000,-2.5510,0.0000,0,
23.1617,164.7100,BASELINE_COLLECTION,STANCE,0.4722,-75.200,523.500,-75.200,0.0000,0.0000,-2.6175,0.0000,0,
23.1697,164.7200,BASELINE_COLLECTION,STANCE,0.4861,-69.800,542.600,-69.800,0.0000,0.0000,-2.7130,0.0000,0,
23.1817,164.7300,BASELINE_COLLECTION,STANCE,0.5000,-64.300,553.600,-64.300,0.0000,0.0000,-2.7680,0.0000,0,
23.1896,164.7400,BASELINE_COLLECTION,STANCE,0.5139,-58.700,567.200,-58.700,0.0000,0.0000,-2.8360,0.0000,0,
23.2017,164.7500,BASELINE_COLLECTION,STANCE,0.5278,-53.000,564.700,-53.000,0.0000,0.0000,-2.8235,0.0000,0,
23.2097,164.7600,BASELINE_COLLECTION,STANCE,0.5417,-47.400,552.000,-47.400,0.0000,0.0000,-2.7600,0.0000,0,
23.2217,164.7700,BASELINE_COLLECTION,STANCE,0.5556,-42.100,525.900,-42.100,0.0000,0.0000,-2.6295,0.0000,0,
23.2296,164.7800,BASELINE_COLLECTION,STANCE,0.5694,-37.100,491.400,-37.100,0.0000,0.0000,-2.4570,0.0000,0,
23.2417,164.7900,BASELINE_COLLECTION,STANCE,0.5833,-32.400,447.600,-32.400,0.0000,0.0000,-2.2380,0.0000,0,
23.2496,164.8000,BASELINE_COLLECTION,STANCE,0.5972,-28.400,391.800,-28.400,0.0000,0.0000,-1.9590,0.0000,0,
23.2617,164.8100,BASELINE_COLLECTION,STANCE,0.6111,-24.700,352.600,-24.700,0.0000,0.0000,-1.7630,0.0000,0,
23.2697,164.8200,BASELINE_COLLECTION,STANCE,0.6250,-21.400,316.500,-21.400,0.0000,0.0000,-1.5825,0.0000,0,
23.2817,164.8300,BASELINE_COLLECTION,STANCE,0.6389,-18.500,281.800,-18.500,0.0000,0.0000,-1.4090,0.0000,0,
23.2897,164.8400,BASELINE_COLLECTION,STANCE,0.6528,-15.900,259.800,-15.900,0.0000,0.0000,-1.2990,0.0000,0,
23.3017,164.8500,BASELINE_COLLECTION,STANCE,0.6667,-13.400,243.500,-13.400,0.0000,0.0000,-1.2175,0.0000,0,
23.3097,164.8600,BASELINE_COLLECTION,STANCE,0.6806,-11.100,227.700,-11.100,0.0000,0.0000,-1.1385,0.0000,0,
23.3217,164.8700,BASELINE_COLLECTION,STANCE,0.6944,-8.900,206.800,-8.900,0.0000,0.0000,-1.0340,0.0000,0,
23.3296,164.8800,BASELINE_COLLECTION,STANCE,0.7083,-7.100,175.900,-7.100,0.0000,0.0000,-0.8795,0.0000,0,
23.3417,164.8900,BASELINE_COLLECTION,STANCE,0.7222,-5.700,114.800,-5.700,0.0000,0.0000,-0.5740,0.0000,0,
23.3497,164.9000,BASELINE_COLLECTION,STANCE,0.7361,-5.000,41.600,-5.000,0.0000,0.0000,-0.2080,0.0000,0,
23.3617,164.9100,BASELINE_COLLECTION,STANCE,0.7500,-5.100,-14.100,-5.100,0.0000,0.0000,0.0705,0.1270,0,
23.3697,164.9200,BASELINE_COLLECTION,STANCE,0.7639,-5.300,-25.400,-5.300,0.0000,0.0000,0.1270,0.1920,0,
23.3817,164.9300,BASELINE_COLLECTION,STANCE,0.7778,-5.600,-32.400,-5.600,0.0000,0.0000,0.1620,0.2322,0,
23.3897,164.9400,BASELINE_COLLECTION,STANCE,0.7917,-5.900,-41.700,-5.900,0.0000,0.0000,0.2085,0.2856,0,
23.4017,164.9500,BASELINE_COLLECTION,STANCE,0.8056,-6.500,-50.500,-6.500,0.0000,0.0000,0.2525,0.3000,1,
23.4097,164.9600,BASELINE_COLLECTION,STANCE,0.8194,-7.000,-51.300,-7.000,0.0000,0.0000,0.2565,0.3000,1,
23.4217,164.9700,BASELINE_COLLECTION,STANCE,0.8333,-7.500,-48.900,-7.500,0.0000,0.0000,0.2445,0.3000,1,
23.4296,164.9800,BASELINE_COLLECTION,STANCE,0.8472,-8.000,-52.500,-8.000,0.0000,0.0000,0.2625,0.3000,1,
23.4416,164.9900,BASELINE_COLLECTION,STANCE,0.8611,-8.500,-63.600,-8.500,0.0000,0.0000,0.3180,0.3000,1,
23.4496,165.0000,BASELINE_COLLECTION,STANCE,0.8750,-9.000,-72.200,-9.000,0.0000,0.0000,0.3610,0.3000,1,
23.4617,165.0100,BASELINE_COLLECTION,STANCE,0.8889,-10.300,-101.300,-10.300,0.0000,0.0000,0.5065,0.3000,1,
23.4697,165.0200,BASELINE_COLLECTION,STANCE,0.9028,-11.500,-132.300,-11.500,0.0000,0.0000,0.6615,0.3000,1,
23.4817,165.0300,BASELINE_COLLECTION,STANCE,0.9167,-13.000,-156.100,-13.000,0.0000,0.0000,0.7805,0.3000,1,
23.4897,165.0400,BASELINE_COLLECTION,STANCE,0.9306,-14.600,-168.000,-14.600,0.0000,0.0000,0.8400,0.3000,1,
23.5017,165.0500,BASELINE_COLLECTION,STANCE,0.9444,-16.300,-170.400,-16.300,0.0000,0.0000,0.8520,0.3000,1,
23.5097,165.0600,BASELINE_COLLECTION,STANCE,0.9583,-18.000,-164.800,-18.000,0.0000,0.0000,0.8240,0.3000,1,
23.5217,165.0700,BASELINE_COLLECTION,STANCE,0.9722,-19.600,-147.000,-19.600,0.0000,0.0000,0.7350,0.3000,1,
23.5297,165.0800,BASELINE_COLLECTION,STANCE,0.9861,-20.700,-125.500,-20.700,0.0000,0.0000,0.6275,0.3000,1,
23.5416,165.0900,BASELINE_COLLECTION,SWING,0.0000,-21.900,-104.700,-21.900,0.0000,0.0000,0.5235,0.3000,1,
23.5496,165.1000,BASELINE_COLLECTION,SWING,0.0208,-22.900,-87.000,-22.900,0.0654,0.0000,0.4350,0.3000,1,
23.5617,165.1100,BASELINE_COLLECTION,SWING,0.0417,-23.700,-78.700,-23.700,0.1305,0.0000,0.3935,0.3000,1,
23.5697,165.1200,BASELINE_COLLECTION,SWING,0.0625,-24.500,-80.000,-24.500,0.1951,0.0000,0.4000,0.3000,1,
23.5817,165.1300,BASELINE_COLLECTION,SWING,0.0833,-25.300,-88.000,-25.300,0.2588,0.0000,0.4400,0.3000,1,
23.5897,165.1400,BASELINE_COLLECTION,SWING,0.1042,-26.300,-98.600,-26.300,0.3214,0.0000,0.4930,0.3000,1,
23.6017,165.1500,BASELINE_COLLECTION,SWING,0.1250,-27.300,-109.300,-27.300,0.3827,0.0000,0.5465,0.3000,1,
23.6096,165.1600,BASELINE_COLLECTION,SWING,0.1458,-28.500,-119.300,-28.500,0.4423,0.0000,0.5965,0.3000,1,
23.6216,165.1700,BASELINE_COLLECTION,SWING,0.1667,-29.700,-126.800,-29.700,0.5000,0.0000,0.6340,0.3000,1,
23.6296,165.1800,BASELINE_COLLECTION,SWING,0.1875,-31.000,-131.300,-31.000,0.5556,0.0000,0.6565,0.3000,1,
23.6417,165.1900,BASELINE_COLLECTION,SWING,0.2083,-32.200,-133.000,-32.200,0.6088,0.0000,0.6650,0.3000,1,
23.6496,165.2000,BASELINE_COLLECTION,SWING,0.2292,-33.700,-128.000,-33.700,0.6593,0.0000,0.6400,0.3000,1,
23.6617,165.2100,BASELINE_COLLECTION,SWING,0.2500,-34.900,-117.900,-34.900,0.7071,0.0000,0.5895,0.3000,1,
23.6736,165.2200,BASELINE_COLLECTION,SWING,0.2708,-36.000,-102.600,-36.000,0.7518,0.0000,0.5130,0.3000,1,
23.6816,165.2300,BASELINE_COLLECTION,SWING,0.2917,-36.900,-83.700,-36.900,0.7934,0.0000,0.4185,0.3000,1,
23.6936,165.2400,BASELINE_COLLECTION,SWING,0.3125,-37.600,-64.600,-37.600,0.8315,0.0000,0.3230,0.3000,1,
23.7016,165.2500,BASELINE_COLLECTION,SWING,0.3333,-38.000,-42.500,-38.000,0.8660,0.0000,0.2125,0.2902,0,
23.7137,165.2600,BASELINE_COLLECTION,SWING,0.3542,-38.300,-17.000,-38.300,0.8969,0.0000,0.0850,0.1437,0,
23.7217,165.2700,BASELINE_COLLECTION,SWING,0.3750,-38.300,-1.000,-38.300,0.9239,0.0000,0.0050,0.0517,0,
23.7336,165.2800,BASELINE_COLLECTION,SWING,0.3958,-38.300,0.600,-38.300,0.9469,0.0000,-0.0030,0.0000,0,
23.7416,165.2900,BASELINE_COLLECTION,SWING,0.4167,-38.300,-1.800,-38.300,0.9659,0.0000,0.0090,0.0563,0,
23.7535,165.3000,BASELINE_COLLECTION,SWING,0.4375,-38.400,-5.300,-38.400,0.9808,0.0000,0.0265,0.0764,0,
23.7616,165.3100,BASELINE_COLLECTION,SWING,0.4583,-38.500,-17.000,-38.500,0.9914,0.0000,0.0850,0.1437,0,
23.7736,165.3200,BASELINE_COLLECTION,SWING,0.4792,-38.800,-37.600,-38.800,0.9979,0.0000,0.1880,0.2621,0,
23.7816,165.3300,BASELINE_COLLECTION,SWING,0.5000,-39.300,-52.700,-39.300,1.0000,0.0000,0.2635,0.3000,1,
23.7936,165.3400,BASELINE_COLLECTION,SWING,0.5208,-39.900,-66.300,-39.900,0.9979,0.0000,0.3315,0.3000,1,
23.8016,165.3500,BASELINE_COLLECTION,SWING,0.5417,-40.700,-76.700,-40.700,0.9914,0.0000,0.3835,0.3000,1,
23.8134,165.3600,BASELINE_COLLECTION,SWING,0.5625,-41.500,-80.000,-41.500,0.9808,0.0000,0.4000,0.3000,1,
23.8216,165.3700,BASELINE_COLLECTION,SWING,0.5833,-42.300,-83.600,-42.300,0.9659,0.0000,0.4180,0.3000,1,
23.8336,165.3800,BASELINE_COLLECTION,SWING,0.6042,-43.200,-89.900,-43.200,0.9469,0.0000,0.4495,0.3000,1,
23.8417,165.3900,BASELINE_COLLECTION,SWING,0.6250,-44.100,-94.900,-44.100,0.9239,0.0000,0.4745,0.3000,1,
23.8536,165.4000,BASELINE_COLLECTION,SWING,0.6458,-45.100,-101.600,-45.100,0.8969,0.0000,0.5080,0.3000,1,
23.8616,165.4100,BASELINE_COLLECTION,SWING,0.6667,-46.100,-106.700,-46.100,0.8660,0.0000,0.5335,0.3000,1,
23.8736,165.4200,BASELINE_COLLECTION,SWING,0.6875,-47.200,-109.900,-47.200,0.8315,0.0000,0.5495,0.3000,1,
23.8816,165.4300,BASELINE_COLLECTION,SWING,0.7083,-48.300,-112.400,-48.300,0.7934,0.0000,0.5620,0.3000,1,
23.8936,165.4400,BASELINE_COLLECTION,SWING,0.7292,-49.500,-111.900,-49.500,0.7518,0.0000,0.5595,0.3000,1,
23.9016,165.4500,BASELINE_COLLECTION,SWING,0.7500,-50.600,-109.200,-50.600,0.7071,0.0000,0.5460,0.3000,1,
23.9136,165.4600,BASELINE_COLLECTION,SWING,0.7708,-51.600,-103.700,-51.600,0.6593,0.0000,0.5185,0.3000,1,
23.9216,165.4700,BASELINE_COLLECTION,SWING,0.7917,-52.600,-93.400,-52.600,0.6088,0.0000,0.4670,0.3000,1,
23.9336,165.4800,BASELINE_COLLECTION,SWING,0.8125,-53.500,-85.500,-53.500,0.5556,0.0000,0.4275,0.3000,1,
23.9417,165.4900,BASELINE_COLLECTION,SWING,0.8333,-54.300,-74.700,-54.300,0.5000,0.0000,0.3735,0.3000,1,
23.9536,165.5000,BASELINE_COLLECTION,SWING,0.8542,-54.900,-63.500,-54.900,0.4423,0.0000,0.3175,0.3000,1,
23.9616,165.5100,BASELINE_COLLECTION,SWING,0.8750,-55.500,-52.600,-55.500,0.3827,0.0000,0.2630,0.3000,1,
23.9735,165.5200,BASELINE_COLLECTION,SWING,0.8958,-56.000,-45.000,-56.000,0.3214,0.0000,0.2250,0.3000,1,
23.9816,165.5300,BASELINE_COLLECTION,SWING,0.9167,-56.300,-34.100,-56.300,0.2588,0.0000,0.1705,0.2420,0,
23.9936,165.5400,BASELINE_COLLECTION,SWING,0.9375,-56.600,-23.300,-56.600,0.1951,0.0000,0.1165,0.1799,0,
24.0016,165.5500,BASELINE_COLLECTION,SWING,0.9583,-56.800,-16.800,-56.800,0.1305,0.0000,0.0840,0.1425,0,
24.0136,165.5600,BASELINE_COLLECTION,SWING,0.9792,-56.900,-12.300,-56.900,0.0654,0.0000,0.0615,0.1167,0,
24.0217,165.5700,BASELINE_COLLECTION,STANCE,0.0000,-57.100,-13.500,-57.100,0.0000,0.0000,0.0675,0.1236,0,
24.0336,165.5900,BASELINE_COLLECTION,STANCE,0.0278,-57.500,-29.800,-57.500,0.0000,0.0000,0.1490,0.2172,0,
24.0536,165.6000,BASELINE_COLLECTION,STANCE,0.0417,-57.900,-37.600,-57.900,0.0000,0.0000,0.1880,0.2621,0,
24.0617,165.6100,BASELINE_COLLECTION,STANCE,0.0556,-58.300,-46.400,-58.300,0.0000,0.0000,0.2320,0.3000,1,
24.0736,165.6200,BASELINE_COLLECTION,STANCE,0.0694,-58.800,-50.300,-58.800,0.0000,0.0000,0.2515,0.3000,1,
24.0816,165.6300,BASELINE_COLLECTION,STANCE,0.0833,-59.300,-51.200,-59.300,0.0000,0.0000,0.2560,0.3000,1,
24.0937,165.6400,BASELINE_COLLECTION,STANCE,0.0972,-59.900,-54.600,-59.900,0.0000,0.0000,0.2730,0.3000,1,
24.1017,165.6500,BASELINE_COLLECTION,STANCE,0.1111,-60.400,-56.900,-60.400,0.0000,0.0000,0.2845,0.3000,1,
24.1137,165.6600,BASELINE_COLLECTION,STANCE,0.1250,-61.000,-61.500,-61.000,0.0000,0.0000,0.3075,0.3000,1,
24.1216,165.6700,BASELINE_COLLECTION,STANCE,0.1389,-61.700,-68.800,-61.700,0.0000,0.0000,0.3440,0.3000,1,
24.1336,165.6800,BASELINE_COLLECTION,STANCE,0.1528,-62.400,-77.200,-62.400,0.0000,0.0000,0.3860,0.3000,1,
24.1417,165.6900,BASELINE_COLLECTION,STANCE,0.1667,-63.300,-87.700,-63.300,0.0000,0.0000,0.4385,0.3000,1,
24.1537,165.7000,BASELINE_COLLECTION,STANCE,0.1806,-64.200,-100.300,-64.200,0.0000,0.0000,0.5015,0.3000,1,
24.1617,165.7100,BASELINE_COLLECTION,STANCE,0.1944,-65.300,-109.400,-65.300,0.0000,0.0000,0.5470,0.3000,1,
24.1736,165.7200,BASELINE_COLLECTION,STANCE,0.2083,-66.500,-119.500,-66.500,0.0000,0.0000,0.5975,0.3000,1,
24.1816,165.7300,BASELINE_COLLECTION,STANCE,0.2222,-67.700,-130.200,-67.700,0.0000,0.0000,0.6510,0.3000,1,
24.1936,165.7400,BASELINE_COLLECTION,STANCE,0.2361,-69.100,-142.000,-69.100,0.0000,0.0000,0.7100,0.3000,1,
24.2016,165.7500,BASELINE_COLLECTION,STANCE,0.2500,-70.600,-152.900,-70.600,0.0000,0.0000,0.7645,0.3000,1,
24.2136,165.7600,BASELINE_COLLECTION,STANCE,0.2639,-72.200,-160.500,-72.200,0.0000,0.0000,0.8025,0.3000,1,
24.2216,165.7700,BASELINE_COLLECTION,STANCE,0.2778,-73.800,-165.100,-73.800,0.0000,0.0000,0.8255,0.3000,1,
24.2336,165.7800,BASELINE_COLLECTION,STANCE,0.2917,-75.500,-170.300,-75.500,0.0000,0.0000,0.8515,0.3000,1,
24.2417,165.7900,BASELINE_COLLECTION,STANCE,0.3056,-77.300,-176.700,-77.300,0.0000,0.0000,0.8835,0.3000,1,
24.2536,165.8000,BASELINE_COLLECTION,STANCE,0.3194,-79.100,-183.200,-79.100,0.0000,0.0000,0.9160,0.3000,1,
24.2616,165.8100,BASELINE_COLLECTION,STANCE,0.3333,-81.000,-188.700,-81.000,0.0000,0.0000,0.9435,0.3000,1,
24.2736,165.8200,BASELINE_COLLECTION,STANCE,0.3472,-82.900,-197.200,-82.900,0.0000,0.0000,0.9860,0.3000,1,
24.2816,165.8300,BASELINE_COLLECTION,STANCE,0.3611,-85.000,-209.400,-85.000,0.0000,0.0000,1.0470,0.3000,1,
24.2936,165.8400,BASELINE_COLLECTION,STANCE,0.3750,-87.200,-227.400,-87.200,0.0000,0.0000,1.1370,0.3000,1,
24.3017,165.8500,BASELINE_COLLECTION,STANCE,0.3889,-89.600,-247.400,-89.600,0.0000,0.0000,1.2370,0.3000,1,
24.3137,165.8600,BASELINE_COLLECTION,STANCE,0.4028,-92.200,-264.900,-92.200,0.0000,0.0000,1.3245,0.3000,1,
24.3216,165.8700,BASELINE_COLLECTION,STANCE,0.4167,-95.000,-283.900,-95.000,0.0000,0.0000,1.4195,0.3000,1,
24.3336,165.8800,BASELINE_COLLECTION,STANCE,0.4306,-98.000,-306.200,-98.000,0.0000,0.0000,1.5310,0.3000,1,
24.3417,165.8900,BASELINE_COLLECTION,STANCE,0.4444,-101.100,-323.000,-101.100,0.0000,0.0000,1.6150,0.3000,1,
24.3537,165.9000,BASELINE_COLLECTION,STANCE,0.4583,-104.500,-342.200,-104.500,0.0000,0.0000,1.7110,0.3000,1,
24.3617,165.9100,BASELINE_COLLECTION,STANCE,0.4722,-108.100,-367.300,-108.100,0.0000,0.0000,1.8365,0.3000,1,
24.3736,165.9200,BASELINE_COLLECTION,STANCE,0.4861,-111.900,-385.600,-111.900,0.0000,0.0000,1.9280,0.3000,1,
24.3816,165.9300,BASELINE_COLLECTION,STANCE,0.5000,-115.900,-402.900,-115.900,0.0000,0.0000,2.0145,0.3000,1,
24.3937,165.9400,BASELINE_COLLECTION,STANCE,0.5139,-120.000,-411.100,-120.000,0.0000,0.0000,2.0555,0.3000,1,
24.4016,165.9500,BASELINE_COLLECTION,STANCE,0.5278,-124.100,-410.400,-124.100,0.0000,0.0000,2.0520,0.3000,1,
24.4136,165.9600,BASELINE_COLLECTION,STANCE,0.5417,-128.000,-386.000,-128.000,0.0000,0.0000,1.9300,0.3000,1,
24.4216,165.9700,BASELINE_COLLECTION,STANCE,0.5556,-131.600,-345.900,-131.600,0.0000,0.0000,1.7295,0.3000,1,
24.4336,165.9800,BASELINE_COLLECTION,STANCE,0.5694,-134.800,-300.700,-134.800,0.0000,0.0000,1.5035,0.3000,1,
24.4416,165.9900,BASELINE_COLLECTION,STANCE,0.5833,-137.400,-243.800,-137.400,0.0000,0.0000,1.2190,0.3000,1,
24.4536,166.0000,BASELINE_COLLECTION,STANCE,0.5972,-138.600,-206.300,-138.600,0.0000,0.0000,1.0315,0.3000,1,
24.4616,166.0100,BASELINE_COLLECTION,STANCE,0.6111,-140.800,-115.800,-140.800,0.0000,0.0000,0.5790,0.3000,1,
24.4737,166.0200,BASELINE_COLLECTION,STANCE,0.6250,-141.500,-49.900,-141.500,0.0000,0.0000,0.2495,0.3000,1,
24.4816,166.0300,BASELINE_COLLECTION,STANCE,0.6389,-141.600,13.000,-141.600,0.0000,0.0000,-0.0650,0.0000,0,
24.4936,166.0400,BASELINE_COLLECTION,STANCE,0.6528,-141.100,59.200,-141.100,0.0000,0.0000,-0.2960,0.0000,0,
24.5016,166.0500,BASELINE_COLLECTION,STANCE,0.6667,-140.200,105.800,-140.200,0.0000,0.0000,-0.5290,0.0000,0,
24.5136,166.0600,BASELINE_COLLECTION,STANCE,0.6806,-138.800,146.700,-138.800,0.0000,0.0000,-0.7335,0.0000,0,
24.5216,166.0700,BASELINE_COLLECTION,STANCE,0.6944,-137.100,176.600,-137.100,0.0000,0.0000,-0.8830,0.0000,0,
24.5336,166.0800,BASELINE_COLLECTION,STANCE,0.7083,-135.200,203.100,-135.200,0.0000,0.0000,-1.0155,0.0000,0,
24.5416,166.0900,BASELINE_COLLECTION,STANCE,0.7222,-133.200,225.100,-133.200,0.0000,0.0000,-1.1255,0.0000,0,
24.5537,166.1000,BASELINE_COLLECTION,STANCE,0.7361,-130.700,248.000,-130.700,0.0000,0.0000,-1.2400,0.0000,0,
24.5616,166.1100,BASELINE_COLLECTION,STANCE,0.7500,-128.000,271.200,-128.000,0.0000,0.0000,-1.3560,0.0000,0,
24.5736,166.1200,BASELINE_COLLECTION,STANCE,0.7639,-125.100,299.300,-125.100,0.0000,0.0000,-1.4965,0.0000,0,
24.5816,166.1300,BASELINE_COLLECTION,STANCE,0.7778,-122.000,320.900,-122.000,0.0000,0.0000,-1.6045,0.0000,0,
24.5936,166.1400,BASELINE_COLLECTION,STANCE,0.7917,-118.600,340.200,-118.600,0.0000,0.0000,-1.7010,0.0000,0,
24.6016,166.1500,BASELINE_COLLECTION,STANCE,0.8056,-115.100,362.600,-115.100,0.0000,0.0000,-1.8130,0.0000,0,
24.6135,166.1600,BASELINE_COLLECTION,STANCE,0.8194,-111.300,384.600,-111.300,0.0000,0.0000,-1.9230,0.0000,0,
24.6216,166.1700,BASELINE_COLLECTION,STANCE,0.8333,-107.200,412.400,-107.200,0.0000,0.0000,-2.0620,0.0000,0,
24.6336,166.1800,BASELINE_COLLECTION,STANCE,0.8472,-103.000,432.400,-103.000,0.0000,0.0000,-2.1620,0.0000,0,
24.6416,166.1900,BASELINE_COLLECTION,STANCE,0.8611,-98.500,458.000,-98.500,0.0000,0.0000,-2.2900,0.0000,0,
24.6536,166.2000,BASELINE_COLLECTION,STANCE,0.8750,-93.800,476.200,-93.800,0.0000,0.0000,-2.3810,0.0000,0,
24.6616,166.2100,BASELINE_COLLECTION,STANCE,0.8889,-88.900,499.400,-88.900,0.0000,0.0000,-2.4970,0.0000,0,
24.6736,166.2200,BASELINE_COLLECTION,STANCE,0.9028,-83.700,515.700,-83.700,0.0000,0.0000,-2.5785,0.0000,0,
24.6816,166.2300,BASELINE_COLLECTION,STANCE,0.9167,-78.500,526.300,-78.500,0.0000,0.0000,-2.6315,0.0000,0,
24.6937,166.2400,BASELINE_COLLECTION,STANCE,0.9306,-73.100,541.100,-73.100,0.0000,0.0000,-2.7055,0.0000,0,
24.7017,166.2500,BASELINE_COLLECTION,STANCE,0.9444,-67.600,559.400,-67.600,0.0000,0.0000,-2.7970,0.0000,0,
24.7137,166.2600,BASELINE_COLLECTION,STANCE,0.9583,-61.900,573.000,-61.900,0.0000,0.0000,-2.8650,0.0000,0,
24.7217,166.2700,BASELINE_COLLECTION,STANCE,0.9722,-56.100,576.200,-56.100,0.0000,0.0000,-2.8810,0.0000,0,
24.7336,166.2800,BASELINE_COLLECTION,STANCE,0.9861,-50.400,579.000,-50.400,0.0000,0.0000,-2.8950,0.0000,0,
24.7416,166.2900,BASELINE_COLLECTION,STANCE,1.0000,-44.700,561.200,-44.700,0.0000,0.0000,-2.8060,0.0000,0,
24.7537,166.3000,BASELINE_COLLECTION,SWING,0.0208,-39.200,533.200,-39.200,0.0654,0.0000,-2.6660,0.0000,0,
24.7617,166.3100,BASELINE_COLLECTION,SWING,0.0417,-34.200,494.000,-34.200,0.1305,0.0000,-2.4700,0.0000,0,
24.7738,166.3200,BASELINE_COLLECTION,SWING,0.0625,-29.600,434.200,-29.600,0.1951,0.0000,-2.1710,0.0000,0,
24.7817,166.3300,BASELINE_COLLECTION,SWING,0.0833,-25.700,377.300,-25.700,0.2588,0.0000,-1.8865,0.0000,0,
24.7978,166.3400,BASELINE_COLLECTION,SWING,0.1042,-22.300,329.200,-22.300,0.3214,0.0000,-1.6460,0.0000,0,
24.8058,166.3600,BASELINE_COLLECTION,SWING,0.1458,-16.700,251.700,-16.700,0.4423,0.0000,-1.2585,0.0000,0,
24.8177,166.3700,BASELINE_COLLECTION,SWING,0.1667,-14.300,230.400,-14.300,0.5000,0.0000,-1.1520,0.0000,0,
24.8257,166.3800,BASELINE_COLLECTION,SWING,0.1875,-12.200,211.300,-12.200,0.5556,0.0000,-1.0565,0.0000,0,
24.8376,166.3900,BASELINE_COLLECTION,SWING,0.2083,-10.200,192.900,-10.200,0.6088,0.0000,-0.9645,0.0000,0,
24.8457,166.4000,BASELINE_COLLECTION,SWING,0.2292,-8.400,169.000,-8.400,0.6593,0.0000,-0.8450,0.0000,0,
24.8577,166.4100,BASELINE_COLLECTION,SWING,0.2500,-6.900,134.600,-6.900,0.7071,0.0000,-0.6730,0.0000,0,
24.8656,166.4200,BASELINE_COLLECTION,SWING,0.2708,-6.000,66.900,-6.000,0.7518,0.0000,-0.3345,0.0000,0,
24.8777,166.4300,BASELINE_COLLECTION,SWING,0.2917,-5.900,-9.400,-5.900,0.7934,0.0000,0.0470,0.1000,0,
24.8857,166.4400,BASELINE_COLLECTION,SWING,0.3125,-6.200,-34.200,-6.200,0.8315,0.0000,0.1710,0.2425,0,
24.8977,166.4500,BASELINE_COLLECTION,SWING,0.3333,-6.600,-43.200,-6.600,0.8660,0.0000,0.2160,0.2943,0,
24.9057,166.4600,BASELINE_COLLECTION,SWING,0.3542,-7.000,-40.700,-7.000,0.8969,0.0000,0.2035,0.2799,0,
24.9177,166.4700,BASELINE_COLLECTION,SWING,0.3750,-7.400,-36.100,-7.400,0.9239,0.0000,0.1805,0.2534,0,
24.9257,166.4800,BASELINE_COLLECTION,SWING,0.3958,-7.800,-37.200,-7.800,0.9469,0.0000,0.1860,0.2598,0,
24.9377,166.4900,BASELINE_COLLECTION,SWING,0.4167,-8.200,-49.300,-8.200,0.9659,0.0000,0.2465,0.3000,1,
24.9457,166.5000,BASELINE_COLLECTION,SWING,0.4375,-8.800,-67.000,-8.800,0.9808,0.0000,0.3350,0.3000,1,
24.9577,166.5100,BASELINE_COLLECTION,SWING,0.4583,-9.700,-89.500,-9.700,0.9914,0.0000,0.4475,0.3000,1,
24.9657,166.5200,BASELINE_COLLECTION,SWING,0.4792,-10.800,-123.600,-10.800,0.9979,0.0000,0.6180,0.3000,1,
24.9778,166.5300,BASELINE_COLLECTION,SWING,0.5000,-12.200,-154.700,-12.200,1.0000,0.0000,0.7735,0.3000,1,
24.9857,166.5400,BASELINE_COLLECTION,SWING,0.5208,-13.900,-170.800,-13.900,0.9979,0.0000,0.8540,0.3000,1,
24.9977,166.5500,BASELINE_COLLECTION,SWING,0.5417,-15.600,-172.300,-15.600,0.9914,0.0000,0.8615,0.3000,1,
25.0098,166.5600,BASELINE_COLLECTION,SWING,0.5625,-17.400,-170.800,-17.400,0.9808,0.0000,0.8540,0.3000,1,
25.0177,166.5700,BASELINE_COLLECTION,SWING,0.5833,-19.000,-161.500,-19.000,0.9659,0.0000,0.8075,0.3000,1,
25.0297,166.5800,BASELINE_COLLECTION,SWING,0.6042,-20.500,-139.500,-20.500,0.9469,0.0000,0.6975,0.3000,1,
25.0377,166.5900,BASELINE_COLLECTION,SWING,0.6250,-21.700,-114.500,-21.700,0.9239,0.0000,0.5725,0.3000,1,
25.0497,166.6000,BASELINE_COLLECTION,SWING,0.6458,-22.700,-92.600,-22.700,0.8969,0.0000,0.4630,0.3000,1,
25.0577,166.6100,BASELINE_COLLECTION,SWING,0.6667,-23.500,-78.100,-23.500,0.8660,0.0000,0.3905,0.3000,1,
25.0697,166.6200,BASELINE_COLLECTION,SWING,0.6875,-24.300,-75.900,-24.300,0.8315,0.0000,0.3795,0.3000,1,
25.0777,166.6300,BASELINE_COLLECTION,SWING,0.7083,-25.100,-81.700,-25.100,0.7934,0.0000,0.4085,0.3000,1,
25.0896,166.6400,BASELINE_COLLECTION,SWING,0.7292,-26.000,-92.400,-26.000,0.7518,0.0000,0.4620,0.3000,1,
25.0976,166.6500,BASELINE_COLLECTION,SWING,0.7500,-27.000,-106.400,-27.000,0.7071,0.0000,0.5320,0.3000,1,
25.1095,166.6600,BASELINE_COLLECTION,SWING,0.7708,-28.100,-118.200,-28.100,0.6593,0.0000,0.5910,0.3000,1,
25.1176,166.6700,BASELINE_COLLECTION,SWING,0.7917,-29.400,-126.700,-29.400,0.6088,0.0000,0.6335,0.3000,1,
25.1297,166.6800,BASELINE_COLLECTION,SWING,0.8125,-30.700,-133.900,-30.700,0.5556,0.0000,0.6695,0.3000,1,
25.1376,166.6900,BASELINE_COLLECTION,SWING,0.8333,-32.000,-135.500,-32.000,0.5000,0.0000,0.6775,0.3000,1,
25.1497,166.7000,BASELINE_COLLECTION,SWING,0.8542,-33.400,-130.000,-33.400,0.4423,0.0000,0.6500,0.3000,1,
25.1576,166.7100,BASELINE_COLLECTION,SWING,0.8750,-34.600,-117.800,-34.600,0.3827,0.0000,0.5890,0.3000,1,
25.1697,166.7200,BASELINE_COLLECTION,SWING,0.8958,-35.600,-99.000,-35.600,0.3214,0.0000,0.4950,0.3000,1,
25.1777,166.7300,BASELINE_COLLECTION,SWING,0.9167,-36.500,-77.400,-36.500,0.2588,0.0000,0.3870,0.3000,1,
25.1897,166.7400,BASELINE_COLLECTION,SWING,0.9375,-37.100,-52.100,-37.100,0.1951,0.0000,0.2605,0.3000,1,
25.1976,166.7500,BASELINE_COLLECTION,SWING,0.9583,-37.400,-27.300,-37.400,0.1305,0.0000,0.1365,0.2029,0,
25.2097,166.7600,BASELINE_COLLECTION,SWING,0.9792,-37.500,-1.700,-37.500,0.0654,0.0000,0.0085,0.0557,0,
25.2176,166.7700,BASELINE_COLLECTION,STANCE,0.0000,-37.500,4.500,-37.500,0.0000,0.0000,-0.0225,0.0000,0,
25.2297,166.7800,BASELINE_COLLECTION,STANCE,0.0139,-37.500,-1.600,-37.500,0.0000,0.0000,0.0080,0.0552,0,
25.2376,166.7900,BASELINE_COLLECTION,STANCE,0.0278,-37.500,-1.500,-37.500,0.0000,0.0000,0.0075,0.0546,0,
25.2502,166.8000,BASELINE_COLLECTION,STANCE,0.0417,-37.500,-5.800,-37.500,0.0000,0.0000,0.0290,0.0793,0,
25.2574,166.8100,BASELINE_COLLECTION,STANCE,0.0556,-37.600,-11.200,-37.600,0.0000,0.0000,0.0560,0.1103,0,
25.2693,166.8200,BASELINE_COLLECTION,STANCE,0.0694,-37.800,-14.300,-37.800,0.0000,0.0000,0.0715,0.1282,0,
25.2776,166.8300,BASELINE_COLLECTION,STANCE,0.0833,-38.000,-21.500,-38.000,0.0000,0.0000,0.1075,0.1695,0,
25.2896,166.8400,BASELINE_COLLECTION,STANCE,0.0972,-38.200,-30.400,-38.200,0.0000,0.0000,0.1520,0.2207,0,
25.2976,166.8500,BASELINE_COLLECTION,STANCE,0.1111,-38.600,-39.900,-38.600,0.0000,0.0000,0.1995,0.2753,0,
25.3097,166.8600,BASELINE_COLLECTION,STANCE,0.1250,-39.100,-50.100,-39.100,0.0000,0.0000,0.2505,0.3000,1,
25.3177,166.8700,BASELINE_COLLECTION,STANCE,0.1389,-39.600,-56.200,-39.600,0.0000,0.0000,0.2810,0.3000,1,
25.3296,166.8800,BASELINE_COLLECTION,STANCE,0.1528,-40.200,-61.200,-40.200,0.0000,0.0000,0.3060,0.3000,1,
25.3375,166.8900,BASELINE_COLLECTION,STANCE,0.1667,-40.800,-61.200,-40.800,0.0000,0.0000,0.3060,0.3000,1,
25.3497,166.9000,BASELINE_COLLECTION,STANCE,0.1806,-41.500,-64.100,-41.500,0.0000,0.0000,0.3205,0.3000,1,
25.3576,166.9100,BASELINE_COLLECTION,STANCE,0.1944,-42.100,-66.800,-42.100,0.0000,0.0000,0.3340,0.3000,1,
25.3696,166.9200,BASELINE_COLLECTION,STANCE,0.2083,-42.800,-70.600,-42.800,0.0000,0.0000,0.3530,0.3000,1,
25.3774,166.9300,BASELINE_COLLECTION,STANCE,0.2222,-43.500,-69.400,-43.500,0.0000,0.0000,0.3470,0.3000,1,
25.3896,166.9400,BASELINE_COLLECTION,STANCE,0.2361,-44.200,-66.800,-44.200,0.0000,0.0000,0.3340,0.3000,1,
25.3976,166.9500,BASELINE_COLLECTION,STANCE,0.2500,-44.800,-64.200,-44.800,0.0000,0.0000,0.3210,0.3000,1,
25.4096,166.9600,BASELINE_COLLECTION,STANCE,0.2639,-45.500,-61.500,-45.500,0.0000,0.0000,0.3075,0.3000,1,
25.4176,166.9700,BASELINE_COLLECTION,STANCE,0.2778,-46.000,-53.200,-46.000,0.0000,0.0000,0.2660,0.3000,1,
25.4295,166.9800,BASELINE_COLLECTION,STANCE,0.2917,-46.500,-47.100,-46.500,0.0000,0.0000,0.2355,0.3000,1,
25.4377,166.9900,BASELINE_COLLECTION,STANCE,0.3056,-47.000,-41.100,-47.000,0.0000,0.0000,0.2055,0.2822,0,
25.4497,167.0000,BASELINE_COLLECTION,STANCE,0.3194,-47.100,-37.200,-47.100,0.0000,0.0000,0.1860,0.2598,0,
25.4576,167.0100,BASELINE_COLLECTION,STANCE,0.3333,-47.600,-27.000,-47.600,0.0000,0.0000,0.1350,0.2011,0,
25.4696,167.0200,BASELINE_COLLECTION,STANCE,0.3472,-47.800,-21.300,-47.800,0.0000,0.0000,0.1065,0.1684,0,
25.4776,167.0300,BASELINE_COLLECTION,STANCE,0.3611,-48.000,-19.800,-48.000,0.0000,0.0000,0.0990,0.1598,0,
25.4896,167.0400,BASELINE_COLLECTION,STANCE,0.3750,-48.200,-15.900,-48.200,0.0000,0.0000,0.0795,0.1374,0,
25.4976,167.0500,BASELINE_COLLECTION,STANCE,0.3889,-48.300,-14.400,-48.300,0.0000,0.0000,0.0720,0.1287,0,
25.5096,167.0600,BASELINE_COLLECTION,STANCE,0.4028,-48.500,-18.200,-48.500,0.0000,0.0000,0.0910,0.1506,0,
25.5176,167.0700,BASELINE_COLLECTION,STANCE,0.4167,-48.700,-24.400,-48.700,0.0000,0.0000,0.1220,0.1862,0,
25.5296,167.0800,BASELINE_COLLECTION,STANCE,0.4306,-49.100,-35.600,-49.100,0.0000,0.0000,0.1780,0.2506,0,
25.5376,167.0900,BASELINE_COLLECTION,STANCE,0.4444,-49.500,-46.300,-49.500,0.0000,0.0000,0.2315,0.3000,1,
25.5496,167.1000,BASELINE_COLLECTION,STANCE,0.4583,-50.000,-54.800,-50.000,0.0000,0.0000,0.2740,0.3000,1,
25.5576,167.1100,BASELINE_COLLECTION,STANCE,0.4722,-50.700,-65.000,-50.700,0.0000,0.0000,0.3250,0.3000,1,
25.5695,167.1200,BASELINE_COLLECTION,STANCE,0.4861,-51.400,-72.100,-51.400,0.0000,0.0000,0.3605,0.3000,1,
25.5776,167.1300,BASELINE_COLLECTION,STANCE,0.5000,-52.200,-81.900,-52.200,0.0000,0.0000,0.4095,0.3000,1,
25.5896,167.1400,BASELINE_COLLECTION,STANCE,0.5139,-53.100,-93.800,-53.100,0.0000,0.0000,0.4690,0.3000,1,
25.5976,167.1500,BASELINE_COLLECTION,STANCE,0.5278,-54.100,-106.300,-54.100,0.0000,0.0000,0.5315,0.3000,1,
25.6096,167.1600,BASELINE_COLLECTION,STANCE,0.5417,-55.300,-120.400,-55.300,0.0000,0.0000,0.6020,0.3000,1,
25.6176,167.1700,BASELINE_COLLECTION,STANCE,0.5556,-56.600,-134.000,-56.600,0.0000,0.0000,0.6700,0.3000,1,
25.6296,167.1800,BASELINE_COLLECTION,STANCE,0.5694,-58.000,-146.700,-58.000,0.0000,0.0000,0.7335,0.3000,1,
25.6376,167.1900,BASELINE_COLLECTION,STANCE,0.5833,-59.600,-160.300,-59.600,0.0000,0.0000,0.8015,0.3000,1,
25.6497,167.2000,BASELINE_COLLECTION,STANCE,0.5972,-61.200,-172.800,-61.200,0.0000,0.0000,0.8640,0.3000,1,
25.6575,167.2100,BASELINE_COLLECTION,STANCE,0.6111,-63.000,-182.100,-63.000,0.0000,0.0000,0.9105,0.3000,1,
25.6696,167.2200,BASELINE_COLLECTION,STANCE,0.6250,-64.900,-188.700,-64.900,0.0000,0.0000,0.9435,0.3000,1,
25.6776,167.2300,BASELINE_COLLECTION,STANCE,0.6389,-66.900,-197.900,-66.900,0.0000,0.0000,0.9895,0.3000,1,
25.6896,167.2400,BASELINE_COLLECTION,STANCE,0.6528,-68.700,-208.600,-68.700,0.0000,0.0000,1.0430,0.3000,1,
25.6976,167.2500,BASELINE_COLLECTION,STANCE,0.6667,-71.100,-222.400,-71.100,0.0000,0.0000,1.1120,0.3000,1,
25.7096,167.2600,BASELINE_COLLECTION,STANCE,0.6806,-73.400,-233.500,-73.400,0.0000,0.0000,1.1675,0.3000,1,
25.7176,167.2700,BASELINE_COLLECTION,STANCE,0.6944,-75.800,-245.600,-75.800,0.0000,0.0000,1.2280,0.3000,1,
25.7296,167.2800,BASELINE_COLLECTION,STANCE,0.7083,-78.400,-261.100,-78.400,0.0000,0.0000,1.3055,0.3000,1,
25.7376,167.2900,BASELINE_COLLECTION,STANCE,0.7222,-81.100,-275.900,-81.100,0.0000,0.0000,1.3795,0.3000,1,
25.7497,167.3000,BASELINE_COLLECTION,STANCE,0.7361,-83.900,-287.400,-83.900,0.0000,0.0000,1.4370,0.3000,1,
25.7576,167.3100,BASELINE_COLLECTION,STANCE,0.7500,-86.900,-300.100,-86.900,0.0000,0.0000,1.5005,0.3000,1,
25.7696,167.3200,BASELINE_COLLECTION,STANCE,0.7639,-90.000,-313.800,-90.000,0.0000,0.0000,1.5690,0.3000,1,
25.7776,167.3300,BASELINE_COLLECTION,STANCE,0.7778,-93.200,-320.500,-93.200,0.0000,0.0000,1.6025,0.3000,1,
25.7896,167.3400,BASELINE_COLLECTION,STANCE,0.7917,-96.400,-328.000,-96.400,0.0000,0.0000,1.6400,0.3000,1,
25.7976,167.3500,BASELINE_COLLECTION,STANCE,0.8056,-99.800,-332.200,-99.800,0.0000,0.0000,1.6610,0.3000,1,
25.8096,167.3600,BASELINE_COLLECTION,STANCE,0.8194,-103.100,-331.800,-103.100,0.0000,0.0000,1.6590,0.3000,1,
25.8176,167.3700,BASELINE_COLLECTION,STANCE,0.8333,-106.400,-338.800,-106.400,0.0000,0.0000,1.6940,0.3000,1,
25.8296,167.3800,BASELINE_COLLECTION,STANCE,0.8472,-109.900,-344.600,-109.900,0.0000,0.0000,1.7230,0.3000,1,
25.8376,167.3900,BASELINE_COLLECTION,STANCE,0.8611,-113.300,-343.800,-113.300,0.0000,0.0000,1.7190,0.3000,1,
25.8497,167.4000,BASELINE_COLLECTION,STANCE,0.8750,-116.700,-337.900,-116.700,0.0000,0.0000,1.6895,0.3000,1,
25.8575,167.4100,BASELINE_COLLECTION,STANCE,0.8889,-120.000,-314.100,-120.000,0.0000,0.0000,1.5705,0.3000,1,
25.8696,167.4200,BASELINE_COLLECTION,STANCE,0.9028,-122.900,-279.700,-122.900,0.0000,0.0000,1.3985,0.3000,1,
25.8775,167.4300,BASELINE_COLLECTION,STANCE,0.9167,-125.400,-233.000,-125.400,0.0000,0.0000,1.1650,0.3000,1,
25.8896,167.4400,BASELINE_COLLECTION,STANCE,0.9306,-127.300,-174.200,-127.300,0.0000,0.0000,0.8710,0.3000,1,
25.8976,167.4500,BASELINE_COLLECTION,STANCE,0.9444,-128.600,-111.400,-128.600,0.0000,0.0000,0.5570,0.3000,1,
25.9096,167.4600,BASELINE_COLLECTION,STANCE,0.9583,-129.300,-50.100,-129.300,0.0000,0.0000,0.2505,0.3000,1,
25.9176,167.4700,BASELINE_COLLECTION,STANCE,0.9722,-129.400,6.700,-129.400,0.0000,0.0000,-0.0335,0.0000,0,
25.9296,167.4800,BASELINE_COLLECTION,STANCE,0.9861,-129.000,48.800,-129.000,0.0000,0.0000,-0.2440,0.0000,0,
25.9376,167.4900,BASELINE_COLLECTION,SWING,0.0000,-128.200,91.300,-128.200,0.0000,0.0000,-0.4565,0.0000,0,
25.9497,167.5000,BASELINE_COLLECTION,SWING,0.0208,-127.100,127.600,-127.100,0.0654,0.0000,-0.6380,0.0000,0,
25.9575,167.5100,BASELINE_COLLECTION,SWING,0.0417,-125.600,153.500,-125.600,0.1305,0.0000,-0.7675,0.0000,0,
25.9696,167.5200,BASELINE_COLLECTION,SWING,0.0625,-123.900,178.200,-123.900,0.1951,0.0000,-0.8910,0.0000,0,
25.9775,167.5300,BASELINE_COLLECTION,SWING,0.0833,-121.900,200.900,-121.900,0.2588,0.0000,-1.0045,0.0000,0,
25.9896,167.5400,BASELINE_COLLECTION,SWING,0.1042,-119.800,221.700,-119.800,0.3214,0.0000,-1.1085,0.0000,0,
25.9976,167.5500,BASELINE_COLLECTION,SWING,0.1250,-117.400,242.700,-117.400,0.3827,0.0000,-1.2135,0.0000,0,
26.0096,167.5600,BASELINE_COLLECTION,SWING,0.1458,-114.800,265.000,-114.800,0.4423,0.0000,-1.3250,0.0000,0,
26.0176,167.5700,BASELINE_COLLECTION,SWING,0.1667,-112.000,285.900,-112.000,0.5000,0.0000,-1.4295,0.0000,0,
26.0296,167.5800,BASELINE_COLLECTION,SWING,0.1875,-109.000,310.700,-109.000,0.5556,0.0000,-1.5535,0.0000,0,
26.0377,167.5900,BASELINE_COLLECTION,SWING,0.2083,-106.100,332.000,-106.100,0.6088,0.0000,-1.6600,0.0000,0,
26.0497,167.6000,BASELINE_COLLECTION,SWING,0.2292,-102.300,354.600,-102.300,0.6593,0.0000,-1.7730,0.0000,0,
26.0574,167.6100,BASELINE_COLLECTION,SWING,0.2500,-98.500,380.300,-98.500,0.7071,0.0000,-1.9015,0.0000,0,
26.0696,167.6200,BASELINE_COLLECTION,SWING,0.2708,-94.600,401.400,-94.600,0.7518,0.0000,-2.0070,0.0000,0,
26.0776,167.6300,BASELINE_COLLECTION,SWING,0.2917,-90.400,423.900,-90.400,0.7934,0.0000,-2.1195,0.0000,0,
26.0895,167.6400,BASELINE_COLLECTION,SWING,0.3125,-86.000,449.800,-86.000,0.8315,0.0000,-2.2490,0.0000,0,
26.1015,167.6500,BASELINE_COLLECTION,SWING,0.3333,-81.400,464.900,-81.400,0.8660,0.0000,-2.3245,0.0000,0,
26.1096,167.6600,BASELINE_COLLECTION,SWING,0.3542,-76.600,482.700,-76.600,0.8969,0.0000,-2.4135,0.0000,0,
26.1216,167.6700,BASELINE_COLLECTION,SWING,0.3750,-71.600,505.000,-71.600,0.9239,0.0000,-2.5250,0.0000,0,
26.1296,167.6800,BASELINE_COLLECTION,SWING,0.3958,-66.500,523.400,-66.500,0.9469,0.0000,-2.6170,0.0000,0,
26.1417,167.6900,BASELINE_COLLECTION,SWING,0.4167,-61.100,544.500,-61.100,0.9659,0.0000,-2.7225,0.0000,0,
26.1497,167.7000,BASELINE_COLLECTION,SWING,0.4375,-55.500,558.400,-55.500,0.9808,0.0000,-2.7920,0.0000,0,
26.1617,167.7100,BASELINE_COLLECTION,SWING,0.4583,-49.800,582.200,-49.800,0.9914,0.0000,-2.9110,0.0000,0,
26.1697,167.7200,BASELINE_COLLECTION,SWING,0.4792,-43.900,588.500,-43.900,0.9979,0.0000,-2.9425,0.0000,0,
26.1817,167.7300,BASELINE_COLLECTION,SWING,0.5000,-38.000,598.500,-38.000,1.0000,0.0000,-2.9925,0.0000,0,
26.1896,167.7400,BASELINE_COLLECTION,SWING,0.5208,-31.900,607.900,-31.900,0.9979,0.0000,-3.0395,0.0000,0,
26.2016,167.7500,BASELINE_COLLECTION,SWING,0.5417,-25.900,593.400,-25.900,0.9914,0.0000,-2.9670,0.0000,0,
26.2097,167.7600,BASELINE_COLLECTION,SWING,0.5625,-20.100,575.900,-20.100,0.9808,0.0000,-2.8795,0.0000,0,
26.2217,167.7700,BASELINE_COLLECTION,SWING,0.5833,-14.500,554.600,-14.500,0.9659,0.0000,-2.7730,0.0000,0,
26.2297,167.7800,BASELINE_COLLECTION,SWING,0.6042,-9.300,502.900,-9.300,0.9469,0.0000,-2.5145,0.0000,0,
26.2417,167.7900,BASELINE_COLLECTION,SWING,0.6250,-4.800,406.900,-4.800,0.9239,0.0000,-2.0345,0.0000,0,
26.2497,167.8000,BASELINE_COLLECTION,SWING,0.6458,-1.900,300.500,-1.900,0.8969,0.0000,-1.5025,0.0000,0,
26.2616,167.8100,BASELINE_COLLECTION,SWING,0.6667,0.500,187.600,0.500,0.8660,0.0000,-0.9380,0.0000,0,
26.2696,167.8200,BASELINE_COLLECTION,SWING,0.6875,1.500,60.800,1.500,0.8315,0.0000,-0.3040,0.0000,0,
26.2817,167.8300,BASELINE_COLLECTION,SWING,0.7083,1.400,-23.800,1.400,0.7934,0.0000,0.1190,0.1828,0,
26.2897,167.8400,BASELINE_COLLECTION,SWING,0.7292,1.200,-18.400,1.200,0.7518,0.0000,0.0920,0.1517,0,
26.3016,167.8500,BASELINE_COLLECTION,SWING,0.7500,1.200,1.700,1.200,0.7071,0.0000,-0.0085,0.0000,0,
26.3096,167.8600,BASELINE_COLLECTION,SWING,0.7708,1.200,-1.800,1.200,0.6593,0.0000,0.0090,0.0563,0,
26.3216,167.8700,BASELINE_COLLECTION,SWING,0.7917,1.100,-8.100,1.100,0.6088,0.0000,0.0405,0.0925,0,
26.3296,167.8800,BASELINE_COLLECTION,SWING,0.8125,0.900,-24.300,0.900,0.5556,0.0000,0.1215,0.1856,0,
26.3416,167.8900,BASELINE_COLLECTION,SWING,0.8333,0.500,-46.000,0.500,0.5000,0.0000,0.2300,0.3000,1,
26.3497,167.9000,BASELINE_COLLECTION,SWING,0.8542,-0.100,-84.000,-0.100,0.4423,0.0000,0.4200,0.3000,1,
26.3617,167.9100,BASELINE_COLLECTION,SWING,0.8750,-1.200,-125.700,-1.200,0.3827,0.0000,0.6285,0.3000,1,
26.3696,167.9200,BASELINE_COLLECTION,SWING,0.8958,-2.700,-162.500,-2.700,0.3214,0.0000,0.8125,0.3000,1,
26.3816,167.9300,BASELINE_COLLECTION,SWING,0.9167,-4.700,-217.400,-4.700,0.2588,0.0000,1.0870,0.3000,1,
26.3896,167.9400,BASELINE_COLLECTION,SWING,0.9375,-7.200,-263.900,-7.200,0.1951,0.0000,1.3195,0.3000,1,
26.4016,167.9500,BASELINE_COLLECTION,SWING,0.9583,-9.900,-259.200,-9.900,0.1305,0.0000,1.2960,0.3000,1,
26.4096,167.9600,BASELINE_COLLECTION,SWING,0.9792,-12.300,-240.900,-12.300,0.0654,0.0000,1.2045,0.3000,1,
26.4217,167.9700,BASELINE_COLLECTION,STANCE,0.0000,-14.600,-216.200,-14.600,0.0000,0.0000,1.0810,0.3000,1,
26.4295,167.9800,BASELINE_COLLECTION,STANCE,0.0139,-16.500,-183.600,-16.500,0.0000,0.0000,0.9180,0.3000,1,
26.4376,167.9900,BASELINE_COLLECTION,STANCE,0.0278,-18.100,-141.700,-18.100,0.0000,0.0000,0.7085,0.3000,1,
26.4497,168.0000,BASELINE_COLLECTION,STANCE,0.0417,-18.500,-125.900,-18.500,0.0000,0.0000,0.6295,0.3000,1,
26.4616,168.0100,BASELINE_COLLECTION,STANCE,0.0556,-19.900,-66.200,-19.900,0.0000,0.0000,0.3310,0.3000,1,
26.4696,168.0200,BASELINE_COLLECTION,STANCE,0.0694,-20.400,-42.300,-20.400,0.0000,0.0000,0.2115,0.2891,0,
26.4816,168.0300,BASELINE_COLLECTION,STANCE,0.0833,-20.700,-36.400,-20.700,0.0000,0.0000,0.1820,0.2552,0,
26.4896,168.0400,BASELINE_COLLECTION,STANCE,0.0972,-21.100,-42.700,-21.100,0.0000,0.0000,0.2135,0.2914,0,
26.5016,168.0500,BASELINE_COLLECTION,STANCE,0.1111,-21.700,-62.400,-21.700,0.0000,0.0000,0.3120,0.3000,1,
26.5096,168.0600,BASELINE_COLLECTION,STANCE,0.1250,-22.500,-85.800,-22.500,0.0000,0.0000,0.4290,0.3000,1,
26.5217,168.0700,BASELINE_COLLECTION,STANCE,0.1389,-23.500,-111.200,-23.500,0.0000,0.0000,0.5560,0.3000,1,
26.5297,168.0800,BASELINE_COLLECTION,STANCE,0.1528,-24.800,-133.900,-24.800,0.0000,0.0000,0.6695,0.3000,1,
26.5416,168.0900,BASELINE_COLLECTION,STANCE,0.1667,-26.200,-150.600,-26.200,0.0000,0.0000,0.7530,0.3000,1,
26.5497,168.1000,BASELINE_COLLECTION,STANCE,0.1806,-27.800,-158.600,-27.800,0.0000,0.0000,0.7930,0.3000,1,
26.5617,168.1100,BASELINE_COLLECTION,STANCE,0.1944,-29.200,-159.600,-29.200,0.0000,0.0000,0.7980,0.3000,1,
26.5697,168.1200,BASELINE_COLLECTION,STANCE,0.2083,-31.000,-154.800,-31.000,0.0000,0.0000,0.7740,0.3000,1,
26.5817,168.1300,BASELINE_COLLECTION,STANCE,0.2222,-32.500,-145.300,-32.500,0.0000,0.0000,0.7265,0.3000,1,
26.5896,168.1400,BASELINE_COLLECTION,STANCE,0.2361,-33.800,-129.700,-33.800,0.0000,0.0000,0.6485,0.3000,1,
26.6016,168.1500,BASELINE_COLLECTION,STANCE,0.2500,-35.000,-110.600,-35.000,0.0000,0.0000,0.5530,0.3000,1,
26.6096,168.1600,BASELINE_COLLECTION,STANCE,0.2639,-35.900,-86.000,-35.900,0.0000,0.0000,0.4300,0.3000,1,
26.6216,168.1700,BASELINE_COLLECTION,STANCE,0.2778,-36.600,-61.500,-36.600,0.0000,0.0000,0.3075,0.3000,1,
26.6296,168.1800,BASELINE_COLLECTION,STANCE,0.2917,-37.100,-38.200,-37.100,0.0000,0.0000,0.1910,0.2655,0,
26.6416,168.1900,BASELINE_COLLECTION,STANCE,0.3056,-37.300,-23.600,-37.300,0.0000,0.0000,0.1180,0.1816,0,
26.6497,168.2000,BASELINE_COLLECTION,STANCE,0.3194,-37.500,-11.400,-37.500,0.0000,0.0000,0.0570,0.1115,0,
26.6616,168.2100,BASELINE_COLLECTION,STANCE,0.3333,-37.500,-4.700,-37.500,0.0000,0.0000,0.0235,0.0730,0,
26.6696,168.2200,BASELINE_COLLECTION,STANCE,0.3472,-37.600,-7.400,-37.600,0.0000,0.0000,0.0370,0.0885,0,
26.6816,168.2300,BASELINE_COLLECTION,STANCE,0.3611,-37.700,-17.500,-37.700,0.0000,0.0000,0.0875,0.1466,0,
26.6896,168.2400,BASELINE_COLLECTION,STANCE,0.3750,-38.000,-34.700,-38.000,0.0000,0.0000,0.1735,0.2454,0,
26.7017,168.2500,BASELINE_COLLECTION,STANCE,0.3889,-38.500,-57.100,-38.500,0.0000,0.0000,0.2855,0.3000,1,
26.7096,168.2600,BASELINE_COLLECTION,STANCE,0.4028,-39.300,-79.500,-39.300,0.0000,0.0000,0.3975,0.3000,1,
26.7215,168.2700,BASELINE_COLLECTION,STANCE,0.4167,-40.200,-96.200,-40.200,0.0000,0.0000,0.4810,0.3000,1,
26.7294,168.2800,BASELINE_COLLECTION,STANCE,0.4306,-41.200,-106.000,-41.200,0.0000,0.0000,0.5300,0.3000,1,
26.7413,168.2900,BASELINE_COLLECTION,STANCE,0.4444,-42.300,-114.300,-42.300,0.0000,0.0000,0.5715,0.3000,1,
26.7496,168.3000,BASELINE_COLLECTION,STANCE,0.4583,-43.500,-122.400,-43.500,0.0000,0.0000,0.6120,0.3000,1,
26.7575,168.3100,BASELINE_COLLECTION,STANCE,0.4722,-44.800,-129.100,-44.800,0.0000,0.0000,0.6455,0.3000,1,
26.7696,168.3200,BASELINE_COLLECTION,STANCE,0.4861,-46.100,-133.100,-46.100,0.0000,0.0000,0.6655,0.3000,1,
26.7777,168.3300,BASELINE_COLLECTION,STANCE,0.5000,-47.500,-133.800,-47.500,0.0000,0.0000,0.6690,0.3000,1,
26.7897,168.3400,BASELINE_COLLECTION,STANCE,0.5139,-48.800,-132.300,-48.800,0.0000,0.0000,0.6615,0.3000,1,
26.8017,168.3500,BASELINE_COLLECTION,STANCE,0.5278,-50.100,-128.700,-50.100,0.0000,0.0000,0.6435,0.3000,1,
26.8097,168.3600,BASELINE_COLLECTION,STANCE,0.5417,-51.300,-121.800,-51.300,0.0000,0.0000,0.6090,0.3000,1,
26.8216,168.3700,BASELINE_COLLECTION,STANCE,0.5556,-52.500,-111.600,-52.500,0.0000,0.0000,0.5580,0.3000,1,
26.8296,168.3800,BASELINE_COLLECTION,STANCE,0.5694,-53.500,-102.100,-53.500,0.0000,0.0000,0.5105,0.3000,1,
26.8415,168.3900,BASELINE_COLLECTION,STANCE,0.5833,-54.500,-90.700,-54.500,0.0000,0.0000,0.4535,0.3000,1,
26.8497,168.4000,BASELINE_COLLECTION,STANCE,0.5972,-55.300,-78.900,-55.300,0.0000,0.0000,0.3945,0.3000,1,
26.8617,168.4100,BASELINE_COLLECTION,STANCE,0.6111,-56.000,-69.500,-56.000,0.0000,0.0000,0.3475,0.3000,1,
26.8696,168.4200,BASELINE_COLLECTION,STANCE,0.6250,-56.600,-57.500,-56.600,0.0000,0.0000,0.2875,0.3000,1,
26.8817,168.4300,BASELINE_COLLECTION,STANCE,0.6389,-57.200,-48.600,-57.200,0.0000,0.0000,0.2430,0.3000,1,
26.8897,168.4400,BASELINE_COLLECTION,STANCE,0.6528,-57.600,-41.800,-57.600,0.0000,0.0000,0.2090,0.2862,0,
26.9015,168.4500,BASELINE_COLLECTION,STANCE,0.6667,-58.000,-35.300,-58.000,0.0000,0.0000,0.1765,0.2489,0,
26.9096,168.4600,BASELINE_COLLECTION,STANCE,0.6806,-58.300,-34.400,-58.300,0.0000,0.0000,0.1720,0.2437,0,
26.9217,168.4700,BASELINE_COLLECTION,STANCE,0.6944,-58.600,-33.300,-58.600,0.0000,0.0000,0.1665,0.2374,0,
26.9297,168.4800,BASELINE_COLLECTION,STANCE,0.7083,-59.000,-32.500,-59.000,0.0000,0.0000,0.1625,0.2328,0,
26.9416,168.4900,BASELINE_COLLECTION,STANCE,0.7222,-59.300,-35.100,-59.300,0.0000,0.0000,0.1755,0.2477,0,
26.9536,168.5000,BASELINE_COLLECTION,STANCE,0.7361,-59.700,-39.900,-59.700,0.0000,0.0000,0.1995,0.2753,0,
26.9617,168.5100,BASELINE_COLLECTION,STANCE,0.7500,-60.100,-45.800,-60.100,0.0000,0.0000,0.2290,0.3000,1,
26.9737,168.5200,BASELINE_COLLECTION,STANCE,0.7639,-60.600,-52.800,-60.600,0.0000,0.0000,0.2640,0.3000,1,
26.9817,168.5300,BASELINE_COLLECTION,STANCE,0.7778,-61.200,-63.000,-61.200,0.0000,0.0000,0.3150,0.3000,1,
26.9937,168.5400,BASELINE_COLLECTION,STANCE,0.7917,-61.900,-70.900,-61.900,0.0000,0.0000,0.3545,0.3000,1,
27.0017,168.5500,BASELINE_COLLECTION,STANCE,0.8056,-62.700,-79.900,-62.700,0.0000,0.0000,0.3995,0.3000,1,
27.0137,168.5600,BASELINE_COLLECTION,STANCE,0.8194,-63.600,-93.000,-63.600,0.0000,0.0000,0.4650,0.3000,1,
27.0217,168.5700,BASELINE_COLLECTION,STANCE,0.8333,-64.600,-107.200,-64.600,0.0000,0.0000,0.5360,0.3000,1,
27.0336,168.5800,BASELINE_COLLECTION,STANCE,0.8472,-65.800,-123.100,-65.800,0.0000,0.0000,0.6155,0.3000,1,
27.0417,168.5900,BASELINE_COLLECTION,STANCE,0.8611,-67.100,-141.700,-67.100,0.0000,0.0000,0.7085,0.3000,1,
27.0537,168.6000,BASELINE_COLLECTION,STANCE,0.8750,-68.700,-159.900,-68.700,0.0000,0.0000,0.7995,0.3000,1,
27.0617,168.6100,BASELINE_COLLECTION,STANCE,0.8889,-70.400,-176.800,-70.400,0.0000,0.0000,0.8840,0.3000,1,
27.0737,168.6200,BASELINE_COLLECTION,STANCE,0.9028,-72.300,-189.700,-72.300,0.0000,0.0000,0.9485,0.3000,1,
27.0817,168.6300,BASELINE_COLLECTION,STANCE,0.9167,-74.200,-200.000,-74.200,0.0000,0.0000,1.0000,0.3000,1,
27.0937,168.6400,BASELINE_COLLECTION,STANCE,0.9306,-76.300,-211.700,-76.300,0.0000,0.0000,1.0585,0.3000,1,
27.1016,168.6500,BASELINE_COLLECTION,STANCE,0.9444,-78.500,-223.100,-78.500,0.0000,0.0000,1.1155,0.3000,1,
27.1135,168.6600,BASELINE_COLLECTION,STANCE,0.9583,-80.800,-232.800,-80.800,0.0000,0.0000,1.1640,0.3000,1,
27.1215,168.6700,BASELINE_COLLECTION,STANCE,0.9722,-83.200,-242.900,-83.200,0.0000,0.0000,1.2145,0.3000,1,
27.1294,168.6800,BASELINE_COLLECTION,STANCE,0.9861,-85.700,-256.400,-85.700,0.0000,0.0000,1.2820,0.3000,1,
27.1415,168.6900,BASELINE_COLLECTION,SWING,0.0000,-88.400,-274.600,-88.400,0.0000,0.0000,1.3730,0.3000,1,
27.1496,168.7000,BASELINE_COLLECTION,SWING,0.0208,-91.300,-291.200,-91.300,0.0654,0.0000,1.4560,0.3000,1,
27.1615,168.7100,BASELINE_COLLECTION,SWING,0.0417,-94.000,-305.600,-94.000,0.1305,0.0000,1.5280,0.3000,1,
27.1736,168.7200,BASELINE_COLLECTION,SWING,0.0625,-97.500,-328.900,-97.500,0.1951,0.0000,1.6445,0.3000,1,
27.1816,168.7300,BASELINE_COLLECTION,SWING,0.0833,-100.900,-343.300,-100.900,0.2588,0.0000,1.7165,0.3000,1,
27.1936,168.7400,BASELINE_COLLECTION,SWING,0.1042,-104.400,-354.800,-104.400,0.3214,0.0000,1.7740,0.3000,1,
27.2016,168.7500,BASELINE_COLLECTION,SWING,0.1250,-108.100,-372.000,-108.100,0.3827,0.0000,1.8600,0.3000,1,
27.2136,168.7600,BASELINE_COLLECTION,SWING,0.1458,-111.900,-382.600,-111.900,0.4423,0.0000,1.9130,0.3000,1,
27.2214,168.7700,BASELINE_COLLECTION,SWING,0.1667,-115.800,-396.500,-115.800,0.5000,0.0000,1.9825,0.3000,1,
27.2295,168.7800,BASELINE_COLLECTION,SWING,0.1875,-119.900,-407.500,-119.900,0.5556,0.0000,2.0375,0.3000,1,
27.2416,168.7900,BASELINE_COLLECTION,SWING,0.2083,-124.000,-414.400,-124.000,0.6088,0.0000,2.0720,0.3000,1,
27.2536,168.8000,BASELINE_COLLECTION,SWING,0.2292,-128.100,-398.400,-128.100,0.6593,0.0000,1.9920,0.3000,1,
27.2616,168.8100,BASELINE_COLLECTION,SWING,0.2500,-131.800,-362.200,-131.800,0.7071,0.0000,1.8110,0.3000,1,
27.2736,168.8200,BASELINE_COLLECTION,SWING,0.2708,-135.100,-320.200,-135.100,0.7518,0.0000,1.6010,0.3000,1,
27.2817,168.8300,BASELINE_COLLECTION,SWING,0.2917,-138.000,-262.000,-138.000,0.7934,0.0000,1.3100,0.3000,1,
27.2937,168.8400,BASELINE_COLLECTION,SWING,0.3125,-140.100,-199.900,-140.100,0.8315,0.0000,0.9995,0.3000,1,
27.3017,168.8500,BASELINE_COLLECTION,SWING,0.3333,-141.700,-135.200,-141.700,0.8660,0.0000,0.6760,0.3000,1,
27.3137,168.8600,BASELINE_COLLECTION,SWING,0.3542,-142.600,-69.300,-142.600,0.8969,0.0000,0.3465,0.3000,1,
27.3216,168.8700,BASELINE_COLLECTION,SWING,0.3750,-142.800,-1.000,-142.800,0.9239,0.0000,0.0050,0.0517,0,
27.3336,168.8800,BASELINE_COLLECTION,SWING,0.3958,-142.400,53.000,-142.400,0.9469,0.0000,-0.2650,0.0000,0,
27.3416,168.8900,BASELINE_COLLECTION,SWING,0.4167,-141.600,98.500,-141.600,0.9659,0.0000,-0.4925,0.0000,0,
27.3536,168.9000,BASELINE_COLLECTION,SWING,0.4375,-140.300,142.200,-140.300,0.9808,0.0000,-0.7110,0.0000,0,
27.3616,168.9100,BASELINE_COLLECTION,SWING,0.4583,-138.600,173.800,-138.600,0.9914,0.0000,-0.8690,0.0000,0,
27.3737,168.9200,BASELINE_COLLECTION,SWING,0.4792,-136.700,200.600,-136.700,0.9979,0.0000,-1.0030,0.0000,0,
27.3817,168.9300,BASELINE_COLLECTION,SWING,0.5000,-134.500,226.200,-134.500,1.0000,0.0000,-1.1310,0.0000,0,
27.3937,168.9400,BASELINE_COLLECTION,SWING,0.5208,-132.100,249.200,-132.100,0.9979,0.0000,-1.2460,0.0000,0,
27.4016,168.9500,BASELINE_COLLECTION,SWING,0.5417,-129.500,270.600,-129.500,0.9914,0.0000,-1.3530,0.0000,0,
27.4136,168.9600,BASELINE_COLLECTION,SWING,0.5625,-126.600,298.500,-126.600,0.9808,0.0000,-1.4925,0.0000,0,
27.4216,168.9700,BASELINE_COLLECTION,SWING,0.5833,-123.400,323.700,-123.400,0.9659,0.0000,-1.6185,0.0000,0,
27.4337,168.9800,BASELINE_COLLECTION,SWING,0.6042,-120.000,342.000,-120.000,0.9469,0.0000,-1.7100,0.0000,0,
27.4417,168.9900,BASELINE_COLLECTION,SWING,0.6250,-116.500,362.000,-116.500,0.9239,0.0000,-1.8100,0.0000,0,
27.4537,169.0000,BASELINE_COLLECTION,SWING,0.6458,-114.700,372.600,-114.700,0.8969,0.0000,-1.8630,0.0000,0,
27.4616,169.0100,BASELINE_COLLECTION,SWING,0.6667,-108.500,409.900,-108.500,0.8660,0.0000,-2.0495,0.0000,0,
27.4737,169.0200,BASELINE_COLLECTION,SWING,0.6875,-104.200,432.400,-104.200,0.8315,0.0000,-2.1620,0.0000,0,
27.4817,169.0300,BASELINE_COLLECTION,SWING,0.7083,-99.700,454.100,-99.700,0.7934,0.0000,-2.2705,0.0000,0,
27.4937,169.0400,BASELINE_COLLECTION,SWING,0.7292,-95.100,476.600,-95.100,0.7518,0.0000,-2.3830,0.0000,0,
27.5017,169.0500,BASELINE_COLLECTION,SWING,0.7500,-90.000,496.500,-90.000,0.7071,0.0000,-2.4825,0.0000,0,
27.5137,169.0600,BASELINE_COLLECTION,SWING,0.7708,-84.900,516.700,-84.900,0.6593,0.0000,-2.5835,0.0000,0,
27.5216,169.0700,BASELINE_COLLECTION,SWING,0.7917,-79.800,528.300,-79.800,0.6088,0.0000,-2.6415,0.0000,0,
27.5336,169.0800,BASELINE_COLLECTION,SWING,0.8125,-74.200,544.500,-74.200,0.5556,0.0000,-2.7225,0.0000,0,
27.5416,169.0900,BASELINE_COLLECTION,SWING,0.8333,-68.700,567.300,-68.700,0.5000,0.0000,-2.8365,0.0000,0,
27.5537,169.1000,BASELINE_COLLECTION,SWING,0.8542,-62.900,581.600,-62.900,0.4423,0.0000,-2.9080,0.0000,0,
27.5616,169.1100,BASELINE_COLLECTION,SWING,0.8750,-56.900,596.000,-56.900,0.3827,0.0000,-2.9800,0.0000,0,
27.5736,169.1200,BASELINE_COLLECTION,SWING,0.8958,-50.900,616.000,-50.900,0.3214,0.0000,-3.0800,0.0000,0,
27.5816,169.1300,BASELINE_COLLECTION,SWING,0.9167,-44.700,611.800,-44.700,0.2588,0.0000,-3.0590,0.0000,0,
27.5936,169.1400,BASELINE_COLLECTION,SWING,0.9375,-38.700,600.600,-38.700,0.1951,0.0000,-3.0030,0.0000,0,
27.6016,169.1500,BASELINE_COLLECTION,SWING,0.9583,-32.700,588.200,-32.700,0.1305,0.0000,-2.9410,0.0000,0,
27.6136,169.1600,BASELINE_COLLECTION,SWING,0.9792,-27.100,554.600,-27.100,0.0654,0.0000,-2.7730,0.0000,0,
27.6216,169.1700,BASELINE_COLLECTION,SWING,1.0000,-21.800,508.900,-21.800,0.0000,0.0000,-2.5445,0.0000,0,
27.6336,169.1800,BASELINE_COLLECTION,STANCE,0.0139,-17.100,447.500,-17.100,0.0000,0.0000,-2.2375,0.0000,0,
27.6390,169.2000,BASELINE_COLLECTION,STANCE,0.0417,-9.600,318.400,-9.600,0.0000,0.0000,-1.5920,0.0000,0,
27.6616,169.2100,BASELINE_COLLECTION,STANCE,0.0556,-6.900,246.400,-6.900,0.0000,0.0000,-1.2320,0.0000,0,
27.6736,169.2200,BASELINE_COLLECTION,STANCE,0.0694,-5.100,137.400,-5.100,0.0000,0.0000,-0.6870,0.0000,0,
27.6816,169.2300,BASELINE_COLLECTION,STANCE,0.0833,-4.400,45.600,-4.400,0.0000,0.0000,-0.2280,0.0000,0,
27.6936,169.2400,BASELINE_COLLECTION,STANCE,0.0972,-4.400,-7.100,-4.400,0.0000,0.0000,0.0355,0.0868,0,
27.7015,169.2500,BASELINE_COLLECTION,STANCE,0.1111,-4.600,-17.400,-4.600,0.0000,0.0000,0.0870,0.1460,0,
27.7136,169.2600,BASELINE_COLLECTION,STANCE,0.1250,-4.700,-13.100,-4.700,0.0000,0.0000,0.0655,0.1213,0,
27.7216,169.2700,BASELINE_COLLECTION,STANCE,0.1389,-4.900,-18.700,-4.900,0.0000,0.0000,0.0935,0.1534,0,
27.7336,169.2800,BASELINE_COLLECTION,STANCE,0.1528,-5.100,-33.100,-5.100,0.0000,0.0000,0.1655,0.2362,0,
27.7416,169.2900,BASELINE_COLLECTION,STANCE,0.1667,-5.600,-53.900,-5.600,0.0000,0.0000,0.2695,0.3000,1,
27.7537,169.3000,BASELINE_COLLECTION,STANCE,0.1806,-6.400,-83.800,-6.400,0.0000,0.0000,0.4190,0.3000,1,
27.7616,169.3100,BASELINE_COLLECTION,STANCE,0.1944,-7.300,-95.900,-7.300,0.0000,0.0000,0.4795,0.3000,1,
27.7736,169.3200,BASELINE_COLLECTION,STANCE,0.2083,-8.300,-102.200,-8.300,0.0000,0.0000,0.5110,0.3000,1,
27.7816,169.3300,BASELINE_COLLECTION,STANCE,0.2222,-9.400,-118.300,-9.400,0.0000,0.0000,0.5915,0.3000,1,
27.7935,169.3400,BASELINE_COLLECTION,STANCE,0.2361,-10.800,-138.900,-10.800,0.0000,0.0000,0.6945,0.3000,1,
27.8017,169.3500,BASELINE_COLLECTION,STANCE,0.2500,-12.200,-148.300,-12.200,0.0000,0.0000,0.7415,0.3000,1,
27.8134,169.3600,BASELINE_COLLECTION,STANCE,0.2639,-13.700,-143.500,-13.700,0.0000,0.0000,0.7175,0.3000,1,
27.8217,169.3700,BASELINE_COLLECTION,STANCE,0.2778,-15.100,-133.400,-15.100,0.0000,0.0000,0.6670,0.3000,1,
27.8336,169.3800,BASELINE_COLLECTION,STANCE,0.2917,-16.300,-118.400,-16.300,0.0000,0.0000,0.5920,0.3000,1,
27.8416,169.3900,BASELINE_COLLECTION,STANCE,0.3056,-17.300,-97.700,-17.300,0.0000,0.0000,0.4885,0.3000,1,
27.8537,169.4000,BASELINE_COLLECTION,STANCE,0.3194,-18.200,-76.700,-18.200,0.0000,0.0000,0.3835,0.3000,1,
27.8616,169.4100,BASELINE_COLLECTION,STANCE,0.3333,-18.800,-65.400,-18.800,0.0000,0.0000,0.3270,0.3000,1,
27.8736,169.4200,BASELINE_COLLECTION,STANCE,0.3472,-19.500,-67.600,-19.500,0.0000,0.0000,0.3380,0.3000,1,
27.8816,169.4300,BASELINE_COLLECTION,STANCE,0.3611,-20.200,-77.400,-20.200,0.0000,0.0000,0.3870,0.3000,1,
27.8936,169.4400,BASELINE_COLLECTION,STANCE,0.3750,-21.100,-94.100,-21.100,0.0000,0.0000,0.4705,0.3000,1,
27.9016,169.4500,BASELINE_COLLECTION,STANCE,0.3889,-22.200,-116.200,-22.200,0.0000,0.0000,0.5810,0.3000,1,
27.9136,169.4600,BASELINE_COLLECTION,STANCE,0.4028,-23.500,-137.800,-23.500,0.0000,0.0000,0.6890,0.3000,1,
27.9216,169.4700,BASELINE_COLLECTION,STANCE,0.4167,-25.100,-158.300,-25.100,0.0000,0.0000,0.7915,0.3000,1,
27.9336,169.4800,BASELINE_COLLECTION,STANCE,0.4306,-26.700,-173.300,-26.700,0.0000,0.0000,0.8665,0.3000,1,
27.9416,169.4900,BASELINE_COLLECTION,STANCE,0.4444,-28.500,-181.600,-28.500,0.0000,0.0000,0.9080,0.3000,1,
27.9537,169.5000,BASELINE_COLLECTION,STANCE,0.4583,-30.400,-182.900,-30.400,0.0000,0.0000,0.9145,0.3000,1,
27.9616,169.5100,BASELINE_COLLECTION,STANCE,0.4722,-32.200,-176.800,-32.200,0.0000,0.0000,0.8840,0.3000,1,
27.9736,169.5200,BASELINE_COLLECTION,STANCE,0.4861,-33.800,-164.100,-33.800,0.0000,0.0000,0.8205,0.3000,1,
27.9816,169.5300,BASELINE_COLLECTION,STANCE,0.5000,-35.400,-145.900,-35.400,0.0000,0.0000,0.7295,0.3000,1,
27.9936,169.5400,BASELINE_COLLECTION,STANCE,0.5139,-36.700,-122.600,-36.700,0.0000,0.0000,0.6130,0.3000,1,
28.0016,169.5500,BASELINE_COLLECTION,STANCE,0.5278,-37.700,-97.400,-37.700,0.0000,0.0000,0.4870,0.3000,1,
28.0136,169.5600,BASELINE_COLLECTION,STANCE,0.5417,-38.500,-69.700,-38.500,0.0000,0.0000,0.3485,0.3000,1,
28.0216,169.5700,BASELINE_COLLECTION,STANCE,0.5556,-39.000,-43.900,-39.000,0.0000,0.0000,0.2195,0.2983,0,
28.0336,169.5800,BASELINE_COLLECTION,STANCE,0.5694,-39.300,-18.200,-39.300,0.0000,0.0000,0.0910,0.1506,0,
28.0417,169.5900,BASELINE_COLLECTION,STANCE,0.5833,-39.300,1.400,-39.300,0.0000,0.0000,-0.0070,0.0000,0,
28.0537,169.6000,BASELINE_COLLECTION,STANCE,0.5972,-39.300,1.100,-39.300,0.0000,0.0000,-0.0055,0.0000,0,
28.0616,169.6100,BASELINE_COLLECTION,STANCE,0.6111,-39.300,-2.000,-39.300,0.0000,0.0000,0.0100,0.0575,0,
28.0736,169.6200,BASELINE_COLLECTION,STANCE,0.6250,-39.400,-7.900,-39.400,0.0000,0.0000,0.0395,0.0914,0,
28.0816,169.6300,BASELINE_COLLECTION,STANCE,0.6389,-39.500,-23.200,-39.500,0.0000,0.0000,0.1160,0.1793,0,
28.0936,169.6400,BASELINE_COLLECTION,STANCE,0.6528,-39.900,-41.200,-39.900,0.0000,0.0000,0.2060,0.2828,0,
28.1016,169.6500,BASELINE_COLLECTION,STANCE,0.6667,-40.400,-54.100,-40.400,0.0000,0.0000,0.2705,0.3000,1,
28.1136,169.6600,BASELINE_COLLECTION,STANCE,0.6806,-41.000,-60.600,-41.000,0.0000,0.0000,0.3030,0.3000,1,
28.1216,169.6700,BASELINE_COLLECTION,STANCE,0.6944,-41.600,-65.800,-41.600,0.0000,0.0000,0.3290,0.3000,1,
28.1336,169.6800,BASELINE_COLLECTION,STANCE,0.7083,-42.300,-68.000,-42.300,0.0000,0.0000,0.3400,0.3000,1,
28.1415,169.6900,BASELINE_COLLECTION,STANCE,0.7222,-43.000,-73.700,-43.000,0.0000,0.0000,0.3685,0.3000,1,
28.1537,169.7000,BASELINE_COLLECTION,STANCE,0.7361,-43.800,-77.700,-43.800,0.0000,0.0000,0.3885,0.3000,1,
28.1616,169.7100,BASELINE_COLLECTION,STANCE,0.7500,-44.600,-83.000,-44.600,0.0000,0.0000,0.4150,0.3000,1,
28.1736,169.7200,BASELINE_COLLECTION,STANCE,0.7639,-45.500,-89.800,-45.500,0.0000,0.0000,0.4490,0.3000,1,
28.1816,169.7300,BASELINE_COLLECTION,STANCE,0.7778,-46.400,-92.100,-46.400,0.0000,0.0000,0.4605,0.3000,1,
28.1936,169.7400,BASELINE_COLLECTION,STANCE,0.7917,-47.300,-91.000,-47.300,0.0000,0.0000,0.4550,0.3000,1,
28.2016,169.7500,BASELINE_COLLECTION,STANCE,0.8056,-48.200,-89.400,-48.200,0.0000,0.0000,0.4470,0.3000,1,
28.2135,169.7600,BASELINE_COLLECTION,STANCE,0.8194,-49.100,-83.200,-49.100,0.0000,0.0000,0.4160,0.3000,1,
28.2216,169.7700,BASELINE_COLLECTION,STANCE,0.8333,-49.900,-75.000,-49.900,0.0000,0.0000,0.3750,0.3000,1,
28.2336,169.7800,BASELINE_COLLECTION,STANCE,0.8472,-50.500,-65.500,-50.500,0.0000,0.0000,0.3275,0.3000,1,
28.2415,169.7900,BASELINE_COLLECTION,STANCE,0.8611,-51.100,-55.000,-51.100,0.0000,0.0000,0.2750,0.3000,1,
28.2537,169.8000,BASELINE_COLLECTION,STANCE,0.8750,-51.600,-43.300,-51.600,0.0000,0.0000,0.2165,0.2948,0,
28.2616,169.8100,BASELINE_COLLECTION,STANCE,0.8889,-52.000,-34.700,-52.000,0.0000,0.0000,0.1735,0.2454,0,
28.2736,169.8200,BASELINE_COLLECTION,STANCE,0.9028,-52.300,-25.700,-52.300,0.0000,0.0000,0.1285,0.1937,0,
28.2816,169.8300,BASELINE_COLLECTION,STANCE,0.9167,-52.500,-19.300,-52.500,0.0000,0.0000,0.0965,0.1569,0,
28.2936,169.8400,BASELINE_COLLECTION,STANCE,0.9306,-52.600,-17.000,-52.600,0.0000,0.0000,0.0850,0.1437,0,
28.3015,169.8500,BASELINE_COLLECTION,STANCE,0.9444,-52.800,-18.500,-52.800,0.0000,0.0000,0.0925,0.1523,0,
28.3136,169.8600,BASELINE_COLLECTION,STANCE,0.9583,-53.000,-24.200,-53.000,0.0000,0.0000,0.1210,0.1851,0,
28.3216,169.8700,BASELINE_COLLECTION,STANCE,0.9722,-53.300,-29.900,-53.300,0.0000,0.0000,0.1495,0.2178,0,
28.3336,169.8800,BASELINE_COLLECTION,STANCE,0.9861,-53.600,-33.300,-53.600,0.0000,0.0000,0.1665,0.2374,0,
28.3416,169.8900,BASELINE_COLLECTION,STANCE,1.0000,-54.000,-33.500,-54.000,0.0000,0.0000,0.1675,0.2385,0,
28.3537,169.9000,BASELINE_COLLECTION,SWING,0.0208,-54.300,-37.600,-54.300,0.0654,0.0000,0.1880,0.2621,0,
28.3615,169.9100,BASELINE_COLLECTION,SWING,0.0417,-54.700,-41.400,-54.700,0.1305,0.0000,0.2070,0.2839,0,
28.3736,169.9200,BASELINE_COLLECTION,SWING,0.0625,-55.200,-47.200,-55.200,0.1951,0.0000,0.2360,0.3000,1,
28.3816,169.9300,BASELINE_COLLECTION,SWING,0.0833,-55.700,-59.300,-55.700,0.2588,0.0000,0.2965,0.3000,1,
28.3936,169.9400,BASELINE_COLLECTION,SWING,0.1042,-56.400,-71.200,-56.400,0.3214,0.0000,0.3560,0.3000,1,
28.4016,169.9500,BASELINE_COLLECTION,SWING,0.1250,-57.200,-82.300,-57.200,0.3827,0.0000,0.4115,0.3000,1,
28.4136,169.9600,BASELINE_COLLECTION,SWING,0.1458,-58.100,-96.000,-58.100,0.4423,0.0000,0.4800,0.3000,1,
28.4216,169.9700,BASELINE_COLLECTION,SWING,0.1667,-59.200,-111.800,-59.200,0.5000,0.0000,0.5590,0.3000,1,
28.4336,169.9800,BASELINE_COLLECTION,SWING,0.1875,-60.400,-126.100,-60.400,0.5556,0.0000,0.6305,0.3000,1,
28.4416,169.9900,BASELINE_COLLECTION,SWING,0.2083,-61.800,-140.900,-61.800,0.6088,0.0000,0.7045,0.3000,1,
28.4536,170.0000,BASELINE_COLLECTION,SWING,0.2292,-62.600,-147.800,-62.600,0.6593,0.0000,0.7390,0.3000,1,
28.4615,170.0100,BASELINE_COLLECTION,SWING,0.2500,-64.900,-165.700,-64.900,0.7071,0.0000,0.8285,0.3000,1,
28.4736,170.0200,BASELINE_COLLECTION,SWING,0.2708,-66.600,-175.700,-66.600,0.7518,0.0000,0.8785,0.3000,1,
28.4816,170.0300,BASELINE_COLLECTION,SWING,0.2917,-68.500,-188.100,-68.500,0.7934,0.0000,0.9405,0.3000,1,
28.4936,170.0400,BASELINE_COLLECTION,SWING,0.3125,-70.400,-198.300,-70.400,0.8315,0.0000,0.9915,0.3000,1,
28.5016,170.0500,BASELINE_COLLECTION,SWING,0.3333,-72.500,-207.600,-72.500,0.8660,0.0000,1.0380,0.3000,1,
28.5136,170.0600,BASELINE_COLLECTION,SWING,0.3542,-74.600,-212.900,-74.600,0.8969,0.0000,1.0645,0.3000,1,
28.5216,170.0700,BASELINE_COLLECTION,SWING,0.3750,-76.700,-217.200,-76.700,0.9239,0.0000,1.0860,0.3000,1,
28.5336,170.0800,BASELINE_COLLECTION,SWING,0.3958,-79.000,-220.700,-79.000,0.9469,0.0000,1.1035,0.3000,1,
28.5416,170.0900,BASELINE_COLLECTION,SWING,0.4167,-81.200,-225.200,-81.200,0.9659,0.0000,1.1260,0.3000,1,
28.5537,170.1000,BASELINE_COLLECTION,SWING,0.4375,-83.500,-234.100,-83.500,0.9808,0.0000,1.1705,0.3000,1,
28.5616,170.1100,BASELINE_COLLECTION,SWING,0.4583,-85.900,-247.300,-85.900,0.9914,0.0000,1.2365,0.3000,1,
28.5736,170.1200,BASELINE_COLLECTION,SWING,0.4792,-88.500,-258.700,-88.500,0.9979,0.0000,1.2935,0.3000,1,
28.5816,170.1300,BASELINE_COLLECTION,SWING,0.5000,-91.100,-264.500,-91.100,1.0000,0.0000,1.3225,0.3000,1,
28.5936,170.1400,BASELINE_COLLECTION,SWING,0.5208,-93.800,-269.400,-93.800,0.9979,0.0000,1.3470,0.3000,1,
28.6016,170.1500,BASELINE_COLLECTION,SWING,0.5417,-96.600,-280.000,-96.600,0.9914,0.0000,1.4000,0.3000,1,
28.6136,170.1600,BASELINE_COLLECTION,SWING,0.5625,-99.400,-291.800,-99.400,0.9808,0.0000,1.4590,0.3000,1,
28.6216,170.1700,BASELINE_COLLECTION,SWING,0.5833,-102.400,-298.000,-102.400,0.9659,0.0000,1.4900,0.3000,1,
28.6336,170.1800,BASELINE_COLLECTION,SWING,0.6042,-105.400,-299.800,-105.400,0.9469,0.0000,1.4990,0.3000,1,
28.6416,170.1900,BASELINE_COLLECTION,SWING,0.6250,-108.300,-289.800,-108.300,0.9239,0.0000,1.4490,0.3000,1,
28.6537,170.2000,BASELINE_COLLECTION,SWING,0.6458,-111.000,-262.000,-111.000,0.8969,0.0000,1.3100,0.3000,1,
28.6616,170.2100,BASELINE_COLLECTION,SWING,0.6667,-113.400,-223.200,-113.400,0.8660,0.0000,1.1160,0.3000,1,
28.6736,170.2200,BASELINE_COLLECTION,SWING,0.6875,-115.300,-179.500,-115.300,0.8315,0.0000,0.8975,0.3000,1,
28.6816,170.2300,BASELINE_COLLECTION,SWING,0.7083,-116.800,-129.300,-116.800,0.7934,0.0000,0.6465,0.3000,1,
28.6936,170.2400,BASELINE_COLLECTION,SWING,0.7292,-117.700,-77.400,-117.700,0.7518,0.0000,0.3870,0.3000,1,
28.7017,170.2500,BASELINE_COLLECTION,SWING,0.7500,-118.100,-22.800,-118.100,0.7071,0.0000,0.1140,0.1770,0,
28.7137,170.2600,BASELINE_COLLECTION,SWING,0.7708,-118.000,25.100,-118.000,0.6593,0.0000,-0.1255,0.0000,0,
28.7217,170.2700,BASELINE_COLLECTION,SWING,0.7917,-117.500,58.700,-117.500,0.6088,0.0000,-0.2935,0.0000,0,
28.7337,170.2800,BASELINE_COLLECTION,SWING,0.8125,-116.700,92.300,-116.700,0.5556,0.0000,-0.4615,0.0000,0,
28.7418,170.2900,BASELINE_COLLECTION,SWING,0.8333,-115.500,122.300,-115.500,0.5000,0.0000,-0.6115,0.0000,0,
28.7537,170.3000,BASELINE_COLLECTION,SWING,0.8542,-114.100,144.400,-114.100,0.4423,0.0000,-0.7220,0.0000,0,
28.7616,170.3100,BASELINE_COLLECTION,SWING,0.8750,-112.600,165.500,-112.600,0.3827,0.0000,-0.8275,0.0000,0,
28.7737,170.3200,BASELINE_COLLECTION,SWING,0.8958,-110.700,188.600,-110.700,0.3214,0.0000,-0.9430,0.0000,0,
28.7818,170.3300,BASELINE_COLLECTION,SWING,0.9167,-108.700,213.300,-108.700,0.2588,0.0000,-1.0665,0.0000,0,
28.7937,170.3400,BASELINE_COLLECTION,SWING,0.9375,-106.400,237.300,-106.400,0.1951,0.0000,-1.1865,0.0000,0,
28.8016,170.3500,BASELINE_COLLECTION,SWING,0.9583,-103.800,259.300,-103.800,0.1305,0.0000,-1.2965,0.0000,0,
28.8138,170.3600,BASELINE_COLLECTION,SWING,0.9792,-101.100,281.600,-101.100,0.0654,0.0000,-1.4080,0.0000,0,
28.8218,170.3700,BASELINE_COLLECTION,STANCE,0.0000,-98.100,308.100,-98.100,0.0000,0.0000,-1.5405,0.0000,0,
28.8336,170.3900,BASELINE_COLLECTION,STANCE,0.0278,-91.400,346.600,-91.400,0.0000,0.0000,-1.7330,0.0000,0,
28.8537,170.4000,BASELINE_COLLECTION,STANCE,0.0417,-87.900,372.300,-87.900,0.0000,0.0000,-1.8615,0.0000,0,
28.8616,170.4100,BASELINE_COLLECTION,STANCE,0.0556,-84.000,389.200,-84.000,0.0000,0.0000,-1.9460,0.0000,0,
28.8737,170.4200,BASELINE_COLLECTION,STANCE,0.0694,-80.100,405.700,-80.100,0.0000,0.0000,-2.0285,0.0000,0,
28.8818,170.4300,BASELINE_COLLECTION,STANCE,0.0833,-75.700,423.200,-75.700,0.0000,0.0000,-2.1160,0.0000,0,
28.8937,170.4400,BASELINE_COLLECTION,STANCE,0.0972,-71.400,444.800,-71.400,0.0000,0.0000,-2.2240,0.0000,0,
28.9017,170.4500,BASELINE_COLLECTION,STANCE,0.1111,-66.900,460.000,-66.900,0.0000,0.0000,-2.3000,0.0000,0,
28.9137,170.4600,BASELINE_COLLECTION,STANCE,0.1250,-62.100,474.300,-62.100,0.0000,0.0000,-2.3715,0.0000,0,
28.9216,170.4700,BASELINE_COLLECTION,STANCE,0.1389,-57.400,482.000,-57.400,0.0000,0.0000,-2.4100,0.0000,0,
28.9336,170.4800,BASELINE_COLLECTION,STANCE,0.1528,-52.500,490.600,-52.500,0.0000,0.0000,-2.4530,0.0000,0,
28.9415,170.4900,BASELINE_COLLECTION,STANCE,0.1667,-47.500,492.600,-47.500,0.0000,0.0000,-2.4630,0.0000,0,
28.9536,170.5000,BASELINE_COLLECTION,STANCE,0.1806,-42.800,483.500,-42.800,0.0000,0.0000,-2.4175,0.0000,0,
28.9616,170.5100,BASELINE_COLLECTION,STANCE,0.1944,-38.000,471.800,-38.000,0.0000,0.0000,-2.3590,0.0000,0,
28.9736,170.5200,BASELINE_COLLECTION,STANCE,0.2083,-33.400,460.500,-33.400,0.0000,0.0000,-2.3025,0.0000,0,
28.9816,170.5300,BASELINE_COLLECTION,STANCE,0.2222,-28.800,436.500,-28.800,0.0000,0.0000,-2.1825,0.0000,0,
28.9936,170.5400,BASELINE_COLLECTION,STANCE,0.2361,-24.700,420.700,-24.700,0.0000,0.0000,-2.1035,0.0000,0,
29.0016,170.5500,BASELINE_COLLECTION,STANCE,0.2500,-20.600,400.900,-20.600,0.0000,0.0000,-2.0045,0.0000,0,
29.0136,170.5600,BASELINE_COLLECTION,STANCE,0.2639,-16.700,388.500,-16.700,0.0000,0.0000,-1.9425,0.0000,0,
29.0216,170.5700,BASELINE_COLLECTION,STANCE,0.2778,-12.800,381.100,-12.800,0.0000,0.0000,-1.9055,0.0000,0,
29.0336,170.5800,BASELINE_COLLECTION,STANCE,0.2917,-9.100,365.000,-9.100,0.0000,0.0000,-1.8250,0.0000,0,
29.0416,170.5900,BASELINE_COLLECTION,STANCE,0.3056,-5.700,329.700,-5.700,0.0000,0.0000,-1.6485,0.0000,0,
29.0536,170.6000,BASELINE_COLLECTION,STANCE,0.3194,-2.700,266.800,-2.700,0.0000,0.0000,-1.3340,0.0000,0,
29.0616,170.6100,BASELINE_COLLECTION,STANCE,0.3333,-0.500,204.000,-0.500,0.0000,0.0000,-1.0200,0.0000,0,
29.0736,170.6200,BASELINE_COLLECTION,STANCE,0.3472,0.900,126.100,0.900,0.0000,0.0000,-0.6305,0.0000,0,
29.0816,170.6300,BASELINE_COLLECTION,STANCE,0.3611,1.400,23.200,1.400,0.0000,0.0000,-0.1160,0.0000,0,
29.0976,170.6400,BASELINE_COLLECTION,STANCE,0.3750,1.300,-23.300,1.300,0.0000,0.0000,0.1165,0.1799,0,
29.1054,170.6600,BASELINE_COLLECTION,STANCE,0.4028,1.100,-2.200,1.100,0.0000,0.0000,0.0110,0.0586,0,
29.1176,170.6700,BASELINE_COLLECTION,STANCE,0.4167,1.000,-8.900,1.000,0.0000,0.0000,0.0445,0.0971,0,
29.1254,170.6800,BASELINE_COLLECTION,STANCE,0.4306,0.800,-21.300,0.800,0.0000,0.0000,0.1065,0.1684,0,
29.1374,170.6900,BASELINE_COLLECTION,STANCE,0.4444,0.500,-43.700,0.500,0.0000,0.0000,0.2185,0.2971,0,
29.1454,170.7000,BASELINE_COLLECTION,STANCE,0.4583,-0.100,-80.900,-0.100,0.0000,0.0000,0.4045,0.3000,1,
29.1575,170.7100,BASELINE_COLLECTION,STANCE,0.4722,-1.200,-124.500,-1.200,0.0000,0.0000,0.6225,0.3000,1,
29.1698,170.7200,BASELINE_COLLECTION,STANCE,0.4861,-2.600,-152.600,-2.600,0.0000,0.0000,0.7630,0.3000,1,
29.1817,170.7300,BASELINE_COLLECTION,STANCE,0.5000,-4.500,-197.600,-4.500,0.0000,0.0000,0.9880,0.3000,1,
29.1936,170.7400,BASELINE_COLLECTION,STANCE,0.5139,-6.900,-253.500,-6.900,0.0000,0.0000,1.2675,0.3000,1,
29.2017,170.7500,BASELINE_COLLECTION,STANCE,0.5278,-9.500,-261.700,-9.500,0.0000,0.0000,1.3085,0.3000,1,
29.2138,170.7600,BASELINE_COLLECTION,STANCE,0.5417,-12.100,-250.400,-12.100,0.0000,0.0000,1.2520,0.3000,1,
29.2217,170.7700,BASELINE_COLLECTION,STANCE,0.5556,-14.400,-230.500,-14.400,0.0000,0.0000,1.1525,0.3000,1,
29.2337,170.7800,BASELINE_COLLECTION,STANCE,0.5694,-16.600,-203.800,-16.600,0.0000,0.0000,1.0190,0.3000,1,
29.2417,170.7900,BASELINE_COLLECTION,STANCE,0.5833,-18.300,-164.400,-18.300,0.0000,0.0000,0.8220,0.3000,1,
29.2537,170.8000,BASELINE_COLLECTION,STANCE,0.5972,-19.700,-119.800,-19.700,0.0000,0.0000,0.5990,0.3000,1,
29.2617,170.8100,BASELINE_COLLECTION,STANCE,0.6111,-20.600,-78.600,-20.600,0.0000,0.0000,0.3930,0.3000,1,
29.2737,170.8200,BASELINE_COLLECTION,STANCE,0.6250,-21.100,-46.600,-21.100,0.0000,0.0000,0.2330,0.3000,1,
29.2818,170.8300,BASELINE_COLLECTION,STANCE,0.6389,-21.500,-32.400,-21.500,0.0000,0.0000,0.1620,0.2322,0,
29.2937,170.8400,BASELINE_COLLECTION,STANCE,0.6528,-21.800,-31.000,-21.800,0.0000,0.0000,0.1550,0.2241,0,
29.3017,170.8500,BASELINE_COLLECTION,STANCE,0.6667,-22.200,-41.400,-22.200,0.0000,0.0000,0.2070,0.2839,0,
29.3138,170.8600,BASELINE_COLLECTION,STANCE,0.6806,-22.700,-61.900,-22.700,0.0000,0.0000,0.3095,0.3000,1,
29.3257,170.8700,BASELINE_COLLECTION,STANCE,0.6944,-23.500,-90.400,-23.500,0.0000,0.0000,0.4520,0.3000,1,
29.3338,170.8900,BASELINE_COLLECTION,STANCE,0.7222,-25.900,-136.900,-25.900,0.0000,0.0000,0.6845,0.3000,1,
29.3457,170.9000,BASELINE_COLLECTION,STANCE,0.7361,-27.400,-145.300,-27.400,0.0000,0.0000,0.7265,0.3000,1,
29.3537,170.9100,BASELINE_COLLECTION,STANCE,0.7500,-28.800,-144.000,-28.800,0.0000,0.0000,0.7200,0.3000,1,
29.3657,170.9200,BASELINE_COLLECTION,STANCE,0.7639,-30.200,-133.700,-30.200,0.0000,0.0000,0.6685,0.3000,1,
29.3737,170.9300,BASELINE_COLLECTION,STANCE,0.7778,-31.400,-119.000,-31.400,0.0000,0.0000,0.5950,0.3000,1,
29.3857,170.9400,BASELINE_COLLECTION,STANCE,0.7917,-32.500,-98.100,-32.500,0.0000,0.0000,0.4905,0.3000,1,
29.3938,170.9500,BASELINE_COLLECTION,STANCE,0.8056,-33.300,-71.900,-33.300,0.0000,0.0000,0.3595,0.3000,1,
29.4056,170.9600,BASELINE_COLLECTION,STANCE,0.8194,-33.800,-44.600,-33.800,0.0000,0.0000,0.2230,0.3000,1,
29.4139,170.9700,BASELINE_COLLECTION,STANCE,0.8333,-34.100,-23.000,-34.100,0.0000,0.0000,0.1150,0.1782,0,
29.4256,170.9800,BASELINE_COLLECTION,STANCE,0.8472,-34.200,-4.000,-34.200,0.0000,0.0000,0.0200,0.0690,0,
29.4377,170.9900,BASELINE_COLLECTION,STANCE,0.8611,-34.200,1.000,-34.200,0.0000,0.0000,-0.0050,0.0000,0,
29.4457,171.0000,BASELINE_COLLECTION,STANCE,0.8750,-34.200,-2.600,-34.200,0.0000,0.0000,0.0130,0.0609,0,
29.4617,171.0100,BASELINE_COLLECTION,STANCE,0.8889,-34.400,-20.700,-34.400,0.0000,0.0000,0.1035,0.1649,0,
29.4698,171.0200,BASELINE_COLLECTION,STANCE,0.9028,-34.800,-45.200,-34.800,0.0000,0.0000,0.2260,0.3000,1,
29.4816,171.0300,BASELINE_COLLECTION,STANCE,0.9167,-35.400,-63.700,-35.400,0.0000,0.0000,0.3185,0.3000,1,
29.4899,171.0400,BASELINE_COLLECTION,STANCE,0.9306,-36.100,-74.700,-36.100,0.0000,0.0000,0.3735,0.3000,1,
29.5017,171.0500,BASELINE_COLLECTION,STANCE,0.9444,-36.900,-80.700,-36.900,0.0000,0.0000,0.4035,0.3000,1,
29.5096,171.0600,BASELINE_COLLECTION,STANCE,0.9583,-37.700,-82.900,-37.700,0.0000,0.0000,0.4145,0.3000,1,
29.5217,171.0700,BASELINE_COLLECTION,STANCE,0.9722,-38.500,-86.500,-38.500,0.0000,0.0000,0.4325,0.3000,1,
29.5297,171.0800,BASELINE_COLLECTION,STANCE,0.9861,-39.500,-95.200,-39.500,0.0000,0.0000,0.4760,0.3000,1,
29.5417,171.0900,BASELINE_COLLECTION,SWING,0.0000,-40.500,-103.300,-40.500,0.0000,0.0000,0.5165,0.3000,1,
29.5497,171.1000,BASELINE_COLLECTION,SWING,0.0208,-41.500,-109.000,-41.500,0.0654,0.0000,0.5450,0.3000,1,
29.5617,171.1100,BASELINE_COLLECTION,SWING,0.0417,-42.700,-114.600,-42.700,0.1305,0.0000,0.5730,0.3000,1,
29.5697,171.1200,BASELINE_COLLECTION,SWING,0.0625,-43.800,-116.500,-43.800,0.1951,0.0000,0.5825,0.3000,1,
29.5817,171.1300,BASELINE_COLLECTION,SWING,0.0833,-45.000,-117.600,-45.000,0.2588,0.0000,0.5880,0.3000,1,
29.5897,171.1400,BASELINE_COLLECTION,SWING,0.1042,-46.200,-115.600,-46.200,0.3214,0.0000,0.5780,0.3000,1,
29.6017,171.1500,BASELINE_COLLECTION,SWING,0.1250,-47.300,-110.200,-47.300,0.3827,0.0000,0.5510,0.3000,1,
29.6097,171.1600,BASELINE_COLLECTION,SWING,0.1458,-48.400,-103.400,-48.400,0.4423,0.0000,0.5170,0.3000,1,
29.6217,171.1700,BASELINE_COLLECTION,SWING,0.1667,-49.300,-94.000,-49.300,0.5000,0.0000,0.4700,0.3000,1,
29.6298,171.1800,BASELINE_COLLECTION,SWING,0.1875,-50.200,-84.100,-50.200,0.5556,0.0000,0.4205,0.3000,1,
29.6417,171.1900,BASELINE_COLLECTION,SWING,0.2083,-51.000,-75.000,-51.000,0.6088,0.0000,0.3750,0.3000,1,
29.6498,171.2000,BASELINE_COLLECTION,SWING,0.2292,-51.600,-62.900,-51.600,0.6593,0.0000,0.3145,0.3000,1,
29.6617,171.2100,BASELINE_COLLECTION,SWING,0.2500,-52.200,-52.500,-52.200,0.7071,0.0000,0.2625,0.3000,1,
29.6696,171.2200,BASELINE_COLLECTION,SWING,0.2708,-52.700,-43.500,-52.700,0.7518,0.0000,0.2175,0.2960,0,
29.6817,171.2300,BASELINE_COLLECTION,SWING,0.2917,-53.100,-40.200,-53.100,0.7934,0.0000,0.2010,0.2770,0,
29.6897,171.2400,BASELINE_COLLECTION,SWING,0.3125,-53.400,-35.200,-53.400,0.8315,0.0000,0.1760,0.2483,0,
29.7017,171.2500,BASELINE_COLLECTION,SWING,0.3333,-53.700,-26.800,-53.700,0.8660,0.0000,0.1340,0.2000,0,
29.7097,171.2600,BASELINE_COLLECTION,SWING,0.3542,-53.900,-21.800,-53.900,0.8969,0.0000,0.1090,0.1713,0,
29.7217,171.2700,BASELINE_COLLECTION,SWING,0.3750,-54.200,-25.200,-54.200,0.9239,0.0000,0.1260,0.1908,0,
29.7297,171.2800,BASELINE_COLLECTION,SWING,0.3958,-54.500,-31.400,-54.500,0.9469,0.0000,0.1570,0.2264,0,
29.7416,171.2900,BASELINE_COLLECTION,SWING,0.4167,-54.900,-40.900,-54.900,0.9659,0.0000,0.2045,0.2810,0,
29.7497,171.3000,BASELINE_COLLECTION,SWING,0.4375,-55.400,-52.300,-55.400,0.9808,0.0000,0.2615,0.3000,1,
29.7616,171.3100,BASELINE_COLLECTION,SWING,0.4583,-56.000,-66.200,-56.000,0.9914,0.0000,0.3310,0.3000,1,
29.7697,171.3200,BASELINE_COLLECTION,SWING,0.4792,-56.700,-72.600,-56.700,0.9979,0.0000,0.3630,0.3000,1,
29.7816,171.3300,BASELINE_COLLECTION,SWING,0.5000,-57.500,-79.600,-57.500,1.0000,0.0000,0.3980,0.3000,1,
29.7895,171.3400,BASELINE_COLLECTION,SWING,0.5208,-58.300,-90.400,-58.300,0.9979,0.0000,0.4520,0.3000,1,
29.8016,171.3500,BASELINE_COLLECTION,SWING,0.5417,-59.300,-102.900,-59.300,0.9914,0.0000,0.5145,0.3000,1,
29.8096,171.3600,BASELINE_COLLECTION,SWING,0.5625,-60.400,-114.000,-60.400,0.9808,0.0000,0.5700,0.3000,1,
29.8217,171.3700,BASELINE_COLLECTION,SWING,0.5833,-61.700,-126.300,-61.700,0.9659,0.0000,0.6315,0.3000,1,
29.8297,171.3800,BASELINE_COLLECTION,SWING,0.6042,-63.000,-137.400,-63.000,0.9469,0.0000,0.6870,0.3000,1,
29.8417,171.3900,BASELINE_COLLECTION,SWING,0.6250,-64.400,-148.200,-64.400,0.9239,0.0000,0.7410,0.3000,1,
29.8497,171.4000,BASELINE_COLLECTION,SWING,0.6458,-66.000,-159.800,-66.000,0.8969,0.0000,0.7990,0.3000,1,
29.8616,171.4100,BASELINE_COLLECTION,SWING,0.6667,-67.700,-169.500,-67.700,0.8660,0.0000,0.8475,0.3000,1,
29.8697,171.4200,BASELINE_COLLECTION,SWING,0.6875,-69.400,-179.700,-69.400,0.8315,0.0000,0.8985,0.3000,1,
29.8816,171.4300,BASELINE_COLLECTION,SWING,0.7083,-71.300,-191.500,-71.300,0.7934,0.0000,0.9575,0.3000,1,
29.8895,171.4400,BASELINE_COLLECTION,SWING,0.7292,-73.300,-201.100,-73.300,0.7518,0.0000,1.0055,0.3000,1,
29.9017,171.4500,BASELINE_COLLECTION,SWING,0.7500,-75.400,-211.500,-75.400,0.7071,0.0000,1.0575,0.3000,1,
29.9097,171.4600,BASELINE_COLLECTION,SWING,0.7708,-77.600,-224.200,-77.600,0.6593,0.0000,1.1210,0.3000,1,
29.9216,171.4700,BASELINE_COLLECTION,SWING,0.7917,-79.900,-238.900,-79.900,0.6088,0.0000,1.1945,0.3000,1,
29.9296,171.4800,BASELINE_COLLECTION,SWING,0.8125,-82.400,-251.400,-82.400,0.5556,0.0000,1.2570,0.3000,1,
29.9416,171.4900,BASELINE_COLLECTION,SWING,0.8333,-85.000,-261.900,-85.000,0.5000,0.0000,1.3095,0.3000,1,
29.9497,171.5000,BASELINE_COLLECTION,SWING,0.8542,-87.700,-272.100,-87.700,0.4423,0.0000,1.3605,0.3000,1,
29.9616,171.5100,BASELINE_COLLECTION,SWING,0.8750,-90.500,-280.900,-90.500,0.3827,0.0000,1.4045,0.3000,1,
29.9696,171.5200,BASELINE_COLLECTION,SWING,0.8958,-93.300,-289.600,-93.300,0.3214,0.0000,1.4480,0.3000,1,
29.9816,171.5300,BASELINE_COLLECTION,SWING,0.9167,-96.300,-299.900,-96.300,0.2588,0.0000,1.4995,0.3000,1,
29.9896,171.5400,BASELINE_COLLECTION,SWING,0.9375,-99.400,-305.000,-99.400,0.1951,0.0000,1.5250,0.3000,1,
30.0017,171.5500,BASELINE_COLLECTION,SWING,0.9583,-102.400,-303.800,-102.400,0.1305,0.0000,1.5190,0.3000,1,
30.0096,171.5600,BASELINE_COLLECTION,SWING,0.9792,-105.500,-309.100,-105.500,0.0654,0.0000,1.5455,0.3000,1,
30.0217,171.5700,BASELINE_COLLECTION,STANCE,0.0000,-108.600,-317.500,-108.600,0.0000,0.0000,1.5875,0.3000,1,
30.0295,171.5800,BASELINE_COLLECTION,STANCE,0.0139,-111.800,-322.500,-111.800,0.0000,0.0000,1.6125,0.3000,1,
30.0416,171.5900,BASELINE_COLLECTION,STANCE,0.0278,-115.100,-328.300,-115.100,0.0000,0.0000,1.6415,0.3000,1,
30.0496,171.6000,BASELINE_COLLECTION,STANCE,0.0417,-118.400,-322.500,-118.400,0.0000,0.0000,1.6125,0.3000,1,
30.0658,171.6100,BASELINE_COLLECTION,STANCE,0.0556,-121.500,-302.700,-121.500,0.0000,0.0000,1.5135,0.3000,1,
30.0737,171.6300,BASELINE_COLLECTION,STANCE,0.0833,-126.600,-216.900,-126.600,0.0000,0.0000,1.0845,0.3000,1,
30.0857,171.6400,BASELINE_COLLECTION,STANCE,0.0972,-128.400,-156.100,-128.400,0.0000,0.0000,0.7805,0.3000,1,
30.0938,171.6500,BASELINE_COLLECTION,STANCE,0.1111,-129.500,-93.800,-129.500,0.0000,0.0000,0.4690,0.3000,1,
30.1056,171.6600,BASELINE_COLLECTION,STANCE,0.1250,-130.000,-29.500,-130.000,0.0000,0.0000,0.1475,0.2155,0,
30.1136,171.6700,BASELINE_COLLECTION,STANCE,0.1389,-129.900,25.400,-129.900,0.0000,0.0000,-0.1270,0.0000,0,
30.1257,171.6800,BASELINE_COLLECTION,STANCE,0.1528,-129.300,67.400,-129.300,0.0000,0.0000,-0.3370,0.0000,0,
30.1336,171.6900,BASELINE_COLLECTION,STANCE,0.1667,-128.400,102.400,-128.400,0.0000,0.0000,-0.5120,0.0000,0,
30.1456,171.7000,BASELINE_COLLECTION,STANCE,0.1806,-127.200,130.400,-127.200,0.0000,0.0000,-0.6520,0.0000,0,
30.1537,171.7100,BASELINE_COLLECTION,STANCE,0.1944,-125.700,156.900,-125.700,0.0000,0.0000,-0.7845,0.0000,0,
30.1657,171.7200,BASELINE_COLLECTION,STANCE,0.2083,-124.100,180.800,-124.100,0.0000,0.0000,-0.9040,0.0000,0,
30.1738,171.7300,BASELINE_COLLECTION,STANCE,0.2222,-122.100,204.800,-122.100,0.0000,0.0000,-1.0240,0.0000,0,
30.1857,171.7400,BASELINE_COLLECTION,STANCE,0.2361,-119.700,230.000,-119.700,0.0000,0.0000,-1.1500,0.0000,0,
30.1937,171.7500,BASELINE_COLLECTION,STANCE,0.2500,-117.200,251.500,-117.200,0.0000,0.0000,-1.2575,0.0000,0,
30.2056,171.7600,BASELINE_COLLECTION,STANCE,0.2639,-114.600,273.300,-114.600,0.0000,0.0000,-1.3665,0.0000,0,
30.2135,171.7700,BASELINE_COLLECTION,STANCE,0.2778,-111.700,295.100,-111.700,0.0000,0.0000,-1.4755,0.0000,0,
30.2257,171.7800,BASELINE_COLLECTION,STANCE,0.2917,-108.600,320.800,-108.600,0.0000,0.0000,-1.6040,0.0000,0,
30.2337,171.7900,BASELINE_COLLECTION,STANCE,0.3056,-105.200,344.400,-105.200,0.0000,0.0000,-1.7220,0.0000,0,
30.2457,171.8000,BASELINE_COLLECTION,STANCE,0.3194,-101.600,363.400,-101.600,0.0000,0.0000,-1.8170,0.0000,0,
30.2537,171.8100,BASELINE_COLLECTION,STANCE,0.3333,-97.800,388.300,-97.800,0.0000,0.0000,-1.9415,0.0000,0,
30.2657,171.8200,BASELINE_COLLECTION,STANCE,0.3472,-93.800,405.000,-93.800,0.0000,0.0000,-2.0250,0.0000,0,
30.2737,171.8300,BASELINE_COLLECTION,STANCE,0.3611,-89.600,428.200,-89.600,0.0000,0.0000,-2.1410,0.0000,0,
30.2857,171.8400,BASELINE_COLLECTION,STANCE,0.3750,-85.200,450.400,-85.200,0.0000,0.0000,-2.2520,0.0000,0,
30.2977,171.8500,BASELINE_COLLECTION,STANCE,0.3889,-80.600,464.700,-80.600,0.0000,0.0000,-2.3235,0.0000,0,
30.3057,171.8600,BASELINE_COLLECTION,STANCE,0.4028,-75.800,481.200,-75.800,0.0000,0.0000,-2.4060,0.0000,0,
30.3177,171.8700,BASELINE_COLLECTION,STANCE,0.4167,-70.800,504.600,-70.800,0.0000,0.0000,-2.5230,0.0000,0,
30.3256,171.8800,BASELINE_COLLECTION,STANCE,0.4306,-65.700,520.400,-65.700,0.0000,0.0000,-2.6020,0.0000,0,
30.3377,171.8900,BASELINE_COLLECTION,STANCE,0.4444,-60.300,542.000,-60.300,0.0000,0.0000,-2.7100,0.0000,0,
30.3456,171.9000,BASELINE_COLLECTION,STANCE,0.4583,-54.800,554.800,-54.800,0.0000,0.0000,-2.7740,0.0000,0,
30.3576,171.9100,BASELINE_COLLECTION,STANCE,0.4722,-49.100,578.000,-49.100,0.0000,0.0000,-2.8900,0.0000,0,
30.3657,171.9200,BASELINE_COLLECTION,STANCE,0.4861,-43.300,580.600,-43.300,0.0000,0.0000,-2.9030,0.0000,0,
30.3778,171.9300,BASELINE_COLLECTION,STANCE,0.5000,-37.500,582.200,-37.500,0.0000,0.0000,-2.9110,0.0000,0,
30.3857,171.9400,BASELINE_COLLECTION,STANCE,0.5139,-31.700,577.500,-31.700,0.0000,0.0000,-2.8875,0.0000,0,
30.3977,171.9500,BASELINE_COLLECTION,STANCE,0.5278,-26.000,554.700,-26.000,0.0000,0.0000,-2.7735,0.0000,0,
30.4059,171.9600,BASELINE_COLLECTION,STANCE,0.5417,-20.700,516.200,-20.700,0.0000,0.0000,-2.5810,0.0000,0,
30.4176,171.9700,BASELINE_COLLECTION,STANCE,0.5556,-15.900,470.800,-15.900,0.0000,0.0000,-2.3540,0.0000,0,
30.4256,171.9800,BASELINE_COLLECTION,STANCE,0.5694,-11.500,416.700,-11.500,0.0000,0.0000,-2.0835,0.0000,0,
30.4377,171.9900,BASELINE_COLLECTION,STANCE,0.5833,-7.800,349.300,-7.800,0.0000,0.0000,-1.7465,0.0000,0,
30.4457,172.0000,BASELINE_COLLECTION,STANCE,0.5972,-6.400,310.800,-6.400,0.0000,0.0000,-1.5540,0.0000,0,
30.4575,172.0100,BASELINE_COLLECTION,STANCE,0.6111,-3.300,162.600,-3.300,0.0000,0.0000,-0.8130,0.0000,0,
30.4657,172.0200,BASELINE_COLLECTION,STANCE,0.6250,-2.100,85.200,-2.100,0.0000,0.0000,-0.4260,0.0000,0,
30.4778,172.0300,BASELINE_COLLECTION,STANCE,0.6389,-1.700,28.100,-1.700,0.0000,0.0000,-0.1405,0.0000,0,
30.4857,172.0400,BASELINE_COLLECTION,STANCE,0.6528,-1.600,-3.900,-1.600,0.0000,0.0000,0.0195,0.0684,0,
30.4978,172.0500,BASELINE_COLLECTION,STANCE,0.6667,-1.700,-6.200,-1.700,0.0000,0.0000,0.0310,0.0816,0,
30.5057,172.0600,BASELINE_COLLECTION,STANCE,0.6806,-1.700,-0.300,-1.700,0.0000,0.0000,0.0015,0.0477,0,
30.5177,172.0700,BASELINE_COLLECTION,STANCE,0.6944,-1.700,-3.200,-1.700,0.0000,0.0000,0.0160,0.0644,0,
30.5256,172.0800,BASELINE_COLLECTION,STANCE,0.7083,-1.800,-6.800,-1.800,0.0000,0.0000,0.0340,0.0851,0,
30.5376,172.0900,BASELINE_COLLECTION,STANCE,0.7222,-1.900,-15.000,-1.900,0.0000,0.0000,0.0750,0.1322,0,
30.5456,172.1000,BASELINE_COLLECTION,STANCE,0.7361,-2.200,-31.600,-2.200,0.0000,0.0000,0.1580,0.2276,0,
30.5576,172.1100,BASELINE_COLLECTION,STANCE,0.7500,-2.600,-50.500,-2.600,0.0000,0.0000,0.2525,0.3000,1,
30.5657,172.1200,BASELINE_COLLECTION,STANCE,0.7639,-3.300,-75.100,-3.300,0.0000,0.0000,0.3755,0.3000,1,
30.5777,172.1300,BASELINE_COLLECTION,STANCE,0.7778,-4.200,-101.300,-4.200,0.0000,0.0000,0.5065,0.3000,1,
30.5857,172.1400,BASELINE_COLLECTION,STANCE,0.7917,-5.500,-135.300,-5.500,0.0000,0.0000,0.6765,0.3000,1,
30.5978,172.1500,BASELINE_COLLECTION,STANCE,0.8056,-7.100,-169.300,-7.100,0.0000,0.0000,0.8465,0.3000,1,
30.6057,172.1600,BASELINE_COLLECTION,STANCE,0.8194,-8.800,-181.300,-8.800,0.0000,0.0000,0.9065,0.3000,1,
30.6177,172.1700,BASELINE_COLLECTION,STANCE,0.8333,-10.700,-186.400,-10.700,0.0000,0.0000,0.9320,0.3000,1,
30.6256,172.1800,BASELINE_COLLECTION,STANCE,0.8472,-12.600,-189.600,-12.600,0.0000,0.0000,0.9480,0.3000,1,
30.6377,172.1900,BASELINE_COLLECTION,STANCE,0.8611,-14.500,-193.000,-14.500,0.0000,0.0000,0.9650,0.3000,1,
30.6456,172.2000,BASELINE_COLLECTION,STANCE,0.8750,-16.400,-189.000,-16.400,0.0000,0.0000,0.9450,0.3000,1,
30.6577,172.2100,BASELINE_COLLECTION,STANCE,0.8889,-18.200,-174.300,-18.200,0.0000,0.0000,0.8715,0.3000,1,
30.6657,172.2200,BASELINE_COLLECTION,STANCE,0.9028,-19.800,-151.200,-19.800,0.0000,0.0000,0.7560,0.3000,1,
30.6818,172.2300,BASELINE_COLLECTION,STANCE,0.9167,-21.100,-125.800,-21.100,0.0000,0.0000,0.6290,0.3000,1,
30.6897,172.2400,BASELINE_COLLECTION,STANCE,0.9306,-22.300,-106.600,-22.300,0.0000,0.0000,0.5330,0.3000,1,
30.7018,172.2500,BASELINE_COLLECTION,STANCE,0.9444,-23.200,-96.900,-23.200,0.0000,0.0000,0.4845,0.3000,1,
30.7098,172.2600,BASELINE_COLLECTION,STANCE,0.9583,-24.200,-98.100,-24.200,0.0000,0.0000,0.4905,0.3000,1,
30.7218,172.2700,BASELINE_COLLECTION,STANCE,0.9722,-25.300,-107.900,-25.300,0.0000,0.0000,0.5395,0.3000,1,
30.7298,172.2800,BASELINE_COLLECTION,STANCE,0.9861,-26.400,-120.400,-26.400,0.0000,0.0000,0.6020,0.3000,1,
30.7457,172.2900,BASELINE_COLLECTION,STANCE,1.0000,-27.700,-137.300,-27.700,0.0000,0.0000,0.6865,0.3000,1,
30.7537,172.3100,BASELINE_COLLECTION,SWING,0.0417,-30.800,-160.000,-30.800,0.1305,0.0000,0.8000,0.3000,1,
30.7657,172.3200,BASELINE_COLLECTION,SWING,0.0625,-32.400,-158.900,-32.400,0.1951,0.0000,0.7945,0.3000,1,
30.7737,172.3300,BASELINE_COLLECTION,SWING,0.0833,-33.900,-146.700,-33.900,0.2588,0.0000,0.7335,0.3000,1,
30.7857,172.3400,BASELINE_COLLECTION,SWING,0.1042,-35.200,-125.500,-35.200,0.3214,0.0000,0.6275,0.3000,1,
30.7937,172.3500,BASELINE_COLLECTION,SWING,0.1250,-36.300,-97.800,-36.300,0.3827,0.0000,0.4890,0.3000,1,
30.8057,172.3600,BASELINE_COLLECTION,SWING,0.1458,-37.100,-68.300,-37.100,0.4423,0.0000,0.3415,0.3000,1,
30.8137,172.3700,BASELINE_COLLECTION,SWING,0.1667,-37.500,-39.300,-37.500,0.5000,0.0000,0.1965,0.2718,0,
30.8256,172.3800,BASELINE_COLLECTION,SWING,0.1875,-37.700,-5.100,-37.700,0.5556,0.0000,0.0255,0.0753,0,
30.8337,172.3900,BASELINE_COLLECTION,SWING,0.2083,-37.600,9.500,-37.600,0.6088,0.0000,-0.0475,0.0000,0,
30.8457,172.4000,BASELINE_COLLECTION,SWING,0.2292,-37.600,1.700,-37.600,0.6593,0.0000,-0.0085,0.0000,0,
30.8537,172.4100,BASELINE_COLLECTION,SWING,0.2500,-37.600,-4.200,-37.600,0.7071,0.0000,0.0210,0.0701,0,
30.8657,172.4200,BASELINE_COLLECTION,SWING,0.2708,-37.700,-5.400,-37.700,0.7518,0.0000,0.0270,0.0770,0,
30.8737,172.4300,BASELINE_COLLECTION,SWING,0.2917,-37.700,-6.100,-37.700,0.7934,0.0000,0.0305,0.0810,0,
30.8857,172.4400,BASELINE_COLLECTION,SWING,0.3125,-37.800,-4.800,-37.800,0.8315,0.0000,0.0240,0.0736,0,
30.8978,172.4500,BASELINE_COLLECTION,SWING,0.3333,-37.900,-11.600,-37.900,0.8660,0.0000,0.0580,0.1126,0,
30.9057,172.4600,BASELINE_COLLECTION,SWING,0.3542,-38.100,-24.000,-38.100,0.8969,0.0000,0.1200,0.1839,0,
30.9177,172.4700,BASELINE_COLLECTION,SWING,0.3750,-38.400,-38.100,-38.400,0.9239,0.0000,0.1905,0.2649,0,
30.9257,172.4800,BASELINE_COLLECTION,SWING,0.3958,-38.900,-53.700,-38.900,0.9469,0.0000,0.2685,0.3000,1,
30.9376,172.4900,BASELINE_COLLECTION,SWING,0.4167,-39.500,-64.700,-39.500,0.9659,0.0000,0.3235,0.3000,1,
30.9457,172.5000,BASELINE_COLLECTION,SWING,0.4375,-40.200,-72.300,-40.200,0.9808,0.0000,0.3615,0.3000,1,
30.9577,172.5100,BASELINE_COLLECTION,SWING,0.4583,-41.000,-73.500,-41.000,0.9914,0.0000,0.3675,0.3000,1,
30.9657,172.5200,BASELINE_COLLECTION,SWING,0.4792,-41.700,-76.000,-41.700,0.9979,0.0000,0.3800,0.3000,1,
30.9776,172.5300,BASELINE_COLLECTION,SWING,0.5000,-42.500,-78.900,-42.500,1.0000,0.0000,0.3945,0.3000,1,
30.9857,172.5400,BASELINE_COLLECTION,SWING,0.5208,-43.300,-78.000,-43.300,0.9979,0.0000,0.3900,0.3000,1,
30.9977,172.5500,BASELINE_COLLECTION,SWING,0.5417,-44.000,-76.800,-44.000,0.9914,0.0000,0.3840,0.3000,1,
31.0057,172.5600,BASELINE_COLLECTION,SWING,0.5625,-44.800,-74.700,-44.800,0.9808,0.0000,0.3735,0.3000,1,
31.0177,172.5700,BASELINE_COLLECTION,SWING,0.5833,-45.500,-72.900,-45.500,0.9659,0.0000,0.3645,0.3000,1,
31.0297,172.5800,BASELINE_COLLECTION,SWING,0.6042,-46.200,-66.500,-46.200,0.9469,0.0000,0.3325,0.3000,1,
31.0376,172.5900,BASELINE_COLLECTION,SWING,0.6250,-46.800,-62.000,-46.800,0.9239,0.0000,0.3100,0.3000,1,
31.0497,172.6000,BASELINE_COLLECTION,SWING,0.6458,-47.400,-54.600,-47.400,0.8969,0.0000,0.2730,0.3000,1,
31.0576,172.6100,BASELINE_COLLECTION,SWING,0.6667,-47.900,-49.500,-47.900,0.8660,0.0000,0.2475,0.3000,1,
31.0696,172.6200,BASELINE_COLLECTION,SWING,0.6875,-48.400,-41.200,-48.400,0.8315,0.0000,0.2060,0.2828,0,
31.0774,172.6300,BASELINE_COLLECTION,SWING,0.7083,-48.700,-31.900,-48.700,0.7934,0.0000,0.1595,0.2293,0,
31.0854,172.6400,BASELINE_COLLECTION,SWING,0.7292,-49.000,-27.000,-49.000,0.7518,0.0000,0.1350,0.2011,0,
31.0975,172.6500,BASELINE_COLLECTION,SWING,0.7500,-49.200,-22.400,-49.200,0.7071,0.0000,0.1120,0.1747,0,
31.1097,172.6600,BASELINE_COLLECTION,SWING,0.7708,-49.500,-23.200,-49.500,0.6593,0.0000,0.1160,0.1793,0,
31.1177,172.6700,BASELINE_COLLECTION,SWING,0.7917,-49.700,-23.000,-49.700,0.6088,0.0000,0.1150,0.1782,0,
31.1297,172.6800,BASELINE_COLLECTION,SWING,0.8125,-49.900,-25.700,-49.900,0.5556,0.0000,0.1285,0.1937,0,
31.1375,172.6900,BASELINE_COLLECTION,SWING,0.8333,-50.200,-30.100,-50.200,0.5000,0.0000,0.1505,0.2190,0,
31.1496,172.7000,BASELINE_COLLECTION,SWING,0.8542,-50.600,-37.500,-50.600,0.4423,0.0000,0.1875,0.2615,0,
31.1576,172.7100,BASELINE_COLLECTION,SWING,0.8750,-51.000,-41.000,-51.000,0.3827,0.0000,0.2050,0.2816,0,
31.1695,172.7200,BASELINE_COLLECTION,SWING,0.8958,-51.400,-41.900,-51.400,0.3214,0.0000,0.2095,0.2868,0,
31.1777,172.7300,BASELINE_COLLECTION,SWING,0.9167,-51.800,-42.500,-51.800,0.2588,0.0000,0.2125,0.2902,0,
31.1857,172.7400,BASELINE_COLLECTION,SWING,0.9375,-52.300,-41.800,-52.300,0.1951,0.0000,0.2090,0.2862,0,
31.1976,172.7500,BASELINE_COLLECTION,SWING,0.9583,-52.700,-44.500,-52.700,0.1305,0.0000,0.2225,0.3000,1,
31.2098,172.7600,BASELINE_COLLECTION,SWING,0.9792,-53.200,-52.000,-53.200,0.0654,0.0000,0.2600,0.3000,1,
31.2178,172.7700,BASELINE_COLLECTION,STANCE,0.0000,-53.700,-58.100,-53.700,0.0000,0.0000,0.2905,0.3000,1,
31.2297,172.7800,BASELINE_COLLECTION,STANCE,0.0139,-54.400,-63.700,-54.400,0.0000,0.0000,0.3185,0.3000,1,
31.2417,172.7900,BASELINE_COLLECTION,STANCE,0.0278,-55.100,-72.300,-55.100,0.0000,0.0000,0.3615,0.3000,1,
31.2495,172.8000,BASELINE_COLLECTION,STANCE,0.0417,-55.900,-86.400,-55.900,0.0000,0.0000,0.4320,0.3000,1,
31.2616,172.8100,BASELINE_COLLECTION,STANCE,0.0556,-56.800,-99.000,-56.800,0.0000,0.0000,0.4950,0.3000,1,
31.2697,172.8200,BASELINE_COLLECTION,STANCE,0.0694,-57.900,-112.900,-57.900,0.0000,0.0000,0.5645,0.3000,1,
31.2817,172.8300,BASELINE_COLLECTION,STANCE,0.0833,-59.100,-127.700,-59.100,0.0000,0.0000,0.6385,0.3000,1,
31.2897,172.8400,BASELINE_COLLECTION,STANCE,0.0972,-60.500,-142.300,-60.500,0.0000,0.0000,0.7115,0.3000,1,
31.3018,172.8500,BASELINE_COLLECTION,STANCE,0.1111,-62.000,-156.600,-62.000,0.0000,0.0000,0.7830,0.3000,1,
31.3098,172.8600,BASELINE_COLLECTION,STANCE,0.1250,-63.700,-168.700,-63.700,0.0000,0.0000,0.8435,0.3000,1,
31.3218,172.8700,BASELINE_COLLECTION,STANCE,0.1389,-65.500,-181.600,-65.500,0.0000,0.0000,0.9080,0.3000,1,
31.3297,172.8800,BASELINE_COLLECTION,STANCE,0.1528,-67.400,-197.400,-67.400,0.0000,0.0000,0.9870,0.3000,1,
31.3417,172.8900,BASELINE_COLLECTION,STANCE,0.1667,-69.500,-213.900,-69.500,0.0000,0.0000,1.0695,0.3000,1,
31.3496,172.9000,BASELINE_COLLECTION,STANCE,0.1806,-71.700,-227.400,-71.700,0.0000,0.0000,1.1370,0.3000,1,
31.3616,172.9100,BASELINE_COLLECTION,STANCE,0.1944,-74.100,-237.500,-74.100,0.0000,0.0000,1.1875,0.3000,1,
31.3696,172.9200,BASELINE_COLLECTION,STANCE,0.2083,-76.500,-245.000,-76.500,0.0000,0.0000,1.2250,0.3000,1,
31.3817,172.9300,BASELINE_COLLECTION,STANCE,0.2222,-79.000,-253.100,-79.000,0.0000,0.0000,1.2655,0.3000,1,
31.3898,172.9400,BASELINE_COLLECTION,STANCE,0.2361,-81.600,-265.100,-81.600,0.0000,0.0000,1.3255,0.3000,1,
31.4018,172.9500,BASELINE_COLLECTION,STANCE,0.2500,-84.400,-283.500,-84.400,0.0000,0.0000,1.4175,0.3000,1,
31.4098,172.9600,BASELINE_COLLECTION,STANCE,0.2639,-87.400,-307.400,-87.400,0.0000,0.0000,1.5370,0.3000,1,
31.4217,172.9700,BASELINE_COLLECTION,STANCE,0.2778,-90.600,-325.500,-90.600,0.0000,0.0000,1.6275,0.3000,1,
31.4297,172.9800,BASELINE_COLLECTION,STANCE,0.2917,-93.900,-339.600,-93.900,0.0000,0.0000,1.6980,0.3000,1,
31.4418,172.9900,BASELINE_COLLECTION,STANCE,0.3056,-97.500,-365.200,-97.500,0.0000,0.0000,1.8260,0.3000,1,
31.4498,173.0000,BASELINE_COLLECTION,STANCE,0.3194,-99.500,-376.800,-99.500,0.0000,0.0000,1.8840,0.3000,1,
31.4616,173.0100,BASELINE_COLLECTION,STANCE,0.3333,-105.300,-404.200,-105.300,0.0000,0.0000,2.0210,0.3000,1,
31.4697,173.0200,BASELINE_COLLECTION,STANCE,0.3472,-109.400,-411.400,-109.400,0.0000,0.0000,2.0570,0.3000,1,
31.4818,173.0300,BASELINE_COLLECTION,STANCE,0.3611,-113.400,-395.600,-113.400,0.0000,0.0000,1.9780,0.3000,1,
31.4897,173.0400,BASELINE_COLLECTION,STANCE,0.3750,-117.200,-371.800,-117.200,0.0000,0.0000,1.8590,0.3000,1,
31.5017,173.0500,BASELINE_COLLECTION,STANCE,0.3889,-120.700,-334.300,-120.700,0.0000,0.0000,1.6715,0.3000,1,
31.5097,173.0600,BASELINE_COLLECTION,STANCE,0.4028,-123.500,-294.500,-123.500,0.0000,0.0000,1.4725,0.3000,1,
31.5217,173.0700,BASELINE_COLLECTION,STANCE,0.4167,-126.000,-239.100,-126.000,0.0000,0.0000,1.1955,0.3000,1,
31.5297,173.0800,BASELINE_COLLECTION,STANCE,0.4306,-128.000,-173.900,-128.000,0.0000,0.0000,0.8695,0.3000,1,
31.5417,173.0900,BASELINE_COLLECTION,STANCE,0.4444,-129.200,-107.300,-129.200,0.0000,0.0000,0.5365,0.3000,1,
31.5536,173.1000,BASELINE_COLLECTION,STANCE,0.4583,-129.900,-40.600,-129.900,0.0000,0.0000,0.2030,0.2793,0,
31.5615,173.1100,BASELINE_COLLECTION,STANCE,0.4722,-129.800,21.100,-129.800,0.0000,0.0000,-0.1055,0.0000,0,
31.5736,173.1200,BASELINE_COLLECTION,STANCE,0.4861,-129.300,67.900,-129.300,0.0000,0.0000,-0.3395,0.0000,0,
31.5817,173.1300,BASELINE_COLLECTION,STANCE,0.5000,-128.300,111.700,-128.300,0.0000,0.0000,-0.5585,0.0000,0,
31.5937,173.1400,BASELINE_COLLECTION,STANCE,0.5139,-126.900,154.400,-126.900,0.0000,0.0000,-0.7720,0.0000,0,
31.6017,173.1500,BASELINE_COLLECTION,STANCE,0.5278,-125.100,182.700,-125.100,0.0000,0.0000,-0.9135,0.0000,0,
31.6137,173.1600,BASELINE_COLLECTION,STANCE,0.5417,-123.100,206.900,-123.100,0.0000,0.0000,-1.0345,0.0000,0,
31.6216,173.1700,BASELINE_COLLECTION,STANCE,0.5556,-120.900,227.900,-120.900,0.0000,0.0000,-1.1395,0.0000,0,
31.6336,173.1800,BASELINE_COLLECTION,STANCE,0.5694,-118.500,249.600,-118.500,0.0000,0.0000,-1.2480,0.0000,0,
31.6416,173.1900,BASELINE_COLLECTION,STANCE,0.5833,-115.800,272.800,-115.800,0.0000,0.0000,-1.3640,0.0000,0,
31.6537,173.2000,BASELINE_COLLECTION,STANCE,0.5972,-113.000,293.900,-113.000,0.0000,0.0000,-1.4695,0.0000,0,
31.6615,173.2100,BASELINE_COLLECTION,STANCE,0.6111,-109.800,317.900,-109.800,0.0000,0.0000,-1.5895,0.0000,0,
31.6736,173.2200,BASELINE_COLLECTION,STANCE,0.6250,-106.400,343.300,-106.400,0.0000,0.0000,-1.7165,0.0000,0,
31.6816,173.2300,BASELINE_COLLECTION,STANCE,0.6389,-102.800,363.700,-102.800,0.0000,0.0000,-1.8185,0.0000,0,
31.6936,173.2400,BASELINE_COLLECTION,STANCE,0.6528,-99.100,388.700,-99.100,0.0000,0.0000,-1.9435,0.0000,0,
31.7016,173.2500,BASELINE_COLLECTION,STANCE,0.6667,-94.900,410.100,-94.900,0.0000,0.0000,-2.0505,0.0000,0,
31.7136,173.2600,BASELINE_COLLECTION,STANCE,0.6806,-90.800,428.500,-90.800,0.0000,0.0000,-2.1425,0.0000,0,
31.7217,173.2700,BASELINE_COLLECTION,STANCE,0.6944,-86.400,453.700,-86.400,0.0000,0.0000,-2.2685,0.0000,0,
31.7336,173.2800,BASELINE_COLLECTION,STANCE,0.7083,-81.600,468.900,-81.600,0.0000,0.0000,-2.3445,0.0000,0,
31.7416,173.2900,BASELINE_COLLECTION,STANCE,0.7222,-76.900,486.800,-76.900,0.0000,0.0000,-2.4340,0.0000,0,
31.7537,173.3000,BASELINE_COLLECTION,STANCE,0.7361,-71.700,511.900,-71.700,0.0000,0.0000,-2.5595,0.0000,0,
31.7615,173.3100,BASELINE_COLLECTION,STANCE,0.7500,-66.400,529.900,-66.400,0.0000,0.0000,-2.6495,0.0000,0,
31.7735,173.3200,BASELINE_COLLECTION,STANCE,0.7639,-61.100,546.700,-61.100,0.0000,0.0000,-2.7335,0.0000,0,
31.7816,173.3300,BASELINE_COLLECTION,STANCE,0.7778,-55.300,553.100,-55.300,0.0000,0.0000,-2.7655,0.0000,0,
31.7936,173.3400,BASELINE_COLLECTION,STANCE,0.7917,-49.900,565.700,-49.900,0.0000,0.0000,-2.8285,0.0000,0,
31.8016,173.3500,BASELINE_COLLECTION,STANCE,0.8056,-44.200,559.700,-44.200,0.0000,0.0000,-2.7985,0.0000,0,
31.8137,173.3600,BASELINE_COLLECTION,STANCE,0.8194,-38.600,545.300,-38.600,0.0000,0.0000,-2.7265,0.0000,0,
31.8217,173.3700,BASELINE_COLLECTION,STANCE,0.8333,-33.400,526.800,-33.400,0.0000,0.0000,-2.6340,0.0000,0,
31.8337,173.3800,BASELINE_COLLECTION,STANCE,0.8472,-28.400,486.600,-28.400,0.0000,0.0000,-2.4330,0.0000,0,
31.8417,173.3900,BASELINE_COLLECTION,STANCE,0.8611,-23.700,446.800,-23.700,0.0000,0.0000,-2.2340,0.0000,0,
31.8536,173.4000,BASELINE_COLLECTION,STANCE,0.8750,-19.600,402.800,-19.600,0.0000,0.0000,-2.0140,0.0000,0,
31.8617,173.4100,BASELINE_COLLECTION,STANCE,0.8889,-15.800,368.300,-15.800,0.0000,0.0000,-1.8415,0.0000,0,
31.8737,173.4200,BASELINE_COLLECTION,STANCE,0.9028,-12.300,326.900,-12.300,0.0000,0.0000,-1.6345,0.0000,0,
31.8816,173.4300,BASELINE_COLLECTION,STANCE,0.9167,-9.400,278.600,-9.400,0.0000,0.0000,-1.3930,0.0000,0,
31.8936,173.4400,BASELINE_COLLECTION,STANCE,0.9306,-7.000,228.000,-7.000,0.0000,0.0000,-1.1400,0.0000,0,
31.9018,173.4500,BASELINE_COLLECTION,STANCE,0.9444,-5.200,139.000,-5.200,0.0000,0.0000,-0.6950,0.0000,0,
31.9137,173.4600,BASELINE_COLLECTION,STANCE,0.9583,-4.500,51.000,-4.500,0.0000,0.0000,-0.2550,0.0000,0,
31.9215,173.4700,BASELINE_COLLECTION,STANCE,0.9722,-4.400,-6.800,-4.400,0.0000,0.0000,0.0340,0.0851,0,
31.9336,173.4800,BASELINE_COLLECTION,STANCE,0.9861,-4.600,-23.400,-4.600,0.0000,0.0000,0.1170,0.1805,0,
31.9418,173.4900,BASELINE_COLLECTION,SWING,0.0000,-4.900,-29.400,-4.900,0.0000,0.0000,0.1470,0.2149,0,
31.9538,173.5000,BASELINE_COLLECTION,SWING,0.0208,-5.300,-44.400,-5.300,0.0654,0.0000,0.2220,0.3000,1,
31.9617,173.5100,BASELINE_COLLECTION,SWING,0.0417,-5.800,-61.700,-5.800,0.1305,0.0000,0.3085,0.3000,1,
31.9737,173.5200,BASELINE_COLLECTION,SWING,0.0625,-6.600,-75.300,-6.600,0.1951,0.0000,0.3765,0.3000,1,
31.9817,173.5300,BASELINE_COLLECTION,SWING,0.0833,-7.400,-83.100,-7.400,0.2588,0.0000,0.4155,0.3000,1,
31.9937,173.5400,BASELINE_COLLECTION,SWING,0.1042,-8.300,-97.300,-8.300,0.3214,0.0000,0.4865,0.3000,1,
32.0016,173.5500,BASELINE_COLLECTION,SWING,0.1250,-9.400,-112.900,-9.400,0.3827,0.0000,0.5645,0.3000,1,
32.0096,173.5600,BASELINE_COLLECTION,SWING,0.1458,-10.500,-115.400,-10.500,0.4423,0.0000,0.5770,0.3000,1,
32.0216,173.5700,BASELINE_COLLECTION,SWING,0.1667,-11.700,-110.200,-11.700,0.5000,0.0000,0.5510,0.3000,1,
32.0337,173.5800,BASELINE_COLLECTION,SWING,0.1875,-12.700,-104.800,-12.700,0.5556,0.0000,0.5240,0.3000,1,
32.0417,173.5900,BASELINE_COLLECTION,SWING,0.2083,-13.700,-95.100,-13.700,0.6088,0.0000,0.4755,0.3000,1,
32.0537,173.6000,BASELINE_COLLECTION,SWING,0.2292,-14.600,-78.800,-14.600,0.6593,0.0000,0.3940,0.3000,1,
32.0617,173.6100,BASELINE_COLLECTION,SWING,0.2500,-15.200,-59.800,-15.200,0.7071,0.0000,0.2990,0.3000,1,
32.0737,173.6200,BASELINE_COLLECTION,SWING,0.2708,-15.700,-49.400,-15.700,0.7518,0.0000,0.2470,0.3000,1,
32.0817,173.6300,BASELINE_COLLECTION,SWING,0.2917,-16.200,-53.600,-16.200,0.7934,0.0000,0.2680,0.3000,1,
32.0937,173.6400,BASELINE_COLLECTION,SWING,0.3125,-16.900,-68.900,-16.900,0.8315,0.0000,0.3445,0.3000,1,
32.1017,173.6500,BASELINE_COLLECTION,SWING,0.3333,-17.700,-91.500,-17.700,0.8660,0.0000,0.4575,0.3000,1,
32.1137,173.6600,BASELINE_COLLECTION,SWING,0.3542,-18.800,-118.700,-18.800,0.8969,0.0000,0.5935,0.3000,1,
32.1217,173.6700,BASELINE_COLLECTION,SWING,0.3750,-20.200,-144.400,-20.200,0.9239,0.0000,0.7220,0.3000,1,
32.1337,173.6800,BASELINE_COLLECTION,SWING,0.3958,-21.800,-168.900,-21.800,0.9469,0.0000,0.8445,0.3000,1,
32.1418,173.6900,BASELINE_COLLECTION,SWING,0.4167,-23.600,-189.600,-23.600,0.9659,0.0000,0.9480,0.3000,1,
32.1538,173.7000,BASELINE_COLLECTION,SWING,0.4375,-25.600,-199.800,-25.600,0.9808,0.0000,0.9990,0.3000,1,
32.1617,173.7100,BASELINE_COLLECTION,SWING,0.4583,-27.600,-199.100,-27.600,0.9914,0.0000,0.9955,0.3000,1,
32.1737,173.7200,BASELINE_COLLECTION,SWING,0.4792,-29.500,-188.200,-29.500,0.9979,0.0000,0.9410,0.3000,1,
32.1818,173.7300,BASELINE_COLLECTION,SWING,0.5000,-31.300,-171.200,-31.300,1.0000,0.0000,0.8560,0.3000,1,
32.1937,173.7400,BASELINE_COLLECTION,SWING,0.5208,-32.900,-149.800,-32.900,0.9979,0.0000,0.7490,0.3000,1,
32.2016,173.7500,BASELINE_COLLECTION,SWING,0.5417,-34.200,-121.700,-34.200,0.9914,0.0000,0.6085,0.3000,1,
32.2137,173.7600,BASELINE_COLLECTION,SWING,0.5625,-35.200,-90.000,-35.200,0.9808,0.0000,0.4500,0.3000,1,
32.2217,173.7700,BASELINE_COLLECTION,SWING,0.5833,-35.800,-54.100,-35.800,0.9659,0.0000,0.2705,0.3000,1,
32.2337,173.7800,BASELINE_COLLECTION,SWING,0.6042,-36.200,-22.900,-36.200,0.9469,0.0000,0.1145,0.1776,0,
32.2417,173.7900,BASELINE_COLLECTION,SWING,0.6250,-36.200,1.100,-36.200,0.9239,0.0000,-0.0055,0.0000,0,
32.2537,173.8000,BASELINE_COLLECTION,SWING,0.6458,-36.200,1.800,-36.200,0.8969,0.0000,-0.0090,0.0000,0,
32.2616,173.8100,BASELINE_COLLECTION,SWING,0.6667,-36.200,-1.700,-36.200,0.8660,0.0000,0.0085,0.0557,0,
32.2738,173.8200,BASELINE_COLLECTION,SWING,0.6875,-36.200,-6.200,-36.200,0.8315,0.0000,0.0310,0.0816,0,
32.2817,173.8300,BASELINE_COLLECTION,SWING,0.7083,-36.400,-23.100,-36.400,0.7934,0.0000,0.1155,0.1787,0,
32.2937,173.8400,BASELINE_COLLECTION,SWING,0.7292,-36.800,-43.700,-36.800,0.7518,0.0000,0.2185,0.2971,0,
32.3017,173.8500,BASELINE_COLLECTION,SWING,0.7500,-37.300,-63.300,-37.300,0.7071,0.0000,0.3165,0.3000,1,
32.3137,173.8600,BASELINE_COLLECTION,SWING,0.7708,-38.100,-79.200,-38.100,0.6593,0.0000,0.3960,0.3000,1,
32.3217,173.8700,BASELINE_COLLECTION,SWING,0.7917,-39.000,-89.000,-39.000,0.6088,0.0000,0.4450,0.3000,1,
32.3337,173.8800,BASELINE_COLLECTION,SWING,0.8125,-39.900,-95.200,-39.900,0.5556,0.0000,0.4760,0.3000,1,
32.3416,173.8900,BASELINE_COLLECTION,SWING,0.8333,-40.900,-102.300,-40.900,0.5000,0.0000,0.5115,0.3000,1,
32.3537,173.9000,BASELINE_COLLECTION,SWING,0.8542,-42.000,-108.300,-42.000,0.4423,0.0000,0.5415,0.3000,1,
32.3617,173.9100,BASELINE_COLLECTION,SWING,0.8750,-43.100,-114.800,-43.100,0.3827,0.0000,0.5740,0.3000,1,
32.3737,173.9200,BASELINE_COLLECTION,SWING,0.8958,-44.300,-117.300,-44.300,0.3214,0.0000,0.5865,0.3000,1,
32.3817,173.9300,BASELINE_COLLECTION,SWING,0.9167,-45.400,-118.500,-45.400,0.2588,0.0000,0.5925,0.3000,1,
32.3937,173.9400,BASELINE_COLLECTION,SWING,0.9375,-46.600,-117.000,-46.600,0.1951,0.0000,0.5850,0.3000,1,
32.4017,173.9500,BASELINE_COLLECTION,SWING,0.9583,-47.800,-113.500,-47.800,0.1305,0.0000,0.5675,0.3000,1,
32.4137,173.9600,BASELINE_COLLECTION,SWING,0.9792,-48.900,-108.800,-48.900,0.0654,0.0000,0.5440,0.3000,1,
32.4217,173.9700,BASELINE_COLLECTION,STANCE,0.0000,-49.900,-103.000,-49.900,0.0000,0.0000,0.5150,0.3000,1,
32.4336,173.9800,BASELINE_COLLECTION,STANCE,0.0139,-50.900,-94.600,-50.900,0.0000,0.0000,0.4730,0.3000,1,
32.4417,173.9900,BASELINE_COLLECTION,STANCE,0.0278,-51.800,-83.900,-51.800,0.0000,0.0000,0.4195,0.3000,1,
32.4537,174.0000,BASELINE_COLLECTION,STANCE,0.0417,-52.100,-78.400,-52.100,0.0000,0.0000,0.3920,0.3000,1,
32.4614,174.0100,BASELINE_COLLECTION,STANCE,0.0556,-53.200,-64.900,-53.200,0.0000,0.0000,0.3245,0.3000,1,
32.4696,174.0200,BASELINE_COLLECTION,STANCE,0.0694,-53.800,-55.900,-53.800,0.0000,0.0000,0.2795,0.3000,1,
32.4817,174.0300,BASELINE_COLLECTION,STANCE,0.0833,-54.200,-50.400,-54.200,0.0000,0.0000,0.2520,0.3000,1,
32.4937,174.0400,BASELINE_COLLECTION,STANCE,0.0972,-54.800,-45.200,-54.800,0.0000,0.0000,0.2260,0.3000,1,
32.5017,174.0500,BASELINE_COLLECTION,STANCE,0.1111,-55.200,-42.300,-55.200,0.0000,0.0000,0.2115,0.2891,0,
32.5136,174.0600,BASELINE_COLLECTION,STANCE,0.1250,-55.600,-43.600,-55.600,0.0000,0.0000,0.2180,0.2966,0,
32.5217,174.0700,BASELINE_COLLECTION,STANCE,0.1389,-56.100,-47.300,-56.100,0.0000,0.0000,0.2365,0.3000,1,
32.5337,174.0800,BASELINE_COLLECTION,STANCE,0.1528,-56.600,-48.000,-56.600,0.0000,0.0000,0.2400,0.3000,1,
32.5417,174.0900,BASELINE_COLLECTION,STANCE,0.1667,-57.100,-51.100,-57.100,0.0000,0.0000,0.2555,0.3000,1,
32.5537,174.1000,BASELINE_COLLECTION,STANCE,0.1806,-57.600,-58.800,-57.600,0.0000,0.0000,0.2940,0.3000,1,
32.5616,174.1100,BASELINE_COLLECTION,STANCE,0.1944,-58.300,-68.100,-58.300,0.0000,0.0000,0.3405,0.3000,1,
32.5738,174.1200,BASELINE_COLLECTION,STANCE,0.2083,-59.100,-81.000,-59.100,0.0000,0.0000,0.4050,0.3000,1,
32.5817,174.1300,BASELINE_COLLECTION,STANCE,0.2222,-60.000,-96.800,-60.000,0.0000,0.0000,0.4840,0.3000,1,
32.5938,174.1400,BASELINE_COLLECTION,STANCE,0.2361,-61.100,-114.400,-61.100,0.0000,0.0000,0.5720,0.3000,1,
32.6017,174.1500,BASELINE_COLLECTION,STANCE,0.2500,-62.300,-131.700,-62.300,0.0000,0.0000,0.6585,0.3000,1,
32.6137,174.1600,BASELINE_COLLECTION,STANCE,0.2639,-63.800,-147.500,-63.800,0.0000,0.0000,0.7375,0.3000,1,
32.6217,174.1700,BASELINE_COLLECTION,STANCE,0.2778,-65.400,-163.500,-65.400,0.0000,0.0000,0.8175,0.3000,1,
32.6336,174.1800,BASELINE_COLLECTION,STANCE,0.2917,-67.100,-180.300,-67.100,0.0000,0.0000,0.9015,0.3000,1,
32.6417,174.1900,BASELINE_COLLECTION,STANCE,0.3056,-69.100,-197.400,-69.100,0.0000,0.0000,0.9870,0.3000,1,
32.6537,174.2000,BASELINE_COLLECTION,STANCE,0.3194,-71.100,-209.000,-71.100,0.0000,0.0000,1.0450,0.3000,1,
32.6617,174.2100,BASELINE_COLLECTION,STANCE,0.3333,-73.200,-216.100,-73.200,0.0000,0.0000,1.0805,0.3000,1,
32.6738,174.2200,BASELINE_COLLECTION,STANCE,0.3472,-75.400,-220.200,-75.400,0.0000,0.0000,1.1010,0.3000,1,
32.6817,174.2300,BASELINE_COLLECTION,STANCE,0.3611,-77.700,-223.800,-77.700,0.0000,0.0000,1.1190,0.3000,1,
32.6937,174.2400,BASELINE_COLLECTION,STANCE,0.3750,-80.000,-227.200,-80.000,0.0000,0.0000,1.1360,0.3000,1,
32.7017,174.2500,BASELINE_COLLECTION,STANCE,0.3889,-82.300,-233.300,-82.300,0.0000,0.0000,1.1665,0.3000,1,
32.7138,174.2600,BASELINE_COLLECTION,STANCE,0.4028,-84.700,-245.200,-84.700,0.0000,0.0000,1.2260,0.3000,1,
32.7218,174.2700,BASELINE_COLLECTION,STANCE,0.4167,-87.300,-263.600,-87.300,0.0000,0.0000,1.3180,0.3000,1,
32.7337,174.2800,BASELINE_COLLECTION,STANCE,0.4306,-90.100,-283.500,-90.100,0.0000,0.0000,1.4175,0.3000,1,
32.7416,174.2900,BASELINE_COLLECTION,STANCE,0.4444,-93.000,-300.700,-93.000,0.0000,0.0000,1.5035,0.3000,1,
32.7537,174.3000,BASELINE_COLLECTION,STANCE,0.4583,-96.200,-324.300,-96.200,0.0000,0.0000,1.6215,0.3000,1,
32.7617,174.3100,BASELINE_COLLECTION,STANCE,0.4722,-99.700,-350.600,-99.700,0.0000,0.0000,1.7530,0.3000,1,
32.7737,174.3200,BASELINE_COLLECTION,STANCE,0.4861,-103.300,-375.300,-103.300,0.0000,0.0000,1.8765,0.3000,1,
32.7817,174.3300,BASELINE_COLLECTION,STANCE,0.5000,-107.200,-409.800,-107.200,0.0000,0.0000,2.0490,0.3000,1,
32.7938,174.3400,BASELINE_COLLECTION,STANCE,0.5139,-111.600,-437.300,-111.600,0.0000,0.0000,2.1865,0.3000,1,
32.8017,174.3500,BASELINE_COLLECTION,STANCE,0.5278,-116.200,-463.300,-116.200,0.0000,0.0000,2.3165,0.3000,1,
32.8138,174.3600,BASELINE_COLLECTION,STANCE,0.5417,-120.900,-479.900,-120.900,0.0000,0.0000,2.3995,0.3000,1,
32.8217,174.3700,BASELINE_COLLECTION,STANCE,0.5556,-125.800,-485.700,-125.800,0.0000,0.0000,2.4285,0.3000,1,
32.8337,174.3800,BASELINE_COLLECTION,STANCE,0.5694,-130.500,-459.500,-130.500,0.0000,0.0000,2.2975,0.3000,1,
32.8416,174.3900,BASELINE_COLLECTION,STANCE,0.5833,-134.900,-424.800,-134.900,0.0000,0.0000,2.1240,0.3000,1,
32.8537,174.4000,BASELINE_COLLECTION,STANCE,0.5972,-138.800,-368.800,-138.800,0.0000,0.0000,1.8440,0.3000,1,
32.8617,174.4100,BASELINE_COLLECTION,STANCE,0.6111,-142.000,-306.200,-142.000,0.0000,0.0000,1.5310,0.3000,1,
32.8737,174.4200,BASELINE_COLLECTION,STANCE,0.6250,-144.600,-239.800,-144.600,0.0000,0.0000,1.1990,0.3000,1,
32.8817,174.4300,BASELINE_COLLECTION,STANCE,0.6389,-146.500,-167.800,-146.500,0.0000,0.0000,0.8390,0.3000,1,
32.8937,174.4400,BASELINE_COLLECTION,STANCE,0.6528,-147.700,-95.900,-147.700,0.0000,0.0000,0.4795,0.3000,1,
32.9017,174.4500,BASELINE_COLLECTION,STANCE,0.6667,-148.200,-24.500,-148.200,0.0000,0.0000,0.1225,0.1868,0,
32.9138,174.4600,BASELINE_COLLECTION,STANCE,0.6806,-148.000,37.300,-148.000,0.0000,0.0000,-0.1865,0.0000,0,
32.9218,174.4700,BASELINE_COLLECTION,STANCE,0.6944,-147.300,85.100,-147.300,0.0000,0.0000,-0.4255,0.0000,0,
32.9337,174.4800,BASELINE_COLLECTION,STANCE,0.7083,-146.100,130.500,-146.100,0.0000,0.0000,-0.6525,0.0000,0,
32.9417,174.4900,BASELINE_COLLECTION,STANCE,0.7222,-144.500,169.400,-144.500,0.0000,0.0000,-0.8470,0.0000,0,
32.9537,174.5000,BASELINE_COLLECTION,STANCE,0.7361,-142.600,196.900,-142.600,0.0000,0.0000,-0.9845,0.0000,0,
32.9657,174.5100,BASELINE_COLLECTION,STANCE,0.7500,-140.500,219.400,-140.500,0.0000,0.0000,-1.0970,0.0000,0,
32.9737,174.5300,BASELINE_COLLECTION,STANCE,0.7778,-135.500,270.500,-135.500,0.0000,0.0000,-1.3525,0.0000,0,
32.9857,174.5400,BASELINE_COLLECTION,STANCE,0.7917,-132.600,294.100,-132.600,0.0000,0.0000,-1.4705,0.0000,0,
32.9937,174.5500,BASELINE_COLLECTION,STANCE,0.8056,-129.500,315.000,-129.500,0.0000,0.0000,-1.5750,0.0000,0,
33.0057,174.5600,BASELINE_COLLECTION,STANCE,0.8194,-126.200,343.600,-126.200,0.0000,0.0000,-1.7180,0.0000,0,
33.0137,174.5700,BASELINE_COLLECTION,STANCE,0.8333,-122.600,368.000,-122.600,0.0000,0.0000,-1.8400,0.0000,0,
33.0257,174.5800,BASELINE_COLLECTION,STANCE,0.8472,-118.800,385.300,-118.800,0.0000,0.0000,-1.9265,0.0000,0,
33.0337,174.5900,BASELINE_COLLECTION,STANCE,0.8611,-114.800,406.400,-114.800,0.0000,0.0000,-2.0320,0.0000,0,
33.0457,174.6000,BASELINE_COLLECTION,STANCE,0.8750,-110.600,427.700,-110.600,0.0000,0.0000,-2.1385,0.0000,0,
33.0537,174.6100,BASELINE_COLLECTION,STANCE,0.8889,-106.100,455.300,-106.100,0.0000,0.0000,-2.2765,0.0000,0,
33.0657,174.6200,BASELINE_COLLECTION,STANCE,0.9028,-101.400,474.800,-101.400,0.0000,0.0000,-2.3740,0.0000,0,
33.0738,174.6300,BASELINE_COLLECTION,STANCE,0.9167,-96.500,499.100,-96.500,0.0000,0.0000,-2.4955,0.0000,0,
33.0897,174.6400,BASELINE_COLLECTION,STANCE,0.9306,-91.400,514.400,-91.400,0.0000,0.0000,-2.5720,0.0000,0,
33.0977,174.6500,BASELINE_COLLECTION,STANCE,0.9444,-86.100,540.200,-86.100,0.0000,0.0000,-2.7010,0.0000,0,
33.1137,174.6600,BASELINE_COLLECTION,STANCE,0.9583,-80.600,553.100,-80.600,0.0000,0.0000,-2.7655,0.0000,0,
33.1217,174.6700,BASELINE_COLLECTION,STANCE,0.9722,-74.900,570.000,-74.900,0.0000,0.0000,-2.8500,0.0000,0,
33.1338,174.6800,BASELINE_COLLECTION,STANCE,0.9861,-69.100,592.500,-69.100,0.0000,0.0000,-2.9625,0.0000,0,
33.1418,174.6900,BASELINE_COLLECTION,SWING,0.0000,-63.100,605.600,-63.100,0.0000,0.0000,-3.0280,0.0000,0,
33.1537,174.7000,BASELINE_COLLECTION,SWING,0.0208,-56.900,619.400,-56.900,0.0654,0.0000,-3.0970,0.0000,0,
33.1617,174.7100,BASELINE_COLLECTION,SWING,0.0417,-50.600,639.300,-50.600,0.1305,0.0000,-3.1965,0.0000,0,
33.1736,174.7200,BASELINE_COLLECTION,SWING,0.0625,-44.100,642.700,-44.100,0.1951,0.0000,-3.2135,0.0000,0,
33.1817,174.7300,BASELINE_COLLECTION,SWING,0.0833,-37.800,636.100,-37.800,0.2588,0.0000,-3.1805,0.0000,0,
33.1936,174.7400,BASELINE_COLLECTION,SWING,0.1042,-31.400,632.800,-31.400,0.3214,0.0000,-3.1640,0.0000,0,
33.2017,174.7500,BASELINE_COLLECTION,SWING,0.1250,-25.200,606.800,-25.200,0.3827,0.0000,-3.0340,0.0000,0,
33.2137,174.7600,BASELINE_COLLECTION,SWING,0.1458,-19.500,561.200,-19.500,0.4423,0.0000,-2.8060,0.0000,0,
33.2218,174.7700,BASELINE_COLLECTION,SWING,0.1667,-14.200,510.900,-14.200,0.5000,0.0000,-2.5545,0.0000,0,
33.2338,174.7800,BASELINE_COLLECTION,SWING,0.1875,-9.600,438.300,-9.600,0.5556,0.0000,-2.1915,0.0000,0,
33.2418,174.7900,BASELINE_COLLECTION,SWING,0.2083,-5.800,345.100,-5.800,0.6088,0.0000,-1.7255,0.0000,0,
33.2535,174.8000,BASELINE_COLLECTION,SWING,0.2292,-3.300,217.000,-3.300,0.6593,0.0000,-1.0850,0.0000,0,
33.2616,174.8100,BASELINE_COLLECTION,SWING,0.2500,-1.800,117.700,-1.800,0.7071,0.0000,-0.5885,0.0000,0,
33.2736,174.8200,BASELINE_COLLECTION,SWING,0.2708,-1.200,40.500,-1.200,0.7518,0.0000,-0.2025,0.0000,0,
33.2818,174.8300,BASELINE_COLLECTION,SWING,0.2917,-1.100,-8.600,-1.100,0.7934,0.0000,0.0430,0.0954,0,
33.2937,174.8400,BASELINE_COLLECTION,SWING,0.3125,-1.300,-14.500,-1.300,0.8315,0.0000,0.0725,0.1293,0,
33.3017,174.8500,BASELINE_COLLECTION,SWING,0.3333,-1.400,-5.800,-1.400,0.8660,0.0000,0.0290,0.0793,0,
33.3138,174.8600,BASELINE_COLLECTION,SWING,0.3542,-1.400,-5.200,-1.400,0.8969,0.0000,0.0260,0.0759,0,
33.3216,174.8700,BASELINE_COLLECTION,SWING,0.3750,-1.500,-16.800,-1.500,0.9239,0.0000,0.0840,0.1425,0,
33.3337,174.8800,BASELINE_COLLECTION,SWING,0.3958,-1.800,-28.200,-1.800,0.9469,0.0000,0.1410,0.2080,0,
33.3417,174.8900,BASELINE_COLLECTION,SWING,0.4167,-2.200,-48.000,-2.200,0.9659,0.0000,0.2400,0.3000,1,
33.3536,174.9000,BASELINE_COLLECTION,SWING,0.4375,-2.900,-78.100,-2.900,0.9808,0.0000,0.3905,0.3000,1,
33.3616,174.9100,BASELINE_COLLECTION,SWING,0.4583,-3.900,-117.100,-3.900,0.9914,0.0000,0.5855,0.3000,1,
33.3737,174.9200,BASELINE_COLLECTION,SWING,0.4792,-5.400,-152.800,-5.400,0.9979,0.0000,0.7640,0.3000,1,
33.3817,174.9300,BASELINE_COLLECTION,SWING,0.5000,-7.000,-166.700,-7.000,1.0000,0.0000,0.8335,0.3000,1,
33.3937,174.9400,BASELINE_COLLECTION,SWING,0.5208,-8.600,-158.500,-8.600,0.9979,0.0000,0.7925,0.3000,1,
33.4018,174.9500,BASELINE_COLLECTION,SWING,0.5417,-10.200,-149.300,-10.200,0.9914,0.0000,0.7465,0.3000,1,
33.4137,174.9600,BASELINE_COLLECTION,SWING,0.5625,-11.500,-132.300,-11.500,0.9808,0.0000,0.6615,0.3000,1,
33.4217,174.9700,BASELINE_COLLECTION,SWING,0.5833,-12.700,-111.000,-12.700,0.9659,0.0000,0.5550,0.3000,1,
33.4337,174.9800,BASELINE_COLLECTION,SWING,0.6042,-13.700,-90.900,-13.700,0.9469,0.0000,0.4545,0.3000,1,
33.4418,174.9900,BASELINE_COLLECTION,SWING,0.6250,-14.500,-78.600,-14.500,0.9239,0.0000,0.3930,0.3000,1,
33.4537,175.0000,BASELINE_COLLECTION,SWING,0.6458,-14.900,-79.100,-14.900,0.8969,0.0000,0.3955,0.3000,1,
33.4657,175.0100,BASELINE_COLLECTION,SWING,0.6667,-16.200,-96.100,-16.200,0.8660,0.0000,0.4805,0.3000,1,
33.4736,175.0300,BASELINE_COLLECTION,SWING,0.7083,-18.700,-143.800,-18.700,0.7934,0.0000,0.7190,0.3000,1,
33.4857,175.0400,BASELINE_COLLECTION,SWING,0.7292,-20.300,-167.900,-20.300,0.7518,0.0000,0.8395,0.3000,1,
33.4937,175.0500,BASELINE_COLLECTION,SWING,0.7500,-22.100,-187.700,-22.100,0.7071,0.0000,0.9385,0.3000,1,
33.5057,175.0600,BASELINE_COLLECTION,SWING,0.7708,-24.100,-198.000,-24.100,0.6593,0.0000,0.9900,0.3000,1,
33.5137,175.0700,BASELINE_COLLECTION,SWING,0.7917,-26.000,-197.400,-26.000,0.6088,0.0000,0.9870,0.3000,1,
33.5257,175.0800,BASELINE_COLLECTION,SWING,0.8125,-27.900,-184.000,-27.900,0.5556,0.0000,0.9200,0.3000,1,
33.5337,175.0900,BASELINE_COLLECTION,SWING,0.8333,-29.600,-162.400,-29.600,0.5000,0.0000,0.8120,0.3000,1,
33.5457,175.1000,BASELINE_COLLECTION,SWING,0.8542,-31.100,-135.600,-31.100,0.4423,0.0000,0.6780,0.3000,1,
33.5537,175.1100,BASELINE_COLLECTION,SWING,0.8750,-32.200,-104.300,-32.200,0.3827,0.0000,0.5215,0.3000,1,
33.5655,175.1200,BASELINE_COLLECTION,SWING,0.8958,-33.000,-68.400,-33.000,0.3214,0.0000,0.3420,0.3000,1,
33.5736,175.1300,BASELINE_COLLECTION,SWING,0.9167,-33.500,-35.000,-33.500,0.2588,0.0000,0.1750,0.2471,0,
33.5859,175.1400,BASELINE_COLLECTION,SWING,0.9375,-33.700,-13.600,-33.700,0.1951,0.0000,0.0680,0.1241,0,
33.5937,175.1500,BASELINE_COLLECTION,SWING,0.9583,-33.700,-3.500,-33.700,0.1305,0.0000,0.0175,0.0661,0,
33.6057,175.1600,BASELINE_COLLECTION,SWING,0.9792,-33.700,-5.000,-33.700,0.0654,0.0000,0.0250,0.0747,0,
33.6137,175.1700,BASELINE_COLLECTION,SWING,1.0000,-33.900,-18.600,-33.900,0.0000,0.0000,0.0930,0.1529,0,
33.6257,175.1800,BASELINE_COLLECTION,STANCE,0.0139,-34.200,-43.800,-34.200,0.0000,0.0000,0.2190,0.2977,0,
33.6335,175.1900,BASELINE_COLLECTION,STANCE,0.0278,-34.900,-71.100,-34.900,0.0000,0.0000,0.3555,0.3000,1,
33.6456,175.2000,BASELINE_COLLECTION,STANCE,0.0417,-35.700,-88.400,-35.700,0.0000,0.0000,0.4420,0.3000,1,
33.6537,175.2100,BASELINE_COLLECTION,STANCE,0.0556,-36.700,-96.500,-36.700,0.0000,0.0000,0.4825,0.3000,1,
33.6657,175.2200,BASELINE_COLLECTION,STANCE,0.0694,-37.700,-103.700,-37.700,0.0000,0.0000,0.5185,0.3000,1,
33.6737,175.2300,BASELINE_COLLECTION,STANCE,0.0833,-38.700,-109.500,-38.700,0.0000,0.0000,0.5475,0.3000,1,
33.6896,175.2400,BASELINE_COLLECTION,STANCE,0.0972,-39.900,-116.100,-39.900,0.0000,0.0000,0.5805,0.3000,1,
33.6977,175.2500,BASELINE_COLLECTION,STANCE,0.1111,-41.100,-120.800,-41.100,0.0000,0.0000,0.6040,0.3000,1,
33.7097,175.2600,BASELINE_COLLECTION,STANCE,0.1250,-42.300,-124.900,-42.300,0.0000,0.0000,0.6245,0.3000,1,
33.7177,175.2700,BASELINE_COLLECTION,STANCE,0.1389,-43.600,-126.700,-43.600,0.0000,0.0000,0.6335,0.3000,1,
33.7297,175.2800,BASELINE_COLLECTION,STANCE,0.1528,-44.700,-124.800,-44.700,0.0000,0.0000,0.6240,0.3000,1,
33.7376,175.2900,BASELINE_COLLECTION,STANCE,0.1667,-46.100,-120.700,-46.100,0.0000,0.0000,0.6035,0.3000,1,
33.7497,175.3000,BASELINE_COLLECTION,STANCE,0.1806,-47.200,-114.000,-47.200,0.0000,0.0000,0.5700,0.3000,1,
33.7577,175.3100,BASELINE_COLLECTION,STANCE,0.1944,-48.300,-107.600,-48.300,0.0000,0.0000,0.5380,0.3000,1,
33.7697,175.3200,BASELINE_COLLECTION,STANCE,0.2083,-49.300,-99.300,-49.300,0.0000,0.0000,0.4965,0.3000,1,
33.7777,175.3300,BASELINE_COLLECTION,STANCE,0.2222,-50.300,-87.700,-50.300,0.0000,0.0000,0.4385,0.3000,1,
33.7896,175.3400,BASELINE_COLLECTION,STANCE,0.2361,-51.000,-75.300,-51.000,0.0000,0.0000,0.3765,0.3000,1,
33.7978,175.3500,BASELINE_COLLECTION,STANCE,0.2500,-51.700,-61.200,-51.700,0.0000,0.0000,0.3060,0.3000,1,
33.8097,175.3600,BASELINE_COLLECTION,STANCE,0.2639,-52.200,-47.900,-52.200,0.0000,0.0000,0.2395,0.3000,1,
33.8177,175.3700,BASELINE_COLLECTION,STANCE,0.2778,-52.600,-35.500,-52.600,0.0000,0.0000,0.1775,0.2500,0,
33.8297,175.3800,BASELINE_COLLECTION,STANCE,0.2917,-52.900,-28.300,-52.900,0.0000,0.0000,0.1415,0.2086,0,
33.8377,175.3900,BASELINE_COLLECTION,STANCE,0.3056,-53.100,-21.400,-53.100,0.0000,0.0000,0.1070,0.1690,0,
33.8497,175.4000,BASELINE_COLLECTION,STANCE,0.3194,-53.300,-19.200,-53.300,0.0000,0.0000,0.0960,0.1563,0,
33.8577,175.4100,BASELINE_COLLECTION,STANCE,0.3333,-53.500,-20.200,-53.500,0.0000,0.0000,0.1010,0.1621,0,
33.8697,175.4200,BASELINE_COLLECTION,STANCE,0.3472,-53.800,-25.200,-53.800,0.0000,0.0000,0.1260,0.1908,0,
33.8776,175.4300,BASELINE_COLLECTION,STANCE,0.3611,-54.100,-36.000,-54.100,0.0000,0.0000,0.1800,0.2529,0,
33.8897,175.4400,BASELINE_COLLECTION,STANCE,0.3750,-54.600,-52.900,-54.600,0.0000,0.0000,0.2645,0.3000,1,
33.8978,175.4500,BASELINE_COLLECTION,STANCE,0.3889,-55.200,-68.600,-55.200,0.0000,0.0000,0.3430,0.3000,1,
33.9137,175.4600,BASELINE_COLLECTION,STANCE,0.4028,-56.000,-88.000,-56.000,0.0000,0.0000,0.4400,0.3000,1,
33.9217,175.4700,BASELINE_COLLECTION,STANCE,0.4167,-57.000,-105.600,-57.000,0.0000,0.0000,0.5280,0.3000,1,
33.9337,175.4800,BASELINE_COLLECTION,STANCE,0.4306,-58.200,-124.500,-58.200,0.0000,0.0000,0.6225,0.3000,1,
33.9418,175.4900,BASELINE_COLLECTION,STANCE,0.4444,-59.600,-143.900,-59.600,0.0000,0.0000,0.7195,0.3000,1,
33.9538,175.5000,BASELINE_COLLECTION,STANCE,0.4583,-61.200,-161.700,-61.200,0.0000,0.0000,0.8085,0.3000,1,
33.9617,175.5100,BASELINE_COLLECTION,STANCE,0.4722,-62.900,-176.400,-62.900,0.0000,0.0000,0.8820,0.3000,1,
33.9737,175.5200,BASELINE_COLLECTION,STANCE,0.4861,-64.700,-189.700,-64.700,0.0000,0.0000,0.9485,0.3000,1,
33.9817,175.5300,BASELINE_COLLECTION,STANCE,0.5000,-66.700,-200.800,-66.700,0.0000,0.0000,1.0040,0.3000,1,
33.9938,175.5400,BASELINE_COLLECTION,STANCE,0.5139,-68.800,-210.700,-68.800,0.0000,0.0000,1.0535,0.3000,1,
34.0018,175.5500,BASELINE_COLLECTION,STANCE,0.5278,-71.000,-217.500,-71.000,0.0000,0.0000,1.0875,0.3000,1,
34.0137,175.5600,BASELINE_COLLECTION,STANCE,0.5417,-73.100,-219.500,-73.100,0.0000,0.0000,1.0975,0.3000,1,
34.0217,175.5700,BASELINE_COLLECTION,STANCE,0.5556,-75.400,-221.200,-75.400,0.0000,0.0000,1.1060,0.3000,1,
34.0337,175.5800,BASELINE_COLLECTION,STANCE,0.5694,-77.600,-225.300,-77.600,0.0000,0.0000,1.1265,0.3000,1,
34.0417,175.5900,BASELINE_COLLECTION,STANCE,0.5833,-79.900,-230.800,-79.900,0.0000,0.0000,1.1540,0.3000,1,
34.0538,175.6000,BASELINE_COLLECTION,STANCE,0.5972,-82.200,-236.100,-82.200,0.0000,0.0000,1.1805,0.3000,1,
34.0617,175.6100,BASELINE_COLLECTION,STANCE,0.6111,-84.600,-244.300,-84.600,0.0000,0.0000,1.2215,0.3000,1,
34.0737,175.6200,BASELINE_COLLECTION,STANCE,0.6250,-87.200,-257.000,-87.200,0.0000,0.0000,1.2850,0.3000,1,
34.0817,175.6300,BASELINE_COLLECTION,STANCE,0.6389,-89.900,-272.800,-89.900,0.0000,0.0000,1.3640,0.3000,1,
34.0937,175.6400,BASELINE_COLLECTION,STANCE,0.6528,-92.700,-287.200,-92.700,0.0000,0.0000,1.4360,0.3000,1,
34.1018,175.6500,BASELINE_COLLECTION,STANCE,0.6667,-95.700,-307.000,-95.700,0.0000,0.0000,1.5350,0.3000,1,
34.1137,175.6600,BASELINE_COLLECTION,STANCE,0.6806,-98.900,-329.000,-98.900,0.0000,0.0000,1.6450,0.3000,1,
34.1218,175.6700,BASELINE_COLLECTION,STANCE,0.6944,-102.300,-345.100,-102.300,0.0000,0.0000,1.7255,0.3000,1,
34.1337,175.6800,BASELINE_COLLECTION,STANCE,0.7083,-105.900,-367.600,-105.900,0.0000,0.0000,1.8380,0.3000,1,
34.1418,175.6900,BASELINE_COLLECTION,STANCE,0.7222,-109.800,-392.600,-109.800,0.0000,0.0000,1.9630,0.3000,1,
34.1537,175.7000,BASELINE_COLLECTION,STANCE,0.7361,-113.800,-413.800,-113.800,0.0000,0.0000,2.0690,0.3000,1,
34.1617,175.7100,BASELINE_COLLECTION,STANCE,0.7500,-118.100,-438.100,-118.100,0.0000,0.0000,2.1905,0.3000,1,
34.1738,175.7200,BASELINE_COLLECTION,STANCE,0.7639,-122.700,-457.800,-122.700,0.0000,0.0000,2.2890,0.3000,1,
34.1818,175.7300,BASELINE_COLLECTION,STANCE,0.7778,-127.300,-457.700,-127.300,0.0000,0.0000,2.2885,0.3000,1,
34.1937,175.7400,BASELINE_COLLECTION,STANCE,0.7917,-131.600,-426.700,-131.600,0.0000,0.0000,2.1335,0.3000,1,
34.2015,175.7500,BASELINE_COLLECTION,STANCE,0.8056,-135.700,-387.200,-135.700,0.0000,0.0000,1.9360,0.3000,1,
34.2137,175.7600,BASELINE_COLLECTION,STANCE,0.8194,-139.100,-327.600,-139.100,0.0000,0.0000,1.6380,0.3000,1,
34.2217,175.7700,BASELINE_COLLECTION,STANCE,0.8333,-142.000,-264.300,-142.000,0.0000,0.0000,1.3215,0.3000,1,
34.2336,175.7800,BASELINE_COLLECTION,STANCE,0.8472,-144.200,-198.300,-144.200,0.0000,0.0000,0.9915,0.3000,1,
34.2416,175.7900,BASELINE_COLLECTION,STANCE,0.8611,-145.700,-128.700,-145.700,0.0000,0.0000,0.6435,0.3000,1,
34.2537,175.8000,BASELINE_COLLECTION,STANCE,0.8750,-146.500,-57.900,-146.500,0.0000,0.0000,0.2895,0.3000,1,
34.2617,175.8100,BASELINE_COLLECTION,STANCE,0.8889,-146.600,8.500,-146.600,0.0000,0.0000,-0.0425,0.0000,0,
34.2737,175.8200,BASELINE_COLLECTION,STANCE,0.9028,-146.100,59.400,-146.100,0.0000,0.0000,-0.2970,0.0000,0,
34.2817,175.8300,BASELINE_COLLECTION,STANCE,0.9167,-145.200,108.900,-145.200,0.0000,0.0000,-0.5445,0.0000,0,
34.2937,175.8400,BASELINE_COLLECTION,STANCE,0.9306,-143.800,152.000,-143.800,0.0000,0.0000,-0.7600,0.0000,0,
34.3017,175.8500,BASELINE_COLLECTION,STANCE,0.9444,-142.100,178.800,-142.100,0.0000,0.0000,-0.8940,0.0000,0,
34.3138,175.8600,BASELINE_COLLECTION,STANCE,0.9583,-140.100,202.200,-140.100,0.0000,0.0000,-1.0110,0.0000,0,
34.3217,175.8700,BASELINE_COLLECTION,STANCE,0.9722,-137.900,227.100,-137.900,0.0000,0.0000,-1.1355,0.0000,0,
34.3336,175.8800,BASELINE_COLLECTION,STANCE,0.9861,-135.500,252.800,-135.500,0.0000,0.0000,-1.2640,0.0000,0,
34.3417,175.8900,BASELINE_COLLECTION,STANCE,1.0000,-132.800,276.600,-132.800,0.0000,0.0000,-1.3830,0.0000,0,
34.3537,175.9000,BASELINE_COLLECTION,SWING,0.0208,-129.900,297.200,-129.900,0.0654,0.0000,-1.4860,0.0000,0,
34.3617,175.9100,BASELINE_COLLECTION,SWING,0.0417,-126.700,324.100,-126.700,0.1305,0.0000,-1.6205,0.0000,0,
34.3737,175.9200,BASELINE_COLLECTION,SWING,0.0625,-123.300,350.000,-123.300,0.1951,0.0000,-1.7500,0.0000,0,
34.3818,175.9300,BASELINE_COLLECTION,SWING,0.0833,-119.700,368.400,-119.700,0.2588,0.0000,-1.8420,0.0000,0,
34.3937,175.9400,BASELINE_COLLECTION,SWING,0.1042,-115.800,388.600,-115.800,0.3214,0.0000,-1.9430,0.0000,0,
34.4017,175.9500,BASELINE_COLLECTION,SWING,0.1250,-111.800,409.200,-111.800,0.3827,0.0000,-2.0460,0.0000,0,
34.4137,175.9600,BASELINE_COLLECTION,SWING,0.1458,-107.500,437.200,-107.500,0.4423,0.0000,-2.1860,0.0000,0,
34.4218,175.9700,BASELINE_COLLECTION,SWING,0.1667,-103.000,456.300,-103.000,0.5000,0.0000,-2.2815,0.0000,0,
34.4336,175.9800,BASELINE_COLLECTION,SWING,0.1875,-98.300,479.300,-98.300,0.5556,0.0000,-2.3965,0.0000,0,
34.4417,175.9900,BASELINE_COLLECTION,SWING,0.2083,-93.400,496.100,-93.400,0.6088,0.0000,-2.4805,0.0000,0,
34.4537,176.0000,BASELINE_COLLECTION,SWING,0.2292,-91.500,503.500,-91.500,0.6593,0.0000,-2.5175,0.0000,0,
34.4617,176.0100,BASELINE_COLLECTION,SWING,0.2500,-83.400,536.900,-83.400,0.7071,0.0000,-2.6845,0.0000,0,
34.4737,176.0200,BASELINE_COLLECTION,SWING,0.2708,-77.400,550.100,-77.400,0.7518,0.0000,-2.7505,0.0000,0,
34.4817,176.0300,BASELINE_COLLECTION,SWING,0.2917,-71.800,570.800,-71.800,0.7934,0.0000,-2.8540,0.0000,0,
34.4937,176.0400,BASELINE_COLLECTION,SWING,0.3125,-66.000,587.700,-66.000,0.8315,0.0000,-2.9385,0.0000,0,
34.5017,176.0500,BASELINE_COLLECTION,SWING,0.3333,-60.000,607.000,-60.000,0.8660,0.0000,-3.0350,0.0000,0,
34.5136,176.0600,BASELINE_COLLECTION,SWING,0.3542,-53.800,620.900,-53.800,0.8969,0.0000,-3.1045,0.0000,0,
34.5217,176.0700,BASELINE_COLLECTION,SWING,0.3750,-47.400,638.200,-47.400,0.9239,0.0000,-3.1910,0.0000,0,
34.5336,176.0800,BASELINE_COLLECTION,SWING,0.3958,-41.100,635.800,-41.100,0.9469,0.0000,-3.1790,0.0000,0,
34.5417,176.0900,BASELINE_COLLECTION,SWING,0.4167,-34.700,637.500,-34.700,0.9659,0.0000,-3.1875,0.0000,0,
34.5577,176.1000,BASELINE_COLLECTION,SWING,0.4375,-28.400,625.900,-28.400,0.9808,0.0000,-3.1295,0.0000,0,
34.5655,176.1200,BASELINE_COLLECTION,SWING,0.4792,-16.300,582.300,-16.300,0.9979,0.0000,-2.9115,0.0000,0,
34.5777,176.1300,BASELINE_COLLECTION,SWING,0.5000,-10.800,538.000,-10.800,1.0000,0.0000,-2.6900,0.0000,0,
34.5858,176.1400,BASELINE_COLLECTION,SWING,0.5208,-5.900,451.000,-5.900,0.9979,0.0000,-2.2550,0.0000,0,
34.5977,176.1500,BASELINE_COLLECTION,SWING,0.5417,-2.400,318.200,-2.400,0.9914,0.0000,-1.5910,0.0000,0,
34.6057,176.1600,BASELINE_COLLECTION,SWING,0.5625,0.000,198.700,0.000,0.9808,0.0000,-0.9935,0.0000,0,
34.6177,176.1700,BASELINE_COLLECTION,SWING,0.5833,1.000,75.200,1.000,0.9659,0.0000,-0.3760,0.0000,0,
34.6257,176.1800,BASELINE_COLLECTION,SWING,0.6042,1.000,-22.400,1.000,0.9469,0.0000,0.1120,0.1747,0,
34.6377,176.1900,BASELINE_COLLECTION,SWING,0.6250,0.700,-26.500,0.700,0.9239,0.0000,0.1325,0.1983,0,
34.6457,176.2000,BASELINE_COLLECTION,SWING,0.6458,0.600,-15.900,0.600,0.8969,0.0000,0.0795,0.1374,0,
34.6577,176.2100,BASELINE_COLLECTION,SWING,0.6667,0.400,-20.500,0.400,0.8660,0.0000,0.1025,0.1638,0,
34.6655,176.2200,BASELINE_COLLECTION,SWING,0.6875,0.100,-37.500,0.100,0.8315,0.0000,0.1875,0.2615,0,
34.6777,176.2300,BASELINE_COLLECTION,SWING,0.7083,-0.400,-65.600,-0.400,0.7934,0.0000,0.3280,0.3000,1,
34.6856,176.2400,BASELINE_COLLECTION,SWING,0.7292,-1.300,-92.200,-1.300,0.7518,0.0000,0.4610,0.3000,1,
34.6978,176.2500,BASELINE_COLLECTION,SWING,0.7500,-2.300,-112.600,-2.300,0.7071,0.0000,0.5630,0.3000,1,
34.7057,176.2600,BASELINE_COLLECTION,SWING,0.7708,-3.700,-149.200,-3.700,0.6593,0.0000,0.7460,0.3000,1,
34.7177,176.2700,BASELINE_COLLECTION,SWING,0.7917,-5.500,-203.800,-5.500,0.6088,0.0000,1.0190,0.3000,1,
34.7257,176.2800,BASELINE_COLLECTION,SWING,0.8125,-7.800,-226.900,-7.800,0.5556,0.0000,1.1345,0.3000,1,
34.7377,176.2900,BASELINE_COLLECTION,SWING,0.8333,-10.000,-216.200,-10.000,0.5000,0.0000,1.0810,0.3000,1,
34.7456,176.3000,BASELINE_COLLECTION,SWING,0.8542,-12.100,-204.300,-12.100,0.4423,0.0000,1.0215,0.3000,1,
34.7577,176.3100,BASELINE_COLLECTION,SWING,0.8750,-14.000,-188.800,-14.000,0.3827,0.0000,0.9440,0.3000,1,
34.7656,176.3200,BASELINE_COLLECTION,SWING,0.8958,-15.700,-162.900,-15.700,0.3214,0.0000,0.8145,0.3000,1,
34.7777,176.3300,BASELINE_COLLECTION,SWING,0.9167,-17.100,-126.100,-17.100,0.2588,0.0000,0.6305,0.3000,1,
34.7857,176.3400,BASELINE_COLLECTION,SWING,0.9375,-18.100,-88.600,-18.100,0.1951,0.0000,0.4430,0.3000,1,
34.7977,176.3500,BASELINE_COLLECTION,SWING,0.9583,-18.800,-61.400,-18.800,0.1305,0.0000,0.3070,0.3000,1,
34.8057,176.3600,BASELINE_COLLECTION,SWING,0.9792,-19.300,-50.800,-19.300,0.0654,0.0000,0.2540,0.3000,1,
34.8178,176.3700,BASELINE_COLLECTION,STANCE,0.0000,-19.800,-50.700,-19.800,0.0000,0.0000,0.2535,0.3000,1,
34.8297,176.3800,BASELINE_COLLECTION,STANCE,0.0139,-20.400,-64.400,-20.400,0.0000,0.0000,0.3220,0.3000,1,
34.8376,176.3900,BASELINE_COLLECTION,STANCE,0.0278,-21.200,-84.500,-21.200,0.0000,0.0000,0.4225,0.3000,1,
34.8498,176.4000,BASELINE_COLLECTION,STANCE,0.0417,-22.200,-109.000,-22.200,0.0000,0.0000,0.5450,0.3000,1,
34.8618,176.4100,BASELINE_COLLECTION,STANCE,0.0556,-23.400,-130.200,-23.400,0.0000,0.0000,0.6510,0.3000,1,
34.8696,176.4200,BASELINE_COLLECTION,STANCE,0.0694,-24.900,-146.300,-24.900,0.0000,0.0000,0.7315,0.3000,1,
34.8817,176.4300,BASELINE_COLLECTION,STANCE,0.0833,-26.400,-154.000,-26.400,0.0000,0.0000,0.7700,0.3000,1,
34.8897,176.4400,BASELINE_COLLECTION,STANCE,0.0972,-27.900,-153.100,-27.900,0.0000,0.0000,0.7655,0.3000,1,
34.9018,176.4500,BASELINE_COLLECTION,STANCE,0.1111,-29.400,-141.000,-29.400,0.0000,0.0000,0.7050,0.3000,1,
34.9097,176.4600,BASELINE_COLLECTION,STANCE,0.1250,-30.700,-119.800,-30.700,0.0000,0.0000,0.5990,0.3000,1,
34.9217,176.4700,BASELINE_COLLECTION,STANCE,0.1389,-31.700,-93.900,-31.700,0.0000,0.0000,0.4695,0.3000,1,
34.9297,176.4800,BASELINE_COLLECTION,STANCE,0.1528,-32.400,-65.100,-32.400,0.0000,0.0000,0.3255,0.3000,1,
34.9417,176.4900,BASELINE_COLLECTION,STANCE,0.1667,-32.800,-31.200,-32.800,0.0000,0.0000,0.1560,0.2253,0,
34.9498,176.5000,BASELINE_COLLECTION,STANCE,0.1806,-32.900,-0.700,-32.900,0.0000,0.0000,0.0035,0.0500,0,
34.9618,176.5100,BASELINE_COLLECTION,STANCE,0.1944,-32.900,5.300,-32.900,0.0000,0.0000,-0.0265,0.0000,0,
34.9697,176.5200,BASELINE_COLLECTION,STANCE,0.2083,-32.900,-1.900,-32.900,0.0000,0.0000,0.0095,0.0569,0,
34.9817,176.5300,BASELINE_COLLECTION,STANCE,0.2222,-32.900,-2.600,-32.900,0.0000,0.0000,0.0130,0.0609,0,
34.9897,176.5400,BASELINE_COLLECTION,STANCE,0.2361,-33.000,-11.500,-33.000,0.0000,0.0000,0.0575,0.1121,0,
35.0017,176.5500,BASELINE_COLLECTION,STANCE,0.2500,-33.200,-26.500,-33.200,0.0000,0.0000,0.1325,0.1983,0,
35.0097,176.5600,BASELINE_COLLECTION,STANCE,0.2639,-33.600,-41.200,-33.600,0.0000,0.0000,0.2060,0.2828,0,
35.0218,176.5700,BASELINE_COLLECTION,STANCE,0.2778,-34.100,-58.200,-34.100,0.0000,0.0000,0.2910,0.3000,1,
35.0298,176.5800,BASELINE_COLLECTION,STANCE,0.2917,-34.800,-72.900,-34.800,0.0000,0.0000,0.3645,0.3000,1,
35.0417,176.5900,BASELINE_COLLECTION,STANCE,0.3056,-35.600,-78.200,-35.600,0.0000,0.0000,0.3910,0.3000,1,
35.0497,176.6000,BASELINE_COLLECTION,STANCE,0.3194,-36.400,-80.500,-36.400,0.0000,0.0000,0.4025,0.3000,1,
35.0618,176.6100,BASELINE_COLLECTION,STANCE,0.3333,-37.200,-81.400,-37.200,0.0000,0.0000,0.4070,0.3000,1,
35.0697,176.6200,BASELINE_COLLECTION,STANCE,0.3472,-38.000,-83.200,-38.000,0.0000,0.0000,0.4160,0.3000,1,
35.0817,176.6300,BASELINE_COLLECTION,STANCE,0.3611,-38.800,-84.400,-38.800,0.0000,0.0000,0.4220,0.3000,1,
35.0897,176.6400,BASELINE_COLLECTION,STANCE,0.3750,-39.700,-85.700,-39.700,0.0000,0.0000,0.4285,0.3000,1,
35.1018,176.6500,BASELINE_COLLECTION,STANCE,0.3889,-40.600,-87.300,-40.600,0.0000,0.0000,0.4365,0.3000,1,
35.1097,176.6600,BASELINE_COLLECTION,STANCE,0.4028,-41.400,-87.000,-41.400,0.0000,0.0000,0.4350,0.3000,1,
35.1217,176.6700,BASELINE_COLLECTION,STANCE,0.4167,-42.300,-86.900,-42.300,0.0000,0.0000,0.4345,0.3000,1,
35.1297,176.6800,BASELINE_COLLECTION,STANCE,0.4306,-43.200,-87.200,-43.200,0.0000,0.0000,0.4360,0.3000,1,
35.1417,176.6900,BASELINE_COLLECTION,STANCE,0.4444,-44.000,-81.900,-44.000,0.0000,0.0000,0.4095,0.3000,1,
35.1496,176.7000,BASELINE_COLLECTION,STANCE,0.4583,-44.800,-78.400,-44.800,0.0000,0.0000,0.3920,0.3000,1,
35.1618,176.7100,BASELINE_COLLECTION,STANCE,0.4722,-45.600,-74.200,-45.600,0.0000,0.0000,0.3710,0.3000,1,
35.1696,176.7200,BASELINE_COLLECTION,STANCE,0.4861,-46.200,-65.600,-46.200,0.0000,0.0000,0.3280,0.3000,1,
35.1817,176.7300,BASELINE_COLLECTION,STANCE,0.5000,-46.900,-59.200,-46.900,0.0000,0.0000,0.2960,0.3000,1,
35.1897,176.7400,BASELINE_COLLECTION,STANCE,0.5139,-47.400,-52.600,-47.400,0.0000,0.0000,0.2630,0.3000,1,
35.2015,176.7500,BASELINE_COLLECTION,STANCE,0.5278,-47.900,-48.600,-47.900,0.0000,0.0000,0.2430,0.3000,1,
35.2095,176.7600,BASELINE_COLLECTION,STANCE,0.5417,-48.400,-43.800,-48.400,0.0000,0.0000,0.2190,0.2977,0,
35.2216,176.7700,BASELINE_COLLECTION,STANCE,0.5556,-48.800,-39.000,-48.800,0.0000,0.0000,0.1950,0.2701,0,
35.2297,176.7800,BASELINE_COLLECTION,STANCE,0.5694,-49.100,-39.300,-49.100,0.0000,0.0000,0.1965,0.2718,0,
35.2457,176.7900,BASELINE_COLLECTION,STANCE,0.5833,-49.600,-41.100,-49.600,0.0000,0.0000,0.2055,0.2822,0,
35.2538,176.8100,BASELINE_COLLECTION,STANCE,0.6111,-50.400,-49.100,-50.400,0.0000,0.0000,0.2455,0.3000,1,
35.2657,176.8200,BASELINE_COLLECTION,STANCE,0.6250,-51.000,-55.600,-51.000,0.0000,0.0000,0.2780,0.3000,1,
35.2777,176.8300,BASELINE_COLLECTION,STANCE,0.6389,-51.600,-62.900,-51.600,0.0000,0.0000,0.3145,0.3000,1,
35.2856,176.8400,BASELINE_COLLECTION,STANCE,0.6528,-52.300,-72.300,-52.300,0.0000,0.0000,0.3615,0.3000,1,
35.2977,176.8500,BASELINE_COLLECTION,STANCE,0.6667,-53.100,-84.700,-53.100,0.0000,0.0000,0.4235,0.3000,1,
35.3057,176.8600,BASELINE_COLLECTION,STANCE,0.6806,-54.000,-98.800,-54.000,0.0000,0.0000,0.4940,0.3000,1,
35.3178,176.8700,BASELINE_COLLECTION,STANCE,0.6944,-55.100,-112.200,-55.100,0.0000,0.0000,0.5610,0.3000,1,
35.3257,176.8800,BASELINE_COLLECTION,STANCE,0.7083,-56.300,-128.300,-56.300,0.0000,0.0000,0.6415,0.3000,1,
35.3378,176.8900,BASELINE_COLLECTION,STANCE,0.7222,-57.700,-142.800,-57.700,0.0000,0.0000,0.7140,0.3000,1,
35.3456,176.9000,BASELINE_COLLECTION,STANCE,0.7361,-59.200,-155.300,-59.200,0.0000,0.0000,0.7765,0.3000,1,
35.3577,176.9100,BASELINE_COLLECTION,STANCE,0.7500,-60.900,-168.900,-60.900,0.0000,0.0000,0.8445,0.3000,1,
35.3657,176.9200,BASELINE_COLLECTION,STANCE,0.7639,-62.600,-177.600,-62.600,0.0000,0.0000,0.8880,0.3000,1,
35.3777,176.9300,BASELINE_COLLECTION,STANCE,0.7778,-64.500,-184.000,-64.500,0.0000,0.0000,0.9200,0.3000,1,
35.3857,176.9400,BASELINE_COLLECTION,STANCE,0.7917,-66.400,-190.700,-66.400,0.0000,0.0000,0.9535,0.3000,1,
35.3978,176.9500,BASELINE_COLLECTION,STANCE,0.8056,-68.300,-199.500,-68.300,0.0000,0.0000,0.9975,0.3000,1,
35.4057,176.9600,BASELINE_COLLECTION,STANCE,0.8194,-70.200,-208.800,-70.200,0.0000,0.0000,1.0440,0.3000,1,
35.4177,176.9700,BASELINE_COLLECTION,STANCE,0.8333,-72.500,-216.200,-72.500,0.0000,0.0000,1.0810,0.3000,1,
35.4256,176.9800,BASELINE_COLLECTION,STANCE,0.8472,-74.700,-220.700,-74.700,0.0000,0.0000,1.1035,0.3000,1,
35.4377,176.9900,BASELINE_COLLECTION,STANCE,0.8611,-77.000,-225.200,-77.000,0.0000,0.0000,1.1260,0.3000,1,
35.4457,177.0000,BASELINE_COLLECTION,STANCE,0.8750,-78.200,-227.900,-78.200,0.0000,0.0000,1.1395,0.3000,1,
35.4577,177.0100,BASELINE_COLLECTION,STANCE,0.8889,-81.600,-235.900,-81.600,0.0000,0.0000,1.1795,0.3000,1,
35.4656,177.0200,BASELINE_COLLECTION,STANCE,0.9028,-84.000,-244.200,-84.000,0.0000,0.0000,1.2210,0.3000,1,
35.4777,177.0300,BASELINE_COLLECTION,STANCE,0.9167,-86.500,-258.100,-86.500,0.0000,0.0000,1.2905,0.3000,1,
35.4857,177.0400,BASELINE_COLLECTION,STANCE,0.9306,-89.300,-276.900,-89.300,0.0000,0.0000,1.3845,0.3000,1,
35.4978,177.0500,BASELINE_COLLECTION,STANCE,0.9444,-92.100,-292.700,-92.100,0.0000,0.0000,1.4635,0.3000,1,
35.5057,177.0600,BASELINE_COLLECTION,STANCE,0.9583,-95.200,-309.400,-95.200,0.0000,0.0000,1.5470,0.3000,1,
35.5177,177.0700,BASELINE_COLLECTION,STANCE,0.9722,-98.400,-332.600,-98.400,0.0000,0.0000,1.6630,0.3000,1,
35.5257,177.0800,BASELINE_COLLECTION,STANCE,0.9861,-101.900,-352.400,-101.900,0.0000,0.0000,1.7620,0.3000,1,
35.5377,177.0900,BASELINE_COLLECTION,SWING,0.0000,-105.600,-377.500,-105.600,0.0000,0.0000,1.8875,0.3000,1,
35.5457,177.1000,BASELINE_COLLECTION,SWING,0.0208,-109.600,-402.500,-109.600,0.0654,0.0000,2.0125,0.3000,1,
35.5577,177.1100,BASELINE_COLLECTION,SWING,0.0417,-113.700,-419.700,-113.700,0.1305,0.0000,2.0985,0.3000,1,
35.5657,177.1200,BASELINE_COLLECTION,SWING,0.0625,-118.000,-438.200,-118.000,0.1951,0.0000,2.1910,0.3000,1,
35.5777,177.1300,BASELINE_COLLECTION,SWING,0.0833,-122.500,-447.900,-122.500,0.2588,0.0000,2.2395,0.3000,1,
35.5857,177.1400,BASELINE_COLLECTION,SWING,0.1042,-127.000,-442.000,-127.000,0.3214,0.0000,2.2100,0.3000,1,
35.5977,177.1500,BASELINE_COLLECTION,SWING,0.1250,-131.100,-406.300,-131.100,0.3827,0.0000,2.0315,0.3000,1,
35.6057,177.1600,BASELINE_COLLECTION,SWING,0.1458,-134.900,-362.700,-134.900,0.4423,0.0000,1.8135,0.3000,1,
35.6177,177.1700,BASELINE_COLLECTION,SWING,0.1667,-138.100,-302.600,-138.100,0.5000,0.0000,1.5130,0.3000,1,
35.6256,177.1800,BASELINE_COLLECTION,SWING,0.1875,-140.700,-237.700,-140.700,0.5556,0.0000,1.1885,0.3000,1,
35.6377,177.1900,BASELINE_COLLECTION,SWING,0.2083,-142.600,-171.600,-142.600,0.6088,0.0000,0.8580,0.3000,1,
35.6455,177.2000,BASELINE_COLLECTION,SWING,0.2292,-143.900,-101.100,-143.900,0.6593,0.0000,0.5055,0.3000,1,
35.6577,177.2100,BASELINE_COLLECTION,SWING,0.2500,-144.400,-27.700,-144.400,0.7071,0.0000,0.1385,0.2052,0,
35.6656,177.2200,BASELINE_COLLECTION,SWING,0.2708,-144.200,31.300,-144.200,0.7518,0.0000,-0.1565,0.0000,0,
35.6777,177.2300,BASELINE_COLLECTION,SWING,0.2917,-143.600,78.400,-143.600,0.7934,0.0000,-0.3920,0.0000,0,
35.6857,177.2400,BASELINE_COLLECTION,SWING,0.3125,-142.500,122.600,-142.500,0.8315,0.0000,-0.6130,0.0000,0,
35.6977,177.2500,BASELINE_COLLECTION,SWING,0.3333,-141.000,151.600,-141.000,0.8660,0.0000,-0.7580,0.0000,0,
35.7057,177.2600,BASELINE_COLLECTION,SWING,0.3542,-139.300,176.000,-139.300,0.8969,0.0000,-0.8800,0.0000,0,
35.7177,177.2700,BASELINE_COLLECTION,SWING,0.3750,-137.400,200.900,-137.400,0.9239,0.0000,-1.0045,0.0000,0,
35.7257,177.2800,BASELINE_COLLECTION,SWING,0.3958,-135.200,227.400,-135.200,0.9469,0.0000,-1.1370,0.0000,0,
35.7377,177.2900,BASELINE_COLLECTION,SWING,0.4167,-132.800,251.700,-132.800,0.9659,0.0000,-1.2585,0.0000,0,
35.7457,177.3000,BASELINE_COLLECTION,SWING,0.4375,-130.100,271.500,-130.100,0.9808,0.0000,-1.3575,0.0000,0,
35.7577,177.3100,BASELINE_COLLECTION,SWING,0.4583,-127.200,297.400,-127.200,0.9914,0.0000,-1.4870,0.0000,0,
35.7657,177.3200,BASELINE_COLLECTION,SWING,0.4792,-124.100,324.100,-124.100,0.9979,0.0000,-1.6205,0.0000,0,
35.7778,177.3300,BASELINE_COLLECTION,SWING,0.5000,-120.700,342.400,-120.700,1.0000,0.0000,-1.7120,0.0000,0,
35.7857,177.3400,BASELINE_COLLECTION,SWING,0.5208,-117.100,362.100,-117.100,0.9979,0.0000,-1.8105,0.0000,0,
35.7976,177.3500,BASELINE_COLLECTION,SWING,0.5417,-113.400,383.000,-113.400,0.9914,0.0000,-1.9150,0.0000,0,
35.8057,177.3600,BASELINE_COLLECTION,SWING,0.5625,-109.400,405.900,-109.400,0.9808,0.0000,-2.0295,0.0000,0,
35.8176,177.3700,BASELINE_COLLECTION,SWING,0.5833,-105.100,430.000,-105.100,0.9659,0.0000,-2.1500,0.0000,0,
35.8255,177.3800,BASELINE_COLLECTION,SWING,0.6042,-100.700,449.300,-100.700,0.9469,0.0000,-2.2465,0.0000,0,
35.8377,177.3900,BASELINE_COLLECTION,SWING,0.6250,-96.100,472.900,-96.100,0.9239,0.0000,-2.3645,0.0000,0,
35.8455,177.4000,BASELINE_COLLECTION,SWING,0.6458,-91.200,489.300,-91.200,0.8969,0.0000,-2.4465,0.0000,0,
35.8577,177.4100,BASELINE_COLLECTION,SWING,0.6667,-86.100,513.500,-86.100,0.8660,0.0000,-2.5675,0.0000,0,
35.8657,177.4200,BASELINE_COLLECTION,SWING,0.6875,-80.900,524.100,-80.900,0.8315,0.0000,-2.6205,0.0000,0,
35.8777,177.4300,BASELINE_COLLECTION,SWING,0.7083,-75.600,539.700,-75.600,0.7934,0.0000,-2.6985,0.0000,0,
35.8857,177.4400,BASELINE_COLLECTION,SWING,0.7292,-70.000,561.600,-70.000,0.7518,0.0000,-2.8080,0.0000,0,
35.8977,177.4500,BASELINE_COLLECTION,SWING,0.7500,-64.400,571.300,-64.400,0.7071,0.0000,-2.8565,0.0000,0,
35.9056,177.4600,BASELINE_COLLECTION,SWING,0.7708,-58.600,574.400,-58.600,0.6593,0.0000,-2.8720,0.0000,0,
35.9177,177.4700,BASELINE_COLLECTION,SWING,0.7917,-52.900,566.400,-52.900,0.6088,0.0000,-2.8320,0.0000,0,
35.9257,177.4800,BASELINE_COLLECTION,SWING,0.8125,-47.300,552.000,-47.300,0.5556,0.0000,-2.7600,0.0000,0,
35.9377,177.4900,BASELINE_COLLECTION,SWING,0.8333,-42.000,522.300,-42.000,0.5000,0.0000,-2.6115,0.0000,0,
35.9455,177.5000,BASELINE_COLLECTION,SWING,0.8542,-37.100,480.700,-37.100,0.4423,0.0000,-2.4035,0.0000,0,
35.9577,177.5100,BASELINE_COLLECTION,SWING,0.8750,-32.600,427.200,-32.600,0.3827,0.0000,-2.1360,0.0000,0,
35.9655,177.5200,BASELINE_COLLECTION,SWING,0.8958,-28.800,356.000,-28.800,0.3214,0.0000,-1.7800,0.0000,0,
35.9777,177.5300,BASELINE_COLLECTION,SWING,0.9167,-25.700,289.300,-25.700,0.2588,0.0000,-1.4465,0.0000,0,
35.9857,177.5400,BASELINE_COLLECTION,SWING,0.9375,-23.300,218.600,-23.300,0.1951,0.0000,-1.0930,0.0000,0,
35.9977,177.5500,BASELINE_COLLECTION,SWING,0.9583,-21.600,146.600,-21.600,0.1305,0.0000,-0.7330,0.0000,0,
36.0057,177.5600,BASELINE_COLLECTION,SWING,0.9792,-20.600,85.500,-20.600,0.0654,0.0000,-0.4275,0.0000,0,
36.0177,177.5700,BASELINE_COLLECTION,STANCE,0.0000,-20.100,32.900,-20.100,0.0000,0.0000,-0.1645,0.0000,0,
36.0255,177.5800,MODEL_BUILDING,STANCE,0.0139,-20.100,-4.200,-20.100,0.0000,0.0000,0.0210,0.0701,0,
36.0377,177.5900,MODEL_BUILDING,STANCE,0.0278,-20.200,-9.500,-20.200,0.0000,0.0000,0.0475,0.1006,0,
36.0456,177.6000,MODEL_BUILDING,STANCE,0.0417,-20.300,-7.600,-20.300,0.0000,0.0000,0.0380,0.0897,0,
36.0585,177.6100,MODEL_BUILDING,STANCE,0.0556,-20.300,-7.500,-20.300,0.0000,0.0000,0.0375,0.0891,0,
36.0695,177.6200,MODEL_BUILDING,STANCE,0.0694,-20.400,-5.400,-20.400,0.0000,0.0000,0.0270,0.0770,0,
36.0813,177.6300,MODEL_BUILDING,STANCE,0.0833,-20.400,-1.700,-20.400,0.0000,0.0000,0.0085,0.0557,0,
36.0893,177.6400,MODEL_BUILDING,STANCE,0.0972,-20.400,-1.600,-20.400,0.0000,0.0000,0.0080,0.0552,0,
36.0973,177.6500,MODEL_BUILDING,STANCE,0.1111,-20.500,-5.700,-20.500,0.0000,0.0000,0.0285,0.0787,0,
36.1093,177.6600,MODEL_BUILDING,STANCE,0.1250,-20.600,-14.400,-20.600,0.0000,0.0000,0.0720,0.1287,0,
36.1173,177.6700,MODEL_BUILDING,STANCE,0.1389,-20.800,-25.700,-20.800,0.0000,0.0000,0.1285,0.1937,0,
36.1293,177.6800,MODEL_BUILDING,STANCE,0.1528,-21.200,-38.900,-21.200,0.0000,0.0000,0.1945,0.2695,0,
36.1373,177.6900,MODEL_BUILDING,STANCE,0.1667,-21.600,-52.800,-21.600,0.0000,0.0000,0.2640,0.3000,1,
36.1493,177.7000,MODEL_BUILDING,STANCE,0.1806,-22.300,-63.900,-22.300,0.0000,0.0000,0.3195,0.3000,1,
36.1573,177.7100,MODEL_BUILDING,STANCE,0.1944,-22.900,-69.500,-22.900,0.0000,0.0000,0.3475,0.3000,1,
36.1693,177.7200,MODEL_BUILDING,STANCE,0.2083,-23.700,-76.400,-23.700,0.0000,0.0000,0.3820,0.3000,1,
36.1773,177.7300,MODEL_BUILDING,STANCE,0.2222,-24.500,-83.100,-24.500,0.0000,0.0000,0.4155,0.3000,1,
36.1895,177.7400,MODEL_BUILDING,STANCE,0.2361,-25.300,-79.000,-25.300,0.0000,0.0000,0.3950,0.3000,1,
36.1973,177.7500,MODEL_BUILDING,STANCE,0.2500,-26.000,-65.600,-26.000,0.0000,0.0000,0.3280,0.3000,1,
36.2093,177.7600,MODEL_BUILDING,STANCE,0.2639,-26.500,-44.400,-26.500,0.0000,0.0000,0.2220,0.3000,1,
36.2173,177.7700,MODEL_BUILDING,STANCE,0.2778,-26.800,-15.100,-26.800,0.0000,0.0000,0.0755,0.1328,0,
36.2293,177.7800,MODEL_BUILDING,STANCE,0.2917,-26.700,10.500,-26.700,0.0000,0.0000,-0.0525,0.0000,0,
36.2373,177.7900,MODEL_BUILDING,STANCE,0.3056,-26.600,5.400,-26.600,0.0000,0.0000,-0.0270,0.0000,0,
36.2493,177.8000,MODEL_BUILDING,STANCE,0.3194,-26.700,-5.100,-26.700,0.0000,0.0000,0.0255,0.0753,0,
36.2573,177.8100,MODEL_BUILDING,STANCE,0.3333,-26.700,-6.700,-26.700,0.0000,0.0000,0.0335,0.0845,0,
36.2733,177.8200,MODEL_BUILDING,STANCE,0.3472,-26.800,-9.800,-26.800,0.0000,0.0000,0.0490,0.1023,0,
36.2813,177.8300,MODEL_BUILDING,STANCE,0.3611,-27.000,-15.100,-27.000,0.0000,0.0000,0.0755,0.1328,0,
36.2933,177.8400,MODEL_BUILDING,STANCE,0.3750,-27.100,-18.100,-27.100,0.0000,0.0000,0.0905,0.1500,0,
36.3053,177.8500,MODEL_BUILDING,STANCE,0.3889,-27.300,-19.300,-27.300,0.0000,0.0000,0.0965,0.1569,0,
36.3173,177.8700,MODEL_BUILDING,STANCE,0.4167,-27.700,-20.900,-27.700,0.0000,0.0000,0.1045,0.1661,0,
36.3293,177.8800,MODEL_BUILDING,STANCE,0.4306,-28.000,-21.700,-28.000,0.0000,0.0000,0.1085,0.1707,0,
36.3413,177.8900,MODEL_BUILDING,STANCE,0.4444,-28.100,-16.700,-28.100,0.0000,0.0000,0.0835,0.1420,0,
36.3534,177.9000,MODEL_BUILDING,STANCE,0.4583,-28.300,-8.600,-28.300,0.0000,0.0000,0.0430,0.0954,0,
36.3653,177.9100,MODEL_BUILDING,STANCE,0.4722,-28.300,1.000,-28.300,0.0000,0.0000,-0.0050,0.0000,0,
36.3773,177.9300,MODEL_BUILDING,STANCE,0.5000,-28.300,0.000,-28.300,0.0000,0.0000,0.0000,0.0000,0,
36.3893,177.9400,MODEL_BUILDING,STANCE,0.5139,-28.300,-1.200,-28.300,0.0000,0.0000,0.0060,0.0529,0,
36.4013,177.9500,MODEL_BUILDING,STANCE,0.5278,-28.300,0.000,-28.300,0.0000,0.0000,0.0000,0.0000,0,
36.4133,177.9600,MODEL_BUILDING,STANCE,0.5417,-28.300,0.000,-28.300,0.0000,0.0000,0.0000,0.0000,0,
36.4253,177.9700,MODEL_BUILDING,STANCE,0.5556,-28.300,0.000,-28.300,0.0000,0.0000,0.0000,0.0000,0,
36.4373,177.9900,MODEL_BUILDING,STANCE,0.5833,-28.400,-12.400,-28.400,0.0000,0.0000,0.0620,0.1172,0,
36.4493,178.0000,MODEL_BUILDING,STANCE,0.5972,-28.500,-16.500,-28.500,0.0000,0.0000,0.0825,0.1408,0,
36.4613,178.0100,MODEL_BUILDING,STANCE,0.6111,-28.900,-36.200,-28.900,0.0000,0.0000,0.1810,0.2540,0,
36.4733,178.0200,MODEL_BUILDING,STANCE,0.6250,-29.300,-44.800,-29.300,0.0000,0.0000,0.2240,0.3000,1,
36.4853,178.0300,MODEL_BUILDING,STANCE,0.6389,-29.900,-53.400,-29.900,0.0000,0.0000,0.2670,0.3000,1,
36.4973,178.0500,MODEL_BUILDING,STANCE,0.6667,-30.900,-51.200,-30.900,0.0000,0.0000,0.2560,0.3000,1,
36.5094,178.0600,MODEL_BUILDING,STANCE,0.6806,-31.400,-51.300,-31.400,0.0000,0.0000,0.2565,0.3000,1,
36.5213,178.0700,MODEL_BUILDING,STANCE,0.6944,-31.900,-52.500,-31.900,0.0000,0.0000,0.2625,0.3000,1,
36.5335,178.0800,MODEL_BUILDING,STANCE,0.7083,-32.500,-54.100,-32.500,0.0000,0.0000,0.2705,0.3000,1,
36.5453,178.0900,MODEL_BUILDING,STANCE,0.7222,-33.000,-51.000,-33.000,0.0000,0.0000,0.2550,0.3000,1,
36.5573,178.1100,MODEL_BUILDING,STANCE,0.7500,-34.000,-47.600,-34.000,0.0000,0.0000,0.2380,0.3000,1,
36.5693,178.1200,MODEL_BUILDING,STANCE,0.7639,-34.500,-49.800,-34.500,0.0000,0.0000,0.2490,0.3000,1,
36.5813,178.1300,MODEL_BUILDING,STANCE,0.7778,-35.000,-51.800,-35.000,0.0000,0.0000,0.2590,0.3000,1,
36.5933,178.1400,MODEL_BUILDING,STANCE,0.7917,-35.500,-49.800,-35.500,0.0000,0.0000,0.2490,0.3000,1,
36.6053,178.1500,MODEL_BUILDING,STANCE,0.8056,-36.000,-49.300,-36.000,0.0000,0.0000,0.2465,0.3000,1,
36.6173,178.1700,MODEL_BUILDING,STANCE,0.8333,-37.000,-49.300,-37.000,0.0000,0.0000,0.2465,0.3000,1,
36.6293,178.1800,MODEL_BUILDING,STANCE,0.8472,-37.500,-53.400,-37.500,0.0000,0.0000,0.2670,0.3000,1,
36.6413,178.1900,MODEL_BUILDING,STANCE,0.8611,-38.000,-52.400,-38.000,0.0000,0.0000,0.2620,0.3000,1,
36.6533,178.2000,MODEL_BUILDING,STANCE,0.8750,-38.500,-50.600,-38.500,0.0000,0.0000,0.2530,0.3000,1,
36.6653,178.2100,MODEL_BUILDING,STANCE,0.8889,-39.000,-52.900,-39.000,0.0000,0.0000,0.2645,0.3000,1,
36.6773,178.2300,MODEL_BUILDING,STANCE,0.9167,-40.100,-57.400,-40.100,0.0000,0.0000,0.2870,0.3000,1,
36.6893,178.2400,MODEL_BUILDING,STANCE,0.9306,-40.700,-57.600,-40.700,0.0000,0.0000,0.2880,0.3000,1,
36.7013,178.2500,MODEL_BUILDING,STANCE,0.9444,-41.300,-58.300,-41.300,0.0000,0.0000,0.2915,0.3000,1,
36.7133,178.2600,MODEL_BUILDING,STANCE,0.9583,-41.900,-62.500,-41.900,0.0000,0.0000,0.3125,0.3000,1,
36.7253,178.2700,MODEL_BUILDING,STANCE,0.9722,-42.600,-68.400,-42.600,0.0000,0.0000,0.3420,0.3000,1,
36.7373,178.2900,MODEL_BUILDING,STANCE,1.0000,-44.000,-75.400,-44.000,0.0000,0.0000,0.3770,0.3000,1,
36.7493,178.3000,MODEL_BUILDING,SWING,0.0208,-44.800,-79.900,-44.800,0.0654,0.0000,0.3995,0.3000,1,
36.7613,178.3100,MODEL_BUILDING,SWING,0.0417,-45.700,-85.500,-45.700,0.1305,0.0000,0.4275,0.3000,1,
36.7734,178.3200,MODEL_BUILDING,SWING,0.0625,-46.500,-88.500,-46.500,0.1951,0.0000,0.4425,0.3000,1,
36.7853,178.3300,MODEL_BUILDING,SWING,0.0833,-47.400,-93.400,-47.400,0.2588,0.0000,0.4670,0.3000,1,
36.7973,178.3500,MODEL_BUILDING,SWING,0.1250,-49.400,-103.400,-49.400,0.3827,0.0000,0.5170,0.3000,1,
36.8093,178.3600,MODEL_BUILDING,SWING,0.1458,-50.500,-108.400,-50.500,0.4423,0.0000,0.5420,0.3000,1,
36.8213,178.3700,MODEL_BUILDING,SWING,0.1667,-51.600,-112.100,-51.600,0.5000,0.0000,0.5605,0.3000,1,
36.8333,178.3800,MODEL_BUILDING,SWING,0.1875,-52.800,-116.200,-52.800,0.5556,0.0000,0.5810,0.3000,1,
36.8453,178.3900,MODEL_BUILDING,SWING,0.2083,-54.000,-123.200,-54.000,0.6088,0.0000,0.6160,0.3000,1,
36.8573,178.4100,MODEL_BUILDING,SWING,0.2500,-56.600,-140.100,-56.600,0.7071,0.0000,0.7005,0.3000,1,
36.8693,178.4200,MODEL_BUILDING,SWING,0.2708,-58.100,-153.500,-58.100,0.7518,0.0000,0.7675,0.3000,1,
36.8813,178.4300,MODEL_BUILDING,SWING,0.2917,-59.800,-169.100,-59.800,0.7934,0.0000,0.8455,0.3000,1,
36.8933,178.4400,MODEL_BUILDING,SWING,0.3125,-61.600,-186.700,-61.600,0.8315,0.0000,0.9335,0.3000,1,
36.9053,178.4500,MODEL_BUILDING,SWING,0.3333,-63.600,-206.000,-63.600,0.8660,0.0000,1.0300,0.3000,1,
36.9173,178.4700,MODEL_BUILDING,SWING,0.3750,-68.200,-249.700,-68.200,0.9239,0.0000,1.2485,0.3000,1,
36.9293,178.4800,MODEL_BUILDING,SWING,0.3958,-70.800,-271.700,-70.800,0.9469,0.0000,1.3585,0.3000,1,
36.9373,178.4900,MODEL_BUILDING,SWING,0.4167,-73.700,-287.700,-73.700,0.9659,0.0000,1.4385,0.3000,1,
36.9453,178.5000,MODEL_BUILDING,SWING,0.4375,-76.600,-299.900,-76.600,0.9808,0.0000,1.4995,0.3000,1,
36.9573,178.5100,MODEL_BUILDING,SWING,0.4583,-79.700,-310.800,-79.700,0.9914,0.0000,1.5540,0.3000,1,
36.9653,178.5200,MODEL_BUILDING,SWING,0.4792,-82.500,-312.700,-82.500,0.9979,0.0000,1.5635,0.3000,1,
36.9774,178.5300,MODEL_BUILDING,SWING,0.5000,-85.900,-306.000,-85.900,1.0000,0.0000,1.5300,0.3000,1,
36.9853,178.5400,MODEL_BUILDING,SWING,0.5208,-88.900,-288.100,-88.900,0.9979,0.0000,1.4405,0.3000,1,
36.9973,178.5500,MODEL_BUILDING,SWING,0.5417,-91.500,-252.100,-91.500,0.9914,0.0000,1.2605,0.3000,1,
37.0053,178.5600,MODEL_BUILDING,SWING,0.5625,-93.800,-207.500,-93.800,0.9808,0.0000,1.0375,0.3000,1,
37.0173,178.5700,MODEL_BUILDING,SWING,0.5833,-95.500,-160.600,-95.500,0.9659,0.0000,0.8030,0.3000,1,
37.0253,178.5800,MODEL_BUILDING,SWING,0.6042,-96.800,-108.800,-96.800,0.9469,0.0000,0.5440,0.3000,1,
37.0373,178.5900,MODEL_BUILDING,SWING,0.6250,-97.500,-54.100,-97.500,0.9239,0.0000,0.2705,0.3000,1,
37.0453,178.6000,MODEL_BUILDING,SWING,0.6458,-97.600,-3.700,-97.600,0.8969,0.0000,0.0185,0.0672,0,
37.0613,178.6100,MODEL_BUILDING,SWING,0.6667,-97.300,44.200,-97.300,0.8660,0.0000,-0.2210,0.0000,0,
37.0733,178.6200,MODEL_BUILDING,SWING,0.6875,-96.600,83.700,-96.600,0.8315,0.0000,-0.4185,0.0000,0,
37.0853,178.6300,MODEL_BUILDING,SWING,0.7083,-95.500,115.600,-95.500,0.7934,0.0000,-0.5780,0.0000,0,
37.0973,178.6500,MODEL_BUILDING,SWING,0.7500,-92.700,160.700,-92.700,0.7071,0.0000,-0.8035,0.0000,0,
37.1093,178.6600,MODEL_BUILDING,SWING,0.7708,-90.900,184.200,-90.900,0.6593,0.0000,-0.9210,0.0000,0,
37.1213,178.6700,MODEL_BUILDING,SWING,0.7917,-88.900,208.200,-88.900,0.6088,0.0000,-1.0410,0.0000,0,
37.1333,178.6800,MODEL_BUILDING,SWING,0.8125,-86.600,229.000,-86.600,0.5556,0.0000,-1.1450,0.0000,0,
37.1453,178.6900,MODEL_BUILDING,SWING,0.8333,-84.200,246.600,-84.200,0.5000,0.0000,-1.2330,0.0000,0,
37.1573,178.7100,READY,SWING,0.8750,-78.900,279.000,-78.900,0.3827,0.0000,-1.3950,0.0000,0,
37.1693,178.7200,READY,SWING,0.8958,-76.000,290.400,-57.028,0.3214,0.0000,-0.6931,0.0000,0,
37.1813,178.7300,READY,SWING,0.9167,-73.100,295.700,-57.028,0.2588,0.0000,-0.8356,0.0000,0,
37.1933,178.7400,READY,SWING,0.9375,-70.100,294.700,-57.028,0.1951,0.0000,-0.9506,0.0000,0,
37.2053,178.7500,READY,SWING,0.9583,-67.300,280.700,-57.028,0.1305,0.0000,-0.9926,0.0000,0,
37.2173,178.7700,READY,STANCE,0.0000,-62.200,236.500,-57.028,0.0000,0.0000,-0.9756,0.0000,0,
37.2253,178.7800,WALKING,STANCE,0.0139,-60.000,206.200,-57.028,0.0000,0.0000,-0.9121,0.0000,0,
37.2373,178.7900,WALKING,STANCE,0.0278,-58.200,169.800,-57.028,0.0000,0.0000,-0.8021,0.0000,0,
37.2453,178.8000,WALKING,STANCE,0.0417,-56.700,133.700,-57.028,0.0000,0.0000,-0.6816,0.0000,0,
37.2573,178.8100,WALKING,STANCE,0.0556,-55.600,103.000,-57.028,0.0000,0.0000,-0.5721,0.0000,0,
37.2653,178.8200,WALKING,STANCE,0.0694,-54.800,71.800,-57.028,0.0000,0.0000,-0.4481,0.0000,0,
37.2733,178.8300,WALKING,STANCE,0.0833,-54.300,43.400,-57.028,0.0000,0.0000,-0.3261,0.0000,0,
37.2853,178.8400,WALKING,STANCE,0.0972,-54.000,18.600,-57.028,0.0000,0.0000,-0.2141,0.0000,0,
37.2933,178.8500,WALKING,STANCE,0.1111,-54.000,-1.300,-57.028,0.0000,0.0000,-0.1146,0.0000,0,
37.3053,178.8600,WALKING,STANCE,0.1250,-54.100,-6.400,-57.028,0.0000,0.0000,-0.0851,0.0000,0,
37.3133,178.8700,WALKING,STANCE,0.1389,-54.100,-0.700,-57.028,0.0000,0.0000,-0.1136,0.0000,0,
37.3253,178.8800,WALKING,STANCE,0.1528,-54.100,0.500,-57.028,0.0000,0.0000,-0.1196,0.0000,0,
37.3333,178.8900,WALKING,STANCE,0.1667,-54.100,-0.400,-57.028,0.0000,0.0000,-0.1151,0.0000,0,
37.3453,178.9000,WALKING,STANCE,0.1806,-54.100,-0.700,-57.028,0.0000,0.0000,-0.1136,0.0000,0,
37.3537,178.9100,WALKING,STANCE,0.1944,-54.100,-0.900,-57.028,0.0000,0.0000,-0.1126,0.0000,0,
37.3655,178.9200,WALKING,STANCE,0.2083,-54.100,-1.100,-57.028,0.0000,0.0000,-0.1116,0.0000,0,
37.3737,178.9300,WALKING,STANCE,0.2222,-54.100,-3.000,-57.028,0.0000,0.0000,-0.1021,0.0000,0,
37.3857,178.9400,WALKING,STANCE,0.2361,-54.100,0.600,-57.028,0.0000,0.0000,-0.1201,0.0000,0,
37.3976,178.9500,WALKING,STANCE,0.2500,-54.100,0.100,-57.028,0.0000,0.0000,-0.1176,0.0000,0,
37.4096,178.9600,WALKING,STANCE,0.2639,-54.100,0.000,-57.028,0.0000,0.0000,-0.1171,0.0000,0,
37.4176,178.9700,WALKING,STANCE,0.2778,-54.100,0.000,-57.028,0.0000,0.0000,-0.1171,0.0000,0,
37.4297,178.9800,WALKING,STANCE,0.2917,-54.100,0.100,-57.028,0.0000,0.0000,-0.1176,0.0000,0,
37.4376,178.9900,WALKING,STANCE,0.3056,-54.100,0.300,-57.028,0.0000,0.0000,-0.1186,0.0000,0,
37.4497,179.0000,WALKING,STANCE,0.3194,-54.100,1.100,-57.028,0.0000,0.0000,-0.1226,0.0000,0,
37.4618,179.0100,WALKING,STANCE,0.3333,-54.100,4.200,-57.028,0.0000,0.0000,-0.1381,0.0000,0,
37.4697,179.0200,WALKING,STANCE,0.3472,-54.000,5.000,-57.028,0.0000,0.0000,-0.1461,0.0000,0,
37.4816,179.0300,WALKING,STANCE,0.3611,-53.900,9.500,-57.028,0.0000,0.0000,-0.1726,0.0000,0,
37.4896,179.0400,WALKING,STANCE,0.3750,-53.800,19.500,-57.028,0.0000,0.0000,-0.2266,0.0000,0,
37.5017,179.0500,WALKING,STANCE,0.3889,-53.500,25.900,-57.028,0.0000,0.0000,-0.2706,0.0000,0,
37.5097,179.0600,WALKING,STANCE,0.4028,-53.300,28.300,-57.028,0.0000,0.0000,-0.2906,0.0000,0,
37.5217,179.0700,WALKING,STANCE,0.4167,-53.000,28.400,-57.028,0.0000,0.0000,-0.3031,0.0000,0,
37.5297,179.0800,WALKING,STANCE,0.4306,-52.700,28.400,-57.028,0.0000,0.0000,-0.3151,0.0000,0,
37.5417,179.0900,WALKING,STANCE,0.4444,-52.400,26.400,-57.028,0.0000,0.0000,-0.3171,0.0000,0,
37.5497,179.1000,WALKING,STANCE,0.4583,-52.200,22.500,-57.028,0.0000,0.0000,-0.3056,0.0000,0,
37.5617,179.1100,WALKING,STANCE,0.4722,-52.000,19.500,-57.028,0.0000,0.0000,-0.2986,0.0000,0,
37.5696,179.1200,WALKING,STANCE,0.4861,-51.800,11.300,-57.028,0.0000,0.0000,-0.2656,0.0000,0,
37.5817,179.1300,WALKING,STANCE,0.5000,-51.800,5.800,-57.028,0.0000,0.0000,-0.2381,0.0000,0,
37.5897,179.1400,WALKING,STANCE,0.5139,-51.700,5.700,-57.028,0.0000,0.0000,-0.2416,0.0000,0,
37.6016,179.1500,WALKING,STANCE,0.5278,-51.700,3.500,-57.028,0.0000,0.0000,-0.2306,0.0000,0,
37.6096,179.1600,WALKING,STANCE,0.5417,-51.600,0.700,-57.028,0.0000,0.0000,-0.2206,0.0000,0,
37.6217,179.1700,WALKING,STANCE,0.5556,-51.600,0.000,-57.028,0.0000,0.0000,-0.2171,0.0000,0,
37.6297,179.1800,WALKING,STANCE,0.5694,-51.600,0.000,-57.028,0.0000,0.0000,-0.2171,0.0000,0,
37.6416,179.1900,WALKING,STANCE,0.5833,-51.600,0.000,-57.028,0.0000,0.0000,-0.2171,0.0000,0,
37.6496,179.2000,WALKING,STANCE,0.5972,-51.600,0.400,-57.028,0.0000,0.0000,-0.2191,0.0000,0,
37.6617,179.2100,WALKING,STANCE,0.6111,-51.600,0.000,-57.028,0.0000,0.0000,-0.2171,0.0000,0,
37.6696,179.2200,WALKING,STANCE,0.6250,-51.600,-0.200,-57.028,0.0000,0.0000,-0.2161,0.0000,0,
37.6817,179.2300,WALKING,STANCE,0.6389,-51.600,0.000,-57.028,0.0000,0.0000,-0.2171,0.0000,0,
37.6936,179.2400,WALKING,STANCE,0.6528,-51.600,-0.700,-57.028,0.0000,0.0000,-0.2136,0.0000,0,
37.7015,179.2500,WALKING,STANCE,0.6667,-51.600,0.000,-57.028,0.0000,0.0000,-0.2171,0.0000,0,
37.7138,179.2600,WALKING,STANCE,0.6806,-51.700,-1.500,-57.028,0.0000,0.0000,-0.2056,0.0000,0,
37.7256,179.2700,WALKING,STANCE,0.6944,-51.700,-0.500,-57.028,0.0000,0.0000,-0.2106,0.0000,0,
37.7377,179.2900,WALKING,STANCE,0.7222,-51.700,-0.800,-57.028,0.0000,0.0000,-0.2091,0.0000,0,
37.7457,179.3000,WALKING,STANCE,0.7361,-51.700,-1.500,-57.028,0.0000,0.0000,-0.2056,0.0000,0,
37.7577,179.3100,WALKING,STANCE,0.7500,-51.700,-1.700,-57.028,0.0000,0.0000,-0.2046,0.0000,0,
37.7697,179.3200,WALKING,STANCE,0.7639,-51.700,-0.600,-57.028,0.0000,0.0000,-0.2101,0.0000,0,
37.7777,179.3300,WALKING,STANCE,0.7778,-51.700,-1.000,-57.028,0.0000,0.0000,-0.2081,0.0000,0,
37.7897,179.3400,WALKING,STANCE,0.7917,-51.700,-0.500,-57.028,0.0000,0.0000,-0.2106,0.0000,0,
37.7977,179.3500,WALKING,STANCE,0.8056,-51.700,-0.400,-57.028,0.0000,0.0000,-0.2111,0.0000,0,
37.8097,179.3600,WALKING,STANCE,0.8194,-51.700,-2.000,-57.028,0.0000,0.0000,-0.2031,0.0000,0,
37.8176,179.3700,WALKING,STANCE,0.8333,-51.800,-3.600,-57.028,0.0000,0.0000,-0.1911,0.0000,0,
37.8296,179.3800,WALKING,STANCE,0.8472,-51.800,-8.000,-57.028,0.0000,0.0000,-0.1691,0.0000,0,
37.8377,179.3900,WALKING,STANCE,0.8611,-52.000,-12.500,-57.028,0.0000,0.0000,-0.1386,0.0000,0,
37.8497,179.4000,WALKING,STANCE,0.8750,-52.100,-12.900,-57.028,0.0000,0.0000,-0.1326,0.0000,0,
37.8576,179.4100,WALKING,STANCE,0.8889,-52.200,-9.600,-57.028,0.0000,0.0000,-0.1451,0.0000,0,
37.8696,179.4200,WALKING,STANCE,0.9028,-52.300,-7.600,-57.028,0.0000,0.0000,-0.1511,0.0000,0,
37.8777,179.4300,WALKING,STANCE,0.9167,-52.400,-11.400,-57.028,0.0000,0.0000,-0.1281,0.0000,0,
37.8897,179.4400,WALKING,STANCE,0.9306,-52.500,-15.800,-57.028,0.0000,0.0000,-0.1021,0.0000,0,
37.8977,179.4500,WALKING,STANCE,0.9444,-52.700,-16.000,-57.028,0.0000,0.0000,-0.0931,0.0000,0,
37.9097,179.4600,WALKING,STANCE,0.9583,-52.800,-17.400,-57.028,0.0000,0.0000,-0.0821,0.0000,0,
37.9176,179.4700,WALKING,STANCE,0.9722,-53.000,-18.600,-57.028,0.0000,0.0000,-0.0681,0.0000,0,
37.9296,179.4800,WALKING,STANCE,0.9861,-53.200,-17.400,-57.028,0.0000,0.0000,-0.0661,0.0000,0,
37.9377,179.4900,WALKING,SWING,0.0000,-53.400,-18.400,-57.028,0.0000,0.0000,-0.0531,0.0000,0,
37.9496,179.5000,WALKING,SWING,0.0208,-53.600,-16.200,-57.028,0.0654,0.0000,-0.0561,0.0000,0,
37.9577,179.5100,WALKING,SWING,0.0417,-53.700,-13.900,-57.028,0.1305,0.0000,-0.0636,0.0000,0,
37.9697,179.5200,WALKING,SWING,0.0625,-53.800,-8.600,-57.028,0.1951,0.0000,-0.0861,0.0000,0,
37.9777,179.5300,WALKING,SWING,0.0833,-53.900,-6.600,-57.028,0.2588,0.0000,-0.0921,0.0000,0,
37.9896,179.5400,WALKING,SWING,0.1042,-53.900,-3.700,-57.028,0.3214,0.0000,-0.1066,0.0000,0,
37.9976,179.5500,WALKING,SWING,0.1250,-53.900,-1.200,-57.028,0.3827,0.0000,-0.1191,0.0000,0,
38.0097,179.5600,WALKING,SWING,0.1458,-54.000,-0.600,-57.028,0.4423,0.0000,-0.1181,0.0000,0,
38.0176,179.5700,WALKING,SWING,0.1667,-54.000,-0.100,-57.028,0.5000,0.0000,-0.1206,0.0000,0,
38.0295,179.5800,WALKING,SWING,0.1875,-54.000,-0.300,-57.028,0.5556,0.0000,-0.1196,0.0000,0,
38.0375,179.5900,WALKING,SWING,0.2083,-54.000,-0.300,-57.028,0.6088,0.0000,-0.1196,0.0000,0,
38.0496,179.6000,WALKING,SWING,0.2292,-54.000,-1.100,-57.028,0.6593,0.0000,-0.1156,0.0000,0,
38.0576,179.6100,WALKING,SWING,0.2500,-54.000,-2.800,-57.028,0.7071,0.0000,-0.1071,0.0000,0,
38.0696,179.6200,WALKING,SWING,0.2708,-54.000,-7.100,-57.028,0.7518,0.0000,-0.0856,0.0000,0,
38.0776,179.6300,WALKING,SWING,0.2917,-54.200,-13.300,-57.028,0.7934,0.0000,-0.0466,0.0000,0,
38.0896,179.6400,WALKING,SWING,0.3125,-54.300,-13.600,-57.028,0.8315,0.0000,-0.0411,0.0000,0,
38.0976,179.6500,WALKING,SWING,0.3333,-54.400,-14.000,-57.028,0.8660,0.0000,-0.0351,0.0000,0,
38.1096,179.6600,WALKING,SWING,0.3542,-54.600,-18.100,-57.028,0.8969,0.0000,-0.0066,0.0000,0,
38.1176,179.6700,WALKING,SWING,0.3750,-54.800,-18.600,-57.028,0.9239,0.0000,0.0039,0.0504,0,
38.1296,179.6800,WALKING,SWING,0.3958,-55.000,-17.700,-57.028,0.9469,0.0000,0.0074,0.0545,0,
38.1375,179.6900,WALKING,SWING,0.4167,-55.200,-18.600,-57.028,0.9659,0.0000,0.0199,0.0688,0,
38.1496,179.7000,WALKING,SWING,0.4375,-55.300,-11.900,-57.028,0.9808,0.0000,-0.0096,0.0000,0,
38.1577,179.7100,WALKING,SWING,0.4583,-55.400,-7.700,-57.028,0.9914,0.0000,-0.0266,0.0000,0,
38.1697,179.7200,WALKING,SWING,0.4792,-55.500,-5.800,-57.028,0.9979,0.0000,-0.0321,0.0000,0,
38.1777,179.7300,WALKING,SWING,0.5000,-55.500,-7.100,-57.028,1.0000,0.0000,-0.0256,0.0000,0,
38.1897,179.7400,WALKING,SWING,0.5208,-55.600,-11.200,-57.028,0.9979,0.0000,-0.0011,0.0000,0,
38.1977,179.7500,WALKING,SWING,0.5417,-55.700,-9.600,-57.028,0.9914,0.0000,-0.0051,0.0000,0,
38.2097,179.7600,WALKING,SWING,0.5625,-55.800,-9.600,-57.028,0.9808,0.0000,-0.0011,0.0000,0,
38.2176,179.7700,WALKING,SWING,0.5833,-55.900,-11.900,-57.028,0.9659,0.0000,0.0144,0.0625,0,
38.2296,179.7800,WALKING,SWING,0.6042,-56.100,-12.300,-57.028,0.9469,0.0000,0.0244,0.0740,0,
38.2376,179.7900,WALKING,SWING,0.6250,-56.200,-10.400,-57.028,0.9239,0.0000,0.0189,0.0677,0,
38.2496,179.8000,WALKING,SWING,0.6458,-56.300,-7.500,-57.028,0.8969,0.0000,0.0084,0.0556,0,
38.2575,179.8100,WALKING,SWING,0.6667,-56.300,-5.500,-57.028,0.8660,0.0000,-0.0016,0.0000,0,
38.2696,179.8200,WALKING,SWING,0.6875,-56.400,-3.500,-57.028,0.8315,0.0000,-0.0076,0.0000,0,
38.2775,179.8300,WALKING,SWING,0.7083,-56.400,-2.800,-57.028,0.7934,0.0000,-0.0111,0.0000,0,
38.2896,179.8400,WALKING,SWING,0.7292,-56.400,-8.000,-57.028,0.7518,0.0000,0.0149,0.0631,0,
38.2976,179.8500,WALKING,SWING,0.7500,-56.600,-17.600,-57.028,0.7071,0.0000,0.0709,0.1275,0,
38.3096,179.8600,WALKING,SWING,0.7708,-56.800,-28.300,-57.028,0.6593,0.0000,0.1324,0.1982,0,
38.3176,179.8700,WALKING,SWING,0.7917,-57.200,-37.500,-57.028,0.6088,0.0000,0.1944,0.2694,0,
38.3296,179.8800,WALKING,SWING,0.8125,-57.600,-44.000,-57.028,0.5556,0.0000,0.2429,0.3000,1,
38.3376,179.8900,WALKING,SWING,0.8333,-58.100,-48.400,-57.028,0.5000,0.0000,0.2849,0.3000,1,
38.3496,179.9000,WALKING,SWING,0.8542,-58.600,-53.100,-57.028,0.4423,0.0000,0.3284,0.3000,1,
38.3575,179.9100,WALKING,SWING,0.8750,-59.100,-54.500,-57.028,0.3827,0.0000,0.3554,0.3000,1,
38.3695,179.9200,WALKING,SWING,0.8958,-59.700,-60.100,-57.028,0.3214,0.0000,0.4074,0.3000,1,
38.3776,179.9300,WALKING,SWING,0.9167,-60.400,-68.500,-57.028,0.2588,0.0000,0.4774,0.3000,1,
38.3896,179.9400,WALKING,SWING,0.9375,-61.100,-78.900,-57.028,0.1951,0.0000,0.5574,0.3000,1,
38.3976,179.9500,WALKING,SWING,0.9583,-62.000,-91.300,-57.028,0.1305,0.0000,0.6554,0.3000,1,
38.4096,179.9600,WALKING,SWING,0.9792,-63.000,-107.800,-57.028,0.0654,0.0000,0.7779,0.3000,1,
38.4177,179.9700,WALKING,STANCE,0.0000,-64.300,-127.300,-57.028,0.0000,0.0000,0.9274,0.3000,1,
38.4294,179.9800,WALKING,STANCE,0.0139,-65.600,-144.500,-57.028,0.0000,0.0000,1.0654,0.3000,1,
38.4376,179.9900,WALKING,STANCE,0.0278,-67.200,-159.100,-57.028,0.0000,0.0000,1.2024,0.3000,1,
38.4497,180.0000,WALKING,STANCE,0.0417,-68.100,-167.800,-57.028,0.0000,0.0000,1.2819,0.3000,1,
38.4576,180.0100,WALKING,STANCE,0.0556,-71.000,-199.300,-57.028,0.0000,0.0000,1.5554,0.3000,1,
38.4695,180.0200,WALKING,STANCE,0.0694,-73.100,-217.100,-57.028,0.0000,0.0000,1.7284,0.3000,1,
38.4775,180.0300,WALKING,STANCE,0.0833,-75.400,-233.300,-57.028,0.0000,0.0000,1.9014,0.3000,1,
38.4896,180.0400,WALKING,STANCE,0.0972,-77.900,-251.200,-57.028,0.0000,0.0000,2.0909,0.3000,1,
38.4976,180.0500,WALKING,STANCE,0.1111,-80.500,-271.800,-57.028,0.0000,0.0000,2.2979,0.3000,1,
38.5096,180.0600,WALKING,STANCE,0.1250,-83.400,-294.100,-57.028,0.0000,0.0000,2.5254,0.3000,1,
38.5177,180.0700,WALKING,STANCE,0.1389,-86.500,-321.200,-57.028,0.0000,0.0000,2.7849,0.3000,1,
38.5296,180.0800,WALKING,STANCE,0.1528,-89.900,-346.600,-57.028,0.0000,0.0000,3.0479,0.3000,1,
38.5376,180.0900,WALKING,STANCE,0.1667,-93.500,-362.000,-57.028,0.0000,0.0000,3.2689,0.3000,1,
38.5496,180.1000,WALKING,STANCE,0.1806,-97.200,-378.300,-57.028,0.0000,0.0000,3.4984,0.3000,1,
38.5576,180.1100,WALKING,STANCE,0.1944,-101.000,-380.600,-57.028,0.0000,0.0000,3.6619,0.3000,1,
38.5696,180.1200,WALKING,STANCE,0.2083,-104.800,-369.300,-57.028,0.0000,0.0000,3.7574,0.3000,1,
38.5776,180.1300,WALKING,STANCE,0.2222,-108.300,-347.200,-57.028,0.0000,0.0000,3.7869,0.3000,1,
38.5896,180.1400,WALKING,STANCE,0.2361,-111.500,-307.100,-57.028,0.0000,0.0000,3.7144,0.3000,1,
38.5976,180.1500,WALKING,STANCE,0.2500,-114.300,-261.800,-57.028,0.0000,0.0000,3.5999,0.3000,1,
38.6095,180.1600,WALKING,STANCE,0.2639,-116.600,-209.700,-57.028,0.0000,0.0000,3.4314,0.3000,1,
38.6176,180.1700,WALKING,STANCE,0.2778,-118.300,-152.200,-57.028,0.0000,0.0000,3.2119,0.3000,1,
38.6296,180.1800,WALKING,STANCE,0.2917,-119.400,-92.000,-57.028,0.0000,0.0000,2.9549,0.3000,1,
38.6376,180.1900,WALKING,STANCE,0.3056,-119.900,-28.700,-57.028,0.0000,0.0000,2.6584,0.3000,1,
38.6496,180.2000,WALKING,STANCE,0.3194,-119.800,24.500,-57.028,0.0000,0.0000,2.3884,0.3000,1,
38.6576,180.2100,WALKING,STANCE,0.3333,-119.200,66.500,-57.028,0.0000,0.0000,2.1544,0.3000,1,
38.6695,180.2200,WALKING,STANCE,0.3472,-118.300,107.000,-57.028,0.0000,0.0000,1.9159,0.3000,1,
38.6776,180.2300,WALKING,STANCE,0.3611,-116.900,148.400,-57.028,0.0000,0.0000,1.6529,0.3000,1,
38.6895,180.2400,WALKING,STANCE,0.3750,-115.300,186.200,-57.028,0.0000,0.0000,1.3999,0.3000,1,
38.6975,180.2500,WALKING,STANCE,0.3889,-113.000,229.000,-57.028,0.0000,0.0000,1.0939,0.3000,1,
38.7096,180.2600,WALKING,STANCE,0.4028,-110.400,265.800,-57.028,0.0000,0.0000,0.8059,0.3000,1,
38.7176,180.2700,WALKING,STANCE,0.4167,-107.500,300.500,-57.028,0.0000,0.0000,0.5164,0.3000,1,
38.7296,180.2800,WALKING,STANCE,0.4306,-104.300,324.800,-57.028,0.0000,0.0000,0.2669,0.3000,1,
38.7375,180.2900,WALKING,STANCE,0.4444,-100.900,343.700,-57.028,0.0000,0.0000,0.0364,0.0878,0,
38.7496,180.3000,WALKING,STANCE,0.4583,-97.400,356.900,-57.028,0.0000,0.0000,-0.1696,0.0000,0,
38.7576,180.3100,WALKING,STANCE,0.4722,-93.800,356.400,-57.028,0.0000,0.0000,-0.3111,0.0000,0,
38.7695,180.3200,WALKING,STANCE,0.4861,-90.300,348.500,-57.028,0.0000,0.0000,-0.4116,0.0000,0,
38.7776,180.3300,WALKING,STANCE,0.5000,-86.900,333.600,-57.028,0.0000,0.0000,-0.4731,0.0000,0,
38.7896,180.3400,WALKING,STANCE,0.5139,-83.800,310.800,-57.028,0.0000,0.0000,-0.4831,0.0000,0,
38.7975,180.3500,WALKING,STANCE,0.5278,-80.800,296.300,-57.028,0.0000,0.0000,-0.5306,0.0000,0,
38.8096,180.3600,WALKING,STANCE,0.5417,-77.800,288.300,-57.028,0.0000,0.0000,-0.6106,0.0000,0,
38.8176,180.3700,WALKING,STANCE,0.5556,-75.000,284.100,-57.028,0.0000,0.0000,-0.7016,0.0000,0,
38.8296,180.3800,WALKING,STANCE,0.5694,-72.100,285.700,-57.028,0.0000,0.0000,-0.8256,0.0000,0,
38.8376,180.3900,WALKING,STANCE,0.5833,-69.300,288.300,-57.028,0.0000,0.0000,-0.9506,0.0000,0,
38.8496,180.4000,WALKING,STANCE,0.5972,-66.400,288.400,-57.028,0.0000,0.0000,-1.0671,0.0000,0,
38.8576,180.4100,WALKING,STANCE,0.6111,-63.500,293.200,-57.028,0.0000,0.0000,-1.2071,0.0000,0,
38.8695,180.4200,WALKING,STANCE,0.6250,-60.500,301.100,-57.028,0.0000,0.0000,-1.3666,0.0000,0,
38.8775,180.4300,WALKING,STANCE,0.6389,-57.400,305.000,-57.028,0.0000,0.0000,-1.5101,0.0000,0,
38.8896,180.4400,WALKING,STANCE,0.6528,-54.400,311.000,-57.028,0.0000,0.0000,-1.6601,0.0000,0,
38.8976,180.4500,WALKING,STANCE,0.6667,-51.200,321.900,-57.028,0.0000,0.0000,-1.8426,0.0000,0,
38.9096,180.4600,WALKING,STANCE,0.6806,-47.900,327.700,-57.028,0.0000,0.0000,-2.0036,0.0000,0,
38.9175,180.4700,WALKING,STANCE,0.6944,-44.600,332.200,-57.028,0.0000,0.0000,-2.1581,0.0000,0,
38.9298,180.4800,WALKING,STANCE,0.7083,-41.200,340.600,-57.028,0.0000,0.0000,-2.3361,0.0000,0,
38.9377,180.4900,WALKING,STANCE,0.7222,-37.800,349.700,-57.028,0.0000,0.0000,-2.5176,0.0000,0,
38.9497,180.5000,WALKING,STANCE,0.7361,-34.200,364.100,-57.028,0.0000,0.0000,-2.7336,0.0000,0,
38.9618,180.5100,WALKING,STANCE,0.7500,-30.400,373.700,-57.028,0.0000,0.0000,-2.9336,0.0000,0,
38.9697,180.5200,WALKING,STANCE,0.7639,-26.600,383.400,-57.028,0.0000,0.0000,-3.1341,0.0000,0,
38.9818,180.5300,WALKING,STANCE,0.7778,-22.700,392.500,-57.028,0.0000,0.0000,-3.3356,0.0000,0,
38.9897,180.5400,WALKING,STANCE,0.7917,-18.800,388.400,-57.028,0.0000,0.0000,-3.4711,0.0000,0,
39.0016,180.5500,WALKING,STANCE,0.8056,-14.900,387.900,-57.028,0.0000,0.0000,-3.6246,0.0000,0,
39.0096,180.5600,WALKING,STANCE,0.8194,-11.200,366.300,-57.028,0.0000,0.0000,-3.6646,0.0000,0,
39.0216,180.5700,WALKING,STANCE,0.8333,-7.800,328.500,-57.028,0.0000,0.0000,-3.6116,0.0000,0,
39.0297,180.5800,WALKING,STANCE,0.8472,-5.000,244.800,-57.028,0.0000,0.0000,-3.3051,0.0000,0,
39.0417,180.5900,WALKING,STANCE,0.8611,-3.300,148.500,-57.028,0.0000,0.0000,-2.8916,0.0000,0,
39.0537,180.6000,WALKING,STANCE,0.8750,-2.300,69.200,-57.028,0.0000,0.0000,-2.5351,0.0000,0,
39.0617,180.6100,WALKING,STANCE,0.8889,-2.100,0.500,-57.028,0.0000,0.0000,-2.1996,0.0000,0,
39.0737,180.6200,WALKING,STANCE,0.9028,-2.300,-22.000,-57.028,0.0000,0.0000,-2.0791,0.0000,0,
39.0817,180.6300,WALKING,STANCE,0.9167,-2.600,-24.200,-57.028,0.0000,0.0000,-2.0561,0.0000,0,
39.0938,180.6400,WALKING,STANCE,0.9306,-2.900,-30.500,-57.028,0.0000,0.0000,-2.0126,0.0000,0,
39.1017,180.6500,WALKING,STANCE,0.9444,-3.300,-46.900,-57.028,0.0000,0.0000,-1.9146,0.0000,0,
39.1137,180.6600,WALKING,STANCE,0.9583,-3.900,-72.700,-57.028,0.0000,0.0000,-1.7616,0.0000,0,
39.1217,180.6700,WALKING,STANCE,0.9722,-4.900,-114.500,-57.028,0.0000,0.0000,-1.5126,0.0000,0,
39.1337,180.6800,WALKING,STANCE,0.9861,-6.400,-168.600,-57.028,0.0000,0.0000,-1.1821,0.0000,0,
39.1417,180.6900,WALKING,SWING,0.0000,-8.300,-192.000,-57.028,0.0000,0.0000,-0.9891,0.0000,0,
39.1537,180.7000,WALKING,SWING,0.0208,-10.300,-204.900,-57.028,0.0654,0.0000,-0.8446,0.0000,0,
39.1657,180.7100,WALKING,SWING,0.0417,-12.500,-218.900,-57.028,0.1305,0.0000,-0.6866,0.0000,0,
39.1737,180.7300,WALKING,SWING,0.0833,-17.000,-226.000,-57.028,0.2588,0.0000,-0.4711,0.0000,0,
39.1857,180.7400,WALKING,SWING,0.1042,-19.200,-213.900,-57.028,0.3214,0.0000,-0.4436,0.0000,0,
39.1937,180.7500,WALKING,SWING,0.1250,-21.200,-192.100,-57.028,0.3827,0.0000,-0.4726,0.0000,0,
39.2058,180.7600,WALKING,SWING,0.1458,-22.900,-166.300,-57.028,0.4423,0.0000,-0.5336,0.0000,0,
39.2137,180.7700,WALKING,SWING,0.1667,-24.400,-140.700,-57.028,0.5000,0.0000,-0.6016,0.0000,0,
39.2257,180.7800,WALKING,SWING,0.1875,-25.700,-121.300,-57.028,0.5556,0.0000,-0.6466,0.0000,0,
39.2376,180.7900,WALKING,SWING,0.2083,-26.800,-111.700,-57.028,0.6088,0.0000,-0.6506,0.0000,0,
39.2495,180.8000,WALKING,SWING,0.2292,-27.900,-109.100,-57.028,0.6593,0.0000,-0.6196,0.0000,0,
39.2575,180.8100,WALKING,SWING,0.2500,-29.000,-114.800,-57.028,0.7071,0.0000,-0.5471,0.0000,0,
39.2697,180.8200,WALKING,SWING,0.2708,-30.200,-125.400,-57.028,0.7518,0.0000,-0.4461,0.0000,0,
39.2818,180.8300,WALKING,SWING,0.2917,-31.600,-138.700,-57.028,0.7934,0.0000,-0.3236,0.0000,0,
39.2898,180.8400,WALKING,SWING,0.3125,-33.100,-149.400,-57.028,0.8315,0.0000,-0.2101,0.0000,0,
39.3017,180.8500,WALKING,SWING,0.3333,-34.600,-152.600,-57.028,0.8660,0.0000,-0.1341,0.0000,0,
39.3097,180.8600,WALKING,SWING,0.3542,-36.100,-147.600,-57.028,0.8969,0.0000,-0.0991,0.0000,0,
39.3217,180.8700,WALKING,SWING,0.3750,-37.500,-135.200,-57.028,0.9239,0.0000,-0.1051,0.0000,0,
39.3297,180.8800,WALKING,SWING,0.3958,-38.700,-116.600,-57.028,0.9469,0.0000,-0.1501,0.0000,0,
39.3417,180.8900,WALKING,SWING,0.4167,-39.700,-94.300,-57.028,0.9659,0.0000,-0.2216,0.0000,0,
39.3497,180.9000,WALKING,SWING,0.4375,-40.500,-69.500,-57.028,0.9808,0.0000,-0.3136,0.0000,0,
39.3618,180.9100,WALKING,SWING,0.4583,-41.000,-40.500,-57.028,0.9914,0.0000,-0.4386,0.0000,0,
39.3697,180.9200,WALKING,SWING,0.4792,-41.200,-14.000,-57.028,0.9979,0.0000,-0.5631,0.0000,0,
39.3817,180.9300,WALKING,SWING,0.5000,-41.200,5.700,-57.028,1.0000,0.0000,-0.6616,0.0000,0,
39.3897,180.9400,WALKING,SWING,0.5208,-41.100,2.400,-57.028,0.9979,0.0000,-0.6491,0.0000,0,
39.4018,180.9500,WALKING,SWING,0.5417,-41.200,-3.900,-57.028,0.9914,0.0000,-0.6136,0.0000,0,
39.4098,180.9600,WALKING,SWING,0.5625,-41.200,-3.900,-57.028,0.9808,0.0000,-0.6136,0.0000,0,
39.4217,180.9700,WALKING,SWING,0.5833,-41.300,-10.700,-57.028,0.9659,0.0000,-0.5756,0.0000,0,
39.4296,180.9800,WALKING,SWING,0.6042,-41.500,-28.400,-57.028,0.9469,0.0000,-0.4791,0.0000,0,
39.4417,180.9900,WALKING,SWING,0.6250,-41.900,-48.300,-57.028,0.9239,0.0000,-0.3636,0.0000,0,
39.4497,181.0000,WALKING,SWING,0.6458,-42.100,-56.300,-57.028,0.8969,0.0000,-0.3156,0.0000,0,
39.4618,181.0100,WALKING,SWING,0.6667,-43.300,-89.500,-57.028,0.8660,0.0000,-0.1016,0.0000,0,
39.4697,181.0200,WALKING,SWING,0.6875,-44.200,-105.100,-57.028,0.8315,0.0000,0.0124,0.0602,0,
39.4817,181.0300,WALKING,SWING,0.7083,-45.400,-120.800,-57.028,0.7934,0.0000,0.1389,0.2056,0,
39.4897,181.0400,WALKING,SWING,0.7292,-46.800,-130.900,-57.028,0.7518,0.0000,0.2454,0.3000,1,
39.5017,181.0500,WALKING,SWING,0.7500,-48.100,-134.600,-57.028,0.7071,0.0000,0.3159,0.3000,1,
39.5097,181.0600,WALKING,SWING,0.7708,-49.500,-129.800,-57.028,0.6593,0.0000,0.3479,0.3000,1,
39.5217,181.0700,WALKING,SWING,0.7917,-50.700,-114.700,-57.028,0.6088,0.0000,0.3204,0.3000,1,
39.5298,181.0800,WALKING,SWING,0.8125,-51.700,-94.900,-57.028,0.5556,0.0000,0.2614,0.3000,1,
39.5417,181.0900,WALKING,SWING,0.8333,-52.500,-76.400,-57.028,0.5000,0.0000,0.2009,0.2769,0,
39.5496,181.1000,WALKING,SWING,0.8542,-53.200,-60.900,-57.028,0.4423,0.0000,0.1514,0.2200,0,
39.5617,181.1100,WALKING,SWING,0.8750,-53.600,-43.200,-57.028,0.3827,0.0000,0.0789,0.1367,0,
39.5697,181.1200,WALKING,SWING,0.8958,-53.900,-23.700,-57.028,0.3214,0.0000,-0.0066,0.0000,0,
39.5817,181.1300,WALKING,SWING,0.9167,-54.100,-12.600,-57.028,0.2588,0.0000,-0.0541,0.0000,0,
39.5897,181.1400,WALKING,SWING,0.9375,-54.200,-8.500,-57.028,0.1951,0.0000,-0.0706,0.0000,0,
39.6018,181.1500,WALKING,SWING,0.9583,-54.300,-8.400,-57.028,0.1305,0.0000,-0.0671,0.0000,0,
39.6098,181.1600,WALKING,SWING,0.9792,-54.400,-13.700,-57.028,0.0654,0.0000,-0.0366,0.0000,0,
39.6217,181.1700,WALKING,STANCE,0.0000,-54.600,-20.500,-57.028,0.0000,0.0000,0.0054,0.0522,0,
39.6258,181.1800,WALKING,STANCE,0.0139,-54.800,-28.400,-57.028,0.0000,0.0000,0.0529,0.1068,0,
39.6417,181.1900,WALKING,STANCE,0.0278,-55.200,-36.800,-57.028,0.0000,0.0000,0.1109,0.1734,0,
39.6497,181.2000,WALKING,STANCE,0.0417,-55.600,-45.300,-57.028,0.0000,0.0000,0.1694,0.2407,0,
39.6617,181.2100,WALKING,STANCE,0.0556,-56.100,-52.800,-57.028,0.0000,0.0000,0.2269,0.3000,1,
39.6697,181.2200,WALKING,STANCE,0.0694,-56.600,-52.900,-57.028,0.0000,0.0000,0.2474,0.3000,1,
39.6817,181.2300,WALKING,STANCE,0.0833,-57.200,-52.000,-57.028,0.0000,0.0000,0.2669,0.3000,1,
39.6897,181.2400,WALKING,STANCE,0.0972,-57.700,-54.100,-57.028,0.0000,0.0000,0.2974,0.3000,1,
39.7017,181.2500,WALKING,STANCE,0.1111,-58.300,-59.300,-57.028,0.0000,0.0000,0.3474,0.3000,1,
39.7097,181.2600,WALKING,STANCE,0.1250,-58.900,-67.000,-57.028,0.0000,0.0000,0.4099,0.3000,1,
39.7217,181.2700,WALKING,STANCE,0.1389,-59.600,-75.400,-57.028,0.0000,0.0000,0.4799,0.3000,1,
39.7298,181.2800,WALKING,STANCE,0.1528,-60.500,-89.600,-57.028,0.0000,0.0000,0.5869,0.3000,1,
39.7416,181.2900,WALKING,STANCE,0.1667,-61.500,-105.600,-57.028,0.0000,0.0000,0.7069,0.3000,1,
39.7537,181.3000,WALKING,STANCE,0.1806,-62.700,-120.200,-57.028,0.0000,0.0000,0.8279,0.3000,1,
39.7617,181.3100,WALKING,STANCE,0.1944,-64.000,-136.000,-57.028,0.0000,0.0000,0.9589,0.3000,1,
39.7737,181.3200,WALKING,STANCE,0.2083,-65.400,-148.200,-57.028,0.0000,0.0000,1.0759,0.3000,1,
39.7817,181.3300,WALKING,STANCE,0.2222,-67.000,-162.800,-57.028,0.0000,0.0000,1.2129,0.3000,1,
39.7937,181.3400,WALKING,STANCE,0.2361,-68.700,-178.300,-57.028,0.0000,0.0000,1.3584,0.3000,1,
39.8017,181.3500,WALKING,STANCE,0.2500,-70.700,-194.400,-57.028,0.0000,0.0000,1.5189,0.3000,1,
39.8138,181.3600,WALKING,STANCE,0.2639,-72.700,-207.400,-57.028,0.0000,0.0000,1.6639,0.3000,1,
39.8217,181.3700,WALKING,STANCE,0.2778,-74.800,-217.400,-57.028,0.0000,0.0000,1.7979,0.3000,1,
39.8335,181.3800,WALKING,STANCE,0.2917,-77.100,-231.700,-57.028,0.0000,0.0000,1.9614,0.3000,1,
39.8417,181.3900,WALKING,STANCE,0.3056,-79.500,-247.000,-57.028,0.0000,0.0000,2.1339,0.3000,1,
39.8537,181.4000,WALKING,STANCE,0.3194,-82.100,-261.400,-57.028,0.0000,0.0000,2.3099,0.3000,1,
39.8617,181.4100,WALKING,STANCE,0.3333,-84.900,-277.900,-57.028,0.0000,0.0000,2.5044,0.3000,1,
39.8737,181.4200,WALKING,STANCE,0.3472,-87.900,-296.900,-57.028,0.0000,0.0000,2.7194,0.3000,1,
39.8818,181.4300,WALKING,STANCE,0.3611,-90.900,-310.000,-57.028,0.0000,0.0000,2.9049,0.3000,1,
39.8937,181.4400,WALKING,STANCE,0.3750,-94.100,-324.100,-57.028,0.0000,0.0000,3.1034,0.3000,1,
39.9017,181.4500,WALKING,STANCE,0.3889,-97.500,-349.000,-57.028,0.0000,0.0000,3.3639,0.3000,1,
39.9137,181.4600,WALKING,STANCE,0.4028,-101.100,-366.900,-57.028,0.0000,0.0000,3.5974,0.3000,1,
39.9218,181.4700,WALKING,STANCE,0.4167,-105.000,-381.200,-57.028,0.0000,0.0000,3.8249,0.3000,1,
39.9338,181.4800,WALKING,STANCE,0.4306,-108.900,-396.800,-57.028,0.0000,0.0000,4.0589,0.3000,1,
39.9417,181.4900,WALKING,STANCE,0.4444,-112.900,-404.500,-57.028,0.0000,0.0000,4.2574,0.3000,1,
39.9537,181.5000,WALKING,STANCE,0.4583,-117.100,-419.600,-57.028,0.0000,0.0000,4.5009,0.3000,1,
39.9617,181.5100,WALKING,STANCE,0.4722,-121.300,-435.000,-57.028,0.0000,0.0000,4.7459,0.3000,1,
39.9736,181.5200,WALKING,STANCE,0.4861,-125.900,-450.300,-57.028,0.0000,0.0000,5.0064,0.3000,1,
39.9817,181.5300,WALKING,STANCE,0.5000,-130.300,-440.200,-57.028,0.0000,0.0000,5.1319,0.3000,1,
39.9936,181.5400,WALKING,STANCE,0.5139,-134.500,-419.800,-57.028,0.0000,0.0000,5.1979,0.3000,1,
40.0017,181.5500,WALKING,STANCE,0.5278,-138.500,-376.100,-57.028,0.0000,0.0000,5.1394,0.3000,1,
40.0137,181.5600,WALKING,STANCE,0.5417,-141.900,-322.800,-57.028,0.0000,0.0000,5.0089,0.3000,1,
40.0217,181.5700,WALKING,STANCE,0.5556,-144.700,-264.600,-57.028,0.0000,0.0000,4.8299,0.3000,1,
40.0338,181.5800,WALKING,STANCE,0.5694,-146.900,-196.600,-57.028,0.0000,0.0000,4.5779,0.3000,1,
40.0417,181.5900,WALKING,STANCE,0.5833,-148.400,-126.700,-57.028,0.0000,0.0000,4.2884,0.3000,1,
40.0537,181.6000,WALKING,STANCE,0.5972,-149.200,-56.800,-57.028,0.0000,0.0000,3.9709,0.3000,1,
40.0617,181.6100,WALKING,STANCE,0.6111,-149.300,8.900,-57.028,0.0000,0.0000,3.6464,0.3000,1,
40.0737,181.6200,WALKING,STANCE,0.6250,-148.900,56.100,-57.028,0.0000,0.0000,3.3944,0.3000,1,
40.0818,181.6300,WALKING,STANCE,0.6389,-148.000,102.300,-57.028,0.0000,0.0000,3.1274,0.3000,1,
40.0937,181.6400,WALKING,STANCE,0.6528,-146.700,149.000,-57.028,0.0000,0.0000,2.8419,0.3000,1,
40.1018,181.6500,WALKING,STANCE,0.6667,-144.800,197.300,-57.028,0.0000,0.0000,2.5244,0.3000,1,
40.1137,181.6600,WALKING,STANCE,0.6806,-142.500,243.400,-57.028,0.0000,0.0000,2.2019,0.3000,1,
40.1217,181.6700,WALKING,STANCE,0.6944,-139.800,287.800,-57.028,0.0000,0.0000,1.8719,0.3000,1,
40.1338,181.6800,WALKING,STANCE,0.7083,-136.600,334.200,-57.028,0.0000,0.0000,1.5119,0.3000,1,
40.1416,181.6900,WALKING,STANCE,0.7222,-132.900,380.300,-57.028,0.0000,0.0000,1.1334,0.3000,1,
40.1537,181.7000,WALKING,STANCE,0.7361,-128.900,419.800,-57.028,0.0000,0.0000,0.7759,0.3000,1,
40.1617,181.7100,WALKING,STANCE,0.7500,-124.300,470.300,-57.028,0.0000,0.0000,0.3394,0.3000,1,
40.1737,181.7200,WALKING,STANCE,0.7639,-119.300,506.600,-57.028,0.0000,0.0000,-0.0421,0.0000,0,
40.1818,181.7300,WALKING,STANCE,0.7778,-114.000,544.200,-57.028,0.0000,0.0000,-0.4421,0.0000,0,
40.1938,181.7400,WALKING,STANCE,0.7917,-108.300,588.600,-57.028,0.0000,0.0000,-0.8921,0.0000,0,
40.2017,181.7500,WALKING,STANCE,0.8056,-102.200,624.000,-57.028,0.0000,0.0000,-1.3131,0.0000,0,
40.2137,181.7600,WALKING,STANCE,0.8194,-95.700,646.100,-57.028,0.0000,0.0000,-1.6836,0.0000,0,
40.2217,181.7700,WALKING,STANCE,0.8333,-89.200,661.400,-57.028,0.0000,0.0000,-2.0201,0.0000,0,
40.2337,181.7800,WALKING,STANCE,0.8472,-82.500,670.400,-57.028,0.0000,0.0000,-2.3331,0.0000,0,
40.2418,181.7900,WALKING,STANCE,0.8611,-75.800,669.600,-57.028,0.0000,0.0000,-2.5971,0.0000,0,
40.2537,181.8000,WALKING,STANCE,0.8750,-69.100,665.500,-57.028,0.0000,0.0000,-2.8446,0.0000,0,
40.2617,181.8100,WALKING,STANCE,0.8889,-62.600,633.900,-57.028,0.0000,0.0000,-2.9466,0.0000,0,
40.2737,181.8200,WALKING,STANCE,0.9028,-56.600,592.100,-57.028,0.0000,0.0000,-2.9776,0.0000,0,
40.2817,181.8300,WALKING,STANCE,0.9167,-51.000,544.800,-57.028,0.0000,0.0000,-2.9651,0.0000,0,
40.2938,181.8400,WALKING,STANCE,0.9306,-46.000,480.900,-57.028,0.0000,0.0000,-2.8456,0.0000,0,
40.3018,181.8500,WALKING,STANCE,0.9444,-41.600,420.800,-57.028,0.0000,0.0000,-2.7211,0.0000,0,
40.3137,181.8600,WALKING,STANCE,0.9583,-37.700,369.400,-57.028,0.0000,0.0000,-2.6201,0.0000,0,
40.3217,181.8700,WALKING,STANCE,0.9722,-34.300,331.800,-57.028,0.0000,0.0000,-2.5681,0.0000,0,
40.3337,181.8800,WALKING,STANCE,0.9861,-31.200,300.900,-57.028,0.0000,0.0000,-2.5376,0.0000,0,
40.3417,181.8900,WALKING,STANCE,1.0000,-28.300,280.800,-57.028,0.0000,0.0000,-2.5531,0.0000,0,
40.3537,181.9000,WALKING,SWING,0.0208,-25.600,273.400,-57.028,0.0654,0.0000,-2.6241,0.0000,0,
40.3617,181.9100,WALKING,SWING,0.0417,-22.900,272.000,-57.028,0.1305,0.0000,-2.7251,0.0000,0,
40.3737,181.9200,WALKING,SWING,0.0625,-20.200,268.900,-57.028,0.1951,0.0000,-2.8176,0.0000,0,
40.3817,181.9300,WALKING,SWING,0.0833,-17.500,268.700,-57.028,0.2588,0.0000,-2.9246,0.0000,0,
40.3937,181.9400,WALKING,SWING,0.1042,-14.800,266.800,-57.028,0.3214,0.0000,-3.0231,0.0000,0,
40.4017,181.9500,WALKING,SWING,0.1250,-12.300,247.600,-57.028,0.3827,0.0000,-3.0271,0.0000,0,
40.4138,181.9600,WALKING,SWING,0.1458,-10.000,217.800,-57.028,0.4423,0.0000,-2.9701,0.0000,0,
40.4217,181.9700,WALKING,SWING,0.1667,-8.100,179.000,-57.028,0.5000,0.0000,-2.8521,0.0000,0,
40.4337,181.9800,WALKING,SWING,0.1875,-6.600,124.300,-57.028,0.5556,0.0000,-2.6386,0.0000,0,
40.4418,181.9900,WALKING,SWING,0.2083,-6.000,32.400,-57.028,0.6088,0.0000,-2.2031,0.0000,0,
40.4537,182.0000,WALKING,SWING,0.2292,-6.100,-4.700,-57.028,0.6593,0.0000,-2.0136,0.0000,0,
40.4658,182.0100,WALKING,SWING,0.2500,-6.600,-42.900,-57.028,0.7071,0.0000,-1.8026,0.0000,0,
40.4737,182.0300,WALKING,SWING,0.2917,-7.500,-53.200,-57.028,0.7934,0.0000,-1.7151,0.0000,0,
40.4857,182.0400,WALKING,SWING,0.3125,-8.200,-75.000,-57.028,0.8315,0.0000,-1.5781,0.0000,0,
40.4936,182.0500,WALKING,SWING,0.3333,-9.100,-101.400,-57.028,0.8660,0.0000,-1.4101,0.0000,0,
40.5057,182.0600,WALKING,SWING,0.3542,-10.300,-121.400,-57.028,0.8969,0.0000,-1.2621,0.0000,0,
40.5137,182.0700,WALKING,SWING,0.3750,-11.600,-137.200,-57.028,0.9239,0.0000,-1.1311,0.0000,0,
40.5256,182.0800,WALKING,SWING,0.3958,-13.100,-153.100,-57.028,0.9469,0.0000,-0.9916,0.0000,0,
40.5336,182.0900,WALKING,SWING,0.4167,-14.700,-167.300,-57.028,0.9659,0.0000,-0.8566,0.0000,0,
40.5456,182.1000,WALKING,SWING,0.4375,-16.400,-171.600,-57.028,0.9808,0.0000,-0.7671,0.0000,0,
40.5537,182.1100,WALKING,SWING,0.4583,-18.100,-168.100,-57.028,0.9914,0.0000,-0.7166,0.0000,0,
40.5657,182.1200,WALKING,SWING,0.4792,-19.800,-160.300,-57.028,0.9979,0.0000,-0.6876,0.0000,0,
40.5737,182.1300,WALKING,SWING,0.5000,-21.300,-152.900,-57.028,1.0000,0.0000,-0.6646,0.0000,0,
40.5857,182.1400,WALKING,SWING,0.5208,-22.800,-147.400,-57.028,0.9979,0.0000,-0.6321,0.0000,0,
40.5936,182.1500,WALKING,SWING,0.5417,-24.300,-144.700,-57.028,0.9914,0.0000,-0.5856,0.0000,0,
40.6057,182.1600,WALKING,SWING,0.5625,-25.700,-145.800,-57.028,0.9808,0.0000,-0.5241,0.0000,0,
40.6137,182.1700,WALKING,SWING,0.5833,-27.200,-150.400,-57.028,0.9659,0.0000,-0.4411,0.0000,0,
40.6257,182.1800,WALKING,SWING,0.6042,-28.700,-155.000,-57.028,0.9469,0.0000,-0.3581,0.0000,0,
40.6337,182.1900,WALKING,SWING,0.6250,-30.300,-159.500,-57.028,0.9239,0.0000,-0.2716,0.0000,0,
40.6457,182.2000,WALKING,SWING,0.6458,-31.900,-161.800,-57.028,0.8969,0.0000,-0.1961,0.0000,0,
40.6537,182.2100,WALKING,SWING,0.6667,-33.500,-157.600,-57.028,0.8660,0.0000,-0.1531,0.0000,0,
40.6657,182.2200,WALKING,SWING,0.6875,-35.000,-146.000,-57.028,0.8315,0.0000,-0.1511,0.0000,0,
40.6737,182.2300,WALKING,SWING,0.7083,-36.400,-128.000,-57.028,0.7934,0.0000,-0.1851,0.0000,0,
40.6857,182.2400,WALKING,SWING,0.7292,-37.500,-106.600,-57.028,0.7518,0.0000,-0.2481,0.0000,0,
40.6977,182.2500,WALKING,SWING,0.7500,-38.400,-80.900,-57.028,0.7071,0.0000,-0.3406,0.0000,0,
40.7057,182.2600,WALKING,SWING,0.7708,-39.000,-54.800,-57.028,0.6593,0.0000,-0.4471,0.0000,0,
40.7177,182.2700,WALKING,SWING,0.7917,-39.400,-27.900,-57.028,0.6088,0.0000,-0.5656,0.0000,0,
40.7257,182.2800,WALKING,SWING,0.8125,-39.500,-0.600,-57.028,0.5556,0.0000,-0.6981,0.0000,0,
40.7377,182.2900,WALKING,SWING,0.8333,-39.400,7.200,-57.028,0.5000,0.0000,-0.7411,0.0000,0,
40.7457,182.3000,WALKING,SWING,0.8542,-39.400,-1.900,-57.028,0.4423,0.0000,-0.6956,0.0000,0,
40.7577,182.3100,WALKING,SWING,0.8750,-39.400,-2.500,-57.028,0.3827,0.0000,-0.6926,0.0000,0,
40.7657,182.3200,WALKING,SWING,0.8958,-39.500,-4.100,-57.028,0.3214,0.0000,-0.6806,0.0000,0,
40.7777,182.3300,WALKING,SWING,0.9167,-39.600,-11.900,-57.028,0.2588,0.0000,-0.6376,0.0000,0,
40.7857,182.3400,WALKING,SWING,0.9375,-39.800,-27.800,-57.028,0.1951,0.0000,-0.5501,0.0000,0,
40.7978,182.3500,WALKING,SWING,0.9583,-40.200,-42.000,-57.028,0.1305,0.0000,-0.4631,0.0000,0,
40.8057,182.3600,WALKING,SWING,0.9792,-40.700,-56.700,-57.028,0.0654,0.0000,-0.3696,0.0000,0,
40.8177,182.3700,WALKING,STANCE,0.0000,-41.300,-71.300,-57.028,0.0000,0.0000,-0.2726,0.0000,0,
40.8296,182.3800,WALKING,STANCE,0.0139,-42.200,-87.000,-57.028,0.0000,0.0000,-0.1581,0.0000,0,
40.8376,182.3900,WALKING,STANCE,0.0278,-43.100,-100.200,-57.028,0.0000,0.0000,-0.0561,0.0000,0,
40.8497,182.4000,WALKING,STANCE,0.0417,-44.200,-111.500,-57.028,0.0000,0.0000,0.0444,0.0970,0,
40.8576,182.4100,WALKING,STANCE,0.0556,-45.400,-121.000,-57.028,0.0000,0.0000,0.1399,0.2068,0,
40.8697,182.4200,WALKING,STANCE,0.0694,-46.700,-126.600,-57.028,0.0000,0.0000,0.2199,0.2987,0,
40.8777,182.4300,WALKING,STANCE,0.0833,-47.900,-126.500,-57.028,0.0000,0.0000,0.2674,0.3000,1,
40.8897,182.4400,WALKING,STANCE,0.0972,-49.100,-117.200,-57.028,0.0000,0.0000,0.2689,0.3000,1,
40.8977,182.4500,WALKING,STANCE,0.1111,-50.200,-101.900,-57.028,0.0000,0.0000,0.2364,0.3000,1,
40.9097,182.4600,WALKING,STANCE,0.1250,-51.100,-84.800,-57.028,0.0000,0.0000,0.1869,0.2608,0,
40.9176,182.4700,WALKING,STANCE,0.1389,-51.800,-68.100,-57.028,0.0000,0.0000,0.1314,0.1970,0,
40.9297,182.4800,WALKING,STANCE,0.1528,-52.400,-52.800,-57.028,0.0000,0.0000,0.0789,0.1367,0,
40.9376,182.4900,WALKING,STANCE,0.1667,-52.900,-42.100,-57.028,0.0000,0.0000,0.0454,0.0982,0,
40.9497,182.5000,WALKING,STANCE,0.1806,-53.300,-37.800,-57.028,0.0000,0.0000,0.0399,0.0918,0,
40.9577,182.5100,WALKING,STANCE,0.1944,-53.600,-33.900,-57.028,0.0000,0.0000,0.0324,0.0832,0,
40.9697,182.5200,WALKING,STANCE,0.2083,-53.900,-31.200,-57.028,0.0000,0.0000,0.0309,0.0815,0,
40.9777,182.5300,WALKING,STANCE,0.2222,-54.200,-32.800,-57.028,0.0000,0.0000,0.0509,0.1045,0,
40.9897,182.5400,WALKING,STANCE,0.2361,-54.600,-34.800,-57.028,0.0000,0.0000,0.0769,0.1344,0,
40.9977,182.5500,WALKING,STANCE,0.2500,-54.900,-37.500,-57.028,0.0000,0.0000,0.1024,0.1637,0,
41.0097,182.5600,WALKING,STANCE,0.2639,-55.400,-42.300,-57.028,0.0000,0.0000,0.1464,0.2142,0,
41.0177,182.5700,WALKING,STANCE,0.2778,-55.800,-49.700,-57.028,0.0000,0.0000,0.1994,0.2752,0,
41.0297,182.5800,WALKING,STANCE,0.2917,-56.300,-51.800,-57.028,0.0000,0.0000,0.2299,0.3000,1,
41.0377,182.5900,WALKING,STANCE,0.3056,-56.900,-51.000,-57.028,0.0000,0.0000,0.2499,0.3000,1,
41.0497,182.6000,WALKING,STANCE,0.3194,-57.400,-51.600,-57.028,0.0000,0.0000,0.2729,0.3000,1,
41.0577,182.6100,WALKING,STANCE,0.3333,-57.900,-51.800,-57.028,0.0000,0.0000,0.2939,0.3000,1,
41.0697,182.6200,WALKING,STANCE,0.3472,-58.400,-57.500,-57.028,0.0000,0.0000,0.3424,0.3000,1,
41.0777,182.6300,WALKING,STANCE,0.3611,-59.100,-63.100,-57.028,0.0000,0.0000,0.3984,0.3000,1,
41.0897,182.6400,WALKING,STANCE,0.3750,-59.700,-68.700,-57.028,0.0000,0.0000,0.4504,0.3000,1,
41.0977,182.6500,WALKING,STANCE,0.3889,-60.500,-74.400,-57.028,0.0000,0.0000,0.5109,0.3000,1,
41.1097,182.6600,WALKING,STANCE,0.4028,-61.200,-81.000,-57.028,0.0000,0.0000,0.5719,0.3000,1,
41.1217,182.6700,WALKING,STANCE,0.4167,-62.100,-86.600,-57.028,0.0000,0.0000,0.6359,0.3000,1,
41.1297,182.6800,WALKING,STANCE,0.4306,-63.000,-92.700,-57.028,0.0000,0.0000,0.7024,0.3000,1,
41.1416,182.6900,WALKING,STANCE,0.4444,-64.000,-101.000,-57.028,0.0000,0.0000,0.7839,0.3000,1,
41.1496,182.7000,WALKING,STANCE,0.4583,-65.000,-108.100,-57.028,0.0000,0.0000,0.8594,0.3000,1,
41.1616,182.7100,WALKING,STANCE,0.4722,-66.200,-119.200,-57.028,0.0000,0.0000,0.9629,0.3000,1,
41.1697,182.7200,WALKING,STANCE,0.4861,-67.500,-132.700,-57.028,0.0000,0.0000,1.0824,0.3000,1,
41.1818,182.7300,WALKING,STANCE,0.5000,-68.900,-149.000,-57.028,0.0000,0.0000,1.2199,0.3000,1,
41.1897,182.7400,WALKING,STANCE,0.5139,-70.500,-167.600,-57.028,0.0000,0.0000,1.3769,0.3000,1,
41.2017,182.7500,WALKING,STANCE,0.5278,-72.400,-189.600,-57.028,0.0000,0.0000,1.5629,0.3000,1,
41.2097,182.7600,WALKING,STANCE,0.5417,-74.400,-212.700,-57.028,0.0000,0.0000,1.7584,0.3000,1,
41.2218,182.7700,WALKING,STANCE,0.5556,-76.700,-236.200,-57.028,0.0000,0.0000,1.9679,0.3000,1,
41.2298,182.7800,WALKING,STANCE,0.5694,-79.200,-261.600,-57.028,0.0000,0.0000,2.1949,0.3000,1,
41.2416,182.7900,WALKING,STANCE,0.5833,-82.000,-285.300,-57.028,0.0000,0.0000,2.4254,0.3000,1,
41.2497,182.8000,WALKING,STANCE,0.5972,-85.000,-309.500,-57.028,0.0000,0.0000,2.6664,0.3000,1,
41.2616,182.8100,WALKING,STANCE,0.6111,-88.300,-338.800,-57.028,0.0000,0.0000,2.9449,0.3000,1,
41.2695,182.8200,WALKING,STANCE,0.6250,-91.900,-365.900,-57.028,0.0000,0.0000,3.2244,0.3000,1,
41.2774,182.8300,WALKING,STANCE,0.6389,-95.800,-393.100,-57.028,0.0000,0.0000,3.5164,0.3000,1,
41.2898,182.8400,WALKING,STANCE,0.6528,-99.900,-422.500,-57.028,0.0000,0.0000,3.8274,0.3000,1,
41.3018,182.8500,WALKING,STANCE,0.6667,-104.300,-443.800,-57.028,0.0000,0.0000,4.1099,0.3000,1,
41.3097,182.8600,WALKING,STANCE,0.6806,-108.900,-470.500,-57.028,0.0000,0.0000,4.4274,0.3000,1,
41.3218,182.8700,WALKING,STANCE,0.6944,-113.700,-488.400,-57.028,0.0000,0.0000,4.7089,0.3000,1,
41.3297,182.8800,WALKING,STANCE,0.7083,-118.800,-510.400,-57.028,0.0000,0.0000,5.0229,0.3000,1,
41.3417,182.8900,WALKING,STANCE,0.7222,-124.000,-529.300,-57.028,0.0000,0.0000,5.3254,0.3000,1,
41.3496,182.9000,WALKING,STANCE,0.7361,-129.300,-523.600,-57.028,0.0000,0.0000,5.5089,0.3000,1,
41.3616,182.9100,WALKING,STANCE,0.7500,-134.400,-502.900,-57.028,0.0000,0.0000,5.6094,0.3000,1,
41.3697,182.9200,WALKING,STANCE,0.7639,-139.100,-458.500,-57.028,0.0000,0.0000,5.5754,0.3000,1,
41.3817,182.9300,WALKING,STANCE,0.7778,-143.400,-405.300,-57.028,0.0000,0.0000,5.4814,0.3000,1,
41.3897,182.9400,WALKING,STANCE,0.7917,-147.000,-341.400,-57.028,0.0000,0.0000,5.3059,0.3000,1,
41.4017,182.9500,WALKING,STANCE,0.8056,-149.900,-268.400,-57.028,0.0000,0.0000,5.0569,0.3000,1,
41.4097,182.9600,WALKING,STANCE,0.8194,-152.100,-197.300,-57.028,0.0000,0.0000,4.7894,0.3000,1,
41.4217,182.9700,WALKING,STANCE,0.8333,-153.600,-125.800,-57.028,0.0000,0.0000,4.4919,0.3000,1,
41.4297,182.9800,WALKING,STANCE,0.8472,-154.300,-53.700,-57.028,0.0000,0.0000,4.1594,0.3000,1,
41.4418,182.9900,WALKING,STANCE,0.8611,-154.400,12.400,-57.028,0.0000,0.0000,3.8329,0.3000,1,
41.4537,183.0000,WALKING,STANCE,0.8750,-154.200,38.600,-57.028,0.0000,0.0000,3.6939,0.3000,1,
41.4616,183.0100,WALKING,STANCE,0.8889,-153.000,109.200,-57.028,0.0000,0.0000,3.2929,0.3000,1,
41.4738,183.0200,WALKING,STANCE,0.9028,-151.600,155.700,-57.028,0.0000,0.0000,3.0044,0.3000,1,
41.4817,183.0300,WALKING,STANCE,0.9167,-149.700,200.400,-57.028,0.0000,0.0000,2.7049,0.3000,1,
41.4938,183.0400,WALKING,STANCE,0.9306,-147.400,246.100,-57.028,0.0000,0.0000,2.3844,0.3000,1,
41.5017,183.0500,WALKING,STANCE,0.9444,-144.600,294.600,-57.028,0.0000,0.0000,2.0299,0.3000,1,
41.5137,183.0600,WALKING,STANCE,0.9583,-141.300,339.100,-57.028,0.0000,0.0000,1.6754,0.3000,1,
41.5217,183.0700,WALKING,STANCE,0.9722,-137.600,382.800,-57.028,0.0000,0.0000,1.3089,0.3000,1,
41.5337,183.0800,WALKING,STANCE,0.9861,-133.500,430.600,-57.028,0.0000,0.0000,0.9059,0.3000,1,
41.5417,183.0900,WALKING,SWING,0.0000,-128.900,468.500,-57.028,0.0000,0.0000,0.5324,0.3000,1,
41.5537,183.1000,WALKING,SWING,0.0208,-123.900,518.100,-57.028,0.0654,0.0000,0.0844,0.1430,0,
41.5617,183.1100,WALKING,SWING,0.0417,-118.400,553.500,-57.028,0.1305,0.0000,-0.3126,0.0000,0,
41.5737,183.1200,WALKING,SWING,0.0625,-112.600,593.900,-57.028,0.1951,0.0000,-0.7466,0.0000,0,
41.5817,183.1300,WALKING,SWING,0.0833,-106.300,641.700,-57.028,0.2588,0.0000,-1.2376,0.0000,0,
41.5938,183.1400,WALKING,SWING,0.1042,-99.700,669.400,-57.028,0.3214,0.0000,-1.6401,0.0000,0,
41.6018,183.1500,WALKING,SWING,0.1250,-92.900,685.700,-57.028,0.3827,0.0000,-1.9936,0.0000,0,
41.6137,183.1600,WALKING,SWING,0.1458,-85.900,707.200,-57.028,0.4423,0.0000,-2.3811,0.0000,0,
41.6218,183.1700,WALKING,SWING,0.1667,-78.800,709.000,-57.028,0.5000,0.0000,-2.6741,0.0000,0,
41.6338,183.1800,WALKING,SWING,0.1875,-71.600,722.500,-57.028,0.5556,0.0000,-3.0296,0.0000,0,
41.6418,183.1900,WALKING,SWING,0.2083,-64.400,726.600,-57.028,0.6088,0.0000,-3.3381,0.0000,0,
41.6537,183.2000,WALKING,SWING,0.2292,-57.200,711.600,-57.028,0.6593,0.0000,-3.5511,0.0000,0,
41.6617,183.2100,WALKING,SWING,0.2500,-50.200,685.900,-57.028,0.7071,0.0000,-3.7026,0.0000,0,
41.6736,183.2200,WALKING,SWING,0.2708,-43.700,627.000,-57.028,0.7518,0.0000,-3.6681,0.0000,0,
41.6817,183.2300,WALKING,SWING,0.2917,-38.000,555.000,-57.028,0.7934,0.0000,-3.5361,0.0000,0,
41.6938,183.2400,WALKING,SWING,0.3125,-32.900,483.900,-57.028,0.8315,0.0000,-3.3846,0.0000,0,
41.7017,183.2500,WALKING,SWING,0.3333,-28.600,405.900,-57.028,0.8660,0.0000,-3.1666,0.0000,0,
41.7138,183.2600,WALKING,SWING,0.3542,-25.000,349.200,-57.028,0.8969,0.0000,-3.0271,0.0000,0,
41.7217,183.2700,WALKING,SWING,0.3750,-21.800,303.600,-57.028,0.9239,0.0000,-2.9271,0.0000,0,
41.7337,183.2800,WALKING,SWING,0.3958,-19.000,266.800,-57.028,0.9469,0.0000,-2.8551,0.0000,0,
41.7417,183.2900,WALKING,SWING,0.4167,-16.500,243.600,-57.028,0.9659,0.0000,-2.8391,0.0000,0,
41.7537,183.3000,WALKING,SWING,0.4375,-14.200,220.900,-57.028,0.9808,0.0000,-2.8176,0.0000,0,
41.7616,183.3100,WALKING,SWING,0.4583,-12.200,196.900,-57.028,0.9914,0.0000,-2.7776,0.0000,0,
41.7736,183.3200,WALKING,SWING,0.4792,-10.400,169.500,-57.028,0.9979,0.0000,-2.7126,0.0000,0,
41.7817,183.3300,WALKING,SWING,0.5000,-8.900,137.100,-57.028,1.0000,0.0000,-2.6106,0.0000,0,
41.7937,183.3400,WALKING,SWING,0.5208,-7.800,98.100,-57.028,0.9979,0.0000,-2.4596,0.0000,0,
41.8017,183.3500,WALKING,SWING,0.5417,-7.200,53.100,-57.028,0.9914,0.0000,-2.2586,0.0000,0,
41.8137,183.3600,WALKING,SWING,0.5625,-7.000,4.700,-57.028,0.9808,0.0000,-2.0246,0.0000,0,
41.8216,183.3700,WALKING,SWING,0.5833,-7.100,-19.100,-57.028,0.9659,0.0000,-1.9016,0.0000,0,
41.8336,183.3800,WALKING,SWING,0.6042,-7.400,-30.200,-57.028,0.9469,0.0000,-1.8341,0.0000,0,
41.8416,183.3900,WALKING,SWING,0.6250,-7.800,-41.400,-57.028,0.9239,0.0000,-1.7621,0.0000,0,
41.8536,183.4000,WALKING,SWING,0.6458,-8.300,-63.400,-57.028,0.8969,0.0000,-1.6321,0.0000,0,
41.8616,183.4100,WALKING,SWING,0.6667,-9.200,-95.400,-57.028,0.8660,0.0000,-1.4361,0.0000,0,
41.8735,183.4200,WALKING,SWING,0.6875,-10.400,-131.700,-57.028,0.8315,0.0000,-1.2066,0.0000,0,
41.8815,183.4300,WALKING,SWING,0.7083,-11.900,-156.700,-57.028,0.7934,0.0000,-1.0216,0.0000,0,
41.8935,183.4400,WALKING,SWING,0.7292,-13.500,-164.600,-57.028,0.7518,0.0000,-0.9181,0.0000,0,
41.9017,183.4500,WALKING,SWING,0.7500,-15.200,-168.000,-57.028,0.7071,0.0000,-0.8331,0.0000,0,
41.9136,183.4600,WALKING,SWING,0.7708,-16.900,-165.800,-57.028,0.6593,0.0000,-0.7761,0.0000,0,
41.9216,183.4700,WALKING,SWING,0.7917,-18.400,-154.000,-57.028,0.6088,0.0000,-0.7751,0.0000,0,
41.9336,183.4800,WALKING,SWING,0.8125,-19.900,-136.700,-57.028,0.5556,0.0000,-0.8016,0.0000,0,
41.9416,183.4900,WALKING,SWING,0.8333,-21.100,-119.800,-57.028,0.5000,0.0000,-0.8381,0.0000,0,
41.9536,183.5000,WALKING,SWING,0.8542,-22.200,-109.600,-57.028,0.4423,0.0000,-0.8451,0.0000,0,
41.9616,183.5100,WALKING,SWING,0.8750,-23.300,-107.800,-57.028,0.3827,0.0000,-0.8101,0.0000,0,
41.9735,183.5200,WALKING,SWING,0.8958,-24.400,-116.500,-57.028,0.3214,0.0000,-0.7226,0.0000,0,
41.9815,183.5300,WALKING,SWING,0.9167,-25.700,-132.000,-57.028,0.2588,0.0000,-0.5931,0.0000,0,
41.9936,183.5400,WALKING,SWING,0.9375,-27.200,-150.100,-57.028,0.1951,0.0000,-0.4426,0.0000,0,
42.0016,183.5500,WALKING,SWING,0.9583,-28.800,-164.700,-57.028,0.1305,0.0000,-0.3056,0.0000,0,
42.0136,183.5600,WALKING,SWING,0.9792,-30.500,-175.500,-57.028,0.0654,0.0000,-0.1836,0.0000,0,
42.0217,183.5700,WALKING,STANCE,0.0000,-32.300,-178.300,-57.028,0.0000,0.0000,-0.0976,0.0000,0,
42.0334,183.5800,WALKING,STANCE,0.0139,-34.000,-170.200,-57.028,0.0000,0.0000,-0.0701,0.0000,0,
42.0416,183.5900,WALKING,STANCE,0.0278,-35.600,-154.500,-57.028,0.0000,0.0000,-0.0846,0.0000,0,
42.0536,183.6000,WALKING,STANCE,0.0417,-37.000,-131.200,-57.028,0.0000,0.0000,-0.1451,0.0000,0,
42.0616,183.6100,WALKING,STANCE,0.0556,-38.100,-104.600,-57.028,0.0000,0.0000,-0.2341,0.0000,0,
42.0735,183.6200,WALKING,STANCE,0.0694,-39.000,-76.700,-57.028,0.0000,0.0000,-0.3376,0.0000,0,
42.0816,183.6300,WALKING,STANCE,0.0833,-39.600,-48.900,-57.028,0.0000,0.0000,-0.4526,0.0000,0,
42.0936,183.6400,WALKING,STANCE,0.0972,-39.900,-22.700,-57.028,0.0000,0.0000,-0.5716,0.0000,0,
42.1015,183.6500,WALKING,STANCE,0.1111,-39.900,1.600,-57.028,0.0000,0.0000,-0.6931,0.0000,0,
42.1136,183.6600,WALKING,STANCE,0.1250,-39.800,4.500,-57.028,0.0000,0.0000,-0.7116,0.0000,0,
42.1216,183.6700,WALKING,STANCE,0.1389,-39.900,-6.100,-57.028,0.0000,0.0000,-0.6546,0.0000,0,
42.1336,183.6800,WALKING,STANCE,0.1528,-40.000,-15.400,-57.028,0.0000,0.0000,-0.6041,0.0000,0,
42.1415,183.6900,WALKING,STANCE,0.1667,-40.300,-35.000,-57.028,0.0000,0.0000,-0.4941,0.0000,0,
42.1536,183.7000,WALKING,STANCE,0.1806,-40.800,-54.800,-57.028,0.0000,0.0000,-0.3751,0.0000,0,
42.1616,183.7100,WALKING,STANCE,0.1944,-41.500,-76.400,-57.028,0.0000,0.0000,-0.2391,0.0000,0,
42.1737,183.7200,WALKING,STANCE,0.2083,-42.400,-101.000,-57.028,0.0000,0.0000,-0.0801,0.0000,0,
42.1817,183.7300,WALKING,STANCE,0.2222,-43.600,-123.600,-57.028,0.0000,0.0000,0.0809,0.1390,0,
42.1936,183.7400,WALKING,STANCE,0.2361,-45.000,-143.500,-57.028,0.0000,0.0000,0.2364,0.3000,1,
42.2017,183.7500,WALKING,STANCE,0.2500,-46.500,-158.700,-57.028,0.0000,0.0000,0.3724,0.3000,1,
42.2138,183.7600,WALKING,STANCE,0.2639,-48.100,-165.800,-57.028,0.0000,0.0000,0.4719,0.3000,1,
42.2217,183.7700,WALKING,STANCE,0.2778,-49.800,-161.100,-57.028,0.0000,0.0000,0.5164,0.3000,1,
42.2337,183.7800,WALKING,STANCE,0.2917,-51.300,-146.700,-57.028,0.0000,0.0000,0.5044,0.3000,1,
42.2417,183.7900,WALKING,STANCE,0.3056,-52.700,-131.700,-57.028,0.0000,0.0000,0.4854,0.3000,1,
42.2537,183.8000,WALKING,STANCE,0.3194,-53.900,-117.100,-57.028,0.0000,0.0000,0.4604,0.3000,1,
42.2617,183.8100,WALKING,STANCE,0.3333,-55.000,-103.100,-57.028,0.0000,0.0000,0.4344,0.3000,1,
42.2737,183.8200,WALKING,STANCE,0.3472,-55.900,-91.900,-57.028,0.0000,0.0000,0.4144,0.3000,1,
42.2817,183.8300,WALKING,STANCE,0.3611,-56.700,-80.300,-57.028,0.0000,0.0000,0.3884,0.3000,1,
42.2937,183.8400,WALKING,STANCE,0.3750,-57.500,-69.300,-57.028,0.0000,0.0000,0.3654,0.3000,1,
42.3017,183.8500,WALKING,STANCE,0.3889,-58.100,-58.500,-57.028,0.0000,0.0000,0.3354,0.3000,1,
42.3138,183.8600,WALKING,STANCE,0.4028,-58.600,-51.100,-57.028,0.0000,0.0000,0.3184,0.3000,1,
42.3218,183.8700,WALKING,STANCE,0.4167,-59.100,-40.600,-57.028,0.0000,0.0000,0.2859,0.3000,1,
42.3337,183.8800,WALKING,STANCE,0.4306,-59.400,-31.000,-57.028,0.0000,0.0000,0.2499,0.3000,1,
42.3417,183.8900,WALKING,STANCE,0.4444,-59.700,-26.000,-57.028,0.0000,0.0000,0.2369,0.3000,1,
42.3537,183.9000,WALKING,STANCE,0.4583,-59.900,-22.000,-57.028,0.0000,0.0000,0.2249,0.3000,1,
42.3617,183.9100,WALKING,STANCE,0.4722,-60.100,-17.400,-57.028,0.0000,0.0000,0.2099,0.2872,0,
42.3737,183.9200,WALKING,STANCE,0.4861,-60.300,-18.600,-57.028,0.0000,0.0000,0.2239,0.3000,1,
42.3817,183.9300,WALKING,STANCE,0.5000,-60.500,-20.100,-57.028,0.0000,0.0000,0.2394,0.3000,1,
42.3937,183.9400,WALKING,STANCE,0.5139,-60.700,-25.300,-57.028,0.0000,0.0000,0.2734,0.3000,1,
42.4017,183.9500,WALKING,STANCE,0.5278,-61.000,-31.600,-57.028,0.0000,0.0000,0.3169,0.3000,1,
42.4137,183.9600,WALKING,STANCE,0.5417,-61.400,-39.700,-57.028,0.0000,0.0000,0.3734,0.3000,1,
42.4217,183.9700,WALKING,STANCE,0.5556,-61.800,-44.700,-57.028,0.0000,0.0000,0.4144,0.3000,1,
42.4337,183.9800,WALKING,STANCE,0.5694,-62.300,-52.200,-57.028,0.0000,0.0000,0.4719,0.3000,1,
42.4417,183.9900,WALKING,STANCE,0.5833,-62.900,-60.500,-57.028,0.0000,0.0000,0.5374,0.3000,1,
42.4537,184.0000,WALKING,STANCE,0.5972,-63.200,-65.000,-57.028,0.0000,0.0000,0.5719,0.3000,1,
42.4617,184.0100,WALKING,STANCE,0.6111,-64.300,-78.100,-57.028,0.0000,0.0000,0.6814,0.3000,1,
42.4737,184.0200,WALKING,STANCE,0.6250,-65.200,-87.900,-57.028,0.0000,0.0000,0.7664,0.3000,1,
42.4817,184.0300,WALKING,STANCE,0.6389,-66.100,-99.200,-57.028,0.0000,0.0000,0.8589,0.3000,1,
42.4937,184.0400,WALKING,STANCE,0.6528,-67.200,-113.000,-57.028,0.0000,0.0000,0.9719,0.3000,1,
42.5017,184.0500,WALKING,STANCE,0.6667,-68.400,-125.500,-57.028,0.0000,0.0000,1.0824,0.3000,1,
42.5136,184.0600,WALKING,STANCE,0.6806,-69.800,-136.100,-57.028,0.0000,0.0000,1.1914,0.3000,1,
42.5217,184.0700,WALKING,STANCE,0.6944,-71.200,-146.500,-57.028,0.0000,0.0000,1.2994,0.3000,1,
42.5337,184.0800,WALKING,STANCE,0.7083,-72.700,-156.500,-57.028,0.0000,0.0000,1.4094,0.3000,1,
42.5417,184.0900,WALKING,STANCE,0.7222,-74.400,-167.400,-57.028,0.0000,0.0000,1.5319,0.3000,1,
42.5537,184.1000,WALKING,STANCE,0.7361,-76.100,-176.600,-57.028,0.0000,0.0000,1.6459,0.3000,1,
42.5616,184.1100,WALKING,STANCE,0.7500,-77.900,-188.400,-57.028,0.0000,0.0000,1.7769,0.3000,1,
42.5736,184.1200,WALKING,STANCE,0.7639,-79.900,-199.000,-57.028,0.0000,0.0000,1.9099,0.3000,1,
42.5817,184.1300,WALKING,STANCE,0.7778,-82.000,-209.600,-57.028,0.0000,0.0000,2.0469,0.3000,1,
42.5937,184.1400,WALKING,STANCE,0.7917,-84.200,-224.700,-57.028,0.0000,0.0000,2.2104,0.3000,1,
42.6017,184.1500,WALKING,STANCE,0.8056,-86.600,-245.100,-57.028,0.0000,0.0000,2.4084,0.3000,1,
42.6137,184.1600,WALKING,STANCE,0.8194,-89.100,-263.700,-57.028,0.0000,0.0000,2.6014,0.3000,1,
42.6216,184.1700,WALKING,STANCE,0.8333,-91.900,-278.500,-57.028,0.0000,0.0000,2.7874,0.3000,1,
42.6336,184.1800,WALKING,STANCE,0.8472,-94.800,-294.100,-57.028,0.0000,0.0000,2.9814,0.3000,1,
42.6416,184.1900,WALKING,STANCE,0.8611,-97.900,-316.200,-57.028,0.0000,0.0000,3.2159,0.3000,1,
42.6536,184.2000,WALKING,STANCE,0.8750,-101.200,-340.000,-57.028,0.0000,0.0000,3.4669,0.3000,1,
42.6616,184.2100,WALKING,STANCE,0.8889,-104.800,-367.600,-57.028,0.0000,0.0000,3.7489,0.3000,1,
42.6736,184.2200,WALKING,STANCE,0.9028,-108.700,-398.900,-57.028,0.0000,0.0000,4.0614,0.3000,1,
42.6816,184.2300,WALKING,STANCE,0.9167,-112.800,-417.400,-57.028,0.0000,0.0000,4.3179,0.3000,1,
42.6936,184.2400,WALKING,STANCE,0.9306,-117.000,-426.000,-57.028,0.0000,0.0000,4.5289,0.3000,1,
42.7016,184.2500,WALKING,STANCE,0.9444,-121.300,-417.900,-57.028,0.0000,0.0000,4.6604,0.3000,1,
42.7136,184.2600,WALKING,STANCE,0.9583,-125.300,-396.600,-57.028,0.0000,0.0000,4.7139,0.3000,1,
42.7216,184.2700,WALKING,STANCE,0.9722,-129.000,-349.400,-57.028,0.0000,0.0000,4.6259,0.3000,1,
42.7335,184.2800,WALKING,STANCE,0.9861,-132.100,-293.700,-57.028,0.0000,0.0000,4.4714,0.3000,1,
42.7416,184.2900,WALKING,STANCE,1.0000,-134.600,-234.800,-57.028,0.0000,0.0000,4.2769,0.3000,1,
42.7535,184.3000,WALKING,SWING,0.0208,-136.500,-169.200,-57.028,0.0654,0.0000,4.0249,0.3000,1,
42.7616,184.3100,WALKING,SWING,0.0417,-137.700,-101.800,-57.028,0.1305,0.0000,3.7359,0.3000,1,
42.7736,184.3200,WALKING,SWING,0.0625,-138.300,-31.300,-57.028,0.1951,0.0000,3.4074,0.3000,1,
42.7817,184.3300,WALKING,SWING,0.0833,-138.200,27.900,-57.028,0.2588,0.0000,3.1074,0.3000,1,
42.7937,184.3400,WALKING,SWING,0.1042,-137.500,78.100,-57.028,0.3214,0.0000,2.8284,0.3000,1,
42.8016,184.3500,WALKING,SWING,0.1250,-136.400,126.500,-57.028,0.3827,0.0000,2.5424,0.3000,1,
42.8137,184.3600,WALKING,SWING,0.1458,-134.800,173.600,-57.028,0.4423,0.0000,2.2429,0.3000,1,
42.8217,184.3700,WALKING,SWING,0.1667,-132.800,219.600,-57.028,0.5000,0.0000,1.9329,0.3000,1,
42.8337,184.3800,WALKING,SWING,0.1875,-130.300,263.400,-57.028,0.5556,0.0000,1.6139,0.3000,1,
42.8416,184.3900,WALKING,SWING,0.2083,-127.300,311.200,-57.028,0.6088,0.0000,1.2549,0.3000,1,
42.8536,184.4000,WALKING,SWING,0.2292,-123.800,358.800,-57.028,0.6593,0.0000,0.8769,0.3000,1,
42.8616,184.4100,WALKING,SWING,0.2500,-120.000,397.400,-57.028,0.7071,0.0000,0.5319,0.3000,1,
42.8736,184.4200,WALKING,SWING,0.2708,-115.700,438.100,-57.028,0.7518,0.0000,0.1564,0.2257,0,
42.8816,184.4300,WALKING,SWING,0.2917,-111.100,479.000,-57.028,0.7934,0.0000,-0.2321,0.0000,0,
42.8936,184.4400,WALKING,SWING,0.3125,-105.900,527.400,-57.028,0.8315,0.0000,-0.6821,0.0000,0,
42.9016,184.4500,WALKING,SWING,0.3333,-100.400,565.500,-57.028,0.8660,0.0000,-1.0926,0.0000,0,
42.9136,184.4600,WALKING,SWING,0.3542,-94.500,599.600,-57.028,0.8969,0.0000,-1.4991,0.0000,0,
42.9217,184.4700,WALKING,SWING,0.3750,-88.400,620.700,-57.028,0.9239,0.0000,-1.8486,0.0000,0,
42.9336,184.4800,WALKING,SWING,0.3958,-82.100,630.700,-57.028,0.9469,0.0000,-2.1506,0.0000,0,
42.9416,184.4900,WALKING,SWING,0.4167,-75.700,637.200,-57.028,0.9659,0.0000,-2.4391,0.0000,0,
42.9536,184.5000,WALKING,SWING,0.4375,-69.200,655.300,-57.028,0.9808,0.0000,-2.7896,0.0000,0,
42.9616,184.5100,WALKING,SWING,0.4583,-62.600,662.700,-57.028,0.9914,0.0000,-3.0906,0.0000,0,
42.9736,184.5200,WALKING,SWING,0.4792,-56.000,658.800,-57.028,0.9979,0.0000,-3.3351,0.0000,0,
42.9816,184.5300,WALKING,SWING,0.5000,-49.500,645.900,-57.028,1.0000,0.0000,-3.5306,0.0000,0,
42.9936,184.5400,WALKING,SWING,0.5208,-43.200,611.300,-57.028,0.9979,0.0000,-3.6096,0.0000,0,
43.0015,184.5500,WALKING,SWING,0.5417,-37.500,563.100,-57.028,0.9914,0.0000,-3.5966,0.0000,0,
43.0135,184.5600,WALKING,SWING,0.5625,-32.200,507.300,-57.028,0.9808,0.0000,-3.5296,0.0000,0,
43.0216,184.5700,WALKING,SWING,0.5833,-27.600,438.700,-57.028,0.9659,0.0000,-3.3706,0.0000,0,
43.0337,184.5800,WALKING,SWING,0.6042,-23.600,385.300,-57.028,0.9469,0.0000,-3.2636,0.0000,0,
43.0417,184.5900,WALKING,SWING,0.6250,-20.100,334.200,-57.028,0.9239,0.0000,-3.1481,0.0000,0,
43.0536,184.6000,WALKING,SWING,0.6458,-17.000,300.000,-57.028,0.8969,0.0000,-3.1011,0.0000,0,
43.0616,184.6100,WALKING,SWING,0.6667,-14.200,275.500,-57.028,0.8660,0.0000,-3.0906,0.0000,0,
43.0737,184.6200,WALKING,SWING,0.6875,-11.600,249.200,-57.028,0.8315,0.0000,-3.0631,0.0000,0,
43.0816,184.6300,WALKING,SWING,0.7083,-9.300,221.200,-57.028,0.7934,0.0000,-3.0151,0.0000,0,
43.0936,184.6400,WALKING,SWING,0.7292,-7.300,192.300,-57.028,0.7518,0.0000,-2.9506,0.0000,0,
43.1016,184.6500,WALKING,SWING,0.7500,-5.700,135.800,-57.028,0.7071,0.0000,-2.7321,0.0000,0,
43.1136,184.6600,WALKING,SWING,0.7708,-4.900,70.400,-57.028,0.6593,0.0000,-2.4371,0.0000,0,
43.1216,184.6700,WALKING,SWING,0.7917,-4.500,20.400,-57.028,0.6088,0.0000,-2.2031,0.0000,0,
43.1336,184.6800,WALKING,SWING,0.8125,-4.600,-12.900,-57.028,0.5556,0.0000,-2.0326,0.0000,0,
43.1415,184.6900,WALKING,SWING,0.8333,-4.700,-16.400,-57.028,0.5000,0.0000,-2.0111,0.0000,0,
43.1536,184.7000,WALKING,SWING,0.8542,-4.900,-20.000,-57.028,0.4423,0.0000,-1.9851,0.0000,0,
43.1615,184.7100,WALKING,SWING,0.8750,-5.200,-37.700,-57.028,0.3827,0.0000,-1.8846,0.0000,0,
43.1736,184.7200,WALKING,SWING,0.8958,-5.800,-63.200,-57.028,0.3214,0.0000,-1.7331,0.0000,0,
43.1816,184.7300,WALKING,SWING,0.9167,-6.600,-87.400,-57.028,0.2588,0.0000,-1.5801,0.0000,0,
43.1936,184.7400,WALKING,SWING,0.9375,-7.600,-103.300,-57.028,0.1951,0.0000,-1.4606,0.0000,0,
43.2016,184.7500,WALKING,SWING,0.9583,-8.700,-124.300,-57.028,0.1305,0.0000,-1.3116,0.0000,0,
43.2136,184.7600,WALKING,SWING,0.9792,-10.100,-143.400,-57.028,0.0654,0.0000,-1.1601,0.0000,0,
43.2217,184.7700,WALKING,STANCE,0.0000,-11.600,-154.000,-57.028,0.0000,0.0000,-1.0471,0.0000,0,
43.2336,184.7800,WALKING,STANCE,0.0139,-13.200,-159.500,-57.028,0.0000,0.0000,-0.9556,0.0000,0,
43.2415,184.7900,WALKING,STANCE,0.0278,-14.800,-164.300,-57.028,0.0000,0.0000,-0.8676,0.0000,0,
43.2536,184.8000,WALKING,STANCE,0.0417,-16.500,-162.800,-57.028,0.0000,0.0000,-0.8071,0.0000,0,
43.2615,184.8100,WALKING,STANCE,0.0556,-18.000,-150.600,-57.028,0.0000,0.0000,-0.8081,0.0000,0,
43.2736,184.8200,WALKING,STANCE,0.0694,-19.400,-134.300,-57.028,0.0000,0.0000,-0.8336,0.0000,0,
43.2816,184.8300,WALKING,STANCE,0.0833,-20.600,-116.100,-57.028,0.0000,0.0000,-0.8766,0.0000,0,
43.2934,184.8400,WALKING,STANCE,0.0972,-21.700,-100.200,-57.028,0.0000,0.0000,-0.9121,0.0000,0,
43.3015,184.8500,WALKING,STANCE,0.1111,-22.600,-91.100,-57.028,0.0000,0.0000,-0.9216,0.0000,0,
43.3137,184.8600,WALKING,STANCE,0.1250,-23.500,-91.800,-57.028,0.0000,0.0000,-0.8821,0.0000,0,
43.3217,184.8700,WALKING,STANCE,0.1389,-24.500,-99.000,-57.028,0.0000,0.0000,-0.8061,0.0000,0,
43.3336,184.8800,WALKING,STANCE,0.1528,-25.500,-111.100,-57.028,0.0000,0.0000,-0.7056,0.0000,0,
43.3417,184.8900,WALKING,STANCE,0.1667,-26.700,-125.600,-57.028,0.0000,0.0000,-0.5851,0.0000,0,
43.3537,184.9000,WALKING,STANCE,0.1806,-28.100,-140.700,-57.028,0.0000,0.0000,-0.4536,0.0000,0,
43.3616,184.9100,WALKING,STANCE,0.1944,-29.600,-152.600,-57.028,0.0000,0.0000,-0.3341,0.0000,0,
43.3736,184.9200,WALKING,STANCE,0.2083,-31.200,-159.300,-57.028,0.0000,0.0000,-0.2366,0.0000,0,
43.3815,184.9300,WALKING,STANCE,0.2222,-32.800,-158.900,-57.028,0.0000,0.0000,-0.1746,0.0000,0,
43.3936,184.9400,WALKING,STANCE,0.2361,-34.300,-149.500,-57.028,0.0000,0.0000,-0.1616,0.0000,0,
43.4017,184.9500,WALKING,STANCE,0.2500,-35.700,-133.100,-57.028,0.0000,0.0000,-0.1876,0.0000,0,
43.4136,184.9600,WALKING,STANCE,0.2639,-36.900,-109.700,-57.028,0.0000,0.0000,-0.2566,0.0000,0,
43.4216,184.9700,WALKING,STANCE,0.2778,-37.800,-83.700,-57.028,0.0000,0.0000,-0.3506,0.0000,0,
43.4336,184.9800,WALKING,STANCE,0.2917,-38.400,-54.400,-57.028,0.0000,0.0000,-0.4731,0.0000,0,
43.4416,184.9900,WALKING,STANCE,0.3056,-38.800,-27.300,-57.028,0.0000,0.0000,-0.5926,0.0000,0,
43.4536,185.0000,WALKING,STANCE,0.3194,-38.900,-15.500,-57.028,0.0000,0.0000,-0.6476,0.0000,0,
43.4616,185.0100,WALKING,STANCE,0.3333,-38.900,4.500,-57.028,0.0000,0.0000,-0.7476,0.0000,0,
43.4736,185.0200,WALKING,STANCE,0.3472,-38.900,-0.800,-57.028,0.0000,0.0000,-0.7211,0.0000,0,
43.4816,185.0300,WALKING,STANCE,0.3611,-38.900,-5.800,-57.028,0.0000,0.0000,-0.6961,0.0000,0,
43.4936,185.0400,WALKING,STANCE,0.3750,-39.000,-11.500,-57.028,0.0000,0.0000,-0.6636,0.0000,0,
43.5017,185.0500,WALKING,STANCE,0.3889,-39.200,-20.300,-57.028,0.0000,0.0000,-0.6116,0.0000,0,
43.5137,185.0600,WALKING,STANCE,0.4028,-39.500,-35.100,-57.028,0.0000,0.0000,-0.5256,0.0000,0,
43.5217,185.0700,WALKING,STANCE,0.4167,-40.000,-53.500,-57.028,0.0000,0.0000,-0.4136,0.0000,0,
43.5336,185.0800,WALKING,STANCE,0.4306,-40.600,-69.700,-57.028,0.0000,0.0000,-0.3086,0.0000,0,
43.5416,185.0900,WALKING,STANCE,0.4444,-41.400,-80.500,-57.028,0.0000,0.0000,-0.2226,0.0000,0,
43.5536,185.1000,WALKING,STANCE,0.4583,-42.300,-91.000,-57.028,0.0000,0.0000,-0.1341,0.0000,0,
43.5616,185.1100,WALKING,STANCE,0.4722,-43.200,-98.000,-57.028,0.0000,0.0000,-0.0631,0.0000,0,
43.5736,185.1200,WALKING,STANCE,0.4861,-44.200,-99.300,-57.028,0.0000,0.0000,-0.0166,0.0000,0,
43.5816,185.1300,WALKING,STANCE,0.5000,-45.200,-100.400,-57.028,0.0000,0.0000,0.0289,0.0792,0,
43.5937,185.1400,WALKING,STANCE,0.5139,-46.200,-97.700,-57.028,0.0000,0.0000,0.0554,0.1096,0,
43.6017,185.1500,WALKING,STANCE,0.5278,-47.200,-93.400,-57.028,0.0000,0.0000,0.0739,0.1309,0,
43.6137,185.1600,WALKING,STANCE,0.5417,-48.100,-88.100,-57.028,0.0000,0.0000,0.0834,0.1418,0,
43.6217,185.1700,WALKING,STANCE,0.5556,-48.900,-75.500,-57.028,0.0000,0.0000,0.0524,0.1062,0,
43.6336,185.1800,WALKING,STANCE,0.5694,-49.500,-62.000,-57.028,0.0000,0.0000,0.0089,0.0562,0,
43.6417,185.1900,WALKING,STANCE,0.5833,-50.100,-49.800,-57.028,0.0000,0.0000,-0.0281,0.0000,0,
43.6537,185.2000,WALKING,STANCE,0.5972,-50.500,-40.600,-57.028,0.0000,0.0000,-0.0581,0.0000,0,
43.6617,185.2100,WALKING,STANCE,0.6111,-50.800,-32.300,-57.028,0.0000,0.0000,-0.0876,0.0000,0,
43.6735,185.2200,WALKING,STANCE,0.6250,-51.100,-27.700,-57.028,0.0000,0.0000,-0.0986,0.0000,0,
43.6817,185.2300,WALKING,STANCE,0.6389,-51.400,-26.800,-57.028,0.0000,0.0000,-0.0911,0.0000,0,
43.6896,185.2400,WALKING,STANCE,0.6528,-51.700,-26.300,-57.028,0.0000,0.0000,-0.0816,0.0000,0,
43.7017,185.2500,WALKING,STANCE,0.6667,-51.900,-26.900,-57.028,0.0000,0.0000,-0.0706,0.0000,0,
43.7137,185.2600,WALKING,STANCE,0.6806,-52.200,-30.300,-57.028,0.0000,0.0000,-0.0416,0.0000,0,
43.7217,185.2700,WALKING,STANCE,0.6944,-52.600,-36.300,-57.028,0.0000,0.0000,0.0044,0.0510,0,
43.7337,185.2800,WALKING,STANCE,0.7083,-53.000,-46.000,-57.028,0.0000,0.0000,0.0689,0.1252,0,
43.7417,185.2900,WALKING,STANCE,0.7222,-53.500,-53.900,-57.028,0.0000,0.0000,0.1284,0.1936,0,
43.7537,185.3000,WALKING,STANCE,0.7361,-54.100,-56.400,-57.028,0.0000,0.0000,0.1649,0.2355,0,
43.7617,185.3100,WALKING,STANCE,0.7500,-54.600,-57.100,-57.028,0.0000,0.0000,0.1884,0.2625,0,
43.7737,185.3200,WALKING,STANCE,0.7639,-55.200,-56.700,-57.028,0.0000,0.0000,0.2104,0.2878,0,
43.7817,185.3300,WALKING,STANCE,0.7778,-55.800,-57.900,-57.028,0.0000,0.0000,0.2404,0.3000,1,
43.7937,185.3400,WALKING,STANCE,0.7917,-56.400,-56.600,-57.028,0.0000,0.0000,0.2579,0.3000,1,
43.8017,185.3500,WALKING,STANCE,0.8056,-56.900,-57.700,-57.028,0.0000,0.0000,0.2834,0.3000,1,
43.8137,185.3600,WALKING,STANCE,0.8194,-57.500,-65.300,-57.028,0.0000,0.0000,0.3454,0.3000,1,
43.8217,185.3700,WALKING,STANCE,0.8333,-58.300,-75.900,-57.028,0.0000,0.0000,0.4304,0.3000,1,
43.8336,185.3800,WALKING,STANCE,0.8472,-59.100,-89.000,-57.028,0.0000,0.0000,0.5279,0.3000,1,
43.8416,185.3900,WALKING,STANCE,0.8611,-60.100,-103.900,-57.028,0.0000,0.0000,0.6424,0.3000,1,
43.8536,185.4000,WALKING,STANCE,0.8750,-61.300,-121.500,-57.028,0.0000,0.0000,0.7784,0.3000,1,
43.8616,185.4100,WALKING,STANCE,0.8889,-62.600,-139.600,-57.028,0.0000,0.0000,0.9209,0.3000,1,
43.8736,185.4200,WALKING,STANCE,0.9028,-64.100,-155.900,-57.028,0.0000,0.0000,1.0624,0.3000,1,
43.8817,185.4300,WALKING,STANCE,0.9167,-65.800,-172.400,-57.028,0.0000,0.0000,1.2129,0.3000,1,
43.8936,185.4400,WALKING,STANCE,0.9306,-67.600,-190.100,-57.028,0.0000,0.0000,1.3734,0.3000,1,
43.9016,185.4500,WALKING,STANCE,0.9444,-69.700,-207.900,-57.028,0.0000,0.0000,1.5464,0.3000,1,
43.9137,185.4600,WALKING,STANCE,0.9583,-71.900,-223.800,-57.028,0.0000,0.0000,1.7139,0.3000,1,
43.9217,185.4700,WALKING,STANCE,0.9722,-74.200,-233.900,-57.028,0.0000,0.0000,1.8564,0.3000,1,
43.9337,185.4800,WALKING,STANCE,0.9861,-76.600,-244.300,-57.028,0.0000,0.0000,2.0044,0.3000,1,
43.9417,185.4900,WALKING,SWING,0.0000,-79.100,-255.500,-57.028,0.0000,0.0000,2.1604,0.3000,1,
43.9537,185.5000,WALKING,SWING,0.0208,-81.800,-270.400,-57.028,0.0654,0.0000,2.3429,0.3000,1,
43.9617,185.5100,WALKING,SWING,0.0417,-84.600,-288.700,-57.028,0.1305,0.0000,2.5464,0.3000,1,
43.9736,185.5200,WALKING,SWING,0.0625,-87.600,-313.600,-57.028,0.1951,0.0000,2.7909,0.3000,1,
43.9816,185.5300,WALKING,SWING,0.0833,-90.900,-333.500,-57.028,0.2588,0.0000,3.0224,0.3000,1,
43.9936,185.5400,WALKING,SWING,0.1042,-94.400,-347.400,-57.028,0.3214,0.0000,3.2319,0.3000,1,
44.0016,185.5500,WALKING,SWING,0.1250,-98.000,-368.800,-57.028,0.3827,0.0000,3.4829,0.3000,1,
44.0136,185.5600,WALKING,SWING,0.1458,-101.800,-386.200,-57.028,0.4423,0.0000,3.7219,0.3000,1,
44.0216,185.5700,WALKING,SWING,0.1667,-105.800,-409.900,-57.028,0.5000,0.0000,4.0004,0.3000,1,
44.0336,185.5800,WALKING,SWING,0.1875,-110.100,-434.000,-57.028,0.5556,0.0000,4.2929,0.3000,1,
44.0415,185.5900,WALKING,SWING,0.2083,-114.500,-448.800,-57.028,0.6088,0.0000,4.5429,0.3000,1,
44.0536,185.6000,WALKING,SWING,0.2292,-119.100,-453.000,-57.028,0.6593,0.0000,4.7479,0.3000,1,
44.0616,185.6100,WALKING,SWING,0.2500,-123.500,-442.800,-57.028,0.7071,0.0000,4.8729,0.3000,1,
44.0736,185.6200,WALKING,SWING,0.2708,-127.800,-411.700,-57.028,0.7518,0.0000,4.8894,0.3000,1,
44.0816,185.6300,WALKING,SWING,0.2917,-131.500,-359.900,-57.028,0.7934,0.0000,4.7784,0.3000,1,
44.0936,185.6400,WALKING,SWING,0.3125,-134.800,-306.500,-57.028,0.8315,0.0000,4.6434,0.3000,1,
44.1015,185.6500,WALKING,SWING,0.3333,-137.400,-241.400,-57.028,0.8660,0.0000,4.4219,0.3000,1,
44.1136,185.6600,WALKING,SWING,0.3542,-139.300,-172.300,-57.028,0.8969,0.0000,4.1524,0.3000,1,
44.1216,185.6700,WALKING,SWING,0.3750,-140.600,-103.200,-57.028,0.9239,0.0000,3.8589,0.3000,1,
44.1336,185.6800,WALKING,SWING,0.3958,-141.100,-32.700,-57.028,0.9469,0.0000,3.5264,0.3000,1,
44.1416,185.6900,WALKING,SWING,0.4167,-141.000,29.600,-57.028,0.9659,0.0000,3.2109,0.3000,1,
44.1536,185.7000,WALKING,SWING,0.4375,-140.400,78.500,-57.028,0.9808,0.0000,2.9424,0.3000,1,
44.1616,185.7100,WALKING,SWING,0.4583,-139.200,126.900,-57.028,0.9914,0.0000,2.6524,0.3000,1,
44.1736,185.7200,WALKING,SWING,0.4792,-137.600,174.900,-57.028,0.9979,0.0000,2.3484,0.3000,1,
44.1816,185.7300,WALKING,SWING,0.5000,-135.500,224.300,-57.028,1.0000,0.0000,2.0174,0.3000,1,
44.1936,185.7400,WALKING,SWING,0.5208,-133.000,271.600,-57.028,0.9979,0.0000,1.6809,0.3000,1,
44.2016,185.7500,WALKING,SWING,0.5417,-130.000,312.400,-57.028,0.9914,0.0000,1.3569,0.3000,1,
44.2136,185.7600,WALKING,SWING,0.5625,-126.500,359.900,-57.028,0.9808,0.0000,0.9794,0.3000,1,
44.2216,185.7700,WALKING,SWING,0.5833,-122.600,404.600,-57.028,0.9659,0.0000,0.5999,0.3000,1,
44.2336,185.7800,WALKING,SWING,0.6042,-118.300,440.800,-57.028,0.9469,0.0000,0.2469,0.3000,1,
44.2416,185.7900,WALKING,SWING,0.6250,-113.600,480.100,-57.028,0.9239,0.0000,-0.1376,0.0000,0,
44.2536,185.8000,WALKING,SWING,0.6458,-108.500,523.900,-57.028,0.8969,0.0000,-0.5606,0.0000,0,
44.2616,185.8100,WALKING,SWING,0.6667,-103.000,563.600,-57.028,0.8660,0.0000,-0.9791,0.0000,0,
44.2736,185.8200,WALKING,SWING,0.6875,-97.200,600.700,-57.028,0.8315,0.0000,-1.3966,0.0000,0,
44.2816,185.8300,WALKING,SWING,0.7083,-91.000,614.300,-57.028,0.7934,0.0000,-1.7126,0.0000,0,
44.2936,185.8400,WALKING,SWING,0.7292,-84.700,631.000,-57.028,0.7518,0.0000,-2.0481,0.0000,0,
44.3016,185.8500,WALKING,SWING,0.7500,-78.400,632.300,-57.028,0.7071,0.0000,-2.3066,0.0000,0,
44.3135,185.8600,WALKING,SWING,0.7708,-72.000,635.400,-57.028,0.6593,0.0000,-2.5781,0.0000,0,
44.3216,185.8700,WALKING,SWING,0.7917,-65.800,623.100,-57.028,0.6088,0.0000,-2.7646,0.0000,0,
44.3336,185.8800,WALKING,SWING,0.8125,-59.600,608.100,-57.028,0.5556,0.0000,-2.9376,0.0000,0,
44.3416,185.8900,WALKING,SWING,0.8333,-53.800,575.700,-57.028,0.5000,0.0000,-3.0076,0.0000,0,
44.3536,185.9000,WALKING,SWING,0.8542,-48.200,539.900,-57.028,0.4423,0.0000,-3.0526,0.0000,0,
44.3616,185.9100,WALKING,SWING,0.8750,-43.200,483.000,-57.028,0.3827,0.0000,-2.9681,0.0000,0,
44.3736,185.9200,WALKING,SWING,0.8958,-38.800,429.700,-57.028,0.3214,0.0000,-2.8776,0.0000,0,
44.3816,185.9300,WALKING,SWING,0.9167,-34.800,386.800,-57.028,0.2588,0.0000,-2.8231,0.0000,0,
44.3936,185.9400,WALKING,SWING,0.9375,-31.200,348.000,-57.028,0.1951,0.0000,-2.7731,0.0000,0,
44.4016,185.9500,WALKING,SWING,0.9583,-27.900,315.700,-57.028,0.1305,0.0000,-2.7436,0.0000,0,
44.4136,185.9600,WALKING,SWING,0.9792,-24.900,299.300,-57.028,0.0654,0.0000,-2.7816,0.0000,0,
44.4216,185.9700,WALKING,STANCE,0.0000,-22.000,288.600,-57.028,0.0000,0.0000,-2.8441,0.0000,0,
44.4334,185.9800,WALKING,STANCE,0.0139,-19.200,281.100,-57.028,0.0000,0.0000,-2.9186,0.0000,0,
44.4416,185.9900,WALKING,STANCE,0.0278,-16.300,282.000,-57.028,0.0000,0.0000,-3.0391,0.0000,0,
44.4537,186.0000,WALKING,STANCE,0.0417,-14.900,279.300,-57.028,0.0000,0.0000,-3.0816,0.0000,0,
44.4616,186.0100,WALKING,STANCE,0.0556,-10.900,259.700,-57.028,0.0000,0.0000,-3.1436,0.0000,0,
44.4736,186.0200,WALKING,STANCE,0.0694,-8.400,239.900,-57.028,0.0000,0.0000,-3.1446,0.0000,0,
44.4815,186.0300,WALKING,STANCE,0.0833,-6.200,206.300,-57.028,0.0000,0.0000,-3.0646,0.0000,0,
44.4936,186.0400,WALKING,STANCE,0.0972,-4.600,139.100,-57.028,0.0000,0.0000,-2.7926,0.0000,0,
44.5016,186.0500,WALKING,STANCE,0.1111,-3.700,75.900,-57.028,0.0000,0.0000,-2.5126,0.0000,0,
44.5136,186.0600,WALKING,STANCE,0.1250,-3.300,18.400,-57.028,0.0000,0.0000,-2.2411,0.0000,0,
44.5216,186.0700,WALKING,STANCE,0.1389,-3.400,-20.200,-57.028,0.0000,0.0000,-2.0441,0.0000,0,
44.5335,186.0800,WALKING,STANCE,0.1528,-3.700,-28.200,-57.028,0.0000,0.0000,-1.9921,0.0000,0,
44.5416,186.0900,WALKING,STANCE,0.1667,-4.100,-40.300,-57.028,0.0000,0.0000,-1.9156,0.0000,0,
44.5536,186.1000,WALKING,STANCE,0.1806,-4.600,-62.800,-57.028,0.0000,0.0000,-1.7831,0.0000,0,
44.5616,186.1100,WALKING,STANCE,0.1944,-5.500,-96.600,-57.028,0.0000,0.0000,-1.5781,0.0000,0,
44.5736,186.1200,WALKING,STANCE,0.2083,-6.700,-134.200,-57.028,0.0000,0.0000,-1.3421,0.0000,0,
44.5816,186.1300,WALKING,STANCE,0.2222,-8.200,-158.500,-57.028,0.0000,0.0000,-1.1606,0.0000,0,
44.5936,186.1400,WALKING,STANCE,0.2361,-10.000,-185.800,-57.028,0.0000,0.0000,-0.9521,0.0000,0,
44.6016,186.1500,WALKING,STANCE,0.2500,-12.000,-210.400,-57.028,0.0000,0.0000,-0.7491,0.0000,0,
44.6136,186.1600,WALKING,STANCE,0.2639,-14.200,-218.400,-57.028,0.0000,0.0000,-0.6211,0.0000,0,
44.6216,186.1700,WALKING,STANCE,0.2778,-16.300,-209.000,-57.028,0.0000,0.0000,-0.5841,0.0000,0,
44.6335,186.1800,WALKING,STANCE,0.2917,-18.300,-188.700,-57.028,0.0000,0.0000,-0.6056,0.0000,0,
44.6416,186.1900,WALKING,STANCE,0.3056,-20.000,-161.400,-57.028,0.0000,0.0000,-0.6741,0.0000,0,
44.6536,186.2000,WALKING,STANCE,0.3194,-21.400,-130.200,-57.028,0.0000,0.0000,-0.7741,0.0000,0,
44.6616,186.2100,WALKING,STANCE,0.3333,-22.500,-98.800,-57.028,0.0000,0.0000,-0.8871,0.0000,0,
44.6736,186.2200,WALKING,STANCE,0.3472,-23.300,-71.100,-57.028,0.0000,0.0000,-0.9936,0.0000,0,
44.6816,186.2300,WALKING,STANCE,0.3611,-23.900,-52.900,-57.028,0.0000,0.0000,-1.0606,0.0000,0,
44.6936,186.2400,WALKING,STANCE,0.3750,-24.300,-46.300,-57.028,0.0000,0.0000,-1.0776,0.0000,0,
44.7016,186.2500,WALKING,STANCE,0.3889,-24.800,-48.200,-57.028,0.0000,0.0000,-1.0481,0.0000,0,
44.7136,186.2600,WALKING,STANCE,0.4028,-25.300,-58.600,-57.028,0.0000,0.0000,-0.9761,0.0000,0,
44.7217,186.2700,WALKING,STANCE,0.4167,-26.000,-74.700,-57.028,0.0000,0.0000,-0.8676,0.0000,0,
44.7336,186.2800,WALKING,STANCE,0.4306,-26.900,-95.600,-57.028,0.0000,0.0000,-0.7271,0.0000,0,
44.7415,186.2900,WALKING,STANCE,0.4444,-28.000,-113.700,-57.028,0.0000,0.0000,-0.5926,0.0000,0,
44.7537,186.3000,WALKING,STANCE,0.4583,-29.200,-126.900,-57.028,0.0000,0.0000,-0.4786,0.0000,0,
44.7616,186.3100,WALKING,STANCE,0.4722,-30.600,-134.300,-57.028,0.0000,0.0000,-0.3856,0.0000,0,
44.7737,186.3200,WALKING,STANCE,0.4861,-31.900,-134.700,-57.028,0.0000,0.0000,-0.3316,0.0000,0,
44.7817,186.3300,WALKING,STANCE,0.5000,-33.200,-125.000,-57.028,0.0000,0.0000,-0.3281,0.0000,0,
44.7937,186.3400,WALKING,STANCE,0.5139,-34.400,-110.200,-57.028,0.0000,0.0000,-0.3541,0.0000,0,
44.8018,186.3500,WALKING,STANCE,0.5278,-35.300,-88.000,-57.028,0.0000,0.0000,-0.4291,0.0000,0,
44.8137,186.3600,WALKING,STANCE,0.5417,-36.000,-63.100,-57.028,0.0000,0.0000,-0.5256,0.0000,0,
44.8218,186.3700,WALKING,STANCE,0.5556,-36.500,-37.000,-57.028,0.0000,0.0000,-0.6361,0.0000,0,
44.8337,186.3800,WALKING,STANCE,0.5694,-36.700,-15.800,-57.028,0.0000,0.0000,-0.7341,0.0000,0,
44.8416,186.3900,WALKING,STANCE,0.5833,-36.800,-1.700,-57.028,0.0000,0.0000,-0.8006,0.0000,0,
44.8537,186.4000,WALKING,STANCE,0.5972,-36.700,0.300,-57.028,0.0000,0.0000,-0.8146,0.0000,0,
44.8617,186.4100,WALKING,STANCE,0.6111,-36.800,-4.100,-57.028,0.0000,0.0000,-0.7886,0.0000,0,
44.8736,186.4200,WALKING,STANCE,0.6250,-36.800,-8.100,-57.028,0.0000,0.0000,-0.7686,0.0000,0,
44.8817,186.4300,WALKING,STANCE,0.6389,-37.000,-17.000,-57.028,0.0000,0.0000,-0.7161,0.0000,0,
44.8936,186.4400,WALKING,STANCE,0.6528,-37.300,-35.300,-57.028,0.0000,0.0000,-0.6126,0.0000,0,
44.9016,186.4500,WALKING,STANCE,0.6667,-37.800,-55.700,-57.028,0.0000,0.0000,-0.4906,0.0000,0,
44.9138,186.4600,WALKING,STANCE,0.6806,-38.400,-73.800,-57.028,0.0000,0.0000,-0.3761,0.0000,0,
44.9217,186.4700,WALKING,STANCE,0.6944,-39.300,-92.200,-57.028,0.0000,0.0000,-0.2481,0.0000,0,
44.9338,186.4800,WALKING,STANCE,0.7083,-40.400,-108.400,-57.028,0.0000,0.0000,-0.1231,0.0000,0,
44.9417,186.4900,WALKING,STANCE,0.7222,-41.500,-121.700,-57.028,0.0000,0.0000,-0.0126,0.0000,0,
44.9537,186.5000,WALKING,STANCE,0.7361,-42.800,-131.600,-57.028,0.0000,0.0000,0.0889,0.1482,0,
44.9615,186.5100,WALKING,STANCE,0.7500,-44.200,-137.400,-57.028,0.0000,0.0000,0.1739,0.2459,0,
44.9736,186.5200,WALKING,STANCE,0.7639,-45.600,-140.100,-57.028,0.0000,0.0000,0.2434,0.3000,1,
44.9817,186.5300,WALKING,STANCE,0.7778,-47.000,-136.400,-57.028,0.0000,0.0000,0.2809,0.3000,1,
44.9937,186.5400,WALKING,STANCE,0.7917,-48.200,-122.400,-57.028,0.0000,0.0000,0.2589,0.3000,1,
45.0017,186.5500,WALKING,STANCE,0.8056,-49.300,-99.900,-57.028,0.0000,0.0000,0.1904,0.2648,0,
45.0137,186.5600,WALKING,STANCE,0.8194,-50.100,-75.300,-57.028,0.0000,0.0000,0.0994,0.1602,0,
45.0217,186.5700,WALKING,STANCE,0.8333,-50.700,-54.300,-57.028,0.0000,0.0000,0.0184,0.0671,0,
45.0338,186.5800,WALKING,STANCE,0.8472,-51.100,-32.300,-57.028,0.0000,0.0000,-0.0756,0.0000,0,
45.0417,186.5900,WALKING,STANCE,0.8611,-51.300,-14.400,-57.028,0.0000,0.0000,-0.1571,0.0000,0,
45.0536,186.6000,WALKING,STANCE,0.8750,-51.400,-7.100,-57.028,0.0000,0.0000,-0.1896,0.0000,0,
45.0617,186.6100,WALKING,STANCE,0.8889,-51.500,-9.500,-57.028,0.0000,0.0000,-0.1736,0.0000,0,
45.0736,186.6200,WALKING,STANCE,0.9028,-51.600,-13.500,-57.028,0.0000,0.0000,-0.1496,0.0000,0,
45.0817,186.6300,WALKING,STANCE,0.9167,-51.800,-19.000,-57.028,0.0000,0.0000,-0.1141,0.0000,0,
45.0937,186.6400,WALKING,STANCE,0.9306,-52.000,-27.300,-57.028,0.0000,0.0000,-0.0646,0.0000,0,
45.1017,186.6500,WALKING,STANCE,0.9444,-52.300,-30.900,-57.028,0.0000,0.0000,-0.0346,0.0000,0,
45.1137,186.6600,WALKING,STANCE,0.9583,-52.700,-37.900,-57.028,0.0000,0.0000,0.0164,0.0648,0,
45.1218,186.6700,WALKING,STANCE,0.9722,-53.100,-46.400,-57.028,0.0000,0.0000,0.0749,0.1321,0,
45.1337,186.6800,WALKING,STANCE,0.9861,-53.700,-54.300,-57.028,0.0000,0.0000,0.1384,0.2050,0,
45.1457,186.6900,WALKING,SWING,0.0000,-54.200,-58.900,-57.028,0.0000,0.0000,0.1814,0.2545,0,
45.1537,186.7100,WALKING,SWING,0.0417,-55.400,-55.600,-57.028,0.1305,0.0000,0.2129,0.2907,0,
45.1657,186.7200,WALKING,SWING,0.0625,-55.900,-56.700,-57.028,0.1951,0.0000,0.2384,0.3000,1,
45.1737,186.7300,WALKING,SWING,0.0833,-56.500,-57.400,-57.028,0.2588,0.0000,0.2659,0.3000,1,
45.1857,186.7400,WALKING,SWING,0.1042,-57.100,-62.200,-57.028,0.3214,0.0000,0.3139,0.3000,1,
45.1937,186.7500,WALKING,SWING,0.1250,-57.800,-70.200,-57.028,0.3827,0.0000,0.3819,0.3000,1,
45.2057,186.7600,WALKING,SWING,0.1458,-58.600,-81.400,-57.028,0.4423,0.0000,0.4699,0.3000,1,
45.2138,186.7700,WALKING,SWING,0.1667,-59.500,-94.000,-57.028,0.5000,0.0000,0.5689,0.3000,1,
45.2257,186.7800,WALKING,SWING,0.1875,-60.500,-107.500,-57.028,0.5556,0.0000,0.6764,0.3000,1,
45.2336,186.7900,WALKING,SWING,0.2083,-61.700,-121.300,-57.028,0.6088,0.0000,0.7934,0.3000,1,
45.2457,186.8000,WALKING,SWING,0.2292,-63.000,-132.800,-57.028,0.6593,0.0000,0.9029,0.3000,1,
45.2537,186.8100,WALKING,SWING,0.2500,-64.400,-143.800,-57.028,0.7071,0.0000,1.0139,0.3000,1,
45.2656,186.8200,WALKING,SWING,0.2708,-65.900,-155.100,-57.028,0.7518,0.0000,1.1304,0.3000,1,
45.2737,186.8300,WALKING,SWING,0.2917,-67.500,-166.100,-57.028,0.7934,0.0000,1.2494,0.3000,1,
45.2857,186.8400,WALKING,SWING,0.3125,-69.300,-177.700,-57.028,0.8315,0.0000,1.3794,0.3000,1,
45.2936,186.8500,WALKING,SWING,0.3333,-71.100,-190.000,-57.028,0.8660,0.0000,1.5129,0.3000,1,
45.3056,186.8600,WALKING,SWING,0.3542,-73.100,-200.300,-57.028,0.8969,0.0000,1.6444,0.3000,1,
45.3135,186.8700,WALKING,SWING,0.3750,-75.200,-211.200,-57.028,0.9239,0.0000,1.7829,0.3000,1,
45.3256,186.8800,WALKING,SWING,0.3958,-77.400,-223.900,-57.028,0.9469,0.0000,1.9344,0.3000,1,
45.3378,186.8900,WALKING,SWING,0.4167,-79.700,-235.400,-57.028,0.9659,0.0000,2.0839,0.3000,1,
45.3457,186.9000,WALKING,SWING,0.4375,-82.100,-246.800,-57.028,0.9808,0.0000,2.2369,0.3000,1,
45.3577,186.9100,WALKING,SWING,0.4583,-84.700,-261.600,-57.028,0.9914,0.0000,2.4149,0.3000,1,
45.3656,186.9200,WALKING,SWING,0.4792,-87.500,-282.100,-57.028,0.9979,0.0000,2.6294,0.3000,1,
45.3817,186.9300,WALKING,SWING,0.5000,-90.400,-303.000,-57.028,1.0000,0.0000,2.8499,0.3000,1,
45.3897,186.9400,WALKING,SWING,0.5208,-93.500,-316.100,-57.028,0.9979,0.0000,3.0394,0.3000,1,
45.4017,186.9500,WALKING,SWING,0.5417,-96.800,-333.000,-57.028,0.9914,0.0000,3.2559,0.3000,1,
45.4097,186.9600,WALKING,SWING,0.5625,-100.200,-345.700,-57.028,0.9808,0.0000,3.4554,0.3000,1,
45.4217,186.9700,WALKING,SWING,0.5833,-103.800,-356.800,-57.028,0.9659,0.0000,3.6549,0.3000,1,
45.4298,186.9800,WALKING,SWING,0.6042,-107.500,-377.100,-57.028,0.9469,0.0000,3.9044,0.3000,1,
45.4417,186.9900,WALKING,SWING,0.6250,-111.400,-391.200,-57.028,0.9239,0.0000,4.1309,0.3000,1,
45.4497,187.0000,WALKING,SWING,0.6458,-113.400,-397.800,-57.028,0.8969,0.0000,4.2439,0.3000,1,
45.4616,187.0100,WALKING,SWING,0.6667,-119.500,-409.600,-57.028,0.8660,0.0000,4.5469,0.3000,1,
45.4696,187.0200,WALKING,SWING,0.6875,-123.500,-403.700,-57.028,0.8315,0.0000,4.6774,0.3000,1,
45.4776,187.0300,WALKING,SWING,0.7083,-127.400,-376.200,-57.028,0.7934,0.0000,4.6959,0.3000,1,
45.4897,187.0400,WALKING,SWING,0.7292,-130.800,-328.300,-57.028,0.7518,0.0000,4.5924,0.3000,1,
45.5017,187.0500,WALKING,SWING,0.7500,-133.800,-277.300,-57.028,0.7071,0.0000,4.4574,0.3000,1,
45.5098,187.0600,WALKING,SWING,0.7708,-136.100,-217.100,-57.028,0.6593,0.0000,4.2484,0.3000,1,
45.5218,187.0700,WALKING,SWING,0.7917,-137.800,-151.200,-57.028,0.6088,0.0000,3.9869,0.3000,1,
45.5298,187.0800,WALKING,SWING,0.8125,-138.900,-83.400,-57.028,0.5556,0.0000,3.6919,0.3000,1,
45.5418,187.0900,WALKING,SWING,0.8333,-139.300,-17.700,-57.028,0.5000,0.0000,3.3794,0.3000,1,
45.5498,187.1000,WALKING,SWING,0.8542,-139.100,33.500,-57.028,0.4423,0.0000,3.1154,0.3000,1,
45.5617,187.1100,WALKING,SWING,0.8750,-138.400,78.500,-57.028,0.3827,0.0000,2.8624,0.3000,1,
45.5697,187.1200,WALKING,SWING,0.8958,-137.300,126.800,-57.028,0.3214,0.0000,2.5769,0.3000,1,
45.5817,187.1300,WALKING,SWING,0.9167,-135.700,174.500,-57.028,0.2588,0.0000,2.2744,0.3000,1,
45.5897,187.1400,WALKING,SWING,0.9375,-133.600,223.700,-57.028,0.1951,0.0000,1.9444,0.3000,1,
45.6017,187.1500,WALKING,SWING,0.9583,-131.100,267.600,-57.028,0.1305,0.0000,1.6249,0.3000,1,
45.6138,187.1600,WALKING,SWING,0.9792,-128.100,312.400,-57.028,0.0654,0.0000,1.2809,0.3000,1,
45.6257,187.1700,WALKING,STANCE,0.0000,-124.600,360.700,-57.028,0.0000,0.0000,0.8994,0.3000,1,
45.6376,187.1900,WALKING,STANCE,0.0278,-116.500,437.500,-57.028,0.0000,0.0000,0.1914,0.2660,0,
45.6457,187.2000,WALKING,STANCE,0.0417,-111.800,476.500,-57.028,0.0000,0.0000,-0.1916,0.0000,0,
45.6577,187.2100,WALKING,STANCE,0.0556,-106.800,522.000,-57.028,0.0000,0.0000,-0.6191,0.0000,0,
45.6657,187.2200,WALKING,STANCE,0.0694,-101.300,556.600,-57.028,0.0000,0.0000,-1.0121,0.0000,0,
45.6777,187.2300,WALKING,STANCE,0.0833,-95.500,582.600,-57.028,0.0000,0.0000,-1.3741,0.0000,0,
45.6856,187.2400,WALKING,STANCE,0.0972,-89.600,593.800,-57.028,0.0000,0.0000,-1.6661,0.0000,0,
45.6976,187.2500,WALKING,STANCE,0.1111,-83.600,603.600,-57.028,0.0000,0.0000,-1.9551,0.0000,0,
45.7057,187.2600,WALKING,STANCE,0.1250,-77.600,603.700,-57.028,0.0000,0.0000,-2.1956,0.0000,0,
45.7176,187.2700,WALKING,STANCE,0.1389,-71.500,599.700,-57.028,0.0000,0.0000,-2.4196,0.0000,0,
45.7257,187.2800,WALKING,STANCE,0.1528,-65.700,578.500,-57.028,0.0000,0.0000,-2.5456,0.0000,0,
45.7376,187.2900,WALKING,STANCE,0.1667,-60.100,554.800,-57.028,0.0000,0.0000,-2.6511,0.0000,0,
45.7459,187.3000,WALKING,STANCE,0.1806,-54.800,514.100,-57.028,0.0000,0.0000,-2.6596,0.0000,0,
45.7577,187.3100,WALKING,STANCE,0.1944,-49.900,479.800,-57.028,0.0000,0.0000,-2.6841,0.0000,0,
45.7657,187.3200,WALKING,STANCE,0.2083,-45.400,430.000,-57.028,0.0000,0.0000,-2.6151,0.0000,0,
45.7777,187.3300,WALKING,STANCE,0.2222,-41.400,388.200,-57.028,0.0000,0.0000,-2.5661,0.0000,0,
45.7857,187.3400,WALKING,STANCE,0.2361,-37.800,352.200,-57.028,0.0000,0.0000,-2.5301,0.0000,0,
45.7977,187.3500,WALKING,STANCE,0.2500,-34.400,328.800,-57.028,0.0000,0.0000,-2.5491,0.0000,0,
45.8057,187.3600,WALKING,STANCE,0.2639,-31.300,309.700,-57.028,0.0000,0.0000,-2.5776,0.0000,0,
45.8176,187.3700,WALKING,STANCE,0.2778,-28.300,297.800,-57.028,0.0000,0.0000,-2.6381,0.0000,0,
45.8257,187.3800,WALKING,STANCE,0.2917,-25.300,297.600,-57.028,0.0000,0.0000,-2.7571,0.0000,0,
45.8377,187.3900,WALKING,STANCE,0.3056,-22.300,298.800,-57.028,0.0000,0.0000,-2.8831,0.0000,0,
45.8456,187.4000,WALKING,STANCE,0.3194,-19.300,296.900,-57.028,0.0000,0.0000,-2.9936,0.0000,0,
45.8577,187.4100,WALKING,STANCE,0.3333,-16.400,300.600,-57.028,0.0000,0.0000,-3.1281,0.0000,0,
45.8657,187.4200,WALKING,STANCE,0.3472,-13.300,298.300,-57.028,0.0000,0.0000,-3.2406,0.0000,0,
45.8776,187.4300,WALKING,STANCE,0.3611,-10.500,279.900,-57.028,0.0000,0.0000,-3.2606,0.0000,0,
45.8857,187.4400,WALKING,STANCE,0.3750,-7.900,251.300,-57.028,0.0000,0.0000,-3.2216,0.0000,0,
45.8977,187.4500,WALKING,STANCE,0.3889,-5.700,196.600,-57.028,0.0000,0.0000,-3.0361,0.0000,0,
45.9056,187.4600,WALKING,STANCE,0.4028,-4.300,116.400,-57.028,0.0000,0.0000,-2.6911,0.0000,0,
45.9177,187.4700,WALKING,STANCE,0.4167,-3.600,43.700,-57.028,0.0000,0.0000,-2.3556,0.0000,0,
45.9256,187.4800,WALKING,STANCE,0.4306,-3.600,-11.200,-57.028,0.0000,0.0000,-2.0811,0.0000,0,
45.9377,187.4900,WALKING,STANCE,0.4444,-3.900,-31.300,-57.028,0.0000,0.0000,-1.9686,0.0000,0,
45.9457,187.5000,WALKING,STANCE,0.4583,-4.300,-41.900,-57.028,0.0000,0.0000,-1.8996,0.0000,0,
45.9577,187.5100,WALKING,STANCE,0.4722,-4.800,-60.500,-57.028,0.0000,0.0000,-1.7866,0.0000,0,
45.9656,187.5200,WALKING,STANCE,0.4861,-5.700,-98.700,-57.028,0.0000,0.0000,-1.5596,0.0000,0,
45.9777,187.5300,WALKING,STANCE,0.5000,-7.000,-142.100,-57.028,0.0000,0.0000,-1.2906,0.0000,0,
45.9857,187.5400,WALKING,STANCE,0.5139,-8.500,-156.700,-57.028,0.0000,0.0000,-1.1576,0.0000,0,
45.9976,187.5500,WALKING,STANCE,0.5278,-10.100,-157.000,-57.028,0.0000,0.0000,-1.0921,0.0000,0,
46.0056,187.5600,WALKING,STANCE,0.5417,-11.600,-152.300,-57.028,0.0000,0.0000,-1.0556,0.0000,0,
46.0177,187.5700,WALKING,STANCE,0.5556,-13.100,-145.600,-57.028,0.0000,0.0000,-1.0291,0.0000,0,
46.0257,187.5800,WALKING,STANCE,0.5694,-14.500,-132.500,-57.028,0.0000,0.0000,-1.0386,0.0000,0,
46.0377,187.5900,WALKING,STANCE,0.5833,-15.700,-111.300,-57.028,0.0000,0.0000,-1.0966,0.0000,0,
46.0457,187.6000,WALKING,STANCE,0.5972,-16.600,-89.800,-57.028,0.0000,0.0000,-1.1681,0.0000,0,
46.0577,187.6100,WALKING,STANCE,0.6111,-17.400,-74.400,-57.028,0.0000,0.0000,-1.2131,0.0000,0,
46.0657,187.6200,WALKING,STANCE,0.6250,-18.100,-70.900,-57.028,0.0000,0.0000,-1.2026,0.0000,0,
46.0777,187.6300,WALKING,STANCE,0.6389,-18.900,-78.700,-57.028,0.0000,0.0000,-1.1316,0.0000,0,
46.0857,187.6400,WALKING,STANCE,0.6528,-19.800,-94.200,-57.028,0.0000,0.0000,-1.0181,0.0000,0,
46.0977,187.6500,WALKING,STANCE,0.6667,-20.800,-113.600,-57.028,0.0000,0.0000,-0.8811,0.0000,0,
46.1057,187.6600,WALKING,STANCE,0.6806,-22.100,-134.400,-57.028,0.0000,0.0000,-0.7251,0.0000,0,
46.1176,187.6700,WALKING,STANCE,0.6944,-23.600,-154.600,-57.028,0.0000,0.0000,-0.5641,0.0000,0,
46.1256,187.6800,WALKING,STANCE,0.7083,-25.300,-168.800,-57.028,0.0000,0.0000,-0.4251,0.0000,0,
46.1376,187.6900,WALKING,STANCE,0.7222,-27.000,-175.200,-57.028,0.0000,0.0000,-0.3251,0.0000,0,
46.1457,187.7000,WALKING,STANCE,0.7361,-28.800,-174.700,-57.028,0.0000,0.0000,-0.2556,0.0000,0,
46.1577,187.7100,WALKING,STANCE,0.7500,-30.500,-167.700,-57.028,0.0000,0.0000,-0.2226,0.0000,0,
46.1658,187.7200,WALKING,STANCE,0.7639,-32.100,-154.500,-57.028,0.0000,0.0000,-0.2246,0.0000,0,
46.1777,187.7300,WALKING,STANCE,0.7778,-33.500,-135.800,-57.028,0.0000,0.0000,-0.2621,0.0000,0,
46.1859,187.7400,WALKING,STANCE,0.7917,-34.700,-112.000,-57.028,0.0000,0.0000,-0.3331,0.0000,0,
46.1977,187.7500,WALKING,STANCE,0.8056,-35.700,-85.300,-57.028,0.0000,0.0000,-0.4266,0.0000,0,
46.2055,187.7600,WALKING,STANCE,0.8194,-36.300,-56.400,-57.028,0.0000,0.0000,-0.5471,0.0000,0,
46.2176,187.7700,WALKING,STANCE,0.8333,-36.700,-27.600,-57.028,0.0000,0.0000,-0.6751,0.0000,0,
46.2256,187.7800,WALKING,STANCE,0.8472,-36.800,-4.700,-57.028,0.0000,0.0000,-0.7856,0.0000,0,
46.2376,187.7900,WALKING,STANCE,0.8611,-36.700,5.400,-57.028,0.0000,0.0000,-0.8401,0.0000,0,
46.2457,187.8000,WALKING,STANCE,0.8750,-36.700,-1.600,-57.028,0.0000,0.0000,-0.8051,0.0000,0,
46.2576,187.8100,WALKING,STANCE,0.8889,-36.800,-2.500,-57.028,0.0000,0.0000,-0.7966,0.0000,0,
46.2658,187.8200,WALKING,STANCE,0.9028,-36.800,-4.100,-57.028,0.0000,0.0000,-0.7886,0.0000,0,
46.2777,187.8300,WALKING,STANCE,0.9167,-36.900,-7.400,-57.028,0.0000,0.0000,-0.7681,0.0000,0,
46.2854,187.8400,WALKING,STANCE,0.9306,-37.000,-17.000,-57.028,0.0000,0.0000,-0.7161,0.0000,0,
46.2976,187.8500,WALKING,STANCE,0.9444,-37.300,-34.200,-57.028,0.0000,0.0000,-0.6181,0.0000,0,
46.3056,187.8600,WALKING,STANCE,0.9583,-37.700,-49.600,-57.028,0.0000,0.0000,-0.5251,0.0000,0,
46.3176,187.8700,WALKING,STANCE,0.9722,-38.300,-62.100,-57.028,0.0000,0.0000,-0.4386,0.0000,0,
46.3257,187.8800,WALKING,STANCE,0.9861,-39.000,-74.900,-57.028,0.0000,0.0000,-0.3466,0.0000,0,
46.3377,187.8900,WALKING,STANCE,1.0000,-39.900,-86.800,-57.028,0.0000,0.0000,-0.2511,0.0000,0,
46.3457,187.9000,WALKING,SWING,0.0208,-40.800,-95.700,-57.028,0.0654,0.0000,-0.1706,0.0000,0,
46.3577,187.9100,WALKING,SWING,0.0417,-41.800,-99.900,-57.028,0.1305,0.0000,-0.1096,0.0000,0,
46.3657,187.9200,WALKING,SWING,0.0625,-42.800,-101.900,-57.028,0.1951,0.0000,-0.0596,0.0000,0,
46.3777,187.9300,WALKING,SWING,0.0833,-43.800,-97.300,-57.028,0.2588,0.0000,-0.0426,0.0000,0,
46.3857,187.9400,WALKING,SWING,0.1042,-44.700,-90.800,-57.028,0.3214,0.0000,-0.0391,0.0000,0,
46.3977,187.9500,WALKING,SWING,0.1250,-45.600,-82.900,-57.028,0.3827,0.0000,-0.0426,0.0000,0,
46.4057,187.9600,WALKING,SWING,0.1458,-46.300,-71.400,-57.028,0.4423,0.0000,-0.0721,0.0000,0,
46.4177,187.9700,WALKING,SWING,0.1667,-47.000,-57.600,-57.028,0.5000,0.0000,-0.1131,0.0000,0,
46.4257,187.9800,WALKING,SWING,0.1875,-47.500,-45.400,-57.028,0.5556,0.0000,-0.1541,0.0000,0,
46.4377,187.9900,WALKING,SWING,0.2083,-47.800,-32.800,-57.028,0.6088,0.0000,-0.2051,0.0000,0,
46.4457,188.0000,WALKING,SWING,0.2292,-47.900,-29.100,-57.028,0.6593,0.0000,-0.2196,0.0000,0,
46.4578,188.0100,WALKING,SWING,0.2500,-48.200,-8.600,-57.028,0.7071,0.0000,-0.3101,0.0000,0,
46.4655,188.0200,WALKING,SWING,0.2708,-48.200,3.900,-57.028,0.7518,0.0000,-0.3726,0.0000,0,
46.4777,188.0300,WALKING,SWING,0.2917,-48.200,0.000,-57.028,0.7934,0.0000,-0.3531,0.0000,0,
46.4857,188.0400,WALKING,SWING,0.3125,-48.200,0.000,-57.028,0.8315,0.0000,-0.3531,0.0000,0,
46.4977,188.0500,WALKING,SWING,0.3333,-48.200,0.100,-57.028,0.8660,0.0000,-0.3536,0.0000,0,
46.5057,188.0600,WALKING,SWING,0.3542,-48.200,-0.400,-57.028,0.8969,0.0000,-0.3511,0.0000,0,
46.5177,188.0700,WALKING,SWING,0.3750,-48.200,-0.500,-57.028,0.9239,0.0000,-0.3506,0.0000,0,
46.5257,188.0800,WALKING,SWING,0.3958,-48.200,-2.100,-57.028,0.9469,0.0000,-0.3426,0.0000,0,
46.5376,188.0900,WALKING,SWING,0.4167,-48.200,-4.700,-57.028,0.9659,0.0000,-0.3296,0.0000,0,
46.5457,188.1000,WALKING,SWING,0.4375,-48.300,-14.600,-57.028,0.9808,0.0000,-0.2761,0.0000,0,
46.5577,188.1100,WALKING,SWING,0.4583,-48.600,-31.800,-57.028,0.9914,0.0000,-0.1781,0.0000,0,
46.5657,188.1200,WALKING,SWING,0.4792,-49.100,-53.700,-57.028,0.9979,0.0000,-0.0486,0.0000,0,
46.5777,188.1300,WALKING,SWING,0.5000,-49.800,-82.000,-57.028,1.0000,0.0000,0.1209,0.1849,0,
46.5857,188.1400,WALKING,SWING,0.5208,-50.900,-115.200,-57.028,0.9979,0.0000,0.3309,0.3000,1,
46.5977,188.1500,WALKING,SWING,0.5417,-52.200,-147.400,-57.028,0.9914,0.0000,0.5439,0.3000,1,
46.6057,188.1600,WALKING,SWING,0.5625,-53.900,-170.800,-57.028,0.9808,0.0000,0.7289,0.3000,1,
46.6177,188.1700,WALKING,SWING,0.5833,-55.700,-181.500,-57.028,0.9659,0.0000,0.8544,0.3000,1,
46.6257,188.1800,WALKING,SWING,0.6042,-57.700,-194.600,-57.028,0.9469,0.0000,0.9999,0.3000,1,
46.6377,188.1900,WALKING,SWING,0.6250,-59.800,-211.600,-57.028,0.9239,0.0000,1.1689,0.3000,1,
46.6456,188.2000,WALKING,SWING,0.6458,-62.000,-227.300,-57.028,0.8969,0.0000,1.3354,0.3000,1,
46.6576,188.2100,WALKING,SWING,0.6667,-64.400,-241.300,-57.028,0.8660,0.0000,1.5014,0.3000,1,
46.6657,188.2200,WALKING,SWING,0.6875,-66.900,-257.500,-57.028,0.8315,0.0000,1.6824,0.3000,1,
46.6777,188.2300,WALKING,SWING,0.7083,-69.700,-282.800,-57.028,0.7934,0.0000,1.9209,0.3000,1,
46.6856,188.2400,WALKING,SWING,0.7292,-72.700,-307.700,-57.028,0.7518,0.0000,2.1654,0.3000,1,
46.6976,188.2500,WALKING,SWING,0.7500,-75.900,-328.200,-57.028,0.7071,0.0000,2.3959,0.3000,1,
46.7056,188.2600,WALKING,SWING,0.7708,-79.400,-351.500,-57.028,0.6593,0.0000,2.6524,0.3000,1,
46.7177,188.2700,WALKING,SWING,0.7917,-83.000,-369.300,-57.028,0.6088,0.0000,2.8854,0.3000,1,
46.7257,188.2800,WALKING,SWING,0.8125,-86.800,-378.700,-57.028,0.5556,0.0000,3.0844,0.3000,1,
46.7376,188.2900,WALKING,SWING,0.8333,-90.600,-377.200,-57.028,0.5000,0.0000,3.2289,0.3000,1,
46.7457,188.3000,WALKING,SWING,0.8542,-94.300,-369.300,-57.028,0.4423,0.0000,3.3374,0.3000,1,
46.7577,188.3100,WALKING,SWING,0.8750,-97.900,-367.300,-57.028,0.3827,0.0000,3.4714,0.3000,1,
46.7657,188.3200,WALKING,SWING,0.8958,-101.600,-356.400,-57.028,0.3214,0.0000,3.5649,0.3000,1,
46.7777,188.3300,WALKING,SWING,0.9167,-105.000,-345.300,-57.028,0.2588,0.0000,3.6454,0.3000,1,
46.7856,188.3400,WALKING,SWING,0.9375,-108.100,-339.000,-57.028,0.1951,0.0000,3.7379,0.3000,1,
46.7977,188.3500,WALKING,SWING,0.9583,-111.700,-325.200,-57.028,0.1305,0.0000,3.8129,0.3000,1,
46.8057,188.3600,WALKING,SWING,0.9792,-114.900,-309.800,-57.028,0.0654,0.0000,3.8639,0.3000,1,
46.8177,188.3700,WALKING,STANCE,0.0000,-117.800,-285.000,-57.028,0.0000,0.0000,3.8559,0.3000,1,
46.8295,188.3800,WALKING,STANCE,0.0139,-120.400,-246.500,-57.028,0.0000,0.0000,3.7674,0.3000,1,
46.8377,188.3900,WALKING,STANCE,0.0278,-122.400,-204.600,-57.028,0.0000,0.0000,3.6379,0.3000,1,
46.8497,188.4000,WALKING,STANCE,0.0417,-124.200,-146.000,-57.028,0.0000,0.0000,3.4169,0.3000,1,
46.8577,188.4100,WALKING,STANCE,0.0556,-125.200,-85.200,-57.028,0.0000,0.0000,3.1529,0.3000,1,
46.8698,188.4200,WALKING,STANCE,0.0694,-125.600,-20.900,-57.028,0.0000,0.0000,2.8474,0.3000,1,
46.8777,188.4300,WALKING,STANCE,0.0833,-125.500,29.900,-57.028,0.0000,0.0000,2.5894,0.3000,1,
46.8897,188.4400,WALKING,STANCE,0.0972,-124.900,68.800,-57.028,0.0000,0.0000,2.3709,0.3000,1,
46.8977,188.4500,WALKING,STANCE,0.1111,-123.900,113.500,-57.028,0.0000,0.0000,2.1074,0.3000,1,
46.9098,188.4600,WALKING,STANCE,0.1250,-122.500,157.100,-57.028,0.0000,0.0000,1.8334,0.3000,1,
46.9178,188.4700,WALKING,STANCE,0.1389,-120.600,199.500,-57.028,0.0000,0.0000,1.5454,0.3000,1,
46.9297,188.4800,WALKING,STANCE,0.1528,-118.300,243.400,-57.028,0.0000,0.0000,1.2339,0.3000,1,
46.9377,188.4900,WALKING,STANCE,0.1667,-115.600,287.300,-57.028,0.0000,0.0000,0.9064,0.3000,1,
46.9497,188.5000,WALKING,STANCE,0.1806,-112.400,329.400,-57.028,0.0000,0.0000,0.5679,0.3000,1,
46.9577,188.5100,WALKING,STANCE,0.1944,-108.800,375.100,-57.028,0.0000,0.0000,0.1954,0.2706,0,
46.9697,188.5200,WALKING,STANCE,0.2083,-104.700,416.300,-57.028,0.0000,0.0000,-0.1746,0.0000,0,
46.9777,188.5300,WALKING,STANCE,0.2222,-100.300,452.300,-57.028,0.0000,0.0000,-0.5306,0.0000,0,
46.9897,188.5400,WALKING,STANCE,0.2361,-95.600,487.700,-57.028,0.0000,0.0000,-0.8956,0.0000,0,
46.9977,188.5500,WALKING,STANCE,0.2500,-90.600,501.700,-57.028,0.0000,0.0000,-1.1656,0.0000,0,
47.0097,188.5600,WALKING,STANCE,0.2639,-85.500,505.600,-57.028,0.0000,0.0000,-1.3891,0.0000,0,
47.0177,188.5700,WALKING,STANCE,0.2778,-80.600,490.100,-57.028,0.0000,0.0000,-1.5076,0.0000,0,
47.0297,188.5800,WALKING,STANCE,0.2917,-75.800,470.000,-57.028,0.0000,0.0000,-1.5991,0.0000,0,
47.0377,188.5900,WALKING,STANCE,0.3056,-71.200,450.400,-57.028,0.0000,0.0000,-1.6851,0.0000,0,
47.0497,188.6000,WALKING,STANCE,0.3194,-66.900,420.500,-57.028,0.0000,0.0000,-1.7076,0.0000,0,
47.0576,188.6100,WALKING,STANCE,0.3333,-62.900,392.000,-57.028,0.0000,0.0000,-1.7251,0.0000,0,
47.0697,188.6200,WALKING,STANCE,0.3472,-59.100,369.600,-57.028,0.0000,0.0000,-1.7651,0.0000,0,
47.0777,188.6300,WALKING,STANCE,0.3611,-55.600,345.600,-57.028,0.0000,0.0000,-1.7851,0.0000,0,
47.0897,188.6400,WALKING,STANCE,0.3750,-52.200,337.000,-57.028,0.0000,0.0000,-1.8781,0.0000,0,
47.0977,188.6500,WALKING,STANCE,0.3889,-48.900,329.200,-57.028,0.0000,0.0000,-1.9711,0.0000,0,
47.1097,188.6600,WALKING,STANCE,0.4028,-45.700,322.200,-57.028,0.0000,0.0000,-2.0641,0.0000,0,
47.1177,188.6700,WALKING,STANCE,0.4167,-42.500,321.200,-57.028,0.0000,0.0000,-2.1871,0.0000,0,
47.1297,188.6800,WALKING,STANCE,0.4306,-39.200,323.800,-57.028,0.0000,0.0000,-2.3321,0.0000,0,
47.1377,188.6900,WALKING,STANCE,0.4444,-36.000,331.100,-57.028,0.0000,0.0000,-2.4966,0.0000,0,
47.1496,188.7000,WALKING,STANCE,0.4583,-32.600,339.400,-57.028,0.0000,0.0000,-2.6741,0.0000,0,
47.1575,188.7100,WALKING,STANCE,0.4722,-29.200,344.300,-57.028,0.0000,0.0000,-2.8346,0.0000,0,
47.1697,188.7200,WALKING,STANCE,0.4861,-25.700,353.900,-57.028,0.0000,0.0000,-3.0226,0.0000,0,
47.1775,188.7300,WALKING,STANCE,0.5000,-22.100,357.100,-57.028,0.0000,0.0000,-3.1826,0.0000,0,
47.1897,188.7400,WALKING,STANCE,0.5139,-18.600,348.000,-57.028,0.0000,0.0000,-3.2771,0.0000,0,
47.1977,188.7500,WALKING,STANCE,0.5278,-15.100,337.700,-57.028,0.0000,0.0000,-3.3656,0.0000,0,
47.2097,188.7600,WALKING,STANCE,0.5417,-12.000,309.000,-57.028,0.0000,0.0000,-3.3461,0.0000,0,
47.2177,188.7700,WALKING,STANCE,0.5556,-9.100,267.400,-57.028,0.0000,0.0000,-3.2541,0.0000,0,
47.2296,188.7800,WALKING,STANCE,0.5694,-6.800,211.600,-57.028,0.0000,0.0000,-3.0671,0.0000,0,
47.2376,188.7900,WALKING,STANCE,0.5833,-5.400,109.000,-57.028,0.0000,0.0000,-2.6101,0.0000,0,
47.2496,188.8000,WALKING,STANCE,0.5972,-5.100,-1.000,-57.028,0.0000,0.0000,-2.0721,0.0000,0,
47.2576,188.8100,WALKING,STANCE,0.6111,-5.500,-50.300,-57.028,0.0000,0.0000,-1.8096,0.0000,0,
47.2696,188.8200,WALKING,STANCE,0.6250,-6.200,-75.700,-57.028,0.0000,0.0000,-1.6546,0.0000,0,
47.2776,188.8300,WALKING,STANCE,0.6389,-7.000,-90.500,-57.028,0.0000,0.0000,-1.5486,0.0000,0,
47.2896,188.8400,WALKING,STANCE,0.6528,-8.000,-100.200,-57.028,0.0000,0.0000,-1.4601,0.0000,0,
47.2977,188.8500,WALKING,STANCE,0.6667,-9.100,-118.100,-57.028,0.0000,0.0000,-1.3266,0.0000,0,
47.3098,188.8600,WALKING,STANCE,0.6806,-10.500,-139.900,-57.028,0.0000,0.0000,-1.1616,0.0000,0,
47.3177,188.8700,WALKING,STANCE,0.6944,-12.000,-166.000,-57.028,0.0000,0.0000,-0.9711,0.0000,0,
47.3296,188.8800,WALKING,STANCE,0.7083,-13.900,-201.000,-57.028,0.0000,0.0000,-0.7201,0.0000,0,
47.3376,188.8900,WALKING,STANCE,0.7222,-16.200,-235.700,-57.028,0.0000,0.0000,-0.4546,0.0000,0,
47.3455,188.9000,WALKING,STANCE,0.7361,-18.700,-255.500,-57.028,0.0000,0.0000,-0.2556,0.0000,0,
47.3578,188.9100,WALKING,STANCE,0.7500,-21.300,-260.900,-57.028,0.0000,0.0000,-0.1246,0.0000,0,
47.3697,188.9200,WALKING,STANCE,0.7639,-23.900,-260.000,-57.028,0.0000,0.0000,-0.0251,0.0000,0,
47.3777,188.9300,WALKING,STANCE,0.7778,-26.400,-245.500,-57.028,0.0000,0.0000,0.0024,0.0487,0,
47.3897,188.9400,WALKING,STANCE,0.7917,-28.700,-214.600,-57.028,0.0000,0.0000,-0.0601,0.0000,0,
47.3978,188.9500,WALKING,STANCE,0.8056,-30.600,-176.100,-57.028,0.0000,0.0000,-0.1766,0.0000,0,
47.4097,188.9600,WALKING,STANCE,0.8194,-32.000,-133.900,-57.028,0.0000,0.0000,-0.3316,0.0000,0,
47.4177,188.9700,WALKING,STANCE,0.8333,-33.100,-92.500,-57.028,0.0000,0.0000,-0.4946,0.0000,0,
47.4297,188.9800,WALKING,STANCE,0.8472,-33.800,-55.800,-57.028,0.0000,0.0000,-0.6501,0.0000,0,
47.4377,188.9900,WALKING,STANCE,0.8611,-34.100,-30.600,-57.028,0.0000,0.0000,-0.7641,0.0000,0,
47.4497,189.0000,WALKING,STANCE,0.8750,-34.200,-23.600,-57.028,0.0000,0.0000,-0.7951,0.0000,0,
47.4577,189.0100,WALKING,STANCE,0.8889,-34.500,-21.600,-57.028,0.0000,0.0000,-0.7931,0.0000,0,
47.4697,189.0200,WALKING,STANCE,0.9028,-34.800,-31.100,-57.028,0.0000,0.0000,-0.7336,0.0000,0,
47.4777,189.0300,WALKING,STANCE,0.9167,-35.200,-43.600,-57.028,0.0000,0.0000,-0.6551,0.0000,0,
47.4896,189.0400,WALKING,STANCE,0.9306,-35.700,-53.400,-57.028,0.0000,0.0000,-0.5861,0.0000,0,
47.4976,189.0500,WALKING,STANCE,0.9444,-36.300,-61.300,-57.028,0.0000,0.0000,-0.5226,0.0000,0,
47.5097,189.0600,WALKING,STANCE,0.9583,-37.000,-65.100,-57.028,0.0000,0.0000,-0.4756,0.0000,0,
47.5177,189.0700,WALKING,STANCE,0.9722,-37.600,-62.300,-57.028,0.0000,0.0000,-0.4656,0.0000,0,
47.5297,189.0800,WALKING,STANCE,0.9861,-38.100,-49.600,-57.028,0.0000,0.0000,-0.5091,0.0000,0,
47.5377,189.0900,WALKING,SWING,0.0000,-38.500,-32.600,-57.028,0.0000,0.0000,-0.5781,0.0000,0,
47.5497,189.1000,WALKING,SWING,0.0208,-38.700,-15.200,-57.028,0.0654,0.0000,-0.6571,0.0000,0,
47.5576,189.1100,WALKING,SWING,0.0417,-38.800,0.000,-57.028,0.1305,0.0000,-0.7291,0.0000,0,
47.5697,189.1200,WALKING,SWING,0.0625,-38.700,2.200,-57.028,0.1951,0.0000,-0.7441,0.0000,0,
47.5777,189.1300,WALKING,SWING,0.0833,-38.700,-0.200,-57.028,0.2588,0.0000,-0.7321,0.0000,0,
47.5897,189.1400,WALKING,SWING,0.1042,-38.700,-0.100,-57.028,0.3214,0.0000,-0.7326,0.0000,0,
47.5977,189.1500,WALKING,SWING,0.1250,-38.700,-0.200,-57.028,0.3827,0.0000,-0.7321,0.0000,0,
47.6097,189.1600,WALKING,SWING,0.1458,-38.700,-0.700,-57.028,0.4423,0.0000,-0.7296,0.0000,0,
47.6177,189.1700,WALKING,SWING,0.1667,-38.800,-3.900,-57.028,0.5000,0.0000,-0.7096,0.0000,0,
47.6297,189.1800,WALKING,SWING,0.1875,-38.800,-5.500,-57.028,0.5556,0.0000,-0.7016,0.0000,0,
47.6377,189.1900,WALKING,SWING,0.2083,-38.900,-9.200,-57.028,0.6088,0.0000,-0.6791,0.0000,0,
47.6497,189.2000,WALKING,SWING,0.2292,-39.000,-15.700,-57.028,0.6593,0.0000,-0.6426,0.0000,0,
47.6577,189.2100,WALKING,SWING,0.2500,-39.200,-23.900,-57.028,0.7071,0.0000,-0.5936,0.0000,0,
47.6697,189.2200,WALKING,SWING,0.2708,-39.600,-33.500,-57.028,0.7518,0.0000,-0.5296,0.0000,0,
47.6777,189.2300,WALKING,SWING,0.2917,-40.000,-43.500,-57.028,0.7934,0.0000,-0.4636,0.0000,0,
47.6897,189.2400,WALKING,SWING,0.3125,-40.500,-52.000,-57.028,0.8315,0.0000,-0.4011,0.0000,0,
47.6978,189.2500,WALKING,SWING,0.3333,-41.000,-55.500,-57.028,0.8660,0.0000,-0.3636,0.0000,0,
47.7097,189.2600,WALKING,SWING,0.3542,-41.500,-55.800,-57.028,0.8969,0.0000,-0.3421,0.0000,0,
47.7176,189.2700,WALKING,SWING,0.3750,-42.100,-56.600,-57.028,0.9239,0.0000,-0.3141,0.0000,0,
47.7297,189.2800,WALKING,SWING,0.3958,-42.700,-57.200,-57.028,0.9469,0.0000,-0.2871,0.0000,0,
47.7376,189.2900,WALKING,SWING,0.4167,-43.300,-54.300,-57.028,0.9659,0.0000,-0.2776,0.0000,0,
47.7497,189.3000,WALKING,SWING,0.4375,-43.800,-48.200,-57.028,0.9808,0.0000,-0.2881,0.0000,0,
47.7577,189.3100,WALKING,SWING,0.4583,-44.200,-40.100,-57.028,0.9914,0.0000,-0.3126,0.0000,0,
47.7697,189.3200,WALKING,SWING,0.4792,-44.500,-31.200,-57.028,0.9979,0.0000,-0.3451,0.0000,0,
47.7777,189.3300,WALKING,SWING,0.5000,-44.800,-21.100,-57.028,1.0000,0.0000,-0.3836,0.0000,0,
47.7898,189.3400,WALKING,SWING,0.5208,-44.900,-13.400,-57.028,0.9979,0.0000,-0.4181,0.0000,0,
47.7978,189.3500,WALKING,SWING,0.5417,-45.000,-2.000,-57.028,0.9914,0.0000,-0.4711,0.0000,0,
47.8097,189.3600,WALKING,SWING,0.5625,-44.900,2.600,-57.028,0.9808,0.0000,-0.4981,0.0000,0,
47.8176,189.3700,WALKING,SWING,0.5833,-45.000,-1.700,-57.028,0.9659,0.0000,-0.4726,0.0000,0,
47.8297,189.3800,WALKING,SWING,0.6042,-44.900,1.000,-57.028,0.9469,0.0000,-0.4901,0.0000,0,
47.8377,189.3900,WALKING,SWING,0.6250,-44.900,0.000,-57.028,0.9239,0.0000,-0.4851,0.0000,0,
47.8497,189.4000,WALKING,SWING,0.6458,-44.900,0.000,-57.028,0.8969,0.0000,-0.4851,0.0000,0,
47.8617,189.4100,WALKING,SWING,0.6667,-44.900,0.200,-57.028,0.8660,0.0000,-0.4861,0.0000,0,
47.8697,189.4200,WALKING,SWING,0.6875,-44.900,0.000,-57.028,0.8315,0.0000,-0.4851,0.0000,0,
47.8816,189.4300,WALKING,SWING,0.7083,-44.900,0.100,-57.028,0.7934,0.0000,-0.4856,0.0000,0,
47.8897,189.4400,WALKING,SWING,0.7292,-44.900,0.300,-57.028,0.7518,0.0000,-0.4866,0.0000,0,
47.9017,189.4500,WALKING,SWING,0.7500,-44.900,-0.100,-57.028,0.7071,0.0000,-0.4846,0.0000,0,
47.9097,189.4600,WALKING,SWING,0.7708,-44.900,0.500,-57.028,0.6593,0.0000,-0.4876,0.0000,0,
47.9216,189.4700,WALKING,SWING,0.7917,-44.900,-0.200,-57.028,0.6088,0.0000,-0.4841,0.0000,0,
47.9297,189.4800,WALKING,SWING,0.8125,-44.900,-0.300,-57.028,0.5556,0.0000,-0.4836,0.0000,0,
47.9417,189.4900,WALKING,SWING,0.8333,-44.900,0.400,-57.028,0.5000,0.0000,-0.4871,0.0000,0,
47.9497,189.5000,WALKING,SWING,0.8542,-44.900,0.000,-57.028,0.4423,0.0000,-0.4851,0.0000,0,
47.9617,189.5100,WALKING,SWING,0.8750,-44.900,0.100,-57.028,0.3827,0.0000,-0.4856,0.0000,0,
47.9697,189.5200,WALKING,SWING,0.8958,-44.900,-0.600,-57.028,0.3214,0.0000,-0.4821,0.0000,0,
47.9817,189.5300,WALKING,SWING,0.9167,-44.900,0.900,-57.028,0.2588,0.0000,-0.4896,0.0000,0,
47.9897,189.5400,WALKING,SWING,0.9375,-44.900,-1.000,-57.028,0.1951,0.0000,-0.4801,0.0000,0,
48.0018,189.5500,WALKING,SWING,0.9583,-44.900,0.600,-57.028,0.1305,0.0000,-0.4881,0.0000,0,
48.0097,189.5600,WALKING,SWING,0.9792,-44.900,-0.200,-57.028,0.0654,0.0000,-0.4841,0.0000,0,
48.0217,189.5700,WALKING,STANCE,0.0000,-44.900,-0.300,-57.028,0.0000,0.0000,-0.4836,0.0000,0,
48.0336,189.5800,WALKING,STANCE,0.0139,-44.900,0.800,-57.028,0.0000,0.0000,-0.4891,0.0000,0,
48.0416,189.5900,WALKING,STANCE,0.0278,-44.900,-0.900,-57.028,0.0000,0.0000,-0.4806,0.0000,0,
48.0538,189.6000,WALKING,STANCE,0.0417,-45.000,-1.800,-57.028,0.0000,0.0000,-0.4721,0.0000,0,
48.0617,189.6100,WALKING,STANCE,0.0556,-45.000,-2.600,-57.028,0.0000,0.0000,-0.4681,0.0000,0,
48.0737,189.6200,WALKING,STANCE,0.0694,-45.000,-5.900,-57.028,0.0000,0.0000,-0.4516,0.0000,0,
48.0815,189.6300,WALKING,STANCE,0.0833,-45.100,-13.900,-57.028,0.0000,0.0000,-0.4076,0.0000,0,
48.0937,189.6400,WALKING,STANCE,0.0972,-45.300,-24.100,-57.028,0.0000,0.0000,-0.3486,0.0000,0,
48.1017,189.6500,WALKING,STANCE,0.1111,-45.700,-33.900,-57.028,0.0000,0.0000,-0.2836,0.0000,0,
48.1137,189.6600,WALKING,STANCE,0.1250,-46.100,-42.500,-57.028,0.0000,0.0000,-0.2246,0.0000,0,
48.1218,189.6700,WALKING,STANCE,0.1389,-46.500,-52.100,-57.028,0.0000,0.0000,-0.1606,0.0000,0,
48.1337,189.6800,WALKING,STANCE,0.1528,-47.100,-62.600,-57.028,0.0000,0.0000,-0.0841,0.0000,0,
48.1417,189.6900,WALKING,STANCE,0.1667,-47.800,-73.100,-57.028,0.0000,0.0000,-0.0036,0.0000,0,
48.1537,189.7000,WALKING,STANCE,0.1806,-48.600,-83.300,-57.028,0.0000,0.0000,0.0794,0.1372,0,
48.1617,189.7100,WALKING,STANCE,0.1944,-49.500,-92.900,-57.028,0.0000,0.0000,0.1634,0.2338,0,
48.1737,189.7200,WALKING,STANCE,0.2083,-50.400,-100.400,-57.028,0.0000,0.0000,0.2369,0.3000,1,
48.1818,189.7300,WALKING,STANCE,0.2222,-51.600,-106.300,-57.028,0.0000,0.0000,0.3144,0.3000,1,
48.1937,189.7400,WALKING,STANCE,0.2361,-52.600,-102.000,-57.028,0.0000,0.0000,0.3329,0.3000,1,
48.2017,189.7500,WALKING,STANCE,0.2500,-53.600,-94.800,-57.028,0.0000,0.0000,0.3369,0.3000,1,
48.2137,189.7600,WALKING,STANCE,0.2639,-54.500,-85.500,-57.028,0.0000,0.0000,0.3264,0.3000,1,
48.2217,189.7700,WALKING,STANCE,0.2778,-55.300,-80.500,-57.028,0.0000,0.0000,0.3334,0.3000,1,
48.2337,189.7800,WALKING,STANCE,0.2917,-56.100,-83.200,-57.028,0.0000,0.0000,0.3789,0.3000,1,
48.2416,189.7900,WALKING,STANCE,0.3056,-57.000,-89.300,-57.028,0.0000,0.0000,0.4454,0.3000,1,
48.2537,189.8000,WALKING,STANCE,0.3194,-57.900,-99.800,-57.028,0.0000,0.0000,0.5339,0.3000,1,
48.2617,189.8100,WALKING,STANCE,0.3333,-59.100,-117.200,-57.028,0.0000,0.0000,0.6689,0.3000,1,
48.2737,189.8200,WALKING,STANCE,0.3472,-60.400,-139.700,-57.028,0.0000,0.0000,0.8334,0.3000,1,
48.2817,189.8300,WALKING,STANCE,0.3611,-62.000,-164.800,-57.028,0.0000,0.0000,1.0229,0.3000,1,
48.2937,189.8400,WALKING,STANCE,0.3750,-63.800,-191.300,-57.028,0.0000,0.0000,1.2274,0.3000,1,
48.3017,189.8500,WALKING,STANCE,0.3889,-65.900,-216.400,-57.028,0.0000,0.0000,1.4369,0.3000,1,
48.3137,189.8600,WALKING,STANCE,0.4028,-68.200,-237.600,-57.028,0.0000,0.0000,1.6349,0.3000,1,
48.3217,189.8700,WALKING,STANCE,0.4167,-70.700,-250.700,-57.028,0.0000,0.0000,1.8004,0.3000,1,
48.3336,189.8800,WALKING,STANCE,0.4306,-73.200,-259.900,-57.028,0.0000,0.0000,1.9464,0.3000,1,
48.3417,189.8900,WALKING,STANCE,0.4444,-75.900,-265.900,-57.028,0.0000,0.0000,2.0844,0.3000,1,
48.3537,189.9000,WALKING,STANCE,0.4583,-78.600,-275.700,-57.028,0.0000,0.0000,2.2414,0.3000,1,
48.3616,189.9100,WALKING,STANCE,0.4722,-81.400,-285.200,-57.028,0.0000,0.0000,2.4009,0.3000,1,
48.3737,189.9200,WALKING,STANCE,0.4861,-84.400,-294.000,-57.028,0.0000,0.0000,2.5649,0.3000,1,
48.3816,189.9300,WALKING,STANCE,0.5000,-87.300,-301.000,-57.028,0.0000,0.0000,2.7159,0.3000,1,
48.3937,189.9400,WALKING,STANCE,0.5139,-90.300,-297.700,-57.028,0.0000,0.0000,2.8194,0.3000,1,
48.4017,189.9500,WALKING,STANCE,0.5278,-93.200,-277.900,-57.028,0.0000,0.0000,2.8364,0.3000,1,
48.4137,189.9600,WALKING,STANCE,0.5417,-95.800,-252.200,-57.028,0.0000,0.0000,2.8119,0.3000,1,
48.4217,189.9700,WALKING,STANCE,0.5556,-98.100,-214.200,-57.028,0.0000,0.0000,2.7139,0.3000,1,
48.4337,189.9800,WALKING,STANCE,0.5694,-99.900,-166.300,-57.028,0.0000,0.0000,2.5464,0.3000,1,
48.4417,189.9900,WALKING,STANCE,0.5833,-101.200,-113.500,-57.028,0.0000,0.0000,2.3344,0.3000,1,
48.4536,190.0000,WALKING,STANCE,0.5972,-101.600,-84.300,-57.028,0.0000,0.0000,2.2044,0.3000,1,
48.4616,190.0100,WALKING,STANCE,0.6111,-102.100,-0.200,-57.028,0.0000,0.0000,1.8039,0.3000,1,
48.4736,190.0200,WALKING,STANCE,0.6250,-101.800,40.400,-57.028,0.0000,0.0000,1.5889,0.3000,1,
48.4817,190.0300,WALKING,STANCE,0.6389,-101.200,74.600,-57.028,0.0000,0.0000,1.3939,0.3000,1,
48.4937,190.0400,WALKING,STANCE,0.6528,-100.200,113.100,-57.028,0.0000,0.0000,1.1614,0.3000,1,
48.5017,190.0500,WALKING,STANCE,0.6667,-98.800,151.500,-57.028,0.0000,0.0000,0.9134,0.3000,1,
48.5137,190.0600,WALKING,STANCE,0.6806,-97.000,193.500,-57.028,0.0000,0.0000,0.6314,0.3000,1,
48.5217,190.0700,WALKING,STANCE,0.6944,-94.800,232.700,-57.028,0.0000,0.0000,0.3474,0.3000,1,
48.5337,190.0800,WALKING,STANCE,0.7083,-92.200,272.300,-57.028,0.0000,0.0000,0.0454,0.0982,0,
48.5417,190.0900,WALKING,STANCE,0.7222,-89.100,316.900,-57.028,0.0000,0.0000,-0.3016,0.0000,0,
48.5536,190.1000,WALKING,STANCE,0.7361,-85.700,354.300,-57.028,0.0000,0.0000,-0.6246,0.0000,0,
48.5616,190.1100,WALKING,STANCE,0.7500,-82.000,380.100,-57.028,0.0000,0.0000,-0.9016,0.0000,0,
48.5737,190.1200,WALKING,STANCE,0.7639,-78.000,394.500,-57.028,0.0000,0.0000,-1.1336,0.0000,0,
48.5856,190.1300,WALKING,STANCE,0.7778,-74.100,394.400,-57.028,0.0000,0.0000,-1.2891,0.0000,0,
48.5937,190.1500,WALKING,STANCE,0.8056,-66.300,377.300,-57.028,0.0000,0.0000,-1.5156,0.0000,0,
48.6057,190.1600,WALKING,STANCE,0.8194,-62.600,363.900,-57.028,0.0000,0.0000,-1.5966,0.0000,0,
48.6137,190.1700,WALKING,STANCE,0.8333,-59.100,348.000,-57.028,0.0000,0.0000,-1.6571,0.0000,0,
48.6257,190.1800,WALKING,STANCE,0.8472,-55.800,325.600,-57.028,0.0000,0.0000,-1.6771,0.0000,0,
48.6337,190.1900,WALKING,STANCE,0.8611,-52.600,313.000,-57.028,0.0000,0.0000,-1.7421,0.0000,0,
48.6456,190.2000,WALKING,STANCE,0.8750,-49.600,299.700,-57.028,0.0000,0.0000,-1.7956,0.0000,0,
48.6536,190.2100,WALKING,STANCE,0.8889,-46.700,285.700,-57.028,0.0000,0.0000,-1.8416,0.0000,0,
48.6657,190.2200,WALKING,STANCE,0.9028,-43.900,276.800,-57.028,0.0000,0.0000,-1.9091,0.0000,0,
48.6738,190.2300,WALKING,STANCE,0.9167,-41.200,271.900,-57.028,0.0000,0.0000,-1.9926,0.0000,0,
48.6857,190.2400,WALKING,STANCE,0.9306,-38.500,268.400,-57.028,0.0000,0.0000,-2.0831,0.0000,0,
48.6937,190.2500,WALKING,STANCE,0.9444,-35.800,270.600,-57.028,0.0000,0.0000,-2.2021,0.0000,0,
48.7057,190.2600,WALKING,STANCE,0.9583,-33.000,275.600,-57.028,0.0000,0.0000,-2.3391,0.0000,0,
48.7137,190.2700,WALKING,STANCE,0.9722,-30.300,277.900,-57.028,0.0000,0.0000,-2.4586,0.0000,0,
48.7257,190.2800,WALKING,STANCE,0.9861,-27.400,284.200,-57.028,0.0000,0.0000,-2.6061,0.0000,0,
48.7337,190.2900,WALKING,STANCE,1.0000,-24.500,295.700,-57.028,0.0000,0.0000,-2.7796,0.0000,0,
48.7457,190.3000,WALKING,SWING,0.0208,-21.500,302.100,-57.028,0.0654,0.0000,-2.9316,0.0000,0,
48.7537,190.3100,WALKING,SWING,0.0417,-18.500,305.900,-57.028,0.1305,0.0000,-3.0706,0.0000,0,
48.7657,190.3200,WALKING,SWING,0.0625,-15.300,316.100,-57.028,0.1951,0.0000,-3.2496,0.0000,0,
48.7737,190.3300,WALKING,SWING,0.0833,-12.200,317.200,-57.028,0.2588,0.0000,-3.3791,0.0000,0,
48.7857,190.3400,WALKING,SWING,0.1042,-9.000,307.000,-57.028,0.3214,0.0000,-3.4561,0.0000,0,
48.7937,190.3500,WALKING,SWING,0.1250,-6.100,276.500,-57.028,0.3827,0.0000,-3.4196,0.0000,0,
48.8057,190.3600,WALKING,SWING,0.1458,-3.800,215.200,-57.028,0.4423,0.0000,-3.2051,0.0000,0,
48.8138,190.3700,WALKING,SWING,0.1667,-2.000,159.800,-57.028,0.5000,0.0000,-3.0001,0.0000,0,
48.8256,190.3800,WALKING,SWING,0.1875,-0.800,102.200,-57.028,0.5556,0.0000,-2.7601,0.0000,0,
48.8336,190.3900,WALKING,SWING,0.2083,-0.200,48.800,-57.028,0.6088,0.0000,-2.5171,0.0000,0,
48.8457,190.4000,WALKING,SWING,0.2292,0.000,3.800,-57.028,0.6593,0.0000,-2.3001,0.0000,0,
48.8537,190.4100,WALKING,SWING,0.2500,-0.100,-9.400,-57.028,0.7071,0.0000,-2.2301,0.0000,0,
48.8656,190.4200,WALKING,SWING,0.2708,-0.200,-8.700,-57.028,0.7518,0.0000,-2.2296,0.0000,0,
48.8737,190.4300,WALKING,SWING,0.2917,-0.300,-11.000,-57.028,0.7934,0.0000,-2.2141,0.0000,0,
48.8857,190.4400,WALKING,SWING,0.3125,-0.500,-19.900,-57.028,0.8315,0.0000,-2.1616,0.0000,0,
48.8937,190.4500,WALKING,SWING,0.3333,-0.800,-32.600,-57.028,0.8660,0.0000,-2.0861,0.0000,0,
48.9057,190.4600,WALKING,SWING,0.3542,-1.200,-44.700,-57.028,0.8969,0.0000,-2.0096,0.0000,0,
48.9137,190.4700,WALKING,SWING,0.3750,-1.700,-57.300,-57.028,0.9239,0.0000,-1.9266,0.0000,0,
48.9257,190.4800,WALKING,SWING,0.3958,-2.400,-73.500,-57.028,0.9469,0.0000,-1.8176,0.0000,0,
48.9337,190.4900,WALKING,SWING,0.4167,-3.300,-101.500,-57.028,0.9659,0.0000,-1.6416,0.0000,0,
48.9457,190.5000,WALKING,SWING,0.4375,-4.600,-140.400,-57.028,0.9808,0.0000,-1.3951,0.0000,0,
48.9537,190.5100,WALKING,SWING,0.4583,-6.400,-199.100,-57.028,0.9914,0.0000,-1.0296,0.0000,0,
48.9656,190.5200,WALKING,SWING,0.4792,-8.700,-241.300,-57.028,0.9979,0.0000,-0.7266,0.0000,0,
48.9737,190.5300,WALKING,SWING,0.5000,-11.300,-271.000,-57.028,1.0000,0.0000,-0.4741,0.0000,0,
48.9857,190.5400,WALKING,SWING,0.5208,-14.200,-291.900,-57.028,0.9979,0.0000,-0.2536,0.0000,0,
48.9937,190.5500,WALKING,SWING,0.5417,-17.100,-293.000,-57.028,0.9914,0.0000,-0.1321,0.0000,0,
49.0057,190.5600,WALKING,SWING,0.5625,-20.000,-279.600,-57.028,0.9808,0.0000,-0.0831,0.0000,0,
49.0137,190.5700,WALKING,SWING,0.5833,-22.600,-259.900,-57.028,0.9659,0.0000,-0.0776,0.0000,0,
49.0257,190.5800,WALKING,SWING,0.6042,-25.000,-227.900,-57.028,0.9469,0.0000,-0.1416,0.0000,0,
49.0338,190.5900,WALKING,SWING,0.6250,-27.000,-187.700,-57.028,0.9239,0.0000,-0.2626,0.0000,0,
49.0458,190.6000,WALKING,SWING,0.6458,-28.600,-144.600,-57.028,0.8969,0.0000,-0.4141,0.0000,0,
49.0538,190.6100,WALKING,SWING,0.6667,-29.800,-106.200,-57.028,0.8660,0.0000,-0.5581,0.0000,0,
49.0656,190.6200,WALKING,SWING,0.6875,-30.600,-70.300,-57.028,0.8315,0.0000,-0.7056,0.0000,0,
49.0737,190.6300,WALKING,SWING,0.7083,-31.100,-41.500,-57.028,0.7934,0.0000,-0.8296,0.0000,0,
49.0856,190.6400,WALKING,SWING,0.7292,-31.400,-22.800,-57.028,0.7518,0.0000,-0.9111,0.0000,0,
49.0937,190.6500,WALKING,SWING,0.7500,-31.500,-14.200,-57.028,0.7071,0.0000,-0.9501,0.0000,0,
49.1057,190.6600,WALKING,SWING,0.7708,-31.600,-11.000,-57.028,0.6593,0.0000,-0.9621,0.0000,0,
49.1137,190.6700,WALKING,SWING,0.7917,-31.800,-17.600,-57.028,0.6088,0.0000,-0.9211,0.0000,0,
49.1257,190.6800,WALKING,SWING,0.8125,-32.000,-23.900,-57.028,0.5556,0.0000,-0.8816,0.0000,0,
49.1337,190.6900,WALKING,SWING,0.8333,-32.300,-26.800,-57.028,0.5000,0.0000,-0.8551,0.0000,0,
49.1457,190.7000,WALKING,SWING,0.8542,-32.500,-21.600,-57.028,0.4423,0.0000,-0.8731,0.0000,0,
49.1537,190.7100,WALKING,SWING,0.8750,-32.700,-13.500,-57.028,0.3827,0.0000,-0.9056,0.0000,0,
49.1658,190.7200,WALKING,SWING,0.8958,-32.700,-0.200,-57.028,0.3214,0.0000,-0.9721,0.0000,0,
49.1737,190.7300,WALKING,SWING,0.9167,-32.700,1.800,-57.028,0.2588,0.0000,-0.9821,0.0000,0,
49.1857,190.7400,WALKING,SWING,0.9375,-32.700,-0.300,-57.028,0.1951,0.0000,-0.9716,0.0000,0,
49.1936,190.7500,WALKING,SWING,0.9583,-32.700,0.700,-57.028,0.1305,0.0000,-0.9766,0.0000,0,
49.2056,190.7600,WALKING,SWING,0.9792,-32.700,0.500,-57.028,0.0654,0.0000,-0.9756,0.0000,0,
49.2138,190.7700,WALKING,STANCE,0.0000,-32.700,0.000,-57.028,0.0000,0.0000,-0.9731,0.0000,0,
49.2255,190.7800,WALKING,STANCE,0.0139,-32.700,0.000,-57.028,0.0000,0.0000,-0.9731,0.0000,0,
49.2336,190.7900,WALKING,STANCE,0.0278,-32.700,-0.100,-57.028,0.0000,0.0000,-0.9726,0.0000,0,
49.2457,190.8000,WALKING,STANCE,0.0417,-32.700,-0.400,-57.028,0.0000,0.0000,-0.9711,0.0000,0,
49.2537,190.8100,WALKING,STANCE,0.0556,-32.700,-1.900,-57.028,0.0000,0.0000,-0.9636,0.0000,0,
49.2657,190.8200,WALKING,STANCE,0.0694,-32.700,-5.300,-57.028,0.0000,0.0000,-0.9466,0.0000,0,
49.2737,190.8300,WALKING,STANCE,0.0833,-32.800,-10.100,-57.028,0.0000,0.0000,-0.9186,0.0000,0,
49.2856,190.8400,WALKING,STANCE,0.0972,-33.000,-15.600,-57.028,0.0000,0.0000,-0.8831,0.0000,0,
49.2936,190.8500,WALKING,STANCE,0.1111,-33.200,-24.400,-57.028,0.0000,0.0000,-0.8311,0.0000,0,
49.3057,190.8600,WALKING,STANCE,0.1250,-33.500,-34.400,-57.028,0.0000,0.0000,-0.7691,0.0000,0,
49.3137,190.8700,WALKING,STANCE,0.1389,-33.900,-45.200,-57.028,0.0000,0.0000,-0.6991,0.0000,0,
49.3257,190.8800,WALKING,STANCE,0.1528,-34.400,-54.500,-57.028,0.0000,0.0000,-0.6326,0.0000,0,
49.3337,190.8900,WALKING,STANCE,0.1667,-35.000,-61.700,-57.028,0.0000,0.0000,-0.5726,0.0000,0,
49.3456,190.9000,WALKING,STANCE,0.1806,-35.700,-65.800,-57.028,0.0000,0.0000,-0.5241,0.0000,0,
49.3536,190.9100,WALKING,STANCE,0.1944,-36.400,-69.700,-57.028,0.0000,0.0000,-0.4766,0.0000,0,
49.3655,190.9200,WALKING,STANCE,0.2083,-37.100,-72.700,-57.028,0.0000,0.0000,-0.4336,0.0000,0,
49.3736,190.9300,WALKING,STANCE,0.2222,-37.800,-74.200,-57.028,0.0000,0.0000,-0.3981,0.0000,0,
49.3818,190.9400,WALKING,STANCE,0.2361,-38.500,-71.300,-57.028,0.0000,0.0000,-0.3846,0.0000,0,
49.3937,190.9500,WALKING,STANCE,0.2500,-39.200,-70.000,-57.028,0.0000,0.0000,-0.3631,0.0000,0,
49.4056,190.9600,WALKING,STANCE,0.2639,-39.900,-67.000,-57.028,0.0000,0.0000,-0.3501,0.0000,0,
49.4137,190.9700,WALKING,STANCE,0.2778,-40.600,-62.000,-57.028,0.0000,0.0000,-0.3471,0.0000,0,
49.4257,190.9800,WALKING,STANCE,0.2917,-41.100,-53.000,-57.028,0.0000,0.0000,-0.3721,0.0000,0,
49.4377,190.9900,WALKING,STANCE,0.3056,-41.600,-46.400,-57.028,0.0000,0.0000,-0.3851,0.0000,0,
49.4457,191.0000,WALKING,STANCE,0.3194,-41.800,-44.500,-57.028,0.0000,0.0000,-0.3866,0.0000,0,
49.4578,191.0100,WALKING,STANCE,0.3333,-42.400,-36.500,-57.028,0.0000,0.0000,-0.4026,0.0000,0,
49.4657,191.0200,WALKING,STANCE,0.3472,-42.800,-32.600,-57.028,0.0000,0.0000,-0.4061,0.0000,0,
49.4778,191.0300,WALKING,STANCE,0.3611,-43.100,-28.300,-57.028,0.0000,0.0000,-0.4156,0.0000,0,
49.4857,191.0400,WALKING,STANCE,0.3750,-43.300,-26.600,-57.028,0.0000,0.0000,-0.4161,0.0000,0,
49.4977,191.0500,WALKING,STANCE,0.3889,-43.600,-26.700,-57.028,0.0000,0.0000,-0.4036,0.0000,0,
49.5057,191.0600,WALKING,STANCE,0.4028,-43.900,-29.000,-57.028,0.0000,0.0000,-0.3801,0.0000,0,
49.5177,191.0700,WALKING,STANCE,0.4167,-44.200,-33.900,-57.028,0.0000,0.0000,-0.3436,0.0000,0,
49.5257,191.0800,WALKING,STANCE,0.4306,-44.600,-40.400,-57.028,0.0000,0.0000,-0.2951,0.0000,0,
49.5377,191.0900,WALKING,STANCE,0.4444,-45.000,-47.900,-57.028,0.0000,0.0000,-0.2416,0.0000,0,
49.5457,191.1000,WALKING,STANCE,0.4583,-45.600,-54.400,-57.028,0.0000,0.0000,-0.1851,0.0000,0,
49.5577,191.1100,WALKING,STANCE,0.4722,-46.100,-58.000,-57.028,0.0000,0.0000,-0.1471,0.0000,0,
49.5656,191.1200,WALKING,STANCE,0.4861,-46.800,-63.800,-57.028,0.0000,0.0000,-0.0901,0.0000,0,
49.5777,191.1300,WALKING,STANCE,0.5000,-47.400,-72.000,-57.028,0.0000,0.0000,-0.0251,0.0000,0,
49.5857,191.1400,WALKING,STANCE,0.5139,-48.200,-80.900,-57.028,0.0000,0.0000,0.0514,0.1050,0,
49.5978,191.1500,WALKING,STANCE,0.5278,-49.100,-88.200,-57.028,0.0000,0.0000,0.1239,0.1884,0,
49.6057,191.1600,WALKING,STANCE,0.5417,-50.000,-97.800,-57.028,0.0000,0.0000,0.2079,0.2849,0,
49.6177,191.1700,WALKING,STANCE,0.5556,-51.100,-105.300,-57.028,0.0000,0.0000,0.2894,0.3000,1,
49.6256,191.1800,WALKING,STANCE,0.5694,-52.100,-103.900,-57.028,0.0000,0.0000,0.3224,0.3000,1,
49.6377,191.1900,WALKING,STANCE,0.5833,-53.100,-100.700,-57.028,0.0000,0.0000,0.3464,0.3000,1,
49.6457,191.2000,WALKING,STANCE,0.5972,-54.100,-99.200,-57.028,0.0000,0.0000,0.3789,0.3000,1,
49.6576,191.2100,WALKING,STANCE,0.6111,-55.100,-100.000,-57.028,0.0000,0.0000,0.4229,0.3000,1,
49.6657,191.2200,WALKING,STANCE,0.6250,-56.200,-105.700,-57.028,0.0000,0.0000,0.4954,0.3000,1,
49.6778,191.2300,WALKING,STANCE,0.6389,-57.300,-112.000,-57.028,0.0000,0.0000,0.5709,0.3000,1,
49.6857,191.2400,WALKING,STANCE,0.6528,-58.500,-121.800,-57.028,0.0000,0.0000,0.6679,0.3000,1,
49.6977,191.2500,WALKING,STANCE,0.6667,-59.800,-135.400,-57.028,0.0000,0.0000,0.7879,0.3000,1,
49.7058,191.2600,WALKING,STANCE,0.6806,-61.200,-152.500,-57.028,0.0000,0.0000,0.9294,0.3000,1,
49.7177,191.2700,WALKING,STANCE,0.6944,-62.900,-174.200,-57.028,0.0000,0.0000,1.1059,0.3000,1,
49.7257,191.2800,WALKING,STANCE,0.7083,-64.800,-199.000,-57.028,0.0000,0.0000,1.3059,0.3000,1,
49.7377,191.2900,WALKING,STANCE,0.7222,-67.000,-223.600,-57.028,0.0000,0.0000,1.5169,0.3000,1,
49.7457,191.3000,WALKING,STANCE,0.7361,-69.400,-245.500,-57.028,0.0000,0.0000,1.7224,0.3000,1,
49.7577,191.3100,WALKING,STANCE,0.7500,-71.900,-256.700,-57.028,0.0000,0.0000,1.8784,0.3000,1,
49.7657,191.3200,WALKING,STANCE,0.7639,-74.500,-261.700,-57.028,0.0000,0.0000,2.0074,0.3000,1,
49.7777,191.3300,WALKING,STANCE,0.7778,-77.200,-273.100,-57.028,0.0000,0.0000,2.1724,0.3000,1,
49.7856,191.3400,WALKING,STANCE,0.7917,-80.000,-287.200,-57.028,0.0000,0.0000,2.3549,0.3000,1,
49.7977,191.3500,WALKING,STANCE,0.8056,-83.000,-302.200,-57.028,0.0000,0.0000,2.5499,0.3000,1,
49.8057,191.3600,WALKING,STANCE,0.8194,-86.200,-320.900,-57.028,0.0000,0.0000,2.7714,0.3000,1,
49.8178,191.3700,WALKING,STANCE,0.8333,-89.500,-336.300,-57.028,0.0000,0.0000,2.9804,0.3000,1,
49.8257,191.3800,WALKING,STANCE,0.8472,-92.900,-336.200,-57.028,0.0000,0.0000,3.1159,0.3000,1,
49.8378,191.3900,WALKING,STANCE,0.8611,-96.200,-328.500,-57.028,0.0000,0.0000,3.2094,0.3000,1,
49.8456,191.4000,WALKING,STANCE,0.8750,-99.300,-304.700,-57.028,0.0000,0.0000,3.2144,0.3000,1,
49.8577,191.4100,WALKING,STANCE,0.8889,-102.100,-263.800,-57.028,0.0000,0.0000,3.1219,0.3000,1,
49.8656,191.4200,WALKING,STANCE,0.9028,-104.400,-216.400,-57.028,0.0000,0.0000,2.9769,0.3000,1,
49.8777,191.4300,WALKING,STANCE,0.9167,-106.200,-163.300,-57.028,0.0000,0.0000,2.7834,0.3000,1,
49.8856,191.4400,WALKING,STANCE,0.9306,-107.400,-104.300,-57.028,0.0000,0.0000,2.5364,0.3000,1,
49.8977,191.4500,WALKING,STANCE,0.9444,-108.100,-45.100,-57.028,0.0000,0.0000,2.2684,0.3000,1,
49.9057,191.4600,WALKING,STANCE,0.9583,-108.100,9.200,-57.028,0.0000,0.0000,1.9969,0.3000,1,
49.9178,191.4700,WALKING,STANCE,0.9722,-107.700,51.200,-57.028,0.0000,0.0000,1.7709,0.3000,1,
49.9257,191.4800,WALKING,STANCE,0.9861,-106.900,93.200,-57.028,0.0000,0.0000,1.5289,0.3000,1,
49.9377,191.4900,WALKING,SWING,0.0000,-105.700,137.500,-57.028,0.0000,0.0000,1.2594,0.3000,1,
49.9456,191.5000,WALKING,SWING,0.0208,-104.000,179.700,-57.028,0.0654,0.0000,0.9804,0.3000,1,
49.9577,191.5100,WALKING,SWING,0.0417,-101.900,222.800,-57.028,0.1305,0.0000,0.6809,0.3000,1,
49.9656,191.5200,WALKING,SWING,0.0625,-99.400,268.700,-57.028,0.1951,0.0000,0.3514,0.3000,1,
49.9778,191.5300,WALKING,SWING,0.0833,-96.400,314.000,-57.028,0.2588,0.0000,0.0049,0.0516,0,
49.9857,191.5400,WALKING,SWING,0.1042,-93.300,346.800,-57.028,0.3214,0.0000,-0.2831,0.0000,0,
49.9977,191.5500,WALKING,SWING,0.1250,-89.200,393.600,-57.028,0.3827,0.0000,-0.6811,0.0000,0,
50.0058,191.5600,WALKING,SWING,0.1458,-85.000,419.200,-57.028,0.4423,0.0000,-0.9771,0.0000,0,
50.0177,191.5700,WALKING,SWING,0.1667,-80.800,427.000,-57.028,0.5000,0.0000,-1.1841,0.0000,0,
50.0256,191.5800,WALKING,SWING,0.1875,-76.500,434.400,-57.028,0.5556,0.0000,-1.3931,0.0000,0,
50.0377,191.5900,WALKING,SWING,0.2083,-72.100,442.800,-57.028,0.6088,0.0000,-1.6111,0.0000,0,
50.0457,191.6000,WALKING,SWING,0.2292,-67.600,442.100,-57.028,0.6593,0.0000,-1.7876,0.0000,0,
50.0576,191.6100,WALKING,SWING,0.2500,-63.300,432.200,-57.028,0.7071,0.0000,-1.9101,0.0000,0,
50.0656,191.6200,WALKING,SWING,0.2708,-59.000,419.600,-57.028,0.7518,0.0000,-2.0191,0.0000,0,
50.0777,191.6300,WALKING,SWING,0.2917,-55.000,397.200,-57.028,0.7934,0.0000,-2.0671,0.0000,0,
50.0856,191.6400,WALKING,SWING,0.3125,-51.100,383.300,-57.028,0.8315,0.0000,-2.1536,0.0000,0,
50.0977,191.6500,WALKING,SWING,0.3333,-47.400,359.800,-57.028,0.8660,0.0000,-2.1841,0.0000,0,
50.1057,191.6600,WALKING,SWING,0.3542,-44.000,338.600,-57.028,0.8969,0.0000,-2.2141,0.0000,0,
50.1177,191.6700,WALKING,SWING,0.3750,-40.700,322.500,-57.028,0.9239,0.0000,-2.2656,0.0000,0,
50.1257,191.6800,WALKING,SWING,0.3958,-37.600,310.400,-57.028,0.9469,0.0000,-2.3291,0.0000,0,
50.1377,191.6900,WALKING,SWING,0.4167,-34.500,304.900,-57.028,0.9659,0.0000,-2.4256,0.0000,0,
50.1457,191.7000,WALKING,SWING,0.4375,-31.500,297.800,-57.028,0.9808,0.0000,-2.5101,0.0000,0,
50.1576,191.7100,WALKING,SWING,0.4583,-28.600,290.200,-57.028,0.9914,0.0000,-2.5881,0.0000,0,
50.1656,191.7200,WALKING,SWING,0.4792,-25.700,288.700,-57.028,0.9979,0.0000,-2.6966,0.0000,0,
50.1776,191.7300,WALKING,SWING,0.5000,-22.800,288.600,-57.028,1.0000,0.0000,-2.8121,0.0000,0,
50.1857,191.7400,WALKING,SWING,0.5208,-20.000,285.100,-57.028,0.9979,0.0000,-2.9066,0.0000,0,
50.1977,191.7500,WALKING,SWING,0.5417,-17.100,288.900,-57.028,0.9914,0.0000,-3.0416,0.0000,0,
50.2057,191.7600,WALKING,SWING,0.5625,-14.200,290.400,-57.028,0.9808,0.0000,-3.1651,0.0000,0,
50.2177,191.7700,WALKING,SWING,0.5833,-11.300,280.100,-57.028,0.9659,0.0000,-3.2296,0.0000,0,
50.2257,191.7800,WALKING,SWING,0.6042,-8.700,259.500,-57.028,0.9469,0.0000,-3.2306,0.0000,0,
50.2377,191.7900,WALKING,SWING,0.6250,-6.300,221.900,-57.028,0.9239,0.0000,-3.1386,0.0000,0,
50.2457,191.8000,WALKING,SWING,0.6458,-4.600,149.500,-57.028,0.8969,0.0000,-2.8446,0.0000,0,
50.2577,191.8100,WALKING,SWING,0.6667,-3.500,88.800,-57.028,0.8660,0.0000,-2.5851,0.0000,0,
50.2656,191.8200,WALKING,SWING,0.6875,-3.000,37.000,-57.028,0.8315,0.0000,-2.3461,0.0000,0,
50.2777,191.8300,WALKING,SWING,0.7083,-3.000,-9.000,-57.028,0.7934,0.0000,-2.1161,0.0000,0,
50.2855,191.8400,WALKING,SWING,0.7292,-3.100,-16.100,-57.028,0.7518,0.0000,-2.0766,0.0000,0,
50.2976,191.8500,WALKING,SWING,0.7500,-3.300,-14.000,-57.028,0.7071,0.0000,-2.0791,0.0000,0,
50.3057,191.8600,WALKING,SWING,0.7708,-3.400,-17.200,-57.028,0.6593,0.0000,-2.0591,0.0000,0,
50.3176,191.8700,WALKING,SWING,0.7917,-3.700,-27.500,-57.028,0.6088,0.0000,-1.9956,0.0000,0,
50.3257,191.8800,WALKING,SWING,0.8125,-4.100,-49.800,-57.028,0.5556,0.0000,-1.8681,0.0000,0,
50.3377,191.8900,WALKING,SWING,0.8333,-4.800,-84.200,-57.028,0.5000,0.0000,-1.6681,0.0000,0,
50.3456,191.9000,WALKING,SWING,0.8542,-5.900,-112.900,-57.028,0.4423,0.0000,-1.4806,0.0000,0,
50.3577,191.9100,WALKING,SWING,0.8750,-7.100,-128.100,-57.028,0.3827,0.0000,-1.3566,0.0000,0,
50.3656,191.9200,WALKING,SWING,0.8958,-8.400,-132.500,-57.028,0.3214,0.0000,-1.2826,0.0000,0,
50.3776,191.9300,WALKING,SWING,0.9167,-9.800,-138.200,-57.028,0.2588,0.0000,-1.1981,0.0000,0,
50.3855,191.9400,WALKING,SWING,0.9375,-11.200,-141.000,-57.028,0.1951,0.0000,-1.1281,0.0000,0,
50.3977,191.9500,WALKING,SWING,0.9583,-12.600,-140.300,-57.028,0.1305,0.0000,-1.0756,0.0000,0,
50.4056,191.9600,WALKING,SWING,0.9792,-14.000,-137.600,-57.028,0.0654,0.0000,-1.0331,0.0000,0,
50.4177,191.9700,WALKING,STANCE,0.0000,-15.300,-132.200,-57.028,0.0000,0.0000,-1.0081,0.0000,0,
50.4295,191.9800,WALKING,STANCE,0.0139,-16.600,-126.400,-57.028,0.0000,0.0000,-0.9851,0.0000,0,
50.4376,191.9900,WALKING,STANCE,0.0278,-17.800,-124.000,-57.028,0.0000,0.0000,-0.9491,0.0000,0,
50.4497,192.0000,WALKING,STANCE,0.0417,-18.500,-125.900,-57.028,0.0000,0.0000,-0.9116,0.0000,0,
50.4577,192.0100,WALKING,STANCE,0.0556,-20.500,-137.000,-57.028,0.0000,0.0000,-0.7761,0.0000,0,
50.4697,192.0200,WALKING,STANCE,0.0694,-21.900,-147.600,-57.028,0.0000,0.0000,-0.6671,0.0000,0,
50.4776,192.0300,WALKING,STANCE,0.0833,-23.500,-157.000,-57.028,0.0000,0.0000,-0.5561,0.0000,0,
50.4896,192.0400,WALKING,STANCE,0.0972,-25.100,-162.700,-57.028,0.0000,0.0000,-0.4636,0.0000,0,
50.4977,192.0500,WALKING,STANCE,0.1111,-26.700,-161.300,-57.028,0.0000,0.0000,-0.4066,0.0000,0,
50.5098,192.0600,WALKING,STANCE,0.1250,-28.300,-153.400,-57.028,0.0000,0.0000,-0.3821,0.0000,0,
50.5177,192.0700,WALKING,STANCE,0.1389,-29.700,-139.700,-57.028,0.0000,0.0000,-0.3946,0.0000,0,
50.5298,192.0800,WALKING,STANCE,0.1528,-31.000,-121.300,-57.028,0.0000,0.0000,-0.4346,0.0000,0,
50.5376,192.0900,WALKING,STANCE,0.1667,-32.000,-97.100,-57.028,0.0000,0.0000,-0.5156,0.0000,0,
50.5497,192.1000,WALKING,STANCE,0.1806,-32.700,-72.300,-57.028,0.0000,0.0000,-0.6116,0.0000,0,
50.5577,192.1100,WALKING,STANCE,0.1944,-33.300,-36.400,-57.028,0.0000,0.0000,-0.7671,0.0000,0,
50.5698,192.1200,WALKING,STANCE,0.2083,-33.400,-3.800,-57.028,0.0000,0.0000,-0.9261,0.0000,0,
50.5777,192.1300,WALKING,STANCE,0.2222,-33.300,9.400,-57.028,0.0000,0.0000,-0.9961,0.0000,0,
50.5898,192.1400,WALKING,STANCE,0.2361,-33.300,4.800,-57.028,0.0000,0.0000,-0.9731,0.0000,0,
50.5977,192.1500,WALKING,STANCE,0.2500,-33.300,-3.200,-57.028,0.0000,0.0000,-0.9331,0.0000,0,
50.6097,192.1600,WALKING,STANCE,0.2639,-33.300,-3.600,-57.028,0.0000,0.0000,-0.9311,0.0000,0,
50.6176,192.1700,WALKING,STANCE,0.2778,-33.400,-7.800,-57.028,0.0000,0.0000,-0.9061,0.0000,0,
50.6297,192.1800,WALKING,STANCE,0.2917,-33.500,-20.900,-57.028,0.0000,0.0000,-0.8366,0.0000,0,
50.6377,192.1900,WALKING,STANCE,0.3056,-33.900,-39.300,-57.028,0.0000,0.0000,-0.7286,0.0000,0,
50.6498,192.2000,WALKING,STANCE,0.3194,-34.400,-60.400,-57.028,0.0000,0.0000,-0.6031,0.0000,0,
50.6577,192.2100,WALKING,STANCE,0.3333,-35.200,-81.000,-57.028,0.0000,0.0000,-0.4681,0.0000,0,
50.6698,192.2200,WALKING,STANCE,0.3472,-36.100,-100.900,-57.028,0.0000,0.0000,-0.3326,0.0000,0,
50.6778,192.2300,WALKING,STANCE,0.3611,-37.300,-120.800,-57.028,0.0000,0.0000,-0.1851,0.0000,0,
50.6897,192.2400,WALKING,STANCE,0.3750,-38.500,-136.900,-57.028,0.0000,0.0000,-0.0566,0.0000,0,
50.6976,192.2500,WALKING,STANCE,0.3889,-40.100,-156.100,-57.028,0.0000,0.0000,0.1034,0.1648,0,
50.7098,192.2600,WALKING,STANCE,0.4028,-41.800,-170.900,-57.028,0.0000,0.0000,0.2454,0.3000,1,
50.7177,192.2700,WALKING,STANCE,0.4167,-43.600,-181.400,-57.028,0.0000,0.0000,0.3699,0.3000,1,
50.7297,192.2800,WALKING,STANCE,0.4306,-45.400,-179.500,-57.028,0.0000,0.0000,0.4324,0.3000,1,
50.7376,192.2900,WALKING,STANCE,0.4444,-47.100,-164.200,-57.028,0.0000,0.0000,0.4239,0.3000,1,
50.7497,192.3000,WALKING,STANCE,0.4583,-48.600,-144.800,-57.028,0.0000,0.0000,0.3869,0.3000,1,
50.7577,192.3100,WALKING,STANCE,0.4722,-49.900,-124.400,-57.028,0.0000,0.0000,0.3369,0.3000,1,
50.7698,192.3200,WALKING,STANCE,0.4861,-51.000,-103.900,-57.028,0.0000,0.0000,0.2784,0.3000,1,
50.7777,192.3300,WALKING,STANCE,0.5000,-51.900,-83.000,-57.028,0.0000,0.0000,0.2099,0.2872,0,
50.7896,192.3400,WALKING,STANCE,0.5139,-52.600,-61.900,-57.028,0.0000,0.0000,0.1324,0.1982,0,
50.7978,192.3500,WALKING,STANCE,0.5278,-53.100,-43.600,-57.028,0.0000,0.0000,0.0609,0.1160,0,
50.8097,192.3600,WALKING,STANCE,0.5417,-53.400,-27.100,-57.028,0.0000,0.0000,-0.0096,0.0000,0,
50.8177,192.3700,WALKING,STANCE,0.5556,-53.600,-12.600,-57.028,0.0000,0.0000,-0.0741,0.0000,0,
50.8297,192.3800,WALKING,STANCE,0.5694,-53.600,-8.300,-57.028,0.0000,0.0000,-0.0956,0.0000,0,
50.8377,192.3900,WALKING,STANCE,0.5833,-53.800,-12.600,-57.028,0.0000,0.0000,-0.0661,0.0000,0,
50.8497,192.4000,WALKING,STANCE,0.5972,-53.900,-20.400,-57.028,0.0000,0.0000,-0.0231,0.0000,0,
50.8577,192.4100,WALKING,STANCE,0.6111,-54.200,-31.800,-57.028,0.0000,0.0000,0.0459,0.0987,0,
50.8697,192.4200,WALKING,STANCE,0.6250,-54.600,-41.300,-57.028,0.0000,0.0000,0.1094,0.1717,0,
50.8777,192.4300,WALKING,STANCE,0.6389,-55.100,-49.900,-57.028,0.0000,0.0000,0.1724,0.2441,0,
50.8897,192.4400,WALKING,STANCE,0.6528,-55.600,-53.100,-57.028,0.0000,0.0000,0.2084,0.2855,0,
50.8974,192.4500,WALKING,STANCE,0.6667,-56.100,-50.700,-57.028,0.0000,0.0000,0.2164,0.2947,0,
50.9097,192.4600,WALKING,STANCE,0.6806,-56.600,-42.200,-57.028,0.0000,0.0000,0.1939,0.2688,0,
50.9176,192.4700,WALKING,STANCE,0.6944,-56.900,-32.400,-57.028,0.0000,0.0000,0.1569,0.2263,0,
50.9297,192.4800,WALKING,STANCE,0.7083,-57.200,-25.400,-57.028,0.0000,0.0000,0.1339,0.1999,0,
50.9377,192.4900,WALKING,STANCE,0.7222,-57.400,-21.400,-57.028,0.0000,0.0000,0.1219,0.1861,0,
50.9497,192.5000,WALKING,STANCE,0.7361,-57.600,-20.900,-57.028,0.0000,0.0000,0.1274,0.1924,0,
50.9577,192.5100,WALKING,STANCE,0.7500,-57.900,-23.700,-57.028,0.0000,0.0000,0.1534,0.2223,0,
50.9697,192.5200,WALKING,STANCE,0.7639,-58.200,-31.400,-57.028,0.0000,0.0000,0.2039,0.2803,0,
50.9777,192.5300,WALKING,STANCE,0.7778,-58.500,-41.000,-57.028,0.0000,0.0000,0.2639,0.3000,1,
50.9897,192.5400,WALKING,STANCE,0.7917,-59.000,-49.300,-57.028,0.0000,0.0000,0.3254,0.3000,1,
50.9977,192.5500,WALKING,STANCE,0.8056,-59.500,-55.800,-57.028,0.0000,0.0000,0.3779,0.3000,1,
51.0096,192.5600,WALKING,STANCE,0.8194,-60.200,-65.400,-57.028,0.0000,0.0000,0.4539,0.3000,1,
51.0176,192.5700,WALKING,STANCE,0.8333,-60.900,-72.800,-57.028,0.0000,0.0000,0.5189,0.3000,1,
51.0297,192.5800,WALKING,STANCE,0.8472,-61.700,-80.900,-57.028,0.0000,0.0000,0.5914,0.3000,1,
51.0376,192.5900,WALKING,STANCE,0.8611,-62.500,-89.600,-57.028,0.0000,0.0000,0.6669,0.3000,1,
51.0497,192.6000,WALKING,STANCE,0.8750,-63.500,-100.600,-57.028,0.0000,0.0000,0.7619,0.3000,1,
51.0576,192.6100,WALKING,STANCE,0.8889,-64.600,-114.700,-57.028,0.0000,0.0000,0.8764,0.3000,1,
51.0697,192.6200,WALKING,STANCE,0.9028,-65.800,-127.900,-57.028,0.0000,0.0000,0.9904,0.3000,1,
51.0777,192.6300,WALKING,STANCE,0.9167,-67.200,-144.200,-57.028,0.0000,0.0000,1.1279,0.3000,1,
51.0897,192.6400,WALKING,STANCE,0.9306,-68.800,-164.100,-57.028,0.0000,0.0000,1.2914,0.3000,1,
51.0977,192.6500,WALKING,STANCE,0.9444,-70.600,-184.800,-57.028,0.0000,0.0000,1.4669,0.3000,1,
51.1096,192.6600,WALKING,STANCE,0.9583,-72.600,-205.200,-57.028,0.0000,0.0000,1.6489,0.3000,1,
51.1176,192.6700,WALKING,STANCE,0.9722,-74.800,-227.900,-57.028,0.0000,0.0000,1.8504,0.3000,1,
51.1296,192.6800,WALKING,STANCE,0.9861,-77.200,-254.000,-57.028,0.0000,0.0000,2.0769,0.3000,1,
51.1377,192.6900,WALKING,SWING,0.0000,-80.000,-279.800,-57.028,0.0000,0.0000,2.3179,0.3000,1,
51.1497,192.7000,WALKING,SWING,0.0208,-82.900,-302.400,-57.028,0.0654,0.0000,2.5469,0.3000,1,
51.1575,192.7100,WALKING,SWING,0.0417,-86.100,-326.500,-57.028,0.1305,0.0000,2.7954,0.3000,1,
51.1697,192.7200,WALKING,SWING,0.0625,-89.600,-353.200,-57.028,0.1951,0.0000,3.0689,0.3000,1,
51.1777,192.7300,WALKING,SWING,0.0833,-93.200,-373.500,-57.028,0.2588,0.0000,3.3144,0.3000,1,
51.1896,192.7400,WALKING,SWING,0.1042,-97.100,-398.700,-57.028,0.3214,0.0000,3.5964,0.3000,1,
51.1977,192.7500,WALKING,SWING,0.1250,-101.300,-416.500,-57.028,0.3827,0.0000,3.8534,0.3000,1,
51.2097,192.7600,WALKING,SWING,0.1458,-105.500,-433.200,-57.028,0.4423,0.0000,4.1049,0.3000,1,
51.2175,192.7700,WALKING,SWING,0.1667,-110.000,-450.300,-57.028,0.5000,0.0000,4.3704,0.3000,1,
51.2296,192.7800,WALKING,SWING,0.1875,-114.600,-463.000,-57.028,0.5556,0.0000,4.6179,0.3000,1,
51.2376,192.7900,WALKING,SWING,0.2083,-119.300,-470.900,-57.028,0.6088,0.0000,4.8454,0.3000,1,
51.2496,192.8000,WALKING,SWING,0.2292,-124.000,-469.400,-57.028,0.6593,0.0000,5.0259,0.3000,1,
51.2577,192.8100,WALKING,SWING,0.2500,-128.500,-444.100,-57.028,0.7071,0.0000,5.0794,0.3000,1,
51.2697,192.8200,WALKING,SWING,0.2708,-132.900,-399.600,-57.028,0.7518,0.0000,5.0329,0.3000,1,
51.2775,192.8300,WALKING,SWING,0.2917,-136.700,-343.200,-57.028,0.7934,0.0000,4.9029,0.3000,1,
51.2897,192.8400,WALKING,SWING,0.3125,-139.700,-276.200,-57.028,0.8315,0.0000,4.6879,0.3000,1,
51.2977,192.8500,WALKING,SWING,0.3333,-142.000,-208.200,-57.028,0.8660,0.0000,4.4399,0.3000,1,
51.3097,192.8600,WALKING,SWING,0.3542,-143.600,-137.000,-57.028,0.8969,0.0000,4.1479,0.3000,1,
51.3177,192.8700,WALKING,SWING,0.3750,-144.400,-63.600,-57.028,0.9239,0.0000,3.8129,0.3000,1,
51.3297,192.8800,WALKING,SWING,0.3958,-144.600,6.000,-57.028,0.9469,0.0000,3.4729,0.3000,1,
51.3377,192.8900,WALKING,SWING,0.4167,-144.100,55.800,-57.028,0.9659,0.0000,3.2039,0.3000,1,
51.3496,192.9000,WALKING,SWING,0.4375,-143.300,103.200,-57.028,0.9808,0.0000,2.9349,0.3000,1,
51.3577,192.9100,WALKING,SWING,0.4583,-141.900,149.700,-57.028,0.9914,0.0000,2.6464,0.3000,1,
51.3697,192.9200,WALKING,SWING,0.4792,-140.100,195.400,-57.028,0.9979,0.0000,2.3459,0.3000,1,
51.3775,192.9300,WALKING,SWING,0.5000,-137.800,241.400,-57.028,1.0000,0.0000,2.0239,0.3000,1,
51.3896,192.9400,WALKING,SWING,0.5208,-135.100,289.900,-57.028,0.9979,0.0000,1.6734,0.3000,1,
51.3977,192.9500,WALKING,SWING,0.5417,-131.900,333.400,-57.028,0.9914,0.0000,1.3279,0.3000,1,
51.4099,192.9600,WALKING,SWING,0.5625,-128.200,376.300,-57.028,0.9808,0.0000,0.9654,0.3000,1,
51.4178,192.9700,WALKING,SWING,0.5833,-124.100,426.200,-57.028,0.9659,0.0000,0.5519,0.3000,1,
51.4296,192.9800,WALKING,SWING,0.6042,-119.600,461.800,-57.028,0.9469,0.0000,0.1939,0.2688,0,
51.4377,192.9900,WALKING,SWING,0.6250,-114.700,500.100,-57.028,0.9239,0.0000,-0.1936,0.0000,0,
51.4498,193.0000,WALKING,SWING,0.6458,-112.800,515.100,-57.028,0.8969,0.0000,-0.3446,0.0000,0,
51.4577,193.0100,WALKING,SWING,0.6667,-104.300,582.400,-57.028,0.8660,0.0000,-1.0211,0.0000,0,
51.4697,193.0200,WALKING,SWING,0.6875,-98.200,612.000,-57.028,0.8315,0.0000,-1.4131,0.0000,0,
51.4777,193.0300,WALKING,SWING,0.7083,-92.000,625.400,-57.028,0.7934,0.0000,-1.7281,0.0000,0,
51.4897,193.0400,WALKING,SWING,0.7292,-85.600,646.100,-57.028,0.7518,0.0000,-2.0876,0.0000,0,
51.4976,193.0500,WALKING,SWING,0.7500,-79.100,647.700,-57.028,0.7071,0.0000,-2.3556,0.0000,0,
51.5097,193.0600,WALKING,SWING,0.7708,-72.600,654.800,-57.028,0.6593,0.0000,-2.6511,0.0000,0,
51.5176,193.0700,WALKING,SWING,0.7917,-66.100,651.900,-57.028,0.6088,0.0000,-2.8966,0.0000,0,
51.5297,193.0800,WALKING,SWING,0.8125,-59.600,640.400,-57.028,0.5556,0.0000,-3.0991,0.0000,0,
51.5377,193.0900,WALKING,SWING,0.8333,-53.400,617.200,-57.028,0.5000,0.0000,-3.2311,0.0000,0,
51.5496,193.1000,WALKING,SWING,0.8542,-47.400,582.400,-57.028,0.4423,0.0000,-3.2971,0.0000,0,
51.5577,193.1100,WALKING,SWING,0.8750,-42.000,525.200,-57.028,0.3827,0.0000,-3.2271,0.0000,0,
51.5697,193.1200,WALKING,SWING,0.8958,-37.100,469.700,-57.028,0.3214,0.0000,-3.1456,0.0000,0,
51.5777,193.1300,WALKING,SWING,0.9167,-32.700,423.600,-57.028,0.2588,0.0000,-3.0911,0.0000,0,
51.5896,193.1400,WALKING,SWING,0.9375,-28.800,375.200,-57.028,0.1951,0.0000,-3.0051,0.0000,0,
51.5977,193.1500,WALKING,SWING,0.9583,-25.300,345.900,-57.028,0.1305,0.0000,-2.9986,0.0000,0,
51.6097,193.1600,WALKING,SWING,0.9792,-22.000,326.500,-57.028,0.0654,0.0000,-3.0336,0.0000,0,
51.6177,193.1700,WALKING,STANCE,0.0000,-18.800,313.500,-57.028,0.0000,0.0000,-3.0966,0.0000,0,
51.6295,193.1800,WALKING,STANCE,0.0139,-15.700,314.700,-57.028,0.0000,0.0000,-3.2266,0.0000,0,
51.6377,193.1900,WALKING,STANCE,0.0278,-12.600,310.800,-57.028,0.0000,0.0000,-3.3311,0.0000,0,
51.6497,193.2000,WALKING,STANCE,0.0417,-9.600,295.200,-57.028,0.0000,0.0000,-3.3731,0.0000,0,
51.6576,193.2100,WALKING,STANCE,0.0556,-6.800,268.600,-57.028,0.0000,0.0000,-3.3521,0.0000,0,
51.6697,193.2200,WALKING,STANCE,0.0694,-4.500,209.600,-57.028,0.0000,0.0000,-3.1491,0.0000,0,
51.6777,193.2300,WALKING,STANCE,0.0833,-2.700,157.700,-57.028,0.0000,0.0000,-2.9616,0.0000,0,
51.6897,193.2400,WALKING,STANCE,0.0972,-1.600,97.600,-57.028,0.0000,0.0000,-2.7051,0.0000,0,
51.6977,193.2500,WALKING,STANCE,0.1111,-1.100,38.700,-57.028,0.0000,0.0000,-2.4306,0.0000,0,
51.7137,193.2600,WALKING,STANCE,0.1250,-1.100,-15.100,-57.028,0.0000,0.0000,-2.1616,0.0000,0,
51.7218,193.2700,WALKING,STANCE,0.1389,-1.300,-18.400,-57.028,0.0000,0.0000,-2.1371,0.0000,0,
51.7337,193.2800,WALKING,STANCE,0.1528,-1.500,-18.100,-57.028,0.0000,0.0000,-2.1306,0.0000,0,
51.7417,193.2900,WALKING,STANCE,0.1667,-1.700,-31.900,-57.028,0.0000,0.0000,-2.0536,0.0000,0,
51.7576,193.3000,WALKING,STANCE,0.1806,-2.200,-56.900,-57.028,0.0000,0.0000,-1.9086,0.0000,0,
51.7656,193.3200,WALKING,STANCE,0.2083,-4.000,-111.000,-57.028,0.0000,0.0000,-1.5661,0.0000,0,
51.7777,193.3300,WALKING,STANCE,0.2222,-5.300,-146.500,-57.028,0.0000,0.0000,-1.3366,0.0000,0,
51.7857,193.3400,WALKING,STANCE,0.2361,-7.000,-181.800,-57.028,0.0000,0.0000,-1.0921,0.0000,0,
51.7977,193.3500,WALKING,STANCE,0.2500,-8.900,-186.100,-57.028,0.0000,0.0000,-0.9946,0.0000,0,
51.8057,193.3600,WALKING,STANCE,0.2639,-10.800,-179.600,-57.028,0.0000,0.0000,-0.9511,0.0000,0,
51.8177,193.3700,WALKING,STANCE,0.2778,-12.500,-170.200,-57.028,0.0000,0.0000,-0.9301,0.0000,0,
51.8256,193.3800,WALKING,STANCE,0.2917,-14.100,-161.500,-57.028,0.0000,0.0000,-0.9096,0.0000,0,
51.8377,193.3900,WALKING,STANCE,0.3056,-15.700,-156.800,-57.028,0.0000,0.0000,-0.8691,0.0000,0,
51.8457,193.4000,WALKING,STANCE,0.3194,-17.300,-159.100,-57.028,0.0000,0.0000,-0.7936,0.0000,0,
51.8577,193.4100,WALKING,STANCE,0.3333,-18.900,-167.100,-57.028,0.0000,0.0000,-0.6896,0.0000,0,
51.8657,193.4200,WALKING,STANCE,0.3472,-20.600,-179.400,-57.028,0.0000,0.0000,-0.5601,0.0000,0,
51.8777,193.4300,WALKING,STANCE,0.3611,-22.600,-195.900,-57.028,0.0000,0.0000,-0.3976,0.0000,0,
51.8857,193.4400,WALKING,STANCE,0.3750,-24.700,-208.600,-57.028,0.0000,0.0000,-0.2501,0.0000,0,
51.8977,193.4500,WALKING,STANCE,0.3889,-26.800,-213.800,-57.028,0.0000,0.0000,-0.1401,0.0000,0,
51.9057,193.4600,WALKING,STANCE,0.4028,-28.900,-209.900,-57.028,0.0000,0.0000,-0.0756,0.0000,0,
51.9177,193.4700,WALKING,STANCE,0.4167,-30.900,-200.800,-57.028,0.0000,0.0000,-0.0411,0.0000,0,
51.9258,193.4800,WALKING,STANCE,0.4306,-32.800,-183.400,-57.028,0.0000,0.0000,-0.0521,0.0000,0,
51.9377,193.4900,WALKING,STANCE,0.4444,-34.500,-157.500,-57.028,0.0000,0.0000,-0.1136,0.0000,0,
51.9457,193.5000,WALKING,STANCE,0.4583,-35.800,-127.900,-57.028,0.0000,0.0000,-0.2096,0.0000,0,
51.9578,193.5100,WALKING,STANCE,0.4722,-36.900,-96.600,-57.028,0.0000,0.0000,-0.3221,0.0000,0,
51.9657,193.5200,WALKING,STANCE,0.4861,-37.700,-65.800,-57.028,0.0000,0.0000,-0.4441,0.0000,0,
51.9777,193.5300,WALKING,STANCE,0.5000,-38.100,-32.500,-57.028,0.0000,0.0000,-0.5946,0.0000,0,
51.9857,193.5400,WALKING,STANCE,0.5139,-38.200,-2.200,-57.028,0.0000,0.0000,-0.7421,0.0000,0,
51.9977,193.5500,WALKING,STANCE,0.5278,-38.100,7.700,-57.028,0.0000,0.0000,-0.7956,0.0000,0,
52.0057,193.5600,WALKING,STANCE,0.5417,-38.100,-1.900,-57.028,0.0000,0.0000,-0.7476,0.0000,0,
52.0177,193.5700,WALKING,STANCE,0.5556,-38.200,-6.600,-57.028,0.0000,0.0000,-0.7201,0.0000,0,
52.0257,193.5800,WALKING,STANCE,0.5694,-38.300,-13.900,-57.028,0.0000,0.0000,-0.6796,0.0000,0,
52.0377,193.5900,WALKING,STANCE,0.5833,-38.500,-26.600,-57.028,0.0000,0.0000,-0.6081,0.0000,0,
52.0457,193.6000,WALKING,STANCE,0.5972,-38.900,-44.100,-57.028,0.0000,0.0000,-0.5046,0.0000,0,
52.0578,193.6100,WALKING,STANCE,0.6111,-39.500,-64.300,-57.028,0.0000,0.0000,-0.3796,0.0000,0,
52.0656,193.6200,WALKING,STANCE,0.6250,-40.300,-84.800,-57.028,0.0000,0.0000,-0.2451,0.0000,0,
52.0777,193.6300,WALKING,STANCE,0.6389,-41.200,-99.000,-57.028,0.0000,0.0000,-0.1381,0.0000,0,
52.0855,193.6400,WALKING,STANCE,0.6528,-42.300,-111.500,-57.028,0.0000,0.0000,-0.0316,0.0000,0,
52.0977,193.6500,WALKING,STANCE,0.6667,-43.500,-120.200,-57.028,0.0000,0.0000,0.0599,0.1148,0,
52.1057,193.6600,WALKING,STANCE,0.6806,-44.700,-124.800,-57.028,0.0000,0.0000,0.1309,0.1964,0,
52.1178,193.6700,WALKING,STANCE,0.6944,-46.000,-128.500,-57.028,0.0000,0.0000,0.2014,0.2775,0,
52.1257,193.6800,WALKING,STANCE,0.7083,-47.200,-120.600,-57.028,0.0000,0.0000,0.2099,0.2872,0,
52.1417,193.6900,WALKING,STANCE,0.7222,-48.400,-105.900,-57.028,0.0000,0.0000,0.1844,0.2579,0,
52.1497,193.7000,WALKING,STANCE,0.7361,-49.300,-87.400,-57.028,0.0000,0.0000,0.1279,0.1930,0,
52.1616,193.7100,WALKING,STANCE,0.7500,-50.000,-68.500,-57.028,0.0000,0.0000,0.0614,0.1165,0,
52.1697,193.7200,WALKING,STANCE,0.7639,-50.600,-54.300,-57.028,0.0000,0.0000,0.0144,0.0625,0,
52.1816,193.7300,WALKING,STANCE,0.7778,-51.100,-42.600,-57.028,0.0000,0.0000,-0.0241,0.0000,0,
52.1896,193.7400,WALKING,STANCE,0.7917,-51.400,-36.100,-57.028,0.0000,0.0000,-0.0446,0.0000,0,
52.2017,193.7500,WALKING,STANCE,0.8056,-51.800,-35.600,-57.028,0.0000,0.0000,-0.0311,0.0000,0,
52.2096,193.7600,WALKING,STANCE,0.8194,-52.200,-40.500,-57.028,0.0000,0.0000,0.0094,0.0568,0,
52.2218,193.7700,WALKING,STANCE,0.8333,-52.600,-47.900,-57.028,0.0000,0.0000,0.0624,0.1177,0,
52.2297,193.7800,WALKING,STANCE,0.8472,-53.200,-58.500,-57.028,0.0000,0.0000,0.1394,0.2062,0,
52.2417,193.7900,WALKING,STANCE,0.8611,-53.800,-62.300,-57.028,0.0000,0.0000,0.1824,0.2556,0,
52.2497,193.8000,WALKING,STANCE,0.8750,-54.400,-59.400,-57.028,0.0000,0.0000,0.1919,0.2665,0,
52.2616,193.8100,WALKING,STANCE,0.8889,-55.000,-53.500,-57.028,0.0000,0.0000,0.1864,0.2602,0,
52.2696,193.8200,WALKING,STANCE,0.9028,-55.500,-46.900,-57.028,0.0000,0.0000,0.1734,0.2453,0,
52.2817,193.8300,WALKING,STANCE,0.9167,-55.900,-44.600,-57.028,0.0000,0.0000,0.1779,0.2504,0,
52.2897,193.8400,WALKING,STANCE,0.9306,-56.300,-41.100,-57.028,0.0000,0.0000,0.1764,0.2487,0,
52.3017,193.8500,WALKING,STANCE,0.9444,-56.800,-42.300,-57.028,0.0000,0.0000,0.2024,0.2786,0,
52.3097,193.8600,WALKING,STANCE,0.9583,-57.200,-49.600,-57.028,0.0000,0.0000,0.2549,0.3000,1,
52.3217,193.8700,WALKING,STANCE,0.9722,-57.800,-60.400,-57.028,0.0000,0.0000,0.3329,0.3000,1,
52.3297,193.8800,WALKING,STANCE,0.9861,-58.500,-72.900,-57.028,0.0000,0.0000,0.4234,0.3000,1,
52.3418,193.8900,WALKING,STANCE,1.0000,-59.300,-84.100,-57.028,0.0000,0.0000,0.5114,0.3000,1,
52.3498,193.9000,WALKING,SWING,0.0208,-60.200,-99.100,-57.028,0.0654,0.0000,0.6224,0.3000,1,
52.3617,193.9100,WALKING,SWING,0.0417,-61.300,-115.400,-57.028,0.1305,0.0000,0.7479,0.3000,1,
52.3696,193.9200,WALKING,SWING,0.0625,-62.600,-132.700,-57.028,0.1951,0.0000,0.8864,0.3000,1,
52.3817,193.9300,WALKING,SWING,0.0833,-64.100,-151.400,-57.028,0.2588,0.0000,1.0399,0.3000,1,
52.3897,193.9400,WALKING,SWING,0.1042,-65.700,-166.900,-57.028,0.3214,0.0000,1.1814,0.3000,1,
52.4017,193.9500,WALKING,SWING,0.1250,-67.500,-185.000,-57.028,0.3827,0.0000,1.3439,0.3000,1,
52.4096,193.9600,WALKING,SWING,0.1458,-69.500,-203.600,-57.028,0.4423,0.0000,1.5169,0.3000,1,
52.4217,193.9700,WALKING,SWING,0.1667,-71.600,-220.300,-57.028,0.5000,0.0000,1.6844,0.3000,1,
52.4296,193.9800,WALKING,SWING,0.1875,-73.900,-233.900,-57.028,0.5556,0.0000,1.8444,0.3000,1,
52.4416,193.9900,WALKING,SWING,0.2083,-76.400,-249.400,-57.028,0.6088,0.0000,2.0219,0.3000,1,
52.4497,194.0000,WALKING,SWING,0.2292,-77.700,-259.000,-57.028,0.6593,0.0000,2.1219,0.3000,1,
52.4616,194.0100,WALKING,SWING,0.2500,-81.800,-287.200,-57.028,0.7071,0.0000,2.4269,0.3000,1,
52.4696,194.0200,WALKING,SWING,0.2708,-84.800,-307.800,-57.028,0.7518,0.0000,2.6499,0.3000,1,
52.4817,194.0300,WALKING,SWING,0.2917,-88.100,-333.000,-57.028,0.7934,0.0000,2.9079,0.3000,1,
52.4937,194.0400,WALKING,SWING,0.3125,-91.600,-357.600,-57.028,0.8315,0.0000,3.1709,0.3000,1,
52.5017,194.0500,WALKING,SWING,0.3333,-95.300,-385.300,-57.028,0.8660,0.0000,3.4574,0.3000,1,
52.5137,194.0600,WALKING,SWING,0.3542,-99.400,-416.200,-57.028,0.8969,0.0000,3.7759,0.3000,1,
52.5217,194.0700,WALKING,SWING,0.3750,-103.300,-435.000,-57.028,0.9239,0.0000,4.0259,0.3000,1,
52.5337,194.0800,WALKING,SWING,0.3958,-108.300,-463.500,-57.028,0.9469,0.0000,4.3684,0.3000,1,
52.5418,194.0900,WALKING,SWING,0.4167,-113.000,-476.300,-57.028,0.9659,0.0000,4.6204,0.3000,1,
52.5537,194.1000,WALKING,SWING,0.4375,-117.900,-489.600,-57.028,0.9808,0.0000,4.8829,0.3000,1,
52.5617,194.1100,WALKING,SWING,0.4583,-122.800,-499.100,-57.028,0.9914,0.0000,5.1264,0.3000,1,
52.5737,194.1200,WALKING,SWING,0.4792,-127.800,-492.700,-57.028,0.9979,0.0000,5.2944,0.3000,1,
52.5817,194.1300,WALKING,SWING,0.5000,-132.500,-462.200,-57.028,1.0000,0.0000,5.3299,0.3000,1,
52.5937,194.1400,WALKING,SWING,0.5208,-136.900,-420.900,-57.028,0.9979,0.0000,5.2994,0.3000,1,
52.6017,194.1500,WALKING,SWING,0.5417,-140.700,-362.800,-57.028,0.9914,0.0000,5.1609,0.3000,1,
52.6137,194.1600,WALKING,SWING,0.5625,-143.900,-304.000,-57.028,0.9808,0.0000,4.9949,0.3000,1,
52.6217,194.1700,WALKING,SWING,0.5833,-146.500,-236.600,-57.028,0.9659,0.0000,4.7619,0.3000,1,
52.6338,194.1800,WALKING,SWING,0.6042,-148.400,-166.900,-57.028,0.9469,0.0000,4.4894,0.3000,1,
52.6417,194.1900,WALKING,SWING,0.6250,-149.600,-97.100,-57.028,0.9239,0.0000,4.1884,0.3000,1,
52.6537,194.2000,WALKING,SWING,0.6458,-150.100,-28.500,-57.028,0.8969,0.0000,3.8654,0.3000,1,
52.6616,194.2100,WALKING,SWING,0.6667,-150.000,25.100,-57.028,0.8660,0.0000,3.5934,0.3000,1,
52.6736,194.2200,WALKING,SWING,0.6875,-149.400,68.700,-57.028,0.8315,0.0000,3.3514,0.3000,1,
52.6817,194.2300,WALKING,SWING,0.7083,-148.400,114.700,-57.028,0.7934,0.0000,3.0814,0.3000,1,
52.6937,194.2400,WALKING,SWING,0.7292,-146.900,161.100,-57.028,0.7518,0.0000,2.7894,0.3000,1,
52.7017,194.2500,WALKING,SWING,0.7500,-145.000,209.500,-57.028,0.7071,0.0000,2.4714,0.3000,1,
52.7137,194.2600,WALKING,SWING,0.7708,-142.600,255.100,-57.028,0.6593,0.0000,2.1474,0.3000,1,
52.7218,194.2700,WALKING,SWING,0.7917,-139.700,298.700,-57.028,0.6088,0.0000,1.8134,0.3000,1,
52.7336,194.2800,WALKING,SWING,0.8125,-136.400,345.500,-57.028,0.5556,0.0000,1.4474,0.3000,1,
52.7417,194.2900,WALKING,SWING,0.8333,-132.600,390.800,-57.028,0.5000,0.0000,1.0689,0.3000,1,
52.7537,194.3000,WALKING,SWING,0.8542,-128.500,429.400,-57.028,0.4423,0.0000,0.7119,0.3000,1,
52.7617,194.3100,WALKING,SWING,0.8750,-123.800,478.300,-57.028,0.3827,0.0000,0.2794,0.3000,1,
52.7737,194.3200,WALKING,SWING,0.8958,-118.800,513.700,-57.028,0.3214,0.0000,-0.0976,0.0000,0,
52.7816,194.3300,WALKING,SWING,0.9167,-113.400,552.200,-57.028,0.2588,0.0000,-0.5061,0.0000,0,
52.7937,194.3400,WALKING,SWING,0.9375,-107.500,597.800,-57.028,0.1951,0.0000,-0.9701,0.0000,0,
52.8017,194.3500,WALKING,SWING,0.9583,-101.300,633.200,-57.028,0.1305,0.0000,-1.3951,0.0000,0,
52.8137,194.3600,WALKING,SWING,0.9792,-94.800,654.100,-57.028,0.0654,0.0000,-1.7596,0.0000,0,
52.8218,194.3700,WALKING,STANCE,0.0000,-88.200,669.900,-57.028,0.0000,0.0000,-2.1026,0.0000,0,
52.8336,194.3800,WALKING,STANCE,0.0139,-81.400,675.300,-57.028,0.0000,0.0000,-2.4016,0.0000,0,
52.8417,194.3900,WALKING,STANCE,0.0278,-74.600,679.300,-57.028,0.0000,0.0000,-2.6936,0.0000,0,
52.8536,194.4000,WALKING,STANCE,0.0417,-67.800,682.100,-57.028,0.0000,0.0000,-2.9796,0.0000,0,
52.8656,194.4100,WALKING,STANCE,0.0556,-61.200,657.800,-57.028,0.0000,0.0000,-3.1221,0.0000,0,
52.8739,194.4300,WALKING,STANCE,0.0833,-49.000,570.100,-57.028,0.0000,0.0000,-3.1716,0.0000,0,
52.8856,194.4400,WALKING,STANCE,0.0972,-43.800,500.700,-57.028,0.0000,0.0000,-3.0326,0.0000,0,
52.8938,194.4500,WALKING,STANCE,0.1111,-39.200,437.200,-57.028,0.0000,0.0000,-2.8991,0.0000,0,
52.9057,194.4600,WALKING,STANCE,0.1250,-35.200,386.300,-57.028,0.0000,0.0000,-2.8046,0.0000,0,
52.9137,194.4700,WALKING,STANCE,0.1389,-31.600,347.200,-57.028,0.0000,0.0000,-2.7531,0.0000,0,
52.9257,194.4800,WALKING,STANCE,0.1528,-28.400,316.900,-57.028,0.0000,0.0000,-2.7296,0.0000,0,
52.9337,194.4900,WALKING,STANCE,0.1667,-25.300,301.900,-57.028,0.0000,0.0000,-2.7786,0.0000,0,
52.9457,194.5000,WALKING,STANCE,0.1806,-22.300,293.100,-57.028,0.0000,0.0000,-2.8546,0.0000,0,
52.9537,194.5100,WALKING,STANCE,0.1944,-19.500,284.100,-57.028,0.0000,0.0000,-2.9216,0.0000,0,
52.9657,194.5200,WALKING,STANCE,0.2083,-16.600,285.300,-57.028,0.0000,0.0000,-3.0436,0.0000,0,
52.9737,194.5300,WALKING,STANCE,0.2222,-13.800,281.100,-57.028,0.0000,0.0000,-3.1346,0.0000,0,
52.9857,194.5400,WALKING,STANCE,0.2361,-11.100,261.800,-57.028,0.0000,0.0000,-3.1461,0.0000,0,
52.9935,194.5500,WALKING,STANCE,0.2500,-8.700,231.700,-57.028,0.0000,0.0000,-3.0916,0.0000,0,
53.0016,194.5600,WALKING,STANCE,0.2639,-6.700,184.400,-57.028,0.0000,0.0000,-2.9351,0.0000,0,
53.0137,194.5700,WALKING,STANCE,0.2778,-5.500,90.100,-57.028,0.0000,0.0000,-2.5116,0.0000,0,
53.0257,194.5800,WALKING,STANCE,0.2917,-5.200,-4.800,-57.028,0.0000,0.0000,-2.0491,0.0000,0,
53.0336,194.5900,WALKING,STANCE,0.3056,-5.600,-46.100,-57.028,0.0000,0.0000,-1.8266,0.0000,0,
53.0456,194.6000,WALKING,STANCE,0.3194,-6.300,-70.600,-57.028,0.0000,0.0000,-1.6761,0.0000,0,
53.0577,194.6100,WALKING,STANCE,0.3333,-7.000,-77.900,-57.028,0.0000,0.0000,-1.6116,0.0000,0,
53.0657,194.6200,WALKING,STANCE,0.3472,-7.900,-88.100,-57.028,0.0000,0.0000,-1.5246,0.0000,0,
53.0777,194.6300,WALKING,STANCE,0.3611,-8.900,-112.400,-57.028,0.0000,0.0000,-1.3631,0.0000,0,
53.0855,194.6400,WALKING,STANCE,0.3750,-10.200,-138.500,-57.028,0.0000,0.0000,-1.1806,0.0000,0,
53.0977,194.6500,WALKING,STANCE,0.3889,-11.700,-152.200,-57.028,0.0000,0.0000,-1.0521,0.0000,0,
53.1057,194.6600,WALKING,STANCE,0.4028,-13.300,-157.200,-57.028,0.0000,0.0000,-0.9631,0.0000,0,
53.1176,194.6700,WALKING,STANCE,0.4167,-14.900,-162.700,-57.028,0.0000,0.0000,-0.8716,0.0000,0,
53.1257,194.6800,WALKING,STANCE,0.4306,-16.500,-160.100,-57.028,0.0000,0.0000,-0.8206,0.0000,0,
53.1379,194.6900,WALKING,STANCE,0.4444,-18.000,-148.900,-57.028,0.0000,0.0000,-0.8166,0.0000,0,
53.1457,194.7000,WALKING,STANCE,0.4583,-19.400,-136.100,-57.028,0.0000,0.0000,-0.8246,0.0000,0,
53.1577,194.7100,WALKING,STANCE,0.4722,-20.700,-126.100,-57.028,0.0000,0.0000,-0.8226,0.0000,0,
53.1657,194.7200,WALKING,STANCE,0.4861,-22.000,-124.400,-57.028,0.0000,0.0000,-0.7791,0.0000,0,
53.1777,194.7300,WALKING,STANCE,0.5000,-23.200,-128.100,-57.028,0.0000,0.0000,-0.7126,0.0000,0,
53.1858,194.7400,WALKING,STANCE,0.5139,-24.600,-138.200,-57.028,0.0000,0.0000,-0.6061,0.0000,0,
53.1977,194.7500,WALKING,STANCE,0.5278,-26.000,-152.300,-57.028,0.0000,0.0000,-0.4796,0.0000,0,
53.2056,194.7600,WALKING,STANCE,0.5417,-27.700,-168.900,-57.028,0.0000,0.0000,-0.3286,0.0000,0,
53.2177,194.7700,WALKING,STANCE,0.5556,-29.500,-183.900,-57.028,0.0000,0.0000,-0.1816,0.0000,0,
53.2256,194.7800,WALKING,STANCE,0.5694,-31.400,-193.700,-57.028,0.0000,0.0000,-0.0566,0.0000,0,
53.2377,194.7900,WALKING,STANCE,0.5833,-33.300,-195.500,-57.028,0.0000,0.0000,0.0284,0.0786,0,
53.2457,194.8000,WALKING,STANCE,0.5972,-35.200,-186.200,-57.028,0.0000,0.0000,0.0579,0.1125,0,
53.2578,194.8100,WALKING,STANCE,0.6111,-37.000,-166.700,-57.028,0.0000,0.0000,0.0324,0.0832,0,
53.2657,194.8200,WALKING,STANCE,0.6250,-38.500,-137.800,-57.028,0.0000,0.0000,-0.0521,0.0000,0,
53.2778,194.8300,WALKING,STANCE,0.6389,-39.600,-103.000,-57.028,0.0000,0.0000,-0.1821,0.0000,0,
53.2857,194.8400,WALKING,STANCE,0.6528,-40.400,-65.000,-57.028,0.0000,0.0000,-0.3401,0.0000,0,
53.2977,194.8500,WALKING,STANCE,0.6667,-40.800,-29.000,-57.028,0.0000,0.0000,-0.5041,0.0000,0,
53.3057,194.8600,WALKING,STANCE,0.6806,-40.900,0.500,-57.028,0.0000,0.0000,-0.6476,0.0000,0,
53.3178,194.8700,WALKING,STANCE,0.6944,-40.700,11.700,-57.028,0.0000,0.0000,-0.7116,0.0000,0,
53.3256,194.8800,WALKING,STANCE,0.7083,-40.700,4.800,-57.028,0.0000,0.0000,-0.6771,0.0000,0,
53.3377,194.8900,WALKING,STANCE,0.7222,-40.700,-3.000,-57.028,0.0000,0.0000,-0.6381,0.0000,0,
53.3458,194.9000,WALKING,STANCE,0.7361,-40.700,-3.700,-57.028,0.0000,0.0000,-0.6346,0.0000,0,
53.3576,194.9100,WALKING,STANCE,0.7500,-40.800,-6.000,-57.028,0.0000,0.0000,-0.6191,0.0000,0,
53.3657,194.9200,WALKING,STANCE,0.7639,-40.900,-13.800,-57.028,0.0000,0.0000,-0.5761,0.0000,0,
53.3777,194.9300,WALKING,STANCE,0.7778,-41.100,-31.900,-57.028,0.0000,0.0000,-0.4776,0.0000,0,
53.3855,194.9400,WALKING,STANCE,0.7917,-41.600,-53.300,-57.028,0.0000,0.0000,-0.3506,0.0000,0,
53.3977,194.9500,WALKING,STANCE,0.8056,-42.300,-73.900,-57.028,0.0000,0.0000,-0.2196,0.0000,0,
53.4056,194.9600,WALKING,STANCE,0.8194,-43.200,-91.600,-57.028,0.0000,0.0000,-0.0951,0.0000,0,
53.4138,194.9700,WALKING,STANCE,0.8333,-44.200,-104.300,-57.028,0.0000,0.0000,0.0084,0.0556,0,
53.4256,194.9800,WALKING,STANCE,0.8472,-45.300,-115.300,-57.028,0.0000,0.0000,0.1074,0.1694,0,
53.4377,194.9900,WALKING,STANCE,0.8611,-46.500,-121.100,-57.028,0.0000,0.0000,0.1844,0.2579,0,
53.4456,195.0000,WALKING,STANCE,0.8750,-46.900,-121.500,-57.028,0.0000,0.0000,0.2024,0.2786,0,
53.4576,195.0100,WALKING,STANCE,0.8889,-48.800,-114.700,-57.028,0.0000,0.0000,0.2444,0.3000,1,
53.4655,195.0200,WALKING,STANCE,0.9028,-49.900,-97.900,-57.028,0.0000,0.0000,0.2044,0.2809,0,
53.4777,195.0300,WALKING,STANCE,0.9167,-50.700,-78.500,-57.028,0.0000,0.0000,0.1394,0.2062,0,
53.4858,195.0400,WALKING,STANCE,0.9306,-51.400,-58.400,-57.028,0.0000,0.0000,0.0669,0.1229,0,
53.4977,195.0500,WALKING,STANCE,0.9444,-51.800,-41.100,-57.028,0.0000,0.0000,-0.0036,0.0000,0,
53.5057,195.0600,WALKING,STANCE,0.9583,-52.100,-30.700,-57.028,0.0000,0.0000,-0.0436,0.0000,0,
53.5176,195.0700,WALKING,STANCE,0.9722,-52.400,-25.500,-57.028,0.0000,0.0000,-0.0576,0.0000,0,
53.5258,195.0800,WALKING,STANCE,0.9861,-52.700,-33.300,-57.028,0.0000,0.0000,-0.0066,0.0000,0,
53.5376,195.0900,WALKING,SWING,0.0000,-53.100,-42.800,-57.028,0.0000,0.0000,0.0569,0.1114,0,
53.5458,195.1000,WALKING,SWING,0.0208,-53.600,-46.500,-57.028,0.0654,0.0000,0.0954,0.1556,0,
53.5577,195.1100,WALKING,SWING,0.0417,-54.000,-46.600,-57.028,0.1305,0.0000,0.1119,0.1746,0,
53.5657,195.1200,WALKING,SWING,0.0625,-54.500,-43.200,-57.028,0.1951,0.0000,0.1149,0.1780,0,
53.5777,195.1300,WALKING,SWING,0.0833,-54.900,-35.200,-57.028,0.2588,0.0000,0.0909,0.1504,0,
53.5857,195.1400,WALKING,SWING,0.1042,-55.200,-30.100,-57.028,0.3214,0.0000,0.0774,0.1349,0,
53.5977,195.1500,WALKING,SWING,0.1250,-55.500,-28.800,-57.028,0.3827,0.0000,0.0829,0.1413,0,
53.6057,195.1600,WALKING,SWING,0.1458,-55.800,-36.100,-57.028,0.4423,0.0000,0.1314,0.1970,0,
53.6177,195.1700,WALKING,SWING,0.1667,-56.200,-45.100,-57.028,0.5000,0.0000,0.1924,0.2671,0,
53.6257,195.1800,WALKING,SWING,0.1875,-56.700,-53.800,-57.028,0.5556,0.0000,0.2559,0.3000,1,
53.6377,195.1900,WALKING,SWING,0.2083,-57.300,-63.500,-57.028,0.6088,0.0000,0.3284,0.3000,1,
53.6457,195.2000,WALKING,SWING,0.2292,-58.000,-73.800,-57.028,0.6593,0.0000,0.4079,0.3000,1,
53.6577,195.2100,WALKING,SWING,0.2500,-58.900,-87.400,-57.028,0.7071,0.0000,0.5119,0.3000,1,
53.6657,195.2200,WALKING,SWING,0.2708,-59.900,-102.900,-57.028,0.7518,0.0000,0.6294,0.3000,1,
53.6778,195.2300,WALKING,SWING,0.2917,-61.100,-121.900,-57.028,0.7934,0.0000,0.7724,0.3000,1,
53.6857,195.2400,WALKING,SWING,0.3125,-62.500,-141.700,-57.028,0.8315,0.0000,0.9274,0.3000,1,
53.6977,195.2500,WALKING,SWING,0.3333,-64.000,-161.100,-57.028,0.8660,0.0000,1.0844,0.3000,1,
53.7057,195.2600,WALKING,SWING,0.3542,-65.800,-179.600,-57.028,0.8969,0.0000,1.2489,0.3000,1,
53.7177,195.2700,WALKING,SWING,0.3750,-67.700,-199.800,-57.028,0.9239,0.0000,1.4259,0.3000,1,
53.7257,195.2800,WALKING,SWING,0.3958,-69.800,-219.200,-57.028,0.9469,0.0000,1.6069,0.3000,1,
53.7377,195.2900,WALKING,SWING,0.4167,-72.200,-236.300,-57.028,0.9659,0.0000,1.7884,0.3000,1,
53.7456,195.3000,WALKING,SWING,0.4375,-74.600,-249.800,-57.028,0.9808,0.0000,1.9519,0.3000,1,
53.7577,195.3100,WALKING,SWING,0.4583,-77.200,-266.000,-57.028,0.9914,0.0000,2.1369,0.3000,1,
53.7657,195.3200,WALKING,SWING,0.4792,-80.000,-282.900,-57.028,0.9979,0.0000,2.3334,0.3000,1,
53.7777,195.3300,WALKING,SWING,0.5000,-82.900,-298.400,-57.028,1.0000,0.0000,2.5269,0.3000,1,
53.7857,195.3400,WALKING,SWING,0.5208,-86.100,-314.700,-57.028,0.9979,0.0000,2.7364,0.3000,1,
53.7977,195.3500,WALKING,SWING,0.5417,-89.300,-333.100,-57.028,0.9914,0.0000,2.9564,0.3000,1,
53.8057,195.3600,WALKING,SWING,0.5625,-92.800,-348.000,-57.028,0.9808,0.0000,3.1709,0.3000,1,
53.8177,195.3700,WALKING,SWING,0.5833,-96.400,-370.700,-57.028,0.9659,0.0000,3.4284,0.3000,1,
53.8255,195.3800,WALKING,SWING,0.6042,-100.300,-390.400,-57.028,0.9469,0.0000,3.6829,0.3000,1,
53.8377,195.3900,WALKING,SWING,0.6250,-104.300,-406.300,-57.028,0.9239,0.0000,3.9224,0.3000,1,
53.8455,195.4000,WALKING,SWING,0.6458,-108.500,-425.000,-57.028,0.8969,0.0000,4.1839,0.3000,1,
53.8577,195.4100,WALKING,SWING,0.6667,-112.800,-436.700,-57.028,0.8660,0.0000,4.4144,0.3000,1,
53.8656,195.4200,WALKING,SWING,0.6875,-117.300,-450.100,-57.028,0.8315,0.0000,4.6614,0.3000,1,
53.8777,195.4300,WALKING,SWING,0.7083,-121.800,-451.600,-57.028,0.7934,0.0000,4.8489,0.3000,1,
53.8857,195.4400,WALKING,SWING,0.7292,-126.200,-438.700,-57.028,0.7518,0.0000,4.9604,0.3000,1,
53.8977,195.4500,WALKING,SWING,0.7500,-130.300,-397.500,-57.028,0.7071,0.0000,4.9184,0.3000,1,
53.9057,195.4600,WALKING,SWING,0.7708,-134.000,-349.000,-57.028,0.6593,0.0000,4.8239,0.3000,1,
53.9177,195.4700,WALKING,SWING,0.7917,-137.100,-286.400,-57.028,0.6088,0.0000,4.6349,0.3000,1,
53.9257,195.4800,WALKING,SWING,0.8125,-139.400,-216.900,-57.028,0.5556,0.0000,4.3794,0.3000,1,
53.9375,195.4900,WALKING,SWING,0.8333,-141.100,-146.200,-57.028,0.5000,0.0000,4.0939,0.3000,1,
53.9456,195.5000,WALKING,SWING,0.8542,-142.100,-75.000,-57.028,0.4423,0.0000,3.7779,0.3000,1,
53.9536,195.5100,WALKING,SWING,0.8750,-142.400,-6.600,-57.028,0.3827,0.0000,3.4479,0.3000,1,
53.9657,195.5200,WALKING,SWING,0.8958,-142.100,44.600,-57.028,0.3214,0.0000,3.1799,0.3000,1,
53.9777,195.5300,WALKING,SWING,0.9167,-141.300,90.200,-57.028,0.2588,0.0000,2.9199,0.3000,1,
53.9857,195.5400,WALKING,SWING,0.9375,-140.100,135.300,-57.028,0.1951,0.0000,2.6464,0.3000,1,
53.9977,195.5500,WALKING,SWING,0.9583,-138.400,182.000,-57.028,0.1305,0.0000,2.3449,0.3000,1,
54.0057,195.5600,WALKING,SWING,0.9792,-136.200,230.600,-57.028,0.0654,0.0000,2.0139,0.3000,1,
54.0177,195.5700,WALKING,STANCE,0.0000,-133.600,277.800,-57.028,0.0000,0.0000,1.6739,0.3000,1,
54.0296,195.5800,WALKING,STANCE,0.0139,-130.500,319.100,-57.028,0.0000,0.0000,1.3434,0.3000,1,
54.0377,195.5900,WALKING,STANCE,0.0278,-127.000,366.400,-57.028,0.0000,0.0000,0.9669,0.3000,1,
54.0497,195.6000,WALKING,STANCE,0.0417,-123.000,413.500,-57.028,0.0000,0.0000,0.5714,0.3000,1,
54.0577,195.6100,WALKING,STANCE,0.0556,-118.600,451.700,-57.028,0.0000,0.0000,0.2044,0.2809,0,
54.0697,195.6200,WALKING,STANCE,0.0694,-113.800,493.300,-57.028,0.0000,0.0000,-0.1956,0.0000,0,
54.0777,195.6300,WALKING,STANCE,0.0833,-108.600,540.100,-57.028,0.0000,0.0000,-0.6376,0.0000,0,
54.0897,195.6400,WALKING,STANCE,0.0972,-102.900,582.800,-57.028,0.0000,0.0000,-1.0791,0.0000,0,
54.0977,195.6500,WALKING,STANCE,0.1111,-96.800,615.000,-57.028,0.0000,0.0000,-1.4841,0.0000,0,
54.1097,195.6600,WALKING,STANCE,0.1250,-90.600,629.000,-57.028,0.0000,0.0000,-1.8021,0.0000,0,
54.1177,195.6700,WALKING,STANCE,0.1389,-84.100,648.700,-57.028,0.0000,0.0000,-2.1606,0.0000,0,
54.1297,195.6800,WALKING,STANCE,0.1528,-77.600,656.900,-57.028,0.0000,0.0000,-2.4616,0.0000,0,
54.1376,195.6900,WALKING,STANCE,0.1667,-70.900,677.300,-57.028,0.0000,0.0000,-2.8316,0.0000,0,
54.1496,195.7000,WALKING,STANCE,0.1806,-64.000,690.100,-57.028,0.0000,0.0000,-3.1716,0.0000,0,
54.1576,195.7100,WALKING,STANCE,0.1944,-57.000,697.900,-57.028,0.0000,0.0000,-3.4906,0.0000,0,
54.1697,195.7200,WALKING,STANCE,0.2083,-50.100,691.200,-57.028,0.0000,0.0000,-3.7331,0.0000,0,
54.1777,195.7300,WALKING,STANCE,0.2222,-43.400,652.300,-57.028,0.0000,0.0000,-3.8066,0.0000,0,
54.1897,195.7400,WALKING,STANCE,0.2361,-37.200,603.900,-57.028,0.0000,0.0000,-3.8126,0.0000,0,
54.1977,195.7500,WALKING,STANCE,0.2500,-31.500,550.500,-57.028,0.0000,0.0000,-3.7736,0.0000,0,
54.2097,195.7600,WALKING,STANCE,0.2639,-26.500,485.900,-57.028,0.0000,0.0000,-3.6506,0.0000,0,
54.2177,195.7700,WALKING,STANCE,0.2778,-22.000,432.700,-57.028,0.0000,0.0000,-3.5646,0.0000,0,
54.2297,195.7800,WALKING,STANCE,0.2917,-18.000,387.100,-57.028,0.0000,0.0000,-3.4966,0.0000,0,
54.2375,195.7900,WALKING,STANCE,0.3056,-14.300,362.000,-57.028,0.0000,0.0000,-3.5191,0.0000,0,
54.2497,195.8000,WALKING,STANCE,0.3194,-10.900,332.900,-57.028,0.0000,0.0000,-3.5096,0.0000,0,
54.2577,195.8100,WALKING,STANCE,0.3333,-7.800,304.000,-57.028,0.0000,0.0000,-3.4891,0.0000,0,
54.2697,195.8200,WALKING,STANCE,0.3472,-5.100,241.700,-57.028,0.0000,0.0000,-3.2856,0.0000,0,
54.2816,195.8300,WALKING,STANCE,0.3611,-3.200,177.700,-57.028,0.0000,0.0000,-3.0416,0.0000,0,
54.2897,195.8400,WALKING,STANCE,0.3750,-1.700,126.700,-57.028,0.0000,0.0000,-2.8466,0.0000,0,
54.3017,195.8500,WALKING,STANCE,0.3889,-0.900,71.300,-57.028,0.0000,0.0000,-2.6016,0.0000,0,
54.3097,195.8600,WALKING,STANCE,0.4028,-0.600,11.300,-57.028,0.0000,0.0000,-2.3136,0.0000,0,
54.3217,195.8700,WALKING,STANCE,0.4167,-0.700,-20.700,-57.028,0.0000,0.0000,-2.1496,0.0000,0,
54.3297,195.8800,WALKING,STANCE,0.4306,-0.900,-22.300,-57.028,0.0000,0.0000,-2.1336,0.0000,0,
54.3417,195.8900,WALKING,STANCE,0.4444,-1.100,-20.000,-57.028,0.0000,0.0000,-2.1371,0.0000,0,
54.3497,195.9000,WALKING,STANCE,0.4583,-1.400,-29.800,-57.028,0.0000,0.0000,-2.0761,0.0000,0,
54.3616,195.9100,WALKING,STANCE,0.4722,-1.800,-48.400,-57.028,0.0000,0.0000,-1.9671,0.0000,0,
54.3697,195.9200,WALKING,STANCE,0.4861,-2.500,-73.300,-57.028,0.0000,0.0000,-1.8146,0.0000,0,
54.3817,195.9300,WALKING,STANCE,0.5000,-3.400,-97.700,-57.028,0.0000,0.0000,-1.6566,0.0000,0,
54.3897,195.9400,WALKING,STANCE,0.5139,-4.500,-122.600,-57.028,0.0000,0.0000,-1.4881,0.0000,0,
54.4017,195.9500,WALKING,STANCE,0.5278,-6.000,-158.400,-57.028,0.0000,0.0000,-1.2491,0.0000,0,
54.4098,195.9600,WALKING,STANCE,0.5417,-7.700,-176.200,-57.028,0.0000,0.0000,-1.0921,0.0000,0,
54.4217,195.9700,WALKING,STANCE,0.5556,-9.500,-169.500,-57.028,0.0000,0.0000,-1.0536,0.0000,0,
54.4298,195.9800,WALKING,STANCE,0.5694,-11.100,-158.000,-57.028,0.0000,0.0000,-1.0471,0.0000,0,
54.4417,195.9900,WALKING,STANCE,0.5833,-12.600,-147.400,-57.028,0.0000,0.0000,-1.0401,0.0000,0,
54.4497,196.0000,WALKING,STANCE,0.5972,-13.300,-144.400,-57.028,0.0000,0.0000,-1.0271,0.0000,0,
54.4617,196.0100,WALKING,STANCE,0.6111,-15.400,-144.400,-57.028,0.0000,0.0000,-0.9431,0.0000,0,
54.4697,196.0200,WALKING,STANCE,0.6250,-16.900,-154.100,-57.028,0.0000,0.0000,-0.8346,0.0000,0,
54.4817,196.0300,WALKING,STANCE,0.6389,-18.600,-167.300,-57.028,0.0000,0.0000,-0.7006,0.0000,0,
54.4897,196.0400,WALKING,STANCE,0.6528,-20.400,-182.800,-57.028,0.0000,0.0000,-0.5511,0.0000,0,
54.5018,196.0500,WALKING,STANCE,0.6667,-22.300,-199.400,-57.028,0.0000,0.0000,-0.3921,0.0000,0,
54.5097,196.0600,WALKING,STANCE,0.6806,-24.400,-209.900,-57.028,0.0000,0.0000,-0.2556,0.0000,0,
54.5217,196.0700,WALKING,STANCE,0.6944,-26.500,-210.500,-57.028,0.0000,0.0000,-0.1686,0.0000,0,
54.5297,196.0800,WALKING,STANCE,0.7083,-28.500,-200.900,-57.028,0.0000,0.0000,-0.1366,0.0000,0,
54.5417,196.0900,WALKING,STANCE,0.7222,-30.400,-183.400,-57.028,0.0000,0.0000,-0.1481,0.0000,0,
54.5497,196.1000,WALKING,STANCE,0.7361,-32.100,-161.900,-57.028,0.0000,0.0000,-0.1876,0.0000,0,
54.5616,196.1100,WALKING,STANCE,0.7500,-33.600,-135.200,-57.028,0.0000,0.0000,-0.2611,0.0000,0,
54.5697,196.1200,WALKING,STANCE,0.7639,-34.700,-105.100,-57.028,0.0000,0.0000,-0.3676,0.0000,0,
54.5817,196.1300,WALKING,STANCE,0.7778,-35.500,-71.100,-57.028,0.0000,0.0000,-0.5056,0.0000,0,
54.5896,196.1400,WALKING,STANCE,0.7917,-36.000,-37.400,-57.028,0.0000,0.0000,-0.6541,0.0000,0,
54.6017,196.1500,WALKING,STANCE,0.8056,-36.200,-11.400,-57.028,0.0000,0.0000,-0.7761,0.0000,0,
54.6098,196.1600,WALKING,STANCE,0.8194,-36.200,2.800,-57.028,0.0000,0.0000,-0.8471,0.0000,0,
54.6217,196.1700,WALKING,STANCE,0.8333,-36.200,-1.700,-57.028,0.0000,0.0000,-0.8246,0.0000,0,
54.6297,196.1800,WALKING,STANCE,0.8472,-36.200,-6.700,-57.028,0.0000,0.0000,-0.7996,0.0000,0,
54.6417,196.1900,WALKING,STANCE,0.8611,-36.400,-16.900,-57.028,0.0000,0.0000,-0.7406,0.0000,0,
54.6498,196.2000,WALKING,STANCE,0.8750,-36.600,-32.800,-57.028,0.0000,0.0000,-0.6531,0.0000,0,
54.6617,196.2100,WALKING,STANCE,0.8889,-37.100,-52.600,-57.028,0.0000,0.0000,-0.5341,0.0000,0,
54.6696,196.2200,WALKING,STANCE,0.9028,-37.800,-71.800,-57.028,0.0000,0.0000,-0.4101,0.0000,0,
54.6818,196.2300,WALKING,STANCE,0.9167,-38.600,-84.700,-57.028,0.0000,0.0000,-0.3136,0.0000,0,
54.6897,196.2400,WALKING,STANCE,0.9306,-39.500,-95.100,-57.028,0.0000,0.0000,-0.2256,0.0000,0,
54.7016,196.2500,WALKING,STANCE,0.9444,-40.500,-103.300,-57.028,0.0000,0.0000,-0.1446,0.0000,0,
54.7097,196.2600,WALKING,STANCE,0.9583,-41.600,-106.600,-57.028,0.0000,0.0000,-0.0841,0.0000,0,
54.7217,196.2700,WALKING,STANCE,0.9722,-42.600,-109.200,-57.028,0.0000,0.0000,-0.0311,0.0000,0,
54.7297,196.2800,WALKING,STANCE,0.9861,-43.700,-109.400,-57.028,0.0000,0.0000,0.0139,0.0619,0,
54.7416,196.2900,WALKING,STANCE,1.0000,-44.800,-106.400,-57.028,0.0000,0.0000,0.0429,0.0953,0,
54.7497,196.3000,WALKING,SWING,0.0208,-45.900,-104.700,-57.028,0.0654,0.0000,0.0784,0.1361,0,
54.7617,196.3100,WALKING,SWING,0.0417,-46.900,-98.300,-57.028,0.1305,0.0000,0.0864,0.1453,0,
54.7737,196.3200,WALKING,SWING,0.0625,-47.800,-87.100,-57.028,0.1951,0.0000,0.0664,0.1223,0,
54.7816,196.3300,WALKING,SWING,0.0833,-48.600,-73.300,-57.028,0.2588,0.0000,0.0294,0.0798,0,
54.7937,196.3400,WALKING,SWING,0.1042,-49.200,-57.400,-57.028,0.3214,0.0000,-0.0261,0.0000,0,
54.8017,196.3500,WALKING,SWING,0.1250,-49.700,-44.800,-57.028,0.3827,0.0000,-0.0691,0.0000,0,
54.8138,196.3600,WALKING,SWING,0.1458,-50.100,-35.600,-57.028,0.4423,0.0000,-0.0991,0.0000,0,
54.8218,196.3700,WALKING,SWING,0.1667,-50.400,-32.500,-57.028,0.5000,0.0000,-0.1026,0.0000,0,
54.8338,196.3800,WALKING,SWING,0.1875,-50.700,-34.000,-57.028,0.5556,0.0000,-0.0831,0.0000,0,
54.8417,196.3900,WALKING,SWING,0.2083,-51.100,-32.600,-57.028,0.6088,0.0000,-0.0741,0.0000,0,
54.8537,196.4000,WALKING,SWING,0.2292,-51.400,-30.500,-57.028,0.6593,0.0000,-0.0726,0.0000,0,
54.8617,196.4100,WALKING,SWING,0.2500,-51.700,-30.500,-57.028,0.7071,0.0000,-0.0606,0.0000,0,
54.8737,196.4200,WALKING,SWING,0.2708,-52.000,-32.500,-57.028,0.7518,0.0000,-0.0386,0.0000,0,
54.8817,196.4300,WALKING,SWING,0.2917,-52.300,-34.900,-57.028,0.7934,0.0000,-0.0146,0.0000,0,
54.8937,196.4400,WALKING,SWING,0.3125,-52.700,-41.500,-57.028,0.8315,0.0000,0.0344,0.0855,0,
54.9017,196.4500,WALKING,SWING,0.3333,-53.200,-50.000,-57.028,0.8660,0.0000,0.0969,0.1573,0,
54.9138,196.4600,WALKING,SWING,0.3542,-53.800,-59.900,-57.028,0.8969,0.0000,0.1704,0.2418,0,
54.9217,196.4700,WALKING,SWING,0.3750,-54.400,-68.900,-57.028,0.9239,0.0000,0.2394,0.3000,1,
54.9337,196.4800,WALKING,SWING,0.3958,-55.200,-72.900,-57.028,0.9469,0.0000,0.2914,0.3000,1,
54.9418,196.4900,WALKING,SWING,0.4167,-55.900,-76.100,-57.028,0.9659,0.0000,0.3354,0.3000,1,
54.9538,196.5000,WALKING,SWING,0.4375,-56.700,-76.000,-57.028,0.9808,0.0000,0.3669,0.3000,1,
54.9618,196.5100,WALKING,SWING,0.4583,-57.400,-78.500,-57.028,0.9914,0.0000,0.4074,0.3000,1,
54.9737,196.5200,WALKING,SWING,0.4792,-58.300,-83.100,-57.028,0.9979,0.0000,0.4664,0.3000,1,
54.9816,196.5300,WALKING,SWING,0.5000,-59.100,-91.100,-57.028,1.0000,0.0000,0.5384,0.3000,1,
54.9937,196.5400,WALKING,SWING,0.5208,-60.100,-101.400,-57.028,0.9979,0.0000,0.6299,0.3000,1,
55.0017,196.5500,WALKING,SWING,0.5417,-61.200,-113.900,-57.028,0.9914,0.0000,0.7364,0.3000,1,
55.0137,196.5600,WALKING,SWING,0.5625,-62.400,-126.300,-57.028,0.9808,0.0000,0.8464,0.3000,1,
55.0217,196.5700,WALKING,SWING,0.5833,-63.800,-140.800,-57.028,0.9659,0.0000,0.9749,0.3000,1,
55.0337,196.5800,WALKING,SWING,0.6042,-65.300,-159.300,-57.028,0.9469,0.0000,1.1274,0.3000,1,
55.0417,196.5900,WALKING,SWING,0.6250,-67.100,-180.400,-57.028,0.9239,0.0000,1.3049,0.3000,1,
55.0537,196.6000,WALKING,SWING,0.6458,-69.000,-204.100,-57.028,0.8969,0.0000,1.4994,0.3000,1,
55.0617,196.6100,WALKING,SWING,0.6667,-71.300,-229.800,-57.028,0.8660,0.0000,1.7199,0.3000,1,
55.0736,196.6200,WALKING,SWING,0.6875,-73.700,-255.100,-57.028,0.8315,0.0000,1.9424,0.3000,1,
55.0816,196.6300,WALKING,SWING,0.7083,-76.500,-281.400,-57.028,0.7934,0.0000,2.1859,0.3000,1,
55.0936,196.6400,WALKING,SWING,0.7292,-79.500,-310.500,-57.028,0.7518,0.0000,2.4514,0.3000,1,
55.1057,196.6500,WALKING,SWING,0.7500,-82.800,-337.400,-57.028,0.7071,0.0000,2.7179,0.3000,1,
55.1138,196.6700,WALKING,SWING,0.7917,-90.200,-392.500,-57.028,0.6088,0.0000,3.2894,0.3000,1,
55.1257,196.6800,WALKING,SWING,0.8125,-94.200,-411.800,-57.028,0.5556,0.0000,3.5459,0.3000,1,
55.1337,196.6900,WALKING,SWING,0.8333,-98.500,-435.500,-57.028,0.5000,0.0000,3.8364,0.3000,1,
55.1457,196.7000,WALKING,SWING,0.8542,-103.000,-448.600,-57.028,0.4423,0.0000,4.0819,0.3000,1,
55.1537,196.7100,WALKING,SWING,0.8750,-107.600,-466.100,-57.028,0.3827,0.0000,4.3534,0.3000,1,
55.1657,196.7200,WALKING,SWING,0.8958,-112.300,-474.900,-57.028,0.3214,0.0000,4.5854,0.3000,1,
55.1737,196.7300,WALKING,SWING,0.9167,-117.100,-482.300,-57.028,0.2588,0.0000,4.8144,0.3000,1,
55.1857,196.7400,WALKING,SWING,0.9375,-121.900,-480.400,-57.028,0.1951,0.0000,4.9969,0.3000,1,
55.1937,196.7500,WALKING,SWING,0.9583,-126.700,-464.600,-57.028,0.1305,0.0000,5.1099,0.3000,1,
55.2057,196.7600,WALKING,SWING,0.9792,-131.000,-421.100,-57.028,0.0654,0.0000,5.0644,0.3000,1,
55.2138,196.7700,WALKING,STANCE,0.0000,-134.900,-373.100,-57.028,0.0000,0.0000,4.9804,0.3000,1,
55.2256,196.7800,WALKING,STANCE,0.0139,-137.900,-315.400,-57.028,0.0000,0.0000,4.8119,0.3000,1,
55.2336,196.7900,WALKING,STANCE,0.0278,-140.800,-240.000,-57.028,0.0000,0.0000,4.5509,0.3000,1,
55.2457,196.8000,WALKING,STANCE,0.0417,-142.700,-170.500,-57.028,0.0000,0.0000,4.2794,0.3000,1,
55.2537,196.8100,WALKING,STANCE,0.0556,-143.900,-99.500,-57.028,0.0000,0.0000,3.9724,0.3000,1,
55.2657,196.8200,WALKING,STANCE,0.0694,-144.400,-28.100,-57.028,0.0000,0.0000,3.6354,0.3000,1,
55.2737,196.8300,WALKING,STANCE,0.0833,-144.300,29.200,-57.028,0.0000,0.0000,3.3449,0.3000,1,
55.2857,196.8400,WALKING,STANCE,0.0972,-143.700,76.000,-57.028,0.0000,0.0000,3.0869,0.3000,1,
55.2937,196.8500,WALKING,STANCE,0.1111,-142.600,123.000,-57.028,0.0000,0.0000,2.8079,0.3000,1,
55.3056,196.8600,WALKING,STANCE,0.1250,-141.000,168.800,-57.028,0.0000,0.0000,2.5149,0.3000,1,
55.3137,196.8700,WALKING,STANCE,0.1389,-139.000,214.800,-57.028,0.0000,0.0000,2.2049,0.3000,1,
55.3257,196.8800,WALKING,STANCE,0.1528,-136.600,262.200,-57.028,0.0000,0.0000,1.8719,0.3000,1,
55.3337,196.8900,WALKING,STANCE,0.1667,-133.600,308.600,-57.028,0.0000,0.0000,1.5199,0.3000,1,
55.3457,196.9000,WALKING,STANCE,0.1806,-130.300,347.600,-57.028,0.0000,0.0000,1.1929,0.3000,1,
55.3537,196.9100,WALKING,STANCE,0.1944,-126.500,394.800,-57.028,0.0000,0.0000,0.8049,0.3000,1,
55.3657,196.9200,WALKING,STANCE,0.2083,-122.200,438.400,-57.028,0.0000,0.0000,0.4149,0.3000,1,
55.3738,196.9300,WALKING,STANCE,0.2222,-117.600,472.100,-57.028,0.0000,0.0000,0.0624,0.1177,0,
55.3857,196.9400,WALKING,STANCE,0.2361,-112.600,509.900,-57.028,0.0000,0.0000,-0.3266,0.0000,0,
55.3937,196.9500,WALKING,STANCE,0.2500,-107.200,554.100,-57.028,0.0000,0.0000,-0.7636,0.0000,0,
55.4057,196.9600,WALKING,STANCE,0.2639,-101.400,581.500,-57.028,0.0000,0.0000,-1.1326,0.0000,0,
55.4136,196.9700,WALKING,STANCE,0.2778,-95.500,604.500,-57.028,0.0000,0.0000,-1.4836,0.0000,0,
55.4216,196.9800,WALKING,STANCE,0.2917,-89.300,620.400,-57.028,0.0000,0.0000,-1.8111,0.0000,0,
55.4334,196.9900,WALKING,STANCE,0.3056,-83.000,631.000,-57.028,0.0000,0.0000,-2.1161,0.0000,0,
55.4418,197.0000,WALKING,STANCE,0.3194,-80.700,629.500,-57.028,0.0000,0.0000,-2.2006,0.0000,0,
55.4537,197.0100,WALKING,STANCE,0.3333,-71.100,624.700,-57.028,0.0000,0.0000,-2.5606,0.0000,0,
55.4657,197.0200,WALKING,STANCE,0.3472,-65.000,602.600,-57.028,0.0000,0.0000,-2.6941,0.0000,0,
55.4737,197.0300,WALKING,STANCE,0.3611,-59.100,575.200,-57.028,0.0000,0.0000,-2.7931,0.0000,0,
55.4857,197.0400,WALKING,STANCE,0.3750,-53.700,534.400,-57.028,0.0000,0.0000,-2.8051,0.0000,0,
55.4937,197.0500,WALKING,STANCE,0.3889,-48.500,499.400,-57.028,0.0000,0.0000,-2.8381,0.0000,0,
55.5057,197.0600,WALKING,STANCE,0.4028,-43.400,452.900,-57.028,0.0000,0.0000,-2.8096,0.0000,0,
55.5137,197.0700,WALKING,STANCE,0.4167,-39.100,419.500,-57.028,0.0000,0.0000,-2.8146,0.0000,0,
55.5257,197.0800,WALKING,STANCE,0.4306,-35.100,396.500,-57.028,0.0000,0.0000,-2.8596,0.0000,0,
55.5337,197.0900,WALKING,STANCE,0.4444,-31.200,381.300,-57.028,0.0000,0.0000,-2.9396,0.0000,0,
55.5457,197.1000,WALKING,STANCE,0.4583,-27.500,374.200,-57.028,0.0000,0.0000,-3.0521,0.0000,0,
55.5537,197.1100,WALKING,STANCE,0.4722,-23.700,379.200,-57.028,0.0000,0.0000,-3.2291,0.0000,0,
55.5657,197.1200,WALKING,STANCE,0.4861,-19.900,379.500,-57.028,0.0000,0.0000,-3.3826,0.0000,0,
55.5737,197.1300,WALKING,STANCE,0.5000,-16.100,387.100,-57.028,0.0000,0.0000,-3.5726,0.0000,0,
55.5857,197.1400,WALKING,STANCE,0.5139,-12.200,387.200,-57.028,0.0000,0.0000,-3.7291,0.0000,0,
55.5937,197.1500,WALKING,STANCE,0.5278,-8.400,369.000,-57.028,0.0000,0.0000,-3.7901,0.0000,0,
55.6057,197.1600,WALKING,STANCE,0.5417,-5.000,324.900,-57.028,0.0000,0.0000,-3.7056,0.0000,0,
55.6136,197.1700,WALKING,STANCE,0.5556,-2.100,270.300,-57.028,0.0000,0.0000,-3.5486,0.0000,0,
55.6257,197.1800,WALKING,STANCE,0.5694,0.000,205.700,-57.028,0.0000,0.0000,-3.3096,0.0000,0,
55.6338,197.1900,WALKING,STANCE,0.5833,1.300,90.300,-57.028,0.0000,0.0000,-2.7846,0.0000,0,
55.6457,197.2000,WALKING,STANCE,0.5972,1.400,-20.600,-57.028,0.0000,0.0000,-2.2341,0.0000,0,
55.6537,197.2100,WALKING,STANCE,0.6111,1.100,-29.700,-57.028,0.0000,0.0000,-2.1766,0.0000,0,
55.6658,197.2200,WALKING,STANCE,0.6250,0.900,-18.600,-57.028,0.0000,0.0000,-2.2241,0.0000,0,
55.6737,197.2300,WALKING,STANCE,0.6389,0.700,-20.600,-57.028,0.0000,0.0000,-2.2061,0.0000,0,
55.6857,197.2400,WALKING,STANCE,0.6528,0.400,-37.200,-57.028,0.0000,0.0000,-2.1111,0.0000,0,
55.6937,197.2500,WALKING,STANCE,0.6667,-0.200,-75.800,-57.028,0.0000,0.0000,-1.8941,0.0000,0,
55.7057,197.2600,WALKING,STANCE,0.6806,-1.300,-128.600,-57.028,0.0000,0.0000,-1.5861,0.0000,0,
55.7137,197.2700,WALKING,STANCE,0.6944,-2.800,-166.800,-57.028,0.0000,0.0000,-1.3351,0.0000,0,
55.7257,197.2800,WALKING,STANCE,0.7083,-4.700,-200.600,-57.028,0.0000,0.0000,-1.0901,0.0000,0,
55.7337,197.2900,WALKING,STANCE,0.7222,-7.000,-241.100,-57.028,0.0000,0.0000,-0.7956,0.0000,0,
55.7457,197.3000,WALKING,STANCE,0.7361,-9.600,-258.100,-57.028,0.0000,0.0000,-0.6066,0.0000,0,
55.7538,197.3100,WALKING,STANCE,0.7500,-12.200,-265.700,-57.028,0.0000,0.0000,-0.4646,0.0000,0,
55.7657,197.3200,WALKING,STANCE,0.7639,-14.900,-259.900,-57.028,0.0000,0.0000,-0.3856,0.0000,0,
55.7777,197.3300,WALKING,STANCE,0.7778,-17.300,-240.400,-57.028,0.0000,0.0000,-0.3871,0.0000,0,
55.7857,197.3400,WALKING,STANCE,0.7917,-19.600,-215.200,-57.028,0.0000,0.0000,-0.4211,0.0000,0,
55.7977,197.3500,WALKING,STANCE,0.8056,-21.500,-191.000,-57.028,0.0000,0.0000,-0.4661,0.0000,0,
55.8057,197.3600,WALKING,STANCE,0.8194,-23.300,-170.700,-57.028,0.0000,0.0000,-0.4956,0.0000,0,
55.8177,197.3700,WALKING,STANCE,0.8333,-24.900,-155.000,-57.028,0.0000,0.0000,-0.5101,0.0000,0,
55.8257,197.3800,WALKING,STANCE,0.8472,-26.400,-144.800,-57.028,0.0000,0.0000,-0.5011,0.0000,0,
55.8377,197.3900,WALKING,STANCE,0.8611,-27.800,-140.600,-57.028,0.0000,0.0000,-0.4661,0.0000,0,
55.8457,197.4000,WALKING,STANCE,0.8750,-29.200,-139.900,-57.028,0.0000,0.0000,-0.4136,0.0000,0,
55.8575,197.4100,WALKING,STANCE,0.8889,-30.600,-138.700,-57.028,0.0000,0.0000,-0.3636,0.0000,0,
55.8657,197.4200,WALKING,STANCE,0.9028,-32.000,-135.000,-57.028,0.0000,0.0000,-0.3261,0.0000,0,
55.8777,197.4300,WALKING,STANCE,0.9167,-33.200,-124.500,-57.028,0.0000,0.0000,-0.3306,0.0000,0,
55.8857,197.4400,WALKING,STANCE,0.9306,-34.400,-106.300,-57.028,0.0000,0.0000,-0.3736,0.0000,0,
55.8977,197.4500,WALKING,STANCE,0.9444,-35.300,-84.500,-57.028,0.0000,0.0000,-0.4466,0.0000,0,
55.9056,197.4600,WALKING,STANCE,0.9583,-35.900,-57.900,-57.028,0.0000,0.0000,-0.5556,0.0000,0,
55.9177,197.4700,WALKING,STANCE,0.9722,-36.300,-34.000,-57.028,0.0000,0.0000,-0.6591,0.0000,0,
55.9257,197.4800,WALKING,STANCE,0.9861,-36.500,-14.800,-57.028,0.0000,0.0000,-0.7471,0.0000,0,
55.9377,197.4900,WALKING,SWING,0.0000,-36.600,-7.400,-57.028,0.0000,0.0000,-0.7801,0.0000,0,
55.9456,197.5000,WALKING,SWING,0.0208,-36.700,-10.400,-57.028,0.0654,0.0000,-0.7611,0.0000,0,
55.9577,197.5100,WALKING,SWING,0.0417,-36.900,-20.100,-57.028,0.1305,0.0000,-0.7046,0.0000,0,
55.9657,197.5200,WALKING,SWING,0.0625,-37.200,-39.300,-57.028,0.1951,0.0000,-0.5966,0.0000,0,
55.9777,197.5300,WALKING,SWING,0.0833,-37.800,-62.300,-57.028,0.2588,0.0000,-0.4576,0.0000,0,
55.9855,197.5400,WALKING,SWING,0.1042,-38.500,-83.600,-57.028,0.3214,0.0000,-0.3231,0.0000,0,
55.9977,197.5500,WALKING,SWING,0.1250,-39.500,-105.400,-57.028,0.3827,0.0000,-0.1741,0.0000,0,
56.0055,197.5600,WALKING,SWING,0.1458,-40.700,-122.300,-57.028,0.4423,0.0000,-0.0416,0.0000,0,
56.0177,197.5700,WALKING,SWING,0.1667,-42.000,-135.500,-57.028,0.5000,0.0000,0.0764,0.1338,0,
56.0257,197.5800,WALKING,SWING,0.1875,-43.400,-142.300,-57.028,0.5556,0.0000,0.1664,0.2372,0,
56.0377,197.5900,WALKING,SWING,0.2083,-44.900,-144.900,-57.028,0.6088,0.0000,0.2394,0.3000,1,
56.0457,197.6000,WALKING,SWING,0.2292,-46.300,-135.900,-57.028,0.6593,0.0000,0.2504,0.3000,1,
56.0577,197.6100,WALKING,SWING,0.2500,-47.500,-116.300,-57.028,0.7071,0.0000,0.2004,0.2763,0,
56.0657,197.6200,WALKING,SWING,0.2708,-48.500,-94.400,-57.028,0.7518,0.0000,0.1309,0.1964,0,
56.0777,197.6300,WALKING,SWING,0.2917,-49.300,-72.000,-57.028,0.7934,0.0000,0.0509,0.1045,0,
56.0857,197.6400,WALKING,SWING,0.3125,-49.900,-54.600,-57.028,0.8315,0.0000,-0.0121,0.0000,0,
56.0978,197.6500,WALKING,SWING,0.3333,-50.400,-44.600,-57.028,0.8660,0.0000,-0.0421,0.0000,0,
56.1057,197.6600,WALKING,SWING,0.3542,-50.800,-43.300,-57.028,0.8969,0.0000,-0.0326,0.0000,0,
56.1177,197.6700,WALKING,SWING,0.3750,-51.300,-48.700,-57.028,0.9239,0.0000,0.0144,0.0625,0,
56.1258,197.6800,WALKING,SWING,0.3958,-51.800,-56.900,-57.028,0.9469,0.0000,0.0754,0.1326,0,
56.1377,197.6900,WALKING,SWING,0.4167,-52.400,-64.600,-57.028,0.9659,0.0000,0.1379,0.2045,0,
56.1457,197.7000,WALKING,SWING,0.4375,-53.100,-65.800,-57.028,0.9808,0.0000,0.1719,0.2436,0,
56.1577,197.7100,WALKING,SWING,0.4583,-53.700,-60.100,-57.028,0.9914,0.0000,0.1674,0.2384,0,
56.1656,197.7200,WALKING,SWING,0.4792,-54.200,-49.400,-57.028,0.9979,0.0000,0.1339,0.1999,0,
56.1778,197.7300,WALKING,SWING,0.5000,-54.700,-40.800,-57.028,1.0000,0.0000,0.1109,0.1734,0,
56.1857,197.7400,WALKING,SWING,0.5208,-55.000,-33.800,-57.028,0.9979,0.0000,0.0879,0.1470,0,
56.1977,197.7500,WALKING,SWING,0.5417,-55.400,-33.100,-57.028,0.9914,0.0000,0.1004,0.1614,0,
56.2057,197.7600,WALKING,SWING,0.5625,-55.700,-38.100,-57.028,0.9808,0.0000,0.1374,0.2039,0,
56.2177,197.7700,WALKING,SWING,0.5833,-56.200,-44.800,-57.028,0.9659,0.0000,0.1909,0.2654,0,
56.2257,197.7800,WALKING,SWING,0.6042,-56.700,-51.500,-57.028,0.9469,0.0000,0.2444,0.3000,1,
56.2378,197.7900,WALKING,SWING,0.6250,-57.200,-61.100,-57.028,0.9239,0.0000,0.3124,0.3000,1,
56.2457,197.8000,WALKING,SWING,0.6458,-57.900,-71.100,-57.028,0.8969,0.0000,0.3904,0.3000,1,
56.2576,197.8100,WALKING,SWING,0.6667,-58.700,-83.200,-57.028,0.8660,0.0000,0.4829,0.3000,1,
56.2656,197.8200,WALKING,SWING,0.6875,-59.600,-96.000,-57.028,0.8315,0.0000,0.5829,0.3000,1,
56.2778,197.8300,WALKING,SWING,0.7083,-60.700,-111.700,-57.028,0.7934,0.0000,0.7054,0.3000,1,
56.2897,197.8400,WALKING,SWING,0.7292,-61.900,-128.900,-57.028,0.7518,0.0000,0.8394,0.3000,1,
56.2976,197.8500,WALKING,SWING,0.7500,-63.300,-145.300,-57.028,0.7071,0.0000,0.9774,0.3000,1,
56.3097,197.8600,WALKING,SWING,0.7708,-64.900,-160.400,-57.028,0.6593,0.0000,1.1169,0.3000,1,
56.3177,197.8700,WALKING,SWING,0.7917,-66.600,-173.800,-57.028,0.6088,0.0000,1.2519,0.3000,1,
56.3297,197.8800,WALKING,SWING,0.8125,-68.400,-186.300,-57.028,0.5556,0.0000,1.3864,0.3000,1,
56.3377,197.8900,WALKING,SWING,0.8333,-70.400,-197.900,-57.028,0.5000,0.0000,1.5244,0.3000,1,
56.3498,197.9000,WALKING,SWING,0.8542,-72.400,-207.600,-57.028,0.4423,0.0000,1.6529,0.3000,1,
56.3578,197.9100,WALKING,SWING,0.8750,-74.500,-215.200,-57.028,0.3827,0.0000,1.7749,0.3000,1,
56.3697,197.9200,WALKING,SWING,0.8958,-76.800,-225.700,-57.028,0.3214,0.0000,1.9194,0.3000,1,
56.3777,197.9300,WALKING,SWING,0.9167,-79.100,-237.600,-57.028,0.2588,0.0000,2.0709,0.3000,1,
56.3896,197.9400,WALKING,SWING,0.9375,-81.600,-247.800,-57.028,0.1951,0.0000,2.2219,0.3000,1,
56.3977,197.9500,WALKING,SWING,0.9583,-84.100,-262.500,-57.028,0.1305,0.0000,2.3954,0.3000,1,
56.4097,197.9600,WALKING,SWING,0.9792,-86.900,-285.300,-57.028,0.0654,0.0000,2.6214,0.3000,1,
56.4177,197.9700,WALKING,STANCE,0.0000,-89.900,-312.900,-57.028,0.0000,0.0000,2.8794,0.3000,1,
56.4295,197.9800,WALKING,STANCE,0.0139,-93.200,-337.500,-57.028,0.0000,0.0000,3.1344,0.3000,1,
56.4376,197.9900,WALKING,STANCE,0.0278,-96.800,-366.000,-57.028,0.0000,0.0000,3.4209,0.3000,1,
56.4497,198.0000,WALKING,STANCE,0.0417,-98.800,-379.400,-57.028,0.0000,0.0000,3.5679,0.3000,1,
56.4577,198.0100,WALKING,STANCE,0.0556,-104.700,-414.200,-57.028,0.0000,0.0000,3.9779,0.3000,1,
56.4697,198.0200,WALKING,STANCE,0.0694,-109.100,-441.400,-57.028,0.0000,0.0000,4.2899,0.3000,1,
56.4777,198.0300,WALKING,STANCE,0.0833,-113.600,-459.100,-57.028,0.0000,0.0000,4.5584,0.3000,1,
56.4897,198.0400,WALKING,STANCE,0.0972,-118.300,-477.100,-57.028,0.0000,0.0000,4.8364,0.3000,1,
56.4977,198.0500,WALKING,STANCE,0.1111,-123.100,-482.700,-57.028,0.0000,0.0000,5.0564,0.3000,1,
56.5097,198.0600,WALKING,STANCE,0.1250,-127.900,-465.700,-57.028,0.0000,0.0000,5.1634,0.3000,1,
56.5177,198.0700,WALKING,STANCE,0.1389,-132.300,-425.700,-57.028,0.0000,0.0000,5.1394,0.3000,1,
56.5297,198.0800,WALKING,STANCE,0.1528,-136.200,-378.000,-57.028,0.0000,0.0000,5.0569,0.3000,1,
56.5377,198.0900,WALKING,STANCE,0.1667,-139.500,-314.000,-57.028,0.0000,0.0000,4.8689,0.3000,1,
56.5497,198.1000,WALKING,STANCE,0.1806,-142.200,-250.500,-57.028,0.0000,0.0000,4.6594,0.3000,1,
56.5577,198.1100,WALKING,STANCE,0.1944,-144.300,-183.300,-57.028,0.0000,0.0000,4.4074,0.3000,1,
56.5697,198.1200,WALKING,STANCE,0.2083,-145.600,-112.500,-57.028,0.0000,0.0000,4.1054,0.3000,1,
56.5777,198.1300,WALKING,STANCE,0.2222,-146.300,-43.000,-57.028,0.0000,0.0000,3.7859,0.3000,1,
56.5897,198.1400,WALKING,STANCE,0.2361,-146.300,19.500,-57.028,0.0000,0.0000,3.4734,0.3000,1,
56.5977,198.1500,WALKING,STANCE,0.2500,-145.700,67.400,-57.028,0.0000,0.0000,3.2099,0.3000,1,
56.6097,198.1600,WALKING,STANCE,0.2639,-144.700,115.700,-57.028,0.0000,0.0000,2.9284,0.3000,1,
56.6177,198.1700,WALKING,STANCE,0.2778,-143.200,162.100,-57.028,0.0000,0.0000,2.6364,0.3000,1,
56.6297,198.1800,WALKING,STANCE,0.2917,-141.300,208.800,-57.028,0.0000,0.0000,2.3269,0.3000,1,
56.6377,198.1900,WALKING,STANCE,0.3056,-138.900,254.800,-57.028,0.0000,0.0000,2.0009,0.3000,1,
56.6497,198.2000,WALKING,STANCE,0.3194,-136.000,302.600,-57.028,0.0000,0.0000,1.6459,0.3000,1,
56.6577,198.2100,WALKING,STANCE,0.3333,-132.600,348.400,-57.028,0.0000,0.0000,1.2809,0.3000,1,
56.6698,198.2200,WALKING,STANCE,0.3472,-128.900,387.600,-57.028,0.0000,0.0000,0.9369,0.3000,1,
56.6777,198.2300,WALKING,STANCE,0.3611,-124.700,436.900,-57.028,0.0000,0.0000,0.5224,0.3000,1,
56.6897,198.2400,WALKING,STANCE,0.3750,-120.100,473.200,-57.028,0.0000,0.0000,0.1569,0.2263,0,
56.6976,198.2500,WALKING,STANCE,0.3889,-115.000,510.600,-57.028,0.0000,0.0000,-0.2341,0.0000,0,
56.7097,198.2600,WALKING,STANCE,0.4028,-109.700,553.100,-57.028,0.0000,0.0000,-0.6586,0.0000,0,
56.7177,198.2700,WALKING,STANCE,0.4167,-103.800,594.700,-57.028,0.0000,0.0000,-1.1026,0.0000,0,
56.7297,198.2800,WALKING,STANCE,0.4306,-97.700,622.700,-57.028,0.0000,0.0000,-1.4866,0.0000,0,
56.7377,198.2900,WALKING,STANCE,0.4444,-91.400,634.400,-57.028,0.0000,0.0000,-1.7971,0.0000,0,
56.7497,198.3000,WALKING,STANCE,0.4583,-84.900,653.800,-57.028,0.0000,0.0000,-2.1541,0.0000,0,
56.7578,198.3100,WALKING,STANCE,0.4722,-78.400,655.700,-57.028,0.0000,0.0000,-2.4236,0.0000,0,
56.7697,198.3200,WALKING,STANCE,0.4861,-71.700,660.300,-57.028,0.0000,0.0000,-2.7146,0.0000,0,
56.7777,198.3300,WALKING,STANCE,0.5000,-65.200,641.600,-57.028,0.0000,0.0000,-2.8811,0.0000,0,
56.7897,198.3400,WALKING,STANCE,0.5139,-59.100,613.000,-57.028,0.0000,0.0000,-2.9821,0.0000,0,
56.7976,198.3500,WALKING,STANCE,0.5278,-53.200,570.200,-57.028,0.0000,0.0000,-3.0041,0.0000,0,
56.8097,198.3600,WALKING,STANCE,0.5417,-47.800,521.500,-57.028,0.0000,0.0000,-2.9766,0.0000,0,
56.8177,198.3700,WALKING,STANCE,0.5556,-43.000,460.100,-57.028,0.0000,0.0000,-2.8616,0.0000,0,
56.8297,198.3800,WALKING,STANCE,0.5694,-38.800,406.900,-57.028,0.0000,0.0000,-2.7636,0.0000,0,
56.8377,198.3900,WALKING,STANCE,0.5833,-35.000,365.900,-57.028,0.0000,0.0000,-2.7106,0.0000,0,
56.8497,198.4000,WALKING,STANCE,0.5972,-31.600,333.600,-57.028,0.0000,0.0000,-2.6851,0.0000,0,
56.8578,198.4100,WALKING,STANCE,0.6111,-28.400,309.500,-57.028,0.0000,0.0000,-2.6926,0.0000,0,
56.8697,198.4200,WALKING,STANCE,0.6250,-25.400,301.000,-57.028,0.0000,0.0000,-2.7701,0.0000,0,
56.8777,198.4300,WALKING,STANCE,0.6389,-22.400,298.500,-57.028,0.0000,0.0000,-2.8776,0.0000,0,
56.8897,198.4400,WALKING,STANCE,0.6528,-19.500,293.400,-57.028,0.0000,0.0000,-2.9681,0.0000,0,
56.8977,198.4500,WALKING,STANCE,0.6667,-16.500,295.400,-57.028,0.0000,0.0000,-3.0981,0.0000,0,
56.9097,198.4600,WALKING,STANCE,0.6806,-13.600,290.500,-57.028,0.0000,0.0000,-3.1896,0.0000,0,
56.9177,198.4700,WALKING,STANCE,0.6944,-10.800,272.200,-57.028,0.0000,0.0000,-3.2101,0.0000,0,
56.9297,198.4800,WALKING,STANCE,0.7083,-8.200,245.200,-57.028,0.0000,0.0000,-3.1791,0.0000,0,
56.9377,198.4900,WALKING,STANCE,0.7222,-6.100,198.700,-57.028,0.0000,0.0000,-3.0306,0.0000,0,
56.9498,198.5000,WALKING,STANCE,0.7361,-4.700,114.900,-57.028,0.0000,0.0000,-2.6676,0.0000,0,
56.9577,198.5100,WALKING,STANCE,0.7500,-4.100,35.300,-57.028,0.0000,0.0000,-2.2936,0.0000,0,
56.9697,198.5200,WALKING,STANCE,0.7639,-4.200,-17.500,-57.028,0.0000,0.0000,-2.0256,0.0000,0,
56.9777,198.5300,WALKING,STANCE,0.7778,-4.400,-30.300,-57.028,0.0000,0.0000,-1.9536,0.0000,0,
56.9898,198.5400,WALKING,STANCE,0.7917,-4.800,-45.200,-57.028,0.0000,0.0000,-1.8631,0.0000,0,
56.9977,198.5500,WALKING,STANCE,0.8056,-5.500,-73.100,-57.028,0.0000,0.0000,-1.6956,0.0000,0,
57.0097,198.5600,WALKING,STANCE,0.8194,-6.400,-108.400,-57.028,0.0000,0.0000,-1.4831,0.0000,0,
57.0177,198.5700,WALKING,STANCE,0.8333,-7.700,-125.200,-57.028,0.0000,0.0000,-1.3471,0.0000,0,
57.0297,198.5800,WALKING,STANCE,0.8472,-9.000,-130.300,-57.028,0.0000,0.0000,-1.2696,0.0000,0,
57.0378,198.5900,WALKING,STANCE,0.8611,-10.300,-135.400,-57.028,0.0000,0.0000,-1.1921,0.0000,0,
57.0498,198.6000,WALKING,STANCE,0.8750,-11.700,-141.200,-57.028,0.0000,0.0000,-1.1071,0.0000,0,
57.0578,198.6100,WALKING,STANCE,0.8889,-13.100,-138.200,-57.028,0.0000,0.0000,-1.0661,0.0000,0,
57.0697,198.6200,WALKING,STANCE,0.9028,-14.400,-127.500,-57.028,0.0000,0.0000,-1.0676,0.0000,0,
57.0777,198.6300,WALKING,STANCE,0.9167,-15.600,-112.400,-57.028,0.0000,0.0000,-1.0951,0.0000,0,
57.0897,198.6400,WALKING,STANCE,0.9306,-16.600,-101.100,-57.028,0.0000,0.0000,-1.1116,0.0000,0,
57.0977,198.6500,WALKING,STANCE,0.9444,-17.600,-94.200,-57.028,0.0000,0.0000,-1.1061,0.0000,0,
57.1097,198.6600,WALKING,STANCE,0.9583,-18.500,-97.000,-57.028,0.0000,0.0000,-1.0561,0.0000,0,
57.1176,198.6700,WALKING,STANCE,0.9722,-19.600,-108.500,-57.028,0.0000,0.0000,-0.9546,0.0000,0,
57.1297,198.6800,WALKING,STANCE,0.9861,-20.800,-125.400,-57.028,0.0000,0.0000,-0.8221,0.0000,0,
57.1377,198.6900,WALKING,SWING,0.0000,-22.100,-145.400,-57.028,0.0000,0.0000,-0.6701,0.0000,0,
57.1497,198.7000,WALKING,SWING,0.0208,-23.800,-168.900,-57.028,0.0654,0.0000,-0.4846,0.0000,0,
57.1617,198.7100,WALKING,SWING,0.0417,-25.600,-188.100,-57.028,0.1305,0.0000,-0.3166,0.0000,0,
57.1697,198.7200,WALKING,SWING,0.0625,-27.600,-199.900,-57.028,0.1951,0.0000,-0.1776,0.0000,0,
57.1818,198.7300,WALKING,SWING,0.0833,-29.600,-201.500,-57.028,0.2588,0.0000,-0.0896,0.0000,0,
57.1897,198.7400,WALKING,SWING,0.1042,-31.600,-194.600,-57.028,0.3214,0.0000,-0.0441,0.0000,0,
57.2017,198.7500,WALKING,SWING,0.1250,-33.400,-178.900,-57.028,0.3827,0.0000,-0.0506,0.0000,0,
57.2098,198.7600,WALKING,SWING,0.1458,-35.000,-155.200,-57.028,0.4423,0.0000,-0.1051,0.0000,0,
57.2217,198.7700,WALKING,SWING,0.1667,-36.400,-124.400,-57.028,0.5000,0.0000,-0.2031,0.0000,0,
57.2296,198.7800,WALKING,SWING,0.1875,-37.400,-92.000,-57.028,0.5556,0.0000,-0.3251,0.0000,0,
57.2417,198.7900,WALKING,SWING,0.2083,-38.100,-56.100,-57.028,0.6088,0.0000,-0.4766,0.0000,0,
57.2497,198.8000,WALKING,SWING,0.2292,-38.400,-21.500,-57.028,0.6593,0.0000,-0.6376,0.0000,0,
57.2617,198.8100,WALKING,SWING,0.2500,-38.400,5.200,-57.028,0.7071,0.0000,-0.7711,0.0000,0,
57.2697,198.8200,WALKING,SWING,0.2708,-38.300,6.600,-57.028,0.7518,0.0000,-0.7821,0.0000,0,
57.2817,198.8300,WALKING,SWING,0.2917,-38.300,-4.100,-57.028,0.7934,0.0000,-0.7286,0.0000,0,
57.2897,198.8400,WALKING,SWING,0.3125,-38.400,-5.500,-57.028,0.8315,0.0000,-0.7176,0.0000,0,
57.3017,198.8500,WALKING,SWING,0.3333,-38.500,-10.600,-57.028,0.8660,0.0000,-0.6881,0.0000,0,
57.3097,198.8600,WALKING,SWING,0.3542,-38.700,-24.000,-57.028,0.8969,0.0000,-0.6131,0.0000,0,
57.3217,198.8700,WALKING,SWING,0.3750,-39.100,-44.300,-57.028,0.9239,0.0000,-0.4956,0.0000,0,
57.3297,198.8800,WALKING,SWING,0.3958,-39.600,-64.300,-57.028,0.9469,0.0000,-0.3756,0.0000,0,
57.3417,198.8900,WALKING,SWING,0.4167,-40.400,-84.200,-57.028,0.9659,0.0000,-0.2441,0.0000,0,
57.3498,198.9000,WALKING,SWING,0.4375,-41.400,-99.700,-57.028,0.9808,0.0000,-0.1266,0.0000,0,
57.3618,198.9100,WALKING,SWING,0.4583,-42.500,-113.400,-57.028,0.9914,0.0000,-0.0141,0.0000,0,
57.3697,198.9200,WALKING,SWING,0.4792,-43.700,-124.900,-57.028,0.9979,0.0000,0.0914,0.1510,0,
57.3817,198.9300,WALKING,SWING,0.5000,-45.000,-133.400,-57.028,1.0000,0.0000,0.1859,0.2596,0,
57.3897,198.9400,WALKING,SWING,0.5208,-46.400,-138.900,-57.028,0.9979,0.0000,0.2694,0.3000,1,
57.4017,198.9500,WALKING,SWING,0.5417,-47.800,-137.800,-57.028,0.9914,0.0000,0.3199,0.3000,1,
57.4097,198.9600,WALKING,SWING,0.5625,-49.100,-126.500,-57.028,0.9808,0.0000,0.3154,0.3000,1,
57.4217,198.9700,WALKING,SWING,0.5833,-50.200,-107.900,-57.028,0.9659,0.0000,0.2664,0.3000,1,
57.4298,198.9800,WALKING,SWING,0.6042,-51.100,-88.000,-57.028,0.9469,0.0000,0.2029,0.2792,0,
57.4416,198.9900,WALKING,SWING,0.6250,-51.900,-67.800,-57.028,0.9239,0.0000,0.1339,0.1999,0,
57.4496,199.0000,WALKING,SWING,0.6458,-52.200,-59.100,-57.028,0.8969,0.0000,0.1024,0.1637,0,
57.4575,199.0100,WALKING,SWING,0.6667,-52.900,-38.200,-57.028,0.8660,0.0000,0.0259,0.0757,0,
57.4696,199.0200,WALKING,SWING,0.6875,-53.200,-31.100,-57.028,0.8315,0.0000,0.0024,0.0487,0,
57.4817,199.0300,WALKING,SWING,0.7083,-53.500,-28.400,-57.028,0.7934,0.0000,0.0009,0.0470,0,
57.4936,199.0400,WALKING,SWING,0.7292,-53.800,-27.400,-57.028,0.7518,0.0000,0.0079,0.0550,0,
57.5017,199.0500,WALKING,SWING,0.7500,-54.000,-30.100,-57.028,0.7071,0.0000,0.0294,0.0798,0,
57.5137,199.0600,WALKING,SWING,0.7708,-54.400,-35.800,-57.028,0.6593,0.0000,0.0739,0.1309,0,
57.5217,199.0700,WALKING,SWING,0.7917,-54.800,-41.400,-57.028,0.6088,0.0000,0.1179,0.1815,0,
57.5337,199.0800,WALKING,SWING,0.8125,-55.200,-48.700,-57.028,0.5556,0.0000,0.1704,0.2418,0,
57.5416,199.0900,WALKING,SWING,0.8333,-55.800,-58.000,-57.028,0.5000,0.0000,0.2409,0.3000,1,
57.5536,199.1000,WALKING,SWING,0.8542,-56.400,-64.700,-57.028,0.4423,0.0000,0.2984,0.3000,1,
57.5617,199.1100,WALKING,SWING,0.8750,-57.100,-69.200,-57.028,0.3827,0.0000,0.3489,0.3000,1,
57.5737,199.1200,WALKING,SWING,0.8958,-57.800,-72.600,-57.028,0.3214,0.0000,0.3939,0.3000,1,
57.5817,199.1300,WALKING,SWING,0.9167,-58.600,-76.800,-57.028,0.2588,0.0000,0.4469,0.3000,1,
57.5936,199.1400,WALKING,SWING,0.9375,-59.400,-81.900,-57.028,0.1951,0.0000,0.5044,0.3000,1,
57.6017,199.1500,WALKING,SWING,0.9583,-60.300,-92.900,-57.028,0.1305,0.0000,0.5954,0.3000,1,
57.6137,199.1600,WALKING,SWING,0.9792,-61.300,-104.900,-57.028,0.0654,0.0000,0.6954,0.3000,1,
57.6216,199.1700,WALKING,STANCE,0.0000,-62.400,-115.700,-57.028,0.0000,0.0000,0.7934,0.3000,1,
57.6335,199.1800,WALKING,STANCE,0.0139,-63.600,-125.600,-57.028,0.0000,0.0000,0.8909,0.3000,1,
57.6416,199.1900,WALKING,STANCE,0.0278,-64.900,-136.100,-57.028,0.0000,0.0000,0.9954,0.3000,1,
57.6535,199.2000,WALKING,STANCE,0.0417,-66.400,-145.100,-57.028,0.0000,0.0000,1.1004,0.3000,1,
57.6616,199.2100,WALKING,STANCE,0.0556,-67.800,-154.600,-57.028,0.0000,0.0000,1.2039,0.3000,1,
57.6737,199.2200,WALKING,STANCE,0.0694,-69.600,-167.300,-57.028,0.0000,0.0000,1.3394,0.3000,1,
57.6817,199.2300,WALKING,STANCE,0.0833,-71.300,-181.000,-57.028,0.0000,0.0000,1.4759,0.3000,1,
57.6936,199.2400,WALKING,STANCE,0.0972,-73.200,-193.700,-57.028,0.0000,0.0000,1.6154,0.3000,1,
57.7016,199.2500,WALKING,STANCE,0.1111,-75.200,-207.500,-57.028,0.0000,0.0000,1.7644,0.3000,1,
57.7136,199.2600,WALKING,STANCE,0.1250,-77.400,-225.900,-57.028,0.0000,0.0000,1.9444,0.3000,1,
57.7217,199.2700,WALKING,STANCE,0.1389,-79.600,-242.800,-57.028,0.0000,0.0000,2.1169,0.3000,1,
57.7336,199.2800,WALKING,STANCE,0.1528,-82.400,-264.300,-57.028,0.0000,0.0000,2.3364,0.3000,1,
57.7417,199.2900,WALKING,STANCE,0.1667,-85.200,-286.900,-57.028,0.0000,0.0000,2.5614,0.3000,1,
57.7536,199.3000,WALKING,STANCE,0.1806,-88.300,-314.700,-57.028,0.0000,0.0000,2.8244,0.3000,1,
57.7615,199.3100,WALKING,STANCE,0.1944,-91.600,-341.300,-57.028,0.0000,0.0000,3.0894,0.3000,1,
57.7737,199.3200,WALKING,STANCE,0.2083,-95.200,-370.100,-57.028,0.0000,0.0000,3.3774,0.3000,1,
57.7817,199.3300,WALKING,STANCE,0.2222,-99.100,-401.100,-57.028,0.0000,0.0000,3.6884,0.3000,1,
57.7937,199.3400,WALKING,STANCE,0.2361,-103.200,-425.200,-57.028,0.0000,0.0000,3.9729,0.3000,1,
57.8017,199.3500,WALKING,STANCE,0.2500,-107.800,-459.200,-57.028,0.0000,0.0000,4.3269,0.3000,1,
57.8137,199.3600,WALKING,STANCE,0.2639,-112.500,-485.200,-57.028,0.0000,0.0000,4.6449,0.3000,1,
57.8216,199.3700,WALKING,STANCE,0.2778,-117.600,-512.500,-57.028,0.0000,0.0000,4.9854,0.3000,1,
57.8337,199.3800,WALKING,STANCE,0.2917,-122.900,-532.700,-57.028,0.0000,0.0000,5.2984,0.3000,1,
57.8417,199.3900,WALKING,STANCE,0.3056,-128.200,-532.200,-57.028,0.0000,0.0000,5.5079,0.3000,1,
57.8535,199.4000,WALKING,STANCE,0.3194,-133.300,-502.000,-57.028,0.0000,0.0000,5.5609,0.3000,1,
57.8617,199.4100,WALKING,STANCE,0.3333,-138.100,-455.200,-57.028,0.0000,0.0000,5.5189,0.3000,1,
57.8737,199.4200,WALKING,STANCE,0.3472,-142.300,-395.700,-57.028,0.0000,0.0000,5.3894,0.3000,1,
57.8817,199.4300,WALKING,STANCE,0.3611,-145.800,-329.600,-57.028,0.0000,0.0000,5.1989,0.3000,1,
57.8937,199.4400,WALKING,STANCE,0.3750,-148.600,-256.500,-57.028,0.0000,0.0000,4.9454,0.3000,1,
57.9017,199.4500,WALKING,STANCE,0.3889,-150.600,-183.100,-57.028,0.0000,0.0000,4.6584,0.3000,1,
57.9137,199.4600,WALKING,STANCE,0.4028,-152.000,-111.400,-57.028,0.0000,0.0000,4.3559,0.3000,1,
57.9217,199.4700,WALKING,STANCE,0.4167,-152.600,-39.900,-57.028,0.0000,0.0000,4.0224,0.3000,1,
57.9336,199.4800,WALKING,STANCE,0.4306,-152.600,21.200,-57.028,0.0000,0.0000,3.7169,0.3000,1,
57.9416,199.4900,WALKING,STANCE,0.4444,-152.000,68.100,-57.028,0.0000,0.0000,3.4584,0.3000,1,
57.9537,199.5000,WALKING,STANCE,0.4583,-151.000,113.400,-57.028,0.0000,0.0000,3.1919,0.3000,1,
57.9616,199.5100,WALKING,STANCE,0.4722,-149.600,158.900,-57.028,0.0000,0.0000,2.9084,0.3000,1,
57.9735,199.5200,WALKING,STANCE,0.4861,-147.700,204.700,-57.028,0.0000,0.0000,2.6034,0.3000,1,
57.9817,199.5300,WALKING,STANCE,0.5000,-145.300,252.300,-57.028,0.0000,0.0000,2.2694,0.3000,1,
57.9937,199.5400,WALKING,STANCE,0.5139,-142.400,298.000,-57.028,0.0000,0.0000,1.9249,0.3000,1,
58.0017,199.5500,WALKING,STANCE,0.5278,-139.200,340.300,-57.028,0.0000,0.0000,1.5854,0.3000,1,
58.0137,199.5600,WALKING,STANCE,0.5417,-135.400,389.300,-57.028,0.0000,0.0000,1.1884,0.3000,1,
58.0216,199.5700,WALKING,STANCE,0.5556,-131.200,430.800,-57.028,0.0000,0.0000,0.8129,0.3000,1,
58.0337,199.5800,WALKING,STANCE,0.5694,-126.600,474.600,-57.028,0.0000,0.0000,0.4099,0.3000,1,
58.0416,199.5900,WALKING,STANCE,0.5833,-121.600,519.000,-57.028,0.0000,0.0000,-0.0121,0.0000,0,
58.0537,199.6000,WALKING,STANCE,0.5972,-116.100,555.400,-57.028,0.0000,0.0000,-0.4141,0.0000,0,
58.0616,199.6100,WALKING,STANCE,0.6111,-110.300,598.800,-57.028,0.0000,0.0000,-0.8631,0.0000,0,
58.0736,199.6200,WALKING,STANCE,0.6250,-104.000,642.500,-57.028,0.0000,0.0000,-1.3336,0.0000,0,
58.0817,199.6300,WALKING,STANCE,0.6389,-97.400,664.600,-57.028,0.0000,0.0000,-1.7081,0.0000,0,
58.0937,199.6400,WALKING,STANCE,0.6528,-90.700,677.400,-57.028,0.0000,0.0000,-2.0401,0.0000,0,
58.1016,199.6500,WALKING,STANCE,0.6667,-83.700,694.100,-57.028,0.0000,0.0000,-2.4036,0.0000,0,
58.1136,199.6600,WALKING,STANCE,0.6806,-76.800,696.900,-57.028,0.0000,0.0000,-2.6936,0.0000,0,
58.1216,199.6700,WALKING,STANCE,0.6944,-69.700,713.900,-57.028,0.0000,0.0000,-3.0626,0.0000,0,
58.1337,199.6800,WALKING,STANCE,0.7083,-62.500,722.100,-57.028,0.0000,0.0000,-3.3916,0.0000,0,
58.1416,199.6900,WALKING,STANCE,0.7222,-55.300,718.400,-57.028,0.0000,0.0000,-3.6611,0.0000,0,
58.1537,199.7000,WALKING,STANCE,0.7361,-48.200,705.000,-57.028,0.0000,0.0000,-3.8781,0.0000,0,
58.1617,199.7100,WALKING,STANCE,0.7500,-41.400,662.600,-57.028,0.0000,0.0000,-3.9381,0.0000,0,
58.1736,199.7200,WALKING,STANCE,0.7639,-35.100,612.000,-57.028,0.0000,0.0000,-3.9371,0.0000,0,
58.1817,199.7300,WALKING,STANCE,0.7778,-29.500,544.100,-57.028,0.0000,0.0000,-3.8216,0.0000,0,
58.1937,199.7400,WALKING,STANCE,0.7917,-24.500,478.600,-57.028,0.0000,0.0000,-3.6941,0.0000,0,
58.2018,199.7500,WALKING,STANCE,0.8056,-20.100,415.600,-57.028,0.0000,0.0000,-3.5551,0.0000,0,
58.2137,199.7600,WALKING,STANCE,0.8194,-16.300,368.100,-57.028,0.0000,0.0000,-3.4696,0.0000,0,
58.2217,199.7700,WALKING,STANCE,0.8333,-12.900,329.700,-57.028,0.0000,0.0000,-3.4136,0.0000,0,
58.2337,199.7800,WALKING,STANCE,0.8472,-9.900,290.700,-57.028,0.0000,0.0000,-3.3386,0.0000,0,
58.2417,199.7900,WALKING,STANCE,0.8611,-7.200,253.600,-57.028,0.0000,0.0000,-3.2611,0.0000,0,
58.2536,199.8000,WALKING,STANCE,0.8750,-5.200,181.000,-57.028,0.0000,0.0000,-2.9781,0.0000,0,
58.2616,199.8100,WALKING,STANCE,0.8889,-3.900,112.900,-57.028,0.0000,0.0000,-2.6896,0.0000,0,
58.2736,199.8200,WALKING,STANCE,0.9028,-3.100,68.500,-57.028,0.0000,0.0000,-2.4996,0.0000,0,
58.2817,199.8300,WALKING,STANCE,0.9167,-2.600,27.700,-57.028,0.0000,0.0000,-2.3156,0.0000,0,
58.2936,199.8400,WALKING,STANCE,0.9306,-2.600,-4.200,-57.028,0.0000,0.0000,-2.1561,0.0000,0,
58.3016,199.8500,WALKING,STANCE,0.9444,-2.700,-6.800,-57.028,0.0000,0.0000,-2.1391,0.0000,0,
58.3137,199.8600,WALKING,STANCE,0.9583,-2.800,-9.000,-57.028,0.0000,0.0000,-2.1241,0.0000,0,
58.3217,199.8700,WALKING,STANCE,0.9722,-2.900,-22.300,-57.028,0.0000,0.0000,-2.0536,0.0000,0,
58.3337,199.8800,WALKING,STANCE,0.9861,-3.300,-40.300,-57.028,0.0000,0.0000,-1.9476,0.0000,0,
58.3417,199.8900,WALKING,STANCE,1.0000,-3.900,-63.100,-57.028,0.0000,0.0000,-1.8096,0.0000,0,
58.3537,199.9000,WALKING,SWING,0.0208,-4.800,-101.500,-57.028,0.0654,0.0000,-1.5816,0.0000,0,
58.3617,199.9100,WALKING,SWING,0.0417,-6.200,-163.700,-57.028,0.1305,0.0000,-1.2146,0.0000,0,
58.3737,199.9200,WALKING,SWING,0.0625,-8.200,-202.400,-57.028,0.1951,0.0000,-0.9411,0.0000,0,
58.3816,199.9300,WALKING,SWING,0.0833,-10.300,-213.500,-57.028,0.2588,0.0000,-0.8016,0.0000,0,
58.3937,199.9400,WALKING,SWING,0.1042,-12.400,-213.100,-57.028,0.3214,0.0000,-0.7196,0.0000,0,
58.4017,199.9500,WALKING,SWING,0.1250,-14.300,-210.200,-57.028,0.3827,0.0000,-0.6581,0.0000,0,
58.4137,199.9600,WALKING,SWING,0.1458,-16.300,-196.500,-57.028,0.4423,0.0000,-0.6466,0.0000,0,
58.4217,199.9700,WALKING,SWING,0.1667,-18.100,-170.500,-57.028,0.5000,0.0000,-0.7046,0.0000,0,
58.4337,199.9800,WALKING,SWING,0.1875,-19.600,-142.300,-57.028,0.5556,0.0000,-0.7856,0.0000,0,
58.4417,199.9900,WALKING,SWING,0.2083,-20.900,-118.300,-57.028,0.6088,0.0000,-0.8536,0.0000,0,
58.4536,200.0000,WALKING,SWING,0.2292,-21.400,-110.500,-57.028,0.6593,0.0000,-0.8726,0.0000,0,
58.4617,200.0100,WALKING,SWING,0.2500,-23.000,-99.500,-57.028,0.7071,0.0000,-0.8636,0.0000,0,
58.4737,200.0200,WALKING,SWING,0.2708,-24.000,-104.900,-57.028,0.7518,0.0000,-0.7966,0.0000,0,
58.4817,200.0300,WALKING,SWING,0.2917,-25.100,-117.600,-57.028,0.7934,0.0000,-0.6891,0.0000,0,
58.4937,200.0400,WALKING,SWING,0.3125,-26.400,-132.900,-57.028,0.8315,0.0000,-0.5606,0.0000,0,
58.5017,200.0500,WALKING,SWING,0.3333,-27.800,-146.300,-57.028,0.8660,0.0000,-0.4376,0.0000,0,
58.5137,200.0600,WALKING,SWING,0.3542,-29.400,-159.300,-57.028,0.8969,0.0000,-0.3086,0.0000,0,
58.5217,200.0700,WALKING,SWING,0.3750,-31.000,-167.800,-57.028,0.9239,0.0000,-0.2021,0.0000,0,
58.5337,200.0800,WALKING,SWING,0.3958,-32.700,-169.700,-57.028,0.9469,0.0000,-0.1246,0.0000,0,
58.5417,200.0900,WALKING,SWING,0.4167,-34.400,-162.400,-57.028,0.9659,0.0000,-0.0931,0.0000,0,
58.5537,200.1000,WALKING,SWING,0.4375,-35.900,-147.300,-57.028,0.9808,0.0000,-0.1086,0.0000,0,
58.5617,200.1100,WALKING,SWING,0.4583,-37.200,-125.300,-57.028,0.9914,0.0000,-0.1666,0.0000,0,
58.5736,200.1200,WALKING,SWING,0.4792,-38.300,-101.300,-57.028,0.9979,0.0000,-0.2426,0.0000,0,
58.5816,200.1300,WALKING,SWING,0.5000,-39.200,-74.700,-57.028,1.0000,0.0000,-0.3396,0.0000,0,
58.5937,200.1400,WALKING,SWING,0.5208,-39.700,-49.500,-57.028,0.9979,0.0000,-0.4456,0.0000,0,
58.6017,200.1500,WALKING,SWING,0.5417,-40.100,-29.100,-57.028,0.9914,0.0000,-0.5316,0.0000,0,
58.6137,200.1600,WALKING,SWING,0.5625,-40.300,-16.600,-57.028,0.9808,0.0000,-0.5861,0.0000,0,
58.6217,200.1700,WALKING,SWING,0.5833,-40.400,-5.000,-57.028,0.9659,0.0000,-0.6401,0.0000,0,
58.6336,200.1800,WALKING,SWING,0.6042,-40.400,-1.500,-57.028,0.9469,0.0000,-0.6576,0.0000,0,
58.6417,200.1900,WALKING,SWING,0.6250,-40.400,-9.300,-57.028,0.9239,0.0000,-0.6186,0.0000,0,
58.6536,200.2000,WALKING,SWING,0.6458,-40.600,-25.800,-57.028,0.8969,0.0000,-0.5281,0.0000,0,
58.6616,200.2100,WALKING,SWING,0.6667,-41.000,-43.100,-57.028,0.8660,0.0000,-0.4256,0.0000,0,
58.6737,200.2200,WALKING,SWING,0.6875,-41.600,-61.100,-57.028,0.8315,0.0000,-0.3116,0.0000,0,
58.6817,200.2300,WALKING,SWING,0.7083,-42.300,-79.800,-57.028,0.7934,0.0000,-0.1901,0.0000,0,
58.6937,200.2400,WALKING,SWING,0.7292,-43.200,-96.800,-57.028,0.7518,0.0000,-0.0691,0.0000,0,
58.7016,200.2500,WALKING,SWING,0.7500,-44.300,-108.400,-57.028,0.7071,0.0000,0.0329,0.0838,0,
58.7137,200.2600,WALKING,SWING,0.7708,-45.400,-117.000,-57.028,0.6593,0.0000,0.1199,0.1838,0,
58.7217,200.2700,WALKING,SWING,0.7917,-46.600,-121.600,-57.028,0.6088,0.0000,0.1909,0.2654,0,
58.7336,200.2800,WALKING,SWING,0.8125,-47.900,-122.400,-57.028,0.5556,0.0000,0.2469,0.3000,1,
58.7417,200.2900,WALKING,SWING,0.8333,-49.000,-114.700,-57.028,0.5000,0.0000,0.2524,0.3000,1,
58.7537,200.3000,WALKING,SWING,0.8542,-50.100,-100.400,-57.028,0.4423,0.0000,0.2249,0.3000,1,
58.7617,200.3100,WALKING,SWING,0.8750,-51.000,-82.100,-57.028,0.3827,0.0000,0.1694,0.2407,0,
58.7737,200.3200,WALKING,SWING,0.8958,-51.700,-61.400,-57.028,0.3214,0.0000,0.0939,0.1539,0,
58.7817,200.3300,WALKING,SWING,0.9167,-52.200,-44.700,-57.028,0.2588,0.0000,0.0304,0.0809,0,
58.7937,200.3400,WALKING,SWING,0.9375,-52.500,-31.100,-57.028,0.1951,0.0000,-0.0256,0.0000,0,
58.8016,200.3500,WALKING,SWING,0.9583,-52.800,-26.100,-57.028,0.1305,0.0000,-0.0386,0.0000,0,
58.8137,200.3600,WALKING,SWING,0.9792,-53.000,-28.100,-57.028,0.0654,0.0000,-0.0206,0.0000,0,
58.8218,200.3700,WALKING,STANCE,0.0000,-53.300,-31.300,-57.028,0.0000,0.0000,0.0074,0.0545,0,
58.8335,200.3800,WALKING,STANCE,0.0139,-53.700,-37.600,-57.028,0.0000,0.0000,0.0549,0.1091,0,
58.8416,200.3900,WALKING,STANCE,0.0278,-54.100,-41.800,-57.028,0.0000,0.0000,0.0919,0.1516,0,
58.8537,200.4000,WALKING,STANCE,0.0417,-54.500,-44.900,-57.028,0.0000,0.0000,0.1234,0.1878,0,
58.8617,200.4100,WALKING,STANCE,0.0556,-55.000,-43.100,-57.028,0.0000,0.0000,0.1344,0.2004,0,
58.8737,200.4200,WALKING,STANCE,0.0694,-55.400,-41.400,-57.028,0.0000,0.0000,0.1419,0.2091,0,
58.8816,200.4300,WALKING,STANCE,0.0833,-55.800,-42.800,-57.028,0.0000,0.0000,0.1649,0.2355,0,
58.8936,200.4400,WALKING,STANCE,0.0972,-56.200,-39.900,-57.028,0.0000,0.0000,0.1664,0.2372,0,
58.9016,200.4500,WALKING,STANCE,0.1111,-56.600,-36.800,-57.028,0.0000,0.0000,0.1669,0.2378,0,
58.9136,200.4600,WALKING,STANCE,0.1250,-57.000,-39.200,-57.028,0.0000,0.0000,0.1949,0.2700,0,
58.9216,200.4700,WALKING,STANCE,0.1389,-57.400,-43.800,-57.028,0.0000,0.0000,0.2339,0.3000,1,
58.9337,200.4800,WALKING,STANCE,0.1528,-57.900,-47.500,-57.028,0.0000,0.0000,0.2724,0.3000,1,
58.9416,200.4900,WALKING,STANCE,0.1667,-58.400,-55.700,-57.028,0.0000,0.0000,0.3334,0.3000,1,
58.9537,200.5000,WALKING,STANCE,0.1806,-59.000,-65.300,-57.028,0.0000,0.0000,0.4054,0.3000,1,
58.9617,200.5100,WALKING,STANCE,0.1944,-59.800,-74.500,-57.028,0.0000,0.0000,0.4834,0.3000,1,
58.9737,200.5200,WALKING,STANCE,0.2083,-60.600,-84.900,-57.028,0.0000,0.0000,0.5674,0.3000,1,
58.9817,200.5300,WALKING,STANCE,0.2222,-61.500,-96.600,-57.028,0.0000,0.0000,0.6619,0.3000,1,
58.9937,200.5400,WALKING,STANCE,0.2361,-62.500,-106.800,-57.028,0.0000,0.0000,0.7529,0.3000,1,
59.0017,200.5500,WALKING,STANCE,0.2500,-63.700,-117.600,-57.028,0.0000,0.0000,0.8549,0.3000,1,
59.0137,200.5600,WALKING,STANCE,0.2639,-64.900,-127.600,-57.028,0.0000,0.0000,0.9529,0.3000,1,
59.0216,200.5700,WALKING,STANCE,0.2778,-66.300,-137.300,-57.028,0.0000,0.0000,1.0574,0.3000,1,
59.0337,200.5800,WALKING,STANCE,0.2917,-67.700,-148.800,-57.028,0.0000,0.0000,1.1709,0.3000,1,
59.0417,200.5900,WALKING,STANCE,0.3056,-69.300,-162.400,-57.028,0.0000,0.0000,1.3029,0.3000,1,
59.0536,200.6000,WALKING,STANCE,0.3194,-71.000,-175.600,-57.028,0.0000,0.0000,1.4369,0.3000,1,
59.0616,200.6100,WALKING,STANCE,0.3333,-72.900,-187.000,-57.028,0.0000,0.0000,1.5699,0.3000,1,
59.0737,200.6200,WALKING,STANCE,0.3472,-74.800,-198.700,-57.028,0.0000,0.0000,1.7044,0.3000,1,
59.0817,200.6300,WALKING,STANCE,0.3611,-76.900,-212.100,-57.028,0.0000,0.0000,1.8554,0.3000,1,
59.0937,200.6400,WALKING,STANCE,0.3750,-79.100,-226.300,-57.028,0.0000,0.0000,2.0144,0.3000,1,
59.1016,200.6500,WALKING,STANCE,0.3889,-81.400,-239.200,-57.028,0.0000,0.0000,2.1709,0.3000,1,
59.1136,200.6600,WALKING,STANCE,0.4028,-84.000,-254.500,-57.028,0.0000,0.0000,2.3514,0.3000,1,
59.1217,200.6700,WALKING,STANCE,0.4167,-86.600,-272.200,-57.028,0.0000,0.0000,2.5439,0.3000,1,
59.1337,200.6800,WALKING,STANCE,0.4306,-89.500,-288.700,-57.028,0.0000,0.0000,2.7424,0.3000,1,
59.1416,200.6900,WALKING,STANCE,0.4444,-92.400,-303.500,-57.028,0.0000,0.0000,2.9324,0.3000,1,
59.1537,200.7000,WALKING,STANCE,0.4583,-95.600,-324.700,-57.028,0.0000,0.0000,3.1664,0.3000,1,
59.1617,200.7100,WALKING,STANCE,0.4722,-99.100,-346.600,-57.028,0.0000,0.0000,3.4159,0.3000,1,
59.1737,200.7200,WALKING,STANCE,0.4861,-102.600,-357.700,-57.028,0.0000,0.0000,3.6114,0.3000,1,
59.1817,200.7300,WALKING,STANCE,0.5000,-106.200,-374.300,-57.028,0.0000,0.0000,3.8384,0.3000,1,
59.1937,200.7400,WALKING,STANCE,0.5139,-110.100,-390.400,-57.028,0.0000,0.0000,4.0749,0.3000,1,
59.2017,200.7500,WALKING,STANCE,0.5278,-114.100,-403.600,-57.028,0.0000,0.0000,4.3009,0.3000,1,
59.2136,200.7600,WALKING,STANCE,0.5417,-118.300,-417.200,-57.028,0.0000,0.0000,4.5369,0.3000,1,
59.2216,200.7700,WALKING,STANCE,0.5556,-122.500,-422.900,-57.028,0.0000,0.0000,4.7334,0.3000,1,
59.2336,200.7800,WALKING,STANCE,0.5694,-126.700,-413.000,-57.028,0.0000,0.0000,4.8519,0.3000,1,
59.2416,200.7900,WALKING,STANCE,0.5833,-130.500,-377.800,-57.028,0.0000,0.0000,4.8279,0.3000,1,
59.2536,200.8000,WALKING,STANCE,0.5972,-134.100,-334.900,-57.028,0.0000,0.0000,4.7574,0.3000,1,
59.2616,200.8100,WALKING,STANCE,0.6111,-137.100,-276.600,-57.028,0.0000,0.0000,4.5859,0.3000,1,
59.2736,200.8200,WALKING,STANCE,0.6250,-139.400,-211.400,-57.028,0.0000,0.0000,4.3519,0.3000,1,
59.2816,200.8300,WALKING,STANCE,0.6389,-141.000,-145.200,-57.028,0.0000,0.0000,4.0849,0.3000,1,
59.2936,200.8400,WALKING,STANCE,0.6528,-142.000,-74.800,-57.028,0.0000,0.0000,3.7729,0.3000,1,
59.3016,200.8500,WALKING,STANCE,0.6667,-142.300,-8.100,-57.028,0.0000,0.0000,3.4514,0.3000,1,
59.3137,200.8600,WALKING,STANCE,0.6806,-142.000,43.100,-57.028,0.0000,0.0000,3.1834,0.3000,1,
59.3216,200.8700,WALKING,STANCE,0.6944,-141.200,89.200,-57.028,0.0000,0.0000,2.9209,0.3000,1,
59.3335,200.8800,WALKING,STANCE,0.7083,-140.000,135.900,-57.028,0.0000,0.0000,2.6394,0.3000,1,
59.3416,200.8900,WALKING,STANCE,0.7222,-138.300,183.600,-57.028,0.0000,0.0000,2.3329,0.3000,1,
59.3535,200.9000,WALKING,STANCE,0.7361,-136.100,231.300,-57.028,0.0000,0.0000,2.0064,0.3000,1,
59.3616,200.9100,WALKING,STANCE,0.7500,-133.500,278.400,-57.028,0.0000,0.0000,1.6669,0.3000,1,
59.3736,200.9200,WALKING,STANCE,0.7639,-130.400,319.600,-57.028,0.0000,0.0000,1.3369,0.3000,1,
59.3816,200.9300,WALKING,STANCE,0.7778,-126.900,367.300,-57.028,0.0000,0.0000,0.9584,0.3000,1,
59.3936,200.9400,WALKING,STANCE,0.7917,-122.900,413.500,-57.028,0.0000,0.0000,0.5674,0.3000,1,
59.4016,200.9500,WALKING,STANCE,0.8056,-118.500,449.100,-57.028,0.0000,0.0000,0.2134,0.2913,0,
59.4136,200.9600,WALKING,STANCE,0.8194,-113.800,488.900,-57.028,0.0000,0.0000,-0.1736,0.0000,0,
59.4216,200.9700,WALKING,STANCE,0.8333,-108.600,532.900,-57.028,0.0000,0.0000,-0.6016,0.0000,0,
59.4336,200.9800,WALKING,STANCE,0.8472,-102.900,573.400,-57.028,0.0000,0.0000,-1.0321,0.0000,0,
59.4416,200.9900,WALKING,STANCE,0.8611,-97.000,610.800,-57.028,0.0000,0.0000,-1.4551,0.0000,0,
59.4536,201.0000,WALKING,STANCE,0.8750,-93.800,620.600,-57.028,0.0000,0.0000,-1.6321,0.0000,0,
59.4616,201.0100,WALKING,STANCE,0.8889,-84.400,638.100,-57.028,0.0000,0.0000,-2.0956,0.0000,0,
59.4735,201.0200,WALKING,STANCE,0.9028,-78.000,638.200,-57.028,0.0000,0.0000,-2.3521,0.0000,0,
59.4815,201.0300,WALKING,STANCE,0.9167,-71.600,641.600,-57.028,0.0000,0.0000,-2.6251,0.0000,0,
59.4896,201.0400,WALKING,STANCE,0.9306,-65.300,619.800,-57.028,0.0000,0.0000,-2.7681,0.0000,0,
59.5017,201.0500,WALKING,STANCE,0.9444,-59.300,589.800,-57.028,0.0000,0.0000,-2.8581,0.0000,0,
59.5137,201.0600,WALKING,STANCE,0.9583,-53.700,544.500,-57.028,0.0000,0.0000,-2.8556,0.0000,0,
59.5216,201.0700,WALKING,STANCE,0.9722,-48.600,498.300,-57.028,0.0000,0.0000,-2.8286,0.0000,0,
59.5336,201.0800,WALKING,STANCE,0.9861,-44.000,438.800,-57.028,0.0000,0.0000,-2.7151,0.0000,0,
59.5416,201.0900,WALKING,SWING,0.0000,-40.000,389.300,-57.028,0.0000,0.0000,-2.6276,0.0000,0,
59.5536,201.1000,WALKING,SWING,0.0208,-36.400,350.300,-57.028,0.0654,0.0000,-2.5766,0.0000,0,
59.5616,201.1100,WALKING,SWING,0.0417,-33.100,321.500,-57.028,0.1305,0.0000,-2.5646,0.0000,0,
59.5736,201.1200,WALKING,SWING,0.0625,-30.000,298.200,-57.028,0.1951,0.0000,-2.5721,0.0000,0,
59.5816,201.1300,WALKING,SWING,0.0833,-27.100,288.400,-57.028,0.2588,0.0000,-2.6391,0.0000,0,
59.5936,201.1400,WALKING,SWING,0.1042,-24.200,289.600,-57.028,0.3214,0.0000,-2.7611,0.0000,0,
59.6015,201.1500,WALKING,SWING,0.1250,-21.300,291.600,-57.028,0.3827,0.0000,-2.8871,0.0000,0,
59.6136,201.1600,WALKING,SWING,0.1458,-18.400,296.400,-57.028,0.4423,0.0000,-3.0271,0.0000,0,
59.6216,201.1700,WALKING,SWING,0.1667,-15.300,306.900,-57.028,0.5000,0.0000,-3.2036,0.0000,0,
59.6336,201.1800,WALKING,SWING,0.1875,-12.200,306.000,-57.028,0.5556,0.0000,-3.3231,0.0000,0,
59.6416,201.1900,WALKING,SWING,0.2083,-9.300,291.500,-57.028,0.6088,0.0000,-3.3666,0.0000,0,
59.6535,201.2000,WALKING,SWING,0.2292,-6.500,264.900,-57.028,0.6593,0.0000,-3.3456,0.0000,0,
59.6617,201.2100,WALKING,SWING,0.2500,-4.300,202.000,-57.028,0.7071,0.0000,-3.1191,0.0000,0,
59.6736,201.2200,WALKING,SWING,0.2708,-2.700,141.500,-57.028,0.7518,0.0000,-2.8806,0.0000,0,
59.6816,201.2300,WALKING,SWING,0.2917,-1.800,70.100,-57.028,0.7934,0.0000,-2.5596,0.0000,0,
59.6936,201.2400,WALKING,SWING,0.3125,-1.600,1.000,-57.028,0.8315,0.0000,-2.2221,0.0000,0,
59.7016,201.2500,WALKING,SWING,0.3333,-1.800,-24.200,-57.028,0.8660,0.0000,-2.0881,0.0000,0,
59.7136,201.2600,WALKING,SWING,0.3542,-2.100,-30.900,-57.028,0.8969,0.0000,-2.0426,0.0000,0,
59.7216,201.2700,WALKING,SWING,0.3750,-2.400,-40.400,-57.028,0.9239,0.0000,-1.9831,0.0000,0,
59.7336,201.2800,WALKING,SWING,0.3958,-3.000,-65.600,-57.028,0.9469,0.0000,-1.8331,0.0000,0,
59.7416,201.2900,WALKING,SWING,0.4167,-3.900,-106.300,-57.028,0.9659,0.0000,-1.5936,0.0000,0,
59.7537,201.3000,WALKING,SWING,0.4375,-5.400,-163.500,-57.028,0.9808,0.0000,-1.2476,0.0000,0,
59.7617,201.3100,WALKING,SWING,0.4583,-7.300,-206.600,-57.028,0.9914,0.0000,-0.9561,0.0000,0,
59.7737,201.3200,WALKING,SWING,0.4792,-9.500,-215.900,-57.028,0.9979,0.0000,-0.8216,0.0000,0,
59.7858,201.3300,WALKING,SWING,0.5000,-11.700,-221.900,-57.028,1.0000,0.0000,-0.7036,0.0000,0,
59.7937,201.3500,WALKING,SWING,0.5417,-16.000,-208.400,-57.028,0.9914,0.0000,-0.5991,0.0000,0,
59.8057,201.3600,WALKING,SWING,0.5625,-18.000,-187.500,-57.028,0.9808,0.0000,-0.6236,0.0000,0,
59.8136,201.3700,WALKING,SWING,0.5833,-19.700,-166.800,-57.028,0.9659,0.0000,-0.6591,0.0000,0,
59.8257,201.3800,WALKING,SWING,0.6042,-21.300,-151.500,-57.028,0.9469,0.0000,-0.6716,0.0000,0,
59.8336,201.3900,WALKING,SWING,0.6250,-22.700,-143.300,-57.028,0.9239,0.0000,-0.6566,0.0000,0,
59.8456,201.4000,WALKING,SWING,0.6458,-24.100,-140.900,-57.028,0.8969,0.0000,-0.6126,0.0000,0,
59.8537,201.4100,WALKING,SWING,0.6667,-25.500,-142.200,-57.028,0.8660,0.0000,-0.5501,0.0000,0,
59.8696,201.4200,WALKING,SWING,0.6875,-27.000,-146.200,-57.028,0.8315,0.0000,-0.4701,0.0000,0,
59.8776,201.4300,WALKING,SWING,0.7083,-28.500,-151.700,-57.028,0.7934,0.0000,-0.3826,0.0000,0,
59.8897,201.4400,WALKING,SWING,0.7292,-30.000,-155.600,-57.028,0.7518,0.0000,-0.3031,0.0000,0,
59.8974,201.4500,WALKING,SWING,0.7500,-31.600,-156.200,-57.028,0.7071,0.0000,-0.2361,0.0000,0,
59.9096,201.4600,WALKING,SWING,0.7708,-33.100,-147.800,-57.028,0.6593,0.0000,-0.2181,0.0000,0,
59.9176,201.4700,WALKING,SWING,0.7917,-34.500,-132.800,-57.028,0.6088,0.0000,-0.2371,0.0000,0,
59.9297,201.4800,WALKING,SWING,0.8125,-35.700,-112.300,-57.028,0.5556,0.0000,-0.2916,0.0000,0,
59.9377,201.4900,WALKING,SWING,0.8333,-36.600,-87.800,-57.028,0.5000,0.0000,-0.3781,0.0000,0,
59.9496,201.5000,WALKING,SWING,0.8542,-37.300,-61.500,-57.028,0.4423,0.0000,-0.4816,0.0000,0,
59.9576,201.5100,WALKING,SWING,0.8750,-37.800,-33.500,-57.028,0.3827,0.0000,-0.6016,0.0000,0,
59.9697,201.5200,WALKING,SWING,0.8958,-37.900,-5.900,-57.028,0.3214,0.0000,-0.7356,0.0000,0,
59.9776,201.5300,WALKING,SWING,0.9167,-37.900,6.600,-57.028,0.2588,0.0000,-0.7981,0.0000,0,
59.9897,201.5400,WALKING,SWING,0.9375,-37.800,-0.300,-57.028,0.1951,0.0000,-0.7676,0.0000,0,
59.9977,201.5500,WALKING,SWING,0.9583,-37.900,-4.200,-57.028,0.1305,0.0000,-0.7441,0.0000,0,
60.0095,201.5600,WALKING,SWING,0.9792,-37.900,-5.700,-57.028,0.0654,0.0000,-0.7366,0.0000,0,
