t_s,timestamp,state,phase,phase_progress,belt_length,belt_velocity,target_belt_length,profile,assist_gain,force_n,assist_force_n,impedance_force_n,current_a,saturated,faults
0.0204,181.1500,INIT,STANCE,,-67.400,16.500,-67.400,0.0000,0.0000,-0.0248,0.0000,-0.0248,0.0000,0,
0.0284,181.1600,INIT,STANCE,,-67.200,21.800,-67.200,0.0000,0.0000,-0.0327,0.0000,-0.0327,0.0000,0,
0.0404,181.1700,INIT,STANCE,,-67.000,28.600,-67.000,0.0000,0.0000,-0.0429,0.0000,-0.0429,0.0000,0,
0.0484,181.1800,INIT,STANCE,,-66.600,38.400,-66.600,0.0000,0.0000,-0.0576,0.0000,-0.0576,0.0000,0,
0.0604,181.1900,INIT,STANCE,,-66.100,46.100,-66.100,0.0000,0.0000,-0.0692,0.0000,-0.0692,0.0000,0,
0.0685,181.2000,INIT,STANCE,,-65.600,53.000,-65.600,0.0000,0.0000,-0.0795,0.0000,-0.0795,0.0000,0,
0.0803,181.2100,INIT,STANCE,,-65.100,60.600,-65.100,0.0000,0.0000,-0.0909,0.0000,-0.0909,0.0000,0,
0.0884,181.2200,INIT,STANCE,,-64.400,74.000,-64.400,0.0000,0.0000,-0.1110,0.0000,-0.1110,0.0000,0,
0.1043,181.2300,INIT,STANCE,,-63.500,87.300,-63.500,0.0000,0.0000,-0.1310,0.0000,-0.1310,0.0000,0,
0.1124,181.2400,INIT,STANCE,,-62.600,96.600,-62.600,0.0000,0.0000,-0.1449,0.0000,-0.1449,0.0000,0,
0.1250,181.2500,INIT,STANCE,,-61.600,106.700,-61.600,0.0000,0.0000,-0.1600,0.0000,-0.1600,0.0000,0,
0.1321,181.2600,INIT,STANCE,,-60.400,114.600,-60.400,0.0000,0.0000,-0.1719,0.0000,-0.1719,0.0000,0,
0.1442,181.2700,INIT,STANCE,,-59.300,118.400,-59.300,0.0000,0.0000,-0.1776,0.0000,-0.1776,0.0000,0,
0.1521,181.2800,INIT,STANCE,,-58.100,118.800,-58.100,0.0000,0.0000,-0.1782,0.0000,-0.1782,0.0000,0,
0.1642,181.2900,INIT,STANCE,,-56.900,113.700,-56.900,0.0000,0.0000,-0.1706,0.0000,-0.1706,0.0000,0,
0.1722,181.3000,INIT,STANCE,,-55.800,108.200,-55.800,0.0000,0.0000,-0.1623,0.0000,-0.1623,0.0000,0,
0.1842,181.3100,INIT,STANCE,,-54.800,99.300,-54.800,0.0000,0.0000,-0.1489,0.0000,-0.1489,0.0000,0,
0.1923,181.3200,INIT,STANCE,,-53.900,89.500,-53.900,0.0000,0.0000,-0.1343,0.0000,-0.1343,0.0000,0,
0.2043,181.3300,INIT,STANCE,,-53.000,76.400,-53.000,0.0000,0.0000,-0.1146,0.0000,-0.1146,0.0000,0,
0.2164,181.3400,INIT,STANCE,,-52.400,56.200,-52.400,0.0000,0.0000,-0.0843,0.0000,-0.0843,0.0000,0,
0.2244,181.3500,INIT,STANCE,,-52.000,37.800,-52.000,0.0000,0.0000,-0.0567,0.0000,-0.0567,0.0000,0,
0.2324,181.3600,INIT,STANCE,,-51.700,20.300,-51.700,0.0000,0.0000,-0.0305,0.0000,-0.0305,0.0000,0,
0.2444,181.3700,INIT,STANCE,,-51.600,8.700,-51.600,0.0000,0.0000,-0.0130,0.0000,-0.0130,0.0000,0,
0.2523,181.3800,INIT,STANCE,,-51.600,-0.800,-51.600,0.0000,0.0000,0.0012,0.0000,0.0012,0.0000,1,
0.2643,181.3900,INIT,STANCE,,-51.600,-2.300,-51.600,0.0000,0.0000,0.0034,0.0000,0.0034,0.0000,1,
0.2764,181.4000,INIT,STANCE,,-51.600,0.700,-51.600,0.0000,0.0000,-0.0010,0.0000,-0.0010,0.0000,0,
0.2844,181.4100,INIT,STANCE,,-51.600,0.000,-51.600,0.0000,0.0000,0.0000,0.0000,0.0000,0.0000,0,
0.2963,181.4200,INIT,STANCE,,-51.600,-0.300,-51.600,0.0000,0.0000,0.0004,0.0000,0.0004,0.0000,1,
0.3044,181.4300,INIT,STANCE,,-51.600,-0.300,-51.600,0.0000,0.0000,0.0004,0.0000,0.0004,0.0000,1,
0.3125,181.4400,INIT,STANCE,,-51.600,0.100,-51.600,0.0000,0.0000,-0.0002,0.0000,-0.0002,0.0000,0,
0.3243,181.4500,INIT,STANCE,,-51.600,1.200,-51.600,0.0000,0.0000,-0.0018,0.0000,-0.0018,0.0000,0,
0.3364,181.4600,INIT,STANCE,,-51.600,-0.800,-51.600,0.0000,0.0000,0.0012,0.0000,0.0012,0.0000,1,
0.3443,181.4700,INIT,STANCE,,-51.600,-0.800,-51.600,0.0000,0.0000,0.0012,0.0000,0.0012,0.0000,1,
0.3564,181.4800,INIT,STANCE,,-51.600,0.000,-51.600,0.0000,0.0000,0.0000,0.0000,0.0000,0.0000,0,
0.3643,181.4900,INIT,STANCE,,-51.600,1.000,-51.600,0.0000,0.0000,-0.0015,0.0000,-0.0015,0.0000,0,
0.3764,181.5000,INIT,STANCE,,-51.600,-0.200,-51.600,0.0000,0.0000,0.0003,0.0000,0.0003,0.0000,1,
0.3844,181.5100,INIT,STANCE,,-51.600,0.000,-51.600,0.0000,0.0000,0.0000,0.0000,0.0000,0.0000,0,
0.3964,181.5200,INIT,STANCE,,-51.600,-0.200,-51.600,0.0000,0.0000,0.0003,0.0000,0.0003,0.0000,1,
0.4044,181.5300,INIT,STANCE,,-51.600,-0.600,-51.600,0.0000,0.0000,0.0009,0.0000,0.0009,0.0000,1,
0.4163,181.5400,INIT,STANCE,,-51.600,0.400,-51.600,0.0000,0.0000,-0.0006,0.0000,-0.0006,0.0000,0,
0.4244,181.5500,INIT,STANCE,,-51.600,0.300,-51.600,0.0000,0.0000,-0.0004,0.0000,-0.0004,0.0000,0,
0.4363,181.5600,INIT,STANCE,,-51.600,-0.100,-51.600,0.0000,0.0000,0.0002,0.0000,0.0002,0.0000,1,
0.4444,181.5700,INIT,STANCE,,-51.600,-0.200,-51.600,0.0000,0.0000,0.0003,0.0000,0.0003,0.0000,1,
0.4564,181.5800,INIT,STANCE,,-51.600,-0.200,-51.600,0.0000,0.0000,0.0003,0.0000,0.0003,0.0000,1,
0.4644,181.5900,INIT,STANCE,,-51.600,-0.100,-51.600,0.0000,0.0000,0.0002,0.0000,0.0002,0.0000,1,
0.4764,181.6000,INIT,STANCE,,-51.600,1.000,-51.600,0.0000,0.0000,-0.0015,0.0000,-0.0015,0.0000,0,
0.4845,181.6100,INIT,STANCE,,-51.600,-0.500,-51.600,0.0000,0.0000,0.0008,0.0000,0.0008,0.0000,1,
0.4963,181.6200,INIT,STANCE,,-51.600,0.000,-51.600,0.0000,0.0000,0.0000,0.0000,0.0000,0.0000,0,
0.5043,181.6300,INIT,STANCE,,-51.600,-0.200,-51.600,0.0000,0.0000,0.0003,0.0000,0.0003,0.0000,1,
0.5164,181.6400,INIT,STANCE,,-51.600,0.300,-51.600,0.0000,0.0000,-0.0004,0.0000,-0.0004,0.0000,0,
0.5244,181.6500,INIT,STANCE,,-51.600,1.100,-51.600,0.0000,0.0000,-0.0017,0.0000,-0.0017,0.0000,0,
0.5364,181.6600,INIT,STANCE,,-51.600,-0.600,-51.600,0.0000,0.0000,0.0009,0.0000,0.0009,0.0000,1,
0.5444,181.6700,INIT,STANCE,,-51.600,0.500,-51.600,0.0000,0.0000,-0.0008,0.0000,-0.0008,0.0000,0,
0.5563,181.6800,INIT,STANCE,,-51.600,-0.400,-51.600,0.0000,0.0000,0.0006,0.0000,0.0006,0.0000,1,
0.5644,181.6900,INIT,STANCE,,-51.600,-0.900,-51.600,0.0000,0.0000,0.0014,0.0000,0.0014,0.0000,1,
0.5764,181.7000,INIT,STANCE,,-51.600,0.700,-51.600,0.0000,0.0000,-0.0010,0.0000,-0.0010,0.0000,0,
0.5844,181.7100,INIT,STANCE,,-51.600,0.500,-51.600,0.0000,0.0000,-0.0008,0.0000,-0.0008,0.0000,0,
0.5963,181.7200,INIT,STANCE,,-51.600,-1.000,-51.600,0.0000,0.0000,0.0015,0.0000,0.0015,0.0000,1,
0.6044,181.7300,INIT,STANCE,,-51.600,0.000,-51.600,0.0000,0.0000,0.0000,0.0000,0.0000,0.0000,0,
0.6164,181.7400,INIT,STANCE,,-51.600,0.200,-51.600,0.0000,0.0000,-0.0003,0.0000,-0.0003,0.0000,0,
0.6244,181.7500,INIT,STANCE,,-51.600,-0.600,-51.600,0.0000,0.0000,0.0009,0.0000,0.0009,0.0000,1,
0.6363,181.7600,INIT,STANCE,,-51.600,-0.100,-51.600,0.0000,0.0000,0.0002,0.0000,0.0002,0.0000,1,
0.6444,181.7700,INIT,STANCE,,-51.600,0.500,-51.600,0.0000,0.0000,-0.0008,0.0000,-0.0008,0.0000,0,
0.6564,181.7800,INIT,STANCE,,-51.600,0.200,-51.600,0.0000,0.0000,-0.0003,0.0000,-0.0003,0.0000,0,
0.6644,181.7900,INIT,STANCE,,-51.600,-1.300,-51.600,0.0000,0.0000,0.0020,0.0000,0.0020,0.0000,1,
0.6764,181.8000,INIT,STANCE,,-51.600,-0.400,-51.600,0.0000,0.0000,0.0006,0.0000,0.0006,0.0000,1,
0.6843,181.8100,INIT,STANCE,,-51.600,0.100,-51.600,0.0000,0.0000,-0.0002,0.0000,-0.0002,0.0000,0,
0.6963,181.8200,INIT,STANCE,,-51.600,-0.300,-51.600,0.0000,0.0000,0.0004,0.0000,0.0004,0.0000,1,
0.7044,181.8300,INIT,STANCE,,-51.600,-1.000,-51.600,0.0000,0.0000,0.0015,0.0000,0.0015,0.0000,1,
0.7164,181.8400,INIT,STANCE,,-51.700,-1.500,-51.700,0.0000,0.0000,0.0023,0.0000,0.0023,0.0000,1,
0.7244,181.8500,INIT,STANCE,,-51.700,-3.300,-51.700,0.0000,0.0000,0.0049,0.0000,0.0049,0.0000,1,
0.7364,181.8600,INIT,STANCE,,-51.700,-3.100,-51.700,0.0000,0.0000,0.0047,0.0000,0.0047,0.0000,1,
0.7442,181.8700,INIT,STANCE,,-51.700,-1.700,-51.700,0.0000,0.0000,0.0026,0.0000,0.0026,0.0000,1,
0.7521,181.8800,INIT,STANCE,,-51.800,-3.000,-51.800,0.0000,0.0000,0.0045,0.0000,0.0045,0.0000,1,
0.7642,181.8900,INIT,STANCE,,-51.800,-5.500,-51.800,0.0000,0.0000,0.0083,0.0000,0.0083,0.0000,1,
0.7722,181.9000,INIT,STANCE,,-51.900,-13.500,-51.900,0.0000,0.0000,0.0203,0.0000,0.0203,0.0000,1,
0.7842,181.9100,INIT,STANCE,,-52.100,-18.800,-52.100,0.0000,0.0000,0.0282,0.0000,0.0282,0.0000,1,
0.7922,181.9200,INIT,STANCE,,-52.300,-19.600,-52.300,0.0000,0.0000,0.0294,0.0000,0.0294,0.0000,1,
0.8042,181.9300,INIT,STANCE,,-52.500,-24.900,-52.500,0.0000,0.0000,0.0374,0.0000,0.0374,0.0000,1,
0.8123,181.9400,INIT,STANCE,,-52.800,-28.900,-52.800,0.0000,0.0000,0.0433,0.0000,0.0433,0.0000,1,
0.8242,181.9500,INIT,STANCE,,-53.100,-33.000,-53.100,0.0000,0.0000,0.0495,0.0000,0.0495,0.0000,1,
0.8323,181.9600,INIT,STANCE,,-53.500,-34.400,-53.500,0.0000,0.0000,0.0516,0.0000,0.0516,0.0000,1,
0.8441,181.9700,INIT,STANCE,,-53.800,-32.800,-53.800,0.0000,0.0000,0.0492,0.0000,0.0492,0.0000,1,
0.8522,181.9800,INIT,STANCE,,-54.100,-30.000,-54.100,0.0000,0.0000,0.0450,0.0000,0.0450,0.0000,1,
0.8643,181.9900,INIT,STANCE,,-54.400,-29.000,-54.400,0.0000,0.0000,0.0435,0.0000,0.0435,0.0000,1,
0.8723,182.0000,INIT,STANCE,,-54.600,-28.500,-54.600,0.0000,0.0000,0.0428,0.0000,0.0428,0.0000,1,
0.8843,182.0100,INIT,STANCE,,-55.000,-28.400,-55.000,0.0000,0.0000,0.0426,0.0000,0.0426,0.0000,1,
0.8922,182.0200,INIT,STANCE,,-55.300,-29.900,-55.300,0.0000,0.0000,0.0449,0.0000,0.0449,0.0000,1,
0.9042,182.0300,INIT,STANCE,,-55.600,-32.300,-55.600,0.0000,0.0000,0.0485,0.0000,0.0485,0.0000,1,
0.9123,182.0400,INIT,STANCE,,-55.900,-34.500,-55.900,0.0000,0.0000,0.0518,0.0000,0.0518,0.0000,1,
0.9243,182.0500,INIT,STANCE,,-56.300,-32.900,-56.300,0.0000,0.0000,0.0493,0.0000,0.0493,0.0000,1,
0.9322,182.0600,INIT,STANCE,,-56.600,-29.400,-56.600,0.0000,0.0000,0.0441,0.0000,0.0441,0.0000,1,
0.9442,182.0700,INIT,STANCE,,-56.900,-25.500,-56.900,0.0000,0.0000,0.0382,0.0000,0.0382,0.0000,1,
0.9522,182.0800,INIT,STANCE,,-57.100,-24.300,-57.100,0.0000,0.0000,0.0365,0.0000,0.0365,0.0000,1,
0.9643,182.0900,INIT,STANCE,,-57.400,-28.200,-57.400,0.0000,0.0000,0.0423,0.0000,0.0423,0.0000,1,
0.9721,182.1000,INIT,STANCE,,-57.700,-30.400,-57.700,0.0000,0.0000,0.0456,0.0000,0.0456,0.0000,1,
0.9842,182.1100,INIT,STANCE,,-58.000,-35.400,-58.000,0.0000,0.0000,0.0531,0.0000,0.0531,0.0000,1,
0.9922,182.1200,INIT,STANCE,,-58.300,-38.900,-58.300,0.0000,0.0000,0.0583,0.0000,0.0583,0.0000,1,
1.0042,182.1300,INIT,STANCE,,-58.700,-40.100,-58.700,0.0000,0.0000,0.0602,0.0000,0.0602,0.0000,1,
1.0122,182.1400,INIT,STANCE,,-59.100,-34.600,-59.100,0.0000,0.0000,0.0519,0.0000,0.0519,0.0000,1,
1.0242,182.1500,INIT,STANCE,,-59.400,-26.300,-59.400,0.0000,0.0000,0.0394,0.0000,0.0394,0.0000,1,
1.0322,182.1600,INIT,STANCE,,-59.600,-18.900,-59.600,0.0000,0.0000,0.0283,0.0000,0.0283,0.0000,1,
1.0443,182.1700,INIT,STANCE,,-59.800,-14.100,-59.800,0.0000,0.0000,0.0211,0.0000,0.0211,0.0000,1,
1.0522,182.1800,INIT,STANCE,,-59.900,-10.600,-59.900,0.0000,0.0000,0.0159,0.0000,0.0159,0.0000,1,
1.0642,182.1900,INIT,STANCE,,-60.000,-4.800,-60.000,0.0000,0.0000,0.0072,0.0000,0.0072,0.0000,1,
1.0722,182.2000,INIT,STANCE,,-60.000,-1.000,-60.000,0.0000,0.0000,0.0015,0.0000,0.0015,0.0000,1,
1.0842,182.2100,INIT,STANCE,,-60.000,0.100,-60.000,0.0000,0.0000,-0.0002,0.0000,-0.0002,0.0000,0,
1.0922,182.2200,INIT,STANCE,,-60.000,0.000,-60.000,0.0000,0.0000,0.0000,0.0000,0.0000,0.0000,0,
1.1042,182.2300,INIT,STANCE,,-60.000,0.000,-60.000,0.0000,0.0000,0.0000,0.0000,0.0000,0.0000,0,
1.1122,182.2400,INIT,STANCE,,-60.000,0.000,-60.000,0.0000,0.0000,0.0000,0.0000,0.0000,0.0000,0,
1.1241,182.2500,INIT,STANCE,,-60.000,-0.100,-60.000,0.0000,0.0000,0.0002,0.0000,0.0002,0.0000,1,
1.1322,182.2600,INIT,STANCE,,-60.000,-0.500,-60.000,0.0000,0.0000,0.0008,0.0000,0.0008,0.0000,1,
1.1442,182.2700,INIT,STANCE,,-60.000,-2.500,-60.000,0.0000,0.0000,0.0037,0.0000,0.0037,0.0000,1,
1.1521,182.2800,INIT,STANCE,,-60.100,-8.200,-60.100,0.0000,0.0000,0.0123,0.0000,0.0123,0.0000,1,
1.1642,182.2900,INIT,STANCE,,-60.200,-19.200,-60.200,0.0000,0.0000,0.0288,0.0000,0.0288,0.0000,1,
1.1721,182.3000,INIT,STANCE,,-60.500,-33.500,-60.500,0.0000,0.0000,0.0503,0.0000,0.0503,0.0000,1,
1.1842,182.3100,INIT,STANCE,,-61.000,-51.200,-61.000,0.0000,0.0000,0.0768,0.0000,0.0768,0.0000,1,
1.1922,182.3200,INIT,STANCE,,-61.600,-71.400,-61.600,0.0000,0.0000,0.1071,0.0000,0.1071,0.0000,1,
1.2042,182.3300,INIT,STANCE,,-62.500,-93.600,-62.500,0.0000,0.0000,0.1404,0.0000,0.1404,0.0000,1,
1.2122,182.3400,INIT,STANCE,,-63.600,-118.600,-63.600,0.0000,0.0000,0.1779,0.0000,0.1779,0.0000,1,
1.2242,182.3500,INIT,STANCE,,-64.900,-144.100,-64.900,0.0000,0.0000,0.2162,0.0000,0.2162,0.0000,1,
1.2322,182.3600,INIT,STANCE,,-66.600,-169.800,-66.600,0.0000,0.0000,0.2547,0.0000,0.2547,0.0000,1,
1.2442,182.3700,INIT,STANCE,,-68.400,-195.300,-68.400,0.0000,0.0000,0.2930,0.0000,0.2930,0.0000,1,
1.2522,182.3800,INIT,STANCE,,-70.600,-217.500,-70.600,0.0000,0.0000,0.3262,0.0000,0.3262,0.0000,1,
1.2642,182.3900,INIT,STANCE,,-72.800,-233.200,-72.800,0.0000,0.0000,0.3498,0.0000,0.3498,0.0000,1,
1.2722,182.4000,INIT,STANCE,,-75.300,-245.300,-75.300,0.0000,0.0000,0.3679,0.0000,0.3679,0.0000,1,
1.2841,182.4100,INIT,STANCE,,-77.800,-257.900,-77.800,0.0000,0.0000,0.3868,0.0000,0.3868,0.0000,1,
1.2921,182.4200,INIT,STANCE,,-80.500,-268.600,-80.500,0.0000,0.0000,0.4029,0.0000,0.4029,0.0000,1,
1.3041,182.4300,INIT,STANCE,,-83.200,-276.000,-83.200,0.0000,0.0000,0.4140,0.0000,0.4140,0.0000,1,
1.3121,182.4400,INIT,STANCE,,-86.000,-284.100,-86.000,0.0000,0.0000,0.4262,0.0000,0.4262,0.0000,1,
1.3240,182.4500,INIT,STANCE,,-88.900,-289.100,-88.900,0.0000,0.0000,0.4337,0.0000,0.4337,0.0000,1,
1.3320,182.4600,INIT,STANCE,,-91.800,-286.300,-91.800,0.0000,0.0000,0.4294,0.0000,0.4294,0.0000,1,
1.3440,182.4700,INIT,STANCE,,-94.600,-281.600,-94.600,0.0000,0.0000,0.4224,0.0000,0.4224,0.0000,1,
1.3521,182.4800,INIT,STANCE,,-97.400,-278.500,-97.400,0.0000,0.0000,0.4178,0.0000,0.4178,0.0000,1,
1.3641,182.4900,INIT,STANCE,,-100.100,-270.000,-100.100,0.0000,0.0000,0.4050,0.0000,0.4050,0.0000,1,
1.3721,182.5000,INIT,STANCE,,-102.700,-257.700,-102.700,0.0000,0.0000,0.3866,0.0000,0.3866,0.0000,1,
1.3841,182.5100,INIT,STANCE,,-105.200,-247.400,-105.200,0.0000,0.0000,0.3711,0.0000,0.3711,0.0000,1,
1.3921,182.5200,INIT,STANCE,,-107.600,-235.200,-107.600,0.0000,0.0000,0.3528,0.0000,0.3528,0.0000,1,
1.4041,182.5300,INIT,STANCE,,-109.900,-218.300,-109.900,0.0000,0.0000,0.3275,0.0000,0.3275,0.0000,1,
1.4120,182.5400,INIT,STANCE,,-111.900,-197.400,-111.900,0.0000,0.0000,0.2961,0.0000,0.2961,0.0000,1,
1.4241,182.5500,INIT,STANCE,,-113.700,-175.400,-113.700,0.0000,0.0000,0.2631,0.0000,0.2631,0.0000,1,
1.4321,182.5600,INIT,STANCE,,-115.300,-151.400,-115.300,0.0000,0.0000,0.2271,0.0000,0.2271,0.0000,1,
1.4441,182.5700,INIT,STANCE,,-116.700,-125.600,-116.700,0.0000,0.0000,0.1884,0.0000,0.1884,0.0000,1,
1.4521,182.5800,INIT,STANCE,,-117.700,-97.300,-117.700,0.0000,0.0000,0.1459,0.0000,0.1459,0.0000,1,
1.4641,182.5900,INIT,STANCE,,-118.500,-70.900,-118.500,0.0000,0.0000,0.1064,0.0000,0.1064,0.0000,1,
1.4721,182.6000,INIT,STANCE,,-119.100,-45.800,-119.100,0.0000,0.0000,0.0687,0.0000,0.0687,0.0000,1,
1.4841,182.6100,INIT,STANCE,,-119.300,-18.300,-119.300,0.0000,0.0000,0.0275,0.0000,0.0275,0.0000,1,
1.4921,182.6200,INIT,STANCE,,-119.300,4.500,-119.300,0.0000,0.0000,-0.0067,0.0000,-0.0067,0.0000,0,
1.5041,182.6300,INIT,STANCE,,-119.300,7.200,-119.300,0.0000,0.0000,-0.0108,0.0000,-0.0108,0.0000,0,
1.5120,182.6400,INIT,STANCE,,-119.200,4.100,-119.200,0.0000,0.0000,-0.0061,0.0000,-0.0061,0.0000,0,
1.5240,182.6500,INIT,STANCE,,-119.200,5.500,-119.200,0.0000,0.0000,-0.0083,0.0000,-0.0083,0.0000,0,
1.5321,182.6600,INIT,STANCE,,-119.100,11.000,-119.100,0.0000,0.0000,-0.0165,0.0000,-0.0165,0.0000,0,
1.5440,182.6700,INIT,STANCE,,-118.900,15.200,-118.900,0.0000,0.0000,-0.0228,0.0000,-0.0228,0.0000,0,
1.5520,182.6800,INIT,STANCE,,-118.700,19.500,-118.700,0.0000,0.0000,-0.0293,0.0000,-0.0293,0.0000,0,
1.5640,182.6900,INIT,STANCE,,-118.500,26.100,-118.500,0.0000,0.0000,-0.0392,0.0000,-0.0392,0.0000,0,
1.5720,182.7000,INIT,STANCE,,-118.200,32.900,-118.200,0.0000,0.0000,-0.0493,0.0000,-0.0493,0.0000,0,
1.5840,182.7100,INIT,STANCE,,-117.800,43.700,-117.800,0.0000,0.0000,-0.0656,0.0000,-0.0656,0.0000,0,
1.5921,182.7200,INIT,STANCE,,-117.300,57.200,-117.300,0.0000,0.0000,-0.0858,0.0000,-0.0858,0.0000,0,
1.6041,182.7300,INIT,STANCE,,-116.600,72.800,-116.600,0.0000,0.0000,-0.1092,0.0000,-0.1092,0.0000,0,
1.6120,182.7400,INIT,STANCE,,-115.800,87.600,-115.800,0.0000,0.0000,-0.1314,0.0000,-0.1314,0.0000,0,
1.6241,182.7500,INIT,STANCE,,-114.800,102.800,-114.800,0.0000,0.0000,-0.1542,0.0000,-0.1542,0.0000,0,
1.6321,182.7600,INIT,STANCE,,-113.600,121.000,-113.600,0.0000,0.0000,-0.1815,0.0000,-0.1815,0.0000,0,
1.6441,182.7700,INIT,STANCE,,-112.300,138.000,-112.300,0.0000,0.0000,-0.2070,0.0000,-0.2070,0.0000,0,
1.6521,182.7800,INIT,STANCE,,-110.800,156.700,-110.800,0.0000,0.0000,-0.2350,0.0000,-0.2350,0.0000,0,
1.6640,182.7900,INIT,STANCE,,-109.100,174.700,-109.100,0.0000,0.0000,-0.2621,0.0000,-0.2621,0.0000,0,
1.6721,182.8000,INIT,STANCE,,-107.200,191.100,-107.200,0.0000,0.0000,-0.2867,0.0000,-0.2867,0.0000,0,
1.6841,182.8100,INIT,STANCE,,-105.200,204.600,-105.200,0.0000,0.0000,-0.3069,0.0000,-0.3069,0.0000,0,
1.6921,182.8200,INIT,STANCE,,-103.100,218.300,-103.100,0.0000,0.0000,-0.3275,0.0000,-0.3275,0.0000,0,
1.7041,182.8300,INIT,STANCE,,-100.800,234.500,-100.800,0.0000,0.0000,-0.3518,0.0000,-0.3518,0.0000,0,
1.7121,182.8400,INIT,STANCE,,-98.300,252.200,-98.300,0.0000,0.0000,-0.3783,0.0000,-0.3783,0.0000,0,
1.7240,182.8500,INIT,STANCE,,-95.700,269.400,-95.700,0.0000,0.0000,-0.4041,0.0000,-0.4041,0.0000,0,
1.7361,182.8600,INIT,STANCE,,-92.900,283.400,-92.900,0.0000,0.0000,-0.4251,0.0000,-0.4251,0.0000,0,
1.7441,182.8700,INIT,STANCE,,-89.900,302.100,-89.900,0.0000,0.0000,-0.4532,0.0000,-0.4532,0.0000,0,
1.7521,182.8800,INIT,STANCE,,-86.800,316.800,-86.800,0.0000,0.0000,-0.4752,0.0000,-0.4752,0.0000,0,
1.7641,182.8900,INIT,STANCE,,-83.600,320.400,-83.600,0.0000,0.0000,-0.4806,0.0000,-0.4806,0.0000,0,
1.7721,182.9000,INIT,STANCE,,-80.400,319.900,-80.400,0.0000,0.0000,-0.4798,0.0000,-0.4798,0.0000,0,
1.7841,182.9100,INIT,STANCE,,-77.200,312.900,-77.200,0.0000,0.0000,-0.4693,0.0000,-0.4693,0.0000,0,
1.7921,182.9200,INIT,STANCE,,-74.200,295.200,-74.200,0.0000,0.0000,-0.4428,0.0000,-0.4428,0.0000,0,
1.8041,182.9300,INIT,STANCE,,-71.500,262.100,-71.500,0.0000,0.0000,-0.3932,0.0000,-0.3932,0.0000,0,
1.8121,182.9400,INIT,STANCE,,-69.200,200.700,-69.200,0.0000,0.0000,-0.3010,0.0000,-0.3010,0.0000,0,
1.8241,182.9500,INIT,STANCE,,-67.800,117.100,-67.800,0.0000,0.0000,-0.1757,0.0000,-0.1757,0.0000,0,
1.8321,182.9600,INIT,SWING,,-67.200,34.900,-67.200,0.0000,0.0000,-0.0524,0.0000,-0.0524,0.0000,0,
1.8440,182.9700,INIT,SWING,,-67.300,-21.100,-67.300,0.0000,0.0000,0.0317,0.0000,0.0317,0.0000,1,
1.8521,182.9800,INIT,SWING,,-67.600,-28.100,-67.600,0.0000,0.0000,0.0421,0.0000,0.0421,0.0000,1,
1.8640,182.9900,INIT,SWING,,-67.800,-25.000,-67.800,0.0000,0.0000,0.0375,0.0000,0.0375,0.0000,1,
1.8720,183.0000,INIT,SWING,,-68.000,-22.000,-68.000,0.0000,0.0000,0.0330,0.0000,0.0330,0.0000,1,
1.8841,183.0100,INIT,SWING,,-68.200,-12.100,-68.200,0.0000,0.0000,0.0181,0.0000,0.0181,0.0000,1,
1.8921,183.0200,INIT,SWING,,-68.300,-7.500,-68.300,0.0000,0.0000,0.0112,0.0000,0.0112,0.0000,1,
1.9041,183.0300,INIT,SWING,,-68.300,-5.300,-68.300,0.0000,0.0000,0.0080,0.0000,0.0080,0.0000,1,
1.9120,183.0400,INIT,SWING,,-68.400,-1.500,-68.400,0.0000,0.0000,0.0023,0.0000,0.0023,0.0000,1,
1.9241,183.0500,INIT,SWING,,-68.400,0.800,-68.400,0.0000,0.0000,-0.0012,0.0000,-0.0012,0.0000,0,
1.9321,183.0600,INIT,SWING,,-68.400,-0.300,-68.400,0.0000,0.0000,0.0004,0.0000,0.0004,0.0000,1,
1.9441,183.0700,INIT,SWING,,-68.400,0.100,-68.400,0.0000,0.0000,-0.0002,0.0000,-0.0002,0.0000,0,
1.9521,183.0800,INIT,SWING,,-68.400,0.000,-68.400,0.0000,0.0000,0.0000,0.0000,0.0000,0.0000,0,
1.9641,183.0900,INIT,SWING,,-68.400,0.300,-68.400,0.0000,0.0000,-0.0004,0.0000,-0.0004,0.0000,0,
1.9722,183.1000,INIT,SWING,,-68.400,0.200,-68.400,0.0000,0.0000,-0.0003,0.0000,-0.0003,0.0000,0,
1.9841,183.1100,INIT,SWING,,-68.400,0.000,-68.400,0.0000,0.0000,0.0000,0.0000,0.0000,0.0000,0,
1.9922,183.1200,INIT,SWING,,-68.400,0.000,-68.400,0.0000,0.0000,0.0000,0.0000,0.0000,0.0000,0,
2.0042,183.1300,INIT,SWING,,-68.400,0.000,-68.400,0.0000,0.0000,0.0000,0.0000,0.0000,0.0000,0,
2.0122,183.1400,INIT,SWING,,-68.400,-0.100,-68.400,0.0000,0.0000,0.0002,0.0000,0.0002,0.0000,1,
2.0242,183.1500,INIT,SWING,,-68.400,0.100,-68.400,0.0000,0.0000,-0.0002,0.0000,-0.0002,0.0000,0,
2.0322,183.1600,INIT,SWING,,-68.400,0.000,-68.400,0.0000,0.0000,0.0000,0.0000,0.0000,0.0000,0,
2.0441,183.1700,INIT,SWING,,-68.400,0.000,-68.400,0.0000,0.0000,0.0000,0.0000,0.0000,0.0000,0,
2.0521,183.1800,INIT,SWING,,-68.400,0.200,-68.400,0.0000,0.0000,-0.0003,0.0000,-0.0003,0.0000,0,
2.0641,183.1900,INIT,SWING,,-68.400,0.000,-68.400,0.0000,0.0000,0.0000,0.0000,0.0000,0.0000,0,
2.0722,183.2000,INIT,SWING,,-68.300,0.800,-68.300,0.0000,0.0000,-0.0012,0.0000,-0.0012,0.0000,0,
2.0842,183.2100,INIT,SWING,,-68.300,1.600,-68.300,0.0000,0.0000,-0.0024,0.0000,-0.0024,0.0000,0,
2.0923,183.2200,INIT,SWING,,-68.300,2.400,-68.300,0.0000,0.0000,-0.0036,0.0000,-0.0036,0.0000,0,
2.1042,183.2300,INIT,SWING,,-68.300,1.400,-68.300,0.0000,0.0000,-0.0021,0.0000,-0.0021,0.0000,0,
2.1123,183.2400,INIT,SWING,,-68.300,2.900,-68.300,0.0000,0.0000,-0.0043,0.0000,-0.0043,0.0000,0,
2.1242,183.2500,INIT,SWING,,-68.200,4.600,-68.200,0.0000,0.0000,-0.0069,0.0000,-0.0069,0.0000,0,
2.1323,183.2600,INIT,SWING,,-68.200,7.400,-68.200,0.0000,0.0000,-0.0111,0.0000,-0.0111,0.0000,0,
2.1443,183.2700,INIT,SWING,,-68.100,11.900,-68.100,0.0000,0.0000,-0.0179,0.0000,-0.0179,0.0000,0,
2.1523,183.2800,INIT,SWING,,-67.900,17.200,-67.900,0.0000,0.0000,-0.0258,0.0000,-0.0258,0.0000,0,
2.1642,183.2900,INIT,SWING,,-67.700,21.700,-67.700,0.0000,0.0000,-0.0326,0.0000,-0.0326,0.0000,0,
2.1723,183.3000,INIT,SWING,,-67.500,25.900,-67.500,0.0000,0.0000,-0.0388,0.0000,-0.0388,0.0000,0,
2.1843,183.3100,INIT,SWING,,-67.100,32.700,-67.100,0.0000,0.0000,-0.0491,0.0000,-0.0491,0.0000,0,
2.1923,183.3200,INIT,SWING,,-66.800,39.100,-66.800,0.0000,0.0000,-0.0587,0.0000,-0.0587,0.0000,0,
2.2042,183.3300,INIT,SWING,,-66.300,43.900,-66.300,0.0000,0.0000,-0.0659,0.0000,-0.0659,0.0000,0,
2.2122,183.3400,INIT,SWING,,-65.900,41.700,-65.900,0.0000,0.0000,-0.0626,0.0000,-0.0626,0.0000,0,
2.2242,183.3500,INIT,SWING,,-65.500,39.800,-65.500,0.0000,0.0000,-0.0597,0.0000,-0.0597,0.0000,0,
2.2322,183.3600,INIT,SWING,,-65.100,38.100,-65.100,0.0000,0.0000,-0.0572,0.0000,-0.0572,0.0000,0,
2.2442,183.3700,INIT,SWING,,-64.800,36.100,-64.800,0.0000,0.0000,-0.0542,0.0000,-0.0542,0.0000,0,
2.2521,183.3800,INIT,SWING,,-64.400,37.000,-64.400,0.0000,0.0000,-0.0555,0.0000,-0.0555,0.0000,0,
2.2642,183.3900,INIT,SWING,,-64.000,39.900,-64.000,0.0000,0.0000,-0.0599,0.0000,-0.0599,0.0000,0,
2.2722,183.4000,INIT,SWING,,-63.600,41.500,-63.600,0.0000,0.0000,-0.0622,0.0000,-0.0622,0.0000,0,
2.2841,183.4100,INIT,SWING,,-63.200,40.900,-63.200,0.0000,0.0000,-0.0614,0.0000,-0.0614,0.0000,0,
2.2921,183.4200,INIT,SWING,,-62.800,40.600,-62.800,0.0000,0.0000,-0.0609,0.0000,-0.0609,0.0000,0,
2.3042,183.4300,INIT,SWING,,-62.300,41.100,-62.300,0.0000,0.0000,-0.0617,0.0000,-0.0617,0.0000,0,
2.3121,183.4400,INIT,SWING,,-61.900,44.700,-61.900,0.0000,0.0000,-0.0671,0.0000,-0.0671,0.0000,0,
2.3242,183.4500,INIT,SWING,,-61.400,48.000,-61.400,0.0000,0.0000,-0.0720,0.0000,-0.0720,0.0000,0,
2.3321,183.4600,INIT,SWING,,-61.000,48.000,-61.000,0.0000,0.0000,-0.0720,0.0000,-0.0720,0.0000,0,
2.3442,183.4700,INIT,SWING,,-60.500,43.000,-60.500,0.0000,0.0000,-0.0645,0.0000,-0.0645,0.0000,0,
2.3523,183.4800,INIT,SWING,,-60.100,39.300,-60.100,0.0000,0.0000,-0.0589,0.0000,-0.0589,0.0000,0,
2.3643,183.4900,INIT,SWING,,-59.700,36.500,-59.700,0.0000,0.0000,-0.0548,0.0000,-0.0548,0.0000,0,
2.3723,183.5000,INIT,SWING,,-59.400,35.800,-59.400,0.0000,0.0000,-0.0537,0.0000,-0.0537,0.0000,0,
2.3843,183.5100,INIT,SWING,,-59.000,34.000,-59.000,0.0000,0.0000,-0.0510,0.0000,-0.0510,0.0000,0,
2.3922,183.5200,INIT,SWING,,-58.700,31.500,-58.700,0.0000,0.0000,-0.0473,0.0000,-0.0473,0.0000,0,
2.4042,183.5300,INIT,SWING,,-58.400,23.800,-58.400,0.0000,0.0000,-0.0357,0.0000,-0.0357,0.0000,0,
2.4122,183.5400,INIT,SWING,,-58.200,16.600,-58.200,0.0000,0.0000,-0.0249,0.0000,-0.0249,0.0000,0,
2.4242,183.5500,INIT,SWING,,-58.100,10.800,-58.100,0.0000,0.0000,-0.0162,0.0000,-0.0162,0.0000,0,
2.4322,183.5600,INIT,SWING,,-58.100,4.000,-58.100,0.0000,0.0000,-0.0060,0.0000,-0.0060,0.0000,0,
2.4442,183.5700,INIT,SWING,,-58.000,-0.400,-58.000,0.0000,0.0000,0.0006,0.0000,0.0006,0.0000,1,
2.4522,183.5800,INIT,SWING,,-58.000,0.500,-58.000,0.0000,0.0000,-0.0008,0.0000,-0.0008,0.0000,0,
2.4641,183.5900,INIT,SWING,,-58.000,0.300,-58.000,0.0000,0.0000,-0.0004,0.0000,-0.0004,0.0000,0,
2.4722,183.6000,INIT,SWING,,-58.000,-0.100,-58.000,0.0000,0.0000,0.0002,0.0000,0.0002,0.0000,1,
2.4843,183.6100,INIT,SWING,,-58.000,0.200,-58.000,0.0000,0.0000,-0.0003,0.0000,-0.0003,0.0000,0,
2.4922,183.6200,INIT,SWING,,-58.000,0.100,-58.000,0.0000,0.0000,-0.0002,0.0000,-0.0002,0.0000,0,
2.5042,183.6300,INIT,SWING,,-58.000,0.000,-58.000,0.0000,0.0000,0.0000,0.0000,0.0000,0.0000,0,
2.5122,183.6400,INIT,SWING,,-58.000,0.000,-58.000,0.0000,0.0000,0.0000,0.0000,0.0000,0.0000,0,
2.5242,183.6500,INIT,SWING,,-58.000,0.000,-58.000,0.0000,0.0000,0.0000,0.0000,0.0000,0.0000,0,
2.5323,183.6600,INIT,SWING,,-58.000,0.100,-58.000,0.0000,0.0000,-0.0002,0.0000,-0.0002,0.0000,0,
2.5442,183.6700,INIT,SWING,,-58.000,-0.300,-58.000,0.0000,0.0000,0.0004,0.0000,0.0004,0.0000,1,
2.5522,183.6800,INIT,SWING,,-58.000,0.000,-58.000,0.0000,0.0000,0.0000,0.0000,0.0000,0.0000,0,
2.5642,183.6900,INIT,SWING,,-58.000,0.000,-58.000,0.0000,0.0000,0.0000,0.0000,0.0000,0.0000,0,
2.5722,183.7000,INIT,SWING,,-58.000,0.100,-58.000,0.0000,0.0000,-0.0002,0.0000,-0.0002,0.0000,0,
2.5842,183.7100,INIT,SWING,,-58.000,-0.100,-58.000,0.0000,0.0000,0.0002,0.0000,0.0002,0.0000,1,
2.5922,183.7200,INIT,SWING,,-58.000,0.300,-58.000,0.0000,0.0000,-0.0004,0.0000,-0.0004,0.0000,0,
2.6041,183.7300,INIT,SWING,,-58.000,-0.200,-58.000,0.0000,0.0000,0.0003,0.0000,0.0003,0.0000,1,
2.6122,183.7400,INIT,SWING,,-58.000,-0.100,-58.000,0.0000,0.0000,0.0002,0.0000,0.0002,0.0000,1,
2.6242,183.7500,INIT,SWING,,-58.000,0.100,-58.000,0.0000,0.0000,-0.0002,0.0000,-0.0002,0.0000,0,
2.6322,183.7600,INIT,SWING,,-58.000,0.000,-58.000,0.0000,0.0000,0.0000,0.0000,0.0000,0.0000,0,
2.6442,183.7700,INIT,SWING,,-58.000,0.000,-58.000,0.0000,0.0000,0.0000,0.0000,0.0000,0.0000,0,
2.6523,183.7800,INIT,SWING,,-58.000,-0.300,-58.000,0.0000,0.0000,0.0004,0.0000,0.0004,0.0000,1,
2.6642,183.7900,INIT,SWING,,-58.000,-0.100,-58.000,0.0000,0.0000,0.0002,0.0000,0.0002,0.0000,1,
2.6722,183.8000,INIT,SWING,,-58.000,-0.200,-58.000,0.0000,0.0000,0.0003,0.0000,0.0003,0.0000,1,
2.6841,183.8100,INIT,SWING,,-58.100,0.000,-58.100,0.0000,0.0000,0.0000,0.0000,0.0000,0.0000,0,
2.6922,183.8200,INIT,SWING,,-58.100,-0.800,-58.100,0.0000,0.0000,0.0012,0.0000,0.0012,0.0000,1,
2.7042,183.8300,INIT,SWING,,-58.100,-0.400,-58.100,0.0000,0.0000,0.0006,0.0000,0.0006,0.0000,1,
2.7122,183.8400,INIT,SWING,,-58.100,-0.600,-58.100,0.0000,0.0000,0.0009,0.0000,0.0009,0.0000,1,
2.7242,183.8500,INIT,SWING,,-58.100,-0.100,-58.100,0.0000,0.0000,0.0002,0.0000,0.0002,0.0000,1,
2.7322,183.8600,INIT,SWING,,-58.100,-0.100,-58.100,0.0000,0.0000,0.0002,0.0000,0.0002,0.0000,1,
2.7442,183.8700,INIT,SWING,,-58.100,-0.800,-58.100,0.0000,0.0000,0.0012,0.0000,0.0012,0.0000,1,
2.7522,183.8800,INIT,SWING,,-58.100,-0.700,-58.100,0.0000,0.0000,0.0010,0.0000,0.0010,0.0000,1,
2.7642,183.8900,INIT,SWING,,-58.100,-1.000,-58.100,0.0000,0.0000,0.0015,0.0000,0.0015,0.0000,1,
2.7722,183.9000,INIT,SWING,,-58.100,-2.000,-58.100,0.0000,0.0000,0.0030,0.0000,0.0030,0.0000,1,
2.7842,183.9100,INIT,SWING,,-58.100,-3.500,-58.100,0.0000,0.0000,0.0053,0.0000,0.0053,0.0000,1,
2.7921,183.9200,INIT,SWING,,-58.200,-6.200,-58.200,0.0000,0.0000,0.0093,0.0000,0.0093,0.0000,1,
2.8041,183.9300,INIT,SWING,,-58.300,-5.000,-58.300,0.0000,0.0000,0.0075,0.0000,0.0075,0.0000,1,
2.8121,183.9400,INIT,SWING,,-58.300,-1.700,-58.300,0.0000,0.0000,0.0026,0.0000,0.0026,0.0000,1,
2.8242,183.9500,INIT,SWING,,-58.300,0.000,-58.300,0.0000,0.0000,0.0000,0.0000,0.0000,0.0000,0,
2.8322,183.9600,INIT,SWING,,-58.300,-0.800,-58.300,0.0000,0.0000,0.0012,0.0000,0.0012,0.0000,1,
2.8441,183.9700,INIT,SWING,,-58.300,-1.400,-58.300,0.0000,0.0000,0.0021,0.0000,0.0021,0.0000,1,
2.8522,183.9800,INIT,SWING,,-58.300,-2.400,-58.300,0.0000,0.0000,0.0036,0.0000,0.0036,0.0000,1,
2.8642,183.9900,INIT,SWING,,-58.400,-5.100,-58.400,0.0000,0.0000,0.0076,0.0000,0.0076,0.0000,1,
2.8722,184.0000,INIT,SWING,,-58.400,-7.000,-58.400,0.0000,0.0000,0.0105,0.0000,0.0105,0.0000,1,
2.8842,184.0100,INIT,SWING,,-58.600,-13.300,-58.600,0.0000,0.0000,0.0200,0.0000,0.0200,0.0000,1,
2.8922,184.0200,INIT,SWING,,-58.700,-14.900,-58.700,0.0000,0.0000,0.0224,0.0000,0.0224,0.0000,1,
2.9042,184.0300,INIT,SWING,,-58.800,-11.100,-58.800,0.0000,0.0000,0.0166,0.0000,0.0166,0.0000,1,
2.9122,184.0400,INIT,SWING,,-58.900,-10.100,-58.900,0.0000,0.0000,0.0152,0.0000,0.0152,0.0000,1,
2.9242,184.0500,INIT,SWING,,-59.000,-10.100,-59.000,0.0000,0.0000,0.0152,0.0000,0.0152,0.0000,1,
2.9321,184.0600,INIT,SWING,,-59.100,-11.600,-59.100,0.0000,0.0000,0.0174,0.0000,0.0174,0.0000,1,
2.9441,184.0700,INIT,SWING,,-59.300,-11.100,-59.300,0.0000,0.0000,0.0166,0.0000,0.0166,0.0000,1,
2.9521,184.0800,INIT,SWING,,-59.400,-15.200,-59.400,0.0000,0.0000,0.0228,0.0000,0.0228,0.0000,1,
2.9641,184.0900,INIT,SWING,,-59.600,-18.800,-59.600,0.0000,0.0000,0.0282,0.0000,0.0282,0.0000,1,
2.9721,184.1000,INIT,SWING,,-59.800,-24.600,-59.800,0.0000,0.0000,0.0369,0.0000,0.0369,0.0000,1,
2.9842,184.1100,INIT,SWING,,-60.100,-30.200,-60.100,0.0000,0.0000,0.0453,0.0000,0.0453,0.0000,1,
2.9921,184.1200,INIT,SWING,,-60.400,-37.200,-60.400,0.0000,0.0000,0.0558,0.0000,0.0558,0.0000,1,
3.0041,184.1300,INIT,SWING,,-60.800,-44.100,-60.800,0.0000,0.0000,0.0662,0.0000,0.0662,0.0000,1,
3.0121,184.1400,INIT,SWING,,-61.300,-50.900,-61.300,0.0000,0.0000,0.0764,0.0000,0.0764,0.0000,1,
3.0242,184.1500,INIT,SWING,,-61.900,-54.200,-61.900,0.0000,0.0000,0.0813,0.0000,0.0813,0.0000,1,
3.0321,184.1600,INIT,SWING,,-62.400,-57.100,-62.400,0.0000,0.0000,0.0857,0.0000,0.0857,0.0000,1,
3.0442,184.1700,INIT,SWING,,-63.100,-62.900,-63.100,0.0000,0.0000,0.0944,0.0000,0.0944,0.0000,1,
3.0522,184.1800,INIT,SWING,,-63.800,-73.500,-63.800,0.0000,0.0000,0.1103,0.0000,0.1103,0.0000,1,
3.0641,184.1900,INIT,SWING,,-64.600,-80.000,-64.600,0.0000,0.0000,0.1200,0.0000,0.1200,0.0000,1,
3.0721,184.2000,INIT,SWING,,-65.400,-84.200,-65.400,0.0000,0.0000,0.1263,0.0000,0.1263,0.0000,1,
3.0841,184.2100,INIT,SWING,,-66.300,-92.300,-66.300,0.0000,0.0000,0.1384,0.0000,0.1384,0.0000,1,
3.0922,184.2200,INIT,SWING,,-67.300,-99.200,-67.300,0.0000,0.0000,0.1488,0.0000,0.1488,0.0000,1,
3.1042,184.2300,INIT,SWING,,-68.300,-106.200,-68.300,0.0000,0.0000,0.1593,0.0000,0.1593,0.0000,1,
3.1122,184.2400,INIT,SWING,,-69.400,-112.400,-69.400,0.0000,0.0000,0.1686,0.0000,0.1686,0.0000,1,
3.1242,184.2500,INIT,SWING,,-70.600,-116.300,-70.600,0.0000,0.0000,0.1744,0.0000,0.1744,0.0000,1,
3.1321,184.2600,INIT,STANCE,,-71.800,-120.500,-71.800,0.0000,0.0000,0.1807,0.0000,0.1807,0.0000,1,
3.1441,184.2700,INIT,STANCE,,-73.000,-124.100,-73.000,0.0000,0.0000,0.1861,0.0000,0.1861,0.0000,1,
3.1521,184.2800,INIT,STANCE,,-74.300,-128.800,-74.300,0.0000,0.0000,0.1932,0.0000,0.1932,0.0000,1,
3.1641,184.2900,INIT,STANCE,,-75.600,-132.700,-75.600,0.0000,0.0000,0.1990,0.0000,0.1990,0.0000,1,
3.1721,184.3000,INIT,STANCE,,-77.000,-137.400,-77.000,0.0000,0.0000,0.2061,0.0000,0.2061,0.0000,1,
3.1841,184.3100,INIT,STANCE,,-78.400,-141.200,-78.400,0.0000,0.0000,0.2118,0.0000,0.2118,0.0000,1,
3.1921,184.3200,INIT,STANCE,,-79.800,-143.700,-79.800,0.0000,0.0000,0.2155,0.0000,0.2155,0.0000,1,
3.2041,184.3300,INIT,STANCE,,-81.200,-144.000,-81.200,0.0000,0.0000,0.2160,0.0000,0.2160,0.0000,1,
3.2121,184.3400,INIT,STANCE,,-82.700,-144.200,-82.700,0.0000,0.0000,0.2163,0.0000,0.2163,0.0000,1,
3.2242,184.3500,INIT,STANCE,,-84.100,-143.500,-84.100,0.0000,0.0000,0.2152,0.0000,0.2152,0.0000,1,
3.2322,184.3600,INIT,STANCE,,-85.500,-142.500,-85.500,0.0000,0.0000,0.2137,0.0000,0.2137,0.0000,1,
3.2441,184.3700,INIT,STANCE,,-87.000,-141.200,-87.000,0.0000,0.0000,0.2118,0.0000,0.2118,0.0000,1,
3.2521,184.3800,INIT,STANCE,,-88.400,-140.200,-88.400,0.0000,0.0000,0.2103,0.0000,0.2103,0.0000,1,
3.2643,184.3900,INIT,STANCE,,-89.800,-137.000,-89.800,0.0000,0.0000,0.2055,0.0000,0.2055,0.0000,1,
3.2721,184.4000,INIT,STANCE,,-91.100,-132.700,-91.100,0.0000,0.0000,0.1990,0.0000,0.1990,0.0000,1,
3.2841,184.4100,INIT,STANCE,,-92.400,-127.900,-92.400,0.0000,0.0000,0.1919,0.0000,0.1919,0.0000,1,
3.2922,184.4200,INIT,STANCE,,-93.600,-125.900,-93.600,0.0000,0.0000,0.1889,0.0000,0.1889,0.0000,1,
3.3041,184.4300,INIT,STANCE,,-94.900,-126.900,-94.900,0.0000,0.0000,0.1904,0.0000,0.1904,0.0000,1,
3.3121,184.4400,INIT,STANCE,,-96.200,-129.800,-96.200,0.0000,0.0000,0.1947,0.0000,0.1947,0.0000,1,
3.3241,184.4500,INIT,STANCE,,-97.500,-130.000,-97.500,0.0000,0.0000,0.1950,0.0000,0.1950,0.0000,1,
3.3323,184.4600,INIT,STANCE,,-98.800,-131.000,-98.800,0.0000,0.0000,0.1965,0.0000,0.1965,0.0000,1,
3.3442,184.4700,INIT,STANCE,,-100.100,-131.400,-100.100,0.0000,0.0000,0.1971,0.0000,0.1971,0.0000,1,
3.3522,184.4800,INIT,STANCE,,-101.400,-131.900,-101.400,0.0000,0.0000,0.1979,0.0000,0.1979,0.0000,1,
3.3643,184.4900,INIT,STANCE,,-102.800,-133.100,-102.800,0.0000,0.0000,0.1996,0.0000,0.1996,0.0000,1,
3.3723,184.5000,INIT,STANCE,,-104.100,-135.700,-104.100,0.0000,0.0000,0.2035,0.0000,0.2035,0.0000,1,
3.3842,184.5100,INIT,STANCE,,-105.500,-140.600,-105.500,0.0000,0.0000,0.2109,0.0000,0.2109,0.0000,1,
3.3922,184.5200,INIT,STANCE,,-107.000,-146.200,-107.000,0.0000,0.0000,0.2193,0.0000,0.2193,0.0000,1,
3.4042,184.5300,INIT,STANCE,,-108.500,-151.000,-108.500,0.0000,0.0000,0.2265,0.0000,0.2265,0.0000,1,
3.4121,184.5400,INIT,STANCE,,-110.000,-156.700,-110.000,0.0000,0.0000,0.2350,0.0000,0.2350,0.0000,1,
3.4242,184.5500,INIT,STANCE,,-111.600,-160.500,-111.600,0.0000,0.0000,0.2407,0.0000,0.2407,0.0000,1,
3.4323,184.5600,INIT,STANCE,,-113.200,-163.900,-113.200,0.0000,0.0000,0.2459,0.0000,0.2459,0.0000,1,
3.4442,184.5700,INIT,STANCE,,-114.900,-166.900,-114.900,0.0000,0.0000,0.2504,0.0000,0.2504,0.0000,1,
3.4522,184.5800,INIT,STANCE,,-116.600,-170.500,-116.600,0.0000,0.0000,0.2558,0.0000,0.2558,0.0000,1,
3.4642,184.5900,INIT,STANCE,,-118.300,-172.400,-118.300,0.0000,0.0000,0.2586,0.0000,0.2586,0.0000,1,
3.4722,184.6000,INIT,STANCE,,-120.000,-171.600,-120.000,0.0000,0.0000,0.2574,0.0000,0.2574,0.0000,1,
3.4842,184.6100,INIT,STANCE,,-121.700,-171.500,-121.700,0.0000,0.0000,0.2572,0.0000,0.2572,0.0000,1,
3.4922,184.6200,INIT,STANCE,,-123.500,-171.000,-123.500,0.0000,0.0000,0.2565,0.0000,0.2565,0.0000,1,
3.5042,184.6300,INIT,STANCE,,-125.100,-166.500,-125.100,0.0000,0.0000,0.2497,0.0000,0.2497,0.0000,1,
3.5122,184.6400,INIT,STANCE,,-126.800,-158.900,-126.800,0.0000,0.0000,0.2384,0.0000,0.2384,0.0000,1,
3.5243,184.6500,INIT,STANCE,,-128.300,-148.700,-128.300,0.0000,0.0000,0.2230,0.0000,0.2230,0.0000,1,
3.5323,184.6600,INIT,STANCE,,-129.700,-136.800,-129.700,0.0000,0.0000,0.2052,0.0000,0.2052,0.0000,1,
3.5441,184.6700,INIT,STANCE,,-131.000,-122.900,-131.000,0.0000,0.0000,0.1844,0.0000,0.1844,0.0000,1,
3.5521,184.6800,INIT,STANCE,,-132.100,-108.400,-132.100,0.0000,0.0000,0.1626,0.0000,0.1626,0.0000,1,
3.5642,184.6900,INIT,STANCE,,-133.000,-89.100,-133.000,0.0000,0.0000,0.1336,0.0000,0.1336,0.0000,1,
3.5722,184.7000,INIT,STANCE,,-133.800,-70.200,-133.800,0.0000,0.0000,0.1053,0.0000,0.1053,0.0000,1,
3.5842,184.7100,INIT,STANCE,,-134.400,-50.300,-134.400,0.0000,0.0000,0.0755,0.0000,0.0755,0.0000,1,
3.5922,184.7200,INIT,STANCE,,-134.700,-31.300,-134.700,0.0000,0.0000,0.0469,0.0000,0.0469,0.0000,1,
3.6042,184.7300,INIT,STANCE,,-134.900,-10.500,-134.900,0.0000,0.0000,0.0158,0.0000,0.0158,0.0000,1,
3.6121,184.7400,INIT,STANCE,,-134.900,7.000,-134.900,0.0000,0.0000,-0.0105,0.0000,-0.0105,0.0000,0,
3.6242,184.7500,INIT,STANCE,,-134.800,4.000,-134.800,0.0000,0.0000,-0.0060,0.0000,-0.0060,0.0000,0,
3.6321,184.7600,INIT,STANCE,,-134.800,-1.900,-134.800,0.0000,0.0000,0.0029,0.0000,0.0029,0.0000,1,
3.6441,184.7700,INIT,STANCE,,-134.800,1.200,-134.800,0.0000,0.0000,-0.0018,0.0000,-0.0018,0.0000,0,
3.6522,184.7800,INIT,STANCE,,-134.800,0.600,-134.800,0.0000,0.0000,-0.0009,0.0000,-0.0009,0.0000,0,
3.6642,184.7900,INIT,STANCE,,-134.800,-0.100,-134.800,0.0000,0.0000,0.0002,0.0000,0.0002,0.0000,1,
3.6721,184.8000,INIT,STANCE,,-134.800,0.500,-134.800,0.0000,0.0000,-0.0008,0.0000,-0.0008,0.0000,0,
3.6841,184.8100,INIT,STANCE,,-134.800,0.700,-134.800,0.0000,0.0000,-0.0010,0.0000,-0.0010,0.0000,0,
3.6921,184.8200,INIT,STANCE,,-134.800,0.600,-134.800,0.0000,0.0000,-0.0009,0.0000,-0.0009,0.0000,0,
3.7041,184.8300,INIT,STANCE,,-134.800,1.600,-134.800,0.0000,0.0000,-0.0024,0.0000,-0.0024,0.0000,0,
3.7122,184.8400,INIT,STANCE,,-134.800,4.300,-134.800,0.0000,0.0000,-0.0065,0.0000,-0.0065,0.0000,0,
3.7242,184.8500,INIT,STANCE,,-134.700,7.600,-134.700,0.0000,0.0000,-0.0114,0.0000,-0.0114,0.0000,0,
3.7322,184.8600,INIT,STANCE,,-134.600,9.100,-134.600,0.0000,0.0000,-0.0136,0.0000,-0.0136,0.0000,0,
3.7443,184.8700,INIT,STANCE,,-134.500,13.100,-134.500,0.0000,0.0000,-0.0197,0.0000,-0.0197,0.0000,0,
3.7523,184.8800,INIT,STANCE,,-134.300,23.000,-134.300,0.0000,0.0000,-0.0345,0.0000,-0.0345,0.0000,0,
3.7643,184.8900,INIT,STANCE,,-134.000,30.300,-134.000,0.0000,0.0000,-0.0455,0.0000,-0.0455,0.0000,0,
3.7722,184.9000,INIT,STANCE,,-133.600,39.300,-133.600,0.0000,0.0000,-0.0589,0.0000,-0.0589,0.0000,0,
3.7842,184.9100,INIT,STANCE,,-133.200,50.300,-133.200,0.0000,0.0000,-0.0755,0.0000,-0.0755,0.0000,0,
3.7922,184.9200,INIT,STANCE,,-132.600,65.600,-132.600,0.0000,0.0000,-0.0984,0.0000,-0.0984,0.0000,0,
3.8043,184.9300,INIT,STANCE,,-131.800,79.500,-131.800,0.0000,0.0000,-0.1193,0.0000,-0.1193,0.0000,0,
3.8123,184.9400,INIT,STANCE,,-131.000,88.000,-131.000,0.0000,0.0000,-0.1320,0.0000,-0.1320,0.0000,0,
3.8243,184.9500,INIT,STANCE,,-130.000,95.400,-130.000,0.0000,0.0000,-0.1431,0.0000,-0.1431,0.0000,0,
3.8322,184.9600,INIT,STANCE,,-129.000,101.600,-129.000,0.0000,0.0000,-0.1524,0.0000,-0.1524,0.0000,0,
3.8442,184.9700,INIT,STANCE,,-128.000,103.700,-128.000,0.0000,0.0000,-0.1555,0.0000,-0.1555,0.0000,0,
3.8523,184.9800,INIT,STANCE,,-126.900,104.800,-126.900,0.0000,0.0000,-0.1572,0.0000,-0.1572,0.0000,0,
3.8643,184.9900,INIT,STANCE,,-125.900,103.100,-125.900,0.0000,0.0000,-0.1546,0.0000,-0.1546,0.0000,0,
3.8722,185.0000,INIT,STANCE,,-125.400,99.800,-125.400,0.0000,0.0000,-0.1497,0.0000,-0.1497,0.0000,0,
3.8842,185.0100,INIT,STANCE,,-124.100,92.000,-124.100,0.0000,0.0000,-0.1380,0.0000,-0.1380,0.0000,0,
3.8922,185.0200,INIT,STANCE,,-123.200,86.600,-123.200,0.0000,0.0000,-0.1299,0.0000,-0.1299,0.0000,0,
3.9042,185.0300,INIT,STANCE,,-122.400,82.600,-122.400,0.0000,0.0000,-0.1239,0.0000,-0.1239,0.0000,0,
3.9122,185.0400,INIT,STANCE,,-121.500,81.600,-121.500,0.0000,0.0000,-0.1224,0.0000,-0.1224,0.0000,0,
3.9243,185.0500,INIT,STANCE,,-120.700,79.300,-120.700,0.0000,0.0000,-0.1190,0.0000,-0.1190,0.0000,0,
3.9322,185.0600,INIT,STANCE,,-119.900,78.500,-119.900,0.0000,0.0000,-0.1178,0.0000,-0.1178,0.0000,0,
3.9442,185.0700,INIT,STANCE,,-119.100,81.200,-119.100,0.0000,0.0000,-0.1218,0.0000,-0.1218,0.0000,0,
3.9522,185.0800,INIT,STANCE,,-118.200,86.200,-118.200,0.0000,0.0000,-0.1293,0.0000,-0.1293,0.0000,0,
3.9642,185.0900,INIT,STANCE,,-117.300,93.000,-117.300,0.0000,0.0000,-0.1395,0.0000,-0.1395,0.0000,0,
3.9721,185.1000,INIT,STANCE,,-116.300,105.000,-116.300,0.0000,0.0000,-0.1575,0.0000,-0.1575,0.0000,0,
3.9842,185.1100,INIT,STANCE,,-115.200,116.500,-115.200,0.0000,0.0000,-0.1748,0.0000,-0.1748,0.0000,0,
3.9922,185.1200,INIT,STANCE,,-113.900,130.100,-113.900,0.0000,0.0000,-0.1951,0.0000,-0.1951,0.0000,0,
4.0043,185.1300,INIT,STANCE,,-112.500,144.200,-112.500,0.0000,0.0000,-0.2163,0.0000,-0.2163,0.0000,0,
4.0122,185.1400,INIT,STANCE,,-111.000,158.300,-111.000,0.0000,0.0000,-0.2375,0.0000,-0.2375,0.0000,0,
4.0242,185.1500,INIT,STANCE,,-109.300,172.700,-109.300,0.0000,0.0000,-0.2591,0.0000,-0.2591,0.0000,0,
4.0321,185.1600,INIT,STANCE,,-107.500,187.300,-107.500,0.0000,0.0000,-0.2810,0.0000,-0.2810,0.0000,0,
4.0442,185.1700,INIT,STANCE,,-105.500,197.900,-105.500,0.0000,0.0000,-0.2969,0.0000,-0.2969,0.0000,0,
4.0522,185.1800,INIT,STANCE,,-103.500,206.400,-103.500,0.0000,0.0000,-0.3096,0.0000,-0.3096,0.0000,0,
4.0642,185.1900,INIT,STANCE,,-101.400,213.000,-101.400,0.0000,0.0000,-0.3195,0.0000,-0.3195,0.0000,0,
4.0723,185.2000,INIT,STANCE,,-99.400,218.700,-99.400,0.0000,0.0000,-0.3281,0.0000,-0.3281,0.0000,0,
4.0842,185.2100,INIT,STANCE,,-97.000,221.100,-97.000,0.0000,0.0000,-0.3317,0.0000,-0.3317,0.0000,0,
4.0921,185.2200,INIT,STANCE,,-94.800,216.600,-94.800,0.0000,0.0000,-0.3249,0.0000,-0.3249,0.0000,0,
4.1042,185.2300,INIT,STANCE,,-92.700,208.500,-92.700,0.0000,0.0000,-0.3128,0.0000,-0.3128,0.0000,0,
4.1122,185.2400,INIT,STANCE,,-90.600,202.200,-90.600,0.0000,0.0000,-0.3033,0.0000,-0.3033,0.0000,0,
4.1242,185.2500,INIT,STANCE,,-88.700,194.700,-88.700,0.0000,0.0000,-0.2920,0.0000,-0.2920,0.0000,0,
4.1322,185.2600,INIT,STANCE,,-86.800,183.000,-86.800,0.0000,0.0000,-0.2745,0.0000,-0.2745,0.0000,0,
4.1442,185.2700,INIT,STANCE,,-85.000,171.700,-85.000,0.0000,0.0000,-0.2576,0.0000,-0.2576,0.0000,0,
4.1522,185.2800,INIT,STANCE,,-83.400,162.400,-83.400,0.0000,0.0000,-0.2436,0.0000,-0.2436,0.0000,0,
4.1642,185.2900,INIT,STANCE,,-81.800,154.700,-81.800,0.0000,0.0000,-0.2320,0.0000,-0.2320,0.0000,0,
4.1721,185.3000,INIT,STANCE,,-80.300,149.200,-80.300,0.0000,0.0000,-0.2238,0.0000,-0.2238,0.0000,0,
4.1841,185.3100,INIT,STANCE,,-78.800,148.000,-78.800,0.0000,0.0000,-0.2220,0.0000,-0.2220,0.0000,0,
4.1921,185.3200,INIT,STANCE,,-77.400,147.200,-77.400,0.0000,0.0000,-0.2208,0.0000,-0.2208,0.0000,0,
4.2043,185.3300,INIT,STANCE,,-75.900,148.500,-75.900,0.0000,0.0000,-0.2228,0.0000,-0.2228,0.0000,0,
4.2122,185.3400,INIT,SWING,0.0000,-74.400,151.100,-74.400,0.0000,0.0000,-0.2266,0.0000,-0.2266,0.0000,0,
4.2242,185.3500,INIT,SWING,0.0077,-72.800,155.100,-72.800,0.0242,0.0000,-0.2326,0.0000,-0.2326,0.0000,0,
4.2321,185.3600,INIT,SWING,0.0154,-71.300,159.800,-71.300,0.0483,0.0000,-0.2397,0.0000,-0.2397,0.0000,0,
4.2442,185.3700,INIT,SWING,0.0231,-69.600,165.100,-69.600,0.0724,0.0000,-0.2477,0.0000,-0.2477,0.0000,0,
4.2522,185.3800,INIT,SWING,0.0308,-67.900,170.700,-67.900,0.0965,0.0000,-0.2560,0.0000,-0.2560,0.0000,0,
4.2642,185.3900,INIT,SWING,0.0385,-66.200,176.200,-66.200,0.1205,0.0000,-0.2643,0.0000,-0.2643,0.0000,0,
4.2722,185.4000,INIT,SWING,0.0462,-64.400,182.900,-64.400,0.1445,0.0000,-0.2744,0.0000,-0.2744,0.0000,0,
4.2842,185.4100,INIT,SWING,0.0538,-62.700,189.300,-62.700,0.1684,0.0000,-0.2840,0.0000,-0.2840,0.0000,0,
4.2922,185.4200,INIT,SWING,0.0615,-60.500,197.200,-60.500,0.1921,0.0000,-0.2958,0.0000,-0.2958,0.0000,0,
4.3042,185.4300,INIT,SWING,0.0692,-58.500,202.700,-58.500,0.2158,0.0000,-0.3040,0.0000,-0.3040,0.0000,0,
4.3120,185.4400,INIT,SWING,0.0769,-56.500,206.100,-56.500,0.2393,0.0000,-0.3091,0.0000,-0.3091,0.0000,0,
4.3242,185.4500,INIT,SWING,0.0846,-54.400,211.200,-54.400,0.2627,0.0000,-0.3168,0.0000,-0.3168,0.0000,0,
4.3322,185.4600,INIT,SWING,0.0923,-52.200,217.500,-52.200,0.2859,0.0000,-0.3262,0.0000,-0.3262,0.0000,0,
4.3442,185.4700,INIT,SWING,0.1000,-50.000,220.900,-50.000,0.3090,0.0000,-0.3314,0.0000,-0.3314,0.0000,0,
4.3522,185.4800,INIT,SWING,0.1077,-47.800,221.600,-47.800,0.3319,0.0000,-0.3324,0.0000,-0.3324,0.0000,0,
4.3642,185.4900,INIT,SWING,0.1154,-45.800,222.200,-45.800,0.3546,0.0000,-0.3333,0.0000,-0.3333,0.0000,0,
4.3722,185.5000,INIT,SWING,0.1231,-43.400,221.500,-43.400,0.3771,0.0000,-0.3322,0.0000,-0.3322,0.0000,0,
4.3842,185.5100,INIT,SWING,0.1308,-41.200,218.600,-41.200,0.3994,0.0000,-0.3279,0.0000,-0.3279,0.0000,0,
4.3922,185.5200,INIT,SWING,0.1385,-39.000,211.000,-39.000,0.4214,0.0000,-0.3165,0.0000,-0.3165,0.0000,0,
4.4042,185.5300,INIT,SWING,0.1462,-37.000,201.000,-37.000,0.4432,0.0000,-0.3015,0.0000,-0.3015,0.0000,0,
4.4122,185.5400,INIT,SWING,0.1538,-35.100,191.400,-35.100,0.4647,0.0000,-0.2871,0.0000,-0.2871,0.0000,0,
4.4242,185.5500,INIT,SWING,0.1615,-33.200,178.600,-33.200,0.4860,0.0000,-0.2679,0.0000,-0.2679,0.0000,0,
4.4322,185.5600,INIT,SWING,0.1692,-31.500,165.400,-31.500,0.5070,0.0000,-0.2481,0.0000,-0.2481,0.0000,0,
4.4442,185.5700,INIT,SWING,0.1769,-30.000,153.700,-30.000,0.5276,0.0000,-0.2305,0.0000,-0.2305,0.0000,0,
4.4522,185.5800,INIT,SWING,0.1846,-28.500,143.100,-28.500,0.5480,0.0000,-0.2147,0.0000,-0.2147,0.0000,0,
4.4643,185.5900,INIT,SWING,0.1923,-27.100,133.100,-27.100,0.5681,0.0000,-0.1996,0.0000,-0.1996,0.0000,0,
4.4722,185.6000,INIT,SWING,0.2000,-25.900,124.500,-25.900,0.5878,0.0000,-0.1867,0.0000,-0.1867,0.0000,0,
4.4842,185.6100,INIT,SWING,0.2077,-24.700,117.200,-24.700,0.6072,0.0000,-0.1758,0.0000,-0.1758,0.0000,0,
4.4922,185.6200,INIT,SWING,0.2154,-23.600,109.300,-23.600,0.6262,0.0000,-0.1640,0.0000,-0.1640,0.0000,0,
4.5042,185.6300,INIT,SWING,0.2231,-22.500,101.100,-22.500,0.6448,0.0000,-0.1517,0.0000,-0.1517,0.0000,0,
4.5122,185.6400,INIT,SWING,0.2308,-21.500,95.000,-21.500,0.6631,0.0000,-0.1425,0.0000,-0.1425,0.0000,0,
4.5242,185.6500,INIT,SWING,0.2385,-20.600,88.200,-20.600,0.6810,0.0000,-0.1323,0.0000,-0.1323,0.0000,0,
4.5322,185.6600,INIT,SWING,0.2462,-19.800,81.900,-19.800,0.6985,0.0000,-0.1229,0.0000,-0.1229,0.0000,0,
4.5441,185.6700,INIT,SWING,0.2538,-19.000,77.700,-19.000,0.7156,0.0000,-0.1166,0.0000,-0.1166,0.0000,0,
4.5522,185.6800,INIT,SWING,0.2615,-18.300,69.200,-18.300,0.7323,0.0000,-0.1038,0.0000,-0.1038,0.0000,0,
4.5642,185.6900,INIT,SWING,0.2692,-17.600,63.800,-17.600,0.7485,0.0000,-0.0957,0.0000,-0.0957,0.0000,0,
4.5722,185.7000,INIT,SWING,0.2769,-17.000,62.200,-17.000,0.7643,0.0000,-0.0933,0.0000,-0.0933,0.0000,0,
4.5843,185.7100,INIT,SWING,0.2846,-16.400,60.100,-16.400,0.7797,0.0000,-0.0902,0.0000,-0.0902,0.0000,0,
4.5923,185.7200,INIT,SWING,0.2923,-15.900,52.500,-15.900,0.7946,0.0000,-0.0788,0.0000,-0.0788,0.0000,0,
4.6043,185.7300,INIT,SWING,0.3000,-15.400,42.000,-15.400,0.8090,0.0000,-0.0630,0.0000,-0.0630,0.0000,0,
4.6123,185.7400,INIT,SWING,0.3077,-15.000,33.100,-15.000,0.8230,0.0000,-0.0497,0.0000,-0.0497,0.0000,0,
4.6242,185.7500,INIT,SWING,0.3154,-14.800,26.600,-14.800,0.8365,0.0000,-0.0399,0.0000,-0.0399,0.0000,0,
4.6323,185.7600,INIT,SWING,0.3231,-14.500,18.800,-14.500,0.8495,0.0000,-0.0282,0.0000,-0.0282,0.0000,0,
4.6443,185.7700,INIT,SWING,0.3308,-14.400,11.000,-14.400,0.8620,0.0000,-0.0165,0.0000,-0.0165,0.0000,0,
4.6523,185.7800,INIT,SWING,0.3385,-14.400,2.700,-14.400,0.8740,0.0000,-0.0041,0.0000,-0.0041,0.0000,0,
4.6642,185.7900,INIT,SWING,0.3462,-14.400,-0.700,-14.400,0.8855,0.0000,0.0010,0.0000,0.0010,0.0000,1,
4.6722,185.8000,INIT,SWING,0.3538,-14.400,0.000,-14.400,0.8964,0.0000,0.0000,0.0000,0.0000,0.0000,0,
4.6843,185.8100,INIT,SWING,0.3615,-14.400,0.000,-14.400,0.9069,0.0000,0.0000,0.0000,0.0000,0.0000,0,
4.6922,185.8200,INIT,SWING,0.3692,-14.400,-0.100,-14.400,0.9168,0.0000,0.0002,0.0000,0.0002,0.0000,1,
4.7042,185.8300,INIT,SWING,0.3769,-14.400,-0.700,-14.400,0.9262,0.0000,0.0010,0.0000,0.0010,0.0000,1,
4.7122,185.8400,INIT,SWING,0.3846,-14.400,-2.600,-14.400,0.9350,0.0000,0.0039,0.0000,0.0039,0.0000,1,
4.7242,185.8500,INIT,SWING,0.3923,-14.400,-3.300,-14.400,0.9433,0.0000,0.0049,0.0000,0.0049,0.0000,1,
4.7322,185.8600,INIT,SWING,0.4000,-14.500,-3.800,-14.500,0.9511,0.0000,0.0057,0.0000,0.0057,0.0000,1,
4.7442,185.8700,INIT,SWING,0.4077,-14.500,-5.800,-14.500,0.9582,0.0000,0.0087,0.0000,0.0087,0.0000,1,
4.7522,185.8800,INIT,SWING,0.4154,-14.600,-10.100,-14.600,0.9649,0.0000,0.0152,0.0000,0.0152,0.0000,1,
4.7642,185.8900,INIT,SWING,0.4231,-14.800,-19.800,-14.800,0.9709,0.0000,0.0297,0.0000,0.0297,0.0000,1,
4.7722,185.9000,INIT,SWING,0.4308,-15.000,-29.400,-15.000,0.9764,0.0000,0.0441,0.0000,0.0441,0.0000,1,
4.7842,185.9100,INIT,SWING,0.4385,-15.400,-42.300,-15.400,0.9814,0.0000,0.0634,0.0000,0.0634,0.0000,1,
4.7922,185.9200,INIT,SWING,0.4462,-15.900,-57.600,-15.900,0.9857,0.0000,0.0864,0.0000,0.0864,0.0000,1,
4.8042,185.9300,INIT,SWING,0.4538,-16.600,-73.900,-16.600,0.9895,0.0000,0.1109,0.0000,0.1109,0.0000,1,
4.8122,185.9400,INIT,SWING,0.4615,-17.500,-87.600,-17.500,0.9927,0.0000,0.1314,0.0000,0.1314,0.0000,1,
4.8242,185.9500,INIT,SWING,0.4692,-18.400,-103.100,-18.400,0.9953,0.0000,0.1546,0.0000,0.1546,0.0000,1,
4.8322,185.9600,INIT,SWING,0.4769,-19.600,-118.700,-19.600,0.9974,0.0000,0.1781,0.0000,0.1781,0.0000,1,
4.8441,185.9700,INIT,SWING,0.4846,-20.900,-134.500,-20.900,0.9988,0.0000,0.2018,0.0000,0.2018,0.0000,1,
4.8522,185.9800,INIT,SWING,0.4923,-22.300,-151.500,-22.300,0.9997,0.0000,0.2273,0.0000,0.2273,0.0000,1,
4.8642,185.9900,INIT,SWING,0.5000,-24.000,-166.500,-24.000,1.0000,0.0000,0.2497,0.0000,0.2497,0.0000,1,
4.8722,186.0000,INIT,SWING,0.5077,-24.900,-173.500,-24.900,0.9997,0.0000,0.2602,0.0000,0.2602,0.0000,1,
4.8842,186.0100,INIT,SWING,0.5154,-27.600,-189.900,-27.600,0.9988,0.0000,0.2848,0.0000,0.2848,0.0000,1,
4.8922,186.0200,INIT,SWING,0.5231,-29.500,-196.400,-29.500,0.9974,0.0000,0.2946,0.0000,0.2946,0.0000,1,
4.9042,186.0300,INIT,SWING,0.5308,-31.500,-201.500,-31.500,0.9953,0.0000,0.3023,0.0000,0.3023,0.0000,1,
4.9122,186.0400,INIT,SWING,0.5385,-33.600,-206.000,-33.600,0.9927,0.0000,0.3090,0.0000,0.3090,0.0000,1,
4.9241,186.0500,INIT,SWING,0.5462,-35.700,-207.700,-35.700,0.9895,0.0000,0.3115,0.0000,0.3115,0.0000,1,
4.9322,186.0600,INIT,SWING,0.5538,-37.700,-205.700,-37.700,0.9857,0.0000,0.3085,0.0000,0.3085,0.0000,1,
4.9442,186.0700,INIT,SWING,0.5615,-39.800,-203.200,-39.800,0.9814,0.0000,0.3048,0.0000,0.3048,0.0000,1,
4.9522,186.0800,INIT,SWING,0.5692,-41.600,-201.700,-41.600,0.9764,0.0000,0.3025,0.0000,0.3025,0.0000,1,
4.9642,186.0900,INIT,SWING,0.5769,-43.600,-197.000,-43.600,0.9709,0.0000,0.2955,0.0000,0.2955,0.0000,1,
4.9722,186.1000,INIT,SWING,0.5846,-45.500,-189.400,-45.500,0.9649,0.0000,0.2841,0.0000,0.2841,0.0000,1,
4.9842,186.1100,INIT,SWING,0.5923,-47.300,-180.900,-47.300,0.9582,0.0000,0.2714,0.0000,0.2714,0.0000,1,
4.9922,186.1200,INIT,SWING,0.6000,-49.100,-171.900,-49.100,0.9511,0.0000,0.2579,0.0000,0.2579,0.0000,1,
5.0042,186.1300,INIT,SWING,0.6077,-50.700,-160.800,-50.700,0.9433,0.0000,0.2412,0.0000,0.2412,0.0000,1,
5.0122,186.1400,INIT,SWING,0.6154,-52.300,-149.500,-52.300,0.9350,0.0000,0.2243,0.0000,0.2243,0.0000,1,
5.0242,186.1500,INIT,SWING,0.6231,-53.700,-137.600,-53.700,0.9262,0.0000,0.2064,0.0000,0.2064,0.0000,1,
5.0323,186.1600,INIT,SWING,0.6308,-55.000,-124.800,-55.000,0.9168,0.0000,0.1872,0.0000,0.1872,0.0000,1,
5.0443,186.1700,INIT,SWING,0.6385,-56.100,-114.400,-56.100,0.9069,0.0000,0.1716,0.0000,0.1716,0.0000,1,
5.0522,186.1800,INIT,SWING,0.6462,-57.200,-103.800,-57.200,0.8964,0.0000,0.1557,0.0000,0.1557,0.0000,1,
5.0642,186.1900,INIT,SWING,0.6538,-58.200,-95.100,-58.200,0.8855,0.0000,0.1426,0.0000,0.1426,0.0000,1,
5.0722,186.2000,INIT,SWING,0.6615,-59.100,-89.300,-59.100,0.8740,0.0000,0.1339,0.0000,0.1339,0.0000,1,
5.0842,186.2100,INIT,SWING,0.6692,-59.900,-77.700,-59.900,0.8620,0.0000,0.1166,0.0000,0.1166,0.0000,1,
5.0922,186.2200,INIT,SWING,0.6769,-60.600,-67.400,-60.600,0.8495,0.0000,0.1011,0.0000,0.1011,0.0000,1,
5.1042,186.2300,INIT,SWING,0.6846,-61.200,-59.000,-61.200,0.8365,0.0000,0.0885,0.0000,0.0885,0.0000,1,
5.1122,186.2400,INIT,SWING,0.6923,-61.700,-48.000,-61.700,0.8230,0.0000,0.0720,0.0000,0.0720,0.0000,1,
5.1243,186.2500,INIT,SWING,0.7000,-62.100,-35.400,-62.100,0.8090,0.0000,0.0531,0.0000,0.0531,0.0000,1,
5.1322,186.2600,INIT,SWING,0.7077,-62.400,-21.900,-62.400,0.7946,0.0000,0.0328,0.0000,0.0328,0.0000,1,
5.1442,186.2700,INIT,SWING,0.7154,-62.500,-6.600,-62.500,0.7797,0.0000,0.0099,0.0000,0.0099,0.0000,1,
5.1522,186.2800,INIT,SWING,0.7231,-62.500,4.600,-62.500,0.7643,0.0000,-0.0069,0.0000,-0.0069,0.0000,0,
5.1642,186.2900,INIT,SWING,0.7308,-62.400,4.200,-62.400,0.7485,0.0000,-0.0063,0.0000,-0.0063,0.0000,0,
5.1722,186.3000,INIT,SWING,0.7385,-62.400,3.800,-62.400,0.7323,0.0000,-0.0057,0.0000,-0.0057,0.0000,0,
5.1842,186.3100,INIT,SWING,0.7462,-62.300,9.500,-62.300,0.7156,0.0000,-0.0143,0.0000,-0.0143,0.0000,0,
5.1922,186.3200,INIT,SWING,0.7538,-62.100,23.600,-62.100,0.6985,0.0000,-0.0354,0.0000,-0.0354,0.0000,0,
5.2042,186.3300,INIT,SWING,0.7615,-61.800,40.100,-61.800,0.6810,0.0000,-0.0602,0.0000,-0.0602,0.0000,0,
5.2122,186.3400,INIT,SWING,0.7692,-61.300,57.800,-61.300,0.6631,0.0000,-0.0867,0.0000,-0.0867,0.0000,0,
5.2242,186.3500,INIT,SWING,0.7769,-60.600,71.800,-60.600,0.6448,0.0000,-0.1077,0.0000,-0.1077,0.0000,0,
5.2323,186.3600,INIT,SWING,0.7846,-59.800,86.500,-59.800,0.6262,0.0000,-0.1298,0.0000,-0.1298,0.0000,0,
5.2443,186.3700,INIT,SWING,0.7923,-58.800,105.000,-58.800,0.6072,0.0000,-0.1575,0.0000,-0.1575,0.0000,0,
5.2522,186.3800,INIT,SWING,0.8000,-57.600,122.300,-57.600,0.5878,0.0000,-0.1835,0.0000,-0.1835,0.0000,0,
5.2641,186.3900,INIT,SWING,0.8077,-56.300,140.100,-56.300,0.5681,0.0000,-0.2102,0.0000,-0.2102,0.0000,0,
5.2722,186.4000,INIT,SWING,0.8154,-54.700,158.800,-54.700,0.5480,0.0000,-0.2382,0.0000,-0.2382,0.0000,0,
5.2842,186.4100,INIT,SWING,0.8231,-53.000,179.400,-53.000,0.5276,0.0000,-0.2691,0.0000,-0.2691,0.0000,0,
5.2922,186.4200,INIT,SWING,0.8308,-51.100,199.500,-51.100,0.5070,0.0000,-0.2993,0.0000,-0.2993,0.0000,0,
5.3041,186.4300,INIT,SWING,0.8385,-48.900,216.800,-48.900,0.4860,0.0000,-0.3252,0.0000,-0.3252,0.0000,0,
5.3122,186.4400,INIT,SWING,0.8462,-46.700,234.200,-46.700,0.4647,0.0000,-0.3513,0.0000,-0.3513,0.0000,0,
5.3242,186.4500,INIT,SWING,0.8538,-44.200,250.800,-44.200,0.4432,0.0000,-0.3762,0.0000,-0.3762,0.0000,0,
5.3322,186.4600,INIT,SWING,0.8615,-41.600,267.300,-41.600,0.4214,0.0000,-0.4010,0.0000,-0.4010,0.0000,0,
5.3441,186.4700,INIT,SWING,0.8692,-38.800,282.400,-38.800,0.3994,0.0000,-0.4236,0.0000,-0.4236,0.0000,0,
5.3522,186.4800,INIT,SWING,0.8769,-35.900,299.000,-35.900,0.3771,0.0000,-0.4485,0.0000,-0.4485,0.0000,0,
5.3642,186.4900,INIT,SWING,0.8846,-32.800,315.400,-32.800,0.3546,0.0000,-0.4731,0.0000,-0.4731,0.0000,0,
5.3722,186.5000,INIT,SWING,0.8923,-29.500,325.000,-29.500,0.3319,0.0000,-0.4875,0.0000,-0.4875,0.0000,0,
5.3842,186.5100,INIT,SWING,0.9000,-26.200,335.800,-26.200,0.3090,0.0000,-0.5037,0.0000,-0.5037,0.0000,0,
5.3922,186.5200,INIT,SWING,0.9077,-22.800,339.200,-22.800,0.2859,0.0000,-0.5088,0.0000,-0.5088,0.0000,0,
5.4042,186.5300,INIT,SWING,0.9154,-19.600,316.100,-19.600,0.2627,0.0000,-0.4742,0.0000,-0.4742,0.0000,0,
5.4122,186.5400,INIT,SWING,0.9231,-16.600,283.600,-16.600,0.2393,0.0000,-0.4254,0.0000,-0.4254,0.0000,0,
5.4242,186.5500,INIT,SWING,0.9308,-14.100,238.700,-14.100,0.2158,0.0000,-0.3580,0.0000,-0.3580,0.0000,0,
5.4322,186.5600,INIT,SWING,0.9385,-12.100,183.400,-12.100,0.1921,0.0000,-0.2751,0.0000,-0.2751,0.0000,0,
5.4442,186.5700,INIT,SWING,0.9462,-10.600,129.800,-10.600,0.1684,0.0000,-0.1947,0.0000,-0.1947,0.0000,0,
5.4522,186.5800,INIT,SWING,0.9538,-9.600,83.400,-9.600,0.1445,0.0000,-0.1251,0.0000,-0.1251,0.0000,0,
5.4642,186.5900,INIT,SWING,0.9615,-9.100,34.900,-9.100,0.1205,0.0000,-0.0524,0.0000,-0.0524,0.0000,0,
5.4722,186.6000,INIT,SWING,0.9692,-9.100,-7.800,-9.100,0.0965,0.0000,0.0117,0.0000,0.0117,0.0000,1,
5.4841,186.6100,INIT,SWING,0.9769,-9.200,-6.200,-9.200,0.0724,0.0000,0.0093,0.0000,0.0093,0.0000,1,
5.4922,186.6200,INIT,SWING,0.9846,-9.200,2.300,-9.200,0.0483,0.0000,-0.0034,0.0000,-0.0034,0.0000,0,
5.5042,186.6300,INIT,SWING,0.9923,-9.200,-0.700,-9.200,0.0242,0.0000,0.0010,0.0000,0.0010,0.0000,1,
5.5121,186.6400,INIT,SWING,1.0000,-9.200,0.200,-9.200,0.0000,0.0000,-0.0003,0.0000,-0.0003,0.0000,0,
5.5241,186.6500,INIT,SWING,1.0000,-9.200,0.000,-9.200,0.0000,0.0000,0.0000,0.0000,0.0000,0.0000,0,
5.5321,186.6600,INIT,SWING,1.0000,-9.200,0.100,-9.200,0.0000,0.0000,-0.0002,0.0000,-0.0002,0.0000,0,
5.5441,186.6700,INIT,SWING,1.0000,-9.200,-0.100,-9.200,0.0000,0.0000,0.0002,0.0000,0.0002,0.0000,1,
5.5522,186.6800,INIT,SWING,1.0000,-9.200,0.000,-9.200,0.0000,0.0000,0.0000,0.0000,0.0000,0.0000,0,
5.5642,186.6900,INIT,SWING,1.0000,-9.200,0.000,-9.200,0.0000,0.0000,0.0000,0.0000,0.0000,0.0000,0,
5.5722,186.7000,INIT,SWING,1.0000,-9.200,-0.100,-9.200,0.0000,0.0000,0.0002,0.0000,0.0002,0.0000,1,
5.5842,186.7100,INIT,SWING,1.0000,-9.200,0.000,-9.200,0.0000,0.0000,0.0000,0.0000,0.0000,0.0000,0,
5.5922,186.7200,INIT,SWING,1.0000,-9.200,0.000,-9.200,0.0000,0.0000,0.0000,0.0000,0.0000,0.0000,0,
5.6042,186.7300,INIT,SWING,1.0000,-9.200,-0.200,-9.200,0.0000,0.0000,0.0003,0.0000,0.0003,0.0000,1,
5.6121,186.7400,INIT,SWING,1.0000,-9.200,-1.200,-9.200,0.0000,0.0000,0.0018,0.0000,0.0018,0.0000,1,
5.6241,186.7500,INIT,SWING,1.0000,-9.200,-0.800,-9.200,0.0000,0.0000,0.0012,0.0000,0.0012,0.0000,1,
5.6321,186.7600,INIT,SWING,1.0000,-9.200,-0.400,-9.200,0.0000,0.0000,0.0006,0.0000,0.0006,0.0000,1,
5.6442,186.7700,INIT,SWING,1.0000,-9.200,-1.700,-9.200,0.0000,0.0000,0.0026,0.0000,0.0026,0.0000,1,
5.6522,186.7800,INIT,SWING,1.0000,-9.300,-2.200,-9.300,0.0000,0.0000,0.0033,0.0000,0.0033,0.0000,1,
5.6641,186.7900,INIT,SWING,1.0000,-9.300,-3.300,-9.300,0.0000,0.0000,0.0049,0.0000,0.0049,0.0000,1,
5.6721,186.8000,INIT,SWING,1.0000,-9.400,-8.700,-9.400,0.0000,0.0000,0.0130,0.0000,0.0130,0.0000,1,
5.6841,186.8100,INIT,SWING,1.0000,-9.500,-18.800,-9.500,0.0000,0.0000,0.0282,0.0000,0.0282,0.0000,1,
5.6921,186.8200,INIT,SWING,1.0000,-9.800,-28.700,-9.800,0.0000,0.0000,0.0430,0.0000,0.0430,0.0000,1,
5.7041,186.8300,INIT,SWING,1.0000,-10.100,-38.600,-10.100,0.0000,0.0000,0.0579,0.0000,0.0579,0.0000,1,
5.7121,186.8400,INIT,SWING,1.0000,-10.600,-49.200,-10.600,0.0000,0.0000,0.0738,0.0000,0.0738,0.0000,1,
5.7241,186.8500,INIT,SWING,1.0000,-11.200,-60.600,-11.200,0.0000,0.0000,0.0909,0.0000,0.0909,0.0000,1,
5.7322,186.8600,INIT,SWING,1.0000,-11.800,-68.900,-11.800,0.0000,0.0000,0.1034,0.0000,0.1034,0.0000,1,
5.7441,186.8700,INIT,SWING,1.0000,-12.600,-74.800,-12.600,0.0000,0.0000,0.1122,0.0000,0.1122,0.0000,1,
5.7521,186.8800,INIT,SWING,1.0000,-13.400,-83.400,-13.400,0.0000,0.0000,0.1251,0.0000,0.1251,0.0000,1,
5.7641,186.8900,INIT,SWING,1.0000,-14.300,-92.900,-14.300,0.0000,0.0000,0.1394,0.0000,0.1394,0.0000,1,
5.7722,186.9000,INIT,SWING,1.0000,-15.200,-100.500,-15.200,0.0000,0.0000,0.1507,0.0000,0.1507,0.0000,1,
5.7842,186.9100,INIT,SWING,1.0000,-16.300,-110.500,-16.300,0.0000,0.0000,0.1658,0.0000,0.1658,0.0000,1,
5.7922,186.9200,INIT,SWING,1.0000,-17.500,-122.600,-17.500,0.0000,0.0000,0.1839,0.0000,0.1839,0.0000,1,
5.8042,186.9300,INIT,SWING,1.0000,-18.800,-137.400,-18.800,0.0000,0.0000,0.2061,0.0000,0.2061,0.0000,1,
5.8121,186.9400,INIT,SWING,1.0000,-20.300,-156.400,-20.300,0.0000,0.0000,0.2346,0.0000,0.2346,0.0000,1,
5.8242,186.9500,INIT,SWING,1.0000,-22.100,-181.500,-22.100,0.0000,0.0000,0.2722,0.0000,0.2722,0.0000,1,
5.8322,186.9600,INIT,SWING,1.0000,-24.100,-209.800,-24.100,0.0000,0.0000,0.3147,0.0000,0.3147,0.0000,1,
5.8441,186.9700,INIT,SWING,1.0000,-26.400,-239.100,-26.400,0.0000,0.0000,0.3587,0.0000,0.3587,0.0000,1,
5.8522,186.9800,INIT,SWING,1.0000,-29.000,-268.600,-29.000,0.0000,0.0000,0.4029,0.0000,0.4029,0.0000,1,
5.8642,186.9900,INIT,SWING,1.0000,-31.900,-303.000,-31.900,0.0000,0.0000,0.4545,0.0000,0.4545,0.0000,1,
5.8722,187.0000,INIT,SWING,1.0000,-33.700,-322.100,-33.700,0.0000,0.0000,0.4832,0.0000,0.4832,0.0000,1,
5.8843,187.0100,INIT,SWING,1.0000,-38.800,-368.100,-38.800,0.0000,0.0000,0.5522,0.0000,0.5522,0.0000,1,
5.8922,187.0200,INIT,SWING,1.0000,-43.100,-405.900,-43.100,0.0000,0.0000,0.6089,0.0000,0.6089,0.0000,1,
5.9043,187.0300,INIT,SWING,1.0000,-47.400,-442.000,-47.400,0.0000,0.0000,0.6630,0.0000,0.6630,0.0000,1,
5.9122,187.0400,INIT,SWING,1.0000,-52.100,-486.700,-52.100,0.0000,0.0000,0.7300,0.0000,0.7300,0.0000,1,
5.9243,187.0500,INIT,SWING,1.0000,-57.200,-519.300,-57.200,0.0000,0.0000,0.7789,0.0000,0.7789,0.0000,1,
5.9322,187.0600,INIT,SWING,1.0000,-62.700,-566.000,-62.700,0.0000,0.0000,0.8490,0.0000,0.8490,0.0000,1,
5.9442,187.0700,INIT,SWING,1.0000,-68.700,-605.600,-68.700,0.0000,0.0000,0.9084,0.0000,0.9084,0.0000,1,
5.9523,187.0800,INIT,STANCE,0.0000,-75.000,-643.000,-75.000,0.0000,0.0000,0.9645,0.0000,0.9645,0.0000,1,
5.9642,187.0900,INIT,STANCE,0.0093,-81.600,-674.200,-81.600,0.0000,0.0000,1.0113,0.0000,1.0113,0.0000,1,
5.9722,187.1000,INIT,STANCE,0.0185,-88.700,-714.600,-88.700,0.0000,0.0000,1.0719,0.0000,1.0719,0.0000,1,
5.9842,187.1100,INIT,STANCE,0.0278,-96.000,-735.800,-96.000,0.0000,0.0000,1.1037,0.0000,1.1037,0.0000,1,
5.9923,187.1200,INIT,STANCE,0.0370,-103.500,-755.900,-103.500,0.0000,0.0000,1.1339,0.0000,1.1339,0.0000,1,
6.0042,187.1300,INIT,STANCE,0.0463,-111.100,-768.800,-111.100,0.0000,0.0000,1.1532,0.0000,1.1532,0.0000,1,
6.0122,187.1400,INIT,STANCE,0.0556,-118.800,-771.100,-118.800,0.0000,0.0000,1.1566,0.0000,1.1566,0.0000,1,
6.0242,187.1500,INIT,STANCE,0.0648,-126.600,-782.900,-126.600,0.0000,0.0000,1.1744,0.0000,1.1744,0.0000,1,
6.0321,187.1600,INIT,STANCE,0.0741,-134.400,-772.700,-134.400,0.0000,0.0000,1.1591,0.0000,1.1591,0.0000,1,
6.0442,187.1700,INIT,STANCE,0.0833,-142.000,-755.200,-142.000,0.0000,0.0000,1.1328,0.0000,1.1328,0.0000,1,
6.0522,187.1800,INIT,STANCE,0.0926,-149.400,-726.000,-149.400,0.0000,0.0000,1.0890,0.0000,1.0890,0.0000,1,
6.0642,187.1900,INIT,STANCE,0.1019,-156.400,-688.200,-156.400,0.0000,0.0000,1.0323,0.0000,1.0323,0.0000,1,
6.0722,187.2000,INIT,STANCE,0.1111,-163.100,-661.400,-163.100,0.0000,0.0000,0.9921,0.0000,0.9921,0.0000,1,
6.0843,187.2100,INIT,STANCE,0.1204,-169.400,-619.600,-169.400,0.0000,0.0000,0.9294,0.0000,0.9294,0.0000,1,
6.0922,187.2200,INIT,STANCE,0.1296,-175.300,-581.100,-175.300,0.0000,0.0000,0.8717,0.0000,0.8717,0.0000,1,
6.1042,187.2300,INIT,STANCE,0.1389,-180.900,-540.800,-180.900,0.0000,0.0000,0.8112,0.0000,0.8112,0.0000,1,
6.1122,187.2400,INIT,STANCE,0.1481,-185.900,-490.600,-185.900,0.0000,0.0000,0.7359,0.0000,0.7359,0.0000,1,
6.1242,187.2500,INIT,STANCE,0.1574,-190.500,-442.200,-190.500,0.0000,0.0000,0.6633,0.0000,0.6633,0.0000,1,
6.1322,187.2600,INIT,STANCE,0.1667,-194.600,-397.000,-194.600,0.0000,0.0000,0.5955,0.0000,0.5955,0.0000,1,
6.1442,187.2700,INIT,STANCE,0.1759,-198.300,-354.900,-198.300,0.0000,0.0000,0.5323,0.0000,0.5323,0.0000,1,
6.1523,187.2800,INIT,STANCE,0.1852,-201.500,-306.400,-201.500,0.0000,0.0000,0.4596,0.0000,0.4596,0.0000,1,
6.1642,187.2900,INIT,STANCE,0.1944,-204.200,-255.600,-204.200,0.0000,0.0000,0.3834,0.0000,0.3834,0.0000,1,
6.1722,187.3000,INIT,STANCE,0.2037,-206.500,-210.200,-206.500,0.0000,0.0000,0.3153,0.0000,0.3153,0.0000,1,
6.1841,187.3100,INIT,STANCE,0.2130,-208.200,-165.000,-208.200,0.0000,0.0000,0.2475,0.0000,0.2475,0.0000,1,
6.1922,187.3200,INIT,STANCE,0.2222,-209.600,-118.300,-209.600,0.0000,0.0000,0.1774,0.0000,0.1774,0.0000,1,
6.2042,187.3300,INIT,STANCE,0.2315,-210.400,-72.100,-210.400,0.0000,0.0000,0.1081,0.0000,0.1081,0.0000,1,
6.2121,187.3400,INIT,STANCE,0.2407,-210.800,-32.200,-210.800,0.0000,0.0000,0.0483,0.0000,0.0483,0.0000,1,
6.2242,187.3500,INIT,STANCE,0.2500,-210.800,12.600,-210.800,0.0000,0.0000,-0.0189,0.0000,-0.0189,0.0000,0,
6.2322,187.3600,INIT,STANCE,0.2593,-210.500,38.800,-210.500,0.0000,0.0000,-0.0582,0.0000,-0.0582,0.0000,0,
6.2443,187.3700,INIT,STANCE,0.2685,-210.000,62.600,-210.000,0.0000,0.0000,-0.0939,0.0000,-0.0939,0.0000,0,
6.2523,187.3800,INIT,STANCE,0.2778,-209.200,88.100,-209.200,0.0000,0.0000,-0.1321,0.0000,-0.1321,0.0000,0,
6.2641,187.3900,INIT,STANCE,0.2870,-208.100,115.400,-208.100,0.0000,0.0000,-0.1731,0.0000,-0.1731,0.0000,0,
6.2722,187.4000,INIT,STANCE,0.2963,-206.800,138.800,-206.800,0.0000,0.0000,-0.2082,0.0000,-0.2082,0.0000,0,
6.2842,187.4100,INIT,STANCE,0.3056,-205.200,163.200,-205.200,0.0000,0.0000,-0.2448,0.0000,-0.2448,0.0000,0,
6.2922,187.4200,INIT,STANCE,0.3148,-203.400,187.400,-203.400,0.0000,0.0000,-0.2811,0.0000,-0.2811,0.0000,0,
6.3042,187.4300,INIT,STANCE,0.3241,-201.400,213.600,-201.400,0.0000,0.0000,-0.3204,0.0000,-0.3204,0.0000,0,
6.3122,187.4400,INIT,STANCE,0.3333,-199.000,240.500,-199.000,0.0000,0.0000,-0.3608,0.0000,-0.3608,0.0000,0,
6.3242,187.4500,INIT,STANCE,0.3426,-196.500,264.000,-196.500,0.0000,0.0000,-0.3960,0.0000,-0.3960,0.0000,0,
6.3323,187.4600,INIT,STANCE,0.3519,-193.700,286.800,-193.700,0.0000,0.0000,-0.4302,0.0000,-0.4302,0.0000,0,
6.3443,187.4700,INIT,STANCE,0.3611,-190.600,309.900,-190.600,0.0000,0.0000,-0.4648,0.0000,-0.4648,0.0000,0,
6.3523,187.4800,INIT,STANCE,0.3704,-187.400,332.400,-187.400,0.0000,0.0000,-0.4986,0.0000,-0.4986,0.0000,0,
6.3641,187.4900,INIT,STANCE,0.3796,-183.900,355.700,-183.900,0.0000,0.0000,-0.5335,0.0000,-0.5335,0.0000,0,
6.3721,187.5000,INIT,STANCE,0.3889,-180.200,382.900,-180.200,0.0000,0.0000,-0.5744,0.0000,-0.5744,0.0000,0,
6.3842,187.5100,INIT,STANCE,0.3981,-176.200,400.500,-176.200,0.0000,0.0000,-0.6008,0.0000,-0.6008,0.0000,0,
6.3922,187.5200,INIT,STANCE,0.4074,-172.000,423.700,-172.000,0.0000,0.0000,-0.6355,0.0000,-0.6355,0.0000,0,
6.4043,187.5300,INIT,STANCE,0.4167,-167.700,442.000,-167.700,0.0000,0.0000,-0.6630,0.0000,-0.6630,0.0000,0,
6.4123,187.5400,INIT,STANCE,0.4259,-163.100,464.900,-163.100,0.0000,0.0000,-0.6974,0.0000,-0.6974,0.0000,0,
6.4242,187.5500,INIT,STANCE,0.4352,-158.300,485.300,-158.300,0.0000,0.0000,-0.7279,0.0000,-0.7279,0.0000,0,
6.4322,187.5600,INIT,STANCE,0.4444,-153.300,502.400,-153.300,0.0000,0.0000,-0.7536,0.0000,-0.7536,0.0000,0,
6.4441,187.5700,INIT,STANCE,0.4537,-148.200,525.200,-148.200,0.0000,0.0000,-0.7878,0.0000,-0.7878,0.0000,0,
6.4521,187.5800,INIT,STANCE,0.4630,-142.700,556.000,-142.700,0.0000,0.0000,-0.8340,0.0000,-0.8340,0.0000,0,
6.4641,187.5900,INIT,STANCE,0.4722,-137.000,577.600,-137.000,0.0000,0.0000,-0.8664,0.0000,-0.8664,0.0000,0,
6.4721,187.6000,INIT,STANCE,0.4815,-131.000,598.300,-131.000,0.0000,0.0000,-0.8974,0.0000,-0.8974,0.0000,0,
6.4840,187.6100,INIT,STANCE,0.4907,-124.900,620.400,-124.900,0.0000,0.0000,-0.9306,0.0000,-0.9306,0.0000,0,
6.4922,187.6200,INIT,STANCE,0.5000,-118.600,633.500,-118.600,0.0000,0.0000,-0.9503,0.0000,-0.9503,0.0000,0,
6.5041,187.6300,INIT,STANCE,0.5093,-112.800,645.900,-112.800,0.0000,0.0000,-0.9688,0.0000,-0.9688,0.0000,0,
6.5122,187.6400,INIT,STANCE,0.5185,-105.500,675.500,-105.500,0.0000,0.0000,-1.0132,0.0000,-1.0132,0.0000,0,
6.5241,187.6500,INIT,STANCE,0.5278,-98.600,697.500,-98.600,0.0000,0.0000,-1.0463,0.0000,-1.0463,0.0000,0,
6.5321,187.6600,INIT,STANCE,0.5370,-92.200,712.900,-92.200,0.0000,0.0000,-1.0694,0.0000,-1.0694,0.0000,0,
6.5441,187.6700,INIT,STANCE,0.5463,-84.200,737.800,-84.200,0.0000,0.0000,-1.1067,0.0000,-1.1067,0.0000,0,
6.5521,187.6800,INIT,STANCE,0.5556,-76.800,744.500,-76.800,0.0000,0.0000,-1.1168,0.0000,-1.1168,0.0000,0,
6.5641,187.6900,INIT,STANCE,0.5648,-69.200,763.700,-69.200,0.0000,0.0000,-1.1456,0.0000,-1.1456,0.0000,0,
6.5721,187.7000,INIT,SWING,0.0000,-61.500,765.900,-61.500,0.0000,0.0000,-1.1488,0.0000,-1.1488,0.0000,0,
6.5842,187.7100,INIT,SWING,0.0057,-53.900,758.700,-53.900,0.0181,0.0000,-1.1381,0.0000,-1.1381,0.0000,0,
6.5922,187.7200,INIT,SWING,0.0115,-46.400,746.900,-46.400,0.0361,0.0000,-1.1203,0.0000,-1.1203,0.0000,0,
6.6041,187.7300,INIT,SWING,0.0172,-39.100,714.700,-39.100,0.0541,0.0000,-1.0721,0.0000,-1.0721,0.0000,0,
6.6121,187.7400,INIT,SWING,0.0230,-32.500,636.800,-32.500,0.0722,0.0000,-0.9552,0.0000,-0.9552,0.0000,0,
6.6241,187.7500,INIT,SWING,0.0287,-27.200,476.200,-27.200,0.0902,0.0000,-0.7143,0.0000,-0.7143,0.0000,0,
6.6322,187.7600,INIT,SWING,0.0345,-23.600,294.200,-23.600,0.1081,0.0000,-0.4413,0.0000,-0.4413,0.0000,0,
6.6441,187.7700,INIT,SWING,0.0402,-22.100,99.600,-22.100,0.1260,0.0000,-0.1494,0.0000,-0.1494,0.0000,0,
6.6521,187.7800,INIT,SWING,0.0460,-22.100,-30.900,-22.100,0.1439,0.0000,0.0463,0.0000,0.0463,0.0000,1,
6.6642,187.7900,INIT,SWING,0.0517,-22.700,-78.800,-22.700,0.1618,0.0000,0.1182,0.0000,0.1182,0.0000,1,
6.6721,187.8000,INIT,SWING,0.0575,-23.700,-100.000,-23.700,0.1796,0.0000,0.1500,0.0000,0.1500,0.0000,1,
6.6841,187.8100,INIT,SWING,0.0632,-24.800,-112.900,-24.800,0.1973,0.0000,0.1694,0.0000,0.1694,0.0000,1,
6.6921,187.8200,INIT,SWING,0.0690,-25.900,-114.500,-25.900,0.2150,0.0000,0.1718,0.0000,0.1718,0.0000,1,
6.7042,187.8300,INIT,SWING,0.0747,-27.100,-111.700,-27.100,0.2326,0.0000,0.1676,0.0000,0.1676,0.0000,1,
6.7121,187.8400,INIT,SWING,0.0805,-28.100,-105.100,-28.100,0.2501,0.0000,0.1576,0.0000,0.1576,0.0000,1,
6.7241,187.8500,INIT,SWING,0.0862,-29.100,-97.200,-29.100,0.2675,0.0000,0.1458,0.0000,0.1458,0.0000,1,
6.7321,187.8600,INIT,SWING,0.0920,-30.100,-91.700,-30.100,0.2849,0.0000,0.1376,0.0000,0.1376,0.0000,1,
6.7441,187.8700,INIT,SWING,0.0977,-30.900,-84.500,-30.900,0.3021,0.0000,0.1268,0.0000,0.1268,0.0000,1,
6.7521,187.8800,INIT,SWING,0.1034,-31.700,-76.000,-31.700,0.3193,0.0000,0.1140,0.0000,0.1140,0.0000,1,
6.7642,187.8900,INIT,SWING,0.1092,-32.400,-70.300,-32.400,0.3364,0.0000,0.1055,0.0000,0.1055,0.0000,1,
6.7722,187.9000,INIT,SWING,0.1149,-33.100,-65.900,-33.100,0.3533,0.0000,0.0989,0.0000,0.0989,0.0000,1,
6.7842,187.9100,INIT,SWING,0.1207,-33.700,-63.300,-33.700,0.3701,0.0000,0.0949,0.0000,0.0949,0.0000,1,
6.7922,187.9200,INIT,SWING,0.1264,-34.400,-63.800,-34.400,0.3868,0.0000,0.0957,0.0000,0.0957,0.0000,1,
6.8041,187.9300,INIT,SWING,0.1322,-35.000,-67.000,-35.000,0.4034,0.0000,0.1005,0.0000,0.1005,0.0000,1,
6.8122,187.9400,INIT,SWING,0.1379,-35.700,-66.800,-35.700,0.4199,0.0000,0.1002,0.0000,0.1002,0.0000,1,
6.8242,187.9500,INIT,SWING,0.1437,-36.400,-66.000,-36.400,0.4362,0.0000,0.0990,0.0000,0.0990,0.0000,1,
6.8322,187.9600,INIT,SWING,0.1494,-37.000,-66.000,-37.000,0.4524,0.0000,0.0990,0.0000,0.0990,0.0000,1,
6.8441,187.9700,INIT,SWING,0.1552,-37.700,-65.000,-37.700,0.4684,0.0000,0.0975,0.0000,0.0975,0.0000,1,
6.8521,187.9800,INIT,SWING,0.1609,-38.300,-61.000,-38.300,0.4843,0.0000,0.0915,0.0000,0.0915,0.0000,1,
6.8642,187.9900,INIT,SWING,0.1667,-38.900,-57.300,-38.900,0.5000,0.0000,0.0859,0.0000,0.0859,0.0000,1,
6.8722,188.0000,INIT,SWING,0.1724,-39.200,-55.200,-39.200,0.5156,0.0000,0.0828,0.0000,0.0828,0.0000,1,
6.8842,188.0100,INIT,SWING,0.1782,-40.000,-50.000,-40.000,0.5309,0.0000,0.0750,0.0000,0.0750,0.0000,1,
6.8922,188.0200,INIT,SWING,0.1839,-40.400,-45.200,-40.400,0.5462,0.0000,0.0678,0.0000,0.0678,0.0000,1,
6.9042,188.0300,INIT,SWING,0.1897,-40.800,-34.100,-40.800,0.5612,0.0000,0.0512,0.0000,0.0512,0.0000,1,
6.9122,188.0400,INIT,SWING,0.1954,-41.100,-22.100,-41.100,0.5760,0.0000,0.0332,0.0000,0.0332,0.0000,1,
6.9241,188.0500,INIT,SWING,0.2011,-41.200,-12.200,-41.200,0.5907,0.0000,0.0183,0.0000,0.0183,0.0000,1,
6.9322,188.0600,INIT,SWING,0.2069,-41.300,-3.800,-41.300,0.6052,0.0000,0.0057,0.0000,0.0057,0.0000,1,
6.9440,188.0700,INIT,SWING,0.2126,-41.300,-2.400,-41.300,0.6194,0.0000,0.0036,0.0000,0.0036,0.0000,1,
6.9521,188.0800,INIT,SWING,0.2184,-41.300,-3.500,-41.300,0.6335,0.0000,0.0053,0.0000,0.0053,0.0000,1,
6.9641,188.0900,INIT,SWING,0.2241,-41.400,-6.200,-41.400,0.6474,0.0000,0.0093,0.0000,0.0093,0.0000,1,
6.9721,188.1000,INIT,SWING,0.2299,-41.400,-5.500,-41.400,0.6610,0.0000,0.0083,0.0000,0.0083,0.0000,1,
6.9841,188.1100,INIT,SWING,0.2356,-41.500,-2.600,-41.500,0.6745,0.0000,0.0039,0.0000,0.0039,0.0000,1,
6.9921,188.1200,INIT,SWING,0.2414,-41.500,-4.100,-41.500,0.6877,0.0000,0.0061,0.0000,0.0061,0.0000,1,
7.0042,188.1300,INIT,SWING,0.2471,-41.600,-8.900,-41.600,0.7007,0.0000,0.0134,0.0000,0.0134,0.0000,1,
7.0121,188.1400,INIT,SWING,0.2529,-41.700,-14.500,-41.700,0.7135,0.0000,0.0218,0.0000,0.0218,0.0000,1,
7.0242,188.1500,INIT,SWING,0.2586,-41.900,-22.200,-41.900,0.7260,0.0000,0.0333,0.0000,0.0333,0.0000,1,
7.0322,188.1600,INIT,SWING,0.2644,-42.200,-25.500,-42.200,0.7383,0.0000,0.0382,0.0000,0.0382,0.0000,1,
7.0442,188.1700,INIT,SWING,0.2701,-42.400,-29.400,-42.400,0.7503,0.0000,0.0441,0.0000,0.0441,0.0000,1,
7.0522,188.1800,INIT,SWING,0.2759,-42.700,-28.500,-42.700,0.7622,0.0000,0.0428,0.0000,0.0428,0.0000,1,
7.0641,188.1900,INIT,SWING,0.2816,-43.000,-25.500,-43.000,0.7737,0.0000,0.0382,0.0000,0.0382,0.0000,1,
7.0721,188.2000,INIT,SWING,0.2874,-43.200,-22.600,-43.200,0.7850,0.0000,0.0339,0.0000,0.0339,0.0000,1,
7.0841,188.2100,INIT,SWING,0.2931,-43.500,-21.200,-43.500,0.7961,0.0000,0.0318,0.0000,0.0318,0.0000,1,
7.0922,188.2200,INIT,SWING,0.2989,-43.700,-21.000,-43.700,0.8069,0.0000,0.0315,0.0000,0.0315,0.0000,1,
7.1041,188.2300,INIT,SWING,0.3046,-43.900,-18.600,-43.900,0.8174,0.0000,0.0279,0.0000,0.0279,0.0000,1,
7.1121,188.2400,INIT,SWING,0.3103,-44.000,-18.500,-44.000,0.8277,0.0000,0.0278,0.0000,0.0278,0.0000,1,
7.1241,188.2500,INIT,SWING,0.3161,-44.200,-19.100,-44.200,0.8377,0.0000,0.0287,0.0000,0.0287,0.0000,1,
7.1321,188.2600,INIT,SWING,0.3218,-44.400,-17.600,-44.400,0.8474,0.0000,0.0264,0.0000,0.0264,0.0000,1,
7.1442,188.2700,INIT,SWING,0.3276,-44.600,-14.300,-44.600,0.8569,0.0000,0.0215,0.0000,0.0215,0.0000,1,
7.1521,188.2800,INIT,SWING,0.3333,-44.700,-9.600,-44.700,0.8660,0.0000,0.0144,0.0000,0.0144,0.0000,1,
7.1641,188.2900,INIT,SWING,0.3391,-44.700,-3.800,-44.700,0.8749,0.0000,0.0057,0.0000,0.0057,0.0000,1,
7.1721,188.3000,INIT,SWING,0.3448,-44.700,0.500,-44.700,0.8835,0.0000,-0.0008,0.0000,-0.0008,0.0000,0,
7.1841,188.3100,INIT,SWING,0.3506,-44.700,-0.500,-44.700,0.8918,0.0000,0.0008,0.0000,0.0008,0.0000,1,
7.1921,188.3200,INIT,SWING,0.3563,-44.700,0.700,-44.700,0.8998,0.0000,-0.0010,0.0000,-0.0010,0.0000,0,
7.2041,188.3300,INIT,SWING,0.3621,-44.700,-0.500,-44.700,0.9076,0.0000,0.0008,0.0000,0.0008,0.0000,1,
7.2121,188.3400,INIT,SWING,0.3678,-44.700,0.400,-44.700,0.9150,0.0000,-0.0006,0.0000,-0.0006,0.0000,0,
7.2241,188.3500,INIT,SWING,0.3736,-44.700,-0.200,-44.700,0.9221,0.0000,0.0003,0.0000,0.0003,0.0000,1,
7.2321,188.3600,INIT,SWING,0.3793,-44.700,0.600,-44.700,0.9290,0.0000,-0.0009,0.0000,-0.0009,0.0000,0,
7.2443,188.3700,INIT,SWING,0.3851,-44.700,-0.500,-44.700,0.9355,0.0000,0.0008,0.0000,0.0008,0.0000,1,
7.2521,188.3800,INIT,SWING,0.3908,-44.700,0.300,-44.700,0.9417,0.0000,-0.0004,0.0000,-0.0004,0.0000,0,
7.2643,188.3900,INIT,SWING,0.3966,-44.700,-0.300,-44.700,0.9477,0.0000,0.0004,0.0000,0.0004,0.0000,1,
7.2723,188.4000,INIT,SWING,0.4023,-44.700,0.200,-44.700,0.9533,0.0000,-0.0003,0.0000,-0.0003,0.0000,0,
7.2842,188.4100,INIT,SWING,0.4080,-44.700,0.100,-44.700,0.9586,0.0000,-0.0002,0.0000,-0.0002,0.0000,0,
7.2923,188.4200,INIT,SWING,0.4138,-44.700,-0.100,-44.700,0.9635,0.0000,0.0002,0.0000,0.0002,0.0000,1,
7.3041,188.4300,INIT,SWING,0.4195,-44.700,-0.100,-44.700,0.9682,0.0000,0.0002,0.0000,0.0002,0.0000,1,
7.3122,188.4400,INIT,SWING,0.4253,-44.700,0.400,-44.700,0.9726,0.0000,-0.0006,0.0000,-0.0006,0.0000,0,
7.3243,188.4500,INIT,SWING,0.4310,-44.700,0.000,-44.700,0.9766,0.0000,0.0000,0.0000,0.0000,0.0000,0,
7.3363,188.4600,INIT,SWING,0.4368,-44.700,-0.100,-44.700,0.9803,0.0000,0.0002,0.0000,0.0002,0.0000,1,
7.3442,188.4700,INIT,SWING,0.4425,-44.700,0.200,-44.700,0.9837,0.0000,-0.0003,0.0000,-0.0003,0.0000,0,
7.3523,188.4800,INIT,SWING,0.4483,-44.700,-0.400,-44.700,0.9868,0.0000,0.0006,0.0000,0.0006,0.0000,1,
7.3643,188.4900,INIT,SWING,0.4540,-44.700,0.500,-44.700,0.9896,0.0000,-0.0008,0.0000,-0.0008,0.0000,0,
7.3721,188.5000,INIT,SWING,0.4598,-44.700,-0.600,-44.700,0.9920,0.0000,0.0009,0.0000,0.0009,0.0000,1,
7.3843,188.5100,INIT,SWING,0.4655,-44.700,0.500,-44.700,0.9941,0.0000,-0.0008,0.0000,-0.0008,0.0000,0,
7.3923,188.5200,INIT,SWING,0.4713,-44.700,0.000,-44.700,0.9959,0.0000,0.0000,0.0000,0.0000,0.0000,0,
7.4041,188.5300,INIT,SWING,0.4770,-44.700,-0.400,-44.700,0.9974,0.0000,0.0006,0.0000,0.0006,0.0000,1,
7.4121,188.5400,INIT,SWING,0.4828,-44.700,0.200,-44.700,0.9985,0.0000,-0.0003,0.0000,-0.0003,0.0000,0,
7.4242,188.5500,INIT,SWING,0.4885,-44.700,-0.100,-44.700,0.9993,0.0000,0.0002,0.0000,0.0002,0.0000,1,
7.4322,188.5600,INIT,SWING,0.4943,-44.700,0.100,-44.700,0.9998,0.0000,-0.0002,0.0000,-0.0002,0.0000,0,
7.4441,188.5700,INIT,SWING,0.5000,-44.700,0.200,-44.700,1.0000,0.0000,-0.0003,0.0000,-0.0003,0.0000,0,
7.4522,188.5800,INIT,SWING,0.5057,-44.700,-0.400,-44.700,0.9998,0.0000,0.0006,0.0000,0.0006,0.0000,1,
7.4642,188.5900,INIT,SWING,0.5115,-44.700,0.200,-44.700,0.9993,0.0000,-0.0003,0.0000,-0.0003,0.0000,0,
7.4723,188.6000,INIT,SWING,0.5172,-44.700,-0.200,-44.700,0.9985,0.0000,0.0003,0.0000,0.0003,0.0000,1,
7.4843,188.6100,INIT,SWING,0.5230,-44.700,0.300,-44.700,0.9974,0.0000,-0.0004,0.0000,-0.0004,0.0000,0,
7.4922,188.6200,INIT,SWING,0.5287,-44.700,-0.200,-44.700,0.9959,0.0000,0.0003,0.0000,0.0003,0.0000,1,
7.5042,188.6300,INIT,SWING,0.5345,-44.700,0.200,-44.700,0.9941,0.0000,-0.0003,0.0000,-0.0003,0.0000,0,
7.5122,188.6400,INIT,SWING,0.5402,-44.700,-0.300,-44.700,0.9920,0.0000,0.0004,0.0000,0.0004,0.0000,1,
7.5241,188.6500,INIT,SWING,0.5460,-44.700,0.000,-44.700,0.9896,0.0000,0.0000,0.0000,0.0000,0.0000,0,
7.5322,188.6600,INIT,SWING,0.5517,-44.700,0.300,-44.700,0.9868,0.0000,-0.0004,0.0000,-0.0004,0.0000,0,
7.5442,188.6700,INIT,SWING,0.5575,-44.700,-0.100,-44.700,0.9837,0.0000,0.0002,0.0000,0.0002,0.0000,1,
7.5521,188.6800,INIT,SWING,0.5632,-44.700,-0.400,-44.700,0.9803,0.0000,0.0006,0.0000,0.0006,0.0000,1,
7.5643,188.6900,INIT,SWING,0.5690,-44.700,0.800,-44.700,0.9766,0.0000,-0.0012,0.0000,-0.0012,0.0000,0,
7.5721,188.7000,INIT,SWING,0.5747,-44.700,-0.600,-44.700,0.9726,0.0000,0.0009,0.0000,0.0009,0.0000,1,
7.5842,188.7100,INIT,SWING,0.5805,-44.700,0.200,-44.700,0.9682,0.0000,-0.0003,0.0000,-0.0003,0.0000,0,
7.5921,188.7200,INIT,SWING,0.5862,-44.700,0.200,-44.700,0.9635,0.0000,-0.0003,0.0000,-0.0003,0.0000,0,
7.6041,188.7300,INIT,SWING,0.5920,-44.700,0.200,-44.700,0.9586,0.0000,-0.0003,0.0000,-0.0003,0.0000,0,
7.6122,188.7400,INIT,SWING,0.5977,-44.700,-0.500,-44.700,0.9533,0.0000,0.0008,0.0000,0.0008,0.0000,1,
7.6242,188.7500,INIT,SWING,0.6034,-44.700,0.300,-44.700,0.9477,0.0000,-0.0004,0.0000,-0.0004,0.0000,0,
7.6322,188.7600,INIT,SWING,0.6092,-44.700,0.000,-44.700,0.9417,0.0000,0.0000,0.0000,0.0000,0.0000,0,
7.6442,188.7700,INIT,SWING,0.6149,-44.700,-0.100,-44.700,0.9355,0.0000,0.0002,0.0000,0.0002,0.0000,1,
7.6522,188.7800,INIT,SWING,0.6207,-44.700,0.000,-44.700,0.9290,0.0000,0.0000,0.0000,0.0000,0.0000,0,
7.6641,188.7900,INIT,SWING,0.6264,-44.700,-0.100,-44.700,0.9221,0.0000,0.0002,0.0000,0.0002,0.0000,1,
7.6722,188.8000,INIT,SWING,0.6322,-44.700,0.600,-44.700,0.9150,0.0000,-0.0009,0.0000,-0.0009,0.0000,0,
7.6841,188.8100,INIT,SWING,0.6379,-44.700,-0.500,-44.700,0.9076,0.0000,0.0008,0.0000,0.0008,0.0000,1,
7.6921,188.8200,INIT,SWING,0.6437,-44.700,0.400,-44.700,0.8998,0.0000,-0.0006,0.0000,-0.0006,0.0000,0,
7.7042,188.8300,INIT,SWING,0.6494,-44.700,-0.100,-44.700,0.8918,0.0000,0.0002,0.0000,0.0002,0.0000,1,
7.7121,188.8400,INIT,SWING,0.6552,-44.700,0.200,-44.700,0.8835,0.0000,-0.0003,0.0000,-0.0003,0.0000,0,
7.7241,188.8500,INIT,SWING,0.6609,-44.700,-0.300,-44.700,0.8749,0.0000,0.0004,0.0000,0.0004,0.0000,1,
7.7322,188.8600,INIT,SWING,0.6667,-44.700,0.300,-44.700,0.8660,0.0000,-0.0004,0.0000,-0.0004,0.0000,0,
7.7441,188.8700,INIT,SWING,0.6724,-44.700,-0.300,-44.700,0.8569,0.0000,0.0004,0.0000,0.0004,0.0000,1,
7.7521,188.8800,INIT,SWING,0.6782,-44.700,0.100,-44.700,0.8474,0.0000,-0.0002,0.0000,-0.0002,0.0000,0,
7.7642,188.8900,INIT,SWING,0.6839,-44.700,-0.400,-44.700,0.8377,0.0000,0.0006,0.0000,0.0006,0.0000,1,
7.7721,188.9000,INIT,SWING,0.6897,-44.700,0.000,-44.700,0.8277,0.0000,0.0000,0.0000,0.0000,0.0000,0,
7.7841,188.9100,INIT,SWING,0.6954,-44.700,-0.100,-44.700,0.8174,0.0000,0.0002,0.0000,0.0002,0.0000,1,
7.7922,188.9200,INIT,SWING,0.7011,-44.700,-1.200,-44.700,0.8069,0.0000,0.0018,0.0000,0.0018,0.0000,1,
7.8043,188.9300,INIT,SWING,0.7069,-44.800,-5.100,-44.800,0.7961,0.0000,0.0076,0.0000,0.0076,0.0000,1,
7.8122,188.9400,INIT,SWING,0.7126,-44.900,-14.200,-44.900,0.7850,0.0000,0.0213,0.0000,0.0213,0.0000,1,
7.8242,188.9500,INIT,SWING,0.7184,-45.100,-22.200,-45.100,0.7737,0.0000,0.0333,0.0000,0.0333,0.0000,1,
7.8322,188.9600,INIT,SWING,0.7241,-45.400,-30.900,-45.400,0.7622,0.0000,0.0463,0.0000,0.0463,0.0000,1,
7.8442,188.9700,INIT,SWING,0.7299,-45.700,-34.200,-45.700,0.7503,0.0000,0.0513,0.0000,0.0513,0.0000,1,
7.8522,188.9800,INIT,SWING,0.7356,-46.000,-30.800,-46.000,0.7383,0.0000,0.0462,0.0000,0.0462,0.0000,1,
7.8643,188.9900,INIT,SWING,0.7414,-46.300,-21.700,-46.300,0.7260,0.0000,0.0326,0.0000,0.0326,0.0000,1,
7.8723,189.0000,INIT,SWING,0.7471,-46.400,-17.900,-46.400,0.7135,0.0000,0.0268,0.0000,0.0268,0.0000,1,
7.8842,189.0100,INIT,SWING,0.7529,-46.500,-1.500,-46.500,0.7007,0.0000,0.0023,0.0000,0.0023,0.0000,1,
7.8922,189.0200,INIT,SWING,0.7586,-46.500,1.200,-46.500,0.6877,0.0000,-0.0018,0.0000,-0.0018,0.0000,0,
7.9042,189.0300,INIT,SWING,0.7644,-46.500,0.000,-46.500,0.6745,0.0000,0.0000,0.0000,0.0000,0.0000,0,
7.9123,189.0400,INIT,SWING,0.7701,-46.500,2.800,-46.500,0.6610,0.0000,-0.0042,0.0000,-0.0042,0.0000,0,
7.9241,189.0500,INIT,SWING,0.7759,-46.400,4.700,-46.400,0.6474,0.0000,-0.0071,0.0000,-0.0071,0.0000,0,
7.9322,189.0600,INIT,SWING,0.7816,-46.400,3.700,-46.400,0.6335,0.0000,-0.0056,0.0000,-0.0056,0.0000,0,
7.9441,189.0700,INIT,SWING,0.7874,-46.400,3.300,-46.400,0.6194,0.0000,-0.0049,0.0000,-0.0049,0.0000,0,
7.9522,189.0800,INIT,SWING,0.7931,-46.300,4.400,-46.300,0.6052,0.0000,-0.0066,0.0000,-0.0066,0.0000,0,
7.9642,189.0900,INIT,SWING,0.7989,-46.200,9.600,-46.200,0.5907,0.0000,-0.0144,0.0000,-0.0144,0.0000,0,
7.9722,189.1000,INIT,SWING,0.8046,-46.100,16.600,-46.100,0.5760,0.0000,-0.0249,0.0000,-0.0249,0.0000,0,
7.9841,189.1100,INIT,SWING,0.8103,-45.900,27.900,-45.900,0.5612,0.0000,-0.0418,0.0000,-0.0418,0.0000,0,
8.0123,189.1400,INIT,SWING,0.8276,-44.700,44.800,-44.700,0.5156,0.0000,-0.0672,0.0000,-0.0672,0.0000,0,
8.0242,189.1500,INIT,SWING,0.8333,-44.200,48.300,-44.200,0.5000,0.0000,-0.0725,0.0000,-0.0725,0.0000,0,
8.0322,189.1600,INIT,SWING,0.8391,-43.700,51.400,-43.700,0.4843,0.0000,-0.0771,0.0000,-0.0771,0.0000,0,
8.0442,189.1700,INIT,SWING,0.8448,-43.200,56.100,-43.200,0.4684,0.0000,-0.0842,0.0000,-0.0842,0.0000,0,
8.0522,189.1800,INIT,SWING,0.8506,-42.600,58.000,-42.600,0.4524,0.0000,-0.0870,0.0000,-0.0870,0.0000,0,
8.0641,189.1900,INIT,SWING,0.8563,-42.000,55.800,-42.000,0.4362,0.0000,-0.0837,0.0000,-0.0837,0.0000,0,
8.0722,189.2000,INIT,SWING,0.8621,-41.500,55.900,-41.500,0.4199,0.0000,-0.0838,0.0000,-0.0838,0.0000,0,
8.0842,189.2100,INIT,SWING,0.8678,-40.900,59.200,-40.900,0.4034,0.0000,-0.0888,0.0000,-0.0888,0.0000,0,
8.0923,189.2200,INIT,SWING,0.8736,-40.300,64.200,-40.300,0.3868,0.0000,-0.0963,0.0000,-0.0963,0.0000,0,
8.1041,189.2300,INIT,SWING,0.8793,-39.600,66.000,-39.600,0.3701,0.0000,-0.0990,0.0000,-0.0990,0.0000,0,
8.1122,189.2400,INIT,SWING,0.8851,-38.900,67.500,-38.900,0.3533,0.0000,-0.1013,0.0000,-0.1013,0.0000,0,
8.1241,189.2500,INIT,SWING,0.8908,-38.200,71.100,-38.200,0.3364,0.0000,-0.1066,0.0000,-0.1066,0.0000,0,
8.1322,189.2600,INIT,SWING,0.8966,-37.500,75.300,-37.500,0.3193,0.0000,-0.1129,0.0000,-0.1129,0.0000,0,
8.1442,189.2700,INIT,SWING,0.9023,-36.700,74.800,-36.700,0.3021,0.0000,-0.1122,0.0000,-0.1122,0.0000,0,
8.1522,189.2800,INIT,SWING,0.9080,-36.000,72.900,-36.000,0.2849,0.0000,-0.1094,0.0000,-0.1094,0.0000,0,
8.1642,189.2900,INIT,SWING,0.9138,-35.300,70.000,-35.300,0.2675,0.0000,-0.1050,0.0000,-0.1050,0.0000,0,
8.1722,189.3000,INIT,SWING,0.9195,-34.600,62.900,-34.600,0.2501,0.0000,-0.0944,0.0000,-0.0944,0.0000,0,
8.1841,189.3100,INIT,SWING,0.9253,-34.100,46.900,-34.100,0.2326,0.0000,-0.0703,0.0000,-0.0703,0.0000,0,
8.1922,189.3200,INIT,SWING,0.9310,-33.800,23.700,-33.800,0.2150,0.0000,-0.0355,0.0000,-0.0355,0.0000,0,
8.2042,189.3300,INIT,SWING,0.9368,-33.700,2.700,-33.700,0.1973,0.0000,-0.0041,0.0000,-0.0041,0.0000,0,
8.2121,189.3400,INIT,SWING,0.9425,-33.700,-3.000,-33.700,0.1796,0.0000,0.0045,0.0000,0.0045,0.0000,1,
8.2242,189.3500,INIT,SWING,0.9483,-33.700,0.700,-33.700,0.1618,0.0000,-0.0010,0.0000,-0.0010,0.0000,0,
8.2322,189.3600,INIT,SWING,0.9540,-33.700,-1.300,-33.700,0.1439,0.0000,0.0020,0.0000,0.0020,0.0000,1,
8.2442,189.3700,INIT,SWING,0.9598,-33.800,-4.400,-33.800,0.1260,0.0000,0.0066,0.0000,0.0066,0.0000,1,
8.2522,189.3800,INIT,SWING,0.9655,-33.900,-11.100,-33.900,0.1081,0.0000,0.0166,0.0000,0.0166,0.0000,1,
8.2641,189.3900,INIT,SWING,0.9713,-34.100,-22.900,-34.100,0.0902,0.0000,0.0343,0.0000,0.0343,0.0000,1,
8.2722,189.4000,INIT,SWING,0.9770,-34.400,-34.300,-34.400,0.0722,0.0000,0.0514,0.0000,0.0514,0.0000,1,
8.2841,189.4100,INIT,SWING,0.9828,-34.800,-45.700,-34.800,0.0541,0.0000,0.0685,0.0000,0.0685,0.0000,1,
8.2923,189.4200,INIT,SWING,0.9885,-35.300,-57.800,-35.300,0.0361,0.0000,0.0867,0.0000,0.0867,0.0000,1,
8.3042,189.4300,INIT,SWING,0.9943,-36.000,-70.600,-36.000,0.0181,0.0000,0.1059,0.0000,0.1059,0.0000,1,
8.3122,189.4400,INIT,SWING,1.0000,-36.800,-83.600,-36.800,0.0000,0.0000,0.1254,0.0000,0.1254,0.0000,1,
8.3241,189.4500,INIT,SWING,1.0000,-37.700,-100.200,-37.700,0.0000,0.0000,0.1503,0.0000,0.1503,0.0000,1,
8.3322,189.4600,INIT,SWING,1.0000,-38.800,-114.900,-38.800,0.0000,0.0000,0.1724,0.0000,0.1724,0.0000,1,
8.3442,189.4700,INIT,SWING,1.0000,-40.100,-130.300,-40.100,0.0000,0.0000,0.1955,0.0000,0.1955,0.0000,1,
8.3522,189.4800,INIT,SWING,1.0000,-41.500,-142.800,-41.500,0.0000,0.0000,0.2142,0.0000,0.2142,0.0000,1,
8.3642,189.4900,INIT,SWING,1.0000,-43.000,-152.900,-43.000,0.0000,0.0000,0.2294,0.0000,0.2294,0.0000,1,
8.3721,189.5000,INIT,SWING,1.0000,-44.600,-159.900,-44.600,0.0000,0.0000,0.2399,0.0000,0.2399,0.0000,1,
8.3841,189.5100,INIT,SWING,1.0000,-46.200,-161.500,-46.200,0.0000,0.0000,0.2422,0.0000,0.2422,0.0000,1,
8.3921,189.5200,INIT,SWING,1.0000,-47.800,-155.400,-47.800,0.0000,0.0000,0.2331,0.0000,0.2331,0.0000,1,
8.4042,189.5300,INIT,SWING,1.0000,-49.300,-143.600,-49.300,0.0000,0.0000,0.2154,0.0000,0.2154,0.0000,1,
8.4122,189.5400,INIT,SWING,1.0000,-50.600,-123.800,-50.600,0.0000,0.0000,0.1857,0.0000,0.1857,0.0000,1,
8.4242,189.5500,INIT,SWING,1.0000,-51.600,-93.500,-51.600,0.0000,0.0000,0.1403,0.0000,0.1403,0.0000,1,
8.4322,189.5600,INIT,SWING,1.0000,-52.300,-58.100,-52.300,0.0000,0.0000,0.0872,0.0000,0.0872,0.0000,1,
8.4442,189.5700,INIT,SWING,1.0000,-52.600,-23.800,-52.600,0.0000,0.0000,0.0357,0.0000,0.0357,0.0000,1,
8.4522,189.5800,INIT,SWING,1.0000,-52.600,9.300,-52.600,0.0000,0.0000,-0.0140,0.0000,-0.0140,0.0000,0,
8.4642,189.5900,INIT,SWING,1.0000,-52.400,22.500,-52.400,0.0000,0.0000,-0.0338,0.0000,-0.0338,0.0000,0,
8.4721,189.6000,INIT,SWING,1.0000,-52.100,31.300,-52.100,0.0000,0.0000,-0.0469,0.0000,-0.0469,0.0000,0,
8.4841,189.6100,INIT,SWING,1.0000,-51.700,44.100,-51.700,0.0000,0.0000,-0.0662,0.0000,-0.0662,0.0000,0,
8.4922,189.6200,INIT,SWING,1.0000,-51.200,61.000,-51.200,0.0000,0.0000,-0.0915,0.0000,-0.0915,0.0000,0,
8.5042,189.6300,INIT,SWING,1.0000,-50.500,76.800,-50.500,0.0000,0.0000,-0.1152,0.0000,-0.1152,0.0000,0,
8.5122,189.6400,INIT,SWING,1.0000,-49.600,90.200,-49.600,0.0000,0.0000,-0.1353,0.0000,-0.1353,0.0000,0,
8.5241,189.6500,INIT,SWING,1.0000,-48.600,102.600,-48.600,0.0000,0.0000,-0.1539,0.0000,-0.1539,0.0000,0,
8.5321,189.6600,INIT,SWING,1.0000,-47.500,113.400,-47.500,0.0000,0.0000,-0.1701,0.0000,-0.1701,0.0000,0,
8.5441,189.6700,INIT,SWING,1.0000,-46.300,119.700,-46.300,0.0000,0.0000,-0.1796,0.0000,-0.1796,0.0000,0,
8.5521,189.6800,INIT,SWING,1.0000,-45.100,121.900,-45.100,0.0000,0.0000,-0.1829,0.0000,-0.1829,0.0000,0,
8.5641,189.6900,INIT,SWING,1.0000,-43.900,116.400,-43.900,0.0000,0.0000,-0.1746,0.0000,-0.1746,0.0000,0,
8.5721,189.7000,INIT,SWING,1.0000,-42.800,108.500,-42.800,0.0000,0.0000,-0.1628,0.0000,-0.1628,0.0000,0,
8.5841,189.7100,INIT,SWING,1.0000,-41.800,95.600,-41.800,0.0000,0.0000,-0.1434,0.0000,-0.1434,0.0000,0,
8.5923,189.7200,INIT,SWING,1.0000,-41.000,80.200,-41.000,0.0000,0.0000,-0.1203,0.0000,-0.1203,0.0000,0,
8.6041,189.7300,INIT,SWING,1.0000,-40.300,67.700,-40.300,0.0000,0.0000,-0.1016,0.0000,-0.1016,0.0000,0,
8.6121,189.7400,INIT,SWING,1.0000,-39.700,54.700,-39.700,0.0000,0.0000,-0.0821,0.0000,-0.0821,0.0000,0,
8.6242,189.7500,INIT,SWING,1.0000,-39.200,42.900,-39.200,0.0000,0.0000,-0.0644,0.0000,-0.0644,0.0000,0,
8.6321,189.7600,INIT,SWING,1.0000,-38.800,35.100,-38.800,0.0000,0.0000,-0.0527,0.0000,-0.0527,0.0000,0,
8.6441,189.7700,INIT,SWING,1.0000,-38.500,26.400,-38.500,0.0000,0.0000,-0.0396,0.0000,-0.0396,0.0000,0,
8.6522,189.7800,INIT,SWING,1.0000,-38.300,22.400,-38.300,0.0000,0.0000,-0.0336,0.0000,-0.0336,0.0000,0,
8.6641,189.7900,INIT,SWING,1.0000,-38.100,19.400,-38.100,0.0000,0.0000,-0.0291,0.0000,-0.0291,0.0000,0,
8.6721,189.8000,INIT,SWING,1.0000,-37.900,15.600,-37.900,0.0000,0.0000,-0.0234,0.0000,-0.0234,0.0000,0,
8.6841,189.8100,INIT,SWING,1.0000,-37.800,8.300,-37.800,0.0000,0.0000,-0.0125,0.0000,-0.0125,0.0000,0,
8.6921,189.8200,INIT,SWING,1.0000,-37.800,-0.700,-37.800,0.0000,0.0000,0.0010,0.0000,0.0010,0.0000,1,
8.7041,189.8300,INIT,SWING,1.0000,-37.800,-0.700,-37.800,0.0000,0.0000,0.0010,0.0000,0.0010,0.0000,1,
8.7121,189.8400,INIT,SWING,1.0000,-37.800,-0.200,-37.800,0.0000,0.0000,0.0003,0.0000,0.0003,0.0000,1,
8.7241,189.8500,INIT,SWING,1.0000,-37.800,-0.500,-37.800,0.0000,0.0000,0.0008,0.0000,0.0008,0.0000,1,
8.7321,189.8600,INIT,SWING,1.0000,-37.800,-1.400,-37.800,0.0000,0.0000,0.0021,0.0000,0.0021,0.0000,1,
8.7441,189.8700,INIT,SWING,1.0000,-37.900,-1.600,-37.900,0.0000,0.0000,0.0024,0.0000,0.0024,0.0000,1,
8.7521,189.8800,INIT,SWING,1.0000,-37.900,-1.500,-37.900,0.0000,0.0000,0.0023,0.0000,0.0023,0.0000,1,
8.7641,189.8900,INIT,SWING,1.0000,-37.900,-2.100,-37.900,0.0000,0.0000,0.0032,0.0000,0.0032,0.0000,1,
8.7721,189.9000,INIT,SWING,1.0000,-37.900,-2.800,-37.900,0.0000,0.0000,0.0042,0.0000,0.0042,0.0000,1,
8.7841,189.9100,INIT,SWING,1.0000,-38.000,-3.700,-38.000,0.0000,0.0000,0.0056,0.0000,0.0056,0.0000,1,
8.7921,189.9200,INIT,SWING,1.0000,-38.000,-5.900,-38.000,0.0000,0.0000,0.0089,0.0000,0.0089,0.0000,1,
8.8042,189.9300,INIT,SWING,1.0000,-38.100,-10.600,-38.100,0.0000,0.0000,0.0159,0.0000,0.0159,0.0000,1,
8.8122,189.9400,INIT,SWING,1.0000,-38.200,-13.000,-38.200,0.0000,0.0000,0.0195,0.0000,0.0195,0.0000,1,
8.8242,189.9500,INIT,SWING,1.0000,-38.400,-17.800,-38.400,0.0000,0.0000,0.0267,0.0000,0.0267,0.0000,1,
8.8322,189.9600,INIT,SWING,1.0000,-38.600,-19.500,-38.600,0.0000,0.0000,0.0293,0.0000,0.0293,0.0000,1,
8.8442,189.9700,INIT,SWING,1.0000,-38.800,-24.800,-38.800,0.0000,0.0000,0.0372,0.0000,0.0372,0.0000,1,
8.8522,189.9800,INIT,SWING,1.0000,-39.100,-27.600,-39.100,0.0000,0.0000,0.0414,0.0000,0.0414,0.0000,1,
8.8643,189.9900,INIT,SWING,1.0000,-39.400,-29.400,-39.400,0.0000,0.0000,0.0441,0.0000,0.0441,0.0000,1,
8.8762,190.0000,INIT,SWING,1.0000,-39.500,-30.200,-39.500,0.0000,0.0000,0.0453,0.0000,0.0453,0.0000,1,
8.8843,190.0100,INIT,SWING,1.0000,-40.000,-33.300,-40.000,0.0000,0.0000,0.0499,0.0000,0.0499,0.0000,1,
8.8923,190.0200,INIT,SWING,1.0000,-40.400,-34.100,-40.400,0.0000,0.0000,0.0512,0.0000,0.0512,0.0000,1,
8.9042,190.0300,INIT,SWING,1.0000,-40.700,-29.400,-40.700,0.0000,0.0000,0.0441,0.0000,0.0441,0.0000,1,
8.9121,190.0400,INIT,SWING,1.0000,-40.900,-22.900,-40.900,0.0000,0.0000,0.0343,0.0000,0.0343,0.0000,1,
8.9242,190.0500,INIT,SWING,1.0000,-41.100,-19.800,-41.100,0.0000,0.0000,0.0297,0.0000,0.0297,0.0000,1,
8.9322,190.0600,INIT,SWING,1.0000,-41.300,-18.000,-41.300,0.0000,0.0000,0.0270,0.0000,0.0270,0.0000,1,
8.9441,190.0700,INIT,SWING,1.0000,-41.500,-16.900,-41.500,0.0000,0.0000,0.0253,0.0000,0.0253,0.0000,1,
8.9522,190.0800,INIT,SWING,1.0000,-41.600,-14.100,-41.600,0.0000,0.0000,0.0211,0.0000,0.0211,0.0000,1,
8.9641,190.0900,INIT,SWING,1.0000,-41.800,-13.800,-41.800,0.0000,0.0000,0.0207,0.0000,0.0207,0.0000,1,
8.9720,190.1000,INIT,SWING,1.0000,-41.900,-15.600,-41.900,0.0000,0.0000,0.0234,0.0000,0.0234,0.0000,1,
8.9842,190.1100,INIT,SWING,1.0000,-42.100,-12.900,-42.100,0.0000,0.0000,0.0194,0.0000,0.0194,0.0000,1,
8.9922,190.1200,INIT,SWING,1.0000,-42.200,-9.400,-42.200,0.0000,0.0000,0.0141,0.0000,0.0141,0.0000,1,
9.0042,190.1300,INIT,SWING,1.0000,-42.300,-11.700,-42.300,0.0000,0.0000,0.0175,0.0000,0.0175,0.0000,1,
9.0122,190.1400,INIT,SWING,1.0000,-42.400,-10.000,-42.400,0.0000,0.0000,0.0150,0.0000,0.0150,0.0000,1,
9.0242,190.1500,INIT,SWING,1.0000,-42.500,-9.000,-42.500,0.0000,0.0000,0.0135,0.0000,0.0135,0.0000,1,
9.0322,190.1600,INIT,SWING,1.0000,-42.500,-6.200,-42.500,0.0000,0.0000,0.0093,0.0000,0.0093,0.0000,1,
9.0442,190.1700,INIT,SWING,1.0000,-42.600,-2.900,-42.600,0.0000,0.0000,0.0043,0.0000,0.0043,0.0000,1,
9.0521,190.1800,INIT,SWING,1.0000,-42.600,-1.600,-42.600,0.0000,0.0000,0.0024,0.0000,0.0024,0.0000,1,
9.0642,190.1900,INIT,SWING,1.0000,-42.600,-4.100,-42.600,0.0000,0.0000,0.0061,0.0000,0.0061,0.0000,1,
9.0722,190.2000,INIT,SWING,1.0000,-42.700,-7.100,-42.700,0.0000,0.0000,0.0106,0.0000,0.0106,0.0000,1,
9.0841,190.2100,INIT,SWING,1.0000,-42.800,-7.700,-42.800,0.0000,0.0000,0.0116,0.0000,0.0116,0.0000,1,
9.0921,190.2200,INIT,SWING,1.0000,-42.800,-5.900,-42.800,0.0000,0.0000,0.0089,0.0000,0.0089,0.0000,1,
9.1041,190.2300,INIT,SWING,1.0000,-42.900,-5.000,-42.900,0.0000,0.0000,0.0075,0.0000,0.0075,0.0000,1,
9.1120,190.2400,INIT,SWING,1.0000,-42.900,-1.900,-42.900,0.0000,0.0000,0.0029,0.0000,0.0029,0.0000,1,
9.1241,190.2500,INIT,SWING,1.0000,-42.900,0.000,-42.900,0.0000,0.0000,0.0000,0.0000,0.0000,0.0000,0,
9.1321,190.2600,INIT,SWING,1.0000,-42.900,-0.200,-42.900,0.0000,0.0000,0.0003,0.0000,0.0003,0.0000,1,
9.1442,190.2700,INIT,SWING,1.0000,-42.900,-0.200,-42.900,0.0000,0.0000,0.0003,0.0000,0.0003,0.0000,1,
9.1522,190.2800,INIT,SWING,1.0000,-42.900,-0.200,-42.900,0.0000,0.0000,0.0003,0.0000,0.0003,0.0000,1,
9.1642,190.2900,INIT,SWING,1.0000,-42.900,-0.200,-42.900,0.0000,0.0000,0.0003,0.0000,0.0003,0.0000,1,
9.1721,190.3000,INIT,SWING,1.0000,-42.900,-0.300,-42.900,0.0000,0.0000,0.0004,0.0000,0.0004,0.0000,1,
9.1840,190.3100,INIT,SWING,1.0000,-42.900,-1.000,-42.900,0.0000,0.0000,0.0015,0.0000,0.0015,0.0000,1,
9.1921,190.3200,INIT,SWING,1.0000,-42.900,-1.400,-42.900,0.0000,0.0000,0.0021,0.0000,0.0021,0.0000,1,
9.2041,190.3300,INIT,SWING,1.0000,-43.000,-1.200,-43.000,0.0000,0.0000,0.0018,0.0000,0.0018,0.0000,1,
9.2121,190.3400,INIT,SWING,1.0000,-43.000,-1.000,-43.000,0.0000,0.0000,0.0015,0.0000,0.0015,0.0000,1,
9.2241,190.3500,INIT,SWING,1.0000,-43.000,-1.200,-43.000,0.0000,0.0000,0.0018,0.0000,0.0018,0.0000,1,
9.2322,190.3600,INIT,SWING,1.0000,-43.000,-2.400,-43.000,0.0000,0.0000,0.0036,0.0000,0.0036,0.0000,1,
9.2442,190.3700,INIT,SWING,1.0000,-43.000,-6.200,-43.000,0.0000,0.0000,0.0093,0.0000,0.0093,0.0000,1,
9.2522,190.3800,INIT,SWING,1.0000,-43.200,-14.800,-43.200,0.0000,0.0000,0.0222,0.0000,0.0222,0.0000,1,
9.2643,190.3900,INIT,SWING,1.0000,-43.400,-23.200,-43.400,0.0000,0.0000,0.0348,0.0000,0.0348,0.0000,1,
9.2721,190.4000,INIT,SWING,1.0000,-43.600,-27.600,-43.600,0.0000,0.0000,0.0414,0.0000,0.0414,0.0000,1,
9.2840,190.4100,INIT,SWING,1.0000,-43.900,-31.900,-43.900,0.0000,0.0000,0.0478,0.0000,0.0478,0.0000,1,
9.2921,190.4200,INIT,SWING,1.0000,-44.300,-36.100,-44.300,0.0000,0.0000,0.0542,0.0000,0.0542,0.0000,1,
9.3042,190.4300,INIT,SWING,1.0000,-44.700,-39.700,-44.700,0.0000,0.0000,0.0596,0.0000,0.0596,0.0000,1,
9.3121,190.4400,INIT,SWING,1.0000,-45.100,-44.500,-45.100,0.0000,0.0000,0.0668,0.0000,0.0668,0.0000,1,
9.3242,190.4500,INIT,SWING,1.0000,-45.600,-46.900,-45.600,0.0000,0.0000,0.0703,0.0000,0.0703,0.0000,1,
9.3323,190.4600,INIT,SWING,1.0000,-46.000,-43.900,-46.000,0.0000,0.0000,0.0659,0.0000,0.0659,0.0000,1,
9.3442,190.4700,INIT,SWING,1.0000,-46.400,-39.400,-46.400,0.0000,0.0000,0.0591,0.0000,0.0591,0.0000,1,
9.3522,190.4800,INIT,SWING,1.0000,-46.800,-34.700,-46.800,0.0000,0.0000,0.0521,0.0000,0.0521,0.0000,1,
9.3642,190.4900,INIT,SWING,1.0000,-47.100,-30.500,-47.100,0.0000,0.0000,0.0457,0.0000,0.0457,0.0000,1,
9.3723,190.5000,INIT,SWING,1.0000,-47.400,-28.500,-47.400,0.0000,0.0000,0.0428,0.0000,0.0428,0.0000,1,
9.3842,190.5100,INIT,SWING,1.0000,-47.700,-26.400,-47.700,0.0000,0.0000,0.0396,0.0000,0.0396,0.0000,1,
9.3922,190.5200,INIT,SWING,1.0000,-47.900,-25.100,-47.900,0.0000,0.0000,0.0377,0.0000,0.0377,0.0000,1,
9.4043,190.5300,INIT,SWING,1.0000,-48.200,-22.700,-48.200,0.0000,0.0000,0.0340,0.0000,0.0340,0.0000,1,
9.4123,190.5400,INIT,SWING,1.0000,-48.400,-18.200,-48.400,0.0000,0.0000,0.0273,0.0000,0.0273,0.0000,1,
9.4242,190.5500,INIT,SWING,1.0000,-48.500,-14.100,-48.500,0.0000,0.0000,0.0211,0.0000,0.0211,0.0000,1,
9.4322,190.5600,INIT,SWING,1.0000,-48.600,-9.900,-48.600,0.0000,0.0000,0.0149,0.0000,0.0149,0.0000,1,
9.4442,190.5700,INIT,SWING,1.0000,-48.700,-5.700,-48.700,0.0000,0.0000,0.0086,0.0000,0.0086,0.0000,1,
9.4523,190.5800,INIT,SWING,1.0000,-48.800,-8.200,-48.800,0.0000,0.0000,0.0123,0.0000,0.0123,0.0000,1,
9.4643,190.5900,INIT,SWING,1.0000,-48.900,-12.000,-48.900,0.0000,0.0000,0.0180,0.0000,0.0180,0.0000,1,
9.4722,190.6000,INIT,SWING,1.0000,-49.000,-14.900,-49.000,0.0000,0.0000,0.0224,0.0000,0.0224,0.0000,1,
9.4842,190.6100,INIT,SWING,1.0000,-49.200,-14.800,-49.200,0.0000,0.0000,0.0222,0.0000,0.0222,0.0000,1,
9.4921,190.6200,INIT,SWING,1.0000,-49.400,-19.800,-49.400,0.0000,0.0000,0.0297,0.0000,0.0297,0.0000,1,
9.5042,190.6300,INIT,SWING,1.0000,-49.600,-25.000,-49.600,0.0000,0.0000,0.0375,0.0000,0.0375,0.0000,1,
9.5121,190.6400,INIT,SWING,1.0000,-49.900,-30.000,-49.900,0.0000,0.0000,0.0450,0.0000,0.0450,0.0000,1,
9.5243,190.6500,INIT,SWING,1.0000,-50.200,-35.000,-50.200,0.0000,0.0000,0.0525,0.0000,0.0525,0.0000,1,
9.5322,190.6600,INIT,SWING,1.0000,-50.600,-39.700,-50.600,0.0000,0.0000,0.0596,0.0000,0.0596,0.0000,1,
9.5442,190.6700,INIT,SWING,1.0000,-51.000,-43.000,-51.000,0.0000,0.0000,0.0645,0.0000,0.0645,0.0000,1,
9.5523,190.6800,INIT,SWING,1.0000,-51.500,-44.600,-51.500,0.0000,0.0000,0.0669,0.0000,0.0669,0.0000,1,
9.5642,190.6900,INIT,SWING,1.0000,-51.900,-46.300,-51.900,0.0000,0.0000,0.0694,0.0000,0.0694,0.0000,1,
9.5723,190.7000,INIT,SWING,1.0000,-52.400,-49.100,-52.400,0.0000,0.0000,0.0737,0.0000,0.0737,0.0000,1,
9.5842,190.7100,INIT,SWING,1.0000,-52.900,-53.300,-52.900,0.0000,0.0000,0.0799,0.0000,0.0799,0.0000,1,
9.5923,190.7200,INIT,SWING,1.0000,-53.500,-57.300,-53.500,0.0000,0.0000,0.0859,0.0000,0.0859,0.0000,1,
9.6043,190.7300,INIT,SWING,1.0000,-54.100,-57.100,-54.100,0.0000,0.0000,0.0857,0.0000,0.0857,0.0000,1,
9.6123,190.7400,INIT,SWING,1.0000,-54.600,-56.500,-54.600,0.0000,0.0000,0.0848,0.0000,0.0848,0.0000,1,
9.6242,190.7500,INIT,SWING,1.0000,-55.200,-55.100,-55.200,0.0000,0.0000,0.0827,0.0000,0.0827,0.0000,1,
9.6323,190.7600,INIT,SWING,1.0000,-55.700,-54.600,-55.700,0.0000,0.0000,0.0819,0.0000,0.0819,0.0000,1,
9.6441,190.7700,INIT,SWING,1.0000,-56.300,-51.900,-56.300,0.0000,0.0000,0.0779,0.0000,0.0779,0.0000,1,
9.6522,190.7800,INIT,SWING,1.0000,-56.700,-45.700,-56.700,0.0000,0.0000,0.0685,0.0000,0.0685,0.0000,1,
9.6642,190.7900,INIT,SWING,1.0000,-57.200,-39.500,-57.200,0.0000,0.0000,0.0593,0.0000,0.0593,0.0000,1,
9.6722,190.8000,INIT,SWING,1.0000,-57.500,-34.800,-57.500,0.0000,0.0000,0.0522,0.0000,0.0522,0.0000,1,
9.6842,190.8100,INIT,SWING,1.0000,-57.800,-30.600,-57.800,0.0000,0.0000,0.0459,0.0000,0.0459,0.0000,1,
9.6922,190.8200,INIT,SWING,1.0000,-58.100,-29.600,-58.100,0.0000,0.0000,0.0444,0.0000,0.0444,0.0000,1,
9.7042,190.8300,INIT,SWING,1.0000,-58.400,-28.400,-58.400,0.0000,0.0000,0.0426,0.0000,0.0426,0.0000,1,
9.7123,190.8400,INIT,SWING,1.0000,-58.700,-28.000,-58.700,0.0000,0.0000,0.0420,0.0000,0.0420,0.0000,1,
9.7243,190.8500,INIT,SWING,1.0000,-59.000,-23.500,-59.000,0.0000,0.0000,0.0353,0.0000,0.0353,0.0000,1,
9.7322,190.8600,INIT,SWING,1.0000,-59.200,-18.400,-59.200,0.0000,0.0000,0.0276,0.0000,0.0276,0.0000,1,
9.7443,190.8700,INIT,SWING,1.0000,-59.300,-13.300,-59.300,0.0000,0.0000,0.0200,0.0000,0.0200,0.0000,1,
9.7523,190.8800,INIT,SWING,1.0000,-59.400,-12.800,-59.400,0.0000,0.0000,0.0192,0.0000,0.0192,0.0000,1,
9.7642,190.8900,INIT,SWING,1.0000,-59.500,-11.700,-59.500,0.0000,0.0000,0.0175,0.0000,0.0175,0.0000,1,
9.7722,190.9000,INIT,SWING,1.0000,-59.700,-10.600,-59.700,0.0000,0.0000,0.0159,0.0000,0.0159,0.0000,1,
9.7842,190.9100,INIT,SWING,1.0000,-59.800,-13.000,-59.800,0.0000,0.0000,0.0195,0.0000,0.0195,0.0000,1,
9.7923,190.9200,INIT,SWING,1.0000,-59.900,-15.400,-59.900,0.0000,0.0000,0.0231,0.0000,0.0231,0.0000,1,
9.8042,190.9300,INIT,SWING,1.0000,-60.100,-15.400,-60.100,0.0000,0.0000,0.0231,0.0000,0.0231,0.0000,1,
9.8122,190.9400,INIT,SWING,1.0000,-60.300,-17.800,-60.300,0.0000,0.0000,0.0267,0.0000,0.0267,0.0000,1,
9.8243,190.9500,INIT,SWING,1.0000,-60.400,-19.200,-60.400,0.0000,0.0000,0.0288,0.0000,0.0288,0.0000,1,
9.8322,190.9600,INIT,SWING,1.0000,-60.600,-17.300,-60.600,0.0000,0.0000,0.0260,0.0000,0.0260,0.0000,1,
9.8441,190.9700,INIT,SWING,1.0000,-60.800,-17.600,-60.800,0.0000,0.0000,0.0264,0.0000,0.0264,0.0000,1,
9.8522,190.9800,INIT,SWING,1.0000,-61.000,-15.600,-61.000,0.0000,0.0000,0.0234,0.0000,0.0234,0.0000,1,
9.8642,190.9900,INIT,SWING,1.0000,-61.100,-16.000,-61.100,0.0000,0.0000,0.0240,0.0000,0.0240,0.0000,1,
9.8723,191.0000,INIT,SWING,1.0000,-61.200,-16.700,-61.200,0.0000,0.0000,0.0250,0.0000,0.0250,0.0000,1,
9.8842,191.0100,INIT,SWING,1.0000,-61.400,-10.700,-61.400,0.0000,0.0000,0.0160,0.0000,0.0160,0.0000,1,
9.8923,191.0200,INIT,SWING,1.0000,-61.500,-3.100,-61.500,0.0000,0.0000,0.0047,0.0000,0.0047,0.0000,1,
9.9042,191.0300,INIT,SWING,1.0000,-61.500,-0.100,-61.500,0.0000,0.0000,0.0002,0.0000,0.0002,0.0000,1,
9.9121,191.0400,INIT,SWING,1.0000,-61.500,-0.100,-61.500,0.0000,0.0000,0.0002,0.0000,0.0002,0.0000,1,
9.9242,191.0500,INIT,SWING,1.0000,-61.500,-0.800,-61.500,0.0000,0.0000,0.0012,0.0000,0.0012,0.0000,1,
9.9322,191.0600,INIT,SWING,1.0000,-61.500,-1.600,-61.500,0.0000,0.0000,0.0024,0.0000,0.0024,0.0000,1,
9.9442,191.0700,INIT,SWING,1.0000,-61.500,-2.800,-61.500,0.0000,0.0000,0.0042,0.0000,0.0042,0.0000,1,
9.9521,191.0800,INIT,SWING,1.0000,-61.600,-4.100,-61.600,0.0000,0.0000,0.0061,0.0000,0.0061,0.0000,1,
9.9642,191.0900,INIT,SWING,1.0000,-61.600,-3.900,-61.600,0.0000,0.0000,0.0059,0.0000,0.0059,0.0000,1,
9.9721,191.1000,INIT,SWING,1.0000,-61.600,-2.700,-61.600,0.0000,0.0000,0.0041,0.0000,0.0041,0.0000,1,
9.9842,191.1100,INIT,SWING,1.0000,-61.700,-3.100,-61.700,0.0000,0.0000,0.0047,0.0000,0.0047,0.0000,1,
9.9923,191.1200,INIT,SWING,1.0000,-61.700,-4.000,-61.700,0.0000,0.0000,0.0060,0.0000,0.0060,0.0000,1,
10.0043,191.1300,INIT,SWING,1.0000,-61.700,-4.700,-61.700,0.0000,0.0000,0.0071,0.0000,0.0071,0.0000,1,
