t_s,timestamp,state,phase,phase_progress,belt_length,belt_velocity,target_belt_length,profile,assist_gain,force_n,assist_force_n,impedance_force_n,current_a,saturated,faults
0.0004,0.0000,INIT,STANCE,,-189.867,0.000,-189.867,0.0000,0.0000,0.0000,0.0000,0.0000,0.0000,0,
0.0106,0.0100,INIT,STANCE,,-189.724,14.332,-189.724,0.0000,0.0000,-0.0215,0.0000,-0.0215,0.0000,0,
0.0206,0.0200,INIT,STANCE,,-189.005,71.902,-189.005,0.0000,0.0000,-0.1079,0.0000,-0.1079,0.0000,0,
0.0306,0.0300,INIT,STANCE,,-188.647,35.824,-188.647,0.0000,0.0000,-0.0537,0.0000,-0.0537,0.0000,0,
0.0409,0.0400,INIT,STANCE,,-188.170,47.708,-188.170,0.0000,0.0000,-0.0716,0.0000,-0.0716,0.0000,0,
0.0510,0.0500,INIT,STANCE,,-186.919,125.106,-186.919,0.0000,0.0000,-0.1877,0.0000,-0.1877,0.0000,0,
0.0614,0.0600,INIT,STANCE,,-185.493,142.553,-185.493,0.0000,0.0000,-0.2138,0.0000,-0.2138,0.0000,0,
0.0713,0.0700,INIT,STANCE,,-184.434,105.933,-184.434,0.0000,0.0000,-0.1589,0.0000,-0.1589,0.0000,0,
0.0818,0.0800,INIT,STANCE,,-183.742,69.201,-183.742,0.0000,0.0000,-0.1038,0.0000,-0.1038,0.0000,0,
0.0909,0.0900,INIT,STANCE,,-182.468,127.419,-182.468,0.0000,0.0000,-0.1911,0.0000,-0.1911,0.0000,0,
0.1011,0.1000,INIT,STANCE,,-180.570,189.815,-180.570,0.0000,0.0000,-0.2847,0.0000,-0.2847,0.0000,0,
0.1104,0.1100,INIT,STANCE,,-178.524,204.505,-178.524,0.0000,0.0000,-0.3068,0.0000,-0.3068,0.0000,0,
0.1205,0.1200,INIT,STANCE,,-177.559,96.572,-177.559,0.0000,0.0000,-0.1449,0.0000,-0.1449,0.0000,0,
0.1304,0.1300,INIT,STANCE,,-174.676,288.256,-174.676,0.0000,0.0000,-0.4324,0.0000,-0.4324,0.0000,0,
0.1404,0.1400,INIT,STANCE,,-172.925,175.143,-172.925,0.0000,0.0000,-0.2627,0.0000,-0.2627,0.0000,0,
0.1504,0.1500,INIT,STANCE,,-170.441,248.403,-170.441,0.0000,0.0000,-0.3726,0.0000,-0.3726,0.0000,0,
0.1604,0.1600,INIT,STANCE,,-167.977,246.382,-167.977,0.0000,0.0000,-0.3696,0.0000,-0.3696,0.0000,0,
0.1704,0.1700,INIT,STANCE,,-165.394,258.329,-165.394,0.0000,0.0000,-0.3875,0.0000,-0.3875,0.0000,0,
0.1805,0.1800,INIT,STANCE,,-162.514,287.995,-162.514,0.0000,0.0000,-0.4320,0.0000,-0.4320,0.0000,0,
0.1904,0.1900,INIT,STANCE,,-159.583,293.070,-159.583,0.0000,0.0000,-0.4396,0.0000,-0.4396,0.0000,0,
0.2005,0.2000,INIT,STANCE,,-157.291,229.215,-157.291,0.0000,0.0000,-0.3438,0.0000,-0.3438,0.0000,0,
0.2105,0.2100,INIT,STANCE,,-153.858,343.323,-153.858,0.0000,0.0000,-0.5150,0.0000,-0.5150,0.0000,0,
0.2204,0.2200,INIT,STANCE,,-151.768,208.946,-151.768,0.0000,0.0000,-0.3134,0.0000,-0.3134,0.0000,0,
0.2304,0.2300,INIT,STANCE,,-148.400,336.774,-148.400,0.0000,0.0000,-0.5052,0.0000,-0.5052,0.0000,0,
0.2405,0.2400,INIT,STANCE,,-145.168,323.266,-145.168,0.0000,0.0000,-0.4849,0.0000,-0.4849,0.0000,0,
0.2505,0.2500,INIT,STANCE,,-142.437,273.066,-142.437,0.0000,0.0000,-0.4096,0.0000,-0.4096,0.0000,0,
0.2605,0.2600,INIT,STANCE,,-139.683,275.363,-139.683,0.0000,0.0000,-0.4130,0.0000,-0.4130,0.0000,0,
0.2705,0.2700,INIT,STANCE,,-136.640,304.307,-136.640,0.0000,0.0000,-0.4565,0.0000,-0.4565,0.0000,0,
0.2804,0.2800,INIT,STANCE,,-133.323,331.715,-133.323,0.0000,0.0000,-0.4976,0.0000,-0.4976,0.0000,0,
0.2904,0.2900,INIT,STANCE,,-129.912,341.133,-129.912,0.0000,0.0000,-0.5117,0.0000,-0.5117,0.0000,0,
0.3005,0.3000,INIT,STANCE,,-127.264,264.823,-127.264,0.0000,0.0000,-0.3972,0.0000,-0.3972,0.0000,0,
0.3104,0.3100,INIT,STANCE,,-123.812,345.173,-123.812,0.0000,0.0000,-0.5178,0.0000,-0.5178,0.0000,0,
0.3205,0.3200,INIT,STANCE,,-120.678,313.434,-120.678,0.0000,0.0000,-0.4702,0.0000,-0.4702,0.0000,0,
0.3305,0.3300,INIT,STANCE,,-117.309,336.866,-117.309,0.0000,0.0000,-0.5053,0.0000,-0.5053,0.0000,0,
0.3404,0.3400,INIT,STANCE,,-114.385,292.397,-114.385,0.0000,0.0000,-0.4386,0.0000,-0.4386,0.0000,0,
0.3505,0.3500,INIT,STANCE,,-111.317,306.816,-111.317,0.0000,0.0000,-0.4602,0.0000,-0.4602,0.0000,0,
0.3605,0.3600,INIT,STANCE,,-108.759,255.738,-108.759,0.0000,0.0000,-0.3836,0.0000,-0.3836,0.0000,0,
0.3704,0.3700,INIT,STANCE,,-105.648,311.181,-105.648,0.0000,0.0000,-0.4668,0.0000,-0.4668,0.0000,0,
0.3805,0.3800,INIT,STANCE,,-102.447,320.067,-102.447,0.0000,0.0000,-0.4801,0.0000,-0.4801,0.0000,0,
0.3905,0.3900,INIT,STANCE,,-99.403,304.435,-99.403,0.0000,0.0000,-0.4567,0.0000,-0.4567,0.0000,0,
0.4004,0.4000,INIT,STANCE,,-97.825,157.734,-97.825,0.0000,0.0000,-0.2366,0.0000,-0.2366,0.0000,0,
0.4104,0.4100,INIT,SWING,,-94.127,369.797,-94.127,0.0000,0.0000,-0.5547,0.0000,-0.5547,0.0000,0,
0.4205,0.4200,INIT,SWING,,-91.702,242.489,-91.702,0.0000,0.0000,-0.3637,0.0000,-0.3637,0.0000,0,
0.4304,0.4300,INIT,SWING,,-89.540,216.279,-89.540,0.0000,0.0000,-0.3244,0.0000,-0.3244,0.0000,0,
0.4405,0.4400,INIT,SWING,,-87.468,207.183,-87.468,0.0000,0.0000,-0.3108,0.0000,-0.3108,0.0000,0,
0.4505,0.4500,INIT,SWING,,-85.537,193.093,-85.537,0.0000,0.0000,-0.2896,0.0000,-0.2896,0.0000,0,
0.4605,0.4600,INIT,SWING,,-82.788,274.885,-82.788,0.0000,0.0000,-0.4123,0.0000,-0.4123,0.0000,0,
0.4705,0.4700,INIT,SWING,,-80.675,211.316,-80.675,0.0000,0.0000,-0.3170,0.0000,-0.3170,0.0000,0,
0.4804,0.4800,INIT,SWING,,-78.959,171.577,-78.959,0.0000,0.0000,-0.2574,0.0000,-0.2574,0.0000,0,
0.4904,0.4900,INIT,SWING,,-77.512,144.668,-77.512,0.0000,0.0000,-0.2170,0.0000,-0.2170,0.0000,0,
0.5005,0.5000,INIT,SWING,,-76.397,111.578,-76.397,0.0000,0.0000,-0.1674,0.0000,-0.1674,0.0000,0,
0.5104,0.5100,INIT,SWING,,-75.671,72.606,-75.671,0.0000,0.0000,-0.1089,0.0000,-0.1089,0.0000,0,
0.5205,0.5200,INIT,SWING,,-73.987,168.364,-73.987,0.0000,0.0000,-0.2525,0.0000,-0.2525,0.0000,0,
0.5310,0.5300,INIT,SWING,,-72.674,131.294,-72.674,0.0000,0.0000,-0.1969,0.0000,-0.1969,0.0000,0,
0.5411,0.5400,INIT,SWING,,-72.560,11.422,-72.560,0.0000,0.0000,-0.0171,0.0000,-0.0171,0.0000,0,
0.5510,0.5500,INIT,SWING,,-71.153,140.670,-71.153,0.0000,0.0000,-0.2110,0.0000,-0.2110,0.0000,0,
0.5610,0.5600,INIT,SWING,,-70.567,58.634,-70.567,0.0000,0.0000,-0.0880,0.0000,-0.0880,0.0000,0,
0.5711,0.5700,INIT,SWING,,-70.050,51.648,-70.050,0.0000,0.0000,-0.0775,0.0000,-0.0775,0.0000,0,
0.5810,0.5800,INIT,SWING,,-70.556,-50.561,-70.556,0.0000,0.0000,0.0758,0.0000,0.0758,0.1332,0,
0.5909,0.5900,INIT,SWING,,-69.639,91.702,-69.639,0.0000,0.0000,-0.1376,0.0000,-0.1376,0.0000,0,
0.6006,0.6000,INIT,SWING,,-69.705,-6.566,-69.705,0.0000,0.0000,0.0098,0.0000,0.0098,0.0573,0,
0.6106,0.6100,INIT,SWING,,-70.040,-33.540,-70.040,0.0000,0.0000,0.0503,0.0000,0.0503,0.1038,0,
0.6210,0.6200,INIT,SWING,,-68.887,115.263,-68.887,0.0000,0.0000,-0.1729,0.0000,-0.1729,0.0000,0,
0.6314,0.6300,INIT,SWING,,-70.490,-160.235,-70.490,0.0000,0.0000,0.2404,0.0000,0.2404,0.3222,0,
0.6410,0.6400,INIT,SWING,,-69.498,99.140,-69.498,0.0000,0.0000,-0.1487,0.0000,-0.1487,0.0000,0,
0.6505,0.6500,INIT,SWING,,-70.909,-141.090,-70.909,0.0000,0.0000,0.2116,0.0000,0.2116,0.2892,0,
0.6606,0.6600,INIT,SWING,,-70.112,79.731,-70.112,0.0000,0.0000,-0.1196,0.0000,-0.1196,0.0000,0,
0.6706,0.6700,INIT,SWING,,-71.800,-168.805,-71.800,0.0000,0.0000,0.2532,0.0000,0.2532,0.3370,0,
0.6807,0.6800,INIT,SWING,,-72.179,-37.908,-72.179,0.0000,0.0000,0.0569,0.0000,0.0569,0.1113,0,
0.6908,0.6900,INIT,SWING,,-74.772,-259.295,-74.772,0.0000,0.0000,0.3889,0.0000,0.3889,0.4930,0,
0.7011,0.7000,INIT,SWING,,-73.681,109.086,-73.681,0.0000,0.0000,-0.1636,0.0000,-0.1636,0.0000,0,
0.7110,0.7100,INIT,SWING,,-75.910,-222.898,-75.910,0.0000,0.0000,0.3343,0.0000,0.3343,0.4303,0,
0.7211,0.7200,INIT,SWING,,-76.292,-38.165,-76.292,0.0000,0.0000,0.0572,0.0000,0.0572,0.1118,0,
0.7310,0.7300,INIT,SWING,,-79.240,-294.812,-79.240,0.0000,0.0000,0.4422,0.0000,0.4422,0.5543,0,
0.7413,0.7400,INIT,SWING,,-78.575,66.463,-78.575,0.0000,0.0000,-0.0997,0.0000,-0.0997,0.0000,0,
0.7511,0.7500,INIT,SWING,,-83.082,-450.725,-83.082,0.0000,0.0000,0.6761,0.0000,0.6761,0.8231,0,
0.7612,0.7600,INIT,SWING,,-82.196,88.604,-82.196,0.0000,0.0000,-0.1329,0.0000,-0.1329,0.0000,0,
0.7711,0.7700,INIT,SWING,,-85.261,-306.482,-85.261,0.0000,0.0000,0.4597,0.0000,0.4597,0.5744,0,
0.7809,0.7800,INIT,SWING,,-86.574,-131.245,-86.574,0.0000,0.0000,0.1969,0.0000,0.1969,0.2723,0,
0.7912,0.7900,INIT,SWING,,-88.452,-187.796,-88.452,0.0000,0.0000,0.2817,0.0000,0.2817,0.3698,0,
0.8004,0.8000,INIT,SWING,,-91.463,-301.104,-91.463,0.0000,0.0000,0.4517,0.0000,0.4517,0.5651,0,
0.8104,0.8100,INIT,SWING,,-93.289,-182.645,-93.289,0.0000,0.0000,0.2740,0.0000,0.2740,0.3609,0,
0.8205,0.8200,INIT,SWING,,-95.869,-257.951,-95.869,0.0000,0.0000,0.3869,0.0000,0.3869,0.4907,0,
0.8307,0.8300,INIT,SWING,,-98.310,-244.177,-98.310,0.0000,0.0000,0.3663,0.0000,0.3663,0.4670,0,
0.8411,0.8400,INIT,SWING,,-100.798,-248.795,-100.798,0.0000,0.0000,0.3732,0.0000,0.3732,0.4749,0,
0.8511,0.8500,INIT,SWING,,-102.524,-172.557,-102.524,0.0000,0.0000,0.2588,0.0000,0.2588,0.3435,0,
0.8611,0.8600,INIT,SWING,,-105.751,-322.697,-105.751,0.0000,0.0000,0.4840,0.0000,0.4840,0.6024,0,
0.8711,0.8700,INIT,SWING,,-107.468,-171.702,-107.468,0.0000,0.0000,0.2576,0.0000,0.2576,0.3420,0,
0.8811,0.8800,INIT,SWING,,-111.661,-419.351,-111.661,0.0000,0.0000,0.6290,0.0000,0.6290,0.7690,0,
0.8911,0.8900,INIT,SWING,,-112.031,-36.963,-112.031,0.0000,0.0000,0.0554,0.0000,0.0554,0.1097,0,
0.9011,0.9000,INIT,SWING,,-117.478,-544.714,-117.478,0.0000,0.0000,0.8171,0.0000,0.8171,0.9851,0,
0.9113,0.9100,INIT,SWING,,-117.089,38.961,-117.089,0.0000,0.0000,-0.0584,0.0000,-0.0584,0.0000,0,
0.9210,0.9200,INIT,SWING,,-123.186,-609.732,-123.186,0.0000,0.0000,0.9146,0.0000,0.9146,1.0972,0,
0.9310,0.9300,INIT,SWING,,-123.162,2.353,-123.162,0.0000,0.0000,-0.0035,0.0000,-0.0035,0.0000,0,
0.9411,0.9400,INIT,SWING,,-128.127,-496.416,-128.127,0.0000,0.0000,0.7446,0.0000,0.7446,0.9019,0,
0.9510,0.9500,INIT,SWING,,-128.620,-49.344,-128.620,0.0000,0.0000,0.0740,0.0000,0.0740,0.1311,0,
0.9612,0.9600,INIT,SWING,,-133.606,-498.557,-133.606,0.0000,0.0000,0.7478,0.0000,0.7478,0.9056,0,
0.9711,0.9700,INIT,SWING,,-134.645,-103.983,-134.645,0.0000,0.0000,0.1560,0.0000,0.1560,0.2253,0,
0.9811,0.9800,INIT,SWING,,-139.073,-442.801,-139.073,0.0000,0.0000,0.6642,0.0000,0.6642,0.8094,0,
0.9911,0.9900,INIT,SWING,,-140.251,-117.789,-140.251,0.0000,0.0000,0.1767,0.0000,0.1767,0.2491,0,
1.0012,1.0000,INIT,SWING,,-143.384,-313.245,-143.384,0.0000,0.0000,0.4699,0.0000,0.4699,0.5861,0,
1.0111,1.0100,INIT,SWING,,-145.267,-188.298,-145.267,0.0000,0.0000,0.2824,0.0000,0.2824,0.3706,0,
1.0211,1.0200,INIT,SWING,,-148.782,-351.530,-148.782,0.0000,0.0000,0.5273,0.0000,0.5273,0.6521,0,
1.0311,1.0300,INIT,SWING,,-150.707,-192.547,-150.707,0.0000,0.0000,0.2888,0.0000,0.2888,0.3780,0,
1.0410,1.0400,INIT,SWING,,-152.765,-205.798,-152.765,0.0000,0.0000,0.3087,0.0000,0.3087,0.4008,0,
1.0511,1.0500,INIT,SWING,,-156.174,-340.903,-156.174,0.0000,0.0000,0.5114,0.0000,0.5114,0.6337,0,
1.0611,1.0600,INIT,SWING,,-157.233,-105.838,-157.233,0.0000,0.0000,0.1588,0.0000,0.1588,0.2285,0,
1.0711,1.0700,INIT,SWING,,-159.850,-261.745,-159.850,0.0000,0.0000,0.3926,0.0000,0.3926,0.4973,0,
1.0811,1.0800,INIT,SWING,,-162.608,-275.752,-162.608,0.0000,0.0000,0.4136,0.0000,0.4136,0.5214,0,
1.0909,1.0900,INIT,SWING,,-162.931,-32.301,-162.931,0.0000,0.0000,0.0485,0.0000,0.0485,0.1017,0,
1.1010,1.1000,INIT,SWING,,-166.557,-362.622,-166.557,0.0000,0.0000,0.5439,0.0000,0.5439,0.6712,0,
1.1111,1.1100,INIT,SWING,,-166.492,6.517,-166.492,0.0000,0.0000,-0.0098,0.0000,-0.0098,0.0000,0,
1.1212,1.1200,INIT,SWING,,-169.916,-342.371,-169.916,0.0000,0.0000,0.5136,0.0000,0.5136,0.6363,0,
1.1311,1.1300,INIT,SWING,,-169.758,15.785,-169.758,0.0000,0.0000,-0.0237,0.0000,-0.0237,0.0000,0,
1.1411,1.1400,INIT,SWING,,-172.477,-271.930,-172.477,0.0000,0.0000,0.4079,0.0000,0.4079,0.5148,0,
1.1511,1.1500,INIT,SWING,,-173.158,-68.074,-173.158,0.0000,0.0000,0.1021,0.0000,0.1021,0.1633,0,
1.1611,1.1600,INIT,SWING,,-173.951,-79.355,-173.951,0.0000,0.0000,0.1190,0.0000,0.1190,0.1828,0,
1.1711,1.1700,INIT,SWING,,-175.512,-156.098,-175.512,0.0000,0.0000,0.2341,0.0000,0.2341,0.3151,0,
1.1812,1.1800,INIT,SWING,,-175.860,-34.793,-175.860,0.0000,0.0000,0.0522,0.0000,0.0522,0.1060,0,
1.1911,1.1900,INIT,SWING,,-176.928,-106.787,-176.928,0.0000,0.0000,0.1602,0.0000,0.1602,0.2301,0,
1.2011,1.2000,INIT,STANCE,,-177.397,-46.846,-177.397,0.0000,0.0000,0.0703,0.0000,0.0703,0.1267,0,
1.2111,1.2100,INIT,STANCE,,-177.966,-56.949,-177.966,0.0000,0.0000,0.0854,0.0000,0.0854,0.1442,0,
1.2211,1.2200,INIT,STANCE,,-178.522,-55.552,-178.522,0.0000,0.0000,0.0833,0.0000,0.0833,0.1418,0,
1.2311,1.2300,INIT,STANCE,,-179.142,-62.063,-179.142,0.0000,0.0000,0.0931,0.0000,0.0931,0.1530,0,
1.2411,1.2400,INIT,STANCE,,-178.362,78.021,-178.362,0.0000,0.0000,-0.1170,0.0000,-0.1170,0.0000,0,
1.2511,1.2500,INIT,STANCE,,-178.857,-49.525,-178.857,0.0000,0.0000,0.0743,0.0000,0.0743,0.1314,0,
1.2612,1.2600,INIT,STANCE,,-178.453,40.429,-178.453,0.0000,0.0000,-0.0606,0.0000,-0.0606,0.0000,0,
1.2711,1.2700,INIT,STANCE,,-177.534,91.916,-177.534,0.0000,0.0000,-0.1379,0.0000,-0.1379,0.0000,0,
1.2810,1.2800,INIT,STANCE,,-177.355,17.839,-177.355,0.0000,0.0000,-0.0268,0.0000,-0.0268,0.0000,0,
1.2911,1.2900,INIT,STANCE,,-176.785,57.029,-176.785,0.0000,0.0000,-0.0855,0.0000,-0.0855,0.0000,0,
1.3012,1.3000,INIT,STANCE,,-175.806,97.937,-175.806,0.0000,0.0000,-0.1469,0.0000,-0.1469,0.0000,0,
1.3111,1.3100,INIT,STANCE,,-174.081,172.429,-174.081,0.0000,0.0000,-0.2586,0.0000,-0.2586,0.0000,0,
1.3212,1.3200,INIT,STANCE,,-172.644,143.697,-172.644,0.0000,0.0000,-0.2155,0.0000,-0.2155,0.0000,0,
1.3311,1.3300,INIT,STANCE,,-170.670,197.428,-170.670,0.0000,0.0000,-0.2961,0.0000,-0.2961,0.0000,0,
1.3411,1.3400,INIT,STANCE,,-169.441,122.946,-169.441,0.0000,0.0000,-0.1844,0.0000,-0.1844,0.0000,0,
1.3511,1.3500,INIT,STANCE,,-167.091,234.940,-167.091,0.0000,0.0000,-0.3524,0.0000,-0.3524,0.0000,0,
1.3611,1.3600,INIT,STANCE,,-164.869,222.261,-164.869,0.0000,0.0000,-0.3334,0.0000,-0.3334,0.0000,0,
1.3712,1.3700,INIT,SWING,0.0000,-162.751,211.754,-162.751,0.0000,0.0000,-0.3176,0.0000,-0.3176,0.0000,0,
1.3812,1.3800,INIT,SWING,0.0127,-161.810,94.102,-161.810,0.0398,0.0000,-0.1412,0.0000,-0.1412,0.0000,0,
1.3912,1.3900,INIT,SWING,0.0253,-157.907,390.276,-157.907,0.0795,0.0000,-0.5854,0.0000,-0.5854,0.0000,0,
1.4006,1.4000,INIT,SWING,0.0380,-155.691,221.681,-155.691,0.1190,0.0000,-0.3325,0.0000,-0.3325,0.0000,0,
1.4112,1.4100,INIT,SWING,0.0506,-152.988,270.287,-152.988,0.1584,0.0000,-0.4054,0.0000,-0.4054,0.0000,0,
1.4205,1.4200,INIT,SWING,0.0633,-150.253,273.459,-150.253,0.1975,0.0000,-0.4102,0.0000,-0.4102,0.0000,0,
1.4311,1.4300,INIT,SWING,0.0759,-147.417,283.637,-147.417,0.2363,0.0000,-0.4255,0.0000,-0.4255,0.0000,0,
1.4412,1.4400,INIT,SWING,0.0886,-144.544,287.243,-144.544,0.2748,0.0000,-0.4309,0.0000,-0.4309,0.0000,0,
1.4511,1.4500,INIT,SWING,0.1013,-141.862,268.241,-141.862,0.3128,0.0000,-0.4024,0.0000,-0.4024,0.0000,0,
1.4612,1.4600,INIT,SWING,0.1139,-139.479,238.268,-139.479,0.3503,0.0000,-0.3574,0.0000,-0.3574,0.0000,0,
1.4712,1.4700,INIT,SWING,0.1266,-135.726,375.302,-135.726,0.3873,0.0000,-0.5630,0.0000,-0.5630,0.0000,0,
1.4812,1.4800,INIT,SWING,0.1392,-132.942,278.441,-132.942,0.4236,0.0000,-0.4177,0.0000,-0.4177,0.0000,0,
1.4912,1.4900,INIT,SWING,0.1519,-129.109,383.264,-129.109,0.4593,0.0000,-0.5749,0.0000,-0.5749,0.0000,0,
1.5012,1.5000,INIT,SWING,0.1646,-126.571,253.868,-126.571,0.4942,0.0000,-0.3808,0.0000,-0.3808,0.0000,0,
1.5112,1.5100,INIT,SWING,0.1772,-123.338,323.288,-123.338,0.5284,0.0000,-0.4849,0.0000,-0.4849,0.0000,0,
1.5210,1.5200,INIT,SWING,0.1899,-120.639,269.915,-120.639,0.5618,0.0000,-0.4049,0.0000,-0.4049,0.0000,0,
1.5305,1.5300,INIT,SWING,0.2025,-117.451,318.718,-117.451,0.5942,0.0000,-0.4781,0.0000,-0.4781,0.0000,0,
1.5404,1.5400,INIT,SWING,0.2152,-114.230,322.138,-114.230,0.6257,0.0000,-0.4832,0.0000,-0.4832,0.0000,0,
1.5512,1.5500,INIT,SWING,0.2278,-111.836,239.349,-111.836,0.6562,0.0000,-0.3590,0.0000,-0.3590,0.0000,0,
1.5611,1.5600,INIT,SWING,0.2405,-108.186,365.002,-108.186,0.6857,0.0000,-0.5475,0.0000,-0.5475,0.0000,0,
1.5711,1.5700,INIT,SWING,0.2532,-105.469,271.695,-105.469,0.7141,0.0000,-0.4075,0.0000,-0.4075,0.0000,0,
1.5811,1.5800,INIT,SWING,0.2658,-103.086,238.354,-103.086,0.7414,0.0000,-0.3575,0.0000,-0.3575,0.0000,0,
1.5911,1.5900,INIT,SWING,0.2785,-100.828,225.807,-100.828,0.7675,0.0000,-0.3387,0.0000,-0.3387,0.0000,0,
1.6012,1.6000,INIT,SWING,0.2911,-97.000,382.741,-97.000,0.7923,0.0000,-0.5741,0.0000,-0.5741,0.0000,0,
1.6112,1.6100,INIT,SWING,0.3038,-94.750,225.089,-94.750,0.8160,0.0000,-0.3376,0.0000,-0.3376,0.0000,0,
1.6212,1.6200,INIT,SWING,0.3165,-92.362,238.711,-92.362,0.8383,0.0000,-0.3581,0.0000,-0.3581,0.0000,0,
1.6312,1.6300,INIT,SWING,0.3291,-89.867,249.554,-89.867,0.8593,0.0000,-0.3743,0.0000,-0.3743,0.0000,0,
1.6412,1.6400,INIT,SWING,0.3418,-86.777,309.026,-86.777,0.8790,0.0000,-0.4635,0.0000,-0.4635,0.0000,0,
1.6510,1.6500,INIT,SWING,0.3544,-85.369,140.751,-85.369,0.8972,0.0000,-0.2111,0.0000,-0.2111,0.0000,0,
1.6612,1.6600,INIT,SWING,0.3671,-83.282,208.734,-83.282,0.9141,0.0000,-0.3131,0.0000,-0.3131,0.0000,0,
1.6711,1.6700,INIT,SWING,0.3797,-82.005,127.635,-82.005,0.9295,0.0000,-0.1915,0.0000,-0.1915,0.0000,0,
1.6812,1.6800,INIT,SWING,0.3924,-78.978,302.730,-78.978,0.9434,0.0000,-0.4541,0.0000,-0.4541,0.0000,0,
1.6912,1.6900,INIT,SWING,0.4051,-77.634,134.434,-77.634,0.9559,0.0000,-0.2017,0.0000,-0.2017,0.0000,0,
1.7012,1.7000,INIT,SWING,0.4177,-76.080,155.422,-76.080,0.9668,0.0000,-0.2331,0.0000,-0.2331,0.0000,0,
1.7112,1.7100,INIT,SWING,0.4304,-75.139,94.073,-75.139,0.9762,0.0000,-0.1411,0.0000,-0.1411,0.0000,0,
1.7212,1.7200,INIT,SWING,0.4430,-73.593,154.625,-73.593,0.9840,0.0000,-0.2319,0.0000,-0.2319,0.0000,0,
1.7312,1.7300,INIT,SWING,0.4557,-72.765,82.724,-72.765,0.9903,0.0000,-0.1241,0.0000,-0.1241,0.0000,0,
1.7412,1.7400,INIT,SWING,0.4684,-71.779,98.637,-71.779,0.9951,0.0000,-0.1480,0.0000,-0.1480,0.0000,0,
1.7511,1.7500,INIT,SWING,0.4810,-71.354,42.479,-71.354,0.9982,0.0000,-0.0637,0.0000,-0.0637,0.0000,0,
1.7610,1.7600,INIT,SWING,0.4937,-71.313,4.168,-71.313,0.9998,0.0000,-0.0063,0.0000,-0.0063,0.0000,0,
1.7712,1.7700,INIT,SWING,0.5063,-69.903,140.927,-69.903,0.9998,0.0000,-0.2114,0.0000,-0.2114,0.0000,0,
1.7812,1.7800,INIT,SWING,0.5190,-70.844,-94.069,-70.844,0.9982,0.0000,0.1411,0.0000,0.1411,0.2082,0,
1.7911,1.7900,INIT,SWING,0.5316,-69.107,173.721,-69.107,0.9951,0.0000,-0.2606,0.0000,-0.2606,0.0000,0,
1.8012,1.8000,INIT,SWING,0.5443,-69.291,-18.430,-69.291,0.9903,0.0000,0.0276,0.0000,0.0276,0.0778,0,
1.8112,1.8100,INIT,SWING,0.5570,-69.610,-31.892,-69.610,0.9840,0.0000,0.0478,0.0000,0.0478,0.1010,0,
1.8212,1.8200,INIT,SWING,0.5696,-69.017,59.346,-69.017,0.9762,0.0000,-0.0890,0.0000,-0.0890,0.0000,0,
1.8312,1.8300,INIT,SWING,0.5823,-70.088,-107.137,-70.088,0.9668,0.0000,0.1607,0.0000,0.1607,0.2307,0,
1.8412,1.8400,INIT,SWING,0.5949,-69.985,10.323,-69.985,0.9559,0.0000,-0.0155,0.0000,-0.0155,0.0000,0,
1.8511,1.8500,INIT,SWING,0.6076,-70.757,-77.204,-70.757,0.9434,0.0000,0.1158,0.0000,0.1158,0.1791,0,
1.8612,1.8600,INIT,SWING,0.6203,-71.594,-83.711,-71.594,0.9295,0.0000,0.1256,0.0000,0.1256,0.1903,0,
1.8712,1.8700,INIT,SWING,0.6329,-71.459,13.520,-71.459,0.9141,0.0000,-0.0203,0.0000,-0.0203,0.0000,0,
1.8812,1.8800,INIT,SWING,0.6456,-73.599,-214.019,-73.599,0.8972,0.0000,0.3210,0.0000,0.3210,0.4150,0,
1.8911,1.8900,INIT,SWING,0.6582,-73.807,-20.778,-73.807,0.8790,0.0000,0.0312,0.0000,0.0312,0.0818,0,
1.9011,1.9000,INIT,SWING,0.6709,-76.171,-236.434,-76.171,0.8593,0.0000,0.3547,0.0000,0.3547,0.4536,0,
1.9111,1.9100,INIT,SWING,0.6835,-76.067,10.379,-76.067,0.8383,0.0000,-0.0156,0.0000,-0.0156,0.0000,0,
1.9212,1.9200,INIT,SWING,0.6962,-77.717,-164.945,-77.717,0.8160,0.0000,0.2474,0.0000,0.2474,0.3304,0,
1.9311,1.9300,INIT,SWING,0.7089,-79.272,-155.564,-79.272,0.7923,0.0000,0.2333,0.0000,0.2333,0.3142,0,
1.9412,1.9400,INIT,SWING,0.7215,-80.775,-150.229,-80.775,0.7675,0.0000,0.2253,0.0000,0.2253,0.3050,0,
1.9511,1.9500,INIT,SWING,0.7342,-81.661,-88.673,-81.661,0.7414,0.0000,0.1330,0.0000,0.1330,0.1989,0,
1.9612,1.9600,INIT,SWING,0.7468,-85.171,-350.952,-85.171,0.7141,0.0000,0.5264,0.0000,0.5264,0.6511,0,
1.9712,1.9700,INIT,SWING,0.7595,-85.215,-4.425,-85.215,0.6857,0.0000,0.0066,0.0000,0.0066,0.0536,0,
1.9812,1.9800,INIT,SWING,0.7722,-88.653,-343.749,-88.653,0.6562,0.0000,0.5156,0.0000,0.5156,0.6386,0,
1.9912,1.9900,INIT,SWING,0.7848,-88.946,-29.391,-88.946,0.6257,0.0000,0.0441,0.0000,0.0441,0.0967,0,
2.0011,2.0000,INIT,SWING,0.7975,-93.024,-407.752,-93.024,0.5942,0.0000,0.6116,0.0000,0.6116,0.7490,0,
2.0112,2.0100,INIT,SWING,0.8101,-93.494,-47.008,-93.494,0.5618,0.0000,0.0705,0.0000,0.0705,0.1270,0,
2.0212,2.0200,INIT,SWING,0.8228,-97.647,-415.261,-97.647,0.5284,0.0000,0.6229,0.0000,0.6229,0.7619,0,
2.0312,2.0300,INIT,SWING,0.8354,-97.443,20.347,-97.443,0.4942,0.0000,-0.0305,0.0000,-0.0305,0.0000,0,
2.0412,2.0400,INIT,SWING,0.8481,-102.037,-459.378,-102.037,0.4593,0.0000,0.6891,0.0000,0.6891,0.8380,0,
2.0512,2.0500,INIT,SWING,0.8608,-103.089,-105.184,-103.089,0.4236,0.0000,0.1578,0.0000,0.1578,0.2273,0,
2.0612,2.0600,INIT,SWING,0.8734,-106.572,-348.300,-106.572,0.3873,0.0000,0.5225,0.0000,0.5225,0.6465,0,
2.0711,2.0700,INIT,SWING,0.8861,-108.872,-230.047,-108.872,0.3503,0.0000,0.3451,0.0000,0.3451,0.4426,0,
2.0812,2.0800,INIT,SWING,0.8987,-111.402,-252.928,-111.402,0.3128,0.0000,0.3794,0.0000,0.3794,0.4821,0,
2.0909,2.0900,INIT,SWING,0.9114,-113.375,-197.308,-113.375,0.2748,0.0000,0.2960,0.0000,0.2960,0.3862,0,
2.1012,2.1000,INIT,SWING,0.9241,-117.085,-371.080,-117.085,0.2363,0.0000,0.5566,0.0000,0.5566,0.6858,0,
2.1112,2.1100,INIT,SWING,0.9367,-118.004,-91.860,-118.004,0.1975,0.0000,0.1378,0.0000,0.1378,0.2044,0,
2.1213,2.1200,INIT,SWING,0.9494,-123.435,-543.080,-123.435,0.1584,0.0000,0.8146,0.0000,0.8146,0.9823,0,
2.1312,2.1300,INIT,SWING,0.9620,-123.271,16.408,-123.271,0.1190,0.0000,-0.0246,0.0000,-0.0246,0.0000,0,
2.1411,2.1400,INIT,SWING,0.9747,-128.865,-559.401,-128.865,0.0795,0.0000,0.8391,0.0000,0.8391,1.0105,0,
2.1512,2.1500,INIT,SWING,0.9873,-128.790,7.464,-128.790,0.0398,0.0000,-0.0112,0.0000,-0.0112,0.0000,0,
2.1612,2.1600,INIT,SWING,1.0000,-134.275,-548.447,-134.275,0.0000,0.0000,0.8227,0.0000,0.8227,0.9916,0,
2.1711,2.1700,INIT,SWING,1.0000,-134.762,-48.781,-134.762,0.0000,0.0000,0.0732,0.0000,0.0732,0.1301,0,
2.1812,2.1800,INIT,SWING,1.0000,-139.443,-468.074,-139.443,0.0000,0.0000,0.7021,0.0000,0.7021,0.8530,0,
2.1912,2.1900,INIT,SWING,1.0000,-138.753,69.021,-138.753,0.0000,0.0000,-0.1035,0.0000,-0.1035,0.0000,0,
2.2012,2.2000,INIT,SWING,1.0000,-145.041,-628.818,-145.041,0.0000,0.0000,0.9432,0.0000,0.9432,1.1301,0,
2.2112,2.2100,INIT,SWING,1.0000,-145.170,-12.873,-145.170,0.0000,0.0000,0.0193,0.0000,0.0193,0.0682,0,
2.2211,2.2200,INIT,SWING,1.0000,-149.251,-408.074,-149.251,0.0000,0.0000,0.6121,0.0000,0.6121,0.7496,0,
2.2312,2.2300,INIT,SWING,1.0000,-149.791,-54.027,-149.791,0.0000,0.0000,0.0810,0.0000,0.0810,0.1391,0,
2.2411,2.2400,INIT,SWING,1.0000,-154.247,-445.601,-154.247,0.0000,0.0000,0.6684,0.0000,0.6684,0.8143,0,
2.2512,2.2500,INIT,SWING,1.0000,-153.998,24.935,-153.998,0.0000,0.0000,-0.0374,0.0000,-0.0374,0.0000,0,
2.2612,2.2600,INIT,SWING,1.0000,-158.536,-453.887,-158.536,0.0000,0.0000,0.6808,0.0000,0.6808,0.8285,0,
2.2712,2.2700,INIT,SWING,1.0000,-159.095,-55.871,-159.095,0.0000,0.0000,0.0838,0.0000,0.0838,0.1423,0,
2.2812,2.2800,INIT,SWING,1.0000,-162.626,-353.043,-162.626,0.0000,0.0000,0.5296,0.0000,0.5296,0.6547,0,
2.2912,2.2900,INIT,SWING,1.0000,-163.504,-87.867,-163.504,0.0000,0.0000,0.1318,0.0000,0.1318,0.1975,0,
2.3020,2.3000,INIT,STANCE,0.0000,-166.169,-266.481,-166.169,0.0000,0.0000,0.3997,0.0000,0.3997,0.5054,0,
2.3110,2.3100,BASELINE_COLLECTION,STANCE,0.0588,-167.520,-135.072,-167.520,0.0000,0.0000,0.2026,0.0000,0.2026,0.2789,0,
2.3212,2.3200,BASELINE_COLLECTION,STANCE,0.1176,-168.441,-92.162,-168.441,0.0000,0.0000,0.1382,0.0000,0.1382,0.2049,0,
2.3311,2.3300,BASELINE_COLLECTION,STANCE,0.1765,-170.381,-193.942,-170.381,0.0000,0.0000,0.2909,0.0000,0.2909,0.3804,0,
2.3411,2.3400,BASELINE_COLLECTION,STANCE,0.2353,-172.509,-212.865,-172.509,0.0000,0.0000,0.3193,0.0000,0.3193,0.4130,0,
2.3511,2.3500,BASELINE_COLLECTION,STANCE,0.2941,-173.146,-63.645,-173.146,0.0000,0.0000,0.0955,0.0000,0.0955,0.1557,0,
2.3610,2.3600,BASELINE_COLLECTION,STANCE,0.3529,-175.103,-195.721,-175.103,0.0000,0.0000,0.2936,0.0000,0.2936,0.3834,0,
2.3711,2.3700,BASELINE_COLLECTION,STANCE,0.4118,-175.136,-3.275,-175.136,0.0000,0.0000,0.0049,0.0000,0.0049,0.0516,0,
2.3812,2.3800,BASELINE_COLLECTION,STANCE,0.4706,-177.750,-261.408,-177.750,0.0000,0.0000,0.3921,0.0000,0.3921,0.4967,0,
2.3911,2.3900,BASELINE_COLLECTION,STANCE,0.5294,-176.288,146.209,-176.288,0.0000,0.0000,-0.2193,0.0000,-0.2193,0.0000,0,
2.4011,2.4000,BASELINE_COLLECTION,STANCE,0.5882,-176.895,-60.701,-176.895,0.0000,0.0000,0.0911,0.0000,0.0911,0.1506,0,
2.4111,2.4100,BASELINE_COLLECTION,STANCE,0.6471,-178.067,-117.186,-178.067,0.0000,0.0000,0.1758,0.0000,0.1758,0.2480,0,
2.4211,2.4200,BASELINE_COLLECTION,STANCE,0.7059,-177.391,67.602,-177.391,0.0000,0.0000,-0.1014,0.0000,-0.1014,0.0000,0,
2.4309,2.4300,BASELINE_COLLECTION,STANCE,0.7647,-178.710,-131.965,-178.710,0.0000,0.0000,0.1979,0.0000,0.1979,0.2735,0,
2.4412,2.4400,BASELINE_COLLECTION,STANCE,0.8235,-176.987,172.316,-176.987,0.0000,0.0000,-0.2585,0.0000,-0.2585,0.0000,0,
2.4511,2.4500,BASELINE_COLLECTION,STANCE,0.8824,-177.926,-93.849,-177.926,0.0000,0.0000,0.1408,0.0000,0.1408,0.2078,0,
2.4611,2.4600,BASELINE_COLLECTION,STANCE,0.9412,-177.197,72.834,-177.197,0.0000,0.0000,-0.1093,0.0000,-0.1093,0.0000,0,
2.4711,2.4700,BASELINE_COLLECTION,STANCE,1.0000,-175.875,132.183,-175.875,0.0000,0.0000,-0.1983,0.0000,-0.1983,0.0000,0,
2.4810,2.4800,BASELINE_COLLECTION,STANCE,1.0000,-176.604,-72.861,-176.604,0.0000,0.0000,0.1093,0.0000,0.1093,0.1716,0,
2.4911,2.4900,BASELINE_COLLECTION,STANCE,1.0000,-175.478,112.582,-175.478,0.0000,0.0000,-0.1689,0.0000,-0.1689,0.0000,0,
2.5012,2.5000,BASELINE_COLLECTION,STANCE,1.0000,-174.087,139.134,-174.087,0.0000,0.0000,-0.2087,0.0000,-0.2087,0.0000,0,
2.5110,2.5100,BASELINE_COLLECTION,STANCE,1.0000,-173.127,95.997,-173.127,0.0000,0.0000,-0.1440,0.0000,-0.1440,0.0000,0,
2.5205,2.5200,BASELINE_COLLECTION,STANCE,1.0000,-171.411,171.633,-171.411,0.0000,0.0000,-0.2574,0.0000,-0.2574,0.0000,0,
2.5311,2.5300,BASELINE_COLLECTION,STANCE,1.0000,-170.729,68.186,-170.729,0.0000,0.0000,-0.1023,0.0000,-0.1023,0.0000,0,
2.5411,2.5400,BASELINE_COLLECTION,STANCE,1.0000,-168.373,235.595,-168.373,0.0000,0.0000,-0.3534,0.0000,-0.3534,0.0000,0,
2.5511,2.5500,BASELINE_COLLECTION,STANCE,1.0000,-166.514,185.930,-166.514,0.0000,0.0000,-0.2789,0.0000,-0.2789,0.0000,0,
2.5612,2.5600,BASELINE_COLLECTION,STANCE,1.0000,-165.120,139.347,-165.120,0.0000,0.0000,-0.2090,0.0000,-0.2090,0.0000,0,
2.5712,2.5700,BASELINE_COLLECTION,STANCE,1.0000,-162.637,248.299,-162.637,0.0000,0.0000,-0.3724,0.0000,-0.3724,0.0000,0,
2.5812,2.5800,BASELINE_COLLECTION,STANCE,1.0000,-160.747,188.981,-160.747,0.0000,0.0000,-0.2835,0.0000,-0.2835,0.0000,0,
2.5911,2.5900,BASELINE_COLLECTION,STANCE,1.0000,-157.064,368.301,-157.064,0.0000,0.0000,-0.5525,0.0000,-0.5525,0.0000,0,
2.6012,2.6000,BASELINE_COLLECTION,STANCE,1.0000,-155.758,130.589,-155.758,0.0000,0.0000,-0.1959,0.0000,-0.1959,0.0000,0,
2.6112,2.6100,BASELINE_COLLECTION,STANCE,1.0000,-153.030,272.853,-153.030,0.0000,0.0000,-0.4093,0.0000,-0.4093,0.0000,0,
2.6212,2.6200,BASELINE_COLLECTION,STANCE,1.0000,-150.556,247.423,-150.556,0.0000,0.0000,-0.3711,0.0000,-0.3711,0.0000,0,
2.6311,2.6300,BASELINE_COLLECTION,STANCE,1.0000,-147.468,308.763,-147.468,0.0000,0.0000,-0.4631,0.0000,-0.4631,0.0000,0,
2.6412,2.6400,BASELINE_COLLECTION,SWING,0.0000,-144.462,300.562,-144.462,0.0000,0.0000,-0.4508,0.0000,-0.4508,0.0000,0,
2.6512,2.6500,BASELINE_COLLECTION,SWING,0.0108,-141.224,323.828,-141.224,0.0338,0.0000,-0.4857,0.0000,-0.4857,0.0000,0,
2.6612,2.6600,BASELINE_COLLECTION,SWING,0.0215,-138.798,242.646,-138.798,0.0675,0.0000,-0.3640,0.0000,-0.3640,0.0000,0,
2.6712,2.6700,BASELINE_COLLECTION,SWING,0.0323,-135.611,318.641,-135.611,0.1012,0.0000,-0.4780,0.0000,-0.4780,0.0000,0,
2.6812,2.6800,BASELINE_COLLECTION,SWING,0.0430,-133.058,255.292,-133.058,0.1347,0.0000,-0.3829,0.0000,-0.3829,0.0000,0,
2.6912,2.6900,BASELINE_COLLECTION,SWING,0.0538,-129.759,329.959,-129.759,0.1681,0.0000,-0.4949,0.0000,-0.4949,0.0000,0,
2.7012,2.7000,BASELINE_COLLECTION,SWING,0.0645,-125.252,450.620,-125.252,0.2013,0.0000,-0.6759,0.0000,-0.6759,0.0000,0,
2.7112,2.7100,BASELINE_COLLECTION,SWING,0.0753,-122.866,238.638,-122.866,0.2343,0.0000,-0.3580,0.0000,-0.3580,0.0000,0,
2.7214,2.7200,BASELINE_COLLECTION,SWING,0.0860,-120.533,233.292,-120.533,0.2670,0.0000,-0.3499,0.0000,-0.3499,0.0000,0,
2.7312,2.7300,BASELINE_COLLECTION,SWING,0.0968,-117.713,282.003,-117.713,0.2994,0.0000,-0.4230,0.0000,-0.4230,0.0000,0,
2.7412,2.7400,BASELINE_COLLECTION,SWING,0.1075,-114.555,315.838,-114.555,0.3314,0.0000,-0.4738,0.0000,-0.4738,0.0000,0,
2.7512,2.7500,BASELINE_COLLECTION,SWING,0.1183,-111.197,335.744,-111.197,0.3631,0.0000,-0.5036,0.0000,-0.5036,0.0000,0,
2.7612,2.7600,BASELINE_COLLECTION,SWING,0.1290,-108.245,295.186,-108.245,0.3944,0.0000,-0.4428,0.0000,-0.4428,0.0000,0,
2.7712,2.7700,BASELINE_COLLECTION,SWING,0.1398,-105.683,256.245,-105.683,0.4252,0.0000,-0.3844,0.0000,-0.3844,0.0000,0,
2.7812,2.7800,BASELINE_COLLECTION,SWING,0.1505,-103.089,259.361,-103.089,0.4555,0.0000,-0.3890,0.0000,-0.3890,0.0000,0,
2.7911,2.7900,BASELINE_COLLECTION,SWING,0.1613,-99.267,382.232,-99.267,0.4853,0.0000,-0.5733,0.0000,-0.5733,0.0000,0,
2.8012,2.8000,BASELINE_COLLECTION,SWING,0.1720,-96.996,227.080,-96.996,0.5146,0.0000,-0.3406,0.0000,-0.3406,0.0000,0,
2.8112,2.8100,BASELINE_COLLECTION,SWING,0.1828,-94.755,224.127,-94.755,0.5432,0.0000,-0.3362,0.0000,-0.3362,0.0000,0,
2.8212,2.8200,BASELINE_COLLECTION,SWING,0.1935,-92.216,253.867,-92.216,0.5713,0.0000,-0.3808,0.0000,-0.3808,0.0000,0,
2.8311,2.8300,BASELINE_COLLECTION,SWING,0.2043,-89.965,225.182,-89.965,0.5987,0.0000,-0.3378,0.0000,-0.3378,0.0000,0,
2.8410,2.8400,BASELINE_COLLECTION,SWING,0.2151,-88.660,130.428,-88.660,0.6254,0.0000,-0.1956,0.0000,-0.1956,0.0000,0,
2.8512,2.8500,BASELINE_COLLECTION,SWING,0.2258,-85.288,337.265,-85.288,0.6514,0.0000,-0.5059,0.0000,-0.5059,0.0000,0,
2.8612,2.8600,BASELINE_COLLECTION,SWING,0.2366,-83.731,155.649,-83.731,0.6766,0.0000,-0.2335,0.0000,-0.2335,0.0000,0,
2.8712,2.8700,BASELINE_COLLECTION,SWING,0.2473,-81.800,193.137,-81.800,0.7011,0.0000,-0.2897,0.0000,-0.2897,0.0000,0,
2.8812,2.8800,BASELINE_COLLECTION,SWING,0.2581,-79.883,191.710,-79.883,0.7248,0.0000,-0.2876,0.0000,-0.2876,0.0000,0,
2.8911,2.8900,BASELINE_COLLECTION,SWING,0.2688,-77.699,218.406,-77.699,0.7476,0.0000,-0.3276,0.0000,-0.3276,0.0000,0,
2.9012,2.9000,BASELINE_COLLECTION,SWING,0.2796,-76.966,73.221,-76.966,0.7697,0.0000,-0.1098,0.0000,-0.1098,0.0000,0,
2.9112,2.9100,BASELINE_COLLECTION,SWING,0.2903,-75.724,124.196,-75.724,0.7908,0.0000,-0.1863,0.0000,-0.1863,0.0000,0,
2.9212,2.9200,BASELINE_COLLECTION,SWING,0.3011,-73.697,202.745,-73.697,0.8110,0.0000,-0.3041,0.0000,-0.3041,0.0000,0,
2.9312,2.9300,BASELINE_COLLECTION,SWING,0.3118,-72.606,109.058,-72.606,0.8303,0.0000,-0.1636,0.0000,-0.1636,0.0000,0,
2.9411,2.9400,BASELINE_COLLECTION,SWING,0.3226,-72.403,20.349,-72.403,0.8486,0.0000,-0.0305,0.0000,-0.0305,0.0000,0,
2.9512,2.9500,BASELINE_COLLECTION,SWING,0.3333,-71.064,133.888,-71.064,0.8660,0.0000,-0.2008,0.0000,-0.2008,0.0000,0,
2.9610,2.9600,BASELINE_COLLECTION,SWING,0.3441,-70.836,22.823,-70.836,0.8824,0.0000,-0.0342,0.0000,-0.0342,0.0000,0,
2.9711,2.9700,BASELINE_COLLECTION,SWING,0.3548,-70.191,64.488,-70.191,0.8978,0.0000,-0.0967,0.0000,-0.0967,0.0000,0,
2.9812,2.9800,BASELINE_COLLECTION,SWING,0.3656,-70.571,-38.047,-70.571,0.9122,0.0000,0.0571,0.0000,0.0571,0.1116,0,
2.9912,2.9900,BASELINE_COLLECTION,SWING,0.3763,-69.129,144.240,-69.129,0.9255,0.0000,-0.2164,0.0000,-0.2164,0.0000,0,
3.0012,3.0000,BASELINE_COLLECTION,SWING,0.3871,-69.126,0.272,-69.126,0.9378,0.0000,-0.0004,0.0000,-0.0004,0.0000,0,
3.0112,3.0100,BASELINE_COLLECTION,SWING,0.3978,-69.655,-52.871,-69.655,0.9489,0.0000,0.0793,0.0000,0.0793,0.1371,0,
3.0210,3.0200,BASELINE_COLLECTION,SWING,0.4086,-69.501,15.382,-69.501,0.9591,0.0000,-0.0231,0.0000,-0.0231,0.0000,0,
3.0312,3.0300,BASELINE_COLLECTION,SWING,0.4194,-71.925,-242.386,-71.925,0.9681,0.0000,0.3636,0.0000,0.3636,0.4639,0,
3.0412,3.0400,BASELINE_COLLECTION,SWING,0.4301,-68.970,295.500,-68.970,0.9760,0.0000,-0.4433,0.0000,-0.4433,0.0000,0,
3.0512,3.0500,BASELINE_COLLECTION,SWING,0.4409,-70.326,-135.560,-70.326,0.9828,0.0000,0.2033,0.0000,0.2033,0.2797,0,
3.0612,3.0600,BASELINE_COLLECTION,SWING,0.4516,-70.416,-9.058,-70.416,0.9885,0.0000,0.0136,0.0000,0.0136,0.0616,0,
3.0712,3.0700,BASELINE_COLLECTION,SWING,0.4624,-71.948,-153.229,-71.948,0.9930,0.0000,0.2298,0.0000,0.2298,0.3102,0,
3.0810,3.0800,BASELINE_COLLECTION,SWING,0.4731,-71.979,-3.035,-71.979,0.9964,0.0000,0.0046,0.0000,0.0046,0.0512,0,
3.0910,3.0900,BASELINE_COLLECTION,SWING,0.4839,-73.628,-164.878,-73.628,0.9987,0.0000,0.2473,0.0000,0.2473,0.3302,0,
3.1010,3.1000,BASELINE_COLLECTION,SWING,0.4946,-74.486,-85.836,-74.486,0.9999,0.0000,0.1288,0.0000,0.1288,0.1940,0,
3.1112,3.1100,BASELINE_COLLECTION,SWING,0.5054,-76.056,-157.003,-76.056,0.9999,0.0000,0.2355,0.0000,0.2355,0.3167,0,
3.1213,3.1200,BASELINE_COLLECTION,SWING,0.5161,-76.459,-40.328,-76.459,0.9987,0.0000,0.0605,0.0000,0.0605,0.1155,0,
3.1312,3.1300,BASELINE_COLLECTION,SWING,0.5269,-79.645,-318.559,-79.645,0.9964,0.0000,0.4778,0.0000,0.4778,0.5952,0,
3.1412,3.1400,BASELINE_COLLECTION,SWING,0.5376,-78.885,75.999,-78.885,0.9930,0.0000,-0.1140,0.0000,-0.1140,0.0000,0,
3.1512,3.1500,BASELINE_COLLECTION,SWING,0.5484,-82.477,-359.244,-82.477,0.9885,0.0000,0.5389,0.0000,0.5389,0.6654,0,
3.1612,3.1600,BASELINE_COLLECTION,SWING,0.5591,-82.989,-51.203,-82.989,0.9828,0.0000,0.0768,0.0000,0.0768,0.1343,0,
3.1712,3.1700,BASELINE_COLLECTION,SWING,0.5699,-85.770,-278.023,-85.770,0.9760,0.0000,0.4170,0.0000,0.4170,0.5253,0,
3.1812,3.1800,BASELINE_COLLECTION,SWING,0.5806,-87.208,-143.853,-87.208,0.9681,0.0000,0.2158,0.0000,0.2158,0.2940,0,
3.1912,3.1900,BASELINE_COLLECTION,SWING,0.5914,-89.098,-189.011,-89.098,0.9591,0.0000,0.2835,0.0000,0.2835,0.3719,0,
3.2010,3.2000,BASELINE_COLLECTION,SWING,0.6022,-91.491,-239.293,-91.491,0.9489,0.0000,0.3589,0.0000,0.3589,0.4586,0,
3.2110,3.2100,BASELINE_COLLECTION,SWING,0.6129,-93.841,-234.971,-93.841,0.9378,0.0000,0.3525,0.0000,0.3525,0.4511,0,
3.2213,3.2200,BASELINE_COLLECTION,SWING,0.6237,-96.248,-240.748,-96.248,0.9255,0.0000,0.3611,0.0000,0.3611,0.4611,0,
3.2312,3.2300,BASELINE_COLLECTION,SWING,0.6344,-97.972,-172.362,-97.972,0.9122,0.0000,0.2585,0.0000,0.2585,0.3432,0,
3.2412,3.2400,BASELINE_COLLECTION,SWING,0.6452,-100.679,-270.734,-100.679,0.8978,0.0000,0.4061,0.0000,0.4061,0.5128,0,
3.2511,3.2500,BASELINE_COLLECTION,SWING,0.6559,-103.328,-264.845,-103.328,0.8824,0.0000,0.3973,0.0000,0.3973,0.5026,0,
3.2612,3.2600,BASELINE_COLLECTION,SWING,0.6667,-105.515,-218.706,-105.515,0.8660,0.0000,0.3281,0.0000,0.3281,0.4231,0,
3.2711,3.2700,BASELINE_COLLECTION,SWING,0.6774,-108.713,-319.823,-108.713,0.8486,0.0000,0.4797,0.0000,0.4797,0.5974,0,
3.2812,3.2800,BASELINE_COLLECTION,SWING,0.6882,-110.641,-192.829,-110.641,0.8303,0.0000,0.2892,0.0000,0.2892,0.3784,0,
3.2912,3.2900,BASELINE_COLLECTION,SWING,0.6989,-114.049,-340.753,-114.049,0.8110,0.0000,0.5111,0.0000,0.5111,0.6335,0,
3.3012,3.3000,BASELINE_COLLECTION,SWING,0.7097,-115.865,-181.658,-115.865,0.7908,0.0000,0.2725,0.0000,0.2725,0.3592,0,
3.3112,3.3100,BASELINE_COLLECTION,SWING,0.7204,-120.046,-418.090,-120.046,0.7697,0.0000,0.6271,0.0000,0.6271,0.7668,0,
3.3212,3.3200,BASELINE_COLLECTION,SWING,0.7312,-120.672,-62.612,-120.672,0.7476,0.0000,0.0939,0.0000,0.0939,0.1539,0,
3.3312,3.3300,BASELINE_COLLECTION,SWING,0.7419,-125.556,-488.344,-125.556,0.7248,0.0000,0.7325,0.0000,0.7325,0.8879,0,
3.3412,3.3400,BASELINE_COLLECTION,SWING,0.7527,-126.200,-64.438,-126.200,0.7011,0.0000,0.0967,0.0000,0.0967,0.1571,0,
3.3512,3.3500,BASELINE_COLLECTION,SWING,0.7634,-131.008,-480.751,-131.008,0.6766,0.0000,0.7211,0.0000,0.7211,0.8749,0,
3.3612,3.3600,BASELINE_COLLECTION,SWING,0.7742,-131.669,-66.105,-131.669,0.6514,0.0000,0.0992,0.0000,0.0992,0.1600,0,
3.3712,3.3700,BASELINE_COLLECTION,SWING,0.7849,-136.692,-502.291,-136.692,0.6254,0.0000,0.7534,0.0000,0.7534,0.9120,0,
3.3812,3.3800,BASELINE_COLLECTION,SWING,0.7957,-136.467,22.427,-136.467,0.5987,0.0000,-0.0336,0.0000,-0.0336,0.0000,0,
3.3912,3.3900,BASELINE_COLLECTION,SWING,0.8065,-142.770,-630.253,-142.770,0.5713,0.0000,0.9454,0.0000,0.9454,1.1326,0,
3.4012,3.4000,BASELINE_COLLECTION,SWING,0.8172,-141.964,80.619,-141.964,0.5432,0.0000,-0.1209,0.0000,-0.1209,0.0000,0,
3.4112,3.4100,BASELINE_COLLECTION,SWING,0.8280,-146.525,-456.168,-146.525,0.5146,0.0000,0.6843,0.0000,0.6843,0.8325,0,
3.4212,3.4200,BASELINE_COLLECTION,SWING,0.8387,-146.805,-27.963,-146.805,0.4853,0.0000,0.0419,0.0000,0.0419,0.0942,0,
3.4311,3.4300,BASELINE_COLLECTION,SWING,0.8495,-151.618,-481.321,-151.618,0.4555,0.0000,0.7220,0.0000,0.7220,0.8758,0,
3.4412,3.4400,BASELINE_COLLECTION,SWING,0.8602,-152.155,-53.662,-152.155,0.4252,0.0000,0.0805,0.0000,0.0805,0.1385,0,
3.4512,3.4500,BASELINE_COLLECTION,SWING,0.8710,-156.531,-437.581,-156.531,0.3944,0.0000,0.6564,0.0000,0.6564,0.8004,0,
3.4612,3.4600,BASELINE_COLLECTION,SWING,0.8817,-156.504,2.672,-156.504,0.3631,0.0000,-0.0040,0.0000,-0.0040,0.0000,0,
3.4706,3.4700,BASELINE_COLLECTION,STANCE,0.0000,-160.721,-421.741,-160.721,0.0000,0.0000,0.6326,0.0000,0.6326,0.7731,0,
3.4811,3.4800,BASELINE_COLLECTION,STANCE,0.0294,-160.278,44.392,-160.278,0.0000,0.0000,-0.0666,0.0000,-0.0666,0.0000,0,
3.4912,3.4900,BASELINE_COLLECTION,STANCE,0.0588,-164.622,-434.429,-164.622,0.0000,0.0000,0.6516,0.0000,0.6516,0.7950,0,
3.5012,3.5000,BASELINE_COLLECTION,STANCE,0.0882,-165.253,-63.102,-165.253,0.0000,0.0000,0.0947,0.0000,0.0947,0.1548,0,
3.5111,3.5100,BASELINE_COLLECTION,STANCE,0.1176,-166.667,-141.384,-166.667,0.0000,0.0000,0.2121,0.0000,0.2121,0.2897,0,
3.5212,3.5200,BASELINE_COLLECTION,STANCE,0.1471,-169.513,-284.594,-169.513,0.0000,0.0000,0.4269,0.0000,0.4269,0.5367,0,
3.5310,3.5300,BASELINE_COLLECTION,STANCE,0.1765,-170.190,-67.762,-170.190,0.0000,0.0000,0.1016,0.0000,0.1016,0.1628,0,
3.5411,3.5400,BASELINE_COLLECTION,STANCE,0.2059,-171.399,-120.921,-171.399,0.0000,0.0000,0.1814,0.0000,0.1814,0.2545,0,
3.5506,3.5500,BASELINE_COLLECTION,STANCE,0.2353,-173.423,-202.321,-173.423,0.0000,0.0000,0.3035,0.0000,0.3035,0.3948,0,
3.5609,3.5600,BASELINE_COLLECTION,STANCE,0.2647,-174.063,-64.003,-174.063,0.0000,0.0000,0.0960,0.0000,0.0960,0.1563,0,
3.5711,3.5700,BASELINE_COLLECTION,STANCE,0.2941,-175.307,-124.394,-175.307,0.0000,0.0000,0.1866,0.0000,0.1866,0.2604,0,
3.5812,3.5800,BASELINE_COLLECTION,STANCE,0.3235,-175.756,-44.949,-175.756,0.0000,0.0000,0.0674,0.0000,0.0674,0.1235,0,
3.5911,3.5900,BASELINE_COLLECTION,STANCE,0.3529,-176.823,-106.683,-176.823,0.0000,0.0000,0.1600,0.0000,0.1600,0.2299,0,
3.6012,3.6000,BASELINE_COLLECTION,STANCE,0.3824,-178.109,-128.622,-178.109,0.0000,0.0000,0.1929,0.0000,0.1929,0.2677,0,
3.6111,3.6100,BASELINE_COLLECTION,STANCE,0.4118,-176.707,140.216,-176.707,0.0000,0.0000,-0.2103,0.0000,-0.2103,0.0000,0,
3.6211,3.6200,BASELINE_COLLECTION,STANCE,0.4412,-178.147,-144.005,-178.147,0.0000,0.0000,0.2160,0.0000,0.2160,0.2943,0,
3.6311,3.6300,BASELINE_COLLECTION,STANCE,0.4706,-177.983,16.363,-177.983,0.0000,0.0000,-0.0245,0.0000,-0.0245,0.0000,0,
3.6412,3.6400,BASELINE_COLLECTION,STANCE,0.5000,-178.702,-71.822,-178.702,0.0000,0.0000,0.1077,0.0000,0.1077,0.1698,0,
3.6511,3.6500,BASELINE_COLLECTION,STANCE,0.5294,-178.197,50.430,-178.197,0.0000,0.0000,-0.0756,0.0000,-0.0756,0.0000,0,
3.6611,3.6600,BASELINE_COLLECTION,STANCE,0.5588,-177.799,39.819,-177.799,0.0000,0.0000,-0.0597,0.0000,-0.0597,0.0000,0,
3.6709,3.6700,BASELINE_COLLECTION,STANCE,0.5882,-177.865,-6.603,-177.865,0.0000,0.0000,0.0099,0.0000,0.0099,0.0574,0,
3.6809,3.6800,BASELINE_COLLECTION,STANCE,0.6176,-177.137,72.838,-177.137,0.0000,0.0000,-0.1093,0.0000,-0.1093,0.0000,0,
3.6911,3.6900,BASELINE_COLLECTION,STANCE,0.6471,-175.786,135.033,-175.786,0.0000,0.0000,-0.2025,0.0000,-0.2025,0.0000,0,
3.7012,3.7000,BASELINE_COLLECTION,STANCE,0.6765,-175.011,77.516,-175.011,0.0000,0.0000,-0.1163,0.0000,-0.1163,0.0000,0,
3.7112,3.7100,BASELINE_COLLECTION,STANCE,0.7059,-174.142,86.888,-174.142,0.0000,0.0000,-0.1303,0.0000,-0.1303,0.0000,0,
3.7212,3.7200,BASELINE_COLLECTION,STANCE,0.7353,-172.314,182.840,-172.314,0.0000,0.0000,-0.2743,0.0000,-0.2743,0.0000,0,
3.7311,3.7300,BASELINE_COLLECTION,STANCE,0.7647,-170.493,182.084,-170.493,0.0000,0.0000,-0.2731,0.0000,-0.2731,0.0000,0,
3.7412,3.7400,BASELINE_COLLECTION,STANCE,0.7941,-169.733,76.057,-169.733,0.0000,0.0000,-0.1141,0.0000,-0.1141,0.0000,0,
3.7512,3.7500,BASELINE_COLLECTION,STANCE,0.8235,-167.626,210.708,-167.626,0.0000,0.0000,-0.3161,0.0000,-0.3161,0.0000,0,
3.7612,3.7600,BASELINE_COLLECTION,STANCE,0.8529,-164.943,268.225,-164.943,0.0000,0.0000,-0.4023,0.0000,-0.4023,0.0000,0,
3.7711,3.7700,BASELINE_COLLECTION,STANCE,0.8824,-162.827,211.606,-162.827,0.0000,0.0000,-0.3174,0.0000,-0.3174,0.0000,0,
3.7812,3.7800,BASELINE_COLLECTION,STANCE,0.9118,-160.688,213.898,-160.688,0.0000,0.0000,-0.3208,0.0000,-0.3208,0.0000,0,
3.7911,3.7900,BASELINE_COLLECTION,STANCE,0.9412,-157.859,282.945,-157.859,0.0000,0.0000,-0.4244,0.0000,-0.4244,0.0000,0,
3.8013,3.8000,BASELINE_COLLECTION,STANCE,0.9706,-156.195,166.336,-156.195,0.0000,0.0000,-0.2495,0.0000,-0.2495,0.0000,0,
3.8112,3.8100,BASELINE_COLLECTION,STANCE,1.0000,-153.690,250.504,-153.690,0.0000,0.0000,-0.3758,0.0000,-0.3758,0.0000,0,
3.8211,3.8200,BASELINE_COLLECTION,STANCE,1.0000,-150.697,299.378,-150.697,0.0000,0.0000,-0.4491,0.0000,-0.4491,0.0000,0,
3.8311,3.8300,BASELINE_COLLECTION,STANCE,1.0000,-147.475,322.131,-147.475,0.0000,0.0000,-0.4832,0.0000,-0.4832,0.0000,0,
3.8412,3.8400,BASELINE_COLLECTION,STANCE,1.0000,-144.950,252.496,-144.950,0.0000,0.0000,-0.3787,0.0000,-0.3787,0.0000,0,
3.8511,3.8500,BASELINE_COLLECTION,STANCE,1.0000,-141.878,307.256,-141.878,0.0000,0.0000,-0.4609,0.0000,-0.4609,0.0000,0,
3.8612,3.8600,BASELINE_COLLECTION,STANCE,1.0000,-139.077,280.048,-139.077,0.0000,0.0000,-0.4201,0.0000,-0.4201,0.0000,0,
3.8712,3.8700,BASELINE_COLLECTION,STANCE,1.0000,-135.903,317.408,-135.903,0.0000,0.0000,-0.4761,0.0000,-0.4761,0.0000,0,
3.8812,3.8800,BASELINE_COLLECTION,SWING,0.0000,-132.998,290.535,-132.998,0.0000,0.0000,-0.4358,0.0000,-0.4358,0.0000,0,
3.8912,3.8900,BASELINE_COLLECTION,SWING,0.0120,-129.373,362.512,-129.373,0.0378,0.0000,-0.5438,0.0000,-0.5438,0.0000,0,
3.9012,3.9000,BASELINE_COLLECTION,SWING,0.0241,-126.118,325.470,-126.118,0.0756,0.0000,-0.4882,0.0000,-0.4882,0.0000,0,
3.9112,3.9100,BASELINE_COLLECTION,SWING,0.0361,-123.546,257.162,-123.546,0.1133,0.0000,-0.3857,0.0000,-0.3857,0.0000,0,
3.9212,3.9200,BASELINE_COLLECTION,SWING,0.0482,-120.367,317.968,-120.367,0.1508,0.0000,-0.4770,0.0000,-0.4770,0.0000,0,
3.9311,3.9300,BASELINE_COLLECTION,SWING,0.0602,-117.466,290.034,-117.466,0.1881,0.0000,-0.4351,0.0000,-0.4351,0.0000,0,
3.9412,3.9400,BASELINE_COLLECTION,SWING,0.0723,-114.001,346.513,-114.001,0.2252,0.0000,-0.5198,0.0000,-0.5198,0.0000,0,
3.9512,3.9500,BASELINE_COLLECTION,SWING,0.0843,-111.197,280.479,-111.197,0.2619,0.0000,-0.4207,0.0000,-0.4207,0.0000,0,
3.9612,3.9600,BASELINE_COLLECTION,SWING,0.0964,-107.660,353.644,-107.660,0.2982,0.0000,-0.5305,0.0000,-0.5305,0.0000,0,
3.9711,3.9700,BASELINE_COLLECTION,SWING,0.1084,-105.857,180.275,-105.857,0.3341,0.0000,-0.2704,0.0000,-0.2704,0.0000,0,
3.9812,3.9800,BASELINE_COLLECTION,SWING,0.1205,-102.460,339.766,-102.460,0.3695,0.0000,-0.5096,0.0000,-0.5096,0.0000,0,
3.9912,3.9900,BASELINE_COLLECTION,SWING,0.1325,-99.685,277.485,-99.685,0.4044,0.0000,-0.4162,0.0000,-0.4162,0.0000,0,
4.0011,4.0000,BASELINE_COLLECTION,SWING,0.1446,-97.344,234.040,-97.344,0.4387,0.0000,-0.3511,0.0000,-0.3511,0.0000,0,
4.0112,4.0100,BASELINE_COLLECTION,SWING,0.1566,-94.392,295.210,-94.392,0.4724,0.0000,-0.4428,0.0000,-0.4428,0.0000,0,
4.0212,4.0200,BASELINE_COLLECTION,SWING,0.1687,-92.722,167.069,-92.722,0.5055,0.0000,-0.2506,0.0000,-0.2506,0.0000,0,
4.0312,4.0300,BASELINE_COLLECTION,SWING,0.1807,-88.921,380.043,-88.921,0.5377,0.0000,-0.5701,0.0000,-0.5701,0.0000,0,
4.0412,4.0400,BASELINE_COLLECTION,SWING,0.1928,-88.037,88.443,-88.037,0.5693,0.0000,-0.1327,0.0000,-0.1327,0.0000,0,
4.0515,4.0500,BASELINE_COLLECTION,SWING,0.2048,-84.978,305.837,-84.978,0.6000,0.0000,-0.4588,0.0000,-0.4588,0.0000,0,
4.0612,4.0600,BASELINE_COLLECTION,SWING,0.2169,-83.762,121.606,-83.762,0.6298,0.0000,-0.1824,0.0000,-0.1824,0.0000,0,
4.0712,4.0700,BASELINE_COLLECTION,SWING,0.2289,-80.948,281.432,-80.948,0.6588,0.0000,-0.4221,0.0000,-0.4221,0.0000,0,
4.0811,4.0800,BASELINE_COLLECTION,SWING,0.2410,-79.789,115.900,-79.789,0.6868,0.0000,-0.1739,0.0000,-0.1739,0.0000,0,
4.0911,4.0900,BASELINE_COLLECTION,SWING,0.2530,-77.936,185.332,-77.936,0.7138,0.0000,-0.2780,0.0000,-0.2780,0.0000,0,
4.1012,4.1000,BASELINE_COLLECTION,SWING,0.2651,-76.483,145.220,-76.483,0.7398,0.0000,-0.2178,0.0000,-0.2178,0.0000,0,
4.1112,4.1100,BASELINE_COLLECTION,SWING,0.2771,-74.716,176.720,-74.716,0.7647,0.0000,-0.2651,0.0000,-0.2651,0.0000,0,
4.1212,4.1200,BASELINE_COLLECTION,SWING,0.2892,-74.087,62.958,-74.087,0.7885,0.0000,-0.0944,0.0000,-0.0944,0.0000,0,
4.1312,4.1300,BASELINE_COLLECTION,SWING,0.3012,-74.100,-1.287,-74.100,0.8112,0.0000,0.0019,0.0000,0.0019,0.0482,0,
4.1412,4.1400,BASELINE_COLLECTION,SWING,0.3133,-72.101,199.873,-72.101,0.8328,0.0000,-0.2998,0.0000,-0.2998,0.0000,0,
4.1511,4.1500,BASELINE_COLLECTION,SWING,0.3253,-71.019,108.172,-71.019,0.8531,0.0000,-0.1623,0.0000,-0.1623,0.0000,0,
4.1610,4.1600,BASELINE_COLLECTION,SWING,0.3373,-70.722,29.709,-70.722,0.8723,0.0000,-0.0446,0.0000,-0.0446,0.0000,0,
4.1711,4.1700,BASELINE_COLLECTION,SWING,0.3494,-69.851,87.147,-69.851,0.8901,0.0000,-0.1307,0.0000,-0.1307,0.0000,0,
4.1812,4.1800,BASELINE_COLLECTION,SWING,0.3614,-69.526,32.466,-69.526,0.9068,0.0000,-0.0487,0.0000,-0.0487,0.0000,0,
4.1912,4.1900,BASELINE_COLLECTION,SWING,0.3735,-69.927,-40.066,-69.927,0.9221,0.0000,0.0601,0.0000,0.0601,0.1151,0,
4.2012,4.2000,BASELINE_COLLECTION,SWING,0.3855,-70.020,-9.377,-70.020,0.9360,0.0000,0.0141,0.0000,0.0141,0.0621,0,
4.2112,4.2100,BASELINE_COLLECTION,SWING,0.3976,-68.902,111.787,-68.902,0.9487,0.0000,-0.1677,0.0000,-0.1677,0.0000,0,
4.2209,4.2200,BASELINE_COLLECTION,SWING,0.4096,-69.535,-63.299,-69.535,0.9600,0.0000,0.0949,0.0000,0.0949,0.1551,0,
4.2311,4.2300,BASELINE_COLLECTION,SWING,0.4217,-70.022,-48.677,-70.022,0.9699,0.0000,0.0730,0.0000,0.0730,0.1299,0,
4.2412,4.2400,BASELINE_COLLECTION,SWING,0.4337,-69.347,67.474,-69.347,0.9784,0.0000,-0.1012,0.0000,-0.1012,0.0000,0,
4.2512,4.2500,BASELINE_COLLECTION,SWING,0.4458,-71.440,-209.283,-71.440,0.9855,0.0000,0.3139,0.0000,0.3139,0.4068,0,
4.2612,4.2600,BASELINE_COLLECTION,SWING,0.4578,-71.084,35.598,-71.084,0.9912,0.0000,-0.0534,0.0000,-0.0534,0.0000,0,
4.2712,4.2700,BASELINE_COLLECTION,SWING,0.4699,-72.288,-120.390,-72.288,0.9955,0.0000,0.1806,0.0000,0.1806,0.2535,0,
4.2810,4.2800,BASELINE_COLLECTION,SWING,0.4819,-72.303,-1.512,-72.303,0.9984,0.0000,0.0023,0.0000,0.0023,0.0486,0,
4.2912,4.2900,BASELINE_COLLECTION,SWING,0.4940,-74.827,-252.374,-74.827,0.9998,0.0000,0.3786,0.0000,0.3786,0.4811,0,
4.3012,4.3000,BASELINE_COLLECTION,SWING,0.5060,-73.473,135.403,-73.473,0.9998,0.0000,-0.2031,0.0000,-0.2031,0.0000,0,
4.3112,4.3100,BASELINE_COLLECTION,SWING,0.5181,-77.029,-355.591,-77.029,0.9984,0.0000,0.5334,0.0000,0.5334,0.6591,0,
4.3212,4.3200,BASELINE_COLLECTION,SWING,0.5301,-75.666,136.313,-75.666,0.9955,0.0000,-0.2045,0.0000,-0.2045,0.0000,0,
4.3312,4.3300,BASELINE_COLLECTION,SWING,0.5422,-78.730,-306.460,-78.730,0.9912,0.0000,0.4597,0.0000,0.4597,0.5744,0,
4.3412,4.3400,BASELINE_COLLECTION,SWING,0.5542,-79.232,-50.158,-79.232,0.9855,0.0000,0.0752,0.0000,0.0752,0.1325,0,
4.3512,4.3500,BASELINE_COLLECTION,SWING,0.5663,-81.382,-214.958,-81.382,0.9784,0.0000,0.3224,0.0000,0.3224,0.4166,0,
4.3612,4.3600,BASELINE_COLLECTION,SWING,0.5783,-83.789,-240.723,-83.789,0.9699,0.0000,0.3611,0.0000,0.3611,0.4610,0,
4.3711,4.3700,BASELINE_COLLECTION,SWING,0.5904,-84.035,-24.594,-84.035,0.9600,0.0000,0.0369,0.0000,0.0369,0.0884,0,
4.3812,4.3800,BASELINE_COLLECTION,SWING,0.6024,-87.970,-393.513,-87.970,0.9487,0.0000,0.5903,0.0000,0.5903,0.7244,0,
4.3912,4.3900,BASELINE_COLLECTION,SWING,0.6145,-88.537,-56.670,-88.537,0.9360,0.0000,0.0850,0.0000,0.0850,0.1437,0,
4.4010,4.4000,BASELINE_COLLECTION,SWING,0.6265,-91.478,-294.107,-91.478,0.9221,0.0000,0.4412,0.0000,0.4412,0.5531,0,
4.4112,4.4100,BASELINE_COLLECTION,SWING,0.6386,-92.880,-140.206,-92.880,0.9068,0.0000,0.2103,0.0000,0.2103,0.2877,0,
4.4212,4.4200,BASELINE_COLLECTION,SWING,0.6506,-95.990,-311.024,-95.990,0.8901,0.0000,0.4665,0.0000,0.4665,0.5822,0,
4.4312,4.4300,BASELINE_COLLECTION,SWING,0.6627,-97.156,-116.618,-97.156,0.8723,0.0000,0.1749,0.0000,0.1749,0.2470,0,
4.4412,4.4400,BASELINE_COLLECTION,SWING,0.6747,-100.961,-380.490,-100.961,0.8531,0.0000,0.5707,0.0000,0.5707,0.7020,0,
4.4512,4.4500,BASELINE_COLLECTION,SWING,0.6867,-102.172,-121.051,-102.172,0.8328,0.0000,0.1816,0.0000,0.1816,0.2547,0,
4.4612,4.4600,BASELINE_COLLECTION,SWING,0.6988,-106.536,-436.471,-106.536,0.8112,0.0000,0.6547,0.0000,0.6547,0.7985,0,
4.4712,4.4700,BASELINE_COLLECTION,SWING,0.7108,-107.319,-78.224,-107.319,0.7885,0.0000,0.1173,0.0000,0.1173,0.1808,0,
4.4812,4.4800,BASELINE_COLLECTION,SWING,0.7229,-111.341,-402.216,-111.341,0.7647,0.0000,0.6033,0.0000,0.6033,0.7395,0,
4.4912,4.4900,BASELINE_COLLECTION,SWING,0.7349,-113.035,-169.401,-113.035,0.7398,0.0000,0.2541,0.0000,0.2541,0.3380,0,
4.5012,4.5000,BASELINE_COLLECTION,SWING,0.7470,-116.453,-341.785,-116.453,0.7138,0.0000,0.5127,0.0000,0.5127,0.6353,0,
4.5111,4.5100,BASELINE_COLLECTION,SWING,0.7590,-118.495,-204.263,-118.495,0.6868,0.0000,0.3064,0.0000,0.3064,0.3982,0,
4.5213,4.5200,BASELINE_COLLECTION,SWING,0.7711,-121.640,-314.450,-121.640,0.6588,0.0000,0.4717,0.0000,0.4717,0.5881,0,
4.5310,4.5300,BASELINE_COLLECTION,SWING,0.7831,-124.388,-274.825,-124.388,0.6298,0.0000,0.4122,0.0000,0.4122,0.5198,0,
4.5404,4.5400,BASELINE_COLLECTION,SWING,0.7952,-127.228,-284.055,-127.228,0.6000,0.0000,0.4261,0.0000,0.4261,0.5357,0,
4.5505,4.5500,BASELINE_COLLECTION,SWING,0.8072,-130.081,-285.212,-130.081,0.5693,0.0000,0.4278,0.0000,0.4278,0.5377,0,
4.5612,4.5600,BASELINE_COLLECTION,SWING,0.8193,-132.748,-266.715,-132.748,0.5377,0.0000,0.4001,0.0000,0.4001,0.5058,0,
4.5714,4.5700,BASELINE_COLLECTION,SWING,0.8313,-134.692,-194.458,-134.692,0.5055,0.0000,0.2917,0.0000,0.2917,0.3813,0,
4.5812,4.5800,BASELINE_COLLECTION,SWING,0.8434,-138.500,-380.719,-138.500,0.4724,0.0000,0.5711,0.0000,0.5711,0.7024,0,
4.5911,4.5900,BASELINE_COLLECTION,SWING,0.8554,-139.816,-131.663,-139.816,0.4387,0.0000,0.1975,0.0000,0.1975,0.2730,0,
4.6015,4.6000,BASELINE_COLLECTION,SWING,0.8675,-144.380,-456.369,-144.380,0.4044,0.0000,0.6846,0.0000,0.6846,0.8328,0,
4.6111,4.6100,BASELINE_COLLECTION,SWING,0.8795,-145.522,-114.184,-145.522,0.3695,0.0000,0.1713,0.0000,0.1713,0.2428,0,
4.6212,4.6200,BASELINE_COLLECTION,SWING,0.8916,-148.928,-340.631,-148.928,0.3341,0.0000,0.5109,0.0000,0.5109,0.6333,0,
4.6315,4.6300,BASELINE_COLLECTION,SWING,0.9036,-149.724,-79.590,-149.724,0.2982,0.0000,0.1194,0.0000,0.1194,0.1832,0,
4.6420,4.6400,BASELINE_COLLECTION,STANCE,0.0000,-153.519,-379.490,-153.519,0.0000,0.0000,0.5692,0.0000,0.5692,0.7003,0,
4.6510,4.6500,BASELINE_COLLECTION,STANCE,0.0244,-154.856,-133.684,-154.856,0.0000,0.0000,0.2005,0.0000,0.2005,0.2765,0,
4.6613,4.6600,BASELINE_COLLECTION,STANCE,0.0488,-158.353,-349.741,-158.353,0.0000,0.0000,0.5246,0.0000,0.5246,0.6490,0,
4.6712,4.6700,BASELINE_COLLECTION,STANCE,0.0732,-159.132,-77.859,-159.132,0.0000,0.0000,0.1168,0.0000,0.1168,0.1802,0,
4.6811,4.6800,BASELINE_COLLECTION,STANCE,0.0976,-162.417,-328.577,-162.417,0.0000,0.0000,0.4929,0.0000,0.4929,0.6125,0,
4.6914,4.6900,BASELINE_COLLECTION,STANCE,0.1220,-163.316,-89.903,-163.316,0.0000,0.0000,0.1349,0.0000,0.1349,0.2010,0,
4.7012,4.7000,BASELINE_COLLECTION,STANCE,0.1463,-166.942,-362.573,-166.942,0.0000,0.0000,0.5439,0.0000,0.5439,0.6711,0,
4.7112,4.7100,BASELINE_COLLECTION,STANCE,0.1707,-166.540,40.246,-166.540,0.0000,0.0000,-0.0604,0.0000,-0.0604,0.0000,0,
4.7212,4.7200,BASELINE_COLLECTION,STANCE,0.1951,-169.662,-312.243,-169.662,0.0000,0.0000,0.4684,0.0000,0.4684,0.5843,0,
4.7311,4.7300,BASELINE_COLLECTION,STANCE,0.2195,-169.212,45.003,-169.212,0.0000,0.0000,-0.0675,0.0000,-0.0675,0.0000,0,
4.7412,4.7400,BASELINE_COLLECTION,STANCE,0.2439,-172.673,-346.074,-172.673,0.0000,0.0000,0.5191,0.0000,0.5191,0.6427,0,
4.7511,4.7500,BASELINE_COLLECTION,STANCE,0.2683,-171.678,99.511,-171.678,0.0000,0.0000,-0.1493,0.0000,-0.1493,0.0000,0,
4.7612,4.7600,BASELINE_COLLECTION,STANCE,0.2927,-174.901,-322.330,-174.901,0.0000,0.0000,0.4835,0.0000,0.4835,0.6017,0,
4.7711,4.7700,BASELINE_COLLECTION,STANCE,0.3171,-174.132,76.866,-174.132,0.0000,0.0000,-0.1153,0.0000,-0.1153,0.0000,0,
4.7810,4.7800,BASELINE_COLLECTION,STANCE,0.3415,-177.675,-354.290,-177.675,0.0000,0.0000,0.5314,0.0000,0.5314,0.6568,0,
4.7910,4.7900,BASELINE_COLLECTION,STANCE,0.3659,-174.547,312.821,-174.547,0.0000,0.0000,-0.4692,0.0000,-0.4692,0.0000,0,
4.8011,4.8000,BASELINE_COLLECTION,STANCE,0.3902,-176.225,-167.825,-176.225,0.0000,0.0000,0.2517,0.0000,0.2517,0.3353,0,
4.8112,4.8100,BASELINE_COLLECTION,STANCE,0.4146,-175.499,72.603,-175.499,0.0000,0.0000,-0.1089,0.0000,-0.1089,0.0000,0,
4.8211,4.8200,BASELINE_COLLECTION,STANCE,0.4390,-177.572,-207.255,-177.572,0.0000,0.0000,0.3109,0.0000,0.3109,0.4033,0,
4.8310,4.8300,BASELINE_COLLECTION,STANCE,0.4634,-176.268,130.401,-176.268,0.0000,0.0000,-0.1956,0.0000,-0.1956,0.0000,0,
4.8410,4.8400,BASELINE_COLLECTION,STANCE,0.4878,-177.309,-104.165,-177.309,0.0000,0.0000,0.1562,0.0000,0.1562,0.2256,0,
4.8511,4.8500,BASELINE_COLLECTION,STANCE,0.5122,-176.830,47.998,-176.830,0.0000,0.0000,-0.0720,0.0000,-0.0720,0.0000,0,
4.8614,4.8600,BASELINE_COLLECTION,STANCE,0.5366,-176.853,-2.397,-176.853,0.0000,0.0000,0.0036,0.0000,0.0036,0.0501,0,
4.8711,4.8700,BASELINE_COLLECTION,STANCE,0.5610,-176.379,47.486,-176.379,0.0000,0.0000,-0.0712,0.0000,-0.0712,0.0000,0,
4.8810,4.8800,BASELINE_COLLECTION,STANCE,0.5854,-175.353,102.526,-175.353,0.0000,0.0000,-0.1538,0.0000,-0.1538,0.0000,0,
4.8912,4.8900,BASELINE_COLLECTION,STANCE,0.6098,-175.285,6.868,-175.285,0.0000,0.0000,-0.0103,0.0000,-0.0103,0.0000,0,
4.9012,4.9000,BASELINE_COLLECTION,STANCE,0.6341,-174.745,53.974,-174.745,0.0000,0.0000,-0.0810,0.0000,-0.0810,0.0000,0,
4.9111,4.9100,BASELINE_COLLECTION,STANCE,0.6585,-173.285,145.991,-173.285,0.0000,0.0000,-0.2190,0.0000,-0.2190,0.0000,0,
4.9213,4.9200,BASELINE_COLLECTION,STANCE,0.6829,-171.953,133.161,-171.953,0.0000,0.0000,-0.1997,0.0000,-0.1997,0.0000,0,
4.9311,4.9300,BASELINE_COLLECTION,STANCE,0.7073,-170.810,114.341,-170.810,0.0000,0.0000,-0.1715,0.0000,-0.1715,0.0000,0,
4.9411,4.9400,BASELINE_COLLECTION,STANCE,0.7317,-168.396,241.428,-168.396,0.0000,0.0000,-0.3621,0.0000,-0.3621,0.0000,0,
4.9512,4.9500,BASELINE_COLLECTION,STANCE,0.7561,-167.750,64.605,-167.750,0.0000,0.0000,-0.0969,0.0000,-0.0969,0.0000,0,
4.9612,4.9600,BASELINE_COLLECTION,STANCE,0.7805,-165.062,268.799,-165.062,0.0000,0.0000,-0.4032,0.0000,-0.4032,0.0000,0,
4.9712,4.9700,BASELINE_COLLECTION,STANCE,0.8049,-162.545,251.655,-162.545,0.0000,0.0000,-0.3775,0.0000,-0.3775,0.0000,0,
4.9812,4.9800,BASELINE_COLLECTION,STANCE,0.8293,-161.046,149.879,-161.046,0.0000,0.0000,-0.2248,0.0000,-0.2248,0.0000,0,
4.9911,4.9900,BASELINE_COLLECTION,STANCE,0.8537,-157.943,310.354,-157.943,0.0000,0.0000,-0.4655,0.0000,-0.4655,0.0000,0,
5.0011,5.0000,BASELINE_COLLECTION,STANCE,0.8780,-155.034,290.848,-155.034,0.0000,0.0000,-0.4363,0.0000,-0.4363,0.0000,0,
5.0112,5.0100,BASELINE_COLLECTION,STANCE,0.9024,-152.733,230.120,-152.733,0.0000,0.0000,-0.3452,0.0000,-0.3452,0.0000,0,
5.0211,5.0200,BASELINE_COLLECTION,STANCE,0.9268,-150.864,186.956,-150.864,0.0000,0.0000,-0.2804,0.0000,-0.2804,0.0000,0,
5.0310,5.0300,BASELINE_COLLECTION,STANCE,0.9512,-147.672,319.138,-147.672,0.0000,0.0000,-0.4787,0.0000,-0.4787,0.0000,0,
5.0412,5.0400,BASELINE_COLLECTION,STANCE,0.9756,-144.012,365.976,-144.012,0.0000,0.0000,-0.5490,0.0000,-0.5490,0.0000,0,
5.0511,5.0500,BASELINE_COLLECTION,STANCE,1.0000,-141.452,256.056,-141.452,0.0000,0.0000,-0.3841,0.0000,-0.3841,0.0000,0,
5.0612,5.0600,BASELINE_COLLECTION,STANCE,1.0000,-138.593,285.919,-138.593,0.0000,0.0000,-0.4289,0.0000,-0.4289,0.0000,0,
5.0711,5.0700,BASELINE_COLLECTION,STANCE,1.0000,-135.392,320.110,-135.392,0.0000,0.0000,-0.4802,0.0000,-0.4802,0.0000,0,
5.0812,5.0800,BASELINE_COLLECTION,STANCE,1.0000,-132.231,316.081,-132.231,0.0000,0.0000,-0.4741,0.0000,-0.4741,0.0000,0,
5.0910,5.0900,BASELINE_COLLECTION,STANCE,1.0000,-129.735,249.539,-129.735,0.0000,0.0000,-0.3743,0.0000,-0.3743,0.0000,0,
5.1010,5.1000,BASELINE_COLLECTION,SWING,0.0000,-126.492,324.299,-126.492,0.0000,0.0000,-0.4864,0.0000,-0.4864,0.0000,0,
5.1112,5.1100,BASELINE_COLLECTION,SWING,0.0132,-123.244,324.805,-123.244,0.0413,0.0000,-0.4872,0.0000,-0.4872,0.0000,0,
5.1209,5.1200,BASELINE_COLLECTION,SWING,0.0263,-120.455,278.946,-120.455,0.0826,0.0000,-0.4184,0.0000,-0.4184,0.0000,0,
5.1311,5.1300,BASELINE_COLLECTION,SWING,0.0395,-117.246,320.858,-117.246,0.1237,0.0000,-0.4813,0.0000,-0.4813,0.0000,0,
5.1412,5.1400,BASELINE_COLLECTION,SWING,0.0526,-113.658,358.792,-113.658,0.1646,0.0000,-0.5382,0.0000,-0.5382,0.0000,0,
5.1513,5.1500,BASELINE_COLLECTION,SWING,0.0658,-111.587,207.113,-111.587,0.2052,0.0000,-0.3107,0.0000,-0.3107,0.0000,0,
5.1612,5.1600,BASELINE_COLLECTION,SWING,0.0789,-107.499,408.843,-107.499,0.2455,0.0000,-0.6133,0.0000,-0.6133,0.0000,0,
5.1714,5.1700,BASELINE_COLLECTION,SWING,0.0921,-104.642,285.635,-104.642,0.2853,0.0000,-0.4285,0.0000,-0.4285,0.0000,0,
5.1812,5.1800,BASELINE_COLLECTION,SWING,0.1053,-103.268,137.443,-103.268,0.3247,0.0000,-0.2062,0.0000,-0.2062,0.0000,0,
5.1911,5.1900,BASELINE_COLLECTION,SWING,0.1184,-99.899,336.863,-99.899,0.3635,0.0000,-0.5053,0.0000,-0.5053,0.0000,0,
5.2015,5.2000,BASELINE_COLLECTION,SWING,0.1316,-97.046,285.338,-97.046,0.4017,0.0000,-0.4280,0.0000,-0.4280,0.0000,0,
5.2112,5.2100,BASELINE_COLLECTION,SWING,0.1447,-94.915,213.107,-94.915,0.4392,0.0000,-0.3197,0.0000,-0.3197,0.0000,0,
5.2212,5.2200,BASELINE_COLLECTION,SWING,0.1579,-92.429,248.566,-92.429,0.4759,0.0000,-0.3728,0.0000,-0.3728,0.0000,0,
5.2314,5.2300,BASELINE_COLLECTION,SWING,0.1711,-89.852,257.740,-89.852,0.5119,0.0000,-0.3866,0.0000,-0.3866,0.0000,0,
5.2411,5.2400,BASELINE_COLLECTION,SWING,0.1842,-87.194,265.802,-87.194,0.5469,0.0000,-0.3987,0.0000,-0.3987,0.0000,0,
5.2509,5.2500,BASELINE_COLLECTION,SWING,0.1974,-85.542,165.220,-85.542,0.5811,0.0000,-0.2478,0.0000,-0.2478,0.0000,0,
5.2615,5.2600,BASELINE_COLLECTION,SWING,0.2105,-82.575,296.656,-82.575,0.6142,0.0000,-0.4450,0.0000,-0.4450,0.0000,0,
5.2712,5.2700,BASELINE_COLLECTION,SWING,0.2237,-81.285,128.988,-81.285,0.6463,0.0000,-0.1935,0.0000,-0.1935,0.0000,0,
5.2810,5.2800,BASELINE_COLLECTION,SWING,0.2368,-79.670,161.541,-79.670,0.6773,0.0000,-0.2423,0.0000,-0.2423,0.0000,0,
5.2913,5.2900,BASELINE_COLLECTION,SWING,0.2500,-77.414,225.603,-77.414,0.7071,0.0000,-0.3384,0.0000,-0.3384,0.0000,0,
5.3011,5.3000,BASELINE_COLLECTION,SWING,0.2632,-76.249,116.439,-76.249,0.7357,0.0000,-0.1747,0.0000,-0.1747,0.0000,0,
5.3112,5.3100,BASELINE_COLLECTION,SWING,0.2763,-75.005,124.487,-75.005,0.7631,0.0000,-0.1867,0.0000,-0.1867,0.0000,0,
5.3212,5.3200,BASELINE_COLLECTION,SWING,0.2895,-74.087,91.781,-74.087,0.7891,0.0000,-0.1377,0.0000,-0.1377,0.0000,0,
5.3311,5.3300,BASELINE_COLLECTION,SWING,0.3026,-72.184,190.298,-72.184,0.8138,0.0000,-0.2854,0.0000,-0.2854,0.0000,0,
5.3412,5.3400,BASELINE_COLLECTION,SWING,0.3158,-71.696,48.809,-71.696,0.8372,0.0000,-0.0732,0.0000,-0.0732,0.0000,0,
5.3514,5.3500,BASELINE_COLLECTION,SWING,0.3289,-71.371,32.438,-71.371,0.8591,0.0000,-0.0487,0.0000,-0.0487,0.0000,0,
5.3610,5.3600,BASELINE_COLLECTION,SWING,0.3421,-71.351,2.043,-71.351,0.8795,0.0000,-0.0031,0.0000,-0.0031,0.0000,0,
5.3714,5.3700,BASELINE_COLLECTION,SWING,0.3553,-70.163,118.787,-70.163,0.8984,0.0000,-0.1782,0.0000,-0.1782,0.0000,0,
5.3811,5.3800,BASELINE_COLLECTION,SWING,0.3684,-70.525,-36.216,-70.525,0.9158,0.0000,0.0543,0.0000,0.0543,0.1084,0,
5.3911,5.3900,BASELINE_COLLECTION,SWING,0.3816,-70.164,36.121,-70.164,0.9316,0.0000,-0.0542,0.0000,-0.0542,0.0000,0,
5.4014,5.4000,BASELINE_COLLECTION,SWING,0.3947,-69.733,43.110,-69.733,0.9458,0.0000,-0.0647,0.0000,-0.0647,0.0000,0,
5.4112,5.4100,BASELINE_COLLECTION,SWING,0.4079,-69.809,-7.639,-69.809,0.9584,0.0000,0.0115,0.0000,0.0115,0.0591,0,
5.4212,5.4200,BASELINE_COLLECTION,SWING,0.4211,-69.589,22.058,-69.589,0.9694,0.0000,-0.0331,0.0000,-0.0331,0.0000,0,
5.4314,5.4300,BASELINE_COLLECTION,SWING,0.4342,-70.636,-104.732,-70.636,0.9787,0.0000,0.1571,0.0000,0.1571,0.2265,0,
5.4412,5.4400,BASELINE_COLLECTION,SWING,0.4474,-70.161,47.486,-70.161,0.9864,0.0000,-0.0712,0.0000,-0.0712,0.0000,0,
5.4512,5.4500,BASELINE_COLLECTION,SWING,0.4605,-72.049,-188.834,-72.049,0.9923,0.0000,0.2833,0.0000,0.2833,0.3716,0,
5.4614,5.4600,BASELINE_COLLECTION,SWING,0.4737,-71.032,101.725,-71.032,0.9966,0.0000,-0.1526,0.0000,-0.1526,0.0000,0,
5.4712,5.4700,BASELINE_COLLECTION,SWING,0.4868,-72.524,-149.145,-72.524,0.9991,0.0000,0.2237,0.0000,0.2237,0.3031,0,
5.4812,5.4800,BASELINE_COLLECTION,SWING,0.5000,-72.463,6.044,-72.463,1.0000,0.0000,-0.0091,0.0000,-0.0091,0.0000,0,
5.4915,5.4900,BASELINE_COLLECTION,SWING,0.5132,-74.699,-223.581,-74.699,0.9991,0.0000,0.3354,0.0000,0.3354,0.4315,0,
5.5011,5.5000,BASELINE_COLLECTION,SWING,0.5263,-74.424,27.489,-74.424,0.9966,0.0000,-0.0412,0.0000,-0.0412,0.0000,0,
5.5114,5.5100,BASELINE_COLLECTION,SWING,0.5395,-77.306,-288.229,-77.306,0.9923,0.0000,0.4323,0.0000,0.4323,0.5429,0,
5.5214,5.5200,BASELINE_COLLECTION,SWING,0.5526,-76.834,47.277,-76.834,0.9864,0.0000,-0.0709,0.0000,-0.0709,0.0000,0,
5.5312,5.5300,BASELINE_COLLECTION,SWING,0.5658,-79.602,-276.867,-79.602,0.9787,0.0000,0.4153,0.0000,0.4153,0.5233,0,
5.5414,5.5400,BASELINE_COLLECTION,SWING,0.5789,-80.634,-103.148,-80.634,0.9694,0.0000,0.1547,0.0000,0.1547,0.2238,0,
5.5513,5.5500,BASELINE_COLLECTION,SWING,0.5921,-82.164,-153.066,-82.164,0.9584,0.0000,0.2296,0.0000,0.2296,0.3099,0,
5.5610,5.5600,BASELINE_COLLECTION,SWING,0.6053,-84.190,-202.556,-84.190,0.9458,0.0000,0.3038,0.0000,0.3038,0.3952,0,
5.5705,5.5700,BASELINE_COLLECTION,SWING,0.6184,-86.419,-222.910,-86.419,0.9316,0.0000,0.3344,0.0000,0.3344,0.4303,0,
5.5805,5.5800,BASELINE_COLLECTION,SWING,0.6316,-86.907,-48.768,-86.907,0.9158,0.0000,0.0732,0.0000,0.0732,0.1301,0,
5.5912,5.5900,BASELINE_COLLECTION,SWING,0.6447,-90.681,-377.389,-90.681,0.8984,0.0000,0.5661,0.0000,0.5661,0.6966,0,
5.6012,5.6000,BASELINE_COLLECTION,SWING,0.6579,-91.475,-79.451,-91.475,0.8795,0.0000,0.1192,0.0000,0.1192,0.1830,0,
5.6112,5.6100,BASELINE_COLLECTION,SWING,0.6711,-94.627,-315.139,-94.627,0.8591,0.0000,0.4727,0.0000,0.4727,0.5893,0,
5.6211,5.6200,BASELINE_COLLECTION,SWING,0.6842,-95.859,-123.269,-95.859,0.8372,0.0000,0.1849,0.0000,0.1849,0.2585,0,
5.6314,5.6300,BASELINE_COLLECTION,SWING,0.6974,-98.536,-267.673,-98.536,0.8138,0.0000,0.4015,0.0000,0.4015,0.5075,0,
5.6412,5.6400,BASELINE_COLLECTION,SWING,0.7105,-101.280,-274.380,-101.280,0.7891,0.0000,0.4116,0.0000,0.4116,0.5190,0,
5.6512,5.6500,BASELINE_COLLECTION,SWING,0.7237,-103.197,-191.731,-103.197,0.7631,0.0000,0.2876,0.0000,0.2876,0.3765,0,
5.6615,5.6600,BASELINE_COLLECTION,SWING,0.7368,-105.817,-261.974,-105.817,0.7357,0.0000,0.3930,0.0000,0.3930,0.4977,0,
5.6712,5.6700,BASELINE_COLLECTION,SWING,0.7500,-108.602,-278.547,-108.602,0.7071,0.0000,0.4178,0.0000,0.4178,0.5262,0,
5.6811,5.6800,BASELINE_COLLECTION,SWING,0.7632,-110.799,-219.647,-110.799,0.6773,0.0000,0.3295,0.0000,0.3295,0.4247,0,
5.6915,5.6900,BASELINE_COLLECTION,SWING,0.7763,-114.398,-359.914,-114.398,0.6463,0.0000,0.5399,0.0000,0.5399,0.6665,0,
5.7012,5.7000,BASELINE_COLLECTION,SWING,0.7895,-115.762,-136.410,-115.762,0.6142,0.0000,0.2046,0.0000,0.2046,0.2812,0,
5.7110,5.7100,BASELINE_COLLECTION,SWING,0.8026,-119.909,-414.739,-119.909,0.5811,0.0000,0.6221,0.0000,0.6221,0.7610,0,
5.7213,5.7200,BASELINE_COLLECTION,SWING,0.8158,-120.919,-100.975,-120.919,0.5469,0.0000,0.1515,0.0000,0.1515,0.2201,0,
5.7312,5.7300,BASELINE_COLLECTION,SWING,0.8289,-125.924,-500.488,-125.924,0.5119,0.0000,0.7507,0.0000,0.7507,0.9089,0,
5.7412,5.7400,BASELINE_COLLECTION,SWING,0.8421,-126.609,-68.488,-126.609,0.4759,0.0000,0.1027,0.0000,0.1027,0.1641,0,
5.7513,5.7500,BASELINE_COLLECTION,SWING,0.8553,-130.290,-368.128,-130.290,0.4392,0.0000,0.5522,0.0000,0.5522,0.6807,0,
5.7612,5.7600,BASELINE_COLLECTION,SWING,0.8684,-132.723,-243.260,-132.723,0.4017,0.0000,0.3649,0.0000,0.3649,0.4654,0,
5.7712,5.7700,BASELINE_COLLECTION,SWING,0.8816,-135.719,-299.572,-135.719,0.3635,0.0000,0.4494,0.0000,0.4494,0.5625,0,
5.7812,5.7800,BASELINE_COLLECTION,SWING,0.8947,-137.948,-222.939,-137.948,0.3247,0.0000,0.3344,0.0000,0.3344,0.4304,0,
5.7912,5.7900,BASELINE_COLLECTION,SWING,0.9079,-141.256,-330.785,-141.256,0.2853,0.0000,0.4962,0.0000,0.4962,0.6163,0,
5.8013,5.8000,BASELINE_COLLECTION,SWING,0.9211,-142.464,-120.801,-142.464,0.2455,0.0000,0.1812,0.0000,0.1812,0.2543,0,
5.8121,5.8100,BASELINE_COLLECTION,STANCE,0.0000,-147.203,-473.886,-147.203,0.0000,0.0000,0.7108,0.0000,0.7108,0.8630,0,
5.8212,5.8200,BASELINE_COLLECTION,STANCE,0.0217,-147.380,-17.772,-147.380,0.0000,0.0000,0.0267,0.0000,0.0267,0.0766,0,
5.8311,5.8300,BASELINE_COLLECTION,STANCE,0.0435,-151.611,-423.113,-151.611,0.0000,0.0000,0.6347,0.0000,0.6347,0.7755,0,
5.8412,5.8400,BASELINE_COLLECTION,STANCE,0.0652,-152.588,-97.604,-152.588,0.0000,0.0000,0.1464,0.0000,0.1464,0.2143,0,
5.8509,5.8500,BASELINE_COLLECTION,STANCE,0.0870,-156.358,-377.041,-156.358,0.0000,0.0000,0.5656,0.0000,0.5656,0.6960,0,
5.8611,5.8600,BASELINE_COLLECTION,STANCE,0.1087,-157.333,-97.487,-157.333,0.0000,0.0000,0.1462,0.0000,0.1462,0.2141,0,
5.8711,5.8700,BASELINE_COLLECTION,STANCE,0.1304,-160.030,-269.680,-160.030,0.0000,0.0000,0.4045,0.0000,0.4045,0.5109,0,
5.8812,5.8800,BASELINE_COLLECTION,STANCE,0.1522,-162.145,-211.523,-162.145,0.0000,0.0000,0.3173,0.0000,0.3173,0.4107,0,
5.8911,5.8900,BASELINE_COLLECTION,STANCE,0.1739,-163.369,-122.449,-163.369,0.0000,0.0000,0.1837,0.0000,0.1837,0.2571,0,
5.9012,5.9000,BASELINE_COLLECTION,STANCE,0.1957,-166.682,-331.291,-166.682,0.0000,0.0000,0.4969,0.0000,0.4969,0.6172,0,
5.9111,5.9100,BASELINE_COLLECTION,STANCE,0.2174,-166.789,-10.703,-166.789,0.0000,0.0000,0.0161,0.0000,0.0161,0.0644,0,
5.9211,5.9200,BASELINE_COLLECTION,STANCE,0.2391,-169.596,-280.665,-169.596,0.0000,0.0000,0.4210,0.0000,0.4210,0.5299,0,
5.9311,5.9300,BASELINE_COLLECTION,STANCE,0.2609,-170.597,-100.100,-170.597,0.0000,0.0000,0.1502,0.0000,0.1502,0.2186,0,
5.9411,5.9400,BASELINE_COLLECTION,STANCE,0.2826,-171.694,-109.693,-171.694,0.0000,0.0000,0.1645,0.0000,0.1645,0.2351,0,
5.9511,5.9500,BASELINE_COLLECTION,STANCE,0.3043,-173.471,-177.667,-173.471,0.0000,0.0000,0.2665,0.0000,0.2665,0.3523,0,
5.9610,5.9600,BASELINE_COLLECTION,STANCE,0.3261,-174.583,-111.268,-174.583,0.0000,0.0000,0.1669,0.0000,0.1669,0.2378,0,
5.9711,5.9700,BASELINE_COLLECTION,STANCE,0.3478,-175.842,-125.878,-175.842,0.0000,0.0000,0.1888,0.0000,0.1888,0.2630,0,
5.9812,5.9800,BASELINE_COLLECTION,STANCE,0.3696,-176.567,-72.535,-176.567,0.0000,0.0000,0.1088,0.0000,0.1088,0.1710,0,
5.9911,5.9900,BASELINE_COLLECTION,STANCE,0.3913,-176.841,-27.399,-176.841,0.0000,0.0000,0.0411,0.0000,0.0411,0.0932,0,
6.0011,6.0000,BASELINE_COLLECTION,STANCE,0.4130,-178.348,-150.658,-178.348,0.0000,0.0000,0.2260,0.0000,0.2260,0.3057,0,
6.0111,6.0100,BASELINE_COLLECTION,STANCE,0.4348,-178.162,18.635,-178.162,0.0000,0.0000,-0.0280,0.0000,-0.0280,0.0000,0,
6.0211,6.0200,BASELINE_COLLECTION,STANCE,0.4565,-178.715,-55.311,-178.715,0.0000,0.0000,0.0830,0.0000,0.0830,0.1413,0,
6.0311,6.0300,BASELINE_COLLECTION,STANCE,0.4783,-177.725,99.012,-177.725,0.0000,0.0000,-0.1485,0.0000,-0.1485,0.0000,0,
6.0412,6.0400,BASELINE_COLLECTION,STANCE,0.5000,-178.973,-124.797,-178.973,0.0000,0.0000,0.1872,0.0000,0.1872,0.2611,0,
6.0511,6.0500,BASELINE_COLLECTION,STANCE,0.5217,-177.701,127.123,-177.701,0.0000,0.0000,-0.1907,0.0000,-0.1907,0.0000,0,
6.0611,6.0600,BASELINE_COLLECTION,STANCE,0.5435,-177.937,-23.573,-177.937,0.0000,0.0000,0.0354,0.0000,0.0354,0.0866,0,
6.0711,6.0700,BASELINE_COLLECTION,STANCE,0.5652,-177.039,89.816,-177.039,0.0000,0.0000,-0.1347,0.0000,-0.1347,0.0000,0,
6.0810,6.0800,BASELINE_COLLECTION,STANCE,0.5870,-177.414,-37.475,-177.414,0.0000,0.0000,0.0562,0.0000,0.0562,0.1106,0,
6.0909,6.0900,BASELINE_COLLECTION,STANCE,0.6087,-175.804,161.003,-175.804,0.0000,0.0000,-0.2415,0.0000,-0.2415,0.0000,0,
6.1009,6.1000,BASELINE_COLLECTION,STANCE,0.6304,-174.629,117.422,-174.629,0.0000,0.0000,-0.1761,0.0000,-0.1761,0.0000,0,
6.1111,6.1100,BASELINE_COLLECTION,STANCE,0.6522,-173.618,101.109,-173.618,0.0000,0.0000,-0.1517,0.0000,-0.1517,0.0000,0,
6.1212,6.1200,BASELINE_COLLECTION,STANCE,0.6739,-172.355,126.335,-172.355,0.0000,0.0000,-0.1895,0.0000,-0.1895,0.0000,0,
6.1311,6.1300,BASELINE_COLLECTION,STANCE,0.6957,-171.016,133.930,-171.016,0.0000,0.0000,-0.2009,0.0000,-0.2009,0.0000,0,
6.1411,6.1400,BASELINE_COLLECTION,STANCE,0.7174,-169.141,187.413,-169.141,0.0000,0.0000,-0.2811,0.0000,-0.2811,0.0000,0,
6.1511,6.1500,BASELINE_COLLECTION,STANCE,0.7391,-167.467,167.411,-167.467,0.0000,0.0000,-0.2511,0.0000,-0.2511,0.0000,0,
6.1612,6.1600,BASELINE_COLLECTION,STANCE,0.7609,-166.089,137.821,-166.089,0.0000,0.0000,-0.2067,0.0000,-0.2067,0.0000,0,
6.1711,6.1700,BASELINE_COLLECTION,STANCE,0.7826,-163.416,267.297,-163.416,0.0000,0.0000,-0.4009,0.0000,-0.4009,0.0000,0,
6.1809,6.1800,BASELINE_COLLECTION,STANCE,0.8043,-160.433,298.320,-160.433,0.0000,0.0000,-0.4475,0.0000,-0.4475,0.0000,0,
6.1910,6.1900,BASELINE_COLLECTION,STANCE,0.8261,-157.564,286.943,-157.564,0.0000,0.0000,-0.4304,0.0000,-0.4304,0.0000,0,
6.2012,6.2000,BASELINE_COLLECTION,STANCE,0.8478,-154.913,265.006,-154.913,0.0000,0.0000,-0.3975,0.0000,-0.3975,0.0000,0,
6.2110,6.2100,BASELINE_COLLECTION,STANCE,0.8696,-152.953,196.043,-152.953,0.0000,0.0000,-0.2941,0.0000,-0.2941,0.0000,0,
6.2211,6.2200,BASELINE_COLLECTION,STANCE,0.8913,-149.898,305.481,-149.898,0.0000,0.0000,-0.4582,0.0000,-0.4582,0.0000,0,
6.2311,6.2300,BASELINE_COLLECTION,STANCE,0.9130,-147.078,282.043,-147.078,0.0000,0.0000,-0.4231,0.0000,-0.4231,0.0000,0,
6.2411,6.2400,BASELINE_COLLECTION,STANCE,0.9348,-144.835,224.253,-144.835,0.0000,0.0000,-0.3364,0.0000,-0.3364,0.0000,0,
6.2511,6.2500,BASELINE_COLLECTION,STANCE,0.9565,-142.297,253.810,-142.297,0.0000,0.0000,-0.3807,0.0000,-0.3807,0.0000,0,
6.2611,6.2600,BASELINE_COLLECTION,STANCE,0.9783,-138.618,367.950,-138.618,0.0000,0.0000,-0.5519,0.0000,-0.5519,0.0000,0,
6.2711,6.2700,BASELINE_COLLECTION,STANCE,1.0000,-136.309,230.829,-136.309,0.0000,0.0000,-0.3462,0.0000,-0.3462,0.0000,0,
6.2810,6.2800,BASELINE_COLLECTION,STANCE,1.0000,-132.679,363.006,-132.679,0.0000,0.0000,-0.5445,0.0000,-0.5445,0.0000,0,
6.2911,6.2900,BASELINE_COLLECTION,STANCE,1.0000,-129.237,344.219,-129.237,0.0000,0.0000,-0.5163,0.0000,-0.5163,0.0000,0,
6.3012,6.3000,BASELINE_COLLECTION,STANCE,1.0000,-126.969,226.783,-126.969,0.0000,0.0000,-0.3402,0.0000,-0.3402,0.0000,0,
6.3112,6.3100,BASELINE_COLLECTION,SWING,0.0000,-123.311,365.861,-123.311,0.0000,0.0000,-0.5488,0.0000,-0.5488,0.0000,0,
6.3212,6.3200,BASELINE_COLLECTION,SWING,0.0141,-119.761,354.990,-119.761,0.0442,0.0000,-0.5325,0.0000,-0.5325,0.0000,0,
6.3312,6.3300,BASELINE_COLLECTION,SWING,0.0282,-117.066,269.527,-117.066,0.0884,0.0000,-0.4043,0.0000,-0.4043,0.0000,0,
6.3412,6.3400,BASELINE_COLLECTION,SWING,0.0423,-113.984,308.173,-113.984,0.1324,0.0000,-0.4623,0.0000,-0.4623,0.0000,0,
6.3512,6.3500,BASELINE_COLLECTION,SWING,0.0563,-110.851,313.296,-110.851,0.1761,0.0000,-0.4699,0.0000,-0.4699,0.0000,0,
6.3612,6.3600,BASELINE_COLLECTION,SWING,0.0704,-107.588,326.271,-107.588,0.2194,0.0000,-0.4894,0.0000,-0.4894,0.0000,0,
6.3711,6.3700,BASELINE_COLLECTION,SWING,0.0845,-105.344,224.405,-105.344,0.2624,0.0000,-0.3366,0.0000,-0.3366,0.0000,0,
6.3812,6.3800,BASELINE_COLLECTION,SWING,0.0986,-102.100,324.400,-102.100,0.3048,0.0000,-0.4866,0.0000,-0.4866,0.0000,0,
6.3912,6.3900,BASELINE_COLLECTION,SWING,0.1127,-99.877,222.328,-99.877,0.3466,0.0000,-0.3335,0.0000,-0.3335,0.0000,0,
6.4012,6.4000,BASELINE_COLLECTION,SWING,0.1268,-97.409,246.805,-97.409,0.3878,0.0000,-0.3702,0.0000,-0.3702,0.0000,0,
6.4112,6.4100,BASELINE_COLLECTION,SWING,0.1408,-94.491,291.773,-94.491,0.4282,0.0000,-0.4377,0.0000,-0.4377,0.0000,0,
6.4212,6.4200,BASELINE_COLLECTION,SWING,0.1549,-92.381,211.023,-92.381,0.4677,0.0000,-0.3165,0.0000,-0.3165,0.0000,0,
6.4312,6.4300,BASELINE_COLLECTION,SWING,0.1690,-89.991,238.966,-89.991,0.5064,0.0000,-0.3584,0.0000,-0.3584,0.0000,0,
6.4412,6.4400,BASELINE_COLLECTION,SWING,0.1831,-87.737,225.412,-87.737,0.5440,0.0000,-0.3381,0.0000,-0.3381,0.0000,0,
6.4510,6.4500,BASELINE_COLLECTION,SWING,0.1972,-86.259,147.785,-86.259,0.5806,0.0000,-0.2217,0.0000,-0.2217,0.0000,0,
6.4612,6.4600,BASELINE_COLLECTION,SWING,0.2113,-83.267,299.217,-83.267,0.6160,0.0000,-0.4488,0.0000,-0.4488,0.0000,0,
6.4712,6.4700,BASELINE_COLLECTION,SWING,0.2254,-81.910,135.724,-81.910,0.6503,0.0000,-0.2036,0.0000,-0.2036,0.0000,0,
6.4812,6.4800,BASELINE_COLLECTION,SWING,0.2394,-79.674,223.541,-79.674,0.6833,0.0000,-0.3353,0.0000,-0.3353,0.0000,0,
6.4914,6.4900,BASELINE_COLLECTION,SWING,0.2535,-77.416,225.851,-77.416,0.7149,0.0000,-0.3388,0.0000,-0.3388,0.0000,0,
6.5012,6.5000,BASELINE_COLLECTION,SWING,0.2676,-76.710,70.547,-76.710,0.7451,0.0000,-0.1058,0.0000,-0.1058,0.0000,0,
6.5114,6.5100,BASELINE_COLLECTION,SWING,0.2817,-75.371,133.951,-75.371,0.7739,0.0000,-0.2009,0.0000,-0.2009,0.0000,0,
6.5212,6.5200,BASELINE_COLLECTION,SWING,0.2958,-73.410,196.056,-73.410,0.8011,0.0000,-0.2941,0.0000,-0.2941,0.0000,0,
6.5312,6.5300,BASELINE_COLLECTION,SWING,0.3099,-72.692,71.808,-72.692,0.8268,0.0000,-0.1077,0.0000,-0.1077,0.0000,0,
6.5412,6.5400,BASELINE_COLLECTION,SWING,0.3239,-71.631,106.121,-71.631,0.8509,0.0000,-0.1592,0.0000,-0.1592,0.0000,0,
6.5509,6.5500,BASELINE_COLLECTION,SWING,0.3380,-71.433,19.790,-71.433,0.8733,0.0000,-0.0297,0.0000,-0.0297,0.0000,0,
6.5611,6.5600,BASELINE_COLLECTION,SWING,0.3521,-70.422,101.143,-70.422,0.8940,0.0000,-0.1517,0.0000,-0.1517,0.0000,0,
6.5704,6.5700,BASELINE_COLLECTION,SWING,0.3662,-70.587,-16.578,-70.587,0.9129,0.0000,0.0249,0.0000,0.0249,0.0746,0,
6.5813,6.5800,BASELINE_COLLECTION,SWING,0.3803,-69.988,59.912,-69.988,0.9301,0.0000,-0.0899,0.0000,-0.0899,0.0000,0,
6.5912,6.5900,BASELINE_COLLECTION,SWING,0.3944,-69.440,54.832,-69.440,0.9454,0.0000,-0.0822,0.0000,-0.0822,0.0000,0,
6.6012,6.6000,BASELINE_COLLECTION,SWING,0.4085,-70.038,-59.785,-70.038,0.9589,0.0000,0.0897,0.0000,0.0897,0.1491,0,
6.6112,6.6100,BASELINE_COLLECTION,SWING,0.4225,-69.071,96.698,-69.071,0.9705,0.0000,-0.1450,0.0000,-0.1450,0.0000,0,
6.6212,6.6200,BASELINE_COLLECTION,SWING,0.4366,-68.943,12.807,-68.943,0.9802,0.0000,-0.0192,0.0000,-0.0192,0.0000,0,
6.6312,6.6300,BASELINE_COLLECTION,SWING,0.4507,-71.245,-230.219,-71.245,0.9880,0.0000,0.3453,0.0000,0.3453,0.4429,0,
6.6412,6.6400,BASELINE_COLLECTION,SWING,0.4648,-69.610,163.496,-69.610,0.9939,0.0000,-0.2452,0.0000,-0.2452,0.0000,0,
6.6512,6.6500,BASELINE_COLLECTION,SWING,0.4789,-70.075,-46.462,-70.075,0.9978,0.0000,0.0697,0.0000,0.0697,0.1261,0,
6.6611,6.6600,BASELINE_COLLECTION,SWING,0.4930,-71.320,-124.568,-71.320,0.9998,0.0000,0.1869,0.0000,0.1869,0.2607,0,
6.6711,6.6700,BASELINE_COLLECTION,SWING,0.5070,-71.094,22.598,-71.094,0.9998,0.0000,-0.0339,0.0000,-0.0339,0.0000,0,
6.6810,6.6800,BASELINE_COLLECTION,SWING,0.5211,-73.742,-264.715,-73.742,0.9978,0.0000,0.3971,0.0000,0.3971,0.5024,0,
6.6912,6.6900,BASELINE_COLLECTION,SWING,0.5352,-72.719,102.270,-72.719,0.9939,0.0000,-0.1534,0.0000,-0.1534,0.0000,0,
6.7012,6.7000,BASELINE_COLLECTION,SWING,0.5493,-75.162,-244.355,-75.162,0.9880,0.0000,0.3665,0.0000,0.3665,0.4673,0,
6.7112,6.7100,BASELINE_COLLECTION,SWING,0.5634,-75.167,-0.446,-75.167,0.9802,0.0000,0.0007,0.0000,0.0007,0.0467,0,
6.7213,6.7200,BASELINE_COLLECTION,SWING,0.5775,-77.516,-234.900,-77.516,0.9705,0.0000,0.3524,0.0000,0.3524,0.4510,0,
6.7312,6.7300,BASELINE_COLLECTION,SWING,0.5915,-78.729,-121.333,-78.729,0.9589,0.0000,0.1820,0.0000,0.1820,0.2552,0,
6.7412,6.7400,BASELINE_COLLECTION,SWING,0.6056,-80.476,-174.711,-80.476,0.9454,0.0000,0.2621,0.0000,0.2621,0.3472,0,
6.7512,6.7500,BASELINE_COLLECTION,SWING,0.6197,-81.018,-54.177,-81.018,0.9301,0.0000,0.0813,0.0000,0.0813,0.1394,0,
6.7612,6.7600,BASELINE_COLLECTION,SWING,0.6338,-84.166,-314.817,-84.166,0.9129,0.0000,0.4722,0.0000,0.4722,0.5888,0,
6.7712,6.7700,BASELINE_COLLECTION,SWING,0.6479,-84.901,-73.459,-84.901,0.8940,0.0000,0.1102,0.0000,0.1102,0.1726,0,
6.7812,6.7800,BASELINE_COLLECTION,SWING,0.6620,-87.889,-298.786,-87.889,0.8733,0.0000,0.4482,0.0000,0.4482,0.5611,0,
6.7912,6.7900,BASELINE_COLLECTION,SWING,0.6761,-88.880,-99.122,-88.880,0.8509,0.0000,0.1487,0.0000,0.1487,0.2169,0,
6.8010,6.8000,BASELINE_COLLECTION,SWING,0.6901,-92.516,-363.611,-92.516,0.8268,0.0000,0.5454,0.0000,0.5454,0.6729,0,
6.8112,6.8100,BASELINE_COLLECTION,SWING,0.7042,-93.384,-86.789,-93.384,0.8011,0.0000,0.1302,0.0000,0.1302,0.1956,0,
6.8212,6.8200,BASELINE_COLLECTION,SWING,0.7183,-95.927,-254.319,-95.927,0.7739,0.0000,0.3815,0.0000,0.3815,0.4845,0,
6.8312,6.8300,BASELINE_COLLECTION,SWING,0.7324,-98.488,-256.114,-98.488,0.7451,0.0000,0.3842,0.0000,0.3842,0.4876,0,
6.8412,6.8400,BASELINE_COLLECTION,SWING,0.7465,-100.446,-195.771,-100.446,0.7149,0.0000,0.2937,0.0000,0.2937,0.3835,0,
6.8512,6.8500,BASELINE_COLLECTION,SWING,0.7606,-103.888,-344.228,-103.888,0.6833,0.0000,0.5163,0.0000,0.5163,0.6395,0,
6.8612,6.8600,BASELINE_COLLECTION,SWING,0.7746,-104.809,-92.094,-104.809,0.6503,0.0000,0.1381,0.0000,0.1381,0.2048,0,
6.8712,6.8700,BASELINE_COLLECTION,SWING,0.7887,-109.166,-435.695,-109.166,0.6160,0.0000,0.6535,0.0000,0.6535,0.7972,0,
6.8812,6.8800,BASELINE_COLLECTION,SWING,0.8028,-110.191,-102.522,-110.191,0.5806,0.0000,0.1538,0.0000,0.1538,0.2227,0,
6.8912,6.8900,BASELINE_COLLECTION,SWING,0.8169,-114.194,-400.225,-114.194,0.5440,0.0000,0.6003,0.0000,0.6003,0.7360,0,
6.9012,6.9000,BASELINE_COLLECTION,SWING,0.8310,-116.244,-205.058,-116.244,0.5064,0.0000,0.3076,0.0000,0.3076,0.3995,0,
6.9112,6.9100,BASELINE_COLLECTION,SWING,0.8451,-119.948,-370.401,-119.948,0.4677,0.0000,0.5556,0.0000,0.5556,0.6846,0,
6.9212,6.9200,BASELINE_COLLECTION,SWING,0.8592,-121.534,-158.605,-121.534,0.4282,0.0000,0.2379,0.0000,0.2379,0.3194,0,
6.9312,6.9300,BASELINE_COLLECTION,SWING,0.8732,-124.187,-265.329,-124.187,0.3878,0.0000,0.3980,0.0000,0.3980,0.5034,0,
6.9412,6.9400,BASELINE_COLLECTION,SWING,0.8873,-127.080,-289.231,-127.080,0.3466,0.0000,0.4338,0.0000,0.4338,0.5447,0,
6.9512,6.9500,BASELINE_COLLECTION,SWING,0.9014,-130.298,-321.771,-130.298,0.3048,0.0000,0.4827,0.0000,0.4827,0.6008,0,
6.9612,6.9600,BASELINE_COLLECTION,SWING,0.9155,-132.577,-227.931,-132.577,0.2624,0.0000,0.3419,0.0000,0.3419,0.4390,0,
6.9712,6.9700,BASELINE_COLLECTION,SWING,0.9296,-135.118,-254.159,-135.118,0.2194,0.0000,0.3812,0.0000,0.3812,0.4842,0,
6.9812,6.9800,BASELINE_COLLECTION,SWING,0.9437,-138.377,-325.894,-138.377,0.1761,0.0000,0.4888,0.0000,0.4888,0.6079,0,
6.9912,6.9900,BASELINE_COLLECTION,SWING,0.9577,-140.957,-258.015,-140.957,0.1324,0.0000,0.3870,0.0000,0.3870,0.4908,0,
7.0012,7.0000,BASELINE_COLLECTION,SWING,0.9718,-142.602,-164.408,-142.602,0.0884,0.0000,0.2466,0.0000,0.2466,0.3294,0,
7.0120,7.0100,BASELINE_COLLECTION,STANCE,0.0000,-146.257,-365.531,-146.257,0.0000,0.0000,0.5483,0.0000,0.5483,0.6762,0,
7.0210,7.0200,BASELINE_COLLECTION,STANCE,0.0200,-148.979,-272.261,-148.979,0.0000,0.0000,0.4084,0.0000,0.4084,0.5154,0,
7.0311,7.0300,BASELINE_COLLECTION,STANCE,0.0400,-150.389,-140.989,-150.389,0.0000,0.0000,0.2115,0.0000,0.2115,0.2891,0,
7.0410,7.0400,BASELINE_COLLECTION,STANCE,0.0600,-153.463,-307.360,-153.463,0.0000,0.0000,0.4610,0.0000,0.4610,0.5759,0,
7.0511,7.0500,BASELINE_COLLECTION,STANCE,0.0800,-155.005,-154.192,-155.005,0.0000,0.0000,0.2313,0.0000,0.2313,0.3118,0,
7.0612,7.0600,BASELINE_COLLECTION,STANCE,0.1000,-157.990,-298.462,-157.990,0.0000,0.0000,0.4477,0.0000,0.4477,0.5606,0,
7.0711,7.0700,BASELINE_COLLECTION,STANCE,0.1200,-159.765,-177.570,-159.765,0.0000,0.0000,0.2664,0.0000,0.2664,0.3521,0,
7.0811,7.0800,BASELINE_COLLECTION,STANCE,0.1400,-161.917,-215.225,-161.917,0.0000,0.0000,0.3228,0.0000,0.3228,0.4171,0,
7.0909,7.0900,BASELINE_COLLECTION,STANCE,0.1600,-163.602,-168.468,-163.602,0.0000,0.0000,0.2527,0.0000,0.2527,0.3364,0,
7.1005,7.1000,BASELINE_COLLECTION,STANCE,0.1800,-165.888,-228.611,-165.888,0.0000,0.0000,0.3429,0.0000,0.3429,0.4401,0,
7.1111,7.1100,BASELINE_COLLECTION,STANCE,0.2000,-167.291,-140.259,-167.291,0.0000,0.0000,0.2104,0.0000,0.2104,0.2878,0,
7.1212,7.1200,BASELINE_COLLECTION,STANCE,0.2200,-168.567,-127.615,-168.567,0.0000,0.0000,0.1914,0.0000,0.1914,0.2660,0,
7.1310,7.1300,BASELINE_COLLECTION,STANCE,0.2400,-171.236,-266.912,-171.236,0.0000,0.0000,0.4004,0.0000,0.4004,0.5062,0,
7.1410,7.1400,BASELINE_COLLECTION,STANCE,0.2600,-171.415,-17.849,-171.415,0.0000,0.0000,0.0268,0.0000,0.0268,0.0768,0,
7.1506,7.1500,BASELINE_COLLECTION,STANCE,0.2800,-174.420,-300.533,-174.420,0.0000,0.0000,0.4508,0.0000,0.4508,0.5641,0,
7.1608,7.1600,BASELINE_COLLECTION,STANCE,0.3000,-173.084,133.585,-173.084,0.0000,0.0000,-0.2004,0.0000,-0.2004,0.0000,0,
7.1711,7.1700,BASELINE_COLLECTION,STANCE,0.3200,-175.255,-217.054,-175.255,0.0000,0.0000,0.3256,0.0000,0.3256,0.4202,0,
7.1812,7.1800,BASELINE_COLLECTION,STANCE,0.3400,-175.293,-3.841,-175.293,0.0000,0.0000,0.0058,0.0000,0.0058,0.0526,0,
7.1911,7.1900,BASELINE_COLLECTION,STANCE,0.3600,-176.673,-138.000,-176.673,0.0000,0.0000,0.2070,0.0000,0.2070,0.2839,0,
7.2010,7.2000,BASELINE_COLLECTION,STANCE,0.3800,-176.970,-29.698,-176.970,0.0000,0.0000,0.0445,0.0000,0.0445,0.0972,0,
7.2112,7.2100,BASELINE_COLLECTION,STANCE,0.4000,-177.807,-83.674,-177.807,0.0000,0.0000,0.1255,0.0000,0.1255,0.1902,0,
7.2211,7.2200,BASELINE_COLLECTION,STANCE,0.4200,-177.828,-2.127,-177.828,0.0000,0.0000,0.0032,0.0000,0.0032,0.0496,0,
7.2311,7.2300,BASELINE_COLLECTION,STANCE,0.4400,-178.640,-81.189,-178.640,0.0000,0.0000,0.1218,0.0000,0.1218,0.1860,0,
7.2412,7.2400,BASELINE_COLLECTION,STANCE,0.4600,-177.644,99.624,-177.644,0.0000,0.0000,-0.1494,0.0000,-0.1494,0.0000,0,
7.2509,7.2500,BASELINE_COLLECTION,STANCE,0.4800,-178.522,-87.842,-178.522,0.0000,0.0000,0.1318,0.0000,0.1318,0.1974,0,
7.2611,7.2600,BASELINE_COLLECTION,STANCE,0.5000,-178.011,51.099,-178.011,0.0000,0.0000,-0.0766,0.0000,-0.0766,0.0000,0,
7.2709,7.2700,BASELINE_COLLECTION,STANCE,0.5200,-176.893,111.776,-176.893,0.0000,0.0000,-0.1677,0.0000,-0.1677,0.0000,0,
7.2810,7.2800,BASELINE_COLLECTION,STANCE,0.5400,-176.031,86.209,-176.031,0.0000,0.0000,-0.1293,0.0000,-0.1293,0.0000,0,
7.2911,7.2900,BASELINE_COLLECTION,STANCE,0.5600,-176.443,-41.143,-176.443,0.0000,0.0000,0.0617,0.0000,0.0617,0.1169,0,
7.3011,7.3000,BASELINE_COLLECTION,STANCE,0.5800,-174.602,184.060,-174.602,0.0000,0.0000,-0.2761,0.0000,-0.2761,0.0000,0,
7.3112,7.3100,BASELINE_COLLECTION,STANCE,0.6000,-173.733,86.902,-173.733,0.0000,0.0000,-0.1304,0.0000,-0.1304,0.0000,0,
7.3213,7.3200,BASELINE_COLLECTION,STANCE,0.6200,-172.296,143.704,-172.296,0.0000,0.0000,-0.2156,0.0000,-0.2156,0.0000,0,
7.3311,7.3300,BASELINE_COLLECTION,STANCE,0.6400,-170.612,168.374,-170.612,0.0000,0.0000,-0.2526,0.0000,-0.2526,0.0000,0,
7.3413,7.3400,BASELINE_COLLECTION,STANCE,0.6600,-169.430,118.205,-169.430,0.0000,0.0000,-0.1773,0.0000,-0.1773,0.0000,0,
7.3513,7.3500,BASELINE_COLLECTION,STANCE,0.6800,-167.176,225.381,-167.176,0.0000,0.0000,-0.3381,0.0000,-0.3381,0.0000,0,
7.3612,7.3600,BASELINE_COLLECTION,STANCE,0.7000,-165.625,155.109,-165.625,0.0000,0.0000,-0.2327,0.0000,-0.2327,0.0000,0,
7.3713,7.3700,BASELINE_COLLECTION,STANCE,0.7200,-163.094,253.157,-163.094,0.0000,0.0000,-0.3797,0.0000,-0.3797,0.0000,0,
7.3812,7.3800,BASELINE_COLLECTION,STANCE,0.7400,-161.034,205.956,-161.034,0.0000,0.0000,-0.3089,0.0000,-0.3089,0.0000,0,
7.3909,7.3900,BASELINE_COLLECTION,STANCE,0.7600,-158.554,248.021,-158.554,0.0000,0.0000,-0.3720,0.0000,-0.3720,0.0000,0,
7.4012,7.4000,BASELINE_COLLECTION,STANCE,0.7800,-156.277,227.655,-156.277,0.0000,0.0000,-0.3415,0.0000,-0.3415,0.0000,0,
7.4111,7.4100,BASELINE_COLLECTION,STANCE,0.8000,-152.460,381.707,-152.460,0.0000,0.0000,-0.5726,0.0000,-0.5726,0.0000,0,
7.4211,7.4200,BASELINE_COLLECTION,STANCE,0.8200,-150.013,244.691,-150.013,0.0000,0.0000,-0.3670,0.0000,-0.3670,0.0000,0,
7.4311,7.4300,BASELINE_COLLECTION,STANCE,0.8400,-148.174,183.946,-148.174,0.0000,0.0000,-0.2759,0.0000,-0.2759,0.0000,0,
7.4412,7.4400,BASELINE_COLLECTION,STANCE,0.8600,-144.767,340.689,-144.767,0.0000,0.0000,-0.5110,0.0000,-0.5110,0.0000,0,
7.4511,7.4500,BASELINE_COLLECTION,STANCE,0.8800,-141.860,290.741,-141.860,0.0000,0.0000,-0.4361,0.0000,-0.4361,0.0000,0,
7.4612,7.4600,BASELINE_COLLECTION,STANCE,0.9000,-138.883,297.666,-138.883,0.0000,0.0000,-0.4465,0.0000,-0.4465,0.0000,0,
7.4711,7.4700,BASELINE_COLLECTION,STANCE,0.9200,-136.163,272.041,-136.163,0.0000,0.0000,-0.4081,0.0000,-0.4081,0.0000,0,
7.4811,7.4800,BASELINE_COLLECTION,STANCE,0.9400,-132.231,393.124,-132.231,0.0000,0.0000,-0.5897,0.0000,-0.5897,0.0000,0,
7.4911,7.4900,BASELINE_COLLECTION,STANCE,0.9600,-129.623,260.874,-129.623,0.0000,0.0000,-0.3913,0.0000,-0.3913,0.0000,0,
7.5006,7.5000,BASELINE_COLLECTION,STANCE,0.9800,-126.200,342.282,-126.200,0.0000,0.0000,-0.5134,0.0000,-0.5134,0.0000,0,
7.5113,7.5100,BASELINE_COLLECTION,STANCE,1.0000,-123.100,309.945,-123.100,0.0000,0.0000,-0.4649,0.0000,-0.4649,0.0000,0,
7.5213,7.5200,BASELINE_COLLECTION,SWING,0.0000,-119.696,340.482,-119.696,0.0000,0.0000,-0.5107,0.0000,-0.5107,0.0000,0,
7.5309,7.5300,BASELINE_COLLECTION,SWING,0.0143,-117.926,176.925,-117.926,0.0449,0.0000,-0.2654,0.0000,-0.2654,0.0000,0,
7.5410,7.5400,BASELINE_COLLECTION,SWING,0.0286,-113.489,443.766,-113.489,0.0896,0.0000,-0.6656,0.0000,-0.6656,0.0000,0,
7.5512,7.5500,BASELINE_COLLECTION,SWING,0.0429,-110.698,279.027,-110.698,0.1342,0.0000,-0.4185,0.0000,-0.4185,0.0000,0,
7.5612,7.5600,BASELINE_COLLECTION,SWING,0.0571,-108.045,265.303,-108.045,0.1786,0.0000,-0.3980,0.0000,-0.3980,0.0000,0,
7.5713,7.5700,BASELINE_COLLECTION,SWING,0.0714,-104.445,360.009,-104.445,0.2225,0.0000,-0.5400,0.0000,-0.5400,0.0000,0,
7.5812,7.5800,BASELINE_COLLECTION,SWING,0.0857,-102.505,194.063,-102.505,0.2660,0.0000,-0.2911,0.0000,-0.2911,0.0000,0,
7.5909,7.5900,BASELINE_COLLECTION,SWING,0.1000,-99.518,298.674,-99.518,0.3090,0.0000,-0.4480,0.0000,-0.4480,0.0000,0,
7.6008,7.6000,BASELINE_COLLECTION,SWING,0.1143,-97.482,203.635,-97.482,0.3514,0.0000,-0.3055,0.0000,-0.3055,0.0000,0,
7.6105,7.6100,BASELINE_COLLECTION,SWING,0.1286,-94.160,332.197,-94.160,0.3930,0.0000,-0.4983,0.0000,-0.4983,0.0000,0,
7.6211,7.6200,BASELINE_COLLECTION,SWING,0.1429,-92.068,209.145,-92.068,0.4339,0.0000,-0.3137,0.0000,-0.3137,0.0000,0,
7.6312,7.6300,BASELINE_COLLECTION,SWING,0.1571,-89.940,212.861,-89.940,0.4739,0.0000,-0.3193,0.0000,-0.3193,0.0000,0,
7.6412,7.6400,BASELINE_COLLECTION,SWING,0.1714,-86.645,329.489,-86.645,0.5129,0.0000,-0.4942,0.0000,-0.4942,0.0000,0,
7.6511,7.6500,BASELINE_COLLECTION,SWING,0.1857,-85.461,118.393,-85.461,0.5509,0.0000,-0.1776,0.0000,-0.1776,0.0000,0,
7.6611,7.6600,BASELINE_COLLECTION,SWING,0.2000,-83.304,215.701,-83.304,0.5878,0.0000,-0.3236,0.0000,-0.3236,0.0000,0,
7.6711,7.6700,BASELINE_COLLECTION,SWING,0.2143,-81.481,182.229,-81.481,0.6235,0.0000,-0.2733,0.0000,-0.2733,0.0000,0,
7.6813,7.6800,BASELINE_COLLECTION,SWING,0.2286,-79.932,154.922,-79.932,0.6579,0.0000,-0.2324,0.0000,-0.2324,0.0000,0,
7.6913,7.6900,BASELINE_COLLECTION,SWING,0.2429,-77.782,215.021,-77.782,0.6911,0.0000,-0.3225,0.0000,-0.3225,0.0000,0,
7.7013,7.7000,BASELINE_COLLECTION,SWING,0.2571,-76.205,157.656,-76.205,0.7228,0.0000,-0.2365,0.0000,-0.2365,0.0000,0,
7.7112,7.7100,BASELINE_COLLECTION,SWING,0.2714,-75.011,119.416,-75.011,0.7531,0.0000,-0.1791,0.0000,-0.1791,0.0000,0,
7.7214,7.7200,BASELINE_COLLECTION,SWING,0.2857,-74.899,11.209,-74.899,0.7818,0.0000,-0.0168,0.0000,-0.0168,0.0000,0,
7.7312,7.7300,BASELINE_COLLECTION,SWING,0.3000,-72.507,239.244,-72.507,0.8090,0.0000,-0.3589,0.0000,-0.3589,0.0000,0,
7.7412,7.7400,BASELINE_COLLECTION,SWING,0.3143,-72.161,34.573,-72.161,0.8346,0.0000,-0.0519,0.0000,-0.0519,0.0000,0,
7.7513,7.7500,BASELINE_COLLECTION,SWING,0.3286,-71.777,38.411,-71.777,0.8584,0.0000,-0.0576,0.0000,-0.0576,0.0000,0,
7.7611,7.7600,BASELINE_COLLECTION,SWING,0.3429,-70.479,129.785,-70.479,0.8806,0.0000,-0.1947,0.0000,-0.1947,0.0000,0,
7.7713,7.7700,BASELINE_COLLECTION,SWING,0.3571,-70.087,39.169,-70.087,0.9010,0.0000,-0.0588,0.0000,-0.0588,0.0000,0,
7.7813,7.7800,BASELINE_COLLECTION,SWING,0.3714,-70.485,-39.781,-70.485,0.9195,0.0000,0.0597,0.0000,0.0597,0.1146,0,
7.7912,7.7900,BASELINE_COLLECTION,SWING,0.3857,-68.460,202.523,-68.460,0.9362,0.0000,-0.3038,0.0000,-0.3038,0.0000,0,
7.8005,7.8000,BASELINE_COLLECTION,SWING,0.4000,-70.080,-161.980,-70.080,0.9511,0.0000,0.2430,0.0000,0.2430,0.3253,0,
7.8112,7.8100,BASELINE_COLLECTION,SWING,0.4143,-69.064,101.578,-69.064,0.9640,0.0000,-0.1524,0.0000,-0.1524,0.0000,0,
7.8212,7.8200,BASELINE_COLLECTION,SWING,0.4286,-69.473,-40.854,-69.473,0.9749,0.0000,0.0613,0.0000,0.0613,0.1164,0,
7.8312,7.8300,BASELINE_COLLECTION,SWING,0.4429,-68.671,80.168,-68.671,0.9839,0.0000,-0.1203,0.0000,-0.1203,0.0000,0,
7.8412,7.8400,BASELINE_COLLECTION,SWING,0.4571,-70.286,-161.543,-70.286,0.9909,0.0000,0.2423,0.0000,0.2423,0.3245,0,
7.8512,7.8500,BASELINE_COLLECTION,SWING,0.4714,-69.947,33.970,-69.947,0.9960,0.0000,-0.0510,0.0000,-0.0510,0.0000,0,
7.8613,7.8600,BASELINE_COLLECTION,SWING,0.4857,-71.240,-129.343,-71.240,0.9990,0.0000,0.1940,0.0000,0.1940,0.2690,0,
7.8712,7.8700,BASELINE_COLLECTION,SWING,0.5000,-71.717,-47.712,-71.717,1.0000,0.0000,0.0716,0.0000,0.0716,0.1282,0,
7.8812,7.8800,BASELINE_COLLECTION,SWING,0.5143,-72.940,-122.285,-72.940,0.9990,0.0000,0.1834,0.0000,0.1834,0.2568,0,
7.8912,7.8900,BASELINE_COLLECTION,SWING,0.5286,-73.668,-72.760,-73.668,0.9960,0.0000,0.1091,0.0000,0.1091,0.1714,0,
7.9012,7.9000,BASELINE_COLLECTION,SWING,0.5429,-74.507,-83.963,-74.507,0.9909,0.0000,0.1259,0.0000,0.1259,0.1907,0,
7.9113,7.9100,BASELINE_COLLECTION,SWING,0.5571,-75.839,-133.222,-75.839,0.9839,0.0000,0.1998,0.0000,0.1998,0.2757,0,
7.9213,7.9200,BASELINE_COLLECTION,SWING,0.5714,-77.899,-205.915,-77.899,0.9749,0.0000,0.3089,0.0000,0.3089,0.4010,0,
7.9312,7.9300,BASELINE_COLLECTION,SWING,0.5857,-78.229,-33.023,-78.229,0.9640,0.0000,0.0495,0.0000,0.0495,0.1029,0,
7.9413,7.9400,BASELINE_COLLECTION,SWING,0.6000,-80.521,-229.171,-80.521,0.9511,0.0000,0.3438,0.0000,0.3438,0.4411,0,
7.9513,7.9500,BASELINE_COLLECTION,SWING,0.6143,-82.266,-174.504,-82.266,0.9362,0.0000,0.2618,0.0000,0.2618,0.3468,0,
7.9612,7.9600,BASELINE_COLLECTION,SWING,0.6286,-83.735,-146.901,-83.735,0.9195,0.0000,0.2204,0.0000,0.2204,0.2993,0,
7.9712,7.9700,BASELINE_COLLECTION,SWING,0.6429,-86.057,-232.290,-86.057,0.9010,0.0000,0.3484,0.0000,0.3484,0.4465,0,
7.9813,7.9800,BASELINE_COLLECTION,SWING,0.6571,-87.717,-165.964,-87.717,0.8806,0.0000,0.2489,0.0000,0.2489,0.3321,0,
7.9912,7.9900,BASELINE_COLLECTION,SWING,0.6714,-89.467,-174.942,-89.467,0.8584,0.0000,0.2624,0.0000,0.2624,0.3476,0,
8.0012,8.0000,BASELINE_COLLECTION,SWING,0.6857,-92.161,-269.493,-92.161,0.8346,0.0000,0.4042,0.0000,0.4042,0.5106,0,
8.0113,8.0100,BASELINE_COLLECTION,SWING,0.7000,-93.330,-116.838,-93.330,0.8090,0.0000,0.1753,0.0000,0.1753,0.2474,0,
8.0211,8.0200,BASELINE_COLLECTION,SWING,0.7143,-96.745,-341.506,-96.745,0.7818,0.0000,0.5123,0.0000,0.5123,0.6348,0,
8.0312,8.0300,BASELINE_COLLECTION,SWING,0.7286,-97.928,-118.309,-97.928,0.7531,0.0000,0.1775,0.0000,0.1775,0.2500,0,
8.0412,8.0400,BASELINE_COLLECTION,SWING,0.7429,-101.618,-368.954,-101.618,0.7228,0.0000,0.5534,0.0000,0.5534,0.6821,0,
8.0511,8.0500,BASELINE_COLLECTION,SWING,0.7571,-103.127,-150.959,-103.127,0.6911,0.0000,0.2264,0.0000,0.2264,0.3063,0,
8.0611,8.0600,BASELINE_COLLECTION,SWING,0.7714,-106.280,-315.316,-106.280,0.6579,0.0000,0.4730,0.0000,0.4730,0.5896,0,
8.0712,8.0700,BASELINE_COLLECTION,SWING,0.7857,-108.278,-199.729,-108.278,0.6235,0.0000,0.2996,0.0000,0.2996,0.3903,0,
8.0811,8.0800,BASELINE_COLLECTION,SWING,0.8000,-111.671,-339.301,-111.671,0.5878,0.0000,0.5090,0.0000,0.5090,0.6310,0,
8.0910,8.0900,BASELINE_COLLECTION,SWING,0.8143,-113.210,-153.946,-113.210,0.5509,0.0000,0.2309,0.0000,0.2309,0.3114,0,
8.1010,8.1000,BASELINE_COLLECTION,SWING,0.8286,-116.711,-350.135,-116.711,0.5129,0.0000,0.5252,0.0000,0.5252,0.6497,0,
8.1112,8.1100,BASELINE_COLLECTION,SWING,0.8429,-118.920,-220.882,-118.920,0.4739,0.0000,0.3313,0.0000,0.3313,0.4268,0,
8.1213,8.1200,BASELINE_COLLECTION,SWING,0.8571,-121.438,-251.757,-121.438,0.4339,0.0000,0.3776,0.0000,0.3776,0.4800,0,
8.1309,8.1300,BASELINE_COLLECTION,SWING,0.8714,-125.237,-379.916,-125.237,0.3930,0.0000,0.5699,0.0000,0.5699,0.7010,0,
8.1412,8.1400,BASELINE_COLLECTION,SWING,0.8857,-126.591,-135.367,-126.591,0.3514,0.0000,0.2031,0.0000,0.2031,0.2794,0,
8.1512,8.1500,BASELINE_COLLECTION,SWING,0.9000,-130.862,-427.141,-130.862,0.3090,0.0000,0.6407,0.0000,0.6407,0.7824,0,
8.1611,8.1600,BASELINE_COLLECTION,SWING,0.9143,-131.985,-112.276,-131.985,0.2660,0.0000,0.1684,0.0000,0.1684,0.2396,0,
8.1712,8.1700,BASELINE_COLLECTION,SWING,0.9286,-136.469,-448.433,-136.469,0.2225,0.0000,0.6726,0.0000,0.6726,0.8191,0,
8.1813,8.1800,BASELINE_COLLECTION,SWING,0.9429,-136.823,-35.360,-136.823,0.1786,0.0000,0.0530,0.0000,0.0530,0.1069,0,
8.1918,8.1900,BASELINE_COLLECTION,STANCE,0.0000,-141.803,-498.019,-141.803,0.0000,0.0000,0.7470,0.0000,0.7470,0.9046,0,
8.2005,8.2000,BASELINE_COLLECTION,STANCE,0.0196,-141.953,-14.992,-141.953,0.0000,0.0000,0.0225,0.0000,0.0225,0.0718,0,
8.2112,8.2100,BASELINE_COLLECTION,STANCE,0.0392,-147.567,-561.380,-147.567,0.0000,0.0000,0.8421,0.0000,0.8421,1.0139,0,
8.2211,8.2200,BASELINE_COLLECTION,STANCE,0.0588,-147.124,44.288,-147.124,0.0000,0.0000,-0.0664,0.0000,-0.0664,0.0000,0,
8.2311,8.2300,BASELINE_COLLECTION,STANCE,0.0784,-152.120,-499.616,-152.120,0.0000,0.0000,0.7494,0.0000,0.7494,0.9074,0,
8.2411,8.2400,BASELINE_COLLECTION,STANCE,0.0980,-152.150,-2.979,-152.150,0.0000,0.0000,0.0045,0.0000,0.0045,0.0511,0,
8.2510,8.2500,BASELINE_COLLECTION,STANCE,0.1176,-156.544,-439.389,-156.544,0.0000,0.0000,0.6591,0.0000,0.6591,0.8035,0,
8.2610,8.2600,BASELINE_COLLECTION,STANCE,0.1373,-156.731,-18.739,-156.731,0.0000,0.0000,0.0281,0.0000,0.0281,0.0783,0,
8.2709,8.2700,BASELINE_COLLECTION,STANCE,0.1569,-160.578,-384.671,-160.578,0.0000,0.0000,0.5770,0.0000,0.5770,0.7092,0,
8.2809,8.2800,BASELINE_COLLECTION,STANCE,0.1765,-161.145,-56.693,-161.145,0.0000,0.0000,0.0850,0.0000,0.0850,0.1437,0,
8.2913,8.2900,BASELINE_COLLECTION,STANCE,0.1961,-164.571,-342.671,-164.571,0.0000,0.0000,0.5140,0.0000,0.5140,0.6368,0,
8.3012,8.3000,BASELINE_COLLECTION,STANCE,0.2157,-164.850,-27.821,-164.850,0.0000,0.0000,0.0417,0.0000,0.0417,0.0939,0,
8.3113,8.3100,BASELINE_COLLECTION,STANCE,0.2353,-167.663,-281.353,-167.663,0.0000,0.0000,0.4220,0.0000,0.4220,0.5311,0,
8.3212,8.3200,BASELINE_COLLECTION,STANCE,0.2549,-169.054,-139.115,-169.054,0.0000,0.0000,0.2087,0.0000,0.2087,0.2858,0,
8.3311,8.3300,BASELINE_COLLECTION,STANCE,0.2745,-170.433,-137.919,-170.433,0.0000,0.0000,0.2069,0.0000,0.2069,0.2838,0,
8.3411,8.3400,BASELINE_COLLECTION,STANCE,0.2941,-171.976,-154.243,-171.976,0.0000,0.0000,0.2314,0.0000,0.2314,0.3119,0,
8.3512,8.3500,BASELINE_COLLECTION,STANCE,0.3137,-172.907,-93.146,-172.907,0.0000,0.0000,0.1397,0.0000,0.1397,0.2066,0,
8.3612,8.3600,BASELINE_COLLECTION,STANCE,0.3333,-174.554,-164.678,-174.554,0.0000,0.0000,0.2470,0.0000,0.2470,0.3299,0,
8.3713,8.3700,BASELINE_COLLECTION,STANCE,0.3529,-175.125,-57.129,-175.125,0.0000,0.0000,0.0857,0.0000,0.0857,0.1445,0,
8.3813,8.3800,BASELINE_COLLECTION,STANCE,0.3725,-176.793,-166.751,-176.793,0.0000,0.0000,0.2501,0.0000,0.2501,0.3335,0,
8.3911,8.3900,BASELINE_COLLECTION,STANCE,0.3922,-176.491,30.148,-176.491,0.0000,0.0000,-0.0452,0.0000,-0.0452,0.0000,0,
8.4013,8.4000,BASELINE_COLLECTION,STANCE,0.4118,-178.373,-188.149,-178.373,0.0000,0.0000,0.2822,0.0000,0.2822,0.3704,0,
8.4111,8.4100,BASELINE_COLLECTION,STANCE,0.4314,-177.210,116.240,-177.210,0.0000,0.0000,-0.1744,0.0000,-0.1744,0.0000,0,
8.4210,8.4200,BASELINE_COLLECTION,STANCE,0.4510,-178.488,-127.750,-178.488,0.0000,0.0000,0.1916,0.0000,0.1916,0.2662,0,
8.4310,8.4300,BASELINE_COLLECTION,STANCE,0.4706,-177.878,61.027,-177.878,0.0000,0.0000,-0.0915,0.0000,-0.0915,0.0000,0,
8.4412,8.4400,BASELINE_COLLECTION,STANCE,0.4902,-178.785,-90.758,-178.785,0.0000,0.0000,0.1361,0.0000,0.1361,0.2025,0,
8.4511,8.4500,BASELINE_COLLECTION,STANCE,0.5098,-177.383,140.229,-177.383,0.0000,0.0000,-0.2103,0.0000,-0.2103,0.0000,0,
8.4612,8.4600,BASELINE_COLLECTION,STANCE,0.5294,-177.479,-9.571,-177.479,0.0000,0.0000,0.0144,0.0000,0.0144,0.0625,0,
8.4711,8.4700,BASELINE_COLLECTION,STANCE,0.5490,-176.886,59.296,-176.886,0.0000,0.0000,-0.0889,0.0000,-0.0889,0.0000,0,
8.4813,8.4800,BASELINE_COLLECTION,STANCE,0.5686,-175.878,100.773,-175.878,0.0000,0.0000,-0.1512,0.0000,-0.1512,0.0000,0,
8.4911,8.4900,BASELINE_COLLECTION,STANCE,0.5882,-176.077,-19.936,-176.077,0.0000,0.0000,0.0299,0.0000,0.0299,0.0803,0,
8.5012,8.5000,BASELINE_COLLECTION,STANCE,0.6078,-174.250,182.744,-174.250,0.0000,0.0000,-0.2741,0.0000,-0.2741,0.0000,0,
8.5112,8.5100,BASELINE_COLLECTION,STANCE,0.6275,-173.658,59.161,-173.658,0.0000,0.0000,-0.0887,0.0000,-0.0887,0.0000,0,
8.5213,8.5200,BASELINE_COLLECTION,STANCE,0.6471,-172.118,153.988,-172.118,0.0000,0.0000,-0.2310,0.0000,-0.2310,0.0000,0,
8.5311,8.5300,BASELINE_COLLECTION,STANCE,0.6667,-170.601,151.712,-170.601,0.0000,0.0000,-0.2276,0.0000,-0.2276,0.0000,0,
8.5412,8.5400,BASELINE_COLLECTION,STANCE,0.6863,-168.931,167.063,-168.931,0.0000,0.0000,-0.2506,0.0000,-0.2506,0.0000,0,
8.5512,8.5500,BASELINE_COLLECTION,STANCE,0.7059,-166.893,203.772,-166.893,0.0000,0.0000,-0.3057,0.0000,-0.3057,0.0000,0,
8.5612,8.5600,BASELINE_COLLECTION,STANCE,0.7255,-165.241,165.222,-165.241,0.0000,0.0000,-0.2478,0.0000,-0.2478,0.0000,0,
8.5711,8.5700,BASELINE_COLLECTION,STANCE,0.7451,-162.921,231.985,-162.921,0.0000,0.0000,-0.3480,0.0000,-0.3480,0.0000,0,
8.5804,8.5800,BASELINE_COLLECTION,STANCE,0.7647,-160.408,251.276,-160.408,0.0000,0.0000,-0.3769,0.0000,-0.3769,0.0000,0,
8.5904,8.5900,BASELINE_COLLECTION,STANCE,0.7843,-157.486,292.177,-157.486,0.0000,0.0000,-0.4383,0.0000,-0.4383,0.0000,0,
8.6010,8.6000,BASELINE_COLLECTION,STANCE,0.8039,-155.975,151.128,-155.975,0.0000,0.0000,-0.2267,0.0000,-0.2267,0.0000,0,
8.6106,8.6100,BASELINE_COLLECTION,STANCE,0.8235,-153.714,226.157,-153.714,0.0000,0.0000,-0.3392,0.0000,-0.3392,0.0000,0,
8.6206,8.6200,BASELINE_COLLECTION,STANCE,0.8431,-150.449,326.490,-150.449,0.0000,0.0000,-0.4897,0.0000,-0.4897,0.0000,0,
8.6305,8.6300,BASELINE_COLLECTION,STANCE,0.8627,-147.405,304.413,-147.405,0.0000,0.0000,-0.4566,0.0000,-0.4566,0.0000,0,
8.6406,8.6400,BASELINE_COLLECTION,STANCE,0.8824,-144.488,291.658,-144.488,0.0000,0.0000,-0.4375,0.0000,-0.4375,0.0000,0,
8.6505,8.6500,BASELINE_COLLECTION,STANCE,0.9020,-141.581,290.722,-141.581,0.0000,0.0000,-0.4361,0.0000,-0.4361,0.0000,0,
8.6606,8.6600,BASELINE_COLLECTION,STANCE,0.9216,-138.157,342.415,-138.157,0.0000,0.0000,-0.5136,0.0000,-0.5136,0.0000,0,
8.6706,8.6700,BASELINE_COLLECTION,STANCE,0.9412,-135.214,294.279,-135.214,0.0000,0.0000,-0.4414,0.0000,-0.4414,0.0000,0,
8.6805,8.6800,BASELINE_COLLECTION,STANCE,0.9608,-132.571,264.299,-132.571,0.0000,0.0000,-0.3964,0.0000,-0.3964,0.0000,0,
8.6905,8.6900,BASELINE_COLLECTION,STANCE,0.9804,-129.668,290.283,-129.668,0.0000,0.0000,-0.4354,0.0000,-0.4354,0.0000,0,
8.7007,8.7000,BASELINE_COLLECTION,STANCE,1.0000,-126.539,312.849,-126.539,0.0000,0.0000,-0.4693,0.0000,-0.4693,0.0000,0,
8.7109,8.7100,BASELINE_COLLECTION,STANCE,1.0000,-123.466,307.353,-123.466,0.0000,0.0000,-0.4610,0.0000,-0.4610,0.0000,0,
8.7212,8.7200,BASELINE_COLLECTION,STANCE,1.0000,-120.347,311.907,-120.347,0.0000,0.0000,-0.4679,0.0000,-0.4679,0.0000,0,
8.7311,8.7300,BASELINE_COLLECTION,SWING,0.0000,-117.839,250.783,-117.839,0.0000,0.0000,-0.3762,0.0000,-0.3762,0.0000,0,
8.7411,8.7400,BASELINE_COLLECTION,SWING,0.0149,-114.377,346.204,-114.377,0.0469,0.0000,-0.5193,0.0000,-0.5193,0.0000,0,
8.7511,8.7500,BASELINE_COLLECTION,SWING,0.0299,-111.383,299.365,-111.383,0.0936,0.0000,-0.4490,0.0000,-0.4490,0.0000,0,
8.7611,8.7600,BASELINE_COLLECTION,SWING,0.0448,-108.357,302.660,-108.357,0.1402,0.0000,-0.4540,0.0000,-0.4540,0.0000,0,
8.7711,8.7700,BASELINE_COLLECTION,SWING,0.0597,-105.506,285.049,-105.506,0.1865,0.0000,-0.4276,0.0000,-0.4276,0.0000,0,
8.7812,8.7800,BASELINE_COLLECTION,SWING,0.0746,-102.323,318.328,-102.323,0.2323,0.0000,-0.4775,0.0000,-0.4775,0.0000,0,
8.7911,8.7900,BASELINE_COLLECTION,SWING,0.0896,-100.064,225.916,-100.064,0.2776,0.0000,-0.3389,0.0000,-0.3389,0.0000,0,
8.8013,8.8000,BASELINE_COLLECTION,SWING,0.1045,-97.366,269.819,-97.366,0.3224,0.0000,-0.4047,0.0000,-0.4047,0.0000,0,
8.8112,8.8100,BASELINE_COLLECTION,SWING,0.1194,-94.400,296.554,-94.400,0.3664,0.0000,-0.4448,0.0000,-0.4448,0.0000,0,
8.8213,8.8200,BASELINE_COLLECTION,SWING,0.1343,-92.233,216.758,-92.233,0.4096,0.0000,-0.3251,0.0000,-0.3251,0.0000,0,
8.8312,8.8300,BASELINE_COLLECTION,SWING,0.1493,-89.675,255.729,-89.675,0.4519,0.0000,-0.3836,0.0000,-0.3836,0.0000,0,
8.8413,8.8400,BASELINE_COLLECTION,SWING,0.1642,-87.226,244.911,-87.226,0.4932,0.0000,-0.3674,0.0000,-0.3674,0.0000,0,
8.8512,8.8500,BASELINE_COLLECTION,SWING,0.1791,-85.172,205.397,-85.172,0.5334,0.0000,-0.3081,0.0000,-0.3081,0.0000,0,
8.8613,8.8600,BASELINE_COLLECTION,SWING,0.1940,-83.209,196.308,-83.209,0.5725,0.0000,-0.2945,0.0000,-0.2945,0.0000,0,
8.8713,8.8700,BASELINE_COLLECTION,SWING,0.2090,-81.483,172.632,-81.483,0.6103,0.0000,-0.2589,0.0000,-0.2589,0.0000,0,
8.8810,8.8800,BASELINE_COLLECTION,SWING,0.2239,-79.359,212.411,-79.359,0.6468,0.0000,-0.3186,0.0000,-0.3186,0.0000,0,
8.8909,8.8900,BASELINE_COLLECTION,SWING,0.2388,-77.926,143.307,-77.926,0.6818,0.0000,-0.2150,0.0000,-0.2150,0.0000,0,
8.9012,8.9000,BASELINE_COLLECTION,SWING,0.2537,-76.704,122.169,-76.704,0.7153,0.0000,-0.1833,0.0000,-0.1833,0.0000,0,
8.9112,8.9100,BASELINE_COLLECTION,SWING,0.2687,-75.214,148.953,-75.214,0.7473,0.0000,-0.2234,0.0000,-0.2234,0.0000,0,
8.9212,8.9200,BASELINE_COLLECTION,SWING,0.2836,-74.443,77.127,-74.443,0.7776,0.0000,-0.1157,0.0000,-0.1157,0.0000,0,
8.9312,8.9300,BASELINE_COLLECTION,SWING,0.2985,-73.295,114.775,-73.295,0.8063,0.0000,-0.1722,0.0000,-0.1722,0.0000,0,
8.9413,8.9400,BASELINE_COLLECTION,SWING,0.3134,-72.775,52.058,-72.775,0.8331,0.0000,-0.0781,0.0000,-0.0781,0.0000,0,
8.9512,8.9500,BASELINE_COLLECTION,SWING,0.3284,-71.563,121.181,-71.563,0.8581,0.0000,-0.1818,0.0000,-0.1818,0.0000,0,
8.9611,8.9600,BASELINE_COLLECTION,SWING,0.3433,-70.187,137.627,-70.187,0.8812,0.0000,-0.2064,0.0000,-0.2064,0.0000,0,
8.9712,8.9700,BASELINE_COLLECTION,SWING,0.3582,-70.536,-34.889,-70.536,0.9024,0.0000,0.0523,0.0000,0.0523,0.1061,0,
8.9812,8.9800,BASELINE_COLLECTION,SWING,0.3731,-69.255,128.105,-69.255,0.9216,0.0000,-0.1922,0.0000,-0.1922,0.0000,0,
8.9911,8.9900,BASELINE_COLLECTION,SWING,0.3881,-69.549,-29.441,-69.549,0.9388,0.0000,0.0442,0.0000,0.0442,0.0967,0,
9.0012,9.0000,BASELINE_COLLECTION,SWING,0.4030,-69.508,4.045,-69.508,0.9539,0.0000,-0.0061,0.0000,-0.0061,0.0000,0,
9.0112,9.0100,BASELINE_COLLECTION,SWING,0.4179,-69.040,46.873,-69.040,0.9669,0.0000,-0.0703,0.0000,-0.0703,0.0000,0,
9.0212,9.0200,BASELINE_COLLECTION,SWING,0.4328,-69.841,-80.099,-69.841,0.9778,0.0000,0.1201,0.0000,0.1201,0.1841,0,
9.0311,9.0300,BASELINE_COLLECTION,SWING,0.4478,-70.560,-71.900,-70.560,0.9866,0.0000,0.1078,0.0000,0.1078,0.1699,0,
9.0412,9.0400,BASELINE_COLLECTION,SWING,0.4627,-69.548,101.210,-69.548,0.9931,0.0000,-0.1518,0.0000,-0.1518,0.0000,0,
9.0512,9.0500,BASELINE_COLLECTION,SWING,0.4776,-71.531,-198.307,-71.531,0.9975,0.0000,0.2975,0.0000,0.2975,0.3879,0,
9.0611,9.0600,BASELINE_COLLECTION,SWING,0.4925,-70.613,91.758,-70.613,0.9997,0.0000,-0.1376,0.0000,-0.1376,0.0000,0,
9.0712,9.0700,BASELINE_COLLECTION,SWING,0.5075,-71.881,-126.827,-71.881,0.9997,0.0000,0.1902,0.0000,0.1902,0.2646,0,
9.0812,9.0800,BASELINE_COLLECTION,SWING,0.5224,-72.734,-85.271,-72.734,0.9975,0.0000,0.1279,0.0000,0.1279,0.1930,0,
9.0910,9.0900,BASELINE_COLLECTION,SWING,0.5373,-73.220,-48.550,-73.220,0.9931,0.0000,0.0728,0.0000,0.0728,0.1297,0,
9.1010,9.1000,BASELINE_COLLECTION,SWING,0.5522,-74.908,-168.847,-74.908,0.9866,0.0000,0.2533,0.0000,0.2533,0.3371,0,
9.1109,9.1100,BASELINE_COLLECTION,SWING,0.5672,-76.563,-165.500,-76.563,0.9778,0.0000,0.2482,0.0000,0.2482,0.3313,0,
9.1211,9.1200,BASELINE_COLLECTION,SWING,0.5821,-77.126,-56.263,-77.126,0.9669,0.0000,0.0844,0.0000,0.0844,0.1430,0,
9.1312,9.1300,BASELINE_COLLECTION,SWING,0.5970,-78.948,-182.230,-78.948,0.9539,0.0000,0.2733,0.0000,0.2733,0.3602,0,
9.1412,9.1400,BASELINE_COLLECTION,SWING,0.6119,-80.507,-155.848,-80.507,0.9388,0.0000,0.2338,0.0000,0.2338,0.3147,0,
9.1512,9.1500,BASELINE_COLLECTION,SWING,0.6269,-82.020,-151.348,-82.020,0.9216,0.0000,0.2270,0.0000,0.2270,0.3069,0,
9.1612,9.1600,BASELINE_COLLECTION,SWING,0.6418,-83.490,-147.009,-83.490,0.9024,0.0000,0.2205,0.0000,0.2205,0.2994,0,
9.1712,9.1700,BASELINE_COLLECTION,SWING,0.6567,-85.759,-226.854,-85.759,0.8812,0.0000,0.3403,0.0000,0.3403,0.4371,0,
9.1812,9.1800,BASELINE_COLLECTION,SWING,0.6716,-87.828,-206.890,-87.828,0.8581,0.0000,0.3103,0.0000,0.3103,0.4027,0,
9.1910,9.1900,BASELINE_COLLECTION,SWING,0.6866,-89.334,-150.645,-89.334,0.8331,0.0000,0.2260,0.0000,0.2260,0.3057,0,
9.2011,9.2000,BASELINE_COLLECTION,SWING,0.7015,-92.217,-288.353,-92.217,0.8063,0.0000,0.4325,0.0000,0.4325,0.5431,0,
9.2112,9.2100,BASELINE_COLLECTION,SWING,0.7164,-94.009,-179.121,-94.009,0.7776,0.0000,0.2687,0.0000,0.2687,0.3548,0,
9.2211,9.2200,BASELINE_COLLECTION,SWING,0.7313,-96.628,-261.907,-96.628,0.7473,0.0000,0.3929,0.0000,0.3929,0.4975,0,
9.2310,9.2300,BASELINE_COLLECTION,SWING,0.7463,-98.131,-150.364,-98.131,0.7153,0.0000,0.2255,0.0000,0.2255,0.3052,0,
9.2412,9.2400,BASELINE_COLLECTION,SWING,0.7612,-101.387,-325.585,-101.387,0.6818,0.0000,0.4884,0.0000,0.4884,0.6073,0,
9.2510,9.2500,BASELINE_COLLECTION,SWING,0.7761,-103.112,-172.518,-103.112,0.6468,0.0000,0.2588,0.0000,0.2588,0.3434,0,
9.2612,9.2600,BASELINE_COLLECTION,SWING,0.7910,-106.741,-362.847,-106.741,0.6103,0.0000,0.5443,0.0000,0.5443,0.6716,0,
9.2712,9.2700,BASELINE_COLLECTION,SWING,0.8060,-107.998,-125.696,-107.998,0.5725,0.0000,0.1885,0.0000,0.1885,0.2627,0,
9.2811,9.2800,BASELINE_COLLECTION,SWING,0.8209,-112.093,-409.517,-112.093,0.5334,0.0000,0.6143,0.0000,0.6143,0.7520,0,
9.2912,9.2900,BASELINE_COLLECTION,SWING,0.8358,-113.438,-134.506,-113.438,0.4932,0.0000,0.2018,0.0000,0.2018,0.2779,0,
9.3012,9.3000,BASELINE_COLLECTION,SWING,0.8507,-116.957,-351.918,-116.957,0.4519,0.0000,0.5279,0.0000,0.5279,0.6527,0,
9.3112,9.3100,BASELINE_COLLECTION,SWING,0.8657,-119.418,-246.023,-119.418,0.4096,0.0000,0.3690,0.0000,0.3690,0.4702,0,
9.3212,9.3200,BASELINE_COLLECTION,SWING,0.8806,-121.546,-212.895,-121.546,0.3664,0.0000,0.3193,0.0000,0.3193,0.4130,0,
9.3312,9.3300,BASELINE_COLLECTION,SWING,0.8955,-124.031,-248.501,-124.031,0.3224,0.0000,0.3728,0.0000,0.3728,0.4744,0,
9.3412,9.3400,BASELINE_COLLECTION,SWING,0.9104,-127.718,-368.605,-127.718,0.2776,0.0000,0.5529,0.0000,0.5529,0.6815,0,
9.3512,9.3500,BASELINE_COLLECTION,SWING,0.9254,-130.198,-248.078,-130.198,0.2323,0.0000,0.3721,0.0000,0.3721,0.4737,0,
9.3613,9.3600,BASELINE_COLLECTION,SWING,0.9403,-132.829,-263.028,-132.829,0.1865,0.0000,0.3945,0.0000,0.3945,0.4995,0,
9.3711,9.3700,BASELINE_COLLECTION,SWING,0.9552,-136.104,-327.518,-136.104,0.1402,0.0000,0.4913,0.0000,0.4913,0.6107,0,
9.3812,9.3800,BASELINE_COLLECTION,SWING,0.9701,-137.821,-171.738,-137.821,0.0936,0.0000,0.2576,0.0000,0.2576,0.3421,0,
9.3920,9.3900,BASELINE_COLLECTION,STANCE,0.0000,-140.919,-309.825,-140.919,0.0000,0.0000,0.4647,0.0000,0.4647,0.5802,0,
9.4012,9.4000,BASELINE_COLLECTION,STANCE,0.0185,-143.056,-213.688,-143.056,0.0000,0.0000,0.3205,0.0000,0.3205,0.4144,0,
9.4111,9.4100,BASELINE_COLLECTION,STANCE,0.0370,-146.624,-356.742,-146.624,0.0000,0.0000,0.5351,0.0000,0.5351,0.6610,0,
9.4211,9.4200,BASELINE_COLLECTION,STANCE,0.0556,-147.716,-109.189,-147.716,0.0000,0.0000,0.1638,0.0000,0.1638,0.2342,0,
9.4311,9.4300,BASELINE_COLLECTION,STANCE,0.0741,-151.001,-328.591,-151.001,0.0000,0.0000,0.4929,0.0000,0.4929,0.6125,0,
9.4411,9.4400,BASELINE_COLLECTION,STANCE,0.0926,-152.357,-135.561,-152.357,0.0000,0.0000,0.2033,0.0000,0.2033,0.2797,0,
9.4511,9.4500,BASELINE_COLLECTION,STANCE,0.1111,-156.463,-410.571,-156.463,0.0000,0.0000,0.6159,0.0000,0.6159,0.7539,0,
9.4612,9.4600,BASELINE_COLLECTION,STANCE,0.1296,-157.188,-72.499,-157.188,0.0000,0.0000,0.1087,0.0000,0.1087,0.1710,0,
9.4711,9.4700,BASELINE_COLLECTION,STANCE,0.1481,-160.254,-306.620,-160.254,0.0000,0.0000,0.4599,0.0000,0.4599,0.5746,0,
9.4812,9.4800,BASELINE_COLLECTION,STANCE,0.1667,-162.672,-241.760,-162.672,0.0000,0.0000,0.3626,0.0000,0.3626,0.4628,0,
9.4911,9.4900,BASELINE_COLLECTION,STANCE,0.1852,-163.390,-71.863,-163.390,0.0000,0.0000,0.1078,0.0000,0.1078,0.1699,0,
9.5012,9.5000,BASELINE_COLLECTION,STANCE,0.2037,-166.194,-280.354,-166.194,0.0000,0.0000,0.4205,0.0000,0.4205,0.5293,0,
9.5111,9.5100,BASELINE_COLLECTION,STANCE,0.2222,-167.175,-98.131,-167.175,0.0000,0.0000,0.1472,0.0000,0.1472,0.2152,0,
9.5212,9.5200,BASELINE_COLLECTION,STANCE,0.2407,-169.910,-273.466,-169.910,0.0000,0.0000,0.4102,0.0000,0.4102,0.5175,0,
9.5312,9.5300,BASELINE_COLLECTION,STANCE,0.2593,-169.958,-4.790,-169.958,0.0000,0.0000,0.0072,0.0000,0.0072,0.0542,0,
9.5412,9.5400,BASELINE_COLLECTION,STANCE,0.2778,-172.829,-287.118,-172.829,0.0000,0.0000,0.4307,0.0000,0.4307,0.5410,0,
9.5512,9.5500,BASELINE_COLLECTION,STANCE,0.2963,-172.220,60.920,-172.220,0.0000,0.0000,-0.0914,0.0000,-0.0914,0.0000,0,
9.5610,9.5600,BASELINE_COLLECTION,STANCE,0.3148,-175.362,-314.241,-175.362,0.0000,0.0000,0.4714,0.0000,0.4714,0.5878,0,
9.5711,9.5700,BASELINE_COLLECTION,STANCE,0.3333,-174.431,93.066,-174.431,0.0000,0.0000,-0.1396,0.0000,-0.1396,0.0000,0,
9.5812,9.5800,BASELINE_COLLECTION,STANCE,0.3519,-176.462,-203.071,-176.462,0.0000,0.0000,0.3046,0.0000,0.3046,0.3961,0,
9.5912,9.5900,BASELINE_COLLECTION,STANCE,0.3704,-175.954,50.766,-175.954,0.0000,0.0000,-0.0761,0.0000,-0.0761,0.0000,0,
9.6011,9.6000,BASELINE_COLLECTION,STANCE,0.3889,-178.741,-278.689,-178.741,0.0000,0.0000,0.4180,0.0000,0.4180,0.5265,0,
9.6114,9.6100,BASELINE_COLLECTION,STANCE,0.4074,-176.571,217.014,-176.571,0.0000,0.0000,-0.3255,0.0000,-0.3255,0.0000,0,
9.6211,9.6200,BASELINE_COLLECTION,STANCE,0.4259,-177.276,-70.521,-177.276,0.0000,0.0000,0.1058,0.0000,0.1058,0.1676,0,
9.6305,9.6300,BASELINE_COLLECTION,STANCE,0.4444,-177.737,-46.107,-177.737,0.0000,0.0000,0.0692,0.0000,0.0692,0.1255,0,
9.6406,9.6400,BASELINE_COLLECTION,STANCE,0.4630,-178.184,-44.689,-178.184,0.0000,0.0000,0.0670,0.0000,0.0670,0.1230,0,
9.6511,9.6500,BASELINE_COLLECTION,STANCE,0.4815,-177.192,99.190,-177.192,0.0000,0.0000,-0.1488,0.0000,-0.1488,0.0000,0,
9.6612,9.6600,BASELINE_COLLECTION,STANCE,0.5000,-177.284,-9.192,-177.284,0.0000,0.0000,0.0138,0.0000,0.0138,0.0618,0,
9.6711,9.6700,BASELINE_COLLECTION,STANCE,0.5185,-177.045,23.978,-177.045,0.0000,0.0000,-0.0360,0.0000,-0.0360,0.0000,0,
9.6810,9.6800,BASELINE_COLLECTION,STANCE,0.5370,-176.973,7.112,-176.973,0.0000,0.0000,-0.0107,0.0000,-0.0107,0.0000,0,
9.6911,9.6900,BASELINE_COLLECTION,STANCE,0.5556,-176.124,84.977,-176.124,0.0000,0.0000,-0.1275,0.0000,-0.1275,0.0000,0,
9.7012,9.7000,BASELINE_COLLECTION,STANCE,0.5741,-175.032,109.128,-175.032,0.0000,0.0000,-0.1637,0.0000,-0.1637,0.0000,0,
9.7111,9.7100,BASELINE_COLLECTION,STANCE,0.5926,-174.114,91.842,-174.114,0.0000,0.0000,-0.1378,0.0000,-0.1378,0.0000,0,
9.7212,9.7200,BASELINE_COLLECTION,STANCE,0.6111,-173.181,93.306,-173.181,0.0000,0.0000,-0.1400,0.0000,-0.1400,0.0000,0,
9.7310,9.7300,BASELINE_COLLECTION,STANCE,0.6296,-171.176,200.504,-171.176,0.0000,0.0000,-0.3008,0.0000,-0.3008,0.0000,0,
9.7412,9.7400,BASELINE_COLLECTION,STANCE,0.6481,-169.168,200.813,-169.168,0.0000,0.0000,-0.3012,0.0000,-0.3012,0.0000,0,
9.7511,9.7500,BASELINE_COLLECTION,STANCE,0.6667,-167.453,171.464,-167.453,0.0000,0.0000,-0.2572,0.0000,-0.2572,0.0000,0,
9.7612,9.7600,BASELINE_COLLECTION,STANCE,0.6852,-165.232,222.074,-165.232,0.0000,0.0000,-0.3331,0.0000,-0.3331,0.0000,0,
9.7711,9.7700,BASELINE_COLLECTION,STANCE,0.7037,-162.977,225.534,-162.977,0.0000,0.0000,-0.3383,0.0000,-0.3383,0.0000,0,
9.7812,9.7800,BASELINE_COLLECTION,STANCE,0.7222,-160.328,264.878,-160.328,0.0000,0.0000,-0.3973,0.0000,-0.3973,0.0000,0,
9.7910,9.7900,BASELINE_COLLECTION,STANCE,0.7407,-157.361,296.724,-157.361,0.0000,0.0000,-0.4451,0.0000,-0.4451,0.0000,0,
9.8010,9.8000,BASELINE_COLLECTION,STANCE,0.7593,-155.396,196.525,-155.396,0.0000,0.0000,-0.2948,0.0000,-0.2948,0.0000,0,
9.8111,9.8100,BASELINE_COLLECTION,STANCE,0.7778,-153.597,179.855,-153.597,0.0000,0.0000,-0.2698,0.0000,-0.2698,0.0000,0,
9.8213,9.8200,BASELINE_COLLECTION,STANCE,0.7963,-151.357,224.025,-151.357,0.0000,0.0000,-0.3360,0.0000,-0.3360,0.0000,0,
9.8311,9.8300,BASELINE_COLLECTION,STANCE,0.8148,-147.513,384.412,-147.513,0.0000,0.0000,-0.5766,0.0000,-0.5766,0.0000,0,
9.8412,9.8400,BASELINE_COLLECTION,STANCE,0.8333,-144.560,295.296,-144.560,0.0000,0.0000,-0.4429,0.0000,-0.4429,0.0000,0,
9.8511,9.8500,BASELINE_COLLECTION,STANCE,0.8519,-142.109,245.060,-142.109,0.0000,0.0000,-0.3676,0.0000,-0.3676,0.0000,0,
9.8611,9.8600,BASELINE_COLLECTION,STANCE,0.8704,-138.545,356.465,-138.545,0.0000,0.0000,-0.5347,0.0000,-0.5347,0.0000,0,
9.8711,9.8700,BASELINE_COLLECTION,STANCE,0.8889,-135.932,261.269,-135.932,0.0000,0.0000,-0.3919,0.0000,-0.3919,0.0000,0,
9.8813,9.8800,BASELINE_COLLECTION,STANCE,0.9074,-132.409,352.342,-132.409,0.0000,0.0000,-0.5285,0.0000,-0.5285,0.0000,0,
9.8905,9.8900,BASELINE_COLLECTION,STANCE,0.9259,-129.627,278.184,-129.627,0.0000,0.0000,-0.4173,0.0000,-0.4173,0.0000,0,
9.9007,9.9000,BASELINE_COLLECTION,STANCE,0.9444,-126.257,337.018,-126.257,0.0000,0.0000,-0.5055,0.0000,-0.5055,0.0000,0,
9.9106,9.9100,BASELINE_COLLECTION,STANCE,0.9630,-124.033,222.307,-124.033,0.0000,0.0000,-0.3335,0.0000,-0.3335,0.0000,0,
9.9207,9.9200,BASELINE_COLLECTION,STANCE,0.9815,-120.443,359.017,-120.443,0.0000,0.0000,-0.5385,0.0000,-0.5385,0.0000,0,
9.9309,9.9300,BASELINE_COLLECTION,SWING,0.0000,-117.279,316.392,-117.279,0.0000,0.0000,-0.4746,0.0000,-0.4746,0.0000,0,
9.9409,9.9400,BASELINE_COLLECTION,SWING,0.0152,-114.771,250.804,-114.771,0.0476,0.0000,-0.3762,0.0000,-0.3762,0.0000,0,
9.9511,9.9500,BASELINE_COLLECTION,SWING,0.0303,-110.468,430.309,-110.468,0.0951,0.0000,-0.6455,0.0000,-0.6455,0.0000,0,
9.9611,9.9600,BASELINE_COLLECTION,SWING,0.0455,-108.504,196.387,-108.504,0.1423,0.0000,-0.2946,0.0000,-0.2946,0.0000,0,
9.9710,9.9700,BASELINE_COLLECTION,SWING,0.0606,-104.855,364.976,-104.855,0.1893,0.0000,-0.5475,0.0000,-0.5475,0.0000,0,
9.9812,9.9800,BASELINE_COLLECTION,SWING,0.0758,-102.863,199.174,-102.863,0.2358,0.0000,-0.2988,0.0000,-0.2988,0.0000,0,
9.9911,9.9900,BASELINE_COLLECTION,SWING,0.0909,-99.948,291.511,-99.948,0.2817,0.0000,-0.4373,0.0000,-0.4373,0.0000,0,
10.0012,10.0000,BASELINE_COLLECTION,SWING,0.1061,-96.721,322.694,-96.721,0.3271,0.0000,-0.4840,0.0000,-0.4840,0.0000,0,
10.0110,10.0100,BASELINE_COLLECTION,SWING,0.1212,-94.499,222.178,-94.499,0.3717,0.0000,-0.3333,0.0000,-0.3333,0.0000,0,
10.0211,10.0200,BASELINE_COLLECTION,SWING,0.1364,-92.065,243.420,-92.065,0.4154,0.0000,-0.3651,0.0000,-0.3651,0.0000,0,
10.0312,10.0300,BASELINE_COLLECTION,SWING,0.1515,-89.658,240.652,-89.658,0.4582,0.0000,-0.3610,0.0000,-0.3610,0.0000,0,
10.0409,10.0400,BASELINE_COLLECTION,SWING,0.1667,-88.043,161.545,-88.043,0.5000,0.0000,-0.2423,0.0000,-0.2423,0.0000,0,
10.0507,10.0500,BASELINE_COLLECTION,SWING,0.1818,-85.499,254.385,-85.499,0.5406,0.0000,-0.3816,0.0000,-0.3816,0.0000,0,
10.0611,10.0600,BASELINE_COLLECTION,SWING,0.1970,-83.694,180.530,-83.694,0.5801,0.0000,-0.2708,0.0000,-0.2708,0.0000,0,
10.0710,10.0700,BASELINE_COLLECTION,SWING,0.2121,-81.327,236.674,-81.327,0.6182,0.0000,-0.3550,0.0000,-0.3550,0.0000,0,
10.0811,10.0800,BASELINE_COLLECTION,SWING,0.2273,-79.851,147.641,-79.851,0.6549,0.0000,-0.2215,0.0000,-0.2215,0.0000,0,
10.0912,10.0900,BASELINE_COLLECTION,SWING,0.2424,-78.015,183.576,-78.015,0.6901,0.0000,-0.2754,0.0000,-0.2754,0.0000,0,
10.1010,10.1000,BASELINE_COLLECTION,SWING,0.2576,-76.534,148.072,-76.534,0.7237,0.0000,-0.2221,0.0000,-0.2221,0.0000,0,
10.1111,10.1100,BASELINE_COLLECTION,SWING,0.2727,-75.170,136.442,-75.170,0.7557,0.0000,-0.2047,0.0000,-0.2047,0.0000,0,
10.1212,10.1200,BASELINE_COLLECTION,SWING,0.2879,-73.971,119.897,-73.971,0.7861,0.0000,-0.1798,0.0000,-0.1798,0.0000,0,
10.1315,10.1300,BASELINE_COLLECTION,SWING,0.3030,-73.172,79.818,-73.172,0.8146,0.0000,-0.1197,0.0000,-0.1197,0.0000,0,
10.1413,10.1400,BASELINE_COLLECTION,SWING,0.3182,-72.444,72.856,-72.444,0.8413,0.0000,-0.1093,0.0000,-0.1093,0.0000,0,
10.1514,10.1500,BASELINE_COLLECTION,SWING,0.3333,-71.557,88.657,-71.557,0.8660,0.0000,-0.1330,0.0000,-0.1330,0.0000,0,
10.1612,10.1600,BASELINE_COLLECTION,SWING,0.3485,-70.293,126.451,-70.293,0.8888,0.0000,-0.1897,0.0000,-0.1897,0.0000,0,
10.1713,10.1700,BASELINE_COLLECTION,SWING,0.3636,-70.164,12.904,-70.164,0.9096,0.0000,-0.0194,0.0000,-0.0194,0.0000,0,
10.1813,10.1800,BASELINE_COLLECTION,SWING,0.3788,-69.834,32.979,-69.834,0.9284,0.0000,-0.0495,0.0000,-0.0495,0.0000,0,
10.1910,10.1900,BASELINE_COLLECTION,SWING,0.3939,-69.436,39.786,-69.436,0.9450,0.0000,-0.0597,0.0000,-0.0597,0.0000,0,
10.2012,10.2000,BASELINE_COLLECTION,SWING,0.4091,-70.544,-110.738,-70.544,0.9595,0.0000,0.1661,0.0000,0.1661,0.2369,0,
10.2112,10.2100,BASELINE_COLLECTION,SWING,0.4242,-69.002,154.155,-69.002,0.9718,0.0000,-0.2312,0.0000,-0.2312,0.0000,0,
10.2212,10.2200,BASELINE_COLLECTION,SWING,0.4394,-70.178,-117.594,-70.178,0.9819,0.0000,0.1764,0.0000,0.1764,0.2487,0,
10.2312,10.2300,BASELINE_COLLECTION,SWING,0.4545,-69.401,77.648,-69.401,0.9898,0.0000,-0.1165,0.0000,-0.1165,0.0000,0,
10.2410,10.2400,BASELINE_COLLECTION,SWING,0.4697,-70.047,-64.598,-70.047,0.9955,0.0000,0.0969,0.0000,0.0969,0.1574,0,
10.2510,10.2500,BASELINE_COLLECTION,SWING,0.4848,-69.960,8.757,-69.960,0.9989,0.0000,-0.0131,0.0000,-0.0131,0.0000,0,
10.2612,10.2600,BASELINE_COLLECTION,SWING,0.5000,-72.241,-228.107,-72.241,1.0000,0.0000,0.3422,0.0000,0.3422,0.4393,0,
10.2712,10.2700,BASELINE_COLLECTION,SWING,0.5152,-71.345,89.573,-71.345,0.9989,0.0000,-0.1344,0.0000,-0.1344,0.0000,0,
10.2810,10.2800,BASELINE_COLLECTION,SWING,0.5303,-72.653,-130.783,-72.653,0.9955,0.0000,0.1962,0.0000,0.1962,0.2715,0,
10.2915,10.2900,BASELINE_COLLECTION,SWING,0.5455,-74.337,-168.370,-74.337,0.9898,0.0000,0.2526,0.0000,0.2526,0.3363,0,
10.3012,10.3000,BASELINE_COLLECTION,SWING,0.5606,-74.162,17.501,-74.162,0.9819,0.0000,-0.0263,0.0000,-0.0263,0.0000,0,
10.3112,10.3100,BASELINE_COLLECTION,SWING,0.5758,-76.840,-267.874,-76.840,0.9718,0.0000,0.4018,0.0000,0.4018,0.5078,0,
10.3213,10.3200,BASELINE_COLLECTION,SWING,0.5909,-77.152,-31.195,-77.152,0.9595,0.0000,0.0468,0.0000,0.0468,0.0998,0,
10.3312,10.3300,BASELINE_COLLECTION,SWING,0.6061,-79.084,-193.201,-79.084,0.9450,0.0000,0.2898,0.0000,0.2898,0.3791,0,
10.3412,10.3400,BASELINE_COLLECTION,SWING,0.6212,-80.022,-93.776,-80.022,0.9284,0.0000,0.1407,0.0000,0.1407,0.2077,0,
10.3512,10.3500,BASELINE_COLLECTION,SWING,0.6364,-82.787,-276.470,-82.787,0.9096,0.0000,0.4147,0.0000,0.4147,0.5226,0,
10.3612,10.3600,BASELINE_COLLECTION,SWING,0.6515,-83.075,-28.832,-83.075,0.8888,0.0000,0.0432,0.0000,0.0432,0.0957,0,
10.3712,10.3700,BASELINE_COLLECTION,SWING,0.6667,-86.259,-318.414,-86.259,0.8660,0.0000,0.4776,0.0000,0.4776,0.5950,0,
10.3812,10.3800,BASELINE_COLLECTION,SWING,0.6818,-87.605,-134.595,-87.605,0.8413,0.0000,0.2019,0.0000,0.2019,0.2780,0,
10.3912,10.3900,BASELINE_COLLECTION,SWING,0.6970,-89.059,-145.351,-89.059,0.8146,0.0000,0.2180,0.0000,0.2180,0.2966,0,
10.4012,10.4000,BASELINE_COLLECTION,SWING,0.7121,-91.823,-276.461,-91.823,0.7861,0.0000,0.4147,0.0000,0.4147,0.5226,0,
10.4112,10.4100,BASELINE_COLLECTION,SWING,0.7273,-94.216,-239.264,-94.216,0.7557,0.0000,0.3589,0.0000,0.3589,0.4585,0,
10.4212,10.4200,BASELINE_COLLECTION,SWING,0.7424,-96.231,-201.536,-96.231,0.7237,0.0000,0.3023,0.0000,0.3023,0.3935,0,
10.4311,10.4300,BASELINE_COLLECTION,SWING,0.7576,-98.269,-203.774,-98.269,0.6901,0.0000,0.3057,0.0000,0.3057,0.3973,0,
10.4412,10.4400,BASELINE_COLLECTION,SWING,0.7727,-101.434,-316.457,-101.434,0.6549,0.0000,0.4747,0.0000,0.4747,0.5916,0,
10.4512,10.4500,BASELINE_COLLECTION,SWING,0.7879,-103.801,-236.677,-103.801,0.6182,0.0000,0.3550,0.0000,0.3550,0.4540,0,
10.4614,10.4600,BASELINE_COLLECTION,SWING,0.8030,-105.299,-149.831,-105.299,0.5801,0.0000,0.2247,0.0000,0.2247,0.3043,0,
10.4711,10.4700,BASELINE_COLLECTION,SWING,0.8182,-109.149,-385.039,-109.149,0.5406,0.0000,0.5776,0.0000,0.5776,0.7098,0,
10.4812,10.4800,BASELINE_COLLECTION,SWING,0.8333,-109.898,-74.860,-109.898,0.5000,0.0000,0.1123,0.0000,0.1123,0.1750,0,
10.4912,10.4900,BASELINE_COLLECTION,SWING,0.8485,-114.739,-484.070,-114.739,0.4582,0.0000,0.7261,0.0000,0.7261,0.8806,0,
10.5012,10.5000,BASELINE_COLLECTION,SWING,0.8636,-115.583,-84.438,-115.583,0.4154,0.0000,0.1267,0.0000,0.1267,0.1916,0,
10.5110,10.5100,BASELINE_COLLECTION,SWING,0.8788,-118.795,-321.185,-118.795,0.3717,0.0000,0.4818,0.0000,0.4818,0.5997,0,
10.5215,10.5200,BASELINE_COLLECTION,SWING,0.8939,-122.227,-343.253,-122.227,0.3271,0.0000,0.5149,0.0000,0.5149,0.6378,0,
10.5312,10.5300,BASELINE_COLLECTION,SWING,0.9091,-124.654,-242.720,-124.654,0.2817,0.0000,0.3641,0.0000,0.3641,0.4645,0,
10.5412,10.5400,BASELINE_COLLECTION,SWING,0.9242,-127.192,-253.769,-127.192,0.2358,0.0000,0.3807,0.0000,0.3807,0.4835,0,
10.5514,10.5500,BASELINE_COLLECTION,SWING,0.9394,-129.713,-252.058,-129.713,0.1893,0.0000,0.3781,0.0000,0.3781,0.4806,0,
10.5612,10.5600,BASELINE_COLLECTION,SWING,0.9545,-133.494,-378.171,-133.494,0.1423,0.0000,0.5673,0.0000,0.5673,0.6980,0,
10.5712,10.5700,BASELINE_COLLECTION,SWING,0.9697,-135.184,-168.942,-135.184,0.0951,0.0000,0.2534,0.0000,0.2534,0.3373,0,
10.5814,10.5800,BASELINE_COLLECTION,SWING,0.9848,-138.192,-300.800,-138.192,0.0476,0.0000,0.4512,0.0000,0.4512,0.5646,0,
10.5920,10.5900,BASELINE_COLLECTION,STANCE,0.0000,-141.975,-378.274,-141.975,0.0000,0.0000,0.5674,0.0000,0.5674,0.6982,0,
10.6005,10.6000,BASELINE_COLLECTION,STANCE,0.0185,-142.798,-82.329,-142.798,0.0000,0.0000,0.1235,0.0000,0.1235,0.1879,0,
10.6105,10.6100,BASELINE_COLLECTION,STANCE,0.0370,-146.136,-333.761,-146.136,0.0000,0.0000,0.5006,0.0000,0.5006,0.6214,0,
10.6211,10.6200,BASELINE_COLLECTION,STANCE,0.0556,-148.470,-233.484,-148.470,0.0000,0.0000,0.3502,0.0000,0.3502,0.4485,0,
10.6314,10.6300,BASELINE_COLLECTION,STANCE,0.0741,-151.461,-299.041,-151.461,0.0000,0.0000,0.4486,0.0000,0.4486,0.5616,0,
10.6410,10.6400,BASELINE_COLLECTION,STANCE,0.0926,-151.951,-49.056,-151.951,0.0000,0.0000,0.0736,0.0000,0.0736,0.1306,0,
10.6511,10.6500,BASELINE_COLLECTION,STANCE,0.1111,-157.150,-519.847,-157.150,0.0000,0.0000,0.7798,0.0000,0.7798,0.9423,0,
10.6613,10.6600,BASELINE_COLLECTION,STANCE,0.1296,-156.522,62.815,-156.522,0.0000,0.0000,-0.0942,0.0000,-0.0942,0.0000,0,
10.6711,10.6700,BASELINE_COLLECTION,STANCE,0.1481,-160.761,-423.925,-160.761,0.0000,0.0000,0.6359,0.0000,0.6359,0.7769,0,
10.6811,10.6800,BASELINE_COLLECTION,STANCE,0.1667,-160.813,-5.216,-160.813,0.0000,0.0000,0.0078,0.0000,0.0078,0.0550,0,
10.6914,10.6900,BASELINE_COLLECTION,STANCE,0.1852,-164.665,-385.223,-164.665,0.0000,0.0000,0.5778,0.0000,0.5778,0.7102,0,
10.7011,10.7000,BASELINE_COLLECTION,STANCE,0.2037,-164.761,-9.536,-164.761,0.0000,0.0000,0.0143,0.0000,0.0143,0.0624,0,
10.7112,10.7100,BASELINE_COLLECTION,STANCE,0.2222,-167.965,-320.466,-167.965,0.0000,0.0000,0.4807,0.0000,0.4807,0.5985,0,
10.7213,10.7200,BASELINE_COLLECTION,STANCE,0.2407,-168.389,-42.364,-168.389,0.0000,0.0000,0.0635,0.0000,0.0635,0.1190,0,
10.7311,10.7300,BASELINE_COLLECTION,STANCE,0.2593,-170.881,-249.235,-170.881,0.0000,0.0000,0.3739,0.0000,0.3739,0.4757,0,
10.7412,10.7400,BASELINE_COLLECTION,STANCE,0.2778,-172.424,-154.229,-172.424,0.0000,0.0000,0.2313,0.0000,0.2313,0.3119,0,
10.7514,10.7500,BASELINE_COLLECTION,STANCE,0.2963,-172.500,-7.626,-172.500,0.0000,0.0000,0.0114,0.0000,0.0114,0.0591,0,
10.7612,10.7600,BASELINE_COLLECTION,STANCE,0.3148,-175.414,-291.428,-175.414,0.0000,0.0000,0.4371,0.0000,0.4371,0.5484,0,
10.7713,10.7700,BASELINE_COLLECTION,STANCE,0.3333,-175.244,16.975,-175.244,0.0000,0.0000,-0.0255,0.0000,-0.0255,0.0000,0,
10.7812,10.7800,BASELINE_COLLECTION,STANCE,0.3519,-175.869,-62.430,-175.869,0.0000,0.0000,0.0936,0.0000,0.0936,0.1536,0,
10.7911,10.7900,BASELINE_COLLECTION,STANCE,0.3704,-177.882,-201.285,-177.882,0.0000,0.0000,0.3019,0.0000,0.3019,0.3930,0,
10.8012,10.8000,BASELINE_COLLECTION,STANCE,0.3889,-176.850,103.124,-176.850,0.0000,0.0000,-0.1547,0.0000,-0.1547,0.0000,0,
10.8111,10.8100,BASELINE_COLLECTION,STANCE,0.4074,-178.512,-166.153,-178.512,0.0000,0.0000,0.2492,0.0000,0.2492,0.3324,0,
10.8212,10.8200,BASELINE_COLLECTION,STANCE,0.4259,-177.849,66.261,-177.849,0.0000,0.0000,-0.0994,0.0000,-0.0994,0.0000,0,
10.8311,10.8300,BASELINE_COLLECTION,STANCE,0.4444,-178.185,-33.555,-178.185,0.0000,0.0000,0.0503,0.0000,0.0503,0.1038,0,
10.8412,10.8400,BASELINE_COLLECTION,STANCE,0.4630,-178.788,-60.296,-178.788,0.0000,0.0000,0.0904,0.0000,0.0904,0.1499,0,
10.8512,10.8500,BASELINE_COLLECTION,STANCE,0.4815,-177.749,103.872,-177.749,0.0000,0.0000,-0.1558,0.0000,-0.1558,0.0000,0,
10.8612,10.8600,BASELINE_COLLECTION,STANCE,0.5000,-177.774,-2.518,-177.774,0.0000,0.0000,0.0038,0.0000,0.0038,0.0503,0,
10.8713,10.8700,BASELINE_COLLECTION,STANCE,0.5185,-176.972,80.170,-176.972,0.0000,0.0000,-0.1203,0.0000,-0.1203,0.0000,0,
10.8810,10.8800,BASELINE_COLLECTION,STANCE,0.5370,-177.087,-11.445,-177.087,0.0000,0.0000,0.0172,0.0000,0.0172,0.0657,0,
10.8911,10.8900,BASELINE_COLLECTION,STANCE,0.5556,-175.491,159.613,-175.491,0.0000,0.0000,-0.2394,0.0000,-0.2394,0.0000,0,
10.9012,10.9000,BASELINE_COLLECTION,STANCE,0.5741,-174.291,119.980,-174.291,0.0000,0.0000,-0.1800,0.0000,-0.1800,0.0000,0,
10.9111,10.9100,BASELINE_COLLECTION,STANCE,0.5926,-173.193,109.803,-173.193,0.0000,0.0000,-0.1647,0.0000,-0.1647,0.0000,0,
10.9212,10.9200,BASELINE_COLLECTION,STANCE,0.6111,-172.235,95.819,-172.235,0.0000,0.0000,-0.1437,0.0000,-0.1437,0.0000,0,
10.9311,10.9300,BASELINE_COLLECTION,STANCE,0.6296,-170.738,149.655,-170.738,0.0000,0.0000,-0.2245,0.0000,-0.2245,0.0000,0,
10.9411,10.9400,BASELINE_COLLECTION,STANCE,0.6481,-168.047,269.107,-168.047,0.0000,0.0000,-0.4037,0.0000,-0.4037,0.0000,0,
10.9511,10.9500,BASELINE_COLLECTION,STANCE,0.6667,-166.396,165.101,-166.396,0.0000,0.0000,-0.2477,0.0000,-0.2477,0.0000,0,
10.9612,10.9600,BASELINE_COLLECTION,STANCE,0.6852,-165.543,85.318,-165.543,0.0000,0.0000,-0.1280,0.0000,-0.1280,0.0000,0,
10.9711,10.9700,BASELINE_COLLECTION,STANCE,0.7037,-162.671,287.175,-162.671,0.0000,0.0000,-0.4308,0.0000,-0.4308,0.0000,0,
10.9812,10.9800,BASELINE_COLLECTION,STANCE,0.7222,-160.473,219.850,-160.473,0.0000,0.0000,-0.3298,0.0000,-0.3298,0.0000,0,
10.9913,10.9900,BASELINE_COLLECTION,STANCE,0.7407,-158.237,223.559,-158.237,0.0000,0.0000,-0.3353,0.0000,-0.3353,0.0000,0,
11.0010,11.0000,BASELINE_COLLECTION,STANCE,0.7593,-155.648,258.924,-155.648,0.0000,0.0000,-0.3884,0.0000,-0.3884,0.0000,0,
11.0111,11.0100,BASELINE_COLLECTION,STANCE,0.7778,-152.859,278.922,-152.859,0.0000,0.0000,-0.4184,0.0000,-0.4184,0.0000,0,
11.0211,11.0200,BASELINE_COLLECTION,STANCE,0.7963,-149.935,292.327,-149.935,0.0000,0.0000,-0.4385,0.0000,-0.4385,0.0000,0,
11.0311,11.0300,BASELINE_COLLECTION,STANCE,0.8148,-147.402,253.359,-147.402,0.0000,0.0000,-0.3800,0.0000,-0.3800,0.0000,0,
11.0412,11.0400,BASELINE_COLLECTION,STANCE,0.8333,-144.465,293.671,-144.465,0.0000,0.0000,-0.4405,0.0000,-0.4405,0.0000,0,
11.0511,11.0500,BASELINE_COLLECTION,STANCE,0.8519,-141.099,336.632,-141.099,0.0000,0.0000,-0.5049,0.0000,-0.5049,0.0000,0,
11.0612,11.0600,BASELINE_COLLECTION,STANCE,0.8704,-138.536,256.262,-138.536,0.0000,0.0000,-0.3844,0.0000,-0.3844,0.0000,0,
11.0711,11.0700,BASELINE_COLLECTION,STANCE,0.8889,-135.416,312.035,-135.416,0.0000,0.0000,-0.4681,0.0000,-0.4681,0.0000,0,
11.0812,11.0800,BASELINE_COLLECTION,STANCE,0.9074,-132.181,323.468,-132.181,0.0000,0.0000,-0.4852,0.0000,-0.4852,0.0000,0,
11.0911,11.0900,BASELINE_COLLECTION,STANCE,0.9259,-128.850,333.122,-128.850,0.0000,0.0000,-0.4997,0.0000,-0.4997,0.0000,0,
11.1011,11.1000,BASELINE_COLLECTION,STANCE,0.9444,-125.931,291.930,-125.931,0.0000,0.0000,-0.4379,0.0000,-0.4379,0.0000,0,
11.1113,11.1100,BASELINE_COLLECTION,STANCE,0.9630,-123.191,274.011,-123.191,0.0000,0.0000,-0.4110,0.0000,-0.4110,0.0000,0,
11.1211,11.1200,BASELINE_COLLECTION,STANCE,0.9815,-120.189,300.114,-120.189,0.0000,0.0000,-0.4502,0.0000,-0.4502,0.0000,0,
11.1309,11.1300,BASELINE_COLLECTION,STANCE,1.0000,-117.713,247.595,-117.713,0.0000,0.0000,-0.3714,0.0000,-0.3714,0.0000,0,
11.1412,11.1400,BASELINE_COLLECTION,SWING,0.0000,-114.088,362.530,-114.088,0.0000,0.0000,-0.5438,0.0000,-0.5438,0.0000,0,
11.1512,11.1500,BASELINE_COLLECTION,SWING,0.0152,-111.639,244.894,-111.639,0.0476,0.0000,-0.3673,0.0000,-0.3673,0.0000,0,
11.1613,11.1600,BASELINE_COLLECTION,SWING,0.0303,-108.700,293.874,-108.700,0.0951,0.0000,-0.4408,0.0000,-0.4408,0.0000,0,
11.1712,11.1700,BASELINE_COLLECTION,SWING,0.0455,-105.153,354.761,-105.153,0.1423,0.0000,-0.5321,0.0000,-0.5321,0.0000,0,
11.1812,11.1800,BASELINE_COLLECTION,SWING,0.0606,-102.640,251.332,-102.640,0.1893,0.0000,-0.3770,0.0000,-0.3770,0.0000,0,
11.1912,11.1900,BASELINE_COLLECTION,SWING,0.0758,-99.669,297.073,-99.669,0.2358,0.0000,-0.4456,0.0000,-0.4456,0.0000,0,
11.2013,11.2000,BASELINE_COLLECTION,SWING,0.0909,-97.447,222.195,-97.447,0.2817,0.0000,-0.3333,0.0000,-0.3333,0.0000,0,
11.2112,11.2100,BASELINE_COLLECTION,SWING,0.1061,-94.142,330.528,-94.142,0.3271,0.0000,-0.4958,0.0000,-0.4958,0.0000,0,
11.2212,11.2200,BASELINE_COLLECTION,SWING,0.1212,-92.085,205.611,-92.085,0.3717,0.0000,-0.3084,0.0000,-0.3084,0.0000,0,
11.2312,11.2300,BASELINE_COLLECTION,SWING,0.1364,-89.291,279.470,-89.291,0.4154,0.0000,-0.4192,0.0000,-0.4192,0.0000,0,
11.2412,11.2400,BASELINE_COLLECTION,SWING,0.1515,-87.228,206.271,-87.228,0.4582,0.0000,-0.3094,0.0000,-0.3094,0.0000,0,
11.2512,11.2500,BASELINE_COLLECTION,SWING,0.1667,-85.278,195.005,-85.278,0.5000,0.0000,-0.2925,0.0000,-0.2925,0.0000,0,
11.2612,11.2600,BASELINE_COLLECTION,SWING,0.1818,-83.503,177.466,-83.503,0.5406,0.0000,-0.2662,0.0000,-0.2662,0.0000,0,
11.2712,11.2700,BASELINE_COLLECTION,SWING,0.1970,-81.394,210.930,-81.394,0.5801,0.0000,-0.3164,0.0000,-0.3164,0.0000,0,
11.2810,11.2800,BASELINE_COLLECTION,SWING,0.2121,-79.302,209.166,-79.302,0.6182,0.0000,-0.3137,0.0000,-0.3137,0.0000,0,
11.2911,11.2900,BASELINE_COLLECTION,SWING,0.2273,-77.719,158.372,-77.719,0.6549,0.0000,-0.2376,0.0000,-0.2376,0.0000,0,
11.3013,11.3000,BASELINE_COLLECTION,SWING,0.2424,-76.982,73.678,-76.982,0.6901,0.0000,-0.1105,0.0000,-0.1105,0.0000,0,
11.3111,11.3100,BASELINE_COLLECTION,SWING,0.2576,-74.745,223.661,-74.745,0.7237,0.0000,-0.3355,0.0000,-0.3355,0.0000,0,
11.3212,11.3200,BASELINE_COLLECTION,SWING,0.2727,-74.043,70.253,-74.043,0.7557,0.0000,-0.1054,0.0000,-0.1054,0.0000,0,
11.3312,11.3300,BASELINE_COLLECTION,SWING,0.2879,-72.586,145.694,-72.586,0.7861,0.0000,-0.2185,0.0000,-0.2185,0.0000,0,
11.3412,11.3400,BASELINE_COLLECTION,SWING,0.3030,-72.302,28.415,-72.302,0.8146,0.0000,-0.0426,0.0000,-0.0426,0.0000,0,
11.3514,11.3500,BASELINE_COLLECTION,SWING,0.3182,-71.037,126.488,-71.037,0.8413,0.0000,-0.1897,0.0000,-0.1897,0.0000,0,
11.3611,11.3600,BASELINE_COLLECTION,SWING,0.3333,-71.040,-0.360,-71.040,0.8660,0.0000,0.0005,0.0000,0.0005,0.0466,0,
11.3711,11.3700,BASELINE_COLLECTION,SWING,0.3485,-70.043,99.741,-70.043,0.8888,0.0000,-0.1496,0.0000,-0.1496,0.0000,0,
11.3812,11.3800,BASELINE_COLLECTION,SWING,0.3636,-69.995,4.801,-69.995,0.9096,0.0000,-0.0072,0.0000,-0.0072,0.0000,0,
11.3912,11.3900,BASELINE_COLLECTION,SWING,0.3788,-69.932,6.294,-69.932,0.9284,0.0000,-0.0094,0.0000,-0.0094,0.0000,0,
11.4012,11.4000,BASELINE_COLLECTION,SWING,0.3939,-70.148,-21.605,-70.148,0.9450,0.0000,0.0324,0.0000,0.0324,0.0832,0,
11.4112,11.4100,BASELINE_COLLECTION,SWING,0.4091,-69.857,29.102,-69.857,0.9595,0.0000,-0.0437,0.0000,-0.0437,0.0000,0,
11.4212,11.4200,BASELINE_COLLECTION,SWING,0.4242,-70.964,-110.748,-70.964,0.9718,0.0000,0.1661,0.0000,0.1661,0.2369,0,
11.4311,11.4300,BASELINE_COLLECTION,SWING,0.4394,-69.432,153.273,-69.432,0.9819,0.0000,-0.2299,0.0000,-0.2299,0.0000,0,
11.4413,11.4400,BASELINE_COLLECTION,SWING,0.4545,-70.311,-87.890,-70.311,0.9898,0.0000,0.1318,0.0000,0.1318,0.1975,0,
11.4511,11.4500,BASELINE_COLLECTION,SWING,0.4697,-70.995,-68.414,-70.995,0.9955,0.0000,0.1026,0.0000,0.1026,0.1639,0,
11.4612,11.4600,BASELINE_COLLECTION,SWING,0.4848,-71.897,-90.184,-71.897,0.9989,0.0000,0.1353,0.0000,0.1353,0.2015,0,
11.4711,11.4700,BASELINE_COLLECTION,SWING,0.5000,-72.169,-27.222,-72.169,1.0000,0.0000,0.0408,0.0000,0.0408,0.0929,0,
11.4809,11.4800,BASELINE_COLLECTION,SWING,0.5152,-72.832,-66.298,-72.832,0.9989,0.0000,0.0994,0.0000,0.0994,0.1603,0,
11.4912,11.4900,BASELINE_COLLECTION,SWING,0.5303,-74.097,-126.549,-74.097,0.9955,0.0000,0.1898,0.0000,0.1898,0.2642,0,
11.5012,11.5000,BASELINE_COLLECTION,SWING,0.5455,-75.301,-120.373,-75.301,0.9898,0.0000,0.1806,0.0000,0.1806,0.2535,0,
11.5112,11.5100,BASELINE_COLLECTION,SWING,0.5606,-75.938,-63.723,-75.938,0.9819,0.0000,0.0956,0.0000,0.0956,0.1558,0,
11.5212,11.5200,BASELINE_COLLECTION,SWING,0.5758,-78.500,-256.180,-78.500,0.9718,0.0000,0.3843,0.0000,0.3843,0.4877,0,
11.5312,11.5300,BASELINE_COLLECTION,SWING,0.5909,-78.698,-19.776,-78.698,0.9595,0.0000,0.0297,0.0000,0.0297,0.0801,0,
11.5412,11.5400,BASELINE_COLLECTION,SWING,0.6061,-80.867,-216.868,-80.867,0.9450,0.0000,0.3253,0.0000,0.3253,0.4199,0,
11.5512,11.5500,BASELINE_COLLECTION,SWING,0.6212,-82.166,-129.905,-82.166,0.9284,0.0000,0.1949,0.0000,0.1949,0.2700,0,
11.5612,11.5600,BASELINE_COLLECTION,SWING,0.6364,-84.390,-222.484,-84.390,0.9096,0.0000,0.3337,0.0000,0.3337,0.4296,0,
11.5712,11.5700,BASELINE_COLLECTION,SWING,0.6515,-86.583,-219.238,-86.583,0.8888,0.0000,0.3289,0.0000,0.3289,0.4240,0,
11.5812,11.5800,BASELINE_COLLECTION,SWING,0.6667,-86.981,-39.845,-86.981,0.8660,0.0000,0.0598,0.0000,0.0598,0.1147,0,
11.5908,11.5900,BASELINE_COLLECTION,SWING,0.6818,-90.443,-346.184,-90.443,0.8413,0.0000,0.5193,0.0000,0.5193,0.6428,0,
11.6011,11.6000,BASELINE_COLLECTION,SWING,0.6970,-92.117,-167.353,-92.117,0.8146,0.0000,0.2510,0.0000,0.2510,0.3345,0,
11.6112,11.6100,BASELINE_COLLECTION,SWING,0.7121,-93.775,-165.829,-93.775,0.7861,0.0000,0.2487,0.0000,0.2487,0.3319,0,
11.6212,11.6200,BASELINE_COLLECTION,SWING,0.7273,-96.724,-294.886,-96.724,0.7557,0.0000,0.4423,0.0000,0.4423,0.5544,0,
11.6312,11.6300,BASELINE_COLLECTION,SWING,0.7424,-98.346,-162.220,-98.346,0.7237,0.0000,0.2433,0.0000,0.2433,0.3257,0,
11.6410,11.6400,BASELINE_COLLECTION,SWING,0.7576,-101.088,-274.238,-101.088,0.6901,0.0000,0.4114,0.0000,0.4114,0.5188,0,
11.6508,11.6500,BASELINE_COLLECTION,SWING,0.7727,-103.906,-281.811,-103.906,0.6549,0.0000,0.4227,0.0000,0.4227,0.5319,0,
11.6604,11.6600,BASELINE_COLLECTION,SWING,0.7879,-105.549,-164.249,-105.549,0.6182,0.0000,0.2464,0.0000,0.2464,0.3292,0,
11.6709,11.6700,BASELINE_COLLECTION,SWING,0.8030,-108.865,-331.578,-108.865,0.5801,0.0000,0.4974,0.0000,0.4974,0.6177,0,
11.6810,11.6800,BASELINE_COLLECTION,SWING,0.8182,-110.776,-191.177,-110.776,0.5406,0.0000,0.2868,0.0000,0.2868,0.3756,0,
11.6912,11.6900,BASELINE_COLLECTION,SWING,0.8333,-113.656,-287.910,-113.656,0.5000,0.0000,0.4319,0.0000,0.4319,0.5424,0,
11.7013,11.7000,BASELINE_COLLECTION,SWING,0.8485,-116.481,-282.545,-116.481,0.4582,0.0000,0.4238,0.0000,0.4238,0.5331,0,
11.7114,11.7100,BASELINE_COLLECTION,SWING,0.8636,-119.521,-304.046,-119.521,0.4154,0.0000,0.4561,0.0000,0.4561,0.5702,0,
11.7213,11.7200,BASELINE_COLLECTION,SWING,0.8788,-121.006,-148.500,-121.006,0.3717,0.0000,0.2227,0.0000,0.2227,0.3020,0,
11.7312,11.7300,BASELINE_COLLECTION,SWING,0.8939,-125.913,-490.656,-125.913,0.3271,0.0000,0.7360,0.0000,0.7360,0.8919,0,
11.7412,11.7400,BASELINE_COLLECTION,SWING,0.9091,-126.516,-60.249,-126.516,0.2817,0.0000,0.0904,0.0000,0.0904,0.1499,0,
11.7512,11.7500,BASELINE_COLLECTION,SWING,0.9242,-131.280,-476.414,-131.280,0.2358,0.0000,0.7146,0.0000,0.7146,0.8674,0,
11.7612,11.7600,BASELINE_COLLECTION,SWING,0.9394,-131.893,-61.317,-131.893,0.1893,0.0000,0.0920,0.0000,0.0920,0.1517,0,
11.7711,11.7700,BASELINE_COLLECTION,SWING,0.9545,-135.917,-402.412,-135.917,0.1423,0.0000,0.6036,0.0000,0.6036,0.7398,0,
11.7812,11.7800,BASELINE_COLLECTION,SWING,0.9697,-137.310,-139.334,-137.310,0.0951,0.0000,0.2090,0.0000,0.2090,0.2862,0,
11.7918,11.7900,BASELINE_COLLECTION,STANCE,0.0000,-141.340,-402.980,-141.340,0.0000,0.0000,0.6045,0.0000,0.6045,0.7408,0,
11.8006,11.8000,BASELINE_COLLECTION,STANCE,0.0182,-143.137,-179.660,-143.137,0.0000,0.0000,0.2695,0.0000,0.2695,0.3557,0,
11.8111,11.8100,BASELINE_COLLECTION,STANCE,0.0364,-146.356,-321.931,-146.356,0.0000,0.0000,0.4829,0.0000,0.4829,0.6010,0,
11.8212,11.8200,BASELINE_COLLECTION,STANCE,0.0545,-148.291,-193.516,-148.291,0.0000,0.0000,0.2903,0.0000,0.2903,0.3796,0,
11.8313,11.8300,BASELINE_COLLECTION,STANCE,0.0727,-150.589,-229.782,-150.589,0.0000,0.0000,0.3447,0.0000,0.3447,0.4422,0,
11.8412,11.8400,BASELINE_COLLECTION,STANCE,0.0909,-153.787,-319.759,-153.787,0.0000,0.0000,0.4796,0.0000,0.4796,0.5973,0,
11.8511,11.8500,BASELINE_COLLECTION,STANCE,0.1091,-154.666,-87.939,-154.666,0.0000,0.0000,0.1319,0.0000,0.1319,0.1976,0,
11.8612,11.8600,BASELINE_COLLECTION,STANCE,0.1273,-158.437,-377.054,-158.437,0.0000,0.0000,0.5656,0.0000,0.5656,0.6961,0,
11.8712,11.8700,BASELINE_COLLECTION,STANCE,0.1455,-159.134,-69.797,-159.134,0.0000,0.0000,0.1047,0.0000,0.1047,0.1663,0,
11.8812,11.8800,BASELINE_COLLECTION,STANCE,0.1636,-161.868,-273.389,-161.868,0.0000,0.0000,0.4101,0.0000,0.4101,0.5173,0,
11.8911,11.8900,BASELINE_COLLECTION,STANCE,0.1818,-163.970,-210.167,-163.970,0.0000,0.0000,0.3152,0.0000,0.3152,0.4083,0,
11.9012,11.9000,BASELINE_COLLECTION,STANCE,0.2000,-164.831,-86.122,-164.831,0.0000,0.0000,0.1292,0.0000,0.1292,0.1945,0,
11.9111,11.9100,BASELINE_COLLECTION,STANCE,0.2182,-168.609,-377.768,-168.609,0.0000,0.0000,0.5667,0.0000,0.5667,0.6973,0,
11.9212,11.9200,BASELINE_COLLECTION,STANCE,0.2364,-168.270,33.894,-168.270,0.0000,0.0000,-0.0508,0.0000,-0.0508,0.0000,0,
11.9311,11.9300,BASELINE_COLLECTION,STANCE,0.2545,-171.744,-347.385,-171.744,0.0000,0.0000,0.5211,0.0000,0.5211,0.6449,0,
11.9412,11.9400,BASELINE_COLLECTION,STANCE,0.2727,-171.146,59.740,-171.146,0.0000,0.0000,-0.0896,0.0000,-0.0896,0.0000,0,
11.9512,11.9500,BASELINE_COLLECTION,STANCE,0.2909,-173.358,-221.166,-173.358,0.0000,0.0000,0.3317,0.0000,0.3317,0.4273,0,
11.9612,11.9600,BASELINE_COLLECTION,STANCE,0.3091,-173.634,-27.617,-173.634,0.0000,0.0000,0.0414,0.0000,0.0414,0.0936,0,
11.9711,11.9700,BASELINE_COLLECTION,STANCE,0.3273,-175.578,-194.405,-175.578,0.0000,0.0000,0.2916,0.0000,0.2916,0.3812,0,
11.9812,11.9800,BASELINE_COLLECTION,STANCE,0.3455,-175.691,-11.239,-175.691,0.0000,0.0000,0.0169,0.0000,0.0169,0.0654,0,
11.9911,11.9900,BASELINE_COLLECTION,STANCE,0.3636,-177.701,-201.039,-177.701,0.0000,0.0000,0.3016,0.0000,0.3016,0.3926,0,
12.0011,12.0000,BASELINE_COLLECTION,STANCE,0.3818,-177.335,36.577,-177.335,0.0000,0.0000,-0.0549,0.0000,-0.0549,0.0000,0,
12.0111,12.0100,BASELINE_COLLECTION,STANCE,0.4000,-177.977,-64.209,-177.977,0.0000,0.0000,0.0963,0.0000,0.0963,0.1567,0,
12.0211,12.0200,BASELINE_COLLECTION,STANCE,0.4182,-177.773,20.422,-177.773,0.0000,0.0000,-0.0306,0.0000,-0.0306,0.0000,0,
12.0310,12.0300,BASELINE_COLLECTION,STANCE,0.4364,-179.172,-139.887,-179.172,0.0000,0.0000,0.2098,0.0000,0.2098,0.2872,0,
12.0412,12.0400,BASELINE_COLLECTION,STANCE,0.4545,-178.586,58.587,-178.586,0.0000,0.0000,-0.0879,0.0000,-0.0879,0.0000,0,
12.0511,12.0500,BASELINE_COLLECTION,STANCE,0.4727,-178.960,-37.428,-178.960,0.0000,0.0000,0.0561,0.0000,0.0561,0.1105,0,
12.0612,12.0600,BASELINE_COLLECTION,STANCE,0.4909,-178.076,88.484,-178.076,0.0000,0.0000,-0.1327,0.0000,-0.1327,0.0000,0,
12.0713,12.0700,BASELINE_COLLECTION,STANCE,0.5091,-176.934,114.131,-176.934,0.0000,0.0000,-0.1712,0.0000,-0.1712,0.0000,0,
12.0811,12.0800,BASELINE_COLLECTION,STANCE,0.5273,-177.148,-21.407,-177.148,0.0000,0.0000,0.0321,0.0000,0.0321,0.0829,0,
12.0910,12.0900,BASELINE_COLLECTION,STANCE,0.5455,-176.343,80.492,-176.343,0.0000,0.0000,-0.1207,0.0000,-0.1207,0.0000,0,
12.1009,12.1000,BASELINE_COLLECTION,STANCE,0.5636,-175.240,110.376,-175.240,0.0000,0.0000,-0.1656,0.0000,-0.1656,0.0000,0,
12.1110,12.1100,BASELINE_COLLECTION,STANCE,0.5818,-174.036,120.397,-174.036,0.0000,0.0000,-0.1806,0.0000,-0.1806,0.0000,0,
12.1211,12.1200,BASELINE_COLLECTION,STANCE,0.6000,-172.376,165.982,-172.376,0.0000,0.0000,-0.2490,0.0000,-0.2490,0.0000,0,
12.1311,12.1300,BASELINE_COLLECTION,STANCE,0.6182,-171.193,118.258,-171.193,0.0000,0.0000,-0.1774,0.0000,-0.1774,0.0000,0,
12.1412,12.1400,BASELINE_COLLECTION,STANCE,0.6364,-169.553,164.033,-169.553,0.0000,0.0000,-0.2460,0.0000,-0.2460,0.0000,0,
12.1511,12.1500,BASELINE_COLLECTION,STANCE,0.6545,-167.373,217.988,-167.373,0.0000,0.0000,-0.3270,0.0000,-0.3270,0.0000,0,
12.1612,12.1600,BASELINE_COLLECTION,STANCE,0.6727,-165.057,231.642,-165.057,0.0000,0.0000,-0.3475,0.0000,-0.3475,0.0000,0,
12.1711,12.1700,BASELINE_COLLECTION,STANCE,0.6909,-162.761,229.594,-162.761,0.0000,0.0000,-0.3444,0.0000,-0.3444,0.0000,0,
12.1812,12.1800,BASELINE_COLLECTION,STANCE,0.7091,-160.499,226.137,-160.499,0.0000,0.0000,-0.3392,0.0000,-0.3392,0.0000,0,
12.1911,12.1900,BASELINE_COLLECTION,STANCE,0.7273,-158.454,204.498,-158.454,0.0000,0.0000,-0.3067,0.0000,-0.3067,0.0000,0,
12.2012,12.2000,BASELINE_COLLECTION,STANCE,0.7455,-156.392,206.243,-156.392,0.0000,0.0000,-0.3094,0.0000,-0.3094,0.0000,0,
12.2111,12.2100,BASELINE_COLLECTION,STANCE,0.7636,-153.377,301.461,-153.377,0.0000,0.0000,-0.4522,0.0000,-0.4522,0.0000,0,
12.2212,12.2200,BASELINE_COLLECTION,STANCE,0.7818,-150.200,317.698,-150.200,0.0000,0.0000,-0.4765,0.0000,-0.4765,0.0000,0,
12.2310,12.2300,BASELINE_COLLECTION,STANCE,0.8000,-148.026,217.438,-148.026,0.0000,0.0000,-0.3262,0.0000,-0.3262,0.0000,0,
12.2412,12.2400,BASELINE_COLLECTION,STANCE,0.8182,-144.503,352.319,-144.503,0.0000,0.0000,-0.5285,0.0000,-0.5285,0.0000,0,
12.2511,12.2500,BASELINE_COLLECTION,STANCE,0.8364,-141.894,260.869,-141.894,0.0000,0.0000,-0.3913,0.0000,-0.3913,0.0000,0,
12.2611,12.2600,BASELINE_COLLECTION,STANCE,0.8545,-138.898,299.582,-138.898,0.0000,0.0000,-0.4494,0.0000,-0.4494,0.0000,0,
12.2712,12.2700,BASELINE_COLLECTION,STANCE,0.8727,-135.188,371.036,-135.188,0.0000,0.0000,-0.5566,0.0000,-0.5566,0.0000,0,
12.2812,12.2800,BASELINE_COLLECTION,STANCE,0.8909,-132.491,269.652,-132.491,0.0000,0.0000,-0.4045,0.0000,-0.4045,0.0000,0,
12.2911,12.2900,BASELINE_COLLECTION,STANCE,0.9091,-128.957,353.483,-128.957,0.0000,0.0000,-0.5302,0.0000,-0.5302,0.0000,0,
12.3012,12.3000,BASELINE_COLLECTION,STANCE,0.9273,-126.799,215.816,-126.799,0.0000,0.0000,-0.3237,0.0000,-0.3237,0.0000,0,
12.3113,12.3100,BASELINE_COLLECTION,STANCE,0.9455,-122.890,390.819,-122.890,0.0000,0.0000,-0.5862,0.0000,-0.5862,0.0000,0,
12.3212,12.3200,BASELINE_COLLECTION,STANCE,0.9636,-119.910,298.038,-119.910,0.0000,0.0000,-0.4471,0.0000,-0.4471,0.0000,0,
12.3311,12.3300,BASELINE_COLLECTION,STANCE,0.9818,-118.423,148.701,-118.423,0.0000,0.0000,-0.2231,0.0000,-0.2231,0.0000,0,
12.3412,12.3400,BASELINE_COLLECTION,SWING,0.0000,-114.241,418.184,-114.241,0.0000,0.0000,-0.6273,0.0000,-0.6273,0.0000,0,
12.3512,12.3500,BASELINE_COLLECTION,SWING,0.0154,-110.608,363.293,-110.608,0.0483,0.0000,-0.5449,0.0000,-0.5449,0.0000,0,
12.3612,12.3600,BASELINE_COLLECTION,SWING,0.0308,-107.980,262.790,-107.980,0.0965,0.0000,-0.3942,0.0000,-0.3942,0.0000,0,
12.3712,12.3700,BASELINE_COLLECTION,SWING,0.0462,-105.590,239.011,-105.590,0.1445,0.0000,-0.3585,0.0000,-0.3585,0.0000,0,
12.3812,12.3800,BASELINE_COLLECTION,SWING,0.0615,-102.693,289.724,-102.693,0.1921,0.0000,-0.4346,0.0000,-0.4346,0.0000,0,
12.3912,12.3900,BASELINE_COLLECTION,SWING,0.0769,-100.379,231.357,-100.379,0.2393,0.0000,-0.3470,0.0000,-0.3470,0.0000,0,
12.4012,12.4000,BASELINE_COLLECTION,SWING,0.0923,-97.114,326.541,-97.114,0.2859,0.0000,-0.4898,0.0000,-0.4898,0.0000,0,
12.4112,12.4100,BASELINE_COLLECTION,SWING,0.1077,-95.340,177.427,-95.340,0.3319,0.0000,-0.2661,0.0000,-0.2661,0.0000,0,
12.4212,12.4200,BASELINE_COLLECTION,SWING,0.1231,-92.549,279.027,-92.549,0.3771,0.0000,-0.4185,0.0000,-0.4185,0.0000,0,
12.4314,12.4300,BASELINE_COLLECTION,SWING,0.1385,-89.318,323.094,-89.318,0.4214,0.0000,-0.4846,0.0000,-0.4846,0.0000,0,
12.4412,12.4400,BASELINE_COLLECTION,SWING,0.1538,-87.506,181.257,-87.506,0.4647,0.0000,-0.2719,0.0000,-0.2719,0.0000,0,
12.4512,12.4500,BASELINE_COLLECTION,SWING,0.1692,-85.490,201.621,-85.490,0.5070,0.0000,-0.3024,0.0000,-0.3024,0.0000,0,
12.4612,12.4600,BASELINE_COLLECTION,SWING,0.1846,-83.354,213.520,-83.354,0.5480,0.0000,-0.3203,0.0000,-0.3203,0.0000,0,
12.4712,12.4700,BASELINE_COLLECTION,SWING,0.2000,-80.310,304.443,-80.310,0.5878,0.0000,-0.4567,0.0000,-0.4567,0.0000,0,
12.4812,12.4800,BASELINE_COLLECTION,SWING,0.2154,-79.220,109.040,-79.220,0.6262,0.0000,-0.1636,0.0000,-0.1636,0.0000,0,
12.4912,12.4900,BASELINE_COLLECTION,SWING,0.2308,-78.308,91.155,-78.308,0.6631,0.0000,-0.1367,0.0000,-0.1367,0.0000,0,
12.5012,12.5000,BASELINE_COLLECTION,SWING,0.2462,-75.837,247.105,-75.837,0.6985,0.0000,-0.3707,0.0000,-0.3707,0.0000,0,
12.5112,12.5100,BASELINE_COLLECTION,SWING,0.2615,-75.191,64.590,-75.191,0.7323,0.0000,-0.0969,0.0000,-0.0969,0.0000,0,
12.5212,12.5200,BASELINE_COLLECTION,SWING,0.2769,-73.661,152.978,-73.661,0.7643,0.0000,-0.2295,0.0000,-0.2295,0.0000,0,
12.5312,12.5300,BASELINE_COLLECTION,SWING,0.2923,-73.147,51.474,-73.147,0.7946,0.0000,-0.0772,0.0000,-0.0772,0.0000,0,
12.5412,12.5400,BASELINE_COLLECTION,SWING,0.3077,-72.398,74.877,-72.398,0.8230,0.0000,-0.1123,0.0000,-0.1123,0.0000,0,
12.5514,12.5500,BASELINE_COLLECTION,SWING,0.3231,-70.971,142.666,-70.971,0.8495,0.0000,-0.2140,0.0000,-0.2140,0.0000,0,
12.5611,12.5600,BASELINE_COLLECTION,SWING,0.3385,-71.029,-5.813,-71.029,0.8740,0.0000,0.0087,0.0000,0.0087,0.0560,0,
12.5712,12.5700,BASELINE_COLLECTION,SWING,0.3538,-70.363,66.626,-70.363,0.8964,0.0000,-0.0999,0.0000,-0.0999,0.0000,0,
12.5812,12.5800,BASELINE_COLLECTION,SWING,0.3692,-69.478,88.543,-69.478,0.9168,0.0000,-0.1328,0.0000,-0.1328,0.0000,0,
12.5912,12.5900,BASELINE_COLLECTION,SWING,0.3846,-70.248,-77.058,-70.248,0.9350,0.0000,0.1156,0.0000,0.1156,0.1788,0,
12.6012,12.6000,BASELINE_COLLECTION,SWING,0.4000,-69.618,62.999,-69.618,0.9511,0.0000,-0.0945,0.0000,-0.0945,0.0000,0,
12.6112,12.6100,BASELINE_COLLECTION,SWING,0.4154,-69.200,41.803,-69.200,0.9649,0.0000,-0.0627,0.0000,-0.0627,0.0000,0,
12.6205,12.6200,BASELINE_COLLECTION,SWING,0.4308,-70.719,-151.897,-70.719,0.9764,0.0000,0.2278,0.0000,0.2278,0.3079,0,
12.6304,12.6300,BASELINE_COLLECTION,SWING,0.4462,-69.456,126.343,-69.456,0.9857,0.0000,-0.1895,0.0000,-0.1895,0.0000,0,
12.6413,12.6400,BASELINE_COLLECTION,SWING,0.4615,-70.288,-83.222,-70.288,0.9927,0.0000,0.1248,0.0000,0.1248,0.1895,0,
12.6512,12.6500,BASELINE_COLLECTION,SWING,0.4769,-70.905,-61.710,-70.905,0.9974,0.0000,0.0926,0.0000,0.0926,0.1524,0,
12.6612,12.6600,BASELINE_COLLECTION,SWING,0.4923,-71.448,-54.317,-71.448,0.9997,0.0000,0.0815,0.0000,0.0815,0.1396,0,
12.6712,12.6700,BASELINE_COLLECTION,SWING,0.5077,-71.631,-18.315,-71.631,0.9997,0.0000,0.0275,0.0000,0.0275,0.0776,0,
12.6812,12.6800,BASELINE_COLLECTION,SWING,0.5231,-73.155,-152.372,-73.155,0.9974,0.0000,0.2286,0.0000,0.2286,0.3087,0,
12.6911,12.6900,BASELINE_COLLECTION,SWING,0.5385,-74.082,-92.721,-74.082,0.9927,0.0000,0.1391,0.0000,0.1391,0.2058,0,
12.7013,12.7000,BASELINE_COLLECTION,SWING,0.5538,-74.675,-59.305,-74.675,0.9857,0.0000,0.0890,0.0000,0.0890,0.1482,0,
12.7112,12.7100,BASELINE_COLLECTION,SWING,0.5692,-75.925,-124.976,-75.925,0.9764,0.0000,0.1875,0.0000,0.1875,0.2615,0,
12.7212,12.7200,BASELINE_COLLECTION,SWING,0.5846,-78.308,-238.292,-78.308,0.9649,0.0000,0.3574,0.0000,0.3574,0.4568,0,
12.7312,12.7300,BASELINE_COLLECTION,SWING,0.6000,-78.319,-1.068,-78.319,0.9511,0.0000,0.0016,0.0000,0.0016,0.0478,0,
12.7412,12.7400,BASELINE_COLLECTION,SWING,0.6154,-80.321,-200.189,-80.321,0.9350,0.0000,0.3003,0.0000,0.3003,0.3911,0,
12.7512,12.7500,BASELINE_COLLECTION,SWING,0.6308,-82.066,-174.575,-82.066,0.9168,0.0000,0.2619,0.0000,0.2619,0.3470,0,
12.7613,12.7600,BASELINE_COLLECTION,SWING,0.6462,-83.629,-156.306,-83.629,0.8964,0.0000,0.2345,0.0000,0.2345,0.3155,0,
12.7712,12.7700,BASELINE_COLLECTION,SWING,0.6615,-86.018,-238.840,-86.018,0.8740,0.0000,0.3583,0.0000,0.3583,0.4578,0,
12.7812,12.7800,BASELINE_COLLECTION,SWING,0.6769,-87.728,-170.977,-87.728,0.8495,0.0000,0.2565,0.0000,0.2565,0.3408,0,
12.7911,12.7900,BASELINE_COLLECTION,SWING,0.6923,-89.193,-146.501,-89.193,0.8230,0.0000,0.2198,0.0000,0.2198,0.2986,0,
12.8012,12.8000,BASELINE_COLLECTION,SWING,0.7077,-91.962,-276.930,-91.962,0.7946,0.0000,0.4154,0.0000,0.4154,0.5234,0,
12.8112,12.8100,BASELINE_COLLECTION,SWING,0.7231,-93.857,-189.524,-93.857,0.7643,0.0000,0.2843,0.0000,0.2843,0.3727,0,
12.8212,12.8200,BASELINE_COLLECTION,SWING,0.7385,-96.555,-269.747,-96.555,0.7323,0.0000,0.4046,0.0000,0.4046,0.5111,0,
12.8312,12.8300,BASELINE_COLLECTION,SWING,0.7538,-99.052,-249.723,-99.052,0.6985,0.0000,0.3746,0.0000,0.3746,0.4765,0,
12.8412,12.8400,BASELINE_COLLECTION,SWING,0.7692,-100.603,-155.068,-100.603,0.6631,0.0000,0.2326,0.0000,0.2326,0.3133,0,
12.8512,12.8500,BASELINE_COLLECTION,SWING,0.7846,-104.146,-354.302,-104.146,0.6262,0.0000,0.5315,0.0000,0.5315,0.6568,0,
12.8612,12.8600,BASELINE_COLLECTION,SWING,0.8000,-105.528,-138.213,-105.528,0.5878,0.0000,0.2073,0.0000,0.2073,0.2843,0,
12.8712,12.8700,BASELINE_COLLECTION,SWING,0.8154,-108.764,-323.598,-108.764,0.5480,0.0000,0.4854,0.0000,0.4854,0.6039,0,
12.8812,12.8800,BASELINE_COLLECTION,SWING,0.8308,-110.724,-196.037,-110.724,0.5070,0.0000,0.2941,0.0000,0.2941,0.3840,0,
12.8911,12.8900,BASELINE_COLLECTION,SWING,0.8462,-113.957,-323.332,-113.957,0.4647,0.0000,0.4850,0.0000,0.4850,0.6034,0,
12.9012,12.9000,BASELINE_COLLECTION,SWING,0.8615,-115.498,-154.074,-115.498,0.4214,0.0000,0.2311,0.0000,0.2311,0.3116,0,
12.9111,12.9100,BASELINE_COLLECTION,SWING,0.8769,-119.568,-406.988,-119.568,0.3771,0.0000,0.6105,0.0000,0.6105,0.7477,0,
12.9211,12.9200,BASELINE_COLLECTION,SWING,0.8923,-121.841,-227.263,-121.841,0.3319,0.0000,0.3409,0.0000,0.3409,0.4378,0,
12.9311,12.9300,BASELINE_COLLECTION,SWING,0.9077,-124.997,-315.648,-124.997,0.2859,0.0000,0.4735,0.0000,0.4735,0.5902,0,
12.9412,12.9400,BASELINE_COLLECTION,SWING,0.9231,-126.111,-111.400,-126.111,0.2393,0.0000,0.1671,0.0000,0.1671,0.2380,0,
12.9511,12.9500,BASELINE_COLLECTION,SWING,0.9385,-131.373,-526.189,-131.373,0.1921,0.0000,0.7893,0.0000,0.7893,0.9532,0,
12.9612,12.9600,BASELINE_COLLECTION,SWING,0.9538,-131.655,-28.171,-131.655,0.1445,0.0000,0.0423,0.0000,0.0423,0.0945,0,
12.9711,12.9700,BASELINE_COLLECTION,SWING,0.9692,-135.731,-407.635,-135.731,0.0965,0.0000,0.6115,0.0000,0.6115,0.7488,0,
12.9812,12.9800,BASELINE_COLLECTION,SWING,0.9846,-137.171,-143.977,-137.171,0.0483,0.0000,0.2160,0.0000,0.2160,0.2942,0,
12.9919,12.9900,BASELINE_COLLECTION,STANCE,0.0000,-141.534,-436.322,-141.534,0.0000,0.0000,0.6545,0.0000,0.6545,0.7983,0,
13.0012,13.0000,BASELINE_COLLECTION,STANCE,0.0182,-142.514,-98.019,-142.514,0.0000,0.0000,0.1470,0.0000,0.1470,0.2150,0,
13.0111,13.0100,BASELINE_COLLECTION,STANCE,0.0364,-147.201,-468.717,-147.201,0.0000,0.0000,0.7031,0.0000,0.7031,0.8541,0,
13.0212,13.0200,BASELINE_COLLECTION,STANCE,0.0545,-147.588,-38.662,-147.588,0.0000,0.0000,0.0580,0.0000,0.0580,0.1126,0,
13.0313,13.0300,BASELINE_COLLECTION,STANCE,0.0727,-151.643,-405.485,-151.643,0.0000,0.0000,0.6082,0.0000,0.6082,0.7451,0,
13.0412,13.0400,BASELINE_COLLECTION,STANCE,0.0909,-152.467,-82.428,-152.467,0.0000,0.0000,0.1236,0.0000,0.1236,0.1881,0,
13.0510,13.0500,BASELINE_COLLECTION,STANCE,0.1091,-156.218,-375.083,-156.218,0.0000,0.0000,0.5626,0.0000,0.5626,0.6927,0,
13.0611,13.0600,BASELINE_COLLECTION,STANCE,0.1273,-156.986,-76.800,-156.986,0.0000,0.0000,0.1152,0.0000,0.1152,0.1784,0,
13.0711,13.0700,BASELINE_COLLECTION,STANCE,0.1455,-159.544,-255.858,-159.544,0.0000,0.0000,0.3838,0.0000,0.3838,0.4871,0,
13.0811,13.0800,BASELINE_COLLECTION,STANCE,0.1636,-161.855,-231.017,-161.855,0.0000,0.0000,0.3465,0.0000,0.3465,0.4443,0,
13.0910,13.0900,BASELINE_COLLECTION,STANCE,0.1818,-163.618,-176.330,-163.618,0.0000,0.0000,0.2645,0.0000,0.2645,0.3500,0,
13.1012,13.1000,BASELINE_COLLECTION,STANCE,0.2000,-165.735,-211.752,-165.735,0.0000,0.0000,0.3176,0.0000,0.3176,0.4111,0,
13.1111,13.1100,BASELINE_COLLECTION,STANCE,0.2182,-167.308,-157.241,-167.308,0.0000,0.0000,0.2359,0.0000,0.2359,0.3171,0,
13.1212,13.1200,BASELINE_COLLECTION,STANCE,0.2364,-168.523,-121.478,-168.523,0.0000,0.0000,0.1822,0.0000,0.1822,0.2554,0,
13.1311,13.1300,BASELINE_COLLECTION,STANCE,0.2545,-171.258,-273.516,-171.258,0.0000,0.0000,0.4103,0.0000,0.4103,0.5176,0,
13.1411,13.1400,BASELINE_COLLECTION,STANCE,0.2727,-171.275,-1.710,-171.275,0.0000,0.0000,0.0026,0.0000,0.0026,0.0489,0,
13.1513,13.1500,BASELINE_COLLECTION,STANCE,0.2909,-174.132,-285.736,-174.132,0.0000,0.0000,0.4286,0.0000,0.4286,0.5386,0,
13.1609,13.1600,BASELINE_COLLECTION,STANCE,0.3091,-173.462,67.038,-173.462,0.0000,0.0000,-0.1006,0.0000,-0.1006,0.0000,0,
13.1711,13.1700,BASELINE_COLLECTION,STANCE,0.3273,-175.712,-224.963,-175.712,0.0000,0.0000,0.3374,0.0000,0.3374,0.4338,0,
13.1812,13.1800,BASELINE_COLLECTION,STANCE,0.3455,-175.233,47.852,-175.233,0.0000,0.0000,-0.0718,0.0000,-0.0718,0.0000,0,
13.1911,13.1900,BASELINE_COLLECTION,STANCE,0.3636,-176.887,-165.360,-176.887,0.0000,0.0000,0.2480,0.0000,0.2480,0.3311,0,
13.2011,13.2000,BASELINE_COLLECTION,STANCE,0.3818,-176.947,-6.006,-176.947,0.0000,0.0000,0.0090,0.0000,0.0090,0.0563,0,
13.2111,13.2100,BASELINE_COLLECTION,STANCE,0.4000,-177.545,-59.807,-177.545,0.0000,0.0000,0.0897,0.0000,0.0897,0.1491,0,
13.2211,13.2200,BASELINE_COLLECTION,STANCE,0.4182,-177.796,-25.139,-177.796,0.0000,0.0000,0.0377,0.0000,0.0377,0.0893,0,
13.2311,13.2300,BASELINE_COLLECTION,STANCE,0.4364,-178.586,-78.953,-178.586,0.0000,0.0000,0.1184,0.0000,0.1184,0.1821,0,
13.2410,13.2400,BASELINE_COLLECTION,STANCE,0.4545,-178.146,44.007,-178.146,0.0000,0.0000,-0.0660,0.0000,-0.0660,0.0000,0,
13.2511,13.2500,BASELINE_COLLECTION,STANCE,0.4727,-179.312,-116.684,-179.312,0.0000,0.0000,0.1750,0.0000,0.1750,0.2472,0,
13.2612,13.2600,BASELINE_COLLECTION,STANCE,0.4909,-177.201,211.108,-177.201,0.0000,0.0000,-0.3167,0.0000,-0.3167,0.0000,0,
13.2710,13.2700,BASELINE_COLLECTION,STANCE,0.5091,-177.150,5.141,-177.150,0.0000,0.0000,-0.0077,0.0000,-0.0077,0.0000,0,
13.2811,13.2800,BASELINE_COLLECTION,STANCE,0.5273,-177.372,-22.166,-177.372,0.0000,0.0000,0.0332,0.0000,0.0332,0.0842,0,
13.2911,13.2900,BASELINE_COLLECTION,STANCE,0.5455,-175.769,160.263,-175.769,0.0000,0.0000,-0.2404,0.0000,-0.2404,0.0000,0,
13.3012,13.3000,BASELINE_COLLECTION,STANCE,0.5636,-174.320,144.890,-174.320,0.0000,0.0000,-0.2173,0.0000,-0.2173,0.0000,0,
13.3110,13.3100,BASELINE_COLLECTION,STANCE,0.5818,-174.079,24.070,-174.079,0.0000,0.0000,-0.0361,0.0000,-0.0361,0.0000,0,
13.3211,13.3200,BASELINE_COLLECTION,STANCE,0.6000,-171.737,234.247,-171.737,0.0000,0.0000,-0.3514,0.0000,-0.3514,0.0000,0,
13.3311,13.3300,BASELINE_COLLECTION,STANCE,0.6182,-170.538,119.877,-170.538,0.0000,0.0000,-0.1798,0.0000,-0.1798,0.0000,0,
13.3411,13.3400,BASELINE_COLLECTION,STANCE,0.6364,-169.111,142.737,-169.111,0.0000,0.0000,-0.2141,0.0000,-0.2141,0.0000,0,
13.3511,13.3500,BASELINE_COLLECTION,STANCE,0.6545,-167.198,191.266,-167.198,0.0000,0.0000,-0.2869,0.0000,-0.2869,0.0000,0,
13.3612,13.3600,BASELINE_COLLECTION,STANCE,0.6727,-164.774,242.422,-164.774,0.0000,0.0000,-0.3636,0.0000,-0.3636,0.0000,0,
13.3711,13.3700,BASELINE_COLLECTION,STANCE,0.6909,-163.498,127.580,-163.498,0.0000,0.0000,-0.1914,0.0000,-0.1914,0.0000,0,
13.3811,13.3800,BASELINE_COLLECTION,STANCE,0.7091,-159.796,370.249,-159.796,0.0000,0.0000,-0.5554,0.0000,-0.5554,0.0000,0,
13.3911,13.3900,BASELINE_COLLECTION,STANCE,0.7273,-158.502,129.386,-158.502,0.0000,0.0000,-0.1941,0.0000,-0.1941,0.0000,0,
13.4011,13.4000,BASELINE_COLLECTION,STANCE,0.7455,-155.936,256.554,-155.936,0.0000,0.0000,-0.3848,0.0000,-0.3848,0.0000,0,
13.4111,13.4100,BASELINE_COLLECTION,STANCE,0.7636,-152.496,344.055,-152.496,0.0000,0.0000,-0.5161,0.0000,-0.5161,0.0000,0,
13.4211,13.4200,BASELINE_COLLECTION,STANCE,0.7818,-149.933,256.295,-149.933,0.0000,0.0000,-0.3844,0.0000,-0.3844,0.0000,0,
13.4311,13.4300,BASELINE_COLLECTION,STANCE,0.8000,-146.905,302.792,-146.905,0.0000,0.0000,-0.4542,0.0000,-0.4542,0.0000,0,
13.4412,13.4400,BASELINE_COLLECTION,STANCE,0.8182,-144.135,277.014,-144.135,0.0000,0.0000,-0.4155,0.0000,-0.4155,0.0000,0,
13.4511,13.4500,BASELINE_COLLECTION,STANCE,0.8364,-141.463,267.191,-141.463,0.0000,0.0000,-0.4008,0.0000,-0.4008,0.0000,0,
13.4611,13.4600,BASELINE_COLLECTION,STANCE,0.8545,-139.136,232.630,-139.136,0.0000,0.0000,-0.3489,0.0000,-0.3489,0.0000,0,
13.4711,13.4700,BASELINE_COLLECTION,STANCE,0.8727,-135.790,334.645,-135.790,0.0000,0.0000,-0.5020,0.0000,-0.5020,0.0000,0,
13.4812,13.4800,BASELINE_COLLECTION,STANCE,0.8909,-132.469,332.123,-132.469,0.0000,0.0000,-0.4982,0.0000,-0.4982,0.0000,0,
13.4911,13.4900,BASELINE_COLLECTION,STANCE,0.9091,-129.484,298.434,-129.484,0.0000,0.0000,-0.4477,0.0000,-0.4477,0.0000,0,
13.5012,13.5000,BASELINE_COLLECTION,STANCE,0.9273,-127.220,226.452,-127.220,0.0000,0.0000,-0.3397,0.0000,-0.3397,0.0000,0,
13.5111,13.5100,BASELINE_COLLECTION,STANCE,0.9455,-122.904,431.625,-122.904,0.0000,0.0000,-0.6474,0.0000,-0.6474,0.0000,0,
13.5211,13.5200,BASELINE_COLLECTION,STANCE,0.9636,-119.562,334.124,-119.562,0.0000,0.0000,-0.5012,0.0000,-0.5012,0.0000,0,
13.5311,13.5300,BASELINE_COLLECTION,STANCE,0.9818,-116.623,293.962,-116.623,0.0000,0.0000,-0.4409,0.0000,-0.4409,0.0000,0,
13.5412,13.5400,BASELINE_COLLECTION,SWING,0.0000,-114.598,202.442,-114.598,0.0000,0.0000,-0.3037,0.0000,-0.3037,0.0000,0,
13.5512,13.5500,BASELINE_COLLECTION,SWING,0.0154,-111.038,356.055,-111.038,0.0483,0.0000,-0.5341,0.0000,-0.5341,0.0000,0,
13.5611,13.5600,BASELINE_COLLECTION,SWING,0.0308,-109.131,190.707,-109.131,0.0965,0.0000,-0.2861,0.0000,-0.2861,0.0000,0,
13.5712,13.5700,BASELINE_COLLECTION,SWING,0.0462,-104.728,440.314,-104.728,0.1445,0.0000,-0.6605,0.0000,-0.6605,0.0000,0,
13.5812,13.5800,BASELINE_COLLECTION,SWING,0.0615,-103.367,136.069,-103.367,0.1921,0.0000,-0.2041,0.0000,-0.2041,0.0000,0,
13.5912,13.5900,BASELINE_COLLECTION,SWING,0.0769,-99.686,368.079,-99.686,0.2393,0.0000,-0.5521,0.0000,-0.5521,0.0000,0,
13.6012,13.6000,BASELINE_COLLECTION,SWING,0.0923,-96.725,296.158,-96.725,0.2859,0.0000,-0.4442,0.0000,-0.4442,0.0000,0,
13.6112,13.6100,BASELINE_COLLECTION,SWING,0.1077,-94.100,262.475,-94.100,0.3319,0.0000,-0.3937,0.0000,-0.3937,0.0000,0,
13.6212,13.6200,BASELINE_COLLECTION,SWING,0.1231,-92.000,209.947,-92.000,0.3771,0.0000,-0.3149,0.0000,-0.3149,0.0000,0,
13.6314,13.6300,BASELINE_COLLECTION,SWING,0.1385,-90.332,166.868,-90.332,0.4214,0.0000,-0.2503,0.0000,-0.2503,0.0000,0,
13.6413,13.6400,BASELINE_COLLECTION,SWING,0.1538,-87.534,279.769,-87.534,0.4647,0.0000,-0.4197,0.0000,-0.4197,0.0000,0,
13.6511,13.6500,BASELINE_COLLECTION,SWING,0.1692,-85.448,208.601,-85.448,0.5070,0.0000,-0.3129,0.0000,-0.3129,0.0000,0,
13.6611,13.6600,BASELINE_COLLECTION,SWING,0.1846,-83.161,228.643,-83.161,0.5480,0.0000,-0.3430,0.0000,-0.3430,0.0000,0,
13.6707,13.6700,BASELINE_COLLECTION,SWING,0.2000,-81.009,215.268,-81.009,0.5878,0.0000,-0.3229,0.0000,-0.3229,0.0000,0,
13.6805,13.6800,BASELINE_COLLECTION,SWING,0.2154,-79.366,164.246,-79.366,0.6262,0.0000,-0.2464,0.0000,-0.2464,0.0000,0,
13.6910,13.6900,BASELINE_COLLECTION,SWING,0.2308,-77.147,221.941,-77.147,0.6631,0.0000,-0.3329,0.0000,-0.3329,0.0000,0,
13.7012,13.7000,BASELINE_COLLECTION,SWING,0.2462,-76.237,90.960,-76.237,0.6985,0.0000,-0.1364,0.0000,-0.1364,0.0000,0,
13.7112,13.7100,BASELINE_COLLECTION,SWING,0.2615,-75.309,92.794,-75.309,0.7323,0.0000,-0.1392,0.0000,-0.1392,0.0000,0,
13.7212,13.7200,BASELINE_COLLECTION,SWING,0.2769,-73.304,200.569,-73.304,0.7643,0.0000,-0.3009,0.0000,-0.3009,0.0000,0,
13.7312,13.7300,BASELINE_COLLECTION,SWING,0.2923,-73.036,26.730,-73.036,0.7946,0.0000,-0.0401,0.0000,-0.0401,0.0000,0,
13.7412,13.7400,BASELINE_COLLECTION,SWING,0.3077,-71.909,112.766,-71.909,0.8230,0.0000,-0.1691,0.0000,-0.1691,0.0000,0,
13.7514,13.7500,BASELINE_COLLECTION,SWING,0.3231,-71.219,69.017,-71.219,0.8495,0.0000,-0.1035,0.0000,-0.1035,0.0000,0,
13.7610,13.7600,BASELINE_COLLECTION,SWING,0.3385,-71.638,-41.954,-71.638,0.8740,0.0000,0.0629,0.0000,0.0629,0.1183,0,
13.7711,13.7700,BASELINE_COLLECTION,SWING,0.3538,-69.646,199.201,-69.646,0.8964,0.0000,-0.2988,0.0000,-0.2988,0.0000,0,
13.7812,13.7800,BASELINE_COLLECTION,SWING,0.3692,-69.462,18.431,-69.462,0.9168,0.0000,-0.0276,0.0000,-0.0276,0.0000,0,
13.7912,13.7900,BASELINE_COLLECTION,SWING,0.3846,-69.639,-17.673,-69.639,0.9350,0.0000,0.0265,0.0000,0.0265,0.0764,0,
13.8012,13.8000,BASELINE_COLLECTION,SWING,0.4000,-69.386,25.212,-69.386,0.9511,0.0000,-0.0378,0.0000,-0.0378,0.0000,0,
13.8111,13.8100,BASELINE_COLLECTION,SWING,0.4154,-70.179,-79.211,-70.179,0.9649,0.0000,0.1188,0.0000,0.1188,0.1825,0,
13.8212,13.8200,BASELINE_COLLECTION,SWING,0.4308,-69.262,91.671,-69.262,0.9764,0.0000,-0.1375,0.0000,-0.1375,0.0000,0,
13.8312,13.8300,BASELINE_COLLECTION,SWING,0.4462,-69.436,-17.392,-69.436,0.9857,0.0000,0.0261,0.0000,0.0261,0.0760,0,
13.8412,13.8400,BASELINE_COLLECTION,SWING,0.4615,-70.634,-119.807,-70.634,0.9927,0.0000,0.1797,0.0000,0.1797,0.2525,0,
13.8511,13.8500,BASELINE_COLLECTION,SWING,0.4769,-70.651,-1.721,-70.651,0.9974,0.0000,0.0026,0.0000,0.0026,0.0489,0,
13.8612,13.8600,BASELINE_COLLECTION,SWING,0.4923,-71.797,-114.587,-71.797,0.9997,0.0000,0.1719,0.0000,0.1719,0.2435,0,
13.8714,13.8700,BASELINE_COLLECTION,SWING,0.5077,-71.090,70.680,-71.090,0.9997,0.0000,-0.1060,0.0000,-0.1060,0.0000,0,
13.8813,13.8800,BASELINE_COLLECTION,SWING,0.5231,-74.178,-308.790,-74.178,0.9974,0.0000,0.4632,0.0000,0.4632,0.5784,0,
13.8912,13.8900,BASELINE_COLLECTION,SWING,0.5385,-72.420,175.844,-72.420,0.9927,0.0000,-0.2638,0.0000,-0.2638,0.0000,0,
13.9009,13.9000,BASELINE_COLLECTION,SWING,0.5538,-74.975,-255.524,-74.975,0.9857,0.0000,0.3833,0.0000,0.3833,0.4865,0,
13.9111,13.9100,BASELINE_COLLECTION,SWING,0.5692,-74.291,68.374,-74.291,0.9764,0.0000,-0.1026,0.0000,-0.1026,0.0000,0,
13.9212,13.9200,BASELINE_COLLECTION,SWING,0.5846,-77.199,-290.809,-77.199,0.9649,0.0000,0.4362,0.0000,0.4362,0.5474,0,
13.9312,13.9300,BASELINE_COLLECTION,SWING,0.6000,-77.890,-69.080,-77.890,0.9511,0.0000,0.1036,0.0000,0.1036,0.1651,0,
13.9412,13.9400,BASELINE_COLLECTION,SWING,0.6154,-80.745,-285.558,-80.745,0.9350,0.0000,0.4283,0.0000,0.4283,0.5383,0,
13.9512,13.9500,BASELINE_COLLECTION,SWING,0.6308,-80.180,56.526,-80.180,0.9168,0.0000,-0.0848,0.0000,-0.0848,0.0000,0,
13.9612,13.9600,BASELINE_COLLECTION,SWING,0.6462,-83.627,-344.654,-83.627,0.8964,0.0000,0.5170,0.0000,0.5170,0.6402,0,
13.9712,13.9700,BASELINE_COLLECTION,SWING,0.6615,-85.079,-145.187,-85.079,0.8740,0.0000,0.2178,0.0000,0.2178,0.2963,0,
13.9812,13.9800,BASELINE_COLLECTION,SWING,0.6769,-86.721,-164.241,-86.721,0.8495,0.0000,0.2464,0.0000,0.2464,0.3292,0,
13.9914,13.9900,BASELINE_COLLECTION,SWING,0.6923,-89.681,-296.027,-89.681,0.8230,0.0000,0.4440,0.0000,0.4440,0.5564,0,
14.0012,14.0000,BASELINE_COLLECTION,SWING,0.7077,-91.067,-138.585,-91.067,0.7946,0.0000,0.2079,0.0000,0.2079,0.2849,0,
14.0112,14.0100,BASELINE_COLLECTION,SWING,0.7231,-94.307,-323.983,-94.307,0.7643,0.0000,0.4860,0.0000,0.4860,0.6046,0,
14.0212,14.0200,BASELINE_COLLECTION,SWING,0.7385,-94.753,-44.580,-94.753,0.7323,0.0000,0.0669,0.0000,0.0669,0.1228,0,
14.0312,14.0300,BASELINE_COLLECTION,SWING,0.7538,-98.972,-421.966,-98.972,0.6985,0.0000,0.6329,0.0000,0.6329,0.7735,0,
14.0412,14.0400,BASELINE_COLLECTION,SWING,0.7692,-99.714,-74.143,-99.714,0.6631,0.0000,0.1112,0.0000,0.1112,0.1738,0,
14.0512,14.0500,BASELINE_COLLECTION,SWING,0.7846,-103.279,-356.508,-103.279,0.6262,0.0000,0.5348,0.0000,0.5348,0.6606,0,
14.0612,14.0600,BASELINE_COLLECTION,SWING,0.8000,-105.182,-190.278,-105.182,0.5878,0.0000,0.2854,0.0000,0.2854,0.3740,0,
14.0712,14.0700,BASELINE_COLLECTION,SWING,0.8154,-108.354,-317.184,-108.354,0.5480,0.0000,0.4758,0.0000,0.4758,0.5928,0,
14.0812,14.0800,BASELINE_COLLECTION,SWING,0.8308,-110.412,-205.832,-110.412,0.5070,0.0000,0.3087,0.0000,0.3087,0.4009,0,
14.0910,14.0900,BASELINE_COLLECTION,SWING,0.8462,-114.291,-387.908,-114.291,0.4647,0.0000,0.5819,0.0000,0.5819,0.7148,0,
14.1012,14.1000,BASELINE_COLLECTION,SWING,0.8615,-115.555,-126.444,-115.555,0.4214,0.0000,0.1897,0.0000,0.1897,0.2640,0,
14.1110,14.1100,BASELINE_COLLECTION,SWING,0.8769,-119.983,-442.739,-119.983,0.3771,0.0000,0.6641,0.0000,0.6641,0.8093,0,
14.1212,14.1200,BASELINE_COLLECTION,SWING,0.8923,-121.141,-115.860,-121.141,0.3319,0.0000,0.1738,0.0000,0.1738,0.2457,0,
14.1312,14.1300,BASELINE_COLLECTION,SWING,0.9077,-124.938,-379.650,-124.938,0.2859,0.0000,0.5695,0.0000,0.5695,0.7005,0,
14.1412,14.1400,BASELINE_COLLECTION,SWING,0.9231,-126.303,-136.525,-126.303,0.2393,0.0000,0.2048,0.0000,0.2048,0.2814,0,
14.1512,14.1500,BASELINE_COLLECTION,SWING,0.9385,-129.803,-350.010,-129.803,0.1921,0.0000,0.5250,0.0000,0.5250,0.6494,0,
14.1612,14.1600,BASELINE_COLLECTION,SWING,0.9538,-133.074,-327.096,-133.074,0.1445,0.0000,0.4906,0.0000,0.4906,0.6099,0,
14.1710,14.1700,BASELINE_COLLECTION,SWING,0.9692,-134.822,-174.827,-134.822,0.0965,0.0000,0.2622,0.0000,0.2622,0.3474,0,
14.1819,14.1800,BASELINE_COLLECTION,STANCE,0.0000,-138.415,-359.285,-138.415,0.0000,0.0000,0.5389,0.0000,0.5389,0.6654,0,
14.1906,14.1900,BASELINE_COLLECTION,STANCE,0.0182,-140.024,-160.891,-140.024,0.0000,0.0000,0.2413,0.0000,0.2413,0.3234,0,
14.2011,14.2000,BASELINE_COLLECTION,STANCE,0.0364,-143.483,-345.880,-143.483,0.0000,0.0000,0.5188,0.0000,0.5188,0.6423,0,
14.2111,14.2100,BASELINE_COLLECTION,STANCE,0.0545,-145.369,-188.591,-145.369,0.0000,0.0000,0.2829,0.0000,0.2829,0.3711,0,
14.2212,14.2200,BASELINE_COLLECTION,STANCE,0.0727,-148.970,-360.064,-148.970,0.0000,0.0000,0.5401,0.0000,0.5401,0.6668,0,
14.2311,14.2300,BASELINE_COLLECTION,STANCE,0.0909,-149.933,-96.324,-149.933,0.0000,0.0000,0.1445,0.0000,0.1445,0.2121,0,
14.2412,14.2400,BASELINE_COLLECTION,STANCE,0.1091,-153.372,-343.961,-153.372,0.0000,0.0000,0.5159,0.0000,0.5159,0.6390,0,
14.2510,14.2500,BASELINE_COLLECTION,STANCE,0.1273,-155.291,-191.809,-155.291,0.0000,0.0000,0.2877,0.0000,0.2877,0.3767,0,
14.2611,14.2600,BASELINE_COLLECTION,STANCE,0.1455,-156.855,-156.472,-156.855,0.0000,0.0000,0.2347,0.0000,0.2347,0.3158,0,
14.2711,14.2700,BASELINE_COLLECTION,STANCE,0.1636,-160.399,-354.387,-160.399,0.0000,0.0000,0.5316,0.0000,0.5316,0.6570,0,
14.2810,14.2800,BASELINE_COLLECTION,STANCE,0.1818,-161.393,-99.363,-161.393,0.0000,0.0000,0.1490,0.0000,0.1490,0.2173,0,
14.2911,14.2900,BASELINE_COLLECTION,STANCE,0.2000,-163.894,-250.172,-163.894,0.0000,0.0000,0.3753,0.0000,0.3753,0.4773,0,
14.3012,14.3000,BASELINE_COLLECTION,STANCE,0.2182,-165.481,-158.605,-165.481,0.0000,0.0000,0.2379,0.0000,0.2379,0.3194,0,
14.3111,14.3100,BASELINE_COLLECTION,STANCE,0.2364,-167.900,-241.959,-167.900,0.0000,0.0000,0.3629,0.0000,0.3629,0.4631,0,
14.3212,14.3200,BASELINE_COLLECTION,STANCE,0.2545,-168.441,-54.039,-168.441,0.0000,0.0000,0.0811,0.0000,0.0811,0.1391,0,
14.3311,14.3300,BASELINE_COLLECTION,STANCE,0.2727,-170.253,-181.208,-170.253,0.0000,0.0000,0.2718,0.0000,0.2718,0.3584,0,
14.3411,14.3400,BASELINE_COLLECTION,STANCE,0.2909,-171.198,-94.520,-171.198,0.0000,0.0000,0.1418,0.0000,0.1418,0.2089,0,
14.3513,14.3500,BASELINE_COLLECTION,STANCE,0.3091,-173.852,-265.405,-173.852,0.0000,0.0000,0.3981,0.0000,0.3981,0.5036,0,
14.3611,14.3600,BASELINE_COLLECTION,STANCE,0.3273,-173.239,61.328,-173.239,0.0000,0.0000,-0.0920,0.0000,-0.0920,0.0000,0,
14.3711,14.3700,BASELINE_COLLECTION,STANCE,0.3455,-175.798,-255.929,-175.798,0.0000,0.0000,0.3839,0.0000,0.3839,0.4872,0,
14.3812,14.3800,BASELINE_COLLECTION,STANCE,0.3636,-175.318,48.019,-175.318,0.0000,0.0000,-0.0720,0.0000,-0.0720,0.0000,0,
14.3911,14.3900,BASELINE_COLLECTION,STANCE,0.3818,-176.709,-139.105,-176.709,0.0000,0.0000,0.2087,0.0000,0.2087,0.2858,0,
14.4011,14.4000,BASELINE_COLLECTION,STANCE,0.4000,-176.951,-24.273,-176.951,0.0000,0.0000,0.0364,0.0000,0.0364,0.0878,0,
14.4111,14.4100,BASELINE_COLLECTION,STANCE,0.4182,-178.055,-110.338,-178.055,0.0000,0.0000,0.1655,0.0000,0.1655,0.2362,0,
14.4211,14.4200,BASELINE_COLLECTION,STANCE,0.4364,-178.326,-27.070,-178.326,0.0000,0.0000,0.0406,0.0000,0.0406,0.0926,0,
14.4311,14.4300,BASELINE_COLLECTION,STANCE,0.4545,-178.724,-39.883,-178.724,0.0000,0.0000,0.0598,0.0000,0.0598,0.1147,0,
14.4412,14.4400,BASELINE_COLLECTION,STANCE,0.4727,-178.251,47.290,-178.251,0.0000,0.0000,-0.0709,0.0000,-0.0709,0.0000,0,
14.4511,14.4500,BASELINE_COLLECTION,STANCE,0.4909,-178.347,-9.606,-178.347,0.0000,0.0000,0.0144,0.0000,0.0144,0.0625,0,
14.4611,14.4600,BASELINE_COLLECTION,STANCE,0.5091,-177.942,40.540,-177.942,0.0000,0.0000,-0.0608,0.0000,-0.0608,0.0000,0,
14.4712,14.4700,BASELINE_COLLECTION,STANCE,0.5273,-177.553,38.870,-177.553,0.0000,0.0000,-0.0583,0.0000,-0.0583,0.0000,0,
14.4812,14.4800,BASELINE_COLLECTION,STANCE,0.5455,-176.938,61.514,-176.938,0.0000,0.0000,-0.0923,0.0000,-0.0923,0.0000,0,
14.4911,14.4900,BASELINE_COLLECTION,STANCE,0.5636,-177.513,-57.453,-177.513,0.0000,0.0000,0.0862,0.0000,0.0862,0.1450,0,
14.5012,14.5000,BASELINE_COLLECTION,STANCE,0.5818,-174.503,300.988,-174.503,0.0000,0.0000,-0.4515,0.0000,-0.4515,0.0000,0,
14.5111,14.5100,BASELINE_COLLECTION,STANCE,0.6000,-174.145,35.777,-174.145,0.0000,0.0000,-0.0537,0.0000,-0.0537,0.0000,0,
14.5211,14.5200,BASELINE_COLLECTION,STANCE,0.6182,-171.934,221.111,-171.934,0.0000,0.0000,-0.3317,0.0000,-0.3317,0.0000,0,
14.5311,14.5300,BASELINE_COLLECTION,STANCE,0.6364,-170.704,122.982,-170.704,0.0000,0.0000,-0.1845,0.0000,-0.1845,0.0000,0,
14.5411,14.5400,BASELINE_COLLECTION,STANCE,0.6545,-168.865,183.923,-168.865,0.0000,0.0000,-0.2759,0.0000,-0.2759,0.0000,0,
14.5511,14.5500,BASELINE_COLLECTION,STANCE,0.6727,-167.444,142.113,-167.444,0.0000,0.0000,-0.2132,0.0000,-0.2132,0.0000,0,
14.5612,14.5600,BASELINE_COLLECTION,STANCE,0.6909,-165.069,237.489,-165.069,0.0000,0.0000,-0.3562,0.0000,-0.3562,0.0000,0,
14.5710,14.5700,BASELINE_COLLECTION,STANCE,0.7091,-163.740,132.933,-163.740,0.0000,0.0000,-0.1994,0.0000,-0.1994,0.0000,0,
14.5811,14.5800,BASELINE_COLLECTION,STANCE,0.7273,-160.233,350.651,-160.233,0.0000,0.0000,-0.5260,0.0000,-0.5260,0.0000,0,
14.5911,14.5900,BASELINE_COLLECTION,STANCE,0.7455,-158.361,187.206,-158.361,0.0000,0.0000,-0.2808,0.0000,-0.2808,0.0000,0,
14.6010,14.6000,BASELINE_COLLECTION,STANCE,0.7636,-156.712,164.914,-156.712,0.0000,0.0000,-0.2474,0.0000,-0.2474,0.0000,0,
14.6112,14.6100,BASELINE_COLLECTION,STANCE,0.7818,-152.600,411.178,-152.600,0.0000,0.0000,-0.6168,0.0000,-0.6168,0.0000,0,
14.6212,14.6200,BASELINE_COLLECTION,STANCE,0.8000,-149.614,298.614,-149.614,0.0000,0.0000,-0.4479,0.0000,-0.4479,0.0000,0,
14.6312,14.6300,BASELINE_COLLECTION,STANCE,0.8182,-147.817,179.685,-147.817,0.0000,0.0000,-0.2695,0.0000,-0.2695,0.0000,0,
14.6411,14.6400,BASELINE_COLLECTION,STANCE,0.8364,-144.096,372.117,-144.096,0.0000,0.0000,-0.5582,0.0000,-0.5582,0.0000,0,
14.6509,14.6500,BASELINE_COLLECTION,STANCE,0.8545,-141.938,215.805,-141.938,0.0000,0.0000,-0.3237,0.0000,-0.3237,0.0000,0,
14.6606,14.6600,BASELINE_COLLECTION,STANCE,0.8727,-139.554,238.361,-139.554,0.0000,0.0000,-0.3575,0.0000,-0.3575,0.0000,0,
14.6711,14.6700,BASELINE_COLLECTION,STANCE,0.8909,-135.763,379.105,-135.763,0.0000,0.0000,-0.5687,0.0000,-0.5687,0.0000,0,
14.6811,14.6800,BASELINE_COLLECTION,STANCE,0.9091,-132.435,332.859,-132.435,0.0000,0.0000,-0.4993,0.0000,-0.4993,0.0000,0,
14.6911,14.6900,BASELINE_COLLECTION,STANCE,0.9273,-129.439,299.555,-129.439,0.0000,0.0000,-0.4493,0.0000,-0.4493,0.0000,0,
14.7012,14.7000,BASELINE_COLLECTION,STANCE,0.9455,-126.371,306.855,-126.371,0.0000,0.0000,-0.4603,0.0000,-0.4603,0.0000,0,
14.7111,14.7100,BASELINE_COLLECTION,STANCE,0.9636,-123.214,315.606,-123.214,0.0000,0.0000,-0.4734,0.0000,-0.4734,0.0000,0,
14.7211,14.7200,BASELINE_COLLECTION,STANCE,0.9818,-120.179,303.597,-120.179,0.0000,0.0000,-0.4554,0.0000,-0.4554,0.0000,0,
14.7310,14.7300,BASELINE_COLLECTION,STANCE,1.0000,-117.304,287.461,-117.304,0.0000,0.0000,-0.4312,0.0000,-0.4312,0.0000,0,
14.7413,14.7400,BASELINE_COLLECTION,SWING,0.0000,-114.440,286.414,-114.440,0.0000,0.0000,-0.4296,0.0000,-0.4296,0.0000,0,
14.7512,14.7500,BASELINE_COLLECTION,SWING,0.0156,-111.326,311.419,-111.326,0.0491,0.0000,-0.4671,0.0000,-0.4671,0.0000,0,
14.7612,14.7600,BASELINE_COLLECTION,SWING,0.0312,-108.427,289.854,-108.427,0.0980,0.0000,-0.4348,0.0000,-0.4348,0.0000,0,
14.7711,14.7700,BASELINE_COLLECTION,SWING,0.0469,-105.530,289.676,-105.530,0.1467,0.0000,-0.4345,0.0000,-0.4345,0.0000,0,
14.7813,14.7800,BASELINE_COLLECTION,SWING,0.0625,-103.037,249.328,-103.037,0.1951,0.0000,-0.3740,0.0000,-0.3740,0.0000,0,
14.7910,14.7900,BASELINE_COLLECTION,SWING,0.0781,-100.072,296.535,-100.072,0.2430,0.0000,-0.4448,0.0000,-0.4448,0.0000,0,
14.8011,14.8000,BASELINE_COLLECTION,SWING,0.0938,-97.160,291.119,-97.160,0.2903,0.0000,-0.4367,0.0000,-0.4367,0.0000,0,
14.8113,14.8100,BASELINE_COLLECTION,SWING,0.1094,-94.496,266.457,-94.496,0.3369,0.0000,-0.3997,0.0000,-0.3997,0.0000,0,
14.8212,14.8200,BASELINE_COLLECTION,SWING,0.1250,-92.166,232.942,-92.166,0.3827,0.0000,-0.3494,0.0000,-0.3494,0.0000,0,
14.8311,14.8300,BASELINE_COLLECTION,SWING,0.1406,-89.837,232.902,-89.837,0.4276,0.0000,-0.3494,0.0000,-0.3494,0.0000,0,
14.8405,14.8400,BASELINE_COLLECTION,SWING,0.1562,-87.282,255.545,-87.282,0.4714,0.0000,-0.3833,0.0000,-0.3833,0.0000,0,
14.8512,14.8500,BASELINE_COLLECTION,SWING,0.1719,-85.017,226.515,-85.017,0.5141,0.0000,-0.3398,0.0000,-0.3398,0.0000,0,
14.8613,14.8600,BASELINE_COLLECTION,SWING,0.1875,-83.039,197.824,-83.039,0.5556,0.0000,-0.2967,0.0000,-0.2967,0.0000,0,
14.8712,14.8700,BASELINE_COLLECTION,SWING,0.2031,-82.105,93.314,-82.105,0.5957,0.0000,-0.1400,0.0000,-0.1400,0.0000,0,
14.8810,14.8800,BASELINE_COLLECTION,SWING,0.2188,-79.815,229.073,-79.815,0.6344,0.0000,-0.3436,0.0000,-0.3436,0.0000,0,
14.8911,14.8900,BASELINE_COLLECTION,SWING,0.2344,-77.715,210.017,-77.715,0.6716,0.0000,-0.3150,0.0000,-0.3150,0.0000,0,
14.9012,14.9000,BASELINE_COLLECTION,SWING,0.2500,-76.297,141.787,-76.297,0.7071,0.0000,-0.2127,0.0000,-0.2127,0.0000,0,
14.9112,14.9100,BASELINE_COLLECTION,SWING,0.2656,-74.883,141.378,-74.883,0.7410,0.0000,-0.2121,0.0000,-0.2121,0.0000,0,
14.9211,14.9200,BASELINE_COLLECTION,SWING,0.2812,-73.831,105.210,-73.831,0.7730,0.0000,-0.1578,0.0000,-0.1578,0.0000,0,
14.9312,14.9300,BASELINE_COLLECTION,SWING,0.2969,-73.253,57.805,-73.253,0.8032,0.0000,-0.0867,0.0000,-0.0867,0.0000,0,
14.9412,14.9400,BASELINE_COLLECTION,SWING,0.3125,-71.533,171.963,-71.533,0.8315,0.0000,-0.2579,0.0000,-0.2579,0.0000,0,
14.9511,14.9500,BASELINE_COLLECTION,SWING,0.3281,-71.835,-30.217,-71.835,0.8577,0.0000,0.0453,0.0000,0.0453,0.0981,0,
14.9609,14.9600,BASELINE_COLLECTION,SWING,0.3438,-69.866,196.924,-69.866,0.8819,0.0000,-0.2954,0.0000,-0.2954,0.0000,0,
14.9711,14.9700,BASELINE_COLLECTION,SWING,0.3594,-69.913,-4.705,-69.913,0.9040,0.0000,0.0071,0.0000,0.0071,0.0541,0,
14.9812,14.9800,BASELINE_COLLECTION,SWING,0.3750,-70.045,-13.143,-70.045,0.9239,0.0000,0.0197,0.0000,0.0197,0.0686,0,
14.9912,14.9900,BASELINE_COLLECTION,SWING,0.3906,-69.283,76.179,-69.283,0.9415,0.0000,-0.1143,0.0000,-0.1143,0.0000,0,
15.0013,15.0000,BASELINE_COLLECTION,SWING,0.4062,-68.828,45.484,-68.828,0.9569,0.0000,-0.0682,0.0000,-0.0682,0.0000,0,
15.0112,15.0100,BASELINE_COLLECTION,SWING,0.4219,-69.882,-105.413,-69.882,0.9700,0.0000,0.1581,0.0000,0.1581,0.2277,0,
15.0212,15.0200,BASELINE_COLLECTION,SWING,0.4375,-69.551,33.130,-69.551,0.9808,0.0000,-0.0497,0.0000,-0.0497,0.0000,0,
15.0312,15.0300,BASELINE_COLLECTION,SWING,0.4531,-69.951,-40.021,-69.951,0.9892,0.0000,0.0600,0.0000,0.0600,0.1150,0,
15.0413,15.0400,BASELINE_COLLECTION,SWING,0.4688,-70.529,-57.801,-70.529,0.9952,0.0000,0.0867,0.0000,0.0867,0.1456,0,
15.0510,15.0500,BASELINE_COLLECTION,SWING,0.4844,-71.126,-59.720,-71.126,0.9988,0.0000,0.0896,0.0000,0.0896,0.1489,0,
15.0612,15.0600,BASELINE_COLLECTION,SWING,0.5000,-71.071,5.522,-71.071,1.0000,0.0000,-0.0083,0.0000,-0.0083,0.0000,0,
15.0712,15.0700,BASELINE_COLLECTION,SWING,0.5156,-72.451,-137.971,-72.451,0.9988,0.0000,0.2070,0.0000,0.2070,0.2839,0,
15.0810,15.0800,BASELINE_COLLECTION,SWING,0.5312,-73.293,-84.218,-73.293,0.9952,0.0000,0.1263,0.0000,0.1263,0.1912,0,
15.0909,15.0900,BASELINE_COLLECTION,SWING,0.5469,-73.870,-57.760,-73.870,0.9892,0.0000,0.0866,0.0000,0.0866,0.1456,0,
15.1009,15.1000,BASELINE_COLLECTION,SWING,0.5625,-75.657,-178.654,-75.657,0.9808,0.0000,0.2680,0.0000,0.2680,0.3540,0,
15.1111,15.1100,BASELINE_COLLECTION,SWING,0.5781,-76.148,-49.133,-76.148,0.9700,0.0000,0.0737,0.0000,0.0737,0.1307,0,
15.1211,15.1200,BASELINE_COLLECTION,SWING,0.5938,-77.986,-183.747,-77.986,0.9569,0.0000,0.2756,0.0000,0.2756,0.3628,0,
15.1311,15.1300,BASELINE_COLLECTION,SWING,0.6094,-78.400,-41.400,-78.400,0.9415,0.0000,0.0621,0.0000,0.0621,0.1174,0,
15.1411,15.1400,BASELINE_COLLECTION,SWING,0.6250,-81.158,-275.867,-81.158,0.9239,0.0000,0.4138,0.0000,0.4138,0.5216,0,
15.1512,15.1500,BASELINE_COLLECTION,SWING,0.6406,-82.318,-115.955,-82.318,0.9040,0.0000,0.1739,0.0000,0.1739,0.2459,0,
15.1612,15.1600,BASELINE_COLLECTION,SWING,0.6562,-83.877,-155.913,-83.877,0.8819,0.0000,0.2339,0.0000,0.2339,0.3148,0,
15.1712,15.1700,BASELINE_COLLECTION,SWING,0.6719,-86.143,-226.587,-86.143,0.8577,0.0000,0.3399,0.0000,0.3399,0.4366,0,
15.1811,15.1800,BASELINE_COLLECTION,SWING,0.6875,-87.797,-165.430,-87.797,0.8315,0.0000,0.2481,0.0000,0.2481,0.3312,0,
15.1910,15.1900,BASELINE_COLLECTION,SWING,0.7031,-90.209,-241.208,-90.209,0.8032,0.0000,0.3618,0.0000,0.3618,0.4619,0,
15.2011,15.2000,BASELINE_COLLECTION,SWING,0.7188,-91.664,-145.430,-91.664,0.7730,0.0000,0.2181,0.0000,0.2181,0.2967,0,
15.2111,15.2100,BASELINE_COLLECTION,SWING,0.7344,-94.423,-275.932,-94.423,0.7410,0.0000,0.4139,0.0000,0.4139,0.5217,0,
15.2209,15.2200,BASELINE_COLLECTION,SWING,0.7500,-96.325,-190.245,-96.325,0.7071,0.0000,0.2854,0.0000,0.2854,0.3740,0,
15.2313,15.2300,BASELINE_COLLECTION,SWING,0.7656,-99.374,-304.807,-99.374,0.6716,0.0000,0.4572,0.0000,0.4572,0.5715,0,
15.2414,15.2400,BASELINE_COLLECTION,SWING,0.7812,-101.311,-193.760,-101.311,0.6344,0.0000,0.2906,0.0000,0.2906,0.3800,0,
15.2512,15.2500,BASELINE_COLLECTION,SWING,0.7969,-103.472,-216.066,-103.472,0.5957,0.0000,0.3241,0.0000,0.3241,0.4185,0,
15.2614,15.2600,BASELINE_COLLECTION,SWING,0.8125,-106.219,-274.684,-106.219,0.5556,0.0000,0.4120,0.0000,0.4120,0.5196,0,
15.2712,15.2700,BASELINE_COLLECTION,SWING,0.8281,-107.772,-155.347,-107.772,0.5141,0.0000,0.2330,0.0000,0.2330,0.3138,0,
15.2811,15.2800,BASELINE_COLLECTION,SWING,0.8438,-112.146,-437.359,-112.146,0.4714,0.0000,0.6560,0.0000,0.6560,0.8000,0,
15.2914,15.2900,BASELINE_COLLECTION,SWING,0.8594,-112.783,-63.718,-112.783,0.4276,0.0000,0.0956,0.0000,0.0956,0.1558,0,
15.3012,15.3000,BASELINE_COLLECTION,SWING,0.8750,-117.096,-431.326,-117.096,0.3827,0.0000,0.6470,0.0000,0.6470,0.7896,0,
15.3111,15.3100,BASELINE_COLLECTION,SWING,0.8906,-118.848,-175.169,-118.848,0.3369,0.0000,0.2628,0.0000,0.2628,0.3480,0,
15.3215,15.3200,BASELINE_COLLECTION,SWING,0.9062,-122.322,-347.384,-122.322,0.2903,0.0000,0.5211,0.0000,0.5211,0.6449,0,
15.3312,15.3300,BASELINE_COLLECTION,SWING,0.9219,-124.583,-226.163,-124.583,0.2430,0.0000,0.3392,0.0000,0.3392,0.4359,0,
15.3411,15.3400,BASELINE_COLLECTION,SWING,0.9375,-126.829,-224.610,-126.829,0.1951,0.0000,0.3369,0.0000,0.3369,0.4332,0,
15.3511,15.3500,BASELINE_COLLECTION,SWING,0.9531,-131.232,-440.290,-131.232,0.1467,0.0000,0.6604,0.0000,0.6604,0.8051,0,
15.3612,15.3600,BASELINE_COLLECTION,SWING,0.9688,-131.926,-69.422,-131.926,0.0980,0.0000,0.1041,0.0000,0.1041,0.1657,0,
15.3713,15.3700,BASELINE_COLLECTION,SWING,0.9844,-135.782,-385.601,-135.782,0.0491,0.0000,0.5784,0.0000,0.5784,0.7108,0,
15.3821,15.3800,BASELINE_COLLECTION,STANCE,0.0000,-137.997,-221.413,-137.997,0.0000,0.0000,0.3321,0.0000,0.3321,0.4277,0,
15.3910,15.3900,BASELINE_COLLECTION,STANCE,0.0179,-141.198,-320.167,-141.198,0.0000,0.0000,0.4803,0.0000,0.4803,0.5980,0,
15.4010,15.4000,BASELINE_COLLECTION,STANCE,0.0357,-142.981,-178.229,-142.981,0.0000,0.0000,0.2673,0.0000,0.2673,0.3533,0,
15.4112,15.4100,BASELINE_COLLECTION,STANCE,0.0536,-146.095,-311.433,-146.095,0.0000,0.0000,0.4671,0.0000,0.4671,0.5829,0,
15.4212,15.4200,BASELINE_COLLECTION,STANCE,0.0714,-148.059,-196.411,-148.059,0.0000,0.0000,0.2946,0.0000,0.2946,0.3846,0,
15.4311,15.4300,BASELINE_COLLECTION,STANCE,0.0893,-151.042,-298.336,-151.042,0.0000,0.0000,0.4475,0.0000,0.4475,0.5603,0,
15.4411,15.4400,BASELINE_COLLECTION,STANCE,0.1071,-152.732,-168.920,-152.732,0.0000,0.0000,0.2534,0.0000,0.2534,0.3372,0,
15.4510,15.4500,BASELINE_COLLECTION,STANCE,0.1250,-155.510,-277.802,-155.510,0.0000,0.0000,0.4167,0.0000,0.4167,0.5249,0,
15.4612,15.4600,BASELINE_COLLECTION,STANCE,0.1429,-158.101,-259.119,-158.101,0.0000,0.0000,0.3887,0.0000,0.3887,0.4927,0,
15.4711,15.4700,BASELINE_COLLECTION,STANCE,0.1607,-159.635,-153.427,-159.635,0.0000,0.0000,0.2301,0.0000,0.2301,0.3105,0,
15.4812,15.4800,BASELINE_COLLECTION,STANCE,0.1786,-161.695,-205.968,-161.695,0.0000,0.0000,0.3090,0.0000,0.3090,0.4011,0,
15.4911,15.4900,BASELINE_COLLECTION,STANCE,0.1964,-163.751,-205.620,-163.751,0.0000,0.0000,0.3084,0.0000,0.3084,0.4005,0,
15.5011,15.5000,BASELINE_COLLECTION,STANCE,0.2143,-165.586,-183.493,-165.586,0.0000,0.0000,0.2752,0.0000,0.2752,0.3623,0,
15.5111,15.5100,BASELINE_COLLECTION,STANCE,0.2321,-167.149,-156.340,-167.149,0.0000,0.0000,0.2345,0.0000,0.2345,0.3155,0,
15.5211,15.5200,BASELINE_COLLECTION,STANCE,0.2500,-168.800,-165.110,-168.800,0.0000,0.0000,0.2477,0.0000,0.2477,0.3307,0,
15.5311,15.5300,BASELINE_COLLECTION,STANCE,0.2679,-170.997,-219.655,-170.997,0.0000,0.0000,0.3295,0.0000,0.3295,0.4247,0,
15.5413,15.5400,BASELINE_COLLECTION,STANCE,0.2857,-171.969,-97.180,-171.969,0.0000,0.0000,0.1458,0.0000,0.1458,0.2135,0,
15.5511,15.5500,BASELINE_COLLECTION,STANCE,0.3036,-173.605,-163.656,-173.605,0.0000,0.0000,0.2455,0.0000,0.2455,0.3281,0,
15.5612,15.5600,BASELINE_COLLECTION,STANCE,0.3214,-173.257,34.822,-173.257,0.0000,0.0000,-0.0522,0.0000,-0.0522,0.0000,0,
15.5713,15.5700,BASELINE_COLLECTION,STANCE,0.3393,-176.626,-336.844,-176.626,0.0000,0.0000,0.5053,0.0000,0.5053,0.6267,0,
15.5810,15.5800,BASELINE_COLLECTION,STANCE,0.3571,-175.181,144.477,-175.181,0.0000,0.0000,-0.2167,0.0000,-0.2167,0.0000,0,
15.5911,15.5900,BASELINE_COLLECTION,STANCE,0.3750,-176.986,-180.526,-176.986,0.0000,0.0000,0.2708,0.0000,0.2708,0.3572,0,
15.6013,15.6000,BASELINE_COLLECTION,STANCE,0.3929,-176.276,70.996,-176.276,0.0000,0.0000,-0.1065,0.0000,-0.1065,0.0000,0,
15.6112,15.6100,BASELINE_COLLECTION,STANCE,0.4107,-178.692,-241.578,-178.692,0.0000,0.0000,0.3624,0.0000,0.3624,0.4625,0,
15.6212,15.6200,BASELINE_COLLECTION,STANCE,0.4286,-176.800,189.157,-176.800,0.0000,0.0000,-0.2837,0.0000,-0.2837,0.0000,0,
15.6311,15.6300,BASELINE_COLLECTION,STANCE,0.4464,-177.192,-39.215,-177.192,0.0000,0.0000,0.0588,0.0000,0.0588,0.1136,0,
15.6412,15.6400,BASELINE_COLLECTION,STANCE,0.4643,-177.259,-6.640,-177.259,0.0000,0.0000,0.0100,0.0000,0.0100,0.0574,0,
15.6510,15.6500,BASELINE_COLLECTION,STANCE,0.4821,-177.583,-32.467,-177.583,0.0000,0.0000,0.0487,0.0000,0.0487,0.1020,0,
15.6612,15.6600,BASELINE_COLLECTION,STANCE,0.5000,-177.418,16.498,-177.418,0.0000,0.0000,-0.0247,0.0000,-0.0247,0.0000,0,
15.6711,15.6700,BASELINE_COLLECTION,STANCE,0.5179,-176.431,98.719,-176.431,0.0000,0.0000,-0.1481,0.0000,-0.1481,0.0000,0,
15.6809,15.6800,BASELINE_COLLECTION,STANCE,0.5357,-177.353,-92.175,-177.353,0.0000,0.0000,0.1383,0.0000,0.1383,0.2049,0,
15.6904,15.6900,BASELINE_COLLECTION,STANCE,0.5536,-174.626,272.687,-174.626,0.0000,0.0000,-0.4090,0.0000,-0.4090,0.0000,0,
15.7005,15.7000,BASELINE_COLLECTION,STANCE,0.5714,-173.990,63.635,-173.990,0.0000,0.0000,-0.0955,0.0000,-0.0955,0.0000,0,
15.7105,15.7100,BASELINE_COLLECTION,STANCE,0.5893,-172.897,109.240,-172.897,0.0000,0.0000,-0.1639,0.0000,-0.1639,0.0000,0,
15.7212,15.7200,BASELINE_COLLECTION,STANCE,0.6071,-171.751,114.681,-171.751,0.0000,0.0000,-0.1720,0.0000,-0.1720,0.0000,0,
15.7311,15.7300,BASELINE_COLLECTION,STANCE,0.6250,-170.296,145.511,-170.296,0.0000,0.0000,-0.2183,0.0000,-0.2183,0.0000,0,
15.7412,15.7400,BASELINE_COLLECTION,STANCE,0.6429,-168.338,195.771,-168.338,0.0000,0.0000,-0.2937,0.0000,-0.2937,0.0000,0,
15.7511,15.7500,BASELINE_COLLECTION,STANCE,0.6607,-167.329,100.836,-167.329,0.0000,0.0000,-0.1513,0.0000,-0.1513,0.0000,0,
15.7612,15.7600,BASELINE_COLLECTION,STANCE,0.6786,-165.364,196.584,-165.364,0.0000,0.0000,-0.2949,0.0000,-0.2949,0.0000,0,
15.7711,15.7700,BASELINE_COLLECTION,STANCE,0.6964,-162.648,271.563,-162.648,0.0000,0.0000,-0.4073,0.0000,-0.4073,0.0000,0,
15.7811,15.7800,BASELINE_COLLECTION,STANCE,0.7143,-160.403,224.453,-160.403,0.0000,0.0000,-0.3367,0.0000,-0.3367,0.0000,0,
15.7911,15.7900,BASELINE_COLLECTION,STANCE,0.7321,-157.945,245.809,-157.945,0.0000,0.0000,-0.3687,0.0000,-0.3687,0.0000,0,
15.8010,15.8000,BASELINE_COLLECTION,STANCE,0.7500,-154.848,309.754,-154.848,0.0000,0.0000,-0.4646,0.0000,-0.4646,0.0000,0,
15.8112,15.8100,BASELINE_COLLECTION,STANCE,0.7679,-153.087,176.106,-153.087,0.0000,0.0000,-0.2642,0.0000,-0.2642,0.0000,0,
15.8212,15.8200,BASELINE_COLLECTION,STANCE,0.7857,-149.834,325.234,-149.834,0.0000,0.0000,-0.4879,0.0000,-0.4879,0.0000,0,
15.8311,15.8300,BASELINE_COLLECTION,STANCE,0.8036,-147.181,265.366,-147.181,0.0000,0.0000,-0.3980,0.0000,-0.3980,0.0000,0,
15.8413,15.8400,BASELINE_COLLECTION,STANCE,0.8214,-143.518,366.295,-143.518,0.0000,0.0000,-0.5494,0.0000,-0.5494,0.0000,0,
15.8511,15.8500,BASELINE_COLLECTION,STANCE,0.8393,-142.096,142.183,-142.096,0.0000,0.0000,-0.2133,0.0000,-0.2133,0.0000,0,
15.8611,15.8600,BASELINE_COLLECTION,STANCE,0.8571,-138.775,332.070,-138.775,0.0000,0.0000,-0.4981,0.0000,-0.4981,0.0000,0,
15.8711,15.8700,BASELINE_COLLECTION,STANCE,0.8750,-135.723,305.261,-135.723,0.0000,0.0000,-0.4579,0.0000,-0.4579,0.0000,0,
15.8812,15.8800,BASELINE_COLLECTION,STANCE,0.8929,-131.966,375.652,-131.966,0.0000,0.0000,-0.5635,0.0000,-0.5635,0.0000,0,
15.8911,15.8900,BASELINE_COLLECTION,STANCE,0.9107,-129.758,220.807,-129.758,0.0000,0.0000,-0.3312,0.0000,-0.3312,0.0000,0,
15.9010,15.9000,BASELINE_COLLECTION,STANCE,0.9286,-125.694,406.434,-125.694,0.0000,0.0000,-0.6097,0.0000,-0.6097,0.0000,0,
15.9112,15.9100,BASELINE_COLLECTION,STANCE,0.9464,-122.645,304.852,-122.645,0.0000,0.0000,-0.4573,0.0000,-0.4573,0.0000,0,
15.9209,15.9200,BASELINE_COLLECTION,STANCE,0.9643,-119.876,276.921,-119.876,0.0000,0.0000,-0.4154,0.0000,-0.4154,0.0000,0,
15.9311,15.9300,BASELINE_COLLECTION,STANCE,0.9821,-117.005,287.131,-117.005,0.0000,0.0000,-0.4307,0.0000,-0.4307,0.0000,0,
15.9413,15.9400,BASELINE_COLLECTION,SWING,0.0000,-114.788,221.640,-114.788,0.0000,0.0000,-0.3325,0.0000,-0.3325,0.0000,0,
15.9512,15.9500,BASELINE_COLLECTION,SWING,0.0156,-111.117,367.136,-111.117,0.0491,0.0000,-0.5507,0.0000,-0.5507,0.0000,0,
15.9612,15.9600,BASELINE_COLLECTION,SWING,0.0312,-108.833,228.430,-108.833,0.0980,0.0000,-0.3426,0.0000,-0.3426,0.0000,0,
15.9712,15.9700,BASELINE_COLLECTION,SWING,0.0469,-105.531,330.142,-105.531,0.1467,0.0000,-0.4952,0.0000,-0.4952,0.0000,0,
15.9812,15.9800,BASELINE_COLLECTION,SWING,0.0625,-102.494,303.689,-102.494,0.1951,0.0000,-0.4555,0.0000,-0.4555,0.0000,0,
15.9912,15.9900,BASELINE_COLLECTION,SWING,0.0781,-99.960,253.404,-99.960,0.2430,0.0000,-0.3801,0.0000,-0.3801,0.0000,0,
16.0013,16.0000,BASELINE_COLLECTION,SWING,0.0938,-96.797,316.303,-96.797,0.2903,0.0000,-0.4745,0.0000,-0.4745,0.0000,0,
16.0113,16.0100,BASELINE_COLLECTION,SWING,0.1094,-94.657,213.985,-94.657,0.3369,0.0000,-0.3210,0.0000,-0.3210,0.0000,0,
16.0213,16.0200,BASELINE_COLLECTION,SWING,0.1250,-92.748,190.940,-92.748,0.3827,0.0000,-0.2864,0.0000,-0.2864,0.0000,0,
16.0312,16.0300,BASELINE_COLLECTION,SWING,0.1406,-90.177,257.084,-90.177,0.4276,0.0000,-0.3856,0.0000,-0.3856,0.0000,0,
16.0412,16.0400,BASELINE_COLLECTION,SWING,0.1563,-87.996,218.139,-87.996,0.4714,0.0000,-0.3272,0.0000,-0.3272,0.0000,0,
16.0510,16.0500,BASELINE_COLLECTION,SWING,0.1719,-85.461,253.500,-85.461,0.5141,0.0000,-0.3803,0.0000,-0.3803,0.0000,0,
16.0612,16.0600,BASELINE_COLLECTION,SWING,0.1875,-82.804,265.661,-82.804,0.5556,0.0000,-0.3985,0.0000,-0.3985,0.0000,0,
16.0712,16.0700,BASELINE_COLLECTION,SWING,0.2031,-81.197,160.753,-81.197,0.5957,0.0000,-0.2411,0.0000,-0.2411,0.0000,0,
16.0812,16.0800,BASELINE_COLLECTION,SWING,0.2188,-79.491,170.566,-79.491,0.6344,0.0000,-0.2558,0.0000,-0.2558,0.0000,0,
16.0911,16.0900,BASELINE_COLLECTION,SWING,0.2344,-78.506,98.510,-78.506,0.6716,0.0000,-0.1478,0.0000,-0.1478,0.0000,0,
16.1009,16.1000,BASELINE_COLLECTION,SWING,0.2500,-75.551,295.519,-75.551,0.7071,0.0000,-0.4433,0.0000,-0.4433,0.0000,0,
16.1111,16.1100,BASELINE_COLLECTION,SWING,0.2656,-75.162,38.851,-75.162,0.7410,0.0000,-0.0583,0.0000,-0.0583,0.0000,0,
16.1211,16.1200,BASELINE_COLLECTION,SWING,0.2813,-72.986,217.589,-72.986,0.7730,0.0000,-0.3264,0.0000,-0.3264,0.0000,0,
16.1312,16.1300,BASELINE_COLLECTION,SWING,0.2969,-73.255,-26.895,-73.255,0.8032,0.0000,0.0403,0.0000,0.0403,0.0923,0,
16.1412,16.1400,BASELINE_COLLECTION,SWING,0.3125,-71.813,144.270,-71.813,0.8315,0.0000,-0.2164,0.0000,-0.2164,0.0000,0,
16.1511,16.1500,BASELINE_COLLECTION,SWING,0.3281,-69.866,194.637,-69.866,0.8577,0.0000,-0.2920,0.0000,-0.2920,0.0000,0,
16.1610,16.1600,BASELINE_COLLECTION,SWING,0.3438,-70.811,-94.502,-70.811,0.8819,0.0000,0.1418,0.0000,0.1418,0.2089,0,
16.1712,16.1700,BASELINE_COLLECTION,SWING,0.3594,-68.864,194.739,-68.864,0.9040,0.0000,-0.2921,0.0000,-0.2921,0.0000,0,
16.1812,16.1800,BASELINE_COLLECTION,SWING,0.3750,-69.073,-20.876,-69.073,0.9239,0.0000,0.0313,0.0000,0.0313,0.0820,0,
16.1912,16.1900,BASELINE_COLLECTION,SWING,0.3906,-68.930,14.287,-68.930,0.9415,0.0000,-0.0214,0.0000,-0.0214,0.0000,0,
16.2012,16.2000,BASELINE_COLLECTION,SWING,0.4063,-67.986,94.357,-67.986,0.9569,0.0000,-0.1415,0.0000,-0.1415,0.0000,0,
16.2112,16.2100,BASELINE_COLLECTION,SWING,0.4219,-69.643,-165.727,-69.643,0.9700,0.0000,0.2486,0.0000,0.2486,0.3317,0,
16.2211,16.2200,BASELINE_COLLECTION,SWING,0.4375,-67.861,178.198,-67.861,0.9808,0.0000,-0.2673,0.0000,-0.2673,0.0000,0,
16.2311,16.2300,BASELINE_COLLECTION,SWING,0.4531,-68.647,-78.561,-68.647,0.9892,0.0000,0.1178,0.0000,0.1178,0.1814,0,
16.2412,16.2400,BASELINE_COLLECTION,SWING,0.4688,-69.635,-98.817,-69.635,0.9952,0.0000,0.1482,0.0000,0.1482,0.2164,0,
16.2512,16.2500,BASELINE_COLLECTION,SWING,0.4844,-70.195,-56.011,-70.195,0.9988,0.0000,0.0840,0.0000,0.0840,0.1425,0,
16.2612,16.2600,BASELINE_COLLECTION,SWING,0.5000,-70.938,-74.323,-70.938,1.0000,0.0000,0.1115,0.0000,0.1115,0.1741,0,
16.2712,16.2700,BASELINE_COLLECTION,SWING,0.5156,-71.371,-43.298,-71.371,0.9988,0.0000,0.0649,0.0000,0.0649,0.1206,0,
16.2810,16.2800,BASELINE_COLLECTION,SWING,0.5313,-72.234,-86.242,-72.234,0.9952,0.0000,0.1294,0.0000,0.1294,0.1947,0,
16.2911,16.2900,BASELINE_COLLECTION,SWING,0.5469,-73.268,-103.425,-73.268,0.9892,0.0000,0.1551,0.0000,0.1551,0.2243,0,
16.3011,16.3000,BASELINE_COLLECTION,SWING,0.5625,-74.610,-134.163,-74.610,0.9808,0.0000,0.2012,0.0000,0.2012,0.2773,0,
16.3111,16.3100,BASELINE_COLLECTION,SWING,0.5781,-75.657,-104.704,-75.657,0.9700,0.0000,0.1571,0.0000,0.1571,0.2265,0,
16.3212,16.3200,BASELINE_COLLECTION,SWING,0.5938,-76.759,-110.266,-76.759,0.9569,0.0000,0.1654,0.0000,0.1654,0.2361,0,
16.3312,16.3300,BASELINE_COLLECTION,SWING,0.6094,-78.503,-174.389,-78.503,0.9415,0.0000,0.2616,0.0000,0.2616,0.3466,0,
16.3412,16.3400,BASELINE_COLLECTION,SWING,0.6250,-79.968,-146.436,-79.968,0.9239,0.0000,0.2197,0.0000,0.2197,0.2985,0,
16.3512,16.3500,BASELINE_COLLECTION,SWING,0.6406,-82.118,-215.001,-82.118,0.9040,0.0000,0.3225,0.0000,0.3225,0.4167,0,
16.3613,16.3600,BASELINE_COLLECTION,SWING,0.6563,-82.928,-81.022,-82.928,0.8819,0.0000,0.1215,0.0000,0.1215,0.1857,0,
16.3712,16.3700,BASELINE_COLLECTION,SWING,0.6719,-85.844,-291.572,-85.844,0.8577,0.0000,0.4374,0.0000,0.4374,0.5487,0,
16.3812,16.3800,BASELINE_COLLECTION,SWING,0.6875,-87.261,-141.749,-87.261,0.8315,0.0000,0.2126,0.0000,0.2126,0.2904,0,
16.3911,16.3900,BASELINE_COLLECTION,SWING,0.7031,-89.724,-246.247,-89.724,0.8032,0.0000,0.3694,0.0000,0.3694,0.4705,0,
16.4011,16.4000,BASELINE_COLLECTION,SWING,0.7188,-90.785,-106.137,-90.785,0.7730,0.0000,0.1592,0.0000,0.1592,0.2290,0,
16.4111,16.4100,BASELINE_COLLECTION,SWING,0.7344,-93.647,-286.176,-93.647,0.7410,0.0000,0.4293,0.0000,0.4293,0.5394,0,
16.4212,16.4200,BASELINE_COLLECTION,SWING,0.7500,-96.281,-263.431,-96.281,0.7071,0.0000,0.3951,0.0000,0.3951,0.5002,0,
16.4312,16.4300,BASELINE_COLLECTION,SWING,0.7656,-98.971,-268.996,-98.971,0.6716,0.0000,0.4035,0.0000,0.4035,0.5098,0,
16.4412,16.4400,BASELINE_COLLECTION,SWING,0.7813,-100.086,-111.476,-100.086,0.6344,0.0000,0.1672,0.0000,0.1672,0.2382,0,
16.4512,16.4500,BASELINE_COLLECTION,SWING,0.7969,-104.280,-419.395,-104.280,0.5957,0.0000,0.6291,0.0000,0.6291,0.7691,0,
16.4613,16.4600,BASELINE_COLLECTION,SWING,0.8125,-104.698,-41.845,-104.698,0.5556,0.0000,0.0628,0.0000,0.0628,0.1181,0,
16.4712,16.4700,BASELINE_COLLECTION,SWING,0.8281,-109.536,-483.827,-109.536,0.5141,0.0000,0.7257,0.0000,0.7257,0.8802,0,
16.4812,16.4800,BASELINE_COLLECTION,SWING,0.8438,-109.174,36.229,-109.174,0.4714,0.0000,-0.0543,0.0000,-0.0543,0.0000,0,
16.4911,16.4900,BASELINE_COLLECTION,SWING,0.8594,-115.135,-596.043,-115.135,0.4276,0.0000,0.8941,0.0000,0.8941,1.0736,0,
16.5013,16.5000,BASELINE_COLLECTION,SWING,0.8750,-114.654,48.086,-114.654,0.3827,0.0000,-0.0721,0.0000,-0.0721,0.0000,0,
16.5112,16.5100,BASELINE_COLLECTION,SWING,0.8906,-120.762,-610.849,-120.762,0.3369,0.0000,0.9163,0.0000,0.9163,1.0992,0,
16.5212,16.5200,BASELINE_COLLECTION,SWING,0.9063,-121.232,-46.937,-121.232,0.2903,0.0000,0.0704,0.0000,0.0704,0.1269,0,
16.5312,16.5300,BASELINE_COLLECTION,SWING,0.9219,-124.808,-357.605,-124.808,0.2430,0.0000,0.5364,0.0000,0.5364,0.6625,0,
16.5412,16.5400,BASELINE_COLLECTION,SWING,0.9375,-126.767,-195.936,-126.767,0.1951,0.0000,0.2939,0.0000,0.2939,0.3838,0,
16.5511,16.5500,BASELINE_COLLECTION,SWING,0.9531,-129.984,-321.694,-129.984,0.1467,0.0000,0.4825,0.0000,0.4825,0.6006,0,
16.5612,16.5600,BASELINE_COLLECTION,SWING,0.9688,-132.778,-279.436,-132.778,0.0980,0.0000,0.4192,0.0000,0.4192,0.5278,0,
16.5712,16.5700,BASELINE_COLLECTION,SWING,0.9844,-135.721,-294.291,-135.721,0.0491,0.0000,0.4414,0.0000,0.4414,0.5534,0,
16.5819,16.5800,BASELINE_COLLECTION,STANCE,0.0000,-138.335,-261.379,-138.335,0.0000,0.0000,0.3921,0.0000,0.3921,0.4966,0,
16.5911,16.5900,BASELINE_COLLECTION,STANCE,0.0179,-140.196,-186.145,-140.196,0.0000,0.0000,0.2792,0.0000,0.2792,0.3669,0,
16.6012,16.6000,BASELINE_COLLECTION,STANCE,0.0357,-143.388,-319.191,-143.388,0.0000,0.0000,0.4788,0.0000,0.4788,0.5963,0,
16.6112,16.6100,BASELINE_COLLECTION,STANCE,0.0536,-146.042,-265.373,-146.042,0.0000,0.0000,0.3981,0.0000,0.3981,0.5035,0,
16.6212,16.6200,BASELINE_COLLECTION,STANCE,0.0714,-148.329,-228.659,-148.329,0.0000,0.0000,0.3430,0.0000,0.3430,0.4402,0,
16.6311,16.6300,BASELINE_COLLECTION,STANCE,0.0893,-151.036,-270.757,-151.036,0.0000,0.0000,0.4061,0.0000,0.4061,0.5128,0,
16.6410,16.6400,BASELINE_COLLECTION,STANCE,0.1071,-153.651,-261.506,-153.651,0.0000,0.0000,0.3923,0.0000,0.3923,0.4968,0,
16.6510,16.6500,BASELINE_COLLECTION,STANCE,0.1250,-154.936,-128.451,-154.936,0.0000,0.0000,0.1927,0.0000,0.1927,0.2674,0,
16.6612,16.6600,BASELINE_COLLECTION,STANCE,0.1429,-157.760,-282.420,-157.760,0.0000,0.0000,0.4236,0.0000,0.4236,0.5329,0,
16.6711,16.6700,BASELINE_COLLECTION,STANCE,0.1607,-159.773,-201.264,-159.773,0.0000,0.0000,0.3019,0.0000,0.3019,0.3930,0,
16.6805,16.6800,BASELINE_COLLECTION,STANCE,0.1786,-162.400,-262.762,-162.400,0.0000,0.0000,0.3941,0.0000,0.3941,0.4990,0,
16.6905,16.6900,BASELINE_COLLECTION,STANCE,0.1964,-163.379,-97.870,-163.379,0.0000,0.0000,0.1468,0.0000,0.1468,0.2147,0,
16.7010,16.7000,BASELINE_COLLECTION,STANCE,0.2143,-165.436,-205.739,-165.436,0.0000,0.0000,0.3086,0.0000,0.3086,0.4007,0,
16.7111,16.7100,BASELINE_COLLECTION,STANCE,0.2321,-166.653,-121.655,-166.653,0.0000,0.0000,0.1825,0.0000,0.1825,0.2557,0,
16.7212,16.7200,BASELINE_COLLECTION,STANCE,0.2500,-169.431,-277.820,-169.431,0.0000,0.0000,0.4167,0.0000,0.4167,0.5250,0,
16.7312,16.7300,BASELINE_COLLECTION,STANCE,0.2679,-170.371,-94.032,-170.371,0.0000,0.0000,0.1410,0.0000,0.1410,0.2081,0,
16.7412,16.7400,BASELINE_COLLECTION,STANCE,0.2857,-172.763,-239.115,-172.763,0.0000,0.0000,0.3587,0.0000,0.3587,0.4582,0,
16.7511,16.7500,BASELINE_COLLECTION,STANCE,0.3036,-173.045,-28.219,-173.045,0.0000,0.0000,0.0423,0.0000,0.0423,0.0946,0,
16.7609,16.7600,BASELINE_COLLECTION,STANCE,0.3214,-174.501,-145.574,-174.501,0.0000,0.0000,0.2184,0.0000,0.2184,0.2970,0,
16.7710,16.7700,BASELINE_COLLECTION,STANCE,0.3393,-175.128,-62.699,-175.128,0.0000,0.0000,0.0940,0.0000,0.0940,0.1541,0,
16.7812,16.7800,BASELINE_COLLECTION,STANCE,0.3571,-176.336,-120.825,-176.336,0.0000,0.0000,0.1812,0.0000,0.1812,0.2543,0,
16.7911,16.7900,BASELINE_COLLECTION,STANCE,0.3750,-177.014,-67.872,-177.014,0.0000,0.0000,0.1018,0.0000,0.1018,0.1630,0,
16.8012,16.8000,BASELINE_COLLECTION,STANCE,0.3929,-178.216,-120.196,-178.216,0.0000,0.0000,0.1803,0.0000,0.1803,0.2532,0,
16.8111,16.8100,BASELINE_COLLECTION,STANCE,0.4107,-178.241,-2.418,-178.241,0.0000,0.0000,0.0036,0.0000,0.0036,0.0501,0,
16.8212,16.8200,BASELINE_COLLECTION,STANCE,0.4286,-178.323,-8.202,-178.323,0.0000,0.0000,0.0123,0.0000,0.0123,0.0601,0,
16.8311,16.8300,BASELINE_COLLECTION,STANCE,0.4464,-179.135,-81.215,-179.135,0.0000,0.0000,0.1218,0.0000,0.1218,0.1860,0,
16.8412,16.8400,BASELINE_COLLECTION,STANCE,0.4643,-177.837,129.792,-177.837,0.0000,0.0000,-0.1947,0.0000,-0.1947,0.0000,0,
16.8511,16.8500,BASELINE_COLLECTION,STANCE,0.4821,-179.178,-134.099,-179.178,0.0000,0.0000,0.2011,0.0000,0.2011,0.2772,0,
16.8612,16.8600,BASELINE_COLLECTION,STANCE,0.5000,-176.563,261.461,-176.563,0.0000,0.0000,-0.3922,0.0000,-0.3922,0.0000,0,
16.8711,16.8700,BASELINE_COLLECTION,STANCE,0.5179,-177.334,-77.063,-177.334,0.0000,0.0000,0.1156,0.0000,0.1156,0.1788,0,
16.8811,16.8800,BASELINE_COLLECTION,STANCE,0.5357,-175.695,163.869,-175.695,0.0000,0.0000,-0.2458,0.0000,-0.2458,0.0000,0,
16.8911,16.8900,BASELINE_COLLECTION,STANCE,0.5536,-175.098,59.691,-175.098,0.0000,0.0000,-0.0895,0.0000,-0.0895,0.0000,0,
16.9011,16.9000,BASELINE_COLLECTION,STANCE,0.5714,-174.480,61.846,-174.480,0.0000,0.0000,-0.0928,0.0000,-0.0928,0.0000,0,
16.9109,16.9100,BASELINE_COLLECTION,STANCE,0.5893,-174.071,40.899,-174.071,0.0000,0.0000,-0.0613,0.0000,-0.0613,0.0000,0,
16.9209,16.9200,BASELINE_COLLECTION,STANCE,0.6071,-172.166,190.480,-172.166,0.0000,0.0000,-0.2857,0.0000,-0.2857,0.0000,0,
16.9311,16.9300,BASELINE_COLLECTION,STANCE,0.6250,-169.871,229.495,-169.871,0.0000,0.0000,-0.3442,0.0000,-0.3442,0.0000,0,
16.9412,16.9400,BASELINE_COLLECTION,STANCE,0.6429,-169.313,55.820,-169.313,0.0000,0.0000,-0.0837,0.0000,-0.0837,0.0000,0,
16.9511,16.9500,BASELINE_COLLECTION,STANCE,0.6607,-167.685,162.800,-167.685,0.0000,0.0000,-0.2442,0.0000,-0.2442,0.0000,0,
16.9612,16.9600,BASELINE_COLLECTION,STANCE,0.6786,-165.023,266.192,-165.023,0.0000,0.0000,-0.3993,0.0000,-0.3993,0.0000,0,
16.9711,16.9700,BASELINE_COLLECTION,STANCE,0.6964,-162.940,208.290,-162.940,0.0000,0.0000,-0.3124,0.0000,-0.3124,0.0000,0,
16.9814,16.9800,BASELINE_COLLECTION,STANCE,0.7143,-160.996,194.377,-160.996,0.0000,0.0000,-0.2916,0.0000,-0.2916,0.0000,0,
16.9911,16.9900,BASELINE_COLLECTION,STANCE,0.7321,-158.360,263.604,-158.360,0.0000,0.0000,-0.3954,0.0000,-0.3954,0.0000,0,
17.0011,17.0000,BASELINE_COLLECTION,STANCE,0.7500,-155.719,264.112,-155.719,0.0000,0.0000,-0.3962,0.0000,-0.3962,0.0000,0,
17.0111,17.0100,BASELINE_COLLECTION,STANCE,0.7679,-153.058,266.126,-153.058,0.0000,0.0000,-0.3992,0.0000,-0.3992,0.0000,0,
17.0212,17.0200,BASELINE_COLLECTION,STANCE,0.7857,-150.103,295.478,-150.103,0.0000,0.0000,-0.4432,0.0000,-0.4432,0.0000,0,
17.0311,17.0300,BASELINE_COLLECTION,STANCE,0.8036,-147.081,302.188,-147.081,0.0000,0.0000,-0.4533,0.0000,-0.4533,0.0000,0,
17.0411,17.0400,BASELINE_COLLECTION,STANCE,0.8214,-144.335,274.572,-144.335,0.0000,0.0000,-0.4119,0.0000,-0.4119,0.0000,0,
17.0512,17.0500,BASELINE_COLLECTION,STANCE,0.8393,-141.421,291.425,-141.421,0.0000,0.0000,-0.4371,0.0000,-0.4371,0.0000,0,
17.0611,17.0600,BASELINE_COLLECTION,STANCE,0.8571,-137.905,351.627,-137.905,0.0000,0.0000,-0.5274,0.0000,-0.5274,0.0000,0,
17.0711,17.0700,BASELINE_COLLECTION,STANCE,0.8750,-135.120,278.536,-135.120,0.0000,0.0000,-0.4178,0.0000,-0.4178,0.0000,0,
17.0811,17.0800,BASELINE_COLLECTION,STANCE,0.8929,-133.675,144.440,-133.675,0.0000,0.0000,-0.2167,0.0000,-0.2167,0.0000,0,
17.0906,17.0900,BASELINE_COLLECTION,STANCE,0.9107,-129.589,408.599,-129.589,0.0000,0.0000,-0.6129,0.0000,-0.6129,0.0000,0,
17.1014,17.1000,BASELINE_COLLECTION,STANCE,0.9286,-127.000,258.947,-127.000,0.0000,0.0000,-0.3884,0.0000,-0.3884,0.0000,0,
17.1109,17.1100,BASELINE_COLLECTION,STANCE,0.9464,-123.571,342.886,-123.571,0.0000,0.0000,-0.5143,0.0000,-0.5143,0.0000,0,
17.1210,17.1200,BASELINE_COLLECTION,STANCE,0.9643,-119.923,364.756,-119.923,0.0000,0.0000,-0.5471,0.0000,-0.5471,0.0000,0,
17.1311,17.1300,BASELINE_COLLECTION,STANCE,0.9821,-117.269,265.482,-117.269,0.0000,0.0000,-0.3982,0.0000,-0.3982,0.0000,0,
17.1413,17.1400,BASELINE_COLLECTION,SWING,0.0000,-114.345,292.393,-114.345,0.0000,0.0000,-0.4386,0.0000,-0.4386,0.0000,0,
17.1511,17.1500,BASELINE_COLLECTION,SWING,0.0156,-110.670,367.505,-110.670,0.0491,0.0000,-0.5513,0.0000,-0.5513,0.0000,0,
17.1612,17.1600,BASELINE_COLLECTION,SWING,0.0313,-108.868,180.189,-108.868,0.0980,0.0000,-0.2703,0.0000,-0.2703,0.0000,0,
17.1712,17.1700,BASELINE_COLLECTION,SWING,0.0469,-105.429,343.887,-105.429,0.1467,0.0000,-0.5158,0.0000,-0.5158,0.0000,0,
17.1812,17.1800,BASELINE_COLLECTION,SWING,0.0625,-102.361,306.822,-102.361,0.1951,0.0000,-0.4602,0.0000,-0.4602,0.0000,0,
17.1912,17.1900,BASELINE_COLLECTION,SWING,0.0781,-99.831,252.951,-99.831,0.2430,0.0000,-0.3794,0.0000,-0.3794,0.0000,0,
17.2012,17.2000,BASELINE_COLLECTION,SWING,0.0938,-97.646,218.466,-97.646,0.2903,0.0000,-0.3277,0.0000,-0.3277,0.0000,0,
17.2112,17.2100,BASELINE_COLLECTION,SWING,0.1094,-94.618,302.854,-94.618,0.3369,0.0000,-0.4543,0.0000,-0.4543,0.0000,0,
17.2211,17.2200,BASELINE_COLLECTION,SWING,0.1250,-91.808,280.956,-91.808,0.3827,0.0000,-0.4214,0.0000,-0.4214,0.0000,0,
17.2312,17.2300,BASELINE_COLLECTION,SWING,0.1406,-89.613,219.564,-89.613,0.4276,0.0000,-0.3293,0.0000,-0.3293,0.0000,0,
17.2410,17.2400,BASELINE_COLLECTION,SWING,0.1563,-87.361,225.139,-87.361,0.4714,0.0000,-0.3377,0.0000,-0.3377,0.0000,0,
17.2511,17.2500,BASELINE_COLLECTION,SWING,0.1719,-85.213,214.817,-85.213,0.5141,0.0000,-0.3222,0.0000,-0.3222,0.0000,0,
17.2611,17.2600,BASELINE_COLLECTION,SWING,0.1875,-83.251,196.232,-83.251,0.5556,0.0000,-0.2943,0.0000,-0.2943,0.0000,0,
17.2711,17.2700,BASELINE_COLLECTION,SWING,0.2031,-81.897,135.388,-81.897,0.5957,0.0000,-0.2031,0.0000,-0.2031,0.0000,0,
17.2810,17.2800,BASELINE_COLLECTION,SWING,0.2188,-79.752,214.519,-79.752,0.6344,0.0000,-0.3218,0.0000,-0.3218,0.0000,0,
17.2911,17.2900,BASELINE_COLLECTION,SWING,0.2344,-77.820,193.119,-77.820,0.6716,0.0000,-0.2897,0.0000,-0.2897,0.0000,0,
17.3012,17.3000,BASELINE_COLLECTION,SWING,0.2500,-77.745,7.537,-77.745,0.7071,0.0000,-0.0113,0.0000,-0.0113,0.0000,0,
17.3112,17.3100,BASELINE_COLLECTION,SWING,0.2656,-74.849,289.628,-74.849,0.7410,0.0000,-0.4344,0.0000,-0.4344,0.0000,0,
17.3212,17.3200,BASELINE_COLLECTION,SWING,0.2813,-73.819,103.002,-73.819,0.7730,0.0000,-0.1545,0.0000,-0.1545,0.0000,0,
17.3311,17.3300,BASELINE_COLLECTION,SWING,0.2969,-73.343,47.624,-73.343,0.8032,0.0000,-0.0714,0.0000,-0.0714,0.0000,0,
17.3412,17.3400,BASELINE_COLLECTION,SWING,0.3125,-72.319,102.404,-72.319,0.8315,0.0000,-0.1536,0.0000,-0.1536,0.0000,0,
17.3511,17.3500,BASELINE_COLLECTION,SWING,0.3281,-71.371,94.744,-71.371,0.8577,0.0000,-0.1421,0.0000,-0.1421,0.0000,0,
17.3610,17.3600,BASELINE_COLLECTION,SWING,0.3438,-70.554,81.682,-70.554,0.8819,0.0000,-0.1225,0.0000,-0.1225,0.0000,0,
17.3712,17.3700,BASELINE_COLLECTION,SWING,0.3594,-70.462,9.279,-70.462,0.9040,0.0000,-0.0139,0.0000,-0.0139,0.0000,0,
17.3813,17.3800,BASELINE_COLLECTION,SWING,0.3750,-69.601,86.090,-69.601,0.9239,0.0000,-0.1291,0.0000,-0.1291,0.0000,0,
17.3912,17.3900,BASELINE_COLLECTION,SWING,0.3906,-69.822,-22.106,-69.822,0.9415,0.0000,0.0332,0.0000,0.0332,0.0841,0,
17.4012,17.4000,BASELINE_COLLECTION,SWING,0.4063,-69.990,-16.840,-69.990,0.9569,0.0000,0.0253,0.0000,0.0253,0.0750,0,
17.4112,17.4100,BASELINE_COLLECTION,SWING,0.4219,-69.806,18.446,-69.806,0.9700,0.0000,-0.0277,0.0000,-0.0277,0.0000,0,
17.4212,17.4200,BASELINE_COLLECTION,SWING,0.4375,-70.020,-21.412,-70.020,0.9808,0.0000,0.0321,0.0000,0.0321,0.0829,0,
17.4312,17.4300,BASELINE_COLLECTION,SWING,0.4531,-70.076,-5.630,-70.076,0.9892,0.0000,0.0084,0.0000,0.0084,0.0557,0,
17.4413,17.4400,BASELINE_COLLECTION,SWING,0.4688,-70.678,-60.182,-70.678,0.9952,0.0000,0.0903,0.0000,0.0903,0.1497,0,
17.4512,17.4500,BASELINE_COLLECTION,SWING,0.4844,-71.306,-62.802,-71.306,0.9988,0.0000,0.0942,0.0000,0.0942,0.1543,0,
17.4612,17.4600,BASELINE_COLLECTION,SWING,0.5000,-71.727,-42.091,-71.727,1.0000,0.0000,0.0631,0.0000,0.0631,0.1185,0,
17.4712,17.4700,BASELINE_COLLECTION,SWING,0.5156,-72.700,-97.309,-72.700,0.9988,0.0000,0.1460,0.0000,0.1460,0.2138,0,
17.4812,17.4800,BASELINE_COLLECTION,SWING,0.5313,-73.002,-30.230,-73.002,0.9952,0.0000,0.0453,0.0000,0.0453,0.0981,0,
17.4912,17.4900,BASELINE_COLLECTION,SWING,0.5469,-75.140,-213.812,-75.140,0.9892,0.0000,0.3207,0.0000,0.3207,0.4146,0,
17.5012,17.5000,BASELINE_COLLECTION,SWING,0.5625,-74.584,55.620,-74.584,0.9808,0.0000,-0.0834,0.0000,-0.0834,0.0000,0,
17.5112,17.5100,BASELINE_COLLECTION,SWING,0.5781,-77.916,-333.174,-77.916,0.9700,0.0000,0.4998,0.0000,0.4998,0.6204,0,
17.5212,17.5200,BASELINE_COLLECTION,SWING,0.5938,-76.494,142.174,-76.494,0.9569,0.0000,-0.2133,0.0000,-0.2133,0.0000,0,
17.5312,17.5300,BASELINE_COLLECTION,SWING,0.6094,-79.399,-290.488,-79.399,0.9415,0.0000,0.4357,0.0000,0.4357,0.5468,0,
17.5412,17.5400,BASELINE_COLLECTION,SWING,0.6250,-79.788,-38.923,-79.788,0.9239,0.0000,0.0584,0.0000,0.0584,0.1131,0,
17.5512,17.5500,BASELINE_COLLECTION,SWING,0.6406,-83.303,-351.478,-83.303,0.9040,0.0000,0.5272,0.0000,0.5272,0.6520,0,
17.5613,17.5600,BASELINE_COLLECTION,SWING,0.6563,-82.017,128.569,-82.017,0.8819,0.0000,-0.1929,0.0000,-0.1929,0.0000,0,
17.5712,17.5700,BASELINE_COLLECTION,SWING,0.6719,-85.904,-388.709,-85.904,0.8577,0.0000,0.5831,0.0000,0.5831,0.7162,0,
17.5812,17.5800,BASELINE_COLLECTION,SWING,0.6875,-86.471,-56.705,-86.471,0.8315,0.0000,0.0851,0.0000,0.0851,0.1437,0,
17.5912,17.5900,BASELINE_COLLECTION,SWING,0.7031,-89.575,-310.317,-89.575,0.8032,0.0000,0.4655,0.0000,0.4655,0.5810,0,
17.6011,17.6000,BASELINE_COLLECTION,SWING,0.7188,-91.367,-179.247,-91.367,0.7730,0.0000,0.2689,0.0000,0.2689,0.3550,0,
17.6111,17.6100,BASELINE_COLLECTION,SWING,0.7344,-93.336,-196.884,-93.336,0.7410,0.0000,0.2953,0.0000,0.2953,0.3854,0,
17.6212,17.6200,BASELINE_COLLECTION,SWING,0.7500,-95.424,-208.791,-95.424,0.7071,0.0000,0.3132,0.0000,0.3132,0.4060,0,
17.6312,17.6300,BASELINE_COLLECTION,SWING,0.7656,-99.035,-361.118,-99.035,0.6716,0.0000,0.5417,0.0000,0.5417,0.6686,0,
17.6413,17.6400,BASELINE_COLLECTION,SWING,0.7813,-98.871,16.370,-98.871,0.6344,0.0000,-0.0246,0.0000,-0.0246,0.0000,0,
17.6512,17.6500,BASELINE_COLLECTION,SWING,0.7969,-104.884,-601.275,-104.884,0.5957,0.0000,0.9019,0.0000,0.9019,1.0827,0,
17.6612,17.6600,BASELINE_COLLECTION,SWING,0.8125,-103.884,99.981,-103.884,0.5556,0.0000,-0.1500,0.0000,-0.1500,0.0000,0,
17.6712,17.6700,BASELINE_COLLECTION,SWING,0.8281,-109.587,-570.267,-109.587,0.5141,0.0000,0.8554,0.0000,0.8554,1.0292,0,
17.6812,17.6800,BASELINE_COLLECTION,SWING,0.8438,-109.095,49.192,-109.095,0.4714,0.0000,-0.0738,0.0000,-0.0738,0.0000,0,
17.6912,17.6900,BASELINE_COLLECTION,SWING,0.8594,-114.970,-587.497,-114.970,0.4276,0.0000,0.8812,0.0000,0.8812,1.0589,0,
17.7010,17.7000,BASELINE_COLLECTION,SWING,0.8750,-114.713,25.684,-114.713,0.3827,0.0000,-0.0385,0.0000,-0.0385,0.0000,0,
17.7109,17.7100,BASELINE_COLLECTION,SWING,0.8906,-119.869,-515.559,-119.869,0.3369,0.0000,0.7733,0.0000,0.7733,0.9349,0,
17.7208,17.7200,BASELINE_COLLECTION,SWING,0.9063,-120.698,-82.939,-120.698,0.2903,0.0000,0.1244,0.0000,0.1244,0.1890,0,
17.7312,17.7300,BASELINE_COLLECTION,SWING,0.9219,-124.959,-426.139,-124.959,0.2430,0.0000,0.6392,0.0000,0.6392,0.7807,0,
17.7412,17.7400,BASELINE_COLLECTION,SWING,0.9375,-125.927,-96.754,-125.927,0.1951,0.0000,0.1451,0.0000,0.1451,0.2128,0,
17.7511,17.7500,BASELINE_COLLECTION,SWING,0.9531,-131.097,-517.037,-131.097,0.1467,0.0000,0.7756,0.0000,0.7756,0.9374,0,
17.7612,17.7600,BASELINE_COLLECTION,SWING,0.9688,-131.730,-63.224,-131.730,0.0980,0.0000,0.0948,0.0000,0.0948,0.1550,0,
17.7711,17.7700,BASELINE_COLLECTION,SWING,0.9844,-135.786,-405.608,-135.786,0.0491,0.0000,0.6084,0.0000,0.6084,0.7453,0,
17.7819,17.7800,BASELINE_COLLECTION,STANCE,0.0000,-137.548,-176.224,-137.548,0.0000,0.0000,0.2643,0.0000,0.2643,0.3498,0,
17.7906,17.7900,BASELINE_COLLECTION,STANCE,0.0179,-141.181,-363.256,-141.181,0.0000,0.0000,0.5449,0.0000,0.5449,0.6723,0,
17.8011,17.8000,BASELINE_COLLECTION,STANCE,0.0357,-142.503,-132.275,-142.503,0.0000,0.0000,0.1984,0.0000,0.1984,0.2740,0,
17.8111,17.8100,BASELINE_COLLECTION,STANCE,0.0536,-146.447,-394.375,-146.447,0.0000,0.0000,0.5916,0.0000,0.5916,0.7259,0,
17.8211,17.8200,BASELINE_COLLECTION,STANCE,0.0714,-147.405,-95.787,-147.405,0.0000,0.0000,0.1437,0.0000,0.1437,0.2111,0,
17.8311,17.8300,BASELINE_COLLECTION,STANCE,0.0893,-151.327,-392.255,-151.327,0.0000,0.0000,0.5884,0.0000,0.5884,0.7223,0,
17.8410,17.8400,BASELINE_COLLECTION,STANCE,0.1071,-152.489,-116.168,-152.489,0.0000,0.0000,0.1743,0.0000,0.1743,0.2463,0,
17.8511,17.8500,BASELINE_COLLECTION,STANCE,0.1250,-155.793,-330.376,-155.793,0.0000,0.0000,0.4956,0.0000,0.4956,0.6156,0,
17.8612,17.8600,BASELINE_COLLECTION,STANCE,0.1429,-156.715,-92.190,-156.715,0.0000,0.0000,0.1383,0.0000,0.1383,0.2049,0,
17.8711,17.8700,BASELINE_COLLECTION,STANCE,0.1607,-159.839,-312.461,-159.839,0.0000,0.0000,0.4687,0.0000,0.4687,0.5847,0,
17.8812,17.8800,BASELINE_COLLECTION,STANCE,0.1786,-161.596,-175.626,-161.596,0.0000,0.0000,0.2634,0.0000,0.2634,0.3488,0,
17.8911,17.8900,BASELINE_COLLECTION,STANCE,0.1964,-164.153,-255.782,-164.153,0.0000,0.0000,0.3837,0.0000,0.3837,0.4870,0,
17.9011,17.9000,BASELINE_COLLECTION,STANCE,0.2143,-165.697,-154.344,-165.697,0.0000,0.0000,0.2315,0.0000,0.2315,0.3121,0,
17.9111,17.9100,BASELINE_COLLECTION,STANCE,0.2321,-168.030,-233.270,-168.030,0.0000,0.0000,0.3499,0.0000,0.3499,0.4482,0,
17.9211,17.9200,BASELINE_COLLECTION,STANCE,0.2500,-168.779,-74.966,-168.779,0.0000,0.0000,0.1124,0.0000,0.1124,0.1752,0,
17.9311,17.9300,BASELINE_COLLECTION,STANCE,0.2679,-170.955,-217.602,-170.955,0.0000,0.0000,0.3264,0.0000,0.3264,0.4212,0,
17.9411,17.9400,BASELINE_COLLECTION,STANCE,0.2857,-171.481,-52.559,-171.481,0.0000,0.0000,0.0788,0.0000,0.0788,0.1366,0,
17.9511,17.9500,BASELINE_COLLECTION,STANCE,0.3036,-174.242,-276.079,-174.242,0.0000,0.0000,0.4141,0.0000,0.4141,0.5220,0,
17.9612,17.9600,BASELINE_COLLECTION,STANCE,0.3214,-172.823,141.901,-172.823,0.0000,0.0000,-0.2129,0.0000,-0.2129,0.0000,0,
17.9711,17.9700,BASELINE_COLLECTION,STANCE,0.3393,-175.244,-242.086,-175.244,0.0000,0.0000,0.3631,0.0000,0.3631,0.4634,0,
17.9812,17.9800,BASELINE_COLLECTION,STANCE,0.3571,-174.885,35.875,-174.885,0.0000,0.0000,-0.0538,0.0000,-0.0538,0.0000,0,
17.9911,17.9900,BASELINE_COLLECTION,STANCE,0.3750,-177.378,-249.335,-177.378,0.0000,0.0000,0.3740,0.0000,0.3740,0.4759,0,
18.0012,18.0000,BASELINE_COLLECTION,STANCE,0.3929,-176.264,111.439,-176.264,0.0000,0.0000,-0.1672,0.0000,-0.1672,0.0000,0,
18.0111,18.0100,BASELINE_COLLECTION,STANCE,0.4107,-178.087,-182.301,-178.087,0.0000,0.0000,0.2735,0.0000,0.2735,0.3603,0,
18.0212,18.0200,BASELINE_COLLECTION,STANCE,0.4286,-176.390,169.654,-176.390,0.0000,0.0000,-0.2545,0.0000,-0.2545,0.0000,0,
18.0311,18.0300,BASELINE_COLLECTION,STANCE,0.4464,-178.362,-197.224,-178.362,0.0000,0.0000,0.2958,0.0000,0.2958,0.3860,0,
18.0412,18.0400,BASELINE_COLLECTION,STANCE,0.4643,-176.805,155.700,-176.805,0.0000,0.0000,-0.2336,0.0000,-0.2336,0.0000,0,
18.0511,18.0500,BASELINE_COLLECTION,STANCE,0.4821,-176.473,33.266,-176.473,0.0000,0.0000,-0.0499,0.0000,-0.0499,0.0000,0,
18.0612,18.0600,BASELINE_COLLECTION,STANCE,0.5000,-176.175,29.760,-176.175,0.0000,0.0000,-0.0446,0.0000,-0.0446,0.0000,0,
18.0711,18.0700,BASELINE_COLLECTION,STANCE,0.5179,-177.045,-86.968,-177.045,0.0000,0.0000,0.1305,0.0000,0.1305,0.1959,0,
18.0812,18.0800,BASELINE_COLLECTION,STANCE,0.5357,-175.818,122.713,-175.818,0.0000,0.0000,-0.1841,0.0000,-0.1841,0.0000,0,
18.0911,18.0900,BASELINE_COLLECTION,STANCE,0.5536,-176.074,-25.580,-176.074,0.0000,0.0000,0.0384,0.0000,0.0384,0.0901,0,
18.1010,18.1000,BASELINE_COLLECTION,STANCE,0.5714,-173.132,294.202,-173.132,0.0000,0.0000,-0.4413,0.0000,-0.4413,0.0000,0,
18.1110,18.1100,BASELINE_COLLECTION,STANCE,0.5893,-172.678,45.400,-172.678,0.0000,0.0000,-0.0681,0.0000,-0.0681,0.0000,0,
18.1211,18.1200,BASELINE_COLLECTION,STANCE,0.6071,-172.317,36.092,-172.317,0.0000,0.0000,-0.0541,0.0000,-0.0541,0.0000,0,
18.1311,18.1300,BASELINE_COLLECTION,STANCE,0.6250,-169.770,254.695,-169.770,0.0000,0.0000,-0.3820,0.0000,-0.3820,0.0000,0,
18.1412,18.1400,BASELINE_COLLECTION,STANCE,0.6429,-168.236,153.399,-168.236,0.0000,0.0000,-0.2301,0.0000,-0.2301,0.0000,0,
18.1511,18.1500,BASELINE_COLLECTION,STANCE,0.6607,-166.808,142.768,-166.808,0.0000,0.0000,-0.2142,0.0000,-0.2142,0.0000,0,
18.1612,18.1600,BASELINE_COLLECTION,STANCE,0.6786,-164.910,189.814,-164.910,0.0000,0.0000,-0.2847,0.0000,-0.2847,0.0000,0,
18.1711,18.1700,BASELINE_COLLECTION,STANCE,0.6964,-162.264,264.626,-162.264,0.0000,0.0000,-0.3969,0.0000,-0.3969,0.0000,0,
18.1812,18.1800,BASELINE_COLLECTION,STANCE,0.7143,-160.192,207.169,-160.192,0.0000,0.0000,-0.3108,0.0000,-0.3108,0.0000,0,
18.1911,18.1900,BASELINE_COLLECTION,STANCE,0.7321,-157.694,249.833,-157.694,0.0000,0.0000,-0.3747,0.0000,-0.3747,0.0000,0,
18.2010,18.2000,BASELINE_COLLECTION,STANCE,0.7500,-154.885,280.830,-154.885,0.0000,0.0000,-0.4212,0.0000,-0.4212,0.0000,0,
18.2111,18.2100,BASELINE_COLLECTION,STANCE,0.7679,-152.282,260.293,-152.282,0.0000,0.0000,-0.3904,0.0000,-0.3904,0.0000,0,
18.2211,18.2200,BASELINE_COLLECTION,STANCE,0.7857,-149.747,253.580,-149.747,0.0000,0.0000,-0.3804,0.0000,-0.3804,0.0000,0,
18.2312,18.2300,BASELINE_COLLECTION,STANCE,0.8036,-147.026,272.043,-147.026,0.0000,0.0000,-0.4081,0.0000,-0.4081,0.0000,0,
18.2404,18.2400,BASELINE_COLLECTION,STANCE,0.8214,-144.910,211.599,-144.910,0.0000,0.0000,-0.3174,0.0000,-0.3174,0.0000,0,
18.2511,18.2500,BASELINE_COLLECTION,STANCE,0.8393,-141.923,298.672,-141.923,0.0000,0.0000,-0.4480,0.0000,-0.4480,0.0000,0,
18.2612,18.2600,BASELINE_COLLECTION,STANCE,0.8571,-138.178,374.502,-138.178,0.0000,0.0000,-0.5618,0.0000,-0.5618,0.0000,0,
18.2711,18.2700,BASELINE_COLLECTION,STANCE,0.8750,-135.236,294.239,-135.236,0.0000,0.0000,-0.4414,0.0000,-0.4414,0.0000,0,
18.2811,18.2800,BASELINE_COLLECTION,STANCE,0.8929,-132.247,298.866,-132.247,0.0000,0.0000,-0.4483,0.0000,-0.4483,0.0000,0,
18.2910,18.2900,BASELINE_COLLECTION,STANCE,0.9107,-129.059,318.847,-129.059,0.0000,0.0000,-0.4783,0.0000,-0.4783,0.0000,0,
18.3011,18.3000,BASELINE_COLLECTION,STANCE,0.9286,-126.548,251.133,-126.548,0.0000,0.0000,-0.3767,0.0000,-0.3767,0.0000,0,
18.3111,18.3100,BASELINE_COLLECTION,STANCE,0.9464,-123.031,351.638,-123.031,0.0000,0.0000,-0.5275,0.0000,-0.5275,0.0000,0,
18.3210,18.3200,BASELINE_COLLECTION,STANCE,0.9643,-120.594,243.747,-120.594,0.0000,0.0000,-0.3656,0.0000,-0.3656,0.0000,0,
18.3311,18.3300,BASELINE_COLLECTION,STANCE,0.9821,-117.133,346.028,-117.133,0.0000,0.0000,-0.5190,0.0000,-0.5190,0.0000,0,
18.3412,18.3400,BASELINE_COLLECTION,SWING,0.0000,-113.775,335.810,-113.775,0.0000,0.0000,-0.5037,0.0000,-0.5037,0.0000,0,
18.3512,18.3500,BASELINE_COLLECTION,SWING,0.0156,-111.444,233.135,-111.444,0.0491,0.0000,-0.3497,0.0000,-0.3497,0.0000,0,
18.3612,18.3600,BASELINE_COLLECTION,SWING,0.0312,-107.465,397.939,-107.465,0.0980,0.0000,-0.5969,0.0000,-0.5969,0.0000,0,
18.3711,18.3700,BASELINE_COLLECTION,SWING,0.0469,-104.920,254.495,-104.920,0.1467,0.0000,-0.3817,0.0000,-0.3817,0.0000,0,
18.3812,18.3800,BASELINE_COLLECTION,SWING,0.0625,-102.015,290.429,-102.015,0.1951,0.0000,-0.4356,0.0000,-0.4356,0.0000,0,
18.3912,18.3900,BASELINE_COLLECTION,SWING,0.0781,-99.911,210.418,-99.911,0.2430,0.0000,-0.3156,0.0000,-0.3156,0.0000,0,
18.4012,18.4000,BASELINE_COLLECTION,SWING,0.0938,-97.724,218.686,-97.724,0.2903,0.0000,-0.3280,0.0000,-0.3280,0.0000,0,
18.4112,18.4100,BASELINE_COLLECTION,SWING,0.1094,-94.877,284.694,-94.877,0.3369,0.0000,-0.4270,0.0000,-0.4270,0.0000,0,
18.4212,18.4200,BASELINE_COLLECTION,SWING,0.1250,-91.901,297.635,-91.901,0.3827,0.0000,-0.4465,0.0000,-0.4465,0.0000,0,
18.4312,18.4300,BASELINE_COLLECTION,SWING,0.1406,-89.859,204.235,-89.859,0.4276,0.0000,-0.3064,0.0000,-0.3064,0.0000,0,
18.4412,18.4400,BASELINE_COLLECTION,SWING,0.1562,-87.192,266.636,-87.192,0.4714,0.0000,-0.4000,0.0000,-0.4000,0.0000,0,
18.4512,18.4500,BASELINE_COLLECTION,SWING,0.1719,-85.269,192.302,-85.269,0.5141,0.0000,-0.2885,0.0000,-0.2885,0.0000,0,
18.4612,18.4600,BASELINE_COLLECTION,SWING,0.1875,-83.535,173.436,-83.535,0.5556,0.0000,-0.2602,0.0000,-0.2602,0.0000,0,
18.4712,18.4700,BASELINE_COLLECTION,SWING,0.2031,-81.022,251.336,-81.022,0.5957,0.0000,-0.3770,0.0000,-0.3770,0.0000,0,
18.4812,18.4800,BASELINE_COLLECTION,SWING,0.2188,-79.083,193.873,-79.083,0.6344,0.0000,-0.2908,0.0000,-0.2908,0.0000,0,
18.4912,18.4900,BASELINE_COLLECTION,SWING,0.2344,-78.282,80.112,-78.282,0.6716,0.0000,-0.1202,0.0000,-0.1202,0.0000,0,
18.5013,18.5000,BASELINE_COLLECTION,SWING,0.2500,-76.291,199.065,-76.291,0.7071,0.0000,-0.2986,0.0000,-0.2986,0.0000,0,
18.5112,18.5100,BASELINE_COLLECTION,SWING,0.2656,-75.086,120.506,-75.086,0.7410,0.0000,-0.1808,0.0000,-0.1808,0.0000,0,
18.5212,18.5200,BASELINE_COLLECTION,SWING,0.2812,-73.839,124.727,-73.839,0.7730,0.0000,-0.1871,0.0000,-0.1871,0.0000,0,
18.5312,18.5300,BASELINE_COLLECTION,SWING,0.2969,-72.948,89.056,-72.948,0.8032,0.0000,-0.1336,0.0000,-0.1336,0.0000,0,
18.5413,18.5400,BASELINE_COLLECTION,SWING,0.3125,-72.519,42.919,-72.519,0.8315,0.0000,-0.0644,0.0000,-0.0644,0.0000,0,
18.5511,18.5500,BASELINE_COLLECTION,SWING,0.3281,-70.724,179.507,-70.724,0.8577,0.0000,-0.2693,0.0000,-0.2693,0.0000,0,
18.5610,18.5600,BASELINE_COLLECTION,SWING,0.3438,-71.135,-41.156,-71.135,0.8819,0.0000,0.0617,0.0000,0.0617,0.1169,0,
18.5712,18.5700,BASELINE_COLLECTION,SWING,0.3594,-70.109,102.638,-70.109,0.9040,0.0000,-0.1540,0.0000,-0.1540,0.0000,0,
18.5812,18.5800,BASELINE_COLLECTION,SWING,0.3750,-69.319,79.049,-69.319,0.9239,0.0000,-0.1186,0.0000,-0.1186,0.0000,0,
18.5912,18.5900,BASELINE_COLLECTION,SWING,0.3906,-69.486,-16.722,-69.486,0.9415,0.0000,0.0251,0.0000,0.0251,0.0748,0,
18.6012,18.6000,BASELINE_COLLECTION,SWING,0.4062,-69.659,-17.296,-69.659,0.9569,0.0000,0.0259,0.0000,0.0259,0.0758,0,
18.6111,18.6100,BASELINE_COLLECTION,SWING,0.4219,-69.581,7.802,-69.581,0.9700,0.0000,-0.0117,0.0000,-0.0117,0.0000,0,
18.6212,18.6200,BASELINE_COLLECTION,SWING,0.4375,-69.910,-32.927,-69.910,0.9808,0.0000,0.0494,0.0000,0.0494,0.1027,0,
18.6311,18.6300,BASELINE_COLLECTION,SWING,0.4531,-70.215,-30.531,-70.215,0.9892,0.0000,0.0458,0.0000,0.0458,0.0986,0,
18.6412,18.6400,BASELINE_COLLECTION,SWING,0.4688,-70.201,1.398,-70.201,0.9952,0.0000,-0.0021,0.0000,-0.0021,0.0000,0,
18.6512,18.6500,BASELINE_COLLECTION,SWING,0.4844,-72.004,-180.264,-72.004,0.9988,0.0000,0.2704,0.0000,0.2704,0.3568,0,
18.6612,18.6600,BASELINE_COLLECTION,SWING,0.5000,-70.929,107.504,-70.929,1.0000,0.0000,-0.1613,0.0000,-0.1613,0.0000,0,
18.6711,18.6700,BASELINE_COLLECTION,SWING,0.5156,-72.006,-107.726,-72.006,0.9988,0.0000,0.1616,0.0000,0.1616,0.2317,0,
18.6810,18.6800,BASELINE_COLLECTION,SWING,0.5312,-73.103,-109.679,-73.103,0.9952,0.0000,0.1645,0.0000,0.1645,0.2351,0,
18.6910,18.6900,BASELINE_COLLECTION,SWING,0.5469,-74.327,-122.418,-74.327,0.9892,0.0000,0.1836,0.0000,0.1836,0.2570,0,
18.7004,18.7000,BASELINE_COLLECTION,SWING,0.5625,-75.172,-84.490,-75.172,0.9808,0.0000,0.1267,0.0000,0.1267,0.1916,0,
18.7105,18.7100,BASELINE_COLLECTION,SWING,0.5781,-76.307,-113.542,-76.307,0.9700,0.0000,0.1703,0.0000,0.1703,0.2417,0,
18.7212,18.7200,BASELINE_COLLECTION,SWING,0.5938,-77.954,-164.648,-77.954,0.9569,0.0000,0.2470,0.0000,0.2470,0.3299,0,
18.7312,18.7300,BASELINE_COLLECTION,SWING,0.6094,-78.366,-41.208,-78.366,0.9415,0.0000,0.0618,0.0000,0.0618,0.1170,0,
18.7412,18.7400,BASELINE_COLLECTION,SWING,0.6250,-81.978,-361.206,-81.978,0.9239,0.0000,0.5418,0.0000,0.5418,0.6687,0,
18.7512,18.7500,BASELINE_COLLECTION,SWING,0.6406,-80.466,151.237,-80.466,0.9040,0.0000,-0.2269,0.0000,-0.2269,0.0000,0,
18.7612,18.7600,BASELINE_COLLECTION,SWING,0.6562,-85.346,-488.010,-85.346,0.8819,0.0000,0.7320,0.0000,0.7320,0.8874,0,
18.7712,18.7700,BASELINE_COLLECTION,SWING,0.6719,-83.779,156.689,-83.779,0.8577,0.0000,-0.2350,0.0000,-0.2350,0.0000,0,
18.7810,18.7800,BASELINE_COLLECTION,SWING,0.6875,-88.074,-429.461,-88.074,0.8315,0.0000,0.6442,0.0000,0.6442,0.7864,0,
18.7911,18.7900,BASELINE_COLLECTION,SWING,0.7031,-87.432,64.164,-87.432,0.8032,0.0000,-0.0962,0.0000,-0.0962,0.0000,0,
18.8011,18.8000,BASELINE_COLLECTION,SWING,0.7188,-92.268,-483.650,-92.268,0.7730,0.0000,0.7255,0.0000,0.7255,0.8799,0,
18.8111,18.8100,BASELINE_COLLECTION,SWING,0.7344,-92.381,-11.266,-92.381,0.7410,0.0000,0.0169,0.0000,0.0169,0.0654,0,
18.8212,18.8200,BASELINE_COLLECTION,SWING,0.7500,-96.265,-388.354,-96.265,0.7071,0.0000,0.5825,0.0000,0.5825,0.7156,0,
18.8312,18.8300,BASELINE_COLLECTION,SWING,0.7656,-97.344,-107.970,-97.344,0.6716,0.0000,0.1620,0.0000,0.1620,0.2321,0,
18.8412,18.8400,BASELINE_COLLECTION,SWING,0.7812,-101.553,-420.828,-101.553,0.6344,0.0000,0.6312,0.0000,0.6312,0.7715,0,
18.8512,18.8500,BASELINE_COLLECTION,SWING,0.7969,-101.634,-8.117,-101.634,0.5957,0.0000,0.0122,0.0000,0.0122,0.0600,0,
18.8612,18.8600,BASELINE_COLLECTION,SWING,0.8125,-107.425,-579.156,-107.425,0.5556,0.0000,0.8687,0.0000,0.8687,1.0445,0,
18.8712,18.8700,BASELINE_COLLECTION,SWING,0.8281,-105.865,156.045,-105.865,0.5141,0.0000,-0.2341,0.0000,-0.2341,0.0000,0,
18.8813,18.8800,BASELINE_COLLECTION,SWING,0.8438,-111.643,-577.783,-111.643,0.4714,0.0000,0.8667,0.0000,0.8667,1.0422,0,
18.8911,18.8900,BASELINE_COLLECTION,SWING,0.8594,-111.175,46.775,-111.175,0.4276,0.0000,-0.0702,0.0000,-0.0702,0.0000,0,
18.9013,18.9000,BASELINE_COLLECTION,SWING,0.8750,-117.104,-592.880,-117.104,0.3827,0.0000,0.8893,0.0000,0.8893,1.0682,0,
18.9112,18.9100,BASELINE_COLLECTION,SWING,0.8906,-117.204,-10.053,-117.204,0.3369,0.0000,0.0151,0.0000,0.0151,0.0633,0,
18.9211,18.9200,BASELINE_COLLECTION,SWING,0.9062,-121.721,-451.661,-121.721,0.2903,0.0000,0.6775,0.0000,0.6775,0.8247,0,
18.9311,18.9300,BASELINE_COLLECTION,SWING,0.9219,-123.473,-175.186,-123.473,0.2430,0.0000,0.2628,0.0000,0.2628,0.3480,0,
18.9412,18.9400,BASELINE_COLLECTION,SWING,0.9375,-127.537,-406.432,-127.537,0.1951,0.0000,0.6096,0.0000,0.6096,0.7467,0,
18.9511,18.9500,BASELINE_COLLECTION,SWING,0.9531,-128.642,-110.484,-128.642,0.1467,0.0000,0.1657,0.0000,0.1657,0.2365,0,
18.9613,18.9600,BASELINE_COLLECTION,SWING,0.9688,-133.350,-470.793,-133.350,0.0980,0.0000,0.7062,0.0000,0.7062,0.8577,0,
18.9712,18.9700,BASELINE_COLLECTION,SWING,0.9844,-133.873,-52.288,-133.873,0.0491,0.0000,0.0784,0.0000,0.0784,0.1361,0,
18.9819,18.9800,BASELINE_COLLECTION,STANCE,0.0000,-137.925,-405.179,-137.925,0.0000,0.0000,0.6078,0.0000,0.6078,0.7446,0,
18.9909,18.9900,MODEL_BUILDING,STANCE,0.0179,-139.557,-163.230,-139.557,0.0000,0.0000,0.2448,0.0000,0.2448,0.3274,0,
19.0010,19.0000,MODEL_BUILDING,STANCE,0.0357,-143.438,-388.070,-143.438,0.0000,0.0000,0.5821,0.0000,0.5821,0.7151,0,
19.0110,19.0100,MODEL_BUILDING,STANCE,0.0536,-144.993,-155.568,-144.993,0.0000,0.0000,0.2334,0.0000,0.2334,0.3142,0,
19.0219,19.0200,MODEL_BUILDING,STANCE,0.0714,-148.459,-346.580,-148.459,0.0000,0.0000,0.5199,0.0000,0.5199,0.6435,0,
19.0309,19.0300,MODEL_BUILDING,STANCE,0.0893,-150.234,-177.498,-150.234,0.0000,0.0000,0.2662,0.0000,0.2662,0.3520,0,
19.0453,19.0400,MODEL_BUILDING,STANCE,0.1071,-152.831,-259.695,-152.831,0.0000,0.0000,0.3895,0.0000,0.3895,0.4937,0,
19.0530,19.0500,MODEL_BUILDING,STANCE,0.1250,-155.164,-233.273,-155.164,0.0000,0.0000,0.3499,0.0000,0.3499,0.4482,0,
19.0605,19.0600,MODEL_BUILDING,STANCE,0.1429,-157.477,-231.305,-157.477,0.0000,0.0000,0.3470,0.0000,0.3470,0.4448,0,
19.0711,19.0700,MODEL_BUILDING,STANCE,0.1607,-159.306,-182.941,-159.306,0.0000,0.0000,0.2744,0.0000,0.2744,0.3614,0,
19.0804,19.0800,MODEL_BUILDING,STANCE,0.1786,-162.550,-324.346,-162.550,0.0000,0.0000,0.4865,0.0000,0.4865,0.6052,0,
19.0914,19.0900,MODEL_BUILDING,STANCE,0.1964,-161.939,61.017,-161.939,0.0000,0.0000,-0.0915,0.0000,-0.0915,0.0000,0,
19.1004,19.1000,MODEL_BUILDING,STANCE,0.2143,-166.230,-429.011,-166.230,0.0000,0.0000,0.6435,0.0000,0.6435,0.7857,0,
19.1104,19.1100,MODEL_BUILDING,STANCE,0.2321,-166.694,-46.430,-166.694,0.0000,0.0000,0.0696,0.0000,0.0696,0.1260,0,
19.1204,19.1200,MODEL_BUILDING,STANCE,0.2500,-168.895,-220.076,-168.895,0.0000,0.0000,0.3301,0.0000,0.3301,0.4254,0,
19.1305,19.1300,MODEL_BUILDING,STANCE,0.2679,-170.448,-155.297,-170.448,0.0000,0.0000,0.2329,0.0000,0.2329,0.3137,0,
19.1404,19.1400,MODEL_BUILDING,STANCE,0.2857,-171.635,-118.714,-171.635,0.0000,0.0000,0.1781,0.0000,0.1781,0.2507,0,
19.1504,19.1500,MODEL_BUILDING,STANCE,0.3036,-173.275,-164.063,-173.275,0.0000,0.0000,0.2461,0.0000,0.2461,0.3288,0,
19.1604,19.1600,MODEL_BUILDING,STANCE,0.3214,-173.361,-8.526,-173.361,0.0000,0.0000,0.0128,0.0000,0.0128,0.0607,0,
19.1704,19.1700,MODEL_BUILDING,STANCE,0.3393,-176.508,-314.693,-176.508,0.0000,0.0000,0.4720,0.0000,0.4720,0.5886,0,
19.1804,19.1800,MODEL_BUILDING,STANCE,0.3571,-174.998,150.927,-174.998,0.0000,0.0000,-0.2264,0.0000,-0.2264,0.0000,0,
19.1904,19.1900,MODEL_BUILDING,STANCE,0.3750,-177.368,-236.985,-177.368,0.0000,0.0000,0.3555,0.0000,0.3555,0.4546,0,
19.2004,19.2000,MODEL_BUILDING,STANCE,0.3929,-176.060,130.841,-176.060,0.0000,0.0000,-0.1963,0.0000,-0.1963,0.0000,0,
19.2104,19.2100,MODEL_BUILDING,STANCE,0.4107,-177.561,-150.178,-177.561,0.0000,0.0000,0.2253,0.0000,0.2253,0.3049,0,
19.2204,19.2200,MODEL_BUILDING,STANCE,0.4286,-177.592,-3.038,-177.592,0.0000,0.0000,0.0046,0.0000,0.0046,0.0512,0,
19.2304,19.2300,MODEL_BUILDING,STANCE,0.4464,-177.077,51.443,-177.077,0.0000,0.0000,-0.0772,0.0000,-0.0772,0.0000,0,
19.2404,19.2400,MODEL_BUILDING,STANCE,0.4643,-177.591,-51.392,-177.591,0.0000,0.0000,0.0771,0.0000,0.0771,0.1346,0,
19.2504,19.2500,MODEL_BUILDING,STANCE,0.4821,-178.062,-47.067,-178.062,0.0000,0.0000,0.0706,0.0000,0.0706,0.1271,0,
19.2604,19.2600,MODEL_BUILDING,STANCE,0.5000,-177.066,99.632,-177.066,0.0000,0.0000,-0.1494,0.0000,-0.1494,0.0000,0,
19.2704,19.2700,MODEL_BUILDING,STANCE,0.5179,-177.159,-9.322,-177.159,0.0000,0.0000,0.0140,0.0000,0.0140,0.0620,0,
19.2804,19.2800,MODEL_BUILDING,STANCE,0.5357,-176.264,89.453,-176.264,0.0000,0.0000,-0.1342,0.0000,-0.1342,0.0000,0,
19.2904,19.2900,MODEL_BUILDING,STANCE,0.5536,-175.084,118.023,-175.084,0.0000,0.0000,-0.1770,0.0000,-0.1770,0.0000,0,
19.3004,19.3000,MODEL_BUILDING,STANCE,0.5714,-174.899,18.488,-174.899,0.0000,0.0000,-0.0277,0.0000,-0.0277,0.0000,0,
19.3104,19.3100,MODEL_BUILDING,STANCE,0.5893,-172.945,195.393,-172.945,0.0000,0.0000,-0.2931,0.0000,-0.2931,0.0000,0,
19.3204,19.3200,MODEL_BUILDING,STANCE,0.6071,-172.438,50.684,-172.438,0.0000,0.0000,-0.0760,0.0000,-0.0760,0.0000,0,
19.3304,19.3300,MODEL_BUILDING,STANCE,0.6250,-170.826,161.201,-170.826,0.0000,0.0000,-0.2418,0.0000,-0.2418,0.0000,0,
19.3404,19.3400,MODEL_BUILDING,STANCE,0.6429,-168.318,250.896,-168.318,0.0000,0.0000,-0.3763,0.0000,-0.3763,0.0000,0,
19.3504,19.3500,MODEL_BUILDING,STANCE,0.6607,-167.079,123.892,-167.079,0.0000,0.0000,-0.1858,0.0000,-0.1858,0.0000,0,
19.3604,19.3600,MODEL_BUILDING,STANCE,0.6786,-165.961,111.804,-165.961,0.0000,0.0000,-0.1677,0.0000,-0.1677,0.0000,0,
19.3704,19.3700,MODEL_BUILDING,STANCE,0.6964,-162.873,308.795,-162.873,0.0000,0.0000,-0.4632,0.0000,-0.4632,0.0000,0,
19.3807,19.3800,MODEL_BUILDING,STANCE,0.7143,-161.157,171.531,-161.157,0.0000,0.0000,-0.2573,0.0000,-0.2573,0.0000,0,
19.3904,19.3900,MODEL_BUILDING,STANCE,0.7321,-158.870,228.706,-158.870,0.0000,0.0000,-0.3431,0.0000,-0.3431,0.0000,0,
19.4004,19.4000,MODEL_BUILDING,STANCE,0.7500,-156.033,283.766,-156.033,0.0000,0.0000,-0.4256,0.0000,-0.4256,0.0000,0,
19.4106,19.4100,MODEL_BUILDING,STANCE,0.7679,-152.876,315.660,-152.876,0.0000,0.0000,-0.4735,0.0000,-0.4735,0.0000,0,
19.4204,19.4200,MODEL_BUILDING,STANCE,0.7857,-150.714,216.210,-150.714,0.0000,0.0000,-0.3243,0.0000,-0.3243,0.0000,0,
19.4304,19.4300,MODEL_BUILDING,STANCE,0.8036,-148.013,270.095,-148.013,0.0000,0.0000,-0.4051,0.0000,-0.4051,0.0000,0,
19.4404,19.4400,MODEL_BUILDING,STANCE,0.8214,-144.720,329.256,-144.720,0.0000,0.0000,-0.4939,0.0000,-0.4939,0.0000,0,
19.4504,19.4500,MODEL_BUILDING,STANCE,0.8393,-141.465,325.531,-141.465,0.0000,0.0000,-0.4883,0.0000,-0.4883,0.0000,0,
19.4604,19.4600,MODEL_BUILDING,STANCE,0.8571,-138.916,254.862,-138.916,0.0000,0.0000,-0.3823,0.0000,-0.3823,0.0000,0,
19.4704,19.4700,MODEL_BUILDING,STANCE,0.8750,-136.134,278.242,-136.134,0.0000,0.0000,-0.4174,0.0000,-0.4174,0.0000,0,
19.4804,19.4800,MODEL_BUILDING,STANCE,0.8929,-133.427,270.746,-133.427,0.0000,0.0000,-0.4061,0.0000,-0.4061,0.0000,0,
19.4904,19.4900,MODEL_BUILDING,STANCE,0.9107,-129.796,363.029,-129.796,0.0000,0.0000,-0.5445,0.0000,-0.5445,0.0000,0,
19.5004,19.5000,MODEL_BUILDING,STANCE,0.9286,-126.068,372.794,-126.068,0.0000,0.0000,-0.5592,0.0000,-0.5592,0.0000,0,
19.5104,19.5100,MODEL_BUILDING,STANCE,0.9464,-122.927,314.134,-122.927,0.0000,0.0000,-0.4712,0.0000,-0.4712,0.0000,0,
19.5204,19.5200,MODEL_BUILDING,STANCE,0.9643,-119.945,298.239,-119.945,0.0000,0.0000,-0.4474,0.0000,-0.4474,0.0000,0,
19.5304,19.5300,MODEL_BUILDING,STANCE,0.9821,-117.284,266.106,-117.284,0.0000,0.0000,-0.3992,0.0000,-0.3992,0.0000,0,
19.5404,19.5400,MODEL_BUILDING,SWING,0.0000,-114.144,313.965,-114.144,0.0000,0.0000,-0.4709,0.0000,-0.4709,0.0000,0,
19.5504,19.5500,MODEL_BUILDING,SWING,0.0156,-110.709,343.488,-110.709,0.0491,0.0000,-0.5152,0.0000,-0.5152,0.0000,0,
19.5604,19.5600,MODEL_BUILDING,SWING,0.0312,-108.631,207.796,-108.631,0.0980,0.0000,-0.3117,0.0000,-0.3117,0.0000,0,
19.5704,19.5700,MODEL_BUILDING,SWING,0.0469,-105.261,337.003,-105.261,0.1467,0.0000,-0.5055,0.0000,-0.5055,0.0000,0,
19.5804,19.5800,MODEL_BUILDING,SWING,0.0625,-103.342,191.901,-103.342,0.1951,0.0000,-0.2879,0.0000,-0.2879,0.0000,0,
19.5904,19.5900,MODEL_BUILDING,SWING,0.0781,-99.580,376.223,-99.580,0.2430,0.0000,-0.5643,0.0000,-0.5643,0.0000,0,
19.6004,19.6000,MODEL_BUILDING,SWING,0.0938,-97.372,220.769,-97.372,0.2903,0.0000,-0.3312,0.0000,-0.3312,0.0000,0,
19.6108,19.6100,MODEL_BUILDING,SWING,0.1094,-95.080,229.166,-95.080,0.3369,0.0000,-0.3437,0.0000,-0.3437,0.0000,0,
19.6204,19.6200,MODEL_BUILDING,SWING,0.1250,-91.830,325.001,-91.830,0.3827,0.0000,-0.4875,0.0000,-0.4875,0.0000,0,
19.6304,19.6300,MODEL_BUILDING,SWING,0.1406,-90.207,162.309,-90.207,0.4276,0.0000,-0.2435,0.0000,-0.2435,0.0000,0,
19.6406,19.6400,MODEL_BUILDING,SWING,0.1562,-87.842,236.565,-87.842,0.4714,0.0000,-0.3548,0.0000,-0.3548,0.0000,0,
19.6504,19.6500,MODEL_BUILDING,SWING,0.1719,-84.727,311.466,-84.727,0.5141,0.0000,-0.4672,0.0000,-0.4672,0.0000,0,
19.6605,19.6600,MODEL_BUILDING,SWING,0.1875,-83.728,99.875,-83.728,0.5556,0.0000,-0.1498,0.0000,-0.1498,0.0000,0,
19.6704,19.6700,MODEL_BUILDING,SWING,0.2031,-81.667,206.105,-81.667,0.5957,0.0000,-0.3092,0.0000,-0.3092,0.0000,0,
19.6804,19.6800,MODEL_BUILDING,SWING,0.2188,-79.905,176.195,-79.905,0.6344,0.0000,-0.2643,0.0000,-0.2643,0.0000,0,
19.6904,19.6900,MODEL_BUILDING,SWING,0.2344,-77.682,222.289,-77.682,0.6716,0.0000,-0.3334,0.0000,-0.3334,0.0000,0,
19.7004,19.7000,MODEL_BUILDING,SWING,0.2500,-77.237,44.562,-77.237,0.7071,0.0000,-0.0668,0.0000,-0.0668,0.0000,0,
19.7105,19.7100,MODEL_BUILDING,SWING,0.2656,-74.654,258.248,-74.654,0.7410,0.0000,-0.3874,0.0000,-0.3874,0.0000,0,
19.7204,19.7200,MODEL_BUILDING,SWING,0.2812,-74.054,60.074,-74.054,0.7730,0.0000,-0.0901,0.0000,-0.0901,0.0000,0,
19.7304,19.7300,MODEL_BUILDING,SWING,0.2969,-73.038,101.575,-73.038,0.8032,0.0000,-0.1524,0.0000,-0.1524,0.0000,0,
19.7404,19.7400,MODEL_BUILDING,SWING,0.3125,-72.381,65.722,-72.381,0.8315,0.0000,-0.0986,0.0000,-0.0986,0.0000,0,
19.7504,19.7500,MODEL_BUILDING,SWING,0.3281,-71.349,103.114,-71.349,0.8577,0.0000,-0.1547,0.0000,-0.1547,0.0000,0,
19.7604,19.7600,MODEL_BUILDING,SWING,0.3438,-70.133,121.644,-70.133,0.8819,0.0000,-0.1825,0.0000,-0.1825,0.0000,0,
19.7704,19.7700,MODEL_BUILDING,SWING,0.3594,-70.228,-9.507,-70.228,0.9040,0.0000,0.0143,0.0000,0.0143,0.0624,0,
19.7806,19.7800,MODEL_BUILDING,SWING,0.3750,-70.148,7.962,-70.148,0.9239,0.0000,-0.0119,0.0000,-0.0119,0.0000,0,
19.7904,19.7900,MODEL_BUILDING,SWING,0.3906,-69.868,28.025,-69.868,0.9415,0.0000,-0.0420,0.0000,-0.0420,0.0000,0,
19.8004,19.8000,MODEL_BUILDING,SWING,0.4062,-69.629,23.868,-69.629,0.9569,0.0000,-0.0358,0.0000,-0.0358,0.0000,0,
19.8104,19.8100,MODEL_BUILDING,SWING,0.4219,-70.084,-45.419,-70.084,0.9700,0.0000,0.0681,0.0000,0.0681,0.1243,0,
19.8204,19.8200,MODEL_BUILDING,SWING,0.4375,-70.071,1.231,-70.071,0.9808,0.0000,-0.0018,0.0000,-0.0018,0.0000,0,
19.8304,19.8300,MODEL_BUILDING,SWING,0.4531,-70.390,-31.820,-70.390,0.9892,0.0000,0.0477,0.0000,0.0477,0.1008,0,
19.8404,19.8400,MODEL_BUILDING,SWING,0.4688,-70.826,-43.662,-70.826,0.9952,0.0000,0.0655,0.0000,0.0655,0.1213,0,
19.8505,19.8500,MODEL_BUILDING,SWING,0.4844,-71.850,-102.394,-71.850,0.9988,0.0000,0.1536,0.0000,0.1536,0.2225,0,
19.8604,19.8600,MODEL_BUILDING,SWING,0.5000,-72.366,-51.590,-72.366,1.0000,0.0000,0.0774,0.0000,0.0774,0.1349,0,
19.8704,19.8700,MODEL_BUILDING,SWING,0.5156,-72.248,11.797,-72.248,0.9988,0.0000,-0.0177,0.0000,-0.0177,0.0000,0,
19.8804,19.8800,MODEL_BUILDING,SWING,0.5312,-73.379,-113.140,-73.379,0.9952,0.0000,0.1697,0.0000,0.1697,0.2410,0,
19.8904,19.8900,MODEL_BUILDING,SWING,0.5469,-75.101,-172.122,-75.101,0.9892,0.0000,0.2582,0.0000,0.2582,0.3427,0,
19.9004,19.9000,MODEL_BUILDING,SWING,0.5625,-75.243,-14.226,-75.243,0.9808,0.0000,0.0213,0.0000,0.0213,0.0705,0,
19.9104,19.9100,MODEL_BUILDING,SWING,0.5781,-76.621,-137.776,-76.621,0.9700,0.0000,0.2067,0.0000,0.2067,0.2835,0,
19.9204,19.9200,MODEL_BUILDING,SWING,0.5938,-77.551,-93.032,-77.551,0.9569,0.0000,0.1395,0.0000,0.1395,0.2064,0,
19.9304,19.9300,MODEL_BUILDING,SWING,0.6094,-79.893,-234.196,-79.893,0.9415,0.0000,0.3513,0.0000,0.3513,0.4498,0,
19.9404,19.9400,MODEL_BUILDING,SWING,0.6250,-80.113,-21.990,-80.113,0.9239,0.0000,0.0330,0.0000,0.0330,0.0839,0,
19.9504,19.9500,MODEL_BUILDING,SWING,0.6406,-83.015,-290.183,-83.015,0.9040,0.0000,0.4353,0.0000,0.4353,0.5463,0,
19.9604,19.9600,MODEL_BUILDING,SWING,0.6562,-84.126,-111.169,-84.126,0.8819,0.0000,0.1668,0.0000,0.1668,0.2376,0,
19.9704,19.9700,MODEL_BUILDING,SWING,0.6719,-87.066,-293.992,-87.066,0.8577,0.0000,0.4410,0.0000,0.4410,0.5529,0,
19.9804,19.9800,MODEL_BUILDING,SWING,0.6875,-87.609,-54.224,-87.609,0.8315,0.0000,0.0813,0.0000,0.0813,0.1395,0,
19.9904,19.9900,MODEL_BUILDING,SWING,0.7031,-90.304,-269.543,-90.304,0.8032,0.0000,0.4043,0.0000,0.4043,0.5107,0,
20.0004,20.0000,MODEL_BUILDING,SWING,0.7188,-91.766,-146.213,-91.766,0.7730,0.0000,0.2193,0.0000,0.2193,0.2981,0,
20.0108,20.0100,MODEL_BUILDING,SWING,0.7344,-94.841,-307.505,-94.841,0.7410,0.0000,0.4613,0.0000,0.4613,0.5762,0,
20.0204,20.0200,MODEL_BUILDING,SWING,0.7500,-96.465,-162.360,-96.465,0.7071,0.0000,0.2435,0.0000,0.2435,0.3259,0,
20.0305,20.0300,MODEL_BUILDING,SWING,0.7656,-99.645,-318.054,-99.645,0.6716,0.0000,0.4771,0.0000,0.4771,0.5943,0,
20.0405,20.0400,MODEL_BUILDING,SWING,0.7812,-101.359,-171.375,-101.359,0.6344,0.0000,0.2571,0.0000,0.2571,0.3415,0,
20.0504,20.0500,MODEL_BUILDING,SWING,0.7969,-103.805,-244.595,-103.805,0.5957,0.0000,0.3669,0.0000,0.3669,0.4677,0,
20.0604,20.0600,MODEL_BUILDING,SWING,0.8125,-106.894,-308.939,-106.894,0.5556,0.0000,0.4634,0.0000,0.4634,0.5786,0,
20.0704,20.0700,MODEL_BUILDING,SWING,0.8281,-108.351,-145.698,-108.351,0.5141,0.0000,0.2185,0.0000,0.2185,0.2972,0,
20.0804,20.0800,MODEL_BUILDING,SWING,0.8438,-112.207,-385.546,-112.207,0.4714,0.0000,0.5783,0.0000,0.5783,0.7107,0,
20.0905,20.0900,MODEL_BUILDING,SWING,0.8594,-113.617,-141.028,-113.617,0.4276,0.0000,0.2115,0.0000,0.2115,0.2891,0,
20.1004,20.1000,MODEL_BUILDING,SWING,0.8750,-116.323,-270.568,-116.323,0.3827,0.0000,0.4059,0.0000,0.4059,0.5125,0,
20.1104,20.1100,MODEL_BUILDING,SWING,0.8906,-119.753,-342.991,-119.753,0.3369,0.0000,0.5145,0.0000,0.5145,0.6373,0,
20.1204,20.1200,MODEL_BUILDING,SWING,0.9062,-121.967,-221.428,-121.967,0.2903,0.0000,0.3321,0.0000,0.3321,0.4277,0,
20.1304,20.1300,MODEL_BUILDING,SWING,0.9219,-125.040,-307.302,-125.040,0.2430,0.0000,0.4610,0.0000,0.4610,0.5758,0,
20.1404,20.1400,MODEL_BUILDING,SWING,0.9375,-127.965,-292.498,-127.965,0.1951,0.0000,0.4387,0.0000,0.4387,0.5503,0,
20.1504,20.1500,MODEL_BUILDING,SWING,0.9531,-129.398,-143.346,-129.398,0.1467,0.0000,0.2150,0.0000,0.2150,0.2931,0,
20.1605,20.1600,MODEL_BUILDING,SWING,0.9688,-133.365,-396.624,-133.365,0.0980,0.0000,0.5949,0.0000,0.5949,0.7298,0,
20.1704,20.1700,READY,SWING,0.9844,-135.480,-211.520,-122.114,0.0491,0.0000,0.3841,0.0000,0.3841,0.4875,0,
20.1806,20.1800,READY,STANCE,0.0000,-137.968,-248.815,-122.114,0.0000,0.0000,0.4525,0.0000,0.4525,0.5661,0,
20.1904,20.1900,WALKING,STANCE,0.0179,-140.682,-271.391,-122.114,0.0000,0.1000,0.4999,0.0000,0.4999,0.6206,0,
20.2004,20.2000,WALKING,STANCE,0.0357,-142.318,-163.576,-122.114,0.0000,0.1000,0.3464,0.0000,0.3464,0.4441,0,
20.2104,20.2100,WALKING,STANCE,0.0536,-145.889,-357.086,-122.114,0.0000,0.1000,0.6545,0.0000,0.6545,0.7983,0,
20.2204,20.2200,WALKING,STANCE,0.0714,-146.325,-43.607,-122.114,0.0000,0.1000,0.1865,0.0000,0.1865,0.2603,0,
20.2304,20.2300,WALKING,STANCE,0.0893,-149.502,-317.768,-122.114,0.0000,0.1000,0.6136,0.0000,0.6136,0.7513,0,
20.2404,20.2400,WALKING,STANCE,0.1071,-151.027,-152.490,-122.114,0.0000,0.1000,0.3733,0.0000,0.3733,0.4751,0,
20.2504,20.2500,WALKING,STANCE,0.1250,-153.865,-283.748,-122.114,0.0000,0.1000,0.5844,0.0000,0.5844,0.7177,0,
20.2604,20.2600,WALKING,STANCE,0.1429,-154.379,-51.383,-122.114,0.0000,0.1000,0.2384,0.0000,0.2384,0.3200,0,
20.2704,20.2700,WALKING,STANCE,0.1607,-156.956,-257.775,-122.114,0.0000,0.1000,0.5609,0.0000,0.5609,0.6907,0,
20.2804,20.2800,WALKING,STANCE,0.1786,-158.422,-146.546,-122.114,0.0000,0.1000,0.4014,0.0000,0.4014,0.5073,0,
20.2904,20.2900,WALKING,STANCE,0.1964,-160.471,-204.914,-122.114,0.0000,0.1000,0.4992,0.0000,0.4992,0.6197,0,
20.3004,20.3000,WALKING,STANCE,0.2143,-161.937,-146.653,-122.114,0.0000,0.1000,0.4191,0.0000,0.4191,0.5277,0,
20.3104,20.3100,WALKING,STANCE,0.2321,-162.881,-94.366,-122.114,0.0000,0.1000,0.3454,0.0000,0.3454,0.4430,0,
20.3204,20.3200,WALKING,STANCE,0.2500,-163.963,-108.198,-122.114,0.0000,0.1000,0.3715,0.0000,0.3715,0.4730,0,
20.3304,20.3300,WALKING,STANCE,0.2679,-166.865,-290.168,-122.114,0.0000,0.1000,0.6590,0.0000,0.6590,0.8035,0,
20.3404,20.3400,WALKING,STANCE,0.2857,-165.251,161.366,-122.114,0.0000,0.1000,-0.0264,0.0000,-0.0264,0.0000,0,
20.3504,20.3500,WALKING,STANCE,0.3036,-168.938,-368.702,-122.114,0.0000,0.1000,0.7872,0.0000,0.7872,0.9508,0,
20.3604,20.3600,WALKING,STANCE,0.3214,-166.809,212.872,-122.114,0.0000,0.1000,-0.0958,0.0000,-0.0958,0.0000,0,
20.3706,20.3700,WALKING,STANCE,0.3393,-170.443,-363.357,-122.114,0.0000,0.1000,0.7867,0.0000,0.7867,0.9502,0,
20.3805,20.3800,WALKING,STANCE,0.3571,-169.303,113.993,-122.114,0.0000,0.1000,0.0650,0.0000,0.0650,0.1206,0,
20.3906,20.3900,WALKING,STANCE,0.3750,-169.680,-37.713,-122.114,0.0000,0.1000,0.2944,0.0000,0.2944,0.3844,0,
20.4006,20.4000,WALKING,STANCE,0.3929,-171.346,-166.556,-122.114,0.0000,0.1000,0.4960,0.0000,0.4960,0.6161,0,
20.4108,20.4100,WALKING,STANCE,0.4107,-169.656,168.925,-122.114,0.0000,0.1000,-0.0157,0.0000,-0.0157,0.0000,0,
20.4210,20.4200,WALKING,STANCE,0.4286,-171.932,-227.534,-122.114,0.0000,0.1000,0.5904,0.0000,0.5904,0.7246,0,
20.4309,20.4300,WALKING,STANCE,0.4464,-169.961,197.102,-122.114,0.0000,0.1000,-0.0564,0.0000,-0.0564,0.0000,0,
20.4412,20.4400,WALKING,STANCE,0.4643,-171.359,-139.828,-122.114,0.0000,0.1000,0.4560,0.0000,0.4560,0.5701,0,
20.4511,20.4500,WALKING,STANCE,0.4821,-170.005,135.454,-122.114,0.0000,0.1000,0.0363,0.0000,0.0363,0.0877,0,
20.4611,20.4600,WALKING,STANCE,0.5000,-170.281,-27.651,-122.114,0.0000,0.1000,0.2823,0.0000,0.2823,0.3705,0,
20.4711,20.4700,WALKING,STANCE,0.5179,-169.129,115.182,-122.114,0.0000,0.1000,0.0623,0.0000,0.0623,0.1176,0,
20.4809,20.4800,WALKING,STANCE,0.5357,-168.855,27.420,-122.114,0.0000,0.1000,0.1926,0.0000,0.1926,0.2673,0,
20.4910,20.4900,WALKING,STANCE,0.5536,-168.049,80.621,-122.114,0.0000,0.1000,0.1087,0.0000,0.1087,0.1710,0,
20.5012,20.5000,WALKING,STANCE,0.5714,-167.155,89.342,-122.114,0.0000,0.1000,0.0912,0.0000,0.0912,0.1508,0,
20.5111,20.5100,WALKING,STANCE,0.5893,-165.796,135.985,-122.114,0.0000,0.1000,0.0144,0.0000,0.0144,0.0626,0,
20.5210,20.5200,WALKING,STANCE,0.6071,-165.916,-12.097,-122.114,0.0000,0.1000,0.2372,0.0000,0.2372,0.3186,0,
20.5310,20.5300,WALKING,STANCE,0.6250,-163.291,262.515,-122.114,0.0000,0.1000,-0.1879,0.0000,-0.1879,0.0000,0,
20.5411,20.5400,WALKING,STANCE,0.6429,-162.290,100.137,-122.114,0.0000,0.1000,0.0507,0.0000,0.0507,0.1042,0,
20.5510,20.5500,WALKING,STANCE,0.6607,-160.467,182.271,-122.114,0.0000,0.1000,-0.0816,0.0000,-0.0816,0.0000,0,
20.5613,20.5600,WALKING,STANCE,0.6786,-159.607,86.017,-122.114,0.0000,0.1000,0.0584,0.0000,0.0584,0.1132,0,
20.5710,20.5700,WALKING,STANCE,0.6964,-157.479,212.821,-122.114,0.0000,0.1000,-0.1424,0.0000,-0.1424,0.0000,0,
20.5811,20.5800,WALKING,STANCE,0.7143,-155.978,150.058,-122.114,0.0000,0.1000,-0.0558,0.0000,-0.0558,0.0000,0,
20.5911,20.5900,WALKING,STANCE,0.7321,-153.469,250.893,-122.114,0.0000,0.1000,-0.2196,0.0000,-0.2196,0.0000,0,
20.6011,20.6000,WALKING,STANCE,0.7500,-152.042,142.692,-122.114,0.0000,0.1000,-0.0644,0.0000,-0.0644,0.0000,0,
20.6111,20.6100,WALKING,STANCE,0.7679,-149.430,261.206,-122.114,0.0000,0.1000,-0.2552,0.0000,-0.2552,0.0000,0,
20.6212,20.6200,WALKING,STANCE,0.7857,-147.395,203.502,-122.114,0.0000,0.1000,-0.1788,0.0000,-0.1788,0.0000,0,
20.6310,20.6300,WALKING,STANCE,0.8036,-144.869,252.680,-122.114,0.0000,0.1000,-0.2652,0.0000,-0.2652,0.0000,0,
20.6411,20.6400,WALKING,STANCE,0.8214,-142.788,208.024,-122.114,0.0000,0.1000,-0.2087,0.0000,-0.2087,0.0000,0,
20.6511,20.6500,WALKING,STANCE,0.8393,-139.601,318.681,-122.114,0.0000,0.1000,-0.3906,0.0000,-0.3906,0.0000,0,
20.6611,20.6600,WALKING,STANCE,0.8571,-136.882,271.915,-122.114,0.0000,0.1000,-0.3340,0.0000,-0.3340,0.0000,0,
20.6711,20.6700,WALKING,STANCE,0.8750,-134.645,223.719,-122.114,0.0000,0.1000,-0.2729,0.0000,-0.2729,0.0000,0,
20.6812,20.6800,WALKING,STANCE,0.8929,-131.477,316.796,-122.114,0.0000,0.1000,-0.4284,0.0000,-0.4284,0.0000,0,
20.6911,20.6900,WALKING,STANCE,0.9107,-128.453,302.459,-122.114,0.0000,0.1000,-0.4220,0.0000,-0.4220,0.0000,0,
20.7011,20.7000,WALKING,STANCE,0.9286,-125.946,250.706,-122.114,0.0000,0.1000,-0.3569,0.0000,-0.3569,0.0000,0,
20.7110,20.7100,WALKING,STANCE,0.9464,-122.869,307.688,-122.114,0.0000,0.1000,-0.4578,0.0000,-0.4578,0.0000,0,
20.7210,20.7200,WALKING,STANCE,0.9643,-118.838,403.083,-122.114,0.0000,0.1000,-0.6210,0.0000,-0.6210,0.0000,0,
20.7305,20.7300,WALKING,STANCE,0.9821,-116.889,194.919,-122.114,0.0000,0.1000,-0.3185,0.0000,-0.3185,0.0000,0,
20.7405,20.7400,WALKING,SWING,0.0000,-113.888,300.054,-122.114,0.0000,0.1000,-0.4912,0.0000,-0.4912,0.0000,0,
20.7504,20.7500,WALKING,SWING,0.0156,-111.201,268.750,-122.604,0.0491,0.1000,-0.4356,0.0245,-0.4601,0.0000,0,
20.7610,20.7600,WALKING,SWING,0.0312,-107.286,391.435,-123.094,0.0980,0.1000,-0.6172,0.0490,-0.6662,0.0000,0,
20.7710,20.7700,WALKING,SWING,0.0469,-104.592,269.376,-123.581,0.1467,0.1000,-0.4256,0.0734,-0.4990,0.0000,0,
20.7812,20.7800,WALKING,SWING,0.0625,-102.072,252.050,-124.064,0.1951,0.1000,-0.3905,0.0975,-0.4880,0.0000,0,
20.7912,20.7900,WALKING,SWING,0.0781,-99.471,260.103,-124.543,0.2430,0.1000,-0.3940,0.1215,-0.5155,0.0000,0,
20.8012,20.8000,WALKING,SWING,0.0938,-97.081,238.969,-125.016,0.2903,0.1000,-0.3530,0.1451,-0.4981,0.0000,0,
20.8112,20.8100,WALKING,SWING,0.1094,-94.461,262.039,-125.482,0.3369,0.1000,-0.3797,0.1684,-0.5482,0.0000,0,
20.8212,20.8200,WALKING,SWING,0.1250,-92.170,229.088,-125.940,0.3827,0.1000,-0.3211,0.1913,-0.5125,0.0000,0,
20.8312,20.8300,WALKING,SWING,0.1406,-89.288,288.158,-126.389,0.4276,0.1000,-0.4040,0.2138,-0.6177,0.0000,0,
20.8409,20.8400,WALKING,SWING,0.1562,-87.032,225.684,-126.828,0.4714,0.1000,-0.3018,0.2357,-0.5375,0.0000,0,
20.8513,20.8500,WALKING,SWING,0.1719,-84.812,221.930,-127.255,0.5141,0.1000,-0.2881,0.2571,-0.5451,0.0000,0,
20.8612,20.8600,WALKING,SWING,0.1875,-82.345,246.708,-127.669,0.5556,0.1000,-0.3189,0.2778,-0.5967,0.0000,0,
20.8712,20.8700,WALKING,SWING,0.2031,-80.994,135.131,-128.071,0.5957,0.1000,-0.1402,0.2978,-0.4381,0.0000,0,
20.8812,20.8800,WALKING,SWING,0.2188,-79.265,172.875,-128.457,0.6344,0.1000,-0.1881,0.3172,-0.5053,0.0000,0,
20.8912,20.8900,WALKING,SWING,0.2344,-77.495,177.006,-128.829,0.6716,0.1000,-0.1864,0.3358,-0.5222,0.0000,0,
20.9012,20.9000,WALKING,SWING,0.2500,-77.031,46.391,-129.185,0.7071,0.1000,0.0232,0.3536,-0.3304,0.0726,0,
20.9112,20.9100,WALKING,SWING,0.2656,-74.733,229.775,-129.523,0.7410,0.1000,-0.2481,0.3705,-0.6186,0.0000,0,
20.9212,20.9200,WALKING,SWING,0.2812,-74.191,54.210,-129.844,0.7730,0.1000,0.0269,0.3865,-0.3596,0.0769,0,
20.9312,20.9300,WALKING,SWING,0.2969,-71.592,259.918,-130.146,0.8032,0.1000,-0.2810,0.4016,-0.6826,0.0000,0,
20.9410,20.9400,WALKING,SWING,0.3125,-71.612,-1.979,-130.428,0.8315,0.1000,0.1246,0.4157,-0.2911,0.1892,0,
20.9510,20.9500,WALKING,SWING,0.3281,-69.157,245.513,-130.691,0.8577,0.1000,-0.2471,0.4289,-0.6759,0.0000,0,
20.9610,20.9600,WALKING,SWING,0.3438,-69.039,11.800,-130.933,0.8819,0.1000,0.1138,0.4410,-0.3272,0.1768,0,
20.9711,20.9700,WALKING,SWING,0.3594,-68.593,44.550,-131.153,0.9040,0.1000,0.0724,0.4520,-0.3796,0.1292,0,
20.9812,20.9800,WALKING,SWING,0.3750,-68.413,18.064,-131.352,0.9239,0.1000,0.1201,0.4619,-0.3418,0.1841,0,
20.9912,20.9900,WALKING,SWING,0.3906,-67.525,88.751,-131.529,0.9415,0.1000,0.0176,0.4708,-0.4531,0.0662,0,
21.0012,21.0000,WALKING,SWING,0.4062,-66.775,75.056,-131.683,0.9569,0.1000,0.0413,0.4785,-0.4371,0.0935,0,
21.0112,21.0100,WALKING,SWING,0.4219,-67.465,-69.084,-131.814,0.9700,0.1000,0.2669,0.4850,-0.2181,0.3528,0,
21.0213,21.0200,WALKING,SWING,0.4375,-67.033,43.246,-131.921,0.9808,0.1000,0.1011,0.4904,-0.3893,0.1622,0,
21.0312,21.0300,WALKING,SWING,0.4531,-66.846,18.731,-132.005,0.9892,0.1000,0.1407,0.4946,-0.3539,0.2077,0,
21.0412,21.0400,WALKING,SWING,0.4688,-66.371,47.457,-132.065,0.9952,0.1000,0.0979,0.4976,-0.3997,0.1585,0,
21.0512,21.0500,WALKING,SWING,0.4844,-67.139,-76.744,-132.101,0.9988,0.1000,0.2897,0.4994,-0.2097,0.3790,0,
21.0612,21.0600,WALKING,SWING,0.5000,-67.844,-70.597,-132.114,1.0000,0.1000,0.2846,0.5000,-0.2154,0.3730,0,
21.0712,21.0700,WALKING,SWING,0.5156,-67.725,11.996,-132.101,0.9988,0.1000,0.1595,0.4994,-0.3399,0.2293,0,
21.0810,21.0800,WALKING,SWING,0.5312,-68.740,-101.501,-132.065,0.9952,0.1000,0.3332,0.4976,-0.1644,0.4290,0,
21.0909,21.0900,WALKING,SWING,0.5469,-69.947,-120.709,-132.005,0.9892,0.1000,0.3654,0.4946,-0.1292,0.4659,0,
21.1010,21.1000,WALKING,SWING,0.5625,-70.040,-9.320,-131.921,0.9808,0.1000,0.1950,0.4904,-0.2954,0.2701,0,
21.1111,21.1100,WALKING,SWING,0.5781,-71.656,-161.659,-131.814,0.9700,0.1000,0.4267,0.4850,-0.0583,0.5365,0,
21.1212,21.1200,WALKING,SWING,0.5938,-71.894,-23.795,-131.683,0.9569,0.1000,0.2152,0.4785,-0.2633,0.2934,0,
21.1312,21.1300,WALKING,SWING,0.6094,-74.251,-235.658,-131.529,0.9415,0.1000,0.5379,0.4708,0.0671,0.6642,0,
21.1412,21.1400,WALKING,SWING,0.6250,-74.982,-73.058,-131.352,0.9239,0.1000,0.2897,0.4619,-0.1723,0.3789,0,
21.1512,21.1500,WALKING,SWING,0.6406,-76.336,-135.418,-131.153,0.9040,0.1000,0.3810,0.4520,-0.0710,0.4839,0,
21.1612,21.1600,WALKING,SWING,0.6562,-78.409,-207.348,-130.933,0.8819,0.1000,0.4894,0.4410,0.0484,0.6085,0,
21.1711,21.1700,WALKING,SWING,0.6719,-79.931,-152.203,-130.691,0.8577,0.1000,0.4034,0.4289,-0.0255,0.5096,0,
21.1812,21.1800,WALKING,SWING,0.6875,-81.921,-198.944,-130.428,0.8315,0.1000,0.4716,0.4157,0.0559,0.5881,0,
21.1912,21.1900,WALKING,SWING,0.7031,-83.301,-138.068,-130.146,0.8032,0.1000,0.3745,0.4016,-0.0271,0.4764,0,
21.2010,21.2000,WALKING,SWING,0.7188,-85.126,-182.436,-129.844,0.7730,0.1000,0.4366,0.3865,0.0501,0.5478,0,
21.2111,21.2100,WALKING,SWING,0.7344,-88.040,-291.479,-129.523,0.7410,0.1000,0.6003,0.3705,0.2298,0.7360,0,
21.2213,21.2200,WALKING,SWING,0.7500,-89.055,-101.498,-129.185,0.7071,0.1000,0.3052,0.3536,-0.0484,0.3967,0,
21.2311,21.2300,WALKING,SWING,0.7656,-93.714,-465.819,-128.829,0.6716,0.1000,0.8589,0.3358,0.5232,1.0333,0,
21.2412,21.2400,WALKING,SWING,0.7812,-93.497,21.683,-128.457,0.6344,0.1000,0.1099,0.3172,-0.2073,0.1723,0,
21.2512,21.2500,WALKING,SWING,0.7969,-98.413,-491.645,-128.071,0.5957,0.1000,0.8870,0.2978,0.5892,1.0656,0,
21.2612,21.2600,WALKING,SWING,0.8125,-98.405,0.812,-127.669,0.5556,0.1000,0.1302,0.2778,-0.1475,0.1957,0,
21.2712,21.2700,WALKING,SWING,0.8281,-102.804,-439.922,-127.255,0.5141,0.1000,0.7947,0.2571,0.5376,0.9594,0,
21.2812,21.2800,WALKING,SWING,0.8438,-104.376,-157.132,-126.828,0.4714,0.1000,0.3591,0.2357,0.1234,0.4588,0,
21.2912,21.2900,WALKING,SWING,0.8594,-108.306,-393.070,-126.389,0.4276,0.1000,0.7130,0.2138,0.4992,0.8655,0,
21.3012,21.3000,WALKING,SWING,0.8750,-109.109,-80.296,-125.940,0.3827,0.1000,0.2276,0.1913,0.0363,0.3076,0,
21.3112,21.3100,WALKING,SWING,0.8906,-114.258,-514.879,-125.482,0.3369,0.1000,0.8846,0.1684,0.7162,1.0628,0,
21.3212,21.3200,WALKING,SWING,0.9062,-114.586,-32.764,-125.016,0.2903,0.1000,0.1421,0.1451,-0.0030,0.2094,0,
21.3312,21.3300,WALKING,SWING,0.9219,-119.967,-538.098,-124.543,0.2430,0.1000,0.9058,0.1215,0.7843,1.0871,0,
21.3412,21.3400,WALKING,SWING,0.9375,-120.115,-14.822,-124.064,0.1951,0.1000,0.1000,0.0975,0.0025,0.1610,0,
21.3512,21.3500,WALKING,SWING,0.9531,-125.693,-557.758,-123.581,0.1467,0.1000,0.9206,0.0734,0.8472,1.1041,0,
21.3612,21.3600,WALKING,SWING,0.9688,-125.696,-0.300,-123.094,0.0980,0.1000,0.0625,0.0490,0.0135,0.1178,0,
21.3712,21.3700,WALKING,SWING,0.9844,-131.109,-541.318,-122.604,0.0491,0.1000,0.8790,0.0245,0.8545,1.0564,0,
21.3812,21.3800,WALKING,SWING,1.0000,-131.047,6.180,-122.114,0.0000,0.1000,0.0354,0.0000,0.0354,0.0867,0,
21.3919,21.3900,WALKING,STANCE,0.0000,-137.294,-624.712,-122.114,0.0000,0.1000,1.0130,0.0000,1.0130,1.2103,0,
21.4012,21.4000,OOD,STANCE,0.0179,-137.314,-1.958,-122.114,0.0000,0.2000,0.0789,0.0000,0.0789,0.1367,0,
21.4111,21.4100,OOD,STANCE,0.0357,-142.360,-504.680,-122.114,0.0000,0.2000,0.8583,0.0000,0.8583,1.0325,0,
21.4212,21.4200,OOD,STANCE,0.0536,-142.520,-16.000,-122.114,0.0000,0.2000,0.1260,0.0000,0.1260,0.1908,0,
21.4311,21.4300,OOD,STANCE,0.0714,-146.617,-409.628,-122.114,0.0000,0.2000,0.7370,0.0000,0.7370,0.8931,0,
21.4410,21.4400,OOD,STANCE,0.0893,-147.881,-126.409,-122.114,0.0000,0.2000,0.3185,0.0000,0.3185,0.4120,0,
21.4511,21.4500,OOD,STANCE,0.1071,-150.131,-225.039,-122.114,0.0000,0.2000,0.4776,0.0000,0.4776,0.5950,0,
21.4611,21.4600,OOD,STANCE,0.1250,-152.705,-257.341,-122.114,0.0000,0.2000,0.5390,0.0000,0.5390,0.6655,0,
21.4711,21.4700,OOD,STANCE,0.1429,-154.762,-205.711,-122.114,0.0000,0.2000,0.4718,0.0000,0.4718,0.5883,0,
21.4811,21.4800,OOD,STANCE,0.1607,-156.410,-164.864,-122.114,0.0000,0.2000,0.4188,0.0000,0.4188,0.5273,0,
21.4911,21.4900,OOD,STANCE,0.1786,-158.475,-206.417,-122.114,0.0000,0.2000,0.4914,0.0000,0.4914,0.6108,0,
21.5012,21.5000,OOD,STANCE,0.1964,-159.566,-109.098,-122.114,0.0000,0.2000,0.3509,0.0000,0.3509,0.4493,0,
21.5112,21.5100,OOD,STANCE,0.2143,-162.087,-252.128,-122.114,0.0000,0.2000,0.5781,0.0000,0.5781,0.7104,0,
21.5211,21.5200,OOD,STANCE,0.2321,-161.745,34.130,-122.114,0.0000,0.2000,0.1470,0.0000,0.1470,0.2149,0,
21.5311,21.5300,OOD,STANCE,0.2500,-165.231,-348.528,-122.114,0.0000,0.2000,0.7384,0.0000,0.7384,0.8947,0,
21.5411,21.5400,OOD,STANCE,0.2679,-164.452,77.845,-122.114,0.0000,0.2000,0.0949,0.0000,0.0949,0.1551,0,
21.5511,21.5500,OOD,STANCE,0.2857,-166.765,-231.305,-122.114,0.0000,0.2000,0.5702,0.0000,0.5702,0.7014,0,
21.5609,21.5600,OOD,STANCE,0.3036,-167.242,-47.712,-122.114,0.0000,0.2000,0.2972,0.0000,0.2972,0.3876,0,
21.5711,21.5700,OOD,STANCE,0.3214,-168.154,-91.186,-122.114,0.0000,0.2000,0.3670,0.0000,0.3670,0.4678,0,
21.5812,21.5800,OOD,STANCE,0.3393,-168.013,14.130,-122.114,0.0000,0.2000,0.2083,0.0000,0.2083,0.2854,0,
21.5911,21.5900,OOD,STANCE,0.3571,-169.796,-178.285,-122.114,0.0000,0.2000,0.5058,0.0000,0.5058,0.6274,0,
21.6011,21.6000,OOD,STANCE,0.3750,-169.166,62.945,-122.114,0.0000,0.2000,0.1408,0.0000,0.1408,0.2079,0,
21.6111,21.6100,OOD,STANCE,0.3929,-170.676,-150.915,-122.114,0.0000,0.2000,0.4692,0.0000,0.4692,0.5853,0,
21.6212,21.6200,OOD,STANCE,0.4107,-169.976,69.926,-122.114,0.0000,0.2000,0.1344,0.0000,0.1344,0.2005,0,
21.6311,21.6300,OOD,STANCE,0.4286,-169.677,29.922,-122.114,0.0000,0.2000,0.1929,0.0000,0.1929,0.2677,0,
21.6412,21.6400,OOD,STANCE,0.4464,-170.601,-92.358,-122.114,0.0000,0.2000,0.3810,0.0000,0.3810,0.4839,0,
21.6512,21.6500,OOD,STANCE,0.4643,-168.658,194.291,-122.114,0.0000,0.2000,-0.0587,0.0000,-0.0587,0.0000,0,
21.6611,21.6600,OOD,STANCE,0.4821,-170.716,-205.769,-122.114,0.0000,0.2000,0.5517,0.0000,0.5517,0.6801,0,
21.6711,21.6700,OOD,STANCE,0.5000,-167.371,334.420,-122.114,0.0000,0.2000,-0.2753,0.0000,-0.2753,0.0000,0,
21.6811,21.6800,OOD,STANCE,0.5179,-168.594,-122.221,-122.114,0.0000,0.2000,0.4157,0.0000,0.4157,0.5238,0,
21.6911,21.6900,OOD,STANCE,0.5357,-166.140,245.321,-122.114,0.0000,0.2000,-0.1478,0.0000,-0.1478,0.0000,0,
21.7011,21.7000,OOD,STANCE,0.5536,-166.018,12.181,-122.114,0.0000,0.2000,0.2013,0.0000,0.2013,0.2773,0,
21.7111,21.7100,OOD,STANCE,0.5714,-164.869,114.919,-122.114,0.0000,0.2000,0.0414,0.0000,0.0414,0.0936,0,
21.7211,21.7200,OOD,STANCE,0.5893,-163.959,91.072,-122.114,0.0000,0.2000,0.0726,0.0000,0.0726,0.1294,0,
21.7311,21.7300,OOD,STANCE,0.6071,-163.707,25.121,-122.114,0.0000,0.2000,0.1703,0.0000,0.1703,0.2417,0,
21.7412,21.7400,OOD,STANCE,0.6250,-161.320,238.719,-122.114,0.0000,0.2000,-0.1620,0.0000,-0.1620,0.0000,0,
21.7511,21.7500,OOD,STANCE,0.6429,-159.366,195.406,-122.114,0.0000,0.2000,-0.1068,0.0000,-0.1068,0.0000,0,
21.7611,21.7600,OOD,STANCE,0.6607,-159.058,30.830,-122.114,0.0000,0.2000,0.1385,0.0000,0.1385,0.2051,0,
21.7705,21.7700,OOD,STANCE,0.6786,-156.416,264.221,-122.114,0.0000,0.2000,-0.2248,0.0000,-0.2248,0.0000,0,
21.7804,21.7800,OOD,STANCE,0.6964,-155.045,137.098,-122.114,0.0000,0.2000,-0.0410,0.0000,-0.0410,0.0000,0,
21.7909,21.7900,OOD,STANCE,0.7143,-153.454,159.030,-122.114,0.0000,0.2000,-0.0818,0.0000,-0.0818,0.0000,0,
21.8010,21.8000,OOD,STANCE,0.7321,-151.841,161.323,-122.114,0.0000,0.2000,-0.0933,0.0000,-0.0933,0.0000,0,
21.8111,21.8100,OOD,STANCE,0.7500,-149.569,227.162,-122.114,0.0000,0.2000,-0.2035,0.0000,-0.2035,0.0000,0,
21.8212,21.8200,OOD,STANCE,0.7679,-146.159,341.009,-122.114,0.0000,0.2000,-0.3913,0.0000,-0.3913,0.0000,0,
21.8311,21.8300,OOD,STANCE,0.7857,-144.452,170.771,-122.114,0.0000,0.2000,-0.1445,0.0000,-0.1445,0.0000,0,
21.8411,21.8400,OOD,STANCE,0.8036,-142.368,208.375,-122.114,0.0000,0.2000,-0.2113,0.0000,-0.2113,0.0000,0,
21.8511,21.8500,OOD,STANCE,0.8214,-139.627,274.101,-122.114,0.0000,0.2000,-0.3236,0.0000,-0.3236,0.0000,0,
21.8611,21.8600,OOD,STANCE,0.8393,-136.204,342.252,-122.114,0.0000,0.2000,-0.4429,0.0000,-0.4429,0.0000,0,
21.8711,21.8700,OOD,STANCE,0.8571,-134.151,205.333,-122.114,0.0000,0.2000,-0.2478,0.0000,-0.2478,0.0000,0,
21.8812,21.8800,OOD,STANCE,0.8750,-131.185,296.657,-122.114,0.0000,0.2000,-0.3996,0.0000,-0.3996,0.0000,0,
21.8910,21.8900,OOD,STANCE,0.8929,-128.500,268.446,-122.114,0.0000,0.2000,-0.3707,0.0000,-0.3707,0.0000,0,
21.9012,21.9000,OOD,STANCE,0.9107,-125.646,285.443,-122.114,0.0000,0.2000,-0.4105,0.0000,-0.4105,0.0000,0,
21.9111,21.9100,OOD,STANCE,0.9286,-121.553,409.297,-122.114,0.0000,0.2000,-0.6168,0.0000,-0.6168,0.0000,0,
21.9211,21.9200,OOD,STANCE,0.9464,-119.332,222.024,-122.114,0.0000,0.2000,-0.3469,0.0000,-0.3469,0.0000,0,
21.9311,21.9300,OOD,STANCE,0.9643,-116.473,285.918,-122.114,0.0000,0.2000,-0.4571,0.0000,-0.4571,0.0000,0,
21.9412,21.9400,OOD,SWING,0.0000,-113.669,280.373,-122.114,0.0000,0.2000,-0.4628,0.0000,-0.4628,0.0000,0,
21.9511,21.9500,OOD,SWING,0.0154,-110.254,341.501,-123.080,0.0483,0.2000,-0.5281,0.0483,-0.5764,0.0000,0,
21.9612,21.9600,OOD,SWING,0.0308,-107.662,259.262,-124.044,0.0965,0.2000,-0.3743,0.0965,-0.4708,0.0000,0,
21.9712,21.9700,OOD,SWING,0.0462,-104.763,289.912,-125.003,0.1445,0.2000,-0.3916,0.1445,-0.5361,0.0000,0,
21.9812,21.9800,OOD,SWING,0.0615,-102.074,268.890,-125.956,0.1921,0.2000,-0.3306,0.1921,-0.5227,0.0000,0,
21.9912,21.9900,OOD,SWING,0.0769,-99.585,248.864,-126.900,0.2393,0.2000,-0.2706,0.2393,-0.5099,0.0000,0,
22.0012,22.0000,OOD,SWING,0.0923,-97.022,256.338,-127.832,0.2859,0.2000,-0.2526,0.2859,-0.5386,0.0000,0,
22.0111,22.0100,OOD,SWING,0.1077,-94.993,202.934,-128.752,0.3319,0.2000,-0.1413,0.3319,-0.4732,0.0000,0,
22.0212,22.0200,OOD,SWING,0.1231,-92.054,293.832,-129.655,0.3771,0.2000,-0.2517,0.3771,-0.6288,0.0000,0,
22.0312,22.0300,OOD,SWING,0.1385,-88.648,340.571,-130.542,0.4214,0.2000,-0.2989,0.4214,-0.7203,0.0000,0,
22.0412,22.0400,OOD,SWING,0.1538,-87.771,87.763,-131.408,0.4647,0.2000,0.1149,0.4647,-0.3498,0.1780,0,
22.0512,22.0500,OOD,SWING,0.1692,-84.309,346.153,-132.253,0.5070,0.2000,-0.2520,0.5070,-0.7589,0.0000,0,
22.0612,22.0600,OOD,SWING,0.1846,-82.266,204.333,-133.074,0.5480,0.2000,-0.0125,0.5480,-0.5605,0.0000,0,
22.0712,22.0700,OOD,SWING,0.2000,-80.124,214.149,-133.869,0.5878,0.2000,-0.0022,0.5878,-0.5899,0.0000,0,
22.0812,22.0800,OOD,SWING,0.2154,-77.860,226.423,-134.637,0.6262,0.2000,0.0027,0.6262,-0.6235,0.0490,0,
22.0911,22.0900,OOD,SWING,0.2308,-77.299,56.091,-135.376,0.6631,0.2000,0.2886,0.6631,-0.3745,0.3777,0,
22.1011,22.1000,OOD,SWING,0.2462,-74.323,297.651,-136.084,0.6985,0.2000,-0.0568,0.6985,-0.7553,0.0000,0,
22.1110,22.1100,OOD,SWING,0.2615,-72.497,182.555,-136.759,0.7323,0.2000,0.1371,0.7323,-0.5951,0.2036,0,
22.1212,22.1200,OOD,SWING,0.2769,-70.943,155.391,-137.400,0.7643,0.2000,0.1989,0.7643,-0.5654,0.2747,0,
22.1312,22.1300,OOD,SWING,0.2923,-68.234,270.940,-138.005,0.7946,0.2000,0.0393,0.7946,-0.7553,0.0912,0,
22.1412,22.1400,OOD,SWING,0.3077,-67.884,34.995,-138.573,0.8230,0.2000,0.4170,0.8230,-0.4059,0.5253,0,
22.1512,22.1500,OOD,SWING,0.3231,-65.694,219.005,-139.103,0.8495,0.2000,0.1539,0.8495,-0.6956,0.2229,0,
22.1612,22.1600,OOD,SWING,0.3385,-64.577,111.747,-139.593,0.8740,0.2000,0.3313,0.8740,-0.5427,0.4267,0,
22.1712,22.1700,OOD,SWING,0.3538,-62.646,193.031,-140.042,0.8964,0.2000,0.2199,0.8964,-0.6765,0.2987,0,
22.1812,22.1800,OOD,SWING,0.3692,-61.847,79.879,-140.449,0.9168,0.2000,0.4040,0.9168,-0.5128,0.5103,0,
22.1912,22.1900,OOD,SWING,0.3846,-60.965,88.272,-140.814,0.9350,0.2000,0.4034,0.9350,-0.5317,0.5096,0,
22.2005,22.2000,OOD,SWING,0.4000,-60.083,88.200,-141.135,0.9511,0.2000,0.4135,0.9511,-0.5376,0.5213,0,
22.2112,22.2100,OOD,SWING,0.4154,-59.016,106.629,-141.411,0.9649,0.2000,0.3930,0.9649,-0.5719,0.4977,0,
22.2211,22.2200,OOD,SWING,0.4308,-57.604,141.279,-141.642,0.9764,0.2000,0.3443,0.9764,-0.6321,0.4418,0,
22.2309,22.2300,OOD,SWING,0.4462,-57.922,-31.869,-141.828,0.9857,0.2000,0.6140,0.9857,-0.3717,0.7517,0,
22.2409,22.2400,OOD,SWING,0.4615,-57.376,54.683,-141.968,0.9927,0.2000,0.4877,0.9927,-0.5050,0.6066,0,
22.2512,22.2500,OOD,SWING,0.4769,-56.713,66.255,-142.061,0.9974,0.2000,0.4713,0.9974,-0.5261,0.5876,0,
22.2612,22.2600,OOD,SWING,0.4923,-57.486,-77.326,-142.108,0.9997,0.2000,0.6926,0.9997,-0.3071,0.8421,0,
22.2715,22.2700,OOD,SWING,0.5077,-56.091,139.548,-142.108,0.9997,0.2000,0.3603,0.9997,-0.6394,0.4601,0,
22.2811,22.2800,OOD,SWING,0.5231,-57.778,-168.688,-142.061,0.9974,0.2000,0.8290,0.9974,-0.1684,0.9988,0,
22.2912,22.2900,OOD,SWING,0.5385,-56.704,107.348,-141.968,0.9927,0.2000,0.4054,0.9927,-0.5873,0.5119,0,
22.3012,22.3000,OOD,SWING,0.5538,-58.283,-157.885,-141.828,0.9857,0.2000,0.8048,0.9857,-0.1809,0.9711,0,
22.3112,22.3100,OOD,SWING,0.5692,-57.909,37.356,-141.642,0.9764,0.2000,0.5017,0.9764,-0.4747,0.6227,0,
22.3212,22.3200,OOD,SWING,0.5846,-59.703,-179.332,-141.411,0.9649,0.2000,0.8253,0.9649,-0.1395,0.9946,0,
22.3312,22.3300,OOD,SWING,0.6000,-59.353,34.936,-141.135,0.9511,0.2000,0.4897,0.9511,-0.4613,0.6089,0,
22.3412,22.3400,OOD,SWING,0.6154,-61.211,-185.780,-140.814,0.9350,0.2000,0.8157,0.9350,-0.1193,0.9835,0,
22.3512,22.3500,OOD,SWING,0.6308,-62.471,-126.029,-140.449,0.9168,0.2000,0.7159,0.9168,-0.2008,0.8689,0,
22.3612,22.3600,OOD,SWING,0.6462,-64.370,-189.857,-140.042,0.8964,0.2000,0.8029,0.8964,-0.0936,0.9688,0,
22.3712,22.3700,OOD,SWING,0.6615,-65.216,-84.582,-139.593,0.8740,0.2000,0.6290,0.8740,-0.2450,0.7689,0,
22.3812,22.3800,OOD,SWING,0.6769,-68.215,-299.947,-139.103,0.8495,0.2000,0.9450,0.8495,0.0955,1.1321,0,
22.3911,22.3900,OOD,SWING,0.6923,-69.066,-85.090,-138.573,0.8230,0.2000,0.6031,0.8230,-0.2199,0.7392,0,
22.4012,22.4000,OOD,SWING,0.7077,-72.044,-297.814,-138.005,0.7946,0.2000,0.9115,0.7946,0.1169,1.0937,0,
22.4111,22.4100,OOD,SWING,0.7231,-72.924,-87.959,-137.400,0.7643,0.2000,0.5739,0.7643,-0.1904,0.7056,0,
22.4212,22.4200,OOD,SWING,0.7385,-75.956,-303.254,-136.759,0.7323,0.2000,0.8831,0.7323,0.1509,1.0611,0,
22.4311,22.4300,OOD,SWING,0.7538,-77.302,-134.511,-136.084,0.6985,0.2000,0.6064,0.6985,-0.0921,0.7430,0,
22.4412,22.4400,OOD,SWING,0.7692,-81.091,-378.892,-135.376,0.6631,0.2000,0.9600,0.6631,0.2969,1.1495,0,
22.4512,22.4500,OOD,SWING,0.7846,-82.853,-176.250,-134.637,0.6262,0.2000,0.6316,0.6262,0.0055,0.7720,0,
22.4612,22.4600,OOD,SWING,0.8000,-86.909,-405.585,-133.869,0.5878,0.2000,0.9614,0.5878,0.3736,1.1510,0,
22.4712,22.4700,OOD,SWING,0.8154,-88.300,-139.137,-133.074,0.5480,0.2000,0.5329,0.5480,-0.0152,0.6584,0,
22.4812,22.4800,OOD,SWING,0.8308,-92.310,-400.933,-132.253,0.5070,0.2000,0.9086,0.5070,0.4017,1.0904,0,
22.4912,22.4900,OOD,SWING,0.8462,-94.625,-231.567,-131.408,0.4647,0.2000,0.6282,0.4647,0.1634,0.7680,0,
22.5012,22.5000,OOD,SWING,0.8615,-97.524,-289.881,-130.542,0.4214,0.2000,0.6911,0.4214,0.2697,0.8404,0,
22.5114,22.5100,OOD,SWING,0.8769,-101.876,-435.221,-129.655,0.3771,0.2000,0.8910,0.3771,0.5139,1.0701,0,
22.5210,22.5200,OOD,SWING,0.8923,-103.999,-212.231,-128.752,0.3319,0.2000,0.5265,0.3319,0.1946,0.6511,0,
22.5312,22.5300,OOD,SWING,0.9077,-107.781,-378.224,-127.832,0.2859,0.2000,0.7530,0.2859,0.4671,0.9115,0,
22.5412,22.5400,OOD,SWING,0.9231,-109.959,-217.825,-126.900,0.2393,0.2000,0.4813,0.2393,0.2420,0.5993,0,
22.5511,22.5500,OOD,SWING,0.9385,-115.767,-580.841,-125.956,0.1921,0.2000,1.0124,0.1921,0.8203,1.2097,0,
22.5612,22.5600,OOD,SWING,0.9538,-116.592,-82.480,-125.003,0.1445,0.2000,0.2262,0.1445,0.0817,0.3059,0,
22.5712,22.5700,OOD,SWING,0.9692,-121.345,-475.244,-124.044,0.0965,0.2000,0.7959,0.0965,0.6994,0.9608,0,
22.5812,22.5800,OOD,SWING,0.9846,-124.275,-293.021,-123.080,0.0483,0.2000,0.4938,0.0483,0.4455,0.6136,0,
22.5912,22.5900,OOD,SWING,1.0000,-126.962,-268.676,-122.114,0.0000,0.2000,0.4273,0.0000,0.4273,0.5371,0,
22.6012,22.6000,OOD,SWING,1.0000,-132.053,-509.160,-122.114,0.0000,0.2000,0.8134,0.0000,0.8134,0.9810,0,
22.6119,22.6100,OOD,STANCE,0.0000,-132.911,-85.773,-122.114,0.0000,0.2000,0.1826,0.0000,0.1826,0.2559,0,
22.6219,22.6200,OOD,STANCE,0.0182,-138.416,-550.501,-122.114,0.0000,0.3000,0.9073,0.0000,0.9073,1.0888,0,
22.6313,22.6300,OOD,STANCE,0.0364,-138.920,-50.404,-122.114,0.0000,0.3000,0.1596,0.0000,0.1596,0.2295,0,
22.6411,22.6400,OOD,STANCE,0.0545,-144.366,-544.597,-122.114,0.0000,0.3000,0.9282,0.0000,0.9282,1.1128,0,
22.6511,22.6500,OOD,STANCE,0.0727,-144.872,-50.586,-122.114,0.0000,0.3000,0.1897,0.0000,0.1897,0.2640,0,
22.6612,22.6600,OOD,STANCE,0.0909,-148.286,-341.389,-122.114,0.0000,0.3000,0.6429,0.0000,0.6429,0.7850,0,
22.6711,22.6700,OOD,STANCE,0.1091,-150.324,-203.857,-122.114,0.0000,0.3000,0.4468,0.0000,0.4468,0.5596,0,
22.6812,22.6800,OOD,STANCE,0.1273,-152.970,-264.527,-122.114,0.0000,0.3000,0.5511,0.0000,0.5511,0.6794,0,
22.6911,22.6900,OOD,STANCE,0.1455,-154.749,-177.967,-122.114,0.0000,0.3000,0.4301,0.0000,0.4301,0.5404,0,
22.7012,22.7000,OOD,STANCE,0.1636,-156.934,-218.439,-122.114,0.0000,0.3000,0.5018,0.0000,0.5018,0.6227,0,
22.7112,22.7100,OOD,STANCE,0.1818,-157.566,-63.229,-122.114,0.0000,0.3000,0.2721,0.0000,0.2721,0.3587,0,
22.7212,22.7200,OOD,STANCE,0.2000,-161.130,-356.428,-122.114,0.0000,0.3000,0.7297,0.0000,0.7297,0.8847,0,
22.7310,22.7300,OOD,STANCE,0.2182,-160.836,29.453,-122.114,0.0000,0.3000,0.1494,0.0000,0.1494,0.2177,0,
22.7410,22.7400,OOD,STANCE,0.2364,-162.808,-197.243,-122.114,0.0000,0.3000,0.4993,0.0000,0.4993,0.6199,0,
22.7504,22.7500,OOD,STANCE,0.2545,-164.450,-164.163,-122.114,0.0000,0.3000,0.4579,0.0000,0.4579,0.5723,0,
22.7605,22.7600,OOD,STANCE,0.2727,-165.030,-58.025,-122.114,0.0000,0.3000,0.3016,0.0000,0.3016,0.3927,0,
22.7710,22.7700,OOD,STANCE,0.2909,-166.293,-126.262,-122.114,0.0000,0.3000,0.4103,0.0000,0.4103,0.5176,0,
22.7811,22.7800,OOD,STANCE,0.3091,-167.102,-80.904,-122.114,0.0000,0.3000,0.3463,0.0000,0.3463,0.4440,0,
22.7911,22.7900,OOD,STANCE,0.3273,-167.949,-84.700,-122.114,0.0000,0.3000,0.3562,0.0000,0.3562,0.4554,0,
22.8012,22.8000,OOD,STANCE,0.3455,-167.563,38.618,-122.114,0.0000,0.3000,0.1693,0.0000,0.1693,0.2406,0,
22.8111,22.8100,OOD,STANCE,0.3636,-169.136,-157.304,-122.114,0.0000,0.3000,0.4711,0.0000,0.4711,0.5874,0,
22.8212,22.8200,OOD,STANCE,0.3818,-168.742,39.331,-122.114,0.0000,0.3000,0.1741,0.0000,0.1741,0.2461,0,
22.8311,22.8300,OOD,STANCE,0.4000,-169.756,-101.359,-122.114,0.0000,0.3000,0.3903,0.0000,0.3903,0.4945,0,
22.8411,22.8400,OOD,STANCE,0.4182,-168.897,85.896,-122.114,0.0000,0.3000,0.1051,0.0000,0.1051,0.1667,0,
22.8511,22.8500,OOD,STANCE,0.4364,-169.462,-56.471,-122.114,0.0000,0.3000,0.3214,0.0000,0.3214,0.4155,0,
22.8612,22.8600,OOD,STANCE,0.4545,-169.029,43.227,-122.114,0.0000,0.3000,0.1697,0.0000,0.1697,0.2411,0,
22.8711,22.8700,OOD,STANCE,0.4727,-167.459,156.999,-122.114,0.0000,0.3000,-0.0088,0.0000,-0.0088,0.0000,0,
22.8814,22.8800,OOD,STANCE,0.4909,-168.520,-106.030,-122.114,0.0000,0.3000,0.3911,0.0000,0.3911,0.4955,0,
22.8911,22.8900,OOD,STANCE,0.5091,-166.269,225.076,-122.114,0.0000,0.3000,-0.1168,0.0000,-0.1168,0.0000,0,
22.9012,22.9000,OOD,STANCE,0.5273,-167.229,-95.963,-122.114,0.0000,0.3000,0.3695,0.0000,0.3695,0.4707,0,
22.9111,22.9100,OOD,STANCE,0.5455,-164.468,276.012,-122.114,0.0000,0.3000,-0.2022,0.0000,-0.2022,0.0000,0,
22.9211,22.9200,OOD,STANCE,0.5636,-164.135,33.389,-122.114,0.0000,0.3000,0.1600,0.0000,0.1600,0.2299,0,
22.9311,22.9300,OOD,STANCE,0.5818,-162.367,176.755,-122.114,0.0000,0.3000,-0.0639,0.0000,-0.0639,0.0000,0,
22.9412,22.9400,OOD,STANCE,0.6000,-161.750,61.699,-122.114,0.0000,0.3000,0.1056,0.0000,0.1056,0.1674,0,
22.9511,22.9500,OOD,STANCE,0.6182,-160.364,138.568,-122.114,0.0000,0.3000,-0.0166,0.0000,-0.0166,0.0000,0,
22.9612,22.9600,OOD,STANCE,0.6364,-158.249,211.521,-122.114,0.0000,0.3000,-0.1366,0.0000,-0.1366,0.0000,0,
22.9712,22.9700,OOD,STANCE,0.6545,-156.976,127.333,-122.114,0.0000,0.3000,-0.0167,0.0000,-0.0167,0.0000,0,
22.9811,22.9800,OOD,STANCE,0.6727,-155.582,139.373,-122.114,0.0000,0.3000,-0.0417,0.0000,-0.0417,0.0000,0,
22.9911,22.9900,OOD,STANCE,0.6909,-153.351,223.097,-122.114,0.0000,0.3000,-0.1785,0.0000,-0.1785,0.0000,0,
23.0010,23.0000,OOD,STANCE,0.7091,-151.253,209.816,-122.114,0.0000,0.3000,-0.1690,0.0000,-0.1690,0.0000,0,
23.0109,23.0100,OOD,STANCE,0.7273,-148.990,226.290,-122.114,0.0000,0.3000,-0.2051,0.0000,-0.2051,0.0000,0,
23.0212,23.0200,OOD,STANCE,0.7455,-147.151,183.910,-122.114,0.0000,0.3000,-0.1507,0.0000,-0.1507,0.0000,0,
23.0311,23.0300,OOD,STANCE,0.7636,-144.885,226.631,-122.114,0.0000,0.3000,-0.2261,0.0000,-0.2261,0.0000,0,
23.0412,23.0400,OOD,STANCE,0.7818,-142.383,250.143,-122.114,0.0000,0.3000,-0.2739,0.0000,-0.2739,0.0000,0,
23.0511,23.0500,OOD,STANCE,0.8000,-139.173,321.064,-122.114,0.0000,0.3000,-0.3963,0.0000,-0.3963,0.0000,0,
23.0612,23.0600,OOD,STANCE,0.8182,-137.067,210.542,-122.114,0.0000,0.3000,-0.2410,0.0000,-0.2410,0.0000,0,
23.0711,23.0700,OOD,STANCE,0.8364,-134.343,272.408,-122.114,0.0000,0.3000,-0.3475,0.0000,-0.3475,0.0000,0,
23.0812,23.0800,OOD,STANCE,0.8545,-130.894,344.915,-122.114,0.0000,0.3000,-0.4735,0.0000,-0.4735,0.0000,0,
23.0911,23.0900,OOD,STANCE,0.8727,-128.004,288.971,-122.114,0.0000,0.3000,-0.4040,0.0000,-0.4040,0.0000,0,
23.1011,23.1000,OOD,STANCE,0.8909,-125.029,297.564,-122.114,0.0000,0.3000,-0.4318,0.0000,-0.4318,0.0000,0,
23.1110,23.1100,OOD,STANCE,0.9091,-122.677,235.197,-122.114,0.0000,0.3000,-0.3500,0.0000,-0.3500,0.0000,0,
23.1210,23.1200,OOD,STANCE,0.9273,-119.266,341.084,-122.114,0.0000,0.3000,-0.5259,0.0000,-0.5259,0.0000,0,
23.1311,23.1300,OOD,STANCE,0.9455,-116.076,319.017,-122.114,0.0000,0.3000,-0.5087,0.0000,-0.5087,0.0000,0,
23.1411,23.1400,OOD,STANCE,0.9636,-113.706,236.906,-122.114,0.0000,0.3000,-0.3974,0.0000,-0.3974,0.0000,0,
23.1511,23.1500,OOD,SWING,0.0000,-110.722,298.418,-122.114,0.0000,0.3000,-0.5046,0.0000,-0.5046,0.0000,0,
23.1612,23.1600,OOD,SWING,0.0149,-107.872,284.996,-123.520,0.0469,0.3000,-0.4354,0.0703,-0.5057,0.0000,0,
23.1712,23.1700,OOD,SWING,0.0299,-104.331,354.148,-124.923,0.0936,0.3000,-0.4937,0.1405,-0.6342,0.0000,0,
23.1812,23.1800,OOD,SWING,0.0448,-101.820,251.064,-126.320,0.1402,0.3000,-0.2888,0.2103,-0.4991,0.0000,0,
23.1912,23.1900,OOD,SWING,0.0597,-100.024,179.586,-127.707,0.1865,0.3000,-0.1281,0.2797,-0.4078,0.0000,0,
23.2012,23.2000,OOD,SWING,0.0746,-97.478,254.612,-129.083,0.2323,0.3000,-0.1915,0.3485,-0.5399,0.0000,0,
23.2112,23.2100,OOD,SWING,0.0896,-94.074,340.404,-130.443,0.2776,0.3000,-0.2760,0.4165,-0.6924,0.0000,0,
23.2213,23.2200,OOD,SWING,0.1045,-91.974,209.998,-131.784,0.3224,0.3000,-0.0305,0.4835,-0.5140,0.0000,0,
23.2312,23.2300,OOD,SWING,0.1194,-89.329,264.554,-133.105,0.3664,0.3000,-0.0661,0.5496,-0.6157,0.0000,0,
23.2411,23.2400,OOD,SWING,0.1343,-87.193,213.534,-134.401,0.4096,0.3000,0.0580,0.6144,-0.5563,0.1127,0,
23.2512,23.2500,OOD,SWING,0.1493,-84.236,295.733,-135.671,0.4519,0.3000,-0.0229,0.6779,-0.7008,0.0000,0,
23.2612,23.2600,OOD,SWING,0.1642,-83.341,89.529,-136.910,0.4932,0.3000,0.3377,0.7398,-0.4021,0.4341,0,
23.2712,23.2700,OOD,SWING,0.1791,-79.037,430.382,-138.117,0.5334,0.3000,-0.1408,0.8002,-0.9410,0.0000,0,
23.2812,23.2800,OOD,SWING,0.1940,-77.248,178.840,-139.289,0.5725,0.3000,0.2803,0.8588,-0.5785,0.3682,0,
23.2912,23.2900,OOD,SWING,0.2090,-74.157,309.120,-140.423,0.6103,0.3000,0.1205,0.9155,-0.7950,0.1844,0,
23.3012,23.3000,OOD,SWING,0.2239,-72.710,144.765,-141.517,0.6468,0.3000,0.4090,0.9702,-0.5612,0.5161,0,
23.3110,23.3100,OOD,SWING,0.2388,-69.258,345.168,-142.568,0.6818,0.3000,0.1384,1.0227,-0.8843,0.2051,0,
23.3212,23.3200,OOD,SWING,0.2537,-67.837,142.099,-143.574,0.7153,0.3000,0.4812,1.0730,-0.5918,0.5991,0,
23.3312,23.3300,OOD,SWING,0.2687,-64.470,336.649,-144.533,0.7473,0.3000,0.2157,1.1210,-0.9053,0.2939,0,
23.3412,23.3400,OOD,SWING,0.2836,-62.927,154.314,-145.443,0.7776,0.3000,0.5224,1.1665,-0.6440,0.6464,0,
23.3512,23.3500,OOD,SWING,0.2985,-60.584,234.291,-146.301,0.8063,0.3000,0.4294,1.2094,-0.7800,0.5395,0,
23.3612,23.3600,OOD,SWING,0.3134,-58.701,188.372,-147.106,0.8331,0.3000,0.5251,1.2496,-0.7246,0.6495,0,
23.3712,23.3700,OOD,SWING,0.3284,-57.436,126.455,-147.857,0.8581,0.3000,0.6454,1.2872,-0.6418,0.7878,0,
23.3812,23.3800,OOD,SWING,0.3433,-54.687,274.903,-148.550,0.8812,0.3000,0.4402,1.3218,-0.8817,0.5519,0,
23.3912,23.3900,OOD,SWING,0.3582,-52.704,198.312,-149.186,0.9024,0.3000,0.5737,1.3536,-0.7799,0.7055,0,
23.4012,23.4000,OOD,SWING,0.3731,-52.843,-13.881,-149.762,0.9216,0.3000,0.9187,1.3824,-0.4638,1.1019,0,
23.4112,23.4100,OOD,SWING,0.3881,-48.785,405.799,-150.277,0.9388,0.3000,0.2920,1.4082,-1.1162,0.3817,0,
23.4212,23.4200,OOD,SWING,0.4030,-50.533,-174.846,-150.731,0.9539,0.3000,1.1921,1.4309,-0.2387,1.4163,0,
23.4312,23.4300,OOD,SWING,0.4179,-47.503,302.985,-151.121,0.9669,0.3000,0.4778,1.4504,-0.9726,0.5952,0,
23.4412,23.4400,OOD,SWING,0.4328,-46.961,54.283,-151.448,0.9778,0.3000,0.8629,1.4667,-0.6039,1.0378,0,
23.4512,23.4500,OOD,SWING,0.4478,-45.923,103.718,-151.710,0.9866,0.3000,0.7953,1.4798,-0.6845,0.9602,0,
23.4612,23.4600,OOD,SWING,0.4627,-46.288,-36.443,-151.908,0.9931,0.3000,1.0163,1.4897,-0.4734,1.2141,0,
23.4712,23.4700,OOD,SWING,0.4776,-44.513,177.439,-152.039,0.9975,0.3000,0.6925,1.4963,-0.8038,0.8420,0,
23.4812,23.4800,OOD,SWING,0.4925,-45.961,-144.780,-152.105,0.9997,0.3000,1.1860,1.4996,-0.3136,1.4092,0,
23.4912,23.4900,OOD,SWING,0.5075,-44.284,167.768,-152.105,0.9997,0.3000,0.7088,1.4996,-0.7908,0.8607,0,
23.5012,23.5000,OOD,SWING,0.5224,-45.797,-151.357,-152.039,0.9975,0.3000,1.1921,1.4963,-0.3042,1.4162,0,
23.5112,23.5100,OOD,SWING,0.5373,-45.052,74.481,-151.908,0.9931,0.3000,0.8437,1.4897,-0.6460,1.0158,0,
23.5212,23.5200,OOD,SWING,0.5522,-46.177,-112.468,-151.710,0.9866,0.3000,1.1209,1.4798,-0.3590,1.3343,0,
23.5312,23.5300,OOD,SWING,0.5672,-46.347,-16.972,-151.448,0.9778,0.3000,0.9667,1.4667,-0.5000,1.1571,0,
23.5412,23.5400,OOD,SWING,0.5821,-48.006,-165.927,-151.121,0.9669,0.3000,1.1837,1.4504,-0.2667,1.4066,0,
23.5511,23.5500,OOD,SWING,0.5970,-48.020,-1.390,-150.731,0.9539,0.3000,0.9194,1.4309,-0.5115,1.1028,0,
23.5612,23.5600,OOD,SWING,0.6119,-50.454,-243.365,-150.277,0.9388,0.3000,1.2741,1.4082,-0.1341,1.5105,0,
23.5712,23.5700,OOD,SWING,0.6269,-50.519,-6.545,-149.762,0.9216,0.3000,0.8960,1.3824,-0.4864,1.0759,0,
23.5812,23.5800,OOD,SWING,0.6418,-53.492,-297.316,-149.186,0.9024,0.3000,1.3211,1.3536,-0.0325,1.5645,0,
23.5912,23.5900,OOD,SWING,0.6567,-53.753,-26.070,-148.550,0.8812,0.3000,0.8870,1.3218,-0.4349,1.0655,0,
23.6012,23.6000,OOD,SWING,0.6716,-56.334,-258.098,-147.857,0.8581,0.3000,1.2167,1.2872,-0.0705,1.4445,0,
23.6111,23.6100,OOD,SWING,0.6866,-58.662,-232.790,-147.106,0.8331,0.3000,1.1566,1.2496,-0.0930,1.3754,0,
23.6212,23.6200,OOD,SWING,0.7015,-60.969,-230.686,-146.301,0.8063,0.3000,1.1287,1.2094,-0.0806,1.3434,0,
23.6311,23.6300,OOD,SWING,0.7164,-62.046,-107.768,-145.443,0.7776,0.3000,0.9111,1.1665,-0.2553,1.0932,0,
23.6412,23.6400,OOD,SWING,0.7313,-66.172,-412.537,-144.533,0.7473,0.3000,1.3480,1.1210,0.2270,1.5954,0,
23.6512,23.6500,OOD,SWING,0.7463,-67.766,-159.480,-143.574,0.7153,0.3000,0.9332,1.0730,-0.1398,1.1186,0,
23.6612,23.6600,OOD,SWING,0.7612,-71.314,-354.797,-142.568,0.6818,0.3000,1.1986,1.0227,0.1759,1.4237,0,
23.6712,23.6700,OOD,SWING,0.7761,-73.807,-249.289,-141.517,0.6468,0.3000,1.0055,0.9702,0.0354,1.2018,0,
23.6812,23.6800,OOD,SWING,0.7910,-76.459,-265.124,-140.423,0.6103,0.3000,0.9933,0.9155,0.0779,1.1877,0,
23.6912,23.6900,OOD,SWING,0.8060,-79.984,-352.567,-139.289,0.5725,0.3000,1.0911,0.8588,0.2323,1.3001,0,
23.7012,23.7000,OOD,SWING,0.8209,-82.891,-290.688,-138.117,0.5334,0.3000,0.9601,0.8002,0.1599,1.1495,0,
23.7110,23.7100,OOD,SWING,0.8358,-86.658,-376.691,-136.910,0.4932,0.3000,1.0536,0.7398,0.3138,1.2570,0,
23.7211,23.7200,OOD,SWING,0.8507,-90.592,-393.374,-135.671,0.4519,0.3000,1.0425,0.6779,0.3647,1.2443,0,
23.7312,23.7300,OOD,SWING,0.8657,-93.317,-272.500,-134.401,0.4096,0.3000,0.8177,0.6144,0.2033,0.9859,0,
23.7412,23.7400,OOD,SWING,0.8806,-96.981,-366.414,-133.105,0.3664,0.3000,0.9186,0.5496,0.3690,1.1018,0,
23.7512,23.7500,OOD,SWING,0.8955,-101.681,-470.019,-131.784,0.3224,0.3000,1.0381,0.4835,0.5545,1.2391,0,
23.7612,23.7600,OOD,SWING,0.9104,-103.419,-173.760,-130.443,0.2776,0.3000,0.5420,0.4165,0.1255,0.6689,0,
23.7712,23.7700,OOD,SWING,0.9254,-109.209,-579.010,-129.083,0.2323,0.3000,1.1176,0.3485,0.7691,1.3306,0,
23.7810,23.7800,OOD,SWING,0.9403,-110.486,-127.669,-127.707,0.1865,0.3000,0.3851,0.2797,0.1054,0.4886,0,
23.7910,23.7900,OOD,SWING,0.9552,-116.746,-626.000,-126.320,0.1402,0.3000,1.1014,0.2103,0.8911,1.3120,0,
23.8009,23.8000,OOD,SWING,0.9701,-117.847,-110.137,-124.923,0.0936,0.3000,0.2703,0.1405,0.1298,0.3567,0,
23.8106,23.8100,OOD,SWING,0.9851,-124.266,-641.903,-123.520,0.0469,0.3000,1.0369,0.0703,0.9666,1.2378,0,
23.8209,23.8200,OOD,SWING,1.0000,-125.832,-156.571,-122.114,0.0000,0.3000,0.2534,0.0000,0.2534,0.3373,0,
23.8319,23.8300,OOD,STANCE,0.0000,-131.991,-615.939,-122.114,0.0000,0.3000,0.9733,0.0000,0.9733,1.1647,0,
23.8419,23.8400,OOD,STANCE,0.0185,-132.684,-69.317,-122.114,0.0000,0.4000,0.1568,0.0000,0.1568,0.2262,0,
23.8511,23.8500,OOD,STANCE,0.0370,-137.723,-503.863,-122.114,0.0000,0.4000,0.8338,0.0000,0.8338,1.0044,0,
23.8611,23.8600,OOD,STANCE,0.0556,-140.898,-317.511,-122.114,0.0000,0.4000,0.5702,0.0000,0.5702,0.7014,0,
23.8711,23.8700,OOD,STANCE,0.0741,-143.518,-261.994,-122.114,0.0000,0.4000,0.5000,0.0000,0.5000,0.6207,0,
23.8811,23.8800,OOD,STANCE,0.0926,-145.468,-195.014,-122.114,0.0000,0.4000,0.4093,0.0000,0.4093,0.5164,0,
23.8911,23.8900,OOD,STANCE,0.1111,-149.160,-369.196,-122.114,0.0000,0.4000,0.6890,0.0000,0.6890,0.8380,0,
23.9012,23.9000,OOD,STANCE,0.1296,-150.874,-171.366,-122.114,0.0000,0.4000,0.4008,0.0000,0.4008,0.5067,0,
23.9111,23.9100,OOD,STANCE,0.1481,-153.256,-238.246,-122.114,0.0000,0.4000,0.5131,0.0000,0.5131,0.6357,0,
23.9211,23.9200,OOD,STANCE,0.1667,-155.321,-206.515,-122.114,0.0000,0.4000,0.4758,0.0000,0.4758,0.5929,0,
23.9311,23.9300,OOD,STANCE,0.1852,-157.568,-224.694,-122.114,0.0000,0.4000,0.5143,0.0000,0.5143,0.6371,0,
23.9412,23.9400,OOD,STANCE,0.2037,-158.968,-140.023,-122.114,0.0000,0.4000,0.3943,0.0000,0.3943,0.4992,0,
23.9511,23.9500,OOD,STANCE,0.2222,-160.183,-121.504,-122.114,0.0000,0.4000,0.3726,0.0000,0.3726,0.4743,0,
23.9612,23.9600,OOD,STANCE,0.2407,-162.041,-185.743,-122.114,0.0000,0.4000,0.4783,0.0000,0.4783,0.5957,0,
23.9711,23.9700,OOD,STANCE,0.2593,-162.540,-49.879,-122.114,0.0000,0.4000,0.2769,0.0000,0.2769,0.3643,0,
23.9811,23.9800,OOD,STANCE,0.2778,-164.381,-184.112,-122.114,0.0000,0.4000,0.4875,0.0000,0.4875,0.6063,0,
23.9911,23.9900,OOD,STANCE,0.2963,-165.090,-70.947,-122.114,0.0000,0.4000,0.3213,0.0000,0.3213,0.4153,0,
24.0011,24.0000,OOD,STANCE,0.3148,-165.157,-6.643,-122.114,0.0000,0.4000,0.2252,0.0000,0.2252,0.3048,0,
24.0111,24.0100,OOD,STANCE,0.3333,-167.294,-213.770,-122.114,0.0000,0.4000,0.5466,0.0000,0.5466,0.6742,0,
24.0212,24.0200,OOD,STANCE,0.3519,-166.200,109.407,-122.114,0.0000,0.4000,0.0563,0.0000,0.0563,0.1107,0,
24.0311,24.0300,OOD,STANCE,0.3704,-167.970,-177.001,-122.114,0.0000,0.4000,0.4948,0.0000,0.4948,0.6147,0,
24.0412,24.0400,OOD,STANCE,0.3889,-167.067,90.381,-122.114,0.0000,0.4000,0.0892,0.0000,0.0892,0.1485,0,
24.0511,24.0500,OOD,STANCE,0.4074,-167.187,-12.075,-122.114,0.0000,0.4000,0.2435,0.0000,0.2435,0.3258,0,
24.0611,24.0600,OOD,STANCE,0.4259,-167.584,-39.636,-122.114,0.0000,0.4000,0.2868,0.0000,0.2868,0.3756,0,
24.0711,24.0700,OOD,STANCE,0.4444,-166.684,89.989,-122.114,0.0000,0.4000,0.0879,0.0000,0.0879,0.1470,0,
24.0810,24.0800,OOD,STANCE,0.4630,-166.152,53.156,-122.114,0.0000,0.4000,0.1405,0.0000,0.1405,0.2074,0,
24.0908,24.0900,OOD,STANCE,0.4815,-165.699,45.330,-122.114,0.0000,0.4000,0.1499,0.0000,0.1499,0.2183,0,
24.1010,24.1000,OOD,STANCE,0.5000,-165.496,20.248,-122.114,0.0000,0.4000,0.1865,0.0000,0.1865,0.2604,0,
24.1111,24.1100,OOD,STANCE,0.5185,-164.539,95.739,-122.114,0.0000,0.4000,0.0685,0.0000,0.0685,0.1247,0,
24.1212,24.1200,OOD,STANCE,0.5370,-163.266,127.328,-122.114,0.0000,0.4000,0.0148,0.0000,0.0148,0.0630,0,
24.1311,24.1300,OOD,STANCE,0.5556,-163.102,16.341,-122.114,0.0000,0.4000,0.1804,0.0000,0.1804,0.2534,0,
24.1412,24.1400,OOD,STANCE,0.5741,-160.939,216.335,-122.114,0.0000,0.4000,-0.1304,0.0000,-0.1304,0.0000,0,
24.1511,24.1500,OOD,STANCE,0.5926,-159.809,113.033,-122.114,0.0000,0.4000,0.0189,0.0000,0.0189,0.0677,0,
24.1612,24.1600,OOD,STANCE,0.6111,-158.243,156.570,-122.114,0.0000,0.4000,-0.0542,0.0000,-0.0542,0.0000,0,
24.1711,24.1700,OOD,STANCE,0.6296,-157.035,120.764,-122.114,0.0000,0.4000,-0.0065,0.0000,-0.0065,0.0000,0,
24.1811,24.1800,OOD,STANCE,0.6481,-155.276,175.937,-122.114,0.0000,0.4000,-0.0981,0.0000,-0.0981,0.0000,0,
24.1911,24.1900,OOD,STANCE,0.6667,-152.863,241.266,-122.114,0.0000,0.4000,-0.2082,0.0000,-0.2082,0.0000,0,
24.2011,24.2000,OOD,STANCE,0.6852,-151.178,168.497,-122.114,0.0000,0.4000,-0.1074,0.0000,-0.1074,0.0000,0,
24.2111,24.2100,OOD,STANCE,0.7037,-148.725,245.335,-122.114,0.0000,0.4000,-0.2349,0.0000,-0.2349,0.0000,0,
24.2212,24.2200,OOD,STANCE,0.7222,-146.619,210.634,-122.114,0.0000,0.4000,-0.1934,0.0000,-0.1934,0.0000,0,
24.2311,24.2300,OOD,STANCE,0.7407,-144.455,216.373,-122.114,0.0000,0.4000,-0.2129,0.0000,-0.2129,0.0000,0,
24.2412,24.2400,OOD,STANCE,0.7593,-142.491,196.432,-122.114,0.0000,0.4000,-0.1928,0.0000,-0.1928,0.0000,0,
24.2511,24.2500,OOD,STANCE,0.7778,-139.899,259.145,-122.114,0.0000,0.4000,-0.2998,0.0000,-0.2998,0.0000,0,
24.2612,24.2600,OOD,STANCE,0.7963,-136.650,324.940,-122.114,0.0000,0.4000,-0.4147,0.0000,-0.4147,0.0000,0,
24.2711,24.2700,OOD,STANCE,0.8148,-134.013,263.665,-122.114,0.0000,0.4000,-0.3360,0.0000,-0.3360,0.0000,0,
24.2812,24.2800,OOD,STANCE,0.8333,-131.376,263.657,-122.114,0.0000,0.4000,-0.3492,0.0000,-0.3492,0.0000,0,
24.2911,24.2900,OOD,STANCE,0.8519,-127.950,342.670,-122.114,0.0000,0.4000,-0.4848,0.0000,-0.4848,0.0000,0,
24.3011,24.3000,OOD,STANCE,0.8704,-124.706,324.426,-122.114,0.0000,0.4000,-0.4737,0.0000,-0.4737,0.0000,0,
24.3110,24.3100,OOD,STANCE,0.8889,-122.286,241.908,-122.114,0.0000,0.4000,-0.3620,0.0000,-0.3620,0.0000,0,
24.3211,24.3200,OOD,STANCE,0.9074,-119.283,300.331,-122.114,0.0000,0.4000,-0.4646,0.0000,-0.4646,0.0000,0,
24.3311,24.3300,OOD,STANCE,0.9259,-116.600,268.318,-122.114,0.0000,0.4000,-0.4300,0.0000,-0.4300,0.0000,0,
24.3412,24.3400,OOD,STANCE,0.9444,-113.736,286.361,-122.114,0.0000,0.4000,-0.4714,0.0000,-0.4714,0.0000,0,
24.3511,24.3500,OOD,STANCE,0.9630,-109.778,395.787,-122.114,0.0000,0.4000,-0.6554,0.0000,-0.6554,0.0000,0,
24.3612,24.3600,OOD,STANCE,0.9815,-108.214,156.433,-122.114,0.0000,0.4000,-0.3041,0.0000,-0.3041,0.0000,0,
24.3712,24.3700,OOD,SWING,0.0000,-104.966,324.780,-122.114,0.0000,0.4000,-0.5729,0.0000,-0.5729,0.0000,0,
24.3812,24.3800,OOD,SWING,0.0147,-102.327,263.933,-123.961,0.0462,0.4000,-0.4117,0.0924,-0.5041,0.0000,0,
24.3912,24.3900,OOD,SWING,0.0294,-99.504,282.351,-125.804,0.0923,0.4000,-0.3705,0.1845,-0.5550,0.0000,0,
24.4011,24.4000,OOD,SWING,0.0441,-96.426,307.733,-127.640,0.1382,0.4000,-0.3414,0.2763,-0.6177,0.0000,0,
24.4112,24.4100,OOD,SWING,0.0588,-93.914,251.170,-129.464,0.1837,0.4000,-0.1870,0.3675,-0.5545,0.0000,0,
24.4212,24.4200,OOD,SWING,0.0735,-91.925,198.910,-131.272,0.2290,0.4000,-0.0372,0.4579,-0.4951,0.0000,0,
24.4312,24.4300,OOD,SWING,0.0882,-89.075,285.041,-133.060,0.2737,0.4000,-0.1002,0.5473,-0.6475,0.0000,0,
24.4410,24.4400,OOD,SWING,0.1029,-87.591,148.404,-134.825,0.3178,0.4000,0.1768,0.6356,-0.4588,0.2492,0,
24.4512,24.4500,OOD,SWING,0.1176,-83.842,374.846,-136.563,0.3612,0.4000,-0.1034,0.7225,-0.8259,0.0000,0,
24.4612,24.4600,OOD,SWING,0.1324,-81.400,244.198,-138.270,0.4039,0.4000,0.1572,0.8078,-0.6506,0.2267,0,
24.4712,24.4700,OOD,SWING,0.1471,-79.514,188.683,-139.943,0.4457,0.4000,0.3063,0.8915,-0.5852,0.3981,0,
24.4812,24.4800,OOD,SWING,0.1618,-75.806,370.746,-141.578,0.4866,0.4000,0.0882,0.9732,-0.8850,0.1474,0,
24.4911,24.4900,OOD,SWING,0.1765,-73.400,240.593,-143.171,0.5264,0.4000,0.3431,1.0529,-0.7097,0.4404,0,
24.5012,24.5000,OOD,SWING,0.1912,-71.243,215.767,-144.719,0.5651,0.4000,0.4392,1.1303,-0.6910,0.5509,0,
24.5112,24.5100,OOD,SWING,0.2059,-67.600,364.211,-146.219,0.6026,0.4000,0.2659,1.2053,-0.9394,0.3516,0,
24.5212,24.5200,OOD,SWING,0.2206,-65.786,181.439,-147.667,0.6388,0.4000,0.5961,1.2777,-0.6816,0.7312,0,
24.5312,24.5300,OOD,SWING,0.2353,-62.600,318.614,-149.061,0.6737,0.4000,0.4372,1.3474,-0.9102,0.5485,0,
24.5412,24.5400,OOD,SWING,0.2500,-59.789,281.140,-150.398,0.7071,0.4000,0.5395,1.4142,-0.8748,0.6660,0,
24.5512,24.5500,OOD,SWING,0.2647,-57.845,194.333,-151.674,0.7390,0.4000,0.7174,1.4780,-0.7606,0.8705,0,
24.5610,24.5600,OOD,SWING,0.2794,-53.803,404.211,-152.887,0.7693,0.4000,0.4369,1.5387,-1.1017,0.5482,0,
24.5712,24.5700,OOD,SWING,0.2941,-53.383,42.041,-154.034,0.7980,0.4000,1.0297,1.5960,-0.5663,1.2296,0,
24.5812,24.5800,OOD,SWING,0.3088,-49.440,394.297,-155.113,0.8250,0.4000,0.5302,1.6500,-1.1198,0.6554,0,
24.5912,24.5900,OOD,SWING,0.3235,-48.612,82.757,-156.122,0.8502,0.4000,1.0387,1.7004,-0.6617,1.2399,0,
24.6012,24.6000,OOD,SWING,0.3382,-45.353,325.920,-157.058,0.8736,0.4000,0.6998,1.7472,-1.0474,0.8504,0,
24.6111,24.6100,OOD,SWING,0.3529,-44.624,72.873,-157.920,0.8952,0.4000,1.1145,1.7903,-0.6758,1.3271,0,
24.6212,24.6200,OOD,SWING,0.3676,-41.724,290.017,-158.705,0.9148,0.4000,0.8097,1.8296,-1.0199,0.9766,0,
24.6312,24.6300,OOD,SWING,0.3824,-41.366,35.834,-159.412,0.9325,0.4000,1.2210,1.8649,-0.6440,1.4494,0,
24.6412,24.6400,OOD,SWING,0.3971,-38.802,256.341,-160.040,0.9482,0.4000,0.9056,1.8963,-0.9907,1.0869,0,
24.6512,24.6500,OOD,SWING,0.4118,-38.105,69.757,-160.587,0.9618,0.4000,1.2066,1.9237,-0.7170,1.4329,0,
24.6612,24.6600,OOD,SWING,0.4265,-37.552,55.272,-161.051,0.9734,0.4000,1.2465,1.9469,-0.7004,1.4787,0,
24.6712,24.6700,OOD,SWING,0.4412,-35.651,190.133,-161.432,0.9830,0.4000,1.0518,1.9659,-0.9141,1.2550,0,
24.6811,24.6800,OOD,SWING,0.4559,-35.464,18.622,-161.730,0.9904,0.4000,1.3216,1.9808,-0.6593,1.5650,0,
24.6911,24.6900,OOD,SWING,0.4706,-34.300,116.436,-161.943,0.9957,0.4000,1.1786,1.9915,-0.8129,1.4007,0,
24.7012,24.7000,OOD,SWING,0.4853,-34.774,-47.434,-162.071,0.9989,0.4000,1.4325,1.9979,-0.5653,1.6926,0,
24.7112,24.7100,OOD,SWING,0.5000,-33.683,109.191,-162.114,1.0000,0.4000,1.1941,2.0000,-0.8059,1.4185,0,
24.7212,24.7200,OOD,SWING,0.5147,-34.730,-104.708,-162.071,0.9989,0.4000,1.5182,1.9979,-0.4796,1.7911,0,
24.7312,24.7300,OOD,SWING,0.5294,-34.688,4.167,-161.943,0.9957,0.4000,1.3489,1.9915,-0.6425,1.5965,0,
24.7412,24.7400,OOD,SWING,0.5441,-34.274,41.427,-161.730,0.9904,0.4000,1.2814,1.9808,-0.6994,1.5188,0,
24.7512,24.7500,OOD,SWING,0.5588,-35.901,-162.748,-161.432,0.9830,0.4000,1.5824,1.9659,-0.3835,1.8648,0,
24.7605,24.7600,OOD,SWING,0.5735,-36.342,-44.058,-161.051,0.9734,0.4000,1.3894,1.9469,-0.5575,1.6430,0,
24.7705,24.7700,OOD,SWING,0.5882,-36.752,-41.014,-160.587,0.9618,0.4000,1.3660,1.9237,-0.5577,1.6161,0,
24.7805,24.7800,OOD,SWING,0.6029,-38.807,-205.556,-160.040,0.9482,0.4000,1.5985,1.8963,-0.2978,1.8833,0,
24.7912,24.7900,OOD,SWING,0.6176,-39.999,-119.144,-159.412,0.9325,0.4000,1.4466,1.8649,-0.4184,1.7087,0,
24.8013,24.8000,OOD,SWING,0.6324,-41.115,-111.623,-158.705,0.9148,0.4000,1.4091,1.8296,-0.4205,1.6656,0,
24.8111,24.8100,OOD,SWING,0.6471,-43.540,-242.525,-157.920,0.8952,0.4000,1.5822,1.7903,-0.2081,1.8646,0,
24.8212,24.8200,OOD,SWING,0.6618,-44.829,-128.863,-157.058,0.8736,0.4000,1.3794,1.7472,-0.3679,1.6315,0,
24.8311,24.8300,OOD,SWING,0.6765,-48.136,-330.748,-156.122,0.8502,0.4000,1.6566,1.7004,-0.0438,1.9501,0,
24.8412,24.8400,OOD,SWING,0.6912,-49.433,-129.676,-155.113,0.8250,0.4000,1.3161,1.6500,-0.3339,1.5587,0,
24.8512,24.8500,OOD,SWING,0.7059,-52.936,-350.277,-154.034,0.7980,0.4000,1.6160,1.5960,0.0199,1.9034,0,
24.8612,24.8600,OOD,SWING,0.7206,-54.594,-165.795,-152.887,0.7693,0.4000,1.2959,1.5387,-0.2428,1.5355,0,
24.8713,24.8700,OOD,SWING,0.7353,-58.983,-438.905,-151.674,0.7390,0.4000,1.6729,1.4780,0.1949,1.9689,0,
24.8812,24.8800,OOD,SWING,0.7500,-59.218,-23.534,-150.398,0.7071,0.4000,0.9936,1.4142,-0.4206,1.1881,0,
24.8912,24.8900,OOD,SWING,0.7647,-65.577,-635.893,-149.061,0.6737,0.4000,1.8838,1.3474,0.5364,2.2113,0,
24.9012,24.9000,OOD,SWING,0.7794,-65.249,32.783,-147.667,0.6388,0.4000,0.8164,1.2777,-0.4613,0.9844,0,
24.9112,24.9100,OOD,SWING,0.7941,-72.452,-720.250,-146.219,0.6026,0.4000,1.9168,1.2053,0.7115,2.2492,0,
24.9211,24.9200,OOD,SWING,0.8088,-71.989,46.317,-144.719,0.5651,0.4000,0.6971,1.1303,-0.4331,0.8473,0,
24.9312,24.9300,OOD,SWING,0.8235,-79.533,-754.380,-143.171,0.5264,0.4000,1.8662,1.0529,0.8134,2.1911,0,
24.9412,24.9400,OOD,SWING,0.8382,-79.272,26.098,-141.578,0.4866,0.4000,0.6225,0.9732,-0.3507,0.7615,0,
24.9514,24.9500,OOD,SWING,0.8529,-87.123,-785.092,-139.943,0.4457,0.4000,1.8050,0.8915,0.9135,2.1207,0,
24.9611,24.9600,OOD,SWING,0.8676,-87.005,11.757,-138.270,0.4039,0.4000,0.5339,0.8078,-0.2740,0.6596,0,
24.9712,24.9700,OOD,SWING,0.8824,-93.913,-690.758,-136.563,0.3612,0.4000,1.5454,0.7225,0.8229,1.8223,0,
24.9810,24.9800,OOD,SWING,0.8971,-95.438,-152.563,-134.825,0.3178,0.4000,0.6675,0.6356,0.0319,0.8132,0,
24.9910,24.9900,OOD,SWING,0.9118,-101.645,-620.731,-133.060,0.2737,0.4000,1.3213,0.5473,0.7740,1.5648,0,
25.0010,25.0000,OOD,SWING,0.9265,-104.230,-258.432,-131.272,0.2290,0.4000,0.7103,0.4579,0.2524,0.8625,0,
25.0111,25.0100,OOD,SWING,0.9412,-110.208,-597.857,-129.464,0.1837,0.4000,1.1680,0.3675,0.8005,1.3885,0,
25.0211,25.0200,OOD,SWING,0.9559,-112.226,-201.732,-127.640,0.1382,0.4000,0.5018,0.2763,0.2255,0.6228,0,
25.0311,25.0300,OOD,SWING,0.9706,-118.102,-587.586,-125.804,0.0923,0.4000,1.0274,0.1845,0.8429,1.2269,0,
25.0410,25.0400,OOD,SWING,0.9853,-119.957,-185.553,-123.961,0.0462,0.4000,0.3507,0.0924,0.2583,0.4491,0,
25.0519,25.0500,OOD,STANCE,0.0000,-126.468,-651.134,-122.114,0.0000,0.4000,0.9985,0.0000,0.9985,1.1937,0,
25.0618,25.0600,OOD,STANCE,0.0185,-128.627,-215.850,-122.114,0.0000,0.5000,0.3563,0.0000,0.3563,0.4556,0,
25.0711,25.0700,OOD,STANCE,0.0370,-134.383,-575.587,-122.114,0.0000,0.5000,0.9247,0.0000,0.9247,1.1089,0,
25.0811,25.0800,OOD,STANCE,0.0556,-136.225,-184.237,-122.114,0.0000,0.5000,0.3469,0.0000,0.3469,0.4447,0,
25.0910,25.0900,OOD,STANCE,0.0741,-140.444,-421.864,-122.114,0.0000,0.5000,0.7244,0.0000,0.7244,0.8787,0,
25.1011,25.1000,OOD,STANCE,0.0926,-143.066,-262.240,-122.114,0.0000,0.5000,0.4981,0.0000,0.4981,0.6185,0,
25.1111,25.1100,OOD,STANCE,0.1111,-146.261,-319.502,-122.114,0.0000,0.5000,0.6000,0.0000,0.6000,0.7356,0,
25.1214,25.1200,OOD,STANCE,0.1296,-147.650,-138.844,-122.114,0.0000,0.5000,0.3359,0.0000,0.3359,0.4321,0,
25.1310,25.1300,OOD,STANCE,0.1481,-152.245,-459.529,-122.114,0.0000,0.5000,0.8400,0.0000,0.8400,1.0114,0,
25.1410,25.1400,OOD,STANCE,0.1667,-152.241,0.439,-122.114,0.0000,0.5000,0.1500,0.0000,0.1500,0.2184,0,
25.1513,25.1500,OOD,STANCE,0.1852,-156.145,-390.406,-122.114,0.0000,0.5000,0.7558,0.0000,0.7558,0.9147,0,
25.1610,25.1600,OOD,STANCE,0.2037,-156.414,-26.982,-122.114,0.0000,0.5000,0.2120,0.0000,0.2120,0.2896,0,
25.1709,25.1700,OOD,STANCE,0.2222,-159.657,-324.304,-122.114,0.0000,0.5000,0.6742,0.0000,0.6742,0.8209,0,
25.1811,25.1800,OOD,STANCE,0.2407,-158.565,109.233,-122.114,0.0000,0.5000,0.0184,0.0000,0.0184,0.0671,0,
25.1911,25.1900,OOD,STANCE,0.2593,-163.030,-446.483,-122.114,0.0000,0.5000,0.8743,0.0000,0.8743,1.0509,0,
25.2011,25.2000,OOD,STANCE,0.2778,-161.042,198.820,-122.114,0.0000,0.5000,-0.1036,0.0000,-0.1036,0.0000,0,
25.2111,25.2100,OOD,STANCE,0.2963,-163.765,-272.367,-122.114,0.0000,0.5000,0.6168,0.0000,0.6168,0.7550,0,
25.2212,25.2200,OOD,STANCE,0.3148,-163.439,32.641,-122.114,0.0000,0.5000,0.1577,0.0000,0.1577,0.2272,0,
25.2310,25.2300,OOD,STANCE,0.3333,-164.456,-101.716,-122.114,0.0000,0.5000,0.3643,0.0000,0.3643,0.4647,0,
25.2412,25.2400,OOD,STANCE,0.3519,-164.434,2.239,-122.114,0.0000,0.5000,0.2082,0.0000,0.2082,0.2853,0,
25.2511,25.2500,OOD,STANCE,0.3704,-164.969,-53.472,-122.114,0.0000,0.5000,0.2945,0.0000,0.2945,0.3845,0,
25.2609,25.2600,OOD,STANCE,0.3889,-164.682,28.692,-122.114,0.0000,0.5000,0.1698,0.0000,0.1698,0.2412,0,
25.2711,25.2700,OOD,STANCE,0.4074,-165.367,-68.511,-122.114,0.0000,0.5000,0.3190,0.0000,0.3190,0.4127,0,
25.2809,25.2800,OOD,STANCE,0.4259,-164.082,128.439,-122.114,0.0000,0.5000,0.0172,0.0000,0.0172,0.0657,0,
25.2911,25.2900,OOD,STANCE,0.4444,-163.844,23.861,-122.114,0.0000,0.5000,0.1729,0.0000,0.1729,0.2447,0,
25.3010,25.3000,OOD,STANCE,0.4630,-163.169,67.450,-122.114,0.0000,0.5000,0.1041,0.0000,0.1041,0.1656,0,
25.3111,25.3100,OOD,STANCE,0.4815,-163.270,-10.076,-122.114,0.0000,0.5000,0.2209,0.0000,0.2209,0.2999,0,
25.3209,25.3200,OOD,STANCE,0.5000,-161.104,216.631,-122.114,0.0000,0.5000,-0.1300,0.0000,-0.1300,0.0000,0,
25.3311,25.3300,OOD,STANCE,0.5185,-161.647,-54.309,-122.114,0.0000,0.5000,0.2791,0.0000,0.2791,0.3668,0,
25.3410,25.3400,OOD,STANCE,0.5370,-159.495,215.183,-122.114,0.0000,0.5000,-0.1359,0.0000,-0.1359,0.0000,0,
25.3511,25.3500,OOD,STANCE,0.5556,-159.061,43.365,-122.114,0.0000,0.5000,0.1197,0.0000,0.1197,0.1836,0,
25.3612,25.3600,OOD,STANCE,0.5741,-156.846,221.552,-122.114,0.0000,0.5000,-0.1587,0.0000,-0.1587,0.0000,0,
25.3711,25.3700,OOD,STANCE,0.5926,-155.059,178.658,-122.114,0.0000,0.5000,-0.1033,0.0000,-0.1033,0.0000,0,
25.3811,25.3800,OOD,STANCE,0.6111,-153.962,109.675,-122.114,0.0000,0.5000,-0.0053,0.0000,-0.0053,0.0000,0,
25.3912,25.3900,OOD,STANCE,0.6296,-151.529,243.377,-122.114,0.0000,0.5000,-0.2180,0.0000,-0.2180,0.0000,0,
25.4009,25.4000,OOD,STANCE,0.6481,-150.014,151.438,-122.114,0.0000,0.5000,-0.0877,0.0000,-0.0877,0.0000,0,
25.4109,25.4100,OOD,STANCE,0.6667,-148.466,154.825,-122.114,0.0000,0.5000,-0.1005,0.0000,-0.1005,0.0000,0,
25.4212,25.4200,OOD,STANCE,0.6852,-146.226,224.009,-122.114,0.0000,0.5000,-0.2155,0.0000,-0.2155,0.0000,0,
25.4311,25.4300,OOD,STANCE,0.7037,-143.892,233.355,-122.114,0.0000,0.5000,-0.2411,0.0000,-0.2411,0.0000,0,
25.4411,25.4400,OOD,STANCE,0.7222,-140.951,294.151,-122.114,0.0000,0.5000,-0.3470,0.0000,-0.3470,0.0000,0,
25.4511,25.4500,OOD,STANCE,0.7407,-138.941,201.012,-122.114,0.0000,0.5000,-0.2174,0.0000,-0.2174,0.0000,0,
25.4611,25.4600,OOD,STANCE,0.7593,-136.138,280.320,-122.114,0.0000,0.5000,-0.3504,0.0000,-0.3504,0.0000,0,
25.4711,25.4700,OOD,STANCE,0.7778,-133.694,244.359,-122.114,0.0000,0.5000,-0.3086,0.0000,-0.3086,0.0000,0,
25.4811,25.4800,OOD,STANCE,0.7963,-130.086,360.777,-122.114,0.0000,0.5000,-0.5013,0.0000,-0.5013,0.0000,0,
25.4911,25.4900,OOD,STANCE,0.8148,-127.903,218.320,-122.114,0.0000,0.5000,-0.2985,0.0000,-0.2985,0.0000,0,
25.5012,25.5000,OOD,STANCE,0.8333,-125.145,275.827,-122.114,0.0000,0.5000,-0.3986,0.0000,-0.3986,0.0000,0,
25.5111,25.5100,OOD,STANCE,0.8519,-122.594,255.028,-122.114,0.0000,0.5000,-0.3801,0.0000,-0.3801,0.0000,0,
25.5212,25.5200,OOD,STANCE,0.8704,-118.690,390.424,-122.114,0.0000,0.5000,-0.6028,0.0000,-0.6028,0.0000,0,
25.5311,25.5300,OOD,STANCE,0.8889,-116.405,228.482,-122.114,0.0000,0.5000,-0.3713,0.0000,-0.3713,0.0000,0,
25.5412,25.5400,OOD,STANCE,0.9074,-113.302,310.356,-122.114,0.0000,0.5000,-0.5096,0.0000,-0.5096,0.0000,0,
25.5511,25.5500,OOD,STANCE,0.9259,-110.567,273.518,-122.114,0.0000,0.5000,-0.4680,0.0000,-0.4680,0.0000,0,
25.5612,25.5600,OOD,STANCE,0.9444,-107.640,292.648,-122.114,0.0000,0.5000,-0.5113,0.0000,-0.5113,0.0000,0,
25.5711,25.5700,OOD,STANCE,0.9630,-105.566,207.415,-122.114,0.0000,0.5000,-0.3939,0.0000,-0.3939,0.0000,0,
25.5811,25.5800,OOD,STANCE,0.9815,-102.348,321.774,-122.114,0.0000,0.5000,-0.5815,0.0000,-0.5815,0.0000,0,
25.5911,25.5900,OOD,SWING,0.0000,-99.793,255.563,-122.114,0.0000,0.5000,-0.4949,0.0000,-0.4949,0.0000,0,
25.6012,25.6000,OOD,SWING,0.0147,-95.885,390.785,-124.423,0.0462,0.5000,-0.6134,0.1155,-0.7289,0.0000,0,
25.6112,25.6100,OOD,SWING,0.0294,-93.695,218.971,-126.727,0.0923,0.5000,-0.2629,0.2307,-0.4936,0.0000,0,
25.6212,25.6200,OOD,SWING,0.0441,-91.625,206.995,-129.021,0.1382,0.5000,-0.1521,0.3454,-0.4975,0.0000,0,
25.6312,25.6300,OOD,SWING,0.0588,-88.469,315.634,-131.301,0.1837,0.5000,-0.2282,0.4594,-0.6876,0.0000,0,
25.6412,25.6400,OOD,SWING,0.0735,-86.720,174.912,-133.561,0.2290,0.5000,0.0758,0.5724,-0.4966,0.1331,0,
25.6512,25.6500,OOD,SWING,0.0882,-85.021,169.877,-135.797,0.2737,0.5000,0.1755,0.6842,-0.5087,0.2477,0,
25.6612,25.6600,OOD,SWING,0.1029,-81.902,311.882,-138.003,0.3178,0.5000,0.0462,0.7945,-0.7483,0.0990,0,
25.6712,25.6700,OOD,SWING,0.1176,-79.136,276.588,-140.176,0.3612,0.5000,0.1830,0.9031,-0.7201,0.2563,0,
25.6812,25.6800,OOD,SWING,0.1324,-76.547,258.885,-142.310,0.4039,0.5000,0.2927,1.0098,-0.7171,0.3824,0,
25.6911,25.6900,OOD,SWING,0.1471,-73.368,317.950,-144.400,0.4457,0.5000,0.2823,1.1143,-0.8321,0.3704,0,
25.7012,25.7000,OOD,SWING,0.1618,-71.081,228.641,-146.444,0.4866,0.5000,0.4967,1.2165,-0.7198,0.6169,0,
25.7112,25.7100,OOD,SWING,0.1765,-66.441,464.008,-148.435,0.5264,0.5000,0.2101,1.3161,-1.1060,0.2875,0,
25.7211,25.7200,OOD,SWING,0.1912,-65.708,73.367,-150.370,0.5651,0.5000,0.8795,1.4128,-0.5334,1.0569,0,
25.7312,25.7300,OOD,SWING,0.2059,-60.092,561.539,-152.245,0.6026,0.5000,0.2035,1.5066,-1.3031,0.2799,0,
25.7411,25.7400,OOD,SWING,0.2206,-59.206,88.679,-154.056,0.6388,0.5000,0.9898,1.5971,-0.6073,1.1837,0,
25.7511,25.7500,OOD,SWING,0.2353,-55.166,403.912,-155.798,0.6737,0.5000,0.5752,1.6842,-1.1090,0.7071,0,
25.7610,25.7600,OOD,SWING,0.2500,-52.730,243.617,-157.469,0.7071,0.5000,0.8786,1.7678,-0.8891,1.0559,0,
25.7711,25.7700,OOD,SWING,0.2647,-49.040,369.063,-159.064,0.7390,0.5000,0.7438,1.8475,-1.1037,0.9009,0,
25.7812,25.7800,OOD,SWING,0.2794,-47.039,200.036,-160.580,0.7693,0.5000,1.0556,1.9233,-0.8678,1.2593,0,
25.7912,25.7900,OOD,SWING,0.2941,-43.960,307.933,-162.014,0.7980,0.5000,0.9429,1.9950,-1.0522,1.1297,0,
25.8012,25.8000,OOD,SWING,0.3088,-41.881,207.839,-163.363,0.8250,0.5000,1.1433,2.0625,-0.9192,1.3601,0,
25.8112,25.8100,OOD,SWING,0.3235,-39.172,270.904,-164.624,0.8502,0.5000,1.0919,2.1255,-1.0336,1.3011,0,
25.8205,25.8200,OOD,SWING,0.3382,-36.649,252.387,-165.795,0.8736,0.5000,1.1597,2.1841,-1.0243,1.3790,0,
25.8308,25.8300,OOD,SWING,0.3529,-34.960,168.876,-166.872,0.8952,0.5000,1.3250,2.2379,-0.9129,1.5690,0,
25.8405,25.8400,OOD,SWING,0.3676,-32.746,221.372,-167.853,0.9148,0.5000,1.2794,2.2870,-1.0076,1.5165,0,
25.8511,25.8500,OOD,SWING,0.3824,-31.361,138.514,-168.737,0.9325,0.5000,1.4365,2.3312,-0.8947,1.6972,0,
25.8612,25.8600,OOD,SWING,0.3971,-29.692,166.883,-169.522,0.9482,0.5000,1.4209,2.3704,-0.9495,1.6792,0,
25.8712,25.8700,OOD,SWING,0.4118,-27.798,189.400,-170.205,0.9618,0.5000,1.4084,2.4046,-0.9961,1.6649,0,
25.8812,25.8800,OOD,SWING,0.4265,-26.087,171.139,-170.785,0.9734,0.5000,1.4534,2.4336,-0.9802,1.7165,0,
25.8912,25.8900,OOD,SWING,0.4412,-26.298,-21.086,-171.262,0.9830,0.5000,1.7642,2.4574,-0.6932,2.0738,0,
25.9012,25.9000,OOD,SWING,0.4559,-24.357,194.052,-171.634,0.9904,0.5000,1.4486,2.4760,-1.0275,1.7110,0,
25.9112,25.9100,OOD,SWING,0.4706,-24.465,-10.784,-171.900,0.9957,0.5000,1.7683,2.4893,-0.7210,2.0785,0,
25.9212,25.9200,OOD,SWING,0.4853,-23.305,115.999,-172.060,0.9989,0.5000,1.5796,2.4973,-0.9178,1.8616,0,
25.9312,25.9300,OOD,SWING,0.5000,-23.802,-49.701,-172.114,1.0000,0.5000,1.8330,2.5000,-0.6670,2.1529,0,
25.9412,25.9400,OOD,SWING,0.5147,-22.630,117.184,-172.060,0.9989,0.5000,1.5744,2.4973,-0.9229,1.8556,0,
25.9511,25.9500,OOD,SWING,0.5294,-23.915,-128.465,-171.900,0.9957,0.5000,1.9421,2.4893,-0.5472,2.2783,0,
25.9612,25.9600,OOD,SWING,0.5441,-22.985,92.988,-171.634,0.9904,0.5000,1.5933,2.4760,-0.8827,1.8774,0,
25.9712,25.9700,OOD,SWING,0.5588,-24.968,-198.305,-171.262,0.9830,0.5000,2.0234,2.4574,-0.4340,2.3717,0,
25.9812,25.9800,OOD,SWING,0.5735,-24.745,22.338,-170.785,0.9734,0.5000,1.6699,2.4336,-0.7637,1.9654,0,
25.9912,25.9900,OOD,SWING,0.5882,-27.620,-287.589,-170.205,0.9618,0.5000,2.1230,2.4046,-0.2815,2.4862,0,
26.0012,26.0000,OOD,SWING,0.6029,-26.379,124.147,-169.522,0.9482,0.5000,1.4685,2.3704,-0.9019,1.7339,0,
26.0111,26.0100,OOD,SWING,0.6176,-30.371,-399.174,-168.737,0.9325,0.5000,2.2381,2.3312,-0.0931,2.6185,0,
26.0212,26.0200,OOD,SWING,0.6324,-29.143,122.769,-167.853,0.9148,0.5000,1.4093,2.2870,-0.8777,1.6658,0,
26.0312,26.0300,OOD,SWING,0.6471,-33.950,-480.692,-166.872,0.8952,0.5000,2.2943,2.2379,0.0564,2.6831,0,
26.0412,26.0400,OOD,SWING,0.6618,-33.789,16.072,-165.795,0.8736,0.5000,1.4999,2.1841,-0.6841,1.7700,0,
26.0512,26.0500,OOD,SWING,0.6765,-37.953,-416.354,-164.624,0.8502,0.5000,2.1167,2.1255,-0.0088,2.4790,0,
26.0612,26.0600,OOD,SWING,0.6912,-39.029,-107.595,-163.363,0.8250,0.5000,1.6022,2.0625,-0.4603,1.8876,0,
26.0712,26.0700,OOD,SWING,0.7059,-42.653,-362.381,-162.014,0.7980,0.5000,1.9418,1.9950,-0.0532,2.2779,0,
26.0812,26.0800,OOD,SWING,0.7206,-44.285,-163.226,-160.580,0.7693,0.5000,1.5867,1.9233,-0.3366,1.8698,0,
26.0909,26.0900,OOD,SWING,0.7353,-47.979,-369.458,-159.064,0.7390,0.5000,1.8463,1.8475,-0.0012,2.1681,0,
26.1010,26.1000,OOD,SWING,0.7500,-50.775,-279.547,-157.469,0.7071,0.5000,1.6536,1.7678,-0.1142,1.9467,0,
26.1110,26.1100,OOD,SWING,0.7647,-54.295,-351.970,-155.798,0.6737,0.5000,1.7047,1.6842,0.0204,2.0054,0,
26.1211,26.1200,OOD,SWING,0.7794,-57.545,-325.081,-154.056,0.6388,0.5000,1.6022,1.5971,0.0051,1.8876,0,
26.1312,26.1300,OOD,SWING,0.7941,-61.823,-427.737,-152.245,0.6026,0.5000,1.6961,1.5066,0.1895,1.9955,0,
26.1409,26.1400,OOD,SWING,0.8088,-64.279,-245.674,-150.370,0.5651,0.5000,1.3509,1.4128,-0.0619,1.5987,0,
26.1510,26.1500,OOD,SWING,0.8235,-70.378,-609.837,-148.435,0.5264,0.5000,1.8405,1.3161,0.5245,2.1616,0,
26.1610,26.1600,OOD,SWING,0.8382,-71.837,-145.941,-146.444,0.4866,0.5000,1.0624,1.2165,-0.1541,1.2671,0,
26.1712,26.1700,OOD,SWING,0.8529,-78.398,-656.124,-144.400,0.4457,0.5000,1.7685,1.1143,0.6542,2.0788,0,
26.1812,26.1800,OOD,SWING,0.8676,-80.995,-259.629,-142.310,0.4039,0.5000,1.0927,1.0098,0.0829,1.3019,0,
26.1912,26.1900,OOD,SWING,0.8824,-85.238,-424.296,-140.176,0.3612,0.5000,1.2649,0.9031,0.3618,1.4998,0,
26.2012,26.2000,OOD,SWING,0.8971,-91.036,-579.842,-138.003,0.3178,0.5000,1.4294,0.7945,0.6349,1.6890,0,
26.2111,26.2100,OOD,SWING,0.9118,-93.124,-208.765,-135.797,0.2737,0.5000,0.7839,0.6842,0.0998,0.9471,0,
26.2212,26.2200,OOD,SWING,0.9265,-99.168,-604.395,-133.561,0.2290,0.5000,1.3070,0.5724,0.7346,1.5483,0,
26.2311,26.2300,OOD,SWING,0.9412,-103.053,-388.546,-131.301,0.1837,0.5000,0.9010,0.4594,0.4416,1.0816,0,
26.2411,26.2400,OOD,SWING,0.9559,-108.107,-505.340,-129.021,0.1382,0.5000,0.9988,0.3454,0.6534,1.1941,0,
26.2512,26.2500,OOD,SWING,0.9706,-112.933,-482.665,-126.727,0.0923,0.5000,0.8857,0.2307,0.6550,1.0640,0,
26.2612,26.2600,OOD,SWING,0.9853,-116.647,-371.339,-124.423,0.0462,0.5000,0.6336,0.1155,0.5181,0.7742,0,
26.2712,26.2700,OOD,SWING,1.0000,-121.299,-465.278,-122.114,0.0000,0.5000,0.6938,0.0000,0.6938,0.8435,0,
26.2819,26.2800,OOD,STANCE,0.0000,-126.561,-526.173,-122.114,0.0000,0.5000,0.8115,0.0000,0.8115,0.9787,0,
26.2919,26.2900,OOD,STANCE,0.0185,-130.125,-356.343,-122.114,0.0000,0.6000,0.5746,0.0000,0.5746,0.7064,0,
26.3012,26.3000,OOD,STANCE,0.0370,-134.977,-485.203,-122.114,0.0000,0.6000,0.7921,0.0000,0.7921,0.9565,0,
26.3110,26.3100,OOD,STANCE,0.0556,-136.199,-122.212,-122.114,0.0000,0.6000,0.2537,0.0000,0.2537,0.3376,0,
26.3211,26.3200,OOD,STANCE,0.0741,-141.815,-561.658,-122.114,0.0000,0.6000,0.9410,0.0000,0.9410,1.1276,0,
26.3311,26.3300,OOD,STANCE,0.0926,-143.024,-120.854,-122.114,0.0000,0.6000,0.2858,0.0000,0.2858,0.3745,0,
26.3413,26.3400,OOD,STANCE,0.1111,-146.807,-378.292,-122.114,0.0000,0.6000,0.6909,0.0000,0.6909,0.8401,0,
26.3511,26.3500,OOD,STANCE,0.1296,-149.007,-220.012,-122.114,0.0000,0.6000,0.4645,0.0000,0.4645,0.5799,0,
26.3612,26.3600,OOD,STANCE,0.1481,-151.463,-245.603,-122.114,0.0000,0.6000,0.5152,0.0000,0.5152,0.6381,0,
26.3711,26.3700,OOD,STANCE,0.1667,-152.348,-88.475,-122.114,0.0000,0.6000,0.2839,0.0000,0.2839,0.3723,0,
26.3811,26.3800,OOD,STANCE,0.1852,-156.338,-399.062,-122.114,0.0000,0.6000,0.7697,0.0000,0.7697,0.9307,0,
26.3911,26.3900,OOD,STANCE,0.2037,-155.559,77.904,-122.114,0.0000,0.6000,0.0504,0.0000,0.0504,0.1039,0,
26.4011,26.4000,OOD,STANCE,0.2222,-159.049,-348.951,-122.114,0.0000,0.6000,0.7081,0.0000,0.7081,0.8599,0,
26.4111,26.4100,OOD,STANCE,0.2407,-158.428,62.091,-122.114,0.0000,0.6000,0.0884,0.0000,0.0884,0.1476,0,
26.4211,26.4200,OOD,STANCE,0.2593,-161.027,-259.922,-122.114,0.0000,0.6000,0.5844,0.0000,0.5844,0.7178,0,
26.4310,26.4300,OOD,STANCE,0.2778,-160.924,10.351,-122.114,0.0000,0.6000,0.1785,0.0000,0.1785,0.2512,0,
26.4411,26.4400,OOD,STANCE,0.2963,-161.866,-94.239,-122.114,0.0000,0.6000,0.3401,0.0000,0.3401,0.4369,0,
26.4511,26.4500,OOD,STANCE,0.3148,-162.034,-16.832,-122.114,0.0000,0.6000,0.2249,0.0000,0.2249,0.3044,0,
26.4612,26.4600,OOD,STANCE,0.3333,-162.678,-64.357,-122.114,0.0000,0.6000,0.2994,0.0000,0.2994,0.3901,0,
26.4714,26.4700,OOD,STANCE,0.3519,-162.482,19.600,-122.114,0.0000,0.6000,0.1724,0.0000,0.1724,0.2442,0,
26.4810,26.4800,OOD,STANCE,0.3704,-162.712,-23.036,-122.114,0.0000,0.6000,0.2375,0.0000,0.2375,0.3190,0,
26.4912,26.4900,OOD,STANCE,0.3889,-162.122,59.016,-122.114,0.0000,0.6000,0.1115,0.0000,0.1115,0.1742,0,
26.5014,26.5000,OOD,STANCE,0.4074,-161.544,57.803,-122.114,0.0000,0.6000,0.1104,0.0000,0.1104,0.1729,0,
26.5111,26.5100,OOD,STANCE,0.4259,-161.288,25.591,-122.114,0.0000,0.6000,0.1575,0.0000,0.1575,0.2270,0,
26.5213,26.5200,OOD,STANCE,0.4444,-159.687,160.123,-122.114,0.0000,0.6000,-0.0523,0.0000,-0.0523,0.0000,0,
26.5313,26.5300,OOD,STANCE,0.4630,-159.981,-29.371,-122.114,0.0000,0.6000,0.2334,0.0000,0.2334,0.3142,0,
26.5412,26.5400,OOD,STANCE,0.4815,-158.509,147.177,-122.114,0.0000,0.6000,-0.0388,0.0000,-0.0388,0.0000,0,
26.5514,26.5500,OOD,STANCE,0.5000,-157.871,63.762,-122.114,0.0000,0.6000,0.0831,0.0000,0.0831,0.1415,0,
26.5612,26.5600,OOD,STANCE,0.5185,-156.139,173.247,-122.114,0.0000,0.6000,-0.0897,0.0000,-0.0897,0.0000,0,
26.5711,26.5700,OOD,STANCE,0.5370,-155.091,104.771,-122.114,0.0000,0.6000,0.0077,0.0000,0.0077,0.0549,0,
26.5814,26.5800,OOD,STANCE,0.5556,-153.315,177.594,-122.114,0.0000,0.6000,-0.1104,0.0000,-0.1104,0.0000,0,
26.5912,26.5900,OOD,STANCE,0.5741,-150.962,235.330,-122.114,0.0000,0.6000,-0.2088,0.0000,-0.2088,0.0000,0,
26.6012,26.6000,OOD,STANCE,0.5926,-150.009,95.252,-122.114,0.0000,0.6000,-0.0034,0.0000,-0.0034,0.0000,0,
26.6113,26.6100,OOD,STANCE,0.6111,-147.917,209.211,-122.114,0.0000,0.6000,-0.1848,0.0000,-0.1848,0.0000,0,
26.6212,26.6200,OOD,STANCE,0.6296,-146.301,161.662,-122.114,0.0000,0.6000,-0.1216,0.0000,-0.1216,0.0000,0,
26.6311,26.6300,OOD,STANCE,0.6481,-144.130,217.029,-122.114,0.0000,0.6000,-0.2155,0.0000,-0.2155,0.0000,0,
26.6414,26.6400,OOD,STANCE,0.6667,-141.161,296.903,-122.114,0.0000,0.6000,-0.3501,0.0000,-0.3501,0.0000,0,
26.6511,26.6500,OOD,STANCE,0.6852,-138.739,242.216,-122.114,0.0000,0.6000,-0.2802,0.0000,-0.2802,0.0000,0,
26.6612,26.6600,OOD,STANCE,0.7037,-135.861,287.766,-122.114,0.0000,0.6000,-0.3629,0.0000,-0.3629,0.0000,0,
26.6713,26.6700,OOD,STANCE,0.7222,-132.690,317.179,-122.114,0.0000,0.6000,-0.4229,0.0000,-0.4229,0.0000,0,
26.6812,26.6800,OOD,STANCE,0.7407,-130.662,202.744,-122.114,0.0000,0.6000,-0.2614,0.0000,-0.2614,0.0000,0,
26.6911,26.6900,OOD,STANCE,0.7593,-127.907,275.534,-122.114,0.0000,0.6000,-0.3843,0.0000,-0.3843,0.0000,0,
26.7012,26.7000,OOD,STANCE,0.7778,-124.380,352.726,-122.114,0.0000,0.6000,-0.5178,0.0000,-0.5178,0.0000,0,
26.7111,26.7100,OOD,STANCE,0.7963,-122.059,232.043,-122.114,0.0000,0.6000,-0.3483,0.0000,-0.3483,0.0000,0,
26.7212,26.7200,OOD,STANCE,0.8148,-118.964,309.503,-122.114,0.0000,0.6000,-0.4800,0.0000,-0.4800,0.0000,0,
26.7311,26.7300,OOD,STANCE,0.8333,-116.132,283.220,-122.114,0.0000,0.6000,-0.4547,0.0000,-0.4547,0.0000,0,
26.7412,26.7400,OOD,STANCE,0.8519,-112.452,367.969,-122.114,0.0000,0.6000,-0.6003,0.0000,-0.6003,0.0000,0,
26.7511,26.7500,OOD,STANCE,0.8704,-111.014,143.807,-122.114,0.0000,0.6000,-0.2712,0.0000,-0.2712,0.0000,0,
26.7612,26.7600,OOD,STANCE,0.8889,-107.840,317.457,-122.114,0.0000,0.6000,-0.5476,0.0000,-0.5476,0.0000,0,
26.7711,26.7700,OOD,STANCE,0.9074,-104.465,337.486,-122.114,0.0000,0.6000,-0.5945,0.0000,-0.5945,0.0000,0,
26.7810,26.7800,OOD,STANCE,0.9259,-101.528,293.663,-122.114,0.0000,0.6000,-0.5434,0.0000,-0.5434,0.0000,0,
26.7904,26.7900,OOD,STANCE,0.9444,-99.733,179.461,-122.114,0.0000,0.6000,-0.3811,0.0000,-0.3811,0.0000,0,
26.8008,26.8000,OOD,SWING,0.0000,-96.252,348.182,-122.114,0.0000,0.6000,-0.6516,0.0000,-0.6516,0.0000,0,
26.8111,26.8100,OOD,SWING,0.0145,-94.393,185.850,-124.844,0.0455,0.6000,-0.2945,0.1365,-0.4310,0.0000,0,
26.8212,26.8200,OOD,SWING,0.0290,-92.065,232.796,-127.570,0.0909,0.6000,-0.2539,0.2728,-0.5267,0.0000,0,
26.8311,26.8300,OOD,SWING,0.0435,-89.693,237.230,-130.284,0.1362,0.6000,-0.1503,0.4085,-0.5588,0.0000,0,
26.8411,26.8400,OOD,SWING,0.0580,-87.069,262.382,-132.981,0.1811,0.6000,-0.0798,0.5433,-0.6231,0.0000,0,
26.8512,26.8500,OOD,SWING,0.0725,-84.897,217.194,-135.655,0.2257,0.6000,0.0975,0.6771,-0.5796,0.1580,0,
26.8612,26.8600,OOD,SWING,0.0870,-82.696,220.146,-138.301,0.2698,0.6000,0.2011,0.8094,-0.6082,0.2772,0,
26.8712,26.8700,OOD,SWING,0.1014,-79.169,352.682,-140.914,0.3133,0.6000,0.1023,0.9400,-0.8377,0.1635,0,
26.8812,26.8800,OOD,SWING,0.1159,-77.116,205.324,-143.488,0.3562,0.6000,0.4289,1.0687,-0.6398,0.5389,0,
26.8912,26.8900,OOD,SWING,0.1304,-73.585,353.084,-146.018,0.3984,0.6000,0.3034,1.1952,-0.8918,0.3947,0,
26.9012,26.9000,OOD,SWING,0.1449,-69.656,392.858,-148.498,0.4397,0.6000,0.3357,1.3192,-0.9835,0.4319,0,
26.9111,26.9100,OOD,SWING,0.1594,-68.067,158.906,-150.923,0.4802,0.6000,0.7878,1.4405,-0.6526,0.9515,0,
26.9212,26.9200,OOD,SWING,0.1739,-62.847,522.033,-153.289,0.5196,0.6000,0.3235,1.5588,-1.2353,0.4178,0,
26.9312,26.9300,OOD,SWING,0.1884,-61.645,120.139,-155.590,0.5579,0.6000,1.0239,1.6738,-0.6499,1.2228,0,
26.9412,26.9400,OOD,SWING,0.2029,-56.094,555.156,-157.821,0.5951,0.6000,0.4440,1.7854,-1.3414,0.5563,0,
26.9512,26.9500,OOD,SWING,0.2174,-54.431,166.254,-159.979,0.6311,0.6000,1.1161,1.8933,-0.7771,1.3289,0,
26.9612,26.9600,OOD,SWING,0.2319,-49.564,486.750,-162.058,0.6657,0.6000,0.7046,1.9972,-1.2926,0.8559,0,
26.9712,26.9700,OOD,SWING,0.2464,-48.086,147.822,-164.054,0.6990,0.6000,1.2955,2.0970,-0.8016,1.5350,0,
26.9812,26.9800,OOD,SWING,0.2609,-42.925,516.101,-165.964,0.7308,0.6000,0.8032,2.1925,-1.3893,0.9691,0,
26.9912,26.9900,OOD,SWING,0.2754,-41.296,162.854,-167.782,0.7611,0.6000,1.4067,2.2834,-0.8767,1.6629,0,
27.0012,27.0000,OOD,SWING,0.2899,-36.465,483.094,-169.506,0.7899,0.6000,0.9798,2.3696,-1.3898,1.1722,0,
27.0112,27.0100,OOD,SWING,0.3043,-35.357,110.808,-171.132,0.8170,0.6000,1.6058,2.4509,-0.8451,1.8918,0,
27.0212,27.0200,OOD,SWING,0.3188,-30.837,451.958,-172.656,0.8424,0.6000,1.1401,2.5271,-1.3870,1.3564,0,
27.0312,27.0300,OOD,SWING,0.3333,-29.849,98.885,-174.075,0.8660,0.6000,1.7286,2.5981,-0.8695,2.0329,0,
27.0412,27.0400,OOD,SWING,0.3478,-26.389,345.926,-175.387,0.8879,0.6000,1.3998,2.6637,-1.2639,1.6549,0,
27.0512,27.0500,OOD,SWING,0.3623,-24.764,162.569,-176.588,0.9079,0.6000,1.7207,2.7237,-1.0030,2.0238,0,
27.0612,27.0600,OOD,SWING,0.3768,-21.482,328.178,-177.676,0.9260,0.6000,1.5049,2.7781,-1.2732,1.7757,0,
27.0712,27.0700,OOD,SWING,0.3913,-21.102,37.980,-178.649,0.9423,0.6000,1.9821,2.8268,-0.8447,2.3242,0,
27.0812,27.0800,OOD,SWING,0.4058,-18.091,301.076,-179.505,0.9565,0.6000,1.6109,2.8696,-1.2587,1.8976,0,
27.0910,27.0900,OOD,SWING,0.4203,-17.161,93.047,-180.242,0.9688,0.6000,1.9515,2.9064,-0.9550,2.2890,0,
27.1010,27.1000,OOD,SWING,0.4348,-15.908,125.235,-180.859,0.9791,0.6000,1.9246,2.9373,-1.0126,2.2582,0,
27.1109,27.1100,OOD,SWING,0.4493,-14.238,167.015,-181.353,0.9873,0.6000,1.8759,2.9620,-1.0861,2.2022,0,
27.1212,27.1200,OOD,SWING,0.4638,-13.878,35.997,-181.725,0.9935,0.6000,2.0874,2.9806,-0.8932,2.4452,0,
27.1312,27.1300,OOD,SWING,0.4783,-12.354,152.448,-181.974,0.9977,0.6000,1.9162,2.9930,-1.0768,2.2485,0,
27.1412,27.1400,OOD,SWING,0.4928,-11.862,49.224,-182.098,0.9997,0.6000,2.0742,2.9992,-0.9250,2.4301,0,
27.1511,27.1500,OOD,SWING,0.5072,-11.150,71.133,-182.098,0.9997,0.6000,2.0378,2.9992,-0.9614,2.3883,0,
27.1612,27.1600,OOD,SWING,0.5217,-12.143,-99.266,-181.974,0.9977,0.6000,2.2928,2.9930,-0.7003,2.6813,0,
27.1712,27.1700,OOD,SWING,0.5362,-12.038,10.511,-181.725,0.9935,0.6000,2.1164,2.9806,-0.8642,2.4786,0,
27.1812,27.1800,OOD,SWING,0.5507,-12.062,-2.442,-181.353,0.9873,0.6000,2.1192,2.9620,-0.8428,2.4818,0,
27.1912,27.1900,OOD,SWING,0.5652,-13.184,-112.153,-180.859,0.9791,0.6000,2.2671,2.9373,-0.6701,2.6518,0,
27.2011,27.2000,OOD,SWING,0.5797,-14.071,-88.711,-180.242,0.9688,0.6000,2.2086,2.9064,-0.6978,2.5846,0,
27.2111,27.2100,OOD,SWING,0.5942,-14.614,-54.334,-179.505,0.9565,0.6000,2.1266,2.8696,-0.7430,2.4904,0,
27.2212,27.2200,OOD,SWING,0.6087,-17.006,-239.211,-178.649,0.9423,0.6000,2.3774,2.8268,-0.4494,2.7786,0,
27.2311,27.2300,OOD,SWING,0.6232,-17.719,-71.290,-177.676,0.9260,0.6000,2.0853,2.7781,-0.6928,2.4428,0,
27.2412,27.2400,OOD,SWING,0.6377,-20.037,-231.740,-176.588,0.9079,0.6000,2.2886,2.7237,-0.4351,2.6765,0,
27.2512,27.2500,OOD,SWING,0.6522,-21.354,-131.686,-175.387,0.8879,0.6000,2.0910,2.6637,-0.5726,2.4494,0,
27.2612,27.2600,OOD,SWING,0.6667,-24.619,-326.570,-174.075,0.8660,0.6000,2.3407,2.5981,-0.2574,2.7364,0,
27.2711,27.2700,OOD,SWING,0.6812,-25.880,-126.059,-172.656,0.8424,0.6000,1.9823,2.5271,-0.5448,2.3245,0,
27.2812,27.2800,OOD,SWING,0.6957,-30.441,-456.074,-171.132,0.8170,0.6000,2.4316,2.4509,-0.0193,2.8409,0,
27.2912,27.2900,OOD,SWING,0.7101,-30.795,-35.454,-169.506,0.7899,0.6000,1.7293,2.3696,-0.6404,2.0336,0,
27.3012,27.3000,OOD,SWING,0.7246,-36.328,-553.330,-167.782,0.7611,0.6000,2.4562,2.2834,0.1727,2.8691,0,
27.3112,27.3100,OOD,SWING,0.7391,-37.391,-106.215,-165.964,0.7308,0.6000,1.7090,2.1925,-0.4835,2.0103,0,
27.3210,27.3200,OOD,SWING,0.7536,-43.501,-611.024,-164.054,0.6990,0.6000,2.4108,2.0970,0.3138,2.8170,0,
27.3311,27.3300,OOD,SWING,0.7681,-44.304,-80.319,-162.058,0.6657,0.6000,1.5289,1.9972,-0.4683,1.8034,0,
27.3411,27.3400,OOD,SWING,0.7826,-50.604,-630.041,-159.979,0.6311,0.6000,2.2915,1.8933,0.3982,2.6798,0,
27.3512,27.3500,OOD,SWING,0.7971,-51.316,-71.193,-157.821,0.5951,0.6000,1.3596,1.7854,-0.4257,1.6088,0,
27.3612,27.3600,OOD,SWING,0.8116,-58.723,-740.623,-155.590,0.5579,0.6000,2.3004,1.6738,0.6266,2.6901,0,
27.3712,27.3700,OOD,SWING,0.8261,-59.448,-72.535,-153.289,0.5196,0.6000,1.1984,1.5588,-0.3604,1.4234,0,
27.3812,27.3800,OOD,SWING,0.8406,-66.584,-713.569,-150.923,0.4802,0.6000,2.0891,1.4405,0.6487,2.4473,0,
27.3912,27.3900,OOD,SWING,0.8551,-68.945,-236.158,-148.498,0.4397,0.6000,1.2757,1.3192,-0.0435,1.5123,0,
27.4014,27.4000,OOD,SWING,0.8696,-75.433,-648.778,-146.018,0.3984,0.6000,1.8154,1.1952,0.6202,2.1327,0,
27.4112,27.4100,OOD,SWING,0.8841,-77.403,-196.953,-143.488,0.3562,0.6000,1.0337,1.0687,-0.0350,1.2342,0,
27.4212,27.4200,OOD,SWING,0.8986,-84.741,-733.825,-140.914,0.3133,0.6000,1.7599,0.9400,0.8199,2.0689,0,
27.4310,27.4300,OOD,SWING,0.9130,-87.746,-300.521,-138.301,0.2698,0.6000,1.0074,0.8094,0.1980,1.2039,0,
27.4411,27.4400,OOD,SWING,0.9275,-93.421,-567.526,-135.655,0.2257,0.6000,1.3172,0.6771,0.6401,1.5600,0,
27.4512,27.4500,OOD,SWING,0.9420,-97.970,-454.861,-132.981,0.1811,0.6000,1.0506,0.5433,0.5072,1.2535,0,
27.4610,27.4600,OOD,SWING,0.9565,-102.701,-473.091,-130.284,0.1362,0.6000,0.9802,0.4085,0.5717,1.1727,0,
27.4712,27.4700,OOD,SWING,0.9710,-107.622,-492.098,-127.570,0.0909,0.6000,0.9112,0.2728,0.6384,1.0933,0,
27.4812,27.4800,OOD,SWING,0.9855,-113.214,-559.200,-124.844,0.0455,0.6000,0.9172,0.1365,0.7806,1.1002,0,
27.4912,27.4900,OOD,SWING,1.0000,-117.084,-387.031,-122.114,0.0000,0.6000,0.5554,0.0000,0.5554,0.6844,0,
27.5020,27.5000,OOD,STANCE,0.0000,-124.368,-728.369,-122.114,0.0000,0.6000,1.1038,0.0000,1.1038,1.3147,0,
27.5116,27.5100,OOD,STANCE,0.0192,-125.202,-83.457,-122.114,0.0000,0.6000,0.1406,0.0000,0.1406,0.2076,0,
27.5212,27.5200,OOD,STANCE,0.0385,-133.410,-820.783,-122.114,0.0000,0.7000,1.2877,0.0000,1.2877,1.5260,0,
27.5310,27.5300,OOD,STANCE,0.0577,-131.765,164.493,-122.114,0.0000,0.7000,-0.1985,0.0000,-0.1985,0.0000,0,
27.5412,27.5400,OOD,STANCE,0.0769,-139.905,-813.972,-122.114,0.0000,0.7000,1.3099,0.0000,1.3099,1.5516,0,
27.5511,27.5500,OOD,STANCE,0.0962,-139.362,54.299,-122.114,0.0000,0.7000,0.0048,0.0000,0.0048,0.0515,0,
27.5612,27.5600,OOD,STANCE,0.1154,-144.819,-545.663,-122.114,0.0000,0.7000,0.9320,0.0000,0.9320,1.1173,0,
27.5711,27.5700,OOD,STANCE,0.1346,-145.913,-109.472,-122.114,0.0000,0.7000,0.2832,0.0000,0.2832,0.3715,0,
27.5811,27.5800,OOD,STANCE,0.1538,-149.231,-331.748,-122.114,0.0000,0.7000,0.6332,0.0000,0.6332,0.7738,0,
27.5912,27.5900,OOD,STANCE,0.1731,-150.613,-138.214,-122.114,0.0000,0.7000,0.3498,0.0000,0.3498,0.4481,0,
27.6011,27.6000,OOD,STANCE,0.1923,-152.952,-233.887,-122.114,0.0000,0.7000,0.5050,0.0000,0.5050,0.6265,0,
27.6111,27.6100,OOD,STANCE,0.2115,-154.329,-137.695,-122.114,0.0000,0.7000,0.3676,0.0000,0.3676,0.4685,0,
27.6212,27.6200,OOD,STANCE,0.2308,-155.497,-116.794,-122.114,0.0000,0.7000,0.3421,0.0000,0.3421,0.4392,0,
27.6311,27.6300,OOD,STANCE,0.2500,-157.278,-178.130,-122.114,0.0000,0.7000,0.4430,0.0000,0.4430,0.5552,0,
27.6411,27.6400,OOD,STANCE,0.2692,-157.320,-4.193,-122.114,0.0000,0.7000,0.1823,0.0000,0.1823,0.2555,0,
27.6511,27.6500,OOD,STANCE,0.2885,-158.615,-129.488,-122.114,0.0000,0.7000,0.3767,0.0000,0.3767,0.4790,0,
27.6611,27.6600,OOD,STANCE,0.3077,-159.118,-50.290,-122.114,0.0000,0.7000,0.2605,0.0000,0.2605,0.3454,0,
27.6711,27.6700,OOD,STANCE,0.3269,-158.908,20.925,-122.114,0.0000,0.7000,0.1526,0.0000,0.1526,0.2214,0,
27.6811,27.6800,OOD,STANCE,0.3462,-159.660,-75.175,-122.114,0.0000,0.7000,0.3005,0.0000,0.3005,0.3914,0,
27.6910,27.6900,OOD,STANCE,0.3654,-159.408,25.210,-122.114,0.0000,0.7000,0.1487,0.0000,0.1487,0.2168,0,
27.7012,27.7000,OOD,STANCE,0.3846,-159.499,-9.088,-122.114,0.0000,0.7000,0.2006,0.0000,0.2006,0.2765,0,
27.7111,27.7100,OOD,STANCE,0.4038,-158.705,79.418,-122.114,0.0000,0.7000,0.0638,0.0000,0.0638,0.1193,0,
27.7212,27.7200,OOD,STANCE,0.4231,-158.726,-2.154,-122.114,0.0000,0.7000,0.1863,0.0000,0.1863,0.2601,0,
27.7311,27.7300,OOD,STANCE,0.4423,-157.613,111.334,-122.114,0.0000,0.7000,0.0105,0.0000,0.0105,0.0580,0,
27.7412,27.7400,OOD,STANCE,0.4615,-157.044,56.869,-122.114,0.0000,0.7000,0.0894,0.0000,0.0894,0.1487,0,
27.7511,27.7500,OOD,STANCE,0.4808,-155.912,113.188,-122.114,0.0000,0.7000,-0.0008,0.0000,-0.0008,0.0000,0,
27.7612,27.7600,OOD,STANCE,0.5000,-155.079,83.353,-122.114,0.0000,0.7000,0.0398,0.0000,0.0398,0.0917,0,
27.7711,27.7700,OOD,STANCE,0.5192,-153.115,196.344,-122.114,0.0000,0.7000,-0.1395,0.0000,-0.1395,0.0000,0,
27.7811,27.7800,OOD,STANCE,0.5385,-152.091,102.444,-122.114,0.0000,0.7000,-0.0038,0.0000,-0.0038,0.0000,0,
27.7911,27.7900,OOD,STANCE,0.5577,-150.639,145.226,-122.114,0.0000,0.7000,-0.0752,0.0000,-0.0752,0.0000,0,
27.8011,27.8000,OOD,STANCE,0.5769,-149.071,156.762,-122.114,0.0000,0.7000,-0.1004,0.0000,-0.1004,0.0000,0,
27.8110,27.8100,OOD,STANCE,0.5962,-147.620,145.130,-122.114,0.0000,0.7000,-0.0902,0.0000,-0.0902,0.0000,0,
27.8212,27.8200,OOD,STANCE,0.6154,-145.726,189.380,-122.114,0.0000,0.7000,-0.1660,0.0000,-0.1660,0.0000,0,
27.8311,27.8300,OOD,STANCE,0.6346,-143.160,256.574,-122.114,0.0000,0.7000,-0.2796,0.0000,-0.2796,0.0000,0,
27.8410,27.8400,OOD,STANCE,0.6538,-140.226,293.441,-122.114,0.0000,0.7000,-0.3496,0.0000,-0.3496,0.0000,0,
27.8504,27.8500,OOD,STANCE,0.6731,-137.734,249.225,-122.114,0.0000,0.7000,-0.2957,0.0000,-0.2957,0.0000,0,
27.8604,27.8600,OOD,STANCE,0.6923,-136.209,152.501,-122.114,0.0000,0.7000,-0.1583,0.0000,-0.1583,0.0000,0,
27.8710,27.8700,OOD,STANCE,0.7115,-133.663,254.602,-122.114,0.0000,0.7000,-0.3242,0.0000,-0.3242,0.0000,0,
27.8811,27.8800,OOD,STANCE,0.7308,-129.541,412.118,-122.114,0.0000,0.7000,-0.5810,0.0000,-0.5810,0.0000,0,
27.8912,27.8900,OOD,STANCE,0.7500,-126.845,269.607,-122.114,0.0000,0.7000,-0.3808,0.0000,-0.3808,0.0000,0,
27.9011,27.9000,OOD,STANCE,0.7692,-124.829,201.582,-122.114,0.0000,0.7000,-0.2888,0.0000,-0.2888,0.0000,0,
27.9111,27.9100,OOD,STANCE,0.7885,-121.746,308.327,-122.114,0.0000,0.7000,-0.4643,0.0000,-0.4643,0.0000,0,
27.9210,27.9200,OOD,STANCE,0.8077,-118.818,292.871,-122.114,0.0000,0.7000,-0.4558,0.0000,-0.4558,0.0000,0,
27.9311,27.9300,OOD,STANCE,0.8269,-115.516,330.118,-122.114,0.0000,0.7000,-0.5282,0.0000,-0.5282,0.0000,0,
27.9412,27.9400,OOD,STANCE,0.8462,-113.283,223.377,-122.114,0.0000,0.7000,-0.3792,0.0000,-0.3792,0.0000,0,
27.9511,27.9500,OOD,STANCE,0.8654,-110.001,328.122,-122.114,0.0000,0.7000,-0.5527,0.0000,-0.5527,0.0000,0,
27.9611,27.9600,OOD,STANCE,0.8846,-107.311,269.039,-122.114,0.0000,0.7000,-0.4776,0.0000,-0.4776,0.0000,0,
27.9711,27.9700,OOD,STANCE,0.9038,-104.525,278.626,-122.114,0.0000,0.7000,-0.5059,0.0000,-0.5059,0.0000,0,
27.9811,27.9800,OOD,STANCE,0.9231,-101.500,302.486,-122.114,0.0000,0.7000,-0.5568,0.0000,-0.5568,0.0000,0,
27.9911,27.9900,OOD,STANCE,0.9423,-99.201,229.903,-122.114,0.0000,0.7000,-0.4594,0.0000,-0.4594,0.0000,0,
28.0012,28.0000,OOD,STANCE,0.9615,-97.181,202.014,-122.114,0.0000,0.7000,-0.4277,0.0000,-0.4277,0.0000,0,
28.0111,28.0100,OOD,STANCE,0.9808,-93.795,338.547,-122.114,0.0000,0.7000,-0.6494,0.0000,-0.6494,0.0000,0,
28.0212,28.0200,OOD,STANCE,1.0000,-91.927,186.856,-122.114,0.0000,0.7000,-0.4312,0.0000,-0.4312,0.0000,0,
28.0312,28.0300,OOD,SWING,0.0000,-89.044,288.275,-122.114,0.0000,0.7000,-0.5978,0.0000,-0.5978,0.0000,0,
28.0410,28.0400,OOD,SWING,0.0143,-87.071,197.257,-125.254,0.0449,0.7000,-0.3298,0.1570,-0.4868,0.0000,0,
28.0512,28.0500,OOD,SWING,0.0286,-85.453,161.860,-128.388,0.0896,0.7000,-0.1437,0.3137,-0.4575,0.0000,0,
28.0612,28.0600,OOD,SWING,0.0429,-82.961,249.220,-131.510,0.1342,0.7000,-0.1468,0.4698,-0.6166,0.0000,0,
28.0712,28.0700,OOD,SWING,0.0571,-81.441,151.996,-134.613,0.1786,0.7000,0.1311,0.6249,-0.4939,0.1967,0,
28.0812,28.0800,OOD,SWING,0.0714,-78.407,303.364,-137.690,0.2225,0.7000,0.0274,0.7788,-0.7515,0.0774,0,
28.0912,28.0900,OOD,SWING,0.0857,-76.808,159.854,-140.736,0.2660,0.7000,0.3717,0.9311,-0.5594,0.4732,0,
28.1010,28.1000,OOD,SWING,0.1000,-72.683,412.530,-143.745,0.3090,0.7000,0.1075,1.0816,-0.9741,0.1695,0,
28.1112,28.1100,OOD,SWING,0.1143,-71.629,105.457,-146.710,0.3514,0.7000,0.6962,1.2298,-0.5336,0.8462,0,
28.1212,28.1200,OOD,SWING,0.1286,-66.763,486.550,-149.625,0.3930,0.7000,0.2315,1.3756,-1.1441,0.3120,0,
28.1312,28.1300,OOD,SWING,0.1429,-65.247,151.626,-152.485,0.4339,0.7000,0.8550,1.5186,-0.6636,1.0287,0,
28.1412,28.1400,OOD,SWING,0.1571,-60.494,475.305,-155.284,0.4739,0.7000,0.4716,1.6585,-1.1869,0.5881,0,
28.1514,28.1500,OOD,SWING,0.1714,-58.181,231.245,-158.016,0.5129,0.7000,0.9491,1.7951,-0.8460,1.1369,0,
28.1612,28.1600,OOD,SWING,0.1857,-53.627,455.412,-160.676,0.5509,0.7000,0.7098,1.9281,-1.2184,0.8618,0,
28.1710,28.1700,OOD,SWING,0.2000,-51.028,259.864,-163.259,0.5878,0.7000,1.1063,2.0572,-0.9509,1.3176,0,
28.1812,28.1800,OOD,SWING,0.2143,-47.035,399.394,-165.758,0.6235,0.7000,0.9895,2.1822,-1.1927,1.1833,0,
28.1912,28.1900,OOD,SWING,0.2286,-44.299,273.586,-168.169,0.6579,0.7000,1.2731,2.3028,-1.0297,1.5093,0,
28.2011,28.2000,OOD,SWING,0.2429,-40.770,352.850,-170.488,0.6911,0.7000,1.2409,2.4187,-1.1779,1.4722,0,
28.2111,28.2100,OOD,SWING,0.2571,-36.614,415.624,-172.709,0.7228,0.7000,1.2259,2.5298,-1.3039,1.4550,0,
28.2212,28.2200,OOD,SWING,0.2714,-34.682,193.157,-174.829,0.7531,0.7000,1.6453,2.6358,-0.9905,1.9371,0,
28.2310,28.2300,OOD,SWING,0.2857,-30.047,463.496,-176.842,0.7818,0.7000,1.3072,2.7364,-1.4292,1.5485,0,
28.2412,28.2400,OOD,SWING,0.3000,-28.919,112.872,-178.745,0.8090,0.7000,1.9131,2.8316,-0.9184,2.2450,0,
28.2512,28.2500,OOD,SWING,0.3143,-23.345,557.373,-180.534,0.8346,0.7000,1.2990,2.9210,-1.6220,1.5391,0,
28.2612,28.2600,OOD,SWING,0.3286,-23.245,10.026,-182.205,0.8584,0.7000,2.1947,3.0046,-0.8098,2.5687,0,
28.2715,28.2700,OOD,SWING,0.3429,-18.936,430.917,-183.755,0.8806,0.7000,1.6116,3.0821,-1.4705,1.8984,0,
28.2812,28.2800,OOD,SWING,0.3571,-17.522,141.357,-185.181,0.9010,0.7000,2.1031,3.1534,-1.0503,2.4633,0,
28.2912,28.2900,OOD,SWING,0.3714,-13.964,355.836,-186.480,0.9195,0.7000,1.8220,3.2183,-1.3963,2.1402,0,
28.3012,28.3000,OOD,SWING,0.3857,-13.619,34.448,-187.650,0.9362,0.7000,2.3550,3.2768,-0.9218,2.7529,0,
28.3112,28.3100,OOD,SWING,0.4000,-10.840,277.911,-188.687,0.9511,0.7000,2.0226,3.3287,-1.3061,2.3708,0,
28.3212,28.3200,OOD,SWING,0.4143,-9.124,171.612,-189.591,0.9640,0.7000,2.2141,3.3739,-1.1598,2.5909,0,
28.3309,28.3300,OOD,SWING,0.4286,-7.133,199.109,-190.358,0.9749,0.7000,2.1975,3.4122,-1.2148,2.5718,0,
28.3412,28.3400,OOD,SWING,0.4429,-7.696,-56.354,-190.989,0.9839,0.7000,2.6118,3.4438,-0.8319,3.0481,0,
28.3512,28.3500,OOD,SWING,0.4571,-4.061,363.568,-191.480,0.9909,0.7000,1.9859,3.4683,-1.4824,2.3286,0,
28.3611,28.3600,OOD,SWING,0.4714,-6.040,-197.961,-191.832,0.9960,0.7000,2.8539,3.4859,-0.6320,3.3263,0,
28.3712,28.3700,OOD,SWING,0.4857,-2.981,305.889,-192.043,0.9990,0.7000,2.0923,3.4965,-1.4041,2.4510,0,
28.3812,28.3800,OOD,SWING,0.5000,-4.723,-174.117,-192.114,1.0000,0.7000,2.8242,3.5000,-0.6758,3.2922,0,
28.3914,28.3900,OOD,SWING,0.5143,-2.871,185.201,-192.043,0.9990,0.7000,2.2728,3.4965,-1.2237,2.6584,0,
28.4010,28.4000,OOD,SWING,0.5286,-4.209,-133.798,-191.832,0.9960,0.7000,2.7485,3.4859,-0.7374,3.2052,0,
28.4110,28.4100,OOD,SWING,0.5429,-4.330,-12.112,-191.480,0.9909,0.7000,2.5507,3.4683,-0.9176,2.9779,0,
28.4212,28.4200,OOD,SWING,0.5571,-4.758,-42.820,-190.989,0.9839,0.7000,2.5768,3.4438,-0.8669,3.0079,0,
28.4310,28.4300,OOD,SWING,0.5714,-6.115,-135.742,-190.358,0.9749,0.7000,2.6946,3.4122,-0.7176,3.1433,0,
28.4412,28.4400,OOD,SWING,0.5857,-6.606,-49.035,-189.591,0.9640,0.7000,2.5325,3.3739,-0.8414,2.9569,0,
28.4512,28.4500,OOD,SWING,0.6000,-7.068,-46.187,-188.687,0.9511,0.7000,2.4899,3.3287,-0.8388,2.9079,0,
28.4612,28.4600,OOD,SWING,0.6143,-10.855,-378.794,-187.650,0.9362,0.7000,2.9610,3.2768,-0.3158,3.4495,0,
28.4711,28.4700,OOD,SWING,0.6286,-10.176,67.979,-186.480,0.9195,0.7000,2.2349,3.2183,-0.9835,2.6148,0,
28.4812,28.4800,OOD,SWING,0.6429,-14.396,-422.048,-185.181,0.9010,0.7000,2.9325,3.1534,-0.2209,3.4167,0,
28.4912,28.4900,OOD,SWING,0.6571,-15.568,-117.214,-183.755,0.8806,0.7000,2.4170,3.0821,-0.6651,2.8241,0,
28.5012,28.5000,OOD,SWING,0.6714,-18.662,-309.374,-182.205,0.8584,0.7000,2.6509,3.0046,-0.3537,3.0930,0,
28.5111,28.5100,OOD,SWING,0.6857,-21.029,-236.708,-180.534,0.8346,0.7000,2.4785,2.9210,-0.4425,2.8949,0,
28.5212,28.5200,OOD,SWING,0.7000,-23.499,-246.946,-178.745,0.8090,0.7000,2.4257,2.8316,-0.4058,2.8342,0,
28.5311,28.5300,OOD,SWING,0.7143,-27.355,-385.661,-176.842,0.7818,0.7000,2.5675,2.7364,-0.1689,2.9971,0,
28.5404,28.5400,OOD,SWING,0.7286,-29.745,-238.947,-174.829,0.7531,0.7000,2.2688,2.6358,-0.3670,2.6537,0,
28.5512,28.5500,OOD,SWING,0.7429,-34.186,-444.134,-172.709,0.7228,0.7000,2.5034,2.5298,-0.0264,2.9234,0,
28.5611,28.5600,OOD,SWING,0.7571,-36.033,-184.656,-170.488,0.6911,0.7000,2.0234,2.4187,-0.3953,2.3718,0,
28.5712,28.5700,OOD,SWING,0.7714,-41.354,-532.150,-168.169,0.6579,0.7000,2.4669,2.3028,0.1641,2.8815,0,
28.5812,28.5800,OOD,SWING,0.7857,-43.546,-219.156,-165.758,0.6235,0.7000,1.8999,2.1822,-0.2823,2.2298,0,
28.5912,28.5900,OOD,SWING,0.8000,-49.780,-623.485,-163.259,0.5878,0.7000,2.4251,2.0572,0.3678,2.8334,0,
28.6012,28.6000,OOD,SWING,0.8143,-51.735,-195.468,-160.676,0.5509,0.7000,1.6766,1.9281,-0.2515,1.9731,0,
28.6110,28.6100,OOD,SWING,0.8286,-57.895,-615.963,-158.016,0.5129,0.7000,2.2185,1.7951,0.4233,2.5960,0,
28.6212,28.6200,OOD,SWING,0.8429,-60.364,-246.930,-155.284,0.4739,0.7000,1.5543,1.6585,-0.1042,1.8326,0,
28.6312,28.6300,OOD,SWING,0.8571,-67.997,-763.289,-152.485,0.4339,0.7000,2.2411,1.5186,0.7225,2.6219,0,
28.6410,28.6400,OOD,SWING,0.8714,-69.838,-184.124,-149.625,0.3930,0.7000,1.2528,1.3756,-0.1227,1.4860,0,
28.6512,28.6500,OOD,SWING,0.8857,-77.177,-733.857,-146.710,0.3514,0.7000,1.9829,1.2298,0.7531,2.3252,0,
28.6612,28.6600,OOD,SWING,0.9000,-79.943,-276.588,-143.745,0.3090,0.7000,1.1774,1.0816,0.0959,1.3993,0,
28.6712,28.6700,OOD,SWING,0.9143,-85.863,-592.083,-140.736,0.2660,0.7000,1.5449,0.9311,0.6138,1.8217,0,
28.6812,28.6800,OOD,SWING,0.9286,-89.931,-406.778,-137.690,0.2225,0.7000,1.1502,0.7788,0.3714,1.3680,0,
28.6912,28.6900,OOD,SWING,0.9429,-96.580,-664.846,-134.613,0.1786,0.7000,1.4321,0.6249,0.8071,1.6920,0,
28.7012,28.7000,OOD,SWING,0.9571,-100.099,-351.967,-131.510,0.1342,0.7000,0.8407,0.4698,0.3709,1.0123,0,
28.7112,28.7100,OOD,SWING,0.9714,-105.980,-588.077,-128.388,0.0896,0.7000,1.0838,0.3137,0.7701,1.2917,0,
28.7212,28.7200,OOD,SWING,0.9857,-110.681,-470.126,-125.254,0.0449,0.7000,0.7894,0.1570,0.6323,0.9533,0,
28.7319,28.7300,OOD,STANCE,0.0000,-115.836,-515.477,-122.114,0.0000,0.7000,0.7418,0.0000,0.7418,0.8987,0,
28.7419,28.7400,OOD,STANCE,0.0189,-121.022,-518.626,-122.114,0.0000,0.8000,0.7725,0.0000,0.7725,0.9339,0,
28.7513,28.7500,OOD,STANCE,0.0377,-124.748,-372.507,-122.114,0.0000,0.8000,0.5719,0.0000,0.5719,0.7034,0,
28.7610,28.7600,OOD,STANCE,0.0566,-129.451,-470.334,-122.114,0.0000,0.8000,0.7422,0.0000,0.7422,0.8991,0,
28.7711,28.7700,OOD,STANCE,0.0755,-133.793,-434.187,-122.114,0.0000,0.8000,0.7097,0.0000,0.7097,0.8617,0,
28.7812,28.7800,OOD,STANCE,0.0943,-135.367,-157.383,-122.114,0.0000,0.8000,0.3023,0.0000,0.3023,0.3935,0,
28.7912,28.7900,OOD,STANCE,0.1132,-140.681,-531.419,-122.114,0.0000,0.8000,0.8900,0.0000,0.8900,1.0689,0,
28.8009,28.8000,OOD,STANCE,0.1321,-141.653,-97.240,-122.114,0.0000,0.8000,0.2436,0.0000,0.2436,0.3259,0,
28.8104,28.8100,OOD,STANCE,0.1509,-144.905,-325.141,-122.114,0.0000,0.8000,0.6017,0.0000,0.6017,0.7375,0,
28.8210,28.8200,OOD,STANCE,0.1698,-146.893,-198.836,-122.114,0.0000,0.8000,0.4222,0.0000,0.4222,0.5312,0,
28.8311,28.8300,OOD,STANCE,0.1887,-148.959,-206.629,-122.114,0.0000,0.8000,0.4442,0.0000,0.4442,0.5565,0,
28.8411,28.8400,OOD,STANCE,0.2075,-149.973,-101.352,-122.114,0.0000,0.8000,0.2913,0.0000,0.2913,0.3808,0,
28.8511,28.8500,OOD,STANCE,0.2264,-151.087,-111.473,-122.114,0.0000,0.8000,0.3121,0.0000,0.3121,0.4047,0,
28.8612,28.8600,OOD,STANCE,0.2453,-153.572,-248.430,-122.114,0.0000,0.8000,0.5299,0.0000,0.5299,0.6551,0,
28.8713,28.8700,OOD,STANCE,0.2642,-152.878,69.418,-122.114,0.0000,0.8000,0.0497,0.0000,0.0497,0.1031,0,
28.8812,28.8800,OOD,STANCE,0.2830,-155.102,-222.461,-122.114,0.0000,0.8000,0.4986,0.0000,0.4986,0.6191,0,
28.8911,28.8900,OOD,STANCE,0.3019,-153.910,119.185,-122.114,0.0000,0.8000,-0.0198,0.0000,-0.0198,0.0000,0,
28.9012,28.9000,OOD,STANCE,0.3208,-155.199,-128.897,-122.114,0.0000,0.8000,0.3588,0.0000,0.3588,0.4584,0,
28.9111,28.9100,OOD,STANCE,0.3396,-154.693,50.631,-122.114,0.0000,0.8000,0.0870,0.0000,0.0870,0.1459,0,
28.9211,28.9200,OOD,STANCE,0.3585,-154.307,38.593,-122.114,0.0000,0.8000,0.1031,0.0000,0.1031,0.1645,0,
28.9311,28.9300,OOD,STANCE,0.3774,-154.184,12.294,-122.114,0.0000,0.8000,0.1419,0.0000,0.1419,0.2091,0,
28.9412,28.9400,OOD,STANCE,0.3962,-153.185,99.898,-122.114,0.0000,0.8000,0.0055,0.0000,0.0055,0.0523,0,
28.9511,28.9500,OOD,STANCE,0.4151,-152.409,77.661,-122.114,0.0000,0.8000,0.0350,0.0000,0.0350,0.0862,0,
28.9611,28.9600,OOD,STANCE,0.4340,-152.772,-36.388,-122.114,0.0000,0.8000,0.2079,0.0000,0.2079,0.2849,0,
28.9711,28.9700,OOD,STANCE,0.4528,-150.546,222.680,-122.114,0.0000,0.8000,-0.1919,0.0000,-0.1919,0.0000,0,
28.9811,28.9800,OOD,STANCE,0.4717,-149.759,78.700,-122.114,0.0000,0.8000,0.0202,0.0000,0.0202,0.0692,0,
28.9913,28.9900,OOD,STANCE,0.4906,-148.241,151.778,-122.114,0.0000,0.8000,-0.0970,0.0000,-0.0970,0.0000,0,
29.0012,29.0000,OOD,STANCE,0.5094,-146.541,169.979,-122.114,0.0000,0.8000,-0.1328,0.0000,-0.1328,0.0000,0,
29.0110,29.0100,OOD,STANCE,0.5283,-144.865,167.569,-122.114,0.0000,0.8000,-0.1376,0.0000,-0.1376,0.0000,0,
29.0212,29.0200,OOD,STANCE,0.5472,-143.498,136.715,-122.114,0.0000,0.8000,-0.0981,0.0000,-0.0981,0.0000,0,
29.0309,29.0300,OOD,STANCE,0.5660,-140.766,273.186,-122.114,0.0000,0.8000,-0.3165,0.0000,-0.3165,0.0000,0,
29.0411,29.0400,OOD,STANCE,0.5849,-139.247,151.958,-122.114,0.0000,0.8000,-0.1423,0.0000,-0.1423,0.0000,0,
29.0511,29.0500,OOD,STANCE,0.6038,-136.881,236.577,-122.114,0.0000,0.8000,-0.2810,0.0000,-0.2810,0.0000,0,
29.0612,29.0600,OOD,STANCE,0.6226,-134.765,211.630,-122.114,0.0000,0.8000,-0.2542,0.0000,-0.2542,0.0000,0,
29.0712,29.0700,OOD,STANCE,0.6415,-131.612,315.266,-122.114,0.0000,0.8000,-0.4254,0.0000,-0.4254,0.0000,0,
29.0811,29.0800,OOD,STANCE,0.6604,-128.966,264.651,-122.114,0.0000,0.8000,-0.3627,0.0000,-0.3627,0.0000,0,
29.0909,29.0900,OOD,STANCE,0.6792,-126.578,238.751,-122.114,0.0000,0.8000,-0.3358,0.0000,-0.3358,0.0000,0,
29.1010,29.1000,OOD,STANCE,0.6981,-124.702,187.587,-122.114,0.0000,0.8000,-0.2684,0.0000,-0.2684,0.0000,0,
29.1104,29.1100,OOD,STANCE,0.7170,-121.162,354.048,-122.114,0.0000,0.8000,-0.5358,0.0000,-0.5358,0.0000,0,
29.1210,29.1200,OOD,STANCE,0.7358,-118.025,313.616,-122.114,0.0000,0.8000,-0.4909,0.0000,-0.4909,0.0000,0,
29.1310,29.1300,OOD,STANCE,0.7547,-115.617,240.814,-122.114,0.0000,0.8000,-0.3937,0.0000,-0.3937,0.0000,0,
29.1411,29.1400,OOD,STANCE,0.7736,-112.678,293.886,-122.114,0.0000,0.8000,-0.4880,0.0000,-0.4880,0.0000,0,
29.1511,29.1500,OOD,STANCE,0.7925,-109.638,304.044,-122.114,0.0000,0.8000,-0.5184,0.0000,-0.5184,0.0000,0,
29.1612,29.1600,OOD,STANCE,0.8113,-107.800,183.840,-122.114,0.0000,0.8000,-0.3473,0.0000,-0.3473,0.0000,0,
29.1710,29.1700,OOD,STANCE,0.8302,-104.019,378.020,-122.114,0.0000,0.8000,-0.6575,0.0000,-0.6575,0.0000,0,
29.1811,29.1800,OOD,STANCE,0.8491,-102.407,161.200,-122.114,0.0000,0.8000,-0.3403,0.0000,-0.3403,0.0000,0,
29.1911,29.1900,OOD,STANCE,0.8679,-98.982,342.577,-122.114,0.0000,0.8000,-0.6295,0.0000,-0.6295,0.0000,0,
29.2012,29.2000,OOD,STANCE,0.8868,-96.227,275.495,-122.114,0.0000,0.8000,-0.5427,0.0000,-0.5427,0.0000,0,
29.2111,29.2100,OOD,STANCE,0.9057,-94.170,205.638,-122.114,0.0000,0.8000,-0.4482,0.0000,-0.4482,0.0000,0,
29.2212,29.2200,OOD,STANCE,0.9245,-91.380,279.006,-122.114,0.0000,0.8000,-0.5722,0.0000,-0.5722,0.0000,0,
29.2311,29.2300,OOD,STANCE,0.9434,-89.060,232.015,-122.114,0.0000,0.8000,-0.5133,0.0000,-0.5133,0.0000,0,
29.2412,29.2400,OOD,STANCE,0.9623,-87.262,179.848,-122.114,0.0000,0.8000,-0.4440,0.0000,-0.4440,0.0000,0,
29.2510,29.2500,OOD,STANCE,0.9811,-85.118,214.358,-122.114,0.0000,0.8000,-0.5065,0.0000,-0.5065,0.0000,0,
29.2612,29.2600,OOD,SWING,0.0000,-82.641,247.698,-122.114,0.0000,0.8000,-0.5689,0.0000,-0.5689,0.0000,0,
29.2712,29.2700,OOD,SWING,0.0143,-80.976,166.529,-125.703,0.0449,0.8000,-0.2940,0.1795,-0.4734,0.0000,0,
29.2812,29.2800,OOD,SWING,0.0286,-79.121,185.445,-129.285,0.0896,0.8000,-0.1704,0.3586,-0.5290,0.0000,0,
29.2906,29.2900,OOD,SWING,0.0429,-77.593,152.804,-132.852,0.1342,0.8000,0.0314,0.5369,-0.5055,0.0821,0,
29.3006,29.3000,OOD,SWING,0.0571,-76.134,145.972,-136.398,0.1786,0.8000,0.1939,0.7142,-0.5203,0.2689,0,
29.3106,29.3100,OOD,SWING,0.0714,-73.787,234.670,-139.915,0.2225,0.8000,0.2074,0.8901,-0.6826,0.2844,0,
29.3206,29.3200,OOD,SWING,0.0857,-71.448,233.887,-143.396,0.2660,0.8000,0.3536,1.0641,-0.7106,0.4524,0,
29.3305,29.3300,OOD,SWING,0.1000,-68.745,270.288,-146.835,0.3090,0.8000,0.4402,1.2361,-0.7959,0.5519,0,
29.3407,29.3400,OOD,SWING,0.1143,-66.083,266.190,-150.224,0.3514,0.8000,0.5855,1.4055,-0.8200,0.7190,0,
29.3505,29.3500,OOD,SWING,0.1286,-62.198,388.524,-153.556,0.3930,0.8000,0.5325,1.5721,-1.0396,0.6581,0,
29.3605,29.3600,OOD,SWING,0.1429,-59.755,244.261,-156.824,0.4339,0.8000,0.8838,1.7355,-0.8517,1.0618,0,
29.3706,29.3700,OOD,SWING,0.1571,-55.301,445.393,-160.023,0.4739,0.8000,0.7038,1.8955,-1.1917,0.8549,0,
29.3808,29.3800,OOD,SWING,0.1714,-52.917,238.491,-163.145,0.5129,0.8000,1.1427,2.0516,-0.9089,1.3594,0,
29.3909,29.3900,OOD,SWING,0.1857,-48.232,468.461,-166.185,0.5509,0.8000,0.9111,2.2036,-1.2925,1.0933,0,
29.4011,29.4000,OOD,SWING,0.2000,-45.415,281.699,-169.136,0.5878,0.8000,1.3100,2.3511,-1.0412,1.5517,0,
29.4111,29.4100,OOD,SWING,0.2143,-42.056,335.849,-171.993,0.6235,0.8000,1.3405,2.4940,-1.1535,1.5868,0,
29.4212,29.4200,OOD,SWING,0.2286,-38.084,397.218,-174.749,0.6579,0.8000,1.3526,2.6318,-1.2791,1.6007,0,
29.4312,29.4300,OOD,SWING,0.2429,-35.034,305.008,-177.399,0.6911,0.8000,1.5949,2.7643,-1.1693,1.8792,0,
29.4412,29.4400,OOD,SWING,0.2571,-31.413,362.156,-179.937,0.7228,0.8000,1.6053,2.8912,-1.2859,1.8912,0,
29.4512,29.4500,OOD,SWING,0.2714,-28.359,305.341,-182.359,0.7531,0.8000,1.7843,3.0123,-1.2280,2.0969,0,
29.4612,29.4600,OOD,SWING,0.2857,-24.345,401.399,-184.660,0.7818,0.8000,1.7237,3.1273,-1.4037,2.0272,0,
29.4712,29.4700,OOD,SWING,0.3000,-21.768,257.747,-186.835,0.8090,0.8000,2.0241,3.2361,-1.2120,2.3725,0,
29.4812,29.4800,OOD,SWING,0.3143,-18.450,331.801,-188.879,0.8346,0.8000,1.9884,3.3383,-1.3498,2.3315,0,
29.4912,29.4900,OOD,SWING,0.3286,-15.493,295.677,-190.789,0.8584,0.8000,2.1138,3.4338,-1.3200,2.4756,0,
29.5012,29.5000,OOD,SWING,0.3429,-12.922,257.141,-192.561,0.8806,0.8000,2.2385,3.5224,-1.2839,2.6189,0,
29.5112,29.5100,OOD,SWING,0.3571,-9.941,298.041,-194.191,0.9010,0.8000,2.2356,3.6039,-1.3683,2.6156,0,
29.5212,29.5200,OOD,SWING,0.3714,-8.303,163.797,-195.676,0.9195,0.8000,2.4956,3.6781,-1.1826,2.9144,0,
29.5312,29.5300,OOD,SWING,0.3857,-5.420,288.339,-197.012,0.9362,0.8000,2.3545,3.7449,-1.3905,2.7523,0,
29.5412,29.5400,OOD,SWING,0.4000,-3.651,176.869,-198.198,0.9511,0.8000,2.5662,3.8042,-1.2380,2.9956,0,
29.5512,29.5500,OOD,SWING,0.4143,-2.279,137.178,-199.231,0.9640,0.8000,2.6653,3.8559,-1.1905,3.1096,0,
29.5612,29.5600,OOD,SWING,0.4286,-0.006,227.388,-200.108,0.9749,0.8000,2.5581,3.8997,-1.3416,2.9863,0,
29.5712,29.5700,OOD,SWING,0.4429,0.936,94.118,-200.828,0.9839,0.8000,2.7857,3.9357,-1.1500,3.2480,0,
29.5812,29.5800,OOD,SWING,0.4571,2.381,144.539,-201.390,0.9909,0.8000,2.7281,3.9638,-1.2357,3.1818,0,
29.5912,29.5900,OOD,SWING,0.4714,2.956,57.508,-201.791,0.9960,0.8000,2.8739,3.9839,-1.1100,3.3493,0,
29.6012,29.6000,OOD,SWING,0.4857,3.796,84.031,-202.033,0.9990,0.8000,2.8408,3.9960,-1.1552,3.3112,0,
29.6112,29.6100,OOD,SWING,0.5000,3.670,-12.627,-202.114,1.0000,0.8000,2.9900,4.0000,-1.0100,3.4828,0,
29.6212,29.6200,OOD,SWING,0.5143,4.792,112.166,-202.033,0.9990,0.8000,2.7936,3.9960,-1.2024,3.2570,0,
29.6312,29.6300,OOD,SWING,0.5286,3.279,-151.326,-201.791,0.9960,0.8000,3.1855,3.9839,-0.7984,3.7075,0,
29.6412,29.6400,OOD,SWING,0.5429,4.220,94.132,-201.390,0.9909,0.8000,2.7946,3.9638,-1.1692,3.2581,0,
29.6512,29.6500,OOD,SWING,0.5571,2.596,-162.408,-200.828,0.9839,0.8000,3.1622,3.9357,-0.7735,3.6807,0,
29.6612,29.6600,OOD,SWING,0.5714,2.984,38.830,-200.108,0.9749,0.8000,2.8260,3.8997,-1.0737,3.2943,0,
29.6712,29.6700,OOD,SWING,0.5857,1.283,-170.162,-199.231,0.9640,0.8000,3.1085,3.8559,-0.7473,3.6190,0,
29.6812,29.6800,OOD,SWING,0.6000,0.432,-85.060,-198.198,0.9511,0.8000,2.9387,3.8042,-0.8656,3.4238,0,
29.6912,29.6900,OOD,SWING,0.6143,-1.530,-196.192,-197.012,0.9362,0.8000,3.0618,3.7449,-0.6831,3.5653,0,
29.7012,29.7000,OOD,SWING,0.6286,-3.182,-165.153,-195.676,0.9195,0.8000,2.9634,3.6781,-0.7147,3.4521,0,
29.7111,29.7100,OOD,SWING,0.6429,-5.540,-235.854,-194.191,0.9010,0.8000,3.0144,3.6039,-0.5895,3.5108,0,
29.7213,29.7200,OOD,SWING,0.6571,-7.917,-237.643,-192.561,0.8806,0.8000,2.9556,3.5224,-0.5668,3.4432,0,
29.7312,29.7300,OOD,SWING,0.6714,-10.197,-228.007,-190.789,0.8584,0.8000,2.8728,3.4338,-0.5610,3.3481,0,
29.7412,29.7400,OOD,SWING,0.6857,-12.796,-259.927,-188.879,0.8346,0.8000,2.8478,3.3383,-0.4905,3.3193,0,
29.7512,29.7500,OOD,SWING,0.7000,-15.170,-237.396,-186.835,0.8090,0.8000,2.7338,3.2361,-0.5022,3.1883,0,
29.7612,29.7600,OOD,SWING,0.7143,-19.188,-401.828,-184.660,0.7818,0.8000,2.9027,3.1273,-0.2246,3.3824,0,
29.7712,29.7700,OOD,SWING,0.7286,-21.795,-260.670,-182.359,0.7531,0.8000,2.6005,3.0123,-0.4118,3.0350,0,
29.7810,29.7800,OOD,SWING,0.7429,-25.846,-405.126,-179.937,0.7228,0.8000,2.7284,2.8912,-0.1628,3.1821,0,
29.7912,29.7900,OOD,SWING,0.7571,-29.831,-398.490,-177.399,0.6911,0.8000,2.6241,2.7643,-0.1401,3.0622,0,
29.8012,29.8000,OOD,SWING,0.7714,-33.203,-337.168,-174.749,0.6579,0.8000,2.4298,2.6318,-0.2020,2.8388,0,
29.8111,29.8100,OOD,SWING,0.7857,-37.223,-402.010,-171.993,0.6235,0.8000,2.4231,2.4940,-0.0708,2.8312,0,
29.8212,29.8200,OOD,SWING,0.8000,-41.226,-400.370,-169.136,0.5878,0.8000,2.3121,2.3511,-0.0390,2.7036,0,
29.8310,29.8300,OOD,SWING,0.8143,-46.374,-514.783,-166.185,0.5509,0.8000,2.3767,2.2036,0.1731,2.7778,0,
29.8411,29.8400,OOD,SWING,0.8286,-49.708,-333.328,-163.145,0.5129,0.8000,1.9844,2.0516,-0.0672,2.3269,0,
29.8511,29.8500,OOD,SWING,0.8429,-56.303,-659.570,-160.023,0.4739,0.8000,2.3662,1.8955,0.4708,2.7658,0,
29.8612,29.8600,OOD,SWING,0.8571,-58.376,-207.319,-156.824,0.4339,0.8000,1.5543,1.7355,-0.1813,1.8325,0,
29.8712,29.8700,OOD,SWING,0.8714,-65.178,-680.130,-153.556,0.3930,0.8000,2.1504,1.5721,0.5783,2.5177,0,
29.8807,29.8800,OOD,SWING,0.8857,-69.028,-385.019,-150.224,0.3514,0.8000,1.5770,1.4055,0.1716,1.8587,0,
29.8904,29.8900,OOD,SWING,0.9000,-75.186,-615.785,-146.835,0.3090,0.8000,1.8015,1.2361,0.5654,2.1167,0,
29.9004,29.9000,OOD,SWING,0.9143,-77.995,-280.947,-143.396,0.2660,0.8000,1.1586,1.0641,0.0944,1.3777,0,
29.9105,29.9100,OOD,SWING,0.9286,-86.189,-819.422,-139.915,0.2225,0.8000,1.8506,0.8901,0.9605,2.1731,0,
29.9205,29.9200,OOD,SWING,0.9429,-88.230,-204.094,-136.398,0.1786,0.8000,0.7795,0.7142,0.0653,0.9420,0,
29.9304,29.9300,OOD,SWING,0.9571,-97.090,-885.924,-132.852,0.1342,0.8000,1.6870,0.5369,1.1501,1.9851,0,
29.9405,29.9400,OOD,SWING,0.9714,-99.470,-238.036,-129.285,0.0896,0.8000,0.5665,0.3586,0.2080,0.6972,0,
29.9506,29.9500,OOD,STANCE,0.0000,-107.516,-804.616,-122.114,0.0000,0.8000,1.1339,0.0000,1.1339,1.3494,0,
29.9611,29.9600,OOD,STANCE,0.0189,-110.346,-283.002,-122.114,0.0000,0.8000,0.3657,0.0000,0.3657,0.4663,0,
29.9711,29.9700,OOD,STANCE,0.0377,-118.852,-850.584,-122.114,0.0000,0.8000,1.2596,0.0000,1.2596,1.4938,0,
29.9811,29.9800,OOD,STANCE,0.0566,-120.612,-176.017,-122.114,0.0000,0.8000,0.2565,0.0000,0.2565,0.3408,0,
29.9911,29.9900,OOD,STANCE,0.0755,-126.777,-616.483,-122.114,0.0000,0.8000,0.9480,0.0000,0.9480,1.1357,0,
30.0011,30.0000,OOD,STANCE,0.0943,-128.725,-194.770,-122.114,0.0000,0.8000,0.3252,0.0000,0.3252,0.4198,0,
30.0109,30.0100,OOD,STANCE,0.1132,-133.669,-494.389,-122.114,0.0000,0.8000,0.7994,0.0000,0.7994,0.9648,0,
30.0212,30.0200,OOD,STANCE,0.1321,-135.703,-203.472,-122.114,0.0000,0.8000,0.3732,0.0000,0.3732,0.4749,0,
30.0311,30.0300,OOD,STANCE,0.1509,-139.077,-337.386,-122.114,0.0000,0.8000,0.5909,0.0000,0.5909,0.7252,0,
30.0411,30.0400,OOD,STANCE,0.1698,-140.457,-138.001,-122.114,0.0000,0.8000,0.2987,0.0000,0.2987,0.3893,0,
30.0511,30.0500,OOD,STANCE,0.1887,-144.110,-365.237,-122.114,0.0000,0.8000,0.6578,0.0000,0.6578,0.8021,0,
30.0611,30.0600,OOD,STANCE,0.2075,-143.617,49.282,-122.114,0.0000,0.8000,0.0336,0.0000,0.0336,0.0846,0,
30.0711,30.0700,OOD,STANCE,0.2264,-146.791,-317.443,-122.114,0.0000,0.8000,0.5996,0.0000,0.5996,0.7351,0,
30.0810,30.0800,OOD,STANCE,0.2453,-146.116,67.525,-122.114,0.0000,0.8000,0.0187,0.0000,0.0187,0.0675,0,
30.0909,30.0900,OOD,STANCE,0.2642,-148.990,-287.445,-122.114,0.0000,0.8000,0.5656,0.0000,0.5656,0.6960,0,
30.1009,30.1000,OOD,STANCE,0.2830,-147.650,134.065,-122.114,0.0000,0.8000,-0.0734,0.0000,-0.0734,0.0000,0,
30.1109,30.1100,OOD,STANCE,0.3019,-149.998,-234.774,-122.114,0.0000,0.8000,0.4916,0.0000,0.4916,0.6110,0,
30.1211,30.1200,OOD,STANCE,0.3208,-148.076,192.162,-122.114,0.0000,0.8000,-0.1584,0.0000,-0.1584,0.0000,0,
30.1310,30.1300,OOD,STANCE,0.3396,-149.867,-179.147,-122.114,0.0000,0.8000,0.4075,0.0000,0.4075,0.5144,0,
30.1412,30.1400,OOD,STANCE,0.3585,-147.403,246.486,-122.114,0.0000,0.8000,-0.2433,0.0000,-0.2433,0.0000,0,
30.1511,30.1500,OOD,STANCE,0.3774,-148.561,-115.871,-122.114,0.0000,0.8000,0.3060,0.0000,0.3060,0.3978,0,
30.1612,30.1600,OOD,STANCE,0.3962,-147.274,128.695,-122.114,0.0000,0.8000,-0.0672,0.0000,-0.0672,0.0000,0,
30.1709,30.1700,OOD,STANCE,0.4151,-146.919,35.567,-122.114,0.0000,0.8000,0.0707,0.0000,0.0707,0.1272,0,
30.1810,30.1800,OOD,STANCE,0.4340,-146.650,26.879,-122.114,0.0000,0.8000,0.0824,0.0000,0.0824,0.1406,0,
30.1911,30.1900,OOD,STANCE,0.4528,-144.095,255.525,-122.114,0.0000,0.8000,-0.2734,0.0000,-0.2734,0.0000,0,
30.2010,30.2000,OOD,STANCE,0.4717,-143.740,35.478,-122.114,0.0000,0.8000,0.0549,0.0000,0.0549,0.1091,0,
30.2110,30.2100,OOD,STANCE,0.4906,-141.388,235.136,-122.114,0.0000,0.8000,-0.2563,0.0000,-0.2563,0.0000,0,
30.2212,30.2200,OOD,STANCE,0.5094,-139.567,182.129,-122.114,0.0000,0.8000,-0.1859,0.0000,-0.1859,0.0000,0,
30.2311,30.2300,OOD,STANCE,0.5283,-138.784,78.294,-122.114,0.0000,0.8000,-0.0341,0.0000,-0.0341,0.0000,0,
30.2411,30.2400,OOD,STANCE,0.5472,-136.907,187.704,-122.114,0.0000,0.8000,-0.2076,0.0000,-0.2076,0.0000,0,
30.2511,30.2500,OOD,STANCE,0.5660,-134.940,196.743,-122.114,0.0000,0.8000,-0.2310,0.0000,-0.2310,0.0000,0,
30.2611,30.2600,OOD,STANCE,0.5849,-132.534,240.579,-122.114,0.0000,0.8000,-0.3088,0.0000,-0.3088,0.0000,0,
30.2711,30.2700,OOD,STANCE,0.6038,-129.470,306.409,-122.114,0.0000,0.8000,-0.4228,0.0000,-0.4228,0.0000,0,
30.2811,30.2800,OOD,STANCE,0.6226,-127.406,206.353,-122.114,0.0000,0.8000,-0.2831,0.0000,-0.2831,0.0000,0,
30.2912,30.2900,OOD,STANCE,0.6415,-125.297,210.972,-122.114,0.0000,0.8000,-0.3005,0.0000,-0.3005,0.0000,0,
30.3011,30.3000,OOD,STANCE,0.6604,-122.370,292.645,-122.114,0.0000,0.8000,-0.4377,0.0000,-0.4377,0.0000,0,
30.3112,30.3100,OOD,STANCE,0.6792,-120.964,140.647,-122.114,0.0000,0.8000,-0.2167,0.0000,-0.2167,0.0000,0,
30.3212,30.3200,OOD,STANCE,0.6981,-117.398,356.554,-122.114,0.0000,0.8000,-0.5584,0.0000,-0.5584,0.0000,0,
30.3311,30.3300,OOD,STANCE,0.7170,-115.863,153.521,-122.114,0.0000,0.8000,-0.2615,0.0000,-0.2615,0.0000,0,
30.3410,30.3400,OOD,STANCE,0.7358,-111.555,430.766,-122.114,0.0000,0.8000,-0.6989,0.0000,-0.6989,0.0000,0,
30.3511,30.3500,OOD,STANCE,0.7547,-110.150,140.490,-122.114,0.0000,0.8000,-0.2706,0.0000,-0.2706,0.0000,0,
30.3613,30.3600,OOD,STANCE,0.7736,-106.358,379.193,-122.114,0.0000,0.8000,-0.6476,0.0000,-0.6476,0.0000,0,
30.3711,30.3700,OOD,STANCE,0.7925,-104.262,209.627,-122.114,0.0000,0.8000,-0.4037,0.0000,-0.4037,0.0000,0,
30.3811,30.3800,OOD,STANCE,0.8113,-100.241,402.087,-122.114,0.0000,0.8000,-0.7125,0.0000,-0.7125,0.0000,0,
30.3912,30.3900,OOD,STANCE,0.8302,-99.186,105.536,-122.114,0.0000,0.8000,-0.2729,0.0000,-0.2729,0.0000,0,
30.4011,30.4000,OOD,STANCE,0.8491,-96.288,289.754,-122.114,0.0000,0.8000,-0.5638,0.0000,-0.5638,0.0000,0,
30.4111,30.4100,OOD,STANCE,0.8679,-93.028,326.048,-122.114,0.0000,0.8000,-0.6345,0.0000,-0.6345,0.0000,0,
30.4212,30.4200,OOD,STANCE,0.8868,-91.156,187.175,-122.114,0.0000,0.8000,-0.4356,0.0000,-0.4356,0.0000,0,
30.4311,30.4300,OOD,STANCE,0.9057,-88.969,218.749,-122.114,0.0000,0.8000,-0.4938,0.0000,-0.4938,0.0000,0,
30.4413,30.4400,OOD,STANCE,0.9245,-86.959,200.964,-122.114,0.0000,0.8000,-0.4772,0.0000,-0.4772,0.0000,0,
30.4511,30.4500,OOD,STANCE,0.9434,-84.750,220.901,-122.114,0.0000,0.8000,-0.5182,0.0000,-0.5182,0.0000,0,
30.4611,30.4600,OOD,STANCE,0.9623,-83.121,162.917,-122.114,0.0000,0.8000,-0.4393,0.0000,-0.4393,0.0000,0,
30.4710,30.4700,OOD,STANCE,0.9811,-81.040,208.120,-122.114,0.0000,0.8000,-0.5175,0.0000,-0.5175,0.0000,0,
30.4811,30.4800,OOD,STANCE,1.0000,-79.269,177.092,-122.114,0.0000,0.8000,-0.4799,0.0000,-0.4799,0.0000,0,
30.4911,30.4900,OOD,STANCE,1.0000,-77.368,190.077,-122.114,0.0000,0.8000,-0.5088,0.0000,-0.5088,0.0000,0,
30.5011,30.5000,OOD,SWING,0.0000,-76.173,119.457,-122.114,0.0000,0.8000,-0.4089,0.0000,-0.4089,0.0000,0,
30.5112,30.5100,OOD,SWING,0.0145,-74.554,161.931,-125.755,0.0455,0.8000,-0.3168,0.1821,-0.4989,0.0000,0,
30.5213,30.5200,OOD,SWING,0.0290,-74.320,23.403,-129.388,0.0909,0.8000,0.0533,0.3637,-0.3104,0.1072,0,
30.5312,30.5300,OOD,SWING,0.0435,-71.639,268.109,-133.007,0.1362,0.8000,-0.1643,0.5447,-0.7090,0.0000,0,
30.5412,30.5400,OOD,SWING,0.0580,-71.214,42.483,-136.603,0.1811,0.8000,0.3338,0.7245,-0.3907,0.4297,0,
30.5509,30.5500,OOD,SWING,0.0725,-68.065,314.938,-140.169,0.2257,0.8000,0.0698,0.9028,-0.8329,0.1262,0,
30.5611,30.5600,OOD,SWING,0.0870,-67.646,41.847,-143.697,0.2698,0.8000,0.6362,1.0792,-0.4430,0.7772,0,
30.5711,30.5700,OOD,SWING,0.1014,-64.175,347.110,-147.181,0.3133,0.8000,0.3177,1.2534,-0.9357,0.4111,0,
30.5812,30.5800,OOD,SWING,0.1159,-62.627,154.805,-150.613,0.3562,0.8000,0.7528,1.4250,-0.6721,0.9113,0,
30.5910,30.5900,OOD,SWING,0.1304,-59.649,297.821,-153.986,0.3984,0.8000,0.6752,1.5936,-0.9184,0.8221,0,
30.6012,30.6000,OOD,SWING,0.1449,-56.767,288.199,-157.292,0.4397,0.8000,0.8240,1.7589,-0.9349,0.9931,0,
30.6112,30.6100,OOD,SWING,0.1594,-53.756,301.109,-160.526,0.4802,0.8000,0.9351,1.9206,-0.9855,1.1208,0,
30.6212,30.6200,OOD,SWING,0.1739,-50.857,289.872,-163.680,0.5196,0.8000,1.0794,2.0783,-0.9989,1.2867,0,
30.6312,30.6300,OOD,SWING,0.1884,-48.420,243.687,-166.748,0.5579,0.8000,1.2746,2.2317,-0.9572,1.5110,0,
30.6412,30.6400,OOD,SWING,0.2029,-43.967,445.277,-169.724,0.5951,0.8000,1.0838,2.3805,-1.2967,1.2917,0,
30.6512,30.6500,OOD,SWING,0.2174,-42.662,130.547,-172.601,0.6311,0.8000,1.6788,2.5244,-0.8455,1.9757,0,
30.6612,30.6600,OOD,SWING,0.2319,-37.714,494.830,-175.373,0.6657,0.8000,1.2324,2.6630,-1.4305,1.4626,0,
30.6711,30.6700,OOD,SWING,0.2464,-35.887,182.636,-178.035,0.6990,0.8000,1.8114,2.7960,-0.9847,2.1280,0,
30.6812,30.6800,OOD,SWING,0.2609,-32.439,344.864,-180.580,0.7308,0.8000,1.6653,2.9233,-1.2580,1.9602,0,
30.6910,30.6900,OOD,SWING,0.2754,-29.707,273.141,-183.005,0.7611,0.8000,1.8684,3.0446,-1.1762,2.1935,0,
30.7013,30.7000,OOD,SWING,0.2899,-26.850,285.765,-185.304,0.7899,0.8000,1.9386,3.1595,-1.2209,2.2742,0,
30.7112,30.7100,OOD,SWING,0.3043,-23.776,307.377,-187.471,0.8170,0.8000,1.9883,3.2679,-1.2795,2.3314,0,
30.7212,30.7200,OOD,SWING,0.3188,-22.160,161.614,-189.503,0.8424,0.8000,2.2903,3.3695,-1.0791,2.6786,0,
30.7312,30.7300,OOD,SWING,0.3333,-19.017,314.319,-191.396,0.8660,0.8000,2.1307,3.4641,-1.3334,2.4951,0,
30.7412,30.7400,OOD,SWING,0.3478,-17.535,148.122,-193.144,0.8879,0.8000,2.4513,3.5515,-1.1002,2.8636,0,
30.7511,30.7500,OOD,SWING,0.3623,-12.982,455.348,-194.746,0.9079,0.8000,2.0398,3.6316,-1.5918,2.3905,0,
30.7612,30.7600,OOD,SWING,0.3768,-13.664,-68.220,-196.197,0.9260,0.8000,2.8938,3.7042,-0.8103,3.3722,0,
30.7712,30.7700,OOD,SWING,0.3913,-9.131,453.276,-197.494,0.9423,0.8000,2.1473,3.7690,-1.6217,2.5142,0,
30.7811,30.7800,OOD,SWING,0.4058,-10.683,-155.124,-198.636,0.9565,0.8000,3.1190,3.8261,-0.7071,3.6311,0,
30.7913,30.7900,OOD,SWING,0.4203,-5.894,478.878,-199.618,0.9688,0.8000,2.1883,3.8752,-1.6869,2.5613,0,
30.8010,30.8000,OOD,SWING,0.4348,-8.248,-235.442,-200.440,0.9791,0.8000,3.3085,3.9163,-0.6078,3.8489,0,
30.8113,30.8100,OOD,SWING,0.4493,-4.447,380.158,-201.100,0.9873,0.8000,2.3958,3.9493,-1.5535,2.7998,0,
30.8204,30.8200,OOD,SWING,0.4638,-5.290,-84.358,-201.596,0.9935,0.8000,3.1191,3.9741,-0.8550,3.6312,0,
30.8304,30.8300,OOD,SWING,0.4783,-3.728,156.194,-201.927,0.9977,0.8000,2.7654,3.9907,-1.2253,3.2246,0,
30.8405,30.8400,OOD,SWING,0.4928,-4.035,-30.672,-202.093,0.9997,0.8000,3.0547,3.9990,-0.9443,3.5571,0,
30.8504,30.8500,OOD,SWING,0.5072,-3.271,76.366,-202.093,0.9997,0.8000,2.8903,3.9990,-1.1087,3.3682,0,
30.8613,30.8600,OOD,SWING,0.5217,-3.866,-59.432,-201.927,0.9977,0.8000,3.0895,3.9907,-0.9012,3.5971,0,
30.8711,30.8700,OOD,SWING,0.5362,-4.085,-21.952,-201.596,0.9935,0.8000,3.0195,3.9741,-0.9546,3.5167,0,
30.8812,30.8800,OOD,SWING,0.5507,-5.595,-150.997,-201.100,0.9873,0.8000,3.1983,3.9493,-0.7510,3.7222,0,
30.8911,30.8900,OOD,SWING,0.5652,-5.150,44.555,-200.440,0.9791,0.8000,2.8731,3.9163,-1.0433,3.3483,0,
30.9012,30.9000,OOD,SWING,0.5797,-6.577,-142.731,-199.618,0.9688,0.8000,3.1241,3.8752,-0.7511,3.6369,0,
30.9111,30.9100,OOD,SWING,0.5942,-6.907,-32.998,-198.636,0.9565,0.8000,2.9170,3.8261,-0.9091,3.3988,0,
30.9209,30.9200,OOD,SWING,0.6087,-9.948,-304.168,-197.494,0.9423,0.8000,3.2876,3.7690,-0.4815,3.8248,0,
30.9312,30.9300,OOD,SWING,0.6232,-9.705,24.335,-196.197,0.9260,0.8000,2.7352,3.7042,-0.9690,3.1899,0,
30.9412,30.9400,OOD,SWING,0.6377,-14.805,-510.010,-194.746,0.9079,0.8000,3.4969,3.6316,-0.1347,4.0654,0,
30.9512,30.9500,OOD,SWING,0.6522,-12.635,217.073,-193.144,0.8879,0.8000,2.3234,3.5515,-1.2282,2.7165,0,
30.9612,30.9600,OOD,SWING,0.6667,-19.777,-714.269,-191.396,0.8660,0.8000,3.6774,3.4641,0.2133,4.2729,0,
30.9712,30.9700,OOD,SWING,0.6812,-18.079,169.837,-189.503,0.8424,0.8000,2.2576,3.3695,-1.1119,2.6409,0,
30.9812,30.9800,OOD,SWING,0.6957,-24.282,-620.336,-187.471,0.8170,0.8000,3.3824,3.2679,0.1146,3.9338,0,
30.9912,30.9900,OOD,SWING,0.7101,-23.952,33.057,-185.304,0.7899,0.8000,2.3032,3.1595,-0.8563,2.6933,0,
31.0012,31.0000,OOD,SWING,0.7246,-30.541,-658.950,-183.005,0.7611,0.8000,3.2707,3.0446,0.2261,3.8054,0,
31.0111,31.0100,OOD,SWING,0.7391,-29.949,59.172,-180.580,0.7308,0.8000,2.0814,2.9233,-0.8419,2.4384,0,
31.0212,31.0200,OOD,SWING,0.7536,-37.809,-785.995,-178.035,0.6990,0.8000,3.2739,2.7960,0.4779,3.8091,0,
31.0312,31.0300,OOD,SWING,0.7681,-37.001,80.862,-175.373,0.6657,0.8000,1.8498,2.6630,-0.8132,2.1722,0,
31.0410,31.0400,OOD,SWING,0.7826,-45.116,-811.574,-172.601,0.6311,0.8000,3.1043,2.5244,0.5799,3.6141,0,
31.0512,31.0500,OOD,SWING,0.7971,-44.854,26.260,-169.724,0.5951,0.8000,1.7168,2.3805,-0.6637,2.0193,0,
31.0612,31.0600,OOD,SWING,0.8116,-53.530,-867.581,-166.748,0.5579,0.8000,2.9670,2.2317,0.7353,3.4563,0,
31.0712,31.0700,OOD,SWING,0.8261,-53.341,18.892,-163.680,0.5196,0.8000,1.4983,2.0783,-0.5800,1.7682,0,
31.0812,31.0800,OOD,SWING,0.8406,-61.675,-833.398,-160.526,0.4802,0.8000,2.6765,1.9206,0.7558,3.1224,0,
31.0913,31.0900,OOD,SWING,0.8551,-61.777,-10.216,-157.292,0.4397,0.8000,1.2967,1.7589,-0.4623,1.5364,0,
31.1010,31.1000,OOD,SWING,0.8696,-71.393,-961.656,-153.986,0.3984,0.8000,2.6231,1.5936,1.0295,3.0611,0,
31.1110,31.1100,OOD,SWING,0.8841,-70.044,134.982,-150.613,0.3562,0.8000,0.8196,1.4250,-0.6053,0.9881,0,
31.1211,31.1200,OOD,SWING,0.8986,-80.904,-1085.993,-147.181,0.3133,0.8000,2.5510,1.2534,1.2976,2.9781,0,
31.1312,31.1300,OOD,SWING,0.9130,-80.048,85.525,-143.697,0.2698,0.8000,0.6327,1.0792,-0.4465,0.7732,0,
31.1412,31.1400,OOD,SWING,0.9275,-90.967,-1091.879,-140.169,0.2257,0.8000,2.2946,0.9028,1.3918,2.6834,0,
31.1512,31.1500,OOD,SWING,0.9420,-89.904,106.312,-136.603,0.1811,0.8000,0.3315,0.7245,-0.3930,0.4270,0,
31.1612,31.1600,OOD,SWING,0.9565,-99.461,-955.657,-133.007,0.1362,0.8000,1.8104,0.5447,1.2658,2.1269,0,
31.1710,31.1700,OOD,SWING,0.9710,-100.121,-66.063,-129.388,0.0909,0.8000,0.3165,0.3637,-0.0472,0.4098,0,
31.1820,31.1800,OOD,STANCE,0.0000,-109.890,-976.892,-122.114,0.0000,0.8000,1.4042,0.0000,1.4042,1.6600,0,
31.1904,31.1900,OOD,STANCE,0.0182,-110.771,-88.050,-122.114,0.0000,0.8000,0.0754,0.0000,0.0754,0.1326,0,
31.2010,31.2000,OOD,STANCE,0.0364,-119.705,-893.409,-122.114,0.0000,0.8000,1.3281,0.0000,1.3281,1.5725,0,
31.2111,31.2100,OOD,STANCE,0.0545,-120.123,-41.785,-122.114,0.0000,0.8000,0.0527,0.0000,0.0527,0.1066,0,
31.2212,31.2200,OOD,STANCE,0.0727,-127.695,-757.287,-122.114,0.0000,0.8000,1.1638,0.0000,1.1638,1.3837,0,
31.2311,31.2300,OOD,STANCE,0.0909,-127.172,52.295,-122.114,0.0000,0.8000,-0.0531,0.0000,-0.0531,0.0000,0,
31.2411,31.2400,OOD,STANCE,0.1091,-134.885,-771.287,-122.114,0.0000,0.8000,1.2208,0.0000,1.2208,1.4492,0,
31.2512,31.2500,OOD,STANCE,0.1273,-132.558,232.732,-122.114,0.0000,0.8000,-0.2969,0.0000,-0.2969,0.0000,0,
31.2612,31.2600,OOD,STANCE,0.1455,-137.526,-496.768,-122.114,0.0000,0.8000,0.8222,0.0000,0.8222,0.9911,0,
31.2710,31.2700,OOD,STANCE,0.1636,-137.598,-7.261,-122.114,0.0000,0.8000,0.0883,0.0000,0.0883,0.1475,0,
31.2812,31.2800,OOD,STANCE,0.1818,-141.487,-388.845,-122.114,0.0000,0.8000,0.6801,0.0000,0.6801,0.8277,0,
31.2911,31.2900,OOD,STANCE,0.2000,-140.721,76.553,-122.114,0.0000,0.8000,-0.0218,0.0000,-0.0218,0.0000,0,
31.3011,31.3000,OOD,STANCE,0.2182,-144.004,-328.270,-122.114,0.0000,0.8000,0.6019,0.0000,0.6019,0.7378,0,
31.3111,31.3100,OOD,STANCE,0.2364,-143.227,77.712,-122.114,0.0000,0.8000,-0.0110,0.0000,-0.0110,0.0000,0,
31.3211,31.3200,OOD,STANCE,0.2545,-144.939,-171.222,-122.114,0.0000,0.8000,0.3710,0.0000,0.3710,0.4724,0,
31.3311,31.3300,OOD,STANCE,0.2727,-144.243,69.616,-122.114,0.0000,0.8000,0.0062,0.0000,0.0062,0.0531,0,
31.3410,31.3400,OOD,STANCE,0.2909,-146.415,-217.200,-122.114,0.0000,0.8000,0.4473,0.0000,0.4473,0.5601,0,
31.3512,31.3500,OOD,STANCE,0.3091,-143.336,307.849,-122.114,0.0000,0.8000,-0.3557,0.0000,-0.3557,0.0000,0,
31.3613,31.3600,OOD,STANCE,0.3273,-144.734,-139.715,-122.114,0.0000,0.8000,0.3227,0.0000,0.3227,0.4169,0,
31.3711,31.3700,OOD,STANCE,0.3455,-143.074,165.928,-122.114,0.0000,0.8000,-0.1441,0.0000,-0.1441,0.0000,0,
31.3812,31.3800,OOD,STANCE,0.3636,-142.662,41.189,-122.114,0.0000,0.8000,0.0410,0.0000,0.0410,0.0931,0,
31.3912,31.3900,OOD,STANCE,0.3818,-142.533,12.989,-122.114,0.0000,0.8000,0.0826,0.0000,0.0826,0.1409,0,
31.4011,31.4000,OOD,STANCE,0.4000,-140.704,182.858,-122.114,0.0000,0.8000,-0.1813,0.0000,-0.1813,0.0000,0,
31.4111,31.4100,OOD,STANCE,0.4182,-140.108,59.601,-122.114,0.0000,0.8000,0.0006,0.0000,0.0006,0.0466,0,
31.4212,31.4200,OOD,STANCE,0.4364,-138.565,154.307,-122.114,0.0000,0.8000,-0.1492,0.0000,-0.1492,0.0000,0,
31.4311,31.4300,OOD,STANCE,0.4545,-136.957,160.819,-122.114,0.0000,0.8000,-0.1670,0.0000,-0.1670,0.0000,0,
31.4411,31.4400,OOD,STANCE,0.4727,-135.434,152.238,-122.114,0.0000,0.8000,-0.1618,0.0000,-0.1618,0.0000,0,
31.4511,31.4500,OOD,STANCE,0.4909,-133.705,172.952,-122.114,0.0000,0.8000,-0.2015,0.0000,-0.2015,0.0000,0,
31.4611,31.4600,OOD,STANCE,0.5091,-131.049,265.606,-122.114,0.0000,0.8000,-0.3537,0.0000,-0.3537,0.0000,0,
31.4711,31.4700,OOD,STANCE,0.5273,-129.110,193.874,-122.114,0.0000,0.8000,-0.2558,0.0000,-0.2558,0.0000,0,
31.4812,31.4800,OOD,STANCE,0.5455,-126.823,228.722,-122.114,0.0000,0.8000,-0.3195,0.0000,-0.3195,0.0000,0,
31.4911,31.4900,OOD,STANCE,0.5636,-124.247,257.557,-122.114,0.0000,0.8000,-0.3757,0.0000,-0.3757,0.0000,0,
31.5011,31.5000,OOD,STANCE,0.5818,-122.931,131.607,-122.114,0.0000,0.8000,-0.1933,0.0000,-0.1933,0.0000,0,
31.5111,31.5100,OOD,STANCE,0.6000,-119.160,377.114,-122.114,0.0000,0.8000,-0.5804,0.0000,-0.5804,0.0000,0,
31.5206,31.5200,OOD,STANCE,0.6182,-115.981,317.938,-122.114,0.0000,0.8000,-0.5076,0.0000,-0.5076,0.0000,0,
31.5312,31.5300,OOD,STANCE,0.6364,-114.664,131.612,-122.114,0.0000,0.8000,-0.2347,0.0000,-0.2347,0.0000,0,
31.5411,31.5400,OOD,STANCE,0.6545,-110.574,409.061,-122.114,0.0000,0.8000,-0.6713,0.0000,-0.6713,0.0000,0,
31.5511,31.5500,OOD,STANCE,0.6727,-109.625,94.906,-122.114,0.0000,0.8000,-0.2048,0.0000,-0.2048,0.0000,0,
31.5611,31.5600,OOD,STANCE,0.6909,-106.526,309.844,-122.114,0.0000,0.8000,-0.5427,0.0000,-0.5427,0.0000,0,
31.5711,31.5700,OOD,STANCE,0.7091,-103.340,318.637,-122.114,0.0000,0.8000,-0.5718,0.0000,-0.5718,0.0000,0,
31.5811,31.5800,OOD,STANCE,0.7273,-101.247,209.304,-122.114,0.0000,0.8000,-0.4183,0.0000,-0.4183,0.0000,0,
31.5911,31.5900,OOD,STANCE,0.7455,-98.809,243.768,-122.114,0.0000,0.8000,-0.4822,0.0000,-0.4822,0.0000,0,
31.6011,31.6000,OOD,STANCE,0.7636,-95.895,291.384,-122.114,0.0000,0.8000,-0.5682,0.0000,-0.5682,0.0000,0,
31.6111,31.6100,OOD,STANCE,0.7818,-93.353,254.207,-122.114,0.0000,0.8000,-0.5251,0.0000,-0.5251,0.0000,0,
31.6212,31.6200,OOD,STANCE,0.8000,-90.828,252.542,-122.114,0.0000,0.8000,-0.5352,0.0000,-0.5352,0.0000,0,
31.6311,31.6300,OOD,STANCE,0.8182,-89.023,180.506,-122.114,0.0000,0.8000,-0.4362,0.0000,-0.4362,0.0000,0,
31.6411,31.6400,OOD,STANCE,0.8364,-87.557,146.575,-122.114,0.0000,0.8000,-0.3926,0.0000,-0.3926,0.0000,0,
31.6512,31.6500,OOD,STANCE,0.8545,-84.452,310.548,-122.114,0.0000,0.8000,-0.6541,0.0000,-0.6541,0.0000,0,
31.6612,31.6600,OOD,STANCE,0.8727,-82.208,224.334,-122.114,0.0000,0.8000,-0.5360,0.0000,-0.5360,0.0000,0,
31.6711,31.6700,OOD,STANCE,0.8909,-81.074,113.382,-122.114,0.0000,0.8000,-0.3753,0.0000,-0.3753,0.0000,0,
31.6812,31.6800,OOD,STANCE,0.9091,-78.863,221.155,-122.114,0.0000,0.8000,-0.5480,0.0000,-0.5480,0.0000,0,
31.6912,31.6900,OOD,STANCE,0.9273,-78.141,72.230,-122.114,0.0000,0.8000,-0.3282,0.0000,-0.3282,0.0000,0,
31.7012,31.7000,OOD,STANCE,0.9455,-76.437,170.314,-122.114,0.0000,0.8000,-0.4839,0.0000,-0.4839,0.0000,0,
31.7112,31.7100,OOD,STANCE,0.9636,-75.317,112.076,-122.114,0.0000,0.8000,-0.4021,0.0000,-0.4021,0.0000,0,
31.7212,31.7200,OOD,STANCE,0.9818,-73.642,167.453,-122.114,0.0000,0.8000,-0.4935,0.0000,-0.4935,0.0000,0,
31.7312,31.7300,OOD,SWING,0.0000,-73.136,50.576,-122.114,0.0000,0.8000,-0.3208,0.0000,-0.3208,0.0000,0,
31.7413,31.7400,OOD,SWING,0.0147,-71.145,199.168,-125.808,0.0462,0.8000,-0.3873,0.1847,-0.5721,0.0000,0,
31.7512,31.7500,OOD,SWING,0.0294,-70.897,24.788,-129.495,0.0923,0.8000,0.0389,0.3691,-0.3302,0.0907,0,
31.7606,31.7600,OOD,SWING,0.0441,-70.110,78.658,-133.166,0.1382,0.8000,0.1194,0.5526,-0.4333,0.1832,0,
31.7712,31.7700,OOD,SWING,0.0588,-68.642,146.805,-136.814,0.1837,0.8000,0.1739,0.7350,-0.5611,0.2459,0,
31.7812,31.7800,OOD,SWING,0.0735,-67.180,146.237,-140.430,0.2290,0.8000,0.3302,0.9158,-0.5856,0.4255,0,
31.7912,31.7900,OOD,SWING,0.0882,-65.734,144.572,-144.007,0.2737,0.8000,0.4864,1.0947,-0.6082,0.6051,0,
31.8012,31.8000,OOD,SWING,0.1029,-63.945,178.868,-147.537,0.3178,0.8000,0.5849,1.2712,-0.6863,0.7183,0,
31.8112,31.8100,OOD,SWING,0.1176,-61.207,273.869,-151.013,0.3612,0.8000,0.5851,1.4450,-0.8598,0.7185,0,
31.8212,31.8200,OOD,SWING,0.1324,-59.517,169.003,-154.427,0.4039,0.8000,0.8876,1.6157,-0.7281,1.0662,0,
31.8312,31.8300,OOD,SWING,0.1471,-56.027,348.984,-157.773,0.4457,0.8000,0.7507,1.7830,-1.0322,0.9089,0,
31.8412,31.8400,OOD,SWING,0.1618,-54.629,139.777,-161.042,0.4866,0.8000,1.2047,1.9464,-0.7417,1.4307,0,
31.8512,31.8500,OOD,SWING,0.1765,-50.678,395.084,-164.228,0.5264,0.8000,0.9454,2.1057,-1.1604,1.1326,0,
31.8612,31.8600,OOD,SWING,0.1912,-48.624,205.437,-167.324,0.5651,0.8000,1.3589,2.2605,-0.9017,1.6079,0,
31.8712,31.8700,OOD,SWING,0.2059,-45.939,268.515,-170.324,0.6026,0.8000,1.3858,2.4105,-1.0247,1.6389,0,
31.8812,31.8800,OOD,SWING,0.2206,-42.802,313.672,-173.221,0.6388,0.8000,1.4328,2.5554,-1.1226,1.6929,0,
31.8908,31.8900,OOD,SWING,0.2353,-40.350,245.227,-176.009,0.6737,0.8000,1.6486,2.6948,-1.0461,1.9410,0,
31.9005,31.9000,OOD,SWING,0.2500,-37.458,289.155,-178.682,0.7071,0.8000,1.6886,2.8284,-1.1399,1.9869,0,
31.9105,31.9100,OOD,SWING,0.2647,-33.621,383.687,-181.234,0.7390,0.8000,1.6424,2.9560,-1.3136,1.9338,0,
31.9212,31.9200,OOD,SWING,0.2794,-32.501,112.042,-183.660,0.7693,0.8000,2.1535,3.0773,-0.9239,2.5212,0,
31.9312,31.9300,OOD,SWING,0.2941,-29.345,315.637,-185.955,0.7980,0.8000,1.9356,3.1921,-1.2565,2.2708,0,
31.9412,31.9400,OOD,SWING,0.3088,-27.446,189.821,-188.113,0.8250,0.8000,2.2119,3.3000,-1.0881,2.5884,0,
31.9512,31.9500,OOD,SWING,0.3235,-24.261,318.541,-190.131,0.8502,0.8000,2.0937,3.4009,-1.3072,2.4525,0,
31.9612,31.9600,OOD,SWING,0.3382,-22.443,181.755,-192.003,0.8736,0.8000,2.3741,3.4945,-1.1204,2.7748,0,
31.9712,31.9700,OOD,SWING,0.3529,-20.583,186.023,-193.727,0.8952,0.8000,2.4359,3.5807,-1.1448,2.8459,0,
31.9812,31.9800,OOD,SWING,0.3676,-18.132,245.149,-195.297,0.9148,0.8000,2.4056,3.6592,-1.2535,2.8111,0,
31.9912,31.9900,OOD,SWING,0.3824,-17.903,22.918,-196.711,0.9325,0.8000,2.8015,3.7299,-0.9284,3.2661,0,
32.0012,32.0000,OOD,SWING,0.3971,-14.180,372.205,-197.966,0.9482,0.8000,2.3154,3.7926,-1.4772,2.7074,0,
32.0112,32.0100,OOD,SWING,0.4118,-14.312,-13.134,-199.060,0.9618,0.8000,2.9433,3.8473,-0.9040,3.4290,0,
32.0212,32.0200,OOD,SWING,0.4265,-12.226,208.575,-199.989,0.9734,0.8000,2.6421,3.8938,-1.2517,3.0828,0,
32.0312,32.0300,OOD,SWING,0.4412,-12.321,-9.503,-200.751,0.9830,0.8000,3.0040,3.9319,-0.9279,3.4988,0,
32.0412,32.0400,OOD,SWING,0.4559,-9.868,245.293,-201.346,0.9904,0.8000,2.6363,3.9616,-1.3253,3.0762,0,
32.0512,32.0500,OOD,SWING,0.4706,-11.541,-167.260,-201.772,0.9957,0.8000,3.2827,3.9829,-0.7003,3.8192,0,
32.0611,32.0600,OOD,SWING,0.4853,-8.898,264.263,-202.028,0.9989,0.8000,2.6337,3.9957,-1.3620,3.0732,0,
32.0712,32.0700,OOD,SWING,0.5000,-10.350,-145.166,-202.114,1.0000,0.8000,3.2589,4.0000,-0.7411,3.7919,0,
32.0812,32.0800,OOD,SWING,0.5147,-9.561,78.850,-202.028,0.9989,0.8000,2.9151,3.9957,-1.0806,3.3967,0,
32.0911,32.0900,OOD,SWING,0.5294,-9.139,42.275,-201.772,0.9957,0.8000,2.9564,3.9829,-1.0266,3.4441,0,
32.1010,32.1000,OOD,SWING,0.5441,-11.304,-216.580,-201.346,0.9904,0.8000,3.3363,3.9616,-0.6253,3.8808,0,
32.1110,32.1100,OOD,SWING,0.5588,-11.250,5.456,-200.751,0.9830,0.8000,2.9762,3.9319,-0.9557,3.4669,0,
32.1210,32.1200,OOD,SWING,0.5735,-11.608,-35.799,-199.989,0.9734,0.8000,3.0055,3.8938,-0.8882,3.5006,0,
32.1313,32.1300,OOD,SWING,0.5882,-13.502,-189.435,-199.060,0.9618,0.8000,3.2037,3.8473,-0.6436,3.7284,0,
32.1411,32.1400,OOD,SWING,0.6029,-14.330,-82.803,-197.966,0.9482,0.8000,2.9987,3.7926,-0.7940,3.4927,0,
32.1506,32.1500,OOD,SWING,0.6176,-16.132,-180.186,-196.711,0.9325,0.8000,3.0973,3.7299,-0.6326,3.6061,0,
32.1606,32.1600,OOD,SWING,0.6324,-17.619,-148.729,-195.297,0.9148,0.8000,2.9939,3.6592,-0.6653,3.4872,0,
32.1710,32.1700,OOD,SWING,0.6471,-20.130,-251.090,-193.727,0.8952,0.8000,3.0893,3.5807,-0.4913,3.5969,0,
32.1813,32.1800,OOD,SWING,0.6618,-21.524,-139.338,-192.003,0.8736,0.8000,2.8511,3.4945,-0.6434,3.3231,0,
32.1912,32.1900,OOD,SWING,0.6765,-24.698,-317.462,-190.131,0.8502,0.8000,3.0499,3.4009,-0.3510,3.5516,0,
32.2012,32.2000,OOD,SWING,0.6912,-26.338,-163.994,-188.113,0.8250,0.8000,2.7371,3.3000,-0.5629,3.1921,0,
32.2112,32.2100,OOD,SWING,0.7059,-30.474,-413.547,-185.955,0.7980,0.8000,3.0350,3.1921,-0.1571,3.5345,0,
32.2212,32.2200,OOD,SWING,0.7206,-32.175,-170.128,-183.660,0.7693,0.8000,2.5751,3.0773,-0.5022,3.0059,0,
32.2311,32.2300,OOD,SWING,0.7353,-35.979,-380.461,-181.234,0.7390,0.8000,2.8005,2.9560,-0.1556,3.2649,0,
32.2410,32.2400,OOD,SWING,0.7500,-38.619,-263.931,-178.682,0.7071,0.8000,2.5240,2.8284,-0.3044,2.9471,0,
32.2512,32.2500,OOD,SWING,0.7647,-42.909,-428.987,-176.009,0.6737,0.8000,2.6728,2.6948,-0.0220,3.1181,0,
32.2612,32.2600,OOD,SWING,0.7794,-45.719,-281.021,-173.221,0.6388,0.8000,2.3394,2.5554,-0.2160,2.7349,0,
32.2712,32.2700,OOD,SWING,0.7941,-49.811,-409.210,-170.324,0.6026,0.8000,2.4218,2.4105,0.0112,2.8296,0,
32.2810,32.2800,OOD,SWING,0.8088,-54.094,-428.284,-167.324,0.5651,0.8000,2.3368,2.2605,0.0763,2.7320,0,
32.2910,32.2900,OOD,SWING,0.8235,-57.906,-381.225,-164.228,0.5264,0.8000,2.1460,2.1057,0.0402,2.5126,0,
32.3011,32.3000,OOD,SWING,0.8382,-61.430,-352.428,-161.042,0.4866,0.8000,1.9770,1.9464,0.0306,2.3184,0,
32.3111,32.3100,OOD,SWING,0.8529,-66.351,-492.039,-157.773,0.4457,0.8000,2.0639,1.7830,0.2809,2.4183,0,
32.3213,32.3200,OOD,SWING,0.8676,-70.524,-417.332,-154.427,0.4039,0.8000,1.8222,1.6157,0.2065,2.1404,0,
32.3311,32.3300,OOD,SWING,0.8824,-74.949,-442.464,-151.013,0.3612,0.8000,1.7283,1.4450,0.2834,2.0326,0,
32.3410,32.3400,OOD,SWING,0.8971,-79.664,-471.536,-147.537,0.3178,0.8000,1.6391,1.2712,0.3679,1.9300,0,
32.3507,32.3500,OOD,SWING,0.9118,-83.991,-432.734,-144.007,0.2737,0.8000,1.4437,1.0947,0.3490,1.7054,0,
32.3612,32.3600,OOD,SWING,0.9265,-88.137,-414.585,-140.430,0.2290,0.8000,1.2762,0.9158,0.3604,1.5129,0,
32.3712,32.3700,OOD,SWING,0.9412,-93.766,-562.839,-136.814,0.1837,0.8000,1.3640,0.7350,0.6290,1.6138,0,
32.3812,32.3800,OOD,SWING,0.9559,-98.159,-439.307,-133.166,0.1382,0.8000,1.0365,0.5526,0.4839,1.2374,0,
32.3919,32.3900,OOD,STANCE,0.0000,-102.605,-444.585,-122.114,0.0000,0.8000,0.5693,0.0000,0.5693,0.7004,0,
32.4013,32.4000,OOD,STANCE,0.0182,-109.474,-686.933,-122.114,0.0000,0.8000,0.9672,0.0000,0.9672,1.1577,0,
32.4111,32.4100,OOD,STANCE,0.0364,-113.449,-397.555,-122.114,0.0000,0.8000,0.5530,0.0000,0.5530,0.6816,0,
32.4212,32.4200,OOD,STANCE,0.0545,-118.798,-534.842,-122.114,0.0000,0.8000,0.7857,0.0000,0.7857,0.9491,0,
32.4311,32.4300,OOD,STANCE,0.0727,-121.818,-302.046,-122.114,0.0000,0.8000,0.4516,0.0000,0.4516,0.5650,0,
32.4412,32.4400,OOD,STANCE,0.0909,-126.157,-433.841,-122.114,0.0000,0.8000,0.6710,0.0000,0.6710,0.8172,0,
32.4512,32.4500,OOD,STANCE,0.1091,-128.996,-283.927,-122.114,0.0000,0.8000,0.4603,0.0000,0.4603,0.5751,0,
32.4611,32.4600,OOD,STANCE,0.1273,-132.259,-326.317,-122.114,0.0000,0.8000,0.5402,0.0000,0.5402,0.6669,0,
32.4711,32.4700,OOD,STANCE,0.1455,-134.131,-187.162,-122.114,0.0000,0.8000,0.3408,0.0000,0.3408,0.4377,0,
32.4812,32.4800,OOD,STANCE,0.1636,-136.204,-207.312,-122.114,0.0000,0.8000,0.3814,0.0000,0.3814,0.4844,0,
32.4911,32.4900,OOD,STANCE,0.1818,-138.018,-181.386,-122.114,0.0000,0.8000,0.3516,0.0000,0.3516,0.4501,0,
32.5012,32.5000,OOD,STANCE,0.2000,-139.866,-184.806,-122.114,0.0000,0.8000,0.3660,0.0000,0.3660,0.4666,0,
32.5112,32.5100,OOD,STANCE,0.2182,-139.362,50.389,-122.114,0.0000,0.8000,0.0107,0.0000,0.0107,0.0582,0,
32.5212,32.5200,OOD,STANCE,0.2364,-141.778,-241.614,-122.114,0.0000,0.8000,0.4607,0.0000,0.4607,0.5756,0,
32.5311,32.5300,OOD,STANCE,0.2545,-142.435,-65.713,-122.114,0.0000,0.8000,0.2002,0.0000,0.2002,0.2761,0,
32.5412,32.5400,OOD,STANCE,0.2727,-141.970,46.510,-122.114,0.0000,0.8000,0.0295,0.0000,0.0295,0.0799,0,
32.5511,32.5500,OOD,STANCE,0.2909,-143.657,-168.665,-122.114,0.0000,0.8000,0.3607,0.0000,0.3607,0.4606,0,
32.5612,32.5600,OOD,STANCE,0.3091,-141.847,181.001,-122.114,0.0000,0.8000,-0.1728,0.0000,-0.1728,0.0000,0,
32.5712,32.5700,OOD,STANCE,0.3273,-141.793,5.325,-122.114,0.0000,0.8000,0.0904,0.0000,0.0904,0.1499,0,
32.5812,32.5800,OOD,STANCE,0.3455,-141.497,29.622,-122.114,0.0000,0.8000,0.0525,0.0000,0.0525,0.1063,0,
32.5911,32.5900,OOD,STANCE,0.3636,-141.559,-6.159,-122.114,0.0000,0.8000,0.1065,0.0000,0.1065,0.1684,0,
32.6010,32.6000,OOD,STANCE,0.3818,-139.545,201.349,-122.114,0.0000,0.8000,-0.2149,0.0000,-0.2149,0.0000,0,
32.6109,32.6100,OOD,STANCE,0.4000,-139.953,-40.786,-122.114,0.0000,0.8000,0.1504,0.0000,0.1504,0.2188,0,
32.6208,32.6200,OOD,STANCE,0.4182,-137.489,246.402,-122.114,0.0000,0.8000,-0.2927,0.0000,-0.2927,0.0000,0,
32.6312,32.6300,OOD,STANCE,0.4364,-135.601,188.852,-122.114,0.0000,0.8000,-0.2158,0.0000,-0.2158,0.0000,0,
32.6411,32.6400,OOD,STANCE,0.4545,-134.452,114.864,-122.114,0.0000,0.8000,-0.1106,0.0000,-0.1106,0.0000,0,
32.6511,32.6500,OOD,STANCE,0.4727,-131.777,267.523,-122.114,0.0000,0.8000,-0.3530,0.0000,-0.3530,0.0000,0,
32.6612,32.6600,OOD,STANCE,0.4909,-130.449,132.820,-122.114,0.0000,0.8000,-0.1576,0.0000,-0.1576,0.0000,0,
32.6711,32.6700,OOD,STANCE,0.5091,-127.921,252.809,-122.114,0.0000,0.8000,-0.3502,0.0000,-0.3502,0.0000,0,
32.6812,32.6800,OOD,STANCE,0.5273,-126.174,174.630,-122.114,0.0000,0.8000,-0.2416,0.0000,-0.2416,0.0000,0,
32.6911,32.6900,OOD,STANCE,0.5455,-123.826,234.793,-122.114,0.0000,0.8000,-0.3436,0.0000,-0.3436,0.0000,0,
32.7012,32.7000,OOD,STANCE,0.5636,-121.402,242.403,-122.114,0.0000,0.8000,-0.3672,0.0000,-0.3672,0.0000,0,
32.7111,32.7100,OOD,STANCE,0.5818,-118.186,321.586,-122.114,0.0000,0.8000,-0.5020,0.0000,-0.5020,0.0000,0,
32.7209,32.7200,OOD,STANCE,0.6000,-115.770,241.603,-122.114,0.0000,0.8000,-0.3941,0.0000,-0.3941,0.0000,0,
32.7312,32.7300,OOD,STANCE,0.6182,-114.269,150.104,-122.114,0.0000,0.8000,-0.2644,0.0000,-0.2644,0.0000,0,
32.7412,32.7400,OOD,STANCE,0.6364,-111.307,296.278,-122.114,0.0000,0.8000,-0.4985,0.0000,-0.4985,0.0000,0,
32.7511,32.7500,OOD,STANCE,0.6545,-107.900,340.620,-122.114,0.0000,0.8000,-0.5820,0.0000,-0.5820,0.0000,0,
32.7612,32.7600,OOD,STANCE,0.6727,-106.555,134.539,-122.114,0.0000,0.8000,-0.2796,0.0000,-0.2796,0.0000,0,
32.7712,32.7700,OOD,STANCE,0.6909,-102.614,394.099,-122.114,0.0000,0.8000,-0.6886,0.0000,-0.6886,0.0000,0,
32.7811,32.7800,OOD,STANCE,0.7091,-100.524,208.948,-122.114,0.0000,0.8000,-0.4214,0.0000,-0.4214,0.0000,0,
32.7909,32.7900,OOD,STANCE,0.7273,-98.659,186.563,-122.114,0.0000,0.8000,-0.3971,0.0000,-0.3971,0.0000,0,
32.8010,32.8000,OOD,STANCE,0.7455,-96.667,199.227,-122.114,0.0000,0.8000,-0.4261,0.0000,-0.4261,0.0000,0,
32.8112,32.8100,OOD,STANCE,0.7636,-93.346,332.011,-122.114,0.0000,0.8000,-0.6419,0.0000,-0.6419,0.0000,0,
32.8212,32.8200,OOD,STANCE,0.7818,-90.341,300.529,-122.114,0.0000,0.8000,-0.6097,0.0000,-0.6097,0.0000,0,
32.8311,32.8300,OOD,STANCE,0.8000,-88.697,164.388,-122.114,0.0000,0.8000,-0.4137,0.0000,-0.4137,0.0000,0,
32.8404,32.8400,OOD,STANCE,0.8182,-86.416,228.180,-122.114,0.0000,0.8000,-0.5208,0.0000,-0.5208,0.0000,0,
32.8504,32.8500,OOD,STANCE,0.8364,-84.390,202.526,-122.114,0.0000,0.8000,-0.4924,0.0000,-0.4924,0.0000,0,
32.8606,32.8600,OOD,STANCE,0.8545,-82.740,164.997,-122.114,0.0000,0.8000,-0.4444,0.0000,-0.4444,0.0000,0,
32.8711,32.8700,OOD,STANCE,0.8727,-80.657,208.375,-122.114,0.0000,0.8000,-0.5198,0.0000,-0.5198,0.0000,0,
32.8811,32.8800,OOD,STANCE,0.8909,-79.363,129.361,-122.114,0.0000,0.8000,-0.4078,0.0000,-0.4078,0.0000,0,
32.8911,32.8900,OOD,STANCE,0.9091,-77.767,159.637,-122.114,0.0000,0.8000,-0.4612,0.0000,-0.4612,0.0000,0,
32.9012,32.9000,OOD,STANCE,0.9273,-76.467,129.977,-122.114,0.0000,0.8000,-0.4232,0.0000,-0.4232,0.0000,0,
32.9112,32.9100,OOD,STANCE,0.9455,-74.947,152.026,-122.114,0.0000,0.8000,-0.4639,0.0000,-0.4639,0.0000,0,
32.9212,32.9200,OOD,STANCE,0.9636,-73.791,115.598,-122.114,0.0000,0.8000,-0.4150,0.0000,-0.4150,0.0000,0,
32.9312,32.9300,OOD,STANCE,0.9818,-72.558,123.259,-122.114,0.0000,0.8000,-0.4327,0.0000,-0.4327,0.0000,0,
32.9412,32.9400,OOD,STANCE,1.0000,-71.914,64.355,-122.114,0.0000,0.8000,-0.3475,0.0000,-0.3475,0.0000,0,
32.9511,32.9500,OOD,STANCE,1.0000,-71.737,17.705,-122.114,0.0000,0.8000,-0.2784,0.0000,-0.2784,0.0000,0,
32.9609,32.9600,OOD,STANCE,1.0000,-70.972,76.539,-122.114,0.0000,0.8000,-0.3705,0.0000,-0.3705,0.0000,0,
32.9712,32.9700,OOD,SWING,0.0000,-70.251,72.047,-122.114,0.0000,0.8000,-0.3674,0.0000,-0.3674,0.0000,0,
32.9813,32.9800,OOD,SWING,0.0152,-69.708,54.364,-125.920,0.0476,0.8000,-0.1723,0.1903,-0.3626,0.0000,0,
32.9912,32.9900,OOD,SWING,0.0303,-69.972,-26.434,-129.718,0.0951,0.8000,0.1211,0.3802,-0.2591,0.1852,0,
33.0012,33.0000,OOD,SWING,0.0455,-68.929,104.359,-133.499,0.1423,0.8000,0.0899,0.5693,-0.4794,0.1493,0,
33.0112,33.0100,OOD,SWING,0.0606,-69.362,-43.379,-137.254,0.1893,0.8000,0.4826,0.7570,-0.2744,0.6007,0,
33.0212,33.0200,OOD,SWING,0.0758,-66.044,331.870,-140.974,0.2358,0.8000,0.0706,0.9430,-0.8725,0.1271,0,
33.0312,33.0300,OOD,SWING,0.0909,-67.175,-113.105,-144.652,0.2817,0.8000,0.9092,1.1269,-0.2177,1.0910,0,
33.0412,33.0400,OOD,SWING,0.1061,-63.426,374.912,-148.279,0.3271,0.8000,0.3216,1.3083,-0.9866,0.4157,0,
33.0512,33.0500,OOD,SWING,0.1212,-63.077,34.880,-151.847,0.3717,0.8000,0.9905,1.4866,-0.4962,1.1845,0,
33.0612,33.0600,OOD,SWING,0.1364,-59.550,352.660,-155.347,0.4154,0.8000,0.6537,1.6617,-1.0080,0.7973,0,
33.0712,33.0700,OOD,SWING,0.1515,-58.950,59.985,-158.772,0.4582,0.8000,1.2438,1.8329,-0.5891,1.4757,0,
33.0812,33.0800,OOD,SWING,0.1667,-54.931,401.934,-162.114,0.5000,0.8000,0.8612,2.0000,-1.1388,1.0358,0,
33.0910,33.0900,OOD,SWING,0.1818,-55.040,-10.877,-165.365,0.5406,0.8000,1.6273,2.1626,-0.5353,1.9164,0,
33.1012,33.1000,OOD,SWING,0.1970,-49.793,524.694,-168.518,0.5801,0.8000,0.9396,2.3202,-1.3807,1.1259,0,
33.1111,33.1100,OOD,SWING,0.2121,-49.412,38.073,-171.566,0.6182,0.8000,1.8048,2.4726,-0.6679,2.1204,0,
33.1210,33.1200,OOD,SWING,0.2273,-45.236,417.620,-174.502,0.6549,0.8000,1.3467,2.6194,-1.2728,1.5939,0,
33.1312,33.1300,OOD,SWING,0.2424,-44.548,68.764,-177.320,0.6901,0.8000,1.9933,2.7603,-0.7670,2.3371,0,
33.1413,33.1400,OOD,SWING,0.2576,-40.297,425.134,-180.012,0.7237,0.8000,1.5587,2.8949,-1.3363,1.8375,0,
33.1512,33.1500,OOD,SWING,0.2727,-38.906,139.074,-182.574,0.7557,0.8000,2.0961,3.0230,-0.9269,2.4552,0,
33.1612,33.1600,OOD,SWING,0.2879,-36.813,209.311,-184.998,0.7861,0.8000,2.0893,3.1442,-1.0549,2.4475,0,
33.1712,33.1700,OOD,SWING,0.3030,-33.811,300.194,-187.280,0.8146,0.8000,2.0407,3.2583,-1.2176,2.3916,0,
33.1812,33.1800,OOD,SWING,0.3182,-32.360,145.144,-189.414,0.8413,0.8000,2.3620,3.3650,-1.0030,2.7610,0,
33.1912,33.1900,OOD,SWING,0.3333,-29.460,289.989,-191.396,0.8660,0.8000,2.2194,3.4641,-1.2447,2.5971,0,
33.2012,33.2000,OOD,SWING,0.3485,-29.005,45.435,-193.220,0.8888,0.8000,2.6661,3.5553,-0.8892,3.1105,0,
33.2111,33.2100,OOD,SWING,0.3636,-24.844,416.151,-194.884,0.9096,0.8000,2.1641,3.6385,-1.4744,2.5334,0,
33.2212,33.2200,OOD,SWING,0.3788,-25.544,-69.998,-196.383,0.9284,0.8000,2.9643,3.7135,-0.7492,3.4532,0,
33.2310,33.2300,OOD,SWING,0.3939,-21.402,414.186,-197.714,0.9450,0.8000,2.2772,3.7800,-1.5028,2.6634,0,
33.2410,33.2400,OOD,SWING,0.4091,-23.264,-186.178,-198.873,0.9595,0.8000,3.2392,3.8380,-0.5988,3.7692,0,
33.2512,33.2500,OOD,SWING,0.4242,-19.589,367.487,-199.858,0.9718,0.8000,2.4347,3.8872,-1.4526,2.8444,0,
33.2612,33.2600,OOD,SWING,0.4394,-21.322,-173.346,-200.668,0.9819,0.8000,3.2910,3.9277,-0.6367,3.8287,0,
33.2712,33.2700,OOD,SWING,0.4545,-17.663,365.961,-201.299,0.9898,0.8000,2.4922,3.9593,-1.4671,2.9105,0,
33.2811,33.2800,OOD,SWING,0.4697,-19.918,-225.565,-201.751,0.9955,0.8000,3.4111,3.9819,-0.5708,3.9667,0,
33.2912,33.2900,OOD,SWING,0.4848,-17.337,258.157,-202.023,0.9989,0.8000,2.6848,3.9955,-1.3107,3.1320,0,
33.3012,33.3000,OOD,SWING,0.5000,-18.631,-129.435,-202.114,1.0000,0.8000,3.2767,4.0000,-0.7233,3.8123,0,
33.3112,33.3100,OOD,SWING,0.5152,-17.098,153.291,-202.023,0.9989,0.8000,2.8409,3.9955,-1.1546,3.3114,0,
33.3211,33.3200,OOD,SWING,0.5303,-18.626,-152.807,-201.751,0.9955,0.8000,3.2955,3.9819,-0.6864,3.8339,0,
33.3312,33.3300,OOD,SWING,0.5455,-16.792,183.430,-201.299,0.9898,0.8000,2.7616,3.9593,-1.1977,3.2202,0,
33.3412,33.3400,OOD,SWING,0.5606,-19.768,-297.576,-200.668,0.9819,0.8000,3.4696,3.9277,-0.4581,4.0340,0,
33.3512,33.3500,OOD,SWING,0.5758,-19.069,69.909,-199.858,0.9718,0.8000,2.8784,3.8872,-1.0088,3.3545,0,
33.3612,33.3600,OOD,SWING,0.5909,-21.258,-218.876,-198.873,0.9595,0.8000,3.2782,3.8380,-0.5598,3.8140,0,
33.3712,33.3700,OOD,SWING,0.6061,-21.943,-68.498,-197.714,0.9450,0.8000,3.0039,3.7800,-0.7761,3.4987,0,
33.3812,33.3800,OOD,SWING,0.6212,-23.930,-198.785,-196.383,0.9284,0.8000,3.1494,3.7135,-0.5641,3.6660,0,
33.3912,33.3900,OOD,SWING,0.6364,-24.779,-84.887,-194.884,0.9096,0.8000,2.9153,3.6385,-0.7232,3.3969,0,
33.4012,33.4000,OOD,SWING,0.6515,-27.601,-282.170,-193.220,0.8888,0.8000,3.1505,3.5553,-0.4048,3.6672,0,
33.4112,33.4100,OOD,SWING,0.6667,-28.145,-54.454,-191.396,0.8660,0.8000,2.7295,3.4641,-0.7346,3.1834,0,
33.4212,33.4200,OOD,SWING,0.6818,-32.052,-390.636,-189.414,0.8413,0.8000,3.1642,3.3650,-0.2009,3.6829,0,
33.4312,33.4300,OOD,SWING,0.6970,-33.756,-170.388,-187.280,0.8146,0.8000,2.7463,3.2583,-0.5120,3.2026,0,
33.4410,33.4400,OOD,SWING,0.7121,-37.239,-348.322,-184.998,0.7861,0.8000,2.9279,3.1442,-0.2163,3.4114,0,
33.4513,33.4500,OOD,SWING,0.7273,-38.663,-142.363,-182.574,0.7557,0.8000,2.5170,3.0230,-0.5060,2.9391,0,
33.4612,33.4600,OOD,SWING,0.7424,-42.435,-377.225,-180.012,0.7237,0.8000,2.7729,2.8949,-0.1220,3.2332,0,
33.4712,33.4700,OOD,SWING,0.7576,-45.762,-332.735,-177.320,0.6901,0.8000,2.6016,2.7603,-0.1587,3.0364,0,
33.4812,33.4800,OOD,SWING,0.7727,-48.875,-311.260,-174.502,0.6549,0.8000,2.4582,2.6194,-0.1612,2.8715,0,
33.4912,33.4900,OOD,SWING,0.7879,-51.176,-230.105,-171.566,0.6182,0.8000,2.2158,2.4726,-0.2568,2.5929,0,
33.5012,33.5000,OOD,SWING,0.8030,-56.691,-551.564,-168.518,0.5801,0.8000,2.5884,2.3202,0.2682,3.0212,0,
33.5112,33.5100,OOD,SWING,0.8182,-58.883,-219.124,-165.365,0.5406,0.8000,1.9588,2.1626,-0.2037,2.2975,0,
33.5212,33.5200,OOD,SWING,0.8333,-62.971,-408.829,-162.114,0.5000,0.8000,2.1175,2.0000,0.1175,2.4799,0,
33.5312,33.5300,OOD,SWING,0.8485,-67.818,-484.658,-158.772,0.4582,0.8000,2.1051,1.8329,0.2722,2.4657,0,
33.5410,33.5400,OOD,SWING,0.8636,-71.480,-366.290,-155.347,0.4154,0.8000,1.7918,1.6617,0.1301,2.1055,0,
33.5512,33.5500,OOD,SWING,0.8788,-75.572,-409.149,-151.847,0.3717,0.8000,1.7190,1.4866,0.2324,2.0218,0,
33.5612,33.5600,OOD,SWING,0.8939,-80.462,-489.013,-148.279,0.3271,0.8000,1.7027,1.3083,0.3944,2.0031,0,
33.5712,33.5700,OOD,SWING,0.9091,-84.435,-397.267,-144.652,0.2817,0.8000,1.4217,1.1269,0.2948,1.6802,0,
33.5812,33.5800,OOD,SWING,0.9242,-88.204,-376.942,-140.974,0.2358,0.8000,1.2446,0.9430,0.3016,1.4765,0,
33.5912,33.5900,OOD,SWING,0.9394,-93.862,-565.748,-137.254,0.1893,0.8000,1.3887,0.7570,0.6317,1.6421,0,
33.6020,33.6000,OOD,STANCE,0.0000,-96.965,-310.300,-122.114,0.0000,0.8000,0.3397,0.0000,0.3397,0.4364,0,
33.6104,33.6100,OOD,STANCE,0.0172,-106.205,-924.077,-122.114,0.0000,0.8000,1.3066,0.0000,1.3066,1.5478,0,
33.6212,33.6200,OOD,STANCE,0.0345,-108.033,-182.790,-122.114,0.0000,0.8000,0.2038,0.0000,0.2038,0.2802,0,
33.6311,33.6300,OOD,STANCE,0.0517,-116.095,-806.203,-122.114,0.0000,0.8000,1.1792,0.0000,1.1792,1.4014,0,
33.6411,33.6400,OOD,STANCE,0.0690,-117.249,-115.332,-122.114,0.0000,0.8000,0.1487,0.0000,0.1487,0.2169,0,
33.6511,33.6500,OOD,STANCE,0.0862,-122.612,-536.320,-122.114,0.0000,0.8000,0.8070,0.0000,0.8070,0.9735,0,
33.6612,33.6600,OOD,STANCE,0.1034,-124.879,-226.702,-122.114,0.0000,0.8000,0.3539,0.0000,0.3539,0.4527,0,
33.6711,33.6700,OOD,STANCE,0.1207,-128.724,-384.559,-122.114,0.0000,0.8000,0.6099,0.0000,0.6099,0.7470,0,
33.6806,33.6800,OOD,STANCE,0.1379,-130.701,-197.633,-122.114,0.0000,0.8000,0.3394,0.0000,0.3394,0.4361,0,
33.6911,33.6900,OOD,STANCE,0.1552,-133.483,-278.250,-122.114,0.0000,0.8000,0.4742,0.0000,0.4742,0.5911,0,
33.7012,33.7000,OOD,STANCE,0.1724,-134.648,-116.482,-122.114,0.0000,0.8000,0.2374,0.0000,0.2374,0.3188,0,
33.7112,33.7100,OOD,STANCE,0.1897,-136.900,-225.160,-122.114,0.0000,0.8000,0.4117,0.0000,0.4117,0.5192,0,
33.7211,33.7200,OOD,STANCE,0.2069,-137.082,-18.238,-122.114,0.0000,0.8000,0.1022,0.0000,0.1022,0.1634,0,
33.7311,33.7300,OOD,STANCE,0.2241,-139.140,-205.809,-122.114,0.0000,0.8000,0.3938,0.0000,0.3938,0.4987,0,
33.7412,33.7400,OOD,STANCE,0.2414,-138.687,45.308,-122.114,0.0000,0.8000,0.0149,0.0000,0.0149,0.0631,0,
33.7511,33.7500,OOD,STANCE,0.2586,-139.075,-38.831,-122.114,0.0000,0.8000,0.1431,0.0000,0.1431,0.2104,0,
33.7612,33.7600,OOD,STANCE,0.2759,-140.295,-121.955,-122.114,0.0000,0.8000,0.2738,0.0000,0.2738,0.3607,0,
33.7712,33.7700,OOD,STANCE,0.2931,-139.769,52.643,-122.114,0.0000,0.8000,0.0093,0.0000,0.0093,0.0567,0,
33.7810,33.7800,OOD,STANCE,0.3103,-138.888,88.042,-122.114,0.0000,0.8000,-0.0482,0.0000,-0.0482,0.0000,0,
33.7912,33.7900,OOD,STANCE,0.3276,-139.980,-109.202,-122.114,0.0000,0.8000,0.2531,0.0000,0.2531,0.3369,0,
33.8011,33.8000,OOD,STANCE,0.3448,-138.038,194.171,-122.114,0.0000,0.8000,-0.2116,0.0000,-0.2116,0.0000,0,
33.8111,33.8100,OOD,STANCE,0.3621,-136.369,166.935,-122.114,0.0000,0.8000,-0.1791,0.0000,-0.1791,0.0000,0,
33.8213,33.8200,OOD,STANCE,0.3793,-136.047,32.190,-122.114,0.0000,0.8000,0.0214,0.0000,0.0214,0.0706,0,
33.8311,33.8300,OOD,STANCE,0.3966,-135.132,91.549,-122.114,0.0000,0.8000,-0.0722,0.0000,-0.0722,0.0000,0,
33.8412,33.8400,OOD,STANCE,0.4138,-133.299,183.274,-122.114,0.0000,0.8000,-0.2190,0.0000,-0.2190,0.0000,0,
33.8511,33.8500,OOD,STANCE,0.4310,-131.150,214.883,-122.114,0.0000,0.8000,-0.2771,0.0000,-0.2771,0.0000,0,
33.8612,33.8600,OOD,STANCE,0.4483,-130.254,89.576,-122.114,0.0000,0.8000,-0.0937,0.0000,-0.0937,0.0000,0,
33.8712,33.8700,OOD,STANCE,0.4655,-127.807,244.716,-122.114,0.0000,0.8000,-0.3386,0.0000,-0.3386,0.0000,0,
33.8812,33.8800,OOD,STANCE,0.4828,-124.769,303.854,-122.114,0.0000,0.8000,-0.4425,0.0000,-0.4425,0.0000,0,
33.8912,33.8900,OOD,STANCE,0.5000,-123.526,124.302,-122.114,0.0000,0.8000,-0.1794,0.0000,-0.1794,0.0000,0,
33.9012,33.9000,OOD,STANCE,0.5172,-121.769,175.698,-122.114,0.0000,0.8000,-0.2653,0.0000,-0.2653,0.0000,0,
33.9109,33.9100,OOD,STANCE,0.5345,-118.798,297.050,-122.114,0.0000,0.8000,-0.4622,0.0000,-0.4622,0.0000,0,
33.9211,33.9200,OOD,STANCE,0.5517,-116.241,255.727,-122.114,0.0000,0.8000,-0.4130,0.0000,-0.4130,0.0000,0,
33.9304,33.9300,OOD,STANCE,0.5690,-113.775,246.566,-122.114,0.0000,0.8000,-0.4115,0.0000,-0.4115,0.0000,0,
33.9407,33.9400,OOD,STANCE,0.5862,-110.277,349.815,-122.114,0.0000,0.8000,-0.5839,0.0000,-0.5839,0.0000,0,
33.9512,33.9500,OOD,STANCE,0.6034,-108.292,198.532,-122.114,0.0000,0.8000,-0.3669,0.0000,-0.3669,0.0000,0,
33.9612,33.9600,OOD,STANCE,0.6207,-105.761,253.065,-122.114,0.0000,0.8000,-0.4614,0.0000,-0.4614,0.0000,0,
33.9712,33.9700,OOD,STANCE,0.6379,-102.971,279.033,-122.114,0.0000,0.8000,-0.5143,0.0000,-0.5143,0.0000,0,
33.9812,33.9800,OOD,STANCE,0.6552,-100.578,239.262,-122.114,0.0000,0.8000,-0.4666,0.0000,-0.4666,0.0000,0,
33.9911,33.9900,OOD,STANCE,0.6724,-98.901,167.704,-122.114,0.0000,0.8000,-0.3676,0.0000,-0.3676,0.0000,0,
34.0012,34.0000,OOD,STANCE,0.6897,-95.399,350.176,-122.114,0.0000,0.8000,-0.6588,0.0000,-0.6588,0.0000,0,
34.0112,34.0100,OOD,STANCE,0.7069,-93.056,234.381,-122.114,0.0000,0.8000,-0.4969,0.0000,-0.4969,0.0000,0,
34.0211,34.0200,OOD,STANCE,0.7241,-90.798,225.756,-122.114,0.0000,0.8000,-0.4952,0.0000,-0.4952,0.0000,0,
34.0310,34.0300,OOD,STANCE,0.7414,-88.422,237.571,-122.114,0.0000,0.8000,-0.5248,0.0000,-0.5248,0.0000,0,
34.0410,34.0400,OOD,STANCE,0.7586,-86.125,229.770,-122.114,0.0000,0.8000,-0.5246,0.0000,-0.5246,0.0000,0,
34.0511,34.0500,OOD,STANCE,0.7759,-83.971,215.356,-122.114,0.0000,0.8000,-0.5137,0.0000,-0.5137,0.0000,0,
34.0611,34.0600,OOD,STANCE,0.7931,-83.231,74.047,-122.114,0.0000,0.8000,-0.3055,0.0000,-0.3055,0.0000,0,
34.0711,34.0700,OOD,STANCE,0.8103,-81.074,215.702,-122.114,0.0000,0.8000,-0.5288,0.0000,-0.5288,0.0000,0,
34.0812,34.0800,OOD,STANCE,0.8276,-79.480,159.400,-122.114,0.0000,0.8000,-0.4523,0.0000,-0.4523,0.0000,0,
34.0910,34.0900,OOD,STANCE,0.8448,-77.685,179.466,-122.114,0.0000,0.8000,-0.4913,0.0000,-0.4913,0.0000,0,
34.1012,34.1000,OOD,STANCE,0.8621,-75.920,176.535,-122.114,0.0000,0.8000,-0.4958,0.0000,-0.4958,0.0000,0,
34.1109,34.1100,OOD,STANCE,0.8793,-75.484,43.519,-122.114,0.0000,0.8000,-0.2984,0.0000,-0.2984,0.0000,0,
34.1209,34.1200,OOD,STANCE,0.8966,-73.349,213.486,-122.114,0.0000,0.8000,-0.5640,0.0000,-0.5640,0.0000,0,
34.1311,34.1300,OOD,STANCE,0.9138,-73.217,13.205,-122.114,0.0000,0.8000,-0.2643,0.0000,-0.2643,0.0000,0,
34.1412,34.1400,OOD,STANCE,0.9310,-72.155,106.222,-122.114,0.0000,0.8000,-0.4091,0.0000,-0.4091,0.0000,0,
34.1511,34.1500,OOD,STANCE,0.9483,-71.546,60.915,-122.114,0.0000,0.8000,-0.3442,0.0000,-0.3442,0.0000,0,
34.1610,34.1600,OOD,STANCE,0.9655,-70.713,83.336,-122.114,0.0000,0.8000,-0.3820,0.0000,-0.3820,0.0000,0,
34.1712,34.1700,OOD,SWING,0.0000,-70.003,70.950,-122.114,0.0000,0.8000,-0.3670,0.0000,-0.3670,0.0000,0,
34.1813,34.1800,OOD,SWING,0.0159,-70.731,-72.819,-126.101,0.0498,0.8000,0.0318,0.1994,-0.1676,0.0825,0,
34.1911,34.1900,OOD,SWING,0.0317,-68.834,189.711,-130.079,0.0996,0.8000,-0.1925,0.3983,-0.5908,0.0000,0,
34.2012,34.2000,OOD,SWING,0.0476,-69.991,-115.651,-134.037,0.1490,0.8000,0.4494,0.5962,-0.1468,0.5625,0,
34.2112,34.2100,OOD,SWING,0.0635,-66.398,359.311,-137.965,0.1981,0.8000,-0.1042,0.7926,-0.8968,0.0000,0,
34.2212,34.2200,OOD,SWING,0.0794,-68.649,-225.136,-141.854,0.2468,0.8000,0.9587,0.9870,-0.0283,1.1479,0,
34.2312,34.2300,OOD,SWING,0.0952,-63.183,546.620,-145.694,0.2948,0.8000,-0.0535,1.1790,-1.2325,0.0000,0,
34.2412,34.2400,OOD,SWING,0.1111,-64.948,-176.546,-149.475,0.3420,0.8000,1.2103,1.3681,-0.1578,1.4371,0,
34.2512,34.2500,OOD,SWING,0.1270,-60.214,473.427,-153.188,0.3884,0.8000,0.3787,1.5537,-1.1750,0.4813,0,
34.2612,34.2600,OOD,SWING,0.1429,-60.986,-77.186,-156.824,0.4339,0.8000,1.3721,1.7355,-0.3634,1.6231,0,
34.2712,34.2700,OOD,SWING,0.1587,-55.768,521.750,-160.374,0.4783,0.8000,0.6074,1.9130,-1.3057,0.7441,0,
34.2813,34.2800,OOD,SWING,0.1746,-55.224,54.438,-163.828,0.5214,0.8000,1.4611,2.0857,-0.6247,1.7254,0,
34.2912,34.2900,OOD,SWING,0.1905,-51.230,399.392,-167.179,0.5633,0.8000,1.0744,2.2533,-1.1788,1.2810,0,
34.3012,34.3000,OOD,SWING,0.2063,-49.960,127.054,-170.418,0.6038,0.8000,1.6223,2.4152,-0.7929,1.9107,0,
34.3112,34.3100,OOD,SWING,0.2222,-45.957,400.256,-173.537,0.6428,0.8000,1.3329,2.5712,-1.2383,1.5780,0,
34.3212,34.3200,OOD,SWING,0.2381,-44.956,100.088,-176.527,0.6802,0.8000,1.9127,2.7207,-0.8080,2.2445,0,
34.3312,34.3300,OOD,SWING,0.2540,-41.157,379.885,-179.383,0.7159,0.8000,1.6025,2.8635,-1.2610,1.8879,0,
34.3412,34.3400,OOD,SWING,0.2698,-39.275,188.231,-182.096,0.7498,0.8000,2.0027,2.9991,-0.9965,2.3479,0,
34.3509,34.3500,OOD,SWING,0.2857,-36.223,305.242,-184.660,0.7818,0.8000,1.9273,3.1273,-1.2000,2.2612,0,
34.3612,34.3600,OOD,SWING,0.3016,-33.980,224.275,-187.069,0.8119,0.8000,2.1459,3.2478,-1.1019,2.5125,0,
34.3712,34.3700,OOD,SWING,0.3175,-31.804,217.596,-189.316,0.8400,0.8000,2.2462,3.3601,-1.1140,2.6278,0,
34.3812,34.3800,OOD,SWING,0.3333,-29.360,244.361,-191.396,0.8660,0.8000,2.2874,3.4641,-1.1767,2.6752,0,
34.3912,34.3900,OOD,SWING,0.3492,-27.262,209.865,-193.303,0.8899,0.8000,2.4145,3.5595,-1.1450,2.8212,0,
34.4014,34.4000,OOD,SWING,0.3651,-25.666,159.537,-195.034,0.9115,0.8000,2.5599,3.6460,-1.0861,2.9884,0,
34.4112,34.4100,OOD,SWING,0.3810,-23.948,171.783,-196.583,0.9309,0.8000,2.6026,3.7235,-1.1208,3.0375,0,
34.4212,34.4200,OOD,SWING,0.3968,-21.799,214.956,-197.948,0.9479,0.8000,2.5885,3.7917,-1.2032,3.0213,0,
34.4312,34.4300,OOD,SWING,0.4127,-20.695,110.414,-199.123,0.9626,0.8000,2.7927,3.8505,-1.0578,3.2560,0,
34.4412,34.4400,OOD,SWING,0.4286,-18.652,204.267,-200.108,0.9749,0.8000,2.6860,3.8997,-1.2137,3.1334,0,
34.4512,34.4500,OOD,SWING,0.4444,-18.375,27.700,-200.898,0.9848,0.8000,2.9851,3.9392,-0.9542,3.4771,0,
34.4612,34.4600,OOD,SWING,0.4603,-17.202,117.290,-201.493,0.9922,0.8000,2.8716,3.9690,-1.0974,3.3466,0,
34.4712,34.4700,OOD,SWING,0.4762,-16.469,73.316,-201.890,0.9972,0.8000,2.9517,3.9888,-1.0371,3.4388,0,
34.4813,34.4800,OOD,SWING,0.4921,-16.242,22.693,-202.089,0.9997,0.8000,3.0355,3.9988,-0.9633,3.5350,0,
34.4912,34.4900,OOD,SWING,0.5079,-15.857,38.473,-202.089,0.9997,0.8000,3.0099,3.9988,-0.9889,3.5056,0,
34.5012,34.5000,OOD,SWING,0.5238,-15.433,42.460,-201.890,0.9972,0.8000,2.9928,3.9888,-0.9960,3.4860,0,
34.5112,34.5100,OOD,SWING,0.5397,-16.716,-128.304,-201.493,0.9922,0.8000,3.2375,3.9690,-0.7314,3.7673,0,
34.5211,34.5200,OOD,SWING,0.5556,-15.377,133.836,-200.898,0.9848,0.8000,2.8109,3.9392,-1.1284,3.2769,0,
34.5312,34.5300,OOD,SWING,0.5714,-18.148,-277.108,-200.108,0.9749,0.8000,3.4056,3.8997,-0.4941,3.9604,0,
34.5412,34.5400,OOD,SWING,0.5873,-16.903,124.528,-199.123,0.9626,0.8000,2.7526,3.8505,-1.0979,3.2099,0,
34.5512,34.5500,OOD,SWING,0.6032,-20.255,-335.146,-197.948,0.9479,0.8000,3.4060,3.7917,-0.3857,3.9609,0,
34.5612,34.5600,OOD,SWING,0.6190,-19.797,45.774,-196.583,0.9309,0.8000,2.7709,3.7235,-0.9526,3.2309,0,
34.5712,34.5700,OOD,SWING,0.6349,-23.007,-321.036,-195.034,0.9115,0.8000,3.2674,3.6460,-0.3786,3.8017,0,
34.5812,34.5800,OOD,SWING,0.6508,-22.853,15.393,-193.303,0.8899,0.8000,2.6841,3.5595,-0.8753,3.1312,0,
34.5912,34.5900,OOD,SWING,0.6667,-27.665,-481.172,-191.396,0.8660,0.8000,3.3672,3.4641,-0.0969,3.9163,0,
34.6012,34.6000,OOD,SWING,0.6825,-26.840,82.552,-189.316,0.8400,0.8000,2.4239,3.3601,-0.9362,2.8321,0,
34.6112,34.6100,OOD,SWING,0.6984,-32.378,-553.822,-187.069,0.8119,0.8000,3.3050,3.2478,0.0573,3.8449,0,
34.6212,34.6200,OOD,SWING,0.7143,-32.389,-1.130,-184.660,0.7818,0.8000,2.3677,3.1273,-0.7597,2.7674,0,
34.6312,34.6300,OOD,SWING,0.7302,-36.768,-437.945,-182.096,0.7498,0.8000,2.9294,2.9991,-0.0697,3.4131,0,
34.6411,34.6400,OOD,SWING,0.7460,-39.602,-283.309,-179.383,0.7159,0.8000,2.5895,2.8635,-0.2739,3.0224,0,
34.6511,34.6500,OOD,SWING,0.7619,-43.213,-361.114,-176.527,0.6802,0.8000,2.5958,2.7207,-0.1249,3.0296,0,
34.6612,34.6600,OOD,SWING,0.7778,-46.809,-359.596,-173.537,0.6428,0.8000,2.4769,2.5712,-0.0942,2.8930,0,
34.6712,34.6700,OOD,SWING,0.7937,-50.580,-377.114,-170.418,0.6038,0.8000,2.3817,2.4152,-0.0335,2.7836,0,
34.6812,34.6800,OOD,SWING,0.8095,-53.748,-316.837,-167.179,0.5633,0.8000,2.1614,2.2533,-0.0919,2.5303,0,
34.6905,34.6900,OOD,SWING,0.8254,-58.558,-481.001,-163.828,0.5214,0.8000,2.2809,2.0857,0.1952,2.6677,0,
34.7012,34.7000,OOD,SWING,0.8413,-61.501,-294.236,-160.374,0.4783,0.8000,1.8600,1.9130,-0.0530,2.1839,0,
34.7112,34.7100,OOD,SWING,0.8571,-67.082,-558.120,-156.824,0.4339,0.8000,2.1240,1.7355,0.3885,2.4874,0,
34.7212,34.7200,OOD,SWING,0.8730,-70.862,-378.052,-153.188,0.3884,0.8000,1.7092,1.5537,0.1554,2.0106,0,
34.7312,34.7300,OOD,SWING,0.8889,-75.083,-422.078,-149.475,0.3420,0.8000,1.6292,1.3681,0.2612,1.9187,0,
34.7413,34.7400,OOD,SWING,0.9048,-80.194,-511.082,-145.694,0.2948,0.8000,1.6181,1.1790,0.4391,1.9059,0,
34.7512,34.7500,OOD,SWING,0.9206,-85.012,-481.813,-141.854,0.2468,0.8000,1.4255,0.9870,0.4385,1.6845,0,
34.7611,34.7600,OOD,SWING,0.9365,-89.543,-453.058,-137.965,0.1981,0.8000,1.2301,0.7926,0.4375,1.4598,0,
34.7720,34.7700,OOD,STANCE,0.0000,-94.400,-485.730,-122.114,0.0000,0.8000,0.5900,0.0000,0.5900,0.7242,0,
34.7804,34.7800,OOD,STANCE,0.0175,-102.885,-848.466,-122.114,0.0000,0.8000,1.1766,0.0000,1.1766,1.3983,0,
34.7911,34.7900,OOD,STANCE,0.0351,-106.979,-409.431,-122.114,0.0000,0.8000,0.5385,0.0000,0.5385,0.6649,0,
34.8014,34.8000,OOD,STANCE,0.0526,-113.287,-630.786,-122.114,0.0000,0.8000,0.9020,0.0000,0.9020,1.0828,0,
34.8111,34.8100,OOD,STANCE,0.0702,-116.927,-364.048,-122.114,0.0000,0.8000,0.5201,0.0000,0.5201,0.6438,0,
34.8212,34.8200,OOD,STANCE,0.0877,-121.989,-506.181,-122.114,0.0000,0.8000,0.7586,0.0000,0.7586,0.9180,0,
34.8310,34.8300,OOD,STANCE,0.1053,-124.646,-265.726,-122.114,0.0000,0.8000,0.4113,0.0000,0.4113,0.5187,0,
34.8411,34.8400,OOD,STANCE,0.1228,-129.278,-463.144,-122.114,0.0000,0.8000,0.7305,0.0000,0.7305,0.8857,0,
34.8511,34.8500,OOD,STANCE,0.1404,-131.891,-261.286,-122.114,0.0000,0.8000,0.4408,0.0000,0.4408,0.5527,0,
34.8605,34.8600,OOD,STANCE,0.1579,-134.464,-257.388,-122.114,0.0000,0.8000,0.4478,0.0000,0.4478,0.5607,0,
34.8705,34.8700,OOD,STANCE,0.1754,-136.828,-236.376,-122.114,0.0000,0.8000,0.4281,0.0000,0.4281,0.5381,0,
34.8805,34.8800,OOD,STANCE,0.1930,-138.067,-123.862,-122.114,0.0000,0.8000,0.2656,0.0000,0.2656,0.3512,0,
34.8905,34.8900,OOD,STANCE,0.2105,-140.484,-241.684,-122.114,0.0000,0.8000,0.4544,0.0000,0.4544,0.5682,0,
34.9004,34.9000,OOD,STANCE,0.2281,-140.809,-32.575,-122.114,0.0000,0.8000,0.1423,0.0000,0.1423,0.2096,0,
34.9104,34.9100,OOD,STANCE,0.2456,-143.010,-220.058,-122.114,0.0000,0.8000,0.4346,0.0000,0.4346,0.5455,0,
34.9204,34.9200,OOD,STANCE,0.2632,-142.826,18.426,-122.114,0.0000,0.8000,0.0759,0.0000,0.0759,0.1332,0,
34.9304,34.9300,OOD,STANCE,0.2807,-143.467,-64.160,-122.114,0.0000,0.8000,0.2030,0.0000,0.2030,0.2793,0,
34.9404,34.9400,OOD,STANCE,0.2982,-143.847,-37.965,-122.114,0.0000,0.8000,0.1656,0.0000,0.1656,0.2363,0,
34.9504,34.9500,OOD,STANCE,0.3158,-144.054,-20.678,-122.114,0.0000,0.8000,0.1407,0.0000,0.1407,0.2077,0,
34.9604,34.9600,OOD,STANCE,0.3333,-144.336,-28.189,-122.114,0.0000,0.8000,0.1534,0.0000,0.1534,0.2223,0,
34.9704,34.9700,OOD,STANCE,0.3509,-143.479,85.693,-122.114,0.0000,0.8000,-0.0217,0.0000,-0.0217,0.0000,0,
34.9812,34.9800,OOD,STANCE,0.3684,-143.470,0.898,-122.114,0.0000,0.8000,0.1054,0.0000,0.1054,0.1672,0,
34.9912,34.9900,OOD,STANCE,0.3860,-141.869,160.057,-122.114,0.0000,0.8000,-0.1413,0.0000,-0.1413,0.0000,0,
35.0012,35.0000,OOD,STANCE,0.4035,-141.601,26.830,-122.114,0.0000,0.8000,0.0572,0.0000,0.0572,0.1117,0,
35.0110,35.0100,OOD,STANCE,0.4211,-139.312,228.913,-122.114,0.0000,0.8000,-0.2574,0.0000,-0.2574,0.0000,0,
35.0212,35.0200,OOD,STANCE,0.4386,-138.264,104.796,-122.114,0.0000,0.8000,-0.0764,0.0000,-0.0764,0.0000,0,
35.0310,35.0300,OOD,STANCE,0.4561,-137.186,107.747,-122.114,0.0000,0.8000,-0.0863,0.0000,-0.0863,0.0000,0,
35.0411,35.0400,OOD,STANCE,0.4737,-135.791,139.519,-122.114,0.0000,0.8000,-0.1409,0.0000,-0.1409,0.0000,0,
35.0511,35.0500,OOD,STANCE,0.4912,-133.781,200.981,-122.114,0.0000,0.8000,-0.2431,0.0000,-0.2431,0.0000,0,
35.0612,35.0600,OOD,STANCE,0.5088,-131.420,236.098,-122.114,0.0000,0.8000,-0.3076,0.0000,-0.3076,0.0000,0,
35.0711,35.0700,OOD,STANCE,0.5263,-129.336,208.403,-122.114,0.0000,0.8000,-0.2765,0.0000,-0.2765,0.0000,0,
35.0810,35.0800,OOD,STANCE,0.5439,-127.112,222.426,-122.114,0.0000,0.8000,-0.3086,0.0000,-0.3086,0.0000,0,
35.0910,35.0900,OOD,STANCE,0.5614,-124.136,297.595,-122.114,0.0000,0.8000,-0.4363,0.0000,-0.4363,0.0000,0,
35.1010,35.1000,OOD,STANCE,0.5789,-122.239,189.725,-122.114,0.0000,0.8000,-0.2840,0.0000,-0.2840,0.0000,0,
35.1109,35.1100,OOD,STANCE,0.5965,-119.582,265.676,-122.114,0.0000,0.8000,-0.4112,0.0000,-0.4112,0.0000,0,
35.1210,35.1200,OOD,STANCE,0.6140,-116.685,289.748,-122.114,0.0000,0.8000,-0.4618,0.0000,-0.4618,0.0000,0,
35.1310,35.1300,OOD,STANCE,0.6316,-114.145,253.969,-122.114,0.0000,0.8000,-0.4208,0.0000,-0.4208,0.0000,0,
35.1412,35.1400,OOD,STANCE,0.6491,-111.151,299.398,-122.114,0.0000,0.8000,-0.5039,0.0000,-0.5039,0.0000,0,
35.1511,35.1500,OOD,STANCE,0.6667,-109.108,204.332,-122.114,0.0000,0.8000,-0.3715,0.0000,-0.3715,0.0000,0,
35.1612,35.1600,OOD,STANCE,0.6842,-106.561,254.707,-122.114,0.0000,0.8000,-0.4598,0.0000,-0.4598,0.0000,0,
35.1709,35.1700,OOD,STANCE,0.7018,-103.348,321.250,-122.114,0.0000,0.8000,-0.5757,0.0000,-0.5757,0.0000,0,
35.1812,35.1800,OOD,STANCE,0.7193,-100.958,238.988,-122.114,0.0000,0.8000,-0.4643,0.0000,-0.4643,0.0000,0,
35.1912,35.1900,OOD,STANCE,0.7368,-98.138,282.055,-122.114,0.0000,0.8000,-0.5430,0.0000,-0.5430,0.0000,0,
35.2012,35.2000,OOD,STANCE,0.7544,-95.669,246.867,-122.114,0.0000,0.8000,-0.5025,0.0000,-0.5025,0.0000,0,
35.2110,35.2100,OOD,STANCE,0.7719,-93.246,242.260,-122.114,0.0000,0.8000,-0.5077,0.0000,-0.5077,0.0000,0,
35.2212,35.2200,OOD,STANCE,0.7895,-91.569,167.783,-122.114,0.0000,0.8000,-0.4044,0.0000,-0.4044,0.0000,0,
35.2311,35.2300,OOD,STANCE,0.8070,-88.953,261.511,-122.114,0.0000,0.8000,-0.5581,0.0000,-0.5581,0.0000,0,
35.2410,35.2400,OOD,STANCE,0.8246,-86.962,199.130,-122.114,0.0000,0.8000,-0.4745,0.0000,-0.4745,0.0000,0,
35.2511,35.2500,OOD,STANCE,0.8421,-84.868,209.411,-122.114,0.0000,0.8000,-0.5003,0.0000,-0.5003,0.0000,0,
35.2612,35.2600,OOD,STANCE,0.8596,-82.678,219.040,-122.114,0.0000,0.8000,-0.5257,0.0000,-0.5257,0.0000,0,
35.2711,35.2700,OOD,STANCE,0.8772,-80.284,239.358,-122.114,0.0000,0.8000,-0.5682,0.0000,-0.5682,0.0000,0,
35.2813,35.2800,OOD,STANCE,0.8947,-78.343,194.144,-122.114,0.0000,0.8000,-0.5101,0.0000,-0.5101,0.0000,0,
35.2911,35.2900,OOD,STANCE,0.9123,-77.925,41.778,-122.114,0.0000,0.8000,-0.2836,0.0000,-0.2836,0.0000,0,
35.3010,35.3000,OOD,STANCE,0.9298,-76.165,175.967,-122.114,0.0000,0.8000,-0.4937,0.0000,-0.4937,0.0000,0,
35.3111,35.3100,OOD,STANCE,0.9474,-75.164,100.075,-122.114,0.0000,0.8000,-0.3849,0.0000,-0.3849,0.0000,0,
35.3209,35.3200,OOD,STANCE,0.9649,-73.993,117.163,-122.114,0.0000,0.8000,-0.4163,0.0000,-0.4163,0.0000,0,
35.3310,35.3300,OOD,STANCE,0.9825,-72.776,121.660,-122.114,0.0000,0.8000,-0.4292,0.0000,-0.4292,0.0000,0,
35.3409,35.3400,OOD,STANCE,1.0000,-72.456,32.003,-122.114,0.0000,0.8000,-0.2963,0.0000,-0.2963,0.0000,0,
35.3510,35.3500,OOD,STANCE,1.0000,-70.958,149.796,-122.114,0.0000,0.8000,-0.4805,0.0000,-0.4805,0.0000,0,
35.3611,35.3600,OOD,STANCE,1.0000,-71.005,-4.698,-122.114,0.0000,0.8000,-0.2485,0.0000,-0.2485,0.0000,0,
35.3710,35.3700,OOD,STANCE,1.0000,-70.236,76.940,-122.114,0.0000,0.8000,-0.3748,0.0000,-0.3748,0.0000,0,
35.3811,35.3800,OOD,STANCE,1.0000,-70.258,-2.211,-122.114,0.0000,0.8000,-0.2560,0.0000,-0.2560,0.0000,0,
35.3912,35.3900,OOD,SWING,0.0000,-69.601,65.651,-122.114,0.0000,0.8000,-0.3610,0.0000,-0.3610,0.0000,0,
35.4012,35.4000,OOD,SWING,0.0167,-69.650,-4.882,-126.300,0.0523,0.8000,-0.0666,0.2093,-0.2759,0.0000,0,
35.4111,35.4100,OOD,SWING,0.0333,-69.988,-33.791,-130.476,0.1045,0.8000,0.1664,0.4181,-0.2518,0.2372,0,
35.4213,35.4200,OOD,SWING,0.0500,-69.561,42.733,-134.628,0.1564,0.8000,0.2363,0.6257,-0.3894,0.3176,0,
35.4312,35.4300,OOD,SWING,0.0667,-69.401,15.928,-138.746,0.2079,0.8000,0.4610,0.8316,-0.3706,0.5759,0,
35.4411,35.4400,OOD,SWING,0.0833,-67.508,189.335,-142.819,0.2588,0.8000,0.3747,1.0353,-0.6606,0.4767,0,
35.4512,35.4500,OOD,SWING,0.1000,-66.142,136.631,-146.835,0.3090,0.8000,0.6277,1.2361,-0.6084,0.7674,0,
35.4612,35.4600,OOD,SWING,0.1167,-64.782,135.987,-150.783,0.3584,0.8000,0.7995,1.4335,-0.6340,0.9649,0,
35.4712,35.4700,OOD,SWING,0.1333,-62.443,233.876,-154.652,0.4067,0.8000,0.8151,1.6269,-0.8119,0.9829,0,
35.4812,35.4800,OOD,SWING,0.1500,-60.355,208.862,-158.433,0.4540,0.8000,1.0123,1.8160,-0.8037,1.2095,0,
35.4910,35.4900,OOD,SWING,0.1667,-57.407,294.789,-162.114,0.5000,0.8000,1.0343,2.0000,-0.9657,1.2348,0,
35.5010,35.5000,OOD,SWING,0.1833,-56.713,69.412,-165.685,0.5446,0.8000,1.5296,2.1786,-0.6490,1.8041,0,
35.5112,35.5100,OOD,SWING,0.2000,-52.275,443.740,-169.136,0.5878,0.8000,1.1012,2.3511,-1.2499,1.3118,0,
35.5210,35.5200,OOD,SWING,0.2167,-51.832,44.317,-172.459,0.6293,0.8000,1.8477,2.5173,-0.6696,2.1697,0,
35.5311,35.5300,OOD,SWING,0.2333,-47.629,420.309,-175.644,0.6691,0.8000,1.4060,2.6765,-1.2705,1.6620,0,
35.5412,35.5400,OOD,SWING,0.2500,-46.159,146.963,-178.682,0.7071,0.8000,1.9454,2.8284,-0.8831,2.2820,0,
35.5510,35.5500,OOD,SWING,0.2667,-42.558,360.148,-181.565,0.7431,0.8000,1.7373,2.9726,-1.2353,2.0429,0,
35.5612,35.5600,OOD,SWING,0.2833,-40.987,157.092,-184.285,0.7771,0.8000,2.1565,3.1086,-0.9521,2.5247,0,
35.5712,35.5700,OOD,SWING,0.3000,-37.278,370.891,-186.835,0.8090,0.8000,1.9319,3.2361,-1.3041,2.2666,0,
35.5812,35.5800,OOD,SWING,0.3167,-36.260,101.806,-189.207,0.8387,0.8000,2.4372,3.3547,-0.9174,2.8474,0,
35.5912,35.5900,OOD,SWING,0.3333,-33.453,280.715,-191.396,0.8660,0.8000,2.2533,3.4641,-1.2108,2.6360,0,
35.6012,35.6000,OOD,SWING,0.3500,-30.704,274.840,-193.394,0.8910,0.8000,2.3383,3.5640,-1.2257,2.7337,0,
35.6111,35.6100,OOD,SWING,0.3667,-29.152,155.272,-195.197,0.9135,0.8000,2.5910,3.6542,-1.0631,3.0242,0,
35.6212,35.6200,OOD,SWING,0.3833,-27.566,158.572,-196.800,0.9336,0.8000,2.6503,3.7343,-1.0840,3.0923,0,
35.6312,35.6300,OOD,SWING,0.4000,-25.266,229.951,-198.198,0.9511,0.8000,2.5946,3.8042,-1.2096,3.0283,0,
35.6412,35.6400,OOD,SWING,0.4167,-24.127,113.955,-199.388,0.9659,0.8000,2.8165,3.8637,-1.0472,3.2833,0,
35.6512,35.6500,OOD,SWING,0.4333,-21.924,220.306,-200.365,0.9781,0.8000,2.6899,3.9126,-1.2227,3.1378,0,
35.6612,35.6600,OOD,SWING,0.4500,-21.837,8.657,-201.129,0.9877,0.8000,3.0413,3.9508,-0.9094,3.5417,0,
35.6712,35.6700,OOD,SWING,0.4667,-19.443,239.444,-201.675,0.9945,0.8000,2.7078,3.9781,-1.2703,3.1583,0,
35.6812,35.6800,OOD,SWING,0.4833,-20.622,-117.946,-202.004,0.9986,0.8000,3.2645,3.9945,-0.7300,3.7983,0,
35.6912,35.6900,OOD,SWING,0.5000,-17.785,283.742,-202.114,1.0000,0.8000,2.6527,4.0000,-1.3473,3.0951,0,
35.7012,35.7000,OOD,SWING,0.5167,-19.863,-207.855,-202.004,0.9986,0.8000,3.3956,3.9945,-0.5989,3.9490,0,
35.7112,35.7100,OOD,SWING,0.5333,-17.894,196.964,-201.675,0.9945,0.8000,2.7637,3.9781,-1.2144,3.2227,0,
35.7212,35.7200,OOD,SWING,0.5500,-19.307,-141.281,-201.129,0.9877,0.8000,3.2536,3.9508,-0.6972,3.7857,0,
35.7312,35.7300,OOD,SWING,0.5667,-18.687,61.923,-200.365,0.9781,0.8000,2.9113,3.9126,-1.0013,3.3923,0,
35.7412,35.7400,OOD,SWING,0.5833,-20.394,-170.641,-199.388,0.9659,0.8000,3.2247,3.8637,-0.6390,3.7525,0,
35.7512,35.7500,OOD,SWING,0.6000,-20.726,-33.279,-198.198,0.9511,0.8000,2.9668,3.8042,-0.8374,3.4561,0,
35.7612,35.7600,OOD,SWING,0.6167,-21.998,-127.173,-196.800,0.9336,0.8000,3.0511,3.7343,-0.6832,3.5530,0,
35.7712,35.7700,OOD,SWING,0.6333,-23.310,-131.185,-195.197,0.9135,0.8000,2.9915,3.6542,-0.6627,3.4845,0,
35.7812,35.7800,OOD,SWING,0.6500,-25.717,-240.740,-193.394,0.8910,0.8000,3.0868,3.5640,-0.4773,3.5940,0,
35.7912,35.7900,OOD,SWING,0.6667,-26.887,-116.988,-191.396,0.8660,0.8000,2.8170,3.4641,-0.6471,3.2840,0,
35.8012,35.8000,OOD,SWING,0.6833,-30.416,-352.895,-189.207,0.8387,0.8000,3.0901,3.3547,-0.2646,3.5978,0,
35.8112,35.8100,OOD,SWING,0.7000,-31.374,-95.742,-186.835,0.8090,0.8000,2.6024,3.2361,-0.6337,3.0372,0,
35.8212,35.8200,OOD,SWING,0.7167,-34.693,-331.962,-184.285,0.7771,0.8000,2.8586,3.1086,-0.2500,3.3317,0,
35.8312,35.8300,OOD,SWING,0.7333,-37.784,-309.077,-181.565,0.7431,0.8000,2.7173,2.9726,-0.2553,3.1693,0,
35.8410,35.8400,OOD,SWING,0.7500,-40.249,-246.476,-178.682,0.7071,0.8000,2.5060,2.8284,-0.3225,2.9264,0,
35.8512,35.8500,OOD,SWING,0.7667,-44.321,-407.223,-175.644,0.6691,0.8000,2.6307,2.6765,-0.0458,3.0698,0,
35.8612,35.8600,OOD,SWING,0.7833,-46.569,-224.750,-172.459,0.6293,0.8000,2.2250,2.5173,-0.2923,2.6034,0,
35.8712,35.8700,OOD,SWING,0.8000,-52.051,-548.287,-169.136,0.5878,0.8000,2.5881,2.3511,0.2370,3.0209,0,
35.8812,35.8800,OOD,SWING,0.8167,-55.295,-324.378,-165.685,0.5446,0.8000,2.1132,2.1786,-0.0654,2.4749,0,
35.8912,35.8900,OOD,SWING,0.8333,-59.501,-420.615,-162.114,0.5000,0.8000,2.1179,2.0000,0.1179,2.4803,0,
35.9012,35.9000,OOD,SWING,0.8500,-63.414,-391.245,-158.433,0.4540,0.8000,1.9277,1.8160,0.1118,2.2618,0,
35.9112,35.9100,OOD,SWING,0.8667,-68.148,-473.371,-154.652,0.4067,0.8000,1.9045,1.6269,0.2775,2.2350,0,
35.9205,35.9200,OOD,SWING,0.8833,-72.582,-443.437,-150.783,0.3584,0.8000,1.7076,1.4335,0.2742,2.0088,0,
35.9310,35.9300,OOD,SWING,0.9000,-77.174,-459.161,-146.835,0.3090,0.8000,1.5765,1.2361,0.3404,1.8580,0,
35.9411,35.9400,OOD,SWING,0.9167,-82.592,-541.888,-142.819,0.2588,0.8000,1.5470,1.0353,0.5117,1.8241,0,
35.9509,35.9500,OOD,SWING,0.9333,-87.979,-538.695,-138.746,0.2079,0.8000,1.3859,0.8316,0.5542,1.6389,0,
35.9604,35.9600,OOD,SWING,0.9500,-92.270,-429.038,-134.628,0.1564,0.8000,1.0575,0.6257,0.4318,1.2615,0,
35.9707,35.9700,OOD,STANCE,0.0000,-97.837,-556.732,-122.114,0.0000,0.8000,0.7137,0.0000,0.7137,0.8663,0,
35.9812,35.9800,OOD,STANCE,0.0161,-105.151,-731.366,-122.114,0.0000,0.8000,1.0122,0.0000,1.0122,1.2095,0,
35.9911,35.9900,OOD,STANCE,0.0323,-109.128,-397.727,-122.114,0.0000,0.8000,0.5317,0.0000,0.5317,0.6571,0,
36.0010,36.0000,OOD,STANCE,0.0484,-115.469,-634.147,-122.114,0.0000,0.8000,0.9180,0.0000,0.9180,1.1011,0,
36.0111,36.0100,OOD,STANCE,0.0645,-118.250,-278.100,-122.114,0.0000,0.8000,0.3978,0.0000,0.3978,0.5033,0,
36.0212,36.0200,OOD,STANCE,0.0806,-124.719,-646.829,-122.114,0.0000,0.8000,0.9833,0.0000,0.9833,1.1762,0,
36.0312,36.0300,OOD,STANCE,0.0968,-126.434,-171.510,-122.114,0.0000,0.8000,0.2789,0.0000,0.2789,0.3665,0,
36.0412,36.0400,OOD,STANCE,0.1129,-131.371,-493.677,-122.114,0.0000,0.8000,0.7868,0.0000,0.7868,0.9503,0,
36.0512,36.0500,OOD,STANCE,0.1290,-132.408,-103.742,-122.114,0.0000,0.8000,0.2071,0.0000,0.2071,0.2840,0,
36.0612,36.0600,OOD,STANCE,0.1452,-136.079,-367.065,-122.114,0.0000,0.8000,0.6204,0.0000,0.6204,0.7591,0,
36.0711,36.0700,OOD,STANCE,0.1613,-137.416,-133.689,-122.114,0.0000,0.8000,0.2770,0.0000,0.2770,0.3644,0,
36.0811,36.0800,OOD,STANCE,0.1774,-140.140,-272.464,-122.114,0.0000,0.8000,0.4988,0.0000,0.4988,0.6193,0,
36.0910,36.0900,OOD,STANCE,0.1935,-141.021,-88.047,-122.114,0.0000,0.8000,0.2266,0.0000,0.2266,0.3064,0,
36.1010,36.1000,OOD,STANCE,0.2097,-142.453,-143.189,-122.114,0.0000,0.8000,0.3165,0.0000,0.3165,0.4097,0,
36.1111,36.1100,OOD,STANCE,0.2258,-142.866,-41.345,-122.114,0.0000,0.8000,0.1658,0.0000,0.1658,0.2365,0,
36.1211,36.1200,OOD,STANCE,0.2419,-143.807,-94.068,-122.114,0.0000,0.8000,0.2496,0.0000,0.2496,0.3328,0,
36.1311,36.1300,OOD,STANCE,0.2581,-143.953,-14.654,-122.114,0.0000,0.8000,0.1312,0.0000,0.1312,0.1968,0,
36.1412,36.1400,OOD,STANCE,0.2742,-144.623,-66.930,-122.114,0.0000,0.8000,0.2129,0.0000,0.2129,0.2907,0,
36.1510,36.1500,OOD,STANCE,0.2903,-144.374,24.890,-122.114,0.0000,0.8000,0.0740,0.0000,0.0740,0.1310,0,
36.1612,36.1600,OOD,STANCE,0.3065,-144.755,-38.105,-122.114,0.0000,0.8000,0.1704,0.0000,0.1704,0.2418,0,
36.1711,36.1700,OOD,STANCE,0.3226,-143.485,127.010,-122.114,0.0000,0.8000,-0.0837,0.0000,-0.0837,0.0000,0,
36.1811,36.1800,OOD,STANCE,0.3387,-142.972,51.293,-122.114,0.0000,0.8000,0.0274,0.0000,0.0274,0.0774,0,
36.1911,36.1900,OOD,STANCE,0.3548,-142.726,24.604,-122.114,0.0000,0.8000,0.0662,0.0000,0.0662,0.1220,0,
36.2010,36.2000,OOD,STANCE,0.3710,-141.161,156.427,-122.114,0.0000,0.8000,-0.1394,0.0000,-0.1394,0.0000,0,
36.2111,36.2100,OOD,STANCE,0.3871,-140.477,68.388,-122.114,0.0000,0.8000,-0.0108,0.0000,-0.0108,0.0000,0,
36.2210,36.2200,OOD,STANCE,0.4032,-139.023,145.427,-122.114,0.0000,0.8000,-0.1336,0.0000,-0.1336,0.0000,0,
36.2305,36.2300,OOD,STANCE,0.4194,-138.066,95.717,-122.114,0.0000,0.8000,-0.0638,0.0000,-0.0638,0.0000,0,
36.2406,36.2400,OOD,STANCE,0.4355,-136.470,159.559,-122.114,0.0000,0.8000,-0.1676,0.0000,-0.1676,0.0000,0,
36.2506,36.2500,OOD,STANCE,0.4516,-134.422,204.877,-122.114,0.0000,0.8000,-0.2458,0.0000,-0.2458,0.0000,0,
36.2612,36.2600,OOD,STANCE,0.4677,-132.711,171.042,-122.114,0.0000,0.8000,-0.2036,0.0000,-0.2036,0.0000,0,
36.2714,36.2700,OOD,STANCE,0.4839,-129.350,336.152,-122.114,0.0000,0.8000,-0.4680,0.0000,-0.4680,0.0000,0,
36.2811,36.2800,OOD,STANCE,0.5000,-126.382,296.813,-122.114,0.0000,0.8000,-0.4239,0.0000,-0.4239,0.0000,0,
36.2911,36.2900,OOD,STANCE,0.5161,-124.960,142.110,-122.114,0.0000,0.8000,-0.1989,0.0000,-0.1989,0.0000,0,
36.3014,36.3000,OOD,STANCE,0.5323,-122.656,230.409,-122.114,0.0000,0.8000,-0.3429,0.0000,-0.3429,0.0000,0,
36.3111,36.3100,OOD,STANCE,0.5484,-119.596,306.018,-122.114,0.0000,0.8000,-0.4716,0.0000,-0.4716,0.0000,0,
36.3210,36.3200,OOD,STANCE,0.5645,-116.455,314.108,-122.114,0.0000,0.8000,-0.4995,0.0000,-0.4995,0.0000,0,
36.3314,36.3300,OOD,STANCE,0.5806,-114.382,207.327,-122.114,0.0000,0.8000,-0.3496,0.0000,-0.3496,0.0000,0,
36.3411,36.3400,OOD,STANCE,0.5968,-111.215,316.681,-122.114,0.0000,0.8000,-0.5295,0.0000,-0.5295,0.0000,0,
36.3510,36.3500,OOD,STANCE,0.6129,-109.043,217.218,-122.114,0.0000,0.8000,-0.3912,0.0000,-0.3912,0.0000,0,
36.3613,36.3600,OOD,STANCE,0.6290,-106.269,277.362,-122.114,0.0000,0.8000,-0.4953,0.0000,-0.4953,0.0000,0,
36.3705,36.3700,OOD,STANCE,0.6452,-104.318,195.154,-122.114,0.0000,0.8000,-0.3817,0.0000,-0.3817,0.0000,0,
36.3807,36.3800,OOD,STANCE,0.6613,-100.958,336.019,-122.114,0.0000,0.8000,-0.6098,0.0000,-0.6098,0.0000,0,
36.3913,36.3900,OOD,STANCE,0.6774,-98.904,205.312,-122.114,0.0000,0.8000,-0.4240,0.0000,-0.4240,0.0000,0,
36.4012,36.4000,OOD,STANCE,0.6935,-96.445,245.906,-122.114,0.0000,0.8000,-0.4972,0.0000,-0.4972,0.0000,0,
36.4111,36.4100,OOD,STANCE,0.7097,-94.216,222.888,-122.114,0.0000,0.8000,-0.4738,0.0000,-0.4738,0.0000,0,
36.4212,36.4200,OOD,STANCE,0.7258,-90.992,322.474,-122.114,0.0000,0.8000,-0.6393,0.0000,-0.6393,0.0000,0,
36.4311,36.4300,OOD,STANCE,0.7419,-88.048,294.392,-122.114,0.0000,0.8000,-0.6119,0.0000,-0.6119,0.0000,0,
36.4413,36.4400,OOD,STANCE,0.7581,-87.076,97.150,-122.114,0.0000,0.8000,-0.3209,0.0000,-0.3209,0.0000,0,
36.4512,36.4500,OOD,STANCE,0.7742,-84.826,225.046,-122.114,0.0000,0.8000,-0.5240,0.0000,-0.5240,0.0000,0,
36.4612,36.4600,OOD,STANCE,0.7903,-82.904,192.220,-122.114,0.0000,0.8000,-0.4844,0.0000,-0.4844,0.0000,0,
36.4711,36.4700,OOD,STANCE,0.8065,-80.743,216.106,-122.114,0.0000,0.8000,-0.5310,0.0000,-0.5310,0.0000,0,
36.4809,36.4800,OOD,STANCE,0.8226,-78.810,193.270,-122.114,0.0000,0.8000,-0.5064,0.0000,-0.5064,0.0000,0,
36.4910,36.4900,OOD,STANCE,0.8387,-77.633,117.723,-122.114,0.0000,0.8000,-0.3990,0.0000,-0.3990,0.0000,0,
36.5014,36.5000,OOD,STANCE,0.8548,-76.329,130.407,-122.114,0.0000,0.8000,-0.4245,0.0000,-0.4245,0.0000,0,
36.5111,36.5100,OOD,STANCE,0.8710,-75.579,74.985,-122.114,0.0000,0.8000,-0.3452,0.0000,-0.3452,0.0000,0,
36.5211,36.5200,OOD,STANCE,0.8871,-73.443,213.565,-122.114,0.0000,0.8000,-0.5637,0.0000,-0.5637,0.0000,0,
36.5314,36.5300,OOD,STANCE,0.9032,-72.650,79.321,-122.114,0.0000,0.8000,-0.3663,0.0000,-0.3663,0.0000,0,
36.5411,36.5400,OOD,STANCE,0.9194,-72.542,10.739,-122.114,0.0000,0.8000,-0.2640,0.0000,-0.2640,0.0000,0,
36.5510,36.5500,OOD,STANCE,0.9355,-71.582,96.034,-122.114,0.0000,0.8000,-0.3967,0.0000,-0.3967,0.0000,0,
36.5614,36.5600,OOD,STANCE,0.9516,-70.958,62.425,-122.114,0.0000,0.8000,-0.3494,0.0000,-0.3494,0.0000,0,
36.5711,36.5700,OOD,SWING,0.0000,-70.352,60.551,-122.114,0.0000,0.8000,-0.3496,0.0000,-0.3496,0.0000,0,
36.5812,36.5800,OOD,SWING,0.0172,-70.305,4.763,-126.445,0.0541,0.8000,-0.0713,0.2166,-0.2878,0.0000,0,
36.5912,36.5900,OOD,SWING,0.0345,-69.568,73.627,-130.763,0.1081,0.8000,0.0161,0.4325,-0.4164,0.0644,0,
36.6012,36.6000,OOD,SWING,0.0517,-70.054,-48.507,-135.056,0.1618,0.8000,0.3949,0.6471,-0.2523,0.4999,0,
36.6113,36.6100,OOD,SWING,0.0690,-67.820,223.330,-139.311,0.2150,0.8000,0.1674,0.8599,-0.6924,0.2384,0,
36.6213,36.6200,OOD,SWING,0.0862,-67.645,17.558,-143.516,0.2675,0.8000,0.6644,1.0701,-0.4057,0.8097,0,
36.6312,36.6300,OOD,SWING,0.1034,-64.129,351.536,-147.658,0.3193,0.8000,0.3323,1.2772,-0.9449,0.4279,0,
36.6413,36.6400,OOD,SWING,0.1207,-64.112,1.763,-151.725,0.3701,0.8000,1.0398,1.4806,-0.4407,1.2412,0,
36.6512,36.6500,OOD,SWING,0.1379,-59.948,416.379,-155.705,0.4199,0.8000,0.5762,1.6796,-1.1034,0.7083,0,
36.6612,36.6600,OOD,SWING,0.1552,-58.974,97.341,-159.586,0.4684,0.8000,1.2246,1.8736,-0.6491,1.4535,0,
36.6714,36.6700,OOD,SWING,0.1724,-55.308,366.664,-163.358,0.5156,0.8000,0.9720,2.0622,-1.0902,1.1632,0,
36.6812,36.6800,OOD,SWING,0.1897,-53.582,172.575,-167.009,0.5612,0.8000,1.4188,2.2447,-0.8260,1.6767,0,
36.6912,36.6900,OOD,SWING,0.2069,-49.547,403.529,-170.527,0.6052,0.8000,1.2105,2.4207,-1.2102,1.4374,0,
36.7011,36.7000,OOD,SWING,0.2241,-47.896,165.098,-173.904,0.6474,0.8000,1.7119,2.5895,-0.8777,2.0136,0,
36.7113,36.7100,OOD,SWING,0.2414,-44.031,386.446,-177.129,0.6877,0.8000,1.5056,2.7508,-1.2452,1.7766,0,
36.7212,36.7200,OOD,SWING,0.2586,-42.186,184.526,-180.193,0.7260,0.8000,1.9372,2.9040,-0.9668,2.2726,0,
36.7312,36.7300,OOD,SWING,0.2759,-38.183,400.310,-183.087,0.7622,0.8000,1.7237,3.0486,-1.3250,2.0272,0,
36.7412,36.7400,OOD,SWING,0.2931,-36.712,147.111,-185.801,0.7961,0.8000,2.2183,3.1844,-0.9661,2.5957,0,
36.7512,36.7500,OOD,SWING,0.3103,-31.915,479.725,-188.329,0.8277,0.8000,1.8091,3.3108,-1.5017,2.1254,0,
36.7615,36.7600,OOD,SWING,0.3276,-31.536,37.874,-190.662,0.8569,0.8000,2.5750,3.4274,-0.8524,3.0057,0,
36.7709,36.7700,OOD,SWING,0.3448,-26.954,458.215,-192.795,0.8835,0.8000,2.0175,3.5340,-1.5165,2.3650,0,
36.7811,36.7800,OOD,SWING,0.3621,-26.807,14.711,-194.720,0.9076,0.8000,2.7687,3.6303,-0.8616,3.2284,0,
36.7913,36.7900,OOD,SWING,0.3793,-22.460,434.671,-196.432,0.9290,0.8000,2.1940,3.7159,-1.5219,2.5679,0,
36.8012,36.8000,OOD,SWING,0.3966,-21.908,55.240,-197.926,0.9477,0.8000,2.8277,3.7906,-0.9630,3.2962,0,
36.8112,36.8100,OOD,SWING,0.4138,-19.774,213.332,-199.198,0.9635,0.8000,2.6371,3.8542,-1.2171,3.0771,0,
36.8213,36.8200,OOD,SWING,0.4310,-17.718,205.620,-200.243,0.9766,0.8000,2.6854,3.9065,-1.2211,3.1327,0,
36.8312,36.8300,OOD,SWING,0.4483,-16.783,93.477,-201.060,0.9868,0.8000,2.8857,3.9473,-1.0616,3.3629,0,
36.8411,36.8400,OOD,SWING,0.4655,-15.341,144.235,-201.645,0.9941,0.8000,2.8287,3.9766,-1.1479,3.2973,0,
36.8513,36.8500,OOD,SWING,0.4828,-13.873,146.782,-201.996,0.9985,0.8000,2.8333,3.9941,-1.1608,3.3027,0,
36.8612,36.8600,OOD,SWING,0.5000,-14.165,-29.237,-202.114,1.0000,0.8000,3.1041,4.0000,-0.8959,3.6139,0,
36.8713,36.8700,OOD,SWING,0.5172,-12.947,121.883,-201.996,0.9985,0.8000,2.8661,3.9941,-1.1281,3.3403,0,
36.8805,36.8800,OOD,SWING,0.5345,-12.628,31.845,-201.645,0.9941,0.8000,2.9837,3.9766,-0.9929,3.4755,0,
36.8905,36.8900,OOD,SWING,0.5517,-13.960,-133.233,-201.060,0.9868,0.8000,3.2117,3.9473,-0.7356,3.7375,0,
36.9013,36.9000,OOD,SWING,0.5690,-12.092,186.841,-200.243,0.9766,0.8000,2.6855,3.9065,-1.2210,3.1327,0,
36.9112,36.9100,OOD,SWING,0.5862,-14.661,-256.929,-199.198,0.9635,0.8000,3.3169,3.8542,-0.5373,3.8585,0,
36.9211,36.9200,OOD,SWING,0.6034,-15.124,-46.256,-197.926,0.9477,0.8000,2.9460,3.7906,-0.8446,3.4322,0,
36.9315,36.9300,OOD,SWING,0.6207,-16.052,-92.769,-196.432,0.9290,0.8000,2.9532,3.7159,-0.7627,3.4404,0,
36.9411,36.9400,OOD,SWING,0.6379,-17.596,-154.397,-194.720,0.9076,0.8000,2.9763,3.6303,-0.6540,3.4670,0,
36.9511,36.9500,OOD,SWING,0.6552,-19.039,-144.334,-192.795,0.8835,0.8000,2.8818,3.5340,-0.6523,3.3584,0,
36.9614,36.9600,OOD,SWING,0.6724,-22.004,-296.477,-190.662,0.8569,0.8000,3.0289,3.4274,-0.3986,3.5274,0,
36.9712,36.9700,OOD,SWING,0.6897,-23.422,-141.833,-188.329,0.8277,0.8000,2.6990,3.3108,-0.6118,3.1482,0,
36.9812,36.9800,OOD,SWING,0.7069,-26.495,-307.254,-185.801,0.7961,0.8000,2.8487,3.1844,-0.3357,3.3204,0,
36.9911,36.9900,OOD,SWING,0.7241,-29.635,-314.090,-183.087,0.7622,0.8000,2.7525,3.0486,-0.2961,3.2098,0,
37.0011,37.0000,OOD,SWING,0.7414,-31.994,-235.895,-180.193,0.7260,0.8000,2.5168,2.9040,-0.3872,2.9389,0,
37.0112,37.0100,OOD,SWING,0.7586,-35.889,-389.486,-177.129,0.6877,0.8000,2.6288,2.7508,-0.1220,3.0676,0,
37.0215,37.0200,OOD,SWING,0.7759,-39.975,-408.582,-173.904,0.6474,0.8000,2.5328,2.5895,-0.0568,2.9572,0,
37.0312,37.0300,OOD,SWING,0.7931,-42.990,-301.445,-170.527,0.6052,0.8000,2.2352,2.4207,-0.1855,2.6151,0,
37.0410,37.0400,OOD,SWING,0.8103,-47.993,-500.304,-167.009,0.5612,0.8000,2.4001,2.2447,0.1554,2.8047,0,
37.0512,37.0500,OOD,SWING,0.8276,-52.041,-404.872,-163.358,0.5156,0.8000,2.1129,2.0622,0.0507,2.4746,0,
37.0612,37.0600,OOD,SWING,0.8448,-56.418,-437.713,-159.586,0.4684,0.8000,2.0144,1.8736,0.1407,2.3613,0,
37.0713,37.0700,OOD,SWING,0.8621,-61.514,-509.541,-155.705,0.4199,0.8000,1.9729,1.6796,0.2934,2.3137,0,
37.0812,37.0800,OOD,SWING,0.8793,-66.396,-488.217,-151.725,0.3701,0.8000,1.7862,1.4806,0.3057,2.0991,0,
37.0912,37.0900,OOD,SWING,0.8966,-71.422,-502.589,-147.658,0.3193,0.8000,1.6499,1.2772,0.3727,1.9424,0,
37.1010,37.1000,OOD,SWING,0.9138,-77.043,-562.127,-143.516,0.2675,0.8000,1.5809,1.0701,0.5108,1.8631,0,
37.1111,37.1100,OOD,SWING,0.9310,-81.639,-459.552,-139.311,0.2150,0.8000,1.2608,0.8599,0.4010,1.4952,0,
37.1209,37.1200,OOD,SWING,0.9483,-87.913,-627.435,-135.056,0.1618,0.8000,1.3526,0.6471,0.7054,1.6007,0,
37.1311,37.1300,OOD,SWING,0.9655,-92.808,-489.453,-130.763,0.1081,0.8000,0.9769,0.4325,0.5444,1.1688,0,
37.1418,37.1400,OOD,STANCE,0.0000,-99.508,-670.080,-122.114,0.0000,0.8000,0.8921,0.0000,0.8921,1.0714,0,
37.1510,37.1500,OOD,STANCE,0.0167,-105.550,-604.159,-122.114,0.0000,0.8000,0.8234,0.0000,0.8234,0.9924,0,
37.1612,37.1600,OOD,STANCE,0.0333,-111.525,-597.505,-122.114,0.0000,0.8000,0.8433,0.0000,0.8433,1.0153,0,
37.1711,37.1700,OOD,STANCE,0.0500,-115.839,-431.424,-122.114,0.0000,0.8000,0.6158,0.0000,0.6158,0.7538,0,
37.1811,37.1800,OOD,STANCE,0.0667,-121.698,-585.921,-122.114,0.0000,0.8000,0.8768,0.0000,0.8768,1.0538,0,
37.1911,37.1900,OOD,STANCE,0.0833,-124.397,-269.876,-122.114,0.0000,0.8000,0.4162,0.0000,0.4162,0.5244,0,
37.2011,37.2000,OOD,STANCE,0.1000,-129.941,-554.396,-122.114,0.0000,0.8000,0.8707,0.0000,0.8707,1.0468,0,
37.2114,37.2100,OOD,STANCE,0.1167,-131.970,-202.894,-122.114,0.0000,0.8000,0.3536,0.0000,0.3536,0.4524,0,
37.2214,37.2200,OOD,STANCE,0.1333,-135.784,-381.432,-122.114,0.0000,0.8000,0.6405,0.0000,0.6405,0.7822,0,
37.2309,37.2300,OOD,STANCE,0.1500,-137.303,-151.862,-122.114,0.0000,0.8000,0.3037,0.0000,0.3037,0.3951,0,
37.2414,37.2400,OOD,STANCE,0.1667,-140.985,-368.222,-122.114,0.0000,0.8000,0.6467,0.0000,0.6467,0.7893,0,
37.2511,37.2500,OOD,STANCE,0.1833,-142.384,-139.911,-122.114,0.0000,0.8000,0.3112,0.0000,0.3112,0.4037,0,
37.2612,37.2600,OOD,STANCE,0.2000,-145.085,-270.109,-122.114,0.0000,0.8000,0.5200,0.0000,0.5200,0.6437,0,
37.2713,37.2700,OOD,STANCE,0.2167,-145.778,-69.237,-122.114,0.0000,0.8000,0.2222,0.0000,0.2222,0.3014,0,
37.2811,37.2800,OOD,STANCE,0.2333,-146.953,-117.537,-122.114,0.0000,0.8000,0.3005,0.0000,0.3005,0.3914,0,
37.2911,37.2900,OOD,STANCE,0.2500,-147.938,-98.472,-122.114,0.0000,0.8000,0.2768,0.0000,0.2768,0.3642,0,
37.3011,37.3000,OOD,STANCE,0.2667,-149.413,-147.475,-122.114,0.0000,0.8000,0.3577,0.0000,0.3577,0.4571,0,
37.3111,37.3100,OOD,STANCE,0.2833,-148.499,91.381,-122.114,0.0000,0.8000,-0.0051,0.0000,-0.0051,0.0000,0,
37.3211,37.3200,OOD,STANCE,0.3000,-149.630,-113.089,-122.114,0.0000,0.8000,0.3072,0.0000,0.3072,0.3991,0,
37.3311,37.3300,OOD,STANCE,0.3167,-149.277,35.300,-122.114,0.0000,0.8000,0.0829,0.0000,0.0829,0.1412,0,
37.3411,37.3400,OOD,STANCE,0.3333,-149.429,-15.208,-122.114,0.0000,0.8000,0.1594,0.0000,0.1594,0.2292,0,
37.3511,37.3500,OOD,STANCE,0.3500,-149.228,20.082,-122.114,0.0000,0.8000,0.1054,0.0000,0.1054,0.1672,0,
37.3612,37.3600,OOD,STANCE,0.3667,-147.826,140.165,-122.114,0.0000,0.8000,-0.0817,0.0000,-0.0817,0.0000,0,
37.3710,37.3700,OOD,STANCE,0.3833,-148.203,-37.618,-122.114,0.0000,0.8000,0.1869,0.0000,0.1869,0.2608,0,
37.3811,37.3800,OOD,STANCE,0.4000,-146.372,183.064,-122.114,0.0000,0.8000,-0.1533,0.0000,-0.1533,0.0000,0,
37.3911,37.3900,OOD,STANCE,0.4167,-144.950,142.207,-122.114,0.0000,0.8000,-0.0991,0.0000,-0.0991,0.0000,0,
37.4011,37.4000,OOD,STANCE,0.4333,-144.768,18.224,-122.114,0.0000,0.8000,0.0859,0.0000,0.0859,0.1448,0,
37.4109,37.4100,OOD,STANCE,0.4500,-142.441,232.676,-122.114,0.0000,0.8000,-0.2474,0.0000,-0.2474,0.0000,0,
37.4212,37.4200,OOD,STANCE,0.4667,-140.877,156.384,-122.114,0.0000,0.8000,-0.1408,0.0000,-0.1408,0.0000,0,
37.4311,37.4300,OOD,STANCE,0.4833,-139.007,187.022,-122.114,0.0000,0.8000,-0.1961,0.0000,-0.1961,0.0000,0,
37.4411,37.4400,OOD,STANCE,0.5000,-136.636,237.074,-122.114,0.0000,0.8000,-0.2830,0.0000,-0.2830,0.0000,0,
37.4511,37.4500,OOD,STANCE,0.5167,-135.177,145.928,-122.114,0.0000,0.8000,-0.1536,0.0000,-0.1536,0.0000,0,
37.4612,37.4600,OOD,STANCE,0.5333,-132.730,244.643,-122.114,0.0000,0.8000,-0.3139,0.0000,-0.3139,0.0000,0,
37.4711,37.4700,OOD,STANCE,0.5500,-130.619,211.106,-122.114,0.0000,0.8000,-0.2741,0.0000,-0.2741,0.0000,0,
37.4812,37.4800,OOD,STANCE,0.5667,-128.789,183.033,-122.114,0.0000,0.8000,-0.2412,0.0000,-0.2412,0.0000,0,
37.4911,37.4900,OOD,STANCE,0.5833,-125.124,366.476,-122.114,0.0000,0.8000,-0.5347,0.0000,-0.5347,0.0000,0,
37.5011,37.5000,OOD,STANCE,0.6000,-122.657,246.755,-122.114,0.0000,0.8000,-0.3674,0.0000,-0.3674,0.0000,0,
37.5112,37.5100,OOD,STANCE,0.6167,-119.797,285.965,-122.114,0.0000,0.8000,-0.4405,0.0000,-0.4405,0.0000,0,
37.5210,37.5200,OOD,STANCE,0.6333,-117.989,180.752,-122.114,0.0000,0.8000,-0.2917,0.0000,-0.2917,0.0000,0,
37.5311,37.5300,OOD,STANCE,0.6500,-114.781,320.840,-122.114,0.0000,0.8000,-0.5179,0.0000,-0.5179,0.0000,0,
37.5412,37.5400,OOD,STANCE,0.6667,-111.339,344.240,-122.114,0.0000,0.8000,-0.5702,0.0000,-0.5702,0.0000,0,
37.5511,37.5500,OOD,STANCE,0.6833,-108.484,285.457,-122.114,0.0000,0.8000,-0.4963,0.0000,-0.4963,0.0000,0,
37.5611,37.5600,OOD,STANCE,0.7000,-106.621,186.339,-122.114,0.0000,0.8000,-0.3570,0.0000,-0.3570,0.0000,0,
37.5711,37.5700,OOD,STANCE,0.7167,-103.847,277.337,-122.114,0.0000,0.8000,-0.5073,0.0000,-0.5073,0.0000,0,
37.5811,37.5800,OOD,STANCE,0.7333,-101.706,214.127,-122.114,0.0000,0.8000,-0.4232,0.0000,-0.4232,0.0000,0,
37.5911,37.5900,OOD,STANCE,0.7500,-98.813,289.318,-122.114,0.0000,0.8000,-0.5505,0.0000,-0.5505,0.0000,0,
37.6011,37.6000,OOD,STANCE,0.7667,-96.508,230.535,-122.114,0.0000,0.8000,-0.4738,0.0000,-0.4738,0.0000,0,
37.6111,37.6100,OOD,STANCE,0.7833,-93.326,318.162,-122.114,0.0000,0.8000,-0.6212,0.0000,-0.6212,0.0000,0,
37.6211,37.6200,OOD,STANCE,0.8000,-91.530,179.630,-122.114,0.0000,0.8000,-0.4224,0.0000,-0.4224,0.0000,0,
37.6311,37.6300,OOD,STANCE,0.8167,-89.119,241.088,-122.114,0.0000,0.8000,-0.5266,0.0000,-0.5266,0.0000,0,
37.6409,37.6400,OOD,STANCE,0.8333,-86.576,254.242,-122.114,0.0000,0.8000,-0.5590,0.0000,-0.5590,0.0000,0,
37.6511,37.6500,OOD,STANCE,0.8500,-84.864,171.187,-122.114,0.0000,0.8000,-0.4430,0.0000,-0.4430,0.0000,0,
37.6611,37.6600,OOD,STANCE,0.8667,-82.426,243.828,-122.114,0.0000,0.8000,-0.5642,0.0000,-0.5642,0.0000,0,
37.6711,37.6700,OOD,STANCE,0.8833,-81.059,136.686,-122.114,0.0000,0.8000,-0.4103,0.0000,-0.4103,0.0000,0,
37.6812,37.6800,OOD,STANCE,0.9000,-78.968,209.120,-122.114,0.0000,0.8000,-0.5294,0.0000,-0.5294,0.0000,0,
37.6911,37.6900,OOD,STANCE,0.9167,-78.079,88.874,-122.114,0.0000,0.8000,-0.3535,0.0000,-0.3535,0.0000,0,
37.7012,37.7000,OOD,STANCE,0.9333,-76.225,185.389,-122.114,0.0000,0.8000,-0.5075,0.0000,-0.5075,0.0000,0,
37.7111,37.7100,OOD,STANCE,0.9500,-75.494,73.126,-122.114,0.0000,0.8000,-0.3428,0.0000,-0.3428,0.0000,0,
37.7212,37.7200,OOD,STANCE,0.9667,-74.080,141.388,-122.114,0.0000,0.8000,-0.4522,0.0000,-0.4522,0.0000,0,
37.7311,37.7300,OOD,STANCE,0.9833,-73.011,106.911,-122.114,0.0000,0.8000,-0.4059,0.0000,-0.4059,0.0000,0,
37.7412,37.7400,OOD,SWING,0.0000,-71.077,193.463,-122.114,0.0000,0.8000,-0.5454,0.0000,-0.5454,0.0000,0,
37.7512,37.7500,OOD,SWING,0.0175,-71.563,-48.621,-126.521,0.0551,0.8000,0.0185,0.2204,-0.2019,0.0672,0,
37.7611,37.7600,OOD,SWING,0.0351,-69.496,206.704,-130.914,0.1100,0.8000,-0.1771,0.4400,-0.6171,0.0000,0,
37.7712,37.7700,OOD,SWING,0.0526,-69.652,-15.611,-135.281,0.1646,0.8000,0.3536,0.6584,-0.3047,0.4525,0,
37.7813,37.7800,OOD,SWING,0.0702,-67.407,224.526,-139.608,0.2187,0.8000,0.1769,0.8747,-0.6978,0.2493,0,
37.7912,37.7900,OOD,SWING,0.0877,-66.922,48.506,-143.882,0.2721,0.8000,0.6309,1.0884,-0.4576,0.7711,0,
37.8012,37.8000,OOD,SWING,0.1053,-63.158,376.332,-148.089,0.3247,0.8000,0.3096,1.2988,-0.9892,0.4019,0,
37.8111,37.8100,OOD,SWING,0.1228,-61.862,129.638,-152.218,0.3763,0.8000,0.8590,1.5052,-0.6462,1.0333,0,
37.8212,37.8200,OOD,SWING,0.1404,-58.685,317.729,-156.256,0.4268,0.8000,0.7427,1.7071,-0.9644,0.8996,0,
37.8312,37.8300,OOD,SWING,0.1579,-56.632,205.297,-160.189,0.4759,0.8000,1.0781,1.9038,-0.8257,1.2851,0,
37.8412,37.8400,OOD,SWING,0.1754,-53.159,347.212,-164.007,0.5237,0.8000,1.0196,2.0947,-1.0751,1.2180,0,
37.8512,37.8500,OOD,SWING,0.1930,-50.297,286.282,-167.698,0.5698,0.8000,1.2628,2.2792,-1.0164,1.4975,0,
37.8612,37.8600,OOD,SWING,0.2105,-47.147,314.930,-171.251,0.6142,0.8000,1.3639,2.4569,-1.0929,1.6137,0,
37.8712,37.8700,OOD,SWING,0.2281,-44.057,308.999,-174.654,0.6568,0.8000,1.5105,2.6270,-1.1165,1.7822,0,
37.8812,37.8800,OOD,SWING,0.2456,-40.270,378.773,-177.897,0.6973,0.8000,1.5329,2.7892,-1.2563,1.8079,0,
37.8912,37.8900,OOD,SWING,0.2632,-37.973,229.695,-180.971,0.7357,0.8000,1.8834,2.9429,-1.0595,2.2108,0,
37.9012,37.9000,OOD,SWING,0.2807,-33.459,451.367,-183.867,0.7719,0.8000,1.6586,3.0877,-1.4291,1.9524,0,
37.9112,37.9100,OOD,SWING,0.2982,-30.964,249.459,-186.575,0.8058,0.8000,2.0708,3.2231,-1.1522,2.4262,0,
37.9211,37.9200,OOD,SWING,0.3158,-27.765,319.935,-189.087,0.8372,0.8000,2.0622,3.3487,-1.2865,2.4163,0,
37.9312,37.9300,OOD,SWING,0.3333,-25.514,225.092,-191.396,0.8660,0.8000,2.2971,3.4641,-1.1670,2.6863,0,
37.9412,37.9400,OOD,SWING,0.3509,-21.993,352.089,-193.494,0.8923,0.8000,2.1834,3.5690,-1.3856,2.5556,0,
37.9512,37.9500,OOD,SWING,0.3684,-19.476,251.748,-195.375,0.9158,0.8000,2.4060,3.6631,-1.2571,2.8115,0,
37.9612,37.9600,OOD,SWING,0.3860,-17.623,185.231,-197.034,0.9365,0.8000,2.5711,3.7460,-1.1749,3.0013,0,
37.9710,37.9700,OOD,SWING,0.4035,-13.739,388.477,-198.466,0.9544,0.8000,2.3113,3.8176,-1.5064,2.7026,0,
37.9805,37.9800,OOD,SWING,0.4211,-13.880,-14.080,-199.666,0.9694,0.8000,2.9698,3.8776,-0.9078,3.4595,0,
37.9905,37.9900,OOD,SWING,0.4386,-9.978,390.146,-200.630,0.9815,0.8000,2.3873,3.9258,-1.5385,2.7900,0,
38.0005,38.0000,OOD,SWING,0.4561,-10.083,-10.504,-201.355,0.9905,0.8000,3.0215,3.9621,-0.9406,3.5189,0,
38.0104,38.0100,OOD,SWING,0.4737,-6.115,396.827,-201.840,0.9966,0.8000,2.4125,3.9863,-1.5739,2.8189,0,
38.0205,38.0200,OOD,SWING,0.4912,-8.642,-252.689,-202.083,0.9996,0.8000,3.4103,3.9985,-0.5882,3.9659,0,
38.0312,38.0300,OOD,SWING,0.5088,-4.894,374.755,-202.083,0.9996,0.8000,2.4504,3.9985,-1.5481,2.8625,0,
38.0412,38.0400,OOD,SWING,0.5263,-6.933,-203.877,-201.840,0.9966,0.8000,3.3176,3.9863,-0.6687,3.8593,0,
38.0512,38.0500,OOD,SWING,0.5439,-4.079,285.434,-201.355,0.9905,0.8000,2.5476,3.9621,-1.4145,2.9742,0,
38.0612,38.0600,OOD,SWING,0.5614,-6.072,-199.340,-200.630,0.9815,0.8000,3.2520,3.9258,-0.6738,3.7839,0,
38.0711,38.0700,OOD,SWING,0.5789,-5.866,20.588,-199.666,0.9694,0.8000,2.8777,3.8776,-0.9999,3.3537,0,
38.0812,38.0800,OOD,SWING,0.5965,-6.866,-99.983,-198.466,0.9544,0.8000,3.0096,3.8176,-0.8080,3.5053,0,
38.0910,38.0900,OOD,SWING,0.6140,-7.594,-72.783,-197.034,0.9365,0.8000,2.9080,3.7460,-0.8380,3.3885,0,
38.1010,38.1000,OOD,SWING,0.6316,-9.268,-167.380,-195.375,0.9158,0.8000,2.9836,3.6631,-0.6795,3.4754,0,
38.1110,38.1100,OOD,SWING,0.6491,-9.883,-61.531,-193.494,0.8923,0.8000,2.7433,3.5690,-0.8258,3.1991,0,
38.1211,38.1200,OOD,SWING,0.6667,-12.988,-310.465,-191.396,0.8660,0.8000,3.0378,3.4641,-0.4263,3.5377,0,
38.1312,38.1300,OOD,SWING,0.6842,-14.047,-105.950,-189.087,0.8372,0.8000,2.6324,3.3487,-0.7163,3.0717,0,
38.1411,38.1400,OOD,SWING,0.7018,-18.447,-439.954,-186.575,0.8058,0.8000,3.0424,3.2231,-0.1807,3.5429,0,
38.1512,38.1500,OOD,SWING,0.7193,-20.008,-156.162,-183.867,0.7719,0.8000,2.5026,3.0877,-0.5851,2.9225,0,
38.1612,38.1600,OOD,SWING,0.7368,-23.969,-396.100,-180.971,0.7357,0.8000,2.7520,2.9429,-0.1909,3.2092,0,
38.1712,38.1700,OOD,SWING,0.7544,-27.054,-308.481,-177.897,0.6973,0.8000,2.4977,2.7892,-0.2915,2.9169,0,
38.1812,38.1800,OOD,SWING,0.7719,-30.794,-373.963,-174.654,0.6568,0.8000,2.4687,2.6270,-0.1584,2.8835,0,
38.1912,38.1900,OOD,SWING,0.7895,-34.511,-371.753,-171.251,0.6142,0.8000,2.3308,2.4569,-0.1261,2.7250,0,
38.2012,38.2000,OOD,SWING,0.8070,-40.376,-586.436,-167.698,0.5698,0.8000,2.5223,2.2792,0.2430,2.9451,0,
38.2112,38.2100,OOD,SWING,0.8246,-42.425,-204.996,-164.007,0.5237,0.8000,1.7943,2.0947,-0.3004,2.1084,0,
38.2212,38.2200,OOD,SWING,0.8421,-48.846,-642.075,-160.189,0.4759,0.8000,2.3102,1.9038,0.4064,2.7014,0,
38.2310,38.2300,OOD,SWING,0.8596,-53.757,-491.097,-156.256,0.4268,0.8000,1.9313,1.7071,0.2242,2.2658,0,
38.2410,38.2400,OOD,SWING,0.8772,-58.501,-474.384,-152.218,0.3763,0.8000,1.7482,1.5052,0.2430,2.0554,0,
38.2512,38.2500,OOD,SWING,0.8947,-64.974,-647.270,-148.089,0.3247,0.8000,1.8541,1.2988,0.5553,2.1772,0,
38.2612,38.2600,OOD,SWING,0.9123,-69.594,-462.066,-143.882,0.2721,0.8000,1.4101,1.0884,0.3217,1.6668,0,
38.2712,38.2700,OOD,SWING,0.9298,-75.896,-630.137,-139.608,0.2187,0.8000,1.5014,0.8747,0.6266,1.7717,0,
38.2812,38.2800,OOD,SWING,0.9474,-80.719,-482.367,-135.281,0.1646,0.8000,1.1091,0.6584,0.4507,1.3208,0,
38.2908,38.2900,OOD,SWING,0.9649,-87.857,-713.711,-130.914,0.1100,0.8000,1.2953,0.4400,0.8553,1.5348,0,
38.3010,38.3000,OOD,SWING,0.9825,-93.722,-586.499,-126.521,0.0551,0.8000,0.9361,0.2204,0.7158,1.1220,0,
38.3119,38.3100,OOD,STANCE,0.0000,-99.975,-625.304,-122.114,0.0000,0.8000,0.8273,0.0000,0.8273,0.9969,0,
38.3211,38.3200,OOD,STANCE,0.0167,-107.929,-795.421,-122.114,0.0000,0.8000,1.1222,0.0000,1.1222,1.3359,0,
38.3311,38.3300,OOD,STANCE,0.0333,-111.039,-310.979,-122.114,0.0000,0.8000,0.4111,0.0000,0.4111,0.5185,0,
38.3412,38.3400,OOD,STANCE,0.0500,-118.403,-736.433,-122.114,0.0000,0.8000,1.0861,0.0000,1.0861,1.2944,0,
38.3511,38.3500,OOD,STANCE,0.0667,-120.907,-250.427,-122.114,0.0000,0.8000,0.3696,0.0000,0.3696,0.4708,0,
38.3613,38.3600,OOD,STANCE,0.0833,-127.747,-684.009,-122.114,0.0000,0.8000,1.0542,0.0000,1.0542,1.2577,0,
38.3710,38.3700,OOD,STANCE,0.1000,-129.552,-180.424,-122.114,0.0000,0.8000,0.3078,0.0000,0.3078,0.3998,0,
38.3812,38.3800,OOD,STANCE,0.1167,-135.040,-548.834,-122.114,0.0000,0.8000,0.8879,0.0000,0.8879,1.0665,0,
38.3911,38.3900,OOD,STANCE,0.1333,-136.004,-96.413,-122.114,0.0000,0.8000,0.2141,0.0000,0.2141,0.2920,0,
38.4012,38.4000,OOD,STANCE,0.1500,-140.945,-494.099,-122.114,0.0000,0.8000,0.8353,0.0000,0.8353,1.0061,0,
38.4111,38.4100,OOD,STANCE,0.1667,-142.003,-105.807,-122.114,0.0000,0.8000,0.2582,0.0000,0.2582,0.3427,0,
38.4211,38.4200,OOD,STANCE,0.1833,-145.079,-307.632,-122.114,0.0000,0.8000,0.5763,0.0000,0.5763,0.7084,0,
38.4311,38.4300,OOD,STANCE,0.2000,-146.756,-167.672,-122.114,0.0000,0.8000,0.3747,0.0000,0.3747,0.4767,0,
38.4411,38.4400,OOD,STANCE,0.2167,-148.911,-215.463,-122.114,0.0000,0.8000,0.4572,0.0000,0.4572,0.5715,0,
38.4511,38.4500,OOD,STANCE,0.2333,-149.977,-106.593,-122.114,0.0000,0.8000,0.2992,0.0000,0.2992,0.3899,0,
38.4612,38.4600,OOD,STANCE,0.2500,-152.046,-206.929,-122.114,0.0000,0.8000,0.4601,0.0000,0.4601,0.5748,0,
38.4711,38.4700,OOD,STANCE,0.2667,-151.329,71.708,-122.114,0.0000,0.8000,0.0385,0.0000,0.0385,0.0902,0,
38.4811,38.4800,OOD,STANCE,0.2833,-153.267,-193.812,-122.114,0.0000,0.8000,0.4465,0.0000,0.4465,0.5592,0,
38.4911,38.4900,OOD,STANCE,0.3000,-152.734,53.336,-122.114,0.0000,0.8000,0.0731,0.0000,0.0731,0.1300,0,
38.5011,38.5000,OOD,STANCE,0.3167,-153.027,-29.344,-122.114,0.0000,0.8000,0.1986,0.0000,0.1986,0.2742,0,
38.5111,38.5100,OOD,STANCE,0.3333,-154.246,-121.901,-122.114,0.0000,0.8000,0.3435,0.0000,0.3435,0.4408,0,
38.5212,38.5200,OOD,STANCE,0.3500,-153.508,73.772,-122.114,0.0000,0.8000,0.0463,0.0000,0.0463,0.0992,0,
38.5311,38.5300,OOD,STANCE,0.3667,-152.548,96.004,-122.114,0.0000,0.8000,0.0082,0.0000,0.0082,0.0554,0,
38.5412,38.5400,OOD,STANCE,0.3833,-152.720,-17.198,-122.114,0.0000,0.8000,0.1788,0.0000,0.1788,0.2515,0,
38.5512,38.5500,OOD,STANCE,0.4000,-152.442,27.879,-122.114,0.0000,0.8000,0.1098,0.0000,0.1098,0.1722,0,
38.5611,38.5600,OOD,STANCE,0.4167,-151.071,137.071,-122.114,0.0000,0.8000,-0.0608,0.0000,-0.0608,0.0000,0,
38.5712,38.5700,OOD,STANCE,0.4333,-150.715,35.604,-122.114,0.0000,0.8000,0.0896,0.0000,0.0896,0.1490,0,
38.5812,38.5800,OOD,STANCE,0.4500,-148.746,196.836,-122.114,0.0000,0.8000,-0.1621,0.0000,-0.1621,0.0000,0,
38.5912,38.5900,OOD,STANCE,0.4667,-148.031,71.553,-122.114,0.0000,0.8000,0.0223,0.0000,0.0223,0.0716,0,
38.6012,38.6000,OOD,STANCE,0.4833,-145.913,211.744,-122.114,0.0000,0.8000,-0.1986,0.0000,-0.1986,0.0000,0,
38.6111,38.6100,OOD,STANCE,0.5000,-144.288,162.591,-122.114,0.0000,0.8000,-0.1330,0.0000,-0.1330,0.0000,0,
38.6212,38.6200,OOD,STANCE,0.5167,-142.128,215.947,-122.114,0.0000,0.8000,-0.2238,0.0000,-0.2238,0.0000,0,
38.6312,38.6300,OOD,STANCE,0.5333,-141.133,99.462,-122.114,0.0000,0.8000,-0.0541,0.0000,-0.0541,0.0000,0,
38.6411,38.6400,OOD,STANCE,0.5500,-138.537,259.687,-122.114,0.0000,0.8000,-0.3074,0.0000,-0.3074,0.0000,0,
38.6511,38.6500,OOD,STANCE,0.5667,-136.160,237.641,-122.114,0.0000,0.8000,-0.2862,0.0000,-0.2862,0.0000,0,
38.6612,38.6600,OOD,STANCE,0.5833,-134.085,207.550,-122.114,0.0000,0.8000,-0.2515,0.0000,-0.2515,0.0000,0,
38.6711,38.6700,OOD,STANCE,0.6000,-131.030,305.516,-122.114,0.0000,0.8000,-0.4137,0.0000,-0.4137,0.0000,0,
38.6812,38.6800,OOD,STANCE,0.6167,-128.910,211.975,-122.114,0.0000,0.8000,-0.2840,0.0000,-0.2840,0.0000,0,
38.6910,38.6900,OOD,STANCE,0.6333,-126.366,254.413,-122.114,0.0000,0.8000,-0.3604,0.0000,-0.3604,0.0000,0,
38.7011,38.7000,OOD,STANCE,0.6500,-122.852,351.337,-122.114,0.0000,0.8000,-0.5233,0.0000,-0.5233,0.0000,0,
38.7111,38.7100,OOD,STANCE,0.6667,-121.250,160.184,-122.114,0.0000,0.8000,-0.2446,0.0000,-0.2446,0.0000,0,
38.7212,38.7200,OOD,STANCE,0.6833,-117.678,357.282,-122.114,0.0000,0.8000,-0.5581,0.0000,-0.5581,0.0000,0,
38.7311,38.7300,OOD,STANCE,0.7000,-115.650,202.808,-122.114,0.0000,0.8000,-0.3365,0.0000,-0.3365,0.0000,0,
38.7412,38.7400,OOD,STANCE,0.7167,-112.317,333.267,-122.114,0.0000,0.8000,-0.5489,0.0000,-0.5489,0.0000,0,
38.7511,38.7500,OOD,STANCE,0.7333,-109.442,287.434,-122.114,0.0000,0.8000,-0.4945,0.0000,-0.4945,0.0000,0,
38.7612,38.7600,OOD,STANCE,0.7500,-106.624,281.829,-122.114,0.0000,0.8000,-0.5002,0.0000,-0.5002,0.0000,0,
38.7712,38.7700,OOD,STANCE,0.7667,-103.699,292.546,-122.114,0.0000,0.8000,-0.5309,0.0000,-0.5309,0.0000,0,
38.7811,38.7800,OOD,STANCE,0.7833,-101.865,183.354,-122.114,0.0000,0.8000,-0.3763,0.0000,-0.3763,0.0000,0,
38.7911,38.7900,OOD,STANCE,0.8000,-99.474,239.165,-122.114,0.0000,0.8000,-0.4719,0.0000,-0.4719,0.0000,0,
38.8012,38.8000,OOD,STANCE,0.8167,-96.332,314.134,-122.114,0.0000,0.8000,-0.6001,0.0000,-0.6001,0.0000,0,
38.8111,38.8100,OOD,STANCE,0.8333,-93.804,252.774,-122.114,0.0000,0.8000,-0.5207,0.0000,-0.5207,0.0000,0,
38.8212,38.8200,OOD,STANCE,0.8500,-91.568,223.655,-122.114,0.0000,0.8000,-0.4882,0.0000,-0.4882,0.0000,0,
38.8311,38.8300,OOD,STANCE,0.8667,-88.233,333.536,-122.114,0.0000,0.8000,-0.6697,0.0000,-0.6697,0.0000,0,
38.8410,38.8400,OOD,STANCE,0.8833,-86.974,125.903,-122.114,0.0000,0.8000,-0.3646,0.0000,-0.3646,0.0000,0,
38.8511,38.8500,OOD,STANCE,0.9000,-85.438,153.511,-122.114,0.0000,0.8000,-0.4136,0.0000,-0.4136,0.0000,0,
38.8611,38.8600,OOD,STANCE,0.9167,-83.229,220.909,-122.114,0.0000,0.8000,-0.5258,0.0000,-0.5258,0.0000,0,
38.8711,38.8700,OOD,STANCE,0.9333,-80.892,233.703,-122.114,0.0000,0.8000,-0.5567,0.0000,-0.5567,0.0000,0,
38.8812,38.8800,OOD,STANCE,0.9500,-79.383,150.897,-122.114,0.0000,0.8000,-0.4400,0.0000,-0.4400,0.0000,0,
38.8911,38.8900,OOD,STANCE,0.9667,-77.270,211.372,-122.114,0.0000,0.8000,-0.5413,0.0000,-0.5413,0.0000,0,
38.9009,38.9000,OOD,STANCE,0.9833,-75.924,134.607,-122.114,0.0000,0.8000,-0.4329,0.0000,-0.4329,0.0000,0,
38.9104,38.9100,OOD,STANCE,1.0000,-74.590,133.386,-122.114,0.0000,0.8000,-0.4377,0.0000,-0.4377,0.0000,0,
38.9212,38.9200,OOD,STANCE,1.0000,-73.438,115.174,-122.114,0.0000,0.8000,-0.4161,0.0000,-0.4161,0.0000,0,
38.9311,38.9300,OOD,STANCE,1.0000,-72.430,100.752,-122.114,0.0000,0.8000,-0.3995,0.0000,-0.3995,0.0000,0,
38.9412,38.9400,OOD,SWING,0.0000,-71.934,49.646,-122.114,0.0000,0.8000,-0.3254,0.0000,-0.3254,0.0000,0,
38.9512,38.9500,OOD,SWING,0.0175,-70.546,138.768,-126.521,0.0551,0.8000,-0.2677,0.2204,-0.4880,0.0000,0,
38.9610,38.9600,OOD,SWING,0.0351,-70.164,38.209,-130.914,0.1100,0.8000,0.0790,0.4400,-0.3611,0.1367,0,
38.9712,38.9700,OOD,SWING,0.0526,-69.856,30.792,-135.281,0.1646,0.8000,0.2851,0.6584,-0.3733,0.3736,0,
38.9812,38.9800,OOD,SWING,0.0702,-67.484,237.197,-139.608,0.2187,0.8000,0.1583,0.8747,-0.7164,0.2279,0,
38.9912,38.9900,OOD,SWING,0.0877,-66.377,110.741,-143.882,0.2721,0.8000,0.5348,1.0884,-0.5536,0.6607,0,
39.0012,39.0000,OOD,SWING,0.1053,-63.567,280.956,-148.089,0.3247,0.8000,0.4548,1.2988,-0.8440,0.5687,0,
39.0112,39.0100,OOD,SWING,0.1228,-62.227,134.030,-152.218,0.3763,0.8000,0.8542,1.5052,-0.6510,1.0279,0,
39.0212,39.0200,OOD,SWING,0.1404,-58.581,364.638,-156.256,0.4268,0.8000,0.6718,1.7071,-1.0353,0.8181,0,
39.0312,39.0300,OOD,SWING,0.1579,-57.821,75.956,-160.189,0.4759,0.8000,1.2780,1.9038,-0.6258,1.5150,0,
39.0414,39.0400,OOD,SWING,0.1754,-52.432,538.933,-164.007,0.5237,0.8000,0.7284,2.0947,-1.3663,0.8832,0,
39.0512,39.0500,OOD,SWING,0.1930,-51.385,104.658,-167.698,0.5698,0.8000,1.5407,2.2792,-0.7386,1.8169,0,
39.0612,39.0600,OOD,SWING,0.2105,-46.836,454.891,-171.251,0.6142,0.8000,1.1524,2.4569,-1.3044,1.3706,0,
39.0712,39.0700,OOD,SWING,0.2281,-44.428,240.809,-174.654,0.6568,0.8000,1.6147,2.6270,-1.0123,1.9019,0,
39.0811,39.0800,OOD,SWING,0.2456,-40.559,386.895,-177.897,0.6973,0.8000,1.5222,2.7892,-1.2670,1.7956,0,
39.0911,39.0900,OOD,SWING,0.2632,-38.219,234.071,-180.971,0.7357,0.8000,1.8780,2.9429,-1.0649,2.2046,0,
39.1012,39.1000,OOD,SWING,0.2807,-33.542,467.697,-183.867,0.7719,0.8000,1.6345,3.0877,-1.4532,1.9247,0,
39.1111,39.1100,OOD,SWING,0.2982,-32.159,138.255,-186.575,0.8058,0.8000,2.2436,3.2231,-0.9795,2.6248,0,
39.1212,39.1200,OOD,SWING,0.3158,-27.450,470.903,-189.087,0.8372,0.8000,1.8341,3.3487,-1.5145,2.1542,0,
39.1314,39.1300,OOD,SWING,0.3333,-25.411,203.933,-191.396,0.8660,0.8000,2.3283,3.4641,-1.1358,2.7222,0,
39.1412,39.1400,OOD,SWING,0.3509,-22.429,298.138,-193.494,0.8923,0.8000,2.2665,3.5690,-1.3025,2.6511,0,
39.1512,39.1500,OOD,SWING,0.3684,-19.114,331.553,-195.375,0.9158,0.8000,2.2845,3.6631,-1.3786,2.6718,0,
39.1615,39.1600,OOD,SWING,0.3860,-17.562,155.127,-197.034,0.9365,0.8000,2.6160,3.7460,-1.1301,3.0529,0,
39.1712,39.1700,OOD,SWING,0.4035,-14.980,258.254,-198.466,0.9544,0.8000,2.5128,3.8176,-1.3048,2.9343,0,
39.1812,39.1800,OOD,SWING,0.4211,-13.436,154.438,-199.666,0.9694,0.8000,2.7148,3.8776,-1.1628,3.1664,0,
39.1911,39.1900,OOD,SWING,0.4386,-10.543,289.246,-200.630,0.9815,0.8000,2.5415,3.9258,-1.3843,2.9672,0,
39.2012,39.2000,OOD,SWING,0.4561,-10.190,35.284,-201.355,0.9905,0.8000,2.9533,3.9621,-1.0088,3.4406,0,
39.2112,39.2100,OOD,SWING,0.4737,-7.945,224.501,-201.840,0.9966,0.8000,2.6801,3.9863,-1.3062,3.1266,0,
39.2212,39.2200,OOD,SWING,0.4912,-7.718,22.708,-202.083,0.9996,0.8000,2.9926,3.9985,-1.0059,3.4857,0,
39.2310,39.2300,OOD,SWING,0.5088,-5.896,182.177,-202.083,0.9996,0.8000,2.7443,3.9985,-1.2542,3.2003,0,
39.2412,39.2400,OOD,SWING,0.5263,-6.278,-38.117,-201.840,0.9966,0.8000,3.0657,3.9863,-0.9206,3.5698,0,
39.2512,39.2500,OOD,SWING,0.5439,-5.034,124.345,-201.355,0.9905,0.8000,2.7940,3.9621,-1.1681,3.2574,0,
39.2612,39.2600,OOD,SWING,0.5614,-6.588,-155.380,-200.630,0.9815,0.8000,3.1887,3.9258,-0.7371,3.7111,0,
39.2710,39.2700,OOD,SWING,0.5789,-5.428,115.988,-199.666,0.9694,0.8000,2.7324,3.8776,-1.1452,3.1867,0,
39.2812,39.2800,OOD,SWING,0.5965,-7.545,-211.664,-198.466,0.9544,0.8000,3.1805,3.8176,-0.6371,3.7017,0,
39.2912,39.2900,OOD,SWING,0.6140,-7.388,15.668,-197.034,0.9365,0.8000,2.7743,3.7460,-0.9717,3.2348,0,
39.3012,39.3000,OOD,SWING,0.6316,-8.944,-155.630,-195.375,0.9158,0.8000,2.9644,3.6631,-0.6987,3.4533,0,
39.3110,39.3100,OOD,SWING,0.6491,-10.789,-184.490,-193.494,0.8923,0.8000,2.9322,3.5690,-0.6368,3.4164,0,
39.3212,39.3200,OOD,SWING,0.6667,-11.828,-103.885,-191.396,0.8660,0.8000,2.7221,3.4641,-0.7420,3.1748,0,
39.3312,39.3300,OOD,SWING,0.6842,-15.424,-359.615,-189.087,0.8372,0.8000,3.0198,3.3487,-0.3289,3.5170,0,
39.3412,39.3400,OOD,SWING,0.7018,-17.008,-158.410,-186.575,0.8058,0.8000,2.6128,3.2231,-0.6102,3.0492,0,
39.3512,39.3500,OOD,SWING,0.7193,-20.418,-341.022,-183.867,0.7719,0.8000,2.7820,3.0877,-0.3057,3.2436,0,
39.3612,39.3600,OOD,SWING,0.7368,-23.164,-274.514,-180.971,0.7357,0.8000,2.5656,2.9429,-0.3773,2.9950,0,
39.3712,39.3700,OOD,SWING,0.7544,-28.131,-496.711,-177.897,0.6973,0.8000,2.7854,2.7892,-0.0038,3.2476,0,
39.3812,39.3800,OOD,SWING,0.7719,-30.289,-215.827,-174.654,0.6568,0.8000,2.2289,2.6270,-0.3981,2.6080,0,
39.3912,39.3900,OOD,SWING,0.7895,-35.515,-522.640,-171.251,0.6142,0.8000,2.5621,2.4569,0.1053,2.9910,0,
39.4012,39.4000,OOD,SWING,0.8070,-38.569,-305.391,-167.698,0.5698,0.8000,2.0917,2.2792,-0.1876,2.4502,0,
39.4112,39.4100,OOD,SWING,0.8246,-44.213,-564.394,-164.007,0.5237,0.8000,2.3423,2.0947,0.2476,2.7383,0,
39.4212,39.4200,OOD,SWING,0.8421,-48.776,-456.269,-160.189,0.4759,0.8000,2.0311,1.9038,0.1273,2.3806,0,
39.4312,39.4300,OOD,SWING,0.8596,-53.261,-448.456,-156.256,0.4268,0.8000,1.8648,1.7071,0.1577,2.1894,0,
39.4413,39.4400,OOD,SWING,0.8772,-58.937,-567.681,-152.218,0.3763,0.8000,1.8904,1.5052,0.3851,2.2188,0,
39.4512,39.4500,OOD,SWING,0.8947,-64.524,-558.665,-148.089,0.3247,0.8000,1.7190,1.2988,0.4202,2.0218,0,
39.4612,39.4600,OOD,SWING,0.9123,-70.144,-562.021,-143.882,0.2721,0.8000,1.5628,1.0884,0.4743,1.8422,0,
39.4712,39.4700,OOD,SWING,0.9298,-75.269,-512.516,-139.608,0.2187,0.8000,1.3218,0.8747,0.4471,1.5653,0,
39.4812,39.4800,OOD,SWING,0.9474,-82.205,-693.529,-135.281,0.1646,0.8000,1.4333,0.6584,0.7749,1.6934,0,
39.4912,39.4900,OOD,SWING,0.9649,-86.919,-471.459,-130.914,0.1100,0.8000,0.9272,0.4400,0.4872,1.1118,0,
39.5012,39.5000,OOD,SWING,0.9825,-94.255,-733.613,-126.521,0.0551,0.8000,1.1594,0.2204,0.9391,1.3787,0,
39.5120,39.5100,OOD,STANCE,0.0000,-99.817,-556.123,-122.114,0.0000,0.8000,0.7227,0.0000,0.7227,0.8767,0,
39.5215,39.5200,OOD,STANCE,0.0159,-107.592,-777.541,-122.114,0.0000,0.8000,1.0937,0.0000,1.0937,1.3031,0,
39.5311,39.5300,OOD,STANCE,0.0317,-111.581,-398.878,-122.114,0.0000,0.8000,0.5457,0.0000,0.5457,0.6732,0,
39.5412,39.5400,OOD,STANCE,0.0476,-118.596,-701.512,-122.114,0.0000,0.8000,1.0347,0.0000,1.0347,1.2353,0,
39.5512,39.5500,OOD,STANCE,0.0635,-121.231,-263.522,-122.114,0.0000,0.8000,0.3909,0.0000,0.3909,0.4953,0,
39.5614,39.5600,OOD,STANCE,0.0794,-127.578,-634.731,-122.114,0.0000,0.8000,0.9794,0.0000,0.9794,1.1717,0,
39.5712,39.5700,OOD,STANCE,0.0952,-128.789,-121.105,-122.114,0.0000,0.8000,0.2150,0.0000,0.2150,0.2931,0,
39.5811,39.5800,OOD,STANCE,0.1111,-135.106,-631.639,-122.114,0.0000,0.8000,1.0124,0.0000,1.0124,1.2097,0,
39.5911,39.5900,OOD,STANCE,0.1270,-136.270,-116.426,-122.114,0.0000,0.8000,0.2454,0.0000,0.2454,0.3281,0,
39.6011,39.6000,OOD,STANCE,0.1429,-141.360,-508.957,-122.114,0.0000,0.8000,0.8597,0.0000,0.8597,1.0341,0,
39.6111,39.6100,OOD,STANCE,0.1587,-140.806,55.414,-122.114,0.0000,0.8000,0.0103,0.0000,0.0103,0.0579,0,
39.6212,39.6200,OOD,STANCE,0.1746,-146.854,-604.806,-122.114,0.0000,0.8000,1.0309,0.0000,1.0309,1.2309,0,
39.6311,39.6300,OOD,STANCE,0.1905,-145.975,87.828,-122.114,0.0000,0.8000,-0.0124,0.0000,-0.0124,0.0000,0,
39.6412,39.6400,OOD,STANCE,0.2063,-149.850,-387.506,-122.114,0.0000,0.8000,0.7199,0.0000,0.7199,0.8735,0,
39.6511,39.6500,OOD,STANCE,0.2222,-149.641,20.943,-122.114,0.0000,0.8000,0.1062,0.0000,0.1062,0.1681,0,
39.6612,39.6600,OOD,STANCE,0.2381,-151.364,-172.345,-122.114,0.0000,0.8000,0.4048,0.0000,0.4048,0.5112,0,
39.6711,39.6700,OOD,STANCE,0.2540,-152.530,-116.554,-122.114,0.0000,0.8000,0.3269,0.0000,0.3269,0.4217,0,
39.6813,39.6800,OOD,STANCE,0.2698,-152.421,10.856,-122.114,0.0000,0.8000,0.1353,0.0000,0.1353,0.2014,0,
39.6911,39.6900,OOD,STANCE,0.2857,-153.202,-78.016,-122.114,0.0000,0.8000,0.2725,0.0000,0.2725,0.3592,0,
39.7012,39.7000,OOD,STANCE,0.3016,-154.151,-94.944,-122.114,0.0000,0.8000,0.3026,0.0000,0.3026,0.3938,0,
39.7111,39.7100,OOD,STANCE,0.3175,-153.318,83.271,-122.114,0.0000,0.8000,0.0311,0.0000,0.0311,0.0817,0,
39.7212,39.7200,OOD,STANCE,0.3333,-153.180,13.796,-122.114,0.0000,0.8000,0.1346,0.0000,0.1346,0.2007,0,
39.7311,39.7300,OOD,STANCE,0.3492,-153.733,-55.278,-122.114,0.0000,0.8000,0.2410,0.0000,0.2410,0.3230,0,
39.7412,39.7400,OOD,STANCE,0.3651,-152.511,122.180,-122.114,0.0000,0.8000,-0.0313,0.0000,-0.0313,0.0000,0,
39.7512,39.7500,OOD,STANCE,0.3810,-152.607,-9.552,-122.114,0.0000,0.8000,0.1668,0.0000,0.1668,0.2377,0,
39.7611,39.7600,OOD,STANCE,0.3968,-151.352,125.462,-122.114,0.0000,0.8000,-0.0420,0.0000,-0.0420,0.0000,0,
39.7712,39.7700,OOD,STANCE,0.4127,-150.841,51.148,-122.114,0.0000,0.8000,0.0669,0.0000,0.0669,0.1229,0,
39.7811,39.7800,OOD,STANCE,0.4286,-148.671,216.965,-122.114,0.0000,0.8000,-0.1927,0.0000,-0.1927,0.0000,0,
39.7913,39.7900,OOD,STANCE,0.4444,-147.512,115.942,-122.114,0.0000,0.8000,-0.0469,0.0000,-0.0469,0.0000,0,
39.8012,39.8000,OOD,STANCE,0.4603,-147.017,49.469,-122.114,0.0000,0.8000,0.0503,0.0000,0.0503,0.1038,0,
39.8111,39.8100,OOD,STANCE,0.4762,-143.774,324.295,-122.114,0.0000,0.8000,-0.3781,0.0000,-0.3781,0.0000,0,
39.8214,39.8200,OOD,STANCE,0.4921,-142.170,160.381,-122.114,0.0000,0.8000,-0.1403,0.0000,-0.1403,0.0000,0,
39.8310,39.8300,OOD,STANCE,0.5079,-141.011,115.928,-122.114,0.0000,0.8000,-0.0794,0.0000,-0.0794,0.0000,0,
39.8411,39.8400,OOD,STANCE,0.5238,-139.437,157.410,-122.114,0.0000,0.8000,-0.1495,0.0000,-0.1495,0.0000,0,
39.8514,39.8500,OOD,STANCE,0.5397,-136.923,251.408,-122.114,0.0000,0.8000,-0.3031,0.0000,-0.3031,0.0000,0,
39.8611,39.8600,OOD,STANCE,0.5556,-134.207,271.589,-122.114,0.0000,0.8000,-0.3469,0.0000,-0.3469,0.0000,0,
39.8710,39.8700,OOD,STANCE,0.5714,-131.726,248.063,-122.114,0.0000,0.8000,-0.3240,0.0000,-0.3240,0.0000,0,
39.8811,39.8800,OOD,STANCE,0.5873,-128.356,337.018,-122.114,0.0000,0.8000,-0.4743,0.0000,-0.4743,0.0000,0,
39.8910,39.8900,OOD,STANCE,0.6032,-126.896,146.017,-122.114,0.0000,0.8000,-0.1951,0.0000,-0.1951,0.0000,0,
39.9011,39.9000,OOD,STANCE,0.6190,-123.715,318.072,-122.114,0.0000,0.8000,-0.4691,0.0000,-0.4691,0.0000,0,
39.9114,39.9100,OOD,STANCE,0.6349,-120.990,272.535,-122.114,0.0000,0.8000,-0.4144,0.0000,-0.4144,0.0000,0,
39.9210,39.9200,OOD,STANCE,0.6508,-117.800,318.946,-122.114,0.0000,0.8000,-0.5000,0.0000,-0.5000,0.0000,0,
39.9312,39.9300,OOD,STANCE,0.6667,-115.426,237.430,-122.114,0.0000,0.8000,-0.3896,0.0000,-0.3896,0.0000,0,
39.9412,39.9400,OOD,STANCE,0.6825,-112.648,277.822,-122.114,0.0000,0.8000,-0.4641,0.0000,-0.4641,0.0000,0,
39.9514,39.9500,OOD,STANCE,0.6984,-109.759,288.905,-122.114,0.0000,0.8000,-0.4951,0.0000,-0.4951,0.0000,0,
39.9612,39.9600,OOD,STANCE,0.7143,-107.176,258.292,-122.114,0.0000,0.8000,-0.4621,0.0000,-0.4621,0.0000,0,
39.9711,39.9700,OOD,STANCE,0.7302,-104.046,313.019,-122.114,0.0000,0.8000,-0.5599,0.0000,-0.5599,0.0000,0,
39.9810,39.9800,OOD,STANCE,0.7460,-101.366,267.925,-122.114,0.0000,0.8000,-0.5056,0.0000,-0.5056,0.0000,0,
39.9914,39.9900,OOD,STANCE,0.7619,-99.312,205.402,-122.114,0.0000,0.8000,-0.4221,0.0000,-0.4221,0.0000,0,
40.0011,40.0000,OOD,STANCE,0.7778,-96.067,324.565,-122.114,0.0000,0.8000,-0.6171,0.0000,-0.6171,0.0000,0,
40.0108,40.0100,OOD,STANCE,0.7937,-93.795,227.211,-122.114,0.0000,0.8000,-0.4824,0.0000,-0.4824,0.0000,0,
40.0210,40.0200,OOD,STANCE,0.8095,-91.576,221.902,-122.114,0.0000,0.8000,-0.4855,0.0000,-0.4855,0.0000,0,
40.0310,40.0300,OOD,STANCE,0.8254,-88.833,274.300,-122.114,0.0000,0.8000,-0.5779,0.0000,-0.5779,0.0000,0,
40.0409,40.0400,OOD,STANCE,0.8413,-86.505,232.761,-122.114,0.0000,0.8000,-0.5272,0.0000,-0.5272,0.0000,0,
40.0513,40.0500,OOD,STANCE,0.8571,-85.228,127.661,-122.114,0.0000,0.8000,-0.3759,0.0000,-0.3759,0.0000,0,
40.0612,40.0600,OOD,STANCE,0.8730,-83.084,214.477,-122.114,0.0000,0.8000,-0.5169,0.0000,-0.5169,0.0000,0,
40.0711,40.0700,OOD,STANCE,0.8889,-81.035,204.854,-122.114,0.0000,0.8000,-0.5127,0.0000,-0.5127,0.0000,0,
40.0812,40.0800,OOD,STANCE,0.9048,-78.679,235.642,-122.114,0.0000,0.8000,-0.5706,0.0000,-0.5706,0.0000,0,
40.0912,40.0900,OOD,STANCE,0.9206,-77.582,109.678,-122.114,0.0000,0.8000,-0.3872,0.0000,-0.3872,0.0000,0,
40.1010,40.1000,OOD,STANCE,0.9365,-76.183,139.860,-122.114,0.0000,0.8000,-0.4394,0.0000,-0.4394,0.0000,0,
40.1111,40.1100,OOD,STANCE,0.9524,-74.154,202.889,-122.114,0.0000,0.8000,-0.5441,0.0000,-0.5441,0.0000,0,
40.1211,40.1200,OOD,STANCE,0.9683,-73.876,27.814,-122.114,0.0000,0.8000,-0.2829,0.0000,-0.2829,0.0000,0,
40.1311,40.1300,OOD,STANCE,0.9841,-72.365,151.105,-122.114,0.0000,0.8000,-0.4754,0.0000,-0.4754,0.0000,0,
40.1412,40.1400,OOD,SWING,0.0000,-72.156,20.907,-122.114,0.0000,0.8000,-0.2811,0.0000,-0.2811,0.0000,0,
40.1512,40.1500,OOD,SWING,0.0175,-71.132,102.401,-126.521,0.0551,0.8000,-0.2102,0.2204,-0.4305,0.0000,0,
40.1612,40.1600,OOD,SWING,0.0351,-70.249,88.315,-130.914,0.1100,0.8000,0.0042,0.4400,-0.4358,0.0508,0,
40.1710,40.1700,OOD,SWING,0.0526,-70.267,-1.812,-135.281,0.1646,0.8000,0.3360,0.6584,-0.3224,0.4322,0,
40.1812,40.1800,OOD,SWING,0.0702,-68.007,226.029,-139.608,0.2187,0.8000,0.1777,0.8747,-0.6970,0.2502,0,
40.1912,40.1900,OOD,SWING,0.0877,-66.813,119.408,-143.882,0.2721,0.8000,0.5240,1.0884,-0.5645,0.6482,0,
40.2012,40.2000,OOD,SWING,0.1053,-63.576,323.628,-148.089,0.3247,0.8000,0.3908,1.2988,-0.9080,0.4952,0,
40.2109,40.2100,OOD,SWING,0.1228,-63.450,12.665,-152.218,0.3763,0.8000,1.0424,1.5052,-0.4628,1.2441,0,
40.2212,40.2200,OOD,SWING,0.1404,-58.475,497.451,-156.256,0.4268,0.8000,0.4720,1.7071,-1.2351,0.5885,0,
40.2309,40.2300,OOD,SWING,0.1579,-57.116,135.896,-160.189,0.4759,0.8000,1.1846,1.9038,-0.7192,1.4076,0,
40.2411,40.2400,OOD,SWING,0.1754,-54.130,298.636,-164.007,0.5237,0.8000,1.0974,2.0947,-0.9973,1.3073,0,
40.2512,40.2500,OOD,SWING,0.1930,-49.451,467.900,-167.698,0.5698,0.8000,0.9861,2.2792,-1.2931,1.1795,0,
40.2612,40.2600,OOD,SWING,0.2105,-48.318,113.339,-171.251,0.6142,0.8000,1.6722,2.4569,-0.7847,1.9680,0,
40.2712,40.2700,OOD,SWING,0.2281,-42.542,577.582,-174.654,0.6568,0.8000,1.1001,2.6270,-1.5269,1.3104,0,
40.2812,40.2800,OOD,SWING,0.2456,-42.658,-11.595,-177.897,0.6973,0.8000,2.1304,2.7892,-0.6588,2.4947,0,
40.2912,40.2900,OOD,SWING,0.2632,-35.747,691.092,-180.971,0.7357,0.8000,1.1801,2.9429,-1.7628,1.4025,0,
40.3011,40.3000,OOD,SWING,0.2807,-36.318,-57.162,-183.867,0.7719,0.8000,2.4357,3.0877,-0.6520,2.8456,0,
40.3112,40.3100,OOD,SWING,0.2982,-29.474,684.418,-186.575,0.8058,0.8000,1.4109,3.2231,-1.8121,1.6677,0,
40.3212,40.3200,OOD,SWING,0.3158,-30.053,-57.856,-189.087,0.8372,0.8000,2.6403,3.3487,-0.7084,3.0808,0,
40.3312,40.3300,OOD,SWING,0.3333,-23.871,618.194,-191.396,0.8660,0.8000,1.6992,3.4641,-1.7649,1.9991,0,
40.3412,40.3400,OOD,SWING,0.3509,-24.331,-46.013,-193.494,0.8923,0.8000,2.7922,3.5690,-0.7768,3.2554,0,
40.3512,40.3500,OOD,SWING,0.3684,-19.268,506.335,-195.375,0.9158,0.8000,2.0231,3.6631,-1.6400,2.3713,0,
40.3612,40.3600,OOD,SWING,0.3860,-17.826,144.125,-197.034,0.9365,0.8000,2.6338,3.7460,-1.1122,3.0734,0,
40.3712,40.3700,OOD,SWING,0.4035,-13.652,417.409,-198.466,0.9544,0.8000,2.2674,3.8176,-1.5502,2.6522,0,
40.3812,40.3800,OOD,SWING,0.4211,-14.254,-60.148,-199.666,0.9694,0.8000,3.0408,3.8776,-0.8368,3.5411,0,
40.3912,40.3900,OOD,SWING,0.4386,-10.140,411.332,-200.630,0.9815,0.8000,2.3564,3.9258,-1.5694,2.7544,0,
40.4010,40.4000,OOD,SWING,0.4561,-10.146,-0.560,-201.355,0.9905,0.8000,3.0069,3.9621,-0.9552,3.5022,0,
40.4111,40.4100,OOD,SWING,0.4737,-7.844,230.206,-201.840,0.9966,0.8000,2.6710,3.9863,-1.3153,3.1161,0,
40.4212,40.4200,OOD,SWING,0.4912,-7.555,28.877,-202.083,0.9996,0.8000,2.9825,3.9985,-1.0160,3.4742,0,
40.4311,40.4300,OOD,SWING,0.5088,-6.372,118.369,-202.083,0.9996,0.8000,2.8424,3.9985,-1.1561,3.3131,0,
40.4412,40.4400,OOD,SWING,0.5263,-6.086,28.587,-201.840,0.9966,0.8000,2.9647,3.9863,-1.0217,3.4537,0,
40.4512,40.4500,OOD,SWING,0.5439,-4.884,120.149,-201.355,0.9905,0.8000,2.7995,3.9621,-1.1626,3.2638,0,
40.4612,40.4600,OOD,SWING,0.5614,-6.589,-170.516,-200.630,0.9815,0.8000,3.2114,3.9258,-0.7144,3.7372,0,
40.4712,40.4700,OOD,SWING,0.5789,-5.155,143.435,-199.666,0.9694,0.8000,2.6899,3.8776,-1.1877,3.1378,0,
40.4812,40.4800,OOD,SWING,0.5965,-7.690,-253.539,-198.466,0.9544,0.8000,3.2441,3.8176,-0.5736,3.7748,0,
40.4912,40.4900,OOD,SWING,0.6140,-7.309,38.172,-197.034,0.9365,0.8000,2.7402,3.7460,-1.0059,3.1956,0,
40.5012,40.5000,OOD,SWING,0.6316,-9.415,-210.609,-195.375,0.9158,0.8000,3.0492,3.6631,-0.6139,3.5508,0,
40.5111,40.5100,OOD,SWING,0.6491,-10.174,-75.941,-193.494,0.8923,0.8000,2.7663,3.5690,-0.8027,3.2257,0,
40.5212,40.5200,OOD,SWING,0.6667,-13.725,-355.097,-191.396,0.8660,0.8000,3.1084,3.4641,-0.3557,3.6188,0,
40.5312,40.5300,OOD,SWING,0.6842,-13.999,-27.407,-189.087,0.8372,0.8000,2.5143,3.3487,-0.8343,2.9360,0,
40.5412,40.5400,OOD,SWING,0.7018,-18.159,-415.971,-186.575,0.8058,0.8000,3.0049,3.2231,-0.2181,3.4999,0,
40.5512,40.5500,OOD,SWING,0.7193,-20.087,-192.820,-183.867,0.7719,0.8000,2.5580,3.0877,-0.5297,2.9862,0,
40.5612,40.5600,OOD,SWING,0.7368,-24.030,-394.306,-180.971,0.7357,0.8000,2.7496,2.9429,-0.1932,3.2065,0,
40.5712,40.5700,OOD,SWING,0.7544,-26.810,-277.941,-177.897,0.6973,0.8000,2.4507,2.7892,-0.3385,2.8628,0,
40.5811,40.5800,OOD,SWING,0.7719,-31.102,-429.266,-174.654,0.6568,0.8000,2.5532,2.6270,-0.0739,2.9806,0,
40.5912,40.5900,OOD,SWING,0.7895,-35.198,-409.578,-171.251,0.6142,0.8000,2.3910,2.4569,-0.0659,2.7942,0,
40.6012,40.6000,OOD,SWING,0.8070,-39.216,-401.804,-167.698,0.5698,0.8000,2.2395,2.2792,-0.0397,2.6201,0,
40.6110,40.6100,OOD,SWING,0.8246,-43.650,-443.344,-164.007,0.5237,0.8000,2.1579,2.0947,0.0632,2.5263,0,
40.6215,40.6200,OOD,SWING,0.8421,-49.007,-535.788,-160.189,0.4759,0.8000,2.1516,1.9038,0.2478,2.5190,0,
40.6312,40.6300,OOD,SWING,0.8596,-53.277,-426.933,-156.256,0.4268,0.8000,1.8326,1.7071,0.1255,2.1524,0,
40.6412,40.6400,OOD,SWING,0.8772,-59.170,-589.315,-152.218,0.3763,0.8000,1.9240,1.5052,0.4187,2.2574,0,
40.6515,40.6500,OOD,SWING,0.8947,-64.316,-514.621,-148.089,0.3247,0.8000,1.6519,1.2988,0.3531,1.9447,0,
40.6612,40.6600,OOD,SWING,0.9123,-69.845,-552.882,-143.882,0.2721,0.8000,1.5476,1.0884,0.4591,1.8248,0,
40.6713,40.6700,OOD,SWING,0.9298,-75.252,-540.694,-139.608,0.2187,0.8000,1.3640,0.8747,0.4893,1.6138,0,
40.6813,40.6800,OOD,SWING,0.9474,-82.362,-710.990,-135.281,0.1646,0.8000,1.4603,0.6584,0.8019,1.7244,0,
40.6912,40.6900,OOD,SWING,0.9649,-87.375,-501.289,-130.914,0.1100,0.8000,0.9743,0.4400,0.5342,1.1658,0,
40.7012,40.7000,OOD,SWING,0.9825,-94.355,-698.046,-126.521,0.0551,0.8000,1.1066,0.2204,0.8862,1.3179,0,
40.7121,40.7100,OOD,STANCE,0.0000,-100.409,-605.435,-122.114,0.0000,0.8000,0.7996,0.0000,0.7996,0.9651,0,
40.7218,40.7200,OOD,STANCE,0.0159,-106.808,-639.828,-122.114,0.0000,0.8000,0.8832,0.0000,0.8832,1.0612,0,
40.7310,40.7300,OOD,STANCE,0.0317,-112.557,-574.899,-122.114,0.0000,0.8000,0.8146,0.0000,0.8146,0.9823,0,
40.7412,40.7400,OOD,STANCE,0.0476,-117.810,-525.315,-122.114,0.0000,0.8000,0.7665,0.0000,0.7665,0.9270,0,
40.7511,40.7500,OOD,STANCE,0.0635,-121.636,-382.596,-122.114,0.0000,0.8000,0.5715,0.0000,0.5715,0.7029,0,
40.7614,40.7600,OOD,STANCE,0.0794,-126.567,-493.099,-122.114,0.0000,0.8000,0.7619,0.0000,0.7619,0.9217,0,
40.7711,40.7700,OOD,STANCE,0.0952,-129.612,-304.539,-122.114,0.0000,0.8000,0.4943,0.0000,0.4943,0.6141,0,
40.7812,40.7800,OOD,STANCE,0.1111,-134.707,-509.454,-122.114,0.0000,0.8000,0.8271,0.0000,0.8271,0.9967,0,
40.7914,40.7900,OOD,STANCE,0.1270,-136.153,-144.594,-122.114,0.0000,0.8000,0.2871,0.0000,0.2871,0.3760,0,
40.8012,40.8000,OOD,STANCE,0.1429,-141.086,-493.314,-122.114,0.0000,0.8000,0.8348,0.0000,0.8348,1.0056,0,
40.8111,40.8100,OOD,STANCE,0.1587,-142.041,-95.502,-122.114,0.0000,0.8000,0.2429,0.0000,0.2429,0.3252,0,
40.8211,40.8200,OOD,STANCE,0.1746,-145.182,-314.107,-122.114,0.0000,0.8000,0.5865,0.0000,0.5865,0.7201,0,
40.8312,40.8300,OOD,STANCE,0.1905,-146.733,-155.061,-122.114,0.0000,0.8000,0.3557,0.0000,0.3557,0.4548,0,
40.8412,40.8400,OOD,STANCE,0.2063,-148.439,-170.694,-122.114,0.0000,0.8000,0.3877,0.0000,0.3877,0.4916,0,
40.8513,40.8500,OOD,STANCE,0.2222,-149.996,-155.606,-122.114,0.0000,0.8000,0.3728,0.0000,0.3728,0.4745,0,
40.8612,40.8600,OOD,STANCE,0.2381,-151.566,-157.040,-122.114,0.0000,0.8000,0.3828,0.0000,0.3828,0.4860,0,
40.8711,40.8700,OOD,STANCE,0.2540,-152.223,-65.738,-122.114,0.0000,0.8000,0.2492,0.0000,0.2492,0.3324,0,
40.8812,40.8800,OOD,STANCE,0.2698,-153.164,-94.062,-122.114,0.0000,0.8000,0.2963,0.0000,0.2963,0.3866,0,
40.8910,40.8900,OOD,STANCE,0.2857,-153.306,-14.202,-122.114,0.0000,0.8000,0.1773,0.0000,0.1773,0.2497,0,
40.9013,40.9000,OOD,STANCE,0.3016,-153.262,4.372,-122.114,0.0000,0.8000,0.1492,0.0000,0.1492,0.2175,0,
40.9112,40.9100,OOD,STANCE,0.3175,-154.006,-74.349,-122.114,0.0000,0.8000,0.2710,0.0000,0.2710,0.3575,0,
40.9210,40.9200,OOD,STANCE,0.3333,-152.688,131.816,-122.114,0.0000,0.8000,-0.0449,0.0000,-0.0449,0.0000,0,
40.9308,40.9300,OOD,STANCE,0.3492,-153.745,-105.705,-122.114,0.0000,0.8000,0.3167,0.0000,0.3167,0.4100,0,
40.9411,40.9400,OOD,STANCE,0.3651,-152.368,137.646,-122.114,0.0000,0.8000,-0.0552,0.0000,-0.0552,0.0000,0,
40.9511,40.9500,OOD,STANCE,0.3810,-152.726,-35.809,-122.114,0.0000,0.8000,0.2068,0.0000,0.2068,0.2837,0,
40.9614,40.9600,OOD,STANCE,0.3968,-151.535,119.108,-122.114,0.0000,0.8000,-0.0316,0.0000,-0.0316,0.0000,0,
40.9711,40.9700,OOD,STANCE,0.4127,-149.822,171.327,-122.114,0.0000,0.8000,-0.1184,0.0000,-0.1184,0.0000,0,
40.9811,40.9800,OOD,STANCE,0.4286,-148.909,91.273,-122.114,0.0000,0.8000,-0.0029,0.0000,-0.0029,0.0000,0,
40.9914,40.9900,OOD,STANCE,0.4444,-148.403,50.657,-122.114,0.0000,0.8000,0.0555,0.0000,0.0555,0.1097,0,
41.0010,41.0000,OOD,STANCE,0.4603,-145.707,269.547,-122.114,0.0000,0.8000,-0.2864,0.0000,-0.2864,0.0000,0,
41.0111,41.0100,OOD,STANCE,0.4762,-144.870,83.702,-122.114,0.0000,0.8000,-0.0118,0.0000,-0.0118,0.0000,0,
41.0213,41.0200,OOD,STANCE,0.4921,-143.075,179.505,-122.114,0.0000,0.8000,-0.1644,0.0000,-0.1644,0.0000,0,
41.0311,41.0300,OOD,STANCE,0.5079,-140.640,243.549,-122.114,0.0000,0.8000,-0.2727,0.0000,-0.2727,0.0000,0,
41.0413,41.0400,OOD,STANCE,0.5238,-138.954,168.582,-122.114,0.0000,0.8000,-0.1687,0.0000,-0.1687,0.0000,0,
41.0511,41.0500,OOD,STANCE,0.5397,-136.858,209.571,-122.114,0.0000,0.8000,-0.2406,0.0000,-0.2406,0.0000,0,
41.0611,41.0600,OOD,STANCE,0.5556,-134.412,244.555,-122.114,0.0000,0.8000,-0.3053,0.0000,-0.3053,0.0000,0,
41.0713,41.0700,OOD,STANCE,0.5714,-132.443,196.915,-122.114,0.0000,0.8000,-0.2437,0.0000,-0.2437,0.0000,0,
41.0812,41.0800,OOD,STANCE,0.5873,-129.186,325.709,-122.114,0.0000,0.8000,-0.4532,0.0000,-0.4532,0.0000,0,
41.0910,41.0900,OOD,STANCE,0.6032,-126.491,269.514,-122.114,0.0000,0.8000,-0.3824,0.0000,-0.3824,0.0000,0,
41.1010,41.1000,OOD,STANCE,0.6190,-123.269,322.244,-122.114,0.0000,0.8000,-0.4776,0.0000,-0.4776,0.0000,0,
41.1111,41.1100,OOD,STANCE,0.6349,-120.732,253.693,-122.114,0.0000,0.8000,-0.3874,0.0000,-0.3874,0.0000,0,
41.1210,41.1200,OOD,STANCE,0.6508,-118.495,223.664,-122.114,0.0000,0.8000,-0.3536,0.0000,-0.3536,0.0000,0,
41.1311,41.1300,OOD,STANCE,0.6667,-115.070,342.540,-122.114,0.0000,0.8000,-0.5490,0.0000,-0.5490,0.0000,0,
41.1411,41.1400,OOD,STANCE,0.6825,-112.471,259.856,-122.114,0.0000,0.8000,-0.4380,0.0000,-0.4380,0.0000,0,
41.1511,41.1500,OOD,STANCE,0.6984,-109.171,329.987,-122.114,0.0000,0.8000,-0.5597,0.0000,-0.5597,0.0000,0,
41.1611,41.1600,OOD,STANCE,0.7143,-106.670,250.085,-122.114,0.0000,0.8000,-0.4523,0.0000,-0.4523,0.0000,0,
41.1710,41.1700,OOD,STANCE,0.7302,-104.343,232.695,-122.114,0.0000,0.8000,-0.4379,0.0000,-0.4379,0.0000,0,
41.1811,41.1800,OOD,STANCE,0.7460,-101.201,314.216,-122.114,0.0000,0.8000,-0.5759,0.0000,-0.5759,0.0000,0,
41.1911,41.1900,OOD,STANCE,0.7619,-99.142,205.969,-122.114,0.0000,0.8000,-0.4238,0.0000,-0.4238,0.0000,0,
41.2012,41.2000,OOD,STANCE,0.7778,-96.816,232.551,-122.114,0.0000,0.8000,-0.4753,0.0000,-0.4753,0.0000,0,
41.2111,41.2100,OOD,STANCE,0.7937,-93.851,296.479,-122.114,0.0000,0.8000,-0.5860,0.0000,-0.5860,0.0000,0,
41.2213,41.2200,OOD,STANCE,0.8095,-91.326,252.580,-122.114,0.0000,0.8000,-0.5328,0.0000,-0.5328,0.0000,0,
41.2310,41.2300,OOD,STANCE,0.8254,-88.823,250.271,-122.114,0.0000,0.8000,-0.5419,0.0000,-0.5419,0.0000,0,
41.2409,41.2400,OOD,STANCE,0.8413,-87.046,177.691,-122.114,0.0000,0.8000,-0.4419,0.0000,-0.4419,0.0000,0,
41.2511,41.2500,OOD,STANCE,0.8571,-84.912,213.377,-122.114,0.0000,0.8000,-0.5061,0.0000,-0.5061,0.0000,0,
41.2612,41.2600,OOD,STANCE,0.8730,-82.661,225.098,-122.114,0.0000,0.8000,-0.5349,0.0000,-0.5349,0.0000,0,
41.2711,41.2700,OOD,STANCE,0.8889,-81.117,154.385,-122.114,0.0000,0.8000,-0.4366,0.0000,-0.4366,0.0000,0,
41.2811,41.2800,OOD,STANCE,0.9048,-78.709,240.879,-122.114,0.0000,0.8000,-0.5783,0.0000,-0.5783,0.0000,0,
41.2911,41.2900,OOD,STANCE,0.9206,-78.344,36.437,-122.114,0.0000,0.8000,-0.2735,0.0000,-0.2735,0.0000,0,
41.3011,41.3000,OOD,STANCE,0.9365,-76.791,155.281,-122.114,0.0000,0.8000,-0.4595,0.0000,-0.4595,0.0000,0,
41.3111,41.3100,OOD,STANCE,0.9524,-75.073,171.857,-122.114,0.0000,0.8000,-0.4930,0.0000,-0.4930,0.0000,0,
41.3212,41.3200,OOD,STANCE,0.9683,-73.344,172.921,-122.114,0.0000,0.8000,-0.5032,0.0000,-0.5032,0.0000,0,
41.3311,41.3300,OOD,STANCE,0.9841,-72.798,54.530,-122.114,0.0000,0.8000,-0.3284,0.0000,-0.3284,0.0000,0,
41.3412,41.3400,OOD,SWING,0.0000,-72.432,36.643,-122.114,0.0000,0.8000,-0.3034,0.0000,-0.3034,0.0000,0,
41.3512,41.3500,OOD,SWING,0.0175,-70.864,156.768,-126.521,0.0551,0.8000,-0.2931,0.2204,-0.5134,0.0000,0,
41.3612,41.3600,OOD,SWING,0.0351,-71.068,-20.398,-130.914,0.1100,0.8000,0.1714,0.4400,-0.2686,0.2430,0,
41.3712,41.3700,OOD,SWING,0.0526,-68.567,250.094,-135.281,0.1646,0.8000,-0.0503,0.6584,-0.7087,0.0000,0,
41.3812,41.3800,OOD,SWING,0.0702,-68.619,-5.160,-139.608,0.2187,0.8000,0.5275,0.8747,-0.3472,0.6523,0,
41.3912,41.3900,OOD,SWING,0.0877,-65.360,325.906,-143.882,0.2721,0.8000,0.2069,1.0884,-0.8815,0.2838,0,
41.4012,41.4000,OOD,SWING,0.1053,-64.683,67.683,-148.089,0.3247,0.8000,0.7802,1.2988,-0.5186,0.9428,0,
41.4112,41.4100,OOD,SWING,0.1228,-61.137,354.586,-152.218,0.3763,0.8000,0.5180,1.5052,-0.9873,0.6413,0,
41.4212,41.4200,OOD,SWING,0.1404,-59.713,142.386,-156.256,0.4268,0.8000,1.0108,1.7071,-0.6963,1.2078,0,
41.4312,41.4300,OOD,SWING,0.1579,-56.281,343.253,-160.189,0.4759,0.8000,0.8694,1.9038,-1.0344,1.0452,0,
41.4412,41.4400,OOD,SWING,0.1754,-53.798,248.221,-164.007,0.5237,0.8000,1.1713,2.0947,-0.9234,1.3923,0,
41.4512,41.4500,OOD,SWING,0.1930,-50.249,354.927,-167.698,0.5698,0.8000,1.1596,2.2792,-1.1196,1.3788,0,
41.4612,41.4600,OOD,SWING,0.2105,-47.409,284.050,-171.251,0.6142,0.8000,1.4116,2.4569,-1.0453,1.6685,0,
41.4712,41.4700,OOD,SWING,0.2281,-44.176,323.220,-174.654,0.6568,0.8000,1.4898,2.6270,-1.1372,1.7584,0,
41.4812,41.4800,OOD,SWING,0.2456,-41.011,316.596,-177.897,0.6973,0.8000,1.6299,2.7892,-1.1593,1.9194,0,
41.4912,41.4900,OOD,SWING,0.2632,-36.837,417.355,-180.971,0.7357,0.8000,1.5962,2.9429,-1.3467,1.8807,0,
41.5012,41.5000,OOD,SWING,0.2807,-35.450,138.719,-183.867,0.7719,0.8000,2.1375,3.0877,-0.9502,2.5029,0,
41.5112,41.5100,OOD,SWING,0.2982,-29.817,563.275,-186.575,0.8058,0.8000,1.5944,3.2231,-1.6287,1.8786,0,
41.5212,41.5200,OOD,SWING,0.3158,-28.535,128.241,-189.087,0.8372,0.8000,2.3535,3.3487,-0.9951,2.7512,0,
41.5312,41.5300,OOD,SWING,0.3333,-25.213,332.200,-191.396,0.8660,0.8000,2.1349,3.4641,-1.3292,2.4999,0,
41.5412,41.5400,OOD,SWING,0.3509,-21.783,342.912,-193.494,0.8923,0.8000,2.1961,3.5690,-1.3729,2.5702,0,
41.5512,41.5500,OOD,SWING,0.3684,-20.249,153.471,-195.375,0.9158,0.8000,2.5573,3.6631,-1.1058,2.9853,0,
41.5612,41.5600,OOD,SWING,0.3860,-16.158,409.098,-197.034,0.9365,0.8000,2.2280,3.7460,-1.5180,2.6069,0,
41.5712,41.5700,OOD,SWING,0.4035,-16.079,7.856,-198.466,0.9544,0.8000,2.8939,3.8176,-0.9237,3.3723,0,
41.5812,41.5800,OOD,SWING,0.4211,-11.343,473.593,-199.666,0.9694,0.8000,2.2256,3.8776,-1.6520,2.6041,0,
41.5912,41.5900,OOD,SWING,0.4386,-12.617,-127.350,-200.630,0.9815,0.8000,3.1768,3.9258,-0.7490,3.6974,0,
41.6012,41.6000,OOD,SWING,0.4561,-8.547,406.936,-201.355,0.9905,0.8000,2.3876,3.9621,-1.5744,2.7904,0,
41.6112,41.6100,OOD,SWING,0.4737,-8.168,37.928,-201.840,0.9966,0.8000,2.9611,3.9863,-1.0253,3.4495,0,
41.6212,41.6200,OOD,SWING,0.4912,-7.263,90.501,-202.083,0.9996,0.8000,2.8886,3.9985,-1.1099,3.3662,0,
41.6312,41.6300,OOD,SWING,0.5088,-6.512,75.110,-202.083,0.9996,0.8000,2.9080,3.9985,-1.0905,3.3885,0,
41.6412,41.6400,OOD,SWING,0.5263,-5.467,104.528,-201.840,0.9966,0.8000,2.8477,3.9863,-1.1387,3.3192,0,
41.6512,41.6500,OOD,SWING,0.5439,-5.867,-40.009,-201.355,0.9905,0.8000,3.0447,3.9621,-0.9174,3.5456,0,
41.6612,41.6600,OOD,SWING,0.5614,-4.824,104.303,-200.630,0.9815,0.8000,2.7903,3.9258,-1.1355,3.2532,0,
41.6711,41.6700,OOD,SWING,0.5789,-7.020,-219.587,-199.666,0.9694,0.8000,3.2438,3.8776,-0.6338,3.7744,0,
41.6812,41.6800,OOD,SWING,0.5965,-5.994,102.613,-198.466,0.9544,0.8000,2.7013,3.8176,-1.1163,3.1510,0,
41.6912,41.6900,OOD,SWING,0.6140,-8.056,-206.203,-197.034,0.9365,0.8000,3.1105,3.7460,-0.6356,3.6212,0,
41.7012,41.7000,OOD,SWING,0.6316,-9.071,-101.583,-195.375,0.9158,0.8000,2.8839,3.6631,-0.7791,3.3609,0,
41.7112,41.7100,OOD,SWING,0.6491,-10.317,-124.584,-193.494,0.8923,0.8000,2.8400,3.5690,-0.7290,3.3104,0,
41.7212,41.7200,OOD,SWING,0.6667,-12.608,-229.043,-191.396,0.8660,0.8000,2.9137,3.4641,-0.5504,3.3951,0,
41.7312,41.7300,OOD,SWING,0.6842,-14.221,-161.326,-189.087,0.8372,0.8000,2.7163,3.3487,-0.6323,3.1682,0,
41.7412,41.7400,OOD,SWING,0.7018,-17.315,-309.448,-186.575,0.8058,0.8000,2.8409,3.2231,-0.3821,3.3114,0,
41.7512,41.7500,OOD,SWING,0.7193,-20.860,-354.406,-183.867,0.7719,0.8000,2.8042,3.0877,-0.2834,3.2692,0,
41.7612,41.7600,OOD,SWING,0.7368,-23.489,-262.929,-180.971,0.7357,0.8000,2.5499,2.9429,-0.3930,2.9769,0,
41.7712,41.7700,OOD,SWING,0.7544,-27.554,-406.514,-177.897,0.6973,0.8000,2.6472,2.7892,-0.1419,3.0888,0,
41.7812,41.7800,OOD,SWING,0.7719,-30.461,-290.717,-174.654,0.6568,0.8000,2.3421,2.6270,-0.2849,2.7381,0,
41.7912,41.7900,OOD,SWING,0.7895,-35.294,-483.255,-171.251,0.6142,0.8000,2.5019,2.4569,0.0451,2.9218,0,
41.8012,41.8000,OOD,SWING,0.8070,-38.935,-364.127,-167.698,0.5698,0.8000,2.1816,2.2792,-0.0976,2.5536,0,
41.8112,41.8100,OOD,SWING,0.8246,-44.445,-550.980,-164.007,0.5237,0.8000,2.3233,2.0947,0.2287,2.7165,0,
41.8212,41.8200,OOD,SWING,0.8421,-47.440,-299.566,-160.189,0.4759,0.8000,1.7894,1.9038,-0.1144,2.1028,0,
41.8312,41.8300,OOD,SWING,0.8596,-55.136,-769.528,-156.256,0.4268,0.8000,2.3558,1.7071,0.6487,2.7538,0,
41.8410,41.8400,OOD,SWING,0.8772,-57.677,-254.151,-152.218,0.3763,0.8000,1.4138,1.5052,-0.0915,1.6710,0,
41.8512,41.8500,OOD,SWING,0.8947,-64.959,-728.191,-148.089,0.3247,0.8000,1.9754,1.2988,0.6766,2.3166,0,
41.8611,41.8600,OOD,SWING,0.9123,-69.024,-406.523,-143.882,0.2721,0.8000,1.3239,1.0884,0.2355,1.5677,0,
41.8711,41.8700,OOD,SWING,0.9298,-76.516,-749.191,-139.608,0.2187,0.8000,1.6831,0.8747,0.8083,1.9805,0,
41.8812,41.8800,OOD,SWING,0.9474,-80.521,-400.495,-135.281,0.1646,0.8000,0.9853,0.6584,0.3269,1.1785,0,
41.8912,41.8900,OOD,SWING,0.9649,-88.818,-829.680,-130.914,0.1100,0.8000,1.4741,0.4400,1.0340,1.7403,0,
41.9012,41.9000,OOD,SWING,0.9825,-92.172,-335.448,-126.521,0.0551,0.8000,0.5518,0.2204,0.3314,0.6802,0,
41.9120,41.9100,OOD,STANCE,0.0000,-101.335,-916.218,-122.114,0.0000,0.8000,1.2704,0.0000,1.2704,1.5062,0,
41.9206,41.9200,OOD,STANCE,0.0159,-105.936,-460.107,-122.114,0.0000,0.8000,0.6093,0.0000,0.6093,0.7463,0,
41.9311,41.9300,OOD,STANCE,0.0317,-112.279,-634.297,-122.114,0.0000,0.8000,0.9023,0.0000,0.9023,1.0831,0,
41.9412,41.9400,OOD,STANCE,0.0476,-117.258,-497.948,-122.114,0.0000,0.8000,0.7226,0.0000,0.7226,0.8766,0,
41.9511,41.9500,OOD,STANCE,0.0635,-121.947,-468.897,-122.114,0.0000,0.8000,0.7025,0.0000,0.7025,0.8535,0,
41.9611,41.9600,OOD,STANCE,0.0794,-125.997,-404.994,-122.114,0.0000,0.8000,0.6269,0.0000,0.6269,0.7666,0,
41.9712,41.9700,OOD,STANCE,0.0952,-131.000,-500.287,-122.114,0.0000,0.8000,0.7949,0.0000,0.7949,0.9596,0,
41.9812,41.9800,OOD,STANCE,0.1111,-132.777,-177.670,-122.114,0.0000,0.8000,0.3198,0.0000,0.3198,0.4136,0,
41.9911,41.9900,OOD,STANCE,0.1270,-138.232,-545.537,-122.114,0.0000,0.8000,0.8989,0.0000,0.8989,1.0792,0,
42.0012,42.0000,OOD,STANCE,0.1429,-138.629,-39.656,-122.114,0.0000,0.8000,0.1421,0.0000,0.1421,0.2093,0,
42.0111,42.0100,OOD,STANCE,0.1587,-143.634,-500.571,-122.114,0.0000,0.8000,0.8585,0.0000,0.8585,1.0327,0,
42.0211,42.0200,OOD,STANCE,0.1746,-144.157,-52.241,-122.114,0.0000,0.8000,0.1886,0.0000,0.1886,0.2627,0,
42.0309,42.0300,OOD,STANCE,0.1905,-147.998,-384.158,-122.114,0.0000,0.8000,0.7057,0.0000,0.7057,0.8571,0,
42.0409,42.0400,OOD,STANCE,0.2063,-148.028,-2.958,-122.114,0.0000,0.8000,0.1340,0.0000,0.1340,0.2000,0,
42.0505,42.0500,OOD,STANCE,0.2222,-150.336,-230.835,-122.114,0.0000,0.8000,0.4874,0.0000,0.4874,0.6062,0,
42.0611,42.0600,OOD,STANCE,0.2381,-151.294,-95.779,-122.114,0.0000,0.8000,0.2896,0.0000,0.2896,0.3788,0,
42.0714,42.0700,OOD,STANCE,0.2540,-152.205,-91.124,-122.114,0.0000,0.8000,0.2871,0.0000,0.2871,0.3760,0,
42.0813,42.0800,OOD,STANCE,0.2698,-152.841,-63.575,-122.114,0.0000,0.8000,0.2490,0.0000,0.2490,0.3322,0,
42.0911,42.0900,OOD,STANCE,0.2857,-153.548,-70.719,-122.114,0.0000,0.8000,0.2633,0.0000,0.2633,0.3486,0,
42.1010,42.1000,OOD,STANCE,0.3016,-153.560,-1.155,-122.114,0.0000,0.8000,0.1590,0.0000,0.1590,0.2287,0,
42.1111,42.1100,OOD,STANCE,0.3175,-153.449,11.032,-122.114,0.0000,0.8000,0.1401,0.0000,0.1401,0.2070,0,
42.1211,42.1200,OOD,STANCE,0.3333,-153.279,17.032,-122.114,0.0000,0.8000,0.1303,0.0000,0.1303,0.1957,0,
42.1311,42.1300,OOD,STANCE,0.3492,-153.271,0.806,-122.114,0.0000,0.8000,0.1546,0.0000,0.1546,0.2237,0,
42.1411,42.1400,OOD,STANCE,0.3651,-152.469,80.189,-122.114,0.0000,0.8000,0.0315,0.0000,0.0315,0.0822,0,
42.1511,42.1500,OOD,STANCE,0.3810,-152.163,30.574,-122.114,0.0000,0.8000,0.1044,0.0000,0.1044,0.1660,0,
42.1611,42.1600,OOD,STANCE,0.3968,-151.472,69.133,-122.114,0.0000,0.8000,0.0431,0.0000,0.0431,0.0955,0,
42.1711,42.1700,OOD,STANCE,0.4127,-150.216,125.624,-122.114,0.0000,0.8000,-0.0479,0.0000,-0.0479,0.0000,0,
42.1811,42.1800,OOD,STANCE,0.4286,-150.137,7.854,-122.114,0.0000,0.8000,0.1283,0.0000,0.1283,0.1935,0,
42.1911,42.1900,OOD,STANCE,0.4444,-147.394,274.333,-122.114,0.0000,0.8000,-0.2851,0.0000,-0.2851,0.0000,0,
42.2012,42.2000,OOD,STANCE,0.4603,-146.314,107.964,-122.114,0.0000,0.8000,-0.0409,0.0000,-0.0409,0.0000,0,
42.2111,42.2100,OOD,STANCE,0.4762,-144.117,219.746,-122.114,0.0000,0.8000,-0.2196,0.0000,-0.2196,0.0000,0,
42.2211,42.2200,OOD,STANCE,0.4921,-143.604,51.329,-122.114,0.0000,0.8000,0.0305,0.0000,0.0305,0.0810,0,
42.2311,42.2300,OOD,STANCE,0.5079,-140.962,264.144,-122.114,0.0000,0.8000,-0.3020,0.0000,-0.3020,0.0000,0,
42.2411,42.2400,OOD,STANCE,0.5238,-137.551,341.075,-122.114,0.0000,0.8000,-0.4344,0.0000,-0.4344,0.0000,0,
42.2511,42.2500,OOD,STANCE,0.5397,-135.945,160.643,-122.114,0.0000,0.8000,-0.1718,0.0000,-0.1718,0.0000,0,
42.2612,42.2600,OOD,STANCE,0.5556,-133.330,261.505,-122.114,0.0000,0.8000,-0.3362,0.0000,-0.3362,0.0000,0,
42.2710,42.2700,OOD,STANCE,0.5714,-131.731,159.913,-122.114,0.0000,0.8000,-0.1918,0.0000,-0.1918,0.0000,0,
42.2813,42.2800,OOD,STANCE,0.5873,-129.436,229.486,-122.114,0.0000,0.8000,-0.3076,0.0000,-0.3076,0.0000,0,
42.2912,42.2900,OOD,STANCE,0.6032,-126.025,341.106,-122.114,0.0000,0.8000,-0.4921,0.0000,-0.4921,0.0000,0,
42.3011,42.3000,OOD,STANCE,0.6190,-123.458,256.686,-122.114,0.0000,0.8000,-0.3783,0.0000,-0.3783,0.0000,0,
42.3112,42.3100,OOD,STANCE,0.6349,-120.565,289.297,-122.114,0.0000,0.8000,-0.4417,0.0000,-0.4417,0.0000,0,
42.3209,42.3200,OOD,STANCE,0.6508,-117.396,316.919,-122.114,0.0000,0.8000,-0.4990,0.0000,-0.4990,0.0000,0,
42.3310,42.3300,OOD,STANCE,0.6667,-114.890,250.625,-122.114,0.0000,0.8000,-0.4121,0.0000,-0.4121,0.0000,0,
42.3411,42.3400,OOD,STANCE,0.6825,-113.065,182.420,-122.114,0.0000,0.8000,-0.3189,0.0000,-0.3189,0.0000,0,
42.3511,42.3500,OOD,STANCE,0.6984,-109.876,318.889,-122.114,0.0000,0.8000,-0.5395,0.0000,-0.5395,0.0000,0,
42.3610,42.3600,OOD,STANCE,0.7143,-107.804,207.259,-122.114,0.0000,0.8000,-0.3824,0.0000,-0.3824,0.0000,0,
42.3710,42.3700,OOD,STANCE,0.7302,-103.986,381.827,-122.114,0.0000,0.8000,-0.6634,0.0000,-0.6634,0.0000,0,
42.3812,42.3800,OOD,STANCE,0.7460,-101.719,226.684,-122.114,0.0000,0.8000,-0.4420,0.0000,-0.4420,0.0000,0,
42.3913,42.3900,OOD,STANCE,0.7619,-99.425,229.407,-122.114,0.0000,0.8000,-0.4576,0.0000,-0.4576,0.0000,0,
42.4012,42.4000,OOD,STANCE,0.7778,-96.222,320.313,-122.114,0.0000,0.8000,-0.6099,0.0000,-0.6099,0.0000,0,
42.4111,42.4100,OOD,STANCE,0.7937,-94.331,189.044,-122.114,0.0000,0.8000,-0.4225,0.0000,-0.4225,0.0000,0,
42.4212,42.4200,OOD,STANCE,0.8095,-91.093,323.842,-122.114,0.0000,0.8000,-0.6409,0.0000,-0.6409,0.0000,0,
42.4311,42.4300,OOD,STANCE,0.8254,-88.908,218.464,-122.114,0.0000,0.8000,-0.4937,0.0000,-0.4937,0.0000,0,
42.4410,42.4400,OOD,STANCE,0.8413,-86.100,280.836,-122.114,0.0000,0.8000,-0.6013,0.0000,-0.6013,0.0000,0,
42.4511,42.4500,OOD,STANCE,0.8571,-85.201,89.918,-122.114,0.0000,0.8000,-0.3194,0.0000,-0.3194,0.0000,0,
42.4612,42.4600,OOD,STANCE,0.8730,-82.538,266.282,-122.114,0.0000,0.8000,-0.5973,0.0000,-0.5973,0.0000,0,
42.4711,42.4700,OOD,STANCE,0.8889,-81.241,129.698,-122.114,0.0000,0.8000,-0.3989,0.0000,-0.3989,0.0000,0,
42.4812,42.4800,OOD,STANCE,0.9048,-79.810,143.122,-122.114,0.0000,0.8000,-0.4262,0.0000,-0.4262,0.0000,0,
42.4912,42.4900,OOD,STANCE,0.9206,-76.985,282.480,-122.114,0.0000,0.8000,-0.6494,0.0000,-0.6494,0.0000,0,
42.5012,42.5000,OOD,STANCE,0.9365,-76.690,29.453,-122.114,0.0000,0.8000,-0.2713,0.0000,-0.2713,0.0000,0,
42.5112,42.5100,OOD,STANCE,0.9524,-74.285,240.496,-122.114,0.0000,0.8000,-0.5999,0.0000,-0.5999,0.0000,0,
42.5212,42.5200,OOD,STANCE,0.9683,-73.914,37.127,-122.114,0.0000,0.8000,-0.2967,0.0000,-0.2967,0.0000,0,
42.5312,42.5300,OOD,SWING,0.0000,-72.458,145.546,-122.114,0.0000,0.8000,-0.4666,0.0000,-0.4666,0.0000,0,
42.5412,42.5400,OOD,SWING,0.0175,-72.049,40.943,-126.521,0.0551,0.8000,-0.1134,0.2204,-0.3338,0.0000,0,
42.5512,42.5500,OOD,SWING,0.0351,-71.474,57.531,-130.914,0.1100,0.8000,0.0565,0.4400,-0.3835,0.1110,0,
42.5611,42.5600,OOD,SWING,0.0526,-70.448,102.587,-135.281,0.1646,0.8000,0.1803,0.6584,-0.4780,0.2533,0,
42.5712,42.5700,OOD,SWING,0.0702,-68.731,171.704,-139.608,0.2187,0.8000,0.2628,0.8747,-0.6119,0.3480,0,
42.5813,42.5800,OOD,SWING,0.0877,-66.791,194.022,-143.882,0.2721,0.8000,0.4119,1.0884,-0.6765,0.5195,0,
42.5912,42.5900,OOD,SWING,0.1053,-64.180,261.066,-148.089,0.3247,0.8000,0.4877,1.2988,-0.8111,0.6065,0,
42.6012,42.6000,OOD,SWING,0.1228,-62.908,127.233,-152.218,0.3763,0.8000,0.8678,1.5052,-0.6374,1.0435,0,
42.6112,42.6100,OOD,SWING,0.1404,-58.801,410.658,-156.256,0.4268,0.8000,0.6038,1.7071,-1.1033,0.7401,0,
42.6212,42.6200,OOD,SWING,0.1579,-57.205,159.599,-160.189,0.4759,0.8000,1.1495,1.9038,-0.7543,1.3672,0,
42.6312,42.6300,OOD,SWING,0.1754,-52.880,432.472,-164.007,0.5237,0.8000,0.8903,2.0947,-1.2043,1.0694,0,
42.6412,42.6400,OOD,SWING,0.1930,-51.133,174.771,-167.698,0.5698,0.8000,1.4342,2.2792,-0.8450,1.6945,0,
42.6512,42.6500,OOD,SWING,0.2105,-46.709,442.411,-171.251,0.6142,0.8000,1.1705,2.4569,-1.2863,1.3914,0,
42.6612,42.6600,OOD,SWING,0.2281,-43.999,270.912,-174.654,0.6568,0.8000,1.5674,2.6270,-1.0596,1.8475,0,
42.6712,42.6700,OOD,SWING,0.2456,-39.889,411.080,-177.897,0.6973,0.8000,1.4825,2.7892,-1.3067,1.7500,0,
42.6812,42.6800,OOD,SWING,0.2632,-36.190,369.869,-180.971,0.7357,0.8000,1.6642,2.9429,-1.2787,1.9588,0,
42.6912,42.6900,OOD,SWING,0.2807,-33.473,271.707,-183.867,0.7719,0.8000,1.9281,3.0877,-1.1595,2.2622,0,
42.7012,42.7000,OOD,SWING,0.2982,-30.409,306.392,-186.575,0.8058,0.8000,1.9826,3.2231,-1.2404,2.3249,0,
42.7112,42.7100,OOD,SWING,0.3158,-27.425,298.352,-189.087,0.8372,0.8000,2.0928,3.3487,-1.2558,2.4515,0,
42.7212,42.7200,OOD,SWING,0.3333,-24.391,303.437,-191.396,0.8660,0.8000,2.1739,3.4641,-1.2902,2.5447,0,
42.7311,42.7300,OOD,SWING,0.3509,-20.420,397.098,-193.494,0.8923,0.8000,2.1080,3.5690,-1.4610,2.4690,0,
42.7413,42.7400,OOD,SWING,0.3684,-18.466,195.406,-195.375,0.9158,0.8000,2.4854,3.6631,-1.1777,2.9028,0,
42.7512,42.7500,OOD,SWING,0.3860,-14.816,365.035,-197.034,0.9365,0.8000,2.2874,3.7460,-1.4586,2.6752,0,
42.7612,42.7600,OOD,SWING,0.4035,-14.286,52.985,-198.466,0.9544,0.8000,2.8172,3.8176,-1.0004,3.2842,0,
42.7712,42.7700,OOD,SWING,0.4211,-10.253,403.249,-199.666,0.9694,0.8000,2.3257,3.8776,-1.5519,2.7192,0,
42.7813,42.7800,OOD,SWING,0.4386,-10.263,-0.956,-200.630,0.9815,0.8000,2.9754,3.9258,-0.9504,3.4660,0,
42.7911,42.7900,OOD,SWING,0.4561,-6.189,407.342,-201.355,0.9905,0.8000,2.3752,3.9621,-1.5868,2.7761,0,
42.8013,42.8000,OOD,SWING,0.4737,-7.056,-86.689,-201.840,0.9966,0.8000,3.1425,3.9863,-0.8439,3.6580,0,
42.8112,42.8100,OOD,SWING,0.4912,-4.582,247.463,-202.083,0.9996,0.8000,2.6398,3.9985,-1.3587,3.0802,0,
42.8212,42.8200,OOD,SWING,0.5088,-4.535,4.680,-202.083,0.9996,0.8000,3.0037,3.9985,-0.9948,3.4985,0,
42.8313,42.8300,OOD,SWING,0.5263,-3.728,80.709,-201.840,0.9966,0.8000,2.8747,3.9863,-1.1116,3.3502,0,
42.8412,42.8400,OOD,SWING,0.5439,-3.255,47.315,-201.355,0.9905,0.8000,2.9006,3.9621,-1.0615,3.3800,0,
42.8512,42.8500,OOD,SWING,0.5614,-4.096,-84.167,-200.630,0.9815,0.8000,3.0694,3.9258,-0.8564,3.5740,0,
42.8613,42.8600,OOD,SWING,0.5789,-3.137,95.958,-199.666,0.9694,0.8000,2.7510,3.8776,-1.1266,3.2081,0,
42.8712,42.8700,OOD,SWING,0.5965,-4.569,-143.220,-198.466,0.9544,0.8000,3.0630,3.8176,-0.7547,3.5666,0,
42.8811,42.8800,OOD,SWING,0.6140,-4.854,-28.497,-197.034,0.9365,0.8000,2.8279,3.7460,-0.9182,3.2964,0,
42.8912,42.8900,OOD,SWING,0.6316,-7.778,-292.449,-195.375,0.9158,0.8000,3.1638,3.6631,-0.4993,3.6825,0,
42.9012,42.9000,OOD,SWING,0.6491,-7.514,26.452,-193.494,0.8923,0.8000,2.5994,3.5690,-0.9696,3.0338,0,
42.9112,42.9100,OOD,SWING,0.6667,-11.700,-418.573,-191.396,0.8660,0.8000,3.1935,3.4641,-0.2706,3.7166,0,
42.9212,42.9200,OOD,SWING,0.6842,-11.075,62.476,-189.087,0.8372,0.8000,2.3649,3.3487,-0.9838,2.7642,0,
42.9312,42.9300,OOD,SWING,0.7018,-16.471,-539.586,-186.575,0.8058,0.8000,3.1819,3.2231,-0.0411,3.7034,0,
42.9412,42.9400,OOD,SWING,0.7193,-17.522,-105.173,-183.867,0.7719,0.8000,2.4137,3.0877,-0.6740,2.8203,0,
42.9504,42.9500,OOD,SWING,0.7368,-22.284,-476.186,-180.971,0.7357,0.8000,2.8637,2.9429,-0.0792,3.3376,0,
42.9604,42.9600,OOD,SWING,0.7544,-23.847,-156.318,-177.897,0.6973,0.8000,2.2534,2.7892,-0.5358,2.6361,0,
42.9712,42.9700,OOD,SWING,0.7719,-30.236,-638.878,-174.654,0.6568,0.8000,2.8632,2.6270,0.2362,3.3371,0,
42.9811,42.9800,OOD,SWING,0.7895,-31.350,-111.363,-171.251,0.6142,0.8000,1.9244,2.4569,-0.5325,2.2579,0,
42.9912,42.9900,OOD,SWING,0.8070,-38.170,-682.000,-167.698,0.5698,0.8000,2.6546,2.2792,0.3754,3.0972,0,
43.0012,43.0000,OOD,SWING,0.8246,-40.998,-282.814,-164.007,0.5237,0.8000,1.9039,2.0947,-0.1908,2.2343,0,
43.0110,43.0100,OOD,SWING,0.8421,-47.256,-625.819,-160.189,0.4759,0.8000,2.2779,1.9038,0.3741,2.6642,0,
43.0212,43.0200,OOD,SWING,0.8596,-50.963,-370.682,-156.256,0.4268,0.8000,1.7367,1.7071,0.0296,2.0421,0,
43.0312,43.0300,OOD,SWING,0.8772,-57.278,-631.497,-152.218,0.3763,0.8000,1.9778,1.5052,0.4725,2.3193,0,
43.0410,43.0400,OOD,SWING,0.8947,-62.622,-534.364,-148.089,0.3247,0.8000,1.6730,1.2988,0.3742,1.9690,0,
43.0512,43.0500,OOD,SWING,0.9123,-68.216,-559.421,-143.882,0.2721,0.8000,1.5492,1.0884,0.4608,1.8267,0,
43.0613,43.0600,OOD,SWING,0.9298,-73.651,-543.488,-139.608,0.2187,0.8000,1.3602,0.8747,0.4854,1.6094,0,
43.0712,43.0700,OOD,SWING,0.9474,-81.426,-777.531,-135.281,0.1646,0.8000,1.5554,0.6584,0.8970,1.8338,0,
43.0812,43.0800,OOD,SWING,0.9649,-84.684,-325.760,-130.914,0.1100,0.8000,0.6975,0.4400,0.2575,0.8477,0,
43.0911,43.0900,OOD,SWING,0.9825,-93.389,-870.559,-126.521,0.0551,0.8000,1.3605,0.2204,1.1402,1.6098,0,
43.1010,43.1000,OOD,SWING,1.0000,-97.443,-405.345,-122.114,0.0000,0.8000,0.4847,0.0000,0.4847,0.6031,0,
43.1118,43.1100,OOD,STANCE,0.0000,-107.681,-1023.872,-122.114,0.0000,0.8000,1.4636,0.0000,1.4636,1.7283,0,
43.1212,43.1200,OOD,STANCE,0.0161,-109.174,-149.257,-122.114,0.0000,0.8000,0.1592,0.0000,0.1592,0.2290,0,
43.1312,43.1300,OOD,STANCE,0.0323,-118.272,-909.842,-122.114,0.0000,0.8000,1.3456,0.0000,1.3456,1.5926,0,
43.1411,43.1400,OOD,STANCE,0.0484,-118.953,-68.086,-122.114,0.0000,0.8000,0.0863,0.0000,0.0863,0.1452,0,
43.1511,43.1500,OOD,STANCE,0.0645,-127.357,-840.417,-122.114,0.0000,0.8000,1.2868,0.0000,1.2868,1.5251,0,
43.1611,43.1600,OOD,STANCE,0.0806,-127.794,-43.670,-122.114,0.0000,0.8000,0.0939,0.0000,0.0939,0.1539,0,
43.1711,43.1700,OOD,STANCE,0.0968,-134.771,-697.674,-122.114,0.0000,0.8000,1.1098,0.0000,1.1098,1.3216,0,
43.1812,43.1800,OOD,STANCE,0.1129,-136.126,-135.479,-122.114,0.0000,0.8000,0.2733,0.0000,0.2733,0.3601,0,
43.1911,43.1900,OOD,STANCE,0.1290,-140.130,-400.453,-122.114,0.0000,0.8000,0.6908,0.0000,0.6908,0.8400,0,
43.2012,43.2000,OOD,STANCE,0.1452,-142.979,-284.914,-122.114,0.0000,0.8000,0.5317,0.0000,0.5317,0.6571,0,
43.2111,43.2100,OOD,STANCE,0.1613,-144.214,-123.485,-122.114,0.0000,0.8000,0.2957,0.0000,0.2957,0.3859,0,
43.2212,43.2200,OOD,STANCE,0.1774,-147.407,-319.308,-122.114,0.0000,0.8000,0.6054,0.0000,0.6054,0.7419,0,
43.2312,43.2300,OOD,STANCE,0.1935,-148.409,-100.184,-122.114,0.0000,0.8000,0.2818,0.0000,0.2818,0.3698,0,
43.2411,43.2400,OOD,STANCE,0.2097,-150.511,-210.234,-122.114,0.0000,0.8000,0.4573,0.0000,0.4573,0.5717,0,
43.2511,43.2500,OOD,STANCE,0.2258,-151.130,-61.903,-122.114,0.0000,0.8000,0.2379,0.0000,0.2379,0.3195,0,
43.2612,43.2600,OOD,STANCE,0.2419,-153.368,-223.712,-122.114,0.0000,0.8000,0.4918,0.0000,0.4918,0.6113,0,
43.2710,43.2700,OOD,STANCE,0.2581,-152.709,65.849,-122.114,0.0000,0.8000,0.0542,0.0000,0.0542,0.1083,0,
43.2812,43.2800,OOD,STANCE,0.2742,-154.164,-145.512,-122.114,0.0000,0.8000,0.3785,0.0000,0.3785,0.4811,0,
43.2912,43.2900,OOD,STANCE,0.2903,-154.202,-3.822,-122.114,0.0000,0.8000,0.1662,0.0000,0.1662,0.2370,0,
43.3011,43.3000,OOD,STANCE,0.3065,-154.756,-55.405,-122.114,0.0000,0.8000,0.2463,0.0000,0.2463,0.3291,0,
43.3111,43.3100,OOD,STANCE,0.3226,-154.521,23.499,-122.114,0.0000,0.8000,0.1268,0.0000,0.1268,0.1917,0,
43.3212,43.3200,OOD,STANCE,0.3387,-155.045,-52.304,-122.114,0.0000,0.8000,0.2431,0.0000,0.2431,0.3254,0,
43.3311,43.3300,OOD,STANCE,0.3548,-152.982,206.289,-122.114,0.0000,0.8000,-0.1551,0.0000,-0.1551,0.0000,0,
43.3412,43.3400,OOD,STANCE,0.3710,-154.027,-104.583,-122.114,0.0000,0.8000,0.3164,0.0000,0.3164,0.4097,0,
43.3511,43.3500,OOD,STANCE,0.3871,-151.823,220.398,-122.114,0.0000,0.8000,-0.1820,0.0000,-0.1820,0.0000,0,
43.3612,43.3600,OOD,STANCE,0.4032,-151.722,10.192,-122.114,0.0000,0.8000,0.1328,0.0000,0.1328,0.1986,0,
43.3712,43.3700,OOD,STANCE,0.4194,-150.218,150.397,-122.114,0.0000,0.8000,-0.0851,0.0000,-0.0851,0.0000,0,
43.3812,43.3800,OOD,STANCE,0.4355,-149.508,71.001,-122.114,0.0000,0.8000,0.0305,0.0000,0.0305,0.0810,0,
43.3906,43.3900,OOD,STANCE,0.4516,-148.070,143.794,-122.114,0.0000,0.8000,-0.0859,0.0000,-0.0859,0.0000,0,
43.4006,43.4000,OOD,STANCE,0.4677,-146.089,198.025,-122.114,0.0000,0.8000,-0.1772,0.0000,-0.1772,0.0000,0,
43.4105,43.4100,OOD,STANCE,0.4839,-144.347,174.227,-122.114,0.0000,0.8000,-0.1502,0.0000,-0.1502,0.0000,0,
43.4206,43.4200,OOD,STANCE,0.5000,-143.012,133.511,-122.114,0.0000,0.8000,-0.0958,0.0000,-0.0958,0.0000,0,
43.4306,43.4300,OOD,STANCE,0.5161,-141.596,141.590,-122.114,0.0000,0.8000,-0.1150,0.0000,-0.1150,0.0000,0,
43.4407,43.4400,OOD,STANCE,0.5323,-139.019,257.714,-122.114,0.0000,0.8000,-0.3020,0.0000,-0.3020,0.0000,0,
43.4510,43.4500,OOD,STANCE,0.5484,-135.818,320.106,-122.114,0.0000,0.8000,-0.4116,0.0000,-0.4116,0.0000,0,
43.4612,43.4600,OOD,STANCE,0.5645,-134.170,164.753,-122.114,0.0000,0.8000,-0.1868,0.0000,-0.1868,0.0000,0,
43.4711,43.4700,OOD,STANCE,0.5806,-131.857,231.289,-122.114,0.0000,0.8000,-0.2982,0.0000,-0.2982,0.0000,0,
43.4812,43.4800,OOD,STANCE,0.5968,-129.503,235.436,-122.114,0.0000,0.8000,-0.3162,0.0000,-0.3162,0.0000,0,
43.4911,43.4900,OOD,STANCE,0.6129,-126.289,321.402,-122.114,0.0000,0.8000,-0.4612,0.0000,-0.4612,0.0000,0,
43.5011,43.5000,OOD,STANCE,0.6290,-123.868,242.125,-122.114,0.0000,0.8000,-0.3544,0.0000,-0.3544,0.0000,0,
43.5111,43.5100,OOD,STANCE,0.6452,-120.490,337.808,-122.114,0.0000,0.8000,-0.5148,0.0000,-0.5148,0.0000,0,
43.5210,43.5200,OOD,STANCE,0.6613,-117.775,271.524,-122.114,0.0000,0.8000,-0.4290,0.0000,-0.4290,0.0000,0,
43.5311,43.5300,OOD,STANCE,0.6774,-115.198,257.704,-122.114,0.0000,0.8000,-0.4211,0.0000,-0.4211,0.0000,0,
43.5412,43.5400,OOD,STANCE,0.6935,-112.568,262.954,-122.114,0.0000,0.8000,-0.4422,0.0000,-0.4422,0.0000,0,
43.5510,43.5500,OOD,STANCE,0.7097,-109.591,297.721,-122.114,0.0000,0.8000,-0.5092,0.0000,-0.5092,0.0000,0,
43.5611,43.5600,OOD,STANCE,0.7258,-106.913,267.762,-122.114,0.0000,0.8000,-0.4776,0.0000,-0.4776,0.0000,0,
43.5712,43.5700,OOD,STANCE,0.7419,-104.402,251.098,-122.114,0.0000,0.8000,-0.4652,0.0000,-0.4652,0.0000,0,
43.5812,43.5800,OOD,STANCE,0.7581,-101.093,330.944,-122.114,0.0000,0.8000,-0.6015,0.0000,-0.6015,0.0000,0,
43.5911,43.5900,OOD,STANCE,0.7742,-99.035,205.807,-122.114,0.0000,0.8000,-0.4241,0.0000,-0.4241,0.0000,0,
43.6012,43.6000,OOD,STANCE,0.7903,-96.651,238.373,-122.114,0.0000,0.8000,-0.4849,0.0000,-0.4849,0.0000,0,
43.6111,43.6100,OOD,STANCE,0.8065,-94.623,202.766,-122.114,0.0000,0.8000,-0.4416,0.0000,-0.4416,0.0000,0,
43.6212,43.6200,OOD,STANCE,0.8226,-91.638,298.549,-122.114,0.0000,0.8000,-0.6002,0.0000,-0.6002,0.0000,0,
43.6311,43.6300,OOD,STANCE,0.8387,-89.858,178.012,-122.114,0.0000,0.8000,-0.4283,0.0000,-0.4283,0.0000,0,
43.6411,43.6400,OOD,STANCE,0.8548,-86.732,312.570,-122.114,0.0000,0.8000,-0.6458,0.0000,-0.6458,0.0000,0,
43.6511,43.6500,OOD,STANCE,0.8710,-85.260,147.171,-122.114,0.0000,0.8000,-0.4050,0.0000,-0.4050,0.0000,0,
43.6612,43.6600,OOD,STANCE,0.8871,-83.319,194.077,-122.114,0.0000,0.8000,-0.4851,0.0000,-0.4851,0.0000,0,
43.6711,43.6700,OOD,STANCE,0.9032,-81.996,132.350,-122.114,0.0000,0.8000,-0.3991,0.0000,-0.3991,0.0000,0,
43.6812,43.6800,OOD,STANCE,0.9194,-79.244,275.209,-122.114,0.0000,0.8000,-0.6272,0.0000,-0.6272,0.0000,0,
43.6912,43.6900,OOD,STANCE,0.9355,-77.872,137.143,-122.114,0.0000,0.8000,-0.4269,0.0000,-0.4269,0.0000,0,
43.7011,43.7000,OOD,STANCE,0.9516,-76.006,186.627,-122.114,0.0000,0.8000,-0.5105,0.0000,-0.5105,0.0000,0,
43.7112,43.7100,OOD,STANCE,0.9677,-75.335,67.137,-122.114,0.0000,0.8000,-0.3346,0.0000,-0.3346,0.0000,0,
43.7212,43.7200,OOD,STANCE,0.9839,-73.379,195.617,-122.114,0.0000,0.8000,-0.5371,0.0000,-0.5371,0.0000,0,
43.7312,43.7300,OOD,SWING,0.0000,-72.467,91.165,-122.114,0.0000,0.8000,-0.3850,0.0000,-0.3850,0.0000,0,
43.7412,43.7400,OOD,SWING,0.0172,-71.235,123.209,-126.445,0.0541,0.8000,-0.2443,0.2166,-0.4609,0.0000,0,
43.7512,43.7500,OOD,SWING,0.0345,-71.357,-12.254,-130.763,0.1081,0.8000,0.1538,0.4325,-0.2786,0.2228,0,
43.7612,43.7600,OOD,SWING,0.0517,-69.120,223.729,-135.056,0.1618,0.8000,-0.0181,0.6471,-0.6653,0.0000,0,
43.7712,43.7700,OOD,SWING,0.0690,-69.625,-50.517,-139.311,0.2150,0.8000,0.5872,0.8599,-0.2727,0.7210,0,
43.7813,43.7800,OOD,SWING,0.0862,-65.743,388.261,-143.516,0.2675,0.8000,0.0989,1.0701,-0.9713,0.1596,0,
43.7912,43.7900,OOD,SWING,0.1034,-65.552,19.090,-147.658,0.3193,0.8000,0.8380,1.2772,-0.4392,1.0092,0,
43.8013,43.8000,OOD,SWING,0.1207,-60.774,477.780,-151.725,0.3701,0.8000,0.3091,1.4806,-1.1714,0.4013,0,
43.8112,43.8100,OOD,SWING,0.1379,-60.544,23.011,-155.705,0.4199,0.8000,1.1692,1.6796,-0.5103,1.3899,0,
43.8212,43.8200,OOD,SWING,0.1552,-54.941,560.306,-159.586,0.4684,0.8000,0.5099,1.8736,-1.3637,0.6321,0,
43.8312,43.8300,OOD,SWING,0.1724,-54.930,1.034,-163.358,0.5156,0.8000,1.5185,2.0622,-0.5437,1.7914,0,
43.8412,43.8400,OOD,SWING,0.1897,-49.238,569.237,-167.009,0.5612,0.8000,0.8020,2.2447,-1.4427,0.9679,0,
43.8512,43.8500,OOD,SWING,0.2069,-48.350,88.766,-170.527,0.6052,0.8000,1.6767,2.4207,-0.7440,1.9732,0,
43.8612,43.8600,OOD,SWING,0.2241,-42.881,546.964,-173.904,0.6474,0.8000,1.1140,2.5895,-1.4756,1.3264,0,
43.8712,43.8700,OOD,SWING,0.2414,-41.887,99.393,-177.129,0.6877,0.8000,1.9255,2.7508,-0.8253,2.2592,0,
43.8813,43.8800,OOD,SWING,0.2586,-36.707,517.991,-180.193,0.7260,0.8000,1.4096,2.9040,-1.4944,1.6662,0,
43.8912,43.8900,OOD,SWING,0.2759,-34.891,181.574,-183.087,0.7622,0.8000,2.0353,3.0486,-1.0133,2.3854,0,
43.9012,43.9000,OOD,SWING,0.2931,-30.347,454.449,-185.801,0.7961,0.8000,1.7254,3.1844,-1.4589,2.0292,0,
43.9112,43.9100,OOD,SWING,0.3103,-28.462,188.429,-188.329,0.8277,0.8000,2.2288,3.3108,-1.0820,2.6078,0,
43.9212,43.9200,OOD,SWING,0.3276,-23.290,517.243,-190.662,0.8569,0.8000,1.8147,3.4274,-1.6127,2.1318,0,
43.9312,43.9300,OOD,SWING,0.3448,-23.212,7.793,-192.795,0.8835,0.8000,2.6744,3.5340,-0.8596,3.1201,0,
43.9412,43.9400,OOD,SWING,0.3621,-18.073,513.937,-194.720,0.9076,0.8000,1.9762,3.6303,-1.6541,2.3174,0,
43.9512,43.9500,OOD,SWING,0.3793,-17.018,105.503,-196.432,0.9290,0.8000,2.6606,3.7159,-1.0553,3.1041,0,
43.9612,43.9600,OOD,SWING,0.3966,-13.458,355.961,-197.926,0.9477,0.8000,2.3343,3.7906,-1.4563,2.7291,0,
43.9712,43.9700,OOD,SWING,0.4138,-12.989,46.864,-199.198,0.9635,0.8000,2.8529,3.8542,-1.0013,3.3251,0,
43.9812,43.9800,OOD,SWING,0.4310,-8.955,403.405,-200.243,0.9766,0.8000,2.3449,3.9065,-1.5615,2.7413,0,
43.9912,43.9900,OOD,SWING,0.4483,-9.028,-7.295,-201.060,0.9868,0.8000,2.9981,3.9473,-0.9492,3.4921,0,
44.0012,44.0000,OOD,SWING,0.4655,-6.755,227.295,-201.645,0.9941,0.8000,2.6612,3.9766,-1.3154,3.1048,0,
44.0112,44.0100,OOD,SWING,0.4828,-6.040,71.554,-201.996,0.9985,0.8000,2.9070,3.9941,-1.0871,3.3874,0,
44.0212,44.0200,OOD,SWING,0.5000,-4.385,165.513,-202.114,1.0000,0.8000,2.7631,4.0000,-1.2369,3.2219,0,
44.0313,44.0300,OOD,SWING,0.5172,-4.325,5.965,-201.996,0.9985,0.8000,2.9968,3.9941,-0.9973,3.4906,0,
44.0412,44.0400,OOD,SWING,0.5345,-4.136,18.933,-201.645,0.9941,0.8000,2.9606,3.9766,-1.0159,3.4490,0,
44.0512,44.0500,OOD,SWING,0.5517,-3.202,93.336,-201.060,0.9868,0.8000,2.8180,3.9473,-1.1293,3.2851,0,
44.0610,44.0600,OOD,SWING,0.5690,-4.488,-128.540,-200.243,0.9766,0.8000,3.1205,3.9065,-0.7860,3.6328,0,
44.0705,44.0700,OOD,SWING,0.5862,-4.731,-24.354,-199.198,0.9635,0.8000,2.9184,3.8542,-0.9358,3.4005,0,
44.0805,44.0800,OOD,SWING,0.6034,-5.636,-90.502,-197.926,0.9477,0.8000,2.9649,3.7906,-0.8257,3.4539,0,
44.0909,44.0900,OOD,SWING,0.6207,-5.967,-33.088,-196.432,0.9290,0.8000,2.8132,3.7159,-0.9027,3.2796,0,
44.1010,44.1000,OOD,SWING,0.6379,-8.758,-279.069,-194.720,0.9076,0.8000,3.1191,3.6303,-0.5112,3.6311,0,
44.1112,44.1100,OOD,SWING,0.6552,-10.333,-157.500,-192.795,0.8835,0.8000,2.8580,3.5340,-0.6761,3.3310,0,
44.1209,44.1200,OOD,SWING,0.6724,-12.418,-208.539,-190.662,0.8569,0.8000,2.8490,3.4274,-0.5784,3.3207,0,
44.1309,44.1300,OOD,SWING,0.6897,-13.775,-135.690,-188.329,0.8277,0.8000,2.6415,3.3108,-0.6692,3.0822,0,
44.1412,44.1400,OOD,SWING,0.7069,-18.020,-424.518,-185.801,0.7961,0.8000,2.9822,3.1844,-0.2021,3.4738,0,
44.1512,44.1500,OOD,SWING,0.7241,-19.601,-158.025,-183.087,0.7622,0.8000,2.4683,3.0486,-0.5804,2.8831,0,
44.1615,44.1600,OOD,SWING,0.7414,-24.688,-508.763,-180.193,0.7260,0.8000,2.8896,2.9040,-0.0144,3.3674,0,
44.1712,44.1700,OOD,SWING,0.7586,-25.636,-94.816,-177.129,0.6877,0.8000,2.1356,2.7508,-0.6152,2.5006,0,
44.1812,44.1800,OOD,SWING,0.7759,-32.438,-680.197,-173.904,0.6474,0.8000,2.9025,2.5895,0.3130,3.3822,0,
44.1915,44.1900,OOD,SWING,0.7931,-34.168,-172.914,-170.527,0.6052,0.8000,1.9983,2.4207,-0.4224,2.3428,0,
44.2011,44.2000,OOD,SWING,0.8103,-40.456,-628.860,-167.009,0.5612,0.8000,2.5553,2.2447,0.3105,2.9831,0,
44.2112,44.2100,OOD,SWING,0.8276,-42.138,-168.158,-163.358,0.5156,0.8000,1.7084,2.0622,-0.3539,2.0096,0,
44.2215,44.2200,OOD,SWING,0.8448,-50.703,-856.564,-159.586,0.4684,0.8000,2.6141,1.8736,0.7404,3.0507,0,
44.2310,44.2300,OOD,SWING,0.8621,-52.369,-166.538,-155.705,0.4199,0.8000,1.4127,1.6796,-0.2669,1.6698,0,
44.2410,44.2400,OOD,SWING,0.8793,-61.344,-897.513,-151.725,0.3701,0.8000,2.3749,1.4806,0.8944,2.7758,0,
44.2512,44.2500,OOD,SWING,0.8966,-63.258,-191.423,-147.658,0.3193,0.8000,1.1423,1.2772,-0.1349,1.3590,0,
44.2610,44.2600,OOD,SWING,0.9138,-72.515,-925.660,-143.516,0.2675,0.8000,2.1036,1.0701,1.0335,2.4639,0,
44.2711,44.2700,OOD,SWING,0.9310,-74.040,-152.548,-139.311,0.2150,0.8000,0.7623,0.8599,-0.0975,0.9222,0,
44.2812,44.2800,OOD,SWING,0.9483,-84.374,-1033.374,-135.056,0.1618,0.8000,1.9438,0.6471,1.2967,2.2802,0,
44.2912,44.2900,OOD,SWING,0.9655,-86.511,-213.704,-130.763,0.1081,0.8000,0.5318,0.4325,0.0993,0.6572,0,
44.3013,44.3000,OOD,SWING,0.9828,-95.928,-941.707,-126.445,0.0541,0.8000,1.4765,0.2166,1.2600,1.7431,0,
44.3119,44.3100,OOD,STANCE,0.0000,-99.272,-334.346,-122.114,0.0000,0.8000,0.3873,0.0000,0.3873,0.4912,0,
44.3213,44.3200,OOD,STANCE,0.0161,-107.520,-824.891,-122.114,0.0000,0.8000,1.1644,0.0000,1.1644,1.3843,0,
44.3312,44.3300,OOD,STANCE,0.0323,-112.004,-448.322,-122.114,0.0000,0.8000,0.6219,0.0000,0.6219,0.7608,0,
44.3412,44.3400,OOD,STANCE,0.0484,-117.725,-572.156,-122.114,0.0000,0.8000,0.8363,0.0000,0.8363,1.0072,0,
44.3511,44.3500,OOD,STANCE,0.0645,-122.635,-490.980,-122.114,0.0000,0.8000,0.7391,0.0000,0.7391,0.8955,0,
44.3612,44.3600,OOD,STANCE,0.0806,-126.906,-427.051,-122.114,0.0000,0.8000,0.6645,0.0000,0.6645,0.8098,0,
44.3712,44.3700,OOD,STANCE,0.0968,-130.771,-386.534,-122.114,0.0000,0.8000,0.6231,0.0000,0.6231,0.7622,0,
44.3812,44.3800,OOD,STANCE,0.1129,-134.128,-335.671,-122.114,0.0000,0.8000,0.5636,0.0000,0.5636,0.6938,0,
44.3911,44.3900,OOD,STANCE,0.1290,-137.381,-325.296,-122.114,0.0000,0.8000,0.5643,0.0000,0.5643,0.6946,0,
44.4009,44.4000,OOD,STANCE,0.1452,-139.885,-250.478,-122.114,0.0000,0.8000,0.4646,0.0000,0.4646,0.5800,0,
44.4112,44.4100,OOD,STANCE,0.1613,-142.796,-291.092,-122.114,0.0000,0.8000,0.5401,0.0000,0.5401,0.6667,0,
44.4212,44.4200,OOD,STANCE,0.1774,-145.311,-251.487,-122.114,0.0000,0.8000,0.4932,0.0000,0.4932,0.6129,0,
44.4311,44.4300,OOD,STANCE,0.1935,-146.705,-139.386,-122.114,0.0000,0.8000,0.3320,0.0000,0.3320,0.4276,0,
44.4412,44.4400,OOD,STANCE,0.2097,-148.567,-186.221,-122.114,0.0000,0.8000,0.4116,0.0000,0.4116,0.5191,0,
44.4513,44.4500,OOD,STANCE,0.2258,-150.779,-221.224,-122.114,0.0000,0.8000,0.4752,0.0000,0.4752,0.5921,0,
44.4612,44.4600,OOD,STANCE,0.2419,-151.009,-22.985,-122.114,0.0000,0.8000,0.1790,0.0000,0.1790,0.2517,0,
44.4711,44.4700,OOD,STANCE,0.2581,-153.008,-199.873,-122.114,0.0000,0.8000,0.4543,0.0000,0.4543,0.5681,0,
44.4814,44.4800,OOD,STANCE,0.2742,-152.030,97.757,-122.114,0.0000,0.8000,0.0029,0.0000,0.0029,0.0494,0,
44.4911,44.4900,OOD,STANCE,0.2903,-154.217,-218.625,-122.114,0.0000,0.8000,0.4885,0.0000,0.4885,0.6074,0,
44.5012,44.5000,OOD,STANCE,0.3065,-153.321,89.602,-122.114,0.0000,0.8000,0.0216,0.0000,0.0216,0.0708,0,
44.5112,44.5100,OOD,STANCE,0.3226,-153.870,-54.916,-122.114,0.0000,0.8000,0.2412,0.0000,0.2412,0.3232,0,
44.5211,44.5200,OOD,STANCE,0.3387,-153.660,20.978,-122.114,0.0000,0.8000,0.1263,0.0000,0.1263,0.1911,0,
44.5314,44.5300,OOD,STANCE,0.3548,-152.900,75.994,-122.114,0.0000,0.8000,0.0399,0.0000,0.0399,0.0919,0,
44.5412,44.5400,OOD,STANCE,0.3710,-153.281,-38.085,-122.114,0.0000,0.8000,0.2130,0.0000,0.2130,0.2908,0,
44.5511,44.5500,OOD,STANCE,0.3871,-151.684,159.683,-122.114,0.0000,0.8000,-0.0917,0.0000,-0.0917,0.0000,0,
44.5614,44.5600,OOD,STANCE,0.4032,-152.137,-45.318,-122.114,0.0000,0.8000,0.2181,0.0000,0.2181,0.2967,0,
44.5711,44.5700,OOD,STANCE,0.4194,-149.415,272.231,-122.114,0.0000,0.8000,-0.2718,0.0000,-0.2718,0.0000,0,
44.5812,44.5800,OOD,STANCE,0.4355,-149.000,41.470,-122.114,0.0000,0.8000,0.0722,0.0000,0.0722,0.1290,0,
44.5914,44.5900,OOD,STANCE,0.4516,-147.866,113.438,-122.114,0.0000,0.8000,-0.0414,0.0000,-0.0414,0.0000,0,
44.6012,44.6000,OOD,STANCE,0.4677,-146.658,120.753,-122.114,0.0000,0.8000,-0.0584,0.0000,-0.0584,0.0000,0,
44.6111,44.6100,OOD,STANCE,0.4839,-144.817,184.182,-122.114,0.0000,0.8000,-0.1628,0.0000,-0.1628,0.0000,0,
44.6214,44.6200,OOD,STANCE,0.5000,-142.384,243.266,-122.114,0.0000,0.8000,-0.2635,0.0000,-0.2635,0.0000,0,
44.6311,44.6300,OOD,STANCE,0.5161,-141.618,76.551,-122.114,0.0000,0.8000,-0.0173,0.0000,-0.0173,0.0000,0,
44.6412,44.6400,OOD,STANCE,0.5323,-138.202,341.673,-122.114,0.0000,0.8000,-0.4321,0.0000,-0.4321,0.0000,0,
44.6514,44.6500,OOD,STANCE,0.5484,-136.493,170.879,-122.114,0.0000,0.8000,-0.1844,0.0000,-0.1844,0.0000,0,
44.6611,44.6600,OOD,STANCE,0.5645,-133.952,254.076,-122.114,0.0000,0.8000,-0.3219,0.0000,-0.3219,0.0000,0,
44.6710,44.6700,OOD,STANCE,0.5806,-131.257,269.480,-122.114,0.0000,0.8000,-0.3585,0.0000,-0.3585,0.0000,0,
44.6812,44.6800,OOD,STANCE,0.5968,-129.298,195.981,-122.114,0.0000,0.8000,-0.2581,0.0000,-0.2581,0.0000,0,
44.6911,44.6900,OOD,STANCE,0.6129,-126.341,295.648,-122.114,0.0000,0.8000,-0.4223,0.0000,-0.4223,0.0000,0,
44.7012,44.7000,OOD,STANCE,0.6290,-123.679,266.216,-122.114,0.0000,0.8000,-0.3915,0.0000,-0.3915,0.0000,0,
44.7112,44.7100,OOD,STANCE,0.6452,-121.105,257.345,-122.114,0.0000,0.8000,-0.3911,0.0000,-0.3911,0.0000,0,
44.7210,44.7200,OOD,STANCE,0.6613,-117.749,335.641,-122.114,0.0000,0.8000,-0.5253,0.0000,-0.5253,0.0000,0,
44.7311,44.7300,OOD,STANCE,0.6774,-115.250,249.897,-122.114,0.0000,0.8000,-0.4092,0.0000,-0.4092,0.0000,0,
44.7412,44.7400,OOD,STANCE,0.6935,-112.204,304.609,-122.114,0.0000,0.8000,-0.5065,0.0000,-0.5065,0.0000,0,
44.7511,44.7500,OOD,STANCE,0.7097,-109.381,282.263,-122.114,0.0000,0.8000,-0.4871,0.0000,-0.4871,0.0000,0,
44.7612,44.7600,OOD,STANCE,0.7258,-106.808,257.378,-122.114,0.0000,0.8000,-0.4626,0.0000,-0.4626,0.0000,0,
44.7711,44.7700,OOD,STANCE,0.7419,-103.936,287.133,-122.114,0.0000,0.8000,-0.5216,0.0000,-0.5216,0.0000,0,
44.7810,44.7800,OOD,STANCE,0.7581,-102.019,191.771,-122.114,0.0000,0.8000,-0.3881,0.0000,-0.3881,0.0000,0,
44.7913,44.7900,OOD,STANCE,0.7742,-99.472,254.646,-122.114,0.0000,0.8000,-0.4952,0.0000,-0.4952,0.0000,0,
44.8010,44.8000,OOD,STANCE,0.7903,-95.813,365.955,-122.114,0.0000,0.8000,-0.6804,0.0000,-0.6804,0.0000,0,
44.8111,44.8100,OOD,STANCE,0.8065,-94.065,174.731,-122.114,0.0000,0.8000,-0.4023,0.0000,-0.4023,0.0000,0,
44.8212,44.8200,OOD,STANCE,0.8226,-91.257,280.772,-122.114,0.0000,0.8000,-0.5754,0.0000,-0.5754,0.0000,0,
44.8310,44.8300,OOD,STANCE,0.8387,-88.775,248.215,-122.114,0.0000,0.8000,-0.5390,0.0000,-0.5390,0.0000,0,
44.8410,44.8400,OOD,STANCE,0.8548,-86.864,191.165,-122.114,0.0000,0.8000,-0.4630,0.0000,-0.4630,0.0000,0,
44.8512,44.8500,OOD,STANCE,0.8710,-84.592,227.217,-122.114,0.0000,0.8000,-0.5284,0.0000,-0.5284,0.0000,0,
44.8611,44.8600,OOD,STANCE,0.8871,-83.418,117.317,-122.114,0.0000,0.8000,-0.3695,0.0000,-0.3695,0.0000,0,
44.8710,44.8700,OOD,STANCE,0.9032,-81.598,182.054,-122.114,0.0000,0.8000,-0.4757,0.0000,-0.4757,0.0000,0,
44.8811,44.8800,OOD,STANCE,0.9194,-79.801,179.641,-122.114,0.0000,0.8000,-0.4810,0.0000,-0.4810,0.0000,0,
44.8911,44.8900,OOD,STANCE,0.9355,-77.980,182.097,-122.114,0.0000,0.8000,-0.4938,0.0000,-0.4938,0.0000,0,
44.9012,44.9000,OOD,STANCE,0.9516,-77.316,66.478,-122.114,0.0000,0.8000,-0.3237,0.0000,-0.3237,0.0000,0,
44.9111,44.9100,OOD,STANCE,0.9677,-75.114,220.163,-122.114,0.0000,0.8000,-0.5652,0.0000,-0.5652,0.0000,0,
44.9214,44.9200,OOD,STANCE,0.9839,-74.519,59.512,-122.114,0.0000,0.8000,-0.3272,0.0000,-0.3272,0.0000,0,
44.9312,44.9300,OOD,SWING,0.0000,-72.355,216.365,-122.114,0.0000,0.8000,-0.5733,0.0000,-0.5733,0.0000,0,
44.9412,44.9400,OOD,SWING,0.0172,-71.710,64.505,-126.445,0.0541,0.8000,-0.1539,0.2166,-0.3704,0.0000,0,
44.9510,44.9500,OOD,SWING,0.0345,-70.974,73.581,-130.763,0.1081,0.8000,0.0232,0.4325,-0.4093,0.0726,0,
44.9610,44.9600,OOD,SWING,0.0517,-71.047,-7.233,-135.056,0.1618,0.8000,0.3379,0.6471,-0.3092,0.4344,0,
44.9705,44.9700,OOD,SWING,0.0690,-68.032,301.480,-139.311,0.2150,0.8000,0.0513,0.8599,-0.8086,0.1049,0,
44.9804,44.9800,OOD,SWING,0.0862,-66.842,119.002,-143.516,0.2675,0.8000,0.5082,1.0701,-0.5619,0.6302,0,
44.9904,44.9900,OOD,SWING,0.1034,-64.977,186.455,-147.658,0.3193,0.8000,0.5841,1.2772,-0.6931,0.7174,0,
